record_id,sample,mode,o_taz,d_taz,restore_average_min,cut_average_min,delta_min
1079970102,"bus_subway_trolley","Trolley / light rail",10205,4459,69.067,69.842,0.775
1079970104,"bus_subway_trolley","Subway / El",86,1021,31.777,35.577,3.8
1094120102,"bus_subway_trolley","Subway / El",7401,90,NA,NA,NA
1096380201,"bus_subway_trolley","Bus / trolleybus",4440,74,40.7,42.95,2.25
1096380202,"bus_subway_trolley","Bus / trolleybus",74,4440,42.175,47.3,5.125
1109990102,"bus_subway_trolley","Subway / El",4830,5010,NA,NA,NA
1111180102,"bus_subway_trolley","Subway / El",10028,1040,82.705,82.383,-0.321
1111180103,"bus_subway_trolley","Subway / El",1040,5047,60.492,64.242,3.75
1122920103,"bus_subway_trolley","Subway / El",12222,11646,127.367,127.367,0
1143540102,"bus_subway_trolley","Bus / trolleybus",121,72,14.321,16.715,2.394
1143540103,"bus_subway_trolley","Bus / trolleybus",72,88,8.6,8.35,-0.25
1143540105,"bus_subway_trolley","Bus / trolleybus",107,121,21.308,25.983,4.675
1145550101,"bus_subway_trolley","Bus / trolleybus",808,41,29.325,32.523,3.198
1147360206,"bus_subway_trolley","Subway / El",9,1814,51.494,46.004,-5.49
1148770102,"bus_subway_trolley","Subway / El",846,1037,40.15,43.079,2.929
1149340203,"bus_subway_trolley","Trolley / light rail",1020,74,12.596,13.627,1.031
1149340204,"bus_subway_trolley","Subway / El",74,834,17.108,17.483,0.375
1150140102,"bus_subway_trolley","Subway / El",834,59,22.717,21.629,-1.088
1150140109,"bus_subway_trolley","Subway / El",41,834,20.756,17.483,-3.273
1150140205,"bus_subway_trolley","Bus / trolleybus",834,5,25.1,23.85,-1.25
1150140206,"bus_subway_trolley","Bus / trolleybus",5,834,28.19,24.913,-3.277
1152880202,"bus_subway_trolley","Bus / trolleybus",819,74,41.336,45.088,3.752
1152880203,"bus_subway_trolley","Bus / trolleybus",74,1034,15.86,15.86,0
1152910101,"bus_subway_trolley","Bus / trolleybus",819,131,30.002,30.269,0.267
1152910102,"bus_subway_trolley","Bus / trolleybus",131,126,22.163,24.454,2.292
1152910104,"bus_subway_trolley","Bus / trolleybus",126,131,25.481,24.656,-0.825
1158850101,"bus_subway_trolley","Subway / El",1027,106,32.567,34.317,1.75
1158850102,"bus_subway_trolley","Subway / El",106,1027,34.35,35.333,0.983
1164850102,"bus_subway_trolley","Subway / El",134,1019,29.854,30.417,0.562
1164850105,"bus_subway_trolley","Subway / El",1030,60,15.417,14.808,-0.608
1165490101,"bus_subway_trolley","Bus / trolleybus",141,1418,37.481,40.663,3.181
1165490102,"bus_subway_trolley","Bus / trolleybus",1418,141,35.085,38.504,3.419
1165660101,"bus_subway_trolley","Bus / trolleybus",142,10010,46.204,49.233,3.029
1165660201,"bus_subway_trolley","Bus / trolleybus",140,1030,32.737,34.104,1.367
1169120102,"bus_subway_trolley","Bus / trolleybus",431,78,34.625,37.369,2.744
1169120103,"bus_subway_trolley","Bus / trolleybus",78,55,11.958,13.581,1.623
1169120107,"bus_subway_trolley","Bus / trolleybus",88,71,7.194,8.881,1.688
1169120109,"bus_subway_trolley","Bus / trolleybus",71,92,8.217,9.717,1.5
1175240102,"bus_subway_trolley","Bus / trolleybus",3203,92,34.487,33.5,-0.987
1175240107,"bus_subway_trolley","Bus / trolleybus",92,3203,33.45,32.448,-1.002
2023740101,"bus_subway_trolley","Bus / trolleybus",1224,1236,26.215,24.8,-1.415
2023740102,"bus_subway_trolley","Bus / trolleybus",1236,1224,20.375,28.625,8.25
2064720101,"bus_subway_trolley","Bus / trolleybus",142,41,25.871,28.398,2.527
2064720104,"bus_subway_trolley","Bus / trolleybus",76,88,10.502,11.342,0.84
2064720105,"bus_subway_trolley","Bus / trolleybus",88,142,29.615,31.877,2.262
2064720201,"bus_subway_trolley","Bus / trolleybus",142,403,22.344,20.025,-2.319
2064720202,"bus_subway_trolley","Bus / trolleybus",403,142,14.479,16.637,2.158
2118520101,"bus_subway_trolley","Subway / El",1605,1018,46.65,51.15,4.5
2118520102,"bus_subway_trolley","Subway / El",1018,1605,44.117,44.617,0.5
2297970201,"bus_subway_trolley","Bus / trolleybus",27,1030,17.408,19.273,1.865
2350960102,"bus_subway_trolley","Subway / El",1030,1037,10.517,13.017,2.5
2350960104,"bus_subway_trolley","Trolley / light rail",1035,1016,23.458,26.554,3.096
2428050101,"bus_subway_trolley","Bus / trolleybus",14618,14613,32.683,32.683,0
2435040101,"bus_subway_trolley","Bus / trolleybus",47,48,13.735,9.044,-4.692
2435040102,"bus_subway_trolley","Bus / trolleybus",48,1035,19.327,22.84,3.513
2435040103,"bus_subway_trolley","Bus / trolleybus",1035,47,28.085,30.992,2.906
2526520102,"bus_subway_trolley","Bus / trolleybus",2609,12238,64.381,67.64,3.258
2526520103,"bus_subway_trolley","Bus / trolleybus",12238,93,62.6,61.975,-0.625
2526520104,"bus_subway_trolley","Bus / trolleybus",93,1441,30.733,33.296,2.562
2579920102,"bus_subway_trolley","Trolley / light rail",1016,72,23.381,25.548,2.167
2579920105,"bus_subway_trolley","Trolley / light rail",72,1016,27.223,32.756,5.533
2672010201,"bus_subway_trolley","Bus / trolleybus",44,819,28.925,32.681,3.756
2688810102,"bus_subway_trolley","Subway / El",1030,87,18.523,18.477,-0.046
2688810103,"bus_subway_trolley","Subway / El",87,1027,28.725,30.837,2.112
2774350204,"bus_subway_trolley","Trolley / light rail",1016,83,21.483,24.521,3.038
2920170201,"bus_subway_trolley","Bus / trolleybus",7,83,24.567,26.31,1.744
2966540202,"bus_subway_trolley","Bus / trolleybus",40,1028,28.083,25.785,-2.298
2966540203,"bus_subway_trolley","Bus / trolleybus",1028,39,25.252,26.988,1.735
3006050101,"bus_subway_trolley","Bus / trolleybus",2018,1012,28.192,28.817,0.625
3006050102,"bus_subway_trolley","Bus / trolleybus",1012,2018,44.283,31.446,-12.838
3024870101,"bus_subway_trolley","Bus / trolleybus",1007,82,27.183,29.71,2.527
3024870102,"bus_subway_trolley","Trolley / light rail",82,1007,19.065,20.377,1.312
3032020102,"bus_subway_trolley","Bus / trolleybus",601,139,39.74,41.273,1.533
3032020104,"bus_subway_trolley","Bus / trolleybus",136,601,43.108,44.448,1.34
3033290201,"bus_subway_trolley","Bus / trolleybus",2640,2640,8.402,11.817,3.415
3033290202,"bus_subway_trolley","Bus / trolleybus",2640,2638,17.071,14.635,-2.435
3038950101,"bus_subway_trolley","Bus / trolleybus",5016,5057,73.1,73.1,0
3038950102,"bus_subway_trolley","Subway / El",5057,5013,38.467,38.467,0
3049580106,"bus_subway_trolley","Bus / trolleybus",1202,1011,24.669,29.583,4.915
3049580107,"bus_subway_trolley","Bus / trolleybus",1011,1202,20.052,20.717,0.665
3049580407,"bus_subway_trolley","Bus / trolleybus",1011,1202,20.052,20.717,0.665
3049580506,"bus_subway_trolley","Bus / trolleybus",1007,1011,16.515,18.89,2.375
3049580507,"bus_subway_trolley","Bus / trolleybus",1011,1202,20.052,20.717,0.665
3070050301,"bus_subway_trolley","Subway / El",2633,70,47.479,49.244,1.765
3070050302,"bus_subway_trolley","Subway / El",70,2633,43.919,46.615,2.696
3121680202,"bus_subway_trolley","Subway / El",1816,1816,20.894,19.906,-0.988
3127840106,"bus_subway_trolley","Subway / El",403,411,10.933,13.158,2.225
3127840109,"bus_subway_trolley","Subway / El",93,2615,36.796,35.733,-1.062
3127840110,"bus_subway_trolley","Bus / trolleybus",2615,12238,53.435,57.671,4.235
3127840111,"bus_subway_trolley","Bus / trolleybus",12238,2634,35.288,40.754,5.467
3127840112,"bus_subway_trolley","Bus / trolleybus",2634,2615,31.965,32.717,0.752
3127840113,"bus_subway_trolley","Subway / El",2615,69,39.3,37.867,-1.433
3127840114,"bus_subway_trolley","Subway / El",69,76,8.35,9.85,1.5
3127840116,"bus_subway_trolley","Subway / El",93,69,9.823,9.706,-0.117
3127840118,"bus_subway_trolley","Bus / trolleybus",2615,2634,36.979,38.625,1.646
3129140101,"bus_subway_trolley","Bus / trolleybus",3209,3209,17.144,19.271,2.127
3129140102,"bus_subway_trolley","Bus / trolleybus",3209,1034,45.167,43.233,-1.933
3129140104,"bus_subway_trolley","Bus / trolleybus",41,3209,46.556,55.517,8.96
3141440301,"bus_subway_trolley","Bus / trolleybus",1605,606,42.177,47.783,5.606
3141440302,"bus_subway_trolley","Bus / trolleybus",606,1605,40.617,37.108,-3.508
3141440402,"bus_subway_trolley","Bus / trolleybus",11835,1605,93.417,95.75,2.333
3144080101,"bus_subway_trolley","Subway / El",1432,51,34.948,36.902,1.954
3144080103,"bus_subway_trolley","Bus / trolleybus",74,107,12.738,12.731,-0.006
3144080104,"bus_subway_trolley","Bus / trolleybus",107,1432,22.2,21.45,-0.75
3144080105,"bus_subway_trolley","Subway / El",1432,411,25.95,27.9,1.95
3144080107,"bus_subway_trolley","Bus / trolleybus",411,1432,25.51,32.7,7.19
3158360102,"bus_subway_trolley","Subway / El",125,111,24.833,19.879,-4.954
3164640101,"bus_subway_trolley","Bus / trolleybus",421,91,36.502,36.842,0.34
3164640201,"bus_subway_trolley","Bus / trolleybus",421,133,33.398,32.933,-0.465
3164640202,"bus_subway_trolley","Bus / trolleybus",133,401,36.806,45.2,8.394
3168910102,"bus_subway_trolley","Bus / trolleybus",1420,1418,20.642,23.667,3.025
3168910103,"bus_subway_trolley","Bus / trolleybus",1418,1418,10.213,11.865,1.652
3168910104,"bus_subway_trolley","Subway / El",1418,2618,33.119,39.902,6.783
3168910105,"bus_subway_trolley","Bus / trolleybus",2618,12229,32.825,42.875,10.05
3168910109,"bus_subway_trolley","Subway / El",2622,1432,23.823,24.927,1.104
3168910112,"bus_subway_trolley","Bus / trolleybus",1432,1420,24.4,29.575,5.175
3200660201,"bus_subway_trolley","Subway / El",5031,117,69.914,74.85,4.936
3200660202,"bus_subway_trolley","Subway / El",117,5031,72.885,73.292,0.406
3215440103,"bus_subway_trolley","Subway / El",88,1036,17.767,19.017,1.25
3215440106,"bus_subway_trolley","Subway / El",1036,88,22.1,24.35,2.25
3219110102,"bus_subway_trolley","Bus / trolleybus",4,82,25.925,26.65,0.725
3219110106,"bus_subway_trolley","Bus / trolleybus",121,22,22.748,20.962,-1.785
3229950101,"bus_subway_trolley","Trolley / light rail",1021,58,29.567,34.879,5.312
3229950102,"bus_subway_trolley","Trolley / light rail",58,1021,32.087,35.017,2.929
3240320104,"bus_subway_trolley","Subway / El",44,1040,29.394,28.165,-1.229
3240320105,"bus_subway_trolley","Subway / El",1040,19,27.562,36.06,8.498
3249440105,"bus_subway_trolley","Trolley / light rail",4440,4453,29.825,29.075,-0.75
3249440106,"bus_subway_trolley","Subway / El",4453,1040,35.383,38.383,3
3250340201,"bus_subway_trolley","Bus / trolleybus",91,3020,70.517,69.179,-1.337
3250340202,"bus_subway_trolley","Bus / trolleybus",3020,91,63.6,63.1,-0.5
3250340203,"bus_subway_trolley","Bus / trolleybus",91,3020,82.671,82.671,0
3257740101,"bus_subway_trolley","Trolley / light rail",1212,102,37.181,38.252,1.071
3260280101,"bus_subway_trolley","Trolley / light rail",40,1028,32.025,26.506,-5.519
3260280102,"bus_subway_trolley","Trolley / light rail",1028,103,17.854,17.7,-0.154
3260280105,"bus_subway_trolley","Subway / El",40,123,35.123,29.692,-5.431
3260280106,"bus_subway_trolley","Subway / El",123,40,30.425,35.16,4.735
3260280204,"bus_subway_trolley","Subway / El",40,123,34.85,30.271,-4.579
3260280205,"bus_subway_trolley","Subway / El",123,40,30.425,35.16,4.735
3269980103,"bus_subway_trolley","Bus / trolleybus",10013,41,72.067,72.996,0.929
3269980302,"bus_subway_trolley","Subway / El",5009,4459,24.083,24.083,0
3269980306,"bus_subway_trolley","Subway / El",76,4459,36.221,39.521,3.3
3269980307,"bus_subway_trolley","Subway / El",4459,5009,32.017,29.517,-2.5
3271890101,"bus_subway_trolley","Bus / trolleybus",1213,1005,24.062,26.087,2.025
3271890102,"bus_subway_trolley","Bus / trolleybus",1005,1213,22.956,22.667,-0.29
3271890201,"bus_subway_trolley","Bus / trolleybus",1206,1432,44.177,42.779,-1.398
3271890202,"bus_subway_trolley","Bus / trolleybus",1432,1213,41.862,48.417,6.554
3279280103,"bus_subway_trolley","Trolley / light rail",84,1028,18.61,21.175,2.565
3279280104,"bus_subway_trolley","Trolley / light rail",1028,84,19.7,19.933,0.233
3279280105,"bus_subway_trolley","Trolley / light rail",84,1028,18.398,20.523,2.125
3279280106,"bus_subway_trolley","Trolley / light rail",1028,84,27,22.217,-4.783
3286990104,"bus_subway_trolley","Bus / trolleybus",3034,3029,24.825,29.233,4.408
3286990204,"bus_subway_trolley","Bus / trolleybus",3034,3031,26.875,32.267,5.392
3289040101,"bus_subway_trolley","Bus / trolleybus",2816,15624,53.571,60.725,7.154
3289040102,"bus_subway_trolley","Bus / trolleybus",15624,2816,48.702,54.202,5.5
3289040201,"bus_subway_trolley","Bus / trolleybus",2816,15624,53.571,60.725,7.154
3289040202,"bus_subway_trolley","Bus / trolleybus",15624,2816,48.702,54.202,5.5
3290420201,"bus_subway_trolley","Subway / El",10002,36,75.505,81.733,6.229
3298740201,"bus_subway_trolley","Bus / trolleybus",1431,74,38.258,42.154,3.896
3298740202,"bus_subway_trolley","Bus / trolleybus",74,2615,31.348,35.275,3.927
3298740203,"bus_subway_trolley","Bus / trolleybus",2615,74,36.133,37.383,1.25
3298740204,"bus_subway_trolley","Bus / trolleybus",74,1443,34.344,34.275,-0.069
3298740205,"bus_subway_trolley","Bus / trolleybus",1443,1431,21.158,21.873,0.715
3321170103,"bus_subway_trolley","Bus / trolleybus",10010,143,49.5,59.462,9.962
3321170104,"bus_subway_trolley","Bus / trolleybus",143,10008,50.481,56.237,5.756
3334970102,"bus_subway_trolley","Subway / El",8009,1040,106.383,108.124,1.74
3334970103,"bus_subway_trolley","Bus / trolleybus",1040,1024,27.515,27.221,-0.294
3334970105,"bus_subway_trolley","Bus / trolleybus",1030,1040,15.077,15.606,0.529
3369580108,"bus_subway_trolley","Bus / trolleybus",15,38,11.904,13.394,1.49
3369580109,"bus_subway_trolley","Bus / trolleybus",38,40,14.531,15.148,0.617
3369580111,"bus_subway_trolley","Subway / El",72,1026,15.267,16.669,1.402
3382110105,"bus_subway_trolley","Bus / trolleybus",4826,4459,43.796,47.292,3.496
3382110106,"bus_subway_trolley","Subway / El",4459,74,35.95,38.95,3
3382110107,"bus_subway_trolley","Subway / El",74,1428,22.696,21.617,-1.079
3382110112,"bus_subway_trolley","Bus / trolleybus",4459,4808,47.608,48.702,1.094
3383780102,"bus_subway_trolley","Bus / trolleybus",1030,82,10.254,10.108,-0.146
3422520101,"bus_subway_trolley","Bus / trolleybus",2634,1022,62.175,70.558,8.383
3422520102,"bus_subway_trolley","Bus / trolleybus",1022,1031,12.492,13.246,0.754
3422520104,"bus_subway_trolley","Trolley / light rail",1031,1026,13.25,15.815,2.565
3422520105,"bus_subway_trolley","Bus / trolleybus",1026,44,15.375,17.096,1.721
3422520106,"bus_subway_trolley","Bus / trolleybus",44,39,14.729,23.498,8.769
3422520107,"bus_subway_trolley","Bus / trolleybus",39,90,9.525,10.356,0.831
3422520108,"bus_subway_trolley","Bus / trolleybus",90,92,8.846,11.304,2.458
3422520109,"bus_subway_trolley","Subway / El",92,2615,36.46,35.858,-0.602
3422520110,"bus_subway_trolley","Bus / trolleybus",2615,2634,35.481,37.475,1.994
3429820201,"bus_subway_trolley","Bus / trolleybus",8009,91,108.3,109.321,1.021
3451130101,"bus_subway_trolley","Bus / trolleybus",3007,1419,43.402,48.283,4.881
3451130102,"bus_subway_trolley","Bus / trolleybus",1419,402,34.64,37.41,2.771
3469170201,"bus_subway_trolley","Bus / trolleybus",4458,4458,19.252,19.252,0
3469170202,"bus_subway_trolley","Subway / El",4458,4459,38.917,38.917,0
3469170203,"bus_subway_trolley","Bus / trolleybus",4459,4458,24.758,25.027,0.269
3471800101,"bus_subway_trolley","Bus / trolleybus",613,1012,50.625,51.625,1
3471800102,"bus_subway_trolley","Bus / trolleybus",1012,613,59.883,58.158,-1.725
3473810202,"bus_subway_trolley","Bus / trolleybus",90,11613,127,122.75,-4.25
3478450201,"bus_subway_trolley","Bus / trolleybus",840,12426,NA,NA,NA
3478450202,"bus_subway_trolley","Bus / trolleybus",12426,840,NA,NA,NA
3478450301,"bus_subway_trolley","Bus / trolleybus",840,1002,43.167,47.84,4.673
3478450302,"bus_subway_trolley","Bus / trolleybus",1002,840,47.529,48.473,0.944
3482100101,"bus_subway_trolley","Bus / trolleybus",825,134,37.458,40.083,2.625
3482100102,"bus_subway_trolley","Bus / trolleybus",134,825,41.917,43.965,2.048
3483550101,"bus_subway_trolley","Bus / trolleybus",819,6,22.929,23.146,0.217
3483550105,"bus_subway_trolley","Bus / trolleybus",56,819,23.192,26.671,3.479
3490040101,"bus_subway_trolley","Bus / trolleybus",1236,414,50.865,53.342,2.477
3490040103,"bus_subway_trolley","Bus / trolleybus",121,414,31.358,32.862,1.504
3490040104,"bus_subway_trolley","Bus / trolleybus",414,1236,55.45,56.517,1.067
3501890104,"bus_subway_trolley","Bus / trolleybus",4413,1030,37.717,39.717,2
3501890107,"bus_subway_trolley","Subway / El",1036,4459,36.894,40.296,3.402
3501890108,"bus_subway_trolley","Bus / trolleybus",4459,1025,36.344,41.55,5.206
3501890202,"bus_subway_trolley","Bus / trolleybus",4405,4206,36.733,38.908,2.175
3501890205,"bus_subway_trolley","Bus / trolleybus",4206,4405,29.483,34.046,4.562
3516490101,"bus_subway_trolley","Bus / trolleybus",836,17,19.271,19.679,0.408
3523090102,"bus_subway_trolley","Bus / trolleybus",4443,4459,20.413,23.333,2.921
3523090104,"bus_subway_trolley","Bus / trolleybus",91,76,10.54,7.615,-2.925
3523090105,"bus_subway_trolley","Bus / trolleybus",76,4459,35.927,36.773,0.846
3523090106,"bus_subway_trolley","Bus / trolleybus",4459,4445,21.508,22.392,0.883
3526370204,"bus_subway_trolley","Bus / trolleybus",10014,2407,37.054,34.577,-2.477
3546240301,"bus_subway_trolley","Bus / trolleybus",3011,3001,30.535,29.281,-1.254
3554480101,"bus_subway_trolley","Subway / El",828,1025,29.744,34.594,4.85
3554480102,"bus_subway_trolley","Subway / El",1025,828,39.748,42.871,3.123
3554480201,"bus_subway_trolley","Subway / El",828,40,30.246,33.977,3.731
3554480202,"bus_subway_trolley","Subway / El",40,828,32.123,30.983,-1.14
3568880103,"bus_subway_trolley","Bus / trolleybus",1014,90,31.49,34.525,3.035
3568880203,"bus_subway_trolley","Bus / trolleybus",1014,90,31.49,34.525,3.035
3574140206,"bus_subway_trolley","Subway / El",65,71,8.95,7.95,-1
3577750301,"bus_subway_trolley","Bus / trolleybus",49,91,17.008,20.337,3.329
3579640101,"bus_subway_trolley","Subway / El",11633,75,106.283,105.176,-1.107
3579640102,"bus_subway_trolley","Subway / El",75,11633,121.067,122.242,1.175
3588880101,"bus_subway_trolley","Subway / El",10001,1415,73.917,78.542,4.625
3588880102,"bus_subway_trolley","Subway / El",1415,1432,16.496,20.062,3.567
3588880103,"bus_subway_trolley","Subway / El",1432,1437,23.34,25.894,2.554
3588880201,"bus_subway_trolley","Bus / trolleybus",1437,10001,106.65,90.662,-15.988
3588880202,"bus_subway_trolley","Bus / trolleybus",10001,1415,73.917,78.542,4.625
3588880203,"bus_subway_trolley","Bus / trolleybus",1415,1432,16.496,20.062,3.567
3588880204,"bus_subway_trolley","Bus / trolleybus",1432,1437,23.692,26.069,2.377
3593950101,"bus_subway_trolley","Bus / trolleybus",62,1018,19.148,19.812,0.665
3593950105,"bus_subway_trolley","Bus / trolleybus",1031,62,19.835,24.073,4.238
3596790101,"bus_subway_trolley","Bus / trolleybus",807,803,13.825,16.875,3.05
3604970202,"bus_subway_trolley","Bus / trolleybus",134,87,22.133,18.762,-3.371
3604970203,"bus_subway_trolley","Bus / trolleybus",87,847,29.767,33.765,3.998
3605510104,"bus_subway_trolley","Bus / trolleybus",1202,1002,19.658,21.408,1.75
3605510201,"bus_subway_trolley","Bus / trolleybus",91,1002,39.992,36.104,-3.888
3605510204,"bus_subway_trolley","Bus / trolleybus",1002,91,35.667,34.667,-1
3607950102,"bus_subway_trolley","Bus / trolleybus",815,87,27.404,29.367,1.962
3633010101,"bus_subway_trolley","Subway / El",608,4459,57.669,58.865,1.196
3633010102,"bus_subway_trolley","Trolley / light rail",4459,4829,61.915,65.642,3.727
3633010103,"bus_subway_trolley","Trolley / light rail",4829,608,113.25,112.25,-1
3633010104,"bus_subway_trolley","Subway / El",608,608,8.502,10.417,1.915
3637010107,"bus_subway_trolley","Trolley / light rail",85,1030,16.477,19.727,3.25
3637010110,"bus_subway_trolley","Subway / El",1031,1040,22.825,26.044,3.219
3657130106,"bus_subway_trolley","Bus / trolleybus",10,11,15.552,14.585,-0.967
3657130207,"bus_subway_trolley","Bus / trolleybus",6,11,19.058,27.79,8.731
3661170103,"bus_subway_trolley","Subway / El",71,4459,30.852,32.888,2.035
3673860201,"bus_subway_trolley","Bus / trolleybus",607,65,34.6,39.117,4.517
3673860203,"bus_subway_trolley","Bus / trolleybus",1037,607,41.55,51.908,10.358
3678950301,"bus_subway_trolley","Subway / El",819,414,33.994,34.987,0.994
3679490104,"bus_subway_trolley","Bus / trolleybus",4461,88,41.85,43.35,1.5
3698530101,"bus_subway_trolley","Bus / trolleybus",2404,69,41.3,45.844,4.544
3698530102,"bus_subway_trolley","Bus / trolleybus",69,2404,39.996,40.633,0.637
3712900101,"bus_subway_trolley","Bus / trolleybus",4251,4251,20.99,22.292,1.302
3745500102,"bus_subway_trolley","Subway / El",1015,69,21.467,26.467,5
3769830102,"bus_subway_trolley","Subway / El",115,1025,30.6,31.642,1.042
3777160101,"bus_subway_trolley","Bus / trolleybus",132,61,25.627,28.106,2.479
3777160102,"bus_subway_trolley","Bus / trolleybus",61,15,22.587,24.129,1.542
3777160104,"bus_subway_trolley","Bus / trolleybus",6,132,26.302,28.95,2.648
3777160201,"bus_subway_trolley","Bus / trolleybus",132,71,16.017,20.142,4.125
3777160203,"bus_subway_trolley","Bus / trolleybus",108,132,13.796,14.371,0.575
3779200101,"bus_subway_trolley","Bus / trolleybus",1620,3014,29.708,31.992,2.283
3784140203,"bus_subway_trolley","Bus / trolleybus",74,10014,36.942,38.004,1.062
3811460204,"bus_subway_trolley","Subway / El",54,832,27.01,26.758,-0.252
3825960201,"bus_subway_trolley","Subway / El",5011,93,53.7,62.914,9.214
3825960202,"bus_subway_trolley","Subway / El",93,5011,53.406,58.275,4.869
3828300105,"bus_subway_trolley","Subway / El",1610,77,41.167,49.471,8.304
3828300106,"bus_subway_trolley","Bus / trolleybus",77,3025,62.875,69.131,6.256
3828300302,"bus_subway_trolley","Bus / trolleybus",3026,1429,57.546,61.173,3.627
3828300303,"bus_subway_trolley","Bus / trolleybus",1429,1610,44.919,47.631,2.712
3828300304,"bus_subway_trolley","Bus / trolleybus",1610,3025,34.16,33.392,-0.769
3840300101,"bus_subway_trolley","Bus / trolleybus",1201,1227,32.858,39.396,6.538
3840300102,"bus_subway_trolley","Bus / trolleybus",1227,1201,40.695,47.146,6.451
3854510101,"bus_subway_trolley","Bus / trolleybus",12217,2436,75.037,74.787,-0.25
3863520105,"bus_subway_trolley","Bus / trolleybus",62,43,12.606,14.238,1.631
3863520106,"bus_subway_trolley","Bus / trolleybus",43,62,11.338,12.5,1.162
3881100104,"bus_subway_trolley","Subway / El",1428,2603,24.317,23.969,-0.348
3891190103,"bus_subway_trolley","Bus / trolleybus",1040,1012,29.438,29.981,0.544
3891190104,"bus_subway_trolley","Bus / trolleybus",1012,1012,17.783,16.36,-1.423
3892120103,"bus_subway_trolley","Bus / trolleybus",90,51,13.796,13.656,-0.14
3892120104,"bus_subway_trolley","Subway / El",51,90,18.273,18.581,0.308
3893490101,"bus_subway_trolley","Subway / El",4455,1018,54.742,57.45,2.708
3893490102,"bus_subway_trolley","Subway / El",1018,4455,46.95,50.679,3.729
3900760203,"bus_subway_trolley","Bus / trolleybus",3019,91,52.35,55.1,2.75
3904970101,"bus_subway_trolley","Bus / trolleybus",2806,2806,11.042,10.825,-0.217
3904970102,"bus_subway_trolley","Bus / trolleybus",2806,3401,24.067,28.521,4.454
3904970103,"bus_subway_trolley","Bus / trolleybus",3401,2806,38.907,22.985,-15.921
3905510101,"bus_subway_trolley","Bus / trolleybus",3,95,26.462,28.083,1.621
3923520101,"bus_subway_trolley","Bus / trolleybus",813,7,30.34,36.369,6.029
3923520103,"bus_subway_trolley","Bus / trolleybus",7,813,30.885,33.215,2.329
3923520501,"bus_subway_trolley","Bus / trolleybus",813,7,27.223,31.069,3.846
3923520503,"bus_subway_trolley","Bus / trolleybus",7,813,31.254,33.163,1.908
3929400102,"bus_subway_trolley","Subway / El",1210,57,30.583,31.333,0.75
3929400104,"bus_subway_trolley","Subway / El",76,1210,32.146,32.896,0.75
3936810103,"bus_subway_trolley","Subway / El",69,1040,17.75,19.25,1.5
3941850105,"bus_subway_trolley","Bus / trolleybus",12411,15618,84.8,NA,NA
3949980102,"bus_subway_trolley","Bus / trolleybus",15,42,15.606,17.233,1.627
3966890102,"bus_subway_trolley","Bus / trolleybus",624,1203,66.696,78,11.304
3966890103,"bus_subway_trolley","Bus / trolleybus",1203,624,72.342,74.667,2.325
3966890104,"bus_subway_trolley","Bus / trolleybus",624,1203,70.36,75.888,5.527
3998300101,"bus_subway_trolley","Bus / trolleybus",97,76,13.975,16.448,2.473
3998560101,"bus_subway_trolley","Bus / trolleybus",30,3209,48.358,66.983,18.625
4004890307,"bus_subway_trolley","Subway / El",4451,4459,22.294,24.837,2.544
4004890308,"bus_subway_trolley","Bus / trolleybus",4459,4451,23.171,22.983,-0.188
4005130103,"bus_subway_trolley","Bus / trolleybus",404,814,47.104,45.619,-1.485
4005130104,"bus_subway_trolley","Bus / trolleybus",814,404,53.383,53.49,0.106
4013690103,"bus_subway_trolley","Bus / trolleybus",1040,1040,23.665,24.227,0.562
4013690106,"bus_subway_trolley","Subway / El",1036,1040,20.885,20.135,-0.75
4032620102,"bus_subway_trolley","Subway / El",819,411,33.231,34.333,1.102
4032620105,"bus_subway_trolley","Subway / El",411,819,34.021,35.896,1.875
4032620202,"bus_subway_trolley","Subway / El",819,76,22.402,23.417,1.015
4032620203,"bus_subway_trolley","Subway / El",76,65,12.681,13.067,0.385
4032620206,"bus_subway_trolley","Subway / El",65,76,11.1,10.85,-0.25
4032620207,"bus_subway_trolley","Subway / El",76,819,25.55,27.894,2.344
4046210101,"bus_subway_trolley","Bus / trolleybus",2801,2807,20.99,24.921,3.931
4046210401,"bus_subway_trolley","Bus / trolleybus",2801,135,57.706,57.017,-0.69
4048490102,"bus_subway_trolley","Bus / trolleybus",50,1005,31.892,36.688,4.796
4048490103,"bus_subway_trolley","Bus / trolleybus",1005,31,33.748,39.34,5.592
4048490104,"bus_subway_trolley","Bus / trolleybus",31,15,27.067,24.779,-2.287
4048490105,"bus_subway_trolley","Bus / trolleybus",15,30,14.8,19.14,4.34
4048490204,"bus_subway_trolley","Bus / trolleybus",30,41,18.396,25.831,7.435
4056480103,"bus_subway_trolley","Bus / trolleybus",40,50,29.975,21.267,-8.708
4061050102,"bus_subway_trolley","Subway / El",414,1415,20.671,21.981,1.31
4061050103,"bus_subway_trolley","Subway / El",1415,414,25.288,28.233,2.946
4063470105,"bus_subway_trolley","Bus / trolleybus",48,1025,13.983,14.692,0.708
4071630201,"bus_subway_trolley","Bus / trolleybus",836,846,13.369,14.467,1.098
4071630202,"bus_subway_trolley","Bus / trolleybus",846,836,19.5,20.788,1.288
4071860201,"bus_subway_trolley","Bus / trolleybus",2639,846,59.315,58.61,-0.704
4071860202,"bus_subway_trolley","Bus / trolleybus",846,2639,64.283,70.85,6.567
4074350302,"bus_subway_trolley","Bus / trolleybus",4254,6007,NA,NA,NA
4074350303,"bus_subway_trolley","Bus / trolleybus",6007,5029,NA,NA,NA
4090670101,"bus_subway_trolley","Bus / trolleybus",42,55,16.408,19.521,3.113
4090670103,"bus_subway_trolley","Bus / trolleybus",39,42,14.981,12.546,-2.435
4110250303,"bus_subway_trolley","Bus / trolleybus",4449,4460,33.467,34.045,0.579
4110640102,"bus_subway_trolley","Bus / trolleybus",2419,2424,17.892,20.283,2.392
4120580201,"bus_subway_trolley","Bus / trolleybus",608,80,36.65,39.208,2.558
4120580206,"bus_subway_trolley","Bus / trolleybus",73,608,27.454,28.325,0.871
4120580301,"bus_subway_trolley","Bus / trolleybus",608,80,36.65,39.208,2.558
4120580302,"bus_subway_trolley","Bus / trolleybus",80,608,31.806,32.744,0.938
4120860101,"bus_subway_trolley","Bus / trolleybus",3602,70,56.617,57.117,0.5
4120860107,"bus_subway_trolley","Subway / El",72,1607,37.425,37.6,0.175
4120860108,"bus_subway_trolley","Bus / trolleybus",1607,3602,30.642,42.181,11.54
4122150101,"bus_subway_trolley","Bus / trolleybus",1011,117,30.479,32.952,2.473
4122150103,"bus_subway_trolley","Bus / trolleybus",76,1025,21.717,20.694,-1.023
4122150106,"bus_subway_trolley","Bus / trolleybus",1025,1011,27.642,30.148,2.506
4122150201,"bus_subway_trolley","Bus / trolleybus",1011,72,29.692,30.4,0.708
4122150202,"bus_subway_trolley","Bus / trolleybus",72,1011,33.06,37.421,4.36
4122150301,"bus_subway_trolley","Bus / trolleybus",1011,135,39.119,41.846,2.727
4122150401,"bus_subway_trolley","Bus / trolleybus",1011,118,30.446,32.9,2.454
4135390101,"bus_subway_trolley","Bus / trolleybus",1408,426,32.208,45.742,13.533
4135390102,"bus_subway_trolley","Bus / trolleybus",426,1408,35.712,36.654,0.942
4151420401,"bus_subway_trolley","Bus / trolleybus",12246,12233,29.917,29.917,0
4151420402,"bus_subway_trolley","Bus / trolleybus",12233,12246,44.206,46.783,2.577
4156900102,"bus_subway_trolley","Bus / trolleybus",2436,12239,56.15,56.15,0
4156900105,"bus_subway_trolley","Bus / trolleybus",12239,2436,60.275,60.275,0
4161520201,"bus_subway_trolley","Bus / trolleybus",1613,15620,47.35,51.225,3.875
4161520202,"bus_subway_trolley","Bus / trolleybus",15620,1613,53.85,53.85,0
4165810101,"bus_subway_trolley","Subway / El",1027,131,35.146,37.892,2.746
4165810102,"bus_subway_trolley","Subway / El",131,24,25.473,28.077,2.604
4165810105,"bus_subway_trolley","Bus / trolleybus",30,58,21.835,28.825,6.99
4166930101,"bus_subway_trolley","Subway / El",804,88,31.896,35.277,3.381
4166930104,"bus_subway_trolley","Subway / El",88,804,33.225,34.377,1.152
4166930201,"bus_subway_trolley","Subway / El",804,5,28.887,27.85,-1.037
4169530401,"bus_subway_trolley","Subway / El",16037,74,NA,NA,NA
4169530402,"bus_subway_trolley","Subway / El",74,16037,NA,NA,NA
4182700101,"bus_subway_trolley","Bus / trolleybus",12219,12211,NA,NA,NA
4182700105,"bus_subway_trolley","Bus / trolleybus",12208,12219,NA,NA,NA
4195770402,"bus_subway_trolley","Subway / El",3032,91,74.6,76.1,1.5
4212940101,"bus_subway_trolley","Subway / El",10226,126,NA,NA,NA
4212940102,"bus_subway_trolley","Subway / El",126,10226,NA,NA,NA
4218280101,"bus_subway_trolley","Subway / El",822,2415,51.883,52.873,0.99
4218280103,"bus_subway_trolley","Subway / El",3034,822,97.15,100.992,3.842
4218280201,"bus_subway_trolley","Bus / trolleybus",822,1229,44.494,45.481,0.988
4218890201,"bus_subway_trolley","Subway / El",805,91,28.475,34.05,5.575
4218890202,"bus_subway_trolley","Subway / El",91,805,31.004,31.821,0.817
4226400104,"bus_subway_trolley","Subway / El",10422,4459,47.685,51.435,3.75
4226400105,"bus_subway_trolley","Subway / El",4459,125,43.7,44.7,1
4226400202,"bus_subway_trolley","Subway / El",125,117,27.81,19.835,-7.975
4226400203,"bus_subway_trolley","Subway / El",117,117,7.154,7.929,0.775
4237420101,"bus_subway_trolley","Bus / trolleybus",10602,80,NA,NA,NA
4247090101,"bus_subway_trolley","Bus / trolleybus",49,1028,22.467,26.471,4.004
4275100401,"bus_subway_trolley","Bus / trolleybus",3215,846,64.148,65.577,1.429
4275100402,"bus_subway_trolley","Bus / trolleybus",846,808,27.265,36.817,9.552
4276150101,"bus_subway_trolley","Bus / trolleybus",21,1025,24.715,27.667,2.952
4276150102,"bus_subway_trolley","Subway / El",1025,69,23.467,24.467,1
4302550101,"bus_subway_trolley","Bus / trolleybus",4461,5011,48.015,45.571,-2.444
4310310101,"bus_subway_trolley","Trolley / light rail",103,1036,11.908,12.533,0.625
4312300101,"bus_subway_trolley","Bus / trolleybus",3207,93,36.35,45.854,9.504
4320260101,"bus_subway_trolley","Bus / trolleybus",619,829,53.344,58.556,5.212
4320260102,"bus_subway_trolley","Bus / trolleybus",829,619,59.629,65.735,6.106
4322080101,"bus_subway_trolley","Bus / trolleybus",1425,95,31.733,34.833,3.1
4322080102,"bus_subway_trolley","Bus / trolleybus",95,1425,46.233,46.552,0.319
4322080104,"bus_subway_trolley","Bus / trolleybus",1415,1425,23.727,23.51,-0.217
4333730103,"bus_subway_trolley","Bus / trolleybus",2614,1616,22.812,31.025,8.212
4342350302,"bus_subway_trolley","Bus / trolleybus",137,92,21.712,27.046,5.333
4352930302,"bus_subway_trolley","Bus / trolleybus",3615,2821,59.273,59.975,0.702
4364010101,"bus_subway_trolley","Bus / trolleybus",36,58,14.898,16.7,1.802
4369530101,"bus_subway_trolley","Bus / trolleybus",3209,3221,44.892,31.667,-13.225
4369530102,"bus_subway_trolley","Bus / trolleybus",3221,3209,NA,33.983,NA
4381540101,"bus_subway_trolley","Bus / trolleybus",140,90,26.608,28.283,1.675
4381540102,"bus_subway_trolley","Bus / trolleybus",90,140,23.815,23.998,0.183
4384840102,"bus_subway_trolley","Subway / El",834,74,18.925,21.425,2.5
4384840103,"bus_subway_trolley","Trolley / light rail",74,82,6.775,7.65,0.875
4384840107,"bus_subway_trolley","Subway / El",74,834,16.983,17.733,0.75
4384840202,"bus_subway_trolley","Subway / El",834,74,20.425,21.425,1
4384840203,"bus_subway_trolley","Trolley / light rail",74,82,7.025,8.356,1.331
4384840206,"bus_subway_trolley","Subway / El",74,834,15.483,14.983,-0.5
4387350101,"bus_subway_trolley","Bus / trolleybus",1237,4440,53.398,45.898,-7.5
4387350102,"bus_subway_trolley","Bus / trolleybus",4440,1213,34.642,38.831,4.19
4398290101,"bus_subway_trolley","Subway / El",36,844,21.702,22.883,1.181
4398290102,"bus_subway_trolley","Subway / El",844,36,23.967,25.802,1.835
4408390102,"bus_subway_trolley","Bus / trolleybus",2428,2615,35.594,41.008,5.415
4408390103,"bus_subway_trolley","Subway / El",2615,1031,49.152,61.9,12.748
4408390105,"bus_subway_trolley","Subway / El",1031,3014,60.421,68.877,8.456
4408390108,"bus_subway_trolley","Bus / trolleybus",2620,12238,43.694,45.004,1.31
4408390111,"bus_subway_trolley","Bus / trolleybus",12238,2420,NA,NA,NA
4409010201,"bus_subway_trolley","Bus / trolleybus",422,88,35.219,43.587,8.369
4409010202,"bus_subway_trolley","Subway / El",88,422,38.55,40.192,1.642
4409010301,"bus_subway_trolley","Subway / El",422,88,35.219,43.587,8.369
4409010302,"bus_subway_trolley","Bus / trolleybus",88,1409,43.875,46.085,2.21
4424980102,"bus_subway_trolley","Bus / trolleybus",90,36,16.94,16.325,-0.615
4439730101,"bus_subway_trolley","Subway / El",1215,103,25.294,26.66,1.367
4440130101,"bus_subway_trolley","Bus / trolleybus",1208,107,32.871,39.471,6.6
4450080101,"bus_subway_trolley","Trolley / light rail",122,47,27.946,29.69,1.744
4450080102,"bus_subway_trolley","Bus / trolleybus",47,90,26.038,21.979,-4.058
4450080103,"bus_subway_trolley","Bus / trolleybus",90,122,19.367,20.456,1.09
4476210102,"bus_subway_trolley","Bus / trolleybus",103,141,22.956,25.69,2.733
4476210103,"bus_subway_trolley","Bus / trolleybus",141,60,24.481,26.354,1.873
4476210104,"bus_subway_trolley","Bus / trolleybus",60,141,27.96,31.044,3.083
4479380102,"bus_subway_trolley","Bus / trolleybus",1024,25,27.392,30.608,3.217
4479380103,"bus_subway_trolley","Bus / trolleybus",25,1016,28.417,30.683,2.267
4483410101,"bus_subway_trolley","Bus / trolleybus",808,1037,43.617,48.333,4.717
4483410102,"bus_subway_trolley","Bus / trolleybus",1037,808,46.167,50.267,4.1
4500900102,"bus_subway_trolley","Trolley / light rail",8006,1026,90.598,110.383,19.786
4500900105,"bus_subway_trolley","Bus / trolleybus",84,80,7.66,7.221,-0.44
4502380101,"bus_subway_trolley","Bus / trolleybus",840,115,36.825,38.84,2.015
4502380102,"bus_subway_trolley","Bus / trolleybus",115,840,37.94,38.108,0.169
4502380103,"bus_subway_trolley","Bus / trolleybus",840,59,32.954,37.567,4.612
4502380104,"bus_subway_trolley","Bus / trolleybus",59,840,34.615,32.275,-2.34
4505960202,"bus_subway_trolley","Bus / trolleybus",1037,1021,27.858,26.725,-1.133
4505960302,"bus_subway_trolley","Bus / trolleybus",138,1021,36.069,39.665,3.596
4522480102,"bus_subway_trolley","Bus / trolleybus",8,106,31.977,33,1.023
4522480202,"bus_subway_trolley","Bus / trolleybus",8,90,25.654,25.498,-0.156
4522560101,"bus_subway_trolley","Bus / trolleybus",1230,61,34.817,34.046,-0.771
4522560102,"bus_subway_trolley","Bus / trolleybus",61,54,14.133,16.606,2.473
4522560103,"bus_subway_trolley","Bus / trolleybus",54,1038,28.094,30.51,2.417
4522560104,"bus_subway_trolley","Bus / trolleybus",1038,1230,13.1,16.075,2.975
4527120101,"bus_subway_trolley","Bus / trolleybus",1023,1018,16.146,16.317,0.171
4527120102,"bus_subway_trolley","Bus / trolleybus",1018,1023,20.342,21.906,1.565
4533550101,"bus_subway_trolley","Bus / trolleybus",2406,2410,15.246,19.825,4.579
4533550102,"bus_subway_trolley","Bus / trolleybus",2410,2615,21.6,23.517,1.917
4533550103,"bus_subway_trolley","Bus / trolleybus",2615,12238,54.244,54.133,-0.11
4533550104,"bus_subway_trolley","Bus / trolleybus",12238,2406,57.565,62.346,4.781
4533550201,"bus_subway_trolley","Bus / trolleybus",2406,2435,31.387,34.815,3.427
4533550202,"bus_subway_trolley","Bus / trolleybus",2435,2406,36.006,38.796,2.79
4539300101,"bus_subway_trolley","Bus / trolleybus",1016,92,23.623,23.738,0.115
4539300106,"bus_subway_trolley","Bus / trolleybus",92,1016,26.721,29.542,2.821
4555970203,"bus_subway_trolley","Bus / trolleybus",834,69,29.827,35.312,5.485
4555970204,"bus_subway_trolley","Bus / trolleybus",69,834,23.196,23.802,0.606
4557310101,"bus_subway_trolley","Bus / trolleybus",821,135,34.992,38.312,3.321
4557310102,"bus_subway_trolley","Bus / trolleybus",135,821,36.844,40.354,3.51
4557310202,"bus_subway_trolley","Bus / trolleybus",837,821,22.825,24.996,2.171
4557310301,"bus_subway_trolley","Bus / trolleybus",821,843,23.173,29.24,6.067
4557310302,"bus_subway_trolley","Bus / trolleybus",843,821,27.5,29.148,1.648
4561260201,"bus_subway_trolley","Subway / El",10020,114,59.483,61.917,2.433
4566930101,"bus_subway_trolley","Bus / trolleybus",2806,3405,43.36,53.644,10.283
4566930102,"bus_subway_trolley","Bus / trolleybus",3405,2806,45.298,NA,NA
4566930103,"bus_subway_trolley","Bus / trolleybus",2806,15614,71.054,77.952,6.898
4587730102,"bus_subway_trolley","Bus / trolleybus",3609,15624,39.292,46.317,7.025
4587730103,"bus_subway_trolley","Bus / trolleybus",15624,15821,62.083,62.083,0
4587730106,"bus_subway_trolley","Bus / trolleybus",15821,15624,49.1,49.1,0
4598650201,"bus_subway_trolley","Bus / trolleybus",1430,3415,82.55,86.117,3.567
4598650202,"bus_subway_trolley","Bus / trolleybus",3415,1430,72.7,83.2,10.5
4605070108,"bus_subway_trolley","Subway / El",61,63,11.277,11.825,0.548
4607140201,"bus_subway_trolley","Bus / trolleybus",2424,1415,36.175,34.11,-2.065
4607140202,"bus_subway_trolley","Bus / trolleybus",1415,2424,41.242,44.992,3.75
4624200101,"bus_subway_trolley","Bus / trolleybus",430,430,11.733,12.392,0.658
4624200102,"bus_subway_trolley","Bus / trolleybus",430,129,31.671,33.554,1.883
4624200103,"bus_subway_trolley","Bus / trolleybus",129,430,36.663,37.798,1.135
4637520102,"bus_subway_trolley","Subway / El",92,1040,21.269,21.702,0.433
4641950101,"bus_subway_trolley","Bus / trolleybus",1604,133,64.967,66.367,1.4
4641950102,"bus_subway_trolley","Bus / trolleybus",133,1604,57.065,59.929,2.865
4641950202,"bus_subway_trolley","Bus / trolleybus",1604,2441,91.517,100.417,8.9
4641950203,"bus_subway_trolley","Bus / trolleybus",2441,1604,93.085,92.883,-0.202
4644560206,"bus_subway_trolley","Subway / El",4459,90,40.233,41.483,1.25
4648060101,"bus_subway_trolley","Bus / trolleybus",25,57,22.031,21.762,-0.269
4648060103,"bus_subway_trolley","Bus / trolleybus",71,828,31.581,33.527,1.946
4651940101,"bus_subway_trolley","Bus / trolleybus",2610,111,47.208,57.458,10.25
4651940102,"bus_subway_trolley","Bus / trolleybus",111,2610,39.31,41.435,2.125
4668800101,"bus_subway_trolley","Subway / El",618,98,52.5,57.25,4.75
4668800102,"bus_subway_trolley","Subway / El",98,618,49.094,55.469,6.375
4668800201,"bus_subway_trolley","Subway / El",618,70,49.367,54.117,4.75
4668800202,"bus_subway_trolley","Subway / El",70,618,42.096,46.11,4.015
4671530104,"bus_subway_trolley","Bus / trolleybus",819,809,20.473,23.31,2.838
4673630101,"bus_subway_trolley","Bus / trolleybus",818,112,28.979,31.317,2.337
4673630102,"bus_subway_trolley","Bus / trolleybus",112,70,14.39,14.873,0.483
4673630103,"bus_subway_trolley","Bus / trolleybus",70,818,32.125,31.933,-0.192
4674930101,"bus_subway_trolley","Trolley / light rail",1016,1025,16.144,16.769,0.625
4674930201,"bus_subway_trolley","Subway / El",1016,842,46.667,51.075,4.408
4674930202,"bus_subway_trolley","Subway / El",842,1016,41.24,47.51,6.271
4675660104,"bus_subway_trolley","Bus / trolleybus",2213,6016,NA,NA,NA
4683680202,"bus_subway_trolley","Subway / El",1816,414,52.748,62.933,10.186
4687340102,"bus_subway_trolley","Bus / trolleybus",2634,2615,31.833,32.881,1.048
4687340106,"bus_subway_trolley","Bus / trolleybus",1018,41,19.946,21.202,1.256
4687340202,"bus_subway_trolley","Bus / trolleybus",2634,2615,31.833,32.881,1.048
4687340209,"bus_subway_trolley","Bus / trolleybus",3210,3201,25.179,24.692,-0.488
4687340210,"bus_subway_trolley","Bus / trolleybus",3201,2631,37.717,39.677,1.96
4691160203,"bus_subway_trolley","Bus / trolleybus",4416,4427,40.152,36.292,-3.861
4691160204,"bus_subway_trolley","Bus / trolleybus",4427,1213,70.6,81.737,11.137
4691160302,"bus_subway_trolley","Bus / trolleybus",2010,4427,55.04,55.594,0.554
4697870202,"bus_subway_trolley","Bus / trolleybus",411,2612,28.4,30.731,2.331
4708490205,"bus_subway_trolley","Bus / trolleybus",44,2210,NA,NA,NA
4708490206,"bus_subway_trolley","Bus / trolleybus",2210,3014,NA,NA,NA
4719420102,"bus_subway_trolley","Bus / trolleybus",804,71,32.81,36.712,3.902
4719420104,"bus_subway_trolley","Bus / trolleybus",95,90,14.7,18.442,3.742
4719420105,"bus_subway_trolley","Bus / trolleybus",90,804,30.044,29.377,-0.667
4723780101,"bus_subway_trolley","Trolley / light rail",1002,1030,26.31,30.31,4
4723780102,"bus_subway_trolley","Trolley / light rail",1030,1002,32.558,32.91,0.352
4731730201,"bus_subway_trolley","Subway / El",1215,92,24.35,23.85,-0.5
4731730202,"bus_subway_trolley","Subway / El",92,1215,27.117,25.933,-1.183
4749130105,"bus_subway_trolley","Bus / trolleybus",68,86,7.933,8.067,0.133
4754790101,"bus_subway_trolley","Bus / trolleybus",841,430,45.025,54.775,9.75
4754790102,"bus_subway_trolley","Bus / trolleybus",430,841,53.348,53.406,0.058
4754790202,"bus_subway_trolley","Bus / trolleybus",841,430,42.9,45.9,3
4754790203,"bus_subway_trolley","Bus / trolleybus",430,841,53.348,53.406,0.058
4754790302,"bus_subway_trolley","Bus / trolleybus",841,430,42.9,45.9,3
4754790303,"bus_subway_trolley","Bus / trolleybus",430,841,53.348,53.406,0.058
4754790402,"bus_subway_trolley","Bus / trolleybus",841,430,42.9,45.9,3
4754790403,"bus_subway_trolley","Subway / El",430,841,53.527,51.848,-1.679
4754790502,"bus_subway_trolley","Bus / trolleybus",841,430,42.9,45.9,3
4754790503,"bus_subway_trolley","Subway / El",430,841,53.348,53.406,0.058
4765250101,"bus_subway_trolley","Bus / trolleybus",435,3219,55.131,52.858,-2.273
4765250102,"bus_subway_trolley","Bus / trolleybus",3219,435,48.233,44.85,-3.383
4765250301,"bus_subway_trolley","Bus / trolleybus",435,424,13.965,14.373,0.408
4765250302,"bus_subway_trolley","Bus / trolleybus",424,435,18.496,14.725,-3.771
4767700201,"bus_subway_trolley","Bus / trolleybus",1623,1445,43.663,46.885,3.223
4767700202,"bus_subway_trolley","Bus / trolleybus",1445,1623,NA,NA,NA
4768820102,"bus_subway_trolley","Bus / trolleybus",1423,81,37.115,40.583,3.469
4778050203,"bus_subway_trolley","Bus / trolleybus",12,73,19.217,21.558,2.342
4778050205,"bus_subway_trolley","Bus / trolleybus",61,12,19.671,26.065,6.394
4783650101,"bus_subway_trolley","Bus / trolleybus",1027,1025,17.712,19.502,1.79
4783650102,"bus_subway_trolley","Bus / trolleybus",1025,103,19.065,19.108,0.044
4783650103,"bus_subway_trolley","Bus / trolleybus",103,1027,21.988,22.512,0.525
4791470101,"bus_subway_trolley","Bus / trolleybus",10,71,19.417,21.55,2.133
4805360101,"bus_subway_trolley","Bus / trolleybus",11642,88,137.213,144.713,7.5
4805360102,"bus_subway_trolley","Bus / trolleybus",88,11642,122.217,126.467,4.25
4816200105,"bus_subway_trolley","Subway / El",71,68,7.933,8.085,0.152
4816200106,"bus_subway_trolley","Bus / trolleybus",68,90,10.523,13.048,2.525
4816460101,"bus_subway_trolley","Bus / trolleybus",2620,2430,46.144,45.688,-0.456
4816460102,"bus_subway_trolley","Subway / El",2430,2620,44.035,49.717,5.681
4824800201,"bus_subway_trolley","Subway / El",138,10215,73.562,89.825,16.263
4829410103,"bus_subway_trolley","Trolley / light rail",1021,42,38.39,34.783,-3.606
4829410104,"bus_subway_trolley","Trolley / light rail",42,1021,67.567,80.65,13.083
4829770101,"bus_subway_trolley","Bus / trolleybus",2423,2215,54.958,59.138,4.179
4829770102,"bus_subway_trolley","Bus / trolleybus",2215,2628,68.96,75.6,6.64
4831130101,"bus_subway_trolley","Subway / El",13,80,21.385,21.215,-0.171
4832100204,"bus_subway_trolley","Subway / El",92,422,37.967,37.529,-0.438
4851790102,"bus_subway_trolley","Subway / El",1038,1814,58.969,65.021,6.052
4851790103,"bus_subway_trolley","Subway / El",1814,1030,31.225,34.2,2.975
4871620101,"bus_subway_trolley","Bus / trolleybus",4455,71,51.1,50.6,-0.5
4871620102,"bus_subway_trolley","Bus / trolleybus",71,4455,41.633,43.523,1.89
4873700203,"bus_subway_trolley","Subway / El",411,93,23.506,23.6,0.094
4873700204,"bus_subway_trolley","Bus / trolleybus",93,2214,44.958,49.071,4.112
4874540102,"bus_subway_trolley","Bus / trolleybus",1210,93,25.95,29.45,3.5
4874540103,"bus_subway_trolley","Bus / trolleybus",93,93,8.26,8.548,0.287
4874540104,"bus_subway_trolley","Bus / trolleybus",93,88,9.938,11.104,1.167
4874540105,"bus_subway_trolley","Bus / trolleybus",88,74,10.473,11.915,1.442
4875320101,"bus_subway_trolley","Trolley / light rail",1013,84,28.565,31.992,3.427
4875320102,"bus_subway_trolley","Trolley / light rail",84,1013,33.835,36.767,2.931
4875910102,"bus_subway_trolley","Subway / El",819,93,24.825,25.95,1.125
4875910110,"bus_subway_trolley","Bus / trolleybus",8,817,22.442,23.55,1.108
4877260201,"bus_subway_trolley","Subway / El",3613,36,87.867,83.367,-4.5
4916910101,"bus_subway_trolley","Bus / trolleybus",2425,11808,78.779,85.338,6.558
4916910102,"bus_subway_trolley","Bus / trolleybus",11808,12238,64.908,70.35,5.442
4916910103,"bus_subway_trolley","Bus / trolleybus",12238,2425,43.456,45.344,1.888
4925520402,"bus_subway_trolley","Bus / trolleybus",135,92,14.738,15.583,0.846
4928930101,"bus_subway_trolley","Bus / trolleybus",136,70,25.996,27.644,1.648
4928930103,"bus_subway_trolley","Bus / trolleybus",56,60,11.3,13.356,2.056
4928930104,"bus_subway_trolley","Bus / trolleybus",60,73,8.287,9.267,0.979
4928930105,"bus_subway_trolley","Bus / trolleybus",73,79,12.49,14.652,2.162
4928930108,"bus_subway_trolley","Bus / trolleybus",99,133,13.613,16.515,2.902
4929160101,"bus_subway_trolley","Bus / trolleybus",8,137,29.871,29.946,0.075
4934560201,"bus_subway_trolley","Bus / trolleybus",1215,820,40.692,45.258,4.567
4934560202,"bus_subway_trolley","Bus / trolleybus",820,1215,40.8,44.8,4
4940770206,"bus_subway_trolley","Bus / trolleybus",139,92,22.742,21.602,-1.14
4947090101,"bus_subway_trolley","Bus / trolleybus",5020,131,64.515,62.877,-1.638
4947090102,"bus_subway_trolley","Bus / trolleybus",131,5020,58.192,63.817,5.625
4948250101,"bus_subway_trolley","Bus / trolleybus",2807,2809,32.59,31.767,-0.823
4948250102,"bus_subway_trolley","Bus / trolleybus",2809,2811,21.717,22.592,0.875
4948250103,"bus_subway_trolley","Bus / trolleybus",2811,2807,11.908,13.783,1.875
4952180201,"bus_subway_trolley","Bus / trolleybus",141,121,14.204,16.433,2.229
4952180301,"bus_subway_trolley","Bus / trolleybus",141,121,14.204,16.433,2.229
4954840101,"bus_subway_trolley","Bus / trolleybus",1214,10211,79.917,86.465,6.548
4954840102,"bus_subway_trolley","Subway / El",10211,1214,96.221,85.383,-10.838
4954840201,"bus_subway_trolley","Bus / trolleybus",1214,10211,79.917,86.465,6.548
4954840202,"bus_subway_trolley","Subway / El",10211,1214,96.221,85.383,-10.838
4964260101,"bus_subway_trolley","Bus / trolleybus",427,2406,35.933,38.242,2.308
4964260102,"bus_subway_trolley","Bus / trolleybus",2406,80,41.035,44.392,3.356
4964260103,"bus_subway_trolley","Bus / trolleybus",80,1403,37.729,40.985,3.256
4964260104,"bus_subway_trolley","Bus / trolleybus",1403,427,21.242,21.683,0.442
4964260107,"bus_subway_trolley","Bus / trolleybus",1408,2643,62.046,67.298,5.252
4969920302,"bus_subway_trolley","Trolley / light rail",5008,5020,43.817,43.817,0
4971940101,"bus_subway_trolley","Bus / trolleybus",10431,10402,24.183,29.871,5.688
4971940105,"bus_subway_trolley","Bus / trolleybus",10401,10431,27.267,27.267,0
4985230101,"bus_subway_trolley","Bus / trolleybus",415,98,30.619,30.96,0.342
4985230103,"bus_subway_trolley","Subway / El",112,88,17.542,18.033,0.492
4985230104,"bus_subway_trolley","Bus / trolleybus",88,415,35.496,38.725,3.229
4989420102,"bus_subway_trolley","Bus / trolleybus",3220,59,NA,NA,NA
4989420104,"bus_subway_trolley","Subway / El",74,1428,20.298,20.992,0.694
4989420107,"bus_subway_trolley","Subway / El",1418,93,30.602,30.727,0.125
4989420108,"bus_subway_trolley","Bus / trolleybus",93,1418,28.115,31.433,3.319
4990450101,"bus_subway_trolley","Bus / trolleybus",2425,11633,100.633,120.2,19.567
4990450103,"bus_subway_trolley","Bus / trolleybus",61,51,17.492,21.29,3.798
4990450104,"bus_subway_trolley","Bus / trolleybus",51,2431,62.096,60.038,-2.058
4990450105,"bus_subway_trolley","Bus / trolleybus",2431,2425,13.408,15.533,2.125
5002200201,"bus_subway_trolley","Bus / trolleybus",1015,1435,46.692,46.915,0.223
5002200202,"bus_subway_trolley","Bus / trolleybus",1435,1019,47.748,51.173,3.425
5003940201,"bus_subway_trolley","Bus / trolleybus",26,53,25.633,26.525,0.892
5003940202,"bus_subway_trolley","Bus / trolleybus",53,26,25.29,28.006,2.717
5006430102,"bus_subway_trolley","Subway / El",401,72,26.994,29.119,2.125
5006430103,"bus_subway_trolley","Trolley / light rail",72,1007,26.408,31.169,4.76
5006430105,"bus_subway_trolley","Trolley / light rail",1022,1040,18.419,19.3,0.881
5006430106,"bus_subway_trolley","Subway / El",1040,401,37.569,41.2,3.631
5006430110,"bus_subway_trolley","Trolley / light rail",401,601,22.327,26.967,4.64
5009080101,"bus_subway_trolley","Bus / trolleybus",3030,1429,63.417,59.992,-3.425
5009080102,"bus_subway_trolley","Bus / trolleybus",1429,3030,66.404,68.762,2.358
5019750102,"bus_subway_trolley","Bus / trolleybus",4412,1007,27.742,27.742,0
5019750103,"bus_subway_trolley","Bus / trolleybus",1007,837,28.308,33.692,5.383
5019750105,"bus_subway_trolley","Bus / trolleybus",849,1007,19.825,38.998,19.173
5019750201,"bus_subway_trolley","Bus / trolleybus",4412,2019,26.867,23.667,-3.2
5019750202,"bus_subway_trolley","Bus / trolleybus",2019,4448,43.385,48.513,5.127
5019750203,"bus_subway_trolley","Bus / trolleybus",4448,1216,42.663,45.042,2.379
5019750204,"bus_subway_trolley","Bus / trolleybus",1216,4412,78.233,55.4,-22.833
5019750301,"bus_subway_trolley","Bus / trolleybus",4412,41,48.271,49.254,0.983
5019750302,"bus_subway_trolley","Subway / El",41,409,19.208,19.377,0.169
5019750304,"bus_subway_trolley","Bus / trolleybus",415,15229,NA,NA,NA
5019750305,"bus_subway_trolley","Bus / trolleybus",15229,4412,NA,NA,NA
5020830205,"bus_subway_trolley","Bus / trolleybus",3203,1040,43.242,40.35,-2.892
5021380101,"bus_subway_trolley","Subway / El",432,133,30.54,31.677,1.137
5021380102,"bus_subway_trolley","Bus / trolleybus",133,419,34.175,42.992,8.817
5021380204,"bus_subway_trolley","Subway / El",10449,432,NA,NA,NA
5021380301,"bus_subway_trolley","Bus / trolleybus",432,434,13.917,13.975,0.058
5021380303,"bus_subway_trolley","Bus / trolleybus",3014,419,48.85,52.121,3.271
5021380304,"bus_subway_trolley","Bus / trolleybus",419,432,23.938,24.483,0.546
5021380402,"bus_subway_trolley","Bus / trolleybus",419,12013,121.417,118.408,-3.008
5021380403,"bus_subway_trolley","Bus / trolleybus",12013,432,98.14,118.143,20.004
5032850101,"bus_subway_trolley","Bus / trolleybus",842,17,20.292,22.525,2.233
5032850103,"bus_subway_trolley","Bus / trolleybus",17,2,22.894,32.89,9.996
5032850104,"bus_subway_trolley","Bus / trolleybus",2,4,19.354,24.65,5.296
5032850106,"bus_subway_trolley","Bus / trolleybus",2641,842,65.256,68.81,3.554
5047750101,"bus_subway_trolley","Bus / trolleybus",8,118,31.058,34.283,3.225
5055370101,"bus_subway_trolley","Bus / trolleybus",41,32,24.346,27.235,2.89
5058720101,"bus_subway_trolley","Bus / trolleybus",618,80,53.4,51.4,-2
5058720102,"bus_subway_trolley","Bus / trolleybus",80,618,45.938,49.417,3.479
5062010101,"bus_subway_trolley","Subway / El",5021,4459,37.2,37.2,0
5062010102,"bus_subway_trolley","Subway / El",4459,69,36.717,38.467,1.75
5067500103,"bus_subway_trolley","Bus / trolleybus",89,51,13.469,13.025,-0.444
5067500104,"bus_subway_trolley","Bus / trolleybus",51,69,17.081,17.59,0.508
5079600103,"bus_subway_trolley","Subway / El",1040,69,22.06,25.494,3.433
5086400101,"bus_subway_trolley","Bus / trolleybus",4432,4427,77.036,62.571,-14.464
5086400102,"bus_subway_trolley","Bus / trolleybus",4427,4432,80.647,80.467,-0.181
5107440201,"bus_subway_trolley","Bus / trolleybus",2406,2622,37.325,40.233,2.908
5107440202,"bus_subway_trolley","Bus / trolleybus",2622,2406,38.975,40.379,1.404
5107840201,"bus_subway_trolley","Bus / trolleybus",1230,91,32.058,32.365,0.306
5107840202,"bus_subway_trolley","Bus / trolleybus",91,1230,31.238,24.304,-6.933
5111290201,"bus_subway_trolley","Bus / trolleybus",3210,10422,73.35,82.175,8.825
5111290202,"bus_subway_trolley","Bus / trolleybus",10422,3210,63.942,77.977,14.035
5111290203,"bus_subway_trolley","Bus / trolleybus",3210,3218,35.01,32.967,-2.044
5120320101,"bus_subway_trolley","Subway / El",3406,103,77.833,86.612,8.779
5120320102,"bus_subway_trolley","Subway / El",103,3404,69.008,75.375,6.367
5121500102,"bus_subway_trolley","Bus / trolleybus",1031,1213,18.533,19.908,1.375
5151870101,"bus_subway_trolley","Bus / trolleybus",7024,7406,NA,NA,NA
5156530101,"bus_subway_trolley","Bus / trolleybus",815,401,33.767,33.517,-0.25
5156530102,"bus_subway_trolley","Subway / El",401,12216,NA,NA,NA
5177060201,"bus_subway_trolley","Bus / trolleybus",4451,1026,38.633,39.633,1
5177060202,"bus_subway_trolley","Bus / trolleybus",1026,4451,42.781,45.46,2.679
5192500203,"bus_subway_trolley","Bus / trolleybus",4804,4462,NA,NA,NA
5201520201,"bus_subway_trolley","Bus / trolleybus",5022,98,69.85,75.35,5.5
5201520202,"bus_subway_trolley","Bus / trolleybus",98,5022,54.9,59.775,4.875
5220560103,"bus_subway_trolley","Bus / trolleybus",140,106,28.769,31.14,2.371
5220560104,"bus_subway_trolley","Subway / El",106,414,29.256,29.471,0.215
5220560105,"bus_subway_trolley","Subway / El",414,140,27.587,30.502,2.915
5232980101,"bus_subway_trolley","Bus / trolleybus",1036,131,35.267,38.935,3.669
5232980102,"bus_subway_trolley","Bus / trolleybus",131,1036,23.017,24.017,1
5232980301,"bus_subway_trolley","Subway / El",1036,46,27.325,32.288,4.963
5232980303,"bus_subway_trolley","Subway / El",62,67,16.281,21.212,4.931
5232980304,"bus_subway_trolley","Subway / El",67,1036,20.767,22.017,1.25
5233570202,"bus_subway_trolley","Bus / trolleybus",3217,114,51.031,54.175,3.144
5233570203,"bus_subway_trolley","Bus / trolleybus",114,114,10.333,10.617,0.283
5264720102,"bus_subway_trolley","Bus / trolleybus",3034,3410,61,69.21,8.21
5269500301,"bus_subway_trolley","Bus / trolleybus",3020,3406,70.65,70.65,0
5269500303,"bus_subway_trolley","Bus / trolleybus",3409,3020,70.135,64.965,-5.171
5269500501,"bus_subway_trolley","Bus / trolleybus",3020,3003,24.544,28.275,3.731
5269500502,"bus_subway_trolley","Bus / trolleybus",3003,3020,25.481,26.575,1.094
5270130101,"bus_subway_trolley","Bus / trolleybus",3019,90,55.583,53.583,-2
5278480101,"bus_subway_trolley","Subway / El",2601,71,44.304,47.36,3.056
5278480104,"bus_subway_trolley","Bus / trolleybus",2622,2602,24.117,29.308,5.192
5278480108,"bus_subway_trolley","Subway / El",2609,1408,39.108,37.596,-1.512
5278480109,"bus_subway_trolley","Bus / trolleybus",1408,424,38.792,39.733,0.942
5278480202,"bus_subway_trolley","Bus / trolleybus",12244,2601,69.642,67.85,-1.792
5284800101,"bus_subway_trolley","Subway / El",28,12217,76.583,77.017,0.433
5284800102,"bus_subway_trolley","Subway / El",12217,417,67.373,68.896,1.523
5284800103,"bus_subway_trolley","Subway / El",417,28,37.198,37.885,0.688
5285590101,"bus_subway_trolley","Bus / trolleybus",9,81,29.908,39.165,9.256
5288670104,"bus_subway_trolley","Bus / trolleybus",62,3203,35.638,43.604,7.967
5288670105,"bus_subway_trolley","Bus / trolleybus",3203,12408,51.15,65.133,13.983
5291120103,"bus_subway_trolley","Subway / El",1418,1408,14.779,18.127,3.348
5291120104,"bus_subway_trolley","Bus / trolleybus",1408,426,37.798,41.035,3.237
5291120106,"bus_subway_trolley","Bus / trolleybus",1402,1405,27.185,28.629,1.444
5291120107,"bus_subway_trolley","Subway / El",1405,1418,19.86,20.152,0.292
5291900101,"bus_subway_trolley","Bus / trolleybus",3219,3219,11.815,10.325,-1.49
5305010101,"bus_subway_trolley","Bus / trolleybus",1208,91,26.05,29.8,3.75
5305010103,"bus_subway_trolley","Bus / trolleybus",43,1031,22.633,23.8,1.167
5305010104,"bus_subway_trolley","Bus / trolleybus",1031,1208,23.321,29.1,5.779
5314250103,"bus_subway_trolley","Bus / trolleybus",2437,12238,45.542,50.942,5.4
5314250104,"bus_subway_trolley","Bus / trolleybus",12238,12226,64.383,61.992,-2.392
5373010202,"bus_subway_trolley","Bus / trolleybus",1609,427,45.508,48.3,2.792
5373010203,"bus_subway_trolley","Bus / trolleybus",427,1434,50.954,48.638,-2.317
5374710101,"bus_subway_trolley","Subway / El",86,1030,20.623,21.958,1.335
5374710102,"bus_subway_trolley","Subway / El",1030,4459,30.908,33.196,2.287
5374710103,"bus_subway_trolley","Bus / trolleybus",4459,10007,48.404,59.075,10.671
5374710105,"bus_subway_trolley","Bus / trolleybus",10007,4459,41.55,48.675,7.125
5374710106,"bus_subway_trolley","Subway / El",4459,66,43.25,45.75,2.5
5374710201,"bus_subway_trolley","Subway / El",86,1018,24.15,26.775,2.625
5374710203,"bus_subway_trolley","Bus / trolleybus",1022,10007,57.808,63.331,5.523
5374710205,"bus_subway_trolley","Bus / trolleybus",10007,86,48.75,72.981,24.231
5420880202,"bus_subway_trolley","Subway / El",76,1031,19.65,21.5,1.85
5420880205,"bus_subway_trolley","Subway / El",1031,76,18.425,21.083,2.658
5423310201,"bus_subway_trolley","Bus / trolleybus",1215,1224,12.831,12.469,-0.363
5485730102,"bus_subway_trolley","Bus / trolleybus",629,133,52.671,57.125,4.454
5485730103,"bus_subway_trolley","Bus / trolleybus",133,629,58.958,66.625,7.667
5550880202,"bus_subway_trolley","Trolley / light rail",1016,1040,25.733,25.258,-0.475
5550880203,"bus_subway_trolley","Subway / El",1040,69,22.846,24.494,1.648
5550880210,"bus_subway_trolley","Subway / El",69,1040,18.5,18.25,-0.25
5550880211,"bus_subway_trolley","Trolley / light rail",1040,1016,32.775,34.085,1.31
5561830101,"bus_subway_trolley","Bus / trolleybus",3005,4453,70.842,72.312,1.471
5561830102,"bus_subway_trolley","Bus / trolleybus",4453,3005,83.333,89.444,6.11
5617700101,"bus_subway_trolley","Bus / trolleybus",2417,408,51.763,52.335,0.573
5617700102,"bus_subway_trolley","Bus / trolleybus",408,2417,46.417,49.667,3.25
5645340202,"bus_subway_trolley","Bus / trolleybus",3201,131,42.85,47.492,4.642
5651420101,"bus_subway_trolley","Subway / El",1220,414,51.783,52.165,0.381
5651420102,"bus_subway_trolley","Bus / trolleybus",414,1220,46.027,50.617,4.59
5753200103,"bus_subway_trolley","Bus / trolleybus",141,88,26.556,27.9,1.344
5753200106,"bus_subway_trolley","Bus / trolleybus",119,142,20.242,22.231,1.99
5753200202,"bus_subway_trolley","Bus / trolleybus",141,103,17.406,19.523,2.117
5753200204,"bus_subway_trolley","Bus / trolleybus",85,1038,23.746,25.583,1.837
5753200207,"bus_subway_trolley","Bus / trolleybus",1038,103,28.967,30.575,1.608
5753200209,"bus_subway_trolley","Bus / trolleybus",121,142,18.233,18.962,0.729
5759930103,"bus_subway_trolley","Subway / El",90,125,17.075,15.908,-1.167
5759930106,"bus_subway_trolley","Subway / El",125,92,20.363,15.402,-4.96
5762440103,"bus_subway_trolley","Bus / trolleybus",36,82,21.129,22.64,1.51
5762440104,"bus_subway_trolley","Subway / El",82,603,26.079,27.773,1.694
5765380101,"bus_subway_trolley","Subway / El",84,4459,35.573,38.51,2.938
5765380102,"bus_subway_trolley","Subway / El",4459,5050,47.083,50.833,3.75
5765380104,"bus_subway_trolley","Trolley / light rail",84,1021,29.417,31.404,1.988
5765380105,"bus_subway_trolley","Trolley / light rail",1021,84,NA,NA,NA
5788060105,"bus_subway_trolley","Bus / trolleybus",44,50,25.465,16.444,-9.021
5789840101,"bus_subway_trolley","Subway / El",1027,103,24.606,27.092,2.485
5789840102,"bus_subway_trolley","Subway / El",103,1027,21.86,24.052,2.192
5789840103,"bus_subway_trolley","Bus / trolleybus",1027,44,31.694,32.867,1.173
5789840104,"bus_subway_trolley","Trolley / light rail",44,1027,NA,NA,NA
5789840201,"bus_subway_trolley","Bus / trolleybus",1027,62,26.958,29.2,2.242
5789840202,"bus_subway_trolley","Bus / trolleybus",62,1027,46.3,45.667,-0.633
5808780101,"bus_subway_trolley","Bus / trolleybus",15828,15603,69.367,69.367,0
5808780103,"bus_subway_trolley","Bus / trolleybus",15603,15828,79.088,79.088,0
5819950104,"bus_subway_trolley","Trolley / light rail",83,1016,26.917,26.917,0
5852630102,"bus_subway_trolley","Trolley / light rail",85,74,10.162,12.919,2.756
5852630103,"bus_subway_trolley","Subway / El",74,134,9.146,11.396,2.25
5852630106,"bus_subway_trolley","Trolley / light rail",76,1022,23.8,23.429,-0.371
5852630107,"bus_subway_trolley","Bus / trolleybus",1022,24,25.587,26.023,0.435
5874480101,"bus_subway_trolley","Bus / trolleybus",15611,1619,57.317,77.817,20.5
5874480103,"bus_subway_trolley","Bus / trolleybus",1610,15611,73.037,76.265,3.227
5904620101,"bus_subway_trolley","Bus / trolleybus",2622,12231,38.529,39.3,0.771
5904620102,"bus_subway_trolley","Bus / trolleybus",12231,2622,26.917,26.908,-0.008
5917530101,"bus_subway_trolley","Bus / trolleybus",405,106,32.223,32.231,0.008
5917530102,"bus_subway_trolley","Bus / trolleybus",106,405,34.467,38.365,3.898
5931890101,"bus_subway_trolley","Bus / trolleybus",401,1003,48.383,52.608,4.225
5931890102,"bus_subway_trolley","Bus / trolleybus",1003,1220,36.873,39.75,2.877
5931890103,"bus_subway_trolley","Bus / trolleybus",1220,401,45.077,47.112,2.035
5931890201,"bus_subway_trolley","Subway / El",401,1003,48.327,53.433,5.106
5937570102,"bus_subway_trolley","Subway / El",403,41,27.002,27.117,0.115
5937570105,"bus_subway_trolley","Subway / El",41,403,17.6,19.25,1.65
5955100103,"bus_subway_trolley","Bus / trolleybus",73,63,17.438,21.533,4.096
6010880101,"bus_subway_trolley","Bus / trolleybus",83,88,12.327,14,1.673
6010880102,"bus_subway_trolley","Bus / trolleybus",88,83,16.21,15.758,-0.452
6014790101,"bus_subway_trolley","Bus / trolleybus",36,106,18.738,19.096,0.358
6014790103,"bus_subway_trolley","Bus / trolleybus",1030,36,22.544,22.731,0.188
6014790202,"bus_subway_trolley","Bus / trolleybus",23,12,25.929,28.896,2.967
6016700102,"bus_subway_trolley","Subway / El",5019,10422,65.85,72.883,7.033
6016700103,"bus_subway_trolley","Subway / El",10422,5019,38.969,38.844,-0.125
6016700202,"bus_subway_trolley","Bus / trolleybus",10013,93,58.237,61.842,3.604
6017220202,"bus_subway_trolley","Bus / trolleybus",70,60,15.596,15.715,0.119
6017220203,"bus_subway_trolley","Bus / trolleybus",60,27,16.852,19.367,2.515
6019330101,"bus_subway_trolley","Bus / trolleybus",30,3207,46.09,59.846,13.756
6019330102,"bus_subway_trolley","Bus / trolleybus",3207,62,46.3,49.55,3.25
6019330103,"bus_subway_trolley","Bus / trolleybus",62,1418,34,38.258,4.258
6019330104,"bus_subway_trolley","Bus / trolleybus",1418,823,50.258,59.508,9.25
6019330105,"bus_subway_trolley","Bus / trolleybus",823,30,39.498,40.975,1.477
6022850101,"bus_subway_trolley","Bus / trolleybus",42,1018,23.038,26.175,3.137
6022850102,"bus_subway_trolley","Bus / trolleybus",1018,42,19.46,21.429,1.969
6022850201,"bus_subway_trolley","Bus / trolleybus",1018,42,20.856,20.775,-0.081
6022850202,"bus_subway_trolley","Bus / trolleybus",42,1018,23.696,25.952,2.256
6028260101,"bus_subway_trolley","Bus / trolleybus",2023,1818,24.833,26.458,1.625
6028260102,"bus_subway_trolley","Bus / trolleybus",1818,4420,58.004,63.842,5.837
6028950101,"bus_subway_trolley","Bus / trolleybus",97,23,22.083,23.756,1.673
6029500103,"bus_subway_trolley","Subway / El",76,401,26.979,29.158,2.179
6036250101,"bus_subway_trolley","Bus / trolleybus",4448,4457,25.967,28.65,2.683
6036250102,"bus_subway_trolley","Bus / trolleybus",4457,4448,31.34,36.819,5.479
6043000102,"bus_subway_trolley","Subway / El",5019,4459,48.179,49.642,1.462
6043000103,"bus_subway_trolley","Subway / El",4459,76,34.25,37.75,3.5
6043000104,"bus_subway_trolley","Subway / El",76,113,12.192,11.367,-0.825
6043710101,"bus_subway_trolley","Bus / trolleybus",807,816,8.433,11.308,2.875
6043710102,"bus_subway_trolley","Bus / trolleybus",816,807,9.542,11.465,1.923
6043710201,"bus_subway_trolley","Bus / trolleybus",807,840,23.617,23.348,-0.269
6043710202,"bus_subway_trolley","Bus / trolleybus",840,841,8.917,12.417,3.5
6043710203,"bus_subway_trolley","Bus / trolleybus",841,807,33.879,33.704,-0.175
6053730102,"bus_subway_trolley","Bus / trolleybus",1405,409,21.14,22.371,1.231
6053730104,"bus_subway_trolley","Bus / trolleybus",1405,415,34.592,35.535,0.944
6053730302,"bus_subway_trolley","Bus / trolleybus",66,415,39.808,47.413,7.604
6055520102,"bus_subway_trolley","Subway / El",43,823,29.356,30.079,0.723
6066230101,"bus_subway_trolley","Bus / trolleybus",46,60,11.9,12.746,0.846
6066230102,"bus_subway_trolley","Bus / trolleybus",60,46,7.91,7.733,-0.177
6079080201,"bus_subway_trolley","Subway / El",5021,98,55.6,57.35,1.75
6079080202,"bus_subway_trolley","Subway / El",98,5021,56.65,61.525,4.875
6080360101,"bus_subway_trolley","Bus / trolleybus",108,12,28.842,29.569,0.727
6080360102,"bus_subway_trolley","Bus / trolleybus",12,38,14.119,17.498,3.379
6080360103,"bus_subway_trolley","Bus / trolleybus",38,39,10.502,13.363,2.86
6080360104,"bus_subway_trolley","Bus / trolleybus",39,108,13.646,14.585,0.94
6080870301,"bus_subway_trolley","Bus / trolleybus",4623,4817,NA,NA,NA
6080870302,"bus_subway_trolley","Bus / trolleybus",4817,4618,NA,NA,NA
6081650102,"bus_subway_trolley","Trolley / light rail",96,1018,13.425,14.287,0.862
6081650201,"bus_subway_trolley","Bus / trolleybus",9,68,33.415,42.633,9.219
6104530103,"bus_subway_trolley","Bus / trolleybus",3215,3202,44.538,49.976,5.439
6104530104,"bus_subway_trolley","Bus / trolleybus",3202,90,42.658,48.375,5.717
6113870208,"bus_subway_trolley","Bus / trolleybus",11619,14431,54.567,54.567,0
6138920101,"bus_subway_trolley","Subway / El",5011,4459,46.155,51.374,5.219
6138920103,"bus_subway_trolley","Subway / El",5009,5011,26.967,31.208,4.242
6144510101,"bus_subway_trolley","Bus / trolleybus",403,434,31.038,30.423,-0.615
6144510102,"bus_subway_trolley","Bus / trolleybus",434,430,29.062,36.562,7.5
6144510103,"bus_subway_trolley","Bus / trolleybus",430,403,19.352,19.363,0.01
6144510201,"bus_subway_trolley","Bus / trolleybus",403,430,15.242,16.117,0.875
6144510202,"bus_subway_trolley","Bus / trolleybus",430,403,18.644,23.035,4.392
6144510203,"bus_subway_trolley","Bus / trolleybus",403,427,22.725,25.962,3.237
6144510204,"bus_subway_trolley","Bus / trolleybus",427,403,19.392,19.675,0.283
6144510205,"bus_subway_trolley","Bus / trolleybus",403,434,29.669,31.381,1.713
6144510206,"bus_subway_trolley","Bus / trolleybus",434,403,41.542,44.167,2.625
6144510301,"bus_subway_trolley","Bus / trolleybus",403,430,15.242,16.117,0.875
6144510302,"bus_subway_trolley","Bus / trolleybus",430,403,18.644,23.035,4.392
6144510303,"bus_subway_trolley","Bus / trolleybus",403,434,31.027,32.892,1.865
6144510304,"bus_subway_trolley","Bus / trolleybus",434,403,41.542,44.167,2.625
6145390201,"bus_subway_trolley","Bus / trolleybus",1027,816,43.308,47.958,4.65
6145390202,"bus_subway_trolley","Bus / trolleybus",816,1027,47.765,50.071,2.306
6147480101,"bus_subway_trolley","Bus / trolleybus",25,6,17.5,18.183,0.683
6147480102,"bus_subway_trolley","Bus / trolleybus",6,25,18.533,21.592,3.058
6157560101,"bus_subway_trolley","Bus / trolleybus",2639,2007,103.883,102.829,-1.054
6158090101,"bus_subway_trolley","Bus / trolleybus",1607,625,28.121,26.904,-1.217
6158090102,"bus_subway_trolley","Subway / El",625,73,39.767,41.267,1.5
6158090103,"bus_subway_trolley","Bus / trolleybus",73,3014,46.671,49.902,3.231
6158090104,"bus_subway_trolley","Bus / trolleybus",3014,619,41.667,50.408,8.742
6158090105,"bus_subway_trolley","Bus / trolleybus",619,617,23.565,22.321,-1.244
6158090106,"bus_subway_trolley","Bus / trolleybus",617,1607,31.415,42.867,11.452
6166360101,"bus_subway_trolley","Bus / trolleybus",1037,1030,12.658,14.408,1.75
6169070401,"bus_subway_trolley","Bus / trolleybus",1218,1202,33.646,41.052,7.406
6169360101,"bus_subway_trolley","Bus / trolleybus",1224,1011,33.896,33.617,-0.279
6169360201,"bus_subway_trolley","Bus / trolleybus",1224,402,40.41,40.854,0.444
6169360202,"bus_subway_trolley","Bus / trolleybus",402,74,17.258,18.29,1.031
6169360203,"bus_subway_trolley","Bus / trolleybus",74,1224,28.121,26.5,-1.621
6169360401,"bus_subway_trolley","Bus / trolleybus",1224,1038,24.742,26.4,1.658
6169360402,"bus_subway_trolley","Bus / trolleybus",1038,1224,29.792,36.567,6.775
6169360501,"bus_subway_trolley","Bus / trolleybus",1224,1038,24.742,26.4,1.658
6169360502,"bus_subway_trolley","Bus / trolleybus",1038,1224,29.792,36.567,6.775
6174680102,"bus_subway_trolley","Subway / El",108,32,32.925,30.267,-2.658
6174680103,"bus_subway_trolley","Subway / El",32,77,33.417,33.117,-0.3
6174680104,"bus_subway_trolley","Bus / trolleybus",77,67,13.967,16.219,2.252
6178970101,"bus_subway_trolley","Bus / trolleybus",819,90,25.606,27.042,1.435
6178970102,"bus_subway_trolley","Bus / trolleybus",90,1034,18.621,19.212,0.592
6178970103,"bus_subway_trolley","Bus / trolleybus",1034,1037,18.948,22.942,3.994
6178970104,"bus_subway_trolley","Bus / trolleybus",1037,819,34.281,38.892,4.61
6178970105,"bus_subway_trolley","Bus / trolleybus",819,51,31.654,33.973,2.319
6193690201,"bus_subway_trolley","Bus / trolleybus",142,25,30.602,29.681,-0.921
6193690202,"bus_subway_trolley","Bus / trolleybus",25,142,32.84,34.979,2.14
6196050102,"bus_subway_trolley","Bus / trolleybus",1015,76,17.462,21.417,3.954
6196050109,"bus_subway_trolley","Bus / trolleybus",85,1015,21.125,24.2,3.075
6207100302,"bus_subway_trolley","Bus / trolleybus",5019,5050,40.54,46.915,6.375
6207100304,"bus_subway_trolley","Subway / El",5050,5027,71.3,83.017,11.717
6213260104,"bus_subway_trolley","Subway / El",69,125,10.2,11.7,1.5
6213260107,"bus_subway_trolley","Subway / El",125,69,18.029,11.95,-6.079
6214670101,"bus_subway_trolley","Subway / El",81,1214,21.423,24.046,2.623
6214670401,"bus_subway_trolley","Subway / El",109,1214,25.173,27.171,1.998
6220400101,"bus_subway_trolley","Bus / trolleybus",105,17,20.669,20.217,-0.452
6244290101,"bus_subway_trolley","Subway / El",2206,1814,71.238,70.173,-1.065
6244290102,"bus_subway_trolley","Subway / El",1814,2206,52.242,60.669,8.427
6244290201,"bus_subway_trolley","Bus / trolleybus",2206,1223,20.5,21.75,1.25
6244290202,"bus_subway_trolley","Bus / trolleybus",1223,2206,19.531,19.042,-0.49
6247010101,"bus_subway_trolley","Bus / trolleybus",8208,10601,52.633,52.633,0
6247010102,"bus_subway_trolley","Bus / trolleybus",10601,8208,53.533,53.533,0
6247010301,"bus_subway_trolley","Bus / trolleybus",8208,10601,52.633,52.633,0
6247010302,"bus_subway_trolley","Bus / trolleybus",10601,8208,53.533,53.533,0
6255070102,"bus_subway_trolley","Subway / El",74,2636,48.337,50.719,2.381
6260000302,"bus_subway_trolley","Trolley / light rail",4440,4459,22.575,24.552,1.977
6260000303,"bus_subway_trolley","Subway / El",4459,72,34.9,36.4,1.5
6264470103,"bus_subway_trolley","Subway / El",417,417,18.938,18.938,0
6264470202,"bus_subway_trolley","Bus / trolleybus",415,417,20.7,21.846,1.146
6264470203,"bus_subway_trolley","Bus / trolleybus",417,409,22.077,24.288,2.21
6264470204,"bus_subway_trolley","Bus / trolleybus",409,417,15.946,19.613,3.667
6277200201,"bus_subway_trolley","Bus / trolleybus",415,411,16.117,19.117,3
6277200202,"bus_subway_trolley","Bus / trolleybus",411,88,28.406,27.896,-0.51
6277200203,"bus_subway_trolley","Bus / trolleybus",88,74,10.927,12.108,1.181
6277200204,"bus_subway_trolley","Bus / trolleybus",74,421,33.19,34.81,1.621
6277780201,"bus_subway_trolley","Bus / trolleybus",5020,80,54.9,56.4,1.5
6277780202,"bus_subway_trolley","Bus / trolleybus",80,5020,55.067,57.567,2.5
6288980102,"bus_subway_trolley","Bus / trolleybus",814,139,42.129,41.273,-0.856
6289970101,"bus_subway_trolley","Bus / trolleybus",1410,116,37.748,38.731,0.983
6289970102,"bus_subway_trolley","Bus / trolleybus",116,814,34.954,36.669,1.715
6289970103,"bus_subway_trolley","Bus / trolleybus",814,1410,61.546,68.258,6.713
6289970105,"bus_subway_trolley","Bus / trolleybus",847,841,24.631,30.675,6.044
6289970106,"bus_subway_trolley","Bus / trolleybus",841,1410,67.577,64.433,-3.144
6289970202,"bus_subway_trolley","Bus / trolleybus",1416,411,32.421,35.65,3.229
6289970203,"bus_subway_trolley","Bus / trolleybus",411,1408,22.712,26.462,3.75
6291170101,"bus_subway_trolley","Bus / trolleybus",1602,133,47.121,49.135,2.015
6291170102,"bus_subway_trolley","Bus / trolleybus",133,1602,56.267,60.731,4.465
6291170201,"bus_subway_trolley","Bus / trolleybus",1602,3011,22.435,25.769,3.333
6291170202,"bus_subway_trolley","Bus / trolleybus",3011,1602,24.35,27.383,3.033
6291170302,"bus_subway_trolley","Bus / trolleybus",7021,1602,146.35,142.45,-3.9
6297650102,"bus_subway_trolley","Trolley / light rail",1036,119,28.348,28.029,-0.319
6308550102,"bus_subway_trolley","Subway / El",804,69,30.042,35.288,5.246
6308550105,"bus_subway_trolley","Subway / El",69,804,29.483,32.523,3.04
6313810101,"bus_subway_trolley","Bus / trolleybus",2018,1415,56.031,56.302,0.271
6345130202,"bus_subway_trolley","Subway / El",135,3212,49.465,48.746,-0.719
6347230106,"bus_subway_trolley","Bus / trolleybus",1409,78,42.096,44.683,2.587
6347230107,"bus_subway_trolley","Bus / trolleybus",78,88,13.277,14.021,0.744
6347230108,"bus_subway_trolley","Bus / trolleybus",88,11,18.333,21.369,3.035
6347230109,"bus_subway_trolley","Bus / trolleybus",11,89,19.848,21.167,1.319
6347230110,"bus_subway_trolley","Bus / trolleybus",89,1409,36.673,39.242,2.569
6350840101,"bus_subway_trolley","Bus / trolleybus",2632,2615,23.623,24.431,0.808
6350840102,"bus_subway_trolley","Subway / El",2615,90,39.908,51.367,11.458
6350840103,"bus_subway_trolley","Subway / El",90,12238,71.598,72.773,1.175
6350840104,"bus_subway_trolley","Bus / trolleybus",12238,2632,36.852,35.987,-0.865
6370220102,"bus_subway_trolley","Bus / trolleybus",1015,1040,21.05,20.55,-0.5
6371070102,"bus_subway_trolley","Subway / El",5019,4459,47.429,49.158,1.729
6371070103,"bus_subway_trolley","Subway / El",4459,92,36.6,39.85,3.25
6371070106,"bus_subway_trolley","Subway / El",92,4459,36.285,39.763,3.477
6371070107,"bus_subway_trolley","Subway / El",4459,5017,38.05,35.55,-2.5
6372400104,"bus_subway_trolley","Bus / trolleybus",1021,1031,23.25,26.692,3.442
6373320201,"bus_subway_trolley","Bus / trolleybus",2615,2810,29.017,31.267,2.25
6376070201,"bus_subway_trolley","Subway / El",10004,93,NA,NA,NA
6376070202,"bus_subway_trolley","Subway / El",93,10004,NA,NA,NA
6381290201,"bus_subway_trolley","Bus / trolleybus",16210,16046,36.533,36.533,0
6381290202,"bus_subway_trolley","Bus / trolleybus",16046,16210,57.633,57.633,0
6381700101,"bus_subway_trolley","Bus / trolleybus",4226,4206,23.958,21.146,-2.812
6381700103,"bus_subway_trolley","Bus / trolleybus",4034,4219,57.6,58.867,1.267
6394850101,"bus_subway_trolley","Bus / trolleybus",4820,4826,57.05,60.254,3.204
6394850102,"bus_subway_trolley","Bus / trolleybus",4826,4820,80.567,65.192,-15.375
6423360201,"bus_subway_trolley","Bus / trolleybus",1021,101,27.69,27.571,-0.119
6443950102,"bus_subway_trolley","Bus / trolleybus",59,103,17.729,20.042,2.312
6443950104,"bus_subway_trolley","Trolley / light rail",85,42,15.467,17.529,2.062
6453710102,"bus_subway_trolley","Bus / trolleybus",422,2020,56.7,57.7,1
6453710201,"bus_subway_trolley","Bus / trolleybus",2020,1235,45.875,47.958,2.083
6453710202,"bus_subway_trolley","Bus / trolleybus",1235,2020,39.967,45.217,5.25
6453710501,"bus_subway_trolley","Bus / trolleybus",2020,43,32.854,33.979,1.125
6453710502,"bus_subway_trolley","Bus / trolleybus",43,2020,37.008,40.615,3.606
6465820401,"bus_subway_trolley","Bus / trolleybus",1608,2628,40.631,43.725,3.094
6465820402,"bus_subway_trolley","Bus / trolleybus",2628,1608,41.142,43.3,2.158
6482360102,"bus_subway_trolley","Bus / trolleybus",847,85,22.504,26.26,3.756
6482360103,"bus_subway_trolley","Bus / trolleybus",85,10212,63.717,85.717,22
6482360105,"bus_subway_trolley","Bus / trolleybus",10215,4459,65.546,71.821,6.275
6482360106,"bus_subway_trolley","Bus / trolleybus",4459,76,36.5,37.75,1.25
6482360107,"bus_subway_trolley","Bus / trolleybus",76,3014,54.51,58.112,3.602
6489220101,"bus_subway_trolley","Subway / El",1021,411,43.996,46.392,2.396
6489220102,"bus_subway_trolley","Trolley / light rail",411,1024,40.39,40.729,0.34
6514630102,"bus_subway_trolley","Subway / El",11835,92,86.617,88.117,1.5
6514630108,"bus_subway_trolley","Subway / El",118,118,8.044,8.517,0.473
6516010101,"bus_subway_trolley","Subway / El",834,54,29.117,33.677,4.56
6516010104,"bus_subway_trolley","Subway / El",83,834,22.906,25.373,2.467
6516350101,"bus_subway_trolley","Bus / trolleybus",24,1030,25.192,27.742,2.55
6516350102,"bus_subway_trolley","Bus / trolleybus",1030,24,22.771,23.223,0.452
6516350202,"bus_subway_trolley","Subway / El",1030,44,17.356,18.5,1.144
6519710107,"bus_subway_trolley","Subway / El",804,41,28.017,30.267,2.25
6523030101,"bus_subway_trolley","Bus / trolleybus",16008,15819,NA,NA,NA
6523030102,"bus_subway_trolley","Bus / trolleybus",15819,15806,49.917,49.917,0
6535060101,"bus_subway_trolley","Trolley / light rail",1201,1030,30.729,29.95,-0.779
6535060102,"bus_subway_trolley","Subway / El",1030,1405,31.25,34.812,3.562
6535060103,"bus_subway_trolley","Subway / El",1405,74,31.752,33.34,1.588
6535060104,"bus_subway_trolley","Trolley / light rail",74,1201,34.358,36.15,1.792
6551990205,"bus_subway_trolley","Bus / trolleybus",4240,134,82.333,82.008,-0.325
6554200101,"bus_subway_trolley","Bus / trolleybus",2603,846,71.502,69.196,-2.306
6554200102,"bus_subway_trolley","Bus / trolleybus",846,73,29.817,35.008,5.192
6558670101,"bus_subway_trolley","Bus / trolleybus",3210,66,43.013,43.5,0.487
6560970101,"bus_subway_trolley","Bus / trolleybus",2411,419,39.085,41.633,2.548
6560970102,"bus_subway_trolley","Subway / El",419,2411,46.477,51.475,4.998
6564560102,"bus_subway_trolley","Trolley / light rail",46,1026,30.171,16.45,-13.721
6564560103,"bus_subway_trolley","Bus / trolleybus",1026,30,14.244,14.744,0.5
6564560208,"bus_subway_trolley","Bus / trolleybus",62,51,18.871,21.973,3.102
6564560211,"bus_subway_trolley","Bus / trolleybus",53,50,23.227,24.262,1.035
6577150102,"bus_subway_trolley","Subway / El",1610,116,46.779,50.831,4.052
6577150107,"bus_subway_trolley","Subway / El",116,1610,53.15,55.09,1.94
6578490102,"bus_subway_trolley","Subway / El",4459,1816,65.327,68.842,3.515
6578490105,"bus_subway_trolley","Subway / El",844,4459,44.483,47.596,3.113
6578490108,"bus_subway_trolley","Subway / El",836,1036,32.767,35.983,3.217
6578490111,"bus_subway_trolley","Subway / El",1036,4459,50.404,45.069,-5.335
6578490202,"bus_subway_trolley","Subway / El",4459,1036,32.067,33.817,1.75
6578490205,"bus_subway_trolley","Subway / El",1819,4448,60.737,88.092,27.354
6578490206,"bus_subway_trolley","Bus / trolleybus",4448,4448,16.033,17.283,1.25
6581680101,"bus_subway_trolley","Bus / trolleybus",122,91,22.269,29.021,6.752
6583630101,"bus_subway_trolley","Bus / trolleybus",1401,621,36.062,39.483,3.421
6583630104,"bus_subway_trolley","Bus / trolleybus",619,619,12.558,15.188,2.629
6595380202,"bus_subway_trolley","Subway / El",1035,76,18.75,21.75,3
6595380205,"bus_subway_trolley","Bus / trolleybus",59,85,15.967,17.2,1.233
6595380206,"bus_subway_trolley","Bus / trolleybus",85,1027,25.815,28.642,2.827
6604250201,"bus_subway_trolley","Subway / El",10209,10209,15.99,16.735,0.746
6611090102,"bus_subway_trolley","Subway / El",1026,1037,21.004,21.81,0.806
6655580101,"bus_subway_trolley","Bus / trolleybus",10007,10012,27.4,25.45,-1.95
6655580102,"bus_subway_trolley","Bus / trolleybus",10012,5019,44.754,58.417,13.663
6660390201,"bus_subway_trolley","Trolley / light rail",1015,414,36.673,37.729,1.056
6660390202,"bus_subway_trolley","Subway / El",414,61,31.017,35.258,4.242
6660390203,"bus_subway_trolley","Bus / trolleybus",61,1015,25.983,28.596,2.613
6660390301,"bus_subway_trolley","Trolley / light rail",1015,25,27.102,25.69,-1.413
6660390302,"bus_subway_trolley","Bus / trolleybus",25,1033,28.958,32.327,3.369
6661000401,"bus_subway_trolley","Bus / trolleybus",5003,5029,45.808,46.933,1.125
6661000402,"bus_subway_trolley","Bus / trolleybus",5029,5003,45.337,45.337,0
6691010101,"bus_subway_trolley","Trolley / light rail",1007,74,29.681,33.425,3.744
6691010102,"bus_subway_trolley","Subway / El",74,409,15.69,16.256,0.567
6691010103,"bus_subway_trolley","Subway / El",409,44,25.05,25.158,0.108
6691010106,"bus_subway_trolley","Subway / El",844,807,23.188,26.235,3.048
6691010108,"bus_subway_trolley","Subway / El",804,844,26.062,31.442,5.379
6691010109,"bus_subway_trolley","Bus / trolleybus",844,807,23.023,25.898,2.875
6691010202,"bus_subway_trolley","Subway / El",804,91,28.6,28.1,-0.5
6691010205,"bus_subway_trolley","Bus / trolleybus",839,842,33.275,26.933,-6.342
6691010206,"bus_subway_trolley","Bus / trolleybus",842,1007,34.8,39.99,5.19
6701330102,"bus_subway_trolley","Bus / trolleybus",2215,4459,49.05,48.8,-0.25
6701330103,"bus_subway_trolley","Subway / El",4459,10201,54,55.875,1.875
6701330104,"bus_subway_trolley","Bus / trolleybus",10201,10422,31.171,47.312,16.141
6701330105,"bus_subway_trolley","Bus / trolleybus",10422,10402,32.558,43.808,11.25
6701330110,"bus_subway_trolley","Bus / trolleybus",10402,10422,33.6,41.725,8.125
6722590301,"bus_subway_trolley","Bus / trolleybus",614,623,30.602,46.179,15.577
6722590302,"bus_subway_trolley","Bus / trolleybus",623,614,28.233,26.7,-1.533
6736590101,"bus_subway_trolley","Subway / El",97,1405,36.962,39.9,2.938
6736590202,"bus_subway_trolley","Subway / El",74,1405,22.754,22.171,-0.583
6736830102,"bus_subway_trolley","Bus / trolleybus",53,2434,67.933,72.273,4.34
6745010103,"bus_subway_trolley","Bus / trolleybus",92,134,13.325,15.394,2.069
6745010105,"bus_subway_trolley","Trolley / light rail",134,134,10.8,13.227,2.427
6752060104,"bus_subway_trolley","Bus / trolleybus",11613,11625,NA,NA,NA
6754790401,"bus_subway_trolley","Bus / trolleybus",2436,2407,49.933,51.794,1.861
6754790402,"bus_subway_trolley","Bus / trolleybus",2407,2436,36.002,38.696,2.694
6756010101,"bus_subway_trolley","Bus / trolleybus",4249,1014,78.692,82.917,4.225
6756010102,"bus_subway_trolley","Bus / trolleybus",1014,4249,84.858,85.358,0.5
6779660101,"bus_subway_trolley","Subway / El",1021,117,29.969,29.973,0.004
6779660102,"bus_subway_trolley","Subway / El",117,1021,31.031,33.183,2.152
6808990101,"bus_subway_trolley","Bus / trolleybus",97,38,22.083,28.371,6.288
6808990201,"bus_subway_trolley","Bus / trolleybus",97,56,19.081,25.152,6.071
6811760301,"bus_subway_trolley","Subway / El",10001,4459,48.112,41.175,-6.938
6811760302,"bus_subway_trolley","Subway / El",4459,72,37.9,37.4,-0.5
6819100103,"bus_subway_trolley","Bus / trolleybus",4423,4447,30.385,31.033,0.648
6819100104,"bus_subway_trolley","Bus / trolleybus",4447,1020,33.9,36.065,2.165
6821910102,"bus_subway_trolley","Subway / El",2423,93,40.319,42.85,2.531
6825030202,"bus_subway_trolley","Bus / trolleybus",139,3014,61.458,65.781,4.323
6825030203,"bus_subway_trolley","Trolley / light rail",3014,1040,56,55.25,-0.75
6825030206,"bus_subway_trolley","Bus / trolleybus",3014,406,60.619,68.677,8.058
6826830102,"bus_subway_trolley","Bus / trolleybus",96,5016,49.515,48.127,-1.387
6857600102,"bus_subway_trolley","Subway / El",59,816,28.89,31.094,2.204
6869210102,"bus_subway_trolley","Bus / trolleybus",68,839,31.7,34.046,2.346
6869210103,"bus_subway_trolley","Bus / trolleybus",839,34,35.783,37.11,1.327
6869210201,"bus_subway_trolley","Bus / trolleybus",34,93,21.552,22.35,0.798
6869210204,"bus_subway_trolley","Bus / trolleybus",93,34,18.885,20.206,1.321
6870450301,"bus_subway_trolley","Bus / trolleybus",1039,135,21.283,23.512,2.229
6870450302,"bus_subway_trolley","Bus / trolleybus",135,1039,32.071,31.152,-0.919
6873890101,"bus_subway_trolley","Trolley / light rail",1016,10010,49.7,52.133,2.433
6873890301,"bus_subway_trolley","Subway / El",1016,135,34.844,38.85,4.006
6873890302,"bus_subway_trolley","Subway / El",135,1016,39.775,41.5,1.725
6884110202,"bus_subway_trolley","Bus / trolleybus",16044,1028,NA,NA,NA
6887190204,"bus_subway_trolley","Bus / trolleybus",1025,122,21.925,22.788,0.863
6889290101,"bus_subway_trolley","Subway / El",834,58,20.775,23.4,2.625
6889290103,"bus_subway_trolley","Subway / El",58,834,20.06,25.887,5.827
6889290104,"bus_subway_trolley","Subway / El",834,8,26.86,24.529,-2.331
6907450304,"bus_subway_trolley","Bus / trolleybus",135,44,17.25,18.779,1.529
6910820204,"bus_subway_trolley","Subway / El",1036,4459,40.892,42.479,1.587
6910820205,"bus_subway_trolley","Trolley / light rail",4459,4806,56.719,57.362,0.644
6915610202,"bus_subway_trolley","Trolley / light rail",4444,4459,23.658,26.417,2.758
6915610203,"bus_subway_trolley","Subway / El",4459,76,36,36.75,0.75
6915610206,"bus_subway_trolley","Subway / El",76,76,9.988,9.265,-0.723
6915610207,"bus_subway_trolley","Trolley / light rail",76,76,7.665,9.244,1.579
6953780101,"bus_subway_trolley","Bus / trolleybus",2023,135,41.081,40.827,-0.254
6953780201,"bus_subway_trolley","Bus / trolleybus",2023,135,41.081,40.827,-0.254
6954690205,"bus_subway_trolley","Trolley / light rail",1040,1017,25.358,27.012,1.654
6955500103,"bus_subway_trolley","Bus / trolleybus",10422,10404,69.275,72.3,3.025
6955500104,"bus_subway_trolley","Bus / trolleybus",10404,10422,59.957,71.1,11.143
6955500105,"bus_subway_trolley","Bus / trolleybus",10422,10434,81.183,86.183,5
6978890101,"bus_subway_trolley","Bus / trolleybus",2415,2413,13.56,12.902,-0.658
6978890102,"bus_subway_trolley","Bus / trolleybus",2413,2606,31.212,29.333,-1.879
6978890103,"bus_subway_trolley","Bus / trolleybus",2606,2615,24.335,22.721,-1.615
6978890104,"bus_subway_trolley","Bus / trolleybus",2615,2415,20.275,21.025,0.75
6978890201,"bus_subway_trolley","Bus / trolleybus",2415,2615,15.315,16.431,1.117
6978890202,"bus_subway_trolley","Bus / trolleybus",2615,2415,21.15,20.15,-1
6991330101,"bus_subway_trolley","Bus / trolleybus",139,58,20.606,24.902,4.296
6991330102,"bus_subway_trolley","Bus / trolleybus",58,139,28.25,29.89,1.64
6991330202,"bus_subway_trolley","Bus / trolleybus",61,139,25.502,28.194,2.692
6992980106,"bus_subway_trolley","Bus / trolleybus",95,9,24.283,31.152,6.869
7009600101,"bus_subway_trolley","Bus / trolleybus",2424,12211,66.35,68.975,2.625
7009600102,"bus_subway_trolley","Bus / trolleybus",12211,12238,64.767,65.431,0.665
7009600104,"bus_subway_trolley","Bus / trolleybus",12238,2424,49.367,52.117,2.75
7018990101,"bus_subway_trolley","Subway / El",1016,137,33.233,37.431,4.198
7018990102,"bus_subway_trolley","Subway / El",137,1016,46.917,51.175,4.258
7059570101,"bus_subway_trolley","Subway / El",603,100,31.817,31.317,-0.5
7081300202,"bus_subway_trolley","Bus / trolleybus",1435,91,37.183,36.004,-1.179
7081300203,"bus_subway_trolley","Bus / trolleybus",91,2404,46.388,44.977,-1.41
7081300302,"bus_subway_trolley","Bus / trolleybus",1437,2404,36.317,37.867,1.55
7082240105,"bus_subway_trolley","Subway / El",1036,90,21.983,23.483,1.5
7083360202,"bus_subway_trolley","Bus / trolleybus",56,1818,35.356,39.379,4.023
7083360203,"bus_subway_trolley","Bus / trolleybus",1818,1023,44.383,48.542,4.158
7093280101,"bus_subway_trolley","Bus / trolleybus",17,133,31.621,31.492,-0.129
7093280102,"bus_subway_trolley","Bus / trolleybus",133,1225,34.817,37.017,2.2
7093280201,"bus_subway_trolley","Bus / trolleybus",17,133,31.621,31.492,-0.129
7093280202,"bus_subway_trolley","Bus / trolleybus",133,1225,34.817,37.017,2.2
7106040202,"bus_subway_trolley","Subway / El",90,2632,40.921,40.406,-0.515
7106040203,"bus_subway_trolley","Subway / El",2632,74,44.633,45.133,0.5
7108500202,"bus_subway_trolley","Bus / trolleybus",2211,2004,83.969,88.581,4.612
7108500402,"bus_subway_trolley","Bus / trolleybus",84,2004,68.742,69.45,0.708
7112300102,"bus_subway_trolley","Bus / trolleybus",4207,1012,78.88,88.687,9.807
7139750301,"bus_subway_trolley","Bus / trolleybus",2820,91,57.85,60.1,2.25
7139750302,"bus_subway_trolley","Bus / trolleybus",91,2820,69.875,71.713,1.838
7155170102,"bus_subway_trolley","Bus / trolleybus",1610,1610,8.771,9.171,0.4
7155170103,"bus_subway_trolley","Subway / El",1610,71,37.7,41.95,4.25
7155170104,"bus_subway_trolley","Subway / El",71,71,8.34,9.123,0.783
7155170105,"bus_subway_trolley","Subway / El",71,1406,25.29,26.792,1.502
7155170106,"bus_subway_trolley","Bus / trolleybus",1406,618,30.046,33.05,3.004
7155170107,"bus_subway_trolley","Bus / trolleybus",618,1607,49.767,NA,NA
7186030101,"bus_subway_trolley","Bus / trolleybus",7034,7021,41.067,41.067,0
7190080103,"bus_subway_trolley","Bus / trolleybus",5,414,35.508,36.696,1.188
7193950201,"bus_subway_trolley","Bus / trolleybus",3034,1206,89.883,86.883,-3
7193950202,"bus_subway_trolley","Subway / El",1206,3034,92.825,94.071,1.246
7196350102,"bus_subway_trolley","Trolley / light rail",1018,73,16.248,16.55,0.302
7196350104,"bus_subway_trolley","Trolley / light rail",90,1210,30.015,34.183,4.169
7200840101,"bus_subway_trolley","Bus / trolleybus",3401,3616,NA,NA,NA
7200840201,"bus_subway_trolley","Bus / trolleybus",3401,1610,66.15,35.271,-30.879
7200840202,"bus_subway_trolley","Subway / El",1610,1035,54.283,58.033,3.75
7200840205,"bus_subway_trolley","Subway / El",1035,76,21.25,23.467,2.217
7200840207,"bus_subway_trolley","Bus / trolleybus",80,814,30.119,32.017,1.898
7200840210,"bus_subway_trolley","Bus / trolleybus",814,76,30.669,30.85,0.181
7200840211,"bus_subway_trolley","Subway / El",76,1610,81.2,97.9,16.7
7200840212,"bus_subway_trolley","Bus / trolleybus",1610,3401,117.95,NA,NA
7200840301,"bus_subway_trolley","Bus / trolleybus",3401,3610,36.633,NA,NA
7218350101,"bus_subway_trolley","Bus / trolleybus",74,10012,60.223,64.748,4.525
7218350102,"bus_subway_trolley","Bus / trolleybus",10012,4459,47.567,55.175,7.608
7218350201,"bus_subway_trolley","Bus / trolleybus",4453,5053,88.573,96.117,7.544
7218350202,"bus_subway_trolley","Bus / trolleybus",5053,4459,65.003,83.5,18.497
7218350301,"bus_subway_trolley","Bus / trolleybus",1225,4459,46.017,44.906,-1.11
7225010102,"bus_subway_trolley","Bus / trolleybus",59,5,19.127,23.573,4.446
7225010202,"bus_subway_trolley","Bus / trolleybus",59,38,12.927,13.733,0.806
7230170102,"bus_subway_trolley","Subway / El",5017,98,68.85,65.35,-3.5
7230170104,"bus_subway_trolley","Subway / El",76,98,10.275,8.252,-2.023
7238160101,"bus_subway_trolley","Bus / trolleybus",1225,1026,31.004,30.779,-0.225
7238160102,"bus_subway_trolley","Bus / trolleybus",1026,1027,24.488,26.256,1.769
7238160103,"bus_subway_trolley","Bus / trolleybus",1027,1225,29.396,31.381,1.985
7238160104,"bus_subway_trolley","Bus / trolleybus",1225,1031,30.452,30.488,0.035
7238160105,"bus_subway_trolley","Bus / trolleybus",1031,1225,29.454,26.492,-2.963
7238160205,"bus_subway_trolley","Bus / trolleybus",1040,1225,40.183,35.169,-5.015
7238160301,"bus_subway_trolley","Bus / trolleybus",1225,1035,31.756,34.477,2.721
7238160303,"bus_subway_trolley","Bus / trolleybus",1211,1233,32.41,33.146,0.735
7238160304,"bus_subway_trolley","Bus / trolleybus",1233,1225,18.179,17.86,-0.319
7244310102,"bus_subway_trolley","Bus / trolleybus",8009,85,103.1,99.057,-4.043
7259750101,"bus_subway_trolley","Bus / trolleybus",810,60,23.194,26.819,3.625
7259750201,"bus_subway_trolley","Bus / trolleybus",91,811,33.029,33.25,0.221
7259750202,"bus_subway_trolley","Bus / trolleybus",811,803,17.863,15.446,-2.417
7259750203,"bus_subway_trolley","Bus / trolleybus",803,817,23.465,22.392,-1.073
7272680101,"bus_subway_trolley","Bus / trolleybus",56,56,8.696,7.915,-0.781
7281760101,"bus_subway_trolley","Bus / trolleybus",1021,91,25.3,29.392,4.092
7281760102,"bus_subway_trolley","Bus / trolleybus",91,1021,30.573,25.577,-4.996
7286230101,"bus_subway_trolley","Bus / trolleybus",138,38,28.367,34.429,6.063
7286230103,"bus_subway_trolley","Bus / trolleybus",90,138,22.658,23.856,1.198
7294550301,"bus_subway_trolley","Bus / trolleybus",3406,133,78.948,77.815,-1.133
7296440110,"bus_subway_trolley","Bus / trolleybus",92,2210,NA,NA,NA
7296440111,"bus_subway_trolley","Bus / trolleybus",2210,92,NA,NA,NA
7306590104,"bus_subway_trolley","Bus / trolleybus",69,3222,79.365,NA,NA
7318400101,"bus_subway_trolley","Subway / El",5009,96,40.435,41.206,0.771
7318400102,"bus_subway_trolley","Subway / El",96,5009,37.642,35.767,-1.875
7321150102,"bus_subway_trolley","Bus / trolleybus",841,834,20.483,27.733,7.25
7321150103,"bus_subway_trolley","Bus / trolleybus",834,2622,47.1,47.358,0.258
7321150104,"bus_subway_trolley","Bus / trolleybus",2622,2801,48.621,55.042,6.421
7321150106,"bus_subway_trolley","Bus / trolleybus",2807,2618,47.754,55.481,7.727
7321150108,"bus_subway_trolley","Bus / trolleybus",2622,834,49.983,52.233,2.25
7321150109,"bus_subway_trolley","Bus / trolleybus",834,840,19.967,21.548,1.581
7327690103,"bus_subway_trolley","Bus / trolleybus",42,13,19.062,22.817,3.754
7343290302,"bus_subway_trolley","Bus / trolleybus",103,74,8.412,9.342,0.929
7347290102,"bus_subway_trolley","Subway / El",2622,41,33.367,36.179,2.812
7347290105,"bus_subway_trolley","Subway / El",41,2618,39.967,40.381,0.415
7368370102,"bus_subway_trolley","Subway / El",1401,4454,61.929,66.175,4.246
7368370103,"bus_subway_trolley","Subway / El",4454,76,28,31.75,3.75
7368370104,"bus_subway_trolley","Bus / trolleybus",76,133,18.204,15.635,-2.569
7368370105,"bus_subway_trolley","Subway / El",133,426,42.817,43.067,0.25
7385020103,"bus_subway_trolley","Bus / trolleybus",23,1037,27.825,32.004,4.179
7385020105,"bus_subway_trolley","Subway / El",1036,22,29.923,33.992,4.069
7385840101,"bus_subway_trolley","Bus / trolleybus",83,3423,89.715,91.715,2
7385840102,"bus_subway_trolley","Subway / El",3423,70,84.617,90.117,5.5
7385840103,"bus_subway_trolley","Subway / El",70,78,14.64,14.312,-0.327
7385840104,"bus_subway_trolley","Subway / El",78,431,32.188,34.525,2.337
7385840202,"bus_subway_trolley","Subway / El",88,431,32.323,35.367,3.044
7413510101,"bus_subway_trolley","Bus / trolleybus",4025,4207,61.65,61.65,0
7413510201,"bus_subway_trolley","Bus / trolleybus",4236,4207,55.525,62.55,7.025
7422620101,"bus_subway_trolley","Bus / trolleybus",2814,74,64.81,70.915,6.104
7430200101,"bus_subway_trolley","Bus / trolleybus",2410,1610,46.381,51.877,5.496
7430200201,"bus_subway_trolley","Bus / trolleybus",1233,1610,62.212,72.833,10.621
7433810103,"bus_subway_trolley","Bus / trolleybus",1224,1210,21.523,23.233,1.71
7454250102,"bus_subway_trolley","Bus / trolleybus",1009,73,31.6,35.75,4.15
7454250106,"bus_subway_trolley","Subway / El",71,1213,21.917,22.238,0.321
7454250107,"bus_subway_trolley","Bus / trolleybus",1213,1215,9.815,12.19,2.375
7454250202,"bus_subway_trolley","Bus / trolleybus",1009,90,34.733,35.483,0.75
7454250207,"bus_subway_trolley","Bus / trolleybus",71,1213,20.863,20.39,-0.473
7456980101,"bus_subway_trolley","Subway / El",1031,5020,63.817,67.456,3.64
7456980102,"bus_subway_trolley","Subway / El",5020,1031,48.346,49.596,1.25
7490830101,"bus_subway_trolley","Bus / trolleybus",3622,3612,39.733,31.308,-8.425
7490830102,"bus_subway_trolley","Bus / trolleybus",3612,3622,29.05,31.3,2.25
7490830201,"bus_subway_trolley","Bus / trolleybus",3622,15603,60.102,62.835,2.733
7490830202,"bus_subway_trolley","Bus / trolleybus",15603,3612,33.746,47.038,13.292
7490830203,"bus_subway_trolley","Bus / trolleybus",3612,3622,27.321,28.781,1.46
10003630201,"bus_subway_trolley","Subway / El",603,76,30.6,29.85,-0.75
10003630202,"bus_subway_trolley","Subway / El",76,103,17.625,16.735,-0.89
10003630203,"bus_subway_trolley","Subway / El",103,603,27.6,31.044,3.444
10024340103,"bus_subway_trolley","Bus / trolleybus",103,74,8.469,8.488,0.019
10153090101,"bus_subway_trolley","Bus / trolleybus",422,1616,59.885,62.575,2.69
10153090102,"bus_subway_trolley","Bus / trolleybus",1616,422,58.679,60.375,1.696
10231310105,"bus_subway_trolley","Trolley / light rail",11646,11646,59.275,64.825,5.55
10242350101,"bus_subway_trolley","Bus / trolleybus",1035,417,42.129,42.467,0.337
10242350201,"bus_subway_trolley","Bus / trolleybus",2606,15214,NA,NA,NA
10242350202,"bus_subway_trolley","Bus / trolleybus",15214,417,NA,NA,NA
10283530301,"bus_subway_trolley","Bus / trolleybus",622,1601,27.55,29.967,2.417
10283530302,"bus_subway_trolley","Bus / trolleybus",1601,622,27.715,29.442,1.727
10285100101,"bus_subway_trolley","Bus / trolleybus",1001,846,39.206,42.573,3.367
10285100102,"bus_subway_trolley","Bus / trolleybus",846,46,29.996,34.737,4.742
10285100103,"bus_subway_trolley","Bus / trolleybus",46,2023,44.092,39.296,-4.796
10285100104,"bus_subway_trolley","Trolley / light rail",2023,2018,12.525,13.65,1.125
10285100105,"bus_subway_trolley","Trolley / light rail",2018,1001,23.217,23.575,0.358
10293830102,"bus_subway_trolley","Trolley / light rail",1031,1021,17.927,19.65,1.723
10293830103,"bus_subway_trolley","Trolley / light rail",1021,1014,29.015,31.267,2.252
10303490101,"bus_subway_trolley","Bus / trolleybus",128,52,25.062,30,4.938
10303490102,"bus_subway_trolley","Bus / trolleybus",52,3221,63.167,74.888,11.721
10303490103,"bus_subway_trolley","Bus / trolleybus",3221,1026,NA,61.423,NA
10303490104,"bus_subway_trolley","Subway / El",1026,401,29.45,30.113,0.663
10303490105,"bus_subway_trolley","Trolley / light rail",401,128,12.806,12.906,0.1
10303490106,"bus_subway_trolley","Bus / trolleybus",128,36,25.465,31.617,6.152
10308930204,"bus_subway_trolley","Bus / trolleybus",10019,96,66.01,77.317,11.306
10308930205,"bus_subway_trolley","Bus / trolleybus",96,10019,64.558,67.123,2.565
10308930206,"bus_subway_trolley","Bus / trolleybus",10019,108,63.233,74.85,11.617
10308930207,"bus_subway_trolley","Bus / trolleybus",108,10019,NA,73.517,NA
10381140103,"bus_subway_trolley","Bus / trolleybus",3208,1415,39.154,47.365,8.21
10381140104,"bus_subway_trolley","Subway / El",1415,103,33.985,37.742,3.756
10381140105,"bus_subway_trolley","Bus / trolleybus",103,3208,41.533,46.183,4.65
10416920101,"bus_subway_trolley","Bus / trolleybus",3,1415,39.2,39.677,0.477
10512930203,"bus_subway_trolley","Bus / trolleybus",103,141,23.565,28.031,4.467
10512930302,"bus_subway_trolley","Subway / El",134,2615,28.581,30.579,1.998
10516820202,"bus_subway_trolley","Bus / trolleybus",4804,7059,NA,NA,NA
10516820203,"bus_subway_trolley","Bus / trolleybus",7059,4804,NA,NA,NA
10541430105,"bus_subway_trolley","Bus / trolleybus",2402,1428,23.208,20.521,-2.688
10541430109,"bus_subway_trolley","Bus / trolleybus",831,804,24.035,25.221,1.185
10541430110,"bus_subway_trolley","Bus / trolleybus",804,803,15.325,16.521,1.196
10541430113,"bus_subway_trolley","Bus / trolleybus",803,808,12.323,14.469,2.146
10541430114,"bus_subway_trolley","Bus / trolleybus",808,804,29.073,33.125,4.052
10541430115,"bus_subway_trolley","Bus / trolleybus",804,2402,60.254,68.775,8.521
10716540102,"bus_subway_trolley","Bus / trolleybus",2614,2801,44.608,46.875,2.267
10716540103,"bus_subway_trolley","Bus / trolleybus",2801,2622,43.89,43.51,-0.379
10716540105,"bus_subway_trolley","Bus / trolleybus",2423,1626,42.458,48.194,5.735
10716540108,"bus_subway_trolley","Bus / trolleybus",11622,2801,NA,NA,NA
10716540202,"bus_subway_trolley","Bus / trolleybus",1626,2801,35.177,35.356,0.179
10717170102,"bus_subway_trolley","Trolley / light rail",1021,76,22.25,26.808,4.558
10717170105,"bus_subway_trolley","Trolley / light rail",72,1016,26.69,31.179,4.49
10728430104,"bus_subway_trolley","Bus / trolleybus",103,140,21.296,25.66,4.365
10733780301,"bus_subway_trolley","Bus / trolleybus",626,3034,59.196,65.329,6.133
10733780302,"bus_subway_trolley","Bus / trolleybus",3034,626,67.773,73.246,5.473
10767710306,"bus_subway_trolley","Bus / trolleybus",12430,12015,48.833,NA,NA
10767710309,"bus_subway_trolley","Bus / trolleybus",12015,12430,44.083,NA,NA
10767710314,"bus_subway_trolley","Subway / El",1036,69,32.967,37.467,4.5
10886840101,"bus_subway_trolley","Bus / trolleybus",3624,89,79.938,96.938,17
10886840102,"bus_subway_trolley","Bus / trolleybus",89,3409,67.029,73.333,6.304
10886840103,"bus_subway_trolley","Bus / trolleybus",3409,76,80.812,80.779,-0.033
10886840105,"bus_subway_trolley","Bus / trolleybus",71,3624,81.081,107.631,26.55
10983270104,"bus_subway_trolley","Bus / trolleybus",2411,1428,26.758,26.8,0.042
10983270105,"bus_subway_trolley","Subway / El",1428,69,24.775,27.49,2.715
10983270109,"bus_subway_trolley","Subway / El",69,1428,20.148,19.556,-0.592
10983270110,"bus_subway_trolley","Bus / trolleybus",1428,2411,29.025,32.454,3.429
10983270202,"bus_subway_trolley","Bus / trolleybus",2411,1428,38.476,35.045,-3.431
10983270203,"bus_subway_trolley","Subway / El",1428,41,29.992,30.96,0.969
10983270206,"bus_subway_trolley","Subway / El",41,1428,27.129,29.856,2.727
10983270207,"bus_subway_trolley","Bus / trolleybus",1428,2411,31.002,30.5,-0.502
11028550101,"bus_subway_trolley","Bus / trolleybus",2401,1816,62.081,67.144,5.062
11028550102,"bus_subway_trolley","Bus / trolleybus",1816,1222,66.31,71.067,4.757
11028550103,"bus_subway_trolley","Bus / trolleybus",1222,2218,32.408,38.383,5.975
11056340101,"bus_subway_trolley","Bus / trolleybus",10402,12036,59.55,56.925,-2.625
11056340102,"bus_subway_trolley","Bus / trolleybus",12036,10402,33.642,41.967,8.325
11065170302,"bus_subway_trolley","Bus / trolleybus",4414,4420,12.312,17.15,4.837
11097420101,"bus_subway_trolley","Bus / trolleybus",1440,91,32.298,33.015,0.717
11097420102,"bus_subway_trolley","Bus / trolleybus",91,1440,42.367,42.665,0.298
11126420102,"bus_subway_trolley","Bus / trolleybus",822,830,14.923,15.285,0.363
11126420104,"bus_subway_trolley","Bus / trolleybus",85,825,31.887,38.39,6.502
11193150101,"bus_subway_trolley","Bus / trolleybus",433,433,8.206,9.825,1.619
11193150301,"bus_subway_trolley","Bus / trolleybus",433,415,16.367,16.973,0.606
11193150302,"bus_subway_trolley","Bus / trolleybus",415,433,17.144,18.381,1.238
11196660401,"bus_subway_trolley","Subway / El",11843,414,NA,NA,NA
11203010101,"bus_subway_trolley","Subway / El",2626,74,42.696,45.383,2.688
11203010107,"bus_subway_trolley","Subway / El",57,2622,41.069,41.267,0.198
11230090202,"bus_subway_trolley","Subway / El",1610,91,40.35,46.86,6.51
11230090203,"bus_subway_trolley","Subway / El",91,3003,58.515,56.804,-1.71
11313060201,"bus_subway_trolley","Bus / trolleybus",2802,75,52.058,54.4,2.342
11313060202,"bus_subway_trolley","Bus / trolleybus",75,2802,62.665,61.562,-1.102
11374790102,"bus_subway_trolley","Subway / El",5050,4459,35.467,35.467,0
11374790103,"bus_subway_trolley","Subway / El",4459,87,38.35,39.85,1.5
11374790106,"bus_subway_trolley","Subway / El",87,4459,36.558,41,4.442
11374790107,"bus_subway_trolley","Subway / El",4459,5050,40.175,40.175,0
11470540108,"bus_subway_trolley","Bus / trolleybus",1011,1818,49.602,51.002,1.4
11470540109,"bus_subway_trolley","Bus / trolleybus",1818,1006,31.5,35.183,3.683
11662350104,"bus_subway_trolley","Bus / trolleybus",3019,3031,31.967,36.894,4.927
11662350105,"bus_subway_trolley","Bus / trolleybus",3031,3012,38.044,39.543,1.499
11712980102,"bus_subway_trolley","Bus / trolleybus",74,71,7.35,9.6,2.25
11816680101,"bus_subway_trolley","Subway / El",4450,87,37.1,41.696,4.596
11816680102,"bus_subway_trolley","Subway / El",87,4450,40.36,43.663,3.302
11928380302,"bus_subway_trolley","Bus / trolleybus",3031,2817,37.51,42.035,4.525
11928380304,"bus_subway_trolley","Bus / trolleybus",3031,2809,22.167,26.633,4.467
11988050101,"bus_subway_trolley","Bus / trolleybus",435,25,49.354,50.625,1.271
11988050102,"bus_subway_trolley","Bus / trolleybus",25,435,51.381,47.794,-3.587
11988050201,"bus_subway_trolley","Bus / trolleybus",435,435,12.592,12.592,0
11988050501,"bus_subway_trolley","Bus / trolleybus",843,435,62.51,63.196,0.685
11988050601,"bus_subway_trolley","Bus / trolleybus",843,435,62.51,63.196,0.685
11988790201,"bus_subway_trolley","Trolley / light rail",15624,414,106.567,145.008,38.442
12010950302,"bus_subway_trolley","Bus / trolleybus",4814,1014,100.633,92.823,-7.81
12010950305,"bus_subway_trolley","Bus / trolleybus",1017,1017,7.948,9.769,1.821
12024070101,"bus_subway_trolley","Subway / El",1013,1013,NA,NA,NA
12024100303,"bus_subway_trolley","Bus / trolleybus",7,2209,60.413,63.508,3.096
12091100102,"bus_subway_trolley","Bus / trolleybus",98,10011,123.7,NA,NA
12105620205,"bus_subway_trolley","Bus / trolleybus",85,71,9.556,14.592,5.035
12105620402,"bus_subway_trolley","Bus / trolleybus",31,21,26.758,26.396,-0.363
12119850401,"bus_subway_trolley","Subway / El",1039,5009,40.017,48.267,8.25
12119850402,"bus_subway_trolley","Subway / El",5009,1039,41.779,48.102,6.323
12129060101,"bus_subway_trolley","Bus / trolleybus",2407,2614,32.565,35.86,3.296
12129060102,"bus_subway_trolley","Bus / trolleybus",2614,2401,46.817,46.208,-0.608
12237930101,"bus_subway_trolley","Bus / trolleybus",842,88,24.804,24.508,-0.296
12237930105,"bus_subway_trolley","Bus / trolleybus",88,842,23.642,26.667,3.025
12237930201,"bus_subway_trolley","Bus / trolleybus",842,126,23.246,23.258,0.012
12237930203,"bus_subway_trolley","Bus / trolleybus",88,40,13.85,14.992,1.142
12237930204,"bus_subway_trolley","Bus / trolleybus",40,842,25.654,24.587,-1.067
12237930301,"bus_subway_trolley","Bus / trolleybus",842,88,24.804,24.508,-0.296
12237930302,"bus_subway_trolley","Bus / trolleybus",88,40,13.85,14.992,1.142
12237930303,"bus_subway_trolley","Bus / trolleybus",40,842,25.427,24.087,-1.34
12289130103,"bus_subway_trolley","Bus / trolleybus",101,103,10.398,10.844,0.446
12425930102,"bus_subway_trolley","Trolley / light rail",5019,4459,46.875,50.446,3.571
12425930103,"bus_subway_trolley","Subway / El",4459,76,35.75,37.75,2
12425930106,"bus_subway_trolley","Subway / El",76,4459,36.854,37.696,0.842
12425930107,"bus_subway_trolley","Trolley / light rail",4459,5019,39.208,40.692,1.483
12583270202,"bus_subway_trolley","Bus / trolleybus",10427,12411,45.242,51.367,6.125
12583270203,"bus_subway_trolley","Bus / trolleybus",12411,10427,48.925,51.719,2.794
12583270302,"bus_subway_trolley","Bus / trolleybus",10427,12411,45.242,51.367,6.125
12583270303,"bus_subway_trolley","Bus / trolleybus",12411,10427,48.925,51.719,2.794
12583270402,"bus_subway_trolley","Bus / trolleybus",10427,12411,45.242,51.367,6.125
12583270403,"bus_subway_trolley","Bus / trolleybus",12411,10427,48.925,51.719,2.794
12688310207,"bus_subway_trolley","Subway / El",1610,401,40.583,47.083,6.5
12765360101,"bus_subway_trolley","Bus / trolleybus",142,74,30.842,28.417,-2.425
12783680105,"bus_subway_trolley","Bus / trolleybus",1440,2407,28.19,24.977,-3.212
12783680108,"bus_subway_trolley","Bus / trolleybus",2417,2417,18.771,20.76,1.99
12784730101,"bus_subway_trolley","Bus / trolleybus",10426,10410,32.842,48.848,16.006
12852100101,"bus_subway_trolley","Bus / trolleybus",844,804,16.892,18.142,1.25
12852100102,"bus_subway_trolley","Bus / trolleybus",804,834,21.296,24.617,3.321
12852100104,"bus_subway_trolley","Bus / trolleybus",844,40,17.99,17.45,-0.54
12852100106,"bus_subway_trolley","Bus / trolleybus",40,844,15.6,17.067,1.467
12904600101,"bus_subway_trolley","Subway / El",1605,94,42.792,44.417,1.625
12904600103,"bus_subway_trolley","Subway / El",98,1605,41.117,45.617,4.5
12918480301,"bus_subway_trolley","Bus / trolleybus",4231,5029,95.683,92.058,-3.625
12918480302,"bus_subway_trolley","Bus / trolleybus",5029,4231,100.265,104.769,4.504
12951000103,"bus_subway_trolley","Bus / trolleybus",96,88,11.504,12.104,0.6
12951000104,"bus_subway_trolley","Bus / trolleybus",88,71,7.917,8.823,0.906
12951000105,"bus_subway_trolley","Bus / trolleybus",71,1435,38.956,47.496,8.54
12951000106,"bus_subway_trolley","Bus / trolleybus",1435,3216,72.379,71.854,-0.525
12988510201,"bus_subway_trolley","Bus / trolleybus",4436,81,64.781,67.453,2.672
12988510202,"bus_subway_trolley","Bus / trolleybus",81,4436,50.677,56.14,5.462
13028350101,"bus_subway_trolley","Bus / trolleybus",14605,14620,NA,NA,NA
13054210103,"bus_subway_trolley","Bus / trolleybus",2441,2436,33.717,38.275,4.558
13084440201,"bus_subway_trolley","Bus / trolleybus",2610,1420,56.983,56.983,0
13084440202,"bus_subway_trolley","Bus / trolleybus",1420,2610,41.212,48.377,7.165
13205640201,"bus_subway_trolley","Subway / El",844,66,21.396,25.262,3.867
13205640202,"bus_subway_trolley","Subway / El",66,844,29.4,33.779,4.379
13249230101,"bus_subway_trolley","Subway / El",3003,621,36.627,35.375,-1.252
13252800201,"bus_subway_trolley","Bus / trolleybus",817,95,27.594,33.308,5.715
13255850102,"bus_subway_trolley","Bus / trolleybus",3208,88,50.004,54.592,4.587
13271810402,"bus_subway_trolley","Bus / trolleybus",4459,10212,50.467,58.467,8
13271810405,"bus_subway_trolley","Bus / trolleybus",10219,10219,16.642,15.287,-1.354
13277160201,"bus_subway_trolley","Subway / El",817,41,21.233,24.108,2.875
13277160202,"bus_subway_trolley","Subway / El",41,817,24.917,18.183,-6.733
13304030102,"bus_subway_trolley","Bus / trolleybus",3405,1624,36.275,60.283,24.008
13304030106,"bus_subway_trolley","Bus / trolleybus",1624,3405,31.929,33.375,1.446
13304030302,"bus_subway_trolley","Bus / trolleybus",3408,1610,56.06,50.617,-5.443
13304030303,"bus_subway_trolley","Subway / El",1610,76,40.1,47.908,7.808
13304030306,"bus_subway_trolley","Subway / El",76,1610,44.452,44.108,-0.344
13304030307,"bus_subway_trolley","Bus / trolleybus",1610,3405,51.479,58.375,6.896
13561360101,"bus_subway_trolley","Bus / trolleybus",1228,38,29.671,34.867,5.196
13561360102,"bus_subway_trolley","Bus / trolleybus",38,57,14.473,18.696,4.223
13561360104,"bus_subway_trolley","Subway / El",72,625,28.5,30.25,1.75
13561360105,"bus_subway_trolley","Subway / El",625,38,42.119,44.806,2.688
13561360106,"bus_subway_trolley","Bus / trolleybus",38,113,25.05,24.846,-0.204
13561360107,"bus_subway_trolley","Bus / trolleybus",113,1228,34.5,33.671,-0.829
13602530101,"bus_subway_trolley","Bus / trolleybus",3415,1816,115.946,124.35,8.404
13629790101,"bus_subway_trolley","Bus / trolleybus",75,36,13.75,14.694,0.944
13629790102,"bus_subway_trolley","Bus / trolleybus",36,75,18.442,19.942,1.5
13665150202,"bus_subway_trolley","Subway / El",1432,41,31.367,34.242,2.875
13665150203,"bus_subway_trolley","Bus / trolleybus",41,3202,46.623,51.471,4.848
13665150205,"bus_subway_trolley","Bus / trolleybus",3201,1420,17.4,22.752,5.352
13701130101,"bus_subway_trolley","Bus / trolleybus",103,97,7.152,8.375,1.223
13701130102,"bus_subway_trolley","Bus / trolleybus",97,57,18.479,22.46,3.981
13701130103,"bus_subway_trolley","Bus / trolleybus",57,92,14.227,15.048,0.821
13702340102,"bus_subway_trolley","Bus / trolleybus",1423,1215,48.275,46.775,-1.5
13702340103,"bus_subway_trolley","Bus / trolleybus",1215,2806,71.281,71.529,0.248
13702340105,"bus_subway_trolley","Bus / trolleybus",1026,1423,36.779,37.8,1.021
13772340101,"bus_subway_trolley","Bus / trolleybus",101,85,13.029,13.017,-0.013
13772340102,"bus_subway_trolley","Bus / trolleybus",85,101,10.048,10.298,0.25
13791240101,"bus_subway_trolley","Bus / trolleybus",2635,2620,47.483,47.483,0
13791240102,"bus_subway_trolley","Bus / trolleybus",2620,1610,50.625,52.627,2.002
13791240105,"bus_subway_trolley","Bus / trolleybus",2817,1610,32.998,33.873,0.875
13791240106,"bus_subway_trolley","Bus / trolleybus",1610,2615,35.298,42.006,6.708
13791240107,"bus_subway_trolley","Bus / trolleybus",2615,2635,39.663,42.533,2.871
13835240103,"bus_subway_trolley","Bus / trolleybus",1215,1214,15.629,16.312,0.683
13835240104,"bus_subway_trolley","Bus / trolleybus",1214,1215,14.883,14.875,-0.008
13835240106,"bus_subway_trolley","Bus / trolleybus",1222,1215,25.9,26.833,0.933
13861880101,"bus_subway_trolley","Bus / trolleybus",2213,2217,27.225,23.66,-3.565
13861880102,"bus_subway_trolley","Bus / trolleybus",2217,2213,26.129,32.033,5.904
13861880103,"bus_subway_trolley","Bus / trolleybus",2213,98,49.663,47.413,-2.25
13861880104,"bus_subway_trolley","Bus / trolleybus",98,2213,45.283,47.327,2.044
13885570102,"bus_subway_trolley","Bus / trolleybus",88,403,23.519,27.375,3.856
13888660105,"bus_subway_trolley","Bus / trolleybus",84,118,11.048,10.775,-0.273
14027620104,"bus_subway_trolley","Bus / trolleybus",621,627,24,28.296,4.296
14082550201,"bus_subway_trolley","Bus / trolleybus",27,71,26.94,27.44,0.5
14082550203,"bus_subway_trolley","Bus / trolleybus",90,27,25.133,26.942,1.808
14109230201,"bus_subway_trolley","Bus / trolleybus",139,96,18.002,17.275,-0.727
14109230203,"bus_subway_trolley","Bus / trolleybus",100,139,16.35,18.321,1.971
14197380101,"bus_subway_trolley","Bus / trolleybus",3404,12207,63.14,92.858,29.719
14197380102,"bus_subway_trolley","Bus / trolleybus",12207,2825,79.775,96.427,16.652
14197380103,"bus_subway_trolley","Bus / trolleybus",2825,3404,47.483,51.925,4.442
14231890102,"bus_subway_trolley","Bus / trolleybus",100,47,15.292,14.969,-0.323
14259240301,"bus_subway_trolley","Bus / trolleybus",2820,32,59.81,59.967,0.156
14259240303,"bus_subway_trolley","Bus / trolleybus",88,1610,41.202,46.404,5.202
14292220102,"bus_subway_trolley","Bus / trolleybus",430,1418,19.817,21.05,1.233
14292220202,"bus_subway_trolley","Bus / trolleybus",430,1418,19.817,21.05,1.233
14409980107,"bus_subway_trolley","Bus / trolleybus",57,15,15.002,14.885,-0.117
14409980202,"bus_subway_trolley","Subway / El",69,1036,14.017,15.017,1
14409980205,"bus_subway_trolley","Subway / El",1030,1030,6.315,8.356,2.042
14515470101,"bus_subway_trolley","Bus / trolleybus",2414,2435,43.013,55.263,12.25
14515470102,"bus_subway_trolley","Bus / trolleybus",2435,67,62.148,65.602,3.454
14515470104,"bus_subway_trolley","Subway / El",51,2414,61.025,64.502,3.477
14561950202,"bus_subway_trolley","Trolley / light rail",5044,4459,NA,NA,NA
14561950203,"bus_subway_trolley","Subway / El",4459,71,36.1,39.6,3.5
14644900103,"bus_subway_trolley","Bus / trolleybus",3,98,25.202,27.002,1.8
14644900104,"bus_subway_trolley","Bus / trolleybus",98,3,29.202,35.35,6.148
14717270101,"bus_subway_trolley","Bus / trolleybus",1228,1225,28.444,33.062,4.619
14717270102,"bus_subway_trolley","Bus / trolleybus",1225,1228,28.417,29.917,1.5
14729440302,"bus_subway_trolley","Bus / trolleybus",5023,4461,58.885,57.923,-0.962
14729440501,"bus_subway_trolley","Bus / trolleybus",4421,5023,60.325,65.825,5.5
14729440502,"bus_subway_trolley","Bus / trolleybus",5023,4461,59.052,60.69,1.638
14795400101,"bus_subway_trolley","Bus / trolleybus",846,66,24.858,29.677,4.819
14795400102,"bus_subway_trolley","Bus / trolleybus",66,846,29.469,34.231,4.763
14887230102,"bus_subway_trolley","Bus / trolleybus",80,3027,61.742,66.173,4.431
14887230104,"bus_subway_trolley","Bus / trolleybus",814,92,30.392,33.215,2.823
14902100102,"bus_subway_trolley","Subway / El",408,1030,33.273,32.023,-1.25
14922300102,"bus_subway_trolley","Bus / trolleybus",5004,4459,33.337,33.471,0.133
14922300103,"bus_subway_trolley","Subway / El",4459,1036,34.317,36.817,2.5
14922300108,"bus_subway_trolley","Subway / El",1036,4459,38.638,42.092,3.454
14922300109,"bus_subway_trolley","Bus / trolleybus",4459,5010,28.402,32.129,3.727
16626740102,"bus_subway_trolley","Bus / trolleybus",829,808,24.244,36.646,12.402
16626740103,"bus_subway_trolley","Bus / trolleybus",808,10214,88.817,95.9,7.083
16626740104,"bus_subway_trolley","Bus / trolleybus",10214,91,68.777,80.3,11.523
16626740106,"bus_subway_trolley","Subway / El",74,834,17.796,17.233,-0.562
16626740202,"bus_subway_trolley","Subway / El",834,90,27.681,32.625,4.944
16626740204,"bus_subway_trolley","Bus / trolleybus",68,2210,NA,NA,NA
16648230101,"bus_subway_trolley","Bus / trolleybus",3031,83,75.181,76.85,1.669
16649670102,"bus_subway_trolley","Subway / El",1619,1610,33.483,33.483,0
16649670103,"bus_subway_trolley","Bus / trolleybus",1610,44,48.342,53.869,5.527
16649670104,"bus_subway_trolley","Bus / trolleybus",44,1018,25.573,21.935,-3.637
16649670105,"bus_subway_trolley","Bus / trolleybus",1018,1018,10.192,10.292,0.1
16649670106,"bus_subway_trolley","Subway / El",1018,1610,49.154,53.592,4.438
16649670107,"bus_subway_trolley","Bus / trolleybus",1610,1619,27.333,30.192,2.858
16652140101,"bus_subway_trolley","Bus / trolleybus",823,840,24.117,31.692,7.575
16689570104,"bus_subway_trolley","Bus / trolleybus",26,842,29.942,28.267,-1.675
16704030202,"bus_subway_trolley","Bus / trolleybus",56,2809,55.742,62.906,7.165
16710320101,"bus_subway_trolley","Bus / trolleybus",838,2212,53.56,55.098,1.538
16710320102,"bus_subway_trolley","Bus / trolleybus",2212,838,74.39,74.112,-0.277
16741510101,"bus_subway_trolley","Subway / El",824,102,32.456,35.969,3.513
16741510102,"bus_subway_trolley","Subway / El",102,824,40.192,37.102,-3.09
16753460201,"bus_subway_trolley","Bus / trolleybus",108,1037,31.26,29.092,-2.169
16753460208,"bus_subway_trolley","Subway / El",1028,108,25.642,27.279,1.637
16829010201,"bus_subway_trolley","Subway / El",4451,1030,38.933,39.933,1
16837500101,"bus_subway_trolley","Bus / trolleybus",1415,2817,59.19,64.662,5.473
16837500102,"bus_subway_trolley","Bus / trolleybus",2817,1415,60.56,63.858,3.298
16842350103,"bus_subway_trolley","Subway / El",2637,60,64.733,67.108,2.375
16842350104,"bus_subway_trolley","Subway / El",60,2637,64.06,66.535,2.475
16850430301,"bus_subway_trolley","Bus / trolleybus",2012,1030,41.592,54.842,13.25
16850430302,"bus_subway_trolley","Bus / trolleybus",1030,2012,49.727,50.302,0.575
16886390101,"bus_subway_trolley","Bus / trolleybus",3211,3214,19.65,NA,NA
16886390103,"bus_subway_trolley","Bus / trolleybus",88,3211,58.337,NA,NA
16886390201,"bus_subway_trolley","Bus / trolleybus",3211,76,70.233,NA,NA
16886390202,"bus_subway_trolley","Bus / trolleybus",76,3211,53.631,NA,NA
16899100102,"bus_subway_trolley","Bus / trolleybus",133,80,15.975,19.587,3.612
16899100103,"bus_subway_trolley","Bus / trolleybus",80,90,9.429,10.333,0.904
16899100104,"bus_subway_trolley","Bus / trolleybus",90,133,17.246,19.21,1.965
16899100202,"bus_subway_trolley","Bus / trolleybus",133,823,44.508,57.312,12.804
16899100203,"bus_subway_trolley","Bus / trolleybus",823,809,17.525,18.217,0.692
16899100204,"bus_subway_trolley","Bus / trolleybus",809,133,38.888,46.604,7.717
16915460101,"bus_subway_trolley","Bus / trolleybus",844,54,23.535,23.458,-0.077
16915460103,"bus_subway_trolley","Bus / trolleybus",54,57,7.904,10.042,2.138
16915460201,"bus_subway_trolley","Bus / trolleybus",844,822,19.421,19.3,-0.121
16915460202,"bus_subway_trolley","Bus / trolleybus",822,844,19.925,22.05,2.125
16915460301,"bus_subway_trolley","Bus / trolleybus",844,822,19.421,19.3,-0.121
16915460302,"bus_subway_trolley","Bus / trolleybus",822,844,19.925,22.05,2.125
16918300301,"bus_subway_trolley","Bus / trolleybus",1213,12407,103.154,107.446,4.292
16918300302,"bus_subway_trolley","Bus / trolleybus",12407,1213,100.017,98.161,-1.856
16982370101,"bus_subway_trolley","Bus / trolleybus",804,103,29.944,30.694,0.75
16982370102,"bus_subway_trolley","Bus / trolleybus",103,804,31.492,31.46,-0.031
17006980103,"bus_subway_trolley","Bus / trolleybus",3026,626,63.696,61.108,-2.588
17039520301,"bus_subway_trolley","Bus / trolleybus",1010,2023,18.258,20.929,2.671
17039520303,"bus_subway_trolley","Bus / trolleybus",1010,73,33.6,33.225,-0.375
17039520304,"bus_subway_trolley","Bus / trolleybus",73,1010,36.7,37.752,1.052
17064460105,"bus_subway_trolley","Bus / trolleybus",41,13,18.883,22.45,3.567
17141540101,"bus_subway_trolley","Bus / trolleybus",101,76,10.55,12.602,2.052
17141540102,"bus_subway_trolley","Bus / trolleybus",76,71,9.7,9.792,0.092
17141540103,"bus_subway_trolley","Bus / trolleybus",71,67,7.967,10.167,2.2
17141540104,"bus_subway_trolley","Bus / trolleybus",67,101,18.254,21.654,3.4
17141540105,"bus_subway_trolley","Bus / trolleybus",101,79,10.652,12.181,1.529
17141540201,"bus_subway_trolley","Bus / trolleybus",101,79,10.652,12.181,1.529
17159110101,"bus_subway_trolley","Bus / trolleybus",9,9,8.608,14.892,6.283
17174020101,"bus_subway_trolley","Subway / El",4423,432,80.354,77.377,-2.977
17212040102,"bus_subway_trolley","Subway / El",1036,76,22.471,25.312,2.842
17259900202,"bus_subway_trolley","Subway / El",414,58,25.329,24.587,-0.742
17259900203,"bus_subway_trolley","Subway / El",58,5052,65.606,68.277,2.671
17282950101,"bus_subway_trolley","Bus / trolleybus",3601,3025,42.419,31.302,-11.117
17282950102,"bus_subway_trolley","Bus / trolleybus",3025,3601,35.204,37.848,2.644
17283810101,"bus_subway_trolley","Bus / trolleybus",2646,3204,50.379,43.933,-6.446
17366930104,"bus_subway_trolley","Bus / trolleybus",88,98,12.206,13.815,1.608
17366930109,"bus_subway_trolley","Subway / El",43,844,15.208,15.758,0.55
17366930207,"bus_subway_trolley","Bus / trolleybus",844,58,21.498,23.198,1.7
17366930208,"bus_subway_trolley","Subway / El",58,844,22.062,24.654,2.592
1094870204,"regional_rail","Regional Rail",12420,4442,99.16,103.488,4.327
1114230101,"regional_rail","Regional Rail",4820,51,99.06,99.05,-0.01
1114230103,"regional_rail","Regional Rail",40,4820,NA,NA,NA
1115690201,"regional_rail","Regional Rail",11803,1029,75.725,91.6,15.875
1115690202,"regional_rail","Regional Rail",1029,91,11.542,11.792,0.25
1115690203,"regional_rail","Regional Rail",91,11803,79.167,83.904,4.737
1128800201,"regional_rail","Regional Rail",10424,36,73.085,78.69,5.604
1128800202,"regional_rail","Regional Rail",36,10424,79.983,82.402,2.419
3000980104,"regional_rail","Regional Rail",2622,90,32.258,31.371,-0.887
3000980105,"regional_rail","Regional Rail",90,4250,58.95,68.7,9.75
3038880104,"regional_rail","Regional Rail",2426,92,53.117,51.617,-1.5
3068390302,"regional_rail","Regional Rail",12001,414,69.542,69.292,-0.25
3068390304,"regional_rail","Regional Rail",416,12001,61.633,60.133,-1.5
3125270202,"regional_rail","Regional Rail",12227,1040,67.277,75.44,8.163
3151800102,"regional_rail","Regional Rail",12001,100,63.348,82.537,19.19
3161510201,"regional_rail","Regional Rail",2435,92,50.644,56.019,5.375
3185920104,"regional_rail","Regional Rail",73,90,7.362,8.19,0.827
3212130101,"regional_rail","Regional Rail",11825,116,69.108,75.767,6.658
3212130102,"regional_rail","Regional Rail",116,11825,63.908,69.773,5.865
3271390101,"regional_rail","Regional Rail",11834,78,62.192,64.046,1.854
3271630304,"regional_rail","Regional Rail",92,5050,50.592,49.592,-1
3282960102,"regional_rail","Regional Rail",10011,92,49.767,NA,NA
3282960105,"regional_rail","Regional Rail",80,80,8.488,10.558,2.071
3285590201,"regional_rail","Regional Rail",8019,114,101.69,127.447,25.757
3285590202,"regional_rail","Regional Rail",114,8006,61.158,74.783,13.625
3301380302,"regional_rail","Regional Rail",4207,91,47.596,58.663,11.067
3301380303,"regional_rail","Regional Rail",91,91,10.304,10.096,-0.208
3364970201,"regional_rail","Regional Rail",2424,409,42.765,48.579,5.815
3383780101,"regional_rail","Regional Rail",2424,1030,51.704,55.679,3.975
3383780103,"regional_rail","Regional Rail",82,2424,49.002,49.642,0.64
3418210201,"regional_rail","Regional Rail",4247,414,74.417,86.667,12.25
3418210202,"regional_rail","Regional Rail",414,4247,73.46,83.05,9.59
3431120102,"regional_rail","Regional Rail",16204,93,61.1,78.6,17.5
3431120103,"regional_rail","Regional Rail",93,16204,63.167,78.667,15.5
3444160104,"regional_rail","Regional Rail",2437,1040,63.642,67.912,4.271
3444160108,"regional_rail","Regional Rail",1040,2437,68.935,66.921,-2.015
3485620201,"regional_rail","Regional Rail",2437,93,56.288,57.1,0.812
3485620202,"regional_rail","Regional Rail",93,2437,57.677,61.315,3.638
3494880102,"regional_rail","Regional Rail",12232,72,47.467,67.467,20
3494880104,"regional_rail","Regional Rail",88,12232,35.517,44.229,8.712
3501660102,"regional_rail","Regional Rail",92,42,13.431,16.731,3.3
3501660103,"regional_rail","Regional Rail",42,92,12.438,15.008,2.571
3521040203,"regional_rail","Regional Rail",12244,92,44.371,46.456,2.085
3521040208,"regional_rail","Regional Rail",92,12244,46.646,48.367,1.721
3531220101,"regional_rail","Regional Rail",8010,85,67.238,76.15,8.913
3531220102,"regional_rail","Regional Rail",85,8010,60.242,71.742,11.5
3565060101,"regional_rail","Regional Rail",2405,102,44.771,52.119,7.348
3568880102,"regional_rail","Regional Rail",3032,1014,84.15,85.067,0.917
3568880103,"regional_rail","Bus / trolleybus",1014,90,28.681,31.115,2.433
3568880202,"regional_rail","Regional Rail",3032,1014,84.15,85.067,0.917
3568880203,"regional_rail","Bus / trolleybus",1014,90,28.681,31.115,2.433
3574140203,"regional_rail","Regional Rail",7819,90,68.8,84.05,15.25
3613500206,"regional_rail","Regional Rail",91,91,9.548,9.333,-0.215
3634880201,"regional_rail","Regional Rail",4421,119,53.288,55.337,2.05
3637010102,"regional_rail","Regional Rail",8009,1040,68.375,75.5,7.125
3664520104,"regional_rail","Regional Rail",8009,90,74.55,94.892,20.342
3703190201,"regional_rail","Regional Rail",12237,93,51.413,53.6,2.188
3772110201,"regional_rail","Regional Rail",4434,134,58.74,65.871,7.131
3772110202,"regional_rail","Regional Rail",134,4434,60.808,62.058,1.25
3775560104,"regional_rail","Regional Rail",10021,10003,55.233,63.502,8.269
3782060202,"regional_rail","Regional Rail",5020,92,54.35,54.85,0.5
3782060205,"regional_rail","Regional Rail",41,41,11.19,10.627,-0.562
3797000102,"regional_rail","Regional Rail",92,7202,118.267,115.778,-2.489
3830520202,"regional_rail","Regional Rail",12242,92,45.498,52.081,6.583
3862330102,"regional_rail","Regional Rail",53,15817,NA,NA,NA
3884280202,"regional_rail","Regional Rail",11618,1030,76.744,89.817,13.073
3884280208,"regional_rail","Regional Rail",1014,1040,19.125,24.925,5.8
3884280209,"regional_rail","Regional Rail",1040,11618,78.817,90.817,12
3891190102,"regional_rail","Regional Rail",2414,1040,49.312,50.688,1.375
3891190103,"regional_rail","Bus / trolleybus",1040,1012,29.438,30.394,0.956
3891190104,"regional_rail","Bus / trolleybus",1012,1012,17.783,16.36,-1.423
3891190105,"regional_rail","Regional Rail",1012,1012,17.335,16.529,-0.806
3892120102,"regional_rail","Regional Rail",12232,90,36.848,38.05,1.202
3892120103,"regional_rail","Bus / trolleybus",90,51,13.796,13.656,-0.14
3892120104,"regional_rail","Subway / El",51,90,18.273,18.581,0.308
3892120105,"regional_rail","Regional Rail",90,12233,31.833,39.583,7.75
3892120201,"regional_rail","Regional Rail",12233,95,41.158,44.183,3.025
3892120202,"regional_rail","Regional Rail",95,12233,39.658,40.087,0.429
3898250104,"regional_rail","Regional Rail",90,36,14.548,15.438,0.89
3947730201,"regional_rail","Regional Rail",12406,96,94.988,91.704,-3.283
3947730202,"regional_rail","Regional Rail",96,12406,78.829,84.935,6.106
3952890102,"regional_rail","Regional Rail",4824,1014,48.942,57.817,8.875
3952890105,"regional_rail","Regional Rail",1014,4824,46.8,57.769,10.969
3956070101,"regional_rail","Regional Rail",12423,36,NA,NA,NA
3966570202,"regional_rail","Regional Rail",15234,2002,126.369,127.629,1.26
4004890302,"regional_rail","Regional Rail",10422,416,52.475,65.475,13
4004890304,"regional_rail","Regional Rail",66,4451,48.719,51.317,2.598
4012760103,"regional_rail","Regional Rail",2426,92,47.992,49.367,1.375
4012760106,"regional_rail","Regional Rail",92,2426,49.344,57.394,8.05
4012760203,"regional_rail","Regional Rail",2426,92,50.054,49.492,-0.562
4012760206,"regional_rail","Regional Rail",92,2426,51.344,55.781,4.438
4013690102,"regional_rail","Regional Rail",8010,1040,69.875,78.75,8.875
4013690103,"regional_rail","Bus / trolleybus",1040,1040,24.556,29.052,4.496
4013690106,"regional_rail","Subway / El",1036,1040,20.885,20.135,-0.75
4013690108,"regional_rail","Regional Rail",1040,8010,71.367,72.867,1.5
4013690301,"regional_rail","Regional Rail",8010,1036,92.275,93.41,1.135
4020640202,"regional_rail","Regional Rail",12244,1014,55.273,61.577,6.304
4020640205,"regional_rail","Regional Rail",1040,7401,122.775,121.06,-1.715
4050800101,"regional_rail","Regional Rail",2425,1033,61.567,64.067,2.5
4050800104,"regional_rail","Regional Rail",1033,2425,61.871,67.121,5.25
4056480101,"regional_rail","Regional Rail",50,11647,NA,NA,NA
4056480102,"regional_rail","Regional Rail",11647,40,NA,NA,NA
4061050101,"regional_rail","Regional Rail",2411,414,41.975,43.519,1.544
4061050104,"regional_rail","Regional Rail",414,2411,42.071,47.521,5.45
4072680102,"regional_rail","Regional Rail",2424,1040,49.594,54.108,4.515
4072680105,"regional_rail","Regional Rail",1040,2424,44.85,54.483,9.633
4094470101,"regional_rail","Regional Rail",4410,1217,75.625,87.533,11.908
4094470102,"regional_rail","Regional Rail",1217,4410,83.258,76.796,-6.462
4100840202,"regional_rail","Regional Rail",92,11633,88.617,89.117,0.5
4100840205,"regional_rail","Regional Rail",11633,92,76.608,95.767,19.158
4131100102,"regional_rail","Regional Rail",90,8009,75.192,83.673,8.481
4131100105,"regional_rail","Regional Rail",8012,8012,27.588,NA,NA
4184310104,"regional_rail","Regional Rail",1040,10019,52.492,57.858,5.367
4184310106,"regional_rail","Regional Rail",5020,1040,57.133,59.383,2.25
4195770402,"regional_rail","Subway / El",3032,91,72.919,72.108,-0.81
4195770403,"regional_rail","Regional Rail",91,91,11.417,11.992,0.575
4218280102,"regional_rail","Regional Rail",2415,3034,73.148,72.802,-0.346
4218280202,"regional_rail","Regional Rail",1229,12238,83.371,85.915,2.544
4222850102,"regional_rail","Regional Rail",12242,91,42.169,48.848,6.679
4222850103,"regional_rail","Regional Rail",91,12205,43.054,51.35,8.296
4238580101,"regional_rail","Regional Rail",15409,86,NA,NA,NA
4257160402,"regional_rail","Regional Rail",7044,5056,101.85,88.008,-13.842
4257160404,"regional_rail","Regional Rail",5053,7047,NA,NA,NA
4265560201,"regional_rail","Regional Rail",12256,1026,NA,NA,NA
4265560202,"regional_rail","Regional Rail",1026,12256,NA,NA,NA
4274300202,"regional_rail","Regional Rail",5020,89,59.5,59.5,0
4274300205,"regional_rail","Regional Rail",17,17,4.925,6.877,1.952
4326800101,"regional_rail","Regional Rail",4234,41,85.404,72.173,-13.231
4326800104,"regional_rail","Regional Rail",41,4234,65.883,80.173,14.29
4342350303,"regional_rail","Regional Rail",92,2432,52.033,51.971,-0.062
4343900104,"regional_rail","Regional Rail",92,117,8.333,9.6,1.267
4432040101,"regional_rail","Regional Rail",4040,74,68.1,71.283,3.183
4433830102,"regional_rail","Regional Rail",3423,90,61.675,68.781,7.106
4438760102,"regional_rail","Regional Rail",2823,92,49.117,57.867,8.75
4438760105,"regional_rail","Regional Rail",92,117,8.098,9.229,1.131
4438760202,"regional_rail","Regional Rail",2823,90,43.8,60.163,16.363
4525240102,"regional_rail","Regional Rail",3008,90,73.262,77.583,4.321
4525240108,"regional_rail","Regional Rail",90,3008,77.06,72.096,-4.965
4525240202,"regional_rail","Regional Rail",3008,1040,76.219,84.375,8.156
4525240205,"regional_rail","Regional Rail",1040,3008,66.04,71.898,5.858
4539000101,"regional_rail","Regional Rail",10039,56,57.173,56.067,-1.106
4539000106,"regional_rail","Regional Rail",56,10039,51.658,50.038,-1.621
4543270101,"regional_rail","Regional Rail",12230,17,62.656,63.985,1.329
4543270106,"regional_rail","Regional Rail",17,1014,28.175,36,7.825
4543270107,"regional_rail","Regional Rail",1014,12230,70.783,76.862,6.079
4589620101,"regional_rail","Regional Rail",2437,89,60.442,61.602,1.16
4604430202,"regional_rail","Regional Rail",15234,79,87.829,93.467,5.638
4604430204,"regional_rail","Regional Rail",92,15234,101.567,91.35,-10.217
4617410202,"regional_rail","Regional Rail",7819,95,73.183,79.558,6.375
4617410205,"regional_rail","Regional Rail",95,92,11.346,12.123,0.777
4625730202,"regional_rail","Regional Rail",1440,12001,57.158,57.133,-0.025
4625730205,"regional_rail","Regional Rail",12001,1440,53.925,65.3,11.375
4627660101,"regional_rail","Regional Rail",28,10021,54.667,58.883,4.217
4627660102,"regional_rail","Regional Rail",10021,28,60.579,66.167,5.587
4646600101,"regional_rail","Regional Rail",7026,88,129.35,125.117,-4.233
4646600102,"regional_rail","Regional Rail",88,7026,102.204,106.9,4.696
4670530101,"regional_rail","Regional Rail",116,419,26.635,30.365,3.729
4670530104,"regional_rail","Regional Rail",419,116,25.698,26.817,1.119
4671650102,"regional_rail","Regional Rail",8009,92,69.083,81.833,12.75
4671650107,"regional_rail","Regional Rail",76,74,8.292,8.283,-0.008
4723780302,"regional_rail","Regional Rail",1011,803,55.915,58.027,2.113
4723780303,"regional_rail","Regional Rail",803,1002,45.483,45.496,0.013
4723780402,"regional_rail","Regional Rail",1008,1818,42.594,41.348,-1.246
4723780403,"regional_rail","Regional Rail",1818,1002,36.258,39.079,2.821
4732510302,"regional_rail","Regional Rail",15822,92,NA,NA,NA
4732510305,"regional_rail","Regional Rail",96,96,8.304,9.531,1.227
4749130102,"regional_rail","Regional Rail",12001,90,51.335,63.175,11.84
4749130110,"regional_rail","Regional Rail",90,12004,90.367,73.867,-16.5
4749130302,"regional_rail","Regional Rail",12004,12007,27.225,33.552,6.327
4760500102,"regional_rail","Regional Rail",80,12248,63.615,69.179,5.565
4760500103,"regional_rail","Regional Rail",12248,48,NA,NA,NA
4816200103,"regional_rail","Regional Rail",3203,90,33.192,39.985,6.794
4816200104,"regional_rail","Regional Rail",90,71,7.89,8.352,0.462
4816200105,"regional_rail","Subway / El",71,68,7.933,8.085,0.152
4816200106,"regional_rail","Bus / trolleybus",68,90,10.523,13.048,2.525
4816200107,"regional_rail","Regional Rail",90,3203,29.196,38,8.804
4829560103,"regional_rail","Regional Rail",4827,44,96.919,104.062,7.143
4829560104,"regional_rail","Regional Rail",44,4827,91.031,116.463,25.431
4830540102,"regional_rail","Regional Rail",14615,97,NA,NA,NA
4830540104,"regional_rail","Regional Rail",92,97,8.152,8.498,0.346
4832100202,"regional_rail","Regional Rail",7044,422,125.883,151.093,25.21
4864450202,"regional_rail","Regional Rail",7401,95,NA,135.933,NA
4864450203,"regional_rail","Regional Rail",95,95,5.931,8.298,2.367
4868350201,"regional_rail","Regional Rail",2426,135,52.344,54.138,1.794
4868350202,"regional_rail","Regional Rail",135,2426,54.71,60.027,5.317
4887310102,"regional_rail","Regional Rail",15627,92,91.717,110.524,18.807
4887310105,"regional_rail","Regional Rail",61,61,7.688,6.787,-0.9
4925520403,"regional_rail","Regional Rail",92,2408,42.6,45.317,2.717
4934700103,"regional_rail","Regional Rail",4250,92,51.333,68.3,16.967
4940770201,"regional_rail","Regional Rail",4210,139,70.633,66.679,-3.954
4940770207,"regional_rail","Regional Rail",92,4211,53.942,61.058,7.117
4940770302,"regional_rail","Regional Rail",3034,4210,101.328,129.374,28.046
4942710204,"regional_rail","Regional Rail",12253,92,NA,NA,NA
4970310202,"regional_rail","Regional Rail",11618,1614,91.706,102.154,10.448
4970310203,"regional_rail","Regional Rail",1614,11633,128.467,123.067,-5.4
4971340102,"regional_rail","Regional Rail",5056,8009,36.85,37.223,0.373
4996200202,"regional_rail","Regional Rail",5044,93,NA,NA,NA
4996200203,"regional_rail","Regional Rail",93,8009,62.442,73.817,11.375
5023060101,"regional_rail","Regional Rail",31,14616,130.9,130.9,0
5028430201,"regional_rail","Regional Rail",3205,91,44.948,43.625,-1.323
5028430203,"regional_rail","Regional Rail",23,3205,55.046,58.408,3.363
5035620502,"regional_rail","Regional Rail",8009,1026,89.142,99.006,9.865
5040140102,"regional_rail","Regional Rail",5054,116,63.102,73.246,10.144
5040140104,"regional_rail","Regional Rail",74,8004,NA,NA,NA
5040390101,"regional_rail","Regional Rail",2438,76,49.171,55.538,6.367
5040390102,"regional_rail","Regional Rail",76,2438,58.06,57.971,-0.09
5046350202,"regional_rail","Regional Rail",4250,1040,53.125,60.985,7.86
5046350207,"regional_rail","Regional Rail",1040,4249,48.975,69.321,20.346
5048230201,"regional_rail","Regional Rail",12249,43,73.292,72.89,-0.402
5048230202,"regional_rail","Regional Rail",43,12249,60.633,63.658,3.025
5048570101,"regional_rail","Regional Rail",3032,58,70.475,69.774,-0.701
5048570103,"regional_rail","Regional Rail",15603,3032,38.515,43.469,4.954
5090530101,"regional_rail","Regional Rail",846,10021,73.633,77.817,4.183
5090530104,"regional_rail","Regional Rail",10021,90,50.119,65.744,15.625
5101750101,"regional_rail","Regional Rail",16214,95,100.183,100.183,0
5103110101,"regional_rail","Regional Rail",4248,84,76.594,81.588,4.994
5103110102,"regional_rail","Regional Rail",84,4248,72.417,87.358,14.942
5105180101,"regional_rail","Regional Rail",45,10019,64.504,73.858,9.354
5105180102,"regional_rail","Regional Rail",10019,61,55.642,64.729,9.087
5111180202,"regional_rail","Regional Rail",11826,1026,77.323,71.517,-5.807
5111180203,"regional_rail","Regional Rail",1026,1026,6.092,5.679,-0.413
5119280201,"regional_rail","Regional Rail",5018,7051,NA,NA,NA
5119280202,"regional_rail","Regional Rail",7051,5018,NA,NA,NA
5122980102,"regional_rail","Regional Rail",4829,88,66.912,77.35,10.438
5122980105,"regional_rail","Regional Rail",89,4824,78.692,78.3,-0.392
5127700101,"regional_rail","Regional Rail",4401,90,50.323,58.688,8.365
5127700202,"regional_rail","Regional Rail",90,4402,56.217,60.275,4.058
5129480207,"regional_rail","Regional Rail",5057,90,63.733,66.483,2.75
5129480213,"regional_rail","Regional Rail",90,5057,60.76,61.833,1.073
5171340102,"regional_rail","Regional Rail",12430,92,51.45,61.26,9.81
5171340105,"regional_rail","Regional Rail",92,12430,45.983,62.733,16.75
5174730101,"regional_rail","Regional Rail",4805,100,77.2,82.353,5.153
5174730105,"regional_rail","Regional Rail",92,4824,55.425,60.8,5.375
5198430103,"regional_rail","Regional Rail",12242,90,41.8,43.796,1.996
5210970201,"regional_rail","Regional Rail",10004,92,35.867,42.992,7.125
5210970206,"regional_rail","Regional Rail",8,10038,54.633,57.758,3.125
5243500101,"regional_rail","Regional Rail",3211,409,43.758,69.883,26.125
5243500102,"regional_rail","Regional Rail",409,3211,59.558,60.492,0.933
5243500201,"regional_rail","Regional Rail",3211,409,62.526,70.773,8.247
5243500202,"regional_rail","Regional Rail",409,3211,60.062,70.117,10.054
5247550203,"regional_rail","Regional Rail",3032,74,61.081,62.658,1.577
5247550205,"regional_rail","Regional Rail",90,1610,42.104,46.631,4.527
5257730101,"regional_rail","Regional Rail",11634,1418,NA,NA,NA
5257730102,"regional_rail","Regional Rail",1418,11634,NA,NA,NA
5278380203,"regional_rail","Regional Rail",91,91,9.548,9.333,-0.215
5278480104,"regional_rail","Bus / trolleybus",2622,2602,24.117,29.308,5.192
5278790102,"regional_rail","Regional Rail",12232,414,40.515,37.208,-3.306
5278790104,"regional_rail","Regional Rail",416,12232,25.142,35.767,10.625
5294130103,"regional_rail","Regional Rail",10021,92,42.763,53.583,10.821
5315960101,"regional_rail","Regional Rail",15824,56,89.95,83.65,-6.3
5354930107,"regional_rail","Regional Rail",92,92,7.523,8.348,0.825
5444280104,"regional_rail","Regional Rail",90,2002,55.354,59.096,3.742
5549720201,"regional_rail","Regional Rail",3209,103,44.317,44.885,0.569
5549720202,"regional_rail","Regional Rail",103,3209,41.125,45.985,4.86
5645340205,"regional_rail","Regional Rail",90,3201,27.792,35.917,8.125
5666250104,"regional_rail","Regional Rail",5020,92,60.35,61.85,1.5
5666250107,"regional_rail","Regional Rail",92,5020,61.831,60.067,-1.765
5679850201,"regional_rail","Regional Rail",4419,74,43.565,48.683,5.119
5679850202,"regional_rail","Regional Rail",74,4419,43.517,48.806,5.29
5757350102,"regional_rail","Regional Rail",1040,15607,103.325,NA,NA
5757350105,"regional_rail","Regional Rail",16204,15607,NA,NA,NA
5759930102,"regional_rail","Regional Rail",4207,90,48.425,55.8,7.375
5759930106,"regional_rail","Subway / El",125,92,20.363,15.402,-4.96
5759930107,"regional_rail","Regional Rail",92,4207,40.95,64.7,23.75
5759930202,"regional_rail","Regional Rail",4207,77,42.25,55,12.75
5759930205,"regional_rail","Regional Rail",92,4207,40.95,64.7,23.75
5765380103,"regional_rail","Regional Rail",5050,84,50.685,52.317,1.631
5864950102,"regional_rail","Regional Rail",12244,1040,52.219,55.062,2.844
6016700205,"regional_rail","Regional Rail",92,45,14.317,15.896,1.579
6036180104,"regional_rail","Regional Rail",15822,90,NA,NA,NA
6037250102,"regional_rail","Regional Rail",12232,95,41.354,42.046,0.692
6037250104,"regional_rail","Regional Rail",92,12232,39.11,42.013,2.902
6039800301,"regional_rail","Regional Rail",104,12242,61.362,60.706,-0.656
6039800302,"regional_rail","Regional Rail",12242,104,52.596,60.208,7.612
6083360201,"regional_rail","Regional Rail",7819,1030,75.202,82.873,7.671
6083360202,"regional_rail","Regional Rail",1030,7819,72.733,81.733,9
6086660202,"regional_rail","Regional Rail",12218,90,NA,NA,NA
6086660204,"regional_rail","Regional Rail",2209,12007,90.1,105.35,15.25
6113870204,"regional_rail","Regional Rail",11618,11603,34.444,38.679,4.235
6113900201,"regional_rail","Regional Rail",10006,5050,42.112,53.029,10.917
6123020302,"regional_rail","Regional Rail",10038,72,41.377,47.7,6.323
6123020304,"regional_rail","Regional Rail",90,10038,41.008,39.883,-1.125
6158310201,"regional_rail","Regional Rail",11614,11618,28.054,30.348,2.294
6158310202,"regional_rail","Regional Rail",11618,11614,37.802,38.888,1.085
6165450102,"regional_rail","Regional Rail",7044,1040,137.961,123.133,-14.828
6165820105,"regional_rail","Regional Rail",10009,85,49.683,56.881,7.198
6165820107,"regional_rail","Regional Rail",1040,10009,59.575,62.767,3.192
6174680101,"regional_rail","Regional Rail",2430,108,58.523,60.812,2.29
6174680105,"regional_rail","Regional Rail",67,2430,60.771,66.54,5.769
6175440202,"regional_rail","Regional Rail",12244,92,43.856,46.331,2.475
6175750201,"regional_rail","Regional Rail",4819,116,71.733,75.829,4.096
6189830203,"regional_rail","Regional Rail",12417,90,NA,NA,NA
6189830208,"regional_rail","Regional Rail",90,12417,NA,NA,NA
6194760201,"regional_rail","Regional Rail",10026,10026,NA,NA,NA
6221280101,"regional_rail","Regional Rail",2432,90,42.55,48.66,6.11
6224850102,"regional_rail","Regional Rail",2424,85,54.681,51.763,-2.919
6224850105,"regional_rail","Regional Rail",92,2424,50.358,52.208,1.85
6228560102,"regional_rail","Regional Rail",7237,1026,100.317,108.4,8.083
6228560105,"regional_rail","Regional Rail",1040,7237,91.833,107.083,15.25
6257530303,"regional_rail","Regional Rail",8009,10021,45.619,46.198,0.579
6257530306,"regional_rail","Regional Rail",10023,7044,125.433,121.183,-4.25
6307190102,"regional_rail","Regional Rail",15604,65,66.51,67.45,0.94
6307190107,"regional_rail","Regional Rail",56,56,6.879,8.494,1.615
6312540103,"regional_rail","Regional Rail",10033,66,NA,NA,NA
6319750201,"regional_rail","Regional Rail",12022,113,NA,NA,NA
6319750202,"regional_rail","Regional Rail",113,12022,NA,NA,NA
6339310104,"regional_rail","Regional Rail",12242,92,53.206,51.367,-1.84
6341280102,"regional_rail","Regional Rail",2823,44,65.269,69.225,3.956
6341280107,"regional_rail","Regional Rail",92,133,12.346,12.35,0.004
6349860101,"regional_rail","Regional Rail",2411,2408,17.531,16.029,-1.502
6359590102,"regional_rail","Regional Rail",4814,1025,79.21,84.888,5.677
6359590104,"regional_rail","Regional Rail",3014,1025,54.408,63.825,9.417
6403140202,"regional_rail","Regional Rail",12241,12241,14.725,14.725,0
6411900101,"regional_rail","Regional Rail",74,4230,49.483,67.952,18.469
6414030202,"regional_rail","Regional Rail",12007,90,61.3,72.675,11.375
6414030205,"regional_rail","Regional Rail",68,68,8.119,9.773,1.654
6433750203,"regional_rail","Regional Rail",16205,15618,102.7,109.964,7.264
6501560101,"regional_rail","Regional Rail",12233,88,42.423,43.862,1.44
6501560102,"regional_rail","Regional Rail",88,12233,40.896,48.827,7.931
6513570101,"regional_rail","Regional Rail",10038,65,49.087,49.45,0.363
6515270101,"regional_rail","Regional Rail",4812,88,89.979,100.45,10.471
6515270102,"regional_rail","Regional Rail",88,4812,92.783,113.008,20.225
6539400104,"regional_rail","Regional Rail",11618,90,68.55,80.175,11.625
6539400107,"regional_rail","Regional Rail",90,11618,65.192,78.067,12.875
6580550101,"regional_rail","Regional Rail",15805,88,101.1,122.333,21.233
6585800102,"regional_rail","Regional Rail",4402,1014,48.083,60.256,12.173
6585800105,"regional_rail","Regional Rail",1014,1014,12.4,14.746,2.346
6611090101,"regional_rail","Regional Rail",10038,1026,35.525,41.15,5.625
6611090104,"regional_rail","Regional Rail",1037,10009,57.081,68.787,11.706
6675770102,"regional_rail","Regional Rail",2436,90,50.236,59.693,9.457
6675770105,"regional_rail","Regional Rail",92,2436,58.65,57.133,-1.517
6701750202,"regional_rail","Regional Rail",15803,90,75.55,95.585,20.035
6701750205,"regional_rail","Regional Rail",90,15803,79.233,80.167,0.933
6745010103,"regional_rail","Bus / trolleybus",92,134,13.325,15.394,2.069
6752060104,"regional_rail","Bus / trolleybus",11613,11625,NA,NA,NA
6758480203,"regional_rail","Regional Rail",2429,417,NA,NA,NA
6758480204,"regional_rail","Regional Rail",417,2429,NA,NA,NA
6767900102,"regional_rail","Regional Rail",2434,1040,52.375,65.735,13.36
6767900202,"regional_rail","Regional Rail",2434,1040,52.375,65.735,13.36
6801200102,"regional_rail","Regional Rail",12242,416,36.975,37.475,0.5
6801200104,"regional_rail","Regional Rail",414,12242,41.971,41.35,-0.621
6801200201,"regional_rail","Regional Rail",12205,416,40.6,47.475,6.875
6801200202,"regional_rail","Regional Rail",416,416,6.983,7.138,0.154
6819100107,"regional_rail","Regional Rail",1014,1014,15.463,19.817,4.354
6836580102,"regional_rail","Regional Rail",12430,90,68.721,72.3,3.579
6852380101,"regional_rail","Regional Rail",8021,1040,92.429,109.675,17.246
6852380102,"regional_rail","Regional Rail",1040,8021,94.762,97.675,2.912
6857720102,"regional_rail","Regional Rail",7237,1040,104,110.603,6.603
6857720104,"regional_rail","Regional Rail",1018,8009,96.567,91.598,-4.969
6875310202,"regional_rail","Regional Rail",12242,41,47.925,55.958,8.033
6875310204,"regional_rail","Regional Rail",90,12205,43.929,49.6,5.671
6884110204,"regional_rail","Regional Rail",1040,16044,64.417,72.917,8.5
6891060202,"regional_rail","Regional Rail",2426,1040,53.812,55.515,1.702
6891060209,"regional_rail","Regional Rail",1040,2426,57.804,58.583,0.779
6894060101,"regional_rail","Regional Rail",16045,56,NA,NA,NA
6901710202,"regional_rail","Regional Rail",4823,1014,60.138,62.138,2
6907450102,"regional_rail","Regional Rail",2436,94,48.394,64.967,16.572
6907450105,"regional_rail","Regional Rail",92,2436,58.65,57.133,-1.517
6907450302,"regional_rail","Regional Rail",2436,92,51.295,65.45,14.155
6907450304,"regional_rail","Bus / trolleybus",135,44,17.25,18.779,1.529
6907450306,"regional_rail","Regional Rail",92,2436,58.65,57.133,-1.517
6910820202,"regional_rail","Regional Rail",4829,4832,NA,NA,NA
6947110103,"regional_rail","Regional Rail",4833,99,71.164,89.083,17.919
6954690204,"regional_rail","Regional Rail",2426,1040,62.156,52.844,-9.312
6954690205,"regional_rail","Trolley / light rail",1040,1017,23.35,26.083,2.733
6954690207,"regional_rail","Regional Rail",1040,2426,59.154,59.796,0.642
6957850301,"regional_rail","Regional Rail",2414,91,46.292,50.017,3.725
6957850302,"regional_rail","Regional Rail",91,2414,45.958,52.125,6.167
6975010102,"regional_rail","Regional Rail",8009,74,64.94,80.56,15.621
6975010104,"regional_rail","Regional Rail",92,8009,76.067,77.817,1.75
6979160103,"regional_rail","Regional Rail",1040,94,15.769,17.877,2.108
6979160106,"regional_rail","Regional Rail",92,1040,18.131,19.454,1.323
6994350202,"regional_rail","Regional Rail",5056,1040,53.36,58.75,5.39
6994350205,"regional_rail","Regional Rail",61,61,6.983,7.677,0.694
7043820104,"regional_rail","Regional Rail",1040,7042,NA,NA,NA
7082240102,"regional_rail","Regional Rail",7237,1026,99.8,95.257,-4.543
7082240106,"regional_rail","Regional Rail",90,7237,88.458,94.976,6.518
7108500201,"regional_rail","Regional Rail",2004,2211,78.738,82.754,4.017
7161730101,"regional_rail","Regional Rail",12205,53,54.244,57.873,3.629
7161730102,"regional_rail","Regional Rail",53,12205,53.679,58.1,4.421
7190730301,"regional_rail","Regional Rail",3625,93,77.35,84.35,7
7226600203,"regional_rail","Regional Rail",92,12430,51.858,60.483,8.625
7229350202,"regional_rail","Regional Rail",10023,92,47.833,54.617,6.783
7229350205,"regional_rail","Regional Rail",92,5057,61.921,65.76,3.84
7235440101,"regional_rail","Regional Rail",3030,72,68.575,63.45,-5.125
7235440102,"regional_rail","Regional Rail",72,3030,54.571,59.715,5.144
7244310104,"regional_rail","Regional Rail",1040,8009,64.067,68.567,4.5
7269360102,"regional_rail","Regional Rail",15234,90,79.8,86.3,6.5
7269360105,"regional_rail","Regional Rail",56,56,7.823,7.931,0.108
7287700102,"regional_rail","Regional Rail",7042,90,NA,NA,NA
7296440109,"regional_rail","Regional Rail",4814,92,73.85,76.85,3
7296440110,"regional_rail","Bus / trolleybus",92,2210,NA,NA,NA
7296440111,"regional_rail","Bus / trolleybus",2210,92,NA,NA,NA
7296440112,"regional_rail","Regional Rail",92,4814,NA,NA,NA
7299090202,"regional_rail","Regional Rail",15604,1040,60.5,61.75,1.25
7299090203,"regional_rail","Regional Rail",1040,4040,80.604,111.504,30.9
7299660202,"regional_rail","Regional Rail",4207,1014,37.567,46.138,8.571
7299660205,"regional_rail","Regional Rail",1030,1030,7.258,8.427,1.169
7310440102,"regional_rail","Regional Rail",4402,92,51.483,55.233,3.75
7310440105,"regional_rail","Regional Rail",92,4402,49.717,62.04,12.323
7364940102,"regional_rail","Regional Rail",8009,90,86.8,80.3,-6.5
7364940105,"regional_rail","Regional Rail",54,69,8.542,8.6,0.058
7405870102,"regional_rail","Regional Rail",12242,90,39.05,45.546,6.496
7405870106,"regional_rail","Regional Rail",92,74,9.352,10.615,1.262
7408990103,"regional_rail","Regional Rail",16044,99,69.908,90.408,20.5
7480490101,"regional_rail","Regional Rail",12251,80,63.792,72.121,8.329
7480490102,"regional_rail","Regional Rail",80,12251,66.498,73.963,7.465
9021800102,"regional_rail","Regional Rail",8006,86,69.75,83,13.25
9021800104,"regional_rail","Regional Rail",90,8006,74.658,74.783,0.125
10002050101,"regional_rail","Regional Rail",14602,56,87.825,104.7,16.875
10002050102,"regional_rail","Regional Rail",56,14602,90.683,114.183,23.5
10163010102,"regional_rail","Regional Rail",4420,90,40.369,46.79,6.421
10231310102,"regional_rail","Regional Rail",92,11633,90.617,94.1,3.483
10297340102,"regional_rail","Regional Rail",4829,1034,56.675,64.3,7.625
10297340105,"regional_rail","Regional Rail",1034,1034,12.421,11.308,-1.113
10358740202,"regional_rail","Regional Rail",4207,92,43.795,53.795,10
10358740205,"regional_rail","Regional Rail",92,4207,50.95,64.45,13.5
10548670102,"regional_rail","Regional Rail",2823,92,47.617,54.054,6.438
10548670105,"regional_rail","Regional Rail",92,12209,65.983,64.217,-1.767
10767710304,"regional_rail","Regional Rail",90,12430,55.683,70.233,14.55
10767710306,"regional_rail","Bus / trolleybus",12430,12015,48.833,NA,NA
10767710309,"regional_rail","Bus / trolleybus",12015,12430,44.083,NA,NA
10767710311,"regional_rail","Regional Rail",12430,1040,92.938,81.5,-11.438
10855270201,"regional_rail","Regional Rail",7015,72,NA,NA,NA
10957640101,"regional_rail","Regional Rail",2403,1012,53.75,55.75,2
10957640102,"regional_rail","Regional Rail",1012,2403,59.008,64.967,5.958
11034830302,"regional_rail","Regional Rail",15234,92,92.617,92.367,-0.25
11065170302,"regional_rail","Bus / trolleybus",4414,4420,12.312,17.15,4.837
11065170303,"regional_rail","Regional Rail",4420,1040,41.11,45.971,4.86
11065170304,"regional_rail","Regional Rail",1040,5054,60.975,73.867,12.892
11144220102,"regional_rail","Regional Rail",10422,90,59.688,58.142,-1.546
11144220105,"regional_rail","Regional Rail",90,71,8.34,8.204,-0.135
11146190201,"regional_rail","Regional Rail",4211,117,50.883,68.708,17.825
11196660402,"regional_rail","Regional Rail",414,11843,NA,NA,NA
11385120101,"regional_rail","Regional Rail",4230,1014,44.692,53.317,8.625
11385120102,"regional_rail","Regional Rail",1014,4230,38.733,52.358,13.625
11430690102,"regional_rail","Regional Rail",5057,95,59.975,62.642,2.667
11430690202,"regional_rail","Regional Rail",5057,92,57.35,59.85,2.5
11470540102,"regional_rail","Regional Rail",1013,1018,20.525,22.833,2.308
11472070101,"regional_rail","Regional Rail",14803,81,NA,NA,NA
11472070102,"regional_rail","Regional Rail",81,14803,NA,NA,NA
11567710108,"regional_rail","Regional Rail",2414,74,46.785,52.098,5.312
11567710201,"regional_rail","Regional Rail",2411,53,46.65,48.771,2.121
11567710202,"regional_rail","Regional Rail",53,2411,47.388,53.698,6.31
11614380204,"regional_rail","Regional Rail",7042,7042,NA,NA,NA
11738310302,"regional_rail","Regional Rail",4814,4814,38.933,35.958,-2.975
11738310305,"regional_rail","Regional Rail",92,4814,93.879,94.723,0.844
11787050201,"regional_rail","Regional Rail",15229,76,NA,NA,NA
11904960102,"regional_rail","Regional Rail",7401,8009,102.931,93.233,-9.698
11904960104,"regional_rail","Regional Rail",8018,7405,NA,NA,NA
11972470101,"regional_rail","Regional Rail",15239,1026,NA,NA,NA
11972470102,"regional_rail","Regional Rail",1026,15239,NA,NA,NA
12046720204,"regional_rail","Regional Rail",10009,92,58.95,60.308,1.358
12046720207,"regional_rail","Regional Rail",92,10009,48.542,49.154,0.612
12091100101,"regional_rail","Regional Rail",10011,98,53.533,NA,NA
12105620303,"regional_rail","Regional Rail",1040,2407,47.408,46.125,-1.283
12105620304,"regional_rail","Regional Rail",2407,90,38.754,44.496,5.742
12140340302,"regional_rail","Regional Rail",11618,1040,84.125,92.875,8.75
12140340305,"regional_rail","Regional Rail",91,91,11.719,10.81,-0.908
12501440104,"regional_rail","Regional Rail",15627,416,90.429,100.886,10.457
12501440107,"regional_rail","Regional Rail",416,15627,83.325,89.306,5.981
12501440202,"regional_rail","Regional Rail",15627,416,81.85,109.546,27.696
12501440205,"regional_rail","Regional Rail",416,15627,83.325,89.306,5.981
12501730101,"regional_rail","Regional Rail",12427,117,NA,NA,NA
12501730103,"regional_rail","Regional Rail",95,12427,NA,NA,NA
12545730101,"regional_rail","Regional Rail",12227,1040,59.981,61.9,1.919
12545730102,"regional_rail","Regional Rail",1040,12231,59.096,61.944,2.848
12614390101,"regional_rail","Regional Rail",2015,94,38.344,38.967,0.623
12614390102,"regional_rail","Regional Rail",94,2015,39.915,41.304,1.39
12783680101,"regional_rail","Regional Rail",2403,1034,43.615,49.163,5.548
12783680102,"regional_rail","Regional Rail",1034,2002,54.383,71.929,17.546
12783680104,"regional_rail","Regional Rail",4258,1440,77.425,98.894,21.469
13172830102,"regional_rail","Regional Rail",11633,32,76.975,92.312,15.338
13172830105,"regional_rail","Regional Rail",90,11633,64.367,75.867,11.5
13277340102,"regional_rail","Regional Rail",3032,92,61.892,64.617,2.725
13277340108,"regional_rail","Regional Rail",90,3032,78.729,75.017,-3.713
13308540102,"regional_rail","Regional Rail",8010,90,74.425,82.948,8.523
13543270102,"regional_rail","Regional Rail",1013,90,31.233,31.483,0.25
13543270107,"regional_rail","Regional Rail",90,1013,32.981,36.56,3.579
13594110101,"regional_rail","Regional Rail",15211,1026,NA,NA,NA
13629790103,"regional_rail","Regional Rail",75,2002,54.131,54.131,0
13765230201,"regional_rail","Regional Rail",14602,14613,36.65,34.9,-1.75
13765230202,"regional_rail","Regional Rail",14613,14602,45.683,42.505,-3.179
13771870101,"regional_rail","Regional Rail",1213,1213,5.842,8.117,2.275
13900780102,"regional_rail","Regional Rail",10422,1040,69.648,70.821,1.173
14033150102,"regional_rail","Regional Rail",10021,92,45.104,49.117,4.013
14033150107,"regional_rail","Regional Rail",92,10021,48.108,46.983,-1.125
14198050102,"regional_rail","Regional Rail",15822,92,NA,NA,NA
14198050104,"regional_rail","Regional Rail",92,15822,NA,NA,NA
14587770202,"regional_rail","Regional Rail",4420,2622,63.892,68.527,4.635
14587770203,"regional_rail","Regional Rail",2622,2620,18.56,19.169,0.608
14587770205,"regional_rail","Regional Rail",2620,416,37.056,39.481,2.425
14587770206,"regional_rail","Regional Rail",416,2620,32.854,35.675,2.821
14729440201,"regional_rail","Regional Rail",4421,1018,41.356,43.175,1.819
14729440202,"regional_rail","Regional Rail",1018,4421,47.99,45.925,-2.065
14887230101,"regional_rail","Regional Rail",4420,80,35.01,41.01,6
14887230105,"regional_rail","Regional Rail",92,4420,39.529,50.077,10.548
14902100103,"regional_rail","Regional Rail",1030,409,28.152,28.385,0.233
16699930301,"regional_rail","Regional Rail",2824,2428,62.679,73.073,10.394
16723110102,"regional_rail","Regional Rail",90,2414,39.029,48.665,9.635
17068450101,"regional_rail","Regional Rail",3021,41,55.062,55.458,0.396
