"","ID","HH_ID","PERSON_NUM","PERSON_ID","HH_WEIGHT","P_WEIGHT","TOUR_NUM","WKSUB_NUM","WKSUB_ID","TRIP_NUM","TRIP_ID","RECORD_ID","NOGO","WHYNO","TOUR_TYPE","TOUR_STOPS","START_TRAV","O_LOC_TYPE","O_GEO_ACC","O_STATE","O_REGION","O_COUNTY","O_CPA","O_MCD","O_TRACT","O_TAZ","ARRIVE","ACTIV1","ACTIV2","ACTIV3","ACTIV4","ACT_DUR1","ACT_DUR2","ACT_DUR3","ACT_DUR4","DEPART","MODE","MODE_AGG","PARTY","HH_MEM","HH_PER_NUM1","HH_PER_NUM2","HH_PER_NUM3","HH_PER_NUM4","HH_PER_NUM5","HH_PER_NUM6","DRVER","VEH_NUM","USE_TOLL","TOLL_RD1","TOLL_RD2","TOLL_RD3","TOLL_RD4","TOLL_RD5","TOLL_B1","TOLL_B2","TOLL_B3","TOLL_B4","TOLL_B5","TOLL_B6","TOLL_B7","TOLL_B8","TOLL_B9","PARK_AT","PARK_TRAV","PARK_PAY","PARK_COST","PARK_UNIT","D_LOC_TYPE","D_GEO_ACC","D_STATE","D_REGION","D_COUNTY","D_CPA","D_MCD","D_TRACT","D_TAZ","TripFactor","Survey_TravTime","Model_TravTime","Model_TravDist","CompositeWeight"
"1",815,107997,1,10799701,118.4558804,80.46393599,1,NA,1.07997e+11,2,1.07997e+13,1079970102,NA,NA,2,NA,NA,4,1,42,1,42091,"091_402",4209179136,42091205906,10205,"15:22",19,NA,NA,NA,"0:00","","","","15:40",23,5,NA,NA,NA,NA,NA,NA,NA,NA,NA,NA,NA,NA,NA,NA,NA,NA,NA,NA,NA,NA,NA,NA,NA,NA,NA,NA,NA,NA,NA,NA,4,1,42,1,42045,"045_203",4204579000,42045400500,4459,1.12,NA,34.879532,10.845145,90.11960831
"2",816,107997,1,10799701,118.4558804,80.46393599,1,NA,1.07997e+11,3,1.07997e+13,1079970103,NA,NA,2,NA,NA,4,1,42,1,42045,"045_203",4204579000,42045400500,4459,"9998",19,NA,NA,NA,"0:00","","","","9998",21,5,NA,NA,NA,NA,NA,NA,NA,NA,NA,NA,NA,NA,NA,NA,NA,NA,NA,NA,NA,NA,NA,NA,NA,NA,NA,NA,NA,NA,NA,NA,4,1,42,1,42101,"101_103",4210160000,42101000100,86,1.12,NA,NA,NA,90.11960831
"3",817,107997,1,10799701,118.4558804,80.46393599,1,NA,1.07997e+11,4,1.07997e+13,1079970104,NA,NA,2,NA,NA,4,1,42,1,42101,"101_103",4210160000,42101000100,86,"16:30",6,NA,NA,NA,"0:00","","","","16:40",21,5,NA,NA,NA,NA,NA,NA,NA,NA,NA,NA,NA,NA,NA,NA,NA,NA,NA,NA,NA,NA,NA,NA,NA,NA,NA,NA,NA,NA,NA,NA,4,1,42,1,42101,"101_110",4210160000,42101007900,1021,1.12,20,26.610914,4.392355,90.11960831
"4",818,107997,1,10799701,118.4558804,80.46393599,1,NA,1.07997e+11,5,1.07997e+13,1079970105,NA,NA,2,NA,NA,4,1,42,1,42101,"101_110",4210160000,42101007900,1021,"17:00",12,NA,NA,NA,"0:00","","","","9998",21,5,NA,NA,NA,NA,NA,NA,NA,NA,NA,NA,NA,NA,NA,NA,NA,NA,NA,NA,NA,NA,NA,NA,NA,NA,NA,NA,NA,NA,NA,NA,1,1,42,1,42029,"029_312",4202968288,42029300502,8216,1.12,NA,NA,NA,90.11960831
"5",819,107997,1,10799701,118.4558804,80.46393599,2,NA,1.07997e+11,6,1.07997e+13,1079970106,NA,NA,2,1,NA,1,1,42,1,42029,"029_312",4202968288,42029300502,8216,"9998",19,NA,NA,NA,"0:00","","","","9998",23,5,NA,NA,NA,NA,NA,NA,NA,NA,NA,NA,NA,NA,NA,NA,NA,NA,NA,NA,NA,NA,NA,NA,NA,NA,NA,NA,NA,NA,NA,NA,4,1,42,1,42045,"045_203",4204579000,42045400500,4459,1.12,NA,NA,NA,90.11960831
"6",1008,109412,1,10941201,193.1562522,82.41667612,1,NA,1.09412e+11,2,1.09412e+13,1094120102,NA,NA,2,NA,NA,4,1,42,1,42029,"029_308",4202910824,42029311401,7401,"8:00",18,19,NA,NA,"0:10","","","","8:13",21,5,NA,NA,NA,NA,NA,NA,NA,NA,NA,NA,NA,NA,NA,NA,NA,NA,NA,NA,NA,NA,NA,NA,NA,NA,NA,NA,NA,NA,NA,NA,4,1,42,1,42101,"101_103",4210160000,42101000500,90,1.13,77,90.72718,36.535519,93.13084402
"7",1040,109487,2,10948702,522.3689799,211.7919586,2,NA,1.09487e+11,5,1.09487e+13,1094870205,NA,NA,2,0,NA,1,1,42,1,42045,"045_203",4204579000,42045400301,4442,"19:00",19,NA,NA,NA,"0:00","","","","9998",14,5,NA,NA,NA,NA,NA,NA,NA,NA,NA,NA,NA,NA,NA,NA,NA,NA,NA,NA,NA,NA,NA,NA,NA,NA,NA,NA,NA,NA,NA,NA,1,1,42,1,42045,"045_203",4204579000,42045400301,4442,1.17,NA,NA,NA,247.7965915
"8",1073,109638,2,10963802,123.6681131,81.52012115,1,NA,1.09638e+11,1,1.09638e+13,1096380201,NA,NA,1,1,2,1,1,42,1,42045,"045_203",4204579000,42045400802,4440,"",6,NA,NA,NA,"0:00","","","","8:00",14,5,NA,NA,NA,NA,NA,NA,NA,NA,NA,NA,NA,NA,NA,NA,NA,NA,NA,NA,NA,NA,NA,NA,NA,NA,NA,NA,NA,NA,NA,NA,2,1,42,1,42101,"101_103",4210160000,42101000500,74,1.12,60,36.937359,7.425166,91.30253569
"9",1074,109638,2,10963802,123.6681131,81.52012115,1,NA,1.09638e+11,2,1.09638e+13,1096380202,NA,NA,1,NA,NA,2,1,42,1,42101,"101_103",4210160000,42101000500,74,"9:00",5,NA,NA,NA,"8:00","","","","17:00",14,5,NA,NA,NA,NA,NA,NA,NA,NA,NA,NA,NA,NA,NA,NA,NA,NA,NA,NA,NA,NA,NA,NA,NA,NA,NA,NA,NA,NA,NA,NA,1,1,42,1,42045,"045_203",4204579000,42045400802,4440,1.12,60,35.700992,7.170394,91.30253569
"10",1171,110999,1,11099901,125.5299342,114.8389391,1,NA,1.10999e+11,2,1.10999e+13,1109990102,NA,NA,1,NA,NA,2,1,42,1,42045,"045_205",4204579248,42045407902,4830,"8:11",5,NA,NA,NA,"7:15","","","","15:30",21,5,NA,NA,NA,NA,NA,NA,NA,NA,NA,NA,NA,NA,NA,NA,NA,NA,NA,NA,NA,NA,NA,NA,NA,NA,NA,NA,NA,NA,NA,NA,4,1,42,1,42045,"045_206",4204533144,42045408500,5010,1.12,19,83.86387,15.784854,128.6196118
"11",1180,111118,1,11111801,211.9343458,206.7851236,1,NA,1.11118e+11,2,1.11118e+13,1111180102,NA,NA,1,NA,NA,4,1,42,1,42091,"091_401",4209144976,42091204900,10028,"7:20",19,NA,NA,NA,"0:00","","","","7:24",21,5,NA,NA,NA,NA,NA,NA,NA,NA,NA,NA,NA,NA,NA,NA,NA,NA,NA,NA,NA,NA,NA,NA,NA,NA,NA,NA,NA,NA,NA,NA,2,1,42,1,42101,"101_110",4210160000,42101980000,1040,1.17,21,23.235999,10.696279,241.9385946
"12",1181,111118,1,11111801,211.9343458,206.7851236,1,NA,1.11118e+11,3,1.11118e+13,1111180103,NA,NA,1,NA,NA,2,1,42,1,42101,"101_110",4210160000,42101980000,1040,"7:45",5,NA,NA,NA,"8:30","","","","16:15",21,5,NA,NA,NA,NA,NA,NA,NA,NA,NA,NA,NA,NA,NA,NA,NA,NA,NA,NA,NA,NA,NA,NA,NA,NA,NA,NA,NA,NA,NA,NA,1,1,42,1,42045,"045_206",4204563264,42045409602,5047,1.17,25,35.109764,10.870188,241.9385946
"13",1350,112292,1,11229201,174.9047129,219.286354,1,NA,1.12292e+11,3,1.12292e+13,1122920103,NA,NA,1,NA,NA,4,1,42,1,42091,"091_412",4209100156,42091201607,12222,"9:23",6,NA,NA,NA,"0:01","","","","9:24",21,5,NA,NA,NA,NA,NA,NA,NA,NA,NA,NA,NA,NA,NA,NA,NA,NA,NA,NA,NA,NA,NA,NA,NA,NA,NA,NA,NA,NA,NA,NA,2,1,42,1,42091,"091_409",4209179056,42091201003,11646,1.17,31,57.216768,14.52237,256.5650341
"14",1543,114354,1,11435401,264.8909442,105.5642029,1,NA,1.14354e+11,2,1.14354e+13,1143540102,NA,NA,2,NA,NA,4,1,42,1,42101,"101_103",4210160000,42101000300,121,"10:25",19,NA,NA,NA,"0:30","","","","10:55",14,5,NA,NA,NA,NA,NA,NA,NA,NA,NA,NA,NA,NA,NA,NA,NA,NA,NA,NA,NA,NA,NA,NA,NA,NA,NA,NA,NA,NA,NA,NA,4,1,42,1,42101,"101_103",4210160000,42101000500,72,1.17,35,14.506672,1.047142,123.5101174
"15",1544,114354,1,11435401,264.8909442,105.5642029,1,NA,1.14354e+11,3,1.14354e+13,1143540103,NA,NA,2,NA,NA,4,1,42,1,42101,"101_103",4210160000,42101000500,72,"11:30",6,NA,NA,NA,"0:25","","","","11:45",14,5,NA,NA,NA,NA,NA,NA,NA,NA,NA,NA,NA,NA,NA,NA,NA,NA,NA,NA,NA,NA,NA,NA,NA,NA,NA,NA,NA,NA,NA,NA,4,1,42,1,42101,"101_103",4210160000,42101000500,88,1.17,8,7.866091,0.491512,123.5101174
"16",1546,114354,1,11435401,264.8909442,105.5642029,1,NA,1.14354e+11,5,1.14354e+13,1143540105,NA,NA,2,NA,NA,4,1,42,1,42101,"101_103",4210160000,42101000200,107,"13:10",19,NA,NA,NA,"0:10","","","","13:20",14,5,NA,NA,NA,NA,NA,NA,NA,NA,NA,NA,NA,NA,NA,NA,NA,NA,NA,NA,NA,NA,NA,NA,NA,NA,NA,NA,NA,NA,NA,NA,4,1,42,1,42101,"101_103",4210160000,42101000300,121,1.17,30,20.54996,1.646136,123.5101174
"17",1559,114555,1,11455501,318.6405375,100.9488062,1,NA,1.14555e+11,1,1.14555e+13,1145550101,NA,NA,3,1,2,4,1,42,1,42101,"101_112",4210160000,42101004202,808,"",1,NA,NA,NA,"3:00","","","","6:15",14,5,NA,NA,NA,NA,NA,NA,NA,NA,NA,NA,NA,NA,NA,NA,NA,NA,NA,NA,NA,NA,NA,NA,NA,NA,NA,NA,NA,NA,NA,NA,4,1,42,1,42101,"101_103",4210160000,42101000901,41,1.17,45,23.088364,3.476749,118.1101033
"18",1578,114736,1,11473601,143.4174285,132.4808633,2,NA,1.14736e+11,5,1.14736e+13,1147360105,NA,NA,2,NA,NA,4,1,42,1,42101,"101_112",4210160000,42101002300,844,"9999",20,NA,NA,NA,"0:20","","","","9999",21,5,NA,NA,NA,NA,NA,NA,NA,NA,NA,NA,NA,NA,NA,NA,NA,NA,NA,NA,NA,NA,NA,NA,NA,NA,NA,NA,NA,NA,NA,NA,4,1,42,1,42101,"101_105",4210160000,42101980600,1814,1.12,NA,NA,NA,148.3785669
"19",1586,114736,2,11473602,143.4174285,139.0558463,2,NA,1.14736e+11,6,1.14736e+13,1147360206,NA,NA,2,1,NA,1,1,42,1,42101,"101_103",4210160000,42101001300,9,"17:00",1,14,NA,NA,"1:00","0:30","","","18:30",21,5,NA,NA,NA,NA,NA,NA,NA,NA,NA,NA,NA,NA,NA,NA,NA,NA,NA,NA,NA,NA,NA,NA,NA,NA,NA,NA,NA,NA,NA,NA,4,1,42,1,42101,"101_105",4210160000,42101980600,1814,1.12,30,35.943303,3.933781,155.7425479
"20",1590,114877,1,11487701,157.1925661,87.21632598,1,NA,1.14877e+11,2,1.14877e+13,1148770102,NA,NA,1,NA,NA,2,1,42,1,42101,"101_112",4210160000,42101002400,846,"9:00",5,NA,NA,NA,"8:00","","","","17:00",21,5,NA,NA,NA,NA,NA,NA,NA,NA,NA,NA,NA,NA,NA,NA,NA,NA,NA,NA,NA,NA,NA,NA,NA,NA,NA,NA,NA,NA,NA,NA,4,1,42,1,42101,"101_110",4210160000,42101009100,1037,1.17,0,32.833769,3.714676,102.0431014
"21",1601,114934,2,11493402,213.7295021,113.7275455,1,NA,1.14934e+11,3,1.14934e+13,1149340203,NA,NA,1,NA,NA,4,1,42,1,42101,"101_110",4210160000,42101036900,1020,"18:37",19,NA,NA,NA,"0:05","","","","18:42",23,5,NA,NA,NA,NA,NA,NA,NA,NA,NA,NA,NA,NA,NA,NA,NA,NA,NA,NA,NA,NA,NA,NA,NA,NA,NA,NA,NA,NA,NA,NA,4,1,42,1,42101,"101_103",4210160000,42101000500,74,1.17,12,14.850566,1.999399,133.0612283
"22",1602,114934,2,11493402,213.7295021,113.7275455,1,NA,1.14934e+11,4,1.14934e+13,1149340204,NA,NA,1,NA,NA,4,1,42,1,42101,"101_103",4210160000,42101000500,74,"18:54",19,NA,NA,NA,"0:06","","","","19:00",21,5,NA,NA,NA,NA,NA,NA,NA,NA,NA,NA,NA,NA,NA,NA,NA,NA,NA,NA,NA,NA,NA,NA,NA,NA,NA,NA,NA,NA,NA,NA,4,1,42,1,42101,"101_112",4210160000,42101002900,834,1.17,8,12.638667,1.796862,133.0612283
"23",1614,115014,1,11501401,191.4884327,96.92038715,1,NA,1.15014e+11,2,1.15014e+13,1150140102,NA,NA,1,NA,NA,4,1,42,1,42101,"101_112",4210160000,42101002900,834,"6:50",19,NA,NA,NA,"0:03","","","","6:53",21,5,NA,NA,NA,NA,NA,NA,NA,NA,NA,NA,NA,NA,NA,NA,NA,NA,NA,NA,NA,NA,NA,NA,NA,NA,NA,NA,NA,NA,NA,NA,4,1,42,1,42101,"101_103",4210160000,42101000700,59,1.12,7,11.779301,1.611714,108.5508336
"24",1621,115014,1,11501401,191.4884327,96.92038715,1,NA,1.15014e+11,9,1.15014e+13,1150140109,NA,NA,1,NA,NA,4,1,42,1,42101,"101_103",4210160000,42101000901,41,"17:35",19,NA,NA,NA,"0:11","","","","17:46",21,5,NA,NA,NA,NA,NA,NA,NA,NA,NA,NA,NA,NA,NA,NA,NA,NA,NA,NA,NA,NA,NA,NA,NA,NA,NA,NA,NA,NA,NA,NA,1,1,42,1,42101,"101_112",4210160000,42101002900,834,1.12,9,12.628112,1.53922,108.5508336
"25",1627,115014,2,11501402,191.4884327,100.3896759,2,NA,1.15014e+11,5,1.15014e+13,1150140205,NA,NA,2,1,NA,1,1,42,1,42101,"101_112",4210160000,42101002900,834,"13:13",1,2,7,NA,"3:30","0:30","1:00","","18:13",14,5,NA,NA,NA,NA,NA,NA,NA,NA,NA,NA,NA,NA,NA,NA,NA,NA,NA,NA,NA,NA,NA,NA,NA,NA,NA,NA,NA,NA,NA,NA,4,1,42,1,42101,"101_103",4210160000,42101001800,5,1.12,17,11.918324,1.022542,112.436437
"26",1628,115014,2,11501402,191.4884327,100.3896759,2,NA,1.15014e+11,6,1.15014e+13,1150140206,NA,NA,2,NA,NA,4,1,42,1,42101,"101_103",4210160000,42101001800,5,"18:30",13,NA,NA,NA,"2:45","","","","21:15",14,5,NA,NA,NA,NA,NA,NA,NA,NA,NA,NA,NA,NA,NA,NA,NA,NA,NA,NA,NA,NA,NA,NA,NA,NA,NA,NA,NA,NA,NA,NA,1,1,42,1,42101,"101_112",4210160000,42101002900,834,1.12,15,11.926381,0.969401,112.436437
"27",1634,115288,2,11528802,202.8848881,408.3766311,1,NA,1.15288e+11,2,1.15288e+13,1152880202,NA,NA,3,NA,NA,4,1,42,1,42101,"101_112",4210160000,42101004001,819,"3:45",19,NA,NA,NA,"0:18","","","","4:03",14,5,NA,NA,NA,NA,NA,NA,NA,NA,NA,NA,NA,NA,NA,NA,NA,NA,NA,NA,NA,NA,NA,NA,NA,NA,NA,NA,NA,NA,NA,NA,4,1,42,1,42101,"101_103",4210160000,42101000500,74,1.17,15,14.632857,2.230739,477.8006584
"28",1635,115288,2,11528802,202.8848881,408.3766311,1,NA,1.15288e+11,3,1.15288e+13,1152880203,NA,NA,3,NA,NA,4,1,42,1,42101,"101_103",4210160000,42101000500,74,"4:18",19,NA,NA,NA,"0:37","","","","4:55",14,5,NA,NA,NA,NA,NA,NA,NA,NA,NA,NA,NA,NA,NA,NA,NA,NA,NA,NA,NA,NA,NA,NA,NA,NA,NA,NA,NA,NA,NA,NA,4,1,42,1,42101,"101_110",4210160000,42101980000,1034,1.17,15,10.233063,1.324396,477.8006584
"29",1644,115291,1,11529101,249.0046337,102.331662,1,NA,1.15291e+11,1,1.15291e+13,1152910101,NA,NA,1,6,2,1,1,42,1,42101,"101_112",4210160000,42101004001,819,"",1,NA,NA,NA,"0:00","","","","7:00",14,5,NA,NA,NA,NA,NA,NA,NA,NA,NA,NA,NA,NA,NA,NA,NA,NA,NA,NA,NA,NA,NA,NA,NA,NA,NA,NA,NA,NA,NA,NA,4,1,42,1,42101,"101_103",4210160000,42101037600,131,1.17,20,23.645837,2.849743,119.7280445
"30",1645,115291,1,11529101,249.0046337,102.331662,1,NA,1.15291e+11,2,1.15291e+13,1152910102,NA,NA,1,NA,NA,4,1,42,1,42101,"101_103",4210160000,42101037600,131,"7:20",19,NA,NA,NA,"0:15","","","","8:00",14,5,NA,NA,NA,NA,NA,NA,NA,NA,NA,NA,NA,NA,NA,NA,NA,NA,NA,NA,NA,NA,NA,NA,NA,NA,NA,NA,NA,NA,NA,NA,2,1,42,1,42101,"101_103",4210160000,42101036700,126,1.17,25,13.491022,0.937333,119.7280445
"31",1647,115291,1,11529101,249.0046337,102.331662,1,NA,1.15291e+11,4,1.15291e+13,1152910104,NA,NA,1,NA,NA,4,1,42,1,42101,"101_103",4210160000,42101036700,126,"15:35",19,NA,NA,NA,"0:40","","","","16:15",14,5,NA,NA,NA,NA,NA,NA,NA,NA,NA,NA,NA,NA,NA,NA,NA,NA,NA,NA,NA,NA,NA,NA,NA,NA,NA,NA,NA,NA,NA,NA,4,1,42,1,42101,"101_103",4210160000,42101037600,131,1.17,15,13.533333,0.941377,119.7280445
"32",1664,115885,1,11588501,200.8865098,139.4509172,1,NA,1.15885e+11,1,1.15885e+13,1158850101,NA,NA,2,1,2,1,1,42,1,42101,"101_110",4210160000,42101008601,1027,"",1,NA,NA,NA,"6:15","","","","9:15",21,5,NA,NA,NA,NA,NA,NA,NA,NA,NA,NA,NA,NA,NA,NA,NA,NA,NA,NA,NA,NA,NA,NA,NA,NA,NA,NA,NA,NA,NA,NA,4,1,42,1,42101,"101_103",4210160000,42101000100,106,1.12,32,25.852956,4.19364,156.1850273
"33",1665,115885,1,11588501,200.8865098,139.4509172,1,NA,1.15885e+11,2,1.15885e+13,1158850102,NA,NA,2,NA,NA,4,1,42,1,42101,"101_103",4210160000,42101000100,106,"9:47",13,NA,NA,NA,"1:30","","","","11:17",21,5,NA,NA,NA,NA,NA,NA,NA,NA,NA,NA,NA,NA,NA,NA,NA,NA,NA,NA,NA,NA,NA,NA,NA,NA,NA,NA,NA,NA,NA,NA,1,1,42,1,42101,"101_110",4210160000,42101008601,1027,1.12,28,25.634873,4.175721,156.1850273
"34",1686,116267,1,11626701,470.9366346,88.23081906,1,NA,1.16267e+11,2,1.16267e+13,1162670102,NA,NA,3,NA,NA,4,1,42,1,42101,"101_103",4210160000,42101000500,88,"9998",19,NA,NA,NA,"0:00","","","","9998",21,5,NA,NA,NA,NA,NA,NA,NA,NA,NA,NA,NA,NA,NA,NA,NA,NA,NA,NA,NA,NA,NA,NA,NA,NA,NA,NA,NA,NA,NA,NA,1,1,42,1,42101,"101_111",4210160000,42101011200,1228,1.17,NA,NA,NA,103.2300583
"35",1688,116267,1,11626701,470.9366346,88.23081906,3,NA,1.16267e+11,4,1.16267e+13,1162670104,NA,NA,2,0,NA,1,1,42,1,42101,"101_111",4210160000,42101011200,1228,"9999",1,NA,NA,NA,"0:00","","","","9998",14,5,NA,NA,NA,NA,NA,NA,NA,NA,NA,NA,NA,NA,NA,NA,NA,NA,NA,NA,NA,NA,NA,NA,NA,NA,NA,NA,NA,NA,NA,NA,1,1,42,1,42101,"101_111",4210160000,42101011200,1228,1.17,NA,NA,NA,103.2300583
"36",1693,116267,3,11626703,470.9366346,106.8471023,1,NA,1.16267e+11,1,1.16267e+13,1162670301,NA,NA,3,0,1,4,3,42,1,42101,"101_103",4210160000,42101000100,65,"",6,NA,NA,NA,"0:00","","","","9998",14,5,NA,NA,NA,NA,NA,NA,NA,NA,NA,NA,NA,NA,NA,NA,NA,NA,NA,NA,NA,NA,NA,NA,NA,NA,NA,NA,NA,NA,NA,NA,1,1,42,1,42101,"101_111",4210160000,42101011200,1228,1.17,NA,NA,NA,125.0111097
"37",1706,116485,1,11648501,92.10524045,88.10434009,1,NA,1.16485e+11,2,1.16485e+13,1164850102,NA,NA,2,NA,NA,4,1,42,1,42101,"101_103",4210160000,42101012500,134,"11:36",19,NA,NA,NA,"0:05","","","","11:41",21,5,NA,NA,NA,NA,NA,NA,NA,NA,NA,NA,NA,NA,NA,NA,NA,NA,NA,NA,NA,NA,NA,NA,NA,NA,NA,NA,NA,NA,NA,NA,4,1,42,1,42101,"101_110",4210160000,42101036900,1019,1.13,16,24.814879,2.097378,99.5579043
"38",1709,116485,1,11648501,92.10524045,88.10434009,1,NA,1.16485e+11,5,1.16485e+13,1164850105,NA,NA,2,NA,NA,4,1,42,1,42101,"101_110",4210160000,42101036900,1030,"17:01",2,NA,NA,NA,"0:40","","","","17:41",21,5,NA,NA,NA,NA,NA,NA,NA,NA,NA,NA,NA,NA,NA,NA,NA,NA,NA,NA,NA,NA,NA,NA,NA,NA,NA,NA,NA,NA,NA,NA,4,1,42,1,42101,"101_103",4210160000,42101000700,60,1.13,16,14.35978,1.764623,99.5579043
"39",1716,116549,1,11654901,443.9604921,114.4519886,1,NA,1.16549e+11,1,1.16549e+13,1165490101,NA,NA,2,1,2,1,1,42,1,42101,"101_103",4210160000,42101013601,141,"",1,2,NA,NA,"5:00","","","","11:00",14,5,NA,NA,NA,NA,NA,NA,NA,NA,NA,NA,NA,NA,NA,NA,NA,NA,NA,NA,NA,NA,NA,NA,NA,NA,NA,NA,NA,NA,NA,NA,1,1,42,1,42101,"101_101",4210160000,42101020101,1418,1.17,50,30.802029,3.729637,133.9088266
"40",1717,116549,1,11654901,443.9604921,114.4519886,1,NA,1.16549e+11,2,1.16549e+13,1165490102,NA,NA,2,NA,NA,1,1,42,1,42101,"101_101",4210160000,42101020101,1418,"11:50",11,12,2,3,"0:00","2:00","0:45","","19:30",14,5,NA,NA,NA,NA,NA,NA,NA,NA,NA,NA,NA,NA,NA,NA,NA,NA,NA,NA,NA,NA,NA,NA,NA,NA,NA,NA,NA,NA,NA,NA,1,1,42,1,42101,"101_103",4210160000,42101013601,141,1.17,45,32.793718,4.092017,133.9088266
"41",1719,116566,1,11656601,172.1268987,100.3896759,1,NA,1.16566e+11,1,1.16566e+13,1165660101,NA,NA,1,1,2,1,1,42,1,42101,"101_103",4210160000,42101013602,142,"",1,NA,NA,NA,"4:45","","","","7:45",14,5,NA,NA,NA,NA,NA,NA,NA,NA,NA,NA,NA,NA,NA,NA,NA,NA,NA,NA,NA,NA,NA,NA,NA,NA,NA,NA,NA,NA,NA,NA,2,1,42,1,42091,"091_401",4209144976,42091204300,10010,1.12,34,38.547495,7.262314,112.436437
"42",1722,116566,2,11656602,172.1268987,96.92038715,1,NA,1.16566e+11,1,1.16566e+13,1165660201,NA,NA,1,1,2,1,1,42,1,42101,"101_103",4210160000,42101013500,140,"",1,NA,NA,NA,"6:15","","","","9:15",14,5,NA,NA,NA,NA,NA,NA,NA,NA,NA,NA,NA,NA,NA,NA,NA,NA,NA,NA,NA,NA,NA,NA,NA,NA,NA,NA,NA,NA,NA,NA,2,1,42,1,42101,"101_110",4210160000,42101036900,1030,1.12,33,24.041388,3.134558,108.5508336
"43",1734,116912,1,11691201,228.4384878,97.7935925,1,NA,1.16912e+11,2,1.16912e+13,1169120102,NA,NA,3,NA,NA,4,1,42,1,42101,"101_107",4210160000,42101016701,431,"10:13",19,NA,NA,NA,"0:00","","","","10:40",14,5,NA,NA,NA,NA,NA,NA,NA,NA,NA,NA,NA,NA,NA,NA,NA,NA,NA,NA,NA,NA,NA,NA,NA,NA,NA,NA,NA,NA,NA,NA,4,1,42,1,42101,"101_103",4210160000,42101000402,78,1.17,0,29.347168,3.300307,114.4185032
"44",1735,116912,1,11691201,228.4384878,97.7935925,1,NA,1.16912e+11,3,1.16912e+13,1169120103,NA,NA,3,NA,NA,4,1,42,1,42101,"101_103",4210160000,42101000402,78,"10:40",19,NA,NA,NA,"0:00","","","","10:50",14,5,NA,NA,NA,NA,NA,NA,NA,NA,NA,NA,NA,NA,NA,NA,NA,NA,NA,NA,NA,NA,NA,NA,NA,NA,NA,NA,NA,NA,NA,NA,4,1,42,1,42101,"101_103",4210160000,42101000600,55,1.17,20,13.01829,0.897831,114.4185032
"45",1739,116912,1,11691201,228.4384878,97.7935925,1,NA,1.16912e+11,7,1.16912e+13,1169120107,NA,NA,3,NA,NA,4,1,42,1,42101,"101_103",4210160000,42101000500,88,"15:10",19,NA,NA,NA,"0:00","","","","15:20",14,5,NA,NA,NA,NA,NA,NA,NA,NA,NA,NA,NA,NA,NA,NA,NA,NA,NA,NA,NA,NA,NA,NA,NA,NA,NA,NA,NA,NA,NA,NA,4,1,42,1,42101,"101_103",4210160000,42101000500,71,1.17,8,5.804709,0.308934,114.4185032
"46",1741,116912,1,11691201,228.4384878,97.7935925,1,NA,1.16912e+11,9,1.16912e+13,1169120109,NA,NA,3,NA,NA,4,1,42,1,42101,"101_103",4210160000,42101000500,71,"16:00",19,NA,NA,NA,"0:00","","","","16:03",14,5,NA,NA,NA,NA,NA,NA,NA,NA,NA,NA,NA,NA,NA,NA,NA,NA,NA,NA,NA,NA,NA,NA,NA,NA,NA,NA,NA,NA,NA,NA,4,1,42,1,42101,"101_103",4210160000,42101000402,92,1.17,9,6.159001,0.522824,114.4185032
"47",1747,117524,1,11752401,75.17606806,181.9808893,1,NA,1.17524e+11,2,1.17524e+13,1175240102,NA,NA,1,NA,NA,4,1,42,1,42101,"101_108",4210160000,42101020900,3203,"9999",19,NA,NA,NA,"0:01","","","","7:30",14,5,NA,NA,NA,NA,NA,NA,NA,NA,NA,NA,NA,NA,NA,NA,NA,NA,NA,NA,NA,NA,NA,NA,NA,NA,NA,NA,NA,NA,NA,NA,4,1,42,1,42101,"101_103",4210160000,42101000402,92,1.15,25,19.639111,7.058301,209.2780226
"48",1752,117524,1,11752401,75.17606806,181.9808893,1,NA,1.17524e+11,7,1.17524e+13,1175240107,NA,NA,1,NA,NA,4,1,42,1,42101,"101_103",4210160000,42101000402,92,"18:10",19,NA,NA,NA,"0:00","","","","18:10",14,5,NA,NA,NA,NA,NA,NA,NA,NA,NA,NA,NA,NA,NA,NA,NA,NA,NA,NA,NA,NA,NA,NA,NA,NA,NA,NA,NA,NA,NA,NA,4,1,42,1,42101,"101_108",4210160000,42101020900,3203,1.15,25,20.053637,7.199382,209.2780226
"49",1770,202374,1,20237401,269.8869014,227.7763884,1,NA,2.02374e+11,1,2.02374e+13,2023740101,NA,NA,2,1,2,1,1,42,1,42101,"101_111",4210160000,42101010200,1224,"",6,NA,NA,NA,"0:00","","","","9:10",14,5,NA,NA,NA,NA,NA,NA,NA,NA,NA,NA,NA,NA,NA,NA,NA,NA,NA,NA,NA,NA,NA,NA,NA,NA,NA,NA,NA,NA,NA,NA,4,1,42,1,42101,"101_111",4210160000,42101011400,1236,1.17,40,16.530207,1.456574,266.4983744
"50",1771,202374,1,20237401,269.8869014,227.7763884,1,NA,2.02374e+11,2,2.02374e+13,2023740102,NA,NA,2,NA,NA,4,1,42,1,42101,"101_111",4210160000,42101011400,1236,"9:50",6,NA,NA,NA,"1:40","","","","11:45",14,5,NA,NA,NA,NA,NA,NA,NA,NA,NA,NA,NA,NA,NA,NA,NA,NA,NA,NA,NA,NA,NA,NA,NA,NA,NA,NA,NA,NA,NA,NA,1,1,42,1,42101,"101_111",4210160000,42101010200,1224,1.17,30,17.502539,1.531608,266.4983744
"51",1809,206472,1,20647201,202.8848881,92.72187755,1,NA,2.06472e+11,1,2.06472e+13,2064720101,NA,NA,2,4,2,1,1,42,1,42101,"101_103",4210160000,42101013602,142,"",1,NA,NA,NA,"5:45","","","","8:45",14,5,NA,NA,NA,NA,NA,NA,NA,NA,NA,NA,NA,NA,NA,NA,NA,NA,NA,NA,NA,NA,NA,NA,NA,NA,NA,NA,NA,NA,NA,NA,4,1,42,1,42101,"101_103",4210160000,42101000901,41,1.17,35,18.998175,0.648863,108.4845967
"52",1812,206472,1,20647201,202.8848881,92.72187755,1,NA,2.06472e+11,4,2.06472e+13,2064720104,NA,NA,2,NA,NA,4,1,42,1,42101,"101_103",4210160000,42101000402,76,"10:55",6,NA,NA,NA,"0:00","","","","11:00",14,5,NA,NA,NA,NA,NA,NA,NA,NA,NA,NA,NA,NA,NA,NA,NA,NA,NA,NA,NA,NA,NA,NA,NA,NA,NA,NA,NA,NA,NA,NA,4,1,42,1,42101,"101_103",4210160000,42101000500,88,1.17,20,9.865521,0.782305,108.4845967
"53",1813,206472,1,20647201,202.8848881,92.72187755,1,NA,2.06472e+11,5,2.06472e+13,2064720105,NA,NA,2,NA,NA,4,1,42,1,42101,"101_103",4210160000,42101000500,88,"11:20",8,NA,NA,NA,"1:25","","","","12:45",14,5,NA,NA,NA,NA,NA,NA,NA,NA,NA,NA,NA,NA,NA,NA,NA,NA,NA,NA,NA,NA,NA,NA,NA,NA,NA,NA,NA,NA,NA,NA,1,1,42,1,42101,"101_103",4210160000,42101013602,142,1.17,60,23.384621,2.439108,108.4845967
"54",1815,206472,2,20647202,202.8848881,88.23081906,1,NA,2.06472e+11,1,2.06472e+13,2064720201,NA,NA,1,1,2,1,1,42,1,42101,"101_103",4210160000,42101013602,142,"",1,NA,NA,NA,"5:45","","","","8:45",14,5,NA,NA,NA,NA,NA,NA,NA,NA,NA,NA,NA,NA,NA,NA,NA,NA,NA,NA,NA,NA,NA,NA,NA,NA,NA,NA,NA,NA,NA,NA,2,1,42,1,42101,"101_107",4210160000,42101014000,403,1.17,30,12.299124,1.010969,103.2300583
"55",1816,206472,2,20647202,202.8848881,88.23081906,1,NA,2.06472e+11,2,2.06472e+13,2064720202,NA,NA,1,NA,NA,2,1,42,1,42101,"101_107",4210160000,42101014000,403,"9:15",5,NA,NA,NA,"7:00","","","","17:15",14,5,NA,NA,NA,NA,NA,NA,NA,NA,NA,NA,NA,NA,NA,NA,NA,NA,NA,NA,NA,NA,NA,NA,NA,NA,NA,NA,NA,NA,NA,NA,1,1,42,1,42101,"101_103",4210160000,42101013602,142,1.17,30,17.484821,1.619863,103.2300583
"56",1869,211852,1,21185201,170.33356,201.3929169,1,NA,2.11852e+11,1,2.11852e+13,2118520101,NA,NA,1,1,2,1,1,42,1,42101,"101_114",4210160000,42101030000,1605,"",1,NA,NA,NA,"0:00","","","","7:00",21,5,NA,NA,NA,NA,NA,NA,NA,NA,NA,NA,NA,NA,NA,NA,NA,NA,NA,NA,NA,NA,NA,NA,NA,NA,NA,NA,NA,NA,NA,NA,2,1,42,1,42101,"101_110",4210160000,42101036900,1018,1.17,NA,40.344785,9.413291,235.6297128
"57",1870,211852,1,21185201,170.33356,201.3929169,1,NA,2.11852e+11,2,2.11852e+13,2118520102,NA,NA,1,NA,NA,2,1,42,1,42101,"101_110",4210160000,42101036900,1018,"9999",5,NA,NA,NA,"8:00","","","","16:30",21,5,NA,NA,NA,NA,NA,NA,NA,NA,NA,NA,NA,NA,NA,NA,NA,NA,NA,NA,NA,NA,NA,NA,NA,NA,NA,NA,NA,NA,NA,NA,1,1,42,1,42101,"101_114",4210160000,42101030000,1605,1.17,450,41.188615,9.355238,235.6297128
"58",2005,227776,4,22777604,1019.897822,405.6664579,1,NA,2.27776e+11,1,2.27776e+13,2277760401,NA,NA,2,1,2,1,1,42,1,42101,"101_107",4210160000,42101016902,435,"",1,12,2,3,"0:00","","","","14:30",14,5,NA,NA,NA,NA,NA,NA,NA,NA,NA,NA,NA,NA,NA,NA,NA,NA,NA,NA,NA,NA,NA,NA,NA,NA,NA,NA,NA,NA,NA,NA,4,3,42,1,42101,"101_110",4210160000,42101006900,1001,1.17,60,55.224538,8.498668,474.6297557
"59",2006,227776,4,22777604,1019.897822,405.6664579,1,NA,2.27776e+11,2,2.27776e+13,2277760402,NA,NA,2,NA,NA,4,3,42,1,42101,"101_110",4210160000,42101006900,1001,"15:30",11,14,15,NA,"0:00","","","","22:00",14,5,NA,NA,NA,NA,NA,NA,NA,NA,NA,NA,NA,NA,NA,NA,NA,NA,NA,NA,NA,NA,NA,NA,NA,NA,NA,NA,NA,NA,NA,NA,1,1,42,1,42101,"101_107",4210160000,42101016902,435,1.17,90,46.696281,9.747803,474.6297557
"60",2008,227776,5,22777605,1019.897822,248.1061047,1,NA,2.27776e+11,1,2.27776e+13,2277760501,NA,NA,2,1,2,1,1,42,1,42101,"101_107",4210160000,42101016902,435,"",1,12,2,3,"0:00","","","","13:00",14,5,NA,NA,NA,NA,NA,NA,NA,NA,NA,NA,NA,NA,NA,NA,NA,NA,NA,NA,NA,NA,NA,NA,NA,NA,NA,NA,NA,NA,NA,NA,4,3,42,1,42101,"101_110",4210160000,42101006900,1001,1.17,90,55.224538,8.498668,290.2841425
"61",2009,227776,5,22777605,1019.897822,248.1061047,1,NA,2.27776e+11,2,2.27776e+13,2277760502,NA,NA,2,NA,NA,4,3,42,1,42101,"101_110",4210160000,42101006900,1001,"14:30",11,12,15,8,"0:00","","","","21:00",14,5,NA,NA,NA,NA,NA,NA,NA,NA,NA,NA,NA,NA,NA,NA,NA,NA,NA,NA,NA,NA,NA,NA,NA,NA,NA,NA,NA,NA,NA,NA,1,1,42,1,42101,"101_107",4210160000,42101016902,435,1.17,105,46.696281,9.747803,290.2841425
"62",2029,229797,2,22979702,110.80041,98.27548944,1,NA,2.29797e+11,1,2.29797e+13,2297970201,NA,NA,1,1,2,1,1,42,1,42101,"101_103",4210160000,42101001201,27,"",1,NA,NA,NA,"5:30","","","","8:30",14,5,NA,NA,NA,NA,NA,NA,NA,NA,NA,NA,NA,NA,NA,NA,NA,NA,NA,NA,NA,NA,NA,NA,NA,NA,NA,NA,NA,NA,NA,NA,2,1,42,1,42101,"101_110",4210160000,42101036900,1030,1.15,30,14.326086,1.304311,113.0168129
"63",2124,235096,1,23509601,132.4337962,89.08436621,1,NA,2.35096e+11,2,2.35096e+13,2350960102,NA,NA,1,NA,NA,4,1,42,1,42101,"101_110",4210160000,42101036900,1030,"7:50",5,NA,NA,NA,"1:10","","","","9:15",21,5,NA,NA,NA,NA,NA,NA,NA,NA,NA,NA,NA,NA,NA,NA,NA,NA,NA,NA,NA,NA,NA,NA,NA,NA,NA,NA,NA,NA,NA,NA,4,1,42,1,42101,"101_110",4210160000,42101009100,1037,1.12,13,6.95,0.5437,99.77449015
"64",2126,235096,1,23509601,132.4337962,89.08436621,1,NA,2.35096e+11,4,2.35096e+13,2350960104,NA,NA,1,NA,NA,2,1,42,1,42101,"101_110",4210160000,42101008602,1035,"11:19",5,NA,NA,NA,"3:54","","","","15:15",23,5,NA,NA,NA,NA,NA,NA,NA,NA,NA,NA,NA,NA,NA,NA,NA,NA,NA,NA,NA,NA,NA,NA,NA,NA,NA,NA,NA,NA,NA,NA,4,1,42,1,42101,"101_110",4210160000,42101007800,1016,1.12,25,12.204772,0.997145,99.77449015
"65",2173,242805,1,24280501,303.4396083,3407.043646,1,NA,2.42805e+11,1,2.42805e+13,2428050101,NA,NA,1,1,2,1,1,42,1,42017,"017_504",4201719784,42017104701,14618,"",1,14,7,NA,"1:00","0:15","1:00","","13:00",14,5,NA,NA,NA,NA,NA,NA,NA,NA,NA,NA,NA,NA,NA,NA,NA,NA,NA,NA,NA,NA,NA,NA,NA,NA,NA,NA,NA,NA,NA,NA,4,1,42,1,42017,"017_504",4201719784,42017104702,14613,1.17,30,12.21407,1.427993,3986.241065
"66",2178,243504,1,24350401,190.4720163,91.43282236,1,NA,2.43504e+11,1,2.43504e+13,2435040101,NA,NA,2,2,2,1,1,42,1,42101,"101_103",4210160000,42101000803,47,"",1,NA,NA,NA,"0:00","","","","8:16",14,5,NA,NA,NA,NA,NA,NA,NA,NA,NA,NA,NA,NA,NA,NA,NA,NA,NA,NA,NA,NA,NA,NA,NA,NA,NA,NA,NA,NA,NA,NA,4,1,42,1,42101,"101_103",4210160000,42101000803,48,1.17,1,4.583333,0.178334,106.9764022
"67",2179,243504,1,24350401,190.4720163,91.43282236,1,NA,2.43504e+11,2,2.43504e+13,2435040102,NA,NA,2,NA,NA,4,1,42,1,42101,"101_103",4210160000,42101000803,48,"8:17",19,NA,NA,NA,"0:00","","","","8:29",14,5,NA,NA,NA,NA,NA,NA,NA,NA,NA,NA,NA,NA,NA,NA,NA,NA,NA,NA,NA,NA,NA,NA,NA,NA,NA,NA,NA,NA,NA,NA,4,1,42,1,42101,"101_110",4210160000,42101008602,1035,1.17,15,16.40586,2.425092,106.9764022
"68",2180,243504,1,24350401,190.4720163,91.43282236,1,NA,2.43504e+11,3,2.43504e+13,2435040103,NA,NA,2,NA,NA,4,1,42,1,42101,"101_110",4210160000,42101008602,1035,"8:44",12,NA,NA,NA,"6:02","","","","15:16",14,5,NA,NA,NA,NA,NA,NA,NA,NA,NA,NA,NA,NA,NA,NA,NA,NA,NA,NA,NA,NA,NA,NA,NA,NA,NA,NA,NA,NA,NA,NA,1,1,42,1,42101,"101_103",4210160000,42101000803,47,1.17,23,23.072828,2.766038,106.9764022
"69",2321,252652,1,25265201,228.4384878,126.9053947,1,NA,2.52652e+11,2,2.52652e+13,2526520102,NA,NA,2,NA,NA,4,1,42,1,42101,"101_115",4210160000,42101028100,2609,"13:45",8,NA,NA,NA,"0:15","","","","14:00",14,5,NA,NA,NA,NA,NA,NA,NA,NA,NA,NA,NA,NA,NA,NA,NA,NA,NA,NA,NA,NA,NA,NA,NA,NA,NA,NA,NA,NA,NA,NA,4,1,42,1,42091,"091_412",4209112968,42091202500,12238,1.17,60,34.180643,4.793441,148.4793118
"70",2322,252652,1,25265201,228.4384878,126.9053947,1,NA,2.52652e+11,3,2.52652e+13,2526520103,NA,NA,2,NA,NA,4,1,42,1,42091,"091_412",4209112968,42091202500,12238,"15:00",8,NA,NA,NA,"0:00","","","","15:30",14,5,NA,NA,NA,NA,NA,NA,NA,NA,NA,NA,NA,NA,NA,NA,NA,NA,NA,NA,NA,NA,NA,NA,NA,NA,NA,NA,NA,NA,NA,NA,4,1,42,1,42101,"101_103",4210160000,42101000402,93,1.17,30,51.767852,11.647501,148.4793118
"71",2323,252652,1,25265201,228.4384878,126.9053947,1,NA,2.52652e+11,4,2.52652e+13,2526520104,NA,NA,2,NA,NA,4,1,42,1,42101,"101_103",4210160000,42101000402,93,"16:00",6,NA,NA,NA,"0:00","","","","17:20",14,5,NA,NA,NA,NA,NA,NA,NA,NA,NA,NA,NA,NA,NA,NA,NA,NA,NA,NA,NA,NA,NA,NA,NA,NA,NA,NA,NA,NA,NA,NA,4,1,42,1,42101,"101_101",4210160000,42101020400,1441,1.17,45,26.076231,5.246729,148.4793118
"72",2326,253604,1,25360401,254.7502371,218.6601805,1,NA,2.53604e+11,1,2.53604e+13,2536040101,NA,NA,1,5,2,1,1,42,1,42101,"101_110",4210160000,42101008702,1032,"",1,6,7,NA,"4:00","","","","11:30",21,5,NA,NA,NA,NA,NA,NA,NA,NA,NA,NA,NA,NA,NA,NA,NA,NA,NA,NA,NA,NA,NA,NA,NA,NA,NA,NA,NA,NA,NA,NA,2,1,42,1,42101,"101_103",4210160000,42101000402,98,1.12,20,18.157863,2.418137,244.8994022
"73",2327,253604,1,25360401,254.7502371,218.6601805,1,NA,2.53604e+11,2,2.53604e+13,2536040102,NA,NA,1,NA,NA,2,1,42,1,42101,"101_103",4210160000,42101000402,98,"11:50",5,NA,NA,NA,"0:00","","","","13:00",21,5,NA,NA,NA,NA,NA,NA,NA,NA,NA,NA,NA,NA,NA,NA,NA,NA,NA,NA,NA,NA,NA,NA,NA,NA,NA,NA,NA,NA,NA,NA,4,1,42,1,42101,"101_107",4210160000,42101014600,409,1.12,15,18.71023,2.085333,244.8994022
"74",2328,253604,1,25360401,254.7502371,218.6601805,1,NA,2.53604e+11,3,2.53604e+13,2536040103,NA,NA,1,NA,NA,4,1,42,1,42101,"101_107",4210160000,42101014600,409,"13:15",5,NA,NA,NA,"5:15","","","","18:30",21,5,NA,NA,NA,NA,NA,NA,NA,NA,NA,NA,NA,NA,NA,NA,NA,NA,NA,NA,NA,NA,NA,NA,NA,NA,NA,NA,NA,NA,NA,NA,4,1,42,1,42101,"101_103",4210160000,42101000300,118,1.12,20,22.797652,2.45474,244.8994022
"75",2330,253604,1,25360401,254.7502371,218.6601805,1,NA,2.53604e+11,5,2.53604e+13,2536040105,NA,NA,1,NA,NA,4,1,42,1,42101,"101_103",4210160000,42101000700,62,"20:00",11,NA,NA,NA,"0:00","","","","20:30",21,5,NA,NA,NA,NA,NA,NA,NA,NA,NA,NA,NA,NA,NA,NA,NA,NA,NA,NA,NA,NA,NA,NA,NA,NA,NA,NA,NA,NA,NA,NA,4,1,42,1,42101,"101_112",4210160000,42101002900,834,1.12,30,23.786944,2.281672,244.8994022
"76",2331,253604,1,25360401,254.7502371,218.6601805,1,NA,2.53604e+11,6,2.53604e+13,2536040106,NA,NA,1,NA,NA,4,1,42,1,42101,"101_112",4210160000,42101002900,834,"21:00",12,NA,NA,NA,"2:00","","","","23:00",21,5,NA,NA,NA,NA,NA,NA,NA,NA,NA,NA,NA,NA,NA,NA,NA,NA,NA,NA,NA,NA,NA,NA,NA,NA,NA,NA,NA,NA,NA,NA,1,1,42,1,42101,"101_110",4210160000,42101008702,1032,1.12,30,27.78317,4.217026,244.8994022
"77",2336,253604,2,25360402,254.7502371,192.8580113,1,NA,2.53604e+11,4,2.53604e+13,2536040204,NA,NA,1,NA,NA,4,1,42,1,42101,"101_103",4210160000,42101000700,62,"20:00",11,NA,NA,NA,"0:00","","","","20:30",21,5,NA,NA,NA,NA,NA,NA,NA,NA,NA,NA,NA,NA,NA,NA,NA,NA,NA,NA,NA,NA,NA,NA,NA,NA,NA,NA,NA,NA,NA,NA,4,1,42,1,42101,"101_112",4210160000,42101002900,834,1.12,30,23.786944,2.281672,216.0009726
"78",2337,253604,2,25360402,254.7502371,192.8580113,1,NA,2.53604e+11,5,2.53604e+13,2536040205,NA,NA,1,NA,NA,4,1,42,1,42101,"101_112",4210160000,42101002900,834,"21:00",12,NA,NA,NA,"2:00","","","","23:00",21,5,NA,NA,NA,NA,NA,NA,NA,NA,NA,NA,NA,NA,NA,NA,NA,NA,NA,NA,NA,NA,NA,NA,NA,NA,NA,NA,NA,NA,NA,NA,1,1,42,1,42101,"101_110",4210160000,42101008702,1032,1.12,30,27.78317,4.217026,216.0009726
"79",2373,257992,1,25799201,254.7502371,192.8580113,1,NA,2.57992e+11,2,2.57992e+13,2579920102,NA,NA,1,NA,NA,4,1,42,1,42101,"101_110",4210160000,42101007800,1016,"8:07",19,NA,NA,NA,"0:03","","","","8:10",23,5,NA,NA,NA,NA,NA,NA,NA,NA,NA,NA,NA,NA,NA,NA,NA,NA,NA,NA,NA,NA,NA,NA,NA,NA,NA,NA,NA,NA,NA,NA,4,1,42,1,42101,"101_103",4210160000,42101000500,72,1.12,20,25.871289,3.581841,216.0009726
"80",2376,257992,1,25799201,254.7502371,192.8580113,1,NA,2.57992e+11,5,2.57992e+13,2579920105,NA,NA,1,NA,NA,4,1,42,1,42101,"101_103",4210160000,42101000500,72,"17:40",19,NA,NA,NA,"0:05","","","","17:45",23,5,NA,NA,NA,NA,NA,NA,NA,NA,NA,NA,NA,NA,NA,NA,NA,NA,NA,NA,NA,NA,NA,NA,NA,NA,NA,NA,NA,NA,NA,NA,4,1,42,1,42101,"101_110",4210160000,42101007800,1016,1.12,20,23.865408,3.493883,216.0009726
"81",2447,267201,2,26720102,182.3521785,92.72187755,1,NA,2.67201e+11,1,2.67201e+13,2672010201,NA,NA,3,0,2,4,1,42,1,42101,"101_103",4210160000,42101000804,44,"",14,NA,NA,NA,"1:28","","","","9:30",14,5,NA,NA,NA,NA,NA,NA,NA,NA,NA,NA,NA,NA,NA,NA,NA,NA,NA,NA,NA,NA,NA,NA,NA,NA,NA,NA,NA,NA,NA,NA,1,1,42,1,42101,"101_112",4210160000,42101004001,819,1.17,27,15.590835,2.034701,108.4845967
"82",2528,268881,1,26888101,374.5286473,550.905223,1,NA,2.68881e+11,2,2.68881e+13,2688810102,NA,NA,1,NA,NA,3,1,42,1,42101,"101_110",4210160000,42101036900,1030,"8:55",3,NA,NA,NA,"6:00","","","","14:55",21,5,NA,NA,NA,NA,NA,NA,NA,NA,NA,NA,NA,NA,NA,NA,NA,NA,NA,NA,NA,NA,NA,NA,NA,NA,NA,NA,NA,NA,NA,NA,4,1,42,1,42101,"101_103",4210160000,42101000100,87,1.17,35,15.35,2.561292,644.559111
"83",2529,268881,1,26888101,374.5286473,550.905223,1,NA,2.68881e+11,3,2.68881e+13,2688810103,NA,NA,1,NA,NA,4,1,42,1,42101,"101_103",4210160000,42101000100,87,"15:30",4,NA,NA,NA,"2:00","","","","17:30",21,5,NA,NA,NA,NA,NA,NA,NA,NA,NA,NA,NA,NA,NA,NA,NA,NA,NA,NA,NA,NA,NA,NA,NA,NA,NA,NA,NA,NA,NA,NA,1,1,42,1,42101,"101_110",4210160000,42101008601,1027,1.17,30,23.31013,4.060675,644.559111
"84",2646,277435,2,27743502,312.7658348,141.1913006,2,NA,2.77435e+11,4,2.77435e+13,2774350204,NA,NA,3,NA,NA,4,1,42,1,42101,"101_110",4210160000,42101007800,1016,"10:08",19,NA,NA,NA,"0:05","","","","10:13",23,5,NA,NA,NA,NA,NA,NA,NA,NA,NA,NA,NA,NA,NA,NA,NA,NA,NA,NA,NA,NA,NA,NA,NA,NA,NA,NA,NA,NA,NA,NA,4,1,42,1,42101,"101_103",4210160000,42101000402,83,1.12,18,21.749239,2.89747,158.1342566
"85",2856,292017,2,29201702,48.06144616,86.29584154,1,NA,2.92017e+11,1,2.92017e+13,2920170201,NA,NA,1,2,2,1,1,42,1,42101,"101_103",4210160000,42101001900,7,"",1,7,NA,NA,"0:00","","","","8:00",14,5,NA,NA,NA,NA,NA,NA,NA,NA,NA,NA,NA,NA,NA,NA,NA,NA,NA,NA,NA,NA,NA,NA,NA,NA,NA,NA,NA,NA,NA,NA,2,1,42,1,42101,"101_103",4210160000,42101000402,83,1.15,15,12.527511,1.096132,99.24021778
"86",2890,296654,2,29665402,172.1824722,96.92038715,1,NA,2.96654e+11,2,2.96654e+13,2966540202,NA,NA,1,NA,NA,4,1,42,1,42101,"101_103",4210160000,42101000901,40,"8:02",19,NA,NA,NA,"0:00","","","","8:03",14,5,NA,NA,NA,NA,NA,NA,NA,NA,NA,NA,NA,NA,NA,NA,NA,NA,NA,NA,NA,NA,NA,NA,NA,NA,NA,NA,NA,NA,NA,NA,2,1,42,1,42101,"101_110",4210160000,42101008801,1028,1.12,27,19.191247,2.19202,108.5508336
"87",2891,296654,2,29665402,172.1824722,96.92038715,1,NA,2.96654e+11,3,2.96654e+13,2966540203,NA,NA,1,NA,NA,2,1,42,1,42101,"101_110",4210160000,42101008801,1028,"8:30",5,NA,NA,NA,"8:00","","","","17:00",14,5,NA,NA,NA,NA,NA,NA,NA,NA,NA,NA,NA,NA,NA,NA,NA,NA,NA,NA,NA,NA,NA,NA,NA,NA,NA,NA,NA,NA,NA,NA,1,1,42,1,42101,"101_103",4210160000,42101000902,39,1.12,35,23.412371,2.602185,108.5508336
"88",2922,300251,1,30025101,345.5485017,375.488745,1,NA,3.00251e+11,1,3.00251e+13,3002510101,NA,NA,1,2,2,1,1,42,1,42101,"101_112",4210160000,42101002200,845,"",1,NA,NA,NA,"8:00","","","","11:01",21,5,NA,NA,NA,NA,NA,NA,NA,NA,NA,NA,NA,NA,NA,NA,NA,NA,NA,NA,NA,NA,NA,NA,NA,NA,NA,NA,NA,NA,NA,NA,2,1,42,1,42101,"101_103",4210160000,42101000401,102,1.17,23,20.678687,1.755819,439.3218316
"89",2923,300251,1,30025101,345.5485017,375.488745,1,NA,3.00251e+11,2,3.00251e+13,3002510102,NA,NA,1,NA,NA,2,1,42,1,42101,"101_103",4210160000,42101000401,102,"11:24",5,NA,NA,NA,"3:45","","","","15:15",21,5,NA,NA,NA,NA,NA,NA,NA,NA,NA,NA,NA,NA,NA,NA,NA,NA,NA,NA,NA,NA,NA,NA,NA,NA,NA,NA,NA,NA,NA,NA,4,1,42,1,42101,"101_103",4210160000,42101000100,66,1.17,60,17.721209,1.734913,439.3218316
"90",3028,300605,1,30060501,192.0349668,1502.032712,1,NA,3.00605e+11,1,3.00605e+13,3006050101,NA,NA,1,1,2,1,1,42,1,42101,"101_102",4210160000,42101006300,2018,"",1,NA,NA,NA,"3:30","","","","6:30",14,5,NA,NA,NA,NA,NA,NA,NA,NA,NA,NA,NA,NA,NA,NA,NA,NA,NA,NA,NA,NA,NA,NA,NA,NA,NA,NA,NA,NA,NA,NA,2,1,42,1,42101,"101_110",4210160000,42101036900,1012,1.17,35,23.344439,2.998404,1757.378273
"91",3029,300605,1,30060501,192.0349668,1502.032712,1,NA,3.00605e+11,2,3.00605e+13,3006050102,NA,NA,1,NA,NA,2,1,42,1,42101,"101_110",4210160000,42101036900,1012,"7:05",5,NA,NA,NA,"7:30","","","","16:00",14,5,NA,NA,NA,NA,NA,NA,NA,NA,NA,NA,NA,NA,NA,NA,NA,NA,NA,NA,NA,NA,NA,NA,NA,NA,NA,NA,NA,NA,NA,NA,1,1,42,1,42101,"101_102",4210160000,42101006300,2018,1.17,105,20.273254,3.103321,1757.378273
"92",3274,302487,1,30248701,90.35209581,103.8984472,1,NA,3.02487e+11,1,3.02487e+13,3024870101,NA,NA,2,1,2,1,1,42,1,42101,"101_110",4210160000,42101007400,1007,"",1,6,7,NA,"1:00","0:30","1:00","","8:30",14,5,NA,NA,NA,NA,NA,NA,NA,NA,NA,NA,NA,NA,NA,NA,NA,NA,NA,NA,NA,NA,NA,NA,NA,NA,NA,NA,NA,NA,NA,NA,4,1,42,1,42101,"101_103",4210160000,42101000402,82,1.13,32,19.371312,2.830745,117.4052454
"93",3275,302487,1,30248701,90.35209581,103.8984472,1,NA,3.02487e+11,2,3.02487e+13,3024870102,NA,NA,2,NA,NA,4,1,42,1,42101,"101_103",4210160000,42101000402,82,"9:02",4,NA,NA,NA,"2:00","","","","12:00",23,5,NA,NA,NA,NA,NA,NA,NA,NA,NA,NA,NA,NA,NA,NA,NA,NA,NA,NA,NA,NA,NA,NA,NA,NA,NA,NA,NA,NA,NA,NA,1,1,42,1,42101,"101_110",4210160000,42101007400,1007,1.13,150,19.096302,2.820684,117.4052454
"94",3312,302580,2,30258002,232.8204927,209.4594371,1,NA,3.0258e+11,1,3.0258e+13,3025800201,NA,NA,2,5,2,1,1,42,1,42101,"101_115",4210160000,42101026900,2633,"",1,NA,NA,NA,"3:15","","","","9:15",14,5,NA,NA,NA,NA,NA,NA,NA,NA,NA,NA,NA,NA,NA,NA,NA,NA,NA,NA,NA,NA,NA,NA,NA,NA,NA,NA,NA,NA,NA,NA,4,1,42,1,42101,"101_112",4210160000,42101004102,813,1.17,105,63.96284,11.392977,245.0675414
"95",3317,302580,2,30258002,232.8204927,209.4594371,1,NA,3.0258e+11,6,3.0258e+13,3025800206,NA,NA,2,NA,NA,4,1,42,1,42101,"101_112",4210160000,42101004102,813,"15:35",12,NA,NA,NA,"0:00","","","","9999",14,5,NA,NA,NA,NA,NA,NA,NA,NA,NA,NA,NA,NA,NA,NA,NA,NA,NA,NA,NA,NA,NA,NA,NA,NA,NA,NA,NA,NA,NA,NA,1,1,42,1,42101,"101_115",4210160000,42101026900,2633,1.17,NA,NA,NA,245.0675414
"96",3319,302580,3,30258003,232.8204927,1711.981233,1,NA,3.0258e+11,1,3.0258e+13,3025800301,NA,NA,2,1,2,1,1,42,1,42101,"101_115",4210160000,42101026900,2633,"",1,NA,NA,NA,"0:00","","","","14:00",14,5,NA,NA,NA,NA,NA,NA,NA,NA,NA,NA,NA,NA,NA,NA,NA,NA,NA,NA,NA,NA,NA,NA,NA,NA,NA,NA,NA,NA,NA,NA,4,1,42,1,42091,"091_412",4209112968,42091202500,12238,1.17,20,28.100324,3.589192,2003.018043
"97",3320,302580,3,30258003,232.8204927,1711.981233,1,NA,3.0258e+11,2,3.0258e+13,3025800302,NA,NA,2,NA,NA,4,1,42,1,42091,"091_412",4209112968,42091202500,12238,"14:20",8,NA,NA,NA,"1:33","","","","9999",14,5,NA,NA,NA,NA,NA,NA,NA,NA,NA,NA,NA,NA,NA,NA,NA,NA,NA,NA,NA,NA,NA,NA,NA,NA,NA,NA,NA,NA,NA,NA,1,1,42,1,42101,"101_115",4210160000,42101026900,2633,1.17,NA,NA,NA,2003.018043
"98",3450,303202,1,30320201,249.0046337,112.242227,1,NA,3.03202e+11,2,3.03202e+13,3032020102,NA,NA,1,NA,NA,4,1,42,1,42101,"101_109",4210160000,42101014300,601,"13:35",19,NA,NA,NA,"0:00","","","","13:38",14,5,NA,NA,NA,NA,NA,NA,NA,NA,NA,NA,NA,NA,NA,NA,NA,NA,NA,NA,NA,NA,NA,NA,NA,NA,NA,NA,NA,NA,NA,NA,4,1,42,1,42101,"101_103",4210160000,42101013401,139,1.17,22,26.312437,3.019362,131.3234056
"99",3452,303202,1,30320201,249.0046337,112.242227,1,NA,3.03202e+11,4,3.03202e+13,3032020104,NA,NA,1,NA,NA,4,1,42,1,42101,"101_103",4210160000,42101012500,136,"14:10",19,NA,NA,NA,"0:00","","","","14:25",14,5,NA,NA,NA,NA,NA,NA,NA,NA,NA,NA,NA,NA,NA,NA,NA,NA,NA,NA,NA,NA,NA,NA,NA,NA,NA,NA,NA,NA,NA,NA,1,1,42,1,42101,"101_109",4210160000,42101014300,601,1.17,25,28.557489,3.355106,131.3234056
"100",3504,303315,1,30331501,596.8695769,113.6043987,1,NA,3.03315e+11,1,3.03315e+13,3033150101,NA,NA,3,0,1,4,1,42,1,42101,"101_102",4210160000,42101006700,2020,"",12,NA,NA,NA,"5:00","","","","16:00",14,5,NA,NA,NA,NA,NA,NA,NA,NA,NA,NA,NA,NA,NA,NA,NA,NA,NA,NA,NA,NA,NA,NA,NA,NA,NA,NA,NA,NA,NA,NA,1,1,42,1,42101,"101_107",4210160000,42101014000,403,1.17,60,41.672203,6.73117,132.9171465
"101",3506,303315,2,30331502,596.8695769,143.2542562,1,NA,3.03315e+11,1,3.03315e+13,3033150201,NA,NA,2,1,2,1,1,42,1,42101,"101_107",4210160000,42101014000,403,"",1,15,NA,NA,"3:00","1:00","","","11:00",14,5,NA,NA,NA,NA,NA,NA,NA,NA,NA,NA,NA,NA,NA,NA,NA,NA,NA,NA,NA,NA,NA,NA,NA,NA,NA,NA,NA,NA,NA,NA,4,1,42,1,42101,"101_102",4210160000,42101006700,2020,1.17,60,41.29897,6.573156,167.6074797
"102",3507,303315,2,30331502,596.8695769,143.2542562,1,NA,3.03315e+11,2,3.03315e+13,3033150202,NA,NA,2,NA,NA,4,1,42,1,42101,"101_102",4210160000,42101006700,2020,"12:00",12,NA,NA,NA,"4:00","","","","16:00",14,5,NA,NA,NA,NA,NA,NA,NA,NA,NA,NA,NA,NA,NA,NA,NA,NA,NA,NA,NA,NA,NA,NA,NA,NA,NA,NA,NA,NA,NA,NA,1,1,42,1,42101,"101_107",4210160000,42101014000,403,1.17,60,41.672203,6.73117,167.6074797
"103",3510,303329,2,30332902,393.0130441,246.6503618,1,NA,3.03329e+11,1,3.03329e+13,3033290201,NA,NA,1,1,2,1,1,42,1,42101,"101_115",4210160000,42101026302,2640,"",1,NA,NA,NA,"7:00","","","","10:00",14,5,NA,NA,NA,NA,NA,NA,NA,NA,NA,NA,NA,NA,NA,NA,NA,NA,NA,NA,NA,NA,NA,NA,NA,NA,NA,NA,NA,NA,NA,NA,1,1,42,1,42101,"101_115",4210160000,42101026302,2640,1.17,NA,7.625119,0.248292,288.5809233
"104",3511,303329,2,30332902,393.0130441,246.6503618,1,NA,3.03329e+11,2,3.03329e+13,3033290202,NA,NA,1,NA,NA,1,1,42,1,42101,"101_115",4210160000,42101026302,2640,"9999",5,8,NA,NA,"8:00","1:00","","","20:00",14,5,NA,NA,NA,NA,NA,NA,NA,NA,NA,NA,NA,NA,NA,NA,NA,NA,NA,NA,NA,NA,NA,NA,NA,NA,NA,NA,NA,NA,NA,NA,1,1,42,1,42101,"101_115",4210160000,42101026600,2638,1.17,240,8.180767,0.414649,288.5809233
"105",3589,303895,1,30389501,249.8544938,316.5567004,1,NA,3.03895e+11,1,3.03895e+13,3038950101,NA,NA,1,2,2,1,1,42,1,42045,"045_206",4204533144,42045408700,5016,"",1,NA,NA,NA,"0:00","","","","10:00",14,5,NA,NA,NA,NA,NA,NA,NA,NA,NA,NA,NA,NA,NA,NA,NA,NA,NA,NA,NA,NA,NA,NA,NA,NA,NA,NA,NA,NA,NA,NA,2,1,42,1,42045,"045_206",4204563264,42045409701,5057,1.17,75,29.984811,6.056869,370.3713395
"106",3590,303895,1,30389501,249.8544938,316.5567004,1,NA,3.03895e+11,2,3.03895e+13,3038950102,NA,NA,1,NA,NA,2,1,42,1,42045,"045_206",4204563264,42045409701,5057,"11:15",5,NA,NA,NA,"0:00","","","","19:00",21,5,NA,NA,NA,NA,NA,NA,NA,NA,NA,NA,NA,NA,NA,NA,NA,NA,NA,NA,NA,NA,NA,NA,NA,NA,NA,NA,NA,NA,NA,NA,3,1,42,1,42045,"045_206",4204533144,42045408700,5013,1.17,30,29.716667,5.92953,370.3713395
"107",3617,304282,1,30428201,93.80397774,103.2783793,1,NA,3.04282e+11,2,3.04282e+13,3042820102,NA,NA,1,NA,NA,4,1,42,1,42101,"101_117",4210160000,42101024300,2401,"7:52",19,NA,NA,NA,"0:00","","","","7:53",14,5,NA,NA,NA,NA,NA,NA,NA,NA,NA,NA,NA,NA,NA,NA,NA,NA,NA,NA,NA,NA,NA,NA,NA,NA,NA,NA,NA,NA,NA,NA,4,1,42,1,42101,"101_101",4210160000,42101020102,1428,1.13,7,16.08413,1.959978,116.7045686
"108",3618,304282,1,30428201,93.80397774,103.2783793,1,NA,3.04282e+11,3,3.04282e+13,3042820103,NA,NA,1,NA,NA,4,1,42,1,42101,"101_101",4210160000,42101020102,1428,"8:00",19,NA,NA,NA,"0:00","","","","8:02",21,5,NA,NA,NA,NA,NA,NA,NA,NA,NA,NA,NA,NA,NA,NA,NA,NA,NA,NA,NA,NA,NA,NA,NA,NA,NA,NA,NA,NA,NA,NA,4,1,42,1,42101,"101_107",4210160000,42101014000,403,1.13,5,18.363712,3.08576,116.7045686
"109",3619,304282,1,30428201,93.80397774,103.2783793,1,NA,3.04282e+11,4,3.04282e+13,3042820104,NA,NA,1,NA,NA,4,1,42,1,42101,"101_107",4210160000,42101014000,403,"8:07",19,NA,NA,NA,"0:00","","","","8:08",21,5,NA,NA,NA,NA,NA,NA,NA,NA,NA,NA,NA,NA,NA,NA,NA,NA,NA,NA,NA,NA,NA,NA,NA,NA,NA,NA,NA,NA,NA,NA,4,1,42,1,42101,"101_103",4210160000,42101000500,74,1.13,8,14.274008,1.713593,116.7045686
"110",3722,304752,1,30475201,786.5374973,159.0410632,2,NA,3.04752e+11,4,3.04752e+13,3047520104,NA,NA,1,NA,NA,4,1,42,1,42101,"101_105",4210160000,42101980600,1814,"8:20",7,NA,NA,NA,"0:00","","","","8:27",21,5,NA,NA,NA,NA,NA,NA,NA,NA,NA,NA,NA,NA,NA,NA,NA,NA,NA,NA,NA,NA,NA,NA,NA,NA,NA,NA,NA,NA,NA,NA,2,1,42,1,42101,"101_103",4210160000,42101000402,98,1.17,13,27.98557,3.732742,186.0780439
"111",3776,304958,1,30495801,668.6753665,125.9556218,3,NA,3.04958e+11,6,3.04958e+13,3049580106,NA,NA,2,NA,NA,4,1,42,1,42101,"101_111",4210160000,42101008101,1202,"13:35",1,NA,NA,NA,"0:00","","","","13:42",14,5,NA,NA,NA,NA,NA,NA,NA,NA,NA,NA,NA,NA,NA,NA,NA,NA,NA,NA,NA,NA,NA,NA,NA,NA,NA,NA,NA,NA,NA,NA,4,1,42,1,42101,"101_110",4210160000,42101007300,1011,1.17,38,13.907832,0.931448,147.3680775
"112",3777,304958,1,30495801,668.6753665,125.9556218,3,NA,3.04958e+11,7,3.04958e+13,3049580107,NA,NA,2,NA,NA,4,1,42,1,42101,"101_110",4210160000,42101007300,1011,"14:20",17,NA,NA,NA,"0:00","","","","14:35",14,5,NA,NA,NA,NA,NA,NA,NA,NA,NA,NA,NA,NA,NA,NA,NA,NA,NA,NA,NA,NA,NA,NA,NA,NA,NA,NA,NA,NA,NA,NA,1,1,42,1,42101,"101_111",4210160000,42101008101,1202,1.17,32,18.631738,0.939048,147.3680775
"113",3795,304958,4,30495804,668.6753665,84.30299267,3,NA,3.04958e+11,7,3.04958e+13,3049580407,NA,NA,2,NA,NA,4,1,42,1,42101,"101_110",4210160000,42101007300,1011,"14:20",16,NA,NA,NA,"0:00","","","","14:35",14,5,NA,NA,NA,NA,NA,NA,NA,NA,NA,NA,NA,NA,NA,NA,NA,NA,NA,NA,NA,NA,NA,NA,NA,NA,NA,NA,NA,NA,NA,NA,1,1,42,1,42101,"101_111",4210160000,42101008101,1202,1.17,32,18.631738,0.939048,98.63450143
"114",3802,304958,5,30495805,668.6753665,225.5464313,3,NA,3.04958e+11,6,3.04958e+13,3049580506,NA,NA,2,NA,NA,3,6,42,1,42101,"101_110",4210160000,42101007400,1007,"13:37",17,NA,NA,NA,"0:00","","","","13:42",14,5,NA,NA,NA,NA,NA,NA,NA,NA,NA,NA,NA,NA,NA,NA,NA,NA,NA,NA,NA,NA,NA,NA,NA,NA,NA,NA,NA,NA,NA,NA,4,1,42,1,42101,"101_110",4210160000,42101007300,1011,1.17,38,13.231894,0.451189,263.8893246
"115",3803,304958,5,30495805,668.6753665,225.5464313,3,NA,3.04958e+11,7,3.04958e+13,3049580507,NA,NA,2,NA,NA,4,1,42,1,42101,"101_110",4210160000,42101007300,1011,"14:20",16,NA,NA,NA,"0:00","","","","14:35",14,5,NA,NA,NA,NA,NA,NA,NA,NA,NA,NA,NA,NA,NA,NA,NA,NA,NA,NA,NA,NA,NA,NA,NA,NA,NA,NA,NA,NA,NA,NA,1,1,42,1,42101,"101_111",4210160000,42101008101,1202,1.17,32,18.631738,0.939048,263.8893246
"116",3832,305277,1,30527701,102.4558257,79.93141189,1,NA,3.05277e+11,2,3.05277e+13,3052770102,NA,NA,2,NA,NA,4,1,42,1,42045,"045_205",4204548480,42045407502,4808,"11:00",15,NA,NA,NA,"2:00","","","","13:00",14,5,NA,NA,NA,NA,NA,NA,NA,NA,NA,NA,NA,NA,NA,NA,NA,NA,NA,NA,NA,NA,NA,NA,NA,NA,NA,NA,NA,NA,NA,NA,4,3,42,1,42045,"045_202",4204573032,42045407803,4240,1.17,30,23.199248,3.684776,93.51975191
"117",4173,307005,3,30700503,283.1759128,394.8600031,1,NA,3.07005e+11,1,3.07005e+13,3070050301,NA,NA,1,1,2,1,1,42,1,42101,"101_115",4210160000,42101026900,2633,"",1,NA,NA,NA,"4:45","","","","7:45",21,5,NA,NA,NA,NA,NA,NA,NA,NA,NA,NA,NA,NA,NA,NA,NA,NA,NA,NA,NA,NA,NA,NA,NA,NA,NA,NA,NA,NA,NA,NA,2,1,42,1,42101,"101_103",4210160000,42101000500,70,1.12,45,35.271343,8.667527,442.2432035
"118",4174,307005,3,30700503,283.1759128,394.8600031,1,NA,3.07005e+11,2,3.07005e+13,3070050302,NA,NA,1,NA,NA,2,1,42,1,42101,"101_103",4210160000,42101000500,70,"8:30",5,NA,NA,NA,"8:30","","","","17:00",21,5,NA,NA,NA,NA,NA,NA,NA,NA,NA,NA,NA,NA,NA,NA,NA,NA,NA,NA,NA,NA,NA,NA,NA,NA,NA,NA,NA,NA,NA,NA,1,1,42,1,42101,"101_115",4210160000,42101026900,2633,1.12,35,34.849995,8.789477,442.2432035
"119",4274,307833,1,30783301,524.6707836,137.8203678,1,NA,3.07833e+11,2,3.07833e+13,3078330102,NA,NA,2,NA,NA,4,1,42,1,42101,"101_101",4210160000,42101028901,1439,"11:35",19,NA,NA,NA,"0:00","","","","11:57",14,5,NA,NA,NA,NA,NA,NA,NA,NA,NA,NA,NA,NA,NA,NA,NA,NA,NA,NA,NA,NA,NA,NA,NA,NA,NA,NA,NA,NA,NA,NA,4,1,42,1,42101,"101_114",4210160000,42101030000,1605,1.17,13,18.76157,2.492741,161.2498303
"120",4278,307833,1,30783301,524.6707836,137.8203678,1,NA,3.07833e+11,6,3.07833e+13,3078330106,NA,NA,2,NA,NA,4,1,42,1,42101,"101_103",4210160000,42101000500,69,"16:33",19,NA,NA,NA,"0:00","","","","16:44",21,5,NA,NA,NA,NA,NA,NA,NA,NA,NA,NA,NA,NA,NA,NA,NA,NA,NA,NA,NA,NA,NA,NA,NA,NA,NA,NA,NA,NA,NA,NA,4,1,42,1,42101,"101_114",4210160000,42101030000,1605,1.17,24,26.035286,6.764881,161.2498303
"121",4279,307833,1,30783301,524.6707836,137.8203678,1,NA,3.07833e+11,7,3.07833e+13,3078330107,NA,NA,2,NA,NA,4,1,42,1,42101,"101_114",4210160000,42101030000,1605,"17:08",19,NA,NA,NA,"0:00","","","","17:22",14,5,NA,NA,NA,NA,NA,NA,NA,NA,NA,NA,NA,NA,NA,NA,NA,NA,NA,NA,NA,NA,NA,NA,NA,NA,NA,NA,NA,NA,NA,NA,4,1,42,1,42101,"101_101",4210160000,42101028901,1439,1.17,12,18.178911,2.350382,161.2498303
"122",4283,307833,2,30783302,524.6707836,131.3937469,1,NA,3.07833e+11,2,3.07833e+13,3078330202,NA,NA,1,NA,NA,4,1,42,1,42101,"101_101",4210160000,42101028901,1439,"6:55",19,NA,NA,NA,"0:00","","","","7:19",14,5,NA,NA,NA,NA,NA,NA,NA,NA,NA,NA,NA,NA,NA,NA,NA,NA,NA,NA,NA,NA,NA,NA,NA,NA,NA,NA,NA,NA,NA,NA,4,1,42,1,42101,"101_101",4210160000,42101020500,1440,1.17,1,25.905694,2.946646,153.7306839
"123",4288,307833,2,30783302,524.6707836,131.3937469,1,NA,3.07833e+11,7,3.07833e+13,3078330207,NA,NA,1,NA,NA,4,1,42,1,42101,"101_101",4210160000,42101020500,1440,"17:30",19,19,NA,NA,"0:00","","","","17:38",14,5,NA,NA,NA,NA,NA,NA,NA,NA,NA,NA,NA,NA,NA,NA,NA,NA,NA,NA,NA,NA,NA,NA,NA,NA,NA,NA,NA,NA,NA,NA,4,1,42,1,42101,"101_101",4210160000,42101028901,1439,1.17,18,19.597507,2.907832,153.7306839
"124",4292,307833,3,30783303,524.6707836,108.6461088,1,NA,3.07833e+11,2,3.07833e+13,3078330302,NA,NA,2,NA,NA,4,1,42,1,42101,"101_101",4210160000,42101028901,1439,"11:35",19,19,NA,NA,"0:00","","","","11:57",14,5,NA,NA,NA,NA,NA,NA,NA,NA,NA,NA,NA,NA,NA,NA,NA,NA,NA,NA,NA,NA,NA,NA,NA,NA,NA,NA,NA,NA,NA,NA,4,1,42,1,42101,"101_114",4210160000,42101030000,1605,1.17,13,18.76157,2.492741,127.1159474
"125",4293,307833,3,30783303,524.6707836,108.6461088,1,NA,3.07833e+11,3,3.07833e+13,3078330303,NA,NA,2,NA,NA,4,1,42,1,42101,"101_114",4210160000,42101030000,1605,"12:10",19,19,NA,NA,"0:00","","","","12:20",21,5,NA,NA,NA,NA,NA,NA,NA,NA,NA,NA,NA,NA,NA,NA,NA,NA,NA,NA,NA,NA,NA,NA,NA,NA,NA,NA,NA,NA,NA,NA,4,1,42,1,42101,"101_103",4210160000,42101000500,69,1.17,18,26.517777,6.774564,127.1159474
"126",4296,307833,3,30783303,524.6707836,108.6461088,1,NA,3.07833e+11,6,3.07833e+13,3078330306,NA,NA,2,NA,NA,4,1,42,1,42101,"101_103",4210160000,42101000500,69,"16:23",19,NA,NA,NA,"0:00","","","","16:33",21,5,NA,NA,NA,NA,NA,NA,NA,NA,NA,NA,NA,NA,NA,NA,NA,NA,NA,NA,NA,NA,NA,NA,NA,NA,NA,NA,NA,NA,NA,NA,4,1,42,1,42101,"101_114",4210160000,42101030000,1605,1.17,35,26.035286,6.764881,127.1159474
"127",4297,307833,3,30783303,524.6707836,108.6461088,1,NA,3.07833e+11,7,3.07833e+13,3078330307,NA,NA,2,NA,NA,4,1,42,1,42101,"101_114",4210160000,42101030000,1605,"17:08",19,19,NA,NA,"0:00","","","","17:22",14,5,NA,NA,NA,NA,NA,NA,NA,NA,NA,NA,NA,NA,NA,NA,NA,NA,NA,NA,NA,NA,NA,NA,NA,NA,NA,NA,NA,NA,NA,NA,4,1,42,1,42101,"101_101",4210160000,42101028901,1439,1.17,16,18.178911,2.350382,127.1159474
"128",4724,309830,1,30983001,317.8695646,251.0806029,4,NA,3.0983e+11,5,3.0983e+13,3098300105,NA,NA,2,1,NA,1,1,42,1,42101,"101_112",4210160000,42101002400,846,"10:29",1,NA,NA,NA,"0:00","","","","10:39",14,5,NA,NA,NA,NA,NA,NA,NA,NA,NA,NA,NA,NA,NA,NA,NA,NA,NA,NA,NA,NA,NA,NA,NA,NA,NA,NA,NA,NA,NA,NA,4,1,42,1,42101,"101_112",4210160000,42101002400,846,1.17,6,6.407086,0.230498,293.7643054
"129",4725,309830,1,30983001,317.8695646,251.0806029,4,NA,3.0983e+11,6,3.0983e+13,3098300106,NA,NA,2,NA,NA,4,1,42,1,42101,"101_112",4210160000,42101002400,846,"10:45",8,NA,NA,NA,"0:00","","","","11:00",14,5,NA,NA,NA,NA,NA,NA,NA,NA,NA,NA,NA,NA,NA,NA,NA,NA,NA,NA,NA,NA,NA,NA,NA,NA,NA,NA,NA,NA,NA,NA,1,1,42,1,42101,"101_112",4210160000,42101002400,846,1.17,22,6.407086,0.230498,293.7643054
"130",5204,312168,2,31216802,167.8496459,153.6376731,1,NA,3.12168e+11,2,3.12168e+13,3121680202,NA,NA,2,NA,NA,4,3,42,1,42101,"101_105",4210160000,42101037300,1816,"8:10",19,NA,NA,NA,"0:10","","","","8:20",21,5,NA,NA,NA,NA,NA,NA,NA,NA,NA,NA,NA,NA,NA,NA,NA,NA,NA,NA,NA,NA,NA,NA,NA,NA,NA,NA,NA,NA,NA,NA,4,3,42,1,42101,"101_105",4210160000,42101037300,1816,1.17,NA,5.835977,0.35169,179.7560775
"131",5206,312168,2,31216802,167.8496459,153.6376731,1,NA,3.12168e+11,4,3.12168e+13,3121680204,NA,NA,2,NA,NA,4,3,42,1,42101,"101_111",4210160000,42101008500,1209,"9:05",16,NA,NA,NA,"0:25","","","","9999",21,5,NA,NA,NA,NA,NA,NA,NA,NA,NA,NA,NA,NA,NA,NA,NA,NA,NA,NA,NA,NA,NA,NA,NA,NA,NA,NA,NA,NA,NA,NA,1,1,42,1,42101,"101_117",4210160000,42101024300,2401,1.17,NA,NA,NA,179.7560775
"132",5207,312168,2,31216802,167.8496459,153.6376731,1,NA,3.12168e+11,5,3.12168e+13,3121680205,NA,NA,2,NA,NA,1,1,42,1,42101,"101_117",4210160000,42101024300,2401,"9:15",6,NA,NA,NA,"0:10","","","","9999",14,5,NA,NA,NA,NA,NA,NA,NA,NA,NA,NA,NA,NA,NA,NA,NA,NA,NA,NA,NA,NA,NA,NA,NA,NA,NA,NA,NA,NA,NA,NA,4,1,42,1,42101,"101_101",4210160000,42101017000,1427,1.17,NA,NA,NA,179.7560775
"133",5273,312611,1,31261101,482.4406172,126.5286508,1,NA,3.12611e+11,1,3.12611e+13,3126110101,NA,NA,2,1,2,1,1,42,1,42101,"101_103",4210160000,42101001202,28,"",1,NA,NA,NA,"4:30","","","","7:30",21,5,NA,NA,NA,NA,NA,NA,NA,NA,NA,NA,NA,NA,NA,NA,NA,NA,NA,NA,NA,NA,NA,NA,NA,NA,NA,NA,NA,NA,NA,NA,3,1,42,1,42101,"101_101",4210160000,42101020101,1418,1.17,20,28.473143,4.398432,148.0385214
"134",5274,312611,1,31261101,482.4406172,126.5286508,1,NA,3.12611e+11,2,3.12611e+13,3126110102,NA,NA,2,NA,NA,3,1,42,1,42101,"101_101",4210160000,42101020101,1418,"7:50",3,NA,NA,NA,"4:00","","","","12:00",21,5,NA,NA,NA,NA,NA,NA,NA,NA,NA,NA,NA,NA,NA,NA,NA,NA,NA,NA,NA,NA,NA,NA,NA,NA,NA,NA,NA,NA,NA,NA,1,1,42,1,42101,"101_103",4210160000,42101001202,28,1.17,30,27.666942,4.362201,148.0385214
"135",5329,312784,1,31278401,422.9128024,103.7405364,1,NA,3.12784e+11,6,3.12784e+13,3127840106,NA,NA,2,NA,NA,4,1,42,1,42101,"101_107",4210160000,42101014000,403,"8:45",19,NA,NA,NA,"0:00","","","","8:46",21,5,NA,NA,NA,NA,NA,NA,NA,NA,NA,NA,NA,NA,NA,NA,NA,NA,NA,NA,NA,NA,NA,NA,NA,NA,NA,NA,NA,NA,NA,NA,4,1,42,1,42101,"101_107",4210160000,42101014700,411,1.17,2,6.650289,0.546193,121.3764275
"136",5332,312784,1,31278401,422.9128024,103.7405364,1,NA,3.12784e+11,9,3.12784e+13,3127840109,NA,NA,2,NA,NA,3,1,42,1,42101,"101_103",4210160000,42101000402,93,"13:36",11,NA,NA,NA,"0:00","","","","14:00",21,5,NA,NA,NA,NA,NA,NA,NA,NA,NA,NA,NA,NA,NA,NA,NA,NA,NA,NA,NA,NA,NA,NA,NA,NA,NA,NA,NA,NA,NA,NA,4,1,42,1,42101,"101_115",4210160000,42101028200,2615,1.17,15,25.438692,6.583901,121.3764275
"137",5333,312784,1,31278401,422.9128024,103.7405364,1,NA,3.12784e+11,10,3.12784e+13,3127840110,NA,NA,2,NA,NA,4,1,42,1,42101,"101_115",4210160000,42101028200,2615,"14:15",19,NA,NA,NA,"0:00","","","","14:20",14,5,NA,NA,NA,NA,NA,NA,NA,NA,NA,NA,NA,NA,NA,NA,NA,NA,NA,NA,NA,NA,NA,NA,NA,NA,NA,NA,NA,NA,NA,NA,4,1,42,1,42091,"091_412",4209112968,42091202500,12238,1.17,60,30.391026,4.508828,121.3764275
"138",5334,312784,1,31278401,422.9128024,103.7405364,1,NA,3.12784e+11,11,3.12784e+13,3127840111,NA,NA,2,NA,NA,4,1,42,1,42091,"091_412",4209112968,42091202500,12238,"15:20",9,1,NA,NA,"0:00","","","","15:30",14,5,NA,NA,NA,NA,NA,NA,NA,NA,NA,NA,NA,NA,NA,NA,NA,NA,NA,NA,NA,NA,NA,NA,NA,NA,NA,NA,NA,NA,NA,NA,4,1,42,1,42101,"101_115",4210160000,42101026500,2634,1.17,29,26.155549,2.379528,121.3764275
"139",5335,312784,1,31278401,422.9128024,103.7405364,1,NA,3.12784e+11,12,3.12784e+13,3127840112,NA,NA,2,NA,NA,4,1,42,1,42101,"101_115",4210160000,42101026500,2634,"15:59",1,NA,NA,NA,"","","","","16:02",14,5,NA,NA,NA,NA,NA,NA,NA,NA,NA,NA,NA,NA,NA,NA,NA,NA,NA,NA,NA,NA,NA,NA,NA,NA,NA,NA,NA,NA,NA,NA,4,1,42,1,42101,"101_115",4210160000,42101028200,2615,1.17,28,26.296332,2.527747,121.3764275
"140",5336,312784,1,31278401,422.9128024,103.7405364,1,NA,3.12784e+11,13,3.12784e+13,3127840113,NA,NA,2,NA,NA,4,1,42,1,42101,"101_115",4210160000,42101028200,2615,"16:30",19,NA,NA,NA,"","","","","16:40",21,5,NA,NA,NA,NA,NA,NA,NA,NA,NA,NA,NA,NA,NA,NA,NA,NA,NA,NA,NA,NA,NA,NA,NA,NA,NA,NA,NA,NA,NA,NA,4,1,42,1,42101,"101_103",4210160000,42101000500,69,1.17,5,24.682169,6.723414,121.3764275
"141",5337,312784,1,31278401,422.9128024,103.7405364,1,NA,3.12784e+11,14,3.12784e+13,3127840114,NA,NA,2,NA,NA,4,1,42,1,42101,"101_103",4210160000,42101000500,69,"16:45",19,NA,NA,NA,"","","","","16:50",21,5,NA,NA,NA,NA,NA,NA,NA,NA,NA,NA,NA,NA,NA,NA,NA,NA,NA,NA,NA,NA,NA,NA,NA,NA,NA,NA,NA,NA,NA,NA,4,1,42,1,42101,"101_103",4210160000,42101000402,76,1.17,0,8.067412,0.746344,121.3764275
"142",5338,312784,1,31278401,422.9128024,103.7405364,1,NA,3.12784e+11,15,3.12784e+13,3127840115,NA,NA,2,NA,NA,4,1,42,1,42101,"101_103",4210160000,42101000402,76,"16:50",19,NA,NA,NA,"","","","","0.708333333",21,5,NA,NA,NA,NA,NA,NA,NA,NA,NA,NA,NA,NA,NA,NA,NA,NA,NA,NA,NA,NA,NA,NA,NA,NA,NA,NA,NA,NA,NA,NA,3,1,42,1,42101,"101_103",4210160000,42101000402,93,1.17,160,3.7,0.111225,121.3764275
"143",5339,312784,1,31278401,422.9128024,103.7405364,1,NA,3.12784e+11,16,3.12784e+13,3127840116,NA,NA,2,NA,NA,3,1,42,1,42101,"101_103",4210160000,42101000402,93,"19:40",3,NA,NA,NA,"","","","","19:44",21,5,NA,NA,NA,NA,NA,NA,NA,NA,NA,NA,NA,NA,NA,NA,NA,NA,NA,NA,NA,NA,NA,NA,NA,NA,NA,NA,NA,NA,NA,NA,4,1,42,1,42101,"101_103",4210160000,42101000500,69,1.17,0,8.431547,0.81888,121.3764275
"144",5340,312784,1,31278401,422.9128024,103.7405364,1,NA,3.12784e+11,17,3.12784e+13,3127840117,NA,NA,2,NA,NA,4,1,42,1,42101,"101_103",4210160000,42101000500,69,"19:44",19,NA,NA,NA,"","","","","0.833333333",21,5,NA,NA,NA,NA,NA,NA,NA,NA,NA,NA,NA,NA,NA,NA,NA,NA,NA,NA,NA,NA,NA,NA,NA,NA,NA,NA,NA,NA,NA,NA,4,1,42,1,42101,"101_115",4210160000,42101028200,2615,1.17,9,22.737159,6.916508,121.3764275
"145",5341,312784,1,31278401,422.9128024,103.7405364,1,NA,3.12784e+11,18,3.12784e+13,3127840118,NA,NA,2,NA,NA,4,1,42,1,42101,"101_115",4210160000,42101028200,2615,"20:09",19,NA,NA,NA,"","","","","20:48",14,5,NA,NA,NA,NA,NA,NA,NA,NA,NA,NA,NA,NA,NA,NA,NA,NA,NA,NA,NA,NA,NA,NA,NA,NA,NA,NA,NA,NA,NA,NA,4,1,42,1,42101,"101_115",4210160000,42101026500,2634,1.17,12,24.933338,2.525545,121.3764275
"146",5362,312914,1,31291401,143.4174285,105.9960991,1,NA,3.12914e+11,1,3.12914e+13,3129140101,NA,NA,1,3,2,1,1,42,1,42101,"101_108",4210160000,42101021400,3209,"",1,10,6,NA,"0:00","","","","6:10",14,5,NA,NA,NA,NA,NA,NA,NA,NA,NA,NA,NA,NA,NA,NA,NA,NA,NA,NA,NA,NA,NA,NA,NA,NA,NA,NA,NA,NA,NA,NA,4,1,42,1,42101,"101_108",4210160000,42101021400,3209,1.12,12,4.504478,0.326095,118.715631
"147",5363,312914,1,31291401,143.4174285,105.9960991,1,NA,3.12914e+11,2,3.12914e+13,3129140102,NA,NA,1,NA,NA,4,1,42,1,42101,"101_108",4210160000,42101021400,3209,"6:22",19,NA,NA,NA,"0:00","","","","6:28",14,5,NA,NA,NA,NA,NA,NA,NA,NA,NA,NA,NA,NA,NA,NA,NA,NA,NA,NA,NA,NA,NA,NA,NA,NA,NA,NA,NA,NA,NA,NA,2,1,42,1,42101,"101_110",4210160000,42101980000,1034,1.12,21,23.870865,7.721691,118.715631
"148",5365,312914,1,31291401,143.4174285,105.9960991,1,NA,3.12914e+11,4,3.12914e+13,3129140104,NA,NA,1,NA,NA,4,1,42,1,42101,"101_103",4210160000,42101000901,41,"17:10",19,NA,NA,NA,"0:00","","","","17:47",14,5,NA,NA,NA,NA,NA,NA,NA,NA,NA,NA,NA,NA,NA,NA,NA,NA,NA,NA,NA,NA,NA,NA,NA,NA,NA,NA,NA,NA,NA,NA,1,1,42,1,42101,"101_108",4210160000,42101021400,3209,1.12,13,33.460577,8.39672,118.715631
"149",5401,313045,2,31304502,134.8258986,978.3702157,1,NA,3.13045e+11,2,3.13045e+13,3130450202,NA,NA,1,NA,NA,4,1,42,1,42091,"091_409",4209133120,42091200703,11605,"7:03",19,NA,NA,NA,"0:00","","","","7:21",21,5,NA,NA,NA,NA,NA,NA,NA,NA,NA,NA,NA,NA,NA,NA,NA,NA,NA,NA,NA,NA,NA,NA,NA,NA,NA,NA,NA,NA,NA,NA,4,1,42,1,42101,"101_103",4210160000,42101000402,92,1.12,559,69.39491,27.525208,1095.774642
"150",5402,313045,2,31304502,134.8258986,978.3702157,1,NA,3.13045e+11,3,3.13045e+13,3130450203,NA,NA,1,NA,NA,4,1,42,1,42101,"101_103",4210160000,42101000402,92,"16:40",5,NA,NA,NA,"0:00","","","","17:44",21,5,NA,NA,NA,NA,NA,NA,NA,NA,NA,NA,NA,NA,NA,NA,NA,NA,NA,NA,NA,NA,NA,NA,NA,NA,NA,NA,NA,NA,NA,NA,2,1,42,3,42031,"",4203181208,42031160200,NA,1.12,0,NA,NA,1095.774642
"151",5609,314144,3,31414403,611.5678652,2441.939862,1,NA,3.14144e+11,1,3.14144e+13,3141440301,NA,NA,1,1,2,1,1,42,1,42101,"101_114",4210160000,42101030000,1605,"",1,15,NA,NA,"5:00","5:30","","","13:30",14,5,NA,NA,NA,NA,NA,NA,NA,NA,NA,NA,NA,NA,NA,NA,NA,NA,NA,NA,NA,NA,NA,NA,NA,NA,NA,NA,NA,NA,NA,NA,2,1,42,1,42101,"101_109",4210160000,42101037800,606,1.17,60,34.271184,5.836645,2857.069638
"152",5610,314144,3,31414403,611.5678652,2441.939862,1,NA,3.14144e+11,2,3.14144e+13,3141440302,NA,NA,1,NA,NA,2,1,42,1,42101,"101_109",4210160000,42101037800,606,"14:30",5,NA,NA,NA,"6:00","","","","21:15",14,5,NA,NA,NA,NA,NA,NA,NA,NA,NA,NA,NA,NA,NA,NA,NA,NA,NA,NA,NA,NA,NA,NA,NA,NA,NA,NA,NA,NA,NA,NA,1,1,42,1,42101,"101_114",4210160000,42101030000,1605,1.17,60,29.321162,5.367058,2857.069638
"153",5612,314144,4,31414404,611.5678652,2864.664215,1,NA,3.14144e+11,1,3.14144e+13,3141440401,NA,NA,1,1,2,1,1,42,1,42101,"101_114",4210160000,42101030000,1605,"",1,NA,NA,NA,"0:00","","","","9999",14,5,NA,NA,NA,NA,NA,NA,NA,NA,NA,NA,NA,NA,NA,NA,NA,NA,NA,NA,NA,NA,NA,NA,NA,NA,NA,NA,NA,NA,NA,NA,2,1,42,1,42091,"091_410",4209179176,42091200307,11835,1.17,NA,NA,NA,3351.657131
"154",5613,314144,4,31414404,611.5678652,2864.664215,1,NA,3.14144e+11,2,3.14144e+13,3141440402,NA,NA,1,NA,NA,2,1,42,1,42091,"091_410",4209179176,42091200307,11835,"15:30",5,NA,NA,NA,"3:30","","","","19:00",14,5,NA,NA,NA,NA,NA,NA,NA,NA,NA,NA,NA,NA,NA,NA,NA,NA,NA,NA,NA,NA,NA,NA,NA,NA,NA,NA,NA,NA,NA,NA,1,1,42,1,42101,"101_114",4210160000,42101030000,1605,1.17,90,57.786353,15.000258,3351.657131
"155",5675,314408,1,31440801,228.5125741,128.8901503,1,NA,3.14408e+11,1,3.14408e+13,3144080101,NA,NA,2,3,2,1,1,42,1,42101,"101_101",4210160000,42101020300,1432,"",1,NA,NA,NA,"3:45","","","","7:45",21,5,NA,NA,NA,NA,NA,NA,NA,NA,NA,NA,NA,NA,NA,NA,NA,NA,NA,NA,NA,NA,NA,NA,NA,NA,NA,NA,NA,NA,NA,NA,4,1,42,1,42101,"101_103",4210160000,42101001002,51,1.17,55,24.994031,4.96241,150.8014758
"156",5677,314408,1,31440801,228.5125741,128.8901503,1,NA,3.14408e+11,3,3.14408e+13,3144080103,NA,NA,2,NA,NA,4,1,42,1,42101,"101_103",4210160000,42101000500,74,"9:30",13,NA,NA,NA,"1:00","","","","10:30",14,5,NA,NA,NA,NA,NA,NA,NA,NA,NA,NA,NA,NA,NA,NA,NA,NA,NA,NA,NA,NA,NA,NA,NA,NA,NA,NA,NA,NA,NA,NA,4,1,42,1,42101,"101_103",4210160000,42101000200,107,1.17,30,10.157097,1.059137,150.8014758
"157",5678,314408,1,31440801,228.5125741,128.8901503,1,NA,3.14408e+11,4,3.14408e+13,3144080104,NA,NA,2,NA,NA,4,1,42,1,42101,"101_103",4210160000,42101000200,107,"11:00",13,NA,NA,NA,"2:00","","","","13:00",14,5,NA,NA,NA,NA,NA,NA,NA,NA,NA,NA,NA,NA,NA,NA,NA,NA,NA,NA,NA,NA,NA,NA,NA,NA,NA,NA,NA,NA,NA,NA,1,1,42,1,42101,"101_101",4210160000,42101020300,1432,1.17,40,14.842763,4.068949,150.8014758
"158",5679,314408,1,31440801,228.5125741,128.8901503,2,NA,3.14408e+11,5,3.14408e+13,3144080105,NA,NA,2,2,NA,1,1,42,1,42101,"101_101",4210160000,42101020300,1432,"13:40",1,NA,NA,NA,"2:50","","","","16:30",21,5,NA,NA,NA,NA,NA,NA,NA,NA,NA,NA,NA,NA,NA,NA,NA,NA,NA,NA,NA,NA,NA,NA,NA,NA,NA,NA,NA,NA,NA,NA,4,1,42,1,42101,"101_107",4210160000,42101014700,411,1.17,40,16.716886,2.739574,150.8014758
"159",5681,314408,1,31440801,228.5125741,128.8901503,2,NA,3.14408e+11,7,3.14408e+13,3144080107,NA,NA,2,NA,NA,4,1,42,1,42101,"101_107",4210160000,42101014700,411,"17:50",13,NA,NA,NA,"1:10","","","","19:00",14,5,NA,NA,NA,NA,NA,NA,NA,NA,NA,NA,NA,NA,NA,NA,NA,NA,NA,NA,NA,NA,NA,NA,NA,NA,NA,NA,NA,NA,NA,NA,1,1,42,1,42101,"101_101",4210160000,42101020300,1432,1.17,75,16.860236,2.56681,150.8014758
"160",5859,315836,1,31583601,251.5217165,536.7593283,1,NA,3.15836e+11,2,3.15836e+13,3158360102,NA,NA,1,NA,NA,2,1,42,1,42101,"101_103",4210160000,42101036700,125,"8:40",11,5,7,8,"6:45","0:30","0:30","0:45","17:10",21,5,NA,NA,NA,NA,NA,NA,NA,NA,NA,NA,NA,NA,NA,NA,NA,NA,NA,NA,NA,NA,NA,NA,NA,NA,NA,NA,NA,NA,NA,NA,4,1,42,1,42101,"101_103",4210160000,42101000200,111,1.12,30,18.017641,2.062241,601.1704477
"161",5949,316464,1,31646401,516.6316157,251.0806029,1,NA,3.16464e+11,1,3.16464e+13,3164640101,NA,NA,1,2,2,1,1,42,1,42101,"101_107",4210160000,42101015102,421,"",1,11,12,7,"0:00","","","","10:00",14,5,NA,NA,NA,NA,NA,NA,NA,NA,NA,NA,NA,NA,NA,NA,NA,NA,NA,NA,NA,NA,NA,NA,NA,NA,NA,NA,NA,NA,NA,NA,2,1,42,1,42101,"101_103",4210160000,42101000500,91,1.17,0,32.46511,3.620237,293.7643054
"162",5953,316464,2,31646402,516.6316157,177.3003828,1,NA,3.16464e+11,1,3.16464e+13,3164640201,NA,NA,2,2,2,1,1,42,1,42101,"101_107",4210160000,42101015102,421,"",2,3,NA,NA,"0:00","","","","9:00",14,5,NA,NA,NA,NA,NA,NA,NA,NA,NA,NA,NA,NA,NA,NA,NA,NA,NA,NA,NA,NA,NA,NA,NA,NA,NA,NA,NA,NA,NA,NA,4,1,42,1,42101,"101_103",4210160000,42101012500,133,1.17,0,23.219201,2.368943,207.4414478
"163",5954,316464,2,31646402,516.6316157,177.3003828,1,NA,3.16464e+11,2,3.16464e+13,3164640202,NA,NA,2,NA,NA,4,1,42,1,42101,"101_103",4210160000,42101012500,133,"9:00",3,6,NA,NA,"0:00","","","","12:00",14,5,NA,NA,NA,NA,NA,NA,NA,NA,NA,NA,NA,NA,NA,NA,NA,NA,NA,NA,NA,NA,NA,NA,NA,NA,NA,NA,NA,NA,NA,NA,4,1,42,1,42101,"101_107",4210160000,42101014400,401,1.17,0,28.530069,3.197179,207.4414478
"164",6026,316891,1,31689101,559.3292714,257.3654622,1,NA,3.16891e+11,2,3.16891e+13,3168910102,NA,NA,1,NA,NA,4,1,42,1,42101,"101_101",4210160000,42101017000,1420,"10:54",19,NA,NA,NA,"0:07","","","","11:02",14,5,NA,NA,NA,NA,NA,NA,NA,NA,NA,NA,NA,NA,NA,NA,NA,NA,NA,NA,NA,NA,NA,NA,NA,NA,NA,NA,NA,NA,NA,NA,4,1,42,1,42101,"101_101",4210160000,42101020101,1418,1.17,10,15.73424,1.755373,301.1175908
"165",6027,316891,1,31689101,559.3292714,257.3654622,1,NA,3.16891e+11,3,3.16891e+13,3168910103,NA,NA,1,NA,NA,4,1,42,1,42101,"101_101",4210160000,42101020101,1418,"11:12",19,NA,NA,NA,"0:01","","","","11:13",14,5,NA,NA,NA,NA,NA,NA,NA,NA,NA,NA,NA,NA,NA,NA,NA,NA,NA,NA,NA,NA,NA,NA,NA,NA,NA,NA,NA,NA,NA,NA,4,1,42,1,42101,"101_101",4210160000,42101020101,1418,1.17,0,9.343538,0.27424,301.1175908
"166",6028,316891,1,31689101,559.3292714,257.3654622,1,NA,3.16891e+11,4,3.16891e+13,3168910104,NA,NA,1,NA,NA,4,1,42,1,42101,"101_101",4210160000,42101020101,1418,"11:13",19,NA,NA,NA,"0:01","","","","11:15",21,5,NA,NA,NA,NA,NA,NA,NA,NA,NA,NA,NA,NA,NA,NA,NA,NA,NA,NA,NA,NA,NA,NA,NA,NA,NA,NA,NA,NA,NA,NA,4,1,42,1,42101,"101_115",4210160000,42101027500,2618,1.17,11,26.901152,3.544263,301.1175908
"167",6029,316891,1,31689101,559.3292714,257.3654622,1,NA,3.16891e+11,5,3.16891e+13,3168910105,NA,NA,1,NA,NA,4,1,42,1,42101,"101_115",4210160000,42101027500,2618,"11:26",19,NA,NA,NA,"0:01","","","","11:30",14,5,NA,NA,NA,NA,NA,NA,NA,NA,NA,NA,NA,NA,NA,NA,NA,NA,NA,NA,NA,NA,NA,NA,NA,NA,NA,NA,NA,NA,NA,NA,4,1,42,1,42091,"091_412",4209112968,42091202402,12229,1.17,15,16.766375,2.033523,301.1175908
"168",6033,316891,1,31689101,559.3292714,257.3654622,1,NA,3.16891e+11,9,3.16891e+13,3168910109,NA,NA,1,NA,NA,4,1,42,1,42101,"101_115",4210160000,42101027600,2622,"16:50",19,NA,NA,NA,"0:01","","","","16:57",21,5,NA,NA,NA,NA,NA,NA,NA,NA,NA,NA,NA,NA,NA,NA,NA,NA,NA,NA,NA,NA,NA,NA,NA,NA,NA,NA,NA,NA,NA,NA,4,1,42,1,42101,"101_101",4210160000,42101020300,1432,1.17,8,18.946487,2.822983,301.1175908
"169",6036,316891,1,31689101,559.3292714,257.3654622,1,NA,3.16891e+11,12,3.16891e+13,3168910112,NA,NA,1,NA,NA,4,1,42,1,42101,"101_101",4210160000,42101020300,1432,"17:36",19,NA,NA,NA,"","","","","17:50",14,5,NA,NA,NA,NA,NA,NA,NA,NA,NA,NA,NA,NA,NA,NA,NA,NA,NA,NA,NA,NA,NA,NA,NA,NA,NA,NA,NA,NA,NA,NA,4,1,42,1,42101,"101_101",4210160000,42101017000,1420,1.17,0,20.172615,2.500595,301.1175908
"170",6323,318517,2,31851702,82.63097946,106.9858309,1,NA,3.18517e+11,2,3.18517e+13,3185170202,NA,NA,2,NA,NA,3,6,42,3,42027,"",4202747456,42027010700,NA,"7:40",2,3,NA,NA,"0:30","7:12","","","15:22",14,5,NA,NA,NA,NA,NA,NA,NA,NA,NA,NA,NA,NA,NA,NA,NA,NA,NA,NA,NA,NA,NA,NA,NA,NA,NA,NA,NA,NA,NA,NA,1,1,42,1,42101,"101_103",4210160000,42101001700,3,1.15,43,NA,NA,123.0337055
"171",6480,319146,1,31914601,45.84916655,99.2378086,1,NA,3.19146e+11,5,3.19146e+13,3191460105,NA,NA,1,NA,NA,4,1,42,1,42101,"101_110",4210160000,42101036900,1026,"14:41",19,NA,NA,NA,"0:00","","","","14:43",21,5,NA,NA,NA,NA,NA,NA,NA,NA,NA,NA,NA,NA,NA,NA,NA,NA,NA,NA,NA,NA,NA,NA,NA,NA,NA,NA,NA,NA,NA,NA,4,1,42,1,42101,"101_110",4210160000,42101009200,1038,1.15,9,18.264886,1.747096,114.1234799
"172",6483,319146,1,31914601,45.84916655,99.2378086,1,NA,3.19146e+11,8,3.19146e+13,3191460108,NA,NA,1,NA,NA,4,1,42,1,42101,"101_110",4210160000,42101008802,1031,"17:16",19,NA,NA,NA,"0:00","","","","17:19",21,5,NA,NA,NA,NA,NA,NA,NA,NA,NA,NA,NA,NA,NA,NA,NA,NA,NA,NA,NA,NA,NA,NA,NA,NA,NA,NA,NA,NA,NA,NA,4,1,42,1,42101,"101_110",4210160000,42101980000,1040,1.15,5,17.260083,1.451019,114.1234799
"173",6632,320066,2,32006602,89.58189729,113.3153992,1,NA,3.20066e+11,1,3.20066e+13,3200660201,NA,NA,1,1,2,1,1,42,1,42045,"045_206",4204547616,42045408102,5031,"",1,NA,NA,NA,"2:00","","","","5:20",21,5,NA,NA,NA,NA,NA,NA,NA,NA,NA,NA,NA,NA,NA,NA,NA,NA,NA,NA,NA,NA,NA,NA,NA,NA,NA,NA,NA,NA,NA,NA,2,1,42,1,42101,"101_103",4210160000,42101000300,117,1.17,60,52.615924,10.84608,132.5790171
"174",6633,320066,2,32006602,89.58189729,113.3153992,1,NA,3.20066e+11,2,3.20066e+13,3200660202,NA,NA,1,NA,NA,2,1,42,1,42101,"101_103",4210160000,42101000300,117,"6:20",5,NA,NA,NA,"8:00","","","","14:30",21,5,NA,NA,NA,NA,NA,NA,NA,NA,NA,NA,NA,NA,NA,NA,NA,NA,NA,NA,NA,NA,NA,NA,NA,NA,NA,NA,NA,NA,NA,NA,1,1,42,1,42045,"045_206",4204547616,42045408102,5031,1.17,75,54.087793,10.889151,132.5790171
"175",6849,321544,1,32154401,120.1967841,121.7070917,1,NA,3.21544e+11,3,3.21544e+13,3215440103,NA,NA,1,NA,NA,4,1,42,1,42101,"101_103",4210160000,42101000500,88,"7:19",19,NA,NA,NA,"0:00","","","","7:21",21,5,NA,NA,NA,NA,NA,NA,NA,NA,NA,NA,NA,NA,NA,NA,NA,NA,NA,NA,NA,NA,NA,NA,NA,NA,NA,NA,NA,NA,NA,NA,4,3,42,1,42101,"101_110",4210160000,42101009000,1036,1.12,6,13.758427,2.288483,136.3119428
"176",6852,321544,1,32154401,120.1967841,121.7070917,1,NA,3.21544e+11,6,3.21544e+13,3215440106,NA,NA,1,NA,NA,4,3,42,1,42101,"101_110",4210160000,42101009000,1036,"16:04",19,NA,NA,NA,"0:00","","","","16:12",21,5,NA,NA,NA,NA,NA,NA,NA,NA,NA,NA,NA,NA,NA,NA,NA,NA,NA,NA,NA,NA,NA,NA,NA,NA,NA,NA,NA,NA,NA,NA,4,1,42,1,42101,"101_103",4210160000,42101000500,88,1.12,6,13.735541,2.287895,136.3119428
"177",6873,321911,1,32191101,318.6405375,104.3594307,1,NA,3.21911e+11,2,3.21911e+13,3219110102,NA,NA,1,NA,NA,4,1,42,1,42101,"101_103",4210160000,42101001600,4,"7:15",13,NA,NA,NA,"1:00","","","","8:15",14,5,NA,NA,NA,NA,NA,NA,NA,NA,NA,NA,NA,NA,NA,NA,NA,NA,NA,NA,NA,NA,NA,NA,NA,NA,NA,NA,NA,NA,NA,NA,4,1,42,1,42101,"101_103",4210160000,42101000402,82,1.17,15,23.596833,2.173408,122.1005339
"178",6877,321911,1,32191101,318.6405375,104.3594307,1,NA,3.21911e+11,6,3.21911e+13,3219110106,NA,NA,1,NA,NA,4,1,42,1,42101,"101_103",4210160000,42101000300,121,"13:05",5,NA,NA,NA,"4:00","","","","17:05",14,5,NA,NA,NA,NA,NA,NA,NA,NA,NA,NA,NA,NA,NA,NA,NA,NA,NA,NA,NA,NA,NA,NA,NA,NA,NA,NA,NA,NA,NA,NA,1,1,42,1,42101,"101_103",4210160000,42101001101,22,1.17,30,12.870606,0.161451,122.1005339
"179",6929,322125,1,32212501,1019.897822,213.9114734,1,NA,3.22125e+11,1,3.22125e+13,3221250101,NA,NA,2,1,2,1,1,42,1,42101,"101_111",4210160000,42101008302,1210,"",1,NA,NA,NA,"13:30","","","","16:30",14,5,NA,NA,NA,NA,NA,NA,NA,NA,NA,NA,NA,NA,NA,NA,NA,NA,NA,NA,NA,NA,NA,NA,NA,NA,NA,NA,NA,NA,NA,NA,4,1,42,1,42101,"101_112",4210160000,42101003200,841,1.17,60,44.321481,6.352336,250.2764239
"180",6930,322125,1,32212501,1019.897822,213.9114734,1,NA,3.22125e+11,2,3.22125e+13,3221250102,NA,NA,2,NA,NA,4,1,42,1,42101,"101_112",4210160000,42101003200,841,"17:30",12,NA,NA,NA,"4:00","","","","21:30",14,5,NA,NA,NA,NA,NA,NA,NA,NA,NA,NA,NA,NA,NA,NA,NA,NA,NA,NA,NA,NA,NA,NA,NA,NA,NA,NA,NA,NA,NA,NA,1,1,42,1,42101,"101_111",4210160000,42101008302,1210,1.17,60,44.06766,5.57453,250.2764239
"181",6932,322125,2,32212502,1019.897822,133.864399,1,NA,3.22125e+11,1,3.22125e+13,3221250201,NA,NA,2,1,2,1,1,42,1,42101,"101_111",4210160000,42101008302,1210,"",1,NA,NA,NA,"1:30","","","","16:28",14,5,NA,NA,NA,NA,NA,NA,NA,NA,NA,NA,NA,NA,NA,NA,NA,NA,NA,NA,NA,NA,NA,NA,NA,NA,NA,NA,NA,NA,NA,NA,4,1,42,1,42101,"101_103",4210160000,42101001300,9,1.17,62,35.839043,4.661054,156.6213468
"182",6933,322125,2,32212502,1019.897822,133.864399,1,NA,3.22125e+11,2,3.22125e+13,3221250202,NA,NA,2,NA,NA,4,1,42,1,42101,"101_103",4210160000,42101001300,9,"17:30",12,NA,NA,NA,"4:00","","","","21:30",14,5,NA,NA,NA,NA,NA,NA,NA,NA,NA,NA,NA,NA,NA,NA,NA,NA,NA,NA,NA,NA,NA,NA,NA,NA,NA,NA,NA,NA,NA,NA,1,1,42,1,42101,"101_111",4210160000,42101008302,1210,1.17,60,34.389208,4.606546,156.6213468
"183",6935,322125,3,32212503,1019.897822,133.864399,1,NA,3.22125e+11,1,3.22125e+13,3221250301,NA,NA,2,1,2,1,1,42,1,42101,"101_111",4210160000,42101008302,1210,"",1,NA,NA,NA,"13:30","","","","16:30",14,5,NA,NA,NA,NA,NA,NA,NA,NA,NA,NA,NA,NA,NA,NA,NA,NA,NA,NA,NA,NA,NA,NA,NA,NA,NA,NA,NA,NA,NA,NA,4,1,42,1,42101,"101_103",4210160000,42101001300,9,1.17,60,35.839043,4.661054,156.6213468
"184",6936,322125,3,32212503,1019.897822,133.864399,1,NA,3.22125e+11,2,3.22125e+13,3221250302,NA,NA,2,NA,NA,4,1,42,1,42101,"101_103",4210160000,42101001300,9,"17:30",12,NA,NA,NA,"4:00","","","","21:30",14,5,NA,NA,NA,NA,NA,NA,NA,NA,NA,NA,NA,NA,NA,NA,NA,NA,NA,NA,NA,NA,NA,NA,NA,NA,NA,NA,NA,NA,NA,NA,1,1,42,1,42101,"101_111",4210160000,42101008302,1210,1.17,60,34.389208,4.606546,156.6213468
"185",6938,322125,4,32212504,1019.897822,133.864399,1,NA,3.22125e+11,1,3.22125e+13,3221250401,NA,NA,2,1,2,1,1,42,1,42101,"101_111",4210160000,42101008302,1210,"",1,NA,NA,NA,"13:30","","","","16:30",14,5,NA,NA,NA,NA,NA,NA,NA,NA,NA,NA,NA,NA,NA,NA,NA,NA,NA,NA,NA,NA,NA,NA,NA,NA,NA,NA,NA,NA,NA,NA,4,1,42,1,42101,"101_103",4210160000,42101001300,9,1.17,60,35.839043,4.661054,156.6213468
"186",6939,322125,4,32212504,1019.897822,133.864399,1,NA,3.22125e+11,2,3.22125e+13,3221250402,NA,NA,2,NA,NA,4,1,42,1,42101,"101_103",4210160000,42101001300,9,"17:30",12,NA,NA,NA,"4:00","","","","21:30",14,5,NA,NA,NA,NA,NA,NA,NA,NA,NA,NA,NA,NA,NA,NA,NA,NA,NA,NA,NA,NA,NA,NA,NA,NA,NA,NA,NA,NA,NA,NA,1,1,42,1,42101,"101_111",4210160000,42101008302,1210,1.17,60,34.389208,4.606546,156.6213468
"187",7014,322451,1,32245101,109.2539595,95.30123252,1,NA,3.22451e+11,3,3.22451e+13,3224510103,NA,NA,1,NA,NA,4,1,42,1,42101,"101_103",4210160000,42101000100,87,"7:59",20,NA,NA,NA,"0:01","","","","8:00",14,5,NA,NA,NA,NA,NA,NA,NA,NA,NA,NA,NA,NA,NA,NA,NA,NA,NA,NA,NA,NA,NA,NA,NA,NA,NA,NA,NA,NA,NA,NA,2,1,42,1,42101,"101_103",4210160000,42101000402,96,1.15,20,12.383709,1.257645,109.5964174
"188",7175,322995,1,32299501,443.9604921,91.27132267,1,NA,3.22995e+11,1,3.22995e+13,3229950101,NA,NA,1,1,2,1,1,42,1,42101,"101_110",4210160000,42101007900,1021,"",1,NA,NA,NA,"0:00","","","","11:15",23,5,NA,NA,NA,NA,NA,NA,NA,NA,NA,NA,NA,NA,NA,NA,NA,NA,NA,NA,NA,NA,NA,NA,NA,NA,NA,NA,NA,NA,NA,NA,2,1,42,1,42101,"101_103",4210160000,42101000600,58,1.17,60,25.330641,3.709537,106.7874475
"189",7176,322995,1,32299501,443.9604921,91.27132267,1,NA,3.22995e+11,2,3.22995e+13,3229950102,NA,NA,1,NA,NA,2,1,42,1,42101,"101_103",4210160000,42101000600,58,"12:15",11,6,NA,NA,"0:00","","","","20:00",23,5,NA,NA,NA,NA,NA,NA,NA,NA,NA,NA,NA,NA,NA,NA,NA,NA,NA,NA,NA,NA,NA,NA,NA,NA,NA,NA,NA,NA,NA,NA,1,1,42,1,42101,"101_110",4210160000,42101007900,1021,1.17,60,26.46016,3.759475,106.7874475
"190",7335,324032,1,32403201,92.4566566,94.0585363,1,NA,3.24032e+11,4,3.24032e+13,3240320104,NA,NA,1,NA,NA,2,1,42,1,42101,"101_103",4210160000,42101000804,44,"11:33",5,NA,NA,NA,"0:00","","","","17:45",21,5,NA,NA,NA,NA,NA,NA,NA,NA,NA,NA,NA,NA,NA,NA,NA,NA,NA,NA,NA,NA,NA,NA,NA,NA,NA,NA,NA,NA,NA,NA,4,1,42,1,42101,"101_110",4210160000,42101980000,1040,1.13,20,18.073922,1.672687,106.286146
"191",7336,324032,1,32403201,92.4566566,94.0585363,1,NA,3.24032e+11,5,3.24032e+13,3240320105,NA,NA,1,NA,NA,4,1,42,1,42101,"101_110",4210160000,42101980000,1040,"18:05",19,NA,NA,NA,"0:00","","","","19:55",21,5,NA,NA,NA,NA,NA,NA,NA,NA,NA,NA,NA,NA,NA,NA,NA,NA,NA,NA,NA,NA,NA,NA,NA,NA,NA,NA,NA,NA,NA,NA,1,1,42,1,42101,"101_103",4210160000,42101001101,19,1.13,30,23.748785,1.83088,106.286146
"192",7500,324944,1,32494401,86.30698458,540.9567001,2,NA,3.24944e+11,5,3.24944e+13,3249440105,NA,NA,2,NA,NA,4,1,42,1,42045,"045_203",4204579000,42045400802,4440,"16:29",19,NA,NA,NA,"0:10","","","","16:39",23,5,NA,NA,NA,NA,NA,NA,NA,NA,NA,NA,NA,NA,NA,NA,NA,NA,NA,NA,NA,NA,NA,NA,NA,NA,NA,NA,NA,NA,NA,NA,4,1,42,1,42045,"045_203",4204579000,42045410500,4453,1.15,11,23.142038,2.586759,622.1002051
"193",7501,324944,1,32494401,86.30698458,540.9567001,2,NA,3.24944e+11,6,3.24944e+13,3249440106,NA,NA,2,NA,NA,4,1,42,1,42045,"045_203",4204579000,42045410500,4453,"16:50",16,NA,NA,NA,"0:05","","","","16:55",21,5,NA,NA,NA,NA,NA,NA,NA,NA,NA,NA,NA,NA,NA,NA,NA,NA,NA,NA,NA,NA,NA,NA,NA,NA,NA,NA,NA,NA,NA,NA,4,1,42,1,42101,"101_110",4210160000,42101980000,1040,1.15,12,30.005674,4.494866,622.1002051
"194",7549,325034,2,32503402,102.0890196,108.545663,1,NA,3.25034e+11,1,3.25034e+13,3250340201,NA,NA,3,0,2,2,1,42,1,42101,"101_103",4210160000,42101000500,91,"",5,NA,NA,NA,"0:00","","","","6:00",14,5,NA,NA,NA,NA,NA,NA,NA,NA,NA,NA,NA,NA,NA,NA,NA,NA,NA,NA,NA,NA,NA,NA,NA,NA,NA,NA,NA,NA,NA,NA,1,1,42,1,42101,"101_104",4210160000,42101032900,3020,1.13,85,35.608485,13.492424,122.6565992
"195",7550,325034,2,32503402,102.0890196,108.545663,2,NA,3.25034e+11,2,3.25034e+13,3250340202,NA,NA,1,1,NA,1,1,42,1,42101,"101_104",4210160000,42101032900,3020,"7:25",5,NA,NA,NA,"0:00","","","","12:30",14,5,NA,NA,NA,NA,NA,NA,NA,NA,NA,NA,NA,NA,NA,NA,NA,NA,NA,NA,NA,NA,NA,NA,NA,NA,NA,NA,NA,NA,NA,NA,2,1,42,1,42101,"101_103",4210160000,42101000500,91,1.13,60,48.778787,13.08884,122.6565992
"196",7551,325034,2,32503402,102.0890196,108.545663,2,NA,3.25034e+11,3,3.25034e+13,3250340203,NA,NA,1,NA,NA,2,1,42,1,42101,"101_103",4210160000,42101000500,91,"13:30",5,NA,NA,NA,"0:00","","","","22:00",14,5,NA,NA,NA,NA,NA,NA,NA,NA,NA,NA,NA,NA,NA,NA,NA,NA,NA,NA,NA,NA,NA,NA,NA,NA,NA,NA,NA,NA,NA,NA,1,1,42,1,42101,"101_104",4210160000,42101032900,3020,1.13,85,40.199019,13.341997,122.6565992
"197",7692,325555,4,32555504,1019.897822,3025.519577,1,NA,3.25555e+11,1,3.25555e+13,3255550401,NA,NA,2,1,2,1,1,42,1,42101,"101_118",4210160000,42101030800,2808,"",1,NA,NA,NA,"3:15","","","","6:55",14,5,NA,NA,NA,NA,NA,NA,NA,NA,NA,NA,NA,NA,NA,NA,NA,NA,NA,NA,NA,NA,NA,NA,NA,NA,NA,NA,NA,NA,NA,NA,3,6,42,1,42101,"101_101",4210160000,42101019800,1425,1.17,50,46.597548,6.133085,3539.857905
"198",7693,325555,4,32555504,1019.897822,3025.519577,1,NA,3.25555e+11,2,3.25555e+13,3255550402,NA,NA,2,NA,NA,3,6,42,1,42101,"101_101",4210160000,42101019800,1425,"7:45",3,NA,NA,NA,"7:00","","","","14:50",14,5,NA,NA,NA,NA,NA,NA,NA,NA,NA,NA,NA,NA,NA,NA,NA,NA,NA,NA,NA,NA,NA,NA,NA,NA,NA,NA,NA,NA,NA,NA,1,1,42,1,42101,"101_118",4210160000,42101030800,2808,1.17,30,48.281725,6.537065,3539.857905
"199",7709,325774,1,32577401,275.1567124,2817.667506,1,NA,3.25774e+11,1,3.25774e+13,3257740101,NA,NA,1,2,2,1,1,42,1,42101,"101_111",4210160000,42101008301,1212,"",1,NA,NA,NA,"0:00","","","","8:00",23,5,NA,NA,NA,NA,NA,NA,NA,NA,NA,NA,NA,NA,NA,NA,NA,NA,NA,NA,NA,NA,NA,NA,NA,NA,NA,NA,NA,NA,NA,NA,2,1,42,1,42101,"101_103",4210160000,42101000401,102,1.12,40,28.963957,4.315897,3155.787606
"200",7807,326028,1,32602801,219.7470872,101.2499595,1,NA,3.26028e+11,1,3.26028e+13,3260280101,NA,NA,2,3,2,1,1,42,1,42101,"101_103",4210160000,42101000901,40,"",1,7,NA,NA,"1:00","1:00","","","9:25",23,5,NA,NA,NA,NA,NA,NA,NA,NA,NA,NA,NA,NA,NA,NA,NA,NA,NA,NA,NA,NA,NA,NA,NA,NA,NA,NA,NA,NA,NA,NA,4,1,42,1,42101,"101_110",4210160000,42101008801,1028,1.17,34,19.191247,2.19202,118.4624526
"201",7808,326028,1,32602801,219.7470872,101.2499595,1,NA,3.26028e+11,2,3.26028e+13,3260280102,NA,NA,2,NA,NA,4,1,42,1,42101,"101_110",4210160000,42101008801,1028,"9:59",14,NA,NA,NA,"1:00","","","","11:02",23,5,NA,NA,NA,NA,NA,NA,NA,NA,NA,NA,NA,NA,NA,NA,NA,NA,NA,NA,NA,NA,NA,NA,NA,NA,NA,NA,NA,NA,NA,NA,4,1,42,1,42101,"101_103",4210160000,42101000401,103,1.17,18,13.668361,1.309062,118.4624526
"202",7811,326028,1,32602801,219.7470872,101.2499595,2,NA,3.26028e+11,5,3.26028e+13,3260280105,NA,NA,2,1,NA,1,1,42,1,42101,"101_103",4210160000,42101000901,40,"12:30",1,NA,NA,NA,"3:00","","","","15:30",21,5,NA,NA,NA,NA,NA,NA,NA,NA,NA,NA,NA,NA,NA,NA,NA,NA,NA,NA,NA,NA,NA,NA,NA,NA,NA,NA,NA,NA,NA,NA,4,1,42,1,42101,"101_103",4210160000,42101036600,123,1.17,15,21.576761,2.305499,118.4624526
"203",7812,326028,1,32602801,219.7470872,101.2499595,2,NA,3.26028e+11,6,3.26028e+13,3260280106,NA,NA,2,NA,NA,4,1,42,1,42101,"101_103",4210160000,42101036600,123,"15:45",3,NA,NA,NA,"0:30","","","","16:40",21,5,NA,NA,NA,NA,NA,NA,NA,NA,NA,NA,NA,NA,NA,NA,NA,NA,NA,NA,NA,NA,NA,NA,NA,NA,NA,NA,NA,NA,NA,NA,1,1,42,1,42101,"101_103",4210160000,42101000901,40,1.17,0,22.202226,2.231759,118.4624526
"204",7817,326028,2,32602802,219.7470872,92.20959126,2,NA,3.26028e+11,4,3.26028e+13,3260280204,NA,NA,2,1,NA,1,1,42,1,42101,"101_103",4210160000,42101000901,40,"13:15",1,NA,NA,NA,"2:30","","","","15:45",21,5,NA,NA,NA,NA,NA,NA,NA,NA,NA,NA,NA,NA,NA,NA,NA,NA,NA,NA,NA,NA,NA,NA,NA,NA,NA,NA,NA,NA,NA,NA,4,1,42,1,42101,"101_103",4210160000,42101036600,123,1.17,1,21.576761,2.305499,107.8852218
"205",7818,326028,2,32602802,219.7470872,92.20959126,2,NA,3.26028e+11,5,3.26028e+13,3260280205,NA,NA,2,NA,NA,4,1,42,1,42101,"101_103",4210160000,42101036600,123,"15:46",3,NA,NA,NA,"0:30","","","","16:40",21,5,NA,NA,NA,NA,NA,NA,NA,NA,NA,NA,NA,NA,NA,NA,NA,NA,NA,NA,NA,NA,NA,NA,NA,NA,NA,NA,NA,NA,NA,NA,1,1,42,1,42101,"101_103",4210160000,42101000901,40,1.17,20,22.202226,2.231759,107.8852218
"206",7867,326486,1,32648601,104.5396071,109.6379909,1,NA,3.26486e+11,4,3.26486e+13,3264860104,NA,NA,1,NA,NA,4,1,42,1,42101,"101_110",4210160000,42101980000,1040,"8:08",19,NA,NA,NA,"0:00","","","","8:12",14,5,NA,NA,NA,NA,NA,NA,NA,NA,NA,NA,NA,NA,NA,NA,NA,NA,NA,NA,NA,NA,NA,NA,NA,NA,NA,NA,NA,NA,NA,NA,2,1,42,1,42101,"101_103",4210160000,42101000801,50,1.15,8,14.315814,0.876865,126.0836896
"207",7969,326998,1,32699801,191.9053632,363.4790504,1,1,3.26998e+11,3,3.26998e+13,3269980103,NA,NA,1,NA,NA,4,1,42,1,42091,"091_401",4209144976,42091205400,10013,"12:50",19,NA,NA,NA,"0:00","","","","13:00",14,5,NA,NA,NA,NA,NA,NA,NA,NA,NA,NA,NA,NA,NA,NA,NA,NA,NA,NA,NA,NA,NA,NA,NA,NA,NA,NA,NA,NA,NA,NA,2,1,42,1,42101,"101_103",4210160000,42101000901,41,1.13,40,45.894192,10.16726,410.7313269
"208",7978,326998,3,32699803,191.9053632,369.1796185,1,NA,3.26998e+11,2,3.26998e+13,3269980302,NA,NA,1,NA,NA,4,1,42,1,42045,"045_206",4204533144,42045408900,5009,"7:11",19,NA,NA,NA,"0:00","","","","7:13",21,5,NA,NA,NA,NA,NA,NA,NA,NA,NA,NA,NA,NA,NA,NA,NA,NA,NA,NA,NA,NA,NA,NA,NA,NA,NA,NA,NA,NA,NA,NA,4,1,42,1,42045,"045_203",4204579000,42045400500,4459,1.13,12,16.408661,2.359659,417.1729689
"209",7979,326998,3,32699803,191.9053632,369.1796185,1,NA,3.26998e+11,3,3.26998e+13,3269980303,NA,NA,1,NA,NA,4,1,42,1,42045,"045_203",4204579000,42045400500,4459,"7:25",19,NA,NA,NA,"0:00","","","","9999",21,5,NA,NA,NA,NA,NA,NA,NA,NA,NA,NA,NA,NA,NA,NA,NA,NA,NA,NA,NA,NA,NA,NA,NA,NA,NA,NA,NA,NA,NA,NA,4,1,42,1,42101,"101_103",4210160000,42101000402,76,1.13,NA,NA,NA,417.1729689
"210",7982,326998,3,32699803,191.9053632,369.1796185,1,NA,3.26998e+11,6,3.26998e+13,3269980306,NA,NA,1,NA,NA,4,1,42,1,42101,"101_103",4210160000,42101000402,76,"16:37",19,NA,NA,NA,"0:00","","","","16:40",21,5,NA,NA,NA,NA,NA,NA,NA,NA,NA,NA,NA,NA,NA,NA,NA,NA,NA,NA,NA,NA,NA,NA,NA,NA,NA,NA,NA,NA,NA,NA,4,1,42,1,42045,"045_203",4204579000,42045400500,4459,1.13,16,23.869646,5.437457,417.1729689
"211",7983,326998,3,32699803,191.9053632,369.1796185,1,NA,3.26998e+11,7,3.26998e+13,3269980307,NA,NA,1,NA,NA,4,1,42,1,42045,"045_203",4204579000,42045400500,4459,"16:56",19,NA,NA,NA,"0:00","","","","17:01",21,5,NA,NA,NA,NA,NA,NA,NA,NA,NA,NA,NA,NA,NA,NA,NA,NA,NA,NA,NA,NA,NA,NA,NA,NA,NA,NA,NA,NA,NA,NA,4,1,42,1,42045,"045_206",4204533144,42045408900,5009,1.13,3,15.453362,2.40062,417.1729689
"212",8039,327189,1,32718901,642.3994229,208.1979,1,NA,3.27189e+11,1,3.27189e+13,3271890101,NA,NA,1,1,2,1,1,42,1,42101,"101_111",4210160000,42101008400,1213,"",1,NA,NA,NA,"0:00","","","","8:10",14,5,NA,NA,NA,NA,NA,NA,NA,NA,NA,NA,NA,NA,NA,NA,NA,NA,NA,NA,NA,NA,NA,NA,NA,NA,NA,NA,NA,NA,NA,NA,2,1,42,1,42101,"101_110",4210160000,42101007101,1005,1.17,33,21.785076,1.807639,243.591543
"213",8040,327189,1,32718901,642.3994229,208.1979,1,NA,3.27189e+11,2,3.27189e+13,3271890102,NA,NA,1,NA,NA,2,1,42,1,42101,"101_110",4210160000,42101007101,1005,"8:43",5,5,NA,NA,"0:00","","","","16:45",14,5,NA,NA,NA,NA,NA,NA,NA,NA,NA,NA,NA,NA,NA,NA,NA,NA,NA,NA,NA,NA,NA,NA,NA,NA,NA,NA,NA,NA,NA,NA,1,1,42,1,42101,"101_111",4210160000,42101008400,1213,1.17,45,19.052766,2.034375,243.591543
"214",8042,327189,2,32718902,642.3994229,148.3492831,1,NA,3.27189e+11,1,3.27189e+13,3271890201,NA,NA,2,1,2,1,1,42,1,42101,"101_111",4210160000,42101008000,1206,"",1,NA,NA,NA,"0:00","","","","7:45",14,5,NA,NA,NA,NA,NA,NA,NA,NA,NA,NA,NA,NA,NA,NA,NA,NA,NA,NA,NA,NA,NA,NA,NA,NA,NA,NA,NA,NA,NA,NA,3,1,42,1,42101,"101_101",4210160000,42101020300,1432,1.17,60,38.841446,7.697756,173.5686613
"215",8043,327189,2,32718902,642.3994229,148.3492831,1,NA,3.27189e+11,2,3.27189e+13,3271890202,NA,NA,2,NA,NA,3,1,42,1,42101,"101_101",4210160000,42101020300,1432,"8:45",14,3,NA,NA,"0:00","","","","16:35",14,5,NA,NA,NA,NA,NA,NA,NA,NA,NA,NA,NA,NA,NA,NA,NA,NA,NA,NA,NA,NA,NA,NA,NA,NA,NA,NA,NA,NA,NA,NA,1,1,42,1,42101,"101_111",4210160000,42101008400,1213,1.17,40,36.091772,8.272397,173.5686613
"216",8217,327928,1,32792801,211.7301447,96.92038715,2,NA,3.27928e+11,3,3.27928e+13,3279280103,NA,NA,2,1,NA,1,1,42,1,42101,"101_103",4210160000,42101000401,84,"9:00",1,NA,NA,NA,"1:00","","","","10:00",23,5,NA,NA,NA,NA,NA,NA,NA,NA,NA,NA,NA,NA,NA,NA,NA,NA,NA,NA,NA,NA,NA,NA,NA,NA,NA,NA,NA,NA,NA,NA,3,1,42,1,42101,"101_110",4210160000,42101008801,1028,1.12,20,14.750895,1.390157,108.5508336
"217",8218,327928,1,32792801,211.7301447,96.92038715,2,NA,3.27928e+11,4,3.27928e+13,3279280104,NA,NA,2,NA,NA,3,1,42,1,42101,"101_110",4210160000,42101008801,1028,"10:20",3,NA,NA,NA,"1:20","","","","12:00",23,5,NA,NA,NA,NA,NA,NA,NA,NA,NA,NA,NA,NA,NA,NA,NA,NA,NA,NA,NA,NA,NA,NA,NA,NA,NA,NA,NA,NA,NA,NA,1,1,42,1,42101,"101_103",4210160000,42101000401,84,1.12,20,15.233414,1.370489,108.5508336
"218",8219,327928,1,32792801,211.7301447,96.92038715,3,NA,3.27928e+11,5,3.27928e+13,3279280105,NA,NA,2,1,NA,1,1,42,1,42101,"101_103",4210160000,42101000401,84,"12:20",1,2,1,NA,"0:15","1:30","0:15","","14:30",23,5,NA,NA,NA,NA,NA,NA,NA,NA,NA,NA,NA,NA,NA,NA,NA,NA,NA,NA,NA,NA,NA,NA,NA,NA,NA,NA,NA,NA,NA,NA,3,1,42,1,42101,"101_110",4210160000,42101008801,1028,1.12,20,14.750895,1.390157,108.5508336
"219",8220,327928,1,32792801,211.7301447,96.92038715,3,NA,3.27928e+11,6,3.27928e+13,3279280106,NA,NA,2,NA,NA,3,1,42,1,42101,"101_110",4210160000,42101008801,1028,"14:50",11,2,3,NA,"4:00","2:40","0:30","","22:15",23,5,NA,NA,NA,NA,NA,NA,NA,NA,NA,NA,NA,NA,NA,NA,NA,NA,NA,NA,NA,NA,NA,NA,NA,NA,NA,NA,NA,NA,NA,NA,1,1,42,1,42101,"101_103",4210160000,42101000401,84,1.12,25,13.544059,1.438192,108.5508336
"220",8262,328012,1,32801201,325.2375241,795.5414905,1,NA,3.28012e+11,1,3.28012e+13,3280120101,NA,NA,2,3,2,1,1,42,1,42091,"091_403",4209154656,42091203601,10428,"",1,NA,NA,NA,"2:00","","","","10:00",14,5,NA,NA,NA,NA,NA,NA,NA,NA,NA,NA,NA,NA,NA,NA,NA,NA,NA,NA,NA,NA,NA,NA,NA,NA,NA,NA,NA,NA,NA,NA,4,1,42,1,42091,"091_413",4209161664,42091204009,12411,1.17,60,35.75879,6.87603,930.7835439
"221",8265,328012,1,32801201,325.2375241,795.5414905,1,NA,3.28012e+11,4,3.28012e+13,3280120104,NA,NA,2,NA,NA,4,1,42,1,42091,"091_413",4209161664,42091204009,12411,"14:00",11,NA,NA,NA,"1:00","","","","15:00",14,5,NA,NA,NA,NA,NA,NA,NA,NA,NA,NA,NA,NA,NA,NA,NA,NA,NA,NA,NA,NA,NA,NA,NA,NA,NA,NA,NA,NA,NA,NA,1,1,42,1,42091,"091_403",4209154656,42091203500,10423,1.17,60,44.357583,6.824494,930.7835439
"222",8385,328699,1,32869901,462.6770969,112.8895526,1,NA,3.28699e+11,4,3.28699e+13,3286990104,NA,NA,1,NA,NA,4,3,42,1,42101,"101_104",4210160000,42101035200,3034,"18:15",18,NA,NA,NA,"0:00","","","","18:35",14,5,NA,NA,NA,NA,NA,NA,NA,NA,NA,NA,NA,NA,NA,NA,NA,NA,NA,NA,NA,NA,NA,NA,NA,NA,NA,NA,NA,NA,NA,NA,1,1,42,1,42101,"101_104",4210160000,42101034900,3029,1.17,35,23.043398,2.666815,132.0807766
"223",8390,328699,2,32869902,462.6770969,116.7908489,1,NA,3.28699e+11,4,3.28699e+13,3286990204,NA,NA,1,NA,NA,4,3,42,1,42101,"101_104",4210160000,42101035200,3034,"18:15",19,NA,NA,NA,"0:00","","","","18:35",14,5,NA,NA,NA,NA,NA,NA,NA,NA,NA,NA,NA,NA,NA,NA,NA,NA,NA,NA,NA,NA,NA,NA,NA,NA,NA,NA,NA,NA,NA,NA,4,1,42,1,42101,"101_104",4210160000,42101033102,3031,1.17,20,26.974753,3.478244,136.6452932
"224",8413,328904,1,32890401,256.679678,103.7916646,1,NA,3.28904e+11,1,3.28904e+13,3289040101,NA,NA,2,1,2,1,1,42,1,42101,"101_118",4210160000,42101033701,2816,"",1,10,12,7,"8:15","0:15","1:00","0:30","13:00",14,5,NA,NA,NA,NA,NA,NA,NA,NA,NA,NA,NA,NA,NA,NA,NA,NA,NA,NA,NA,NA,NA,NA,NA,NA,NA,NA,NA,NA,NA,NA,4,1,42,1,42017,"017_509",4201705616,42017100206,15624,1.17,73,44.305505,8.947076,121.4362475
"225",8414,328904,1,32890401,256.679678,103.7916646,1,NA,3.28904e+11,2,3.28904e+13,3289040102,NA,NA,2,NA,NA,4,1,42,1,42017,"017_509",4201705616,42017100206,15624,"14:13",11,12,9,NA,"2:15","0:45","1:30","","18:59",14,5,NA,NA,NA,NA,NA,NA,NA,NA,NA,NA,NA,NA,NA,NA,NA,NA,NA,NA,NA,NA,NA,NA,NA,NA,NA,NA,NA,NA,NA,NA,1,1,42,1,42101,"101_118",4210160000,42101033701,2816,1.17,44,47.675051,9.796444,121.4362475
"226",8416,328904,2,32890402,256.679678,183.8585975,1,NA,3.28904e+11,1,3.28904e+13,3289040201,NA,NA,2,1,2,1,1,42,1,42101,"101_118",4210160000,42101033701,2816,"",1,10,12,7,"8:15","0:15","1:00","0:30","13:00",14,5,NA,NA,NA,NA,NA,NA,NA,NA,NA,NA,NA,NA,NA,NA,NA,NA,NA,NA,NA,NA,NA,NA,NA,NA,NA,NA,NA,NA,NA,NA,4,1,42,1,42017,"017_509",4201705616,42017100206,15624,1.17,73,44.305505,8.947076,215.1145591
"227",8417,328904,2,32890402,256.679678,183.8585975,1,NA,3.28904e+11,2,3.28904e+13,3289040202,NA,NA,2,NA,NA,4,1,42,1,42017,"017_509",4201705616,42017100206,15624,"14:13",11,12,9,NA,"2:15","0:45","1:30","","18:59",14,5,NA,NA,NA,NA,NA,NA,NA,NA,NA,NA,NA,NA,NA,NA,NA,NA,NA,NA,NA,NA,NA,NA,NA,NA,NA,NA,NA,NA,NA,NA,1,1,42,1,42101,"101_118",4210160000,42101033701,2816,1.17,44,47.675051,9.796444,215.1145591
"228",8449,329042,2,32904202,199.7312102,103.3720676,1,NA,3.29042e+11,1,3.29042e+13,3290420201,NA,NA,1,2,2,1,1,42,1,42091,"091_401",4209144976,42091205502,10002,"",1,NA,NA,NA,"4:30","","","","7:30",21,5,NA,NA,NA,NA,NA,NA,NA,NA,NA,NA,NA,NA,NA,NA,NA,NA,NA,NA,NA,NA,NA,NA,NA,NA,NA,NA,NA,NA,NA,NA,2,1,42,1,42101,"101_103",4210160000,42101001001,36,1.12,45,53.816329,10.476692,115.7767157
"229",8525,329718,1,32971801,287.4052007,481.9935663,1,NA,3.29718e+11,1,3.29718e+13,3297180101,NA,NA,1,1,2,1,1,42,1,42101,"101_103",4210160000,42101012500,133,"",1,NA,NA,NA,"0:00","","","","8:00",21,5,NA,NA,NA,NA,NA,NA,NA,NA,NA,NA,NA,NA,NA,NA,NA,NA,NA,NA,NA,NA,NA,NA,NA,NA,NA,NA,NA,NA,NA,NA,2,1,42,1,42101,"101_110",4210160000,42101009000,1036,1.12,27,19.739372,2.117135,539.8327943
"230",8528,329718,2,32971802,287.4052007,799.6866751,1,NA,3.29718e+11,1,3.29718e+13,3297180201,NA,NA,3,1,2,1,1,42,1,42101,"101_103",4210160000,42101012500,133,"",1,NA,NA,NA,"0:00","","","","8:00",21,5,NA,NA,NA,NA,NA,NA,NA,NA,NA,NA,NA,NA,NA,NA,NA,NA,NA,NA,NA,NA,NA,NA,NA,NA,NA,NA,NA,NA,NA,NA,2,1,42,1,42101,"101_103",4210160000,42101000402,96,1.12,36,8.297047,0.532642,895.6490761
"231",8542,329874,2,32987402,331.6047336,395.2760429,1,NA,3.29874e+11,1,3.29874e+13,3298740201,NA,NA,3,5,2,4,1,42,1,42101,"101_101",4210160000,42101038300,1431,"",16,NA,NA,NA,"0:00","","","","10:00",14,5,NA,NA,NA,NA,NA,NA,NA,NA,NA,NA,NA,NA,NA,NA,NA,NA,NA,NA,NA,NA,NA,NA,NA,NA,NA,NA,NA,NA,NA,NA,4,3,42,1,42101,"101_103",4210160000,42101000500,74,1.17,30,30.739643,5.205919,462.4729702
"232",8543,329874,2,32987402,331.6047336,395.2760429,1,NA,3.29874e+11,2,3.29874e+13,3298740202,NA,NA,3,NA,NA,4,3,42,1,42101,"101_103",4210160000,42101000500,74,"10:30",16,NA,NA,NA,"0:00","","","","12:30",14,5,NA,NA,NA,NA,NA,NA,NA,NA,NA,NA,NA,NA,NA,NA,NA,NA,NA,NA,NA,NA,NA,NA,NA,NA,NA,NA,NA,NA,NA,NA,4,1,42,1,42101,"101_115",4210160000,42101028200,2615,1.17,15,23.751764,6.497634,462.4729702
"233",8544,329874,2,32987402,331.6047336,395.2760429,1,NA,3.29874e+11,3,3.29874e+13,3298740203,NA,NA,3,NA,NA,4,1,42,1,42101,"101_115",4210160000,42101028200,2615,"12:45",11,NA,NA,NA,"0:00","","","","12:55",14,5,NA,NA,NA,NA,NA,NA,NA,NA,NA,NA,NA,NA,NA,NA,NA,NA,NA,NA,NA,NA,NA,NA,NA,NA,NA,NA,NA,NA,NA,NA,4,3,42,1,42101,"101_103",4210160000,42101000500,74,1.17,5,25.816385,6.50764,462.4729702
"234",8545,329874,2,32987402,331.6047336,395.2760429,1,NA,3.29874e+11,4,3.29874e+13,3298740204,NA,NA,3,NA,NA,4,3,42,1,42101,"101_103",4210160000,42101000500,74,"13:00",16,NA,NA,NA,"0:00","","","","15:00",14,5,NA,NA,NA,NA,NA,NA,NA,NA,NA,NA,NA,NA,NA,NA,NA,NA,NA,NA,NA,NA,NA,NA,NA,NA,NA,NA,NA,NA,NA,NA,4,1,42,1,42101,"101_101",4210160000,42101028700,1443,1.17,30,30.013904,5.800067,462.4729702
"235",8546,329874,2,32987402,331.6047336,395.2760429,1,NA,3.29874e+11,5,3.29874e+13,3298740205,NA,NA,3,NA,NA,4,1,42,1,42101,"101_101",4210160000,42101028700,1443,"15:30",8,NA,NA,NA,"0:00","","","","16:30",14,5,NA,NA,NA,NA,NA,NA,NA,NA,NA,NA,NA,NA,NA,NA,NA,NA,NA,NA,NA,NA,NA,NA,NA,NA,NA,NA,NA,NA,NA,NA,4,1,42,1,42101,"101_101",4210160000,42101038300,1431,1.17,30,12.780483,0.983857,462.4729702
"236",9052,332117,1,33211701,108.3006129,88.52964242,1,NA,3.32117e+11,3,3.32117e+13,3321170103,NA,NA,2,NA,NA,4,1,42,1,42091,"091_401",4209144976,42091204300,10010,"11:15",9,NA,NA,NA,"1:00","","","","12:15",14,5,NA,NA,NA,NA,NA,NA,NA,NA,NA,NA,NA,NA,NA,NA,NA,NA,NA,NA,NA,NA,NA,NA,NA,NA,NA,NA,NA,NA,NA,NA,4,1,42,1,42101,"101_103",4210160000,42101980000,143,1.17,45,39.413321,6.842079,103.5796816
"237",9053,332117,1,33211701,108.3006129,88.52964242,1,NA,3.32117e+11,4,3.32117e+13,3321170104,NA,NA,2,NA,NA,4,1,42,1,42101,"101_103",4210160000,42101980000,143,"13:00",15,NA,NA,NA,"3:30","","","","16:30",14,5,NA,NA,NA,NA,NA,NA,NA,NA,NA,NA,NA,NA,NA,NA,NA,NA,NA,NA,NA,NA,NA,NA,NA,NA,NA,NA,NA,NA,NA,NA,4,1,42,1,42091,"091_401",4209144976,42091204300,10008,1.17,60,38.705046,5.528774,103.5796816
"238",9224,332901,2,33290102,288.4352166,188.3815006,1,NA,3.32901e+11,1,3.32901e+13,3329010201,NA,NA,2,1,2,1,1,42,1,42101,"101_111",4210160000,42101010800,1221,"",1,8,NA,NA,"3:45","2:30","","","9999",14,5,NA,NA,NA,NA,NA,NA,NA,NA,NA,NA,NA,NA,NA,NA,NA,NA,NA,NA,NA,NA,NA,NA,NA,NA,NA,NA,NA,NA,NA,NA,4,1,42,1,42101,"101_110",4210160000,42101036900,1026,1.17,NA,NA,NA,220.4063557
"239",9230,332947,1,33294701,337.0550875,203.6337894,1,NA,3.32947e+11,1,3.32947e+13,3329470101,NA,NA,3,0,1,2,1,42,1,42045,"045_202",4204576792,42045403701,4257,"",5,NA,NA,NA,"9:00","","","","14:30",14,5,NA,NA,NA,NA,NA,NA,NA,NA,NA,NA,NA,NA,NA,NA,NA,NA,NA,NA,NA,NA,NA,NA,NA,NA,NA,NA,NA,NA,NA,NA,1,1,42,1,42101,"101_111",4210160000,42101008500,1209,1.17,75,68.183797,14.364159,238.2515336
"240",9233,332947,2,33294702,337.0550875,173.3396965,1,NA,3.32947e+11,1,3.32947e+13,3329470201,NA,NA,3,0,1,2,1,42,1,42045,"045_206",4204554224,42045409904,5038,"",5,NA,NA,NA,"8:00","","","","16:00",14,5,NA,NA,NA,NA,NA,NA,NA,NA,NA,NA,NA,NA,NA,NA,NA,NA,NA,NA,NA,NA,NA,NA,NA,NA,NA,NA,NA,NA,NA,NA,1,1,42,1,42101,"101_111",4210160000,42101008500,1209,1.17,120,53.25939,11.432929,202.8074449
"241",9322,333497,1,33349701,80.42660443,520.5624653,1,NA,3.33497e+11,2,3.33497e+13,3334970102,NA,NA,1,NA,NA,4,1,42,1,42029,"029_311",4202977344,42029300103,8009,"6:10",19,NA,NA,NA,"0:04","","","","6:14",21,5,NA,NA,NA,NA,NA,NA,NA,NA,NA,NA,NA,NA,NA,NA,NA,NA,NA,NA,NA,NA,NA,NA,NA,NA,NA,NA,NA,NA,NA,NA,4,1,42,1,42101,"101_110",4210160000,42101980000,1040,1.12,36,37.682509,19.543683,583.0299612
"242",9323,333497,1,33349701,80.42660443,520.5624653,1,NA,3.33497e+11,3,3.33497e+13,3334970103,NA,NA,1,NA,NA,4,1,42,1,42101,"101_110",4210160000,42101980000,1040,"6:50",19,NA,NA,NA,"0:15","","","","7:05",14,5,NA,NA,NA,NA,NA,NA,NA,NA,NA,NA,NA,NA,NA,NA,NA,NA,NA,NA,NA,NA,NA,NA,NA,NA,NA,NA,NA,NA,NA,NA,2,1,42,1,42101,"101_110",4210160000,42101008702,1024,1.12,13,20.441392,1.940594,583.0299612
"243",9325,333497,1,33349701,80.42660443,520.5624653,1,NA,3.33497e+11,5,3.33497e+13,3334970105,NA,NA,1,NA,NA,4,1,42,1,42101,"101_110",4210160000,42101036900,1030,"15:02",19,NA,NA,NA,"0:05","","","","15:07",14,5,NA,NA,NA,NA,NA,NA,NA,NA,NA,NA,NA,NA,NA,NA,NA,NA,NA,NA,NA,NA,NA,NA,NA,NA,NA,NA,NA,NA,NA,NA,4,1,42,1,42101,"101_110",4210160000,42101980000,1040,1.12,7,13.3945,0.962939,583.0299612
"244",9588,335220,1,33522001,228.4384878,128.8901503,1,NA,3.3522e+11,1,3.3522e+13,3352200101,NA,NA,2,1,2,1,1,42,1,42101,"101_111",4210160000,42101008301,1212,"",1,NA,NA,NA,"0:00","","","","9999",14,5,NA,NA,NA,NA,NA,NA,NA,NA,NA,NA,NA,NA,NA,NA,NA,NA,NA,NA,NA,NA,NA,NA,NA,NA,NA,NA,NA,NA,NA,NA,4,1,42,1,42101,"101_110",4210160000,42101009100,1037,1.17,NA,NA,NA,150.8014758
"245",9933,336958,1,33695801,434.9062452,143.8121126,2,NA,3.36958e+11,8,3.36958e+13,3369580108,NA,NA,3,NA,NA,4,1,42,1,42101,"101_103",4210160000,42101001102,15,"16:25",19,8,96,NA,"0:00","","","","16:40",14,5,NA,NA,NA,NA,NA,NA,NA,NA,NA,NA,NA,NA,NA,NA,NA,NA,NA,NA,NA,NA,NA,NA,NA,NA,NA,NA,NA,NA,NA,NA,4,1,42,1,42101,"101_103",4210160000,42101000902,38,1.17,10,8.436711,0.321486,168.2601717
"246",9934,336958,1,33695801,434.9062452,143.8121126,2,NA,3.36958e+11,9,3.36958e+13,3369580109,NA,NA,3,NA,NA,4,1,42,1,42101,"101_103",4210160000,42101000902,38,"16:50",19,NA,NA,NA,"0:00","","","","16:55",14,5,NA,NA,NA,NA,NA,NA,NA,NA,NA,NA,NA,NA,NA,NA,NA,NA,NA,NA,NA,NA,NA,NA,NA,NA,NA,NA,NA,NA,NA,NA,4,1,42,1,42101,"101_103",4210160000,42101000901,40,1.17,9,8.519117,0.469533,168.2601717
"247",9936,336958,1,33695801,434.9062452,143.8121126,2,NA,3.36958e+11,11,3.36958e+13,3369580111,NA,NA,3,NA,NA,4,1,42,1,42101,"101_103",4210160000,42101000500,72,"19:38",19,NA,NA,NA,"0:00","","","","19:55",21,5,NA,NA,NA,NA,NA,NA,NA,NA,NA,NA,NA,NA,NA,NA,NA,NA,NA,NA,NA,NA,NA,NA,NA,NA,NA,NA,NA,NA,NA,NA,4,1,42,1,42101,"101_110",4210160000,42101036900,1026,1.17,-5,11.516666,1.372909,168.2601717
"248",9964,337126,3,33712603,541.7293563,1604.758106,1,NA,3.37126e+11,3,3.37126e+13,3371260303,NA,NA,2,NA,NA,4,1,42,1,42091,"091_412",4209100156,42091201901,12203,"16:15",19,NA,NA,NA,"0:00","","","","16:20",14,5,NA,NA,NA,NA,NA,NA,NA,NA,NA,NA,NA,NA,NA,NA,NA,NA,NA,NA,NA,NA,NA,NA,NA,NA,NA,NA,NA,NA,NA,NA,4,1,42,1,42101,"101_118",4210160000,42101033600,2811,1.17,7,19.905102,3.350648,1877.566983
"249",10197,338211,1,33821101,646.9041207,77.31250438,2,NA,3.38211e+11,5,3.38211e+13,3382110105,NA,NA,1,NA,NA,4,1,42,1,42045,"045_205",4204553104,42045407401,4826,"8:46",19,NA,NA,NA,"0:20","","","","9:06",14,5,NA,NA,NA,NA,NA,NA,NA,NA,NA,NA,NA,NA,NA,NA,NA,NA,NA,NA,NA,NA,NA,NA,NA,NA,NA,NA,NA,NA,NA,NA,4,1,42,1,42045,"045_203",4204579000,42045400500,4459,1.17,27,42.525595,8.953528,90.45563013
"250",10198,338211,1,33821101,646.9041207,77.31250438,2,NA,3.38211e+11,6,3.38211e+13,3382110106,NA,NA,1,NA,NA,4,1,42,1,42045,"045_203",4204579000,42045400500,4459,"9:33",19,NA,NA,NA,"0:07","","","","9:40",21,5,NA,NA,NA,NA,NA,NA,NA,NA,NA,NA,NA,NA,NA,NA,NA,NA,NA,NA,NA,NA,NA,NA,NA,NA,NA,NA,NA,NA,NA,NA,4,1,42,1,42101,"101_103",4210160000,42101000500,74,1.17,16,24.135069,5.440684,90.45563013
"251",10199,338211,1,33821101,646.9041207,77.31250438,2,NA,3.38211e+11,7,3.38211e+13,3382110107,NA,NA,1,NA,NA,4,1,42,1,42101,"101_103",4210160000,42101000500,74,"9:56",19,NA,NA,NA,"0:04","","","","10:00",21,5,NA,NA,NA,NA,NA,NA,NA,NA,NA,NA,NA,NA,NA,NA,NA,NA,NA,NA,NA,NA,NA,NA,NA,NA,NA,NA,NA,NA,NA,NA,4,1,42,1,42101,"101_101",4210160000,42101020102,1428,1.17,8,18.603211,4.23531,90.45563013
"252",10204,338211,1,33821101,646.9041207,77.31250438,2,NA,3.38211e+11,12,3.38211e+13,3382110112,NA,NA,1,NA,NA,4,1,42,1,42045,"045_203",4204579000,42045400500,4459,"22:12",19,NA,NA,NA,"","","","","22:13",14,5,NA,NA,NA,NA,NA,NA,NA,NA,NA,NA,NA,NA,NA,NA,NA,NA,NA,NA,NA,NA,NA,NA,NA,NA,NA,NA,NA,NA,NA,NA,4,1,42,1,42045,"045_205",4204548480,42045407502,4808,1.17,0,34.699724,9.443174,90.45563013
"253",10236,338378,1,33837801,203.0774267,201.4054409,1,NA,3.38378e+11,2,3.38378e+13,3383780102,NA,NA,1,NA,NA,4,1,42,1,42101,"101_110",4210160000,42101036900,1030,"8:25",5,NA,NA,NA,"0:00","","","","11:10",14,5,NA,NA,NA,NA,NA,NA,NA,NA,NA,NA,NA,NA,NA,NA,NA,NA,NA,NA,NA,NA,NA,NA,NA,NA,NA,NA,NA,NA,NA,NA,2,1,42,1,42101,"101_103",4210160000,42101000402,82,1.13,20,11.429238,1.388884,227.5881482
"254",10839,341872,1,34187201,589.9946492,729.0920042,1,NA,3.41872e+11,3,3.41872e+13,3418720103,NA,NA,2,NA,NA,4,1,42,1,42101,"101_107",4210160000,42101014000,403,"12:45",8,9,NA,NA,"0:00","","","","14:45",14,5,NA,NA,NA,NA,NA,NA,NA,NA,NA,NA,NA,NA,NA,NA,NA,NA,NA,NA,NA,NA,NA,NA,NA,NA,NA,NA,NA,NA,NA,NA,4,1,42,1,42101,"101_107",4210160000,42101016901,434,1.17,60,22.734085,2.102759,853.037645
"255",10840,341872,1,34187201,589.9946492,729.0920042,1,NA,3.41872e+11,4,3.41872e+13,3418720104,NA,NA,2,NA,NA,4,1,42,1,42101,"101_107",4210160000,42101016901,434,"15:45",1,12,2,NA,"0:00","","","","21:00",14,5,NA,NA,NA,NA,NA,NA,NA,NA,NA,NA,NA,NA,NA,NA,NA,NA,NA,NA,NA,NA,NA,NA,NA,NA,NA,NA,NA,NA,NA,NA,4,1,42,1,42101,"101_107",4210160000,42101014700,411,1.17,45,25.480559,2.05538,853.037645
"256",10887,342252,1,34225201,228.4384878,123.0144602,1,NA,3.42252e+11,1,3.42252e+13,3422520101,NA,NA,2,9,2,1,1,42,1,42101,"101_115",4210160000,42101026500,2634,"",1,NA,NA,NA,"0:00","","","","10:00",14,5,NA,NA,NA,NA,NA,NA,NA,NA,NA,NA,NA,NA,NA,NA,NA,NA,NA,NA,NA,NA,NA,NA,NA,NA,NA,NA,NA,NA,NA,NA,4,1,42,1,42101,"101_110",4210160000,42101008802,1022,1.17,45,52.971734,11.422357,143.9269185
"257",10888,342252,1,34225201,228.4384878,123.0144602,1,NA,3.42252e+11,2,3.42252e+13,3422520102,NA,NA,2,NA,NA,4,1,42,1,42101,"101_110",4210160000,42101008802,1022,"10:45",6,NA,NA,NA,"0:00","","","","11:15",14,5,NA,NA,NA,NA,NA,NA,NA,NA,NA,NA,NA,NA,NA,NA,NA,NA,NA,NA,NA,NA,NA,NA,NA,NA,NA,NA,NA,NA,NA,NA,4,1,42,1,42101,"101_110",4210160000,42101008802,1031,1.17,NA,7.25,0.656168,143.9269185
"258",10890,342252,1,34225201,228.4384878,123.0144602,1,NA,3.42252e+11,4,3.42252e+13,3422520104,NA,NA,2,NA,NA,4,1,42,1,42101,"101_110",4210160000,42101008802,1031,"11:15",8,NA,NA,NA,"0:00","","","","11:30",23,5,NA,NA,NA,NA,NA,NA,NA,NA,NA,NA,NA,NA,NA,NA,NA,NA,NA,NA,NA,NA,NA,NA,NA,NA,NA,NA,NA,NA,NA,NA,4,1,42,1,42101,"101_110",4210160000,42101036900,1026,1.17,45,11.197636,1.206174,143.9269185
"259",10891,342252,1,34225201,228.4384878,123.0144602,1,NA,3.42252e+11,5,3.42252e+13,3422520105,NA,NA,2,NA,NA,4,1,42,1,42101,"101_110",4210160000,42101036900,1026,"12:15",6,NA,NA,NA,"0:00","","","","12:30",14,5,NA,NA,NA,NA,NA,NA,NA,NA,NA,NA,NA,NA,NA,NA,NA,NA,NA,NA,NA,NA,NA,NA,NA,NA,NA,NA,NA,NA,NA,NA,4,1,42,1,42101,"101_103",4210160000,42101000804,44,1.17,30,15.275732,1.314765,143.9269185
"260",10892,342252,1,34225201,228.4384878,123.0144602,1,NA,3.42252e+11,6,3.42252e+13,3422520106,NA,NA,2,NA,NA,4,1,42,1,42101,"101_103",4210160000,42101000804,44,"13:00",16,NA,NA,NA,"0:00","","","","14:30",14,5,NA,NA,NA,NA,NA,NA,NA,NA,NA,NA,NA,NA,NA,NA,NA,NA,NA,NA,NA,NA,NA,NA,NA,NA,NA,NA,NA,NA,NA,NA,4,1,42,1,42101,"101_103",4210160000,42101000902,39,1.17,15,6.624648,0.456708,143.9269185
"261",10893,342252,1,34225201,228.4384878,123.0144602,1,NA,3.42252e+11,7,3.42252e+13,3422520107,NA,NA,2,NA,NA,4,1,42,1,42101,"101_103",4210160000,42101000902,39,"14:45",6,NA,NA,NA,"0:00","","","","15:00",14,5,NA,NA,NA,NA,NA,NA,NA,NA,NA,NA,NA,NA,NA,NA,NA,NA,NA,NA,NA,NA,NA,NA,NA,NA,NA,NA,NA,NA,NA,NA,4,1,42,1,42101,"101_103",4210160000,42101000500,90,1.17,30,8.554834,0.42505,143.9269185
"262",10894,342252,1,34225201,228.4384878,123.0144602,1,NA,3.42252e+11,8,3.42252e+13,3422520108,NA,NA,2,NA,NA,4,1,42,1,42101,"101_103",4210160000,42101000500,90,"15:30",8,NA,NA,NA,"0:00","","","","16:00",14,5,NA,NA,NA,NA,NA,NA,NA,NA,NA,NA,NA,NA,NA,NA,NA,NA,NA,NA,NA,NA,NA,NA,NA,NA,NA,NA,NA,NA,NA,NA,4,1,42,1,42101,"101_103",4210160000,42101000402,92,1.17,30,6.572394,0.445076,143.9269185
"263",10895,342252,1,34225201,228.4384878,123.0144602,1,NA,3.42252e+11,9,3.42252e+13,3422520109,NA,NA,2,NA,NA,4,1,42,1,42101,"101_103",4210160000,42101000402,92,"16:30",19,NA,NA,NA,"0:00","","","","16:50",21,5,NA,NA,NA,NA,NA,NA,NA,NA,NA,NA,NA,NA,NA,NA,NA,NA,NA,NA,NA,NA,NA,NA,NA,NA,NA,NA,NA,NA,NA,NA,4,1,42,1,42101,"101_115",4210160000,42101028200,2615,1.17,30,24.490754,6.656292,143.9269185
"264",10896,342252,1,34225201,228.4384878,123.0144602,1,NA,3.42252e+11,10,3.42252e+13,3422520110,NA,NA,2,NA,NA,4,1,42,1,42101,"101_115",4210160000,42101028200,2615,"17:20",19,NA,NA,NA,"0:00","","","","17:30",14,5,NA,NA,NA,NA,NA,NA,NA,NA,NA,NA,NA,NA,NA,NA,NA,NA,NA,NA,NA,NA,NA,NA,NA,NA,NA,NA,NA,NA,NA,NA,1,1,42,1,42101,"101_115",4210160000,42101026500,2634,1.17,20,25.643284,2.48831,143.9269185
"265",11030,342982,2,34298202,41.2074292,79.57758027,1,NA,3.42982e+11,1,3.42982e+13,3429820201,NA,NA,1,2,2,1,1,42,1,42029,"029_311",4202977344,42029300103,8009,"",1,14,6,NA,"4:00","1:00","1:00","","12:00",14,5,NA,NA,NA,NA,NA,NA,NA,NA,NA,NA,NA,NA,NA,NA,NA,NA,NA,NA,NA,NA,NA,NA,NA,NA,NA,NA,NA,NA,NA,NA,2,1,42,1,42101,"101_103",4210160000,42101000500,91,1.15,NA,54.16782,20.301049,91.51421731
"266",11175,343807,1,34380701,228.4384878,103.7440207,1,NA,3.43807e+11,2,3.43807e+13,3438070102,NA,NA,2,NA,NA,4,1,42,1,42101,"101_109",4210160000,42101018800,627,"7:12",14,NA,NA,NA,"0:00","","","","7:19",21,5,NA,NA,NA,NA,NA,NA,NA,NA,NA,NA,NA,NA,NA,NA,NA,NA,NA,NA,NA,NA,NA,NA,NA,NA,NA,NA,NA,NA,NA,NA,4,1,42,1,42101,"101_114",4210160000,42101030200,1610,1.17,13,20.120976,2.626613,121.3805042
"267",11176,343807,1,34380701,228.4384878,103.7440207,1,NA,3.43807e+11,3,3.43807e+13,3438070103,NA,NA,2,NA,NA,4,1,42,1,42101,"101_114",4210160000,42101030200,1610,"7:32",19,NA,NA,NA,"0:00","","","","7:39",21,5,NA,NA,NA,NA,NA,NA,NA,NA,NA,NA,NA,NA,NA,NA,NA,NA,NA,NA,NA,NA,NA,NA,NA,NA,NA,NA,NA,NA,NA,NA,4,1,42,1,42101,"101_114",4210160000,42101030200,1610,1.17,0,4.260125,0.287663,121.3805042
"268",11177,343807,1,34380701,228.4384878,103.7440207,1,NA,3.43807e+11,4,3.43807e+13,3438070104,NA,NA,2,NA,NA,4,1,42,1,42101,"101_114",4210160000,42101030200,1610,"7:39",19,NA,NA,NA,"0:00","","","","7:55",21,5,NA,NA,NA,NA,NA,NA,NA,NA,NA,NA,NA,NA,NA,NA,NA,NA,NA,NA,NA,NA,NA,NA,NA,NA,NA,NA,NA,NA,NA,NA,4,1,42,1,42101,"101_114",4210160000,42101030600,1627,1.17,0,16.31874,2.328607,121.3805042
"269",11182,343807,1,34380701,228.4384878,103.7440207,2,NA,3.43807e+11,9,3.43807e+13,3438070109,NA,NA,3,NA,NA,4,1,42,1,42101,"101_114",4210160000,42101030200,1610,"12:47",19,NA,NA,NA,"0:06","","","","9999",21,5,NA,NA,NA,NA,NA,NA,NA,NA,NA,NA,NA,NA,NA,NA,NA,NA,NA,NA,NA,NA,NA,NA,NA,NA,NA,NA,NA,NA,NA,NA,4,1,42,1,42101,"101_114",4210160000,42101030600,1627,1.17,NA,NA,NA,121.3805042
"270",11383,345113,1,34511301,393.0130441,134.8389857,1,NA,3.45113e+11,1,3.45113e+13,3451130101,NA,NA,2,2,2,1,1,42,1,42101,"101_104",4210160000,42101032500,3007,"",1,NA,NA,NA,"0:00","","","","8:57",14,5,NA,NA,NA,NA,NA,NA,NA,NA,NA,NA,NA,NA,NA,NA,NA,NA,NA,NA,NA,NA,NA,NA,NA,NA,NA,NA,NA,NA,NA,NA,4,1,42,1,42101,"101_101",4210160000,42101019900,1419,1.17,43,38.307483,6.976966,157.7616132
"271",11384,345113,1,34511301,393.0130441,134.8389857,1,NA,3.45113e+11,2,3.45113e+13,3451130102,NA,NA,2,NA,NA,4,1,42,1,42101,"101_101",4210160000,42101019900,1419,"9:40",19,NA,NA,NA,"0:00","","","","9:44",14,5,NA,NA,NA,NA,NA,NA,NA,NA,NA,NA,NA,NA,NA,NA,NA,NA,NA,NA,NA,NA,NA,NA,NA,NA,NA,NA,NA,NA,NA,NA,4,1,42,1,42101,"101_107",4210160000,42101014100,402,1.17,38,24.927208,3.100586,157.7616132
"272",11712,346917,2,34691702,134.7192336,93.16478175,1,NA,3.46917e+11,1,3.46917e+13,3469170201,NA,NA,1,2,2,1,1,42,1,42045,"045_203",4204579000,42045401104,4458,"",1,NA,NA,NA,"4:30","","","","7:30",14,5,NA,NA,NA,NA,NA,NA,NA,NA,NA,NA,NA,NA,NA,NA,NA,NA,NA,NA,NA,NA,NA,NA,NA,NA,NA,NA,NA,NA,NA,NA,4,1,42,1,42045,"045_203",4204579000,42045401104,4458,1.17,25,7.332438,0.464675,109.0027946
"273",11713,346917,2,34691702,134.7192336,93.16478175,1,NA,3.46917e+11,2,3.46917e+13,3469170202,NA,NA,1,NA,NA,4,1,42,1,42045,"045_203",4204579000,42045401104,4458,"7:55",5,19,NA,NA,"8:30","0:50","","","17:15",21,5,NA,NA,NA,NA,NA,NA,NA,NA,NA,NA,NA,NA,NA,NA,NA,NA,NA,NA,NA,NA,NA,NA,NA,NA,NA,NA,NA,NA,NA,NA,4,1,42,1,42045,"045_203",4204579000,42045400500,4459,1.17,30,17.361336,2.288673,109.0027946
"274",11714,346917,2,34691702,134.7192336,93.16478175,1,NA,3.46917e+11,3,3.46917e+13,3469170203,NA,NA,1,NA,NA,4,1,42,1,42045,"045_203",4204579000,42045400500,4459,"17:45",19,NA,NA,NA,"0:00","","","","17:50",14,5,NA,NA,NA,NA,NA,NA,NA,NA,NA,NA,NA,NA,NA,NA,NA,NA,NA,NA,NA,NA,NA,NA,NA,NA,NA,NA,NA,NA,NA,NA,1,1,42,1,42045,"045_203",4204579000,42045401104,4458,1.17,20,17.104922,2.508359,109.0027946
"275",11747,347180,1,34718001,264.8909442,117.0871648,1,NA,3.4718e+11,1,3.4718e+13,3471800101,NA,NA,2,1,2,1,1,42,1,42101,"101_109",4210160000,42101018002,613,"",1,NA,NA,NA,"3:30","","","","7:30",14,5,NA,NA,NA,NA,NA,NA,NA,NA,NA,NA,NA,NA,NA,NA,NA,NA,NA,NA,NA,NA,NA,NA,NA,NA,NA,NA,NA,NA,NA,NA,4,1,42,1,42101,"101_110",4210160000,42101036900,1012,1.17,30,49.942541,7.591613,136.9919828
"276",11748,347180,1,34718001,264.8909442,117.0871648,1,NA,3.4718e+11,2,3.4718e+13,3471800102,NA,NA,2,NA,NA,4,1,42,1,42101,"101_110",4210160000,42101036900,1012,"8:00",16,NA,NA,NA,"2:00","","","","10:00",14,5,NA,NA,NA,NA,NA,NA,NA,NA,NA,NA,NA,NA,NA,NA,NA,NA,NA,NA,NA,NA,NA,NA,NA,NA,NA,NA,NA,NA,NA,NA,1,1,42,1,42101,"101_109",4210160000,42101018002,613,1.17,0,42.58729,7.671416,136.9919828
"277",11808,347381,2,34738102,191.9367835,136.80538,1,NA,3.47381e+11,2,3.47381e+13,3473810202,NA,NA,3,NA,NA,4,1,42,1,42101,"101_103",4210160000,42101000500,90,"15:31",19,NA,NA,NA,"0:00","","","","15:33",14,5,NA,NA,NA,NA,NA,NA,NA,NA,NA,NA,NA,NA,NA,NA,NA,NA,NA,NA,NA,NA,NA,NA,NA,NA,NA,NA,NA,NA,NA,NA,4,1,42,1,42091,"091_409",4209141432,42091200903,11613,1.17,38,47.521966,23.750275,160.0622946
"278",11880,347845,2,34784502,772.5995024,280.9838329,1,NA,3.47845e+11,1,3.47845e+13,3478450201,NA,NA,1,1,2,1,1,42,1,42101,"101_112",4210160000,42101003200,840,"",1,NA,NA,NA,"0:00","","","","3:10",14,5,NA,NA,NA,NA,NA,NA,NA,NA,NA,NA,NA,NA,NA,NA,NA,NA,NA,NA,NA,NA,NA,NA,NA,NA,NA,NA,NA,NA,NA,NA,2,1,42,1,42091,"091_413",4209184624,42091203000,12426,1.17,180,NA,NA,328.7510845
"279",11881,347845,2,34784502,772.5995024,280.9838329,1,NA,3.47845e+11,2,3.47845e+13,3478450202,NA,NA,1,NA,NA,2,1,42,1,42091,"091_413",4209184624,42091203000,12426,"6:10",5,NA,NA,NA,"12:15","","","","19:15",14,5,NA,NA,NA,NA,NA,NA,NA,NA,NA,NA,NA,NA,NA,NA,NA,NA,NA,NA,NA,NA,NA,NA,NA,NA,NA,NA,NA,NA,NA,NA,1,1,42,1,42101,"101_112",4210160000,42101003200,840,1.17,165,NA,NA,328.7510845
"280",11883,347845,3,34784503,772.5995024,182.5834247,1,NA,3.47845e+11,1,3.47845e+13,3478450301,NA,NA,1,1,2,1,1,42,1,42101,"101_112",4210160000,42101003200,840,"",1,NA,NA,NA,"4:00","","","","8:00",14,5,NA,NA,NA,NA,NA,NA,NA,NA,NA,NA,NA,NA,NA,NA,NA,NA,NA,NA,NA,NA,NA,NA,NA,NA,NA,NA,NA,NA,NA,NA,2,1,42,1,42101,"101_110",4210160000,42101006500,1002,1.17,30,31.62238,4.762843,213.6226069
"281",11884,347845,3,34784503,772.5995024,182.5834247,1,NA,3.47845e+11,2,3.47845e+13,3478450302,NA,NA,1,NA,NA,2,1,42,1,42101,"101_110",4210160000,42101006500,1002,"8:30",5,NA,NA,NA,"7:00","","","","17:00",14,5,NA,NA,NA,NA,NA,NA,NA,NA,NA,NA,NA,NA,NA,NA,NA,NA,NA,NA,NA,NA,NA,NA,NA,NA,NA,NA,NA,NA,NA,NA,1,1,42,1,42101,"101_112",4210160000,42101003200,840,1.17,60,35.124822,4.83976,213.6226069
"282",12011,348073,2,34807302,333.3161626,970.273043,1,NA,3.48073e+11,3,3.48073e+13,3480730203,NA,NA,2,NA,NA,4,1,42,1,42101,"101_104",4210160000,42101031600,3014,"14:18",14,NA,NA,NA,"0:00","","","","9999",14,5,NA,NA,NA,NA,NA,NA,NA,NA,NA,NA,NA,NA,NA,NA,NA,NA,NA,NA,NA,NA,NA,NA,NA,NA,NA,NA,NA,NA,NA,NA,4,1,42,1,42101,"101_103",4210160000,42101000402,76,1.12,NA,NA,NA,1086.705808
"283",12012,348073,2,34807302,333.3161626,970.273043,1,NA,3.48073e+11,4,3.48073e+13,3480730204,NA,NA,2,NA,NA,4,1,42,1,42101,"101_103",4210160000,42101000402,76,"14:25",19,NA,NA,NA,"0:00","","","","14:45",14,5,NA,NA,NA,NA,NA,NA,NA,NA,NA,NA,NA,NA,NA,NA,NA,NA,NA,NA,NA,NA,NA,NA,NA,NA,NA,NA,NA,NA,NA,NA,4,1,42,1,42045,"045_203",4204579000,42045400500,4459,1.12,0,23.799953,5.438435,1086.705808
"284",12013,348073,2,34807302,333.3161626,970.273043,1,NA,3.48073e+11,5,3.48073e+13,3480730205,NA,NA,2,NA,NA,4,1,42,1,42045,"045_203",4204579000,42045400500,4459,"14:45",19,NA,NA,NA,"0:00","","","","14:59",14,5,NA,NA,NA,NA,NA,NA,NA,NA,NA,NA,NA,NA,NA,NA,NA,NA,NA,NA,NA,NA,NA,NA,NA,NA,NA,NA,NA,NA,NA,NA,1,1,42,1,42101,"101_111",4210160000,42101010000,1227,1.12,6,17.562415,1.456269,1086.705808
"285",12040,348210,1,34821001,860.4556576,221.967171,1,NA,3.4821e+11,1,3.4821e+13,3482100101,NA,NA,2,1,2,1,1,42,1,42101,"101_112",4210160000,42101003600,825,"",1,NA,NA,NA,"9:00","","","","12:00",14,5,NA,NA,NA,NA,NA,NA,NA,NA,NA,NA,NA,NA,NA,NA,NA,NA,NA,NA,NA,NA,NA,NA,NA,NA,NA,NA,NA,NA,NA,NA,4,1,42,1,42101,"101_103",4210160000,42101012500,134,1.17,45,30.001757,4.189847,259.70159
"286",12041,348210,1,34821001,860.4556576,221.967171,1,NA,3.4821e+11,2,3.4821e+13,3482100102,NA,NA,2,NA,NA,4,1,42,1,42101,"101_103",4210160000,42101012500,134,"12:45",18,NA,NA,NA,"0:30","","","","13:15",14,5,NA,NA,NA,NA,NA,NA,NA,NA,NA,NA,NA,NA,NA,NA,NA,NA,NA,NA,NA,NA,NA,NA,NA,NA,NA,NA,NA,NA,NA,NA,1,1,42,1,42101,"101_112",4210160000,42101003600,825,1.17,120,28.701356,4.24108,259.70159
"287",12067,348323,2,34832302,161.6263101,373.3644024,1,NA,3.48323e+11,1,3.48323e+13,3483230201,NA,NA,1,1,2,1,1,42,1,42101,"101_108",4210160000,42101020900,3203,"",1,NA,NA,NA,"8:00","","","","14:30",14,5,NA,NA,NA,NA,NA,NA,NA,NA,NA,NA,NA,NA,NA,NA,NA,NA,NA,NA,NA,NA,NA,NA,NA,NA,NA,NA,NA,NA,NA,NA,2,1,42,1,42101,"101_103",4210160000,42101000500,70,1.12,NA,23.600202,7.18572,418.1681307
"288",12068,348323,2,34832302,161.6263101,373.3644024,1,NA,3.48323e+11,2,3.48323e+13,3483230202,NA,NA,1,NA,NA,2,1,42,1,42101,"101_103",4210160000,42101000500,70,"9999",5,NA,NA,NA,"8:30","","","","0:00",14,5,NA,NA,NA,NA,NA,NA,NA,NA,NA,NA,NA,NA,NA,NA,NA,NA,NA,NA,NA,NA,NA,NA,NA,NA,NA,NA,NA,NA,NA,NA,1,1,42,1,42101,"101_108",4210160000,42101020900,3203,1.12,0,21.364296,7.374845,418.1681307
"289",12083,348355,1,34835501,215.7116496,175.0663849,1,NA,3.48355e+11,1,3.48355e+13,3483550101,NA,NA,1,4,2,1,1,42,1,42101,"101_112",4210160000,42101004001,819,"",1,NA,NA,NA,"0:00","","","","7:10",14,5,NA,NA,NA,NA,NA,NA,NA,NA,NA,NA,NA,NA,NA,NA,NA,NA,NA,NA,NA,NA,NA,NA,NA,NA,NA,NA,NA,NA,NA,NA,4,1,42,1,42101,"101_103",4210160000,42101001500,6,1.12,35,15.642321,1.61793,196.0743511
"290",12087,348355,1,34835501,215.7116496,175.0663849,1,NA,3.48355e+11,5,3.48355e+13,3483550105,NA,NA,1,NA,NA,4,1,42,1,42101,"101_103",4210160000,42101000600,56,"13:05",1,NA,NA,NA,"0:00","","","","16:30",14,5,NA,NA,NA,NA,NA,NA,NA,NA,NA,NA,NA,NA,NA,NA,NA,NA,NA,NA,NA,NA,NA,NA,NA,NA,NA,NA,NA,NA,NA,NA,1,1,42,1,42101,"101_112",4210160000,42101004001,819,1.12,30,20.265733,2.070728,196.0743511
"291",12197,349004,1,34900401,374.2320168,2513.964896,1,NA,3.49004e+11,1,3.49004e+13,3490040101,NA,NA,2,3,2,1,1,42,1,42101,"101_111",4210160000,42101011400,1236,"",1,NA,NA,NA,"4:00","","","","8:15",14,5,NA,NA,NA,NA,NA,NA,NA,NA,NA,NA,NA,NA,NA,NA,NA,NA,NA,NA,NA,NA,NA,NA,NA,NA,NA,NA,NA,NA,NA,NA,4,1,42,1,42101,"101_107",4210160000,42101037700,414,1.17,51,49.165754,7.572231,2941.338928
"292",12199,349004,1,34900401,374.2320168,2513.964896,1,NA,3.49004e+11,3,3.49004e+13,3490040103,NA,NA,2,NA,NA,4,1,42,1,42101,"101_103",4210160000,42101000300,121,"12:37",4,NA,NA,NA,"1:30","","","","14:40",14,5,NA,NA,NA,NA,NA,NA,NA,NA,NA,NA,NA,NA,NA,NA,NA,NA,NA,NA,NA,NA,NA,NA,NA,NA,NA,NA,NA,NA,NA,NA,4,1,42,1,42101,"101_107",4210160000,42101037700,414,1.17,46,28.421915,2.85754,2941.338928
"293",12200,349004,1,34900401,374.2320168,2513.964896,1,NA,3.49004e+11,4,3.49004e+13,3490040104,NA,NA,2,NA,NA,4,1,42,1,42101,"101_107",4210160000,42101037700,414,"15:26",10,11,12,2,"0:00","","","","16:48",14,5,NA,NA,NA,NA,NA,NA,NA,NA,NA,NA,NA,NA,NA,NA,NA,NA,NA,NA,NA,NA,NA,NA,NA,NA,NA,NA,NA,NA,NA,NA,1,1,42,1,42101,"101_111",4210160000,42101011400,1236,1.17,64,50.110264,7.789169,2941.338928
"294",12223,349119,1,34911901,190.4720163,104.7621401,1,NA,3.49119e+11,1,3.49119e+13,3491190101,NA,NA,2,1,2,1,1,42,1,42101,"101_110",4210160000,42101008601,1027,"",1,NA,NA,NA,"6:30","","","","11:10",14,5,NA,NA,NA,NA,NA,NA,NA,NA,NA,NA,NA,NA,NA,NA,NA,NA,NA,NA,NA,NA,NA,NA,NA,NA,NA,NA,NA,NA,NA,NA,4,1,42,1,42101,"101_103",4210160000,42101000401,84,1.17,65,26.610962,2.969511,122.5717039
"295",12224,349119,1,34911901,190.4720163,104.7621401,1,NA,3.49119e+11,2,3.49119e+13,3491190102,NA,NA,2,NA,NA,4,1,42,1,42101,"101_103",4210160000,42101000401,84,"12:15",6,NA,NA,NA,"2:10","","","","14:30",21,5,NA,NA,NA,NA,NA,NA,NA,NA,NA,NA,NA,NA,NA,NA,NA,NA,NA,NA,NA,NA,NA,NA,NA,NA,NA,NA,NA,NA,NA,NA,1,1,42,1,42101,"101_110",4210160000,42101008601,1027,1.17,15,24.068822,2.716629,122.5717039
"296",12225,349119,1,34911901,190.4720163,104.7621401,2,NA,3.49119e+11,3,3.49119e+13,3491190103,NA,NA,2,1,NA,1,1,42,1,42101,"101_110",4210160000,42101008601,1027,"14:45",7,NA,NA,NA,"2:55","","","","17:45",23,5,NA,NA,NA,NA,NA,NA,NA,NA,NA,NA,NA,NA,NA,NA,NA,NA,NA,NA,NA,NA,NA,NA,NA,NA,NA,NA,NA,NA,NA,NA,4,1,42,1,42101,"101_103",4210160000,42101000700,61,1.17,30,25.76415,3.039402,122.5717039
"297",12226,349119,1,34911901,190.4720163,104.7621401,2,NA,3.49119e+11,4,3.49119e+13,3491190104,NA,NA,2,NA,NA,4,1,42,1,42101,"101_103",4210160000,42101000700,61,"18:15",8,NA,NA,NA,"2:15","","","","20:45",23,5,NA,NA,NA,NA,NA,NA,NA,NA,NA,NA,NA,NA,NA,NA,NA,NA,NA,NA,NA,NA,NA,NA,NA,NA,NA,NA,NA,NA,NA,NA,1,1,42,1,42101,"101_110",4210160000,42101008601,1027,1.17,40,20.175913,3.048564,122.5717039
"298",12228,349289,1,34928901,84.73564483,96.03141354,1,NA,3.49289e+11,1,3.49289e+13,3492890101,NA,NA,1,1,2,1,1,42,1,42029,"029_311",4202977344,42029300101,8028,"",1,NA,NA,NA,"0:00","","","","5:15",14,5,NA,NA,NA,NA,NA,NA,NA,NA,NA,NA,NA,NA,NA,NA,NA,NA,NA,NA,NA,NA,NA,NA,NA,NA,NA,NA,NA,NA,NA,NA,2,1,42,1,42101,"101_103",4210160000,42101000300,113,1.12,63,76.212277,22.613232,107.5551832
"299",12229,349289,1,34928901,84.73564483,96.03141354,1,NA,3.49289e+11,2,3.49289e+13,3492890102,NA,NA,1,NA,NA,2,1,42,1,42101,"101_103",4210160000,42101000300,113,"6:18",5,NA,NA,NA,"0:00","","","","17:30",14,5,NA,NA,NA,NA,NA,NA,NA,NA,NA,NA,NA,NA,NA,NA,NA,NA,NA,NA,NA,NA,NA,NA,NA,NA,NA,NA,NA,NA,NA,NA,1,1,42,1,42029,"029_311",4202977344,42029300101,8028,1.12,110,90.390712,23.15156,107.5551832
"300",12332,349978,1,34997801,186.541371,143.3863426,1,NA,3.49978e+11,1,3.49978e+13,3499780101,NA,NA,1,1,2,1,1,42,1,42101,"101_112",4210160000,42101004001,819,"",1,NA,NA,NA,"5:50","","","","8:50",21,5,NA,NA,NA,NA,NA,NA,NA,NA,NA,NA,NA,NA,NA,NA,NA,NA,NA,NA,NA,NA,NA,NA,NA,NA,NA,NA,NA,NA,NA,NA,2,1,42,1,42101,"101_103",4210160000,42101000804,44,1.12,16,13.749767,2.04637,160.5927038
"301",12333,349978,1,34997801,186.541371,143.3863426,1,NA,3.49978e+11,2,3.49978e+13,3499780102,NA,NA,1,NA,NA,2,1,42,1,42101,"101_103",4210160000,42101000804,44,"9:06",5,NA,NA,NA,"9:25","","","","18:38",21,5,NA,NA,NA,NA,NA,NA,NA,NA,NA,NA,NA,NA,NA,NA,NA,NA,NA,NA,NA,NA,NA,NA,NA,NA,NA,NA,NA,NA,NA,NA,1,1,42,1,42101,"101_112",4210160000,42101004001,819,1.12,27,15.799446,2.049498,160.5927038
"302",12335,349978,2,34997802,186.541371,187.4531458,1,NA,3.49978e+11,1,3.49978e+13,3499780201,NA,NA,1,1,2,1,1,42,1,42101,"101_112",4210160000,42101004102,813,"",1,NA,NA,NA,"5:50","","","","8:50",21,5,NA,NA,NA,NA,NA,NA,NA,NA,NA,NA,NA,NA,NA,NA,NA,NA,NA,NA,NA,NA,NA,NA,NA,NA,NA,NA,NA,NA,NA,NA,2,1,42,1,42101,"101_103",4210160000,42101000901,41,1.12,14,22.5112,2.66786,209.9475233
"303",12336,349978,2,34997802,186.541371,187.4531458,1,NA,3.49978e+11,2,3.49978e+13,3499780202,NA,NA,1,NA,NA,2,1,42,1,42101,"101_103",4210160000,42101000901,41,"9:04",5,NA,NA,NA,"8:00","","","","17:15",21,5,NA,NA,NA,NA,NA,NA,NA,NA,NA,NA,NA,NA,NA,NA,NA,NA,NA,NA,NA,NA,NA,NA,NA,NA,NA,NA,NA,NA,NA,NA,1,1,42,1,42101,"101_112",4210160000,42101004001,819,1.12,15,15.20563,1.95858,209.9475233
"304",12339,350069,1,35006901,423.5262044,123.5906076,1,NA,3.50069e+11,2,3.50069e+13,3500690102,NA,NA,1,NA,NA,4,1,42,1,42091,"091_413",4209115848,42091204102,12401,"6:45",19,NA,NA,NA,"0:00","","","","6:47",14,5,NA,NA,NA,NA,NA,NA,NA,NA,NA,NA,NA,NA,NA,NA,NA,NA,NA,NA,NA,NA,NA,NA,NA,NA,NA,NA,NA,NA,NA,NA,4,1,42,1,42091,"091_402",4209179136,42091205906,10205,1.12,28,32.975538,6.605135,138.4214805
"305",12340,350069,1,35006901,423.5262044,123.5906076,1,NA,3.50069e+11,3,3.50069e+13,3500690103,NA,NA,1,NA,NA,4,1,42,1,42091,"091_402",4209179136,42091205906,10205,"7:15",19,NA,NA,NA,"0:00","","","","7:16",14,5,NA,NA,NA,NA,NA,NA,NA,NA,NA,NA,NA,NA,NA,NA,NA,NA,NA,NA,NA,NA,NA,NA,NA,NA,NA,NA,NA,NA,NA,NA,2,1,42,1,42029,"029_311",4202977344,42029300106,8023,1.12,39,48.755234,13.286161,138.4214805
"306",12342,350069,1,35006901,423.5262044,123.5906076,1,NA,3.50069e+11,5,3.50069e+13,3500690105,NA,NA,1,NA,NA,4,1,42,1,42029,"029_311",4202977344,42029300106,8023,"17:07",19,NA,NA,NA,"0:00","","","","17:09",21,5,NA,NA,NA,NA,NA,NA,NA,NA,NA,NA,NA,NA,NA,NA,NA,NA,NA,NA,NA,NA,NA,NA,NA,NA,NA,NA,NA,NA,NA,NA,4,1,42,1,42091,"091_402",4209179136,42091205906,10205,1.12,50,52.609867,10.134322,138.4214805
"307",12343,350069,1,35006901,423.5262044,123.5906076,1,NA,3.50069e+11,6,3.50069e+13,3500690106,NA,NA,1,NA,NA,4,1,42,1,42091,"091_402",4209179136,42091205906,10205,"17:59",19,NA,NA,NA,"0:00","","","","18:16",21,5,NA,NA,NA,NA,NA,NA,NA,NA,NA,NA,NA,NA,NA,NA,NA,NA,NA,NA,NA,NA,NA,NA,NA,NA,NA,NA,NA,NA,NA,NA,1,1,42,1,42091,"091_413",4209115848,42091204102,12401,1.12,24,33.121335,6.259095,138.4214805
"308",12363,350189,1,35018901,318.9645827,1692.932866,2,NA,3.50189e+11,4,3.50189e+13,3501890104,NA,NA,1,NA,NA,4,1,42,1,42045,"045_203",4204518152,42045402500,4413,"9:18",19,NA,NA,NA,"0:02","","","","9:20",14,5,NA,NA,NA,NA,NA,NA,NA,NA,NA,NA,NA,NA,NA,NA,NA,NA,NA,NA,NA,NA,NA,NA,NA,NA,NA,NA,NA,NA,NA,NA,4,1,42,1,42101,"101_110",4210160000,42101036900,1030,1.12,34,32.050757,4.819944,1896.08481
"309",12366,350189,1,35018901,318.9645827,1692.932866,2,1,3.50189e+11,7,3.50189e+13,3501890107,NA,NA,1,NA,NA,4,1,42,1,42101,"101_110",4210160000,42101009000,1036,"17:40",19,NA,NA,NA,"0:05","","","","17:45",21,5,NA,NA,NA,NA,NA,NA,NA,NA,NA,NA,NA,NA,NA,NA,NA,NA,NA,NA,NA,NA,NA,NA,NA,NA,NA,NA,NA,NA,NA,NA,4,1,42,1,42045,"045_203",4204579000,42045400500,4459,1.12,15,22.836948,4.122064,1896.08481
"310",12367,350189,1,35018901,318.9645827,1692.932866,2,1,3.50189e+11,8,3.50189e+13,3501890108,NA,NA,1,NA,NA,4,1,42,1,42045,"045_203",4204579000,42045400500,4459,"18:00",19,NA,NA,NA,"0:05","","","","18:05",14,5,NA,NA,NA,NA,NA,NA,NA,NA,NA,NA,NA,NA,NA,NA,NA,NA,NA,NA,NA,NA,NA,NA,NA,NA,NA,NA,NA,NA,NA,NA,4,1,42,1,42101,"101_110",4210160000,42101036900,1025,1.12,27,26.76929,4.261851,1896.08481
"311",12371,350189,2,35018902,318.9645827,317.5836533,1,NA,3.50189e+11,2,3.50189e+13,3501890202,NA,NA,2,NA,NA,4,1,42,1,42045,"045_203",4204515232,42045403101,4405,"11:40",19,NA,NA,NA,"0:07","","","","11:47",14,5,NA,NA,NA,NA,NA,NA,NA,NA,NA,NA,NA,NA,NA,NA,NA,NA,NA,NA,NA,NA,NA,NA,NA,NA,NA,NA,NA,NA,NA,NA,4,1,42,1,42045,"045_202",4204529720,42045403502,4206,1.12,3,15.590718,1.51568,355.6936916
"312",12374,350189,2,35018902,318.9645827,317.5836533,1,NA,3.50189e+11,5,3.50189e+13,3501890205,NA,NA,2,NA,NA,4,1,42,1,42045,"045_202",4204529720,42045403502,4206,"12:21",19,NA,NA,NA,"0:10","","","","12:31",14,5,NA,NA,NA,NA,NA,NA,NA,NA,NA,NA,NA,NA,NA,NA,NA,NA,NA,NA,NA,NA,NA,NA,NA,NA,NA,NA,NA,NA,NA,NA,4,1,42,1,42045,"045_203",4204515232,42045403101,4405,1.12,2,12.572461,1.235559,355.6936916
"313",12571,351649,1,35164901,202.8848881,96.4352758,1,NA,3.51649e+11,1,3.51649e+13,3516490101,NA,NA,3,1,2,1,1,42,1,42101,"101_112",4210160000,42101002802,836,"",1,NA,NA,NA,"0:00","","","","6:15",14,5,NA,NA,NA,NA,NA,NA,NA,NA,NA,NA,NA,NA,NA,NA,NA,NA,NA,NA,NA,NA,NA,NA,NA,NA,NA,NA,NA,NA,NA,NA,4,1,42,1,42101,"101_103",4210160000,42101001102,17,1.17,25,16.532926,1.278694,112.8292727
"314",12685,352309,1,35230901,1024.377182,3186.664682,1,NA,3.52309e+11,2,3.52309e+13,3523090102,NA,NA,1,NA,NA,4,1,42,1,42045,"045_203",4204579000,42045400301,4443,"6:17",19,NA,NA,NA,"0:06","","","","6:33",14,5,NA,NA,NA,NA,NA,NA,NA,NA,NA,NA,NA,NA,NA,NA,NA,NA,NA,NA,NA,NA,NA,NA,NA,NA,NA,NA,NA,NA,NA,NA,4,1,42,1,42045,"045_203",4204579000,42045400500,4459,1.17,0,12.279288,1.10537,3728.397678
"315",12687,352309,1,35230901,1024.377182,3186.664682,1,NA,3.52309e+11,4,3.52309e+13,3523090104,NA,NA,1,NA,NA,2,1,42,1,42101,"101_103",4210160000,42101000500,91,"6:58",5,NA,NA,NA,"7:58","","","","14:56",14,5,NA,NA,NA,NA,NA,NA,NA,NA,NA,NA,NA,NA,NA,NA,NA,NA,NA,NA,NA,NA,NA,NA,NA,NA,NA,NA,NA,NA,NA,NA,4,1,42,1,42101,"101_103",4210160000,42101000402,76,1.17,2,5.546592,0.348847,3728.397678
"316",12688,352309,1,35230901,1024.377182,3186.664682,1,NA,3.52309e+11,5,3.52309e+13,3523090105,NA,NA,1,NA,NA,4,1,42,1,42101,"101_103",4210160000,42101000402,76,"14:58",19,NA,NA,NA,"0:08","","","","15:06",14,5,NA,NA,NA,NA,NA,NA,NA,NA,NA,NA,NA,NA,NA,NA,NA,NA,NA,NA,NA,NA,NA,NA,NA,NA,NA,NA,NA,NA,NA,NA,4,1,42,1,42045,"045_203",4204579000,42045400500,4459,1.17,15,23.869646,5.437457,3728.397678
"317",12689,352309,1,35230901,1024.377182,3186.664682,1,NA,3.52309e+11,6,3.52309e+13,3523090106,NA,NA,1,NA,NA,4,1,42,1,42045,"045_203",4204579000,42045400500,4459,"15:21",19,NA,NA,NA,"0:04","","","","15:25",14,5,NA,NA,NA,NA,NA,NA,NA,NA,NA,NA,NA,NA,NA,NA,NA,NA,NA,NA,NA,NA,NA,NA,NA,NA,NA,NA,NA,NA,NA,NA,1,1,42,1,42045,"045_203",4204579000,42045400801,4445,1.17,18,14.941881,1.416776,3728.397678
"318",12754,352637,2,35263702,345.4591821,308.5340297,2,NA,3.52637e+11,3,3.52637e+13,3526370203,NA,NA,2,1,NA,1,1,42,1,42101,"101_117",4210160000,42101024100,2407,"7:10",1,NA,NA,NA,"1:00","","","","9999",14,5,NA,NA,NA,NA,NA,NA,NA,NA,NA,NA,NA,NA,NA,NA,NA,NA,NA,NA,NA,NA,NA,NA,NA,NA,NA,NA,NA,NA,NA,NA,4,1,42,1,42091,"091_401",4209144976,42091204300,10014,1.17,NA,NA,NA,360.9848148
"319",12755,352637,2,35263702,345.4591821,308.5340297,2,NA,3.52637e+11,4,3.52637e+13,3526370204,NA,NA,2,NA,NA,4,1,42,1,42091,"091_401",4209144976,42091204300,10014,"8:30",16,NA,NA,NA,"0:00","","","","9:00",14,5,NA,NA,NA,NA,NA,NA,NA,NA,NA,NA,NA,NA,NA,NA,NA,NA,NA,NA,NA,NA,NA,NA,NA,NA,NA,NA,NA,NA,NA,NA,1,1,42,1,42101,"101_117",4210160000,42101024100,2407,1.17,35,31.740063,0.693966,360.9848148
"320",13099,354466,1,35446601,126.0309812,145.1093339,1,NA,3.54466e+11,5,3.54466e+13,3544660105,NA,NA,1,NA,NA,4,1,42,1,42101,"101_103",4210160000,42101000500,69,"9:00",19,NA,NA,NA,"0:05","","","","9:05",21,5,NA,NA,NA,NA,NA,NA,NA,NA,NA,NA,NA,NA,NA,NA,NA,NA,NA,NA,NA,NA,NA,NA,NA,NA,NA,NA,NA,NA,NA,NA,4,1,42,1,42101,"101_110",4210160000,42101980000,1034,1.12,5,11.656869,1.805731,162.522454
"321",13100,354466,1,35446601,126.0309812,145.1093339,1,NA,3.54466e+11,6,3.54466e+13,3544660106,NA,NA,1,NA,NA,4,1,42,1,42101,"101_110",4210160000,42101980000,1034,"9:10",19,NA,NA,NA,"0:05","","","","9:15",14,5,NA,NA,NA,NA,NA,NA,NA,NA,NA,NA,NA,NA,NA,NA,NA,NA,NA,NA,NA,NA,NA,NA,NA,NA,NA,NA,NA,NA,NA,NA,4,1,42,1,42101,"101_110",4210160000,42101036900,1030,1.12,2,10.248189,0.851819,162.522454
"322",13111,354466,2,35446602,126.0309812,153.4077634,1,NA,3.54466e+11,6,3.54466e+13,3544660206,NA,NA,1,NA,NA,4,1,42,1,42101,"101_103",4210160000,42101000500,69,"9:00",19,NA,NA,NA,"0:05","","","","9:05",21,5,NA,NA,NA,NA,NA,NA,NA,NA,NA,NA,NA,NA,NA,NA,NA,NA,NA,NA,NA,NA,NA,NA,NA,NA,NA,NA,NA,NA,NA,NA,4,1,42,1,42101,"101_110",4210160000,42101980000,1040,1.12,5,15.271516,1.867853,171.816695
"323",13132,354624,3,35462403,755.4895811,686.1068388,1,NA,3.54624e+11,1,3.54624e+13,3546240301,NA,NA,2,1,2,1,1,42,1,42101,"101_104",4210160000,42101032500,3011,"",1,12,14,2,"0:00","","","","8:00",14,5,NA,NA,NA,NA,NA,NA,NA,NA,NA,NA,NA,NA,NA,NA,NA,NA,NA,NA,NA,NA,NA,NA,NA,NA,NA,NA,NA,NA,NA,NA,3,6,42,1,42101,"101_104",4210160000,42101038100,3001,1.17,45,24.792815,2.591944,802.7450014
"324",13183,354885,1,35488501,92.38097643,256.1495259,1,NA,3.54885e+11,1,3.54885e+13,3548850101,NA,NA,2,2,2,1,1,42,1,42091,"091_401",4209144976,42091204500,10006,"",1,NA,NA,NA,"0:00","","","","9999",14,5,NA,NA,NA,NA,NA,NA,NA,NA,NA,NA,NA,NA,NA,NA,NA,NA,NA,NA,NA,NA,NA,NA,NA,NA,NA,NA,NA,NA,NA,NA,3,1,42,1,42101,"101_110",4210160000,42101036900,1026,1.15,NA,NA,NA,294.5719548
"325",13185,354885,1,35488501,92.38097643,256.1495259,1,NA,3.54885e+11,3,3.54885e+13,3548850103,NA,NA,2,NA,NA,4,1,42,1,42101,"101_110",4210160000,42101036900,1030,"9999",11,NA,NA,NA,"0:00","","","","9999",14,5,NA,NA,NA,NA,NA,NA,NA,NA,NA,NA,NA,NA,NA,NA,NA,NA,NA,NA,NA,NA,NA,NA,NA,NA,NA,NA,NA,NA,NA,NA,1,1,42,1,42091,"091_401",4209144976,42091204500,10006,1.15,NA,NA,NA,294.5719548
"326",13285,355448,1,35544801,246.5390777,112.2625211,1,NA,3.55448e+11,1,3.55448e+13,3554480101,NA,NA,1,1,2,1,1,42,1,42101,"101_112",4210160000,42101003701,828,"",1,NA,NA,NA,"5:00","","","","8:30",21,5,NA,NA,NA,NA,NA,NA,NA,NA,NA,NA,NA,NA,NA,NA,NA,NA,NA,NA,NA,NA,NA,NA,NA,NA,NA,NA,NA,NA,NA,NA,2,1,42,1,42101,"101_110",4210160000,42101036900,1025,1.17,35,25.276286,2.961805,131.3471497
"327",13286,355448,1,35544801,246.5390777,112.2625211,1,NA,3.55448e+11,2,3.55448e+13,3554480102,NA,NA,1,NA,NA,2,1,42,1,42101,"101_110",4210160000,42101036900,1025,"9:05",5,NA,NA,NA,"8:00","","","","17:15",21,5,NA,NA,NA,NA,NA,NA,NA,NA,NA,NA,NA,NA,NA,NA,NA,NA,NA,NA,NA,NA,NA,NA,NA,NA,NA,NA,NA,NA,NA,NA,1,1,42,1,42101,"101_112",4210160000,42101003701,828,1.17,25,32.185683,3.492957,131.3471497
"328",13288,355448,2,35544802,246.5390777,128.4232128,1,NA,3.55448e+11,1,3.55448e+13,3554480201,NA,NA,1,1,2,1,1,42,1,42101,"101_112",4210160000,42101003701,828,"",1,NA,NA,NA,"7:00","","","","10:00",21,5,NA,NA,NA,NA,NA,NA,NA,NA,NA,NA,NA,NA,NA,NA,NA,NA,NA,NA,NA,NA,NA,NA,NA,NA,NA,NA,NA,NA,NA,NA,2,1,42,1,42101,"101_103",4210160000,42101000901,40,1.17,45,22.724146,2.46671,150.255159
"329",13289,355448,2,35544802,246.5390777,128.4232128,1,NA,3.55448e+11,2,3.55448e+13,3554480202,NA,NA,1,NA,NA,2,1,42,1,42101,"101_103",4210160000,42101000901,40,"10:45",5,NA,NA,NA,"7:00","","","","18:00",21,5,NA,NA,NA,NA,NA,NA,NA,NA,NA,NA,NA,NA,NA,NA,NA,NA,NA,NA,NA,NA,NA,NA,NA,NA,NA,NA,NA,NA,NA,NA,1,1,42,1,42101,"101_112",4210160000,42101003701,828,1.17,60,22.721886,2.438574,150.255159
"330",13565,356586,1,35658601,318.6405375,103.1176435,1,NA,3.56586e+11,1,3.56586e+13,3565860101,NA,NA,2,2,2,1,1,42,1,42101,"101_110",4210160000,42101008702,1032,"",1,2,7,NA,"0:00","","","","7:45",21,5,NA,NA,NA,NA,NA,NA,NA,NA,NA,NA,NA,NA,NA,NA,NA,NA,NA,NA,NA,NA,NA,NA,NA,NA,NA,NA,NA,NA,NA,NA,4,1,42,1,42101,"101_101",4210160000,42101017400,1405,1.17,45,33.566738,6.169833,120.6476429
"331",13566,356586,1,35658601,318.6405375,103.1176435,1,NA,3.56586e+11,2,3.56586e+13,3565860102,NA,NA,2,NA,NA,4,1,42,1,42101,"101_101",4210160000,42101017400,1405,"8:30",13,NA,NA,NA,"0:00","","","","11:30",21,5,NA,NA,NA,NA,NA,NA,NA,NA,NA,NA,NA,NA,NA,NA,NA,NA,NA,NA,NA,NA,NA,NA,NA,NA,NA,NA,NA,NA,NA,NA,3,1,42,1,42101,"101_110",4210160000,42101036900,1030,1.17,45,32.205166,5.105106,120.6476429
"332",13588,356708,1,35670801,252.7305156,320.5746872,1,NA,3.56708e+11,1,3.56708e+13,3567080101,NA,NA,1,1,2,1,1,42,1,42101,"101_109",4210160000,42101016000,607,"",1,7,NA,NA,"0:00","0:30","","","8:02",21,5,NA,NA,NA,NA,NA,NA,NA,NA,NA,NA,NA,NA,NA,NA,NA,NA,NA,NA,NA,NA,NA,NA,NA,NA,NA,NA,NA,NA,NA,NA,2,1,42,3,42003,"",4200372160,42003456001,NA,1.17,26,NA,NA,375.072384
"333",13589,356708,1,35670801,252.7305156,320.5746872,1,NA,3.56708e+11,2,3.56708e+13,3567080102,NA,NA,1,NA,NA,2,1,42,3,42003,"",4200372160,42003456001,NA,"8:28",5,NA,NA,NA,"8:00","","","","17:00",21,5,NA,NA,NA,NA,NA,NA,NA,NA,NA,NA,NA,NA,NA,NA,NA,NA,NA,NA,NA,NA,NA,NA,NA,NA,NA,NA,NA,NA,NA,NA,1,1,42,1,42101,"101_109",4210160000,42101016000,607,1.17,34,NA,NA,375.072384
"334",13629,356888,1,35688801,166.9192693,146.3162721,1,NA,3.56888e+11,3,3.56888e+13,3568880103,NA,NA,2,NA,NA,4,1,42,1,42101,"101_110",4210160000,42101036900,1014,"10:06",16,NA,NA,NA,"1:30","","","","11:45",14,5,NA,NA,NA,NA,NA,NA,NA,NA,NA,NA,NA,NA,NA,NA,NA,NA,NA,NA,NA,NA,NA,NA,NA,NA,NA,NA,NA,NA,NA,NA,4,1,42,1,42101,"101_103",4210160000,42101000500,90,1.17,25,24.491364,2.569037,171.1900384
"335",13635,356888,2,35688802,166.9192693,146.3162721,1,NA,3.56888e+11,3,3.56888e+13,3568880203,NA,NA,2,NA,NA,4,1,42,1,42101,"101_110",4210160000,42101036900,1014,"10:04",16,NA,NA,NA,"1:30","","","","11:45",14,5,NA,NA,NA,NA,NA,NA,NA,NA,NA,NA,NA,NA,NA,NA,NA,NA,NA,NA,NA,NA,NA,NA,NA,NA,NA,NA,NA,NA,NA,NA,4,1,42,1,42101,"101_103",4210160000,42101000500,90,1.17,25,24.491364,2.569037,171.1900384
"336",13752,357414,2,35741402,195.3440029,78.86055791,1,NA,3.57414e+11,6,3.57414e+13,3574140206,NA,NA,1,NA,NA,4,1,42,1,42101,"101_103",4210160000,42101000100,65,"16:45",19,NA,NA,NA,"0:00","","","","16:46",21,5,NA,NA,NA,NA,NA,NA,NA,NA,NA,NA,NA,NA,NA,NA,NA,NA,NA,NA,NA,NA,NA,NA,NA,NA,NA,NA,NA,NA,NA,NA,4,1,42,1,42101,"101_103",4210160000,42101000500,71,1.12,3,7.253304,0.890994,88.32382486
"337",13807,357631,1,35763101,508.4574861,231.0531544,1,NA,3.57631e+11,2,3.57631e+13,3576310102,NA,NA,2,NA,NA,4,1,42,1,42101,"101_106",4210160000,42101011900,2209,"12:30",13,NA,NA,NA,"1:00","","","","13:30",14,5,NA,NA,NA,NA,NA,NA,NA,NA,NA,NA,NA,NA,NA,NA,NA,NA,NA,NA,NA,NA,NA,NA,NA,NA,NA,NA,NA,NA,NA,NA,4,1,42,1,42101,"101_103",4210160000,42101037600,129,1.17,75,43.085662,4.964781,270.3321906
"338",13808,357631,1,35763101,508.4574861,231.0531544,1,NA,3.57631e+11,3,3.57631e+13,3576310103,NA,NA,2,NA,NA,4,1,42,1,42101,"101_103",4210160000,42101037600,129,"14:45",6,NA,NA,NA,"7:00","","","","9999",14,5,NA,NA,NA,NA,NA,NA,NA,NA,NA,NA,NA,NA,NA,NA,NA,NA,NA,NA,NA,NA,NA,NA,NA,NA,NA,NA,NA,NA,NA,NA,1,1,42,1,42101,"101_106",4210160000,42101011100,1233,1.17,NA,NA,NA,270.3321906
"339",13864,357775,3,35777503,129.8152217,103.6732168,1,NA,3.57775e+11,1,3.57775e+13,3577750301,NA,NA,2,1,2,1,1,42,1,42101,"101_103",4210160000,42101000801,49,"",1,NA,NA,NA,"4:10","","","","7:10",14,5,NA,NA,NA,NA,NA,NA,NA,NA,NA,NA,NA,NA,NA,NA,NA,NA,NA,NA,NA,NA,NA,NA,NA,NA,NA,NA,NA,NA,NA,NA,3,6,42,1,42101,"101_103",4210160000,42101000500,91,1.15,24,13.409997,1.239621,119.2241993
"340",13910,357964,1,35796401,175.6427398,139.6164443,1,NA,3.57964e+11,1,3.57964e+13,3579640101,NA,NA,3,3,2,4,1,42,1,42091,"091_409",4209155512,42091201100,11633,"",20,NA,NA,NA,"0:00","","","","5:54",21,5,NA,NA,NA,NA,NA,NA,NA,NA,NA,NA,NA,NA,NA,NA,NA,NA,NA,NA,NA,NA,NA,NA,NA,NA,NA,NA,NA,NA,NA,NA,2,1,42,1,42101,"101_103",4210160000,42101000402,75,1.12,46,56.61263,23.048552,156.3704176
"341",13911,357964,1,35796401,175.6427398,139.6164443,1,NA,3.57964e+11,2,3.57964e+13,3579640102,NA,NA,3,NA,NA,2,1,42,1,42101,"101_103",4210160000,42101000402,75,"6:40",5,NA,NA,NA,"0:00","","","","15:30",21,5,NA,NA,NA,NA,NA,NA,NA,NA,NA,NA,NA,NA,NA,NA,NA,NA,NA,NA,NA,NA,NA,NA,NA,NA,NA,NA,NA,NA,NA,NA,4,1,42,1,42091,"091_409",4209155512,42091201100,11633,1.12,70,52.446211,23.093914,156.3704176
"342",13934,357996,2,35799602,274.1580544,109.9904919,1,NA,3.57996e+11,1,3.57996e+13,3579960201,NA,NA,1,1,2,1,1,42,1,42045,"045_206",4204533144,42045409200,5007,"",1,NA,NA,NA,"1:30","","","","7:50",21,5,NA,NA,NA,NA,NA,NA,NA,NA,NA,NA,NA,NA,NA,NA,NA,NA,NA,NA,NA,NA,NA,NA,NA,NA,NA,NA,NA,NA,NA,NA,2,1,42,1,42101,"101_103",4210160000,42101000402,95,1.12,45,46.397212,8.713556,123.1893509
"343",13935,357996,2,35799602,274.1580544,109.9904919,1,NA,3.57996e+11,2,3.57996e+13,3579960202,NA,NA,1,NA,NA,2,1,42,1,42101,"101_103",4210160000,42101000402,95,"8:35",5,NA,NA,NA,"8:40","","","","17:15",21,5,NA,NA,NA,NA,NA,NA,NA,NA,NA,NA,NA,NA,NA,NA,NA,NA,NA,NA,NA,NA,NA,NA,NA,NA,NA,NA,NA,NA,NA,NA,1,1,42,1,42045,"045_206",4204533144,42045409200,5007,1.12,55,45.621944,8.891426,123.1893509
"344",14122,358888,1,35888801,325.7135624,889.9999086,1,NA,3.58888e+11,1,3.58888e+13,3588880101,NA,NA,3,2,2,4,1,42,1,42091,"091_401",4209144976,42091205503,10001,"",16,NA,NA,NA,"2:25","","","","10:35",21,5,NA,NA,NA,NA,NA,NA,NA,NA,NA,NA,NA,NA,NA,NA,NA,NA,NA,NA,NA,NA,NA,NA,NA,NA,NA,NA,NA,NA,NA,NA,4,1,42,1,42101,"101_101",4210160000,42101020000,1415,1.17,55,61.68193,11.444159,1041.299893
"345",14123,358888,1,35888801,325.7135624,889.9999086,1,NA,3.58888e+11,2,3.58888e+13,3588880102,NA,NA,3,NA,NA,4,1,42,1,42101,"101_101",4210160000,42101020000,1415,"11:30",16,NA,NA,NA,"3:00","","","","14:30",21,5,NA,NA,NA,NA,NA,NA,NA,NA,NA,NA,NA,NA,NA,NA,NA,NA,NA,NA,NA,NA,NA,NA,NA,NA,NA,NA,NA,NA,NA,NA,4,1,42,1,42101,"101_101",4210160000,42101020300,1432,1.17,40,11.450578,0.761206,1041.299893
"346",14124,358888,1,35888801,325.7135624,889.9999086,1,NA,3.58888e+11,3,3.58888e+13,3588880103,NA,NA,3,NA,NA,4,1,42,1,42101,"101_101",4210160000,42101020300,1432,"15:10",6,NA,NA,NA,"0:00","","","","15:50",21,5,NA,NA,NA,NA,NA,NA,NA,NA,NA,NA,NA,NA,NA,NA,NA,NA,NA,NA,NA,NA,NA,NA,NA,NA,NA,NA,NA,NA,NA,NA,1,1,42,1,42101,"101_101",4210160000,42101019700,1437,1.17,40,18.600063,1.322947,1041.299893
"347",14128,358888,2,35888802,325.7135624,559.0923894,1,NA,3.58888e+11,1,3.58888e+13,3588880201,NA,NA,2,3,2,1,1,42,1,42101,"101_101",4210160000,42101019700,1437,"",1,NA,NA,NA,"0:00","","","","7:00",14,5,NA,NA,NA,NA,NA,NA,NA,NA,NA,NA,NA,NA,NA,NA,NA,NA,NA,NA,NA,NA,NA,NA,NA,NA,NA,NA,NA,NA,NA,NA,4,1,42,1,42091,"091_401",4209144976,42091205503,10001,1.17,60,74.416215,12.716451,654.1380955
"348",14129,358888,2,35888802,325.7135624,559.0923894,1,NA,3.58888e+11,2,3.58888e+13,3588880202,NA,NA,2,NA,NA,4,1,42,1,42091,"091_401",4209144976,42091205503,10001,"8:00",16,NA,NA,NA,"2:25","","","","10:35",14,5,NA,NA,NA,NA,NA,NA,NA,NA,NA,NA,NA,NA,NA,NA,NA,NA,NA,NA,NA,NA,NA,NA,NA,NA,NA,NA,NA,NA,NA,NA,4,1,42,1,42101,"101_101",4210160000,42101020000,1415,1.17,55,61.68193,11.444159,654.1380955
"349",14130,358888,2,35888802,325.7135624,559.0923894,1,NA,3.58888e+11,3,3.58888e+13,3588880203,NA,NA,2,NA,NA,4,1,42,1,42101,"101_101",4210160000,42101020000,1415,"11:30",16,NA,NA,NA,"3:00","","","","14:30",14,5,NA,NA,NA,NA,NA,NA,NA,NA,NA,NA,NA,NA,NA,NA,NA,NA,NA,NA,NA,NA,NA,NA,NA,NA,NA,NA,NA,NA,NA,NA,4,1,42,1,42101,"101_101",4210160000,42101020300,1432,1.17,40,11.450578,0.761206,654.1380955
"350",14131,358888,2,35888802,325.7135624,559.0923894,1,NA,3.58888e+11,4,3.58888e+13,3588880204,NA,NA,2,NA,NA,4,1,42,1,42101,"101_101",4210160000,42101020300,1432,"15:10",6,NA,NA,NA,"0:00","","","","15:40",14,5,NA,NA,NA,NA,NA,NA,NA,NA,NA,NA,NA,NA,NA,NA,NA,NA,NA,NA,NA,NA,NA,NA,NA,NA,NA,NA,NA,NA,NA,NA,1,1,42,1,42101,"101_101",4210160000,42101019700,1437,1.17,50,18.600063,1.322947,654.1380955
"351",14163,359302,3,35930203,624.0182826,710.4371186,1,NA,3.59302e+11,1,3.59302e+13,3593020301,NA,NA,2,1,2,1,1,42,1,42101,"101_112",4210160000,42101004102,813,"",1,11,6,9,"8:00","1:00","3:00","2:30","18:00",21,5,NA,NA,NA,NA,NA,NA,NA,NA,NA,NA,NA,NA,NA,NA,NA,NA,NA,NA,NA,NA,NA,NA,NA,NA,NA,NA,NA,NA,NA,NA,4,1,42,1,42101,"101_103",4210160000,42101000200,108,1.17,30,29.176998,2.95707,831.2114287
"352",14164,359302,3,35930203,624.0182826,710.4371186,1,NA,3.59302e+11,2,3.59302e+13,3593020302,NA,NA,2,NA,NA,4,1,42,1,42101,"101_103",4210160000,42101000200,108,"18:30",11,12,NA,NA,"2:30","4:00","","","2:15",21,5,NA,NA,NA,NA,NA,NA,NA,NA,NA,NA,NA,NA,NA,NA,NA,NA,NA,NA,NA,NA,NA,NA,NA,NA,NA,NA,NA,NA,NA,NA,1,1,42,1,42101,"101_112",4210160000,42101003001,831,1.17,30,23.107063,2.522304,831.2114287
"353",14166,359395,1,35939501,264.8909442,100.7673131,1,NA,3.59395e+11,1,3.59395e+13,3593950101,NA,NA,2,4,2,1,1,42,1,42101,"101_103",4210160000,42101000700,62,"",1,NA,NA,NA,"11:24","","","","14:24",14,5,NA,NA,NA,NA,NA,NA,NA,NA,NA,NA,NA,NA,NA,NA,NA,NA,NA,NA,NA,NA,NA,NA,NA,NA,NA,NA,NA,NA,NA,NA,4,1,42,1,42101,"101_110",4210160000,42101036900,1018,1.17,26,15.487689,1.413841,117.8977564
"354",14170,359395,1,35939501,264.8909442,100.7673131,1,NA,3.59395e+11,5,3.59395e+13,3593950105,NA,NA,2,NA,NA,4,1,42,1,42101,"101_110",4210160000,42101008802,1031,"18:22",19,NA,NA,NA,"0:04","","","","18:26",14,5,NA,NA,NA,NA,NA,NA,NA,NA,NA,NA,NA,NA,NA,NA,NA,NA,NA,NA,NA,NA,NA,NA,NA,NA,NA,NA,NA,NA,NA,NA,1,1,42,1,42101,"101_103",4210160000,42101000700,62,1.17,10,17.113547,1.769859,117.8977564
"355",14226,359679,1,35967901,352.520661,131.8726875,1,NA,3.59679e+11,1,3.59679e+13,3596790101,NA,NA,2,2,2,1,1,42,1,42101,"101_112",4210160000,42101004102,807,"",1,NA,NA,NA,"3:45","","","","11:00",14,5,NA,NA,NA,NA,NA,NA,NA,NA,NA,NA,NA,NA,NA,NA,NA,NA,NA,NA,NA,NA,NA,NA,NA,NA,NA,NA,NA,NA,NA,NA,4,1,42,1,42101,"101_112",4210160000,42101037200,803,1.17,15,6.724507,0.545029,154.2910443
"356",14227,359679,1,35967901,352.520661,131.8726875,1,NA,3.59679e+11,2,3.59679e+13,3596790102,NA,NA,2,NA,NA,4,1,42,1,42101,"101_112",4210160000,42101037200,803,"11:15",8,NA,NA,NA,"1:15","","","","9999",14,5,NA,NA,NA,NA,NA,NA,NA,NA,NA,NA,NA,NA,NA,NA,NA,NA,NA,NA,NA,NA,NA,NA,NA,NA,NA,NA,NA,NA,NA,NA,4,1,42,1,42101,"101_112",4210160000,42101004102,807,1.17,NA,NA,NA,154.2910443
"357",14283,360497,2,36049702,140.0677812,127.8768106,1,NA,3.60497e+11,2,3.60497e+13,3604970202,NA,NA,1,NA,NA,4,1,42,1,42101,"101_103",4210160000,42101012500,134,"15:00",5,NA,NA,NA,"2:30","","","","17:30",14,5,NA,NA,NA,NA,NA,NA,NA,NA,NA,NA,NA,NA,NA,NA,NA,NA,NA,NA,NA,NA,NA,NA,NA,NA,NA,NA,NA,NA,NA,NA,2,1,42,1,42101,"101_103",4210160000,42101000100,87,1.12,15,18.096997,1.634286,143.2220279
"358",14284,360497,2,36049702,140.0677812,127.8768106,1,NA,3.60497e+11,3,3.60497e+13,3604970203,NA,NA,1,NA,NA,2,1,42,1,42101,"101_103",4210160000,42101000100,87,"17:45",5,NA,NA,NA,"1:30","","","","19:15",14,5,NA,NA,NA,NA,NA,NA,NA,NA,NA,NA,NA,NA,NA,NA,NA,NA,NA,NA,NA,NA,NA,NA,NA,NA,NA,NA,NA,NA,NA,NA,1,1,42,1,42101,"101_112",4210160000,42101002100,847,1.12,30,20.786151,2.611997,143.2220279
"359",14291,360551,1,36055101,386.0206682,189.3609971,1,NA,3.60551e+11,4,3.60551e+13,3605510104,NA,NA,2,NA,NA,4,1,42,1,42101,"101_111",4210160000,42101008101,1202,"15:36",19,NA,NA,NA,"0:01","","","","15:38",14,5,NA,NA,NA,NA,NA,NA,NA,NA,NA,NA,NA,NA,NA,NA,NA,NA,NA,NA,NA,NA,NA,NA,NA,NA,NA,NA,NA,NA,NA,NA,1,1,42,1,42101,"101_110",4210160000,42101006500,1002,1.17,9,14.864683,1.563563,221.5523666
"360",14295,360551,2,36055102,386.0206682,117.1287933,1,NA,3.60551e+11,1,3.60551e+13,3605510201,NA,NA,3,0,2,2,1,42,1,42101,"101_103",4210160000,42101000500,91,"",5,NA,NA,NA,"0:00","","","","6:00",14,5,NA,NA,NA,NA,NA,NA,NA,NA,NA,NA,NA,NA,NA,NA,NA,NA,NA,NA,NA,NA,NA,NA,NA,NA,NA,NA,NA,NA,NA,NA,1,1,42,1,42101,"101_110",4210160000,42101006500,1002,1.17,60,29.486761,4.559898,137.0406882
"361",14298,360551,2,36055102,386.0206682,117.1287933,3,NA,3.60551e+11,4,3.60551e+13,3605510204,NA,NA,3,0,NA,1,1,42,1,42101,"101_110",4210160000,42101006500,1002,"19:31",1,NA,NA,NA,"0:00","","","","20:30",14,5,NA,NA,NA,NA,NA,NA,NA,NA,NA,NA,NA,NA,NA,NA,NA,NA,NA,NA,NA,NA,NA,NA,NA,NA,NA,NA,NA,NA,NA,NA,2,1,42,1,42101,"101_103",4210160000,42101000500,91,1.17,90,27.363237,4.592957,137.0406882
"362",14309,360795,1,36079501,187.1299238,85.27867211,1,NA,3.60795e+11,2,3.60795e+13,3607950102,NA,NA,2,NA,NA,4,1,42,1,42101,"101_112",4210160000,42101004201,815,"10:04",19,NA,NA,NA,"0:00","","","","10:15",14,5,NA,NA,NA,NA,NA,NA,NA,NA,NA,NA,NA,NA,NA,NA,NA,NA,NA,NA,NA,NA,NA,NA,NA,NA,NA,NA,NA,NA,NA,NA,4,1,42,1,42101,"101_103",4210160000,42101000100,87,1.17,15,24.701409,2.491256,99.77604637
"363",14349,360953,3,36095303,551.228825,1264.975124,1,NA,3.60953e+11,2,3.60953e+13,3609530302,NA,NA,1,NA,NA,2,1,42,1,42101,"101_114",4210160000,42101031102,1618,"16:30",5,NA,NA,NA,"0:00","","","","0:00",14,5,NA,NA,NA,NA,NA,NA,NA,NA,NA,NA,NA,NA,NA,NA,NA,NA,NA,NA,NA,NA,NA,NA,NA,NA,NA,NA,NA,NA,NA,NA,1,1,42,1,42101,"101_104",4210160000,42101031501,3021,1.17,60,32.399653,3.389219,1480.020895
"364",14676,363158,1,36315801,318.6405375,90.56970828,1,NA,3.63158e+11,1,3.63158e+13,3631580101,NA,NA,1,3,2,1,1,42,1,42101,"101_103",4210160000,42101001202,28,"",1,NA,NA,NA,"0:00","","","","7:07",21,5,NA,NA,NA,NA,NA,NA,NA,NA,NA,NA,NA,NA,NA,NA,NA,NA,NA,NA,NA,NA,NA,NA,NA,NA,NA,NA,NA,NA,NA,NA,4,1,42,1,42101,"101_107",4210160000,42101037700,414,1.17,33,25.817629,2.891989,105.9665587
"365",14679,363158,1,36315801,318.6405375,90.56970828,1,NA,3.63158e+11,4,3.63158e+13,3631580104,NA,NA,1,NA,NA,4,1,42,1,42101,"101_107",4210160000,42101037700,414,"12:50",19,NA,NA,NA,"0:10","","","","13:00",21,5,NA,NA,NA,NA,NA,NA,NA,NA,NA,NA,NA,NA,NA,NA,NA,NA,NA,NA,NA,NA,NA,NA,NA,NA,NA,NA,NA,NA,NA,NA,1,1,42,1,42101,"101_103",4210160000,42101001202,28,1.17,25,24.550806,2.794515,105.9665587
"366",14685,363301,1,36330101,214.4895483,88.50133782,1,NA,3.63301e+11,1,3.63301e+13,3633010101,NA,NA,1,3,2,1,1,42,1,42101,"101_109",4210160000,42101016000,608,"",1,NA,NA,NA,"5:00","","","","8:30",21,5,NA,NA,NA,NA,NA,NA,NA,NA,NA,NA,NA,NA,NA,NA,NA,NA,NA,NA,NA,NA,NA,NA,NA,NA,NA,NA,NA,NA,NA,NA,4,1,42,1,42045,"045_203",4204579000,42045400500,4459,1.17,30,44.687846,9.313176,103.5465653
"367",14686,363301,1,36330101,214.4895483,88.50133782,1,NA,3.63301e+11,2,3.63301e+13,3633010102,NA,NA,1,NA,NA,4,1,42,1,42045,"045_203",4204579000,42045400500,4459,"9:00",19,NA,NA,NA,"0:30","","","","9:30",23,5,NA,NA,NA,NA,NA,NA,NA,NA,NA,NA,NA,NA,NA,NA,NA,NA,NA,NA,NA,NA,NA,NA,NA,NA,NA,NA,NA,NA,NA,NA,4,1,42,1,42045,"045_205",4204579248,42045407902,4829,1.17,30,45.224822,9.888889,103.5465653
"368",14687,363301,1,36330101,214.4895483,88.50133782,1,NA,3.63301e+11,3,3.63301e+13,3633010103,NA,NA,1,NA,NA,4,1,42,1,42045,"045_205",4204579248,42045407902,4829,"10:00",5,NA,NA,NA,"6:00","","","","16:30",23,5,NA,NA,NA,NA,NA,NA,NA,NA,NA,NA,NA,NA,NA,NA,NA,NA,NA,NA,NA,NA,NA,NA,NA,NA,NA,NA,NA,NA,NA,NA,2,1,42,1,42101,"101_109",4210160000,42101016000,608,1.17,30,72.557907,18.042141,103.5465653
"369",14688,363301,1,36330101,214.4895483,88.50133782,1,NA,3.63301e+11,4,3.63301e+13,3633010104,NA,NA,1,NA,NA,2,1,42,1,42101,"101_109",4210160000,42101016000,608,"17:00",19,NA,NA,NA,"0:10","","","","17:10",21,5,NA,NA,NA,NA,NA,NA,NA,NA,NA,NA,NA,NA,NA,NA,NA,NA,NA,NA,NA,NA,NA,NA,NA,NA,NA,NA,NA,NA,NA,NA,1,1,42,1,42101,"101_109",4210160000,42101016000,608,1.17,30,6.798726,0.185594,103.5465653
"370",14714,363488,2,36348802,410.3715128,224.181862,1,NA,3.63488e+11,5,3.63488e+13,3634880205,NA,NA,1,NA,NA,4,1,42,1,42101,"101_103",4210160000,42101000500,69,"9998",19,NA,NA,NA,"0:00","","","","9998",21,5,NA,NA,NA,NA,NA,NA,NA,NA,NA,NA,NA,NA,NA,NA,NA,NA,NA,NA,NA,NA,NA,NA,NA,NA,NA,NA,NA,NA,NA,NA,4,1,42,1,42045,"045_203",4204579000,42045400500,4459,1.17,NA,NA,NA,262.2927785
"371",14777,363701,1,36370101,85.01081176,86.76954776,1,NA,3.63701e+11,7,3.63701e+13,3637010107,NA,NA,3,NA,NA,4,1,42,1,42101,"101_103",4210160000,42101000401,85,"13:03",19,NA,NA,NA,"0:02","","","","13:05",23,5,NA,NA,NA,NA,NA,NA,NA,NA,NA,NA,NA,NA,NA,NA,NA,NA,NA,NA,NA,NA,NA,NA,NA,NA,NA,NA,NA,NA,NA,NA,4,1,42,1,42101,"101_110",4210160000,42101036900,1030,1.15,5,10.861325,1.168778,99.78497993
"372",14780,363701,1,36370101,85.01081176,86.76954776,1,NA,3.63701e+11,10,3.63701e+13,3637010110,NA,NA,3,NA,NA,4,1,42,1,42101,"101_110",4210160000,42101008802,1031,"13:48",19,NA,NA,NA,"0:01","","","","13:49",21,5,NA,NA,NA,NA,NA,NA,NA,NA,NA,NA,NA,NA,NA,NA,NA,NA,NA,NA,NA,NA,NA,NA,NA,NA,NA,NA,NA,NA,NA,NA,4,1,42,1,42101,"101_110",4210160000,42101980000,1040,1.15,2,16.851033,1.65143,99.78497993
"373",15275,365713,1,36571301,158.192898,89.96330309,2,NA,3.65713e+11,6,3.65713e+13,3657130106,NA,NA,2,NA,NA,4,1,42,1,42101,"101_103",4210160000,42101001002,10,"18:25",11,12,NA,NA,"0:00","","","","21:15",14,5,NA,NA,NA,NA,NA,NA,NA,NA,NA,NA,NA,NA,NA,NA,NA,NA,NA,NA,NA,NA,NA,NA,NA,NA,NA,NA,NA,NA,NA,NA,1,1,42,1,42101,"101_103",4210160000,42101001002,11,1.17,45,3.35,0.176469,105.2570646
"374",15283,365713,2,36571302,158.192898,96.4352758,2,NA,3.65713e+11,7,3.65713e+13,3657130207,NA,NA,2,NA,NA,4,1,42,1,42101,"101_103",4210160000,42101001500,6,"18:30",11,NA,NA,NA,"2:00","","","","21:30",14,5,NA,NA,NA,NA,NA,NA,NA,NA,NA,NA,NA,NA,NA,NA,NA,NA,NA,NA,NA,NA,NA,NA,NA,NA,NA,NA,NA,NA,NA,NA,1,1,42,1,42101,"101_103",4210160000,42101001002,11,1.17,30,10.819844,0.75468,112.8292727
"375",15381,366117,1,36611701,340.3264668,91.98441287,1,NA,3.66117e+11,3,3.66117e+13,3661170103,NA,NA,1,NA,NA,4,1,42,1,42101,"101_103",4210160000,42101000500,71,"8:35",19,NA,NA,NA,"0:00","","","","8:36",21,5,NA,NA,NA,NA,NA,NA,NA,NA,NA,NA,NA,NA,NA,NA,NA,NA,NA,NA,NA,NA,NA,NA,NA,NA,NA,NA,NA,NA,NA,NA,4,1,42,1,42045,"045_203",4204579000,42045400500,4459,1.17,15,25.090802,5.803486,107.6217631
"376",15424,366376,1,36637601,219.9221517,606.0502349,1,NA,3.66376e+11,2,3.66376e+13,3663760102,NA,NA,1,NA,NA,4,1,42,1,42101,"101_103",4210160000,42101013300,137,"9998",5,NA,NA,NA,"7:30","","","","9998",14,5,NA,NA,NA,NA,NA,NA,NA,NA,NA,NA,NA,NA,NA,NA,NA,NA,NA,NA,NA,NA,NA,NA,NA,NA,NA,NA,NA,NA,NA,NA,4,1,42,1,42091,"091_401",4209144976,42091204300,10005,1.17,NA,NA,NA,709.0787748
"377",15425,366376,1,36637601,219.9221517,606.0502349,1,NA,3.66376e+11,3,3.66376e+13,3663760103,NA,NA,1,NA,NA,4,1,42,1,42091,"091_401",4209144976,42091204300,10005,"9998",9,NA,NA,NA,"0:00","","","","9998",14,5,NA,NA,NA,NA,NA,NA,NA,NA,NA,NA,NA,NA,NA,NA,NA,NA,NA,NA,NA,NA,NA,NA,NA,NA,NA,NA,NA,NA,NA,NA,1,1,42,1,42101,"101_106",4210160000,42101011900,2206,1.17,NA,NA,NA,709.0787748
"378",15466,366527,1,36652701,275.349395,127.4535814,1,NA,3.66527e+11,1,3.66527e+13,3665270101,NA,NA,1,1,2,1,1,42,1,42101,"101_103",4210160000,42101012500,136,"",1,NA,NA,NA,"0:00","","","","8:10",14,5,NA,NA,NA,NA,NA,NA,NA,NA,NA,NA,NA,NA,NA,NA,NA,NA,NA,NA,NA,NA,NA,NA,NA,NA,NA,NA,NA,NA,NA,NA,2,1,42,1,42101,"101_103",4210160000,42101000500,90,1.17,22,18.504987,1.340885,149.1206902
"379",15467,366527,1,36652701,275.349395,127.4535814,1,NA,3.66527e+11,2,3.66527e+13,3665270102,NA,NA,1,NA,NA,2,1,42,1,42101,"101_103",4210160000,42101000500,90,"8:32",5,NA,NA,NA,"7:30","","","","17:00",14,5,NA,NA,NA,NA,NA,NA,NA,NA,NA,NA,NA,NA,NA,NA,NA,NA,NA,NA,NA,NA,NA,NA,NA,NA,NA,NA,NA,NA,NA,NA,1,1,42,1,42101,"101_103",4210160000,42101012500,136,1.17,38,14.64784,1.305054,149.1206902
"380",15469,366527,2,36652702,275.349395,181.5857029,1,NA,3.66527e+11,1,3.66527e+13,3665270201,NA,NA,1,1,2,1,1,42,1,42101,"101_103",4210160000,42101012500,136,"",1,NA,NA,NA,"0:00","","","","5:00",14,5,NA,NA,NA,NA,NA,NA,NA,NA,NA,NA,NA,NA,NA,NA,NA,NA,NA,NA,NA,NA,NA,NA,NA,NA,NA,NA,NA,NA,NA,NA,2,1,42,1,42101,"101_116",4210160000,42101980300,3618,1.17,92,74.69437,17.076769,212.4552723
"381",15470,366527,2,36652702,275.349395,181.5857029,1,NA,3.66527e+11,2,3.66527e+13,3665270202,NA,NA,1,NA,NA,2,1,42,1,42101,"101_116",4210160000,42101980300,3618,"6:32",5,NA,NA,NA,"8:00","","","","15:30",14,5,NA,NA,NA,NA,NA,NA,NA,NA,NA,NA,NA,NA,NA,NA,NA,NA,NA,NA,NA,NA,NA,NA,NA,NA,NA,NA,NA,NA,NA,NA,1,1,42,1,42101,"101_103",4210160000,42101012500,136,1.17,110,70.435341,16.985415,212.4552723
"382",15703,367386,2,36738602,201.0406376,169.3614914,1,NA,3.67386e+11,1,3.67386e+13,3673860201,NA,NA,1,2,2,1,1,42,1,42101,"101_109",4210160000,42101016000,607,"",1,5,NA,NA,"0:00","","","","10:00",14,5,NA,NA,NA,NA,NA,NA,NA,NA,NA,NA,NA,NA,NA,NA,NA,NA,NA,NA,NA,NA,NA,NA,NA,NA,NA,NA,NA,NA,NA,NA,4,1,42,1,42101,"101_103",4210160000,42101000100,65,1.17,20,22.445479,3.222854,198.1529449
"383",15705,367386,2,36738602,201.0406376,169.3614914,1,NA,3.67386e+11,3,3.67386e+13,3673860203,NA,NA,1,NA,NA,4,1,42,1,42101,"101_110",4210160000,42101009100,1037,"11:20",16,NA,NA,NA,"0:00","","","","11:40",14,5,NA,NA,NA,NA,NA,NA,NA,NA,NA,NA,NA,NA,NA,NA,NA,NA,NA,NA,NA,NA,NA,NA,NA,NA,NA,NA,NA,NA,NA,NA,1,1,42,1,42101,"101_109",4210160000,42101016000,607,1.17,20,38.58122,5.556861,198.1529449
"384",15751,367634,1,36763401,251.0757986,133.8507353,1,NA,3.67634e+11,1,3.67634e+13,3676340101,NA,NA,1,1,2,1,1,42,1,42045,"045_206",4204563264,42045409601,5046,"",1,NA,NA,NA,"0:00","","","","8:15",21,5,NA,NA,NA,NA,NA,NA,NA,NA,NA,NA,NA,NA,NA,NA,NA,NA,NA,NA,NA,NA,NA,NA,NA,NA,NA,NA,NA,NA,NA,NA,2,1,42,3,42027,"",4202747456,42027010700,NA,1.17,75,NA,NA,156.6053603
"385",15752,367634,1,36763401,251.0757986,133.8507353,1,NA,3.67634e+11,2,3.67634e+13,3676340102,NA,NA,1,NA,NA,2,1,42,3,42027,"",4202747456,42027010700,NA,"9:30",5,NA,NA,NA,"0:00","","","","18:00",21,5,NA,NA,NA,NA,NA,NA,NA,NA,NA,NA,NA,NA,NA,NA,NA,NA,NA,NA,NA,NA,NA,NA,NA,NA,NA,NA,NA,NA,NA,NA,1,1,42,1,42045,"045_206",4204563264,42045409601,5046,1.17,70,NA,NA,156.6053603
"386",15802,367895,3,36789503,212.6459498,752.7664895,1,NA,3.67895e+11,1,3.67895e+13,3678950301,NA,NA,2,1,2,1,1,42,1,42101,"101_112",4210160000,42101004001,819,"",1,NA,NA,NA,"0:00","","","","8:00",21,5,NA,NA,NA,NA,NA,NA,NA,NA,NA,NA,NA,NA,NA,NA,NA,NA,NA,NA,NA,NA,NA,NA,NA,NA,NA,NA,NA,NA,NA,NA,3,6,42,1,42101,"101_107",4210160000,42101037700,414,1.12,45,27.943671,4.32265,843.0984683
"387",15820,367949,1,36794901,432.8589286,77.31250438,2,NA,3.67949e+11,4,3.67949e+13,3679490104,NA,NA,1,NA,NA,4,1,42,1,42045,"045_203",4204579000,42045400500,4461,"15:05",4,NA,NA,NA,"0:00","","","","15:20",14,5,NA,NA,NA,NA,NA,NA,NA,NA,NA,NA,NA,NA,NA,NA,NA,NA,NA,NA,NA,NA,NA,NA,NA,NA,NA,NA,NA,NA,NA,NA,4,1,42,1,42101,"101_103",4210160000,42101000500,88,1.17,20,32.751294,7.059347,90.45563013
"388",15918,368193,3,36819303,1019.897822,3474.798436,1,NA,3.68193e+11,1,3.68193e+13,3681930301,NA,NA,1,1,2,1,1,42,1,42101,"101_109",4210160000,42101018800,625,"",1,NA,NA,NA,"7:00","","","","11:00",14,5,NA,NA,NA,NA,NA,NA,NA,NA,NA,NA,NA,NA,NA,NA,NA,NA,NA,NA,NA,NA,NA,NA,NA,NA,NA,NA,NA,NA,NA,NA,2,1,42,1,42101,"101_114",4210160000,42101039000,1621,1.17,30,35.51767,5.530467,4065.51417
"389",15919,368193,3,36819303,1019.897822,3474.798436,1,NA,3.68193e+11,2,3.68193e+13,3681930302,NA,NA,1,NA,NA,2,1,42,1,42101,"101_114",4210160000,42101039000,1621,"11:30",5,NA,NA,NA,"4:30","","","","16:00",14,5,NA,NA,NA,NA,NA,NA,NA,NA,NA,NA,NA,NA,NA,NA,NA,NA,NA,NA,NA,NA,NA,NA,NA,NA,NA,NA,NA,NA,NA,NA,1,1,42,1,42101,"101_109",4210160000,42101018800,625,1.17,60,35.130749,5.133442,4065.51417
"390",16156,369408,3,36940803,124.777043,155.2656772,1,NA,3.69408e+11,1,3.69408e+13,3694080301,NA,NA,2,1,2,1,1,42,1,42101,"101_108",4210160000,42101021100,3208,"",1,2,NA,NA,"0:00","","","","7:00",14,5,NA,NA,NA,NA,NA,NA,NA,NA,NA,NA,NA,NA,NA,NA,NA,NA,NA,NA,NA,NA,NA,NA,NA,NA,NA,NA,NA,NA,NA,NA,3,1,42,1,42101,"101_103",4210160000,42101000401,103,1.15,40,17.153179,7.073362,178.5555288
"391",16157,369408,3,36940803,124.777043,155.2656772,1,NA,3.69408e+11,2,3.69408e+13,3694080302,NA,NA,2,NA,NA,3,1,42,1,42101,"101_103",4210160000,42101000401,103,"7:40",14,2,3,NA,"1:00","6:35","0:45","","16:00",14,5,NA,NA,NA,NA,NA,NA,NA,NA,NA,NA,NA,NA,NA,NA,NA,NA,NA,NA,NA,NA,NA,NA,NA,NA,NA,NA,NA,NA,NA,NA,1,1,42,1,42101,"101_108",4210160000,42101021100,3208,1.15,45,14.727857,6.852238,178.5555288
"392",16244,369853,1,36985301,317.9730521,114.0394022,1,NA,3.69853e+11,1,3.69853e+13,3698530101,NA,NA,2,1,2,1,1,42,1,42101,"101_117",4210160000,42101024200,2404,"",1,NA,NA,NA,"4:00","","","","9:30",14,5,NA,NA,NA,NA,NA,NA,NA,NA,NA,NA,NA,NA,NA,NA,NA,NA,NA,NA,NA,NA,NA,NA,NA,NA,NA,NA,NA,NA,NA,NA,4,1,42,1,42101,"101_103",4210160000,42101000500,69,1.17,30,31.050788,6.468483,133.4261006
"393",16245,369853,1,36985301,317.9730521,114.0394022,1,NA,3.69853e+11,2,3.69853e+13,3698530102,NA,NA,2,NA,NA,4,1,42,1,42101,"101_103",4210160000,42101000500,69,"10:00",16,6,NA,NA,"1:45","0:15","","","12:00",14,5,NA,NA,NA,NA,NA,NA,NA,NA,NA,NA,NA,NA,NA,NA,NA,NA,NA,NA,NA,NA,NA,NA,NA,NA,NA,NA,NA,NA,NA,NA,1,1,42,1,42101,"101_117",4210160000,42101024200,2404,1.17,60,30.597312,6.233466,133.4261006
"394",16408,371290,1,37129001,153.0072485,744.8715468,1,NA,3.7129e+11,1,3.7129e+13,3712900101,NA,NA,2,4,2,1,1,42,1,42045,"045_202",4204575648,42045407600,4251,"",1,NA,NA,NA,"0:00","","","","15:40",14,5,NA,NA,NA,NA,NA,NA,NA,NA,NA,NA,NA,NA,NA,NA,NA,NA,NA,NA,NA,NA,NA,NA,NA,NA,NA,NA,NA,NA,NA,NA,4,3,42,1,42045,"045_202",4204575648,42045407801,4251,1.12,20,12.692349,0.443193,834.2561324
"395",16989,374550,1,37455001,305.7923578,159.7622168,1,NA,3.7455e+11,2,3.7455e+13,3745500102,NA,NA,2,NA,NA,4,1,42,1,42101,"101_110",4210160000,42101007700,1015,"10:05",19,NA,NA,NA,"0:15","","","","10:20",21,5,NA,NA,NA,NA,NA,NA,NA,NA,NA,NA,NA,NA,NA,NA,NA,NA,NA,NA,NA,NA,NA,NA,NA,NA,NA,NA,NA,NA,NA,NA,4,1,42,1,42101,"101_103",4210160000,42101000500,69,1.17,3,21.030085,3.392987,186.9217936
"396",17442,376983,1,37698301,271.848135,99.58873313,1,NA,3.76983e+11,2,3.76983e+13,3769830102,NA,NA,1,NA,NA,4,1,42,1,42101,"101_103",4210160000,42101000300,115,"8:30",3,NA,NA,NA,"3:00","","","","11:30",21,5,NA,NA,NA,NA,NA,NA,NA,NA,NA,NA,NA,NA,NA,NA,NA,NA,NA,NA,NA,NA,NA,NA,NA,NA,NA,NA,NA,NA,NA,NA,2,1,42,1,42101,"101_110",4210160000,42101036900,1025,1.12,45,19.099344,2.092513,111.5393811
"397",17595,377716,1,37771601,193.2614659,1111.42827,1,NA,3.77716e+11,1,3.77716e+13,3777160101,NA,NA,2,3,2,1,1,42,1,42101,"101_103",4210160000,42101013200,132,"",1,NA,NA,NA,"4:30","","","","12:40",14,5,NA,NA,NA,NA,NA,NA,NA,NA,NA,NA,NA,NA,NA,NA,NA,NA,NA,NA,NA,NA,NA,NA,NA,NA,NA,NA,NA,NA,NA,NA,4,1,42,1,42101,"101_103",4210160000,42101000700,61,1.17,35,19.55865,1.631883,1300.371076
"398",17596,377716,1,37771601,193.2614659,1111.42827,1,NA,3.77716e+11,2,3.77716e+13,3777160102,NA,NA,2,NA,NA,4,1,42,1,42101,"101_103",4210160000,42101000700,61,"13:15",19,8,NA,NA,"0:15","0:04","","","13:34",14,5,NA,NA,NA,NA,NA,NA,NA,NA,NA,NA,NA,NA,NA,NA,NA,NA,NA,NA,NA,NA,NA,NA,NA,NA,NA,NA,NA,NA,NA,NA,4,1,42,1,42101,"101_103",4210160000,42101001102,15,1.17,24,17.956833,1.232819,1300.371076
"399",17598,377716,1,37771601,193.2614659,1111.42827,1,NA,3.77716e+11,4,3.77716e+13,3777160104,NA,NA,2,NA,NA,4,1,42,1,42101,"101_103",4210160000,42101001500,6,"14:20",11,NA,NA,NA,"0:05","","","","14:25",14,5,NA,NA,NA,NA,NA,NA,NA,NA,NA,NA,NA,NA,NA,NA,NA,NA,NA,NA,NA,NA,NA,NA,NA,NA,NA,NA,NA,NA,NA,NA,1,1,42,1,42101,"101_103",4210160000,42101013200,132,1.17,32,21.381213,1.841329,1300.371076
"400",17600,377716,2,37771602,193.2614659,1169.777712,1,NA,3.77716e+11,1,3.77716e+13,3777160201,NA,NA,2,2,2,1,1,42,1,42101,"101_103",4210160000,42101013200,132,"",1,7,NA,NA,"7:30","2:00","","","12:30",14,5,NA,NA,NA,NA,NA,NA,NA,NA,NA,NA,NA,NA,NA,NA,NA,NA,NA,NA,NA,NA,NA,NA,NA,NA,NA,NA,NA,NA,NA,NA,4,1,42,1,42101,"101_103",4210160000,42101000500,71,1.17,NA,12.933255,1.159696,1368.639923
"401",17602,377716,2,37771602,193.2614659,1169.777712,1,NA,3.77716e+11,3,3.77716e+13,3777160203,NA,NA,2,NA,NA,4,1,42,1,42101,"101_103",4210160000,42101000200,108,"15:00",6,NA,NA,NA,"0:30","","","","15:30",14,5,NA,NA,NA,NA,NA,NA,NA,NA,NA,NA,NA,NA,NA,NA,NA,NA,NA,NA,NA,NA,NA,NA,NA,NA,NA,NA,NA,NA,NA,NA,1,1,42,1,42101,"101_103",4210160000,42101013200,132,1.17,30,11.553389,1.021617,1368.639923
"402",17665,377920,1,37792001,67.27115359,93.57981743,1,NA,3.7792e+11,1,3.7792e+13,3779200101,NA,NA,2,2,2,1,1,42,1,42101,"101_114",4210160000,42101031300,1620,"",1,NA,NA,NA,"7:30","","","","10:30",14,5,NA,NA,NA,NA,NA,NA,NA,NA,NA,NA,NA,NA,NA,NA,NA,NA,NA,NA,NA,NA,NA,NA,NA,NA,NA,NA,NA,NA,NA,NA,4,1,42,1,42101,"101_104",4210160000,42101031600,3014,1.13,12,12.733217,1.490885,105.7451937
"403",17755,378414,2,37841402,466.2165315,437.4487254,1,NA,3.78414e+11,3,3.78414e+13,3784140203,NA,NA,1,NA,NA,4,3,42,1,42101,"101_103",4210160000,42101000500,74,"6:19",19,NA,NA,NA,"0:00","","","","6:35",14,5,NA,NA,NA,NA,NA,NA,NA,NA,NA,NA,NA,NA,NA,NA,NA,NA,NA,NA,NA,NA,NA,NA,NA,NA,NA,NA,NA,NA,NA,NA,2,1,42,1,42091,"091_401",4209144976,42091204300,10014,1.12,24,31.82924,7.452369,489.9425724
"404",18114,380105,2,38010502,132.391286,91.19333247,1,NA,3.80105e+11,1,3.80105e+13,3801050201,NA,NA,1,4,2,1,1,42,1,42101,"101_103",4210160000,42101001002,11,"",1,NA,NA,NA,"5:45","","","","8:45",14,5,NA,NA,NA,NA,NA,NA,NA,NA,NA,NA,NA,NA,NA,NA,NA,NA,NA,NA,NA,NA,NA,NA,NA,NA,NA,NA,NA,NA,NA,NA,2,1,42,1,42101,"101_110",4210160000,42101036900,1017,1.12,30,31.484576,3.354244,102.1365324
"405",18117,380105,2,38010502,132.391286,91.19333247,1,NA,3.80105e+11,4,3.80105e+13,3801050204,NA,NA,1,NA,NA,2,1,42,1,42101,"101_110",4210160000,42101036900,1017,"14:30",5,NA,NA,NA,"3:30","","","","18:00",14,5,NA,NA,NA,NA,NA,NA,NA,NA,NA,NA,NA,NA,NA,NA,NA,NA,NA,NA,NA,NA,NA,NA,NA,NA,NA,NA,NA,NA,NA,NA,4,1,42,1,42101,"101_103",4210160000,42101001600,4,1.12,35,35.979292,3.864946,102.1365324
"406",18287,381146,2,38114602,409.2983371,177.4717151,1,NA,3.81146e+11,4,3.81146e+13,3811460204,NA,NA,1,NA,NA,4,1,42,1,42101,"101_103",4210160000,42101000600,54,"19:45",11,12,NA,NA,"0:55","1:00","","","21:40",21,5,NA,NA,NA,NA,NA,NA,NA,NA,NA,NA,NA,NA,NA,NA,NA,NA,NA,NA,NA,NA,NA,NA,NA,NA,NA,NA,NA,NA,NA,NA,1,1,42,1,42101,"101_112",4210160000,42101002702,832,1.12,43,16.265365,1.695306,198.7683209
"407",18526,381903,1,38190301,69.83199089,89.49755108,1,NA,3.81903e+11,1,3.81903e+13,3819030101,NA,NA,2,1,2,1,1,42,1,42101,"101_118",4210160000,42101031401,2802,"",1,NA,NA,NA,"0:00","","","","9999",14,5,NA,NA,NA,NA,NA,NA,NA,NA,NA,NA,NA,NA,NA,NA,NA,NA,NA,NA,NA,NA,NA,NA,NA,NA,NA,NA,NA,NA,NA,NA,4,1,42,1,42101,"101_114",4210160000,42101039000,1612,1.13,NA,NA,NA,101.1322327
"408",18527,381903,1,38190301,69.83199089,89.49755108,1,NA,3.81903e+11,2,3.81903e+13,3819030102,NA,NA,2,NA,NA,4,1,42,1,42101,"101_114",4210160000,42101039000,1612,"7:55",13,NA,NA,NA,"6:30","","","","15:00",14,5,NA,NA,NA,NA,NA,NA,NA,NA,NA,NA,NA,NA,NA,NA,NA,NA,NA,NA,NA,NA,NA,NA,NA,NA,NA,NA,NA,NA,NA,NA,1,1,42,1,42101,"101_118",4210160000,42101031401,2802,1.13,540,22.221464,2.228754,101.1322327
"409",18575,382195,2,38219502,275.349395,108.2909348,1,NA,3.82195e+11,1,3.82195e+13,3821950201,NA,NA,1,2,2,1,1,42,1,42101,"101_103",4210160000,42101001102,18,"",1,NA,NA,NA,"7:00","","","","16:38",14,5,NA,NA,NA,NA,NA,NA,NA,NA,NA,NA,NA,NA,NA,NA,NA,NA,NA,NA,NA,NA,NA,NA,NA,NA,NA,NA,NA,NA,NA,NA,2,1,42,1,42101,"101_103",4210160000,42101013500,140,1.17,39,26.725202,2.391219,126.7003937
"410",18577,382195,2,38219502,275.349395,108.2909348,1,NA,3.82195e+11,3,3.82195e+13,3821950203,NA,NA,1,NA,NA,4,1,42,1,42101,"101_103",4210160000,42101013401,139,"1:12",11,NA,NA,NA,"1:10","","","","2:25",14,5,NA,NA,NA,NA,NA,NA,NA,NA,NA,NA,NA,NA,NA,NA,NA,NA,NA,NA,NA,NA,NA,NA,NA,NA,NA,NA,NA,NA,NA,NA,1,1,42,1,42101,"101_103",4210160000,42101001102,18,1.17,31,23.92116,1.725298,126.7003937
"411",18618,382596,2,38259602,274.1580544,109.9904919,1,NA,3.82596e+11,1,3.82596e+13,3825960201,NA,NA,1,1,2,1,1,42,1,42045,"045_206",4204533144,42045409100,5011,"",1,NA,NA,NA,"4:30","","","","7:30",21,5,NA,NA,NA,NA,NA,NA,NA,NA,NA,NA,NA,NA,NA,NA,NA,NA,NA,NA,NA,NA,NA,NA,NA,NA,NA,NA,NA,NA,NA,NA,2,1,42,1,42101,"101_103",4210160000,42101000402,93,1.12,45,43.136595,8.548566,123.1893509
"412",18619,382596,2,38259602,274.1580544,109.9904919,1,NA,3.82596e+11,2,3.82596e+13,3825960202,NA,NA,1,NA,NA,2,1,42,1,42101,"101_103",4210160000,42101000402,93,"8:15",5,NA,NA,NA,"8:50","","","","17:05",21,5,NA,NA,NA,NA,NA,NA,NA,NA,NA,NA,NA,NA,NA,NA,NA,NA,NA,NA,NA,NA,NA,NA,NA,NA,NA,NA,NA,NA,NA,NA,1,1,42,1,42045,"045_206",4204533144,42045409100,5011,1.12,55,39.843902,8.705935,123.1893509
"413",18659,382830,1,38283001,409.1648356,177.4717151,2,NA,3.8283e+11,5,3.8283e+13,3828300105,NA,NA,1,NA,NA,4,1,42,1,42101,"101_114",4210160000,42101030200,1610,"8:00",18,NA,NA,NA,"0:00","","","","8:05",21,5,NA,NA,NA,NA,NA,NA,NA,NA,NA,NA,NA,NA,NA,NA,NA,NA,NA,NA,NA,NA,NA,NA,NA,NA,NA,NA,NA,NA,NA,NA,2,1,42,1,42101,"101_103",4210160000,42101000402,77,1.12,25,34.485307,8.057792,198.7683209
"414",18660,382830,1,38283001,409.1648356,177.4717151,2,NA,3.8283e+11,6,3.8283e+13,3828300106,NA,NA,1,NA,NA,2,1,42,1,42101,"101_103",4210160000,42101000402,77,"8:30",5,NA,NA,NA,"10:30","","","","19:00",14,5,NA,NA,NA,NA,NA,NA,NA,NA,NA,NA,NA,NA,NA,NA,NA,NA,NA,NA,NA,NA,NA,NA,NA,NA,NA,NA,NA,NA,NA,NA,1,1,42,1,42101,"101_104",4210160000,42101033101,3025,1.12,60,50.178886,11.21914,198.7683209
"415",18676,382830,3,38283003,409.1648356,205.658969,1,NA,3.8283e+11,2,3.8283e+13,3828300302,NA,NA,2,NA,NA,4,1,42,1,42101,"101_104",4210160000,42101031502,3026,"6:52",19,NA,NA,NA,"0:00","","","","6:57",14,5,NA,NA,NA,NA,NA,NA,NA,NA,NA,NA,NA,NA,NA,NA,NA,NA,NA,NA,NA,NA,NA,NA,NA,NA,NA,NA,NA,NA,NA,NA,3,1,42,1,42101,"101_101",4210160000,42101019800,1429,1.12,40,40.971962,6.317397,230.3380452
"416",18677,382830,3,38283003,409.1648356,205.658969,1,NA,3.8283e+11,3,3.8283e+13,3828300303,NA,NA,2,NA,NA,3,1,42,1,42101,"101_101",4210160000,42101019800,1429,"7:37",3,NA,NA,NA,"7:02","","","","14:39",14,5,NA,NA,NA,NA,NA,NA,NA,NA,NA,NA,NA,NA,NA,NA,NA,NA,NA,NA,NA,NA,NA,NA,NA,NA,NA,NA,NA,NA,NA,NA,4,1,42,1,42101,"101_114",4210160000,42101030200,1610,1.12,26,33.46788,4.895785,230.3380452
"417",18678,382830,3,38283003,409.1648356,205.658969,1,NA,3.8283e+11,4,3.8283e+13,3828300304,NA,NA,2,NA,NA,4,1,42,1,42101,"101_114",4210160000,42101030200,1610,"15:05",19,NA,NA,NA,"0:00","","","","15:15",14,5,NA,NA,NA,NA,NA,NA,NA,NA,NA,NA,NA,NA,NA,NA,NA,NA,NA,NA,NA,NA,NA,NA,NA,NA,NA,NA,NA,NA,NA,NA,1,1,42,1,42101,"101_104",4210160000,42101033101,3025,1.12,20,23.596679,2.763763,230.3380452
"418",18859,384030,1,38403001,282.3252531,154.6616617,1,NA,3.8403e+11,1,3.8403e+13,3840300101,NA,NA,2,1,2,1,1,42,1,42101,"101_111",4210160000,42101008200,1201,"",1,NA,NA,NA,"7:30","","","","10:30",14,5,NA,NA,NA,NA,NA,NA,NA,NA,NA,NA,NA,NA,NA,NA,NA,NA,NA,NA,NA,NA,NA,NA,NA,NA,NA,NA,NA,NA,NA,NA,4,1,42,1,42101,"101_111",4210160000,42101010000,1227,1.17,60,28.181371,2.364927,180.9541442
"419",18860,384030,1,38403001,282.3252531,154.6616617,1,NA,3.8403e+11,2,3.8403e+13,3840300102,NA,NA,2,NA,NA,4,1,42,1,42101,"101_111",4210160000,42101010000,1227,"11:30",10,9,NA,NA,"0:00","","","","12:00",14,5,NA,NA,NA,NA,NA,NA,NA,NA,NA,NA,NA,NA,NA,NA,NA,NA,NA,NA,NA,NA,NA,NA,NA,NA,NA,NA,NA,NA,NA,NA,1,1,42,1,42101,"101_111",4210160000,42101008200,1201,1.17,0,24.069068,2.218355,180.9541442
"420",19117,385451,1,38545101,155.282038,85.98456203,1,NA,3.85451e+11,1,3.85451e+13,3854510101,NA,NA,1,1,2,1,1,42,1,42091,"091_412",4209100156,42091201607,12217,"",1,NA,NA,NA,"5:08","","","","8:08",14,5,NA,NA,NA,NA,NA,NA,NA,NA,NA,NA,NA,NA,NA,NA,NA,NA,NA,NA,NA,NA,NA,NA,NA,NA,NA,NA,NA,NA,NA,NA,2,1,42,1,42101,"101_117",4210160000,42101025700,2436,1.17,79,51.241705,8.225743,100.6019376
"421",19162,385679,2,38567902,742.3850096,210.8423054,1,NA,3.85679e+11,1,3.85679e+13,3856790201,NA,NA,2,1,2,1,1,42,1,42101,"101_114",4210160000,42101030501,1622,"",1,NA,NA,NA,"4:00","","","","7:00",14,5,NA,NA,NA,NA,NA,NA,NA,NA,NA,NA,NA,NA,NA,NA,NA,NA,NA,NA,NA,NA,NA,NA,NA,NA,NA,NA,NA,NA,NA,NA,3,6,42,1,42101,"101_113",4210160000,42101034502,3402,1.17,35,39.094126,6.293973,246.6854973
"422",19163,385679,2,38567902,742.3850096,210.8423054,1,NA,3.85679e+11,2,3.85679e+13,3856790202,NA,NA,2,NA,NA,3,6,42,1,42101,"101_113",4210160000,42101034502,3402,"7:35",3,NA,NA,NA,"6:30","","","","14:30",14,5,NA,NA,NA,NA,NA,NA,NA,NA,NA,NA,NA,NA,NA,NA,NA,NA,NA,NA,NA,NA,NA,NA,NA,NA,NA,NA,NA,NA,NA,NA,1,1,42,1,42101,"101_114",4210160000,42101030501,1622,1.17,30,36.884532,6.297068,246.6854973
"423",19290,386352,1,38635201,142.8656295,87.11846755,3,NA,3.86352e+11,5,3.86352e+13,3863520105,NA,NA,2,1,NA,1,1,42,1,42101,"101_103",4210160000,42101000700,62,"15:10",1,NA,NA,NA,"0:00","","","","15:25",14,5,NA,NA,NA,NA,NA,NA,NA,NA,NA,NA,NA,NA,NA,NA,NA,NA,NA,NA,NA,NA,NA,NA,NA,NA,NA,NA,NA,NA,NA,NA,4,1,42,1,42101,"101_103",4210160000,42101000804,43,1.12,20,12.196044,0.876165,97.57268366
"424",19291,386352,1,38635201,142.8656295,87.11846755,3,NA,3.86352e+11,6,3.86352e+13,3863520106,NA,NA,2,NA,NA,4,1,42,1,42101,"101_103",4210160000,42101000804,43,"15:45",16,NA,NA,NA,"0:00","","","","16:15",14,5,NA,NA,NA,NA,NA,NA,NA,NA,NA,NA,NA,NA,NA,NA,NA,NA,NA,NA,NA,NA,NA,NA,NA,NA,NA,NA,NA,NA,NA,NA,1,1,42,1,42101,"101_103",4210160000,42101000700,62,1.12,20,7.948627,0.54279,97.57268366
"425",19583,387946,1,38794601,317.8695646,200.2051087,1,NA,3.87946e+11,1,3.87946e+13,3879460101,NA,NA,2,5,2,1,1,42,1,42101,"101_115",4210160000,42101027901,2624,"",1,NA,NA,NA,"0:00","","","","12:00",14,5,NA,NA,NA,NA,NA,NA,NA,NA,NA,NA,NA,NA,NA,NA,NA,NA,NA,NA,NA,NA,NA,NA,NA,NA,NA,NA,NA,NA,NA,NA,4,1,42,1,42101,"101_103",4210160000,42101000500,74,1.17,45,28.631916,7.127373,234.2399772
"426",19588,387946,1,38794601,317.8695646,200.2051087,1,NA,3.87946e+11,6,3.87946e+13,3879460106,NA,NA,2,NA,NA,4,1,42,1,42101,"101_103",4210160000,42101000500,89,"17:15",1,NA,NA,NA,"0:00","","","","18:20",14,5,NA,NA,NA,NA,NA,NA,NA,NA,NA,NA,NA,NA,NA,NA,NA,NA,NA,NA,NA,NA,NA,NA,NA,NA,NA,NA,NA,NA,NA,NA,1,1,42,1,42101,"101_115",4210160000,42101027901,2624,1.17,40,32.554327,7.371987,234.2399772
"427",19653,388110,1,38811001,269.8869014,290.7543577,1,NA,3.8811e+11,4,3.8811e+13,3881100104,NA,NA,3,NA,NA,4,1,42,1,42101,"101_101",4210160000,42101020102,1428,"16:45",14,NA,NA,NA,"1:00","","","","17:50",21,5,NA,NA,NA,NA,NA,NA,NA,NA,NA,NA,NA,NA,NA,NA,NA,NA,NA,NA,NA,NA,NA,NA,NA,NA,NA,NA,NA,NA,NA,NA,4,1,42,1,42101,"101_115",4210160000,42101028000,2603,1.17,40,17.347881,1.547714,340.1825985
"428",19918,389119,1,38911901,190.1257082,133.8077509,1,NA,3.89119e+11,3,3.89119e+13,3891190103,NA,NA,1,NA,NA,4,1,42,1,42101,"101_110",4210160000,42101980000,1040,"8:15",19,NA,NA,NA,"0:00","","","","8:30",14,5,NA,NA,NA,NA,NA,NA,NA,NA,NA,NA,NA,NA,NA,NA,NA,NA,NA,NA,NA,NA,NA,NA,NA,NA,NA,NA,NA,NA,NA,NA,2,1,42,1,42101,"101_110",4210160000,42101036900,1012,1.17,5,20.048522,2.003695,156.5550686
"429",19919,389119,1,38911901,190.1257082,133.8077509,1,NA,3.89119e+11,4,3.89119e+13,3891190104,NA,NA,1,NA,NA,2,1,42,1,42101,"101_110",4210160000,42101036900,1012,"8:35",5,NA,NA,NA,"8:00","","","","16:45",14,5,NA,NA,NA,NA,NA,NA,NA,NA,NA,NA,NA,NA,NA,NA,NA,NA,NA,NA,NA,NA,NA,NA,NA,NA,NA,NA,NA,NA,NA,NA,2,1,42,1,42101,"101_110",4210160000,42101036900,1012,1.17,20,7.672936,0.221659,156.5550686
"430",19925,389212,1,38921201,97.91940843,90.37868658,1,NA,3.89212e+11,3,3.89212e+13,3892120103,NA,NA,1,NA,NA,4,1,42,1,42101,"101_103",4210160000,42101000500,90,"6:24",19,NA,NA,NA,"0:00","","","","6:29",14,5,NA,NA,NA,NA,NA,NA,NA,NA,NA,NA,NA,NA,NA,NA,NA,NA,NA,NA,NA,NA,NA,NA,NA,NA,NA,NA,NA,NA,NA,NA,2,1,42,1,42101,"101_103",4210160000,42101001002,51,1.15,10,11.803805,1.06032,103.9354896
"431",19926,389212,1,38921201,97.91940843,90.37868658,1,NA,3.89212e+11,4,3.89212e+13,3892120104,NA,NA,1,NA,NA,2,1,42,1,42101,"101_103",4210160000,42101001002,51,"6:39",5,NA,NA,NA,"8:30","","","","15:15",21,5,NA,NA,NA,NA,NA,NA,NA,NA,NA,NA,NA,NA,NA,NA,NA,NA,NA,NA,NA,NA,NA,NA,NA,NA,NA,NA,NA,NA,NA,NA,4,1,42,1,42101,"101_103",4210160000,42101000500,90,1.15,10,12.634956,1.080515,103.9354896
"432",19980,389349,1,38934901,272.969932,78.70829343,1,NA,3.89349e+11,1,3.89349e+13,3893490101,NA,NA,2,1,2,1,1,42,1,42045,"045_203",4204579000,42045401101,4455,"",1,NA,NA,NA,"0:00","","","","8:50",21,5,NA,NA,NA,NA,NA,NA,NA,NA,NA,NA,NA,NA,NA,NA,NA,NA,NA,NA,NA,NA,NA,NA,NA,NA,NA,NA,NA,NA,NA,NA,4,1,42,1,42101,"101_110",4210160000,42101036900,1018,1.17,70,41.539176,6.324216,92.08870332
"433",19981,389349,1,38934901,272.969932,78.70829343,1,NA,3.89349e+11,2,3.89349e+13,3893490102,NA,NA,2,NA,NA,4,1,42,1,42101,"101_110",4210160000,42101036900,1018,"10:00",13,NA,NA,NA,"0:00","","","","13:30",21,5,NA,NA,NA,NA,NA,NA,NA,NA,NA,NA,NA,NA,NA,NA,NA,NA,NA,NA,NA,NA,NA,NA,NA,NA,NA,NA,NA,NA,NA,NA,1,1,42,1,42045,"045_203",4204579000,42045401101,4455,1.17,60,41.297545,6.294351,92.08870332
"434",20109,390076,2,39007602,159.8994346,393.3659689,1,NA,3.90076e+11,3,3.90076e+13,3900760203,NA,NA,1,NA,NA,4,1,42,1,42101,"101_104",4210160000,42101031600,3019,"7:45",19,NA,NA,NA,"0:00","","","","8:00",14,5,NA,NA,NA,NA,NA,NA,NA,NA,NA,NA,NA,NA,NA,NA,NA,NA,NA,NA,NA,NA,NA,NA,NA,NA,NA,NA,NA,NA,NA,NA,2,1,42,1,42101,"101_103",4210160000,42101000500,91,1.12,570,40.456281,9.316108,440.5698852
"435",20193,390497,1,39049701,167.2017771,101.0490496,1,NA,3.90497e+11,1,3.90497e+13,3904970101,NA,NA,2,2,2,1,1,42,1,42101,"101_118",4210160000,42101033400,2806,"",1,NA,NA,NA,"5:26","","","","8:26",14,5,NA,NA,NA,NA,NA,NA,NA,NA,NA,NA,NA,NA,NA,NA,NA,NA,NA,NA,NA,NA,NA,NA,NA,NA,NA,NA,NA,NA,NA,NA,4,1,42,1,42101,"101_118",4210160000,42101033400,2806,1.17,4,5.372656,0.342489,118.227388
"436",20194,390497,1,39049701,167.2017771,101.0490496,1,NA,3.90497e+11,2,3.90497e+13,3904970102,NA,NA,2,NA,NA,4,1,42,1,42101,"101_118",4210160000,42101033400,2806,"8:30",16,NA,NA,NA,"2:00","","","","11:00",14,5,NA,NA,NA,NA,NA,NA,NA,NA,NA,NA,NA,NA,NA,NA,NA,NA,NA,NA,NA,NA,NA,NA,NA,NA,NA,NA,NA,NA,NA,NA,4,1,42,1,42101,"101_113",4210160000,42101034501,3401,1.17,30,19.313766,2.064264,118.227388
"437",20195,390497,1,39049701,167.2017771,101.0490496,1,NA,3.90497e+11,3,3.90497e+13,3904970103,NA,NA,2,NA,NA,4,1,42,1,42101,"101_113",4210160000,42101034501,3401,"11:30",11,NA,NA,NA,"1:30","","","","13:00",14,5,NA,NA,NA,NA,NA,NA,NA,NA,NA,NA,NA,NA,NA,NA,NA,NA,NA,NA,NA,NA,NA,NA,NA,NA,NA,NA,NA,NA,NA,NA,1,1,42,1,42101,"101_118",4210160000,42101033400,2806,1.17,0,13.852442,1.821266,118.227388
"438",20205,390551,1,39055101,101.8948412,133.7051419,1,NA,3.90551e+11,1,3.90551e+13,3905510101,NA,NA,1,1,2,1,1,42,1,42101,"101_103",4210160000,42101001700,3,"",1,NA,NA,NA,"0:00","","","","8:30",14,5,NA,NA,NA,NA,NA,NA,NA,NA,NA,NA,NA,NA,NA,NA,NA,NA,NA,NA,NA,NA,NA,NA,NA,NA,NA,NA,NA,NA,NA,NA,2,1,42,1,42101,"101_103",4210160000,42101000402,95,1.15,NA,22.370401,2.208477,153.7609132
"439",20532,392234,1,39223401,297.5610804,282.8636802,1,NA,3.92234e+11,2,3.92234e+13,3922340102,NA,NA,1,NA,NA,4,1,42,1,42101,"101_114",4210160000,42101030200,1610,"6:55",19,NA,NA,NA,"0:00","","","","6:55",21,5,NA,NA,NA,NA,NA,NA,NA,NA,NA,NA,NA,NA,NA,NA,NA,NA,NA,NA,NA,NA,NA,NA,NA,NA,NA,NA,NA,NA,NA,NA,2,1,42,1,42101,"101_103",4210160000,42101000402,93,1.17,33,32.420313,7.965305,330.9505058
"440",20533,392234,1,39223401,297.5610804,282.8636802,1,NA,3.92234e+11,3,3.92234e+13,3922340103,NA,NA,1,NA,NA,2,1,42,1,42101,"101_103",4210160000,42101000402,93,"7:28",5,NA,NA,NA,"0:00","","","","17:32",21,5,NA,NA,NA,NA,NA,NA,NA,NA,NA,NA,NA,NA,NA,NA,NA,NA,NA,NA,NA,NA,NA,NA,NA,NA,NA,NA,NA,NA,NA,NA,4,1,42,1,42101,"101_114",4210160000,42101030200,1610,1.17,38,32.779777,7.959937,330.9505058
"441",20566,392352,1,39235201,430.8675256,433.7236936,1,NA,3.92352e+11,1,3.92352e+13,3923520101,NA,NA,2,2,2,1,1,42,1,42101,"101_112",4210160000,42101004102,813,"",1,NA,NA,NA,"8:00","","","","14:15",14,5,NA,NA,NA,NA,NA,NA,NA,NA,NA,NA,NA,NA,NA,NA,NA,NA,NA,NA,NA,NA,NA,NA,NA,NA,NA,NA,NA,NA,NA,NA,4,1,42,1,42101,"101_103",4210160000,42101001900,7,1.17,15,29.534345,2.375723,507.4567215
"442",20568,392352,1,39235201,430.8675256,433.7236936,1,NA,3.92352e+11,3,3.92352e+13,3923520103,NA,NA,2,NA,NA,4,1,42,1,42101,"101_103",4210160000,42101001900,7,"15:20",19,NA,NA,NA,"0:00","","","","15:35",14,5,NA,NA,NA,NA,NA,NA,NA,NA,NA,NA,NA,NA,NA,NA,NA,NA,NA,NA,NA,NA,NA,NA,NA,NA,NA,NA,NA,NA,NA,NA,1,1,42,1,42101,"101_112",4210160000,42101004102,813,1.17,15,21.572144,2.381775,507.4567215
"443",20571,392352,2,39235202,430.8675256,84.30299267,1,NA,3.92352e+11,2,3.92352e+13,3923520202,NA,NA,3,NA,NA,4,1,42,1,42101,"101_110",4210160000,42101006500,1009,"9998",19,NA,NA,NA,"0:00","","","","9998",14,5,NA,NA,NA,NA,NA,NA,NA,NA,NA,NA,NA,NA,NA,NA,NA,NA,NA,NA,NA,NA,NA,NA,NA,NA,NA,NA,NA,NA,NA,NA,1,1,42,1,42101,"101_112",4210160000,42101004102,813,1.17,NA,NA,NA,98.63450143
"444",20578,392352,5,39235205,430.8675256,510.1224945,1,NA,3.92352e+11,1,3.92352e+13,3923520501,NA,NA,2,2,2,1,1,42,1,42101,"101_112",4210160000,42101004102,813,"",1,NA,NA,NA,"0:00","","","","7:40",14,5,NA,NA,NA,NA,NA,NA,NA,NA,NA,NA,NA,NA,NA,NA,NA,NA,NA,NA,NA,NA,NA,NA,NA,NA,NA,NA,NA,NA,NA,NA,3,1,42,1,42101,"101_103",4210160000,42101001900,7,1.17,20,26.940069,2.333413,596.8433186
"445",20580,392352,5,39235205,430.8675256,510.1224945,1,NA,3.92352e+11,3,3.92352e+13,3923520503,NA,NA,2,NA,NA,4,1,42,1,42101,"101_103",4210160000,42101001900,7,"15:15",19,NA,NA,NA,"0:00","","","","15:30",14,5,NA,NA,NA,NA,NA,NA,NA,NA,NA,NA,NA,NA,NA,NA,NA,NA,NA,NA,NA,NA,NA,NA,NA,NA,NA,NA,NA,NA,NA,NA,1,1,42,1,42101,"101_112",4210160000,42101004102,813,1.17,510,21.572144,2.381775,596.8433186
"446",20688,392940,1,39294001,403.8795995,394.707317,1,NA,3.9294e+11,2,3.9294e+13,3929400102,NA,NA,1,NA,NA,4,1,42,1,42101,"101_111",4210160000,42101008302,1210,"9:00",19,NA,NA,NA,"0:07","","","","9:15",21,5,NA,NA,NA,NA,NA,NA,NA,NA,NA,NA,NA,NA,NA,NA,NA,NA,NA,NA,NA,NA,NA,NA,NA,NA,NA,NA,NA,NA,NA,NA,2,1,42,1,42101,"101_103",4210160000,42101000600,57,1.17,NA,24.272818,4.799563,461.8075608
"447",20690,392940,1,39294001,403.8795995,394.707317,1,NA,3.9294e+11,4,3.9294e+13,3929400104,NA,NA,1,NA,NA,4,1,42,1,42101,"101_103",4210160000,42101000402,76,"17:35",1,NA,NA,NA,"0:07","","","","17:45",21,5,NA,NA,NA,NA,NA,NA,NA,NA,NA,NA,NA,NA,NA,NA,NA,NA,NA,NA,NA,NA,NA,NA,NA,NA,NA,NA,NA,NA,NA,NA,4,1,42,1,42101,"101_111",4210160000,42101008302,1210,1.17,10,21.068062,4.458791,461.8075608
"448",20774,393152,2,39315202,159.4906584,130.7998966,1,NA,3.93152e+11,3,3.93152e+13,3931520203,NA,NA,2,NA,NA,4,1,42,1,42101,"101_110",4210160000,42101036900,1026,"16:20",6,NA,NA,NA,"0:45","","","","17:05",14,5,NA,NA,NA,NA,NA,NA,NA,NA,NA,NA,NA,NA,NA,NA,NA,NA,NA,NA,NA,NA,NA,NA,NA,NA,NA,NA,NA,NA,NA,NA,1,1,42,1,42101,"101_103",4210160000,42101001202,29,1.12,15,15.920645,1.035175,146.4958842
"449",20871,393681,1,39368101,139.1904107,134.8783096,1,NA,3.93681e+11,3,3.93681e+13,3936810103,NA,NA,1,NA,NA,4,1,42,1,42101,"101_103",4210160000,42101000500,69,"7:58",19,NA,NA,NA,"0:00","","","","8:02",21,5,NA,NA,NA,NA,NA,NA,NA,NA,NA,NA,NA,NA,NA,NA,NA,NA,NA,NA,NA,NA,NA,NA,NA,NA,NA,NA,NA,NA,NA,NA,4,1,42,1,42101,"101_110",4210160000,42101980000,1040,1.12,8,15.271516,1.867853,151.0637068
"450",20967,394185,1,39418501,114.3827195,79.52339263,2,NA,3.94185e+11,5,3.94185e+13,3941850105,NA,NA,2,NA,NA,4,1,42,1,42091,"091_413",4209161664,42091204009,12411,"13:10",19,NA,NA,NA,"0:40","","","","13:50",14,5,NA,NA,NA,NA,NA,NA,NA,NA,NA,NA,NA,NA,NA,NA,NA,NA,NA,NA,NA,NA,NA,NA,NA,NA,NA,NA,NA,NA,NA,NA,4,1,42,1,42017,"017_509",4201705616,42017100207,15618,1.17,170,56.066667,21.817585,93.04236937
"451",21197,394998,1,39499801,148.9647419,125.0257654,1,NA,3.94998e+11,2,3.94998e+13,3949980102,NA,NA,2,NA,NA,4,1,42,1,42101,"101_103",4210160000,42101001102,15,"15:45",8,NA,NA,NA,"0:45","","","","16:30",14,5,NA,NA,NA,NA,NA,NA,NA,NA,NA,NA,NA,NA,NA,NA,NA,NA,NA,NA,NA,NA,NA,NA,NA,NA,NA,NA,NA,NA,NA,NA,1,1,42,1,42101,"101_103",4210160000,42101000804,42,1.12,15,10.27426,0.639158,140.0288573
"452",21262,395416,1,39541601,345.5485017,246.176728,1,NA,3.95416e+11,2,3.95416e+13,3954160102,NA,NA,3,NA,NA,4,1,42,1,42101,"101_110",4210160000,42101980000,1040,"8:15",19,NA,NA,NA,"0:05","","","","8:20",21,5,NA,NA,NA,NA,NA,NA,NA,NA,NA,NA,NA,NA,NA,NA,NA,NA,NA,NA,NA,NA,NA,NA,NA,NA,NA,NA,NA,NA,NA,NA,4,1,42,1,42045,"045_203",4204579000,42045400500,4459,1.17,10,27.481928,4.6392,288.0267718
"453",21263,395416,1,39541601,345.5485017,246.176728,1,NA,3.95416e+11,3,3.95416e+13,3954160103,NA,NA,3,NA,NA,4,1,42,1,42045,"045_203",4204579000,42045400500,4459,"8:30",19,NA,NA,NA,"0:20","","","","8:50",23,5,NA,NA,NA,NA,NA,NA,NA,NA,NA,NA,NA,NA,NA,NA,NA,NA,NA,NA,NA,NA,NA,NA,NA,NA,NA,NA,NA,NA,NA,NA,4,1,42,1,42045,"045_203",4204579000,42045400500,4459,1.17,0,3.944068,0.232964,288.0267718
"454",21264,395416,1,39541601,345.5485017,246.176728,1,NA,3.95416e+11,4,3.95416e+13,3954160104,NA,NA,3,NA,NA,4,1,42,1,42045,"045_203",4204579000,42045400500,4459,"8:50",19,NA,NA,NA,"0:05","","","","9:10",23,5,NA,NA,NA,NA,NA,NA,NA,NA,NA,NA,NA,NA,NA,NA,NA,NA,NA,NA,NA,NA,NA,NA,NA,NA,NA,NA,NA,NA,NA,NA,4,4,42,1,42045,"045_203",4204579000,42045401000,4446,1.17,15,17.129311,2.551803,288.0267718
"455",21514,396689,1,39668901,933.5652095,365.3803201,1,NA,3.96689e+11,2,3.96689e+13,3966890102,NA,NA,1,NA,NA,2,1,42,1,42101,"101_109",4210160000,42101018300,624,"6:00",5,NA,NA,NA,"0:00","","","","9:00",14,5,NA,NA,NA,NA,NA,NA,NA,NA,NA,NA,NA,NA,NA,NA,NA,NA,NA,NA,NA,NA,NA,NA,NA,NA,NA,NA,NA,NA,NA,NA,1,1,42,1,42101,"101_111",4210160000,42101008101,1203,1.17,60,64.095456,13.35665,427.4949746
"456",21515,396689,1,39668901,933.5652095,365.3803201,2,NA,3.96689e+11,3,3.96689e+13,3966890103,NA,NA,1,1,NA,1,1,42,1,42101,"101_111",4210160000,42101008101,1203,"10:00",1,NA,NA,NA,"0:00","","","","13:15",14,5,NA,NA,NA,NA,NA,NA,NA,NA,NA,NA,NA,NA,NA,NA,NA,NA,NA,NA,NA,NA,NA,NA,NA,NA,NA,NA,NA,NA,NA,NA,2,1,42,1,42101,"101_109",4210160000,42101018300,624,1.17,75,68.306777,13.642814,427.4949746
"457",21516,396689,1,39668901,933.5652095,365.3803201,2,NA,3.96689e+11,4,3.96689e+13,3966890104,NA,NA,1,NA,NA,2,1,42,1,42101,"101_109",4210160000,42101018300,624,"14:30",5,NA,NA,NA,"0:00","","","","16:30",14,5,NA,NA,NA,NA,NA,NA,NA,NA,NA,NA,NA,NA,NA,NA,NA,NA,NA,NA,NA,NA,NA,NA,NA,NA,NA,NA,NA,NA,NA,NA,1,1,42,1,42101,"101_111",4210160000,42101008101,1203,1.17,120,64.071138,13.595053,427.4949746
"458",21833,397871,1,39787101,1019.897822,645.7290726,1,NA,3.97871e+11,1,3.97871e+13,3978710101,NA,NA,3,0,2,2,1,42,1,42101,"101_101",4210160000,42101019000,1423,"",14,NA,NA,NA,"0:00","","","","3:15",14,5,NA,NA,NA,NA,NA,NA,NA,NA,NA,NA,NA,NA,NA,NA,NA,NA,NA,NA,NA,NA,NA,NA,NA,NA,NA,NA,NA,NA,NA,NA,1,1,42,1,42101,"101_101",4210160000,42101017601,1401,1.17,285,20.310738,2.509712,755.5030149
"459",21837,397871,3,39787103,1019.897822,3474.798436,1,NA,3.97871e+11,1,3.97871e+13,3978710301,NA,NA,2,1,2,1,1,42,1,42101,"101_101",4210160000,42101017601,1401,"",1,NA,NA,NA,"0:00","","","","7:20",14,5,NA,NA,NA,NA,NA,NA,NA,NA,NA,NA,NA,NA,NA,NA,NA,NA,NA,NA,NA,NA,NA,NA,NA,NA,NA,NA,NA,NA,NA,NA,3,6,42,1,42101,"101_101",4210160000,42101038300,1431,1.17,10,17.436568,1.538567,4065.51417
"460",21838,397871,3,39787103,1019.897822,3474.798436,1,NA,3.97871e+11,2,3.97871e+13,3978710302,NA,NA,2,NA,NA,3,6,42,1,42101,"101_101",4210160000,42101038300,1431,"7:30",2,NA,NA,NA,"0:00","","","","14:45",14,5,NA,NA,NA,NA,NA,NA,NA,NA,NA,NA,NA,NA,NA,NA,NA,NA,NA,NA,NA,NA,NA,NA,NA,NA,NA,NA,NA,NA,NA,NA,1,1,42,1,42101,"101_101",4210160000,42101017601,1401,1.17,45,17.912922,1.654612,4065.51417
"461",22065,399830,1,39983001,369.0836306,227.7763884,1,NA,3.9983e+11,1,3.9983e+13,3998300101,NA,NA,1,1,2,1,1,42,1,42101,"101_103",4210160000,42101000402,97,"",1,NA,NA,NA,"3:00","","","","9:45",14,5,NA,NA,NA,NA,NA,NA,NA,NA,NA,NA,NA,NA,NA,NA,NA,NA,NA,NA,NA,NA,NA,NA,NA,NA,NA,NA,NA,NA,NA,NA,2,1,42,1,42101,"101_103",4210160000,42101000402,76,1.17,15,5.708835,0.43191,266.4983744
"462",22069,399856,1,39985601,401.2987738,113.3319046,1,NA,3.99856e+11,1,3.99856e+13,3998560101,NA,NA,1,1,2,1,1,42,1,42101,"101_103",4210160000,42101001201,30,"",1,NA,NA,NA,"4:55","","","","8:00",14,5,NA,NA,NA,NA,NA,NA,NA,NA,NA,NA,NA,NA,NA,NA,NA,NA,NA,NA,NA,NA,NA,NA,NA,NA,NA,NA,NA,NA,NA,NA,2,1,42,1,42101,"101_108",4210160000,42101021400,3209,1.17,47,29.961394,8.02819,132.5983284
"463",22250,400489,3,40048903,321.1171779,73.81519135,2,NA,4.00489e+11,7,4.00489e+13,4004890307,NA,NA,3,NA,NA,4,1,42,1,42045,"045_203",4204579000,42045400700,4451,"19:00",19,NA,NA,NA,"0:00","","","","19:01",21,5,NA,NA,NA,NA,NA,NA,NA,NA,NA,NA,NA,NA,NA,NA,NA,NA,NA,NA,NA,NA,NA,NA,NA,NA,NA,NA,NA,NA,NA,NA,4,1,42,1,42045,"045_203",4204579000,42045400500,4459,1.12,29,12.463426,1.149512,82.67301432
"464",22251,400489,3,40048903,321.1171779,73.81519135,2,NA,4.00489e+11,8,4.00489e+13,4004890308,NA,NA,3,NA,NA,4,1,42,1,42045,"045_203",4204579000,42045400500,4459,"19:30",19,NA,NA,NA,"0:00","","","","19:40",14,5,NA,NA,NA,NA,NA,NA,NA,NA,NA,NA,NA,NA,NA,NA,NA,NA,NA,NA,NA,NA,NA,NA,NA,NA,NA,NA,NA,NA,NA,NA,2,1,42,1,42045,"045_203",4204579000,42045400700,4451,1.12,20,12.870081,1.254898,82.67301432
"465",22267,400513,1,40051301,422.9128024,157.6664028,2,NA,4.00513e+11,3,4.00513e+13,4005130103,NA,NA,2,1,NA,1,1,42,1,42101,"101_107",4210160000,42101013900,404,"13:30",1,15,NA,NA,"1:00","2:30","","","17:30",14,5,NA,NA,NA,NA,NA,NA,NA,NA,NA,NA,NA,NA,NA,NA,NA,NA,NA,NA,NA,NA,NA,NA,NA,NA,NA,NA,NA,NA,NA,NA,4,1,42,1,42101,"101_112",4210160000,42101003800,814,1.17,40,40.342011,4.549334,184.4696912
"466",22268,400513,1,40051301,422.9128024,157.6664028,2,NA,4.00513e+11,4,4.00513e+13,4005130104,NA,NA,2,NA,NA,4,1,42,1,42101,"101_112",4210160000,42101003800,814,"18:10",12,NA,NA,NA,"3:30","","","","21:40",14,5,NA,NA,NA,NA,NA,NA,NA,NA,NA,NA,NA,NA,NA,NA,NA,NA,NA,NA,NA,NA,NA,NA,NA,NA,NA,NA,NA,NA,NA,NA,1,1,42,1,42101,"101_107",4210160000,42101013900,404,1.17,15,38.922496,5.145129,184.4696912
"467",22460,401369,1,40136901,152.9869213,212.6587582,1,NA,4.01369e+11,3,4.01369e+13,4013690103,NA,NA,1,NA,NA,4,1,42,1,42101,"101_110",4210160000,42101980000,1040,"8:38",19,NA,NA,NA,"0:00","","","","8:40",14,5,NA,NA,NA,NA,NA,NA,NA,NA,NA,NA,NA,NA,NA,NA,NA,NA,NA,NA,NA,NA,NA,NA,NA,NA,NA,NA,NA,NA,NA,NA,4,1,42,1,42101,"101_110",4210160000,42101980000,1040,1.15,1,4.598742,0.235787,244.5575719
"468",22463,401369,1,40136901,152.9869213,212.6587582,1,NA,4.01369e+11,6,4.01369e+13,4013690106,NA,NA,1,NA,NA,4,1,42,1,42101,"101_110",4210160000,42101009000,1036,"16:00",19,NA,NA,NA,"0:01","","","","16:01",21,5,NA,NA,NA,NA,NA,NA,NA,NA,NA,NA,NA,NA,NA,NA,NA,NA,NA,NA,NA,NA,NA,NA,NA,NA,NA,NA,NA,NA,NA,NA,4,1,42,1,42101,"101_110",4210160000,42101980000,1040,1.15,4,13.234685,0.84064,244.5575719
"469",22498,401407,1,40140701,73.65229731,87.09393748,1,1,4.01407e+11,2,4.01407e+13,4014070102,NA,NA,1,NA,NA,2,1,42,1,42101,"101_110",4210160000,42101036900,1025,"6:20",5,NA,NA,NA,"2:00","","","","8:30",23,5,NA,NA,NA,NA,NA,NA,NA,NA,NA,NA,NA,NA,NA,NA,NA,NA,NA,NA,NA,NA,NA,NA,NA,NA,NA,NA,NA,NA,NA,NA,4,1,42,1,42101,"101_103",4210160000,42101000700,59,1.15,20,16.757036,1.891351,100.1580281
"470",22500,401407,1,40140701,73.65229731,87.09393748,1,1,4.01407e+11,4,4.01407e+13,4014070104,NA,NA,1,NA,NA,4,1,42,1,42101,"101_103",4210160000,42101000402,76,"10:35",8,NA,NA,NA,"0:00","","","","10:45",23,5,NA,NA,NA,NA,NA,NA,NA,NA,NA,NA,NA,NA,NA,NA,NA,NA,NA,NA,NA,NA,NA,NA,NA,NA,NA,NA,NA,NA,NA,NA,2,1,42,1,42101,"101_110",4210160000,42101036900,1025,1.15,20,12.760011,1.809482,100.1580281
"471",22802,402813,1,40281301,172.1268987,99.58873313,1,NA,4.02813e+11,2,4.02813e+13,4028130102,NA,NA,1,NA,NA,4,1,42,1,42101,"101_103",4210160000,42101000402,92,"8:37",11,19,NA,NA,"0:00","","","","8:50",14,5,NA,NA,NA,NA,NA,NA,NA,NA,NA,NA,NA,NA,NA,NA,NA,NA,NA,NA,NA,NA,NA,NA,NA,NA,NA,NA,NA,NA,NA,NA,2,1,42,1,42045,"045_206",4204563264,42045409701,5055,1.12,39,34.211491,13.34111,111.5393811
"472",22803,402813,1,40281301,172.1268987,99.58873313,1,NA,4.02813e+11,3,4.02813e+13,4028130103,NA,NA,1,NA,NA,2,1,42,1,42045,"045_206",4204563264,42045409701,5055,"9:29",5,NA,NA,NA,"7:40","","","","17:11",14,5,NA,NA,NA,NA,NA,NA,NA,NA,NA,NA,NA,NA,NA,NA,NA,NA,NA,NA,NA,NA,NA,NA,NA,NA,NA,NA,NA,NA,NA,NA,2,1,42,1,42045,"045_206",4204563264,42045409701,5055,1.12,43,5.685182,0.479229,111.5393811
"473",22927,403262,1,40326201,246.5390777,113.7275455,1,NA,4.03262e+11,2,4.03262e+13,4032620102,NA,NA,1,NA,NA,4,1,42,1,42101,"101_112",4210160000,42101004001,819,"8:04",19,NA,NA,NA,"0:00","","","","8:09",21,5,NA,NA,NA,NA,NA,NA,NA,NA,NA,NA,NA,NA,NA,NA,NA,NA,NA,NA,NA,NA,NA,NA,NA,NA,NA,NA,NA,NA,NA,NA,4,1,42,1,42101,"101_107",4210160000,42101014700,411,1.17,21,25.324189,4.271911,133.0612283
"474",22930,403262,1,40326201,246.5390777,113.7275455,1,NA,4.03262e+11,5,4.03262e+13,4032620105,NA,NA,1,NA,NA,4,1,42,1,42101,"101_107",4210160000,42101014700,411,"17:12",19,NA,NA,NA,"0:00","","","","17:17",21,5,NA,NA,NA,NA,NA,NA,NA,NA,NA,NA,NA,NA,NA,NA,NA,NA,NA,NA,NA,NA,NA,NA,NA,NA,NA,NA,NA,NA,NA,NA,4,1,42,1,42101,"101_112",4210160000,42101004001,819,1.17,30,26.074297,4.272781,133.0612283
"475",22934,403262,2,40326202,246.5390777,107.3817831,1,NA,4.03262e+11,2,4.03262e+13,4032620202,NA,NA,1,NA,NA,4,1,42,1,42101,"101_112",4210160000,42101004001,819,"7:06",19,NA,NA,NA,"0:02","","","","7:09",21,5,NA,NA,NA,NA,NA,NA,NA,NA,NA,NA,NA,NA,NA,NA,NA,NA,NA,NA,NA,NA,NA,NA,NA,NA,NA,NA,NA,NA,NA,NA,4,1,42,1,42101,"101_103",4210160000,42101000402,76,1.17,8,14.949555,2.293218,125.6366862
"476",22935,403262,2,40326202,246.5390777,107.3817831,1,NA,4.03262e+11,3,4.03262e+13,4032620203,NA,NA,1,NA,NA,4,1,42,1,42101,"101_103",4210160000,42101000402,76,"7:17",19,NA,NA,NA,"0:01","","","","7:18",21,5,NA,NA,NA,NA,NA,NA,NA,NA,NA,NA,NA,NA,NA,NA,NA,NA,NA,NA,NA,NA,NA,NA,NA,NA,NA,NA,NA,NA,NA,NA,4,1,42,1,42101,"101_103",4210160000,42101000100,65,1.17,6,9.335163,1.273915,125.6366862
"477",22938,403262,2,40326202,246.5390777,107.3817831,1,NA,4.03262e+11,6,4.03262e+13,4032620206,NA,NA,1,NA,NA,4,1,42,1,42101,"101_103",4210160000,42101000100,65,"16:13",19,NA,NA,NA,"0:02","","","","16:15",21,5,NA,NA,NA,NA,NA,NA,NA,NA,NA,NA,NA,NA,NA,NA,NA,NA,NA,NA,NA,NA,NA,NA,NA,NA,NA,NA,NA,NA,NA,NA,4,1,42,1,42101,"101_103",4210160000,42101000402,76,1.17,5,9.688468,1.273202,125.6366862
"478",22939,403262,2,40326202,246.5390777,107.3817831,1,NA,4.03262e+11,7,4.03262e+13,4032620207,NA,NA,1,NA,NA,4,1,42,1,42101,"101_103",4210160000,42101000402,76,"16:20",19,NA,NA,NA,"0:06","","","","16:28",21,5,NA,NA,NA,NA,NA,NA,NA,NA,NA,NA,NA,NA,NA,NA,NA,NA,NA,NA,NA,NA,NA,NA,NA,NA,NA,NA,NA,NA,NA,NA,4,1,42,1,42101,"101_112",4210160000,42101004001,819,1.17,7,15.773465,2.296531,125.6366862
"479",23005,403905,1,40390501,96.56816881,86.51540869,1,NA,4.03905e+11,1,4.03905e+13,4039050101,NA,NA,1,6,2,1,1,42,1,42101,"101_103",4210160000,42101000700,61,"",1,NA,NA,NA,"5:00","","","","8:00",14,5,NA,NA,NA,NA,NA,NA,NA,NA,NA,NA,NA,NA,NA,NA,NA,NA,NA,NA,NA,NA,NA,NA,NA,NA,NA,NA,NA,NA,NA,NA,4,1,42,1,42101,"101_110",4210160000,42101008801,1028,1.15,15,13.385106,1.597056,99.49271999
"480",23011,403905,1,40390501,96.56816881,86.51540869,1,NA,4.03905e+11,7,4.03905e+13,4039050107,NA,NA,1,NA,NA,2,1,42,1,42101,"101_110",4210160000,42101036900,1030,"13:30",5,NA,NA,NA,"5:00","","","","18:30",14,5,NA,NA,NA,NA,NA,NA,NA,NA,NA,NA,NA,NA,NA,NA,NA,NA,NA,NA,NA,NA,NA,NA,NA,NA,NA,NA,NA,NA,NA,NA,1,1,42,1,42101,"101_103",4210160000,42101000700,61,1.15,20,14.844575,1.510132,99.49271999
"481",23185,404621,1,40462101,689.0697941,365.3803201,1,NA,4.04621e+11,1,4.04621e+13,4046210101,NA,NA,3,1,2,1,1,42,1,42101,"101_118",4210160000,42101031402,2801,"",1,NA,NA,NA,"4:05","","","","7:30",14,5,NA,NA,NA,NA,NA,NA,NA,NA,NA,NA,NA,NA,NA,NA,NA,NA,NA,NA,NA,NA,NA,NA,NA,NA,NA,NA,NA,NA,NA,NA,3,1,42,1,42101,"101_118",4210160000,42101033500,2807,1.17,NA,16.952245,1.126596,427.4949746
"482",23190,404621,4,40462104,689.0697941,415.7774924,1,NA,4.04621e+11,1,4.04621e+13,4046210401,NA,NA,2,2,2,1,1,42,1,42101,"101_118",4210160000,42101031402,2801,"",1,NA,NA,NA,"3:10","","","","7:00",14,5,NA,NA,NA,NA,NA,NA,NA,NA,NA,NA,NA,NA,NA,NA,NA,NA,NA,NA,NA,NA,NA,NA,NA,NA,NA,NA,NA,NA,NA,NA,3,1,42,1,42101,"101_103",4210160000,42101012500,135,1.17,72,49.616616,9.721556,486.4596661
"483",23191,404621,4,40462104,689.0697941,415.7774924,1,NA,4.04621e+11,2,4.04621e+13,4046210402,NA,NA,2,NA,NA,3,1,42,1,42101,"101_103",4210160000,42101012500,135,"8:12",2,3,NA,NA,"0:00","6:30","","","9999",14,5,NA,NA,NA,NA,NA,NA,NA,NA,NA,NA,NA,NA,NA,NA,NA,NA,NA,NA,NA,NA,NA,NA,NA,NA,NA,NA,NA,NA,NA,NA,4,3,42,1,42101,"101_103",4210160000,42101000902,39,1.17,NA,NA,NA,486.4596661
"484",23192,404621,4,40462104,689.0697941,415.7774924,1,NA,4.04621e+11,3,4.04621e+13,4046210403,NA,NA,2,NA,NA,4,3,42,1,42101,"101_103",4210160000,42101000902,39,"9999",11,9,NA,NA,"0:00","","","","9999",14,5,NA,NA,NA,NA,NA,NA,NA,NA,NA,NA,NA,NA,NA,NA,NA,NA,NA,NA,NA,NA,NA,NA,NA,NA,NA,NA,NA,NA,NA,NA,1,1,42,1,42101,"101_118",4210160000,42101031402,2801,1.17,NA,NA,NA,486.4596661
"485",23232,404849,1,40484901,115.0018813,87.51767714,1,NA,4.04849e+11,2,4.04849e+13,4048490102,NA,NA,2,NA,NA,4,1,42,1,42101,"101_103",4210160000,42101000801,50,"9999",14,NA,NA,NA,"0:00","","","","10:40",14,5,NA,NA,NA,NA,NA,NA,NA,NA,NA,NA,NA,NA,NA,NA,NA,NA,NA,NA,NA,NA,NA,NA,NA,NA,NA,NA,NA,NA,NA,NA,4,1,42,1,42101,"101_110",4210160000,42101007101,1005,1.12,80,26.016503,3.029306,98.0197984
"486",23233,404849,1,40484901,115.0018813,87.51767714,1,NA,4.04849e+11,3,4.04849e+13,4048490103,NA,NA,2,NA,NA,4,1,42,1,42101,"101_110",4210160000,42101007101,1005,"12:00",8,NA,NA,NA,"0:00","","","","12:30",14,5,NA,NA,NA,NA,NA,NA,NA,NA,NA,NA,NA,NA,NA,NA,NA,NA,NA,NA,NA,NA,NA,NA,NA,NA,NA,NA,NA,NA,NA,NA,1,1,42,1,42101,"101_103",4210160000,42101001201,31,1.12,20,28.987227,3.168891,98.0197984
"487",23234,404849,1,40484901,115.0018813,87.51767714,2,NA,4.04849e+11,4,4.04849e+13,4048490104,NA,NA,2,2,NA,1,1,42,1,42101,"101_103",4210160000,42101001201,31,"12:50",1,NA,NA,NA,"0:00","","","","15:45",14,5,NA,NA,NA,NA,NA,NA,NA,NA,NA,NA,NA,NA,NA,NA,NA,NA,NA,NA,NA,NA,NA,NA,NA,NA,NA,NA,NA,NA,NA,NA,4,1,42,1,42101,"101_103",4210160000,42101001102,15,1.12,30,18.701376,1.756431,98.0197984
"488",23235,404849,1,40484901,115.0018813,87.51767714,2,NA,4.04849e+11,5,4.04849e+13,4048490105,NA,NA,2,NA,NA,4,1,42,1,42101,"101_103",4210160000,42101001102,15,"16:15",8,NA,NA,NA,"0:00","","","","16:45",14,5,NA,NA,NA,NA,NA,NA,NA,NA,NA,NA,NA,NA,NA,NA,NA,NA,NA,NA,NA,NA,NA,NA,NA,NA,NA,NA,NA,NA,NA,NA,4,1,42,1,42101,"101_103",4210160000,42101001201,30,1.12,30,12.99817,1.316698,98.0197984
"489",23241,404849,2,40484902,115.0018813,95.17596962,2,NA,4.04849e+11,4,4.04849e+13,4048490204,NA,NA,2,NA,NA,4,1,42,1,42101,"101_103",4210160000,42101001201,30,"15:55",19,NA,NA,NA,"0:00","","","","15:58",14,5,NA,NA,NA,NA,NA,NA,NA,NA,NA,NA,NA,NA,NA,NA,NA,NA,NA,NA,NA,NA,NA,NA,NA,NA,NA,NA,NA,NA,NA,NA,4,1,42,1,42101,"101_103",4210160000,42101000901,41,1.12,NA,11.637686,0.968182,106.597086
"490",23422,405648,1,40564801,345.5485017,211.2666896,1,NA,4.05648e+11,3,4.05648e+13,4056480103,NA,NA,1,NA,NA,4,1,42,1,42101,"101_103",4210160000,42101000901,40,"19:45",11,12,NA,NA,"1:00","","","","20:50",14,5,NA,NA,NA,NA,NA,NA,NA,NA,NA,NA,NA,NA,NA,NA,NA,NA,NA,NA,NA,NA,NA,NA,NA,NA,NA,NA,NA,NA,NA,NA,1,1,42,1,42101,"101_103",4210160000,42101000801,50,1.17,25,13.871435,1.191957,247.1820269
"491",23451,406105,1,40610501,58.23014861,103.822468,1,1,4.06105e+11,2,4.06105e+13,4061050102,NA,NA,1,NA,NA,2,1,42,1,42101,"101_107",4210160000,42101037700,414,"9:16",5,NA,NA,NA,"3:13","","","","12:29",21,5,NA,NA,NA,NA,NA,NA,NA,NA,NA,NA,NA,NA,NA,NA,NA,NA,NA,NA,NA,NA,NA,NA,NA,NA,NA,NA,NA,NA,NA,NA,4,1,42,1,42101,"101_101",4210160000,42101020000,1415,1.15,16,16.378346,1.811394,119.3958382
"492",23452,406105,1,40610501,58.23014861,103.822468,1,1,4.06105e+11,3,4.06105e+13,4061050103,NA,NA,1,NA,NA,4,1,42,1,42101,"101_101",4210160000,42101020000,1415,"12:45",16,NA,NA,NA,"1:41","","","","14:26",21,5,NA,NA,NA,NA,NA,NA,NA,NA,NA,NA,NA,NA,NA,NA,NA,NA,NA,NA,NA,NA,NA,NA,NA,NA,NA,NA,NA,NA,NA,NA,2,1,42,1,42101,"101_107",4210160000,42101037700,414,1.15,22,16.154286,1.85389,119.3958382
"493",23522,406347,1,40634701,92.98155407,86.45345935,4,NA,4.06347e+11,5,4.06347e+13,4063470105,NA,NA,2,2,NA,1,1,42,1,42101,"101_103",4210160000,42101000803,48,"9:45",1,2,NA,NA,"0:30","2:30","","","13:45",14,5,NA,NA,NA,NA,NA,NA,NA,NA,NA,NA,NA,NA,NA,NA,NA,NA,NA,NA,NA,NA,NA,NA,NA,NA,NA,NA,NA,NA,NA,NA,3,1,42,1,42101,"101_110",4210160000,42101036900,1025,1.15,10,11.777591,1.077143,99.42147825
"494",23651,407163,2,40716302,414.5095097,333.8619304,1,NA,4.07163e+11,1,4.07163e+13,4071630201,NA,NA,2,1,2,1,1,42,1,42101,"101_112",4210160000,42101002802,836,"",1,14,15,NA,"8:00","1:00","0:30","","12:30",14,5,NA,NA,NA,NA,NA,NA,NA,NA,NA,NA,NA,NA,NA,NA,NA,NA,NA,NA,NA,NA,NA,NA,NA,NA,NA,NA,NA,NA,NA,NA,4,4,42,1,42101,"101_112",4210160000,42101002400,846,1.17,30,7.914577,0.469964,390.6184586
"495",23652,407163,2,40716302,414.5095097,333.8619304,1,NA,4.07163e+11,2,4.07163e+13,4071630202,NA,NA,2,NA,NA,4,4,42,1,42101,"101_112",4210160000,42101002400,846,"13:00",16,NA,NA,NA,"2:00","","","","15:00",14,5,NA,NA,NA,NA,NA,NA,NA,NA,NA,NA,NA,NA,NA,NA,NA,NA,NA,NA,NA,NA,NA,NA,NA,NA,NA,NA,NA,NA,NA,NA,1,1,42,1,42101,"101_112",4210160000,42101002802,836,1.17,40,10.076219,0.763856,390.6184586
"496",23664,407186,2,40718602,403.8795995,555.7417512,1,NA,4.07186e+11,1,4.07186e+13,4071860201,NA,NA,2,2,2,1,1,42,1,42101,"101_115",4210160000,42101026200,2639,"",1,2,NA,NA,"3:00","0:30","","","6:30",14,5,NA,NA,NA,NA,NA,NA,NA,NA,NA,NA,NA,NA,NA,NA,NA,NA,NA,NA,NA,NA,NA,NA,NA,NA,NA,NA,NA,NA,NA,NA,3,1,42,1,42101,"101_112",4210160000,42101002400,846,1.17,65,51.936755,10.434205,650.2178489
"497",23665,407186,2,40718602,403.8795995,555.7417512,1,NA,4.07186e+11,2,4.07186e+13,4071860202,NA,NA,2,NA,NA,3,1,42,1,42101,"101_112",4210160000,42101002400,846,"7:35",3,4,NA,NA,"7:05","","","","15:35",14,5,NA,NA,NA,NA,NA,NA,NA,NA,NA,NA,NA,NA,NA,NA,NA,NA,NA,NA,NA,NA,NA,NA,NA,NA,NA,NA,NA,NA,NA,NA,4,1,42,1,42101,"101_115",4210160000,42101026200,2639,1.17,100,53.257876,10.36274,650.2178489
"498",23724,407435,3,40743503,240.374327,97.0003093,1,NA,4.07435e+11,2,4.07435e+13,4074350302,NA,NA,2,NA,NA,4,1,42,1,42045,"045_202",4204576792,42045403702,4254,"11:25",19,NA,NA,NA,"0:00","","","","11:35",14,5,NA,NA,NA,NA,NA,NA,NA,NA,NA,NA,NA,NA,NA,NA,NA,NA,NA,NA,NA,NA,NA,NA,NA,NA,NA,NA,NA,NA,NA,NA,4,1,42,1,42029,"029_301",4202939352,42029303401,6007,1.17,15,NA,NA,113.4903619
"499",23725,407435,3,40743503,240.374327,97.0003093,1,NA,4.07435e+11,3,4.07435e+13,4074350303,NA,NA,2,NA,NA,4,1,42,1,42029,"029_301",4202939352,42029303401,6007,"11:50",19,NA,NA,NA,"0:00","","","","12:00",14,5,NA,NA,NA,NA,NA,NA,NA,NA,NA,NA,NA,NA,NA,NA,NA,NA,NA,NA,NA,NA,NA,NA,NA,NA,NA,NA,NA,NA,NA,NA,3,1,42,1,42045,"045_206",4204547616,42045408001,5029,1.17,230,127.75,31.170706,113.4903619
"500",23726,407435,3,40743503,240.374327,97.0003093,1,NA,4.07435e+11,4,4.07435e+13,4074350304,NA,NA,2,NA,NA,3,1,42,1,42045,"045_206",4204547616,42045408001,5029,"15:50",3,NA,NA,NA,"3:00","","","","9999",14,5,NA,NA,NA,NA,NA,NA,NA,NA,NA,NA,NA,NA,NA,NA,NA,NA,NA,NA,NA,NA,NA,NA,NA,NA,NA,NA,NA,NA,NA,NA,1,1,42,1,42045,"045_202",4204576792,42045403702,4254,1.17,NA,NA,NA,113.4903619
"501",23766,407543,1,40754301,508.6236307,221.967171,1,NA,4.07543e+11,1,4.07543e+13,4075430101,NA,NA,3,1,2,4,1,42,1,42101,"101_101",4210160000,42101020101,1418,"",6,NA,NA,NA,"0:00","","","","10:30",21,5,NA,NA,NA,NA,NA,NA,NA,NA,NA,NA,NA,NA,NA,NA,NA,NA,NA,NA,NA,NA,NA,NA,NA,NA,NA,NA,NA,NA,NA,NA,4,1,42,1,42101,"101_103",4210160000,42101000200,111,1.17,24,19.515144,3.484668,259.70159
"502",23767,407543,1,40754301,508.6236307,221.967171,1,NA,4.07543e+11,2,4.07543e+13,4075430102,NA,NA,3,NA,NA,4,1,42,1,42101,"101_103",4210160000,42101000200,111,"10:54",6,8,NA,NA,"0:00","","","","13:30",14,5,NA,NA,NA,NA,NA,NA,NA,NA,NA,NA,NA,NA,NA,NA,NA,NA,NA,NA,NA,NA,NA,NA,NA,NA,NA,NA,NA,NA,NA,NA,1,1,42,1,42101,"101_101",4210160000,42101017000,1420,1.17,45,27.450574,5.114857,259.70159
"503",23769,407543,2,40754302,508.6236307,225.5464313,1,NA,4.07543e+11,1,4.07543e+13,4075430201,NA,NA,2,1,2,1,1,42,1,42101,"101_101",4210160000,42101017000,1420,"",1,NA,NA,NA,"0:00","","","","10:30",21,5,NA,NA,NA,NA,NA,NA,NA,NA,NA,NA,NA,NA,NA,NA,NA,NA,NA,NA,NA,NA,NA,NA,NA,NA,NA,NA,NA,NA,NA,NA,4,1,42,1,42101,"101_103",4210160000,42101000200,111,1.17,24,31.60087,5.009077,263.8893246
"504",23770,407543,2,40754302,508.6236307,225.5464313,1,NA,4.07543e+11,2,4.07543e+13,4075430202,NA,NA,2,NA,NA,4,1,42,1,42101,"101_103",4210160000,42101000200,111,"10:54",6,8,NA,NA,"0:00","","","","13:30",14,5,NA,NA,NA,NA,NA,NA,NA,NA,NA,NA,NA,NA,NA,NA,NA,NA,NA,NA,NA,NA,NA,NA,NA,NA,NA,NA,NA,NA,NA,NA,1,1,42,1,42101,"101_101",4210160000,42101017000,1420,1.17,55,27.450574,5.114857,263.8893246
"505",24013,409067,1,40906701,248.0558183,97.73504187,1,NA,4.09067e+11,1,4.09067e+13,4090670101,NA,NA,2,2,2,1,1,42,1,42101,"101_103",4210160000,42101000804,42,"",1,NA,NA,NA,"10:30","","","","13:30",14,5,NA,NA,NA,NA,NA,NA,NA,NA,NA,NA,NA,NA,NA,NA,NA,NA,NA,NA,NA,NA,NA,NA,NA,NA,NA,NA,NA,NA,NA,NA,4,1,42,1,42101,"101_103",4210160000,42101000600,55,1.17,20,11.199544,0.702876,114.349999
"506",24015,409067,1,40906701,248.0558183,97.73504187,1,NA,4.09067e+11,3,4.09067e+13,4090670103,NA,NA,2,NA,NA,4,1,42,1,42101,"101_103",4210160000,42101000902,39,"16:20",8,NA,NA,NA,"0:10","","","","16:30",14,5,NA,NA,NA,NA,NA,NA,NA,NA,NA,NA,NA,NA,NA,NA,NA,NA,NA,NA,NA,NA,NA,NA,NA,NA,NA,NA,NA,NA,NA,NA,1,1,42,1,42101,"101_103",4210160000,42101000804,42,1.17,30,10.505802,0.568461,114.349999
"507",24340,411025,3,41102503,433.6318411,2721.525975,1,NA,4.11025e+11,1,4.11025e+13,4110250301,NA,NA,2,3,2,1,1,42,1,42045,"045_203",4204579000,42045400301,4442,"",1,NA,NA,NA,"7:00","","","","9999",14,5,NA,NA,NA,NA,NA,NA,NA,NA,NA,NA,NA,NA,NA,NA,NA,NA,NA,NA,NA,NA,NA,NA,NA,NA,NA,NA,NA,NA,NA,NA,4,1,42,1,42045,"045_203",4204579000,42045400301,4443,1.17,NA,NA,NA,3184.185391
"508",24342,411025,3,41102503,433.6318411,2721.525975,1,NA,4.11025e+11,3,4.11025e+13,4110250303,NA,NA,2,NA,NA,4,1,42,1,42045,"045_203",4204579000,42045401103,4449,"9999",12,NA,NA,NA,"0:00","","","","12:30",14,5,NA,NA,NA,NA,NA,NA,NA,NA,NA,NA,NA,NA,NA,NA,NA,NA,NA,NA,NA,NA,NA,NA,NA,NA,NA,NA,NA,NA,NA,NA,4,3,42,1,42045,"045_203",4204579000,42045400600,4460,1.17,93,20.36607,2.112086,3184.185391
"509",24343,411025,3,41102503,433.6318411,2721.525975,1,NA,4.11025e+11,4,4.11025e+13,4110250304,NA,NA,2,NA,NA,4,3,42,1,42045,"045_203",4204579000,42045400600,4460,"14:03",12,NA,NA,NA,"0:00","","","","9999",14,5,NA,NA,NA,NA,NA,NA,NA,NA,NA,NA,NA,NA,NA,NA,NA,NA,NA,NA,NA,NA,NA,NA,NA,NA,NA,NA,NA,NA,NA,NA,1,1,42,1,42045,"045_203",4204579000,42045400301,4442,1.17,NA,NA,NA,3184.185391
"510",24347,411057,1,41105701,357.3649653,195.2496886,1,NA,4.11057e+11,3,4.11057e+13,4110570103,NA,NA,1,NA,NA,4,1,42,1,42101,"101_103",4210160000,42101000500,90,"8:35",19,NA,NA,NA,"0:00","","","","9999",21,5,NA,NA,NA,NA,NA,NA,NA,NA,NA,NA,NA,NA,NA,NA,NA,NA,NA,NA,NA,NA,NA,NA,NA,NA,NA,NA,NA,NA,NA,NA,4,1,42,1,42101,"101_110",4210160000,42101009000,1036,1.12,NA,NA,NA,218.6796512
"511",24350,411057,1,41105701,357.3649653,195.2496886,1,NA,4.11057e+11,6,4.11057e+13,4110570106,NA,NA,1,NA,NA,4,4,42,1,42101,"101_110",4210160000,42101009100,1037,"17:10",6,NA,NA,NA,"0:00","","","","9999",21,5,NA,NA,NA,NA,NA,NA,NA,NA,NA,NA,NA,NA,NA,NA,NA,NA,NA,NA,NA,NA,NA,NA,NA,NA,NA,NA,NA,NA,NA,NA,4,1,42,1,42101,"101_103",4210160000,42101000500,90,1.12,NA,NA,NA,218.6796512
"512",24360,411064,1,41106401,345.3436582,94.34491078,1,NA,4.11064e+11,2,4.11064e+13,4110640102,NA,NA,2,NA,NA,4,1,42,1,42101,"101_117",4210160000,42101023600,2419,"8:48",19,NA,NA,NA,"0:06","","","","8:54",14,5,NA,NA,NA,NA,NA,NA,NA,NA,NA,NA,NA,NA,NA,NA,NA,NA,NA,NA,NA,NA,NA,NA,NA,NA,NA,NA,NA,NA,NA,NA,4,1,42,1,42101,"101_117",4210160000,42101023700,2424,1.17,4,10.116667,0.328084,110.3835456
"513",24518,412058,2,41205802,149.3680069,142.1352167,1,NA,4.12058e+11,1,4.12058e+13,4120580201,NA,NA,1,5,2,1,1,42,1,42101,"101_109",4210160000,42101016000,608,"",1,NA,NA,NA,"5:30","","","","8:30",14,5,NA,NA,NA,NA,NA,NA,NA,NA,NA,NA,NA,NA,NA,NA,NA,NA,NA,NA,NA,NA,NA,NA,NA,NA,NA,NA,NA,NA,NA,NA,4,1,42,1,42101,"101_103",4210160000,42101000402,80,1.15,25,26.543994,4.102408,163.4554993
"514",24523,412058,2,41205802,149.3680069,142.1352167,1,NA,4.12058e+11,6,4.12058e+13,4120580206,NA,NA,1,NA,NA,2,1,42,1,42101,"101_103",4210160000,42101000500,73,"16:40",17,NA,NA,NA,"0:00","","","","16:54",14,5,NA,NA,NA,NA,NA,NA,NA,NA,NA,NA,NA,NA,NA,NA,NA,NA,NA,NA,NA,NA,NA,NA,NA,NA,NA,NA,NA,NA,NA,NA,1,1,42,1,42101,"101_109",4210160000,42101016000,608,1.15,36,24.223394,3.754819,163.4554993
"515",24525,412058,3,41205803,149.3680069,110.6087774,1,NA,4.12058e+11,1,4.12058e+13,4120580301,NA,NA,2,1,2,1,1,42,1,42101,"101_109",4210160000,42101016000,608,"",1,NA,NA,NA,"5:00","","","","8:30",14,5,NA,NA,NA,NA,NA,NA,NA,NA,NA,NA,NA,NA,NA,NA,NA,NA,NA,NA,NA,NA,NA,NA,NA,NA,NA,NA,NA,NA,NA,NA,4,1,42,1,42101,"101_103",4210160000,42101000402,80,1.15,25,26.543994,4.102408,127.200094
"516",24526,412058,3,41205803,149.3680069,110.6087774,1,NA,4.12058e+11,2,4.12058e+13,4120580302,NA,NA,2,NA,NA,4,1,42,1,42101,"101_103",4210160000,42101000402,80,"8:55",3,NA,NA,NA,"7:30","","","","16:30",14,5,NA,NA,NA,NA,NA,NA,NA,NA,NA,NA,NA,NA,NA,NA,NA,NA,NA,NA,NA,NA,NA,NA,NA,NA,NA,NA,NA,NA,NA,NA,1,1,42,1,42101,"101_109",4210160000,42101016000,608,1.15,30,25.418882,3.992426,127.200094
"517",24528,412086,1,41208601,278.3041239,223.2860741,1,NA,4.12086e+11,1,4.12086e+13,4120860101,NA,NA,2,7,2,1,1,42,1,42101,"101_116",4210160000,42101034702,3602,"",1,NA,NA,NA,"5:10","","","","8:10",14,5,NA,NA,NA,NA,NA,NA,NA,NA,NA,NA,NA,NA,NA,NA,NA,NA,NA,NA,NA,NA,NA,NA,NA,NA,NA,NA,NA,NA,NA,NA,4,1,42,1,42101,"101_103",4210160000,42101000500,70,1.17,70,45.969998,11.626339,261.2447067
"518",24534,412086,1,41208601,278.3041239,223.2860741,1,NA,4.12086e+11,7,4.12086e+13,4120860107,NA,NA,2,NA,NA,4,1,42,1,42101,"101_103",4210160000,42101000500,72,"17:00",19,NA,NA,NA,"0:00","","","","17:05",21,5,NA,NA,NA,NA,NA,NA,NA,NA,NA,NA,NA,NA,NA,NA,NA,NA,NA,NA,NA,NA,NA,NA,NA,NA,NA,NA,NA,NA,NA,NA,4,1,42,1,42101,"101_114",4210160000,42101030000,1607,1.17,25,30.640007,7.823647,261.2447067
"519",24535,412086,1,41208601,278.3041239,223.2860741,1,NA,4.12086e+11,8,4.12086e+13,4120860108,NA,NA,2,NA,NA,4,1,42,1,42101,"101_114",4210160000,42101030000,1607,"17:30",19,NA,NA,NA,"0:00","","","","18:10",14,5,NA,NA,NA,NA,NA,NA,NA,NA,NA,NA,NA,NA,NA,NA,NA,NA,NA,NA,NA,NA,NA,NA,NA,NA,NA,NA,NA,NA,NA,NA,1,1,42,1,42101,"101_116",4210160000,42101034702,3602,1.17,0,25.690393,4.438083,261.2447067
"520",24575,412215,1,41221501,184.8813335,89.03981601,1,NA,4.12215e+11,1,4.12215e+13,4122150101,NA,NA,1,5,2,1,1,42,1,42101,"101_110",4210160000,42101007300,1011,"",1,NA,NA,NA,"3:00","","","","7:19",14,5,NA,NA,NA,NA,NA,NA,NA,NA,NA,NA,NA,NA,NA,NA,NA,NA,NA,NA,NA,NA,NA,NA,NA,NA,NA,NA,NA,NA,NA,NA,4,1,42,1,42101,"101_103",4210160000,42101000300,117,1.13,35,29.544799,3.521966,100.6149921
"521",24577,412215,1,41221501,184.8813335,89.03981601,1,NA,4.12215e+11,3,4.12215e+13,4122150103,NA,NA,1,NA,NA,4,1,42,1,42101,"101_103",4210160000,42101000402,76,"8:06",6,NA,NA,NA,"0:05","","","","8:11",14,5,NA,NA,NA,NA,NA,NA,NA,NA,NA,NA,NA,NA,NA,NA,NA,NA,NA,NA,NA,NA,NA,NA,NA,NA,NA,NA,NA,NA,NA,NA,2,1,42,1,42101,"101_110",4210160000,42101036900,1025,1.13,13,13.756261,1.805097,100.6149921
"522",24580,412215,1,41221501,184.8813335,89.03981601,1,NA,4.12215e+11,6,4.12215e+13,4122150106,NA,NA,1,NA,NA,2,1,42,1,42101,"101_110",4210160000,42101036900,1025,"12:40",5,NA,NA,NA,"3:50","","","","16:32",14,5,NA,NA,NA,NA,NA,NA,NA,NA,NA,NA,NA,NA,NA,NA,NA,NA,NA,NA,NA,NA,NA,NA,NA,NA,NA,NA,NA,NA,NA,NA,1,1,42,1,42101,"101_110",4210160000,42101007300,1011,1.13,37,18.37228,1.881867,100.6149921
"523",24582,412215,2,41221502,184.8813335,89.03981601,1,NA,4.12215e+11,1,4.12215e+13,4122150201,NA,NA,1,1,2,1,1,42,1,42101,"101_110",4210160000,42101007300,1011,"",1,NA,NA,NA,"5:15","","","","8:15",14,5,NA,NA,NA,NA,NA,NA,NA,NA,NA,NA,NA,NA,NA,NA,NA,NA,NA,NA,NA,NA,NA,NA,NA,NA,NA,NA,NA,NA,NA,NA,2,1,42,1,42101,"101_103",4210160000,42101000500,72,1.13,47,29.802983,3.913455,100.6149921
"524",24583,412215,2,41221502,184.8813335,89.03981601,1,NA,4.12215e+11,2,4.12215e+13,4122150202,NA,NA,1,NA,NA,2,1,42,1,42101,"101_103",4210160000,42101000500,72,"9:02",5,NA,NA,NA,"8:00","","","","17:02",14,5,NA,NA,NA,NA,NA,NA,NA,NA,NA,NA,NA,NA,NA,NA,NA,NA,NA,NA,NA,NA,NA,NA,NA,NA,NA,NA,NA,NA,NA,NA,1,1,42,1,42101,"101_110",4210160000,42101007300,1011,1.13,28,28.787092,3.907192,100.6149921
"525",24588,412215,3,41221503,184.8813335,90.63331102,1,NA,4.12215e+11,1,4.12215e+13,4122150301,NA,NA,2,2,2,1,1,42,1,42101,"101_110",4210160000,42101007300,1011,"",1,NA,NA,NA,"4:00","","","","7:30",14,5,NA,NA,NA,NA,NA,NA,NA,NA,NA,NA,NA,NA,NA,NA,NA,NA,NA,NA,NA,NA,NA,NA,NA,NA,NA,NA,NA,NA,NA,NA,3,1,42,1,42101,"101_103",4210160000,42101012500,135,1.13,42,39.803304,4.401601,102.4156415
"526",24592,412215,4,41221504,184.8813335,88.31258937,1,NA,4.12215e+11,1,4.12215e+13,4122150401,NA,NA,2,1,2,1,1,42,1,42101,"101_110",4210160000,42101007300,1011,"",1,NA,NA,NA,"4:19","","","","7:19",14,5,NA,NA,NA,NA,NA,NA,NA,NA,NA,NA,NA,NA,NA,NA,NA,NA,NA,NA,NA,NA,NA,NA,NA,NA,NA,NA,NA,NA,NA,NA,3,1,42,1,42101,"101_103",4210160000,42101000300,118,1.13,35,29.07502,3.515423,99.79322598
"527",24852,413539,1,41353901,317.9730521,182.5834247,1,NA,4.13539e+11,1,4.13539e+13,4135390101,NA,NA,2,1,2,1,1,42,1,42101,"101_101",4210160000,42101017300,1408,"",1,NA,NA,NA,"3:00","","","","12:00",14,5,NA,NA,NA,NA,NA,NA,NA,NA,NA,NA,NA,NA,NA,NA,NA,NA,NA,NA,NA,NA,NA,NA,NA,NA,NA,NA,NA,NA,NA,NA,4,1,42,1,42101,"101_107",4210160000,42101016300,426,1.17,60,20.614316,2.028179,213.6226069
"528",24853,413539,1,41353901,317.9730521,182.5834247,1,NA,4.13539e+11,2,4.13539e+13,4135390102,NA,NA,2,NA,NA,4,1,42,1,42101,"101_107",4210160000,42101016300,426,"13:00",16,NA,NA,NA,"2:00","","","","15:00",14,5,NA,NA,NA,NA,NA,NA,NA,NA,NA,NA,NA,NA,NA,NA,NA,NA,NA,NA,NA,NA,NA,NA,NA,NA,NA,NA,NA,NA,NA,NA,1,1,42,1,42101,"101_101",4210160000,42101017300,1408,1.17,120,25.004741,2.736088,213.6226069
"529",25084,415142,4,41514204,279.9583392,671.3722277,1,NA,4.15142e+11,1,4.15142e+13,4151420401,NA,NA,1,1,2,1,1,42,1,42091,"091_412",4209138000,42091202100,12246,"",1,15,20,7,"1:00","0:30","2:30","1:00","8:30",14,5,NA,NA,NA,NA,NA,NA,NA,NA,NA,NA,NA,NA,NA,NA,NA,NA,NA,NA,NA,NA,NA,NA,NA,NA,NA,NA,NA,NA,NA,NA,2,1,42,1,42091,"091_412",4209112968,42091202301,12233,1.17,30,16.703283,2.041884,785.5055064
"530",25085,415142,4,41514204,279.9583392,671.3722277,1,NA,4.15142e+11,2,4.15142e+13,4151420402,NA,NA,1,NA,NA,2,1,42,1,42091,"091_412",4209112968,42091202301,12233,"9:00",11,5,NA,NA,"7:40","1:00","","","17:40",14,5,NA,NA,NA,NA,NA,NA,NA,NA,NA,NA,NA,NA,NA,NA,NA,NA,NA,NA,NA,NA,NA,NA,NA,NA,NA,NA,NA,NA,NA,NA,1,1,42,1,42091,"091_412",4209138000,42091202100,12246,1.17,20,18.253168,2.087267,785.5055064
"531",25172,415690,1,41569001,318.6405375,97.35893424,1,NA,4.1569e+11,2,4.1569e+13,4156900102,NA,NA,1,NA,NA,4,1,42,1,42101,"101_117",4210160000,42101025700,2436,"8:12",96,NA,NA,NA,"0:04","","","","8:16",14,5,NA,NA,NA,NA,NA,NA,NA,NA,NA,NA,NA,NA,NA,NA,NA,NA,NA,NA,NA,NA,NA,NA,NA,NA,NA,NA,NA,NA,NA,NA,4,1,42,1,42091,"091_412",4209112968,42091202602,12239,1.17,22,31.70825,5.7107,113.9099531
"532",25175,415690,1,41569001,318.6405375,97.35893424,1,NA,4.1569e+11,5,4.1569e+13,4156900105,NA,NA,1,NA,NA,4,1,42,1,42091,"091_412",4209112968,42091202602,12239,"17:55",96,NA,NA,NA,"0:05","","","","18:00",14,5,NA,NA,NA,NA,NA,NA,NA,NA,NA,NA,NA,NA,NA,NA,NA,NA,NA,NA,NA,NA,NA,NA,NA,NA,NA,NA,NA,NA,NA,NA,4,1,42,1,42101,"101_117",4210160000,42101025700,2436,1.17,21,29.750791,5.680575,113.9099531
"533",25327,416152,2,41615202,331.6047336,489.3577914,1,NA,4.16152e+11,1,4.16152e+13,4161520201,NA,NA,2,1,2,1,1,42,1,42101,"101_114",4210160000,42101031800,1613,"",1,NA,NA,NA,"0:00","","","","10:05",14,5,NA,NA,NA,NA,NA,NA,NA,NA,NA,NA,NA,NA,NA,NA,NA,NA,NA,NA,NA,NA,NA,NA,NA,NA,NA,NA,NA,NA,NA,NA,4,1,42,1,42017,"017_509",4201705616,42017100201,15620,1.17,45,49.601288,9.307715,572.5486159
"534",25328,416152,2,41615202,331.6047336,489.3577914,1,NA,4.16152e+11,2,4.16152e+13,4161520202,NA,NA,2,NA,NA,4,1,42,1,42017,"017_509",4201705616,42017100201,15620,"10:50",2,NA,NA,NA,"3:15","","","","14:05",14,5,NA,NA,NA,NA,NA,NA,NA,NA,NA,NA,NA,NA,NA,NA,NA,NA,NA,NA,NA,NA,NA,NA,NA,NA,NA,NA,NA,NA,NA,NA,1,1,42,1,42101,"101_114",4210160000,42101031800,1613,1.17,150,50.324361,9.129877,572.5486159
"535",25380,416581,1,41658101,443.9604921,114.4519886,1,NA,4.16581e+11,1,4.16581e+13,4165810101,NA,NA,1,2,2,1,1,42,1,42101,"101_110",4210160000,42101008601,1027,"",1,NA,NA,NA,"4:00","","","","9:30",21,5,NA,NA,NA,NA,NA,NA,NA,NA,NA,NA,NA,NA,NA,NA,NA,NA,NA,NA,NA,NA,NA,NA,NA,NA,NA,NA,NA,NA,NA,NA,2,1,42,1,42101,"101_103",4210160000,42101037600,131,1.17,30,29.424943,3.902781,133.9088266
"536",25381,416581,1,41658101,443.9604921,114.4519886,1,NA,4.16581e+11,2,4.16581e+13,4165810102,NA,NA,1,NA,NA,2,1,42,1,42101,"101_103",4210160000,42101037600,131,"10:00",5,NA,NA,NA,"5:00","","","","15:00",21,5,NA,NA,NA,NA,NA,NA,NA,NA,NA,NA,NA,NA,NA,NA,NA,NA,NA,NA,NA,NA,NA,NA,NA,NA,NA,NA,NA,NA,NA,NA,4,1,42,1,42101,"101_103",4210160000,42101001202,24,1.17,20,19.278363,1.52401,133.9088266
"537",25384,416581,1,41658101,443.9604921,114.4519886,2,NA,4.16581e+11,5,4.16581e+13,4165810105,NA,NA,2,NA,NA,3,6,42,1,42101,"101_103",4210160000,42101001201,30,"18:20",3,NA,NA,NA,"3:00","","","","21:30",14,5,NA,NA,NA,NA,NA,NA,NA,NA,NA,NA,NA,NA,NA,NA,NA,NA,NA,NA,NA,NA,NA,NA,NA,NA,NA,NA,NA,NA,NA,NA,4,1,42,1,42101,"101_103",4210160000,42101000600,58,1.17,30,13.594292,1.127699,133.9088266
"538",25393,416693,1,41669301,234.0848624,462.1928786,1,NA,4.16693e+11,1,4.16693e+13,4166930101,NA,NA,1,3,2,1,1,42,1,42101,"101_112",4210160000,42101037200,804,"",1,NA,NA,NA,"3:30","","","","7:30",21,5,NA,NA,NA,NA,NA,NA,NA,NA,NA,NA,NA,NA,NA,NA,NA,NA,NA,NA,NA,NA,NA,NA,NA,NA,NA,NA,NA,NA,NA,NA,2,1,42,1,42101,"101_103",4210160000,42101000500,88,1.12,60,28.701108,3.432676,517.656024
"539",25396,416693,1,41669301,234.0848624,462.1928786,1,NA,4.16693e+11,4,4.16693e+13,4166930104,NA,NA,1,NA,NA,2,1,42,1,42101,"101_103",4210160000,42101000500,88,"11:45",5,NA,NA,NA,"5:45","","","","17:30",21,5,NA,NA,NA,NA,NA,NA,NA,NA,NA,NA,NA,NA,NA,NA,NA,NA,NA,NA,NA,NA,NA,NA,NA,NA,NA,NA,NA,NA,NA,NA,1,1,42,1,42101,"101_112",4210160000,42101037200,804,1.12,30,29.556428,3.243739,517.656024
"540",25400,416693,2,41669302,234.0848624,462.1928786,1,NA,4.16693e+11,1,4.16693e+13,4166930201,NA,NA,2,2,2,1,1,42,1,42101,"101_112",4210160000,42101037200,804,"",1,NA,NA,NA,"12:00","","","","15:00",21,5,NA,NA,NA,NA,NA,NA,NA,NA,NA,NA,NA,NA,NA,NA,NA,NA,NA,NA,NA,NA,NA,NA,NA,NA,NA,NA,NA,NA,NA,NA,4,1,42,1,42101,"101_103",4210160000,42101001800,5,1.12,20,22.181638,2.266596,517.656024
"541",25528,416953,4,41695304,187.5678974,521.9697858,1,NA,4.16953e+11,1,4.16953e+13,4169530401,NA,NA,1,1,2,1,1,42,1,42017,"017_511",4201744968,42017105509,16037,"",1,NA,NA,NA,"0:00","","","","6:45",21,5,NA,NA,NA,NA,NA,NA,NA,NA,NA,NA,NA,NA,NA,NA,NA,NA,NA,NA,NA,NA,NA,NA,NA,NA,NA,NA,NA,NA,NA,NA,2,1,42,1,42101,"101_103",4210160000,42101000500,74,1.12,75,110.700288,32.273412,584.6061601
"542",25529,416953,4,41695304,187.5678974,521.9697858,1,NA,4.16953e+11,2,4.16953e+13,4169530402,NA,NA,1,NA,NA,2,1,42,1,42101,"101_103",4210160000,42101000500,74,"8:00",5,NA,NA,NA,"0:00","","","","16:30",21,5,NA,NA,NA,NA,NA,NA,NA,NA,NA,NA,NA,NA,NA,NA,NA,NA,NA,NA,NA,NA,NA,NA,NA,NA,NA,NA,NA,NA,NA,NA,1,1,42,1,42017,"017_511",4201744968,42017105509,16037,1.12,90,108.626724,32.293125,584.6061601
"543",25808,418270,1,41827001,97.34688475,83.98679561,1,NA,4.1827e+11,1,4.1827e+13,4182700101,NA,NA,2,4,2,1,1,42,1,42091,"091_412",4209100156,42091201608,12219,"",1,NA,NA,NA,"0:00","","","","9:15",14,5,NA,NA,NA,NA,NA,NA,NA,NA,NA,NA,NA,NA,NA,NA,NA,NA,NA,NA,NA,NA,NA,NA,NA,NA,NA,NA,NA,NA,NA,NA,4,1,42,1,42091,"091_412",4209100156,42091201800,12211,1.17,10,22.788658,2.021942,98.26455087
"544",25812,418270,1,41827001,97.34688475,83.98679561,1,NA,4.1827e+11,5,4.1827e+13,4182700105,NA,NA,2,NA,NA,4,1,42,1,42091,"091_412",4209100156,42091201800,12208,"9999",8,NA,NA,NA,"0:00","","","","15:05",14,5,NA,NA,NA,NA,NA,NA,NA,NA,NA,NA,NA,NA,NA,NA,NA,NA,NA,NA,NA,NA,NA,NA,NA,NA,NA,NA,NA,NA,NA,NA,1,1,42,1,42091,"091_412",4209100156,42091201608,12219,1.17,20,29.189776,2.702965,98.26455087
"545",25956,419159,1,41915901,182.3521785,102.4186488,1,NA,4.19159e+11,2,4.19159e+13,4191590102,NA,NA,1,NA,NA,4,3,42,1,42101,"101_103",4210160000,42101013500,140,"7:30",19,NA,NA,NA,"0:00","","","","7:35",23,5,NA,NA,NA,NA,NA,NA,NA,NA,NA,NA,NA,NA,NA,NA,NA,NA,NA,NA,NA,NA,NA,NA,NA,NA,NA,NA,NA,NA,NA,NA,4,3,42,1,42101,"101_103",4210160000,42101000700,63,1.17,5,20.824699,1.713596,119.8298191
"546",25957,419159,1,41915901,182.3521785,102.4186488,1,NA,4.19159e+11,3,4.19159e+13,4191590103,NA,NA,1,NA,NA,4,3,42,1,42101,"101_103",4210160000,42101000700,63,"7:40",19,NA,NA,NA,"0:00","","","","7:50",23,5,NA,NA,NA,NA,NA,NA,NA,NA,NA,NA,NA,NA,NA,NA,NA,NA,NA,NA,NA,NA,NA,NA,NA,NA,NA,NA,NA,NA,NA,NA,4,1,42,1,42101,"101_110",4210160000,42101980000,1040,1.17,3,12.942162,1.909603,119.8298191
"547",25958,419159,1,41915901,182.3521785,102.4186488,1,NA,4.19159e+11,4,4.19159e+13,4191590104,NA,NA,1,NA,NA,4,1,42,1,42101,"101_110",4210160000,42101980000,1040,"7:53",19,NA,NA,NA,"0:00","","","","7:59",14,5,NA,NA,NA,NA,NA,NA,NA,NA,NA,NA,NA,NA,NA,NA,NA,NA,NA,NA,NA,NA,NA,NA,NA,NA,NA,NA,NA,NA,NA,NA,2,1,42,1,42101,"101_110",4210160000,42101036900,1026,1.17,6,11,0.559234,119.8298191
"548",25964,419159,2,41915902,182.3521785,124.6234446,1,NA,4.19159e+11,2,4.19159e+13,4191590202,NA,NA,3,NA,NA,4,1,42,1,42101,"101_103",4210160000,42101013602,142,"6:25",19,NA,NA,NA,"0:00","","","","6:30",23,5,NA,NA,NA,NA,NA,NA,NA,NA,NA,NA,NA,NA,NA,NA,NA,NA,NA,NA,NA,NA,NA,NA,NA,NA,NA,NA,NA,NA,NA,NA,4,1,42,1,42101,"101_107",4210160000,42101014400,401,1.17,48,24.793591,2.337292,145.8094302
"549",25965,419159,2,41915902,182.3521785,124.6234446,1,NA,4.19159e+11,3,4.19159e+13,4191590203,NA,NA,3,NA,NA,4,1,42,1,42101,"101_107",4210160000,42101014400,401,"7:18",19,NA,NA,NA,"0:00","","","","7:25",23,5,NA,NA,NA,NA,NA,NA,NA,NA,NA,NA,NA,NA,NA,NA,NA,NA,NA,NA,NA,NA,NA,NA,NA,NA,NA,NA,NA,NA,NA,NA,4,1,42,1,42101,"101_109",4210160000,42101037800,615,1.17,0,32.30893,3.389271,145.8094302
"550",25966,419159,2,41915902,182.3521785,124.6234446,1,NA,4.19159e+11,4,4.19159e+13,4191590204,NA,NA,3,NA,NA,4,1,42,1,42101,"101_109",4210160000,42101037800,615,"7:25",5,NA,NA,NA,"8:00","","","","16:00",14,5,NA,NA,NA,NA,NA,NA,NA,NA,NA,NA,NA,NA,NA,NA,NA,NA,NA,NA,NA,NA,NA,NA,NA,NA,NA,NA,NA,NA,NA,NA,4,1,42,1,42101,"101_109",4210160000,42101037900,623,1.17,23,17.564385,0.990089,145.8094302
"551",25967,419159,2,41915902,182.3521785,124.6234446,1,NA,4.19159e+11,5,4.19159e+13,4191590205,NA,NA,3,NA,NA,4,1,42,1,42101,"101_109",4210160000,42101037900,623,"16:23",19,NA,NA,NA,"0:00","","","","16:40",14,5,NA,NA,NA,NA,NA,NA,NA,NA,NA,NA,NA,NA,NA,NA,NA,NA,NA,NA,NA,NA,NA,NA,NA,NA,NA,NA,NA,NA,NA,NA,4,1,42,1,42101,"101_104",4210160000,42101031600,3014,1.17,0,32.227597,4.288539,145.8094302
"552",25968,419159,2,41915902,182.3521785,124.6234446,1,NA,4.19159e+11,6,4.19159e+13,4191590206,NA,NA,3,NA,NA,4,1,42,1,42101,"101_104",4210160000,42101031600,3014,"16:40",19,NA,NA,NA,"0:00","","","","16:40",14,5,NA,NA,NA,NA,NA,NA,NA,NA,NA,NA,NA,NA,NA,NA,NA,NA,NA,NA,NA,NA,NA,NA,NA,NA,NA,NA,NA,NA,NA,NA,4,1,42,1,42101,"101_107",4210160000,42101014900,415,1.17,30,51.209564,8.469059,145.8094302
"553",26078,419577,4,41957704,366.605881,1107.265586,1,NA,4.19577e+11,2,4.19577e+13,4195770402,NA,NA,1,NA,NA,4,1,42,1,42101,"101_104",4210160000,42101035100,3032,"14:30",19,NA,NA,NA,"0:10","","","","14:40",21,5,NA,NA,NA,NA,NA,NA,NA,NA,NA,NA,NA,NA,NA,NA,NA,NA,NA,NA,NA,NA,NA,NA,NA,NA,NA,NA,NA,NA,NA,NA,2,1,42,1,42101,"101_103",4210160000,42101000500,91,1.12,20,52.235668,15.855093,1240.137457
"554",26370,421294,1,42129401,91.07796866,126.0841182,1,NA,4.21294e+11,1,4.21294e+13,4212940101,NA,NA,3,1,2,2,1,42,1,42091,"091_402",4209179136,42091205809,10226,"",1,NA,NA,NA,"0:00","","","","3:45",21,5,NA,NA,NA,NA,NA,NA,NA,NA,NA,NA,NA,NA,NA,NA,NA,NA,NA,NA,NA,NA,NA,NA,NA,NA,NA,NA,NA,NA,NA,NA,2,1,42,1,42101,"101_103",4210160000,42101036700,126,1.12,186,87.294782,20.287039,141.2142124
"555",26371,421294,1,42129401,91.07796866,126.0841182,1,NA,4.21294e+11,2,4.21294e+13,4212940102,NA,NA,3,NA,NA,2,1,42,1,42101,"101_103",4210160000,42101036700,126,"6:51",5,NA,NA,NA,"8:45","","","","15:36",21,5,NA,NA,NA,NA,NA,NA,NA,NA,NA,NA,NA,NA,NA,NA,NA,NA,NA,NA,NA,NA,NA,NA,NA,NA,NA,NA,NA,NA,NA,NA,1,1,42,1,42091,"091_402",4209179136,42091205809,10226,1.12,69,82.889388,20.045443,141.2142124
"556",26396,421828,1,42182801,172.1268987,96.92038715,1,NA,4.21828e+11,1,4.21828e+13,4218280101,NA,NA,1,2,2,1,1,42,1,42101,"101_112",4210160000,42101003901,822,"",2,7,NA,NA,"1:00","1:00","","","6:30",21,5,NA,NA,NA,NA,NA,NA,NA,NA,NA,NA,NA,NA,NA,NA,NA,NA,NA,NA,NA,NA,NA,NA,NA,NA,NA,NA,NA,NA,NA,NA,2,1,42,1,42101,"101_117",4210160000,42101024700,2415,1.12,60,44.042432,9.325362,108.5508336
"557",26398,421828,1,42182801,172.1268987,96.92038715,1,NA,4.21828e+11,3,4.21828e+13,4218280103,NA,NA,1,NA,NA,4,1,42,1,42101,"101_104",4210160000,42101035200,3034,"18:15",3,NA,NA,NA,"2:30","","","","21:00",21,5,NA,NA,NA,NA,NA,NA,NA,NA,NA,NA,NA,NA,NA,NA,NA,NA,NA,NA,NA,NA,NA,NA,NA,NA,NA,NA,NA,NA,NA,NA,1,1,42,1,42101,"101_112",4210160000,42101003901,822,1.12,75,61.323722,15.694458,108.5508336
"558",26400,421828,2,42182802,172.1268987,100.3896759,1,NA,4.21828e+11,1,4.21828e+13,4218280201,NA,NA,1,2,2,1,1,42,1,42101,"101_112",4210160000,42101003901,822,"",1,2,NA,NA,"1:00","2:00","","","6:00",14,5,NA,NA,NA,NA,NA,NA,NA,NA,NA,NA,NA,NA,NA,NA,NA,NA,NA,NA,NA,NA,NA,NA,NA,NA,NA,NA,NA,NA,NA,NA,2,1,42,1,42101,"101_106",4210160000,42101011100,1229,1.12,45,45.440448,6.539293,112.436437
"559",26408,421889,2,42188902,287.1623204,178.1439768,1,NA,4.21889e+11,1,4.21889e+13,4218890201,NA,NA,1,1,2,1,1,42,1,42101,"101_112",4210160000,42101003902,805,"",1,NA,NA,NA,"7:00","","","","10:00",21,5,NA,NA,NA,NA,NA,NA,NA,NA,NA,NA,NA,NA,NA,NA,NA,NA,NA,NA,NA,NA,NA,NA,NA,NA,NA,NA,NA,NA,NA,NA,2,1,42,1,42101,"101_103",4210160000,42101000500,91,1.12,30,19.127612,2.908477,199.5212541
"560",26409,421889,2,42188902,287.1623204,178.1439768,1,NA,4.21889e+11,2,4.21889e+13,4218890202,NA,NA,1,NA,NA,2,1,42,1,42101,"101_103",4210160000,42101000500,91,"10:30",5,NA,NA,NA,"0:05","","","","16:00",21,5,NA,NA,NA,NA,NA,NA,NA,NA,NA,NA,NA,NA,NA,NA,NA,NA,NA,NA,NA,NA,NA,NA,NA,NA,NA,NA,NA,NA,NA,NA,1,1,42,1,42101,"101_112",4210160000,42101003902,805,1.12,30,19.008815,2.935062,199.5212541
"561",26636,422640,1,42264001,149.3680069,117.0082663,1,NA,4.2264e+11,4,4.2264e+13,4226400104,NA,NA,1,NA,NA,4,1,42,1,42091,"091_403",4209154656,42091203902,10422,"16:40",19,NA,NA,NA,"0:00","","","","17:05",21,5,NA,NA,NA,NA,NA,NA,NA,NA,NA,NA,NA,NA,NA,NA,NA,NA,NA,NA,NA,NA,NA,NA,NA,NA,NA,NA,NA,NA,NA,NA,4,1,42,1,42045,"045_203",4204579000,42045400500,4459,1.15,23,33.942327,13.660449,134.5595063
"562",26637,422640,1,42264001,149.3680069,117.0082663,1,NA,4.2264e+11,5,4.2264e+13,4226400105,NA,NA,1,NA,NA,4,1,42,1,42045,"045_203",4204579000,42045400500,4459,"17:28",19,NA,NA,NA,"0:00","","","","17:33",21,5,NA,NA,NA,NA,NA,NA,NA,NA,NA,NA,NA,NA,NA,NA,NA,NA,NA,NA,NA,NA,NA,NA,NA,NA,NA,NA,NA,NA,NA,NA,1,1,42,1,42101,"101_103",4210160000,42101036700,125,1.15,25,32.548835,7.426563,134.5595063
"563",26642,422640,2,42264002,149.3680069,109.9549766,1,NA,4.2264e+11,2,4.2264e+13,4226400202,NA,NA,1,NA,NA,4,1,42,1,42101,"101_103",4210160000,42101036700,125,"8:25",18,NA,NA,NA,"0:10","","","","8:35",21,5,NA,NA,NA,NA,NA,NA,NA,NA,NA,NA,NA,NA,NA,NA,NA,NA,NA,NA,NA,NA,NA,NA,NA,NA,NA,NA,NA,NA,NA,NA,2,1,42,1,42101,"101_103",4210160000,42101000300,117,1.15,30,18.911922,2.350882,126.448223
"564",26643,422640,2,42264002,149.3680069,109.9549766,1,NA,4.2264e+11,3,4.2264e+13,4226400203,NA,NA,1,NA,NA,2,1,42,1,42101,"101_103",4210160000,42101000300,117,"9:05",5,NA,NA,NA,"8:00","","","","17:10",21,5,NA,NA,NA,NA,NA,NA,NA,NA,NA,NA,NA,NA,NA,NA,NA,NA,NA,NA,NA,NA,NA,NA,NA,NA,NA,NA,NA,NA,NA,NA,2,1,42,1,42101,"101_103",4210160000,42101000300,117,1.15,30,4.251208,0.067703,126.448223
"565",26860,423742,1,42374201,153.7090146,73.81519135,1,NA,4.23742e+11,1,4.23742e+13,4237420101,NA,NA,1,1,2,1,1,42,1,42091,"091_404",4209143312,42091208604,10602,"",1,NA,NA,NA,"0:00","","","","6:00",14,5,NA,NA,NA,NA,NA,NA,NA,NA,NA,NA,NA,NA,NA,NA,NA,NA,NA,NA,NA,NA,NA,NA,NA,NA,NA,NA,NA,NA,NA,NA,2,1,42,1,42101,"101_103",4210160000,42101000402,80,1.12,90,133.333258,37.665381,82.67301432
"566",27023,424709,1,42470901,318.6405375,103.1176435,1,NA,4.24709e+11,1,4.24709e+13,4247090101,NA,NA,1,1,2,1,1,42,1,42101,"101_103",4210160000,42101000801,49,"",1,7,NA,NA,"1:00","0:30","","","9:00",14,5,NA,NA,NA,NA,NA,NA,NA,NA,NA,NA,NA,NA,NA,NA,NA,NA,NA,NA,NA,NA,NA,NA,NA,NA,NA,NA,NA,NA,NA,NA,2,1,42,1,42101,"101_110",4210160000,42101008801,1028,1.17,15,9.966146,1.277857,120.6476429
"567",27556,427136,1,42713601,397.3081471,172.0472489,1,NA,4.27136e+11,1,4.27136e+13,4271360101,NA,NA,3,0,2,1,1,42,1,42101,"101_112",4210160000,42101004102,813,"",1,NA,NA,NA,"0:00","","","","7:40",21,5,NA,NA,NA,NA,NA,NA,NA,NA,NA,NA,NA,NA,NA,NA,NA,NA,NA,NA,NA,NA,NA,NA,NA,NA,NA,NA,NA,NA,NA,NA,2,1,42,1,42101,"101_103",4210160000,42101000402,96,1.17,583,30.788566,3.362284,201.2952812
"568",27615,427510,4,42751004,469.9974671,278.9805222,1,NA,4.2751e+11,1,4.2751e+13,4275100401,NA,NA,2,5,2,1,1,42,1,42101,"101_108",4210160000,42101021700,3215,"",1,NA,NA,NA,"3:35","","","","6:35",14,5,NA,NA,NA,NA,NA,NA,NA,NA,NA,NA,NA,NA,NA,NA,NA,NA,NA,NA,NA,NA,NA,NA,NA,NA,NA,NA,NA,NA,NA,NA,3,6,42,1,42101,"101_112",4210160000,42101002400,846,1.17,45,46.809493,10.794756,326.4072109
"569",27616,427510,4,42751004,469.9974671,278.9805222,1,NA,4.2751e+11,2,4.2751e+13,4275100402,NA,NA,2,NA,NA,3,6,42,1,42101,"101_112",4210160000,42101002400,846,"7:20",3,NA,NA,NA,"3:10","","","","10:30",14,5,NA,NA,NA,NA,NA,NA,NA,NA,NA,NA,NA,NA,NA,NA,NA,NA,NA,NA,NA,NA,NA,NA,NA,NA,NA,NA,NA,NA,NA,NA,4,1,42,1,42101,"101_112",4210160000,42101004202,808,1.17,45,19.053418,2.261182,326.4072109
"570",27647,427615,1,42761501,312.7658348,166.2835719,1,NA,4.27615e+11,1,4.27615e+13,4276150101,NA,NA,1,3,2,1,1,42,1,42101,"101_103",4210160000,42101001101,21,"",1,NA,NA,NA,"5:35","","","","8:35",14,5,NA,NA,NA,NA,NA,NA,NA,NA,NA,NA,NA,NA,NA,NA,NA,NA,NA,NA,NA,NA,NA,NA,NA,NA,NA,NA,NA,NA,NA,NA,2,1,42,1,42101,"101_110",4210160000,42101036900,1025,1.12,30,21.445981,2.154644,186.2376005
"571",27648,427615,1,42761501,312.7658348,166.2835719,1,NA,4.27615e+11,2,4.27615e+13,4276150102,NA,NA,1,NA,NA,2,1,42,1,42101,"101_110",4210160000,42101036900,1025,"9:05",5,NA,NA,NA,"7:00","","","","17:00",21,5,NA,NA,NA,NA,NA,NA,NA,NA,NA,NA,NA,NA,NA,NA,NA,NA,NA,NA,NA,NA,NA,NA,NA,NA,NA,NA,NA,NA,NA,NA,4,1,42,1,42101,"101_103",4210160000,42101000500,69,1.12,25,16.56589,2.389062,186.2376005
"572",27722,428216,1,42821601,51.89662555,89.63109736,1,NA,4.28216e+11,1,4.28216e+13,4282160101,NA,NA,1,4,2,1,1,42,1,42101,"101_103",4210160000,42101001201,27,"",1,NA,NA,NA,"0:05","","","","8:05",21,5,NA,NA,NA,NA,NA,NA,NA,NA,NA,NA,NA,NA,NA,NA,NA,NA,NA,NA,NA,NA,NA,NA,NA,NA,NA,NA,NA,NA,NA,NA,2,1,42,1,42101,"101_107",4210160000,42101037700,414,1.15,35,32.996119,3.803614,103.075762
"573",27723,428216,1,42821601,51.89662555,89.63109736,1,NA,4.28216e+11,2,4.28216e+13,4282160102,NA,NA,1,NA,NA,2,1,42,1,42101,"101_107",4210160000,42101037700,414,"8:40",5,NA,NA,NA,"5:30","","","","14:10",21,5,NA,NA,NA,NA,NA,NA,NA,NA,NA,NA,NA,NA,NA,NA,NA,NA,NA,NA,NA,NA,NA,NA,NA,NA,NA,NA,NA,NA,NA,NA,4,1,42,1,42101,"101_110",4210160000,42101036900,1025,1.15,20,30.464041,4.150253,103.075762
"574",27724,428216,1,42821601,51.89662555,89.63109736,1,NA,4.28216e+11,3,4.28216e+13,4282160103,NA,NA,1,NA,NA,4,1,42,1,42101,"101_110",4210160000,42101036900,1025,"14:30",19,NA,NA,NA,"0:10","","","","14:40",23,5,NA,NA,NA,NA,NA,NA,NA,NA,NA,NA,NA,NA,NA,NA,NA,NA,NA,NA,NA,NA,NA,NA,NA,NA,NA,NA,NA,NA,NA,NA,4,1,42,1,42101,"101_110",4210160000,42101036900,1030,1.15,15,5.4,0.203188,103.075762
"575",28056,430255,1,43025501,221.0071427,367.672867,1,NA,4.30255e+11,1,4.30255e+13,4302550101,NA,NA,2,4,2,1,1,42,1,42045,"045_203",4204579000,42045400500,4461,"",1,NA,NA,NA,"0:00","","","","9:00",14,5,NA,NA,NA,NA,NA,NA,NA,NA,NA,NA,NA,NA,NA,NA,NA,NA,NA,NA,NA,NA,NA,NA,NA,NA,NA,NA,NA,NA,NA,NA,4,3,42,1,42045,"045_206",4204533144,42045409100,5011,1.17,30,19.508835,2.48631,430.1772544
"576",28059,430255,1,43025501,221.0071427,367.672867,1,NA,4.30255e+11,4,4.30255e+13,4302550104,NA,NA,2,NA,NA,4,1,42,1,42045,"045_206",4204533144,42045408500,5010,"9999",8,NA,NA,NA,"0:00","","","","9999",14,5,NA,NA,NA,NA,NA,NA,NA,NA,NA,NA,NA,NA,NA,NA,NA,NA,NA,NA,NA,NA,NA,NA,NA,NA,NA,NA,NA,NA,NA,NA,4,1,42,1,42045,"045_206",4204554224,42045409903,5039,1.17,NA,NA,NA,430.1772544
"577",28177,430605,1,43060501,543.8800878,135.9335036,1,NA,4.30605e+11,1,4.30605e+13,4306050101,NA,NA,2,2,2,1,1,42,1,42101,"101_110",4210160000,42101008701,1033,"",1,NA,NA,NA,"5:30","","","","9:00",21,5,NA,NA,NA,NA,NA,NA,NA,NA,NA,NA,NA,NA,NA,NA,NA,NA,NA,NA,NA,NA,NA,NA,NA,NA,NA,NA,NA,NA,NA,NA,3,6,42,1,42101,"101_103",4210160000,42101012500,135,1.17,25,30.131624,3.66318,159.0421992
"578",28178,430605,1,43060501,543.8800878,135.9335036,1,NA,4.30605e+11,2,4.30605e+13,4306050102,NA,NA,2,NA,NA,3,6,42,1,42101,"101_103",4210160000,42101012500,135,"9:25",4,NA,NA,NA,"1:30","","","","11:30",21,5,NA,NA,NA,NA,NA,NA,NA,NA,NA,NA,NA,NA,NA,NA,NA,NA,NA,NA,NA,NA,NA,NA,NA,NA,NA,NA,NA,NA,NA,NA,4,1,42,1,42101,"101_110",4210160000,42101036900,1030,1.17,35,23.246607,2.506688,159.0421992
"579",28253,431031,1,43103101,318.6405375,97.35893424,1,NA,4.31031e+11,1,4.31031e+13,4310310101,NA,NA,1,2,2,1,1,42,1,42101,"101_103",4210160000,42101000401,103,"",1,NA,NA,NA,"3:00","","","","11:30",23,5,NA,NA,NA,NA,NA,NA,NA,NA,NA,NA,NA,NA,NA,NA,NA,NA,NA,NA,NA,NA,NA,NA,NA,NA,NA,NA,NA,NA,NA,NA,2,1,42,1,42101,"101_110",4210160000,42101009000,1036,1.17,30,12.364913,0.904474,113.9099531
"580",28316,431230,1,43123001,210.3458359,481.9935663,1,NA,4.3123e+11,1,4.3123e+13,4312300101,NA,NA,3,2,2,1,1,42,1,42101,"101_108",4210160000,42101021000,3207,"",1,NA,NA,NA,"6:00","","","","9:10",14,5,NA,NA,NA,NA,NA,NA,NA,NA,NA,NA,NA,NA,NA,NA,NA,NA,NA,NA,NA,NA,NA,NA,NA,NA,NA,NA,NA,NA,NA,NA,2,1,42,1,42101,"101_103",4210160000,42101000402,93,1.12,15,21.146886,7.683325,539.8327943
"581",28447,432026,1,43202601,379.4674862,424.2472913,1,NA,4.32026e+11,1,4.32026e+13,4320260101,NA,NA,1,1,2,1,1,42,1,42101,"101_109",4210160000,42101017900,619,"",1,NA,NA,NA,"10:00","","","","15:30",14,5,NA,NA,NA,NA,NA,NA,NA,NA,NA,NA,NA,NA,NA,NA,NA,NA,NA,NA,NA,NA,NA,NA,NA,NA,NA,NA,NA,NA,NA,NA,2,1,42,1,42101,"101_112",4210160000,42101002802,829,1.17,60,46.937114,6.939465,496.3693308
"582",28448,432026,1,43202601,379.4674862,424.2472913,1,NA,4.32026e+11,2,4.32026e+13,4320260102,NA,NA,1,NA,NA,2,1,42,1,42101,"101_112",4210160000,42101002802,829,"16:30",5,NA,NA,NA,"4:00","","","","21:00",14,5,NA,NA,NA,NA,NA,NA,NA,NA,NA,NA,NA,NA,NA,NA,NA,NA,NA,NA,NA,NA,NA,NA,NA,NA,NA,NA,NA,NA,NA,NA,1,1,42,1,42101,"101_109",4210160000,42101017900,619,1.17,65,45.038301,7.184285,496.3693308
"583",28519,432208,1,43220801,616.7457714,288.2863846,1,NA,4.32208e+11,1,4.32208e+13,4322080101,NA,NA,1,1,2,1,1,42,1,42101,"101_101",4210160000,42101019800,1425,"",1,NA,NA,NA,"0:00","","","","7:20",14,5,NA,NA,NA,NA,NA,NA,NA,NA,NA,NA,NA,NA,NA,NA,NA,NA,NA,NA,NA,NA,NA,NA,NA,NA,NA,NA,NA,NA,NA,NA,2,1,42,1,42101,"101_103",4210160000,42101000402,95,1.17,55,27.685963,4.966957,337.29507
"584",28520,432208,1,43220801,616.7457714,288.2863846,1,NA,4.32208e+11,2,4.32208e+13,4322080102,NA,NA,1,NA,NA,2,1,42,1,42101,"101_103",4210160000,42101000402,95,"8:15",5,NA,NA,NA,"0:00","","","","12:30",14,5,NA,NA,NA,NA,NA,NA,NA,NA,NA,NA,NA,NA,NA,NA,NA,NA,NA,NA,NA,NA,NA,NA,NA,NA,NA,NA,NA,NA,NA,NA,1,1,42,1,42101,"101_101",4210160000,42101019800,1425,1.17,45,29.525072,4.973575,337.29507
"585",28521,432208,1,43220801,616.7457714,288.2863846,2,NA,4.32208e+11,3,4.32208e+13,4322080103,NA,NA,2,1,NA,1,1,42,1,42101,"101_101",4210160000,42101019800,1425,"13:15",1,NA,NA,NA,"0:00","","","","9999",14,5,NA,NA,NA,NA,NA,NA,NA,NA,NA,NA,NA,NA,NA,NA,NA,NA,NA,NA,NA,NA,NA,NA,NA,NA,NA,NA,NA,NA,NA,NA,4,1,42,1,42101,"101_101",4210160000,42101020000,1415,1.17,NA,NA,NA,337.29507
"586",28522,432208,1,43220801,616.7457714,288.2863846,2,NA,4.32208e+11,4,4.32208e+13,4322080104,NA,NA,2,NA,NA,4,1,42,1,42101,"101_101",4210160000,42101020000,1415,"15:00",12,NA,NA,NA,"0:00","","","","19:00",14,5,NA,NA,NA,NA,NA,NA,NA,NA,NA,NA,NA,NA,NA,NA,NA,NA,NA,NA,NA,NA,NA,NA,NA,NA,NA,NA,NA,NA,NA,NA,1,1,42,1,42101,"101_101",4210160000,42101019800,1425,1.17,60,10.453227,0.906985,337.29507
"587",28718,432929,3,43292903,245.8166678,303.5352475,1,NA,4.32929e+11,1,4.32929e+13,4329290301,NA,NA,1,1,2,1,1,42,1,42101,"101_114",4210160000,42101031300,1620,"",1,NA,NA,NA,"7:00","","","","10:00",14,5,NA,NA,NA,NA,NA,NA,NA,NA,NA,NA,NA,NA,NA,NA,NA,NA,NA,NA,NA,NA,NA,NA,NA,NA,NA,NA,NA,NA,NA,NA,2,1,42,1,42101,"101_116",4210160000,42101035301,3608,1.17,NA,46.737717,8.168699,355.1362396
"588",28719,432929,3,43292903,245.8166678,303.5352475,1,NA,4.32929e+11,2,4.32929e+13,4329290302,NA,NA,1,NA,NA,2,1,42,1,42101,"101_116",4210160000,42101035301,3608,"9999",5,NA,NA,NA,"8:00","","","","19:00",14,5,NA,NA,NA,NA,NA,NA,NA,NA,NA,NA,NA,NA,NA,NA,NA,NA,NA,NA,NA,NA,NA,NA,NA,NA,NA,NA,NA,NA,NA,NA,1,1,42,1,42101,"101_114",4210160000,42101031300,1620,1.17,63,39.327297,7.476938,355.1362396
"589",28835,433373,1,43337301,256.8845842,201.6404851,2,NA,4.33373e+11,3,4.33373e+13,4333730103,NA,NA,2,NA,NA,4,3,42,1,42101,"101_115",4210160000,42101027300,2614,"12:25",6,8,NA,NA,"0:00","","","","14:00",14,5,NA,NA,NA,NA,NA,NA,NA,NA,NA,NA,NA,NA,NA,NA,NA,NA,NA,NA,NA,NA,NA,NA,NA,NA,NA,NA,NA,NA,NA,NA,4,1,42,1,42101,"101_114",4210160000,42101029100,1616,1.17,15,9.627913,0.573126,235.9193675
"590",29022,434235,3,43423503,295.2216189,269.9681989,1,NA,4.34235e+11,2,4.34235e+13,4342350302,NA,NA,2,NA,NA,3,6,42,1,42101,"101_103",4210160000,42101013300,137,"7:50",3,4,NA,NA,"6:30","3:00","","","17:30",14,5,NA,NA,NA,NA,NA,NA,NA,NA,NA,NA,NA,NA,NA,NA,NA,NA,NA,NA,NA,NA,NA,NA,NA,NA,NA,NA,NA,NA,NA,NA,4,1,42,1,42101,"101_103",4210160000,42101000402,92,1.12,20,12.02212,1.270445,302.3643828
"591",29160,435293,3,43529303,251.3888522,201.9025439,1,NA,4.35293e+11,2,4.35293e+13,4352930302,NA,NA,2,NA,NA,3,6,42,1,42101,"101_116",4210160000,42101036203,3615,"7:05",3,NA,NA,NA,"7:55","","","","15:00",14,5,NA,NA,NA,NA,NA,NA,NA,NA,NA,NA,NA,NA,NA,NA,NA,NA,NA,NA,NA,NA,NA,NA,NA,NA,NA,NA,NA,NA,NA,NA,1,1,42,1,42101,"101_118",4210160000,42101034000,2821,1.12,45,43.691773,11.188608,226.1308492
"592",29182,435428,1,43542801,51.89662555,98.45564343,1,NA,4.35428e+11,1,4.35428e+13,4354280101,NA,NA,1,1,2,1,1,42,1,42101,"101_103",4210160000,42101001900,7,"",1,NA,NA,NA,"5:30","","","","8:52",14,5,NA,NA,NA,NA,NA,NA,NA,NA,NA,NA,NA,NA,NA,NA,NA,NA,NA,NA,NA,NA,NA,NA,NA,NA,NA,NA,NA,NA,NA,NA,2,1,42,1,42101,"101_103",4210160000,42101000402,99,1.15,17,16.778959,1.40197,113.2239899
"593",29183,435428,1,43542801,51.89662555,98.45564343,1,NA,4.35428e+11,2,4.35428e+13,4354280102,NA,NA,1,NA,NA,2,1,42,1,42101,"101_103",4210160000,42101000402,99,"9:09",5,NA,NA,NA,"8:35","","","","17:44",14,5,NA,NA,NA,NA,NA,NA,NA,NA,NA,NA,NA,NA,NA,NA,NA,NA,NA,NA,NA,NA,NA,NA,NA,NA,NA,NA,NA,NA,NA,NA,1,1,42,1,42101,"101_103",4210160000,42101001900,7,1.15,19,12.941454,1.15429,113.2239899
"594",29343,436401,1,43640101,164.381274,106.8804314,1,NA,4.36401e+11,1,4.36401e+13,4364010101,NA,NA,2,1,2,1,1,42,1,42101,"101_103",4210160000,42101001001,36,"",1,NA,NA,NA,"8:00","","","","12:25",14,5,NA,NA,NA,NA,NA,NA,NA,NA,NA,NA,NA,NA,NA,NA,NA,NA,NA,NA,NA,NA,NA,NA,NA,NA,NA,NA,NA,NA,NA,NA,4,1,42,1,42101,"101_103",4210160000,42101000600,58,1.17,15,13.731081,0.918371,125.0501048
"595",29431,436953,1,43695301,293.3707508,114.9809934,1,NA,4.36953e+11,1,4.36953e+13,4369530101,NA,NA,1,1,2,1,1,42,1,42101,"101_108",4210160000,42101021400,3209,"",1,NA,NA,NA,"4:00","","","","7:00",14,5,NA,NA,NA,NA,NA,NA,NA,NA,NA,NA,NA,NA,NA,NA,NA,NA,NA,NA,NA,NA,NA,NA,NA,NA,NA,NA,NA,NA,NA,NA,2,1,42,1,42101,"101_108",4210160000,42101038400,3221,1.17,30,26.560449,4.020012,134.5277623
"596",29432,436953,1,43695301,293.3707508,114.9809934,1,NA,4.36953e+11,2,4.36953e+13,4369530102,NA,NA,1,NA,NA,2,1,42,1,42101,"101_108",4210160000,42101038400,3221,"7:30",5,8,NA,NA,"8:30","1:15","","","17:15",14,5,NA,NA,NA,NA,NA,NA,NA,NA,NA,NA,NA,NA,NA,NA,NA,NA,NA,NA,NA,NA,NA,NA,NA,NA,NA,NA,NA,NA,NA,NA,1,1,42,1,42101,"101_108",4210160000,42101021400,3209,1.17,15,25.348863,4.121336,134.5277623
"597",29560,438154,1,43815401,186.541371,169.4468022,1,NA,4.38154e+11,1,4.38154e+13,4381540101,NA,NA,1,1,2,1,1,42,1,42101,"101_103",4210160000,42101013500,140,"",1,NA,NA,NA,"4:00","","","","8:15",14,5,NA,NA,NA,NA,NA,NA,NA,NA,NA,NA,NA,NA,NA,NA,NA,NA,NA,NA,NA,NA,NA,NA,NA,NA,NA,NA,NA,NA,NA,NA,2,1,42,1,42101,"101_103",4210160000,42101000500,90,1.12,35,21.33371,1.973263,189.7804184
"598",29561,438154,1,43815401,186.541371,169.4468022,1,NA,4.38154e+11,2,4.38154e+13,4381540102,NA,NA,1,NA,NA,2,1,42,1,42101,"101_103",4210160000,42101000500,90,"8:50",5,NA,NA,NA,"8:30","","","","17:30",14,5,NA,NA,NA,NA,NA,NA,NA,NA,NA,NA,NA,NA,NA,NA,NA,NA,NA,NA,NA,NA,NA,NA,NA,NA,NA,NA,NA,NA,NA,NA,1,1,42,1,42101,"101_103",4210160000,42101013500,140,1.12,30,17.952199,1.937098,189.7804184
"599",29581,438484,1,43848401,66.89625544,102.8047484,1,NA,4.38484e+11,2,4.38484e+13,4384840102,NA,NA,1,NA,NA,4,1,42,1,42101,"101_112",4210160000,42101002900,834,"8:37",19,NA,NA,NA,"0:03","","","","8:40",21,5,NA,NA,NA,NA,NA,NA,NA,NA,NA,NA,NA,NA,NA,NA,NA,NA,NA,NA,NA,NA,NA,NA,NA,NA,NA,NA,NA,NA,NA,NA,4,1,42,1,42101,"101_103",4210160000,42101000500,74,1.15,3,11.813283,1.812381,118.2254606
"600",29582,438484,1,43848401,66.89625544,102.8047484,1,NA,4.38484e+11,3,4.38484e+13,4384840103,NA,NA,1,NA,NA,4,1,42,1,42101,"101_103",4210160000,42101000500,74,"8:43",19,NA,NA,NA,"0:03","","","","8:46",23,5,NA,NA,NA,NA,NA,NA,NA,NA,NA,NA,NA,NA,NA,NA,NA,NA,NA,NA,NA,NA,NA,NA,NA,NA,NA,NA,NA,NA,NA,NA,4,1,42,1,42101,"101_103",4210160000,42101000402,82,1.15,2,7.183058,0.637351,118.2254606
"601",29586,438484,1,43848401,66.89625544,102.8047484,1,NA,4.38484e+11,7,4.38484e+13,4384840107,NA,NA,1,NA,NA,4,1,42,1,42101,"101_103",4210160000,42101000500,74,"18:07",19,NA,NA,NA,"0:00","","","","18:10",21,5,NA,NA,NA,NA,NA,NA,NA,NA,NA,NA,NA,NA,NA,NA,NA,NA,NA,NA,NA,NA,NA,NA,NA,NA,NA,NA,NA,NA,NA,NA,4,1,42,1,42101,"101_112",4210160000,42101002900,834,1.15,3,11.905431,1.798604,118.2254606
"602",29592,438484,2,43848402,66.89625544,105.2154024,1,NA,4.38484e+11,2,4.38484e+13,4384840202,NA,NA,1,NA,NA,4,1,42,1,42101,"101_112",4210160000,42101002900,834,"8:37",19,NA,NA,NA,"0:00","","","","8:42",21,5,NA,NA,NA,NA,NA,NA,NA,NA,NA,NA,NA,NA,NA,NA,NA,NA,NA,NA,NA,NA,NA,NA,NA,NA,NA,NA,NA,NA,NA,NA,4,1,42,1,42101,"101_103",4210160000,42101000500,74,1.15,8,11.813283,1.812381,120.9977128
"603",29593,438484,2,43848402,66.89625544,105.2154024,1,NA,4.38484e+11,3,4.38484e+13,4384840203,NA,NA,1,NA,NA,4,1,42,1,42101,"101_103",4210160000,42101000500,74,"8:50",19,NA,NA,NA,"0:00","","","","8:52",23,5,NA,NA,NA,NA,NA,NA,NA,NA,NA,NA,NA,NA,NA,NA,NA,NA,NA,NA,NA,NA,NA,NA,NA,NA,NA,NA,NA,NA,NA,NA,4,1,42,1,42101,"101_103",4210160000,42101000402,82,1.15,2,7.183058,0.637351,120.9977128
"604",29596,438484,2,43848402,66.89625544,105.2154024,1,NA,4.38484e+11,6,4.38484e+13,4384840206,NA,NA,1,NA,NA,4,1,42,1,42101,"101_103",4210160000,42101000500,74,"18:12",19,NA,NA,NA,"0:00","","","","18:15",21,5,NA,NA,NA,NA,NA,NA,NA,NA,NA,NA,NA,NA,NA,NA,NA,NA,NA,NA,NA,NA,NA,NA,NA,NA,NA,NA,NA,NA,NA,NA,4,1,42,1,42101,"101_112",4210160000,42101002900,834,1.15,8,11.905431,1.798604,120.9977128
"605",29612,438735,1,43873501,228.5125741,232.4840339,1,NA,4.38735e+11,1,4.38735e+13,4387350101,NA,NA,3,2,2,4,1,42,1,42101,"101_111",4210160000,42101011400,1237,"",16,NA,NA,NA,"2:15","","","","11:25",14,5,NA,NA,NA,NA,NA,NA,NA,NA,NA,NA,NA,NA,NA,NA,NA,NA,NA,NA,NA,NA,NA,NA,NA,NA,NA,NA,NA,NA,NA,NA,4,1,42,1,42045,"045_203",4204579000,42045400802,4440,1.17,15,37.797493,4.098627,272.0063197
"606",29613,438735,1,43873501,228.5125741,232.4840339,1,NA,4.38735e+11,2,4.38735e+13,4387350102,NA,NA,3,NA,NA,4,1,42,1,42045,"045_203",4204579000,42045400802,4440,"11:40",19,NA,NA,NA,"1:30","","","","13:10",14,5,NA,NA,NA,NA,NA,NA,NA,NA,NA,NA,NA,NA,NA,NA,NA,NA,NA,NA,NA,NA,NA,NA,NA,NA,NA,NA,NA,NA,NA,NA,4,1,42,1,42101,"101_111",4210160000,42101008400,1213,1.17,35,30.047359,3.70537,272.0063197
"607",29720,439523,1,43952301,424.9006613,196.7692999,1,NA,4.39523e+11,1,4.39523e+13,4395230101,NA,NA,1,2,2,1,1,42,1,42101,"101_114",4210160000,42101029300,1603,"",1,NA,NA,NA,"8:00","","","","9998",14,5,NA,NA,NA,NA,NA,NA,NA,NA,NA,NA,NA,NA,NA,NA,NA,NA,NA,NA,NA,NA,NA,NA,NA,NA,NA,NA,NA,NA,NA,NA,4,1,42,1,42091,"091_410",4209179176,42091200308,11834,1.17,NA,NA,NA,230.2200809
"608",29722,439523,1,43952301,424.9006613,196.7692999,1,NA,4.39523e+11,3,4.39523e+13,4395230103,NA,NA,1,NA,NA,2,1,42,1,42091,"091_412",4209100156,42091201603,12226,"9998",5,NA,NA,NA,"7:00","","","","9998",14,5,NA,NA,NA,NA,NA,NA,NA,NA,NA,NA,NA,NA,NA,NA,NA,NA,NA,NA,NA,NA,NA,NA,NA,NA,NA,NA,NA,NA,NA,NA,1,1,42,1,42101,"101_114",4210160000,42101029300,1603,1.17,NA,NA,NA,230.2200809
"609",29723,439523,1,43952301,424.9006613,196.7692999,2,NA,4.39523e+11,4,4.39523e+13,4395230104,NA,NA,1,1,NA,1,1,42,1,42101,"101_114",4210160000,42101029300,1603,"9998",1,NA,NA,NA,"4:00","","","","9998",14,5,NA,NA,NA,NA,NA,NA,NA,NA,NA,NA,NA,NA,NA,NA,NA,NA,NA,NA,NA,NA,NA,NA,NA,NA,NA,NA,NA,NA,NA,NA,2,1,42,1,42091,"091_412",4209100156,42091201603,12226,1.17,NA,NA,NA,230.2200809
"610",29724,439523,1,43952301,424.9006613,196.7692999,2,NA,4.39523e+11,5,4.39523e+13,4395230105,NA,NA,1,NA,NA,2,1,42,1,42091,"091_412",4209100156,42091201603,12226,"9998",5,NA,NA,NA,"0:00","","","","9998",14,5,NA,NA,NA,NA,NA,NA,NA,NA,NA,NA,NA,NA,NA,NA,NA,NA,NA,NA,NA,NA,NA,NA,NA,NA,NA,NA,NA,NA,NA,NA,1,1,42,1,42101,"101_114",4210160000,42101029300,1603,1.17,NA,NA,NA,230.2200809
"611",29826,439829,1,43982901,125.9905753,119.6593235,1,NA,4.39829e+11,1,4.39829e+13,4398290101,NA,NA,1,1,2,1,1,42,1,42101,"101_103",4210160000,42101001001,36,"",1,NA,NA,NA,"0:00","","","","6:52",21,5,NA,NA,NA,NA,NA,NA,NA,NA,NA,NA,NA,NA,NA,NA,NA,NA,NA,NA,NA,NA,NA,NA,NA,NA,NA,NA,NA,NA,NA,NA,2,1,42,1,42101,"101_112",4210160000,42101002300,844,1.12,28,19.234006,1.629065,134.0184423
"612",29827,439829,1,43982901,125.9905753,119.6593235,1,NA,4.39829e+11,2,4.39829e+13,4398290102,NA,NA,1,NA,NA,2,1,42,1,42101,"101_112",4210160000,42101002300,844,"7:20",5,NA,NA,NA,"0:00","","","","15:30",21,5,NA,NA,NA,NA,NA,NA,NA,NA,NA,NA,NA,NA,NA,NA,NA,NA,NA,NA,NA,NA,NA,NA,NA,NA,NA,NA,NA,NA,NA,NA,1,1,42,1,42101,"101_103",4210160000,42101001001,36,1.12,40,20.307047,1.402196,134.0184423
"613",29989,440839,1,44083901,181.6613454,130.3015665,1,NA,4.40839e+11,2,4.40839e+13,4408390102,NA,NA,2,NA,NA,4,1,42,1,42101,"101_117",4210160000,42101038900,2428,"10:05",19,NA,NA,NA,"0:00","","","","10:11",14,5,NA,NA,NA,NA,NA,NA,NA,NA,NA,NA,NA,NA,NA,NA,NA,NA,NA,NA,NA,NA,NA,NA,NA,NA,NA,NA,NA,NA,NA,NA,4,1,42,1,42101,"101_115",4210160000,42101028200,2615,1.17,7,26.761107,2.849314,152.4528328
"614",29990,440839,1,44083901,181.6613454,130.3015665,1,NA,4.40839e+11,3,4.40839e+13,4408390103,NA,NA,2,NA,NA,4,1,42,1,42101,"101_115",4210160000,42101028200,2615,"10:18",19,NA,NA,NA,"0:00","","","","10:25",21,5,NA,NA,NA,NA,NA,NA,NA,NA,NA,NA,NA,NA,NA,NA,NA,NA,NA,NA,NA,NA,NA,NA,NA,NA,NA,NA,NA,NA,NA,NA,4,1,42,1,42101,"101_110",4210160000,42101008802,1031,1.17,22,40.373061,8.962175,152.4528328
"615",29992,440839,1,44083901,181.6613454,130.3015665,1,NA,4.40839e+11,5,4.40839e+13,4408390105,NA,NA,2,NA,NA,4,1,42,1,42101,"101_110",4210160000,42101008802,1031,"11:05",19,NA,NA,NA,"0:00","","","","11:10",21,5,NA,NA,NA,NA,NA,NA,NA,NA,NA,NA,NA,NA,NA,NA,NA,NA,NA,NA,NA,NA,NA,NA,NA,NA,NA,NA,NA,NA,NA,NA,4,1,42,1,42101,"101_104",4210160000,42101031600,3014,1.17,10,48.637724,11.261119,152.4528328
"616",29995,440839,1,44083901,181.6613454,130.3015665,1,NA,4.40839e+11,8,4.40839e+13,4408390108,NA,NA,2,NA,NA,4,1,42,1,42101,"101_115",4210160000,42101027800,2620,"11:38",19,NA,NA,NA,"0:00","","","","11:40",14,5,NA,NA,NA,NA,NA,NA,NA,NA,NA,NA,NA,NA,NA,NA,NA,NA,NA,NA,NA,NA,NA,NA,NA,NA,NA,NA,NA,NA,NA,NA,4,1,42,1,42091,"091_412",4209112968,42091202500,12238,1.17,25,26.725085,3.81826,152.4528328
"617",29998,440839,1,44083901,181.6613454,130.3015665,1,NA,4.40839e+11,11,4.40839e+13,4408390111,NA,NA,2,NA,NA,4,1,42,1,42091,"091_412",4209112968,42091202500,12238,"12:25",96,NA,NA,NA,"0:00","","","","1:00",14,5,NA,NA,NA,NA,NA,NA,NA,NA,NA,NA,NA,NA,NA,NA,NA,NA,NA,NA,NA,NA,NA,NA,NA,NA,NA,NA,NA,NA,NA,NA,1,1,42,1,42101,"101_117",4210160000,42101025200,2420,1.17,-615,29.469078,3.751145,152.4528328
"618",30011,440901,2,44090102,1019.897822,2090.194213,1,NA,4.40901e+11,1,4.40901e+13,4409010201,NA,NA,2,1,2,1,1,42,1,42101,"101_107",4210160000,42101015200,422,"",1,NA,NA,NA,"0:00","","","","9:00",14,5,NA,NA,NA,NA,NA,NA,NA,NA,NA,NA,NA,NA,NA,NA,NA,NA,NA,NA,NA,NA,NA,NA,NA,NA,NA,NA,NA,NA,NA,NA,4,1,42,1,42101,"101_103",4210160000,42101000500,88,1.17,45,29.964168,3.287325,2445.527229
"619",30012,440901,2,44090102,1019.897822,2090.194213,1,NA,4.40901e+11,2,4.40901e+13,4409010202,NA,NA,2,NA,NA,4,1,42,1,42101,"101_103",4210160000,42101000500,88,"9:45",9,NA,NA,NA,"0:00","","","","12:00",21,5,NA,NA,NA,NA,NA,NA,NA,NA,NA,NA,NA,NA,NA,NA,NA,NA,NA,NA,NA,NA,NA,NA,NA,NA,NA,NA,NA,NA,NA,NA,1,1,42,1,42101,"101_107",4210160000,42101015200,422,1.17,30,35.148436,3.990766,2445.527229
"620",30014,440901,3,44090103,1019.897822,1189.667574,1,NA,4.40901e+11,1,4.40901e+13,4409010301,NA,NA,3,1,2,1,1,42,1,42101,"101_107",4210160000,42101015200,422,"",1,NA,NA,NA,"0:00","","","","9:00",21,5,NA,NA,NA,NA,NA,NA,NA,NA,NA,NA,NA,NA,NA,NA,NA,NA,NA,NA,NA,NA,NA,NA,NA,NA,NA,NA,NA,NA,NA,NA,4,1,42,1,42101,"101_103",4210160000,42101000500,88,1.17,45,29.964168,3.287325,1391.911062
"621",30015,440901,3,44090103,1019.897822,1189.667574,1,NA,4.40901e+11,2,4.40901e+13,4409010302,NA,NA,3,NA,NA,4,1,42,1,42101,"101_103",4210160000,42101000500,88,"9:45",20,9,NA,NA,"0:00","","","","12:00",14,5,NA,NA,NA,NA,NA,NA,NA,NA,NA,NA,NA,NA,NA,NA,NA,NA,NA,NA,NA,NA,NA,NA,NA,NA,NA,NA,NA,NA,NA,NA,4,1,42,1,42101,"101_101",4210160000,42101017202,1409,1.17,60,31.49157,4.50009,1391.911062
"622",30263,442498,1,44249801,228.4384878,97.7935925,1,NA,4.42498e+11,2,4.42498e+13,4424980102,NA,NA,2,NA,NA,4,1,42,1,42101,"101_103",4210160000,42101000500,90,"10:55",8,NA,NA,NA,"0:00","","","","11:30",14,5,NA,NA,NA,NA,NA,NA,NA,NA,NA,NA,NA,NA,NA,NA,NA,NA,NA,NA,NA,NA,NA,NA,NA,NA,NA,NA,NA,NA,NA,NA,1,1,42,1,42101,"101_103",4210160000,42101001001,36,1.17,25,14.486447,0.869124,114.4185032
"623",30594,443973,1,44397301,246.4304971,549.4336346,1,NA,4.43973e+11,1,4.43973e+13,4439730101,NA,NA,1,1,2,1,1,42,1,42101,"101_111",4210160000,42101009400,1215,"",1,NA,NA,NA,"5:00","","","","8:03",21,5,NA,NA,NA,NA,NA,NA,NA,NA,NA,NA,NA,NA,NA,NA,NA,NA,NA,NA,NA,NA,NA,NA,NA,NA,NA,NA,NA,NA,NA,NA,2,1,42,1,42101,"101_103",4210160000,42101000401,103,1.17,23,18.436765,3.152229,642.8373525
"624",30611,444013,1,44401301,374.2320168,2513.964896,1,NA,4.44013e+11,1,4.44013e+13,4440130101,NA,NA,2,1,2,1,1,42,1,42101,"101_111",4210160000,42101008102,1208,"",1,12,15,8,"2:00","1:00","1:00","3:30","11:00",14,5,NA,NA,NA,NA,NA,NA,NA,NA,NA,NA,NA,NA,NA,NA,NA,NA,NA,NA,NA,NA,NA,NA,NA,NA,NA,NA,NA,NA,NA,NA,4,1,42,1,42101,"101_103",4210160000,42101000200,107,1.17,45,32.949828,5.128412,2941.338928
"625",30742,445008,1,44500801,215.8618035,89.96330309,1,NA,4.45008e+11,1,4.45008e+13,4450080101,NA,NA,2,2,2,1,1,42,1,42101,"101_103",4210160000,42101000300,122,"",1,NA,NA,NA,"8:30","","","","11:30",23,5,NA,NA,NA,NA,NA,NA,NA,NA,NA,NA,NA,NA,NA,NA,NA,NA,NA,NA,NA,NA,NA,NA,NA,NA,NA,NA,NA,NA,NA,NA,4,1,42,1,42101,"101_103",4210160000,42101000803,47,1.17,30,16.300433,0.873634,105.2570646
"626",30743,445008,1,44500801,215.8618035,89.96330309,1,NA,4.45008e+11,2,4.45008e+13,4450080102,NA,NA,2,NA,NA,4,1,42,1,42101,"101_103",4210160000,42101000803,47,"12:00",6,NA,NA,NA,"1:00","","","","13:00",14,5,NA,NA,NA,NA,NA,NA,NA,NA,NA,NA,NA,NA,NA,NA,NA,NA,NA,NA,NA,NA,NA,NA,NA,NA,NA,NA,NA,NA,NA,NA,4,1,42,1,42101,"101_103",4210160000,42101000500,90,1.17,20,16.369159,1.055961,105.2570646
"627",30744,445008,1,44500801,215.8618035,89.96330309,1,NA,4.45008e+11,3,4.45008e+13,4450080103,NA,NA,2,NA,NA,4,1,42,1,42101,"101_103",4210160000,42101000500,90,"13:20",11,8,NA,NA,"1:00","","","","14:50",14,5,NA,NA,NA,NA,NA,NA,NA,NA,NA,NA,NA,NA,NA,NA,NA,NA,NA,NA,NA,NA,NA,NA,NA,NA,NA,NA,NA,NA,NA,NA,1,1,42,1,42101,"101_103",4210160000,42101000300,122,1.17,25,14.736952,1.265775,105.2570646
"628",30874,446024,1,44602401,296.1791063,162.3304221,1,NA,4.46024e+11,1,4.46024e+13,4460240101,NA,NA,1,1,2,1,1,42,1,42101,"101_101",4210160000,42101020500,1440,"",1,5,6,NA,"5:00","3:00","3:00","","14:30",14,5,NA,NA,NA,NA,NA,NA,NA,NA,NA,NA,NA,NA,NA,NA,NA,NA,NA,NA,NA,NA,NA,NA,NA,NA,NA,NA,NA,NA,NA,NA,4,1,42,1,42101,"101_117",4210160000,42101024300,2401,1.17,30,13.435735,0.790302,189.9265939
"629",30875,446024,1,44602401,296.1791063,162.3304221,1,NA,4.46024e+11,2,4.46024e+13,4460240102,NA,NA,1,NA,NA,4,1,42,1,42101,"101_117",4210160000,42101024300,2401,"15:00",17,NA,NA,NA,"0:00","","","","15:10",14,5,NA,NA,NA,NA,NA,NA,NA,NA,NA,NA,NA,NA,NA,NA,NA,NA,NA,NA,NA,NA,NA,NA,NA,NA,NA,NA,NA,NA,NA,NA,1,1,42,1,42101,"101_101",4210160000,42101020500,1440,1.17,50,13.12126,0.782826,189.9265939
"630",31138,447621,1,44762101,164.381274,96.4352758,1,NA,4.47621e+11,2,4.47621e+13,4476210102,NA,NA,2,NA,NA,4,1,42,1,42101,"101_103",4210160000,42101000401,103,"9999",8,NA,NA,NA,"0:00","","","","9:30",14,5,NA,NA,NA,NA,NA,NA,NA,NA,NA,NA,NA,NA,NA,NA,NA,NA,NA,NA,NA,NA,NA,NA,NA,NA,NA,NA,NA,NA,NA,NA,1,1,42,1,42101,"101_103",4210160000,42101013601,141,1.17,30,11.29454,1.332058,112.8292727
"631",31139,447621,1,44762101,164.381274,96.4352758,2,NA,4.47621e+11,3,4.47621e+13,4476210103,NA,NA,2,1,NA,1,1,42,1,42101,"101_103",4210160000,42101013601,141,"10:00",14,NA,NA,NA,"0:00","","","","13:30",14,5,NA,NA,NA,NA,NA,NA,NA,NA,NA,NA,NA,NA,NA,NA,NA,NA,NA,NA,NA,NA,NA,NA,NA,NA,NA,NA,NA,NA,NA,NA,4,1,42,1,42101,"101_103",4210160000,42101000700,60,1.17,30,20.48011,1.075133,112.8292727
"632",31140,447621,1,44762101,164.381274,96.4352758,2,NA,4.47621e+11,4,4.47621e+13,4476210104,NA,NA,2,NA,NA,4,1,42,1,42101,"101_103",4210160000,42101000700,60,"14:00",8,NA,NA,NA,"0:00","","","","14:30",14,5,NA,NA,NA,NA,NA,NA,NA,NA,NA,NA,NA,NA,NA,NA,NA,NA,NA,NA,NA,NA,NA,NA,NA,NA,NA,NA,NA,NA,NA,NA,1,1,42,1,42101,"101_103",4210160000,42101013601,141,1.17,45,20.980782,1.342767,112.8292727
"633",31155,447938,1,44793801,1019.897822,134.1629431,1,NA,4.47938e+11,2,4.47938e+13,4479380102,NA,NA,1,NA,NA,4,1,42,1,42101,"101_110",4210160000,42101008702,1024,"7:30",18,NA,NA,NA,"0:00","","","","7:35",14,5,NA,NA,NA,NA,NA,NA,NA,NA,NA,NA,NA,NA,NA,NA,NA,NA,NA,NA,NA,NA,NA,NA,NA,NA,NA,NA,NA,NA,NA,NA,2,1,42,1,42101,"101_103",4210160000,42101001202,25,1.17,25,25.065674,2.855864,156.9706434
"634",31156,447938,1,44793801,1019.897822,134.1629431,1,NA,4.47938e+11,3,4.47938e+13,4479380103,NA,NA,1,NA,NA,2,1,42,1,42101,"101_103",4210160000,42101001202,25,"8:00",5,NA,NA,NA,"9:00","","","","17:00",14,5,NA,NA,NA,NA,NA,NA,NA,NA,NA,NA,NA,NA,NA,NA,NA,NA,NA,NA,NA,NA,NA,NA,NA,NA,NA,NA,NA,NA,NA,NA,4,1,42,1,42101,"101_110",4210160000,42101007800,1016,1.17,45,29.589872,3.492266,156.9706434
"635",31204,448341,1,44834101,164.381274,103.447772,1,NA,4.48341e+11,1,4.48341e+13,4483410101,NA,NA,2,1,2,1,1,42,1,42101,"101_112",4210160000,42101004202,808,"",1,NA,NA,NA,"5:00","","","","9:30",14,5,NA,NA,NA,NA,NA,NA,NA,NA,NA,NA,NA,NA,NA,NA,NA,NA,NA,NA,NA,NA,NA,NA,NA,NA,NA,NA,NA,NA,NA,NA,4,1,42,1,42101,"101_110",4210160000,42101009100,1037,1.17,30,42.12106,6.033575,121.0338932
"636",31205,448341,1,44834101,164.381274,103.447772,1,NA,4.48341e+11,2,4.48341e+13,4483410102,NA,NA,2,NA,NA,4,1,42,1,42101,"101_110",4210160000,42101009100,1037,"10:00",16,NA,NA,NA,"1:15","","","","12:15",14,5,NA,NA,NA,NA,NA,NA,NA,NA,NA,NA,NA,NA,NA,NA,NA,NA,NA,NA,NA,NA,NA,NA,NA,NA,NA,NA,NA,NA,NA,NA,1,1,42,1,42101,"101_112",4210160000,42101004202,808,1.17,705,38.757952,5.948095,121.0338932
"637",31537,450090,1,45009001,85.01081176,81.6560099,1,NA,4.5009e+11,2,4.5009e+13,4500900102,NA,NA,1,NA,NA,4,1,42,1,42029,"029_311",4202921928,42029300201,8006,"8:08",19,NA,NA,NA,"0:00","","","","8:10",23,5,NA,NA,NA,NA,NA,NA,NA,NA,NA,NA,NA,NA,NA,NA,NA,NA,NA,NA,NA,NA,NA,NA,NA,NA,NA,NA,NA,NA,NA,NA,2,1,42,1,42101,"101_110",4210160000,42101036900,1026,1.15,30,42.087041,16.330745,93.90441139
"638",31540,450090,1,45009001,85.01081176,81.6560099,1,NA,4.5009e+11,5,4.5009e+13,4500900105,NA,NA,1,NA,NA,4,1,42,1,42101,"101_103",4210160000,42101000401,84,"17:45",19,NA,NA,NA,"0:00","","","","17:47",14,5,NA,NA,NA,NA,NA,NA,NA,NA,NA,NA,NA,NA,NA,NA,NA,NA,NA,NA,NA,NA,NA,NA,NA,NA,NA,NA,NA,NA,NA,NA,4,1,42,1,42101,"101_103",4210160000,42101000402,80,1.15,3,7.781714,0.474224,93.90441139
"639",31543,450090,1,45009001,85.01081176,81.6560099,1,NA,4.5009e+11,8,4.5009e+13,4500900108,NA,NA,1,NA,NA,4,1,42,1,42101,"101_103",4210160000,42101000402,92,"19:35",19,NA,NA,NA,"0:00","","","","9999",23,5,NA,NA,NA,NA,NA,NA,NA,NA,NA,NA,NA,NA,NA,NA,NA,NA,NA,NA,NA,NA,NA,NA,NA,NA,NA,NA,NA,NA,NA,NA,2,1,42,1,42101,"101_103",4210160000,42101000401,102,1.15,NA,NA,NA,93.90441139
"640",31559,450238,1,45023801,58.49587084,92.45700687,1,NA,4.50238e+11,1,4.50238e+13,4502380101,NA,NA,1,1,2,1,1,42,1,42101,"101_112",4210160000,42101003200,840,"",1,14,NA,NA,"0:00","","","","8:05",14,5,NA,NA,NA,NA,NA,NA,NA,NA,NA,NA,NA,NA,NA,NA,NA,NA,NA,NA,NA,NA,NA,NA,NA,NA,NA,NA,NA,NA,NA,NA,2,1,42,1,42101,"101_103",4210160000,42101000300,115,1.15,15,27.745266,2.352002,106.3255579
"641",31560,450238,1,45023801,58.49587084,92.45700687,1,NA,4.50238e+11,2,4.50238e+13,4502380102,NA,NA,1,NA,NA,2,1,42,1,42101,"101_103",4210160000,42101000300,115,"8:20",5,NA,NA,NA,"0:00","","","","16:50",14,5,NA,NA,NA,NA,NA,NA,NA,NA,NA,NA,NA,NA,NA,NA,NA,NA,NA,NA,NA,NA,NA,NA,NA,NA,NA,NA,NA,NA,NA,NA,1,1,42,1,42101,"101_112",4210160000,42101003200,840,1.15,15,25.316308,2.538476,106.3255579
"642",31561,450238,1,45023801,58.49587084,92.45700687,2,NA,4.50238e+11,3,4.50238e+13,4502380103,NA,NA,2,1,NA,1,1,42,1,42101,"101_112",4210160000,42101003200,840,"17:05",1,10,NA,NA,"0:00","","","","17:55",14,5,NA,NA,NA,NA,NA,NA,NA,NA,NA,NA,NA,NA,NA,NA,NA,NA,NA,NA,NA,NA,NA,NA,NA,NA,NA,NA,NA,NA,NA,NA,4,1,42,1,42101,"101_103",4210160000,42101000700,59,1.15,10,24.048984,2.395619,106.3255579
"643",31562,450238,1,45023801,58.49587084,92.45700687,2,NA,4.50238e+11,4,4.50238e+13,4502380104,NA,NA,2,NA,NA,4,1,42,1,42101,"101_103",4210160000,42101000700,59,"18:05",11,NA,NA,NA,"0:00","","","","21:15",14,5,NA,NA,NA,NA,NA,NA,NA,NA,NA,NA,NA,NA,NA,NA,NA,NA,NA,NA,NA,NA,NA,NA,NA,NA,NA,NA,NA,NA,NA,NA,1,1,42,1,42101,"101_112",4210160000,42101003200,840,1.15,10,19.430769,2.274881,106.3255579
"644",31625,450596,2,45059602,124.777043,286.6454982,1,NA,4.50596e+11,2,4.50596e+13,4505960202,NA,NA,2,NA,NA,4,1,42,1,42101,"101_110",4210160000,42101009100,1037,"11:00",14,NA,NA,NA,"4:05","","","","15:30",14,5,NA,NA,NA,NA,NA,NA,NA,NA,NA,NA,NA,NA,NA,NA,NA,NA,NA,NA,NA,NA,NA,NA,NA,NA,NA,NA,NA,NA,NA,NA,4,1,42,1,42101,"101_110",4210160000,42101007900,1021,1.15,30,23.297955,1.98072,329.6423229
"645",31631,450596,3,45059603,124.777043,162.0470014,1,NA,4.50596e+11,2,4.50596e+13,4505960302,NA,NA,1,NA,NA,4,1,42,1,42101,"101_103",4210160000,42101013402,138,"14:03",5,NA,NA,NA,"2:30","","","","16:33",14,5,NA,NA,NA,NA,NA,NA,NA,NA,NA,NA,NA,NA,NA,NA,NA,NA,NA,NA,NA,NA,NA,NA,NA,NA,NA,NA,NA,NA,NA,NA,4,1,42,1,42101,"101_110",4210160000,42101007900,1021,1.15,42,34.773595,4.622201,186.3540516
"646",31987,452248,1,45224801,172.1268987,99.58873313,1,NA,4.52248e+11,2,4.52248e+13,4522480102,NA,NA,1,NA,NA,4,1,42,1,42101,"101_103",4210160000,42101001400,8,"8:34",96,NA,NA,NA,"0:00","","","","8:38",14,5,NA,NA,NA,NA,NA,NA,NA,NA,NA,NA,NA,NA,NA,NA,NA,NA,NA,NA,NA,NA,NA,NA,NA,NA,NA,NA,NA,NA,NA,NA,2,1,42,1,42101,"101_103",4210160000,42101000100,106,1.12,20,27.576123,2.30821,111.5393811
"647",31992,452248,2,45224802,172.1268987,96.92038715,1,NA,4.52248e+11,2,4.52248e+13,4522480202,NA,NA,1,NA,NA,4,1,42,1,42101,"101_103",4210160000,42101001400,8,"9:03",96,NA,NA,NA,"0:00","","","","9:06",14,5,NA,NA,NA,NA,NA,NA,NA,NA,NA,NA,NA,NA,NA,NA,NA,NA,NA,NA,NA,NA,NA,NA,NA,NA,NA,NA,NA,NA,NA,NA,2,1,42,1,42101,"101_103",4210160000,42101000500,90,1.12,14,20.379804,1.282394,108.5508336
"648",31998,452256,1,45225601,345.3436582,216.4897783,1,NA,4.52256e+11,1,4.52256e+13,4522560101,NA,NA,2,3,2,1,1,42,1,42101,"101_106",4210160000,42101011000,1230,"",1,NA,NA,NA,"0:00","","","","7:30",14,5,NA,NA,NA,NA,NA,NA,NA,NA,NA,NA,NA,NA,NA,NA,NA,NA,NA,NA,NA,NA,NA,NA,NA,NA,NA,NA,NA,NA,NA,NA,4,1,42,1,42101,"101_103",4210160000,42101000700,61,1.17,90,27.857043,3.878111,253.2930406
"649",31999,452256,1,45225601,345.3436582,216.4897783,1,NA,4.52256e+11,2,4.52256e+13,4522560102,NA,NA,2,NA,NA,4,1,42,1,42101,"101_103",4210160000,42101000700,61,"9:00",13,NA,NA,NA,"0:00","","","","13:30",14,5,NA,NA,NA,NA,NA,NA,NA,NA,NA,NA,NA,NA,NA,NA,NA,NA,NA,NA,NA,NA,NA,NA,NA,NA,NA,NA,NA,NA,NA,NA,4,1,42,1,42101,"101_103",4210160000,42101000600,54,1.17,90,14.705303,1.062962,253.2930406
"650",32000,452256,1,45225601,345.3436582,216.4897783,1,NA,4.52256e+11,3,4.52256e+13,4522560103,NA,NA,2,NA,NA,4,1,42,1,42101,"101_103",4210160000,42101000600,54,"15:00",16,NA,NA,NA,"0:00","","","","16:30",14,5,NA,NA,NA,NA,NA,NA,NA,NA,NA,NA,NA,NA,NA,NA,NA,NA,NA,NA,NA,NA,NA,NA,NA,NA,NA,NA,NA,NA,NA,NA,4,1,42,1,42101,"101_110",4210160000,42101009200,1038,1.17,60,21.20082,3.204171,253.2930406
"651",32001,452256,1,45225601,345.3436582,216.4897783,1,NA,4.52256e+11,4,4.52256e+13,4522560104,NA,NA,2,NA,NA,4,1,42,1,42101,"101_110",4210160000,42101009200,1038,"17:30",8,NA,NA,NA,"0:00","","","","18:10",14,5,NA,NA,NA,NA,NA,NA,NA,NA,NA,NA,NA,NA,NA,NA,NA,NA,NA,NA,NA,NA,NA,NA,NA,NA,NA,NA,NA,NA,NA,NA,1,1,42,1,42101,"101_106",4210160000,42101011000,1230,1.17,20,15.826609,1.495237,253.2930406
"652",32092,452712,1,45271201,443.9604921,122.7417803,1,NA,4.52712e+11,1,4.52712e+13,4527120101,NA,NA,1,1,2,1,1,42,1,42101,"101_110",4210160000,42101008701,1023,"",1,NA,NA,NA,"6:00","","","","9:00",14,5,NA,NA,NA,NA,NA,NA,NA,NA,NA,NA,NA,NA,NA,NA,NA,NA,NA,NA,NA,NA,NA,NA,NA,NA,NA,NA,NA,NA,NA,NA,2,1,42,1,42101,"101_110",4210160000,42101036900,1018,1.17,15,13.328026,1.283892,143.607883
"653",32093,452712,1,45271201,443.9604921,122.7417803,1,NA,4.52712e+11,2,4.52712e+13,4527120102,NA,NA,1,NA,NA,2,1,42,1,42101,"101_110",4210160000,42101036900,1018,"9:15",5,NA,NA,NA,"8:00","","","","17:15",14,5,NA,NA,NA,NA,NA,NA,NA,NA,NA,NA,NA,NA,NA,NA,NA,NA,NA,NA,NA,NA,NA,NA,NA,NA,NA,NA,NA,NA,NA,NA,1,1,42,1,42101,"101_110",4210160000,42101008701,1023,1.17,30,12.992782,1.08889,143.607883
"654",32212,453355,1,45335501,87.21865688,106.1766986,1,NA,4.53355e+11,1,4.53355e+13,4533550101,NA,NA,2,3,2,1,1,42,1,42101,"101_117",4210160000,42101024500,2406,"",1,12,16,9,"0:00","","","","9:00",14,5,NA,NA,NA,NA,NA,NA,NA,NA,NA,NA,NA,NA,NA,NA,NA,NA,NA,NA,NA,NA,NA,NA,NA,NA,NA,NA,NA,NA,NA,NA,4,1,42,1,42101,"101_117",4210160000,42101024600,2410,1.13,60,12.605163,1.169644,119.9796695
"655",32213,453355,1,45335501,87.21865688,106.1766986,1,NA,4.53355e+11,2,4.53355e+13,4533550102,NA,NA,2,NA,NA,4,1,42,1,42101,"101_117",4210160000,42101024600,2410,"10:00",1,12,NA,NA,"0:00","","","","12:15",14,5,NA,NA,NA,NA,NA,NA,NA,NA,NA,NA,NA,NA,NA,NA,NA,NA,NA,NA,NA,NA,NA,NA,NA,NA,NA,NA,NA,NA,NA,NA,4,1,42,1,42101,"101_115",4210160000,42101028200,2615,1.13,105,19.833085,2.431851,119.9796695
"656",32214,453355,1,45335501,87.21865688,106.1766986,1,NA,4.53355e+11,3,4.53355e+13,4533550103,NA,NA,2,NA,NA,4,1,42,1,42101,"101_115",4210160000,42101028200,2615,"14:00",16,NA,NA,NA,"0:00","","","","17:30",14,5,NA,NA,NA,NA,NA,NA,NA,NA,NA,NA,NA,NA,NA,NA,NA,NA,NA,NA,NA,NA,NA,NA,NA,NA,NA,NA,NA,NA,NA,NA,4,1,42,1,42091,"091_412",4209112968,42091202500,12238,1.13,60,32.589507,4.31491,119.9796695
"657",32215,453355,1,45335501,87.21865688,106.1766986,1,NA,4.53355e+11,4,4.53355e+13,4533550104,NA,NA,2,NA,NA,4,1,42,1,42091,"091_412",4209112968,42091202500,12238,"18:30",9,NA,NA,NA,"0:00","","","","20:30",14,5,NA,NA,NA,NA,NA,NA,NA,NA,NA,NA,NA,NA,NA,NA,NA,NA,NA,NA,NA,NA,NA,NA,NA,NA,NA,NA,NA,NA,NA,NA,1,1,42,1,42101,"101_117",4210160000,42101024500,2406,1.13,210,36.079631,6.30649,119.9796695
"658",32217,453355,2,45335502,87.21865688,97.5447057,1,NA,4.53355e+11,1,4.53355e+13,4533550201,NA,NA,2,1,2,1,1,42,1,42101,"101_117",4210160000,42101024500,2406,"",1,NA,NA,NA,"0:00","","","","9:00",14,5,NA,NA,NA,NA,NA,NA,NA,NA,NA,NA,NA,NA,NA,NA,NA,NA,NA,NA,NA,NA,NA,NA,NA,NA,NA,NA,NA,NA,NA,NA,4,3,42,1,42101,"101_117",4210160000,42101025600,2435,1.13,132,27.850878,3.426892,110.2255174
"659",32218,453355,2,45335502,87.21865688,97.5447057,1,NA,4.53355e+11,2,4.53355e+13,4533550202,NA,NA,2,NA,NA,4,3,42,1,42101,"101_117",4210160000,42101025600,2435,"11:12",11,NA,NA,NA,"0:00","","","","12:27",14,5,NA,NA,NA,NA,NA,NA,NA,NA,NA,NA,NA,NA,NA,NA,NA,NA,NA,NA,NA,NA,NA,NA,NA,NA,NA,NA,NA,NA,NA,NA,1,1,42,1,42101,"101_117",4210160000,42101024500,2406,1.13,68,30.437739,3.52943,110.2255174
"660",32335,453930,1,45393001,101.9273254,133.7051419,1,NA,4.5393e+11,1,4.5393e+13,4539300101,NA,NA,1,5,2,1,1,42,1,42101,"101_110",4210160000,42101007800,1016,"",1,14,NA,NA,"5:15","","","","8:45",14,5,NA,NA,NA,NA,NA,NA,NA,NA,NA,NA,NA,NA,NA,NA,NA,NA,NA,NA,NA,NA,NA,NA,NA,NA,NA,NA,NA,NA,NA,NA,4,1,42,1,42101,"101_103",4210160000,42101000402,92,1.15,20,23.572339,3.369177,153.7609132
"661",32340,453930,1,45393001,101.9273254,133.7051419,1,NA,4.5393e+11,6,4.5393e+13,4539300106,NA,NA,1,NA,NA,2,1,42,1,42101,"101_103",4210160000,42101000402,92,"12:55",5,NA,NA,NA,"2:50","","","","15:45",14,5,NA,NA,NA,NA,NA,NA,NA,NA,NA,NA,NA,NA,NA,NA,NA,NA,NA,NA,NA,NA,NA,NA,NA,NA,NA,NA,NA,NA,NA,NA,1,1,42,1,42101,"101_110",4210160000,42101007800,1016,1.15,45,23.057422,3.420681,153.7609132
"662",32644,455597,2,45559702,116.5645037,116.4983313,2,NA,4.55597e+11,3,4.55597e+13,4555970203,NA,NA,2,1,NA,1,1,42,1,42101,"101_112",4210160000,42101002900,834,"10:37",1,NA,NA,NA,"1:00","","","","11:37",14,5,NA,NA,NA,NA,NA,NA,NA,NA,NA,NA,NA,NA,NA,NA,NA,NA,NA,NA,NA,NA,NA,NA,NA,NA,NA,NA,NA,NA,NA,NA,4,1,42,1,42101,"101_103",4210160000,42101000500,69,1.13,38,21.625032,2.143278,131.6431143
"663",32645,455597,2,45559702,116.5645037,116.4983313,2,NA,4.55597e+11,4,4.55597e+13,4555970204,NA,NA,2,NA,NA,4,1,42,1,42101,"101_103",4210160000,42101000500,69,"12:15",16,NA,NA,NA,"1:30","","","","13:45",14,5,NA,NA,NA,NA,NA,NA,NA,NA,NA,NA,NA,NA,NA,NA,NA,NA,NA,NA,NA,NA,NA,NA,NA,NA,NA,NA,NA,NA,NA,NA,1,1,42,1,42101,"101_112",4210160000,42101002900,834,1.13,35,21.919727,2.003898,131.6431143
"664",32655,455731,1,45573101,1019.897822,401.1733569,1,NA,4.55731e+11,1,4.55731e+13,4557310101,NA,NA,3,1,2,1,1,42,1,42101,"101_112",4210160000,42101003702,821,"",1,NA,NA,NA,"5:00","","","","8:30",14,5,NA,NA,NA,NA,NA,NA,NA,NA,NA,NA,NA,NA,NA,NA,NA,NA,NA,NA,NA,NA,NA,NA,NA,NA,NA,NA,NA,NA,NA,NA,3,1,42,1,42101,"101_103",4210160000,42101012500,135,1.17,15,29.558659,3.48977,469.3728275
"665",32656,455731,1,45573101,1019.897822,401.1733569,1,NA,4.55731e+11,2,4.55731e+13,4557310102,NA,NA,3,NA,NA,3,1,42,1,42101,"101_103",4210160000,42101012500,135,"8:45",4,NA,NA,NA,"1:15","","","","10:15",14,5,NA,NA,NA,NA,NA,NA,NA,NA,NA,NA,NA,NA,NA,NA,NA,NA,NA,NA,NA,NA,NA,NA,NA,NA,NA,NA,NA,NA,NA,NA,3,1,42,1,42101,"101_112",4210160000,42101003702,821,1.17,15,29.17866,3.526203,469.3728275
"666",32659,455731,2,45573102,1019.897822,248.1061047,1,NA,4.55731e+11,2,4.55731e+13,4557310202,NA,NA,3,NA,NA,3,1,42,1,42101,"101_112",4210160000,42101003600,837,"9:30",3,4,NA,NA,"6:00","","","","15:30",14,5,NA,NA,NA,NA,NA,NA,NA,NA,NA,NA,NA,NA,NA,NA,NA,NA,NA,NA,NA,NA,NA,NA,NA,NA,NA,NA,NA,NA,NA,NA,3,1,42,1,42101,"101_112",4210160000,42101003702,821,1.17,60,15.138128,1.132878,290.2841425
"667",32661,455731,3,45573103,1019.897822,248.1061047,1,NA,4.55731e+11,1,4.55731e+13,4557310301,NA,NA,3,1,2,1,1,42,1,42101,"101_112",4210160000,42101003702,821,"",1,NA,NA,NA,"5:00","","","","8:30",14,5,NA,NA,NA,NA,NA,NA,NA,NA,NA,NA,NA,NA,NA,NA,NA,NA,NA,NA,NA,NA,NA,NA,NA,NA,NA,NA,NA,NA,NA,NA,3,1,42,1,42101,"101_112",4210160000,42101003300,843,1.17,60,14.782794,1.440034,290.2841425
"668",32662,455731,3,45573103,1019.897822,248.1061047,1,NA,4.55731e+11,2,4.55731e+13,4557310302,NA,NA,3,NA,NA,3,1,42,1,42101,"101_112",4210160000,42101003300,843,"9:30",3,4,NA,NA,"3:00","3:00","","","15:30",14,5,NA,NA,NA,NA,NA,NA,NA,NA,NA,NA,NA,NA,NA,NA,NA,NA,NA,NA,NA,NA,NA,NA,NA,NA,NA,NA,NA,NA,NA,NA,3,1,42,1,42101,"101_112",4210160000,42101003702,821,1.17,75,20.96718,1.65036,290.2841425
"669",32727,456126,2,45612602,145.4877867,89.16084427,1,NA,4.56126e+11,1,4.56126e+13,4561260201,NA,NA,2,1,2,1,1,42,1,42091,"091_401",4209144976,42091205100,10020,"",1,NA,NA,NA,"0:00","","","","11:50",21,5,NA,NA,NA,NA,NA,NA,NA,NA,NA,NA,NA,NA,NA,NA,NA,NA,NA,NA,NA,NA,NA,NA,NA,NA,NA,NA,NA,NA,NA,NA,4,1,42,1,42101,"101_103",4210160000,42101000300,114,1.12,80,45.09206,10.833092,99.86014558
"670",32781,456693,1,45669301,96.56816881,87.6065232,1,NA,4.56693e+11,1,4.56693e+13,4566930101,NA,NA,2,1,2,1,1,42,1,42101,"101_118",4210160000,42101033400,2806,"",1,NA,NA,NA,"6:30","","","","9:30",14,5,NA,NA,NA,NA,NA,NA,NA,NA,NA,NA,NA,NA,NA,NA,NA,NA,NA,NA,NA,NA,NA,NA,NA,NA,NA,NA,NA,NA,NA,NA,4,1,42,1,42101,"101_113",4210160000,42101034400,3405,1.13,60,31.563665,4.838659,98.99537122
"671",32782,456693,1,45669301,96.56816881,87.6065232,1,NA,4.56693e+11,2,4.56693e+13,4566930102,NA,NA,2,NA,NA,4,1,42,1,42101,"101_113",4210160000,42101034400,3405,"10:30",14,NA,NA,NA,"0:30","","","","12:00",14,5,NA,NA,NA,NA,NA,NA,NA,NA,NA,NA,NA,NA,NA,NA,NA,NA,NA,NA,NA,NA,NA,NA,NA,NA,NA,NA,NA,NA,NA,NA,1,1,42,1,42101,"101_118",4210160000,42101033400,2806,1.13,45,27.329899,3.9734,98.99537122
"672",32783,456693,1,45669301,96.56816881,87.6065232,2,NA,4.56693e+11,3,4.56693e+13,4566930103,NA,NA,2,2,NA,1,1,42,1,42101,"101_118",4210160000,42101033400,2806,"12:45",1,NA,NA,NA,"4:15","","","","17:00",14,5,NA,NA,NA,NA,NA,NA,NA,NA,NA,NA,NA,NA,NA,NA,NA,NA,NA,NA,NA,NA,NA,NA,NA,NA,NA,NA,NA,NA,NA,NA,4,1,42,1,42017,"017_509",4201705616,42017100208,15614,1.13,80,43.193383,9.75477,98.99537122
"673",32858,456985,1,45698501,183.282626,89.09662625,2,NA,4.56985e+11,4,4.56985e+13,4569850104,NA,NA,2,1,NA,1,1,42,1,42101,"101_103",4210160000,42101000402,100,"9999",1,NA,NA,NA,"1:00","","","","16:05",14,5,NA,NA,NA,NA,NA,NA,NA,NA,NA,NA,NA,NA,NA,NA,NA,NA,NA,NA,NA,NA,NA,NA,NA,NA,NA,NA,NA,NA,NA,NA,4,1,42,1,42101,"101_103",4210160000,42101001002,51,1.17,30,20.051654,1.645493,104.2430527
"674",32859,456985,1,45698501,183.282626,89.09662625,2,NA,4.56985e+11,5,4.56985e+13,4569850105,NA,NA,2,NA,NA,4,1,42,1,42101,"101_103",4210160000,42101001002,51,"16:35",15,NA,NA,NA,"0:20","","","","16:55",14,5,NA,NA,NA,NA,NA,NA,NA,NA,NA,NA,NA,NA,NA,NA,NA,NA,NA,NA,NA,NA,NA,NA,NA,NA,NA,NA,NA,NA,NA,NA,1,1,42,1,42101,"101_103",4210160000,42101000402,100,1.17,45,16.861686,1.653911,104.2430527
"675",32864,456985,2,45698502,183.282626,94.57764468,2,NA,4.56985e+11,4,4.56985e+13,4569850204,NA,NA,2,1,NA,1,1,42,1,42101,"101_103",4210160000,42101000402,100,"15:05",1,NA,NA,NA,"1:10","","","","16:15",14,5,NA,NA,NA,NA,NA,NA,NA,NA,NA,NA,NA,NA,NA,NA,NA,NA,NA,NA,NA,NA,NA,NA,NA,NA,NA,NA,NA,NA,NA,NA,4,1,42,1,42101,"101_103",4210160000,42101001002,51,1.17,20,20.051654,1.645493,110.6558443
"676",32865,456985,2,45698502,183.282626,94.57764468,2,NA,4.56985e+11,5,4.56985e+13,4569850205,NA,NA,2,NA,NA,4,1,42,1,42101,"101_103",4210160000,42101001002,51,"16:35",15,NA,NA,NA,"0:20","","","","17:00",14,5,NA,NA,NA,NA,NA,NA,NA,NA,NA,NA,NA,NA,NA,NA,NA,NA,NA,NA,NA,NA,NA,NA,NA,NA,NA,NA,NA,NA,NA,NA,1,1,42,1,42101,"101_103",4210160000,42101000402,100,1.17,45,16.861686,1.653911,110.6558443
"677",33132,458773,1,45877301,443.9604921,141.9394768,1,NA,4.58773e+11,2,4.58773e+13,4587730102,NA,NA,1,NA,NA,4,1,42,1,42101,"101_116",4210160000,42101034701,3609,"8:20",96,NA,NA,NA,"0:00","","","","8:30",14,5,NA,NA,NA,NA,NA,NA,NA,NA,NA,NA,NA,NA,NA,NA,NA,NA,NA,NA,NA,NA,NA,NA,NA,NA,NA,NA,NA,NA,NA,NA,4,1,42,1,42017,"017_509",4201705616,42017100206,15624,1.17,20,39.256622,7.699908,166.0691879
"678",33133,458773,1,45877301,443.9604921,141.9394768,1,NA,4.58773e+11,3,4.58773e+13,4587730103,NA,NA,1,NA,NA,4,1,42,1,42017,"017_509",4201705616,42017100206,15624,"8:50",96,NA,NA,NA,"0:00","","","","9:15",14,5,NA,NA,NA,NA,NA,NA,NA,NA,NA,NA,NA,NA,NA,NA,NA,NA,NA,NA,NA,NA,NA,NA,NA,NA,NA,NA,NA,NA,NA,NA,2,1,42,1,42017,"017_510",4201749120,42017100807,15821,1.17,20,31.297603,7.634742,166.0691879
"679",33136,458773,1,45877301,443.9604921,141.9394768,1,NA,4.58773e+11,6,4.58773e+13,4587730106,NA,NA,1,NA,NA,4,1,42,1,42017,"017_510",4201749120,42017100807,15821,"17:05",96,NA,NA,NA,"0:00","","","","17:30",14,5,NA,NA,NA,NA,NA,NA,NA,NA,NA,NA,NA,NA,NA,NA,NA,NA,NA,NA,NA,NA,NA,NA,NA,NA,NA,NA,NA,NA,NA,NA,4,1,42,1,42017,"017_509",4201705616,42017100206,15624,1.17,25,32.464149,7.665331,166.0691879
"680",33365,459865,2,45986502,167.8496459,643.2129116,1,NA,4.59865e+11,1,4.59865e+13,4598650201,NA,NA,1,1,2,1,1,42,1,42101,"101_101",4210160000,42101019000,1430,"",1,NA,NA,NA,"0:00","","","","5:20",14,5,NA,NA,NA,NA,NA,NA,NA,NA,NA,NA,NA,NA,NA,NA,NA,NA,NA,NA,NA,NA,NA,NA,NA,NA,NA,NA,NA,NA,NA,NA,2,1,42,1,42101,"101_113",4210160000,42101036400,3415,1.17,85,58.849759,10.559644,752.5591066
"681",33366,459865,2,45986502,167.8496459,643.2129116,1,NA,4.59865e+11,2,4.59865e+13,4598650202,NA,NA,1,NA,NA,2,1,42,1,42101,"101_113",4210160000,42101036400,3415,"6:45",5,NA,NA,NA,"0:00","","","","15:30",14,5,NA,NA,NA,NA,NA,NA,NA,NA,NA,NA,NA,NA,NA,NA,NA,NA,NA,NA,NA,NA,NA,NA,NA,NA,NA,NA,NA,NA,NA,NA,1,1,42,1,42101,"101_101",4210160000,42101019000,1430,1.17,75,66.517407,10.685466,752.5591066
"682",33511,460507,1,46050701,51.38211866,101.3984784,1,NA,4.60507e+11,8,4.60507e+13,4605070108,NA,NA,1,NA,NA,4,1,42,1,42101,"101_103",4210160000,42101000700,61,"19:21",19,NA,NA,NA,"0:01","","","","19:22",21,5,NA,NA,NA,NA,NA,NA,NA,NA,NA,NA,NA,NA,NA,NA,NA,NA,NA,NA,NA,NA,NA,NA,NA,NA,NA,NA,NA,NA,NA,NA,4,1,42,1,42101,"101_103",4210160000,42101000700,63,1.15,10,7.159287,0.536909,116.6082502
"683",33528,460714,2,46071402,337.3101463,178.1439768,1,NA,4.60714e+11,1,4.60714e+13,4607140201,NA,NA,1,1,2,1,1,42,1,42101,"101_117",4210160000,42101023700,2424,"",1,NA,NA,NA,"0:00","","","","6:15",14,5,NA,NA,NA,NA,NA,NA,NA,NA,NA,NA,NA,NA,NA,NA,NA,NA,NA,NA,NA,NA,NA,NA,NA,NA,NA,NA,NA,NA,NA,NA,2,1,42,1,42101,"101_101",4210160000,42101020000,1415,1.12,30,29.716791,4.690403,199.5212541
"684",33529,460714,2,46071402,337.3101463,178.1439768,1,NA,4.60714e+11,2,4.60714e+13,4607140202,NA,NA,1,NA,NA,2,1,42,1,42101,"101_101",4210160000,42101020000,1415,"6:45",5,NA,NA,NA,"0:00","","","","7:30",14,5,NA,NA,NA,NA,NA,NA,NA,NA,NA,NA,NA,NA,NA,NA,NA,NA,NA,NA,NA,NA,NA,NA,NA,NA,NA,NA,NA,NA,NA,NA,1,1,42,1,42101,"101_117",4210160000,42101023700,2424,1.12,760,31.175573,4.637893,199.5212541
"685",33783,462420,1,46242001,339.1140079,212.9634926,1,NA,4.6242e+11,1,4.6242e+13,4624200101,NA,NA,2,2,2,1,1,42,1,42101,"101_107",4210160000,42101016702,430,"",1,11,16,19,"2:00","0:05","0:59","1:00","11:35",14,5,NA,NA,NA,NA,NA,NA,NA,NA,NA,NA,NA,NA,NA,NA,NA,NA,NA,NA,NA,NA,NA,NA,NA,NA,NA,NA,NA,NA,NA,NA,4,1,42,1,42101,"101_107",4210160000,42101016702,430,1.17,0,8.347736,0.232146,249.1672864
"686",33784,462420,1,46242001,339.1140079,212.9634926,1,NA,4.6242e+11,2,4.6242e+13,4624200102,NA,NA,2,NA,NA,4,1,42,1,42101,"101_107",4210160000,42101016702,430,"11:35",19,NA,NA,NA,"1:00","","","","12:35",14,5,NA,NA,NA,NA,NA,NA,NA,NA,NA,NA,NA,NA,NA,NA,NA,NA,NA,NA,NA,NA,NA,NA,NA,NA,NA,NA,NA,NA,NA,NA,4,1,42,1,42101,"101_103",4210160000,42101037600,129,1.17,79,22.577222,3.129954,249.1672864
"687",33785,462420,1,46242001,339.1140079,212.9634926,1,NA,4.6242e+11,3,4.6242e+13,4624200103,NA,NA,2,NA,NA,4,1,42,1,42101,"101_103",4210160000,42101037600,129,"13:54",11,12,19,96,"0:30","5:00","1:00","1:00","21:30",14,5,NA,NA,NA,NA,NA,NA,NA,NA,NA,NA,NA,NA,NA,NA,NA,NA,NA,NA,NA,NA,NA,NA,NA,NA,NA,NA,NA,NA,NA,NA,1,1,42,1,42101,"101_107",4210160000,42101016702,430,1.17,0,25.350441,2.93285,249.1672864
"688",34018,463752,1,46375201,295.1256087,223.2317531,1,NA,4.63752e+11,2,4.63752e+13,4637520102,NA,NA,1,NA,NA,2,1,42,1,42101,"101_103",4210160000,42101000402,92,"8:00",5,NA,NA,NA,"0:00","","","","16:30",21,5,NA,NA,NA,NA,NA,NA,NA,NA,NA,NA,NA,NA,NA,NA,NA,NA,NA,NA,NA,NA,NA,NA,NA,NA,NA,NA,NA,NA,NA,NA,4,1,42,1,42101,"101_110",4210160000,42101980000,1040,1.12,10,13.250399,1.505028,250.0195635
"689",34114,464195,1,46419501,435.9358563,162.8823664,1,NA,4.64195e+11,1,4.64195e+13,4641950101,NA,NA,1,1,2,1,1,42,1,42101,"101_114",4210160000,42101029800,1604,"",1,NA,NA,NA,"5:00","","","","8:00",14,5,NA,NA,NA,NA,NA,NA,NA,NA,NA,NA,NA,NA,NA,NA,NA,NA,NA,NA,NA,NA,NA,NA,NA,NA,NA,NA,NA,NA,NA,NA,2,1,42,1,42101,"101_103",4210160000,42101012500,133,1.17,60,47.029906,9.421938,190.5723687
"690",34115,464195,1,46419501,435.9358563,162.8823664,1,NA,4.64195e+11,2,4.64195e+13,4641950102,NA,NA,1,NA,NA,2,1,42,1,42101,"101_103",4210160000,42101012500,133,"9:00",5,NA,NA,NA,"8:00","","","","18:00",14,5,NA,NA,NA,NA,NA,NA,NA,NA,NA,NA,NA,NA,NA,NA,NA,NA,NA,NA,NA,NA,NA,NA,NA,NA,NA,NA,NA,NA,NA,NA,1,1,42,1,42101,"101_114",4210160000,42101029800,1604,1.17,95,45.310844,9.7975,190.5723687
"691",34118,464195,2,46419502,435.9358563,129.3155895,1,NA,4.64195e+11,2,4.64195e+13,4641950202,NA,NA,2,NA,NA,4,1,42,1,42101,"101_114",4210160000,42101029800,1604,"11:50",8,NA,NA,NA,"0:05","","","","11:55",14,5,NA,NA,NA,NA,NA,NA,NA,NA,NA,NA,NA,NA,NA,NA,NA,NA,NA,NA,NA,NA,NA,NA,NA,NA,NA,NA,NA,NA,NA,NA,4,1,42,1,42101,"101_117",4210160000,42101038700,2441,1.17,125,78.163771,12.854954,151.2992397
"692",34119,464195,2,46419502,435.9358563,129.3155895,1,NA,4.64195e+11,3,4.64195e+13,4641950203,NA,NA,2,NA,NA,4,1,42,1,42101,"101_117",4210160000,42101038700,2441,"14:00",16,NA,NA,NA,"1:40","","","","15:40",14,5,NA,NA,NA,NA,NA,NA,NA,NA,NA,NA,NA,NA,NA,NA,NA,NA,NA,NA,NA,NA,NA,NA,NA,NA,NA,NA,NA,NA,NA,NA,4,1,42,1,42101,"101_114",4210160000,42101029800,1604,1.17,100,74.974414,12.156259,151.2992397
"693",34135,464456,2,46445602,272.1186917,496.2966196,2,NA,4.64456e+11,5,4.64456e+13,4644560205,NA,NA,3,NA,NA,4,1,42,1,42045,"045_206",4204533144,42045408900,5009,"10:45",19,NA,NA,NA,"0:00","","","","9999",21,5,NA,NA,NA,NA,NA,NA,NA,NA,NA,NA,NA,NA,NA,NA,NA,NA,NA,NA,NA,NA,NA,NA,NA,NA,NA,NA,NA,NA,NA,NA,4,1,42,1,42045,"045_203",4204579000,42045400500,4459,1.12,NA,NA,NA,555.852214
"694",34136,464456,2,46445602,272.1186917,496.2966196,2,NA,4.64456e+11,6,4.64456e+13,4644560206,NA,NA,3,NA,NA,4,1,42,1,42045,"045_203",4204579000,42045400500,4459,"10:55",19,NA,NA,NA,"0:00","","","","11:05",21,5,NA,NA,NA,NA,NA,NA,NA,NA,NA,NA,NA,NA,NA,NA,NA,NA,NA,NA,NA,NA,NA,NA,NA,NA,NA,NA,NA,NA,NA,NA,4,1,42,1,42101,"101_103",4210160000,42101000500,90,1.12,15,26.85,5.840262,555.852214
"695",34239,464806,1,46480601,67.99950049,94.12458857,1,NA,4.64806e+11,1,4.64806e+13,4648060101,NA,NA,3,2,1,4,1,42,1,42101,"101_103",4210160000,42101001202,25,"",96,NA,NA,NA,"0:00","","","","15:50",14,5,NA,NA,NA,NA,NA,NA,NA,NA,NA,NA,NA,NA,NA,NA,NA,NA,NA,NA,NA,NA,NA,NA,NA,NA,NA,NA,NA,NA,NA,NA,4,1,42,1,42101,"101_103",4210160000,42101000600,57,1.13,30,18.082854,1.178864,106.3607851
"696",34241,464806,1,46480601,67.99950049,94.12458857,1,NA,4.64806e+11,3,4.64806e+13,4648060103,NA,NA,3,NA,NA,4,1,42,1,42101,"101_103",4210160000,42101000500,71,"16:48",8,NA,NA,NA,"0:00","","","","17:15",14,5,NA,NA,NA,NA,NA,NA,NA,NA,NA,NA,NA,NA,NA,NA,NA,NA,NA,NA,NA,NA,NA,NA,NA,NA,NA,NA,NA,NA,NA,NA,1,1,42,1,42101,"101_112",4210160000,42101003701,828,1.13,15,25.962277,2.871372,106.3607851
"697",34311,465194,1,46519401,69.88592262,90.59440523,1,NA,4.65194e+11,1,4.65194e+13,4651940101,NA,NA,2,1,2,1,1,42,1,42101,"101_115",4210160000,42101029000,2610,"",1,7,NA,NA,"0:00","","","","12:15",14,5,NA,NA,NA,NA,NA,NA,NA,NA,NA,NA,NA,NA,NA,NA,NA,NA,NA,NA,NA,NA,NA,NA,NA,NA,NA,NA,NA,NA,NA,NA,4,1,42,1,42101,"101_103",4210160000,42101000200,111,1.13,45,32.120653,7.823561,102.3716779
"698",34312,465194,1,46519401,69.88592262,90.59440523,1,NA,4.65194e+11,2,4.65194e+13,4651940102,NA,NA,2,NA,NA,4,1,42,1,42101,"101_103",4210160000,42101000200,111,"13:00",11,16,6,8,"0:00","","","","14:30",14,5,NA,NA,NA,NA,NA,NA,NA,NA,NA,NA,NA,NA,NA,NA,NA,NA,NA,NA,NA,NA,NA,NA,NA,NA,NA,NA,NA,NA,NA,NA,1,1,42,1,42101,"101_115",4210160000,42101029000,2610,1.13,30,34.653627,7.610037,102.3716779
"699",34581,466880,1,46688001,161.6263101,373.3644024,1,NA,4.6688e+11,1,4.6688e+13,4668800101,NA,NA,1,1,2,1,1,42,1,42101,"101_109",4210160000,42101037900,618,"",1,NA,NA,NA,"0:00","","","","7:00",21,5,NA,NA,NA,NA,NA,NA,NA,NA,NA,NA,NA,NA,NA,NA,NA,NA,NA,NA,NA,NA,NA,NA,NA,NA,NA,NA,NA,NA,NA,NA,2,1,42,1,42101,"101_103",4210160000,42101000402,98,1.12,45,39.050599,5.91927,418.1681307
"700",34582,466880,1,46688001,161.6263101,373.3644024,1,NA,4.6688e+11,2,4.6688e+13,4668800102,NA,NA,1,NA,NA,2,1,42,1,42101,"101_103",4210160000,42101000402,98,"7:45",5,NA,NA,NA,"0:00","","","","17:20",21,5,NA,NA,NA,NA,NA,NA,NA,NA,NA,NA,NA,NA,NA,NA,NA,NA,NA,NA,NA,NA,NA,NA,NA,NA,NA,NA,NA,NA,NA,NA,1,1,42,1,42101,"101_109",4210160000,42101037900,618,1.12,20,36.596423,6.560267,418.1681307
"701",34584,466880,2,46688002,161.6263101,485.6673345,1,NA,4.6688e+11,1,4.6688e+13,4668800201,NA,NA,1,1,2,1,1,42,1,42101,"101_109",4210160000,42101037900,618,"",1,NA,NA,NA,"0:00","","","","7:00",21,5,NA,NA,NA,NA,NA,NA,NA,NA,NA,NA,NA,NA,NA,NA,NA,NA,NA,NA,NA,NA,NA,NA,NA,NA,NA,NA,NA,NA,NA,NA,2,1,42,1,42101,"101_103",4210160000,42101000500,70,1.12,45,34.940007,5.254324,543.9474147
"702",34585,466880,2,46688002,161.6263101,485.6673345,1,NA,4.6688e+11,2,4.6688e+13,4668800202,NA,NA,1,NA,NA,2,1,42,1,42101,"101_103",4210160000,42101000500,70,"7:45",5,NA,NA,NA,"0:00","","","","17:45",21,5,NA,NA,NA,NA,NA,NA,NA,NA,NA,NA,NA,NA,NA,NA,NA,NA,NA,NA,NA,NA,NA,NA,NA,NA,NA,NA,NA,NA,NA,NA,1,1,42,1,42101,"101_109",4210160000,42101037900,618,1.12,45,32.769576,5.222456,543.9474147
"703",34619,467153,1,46715301,317.8695646,111.459172,2,NA,4.67153e+11,4,4.67153e+13,4671530104,NA,NA,2,NA,NA,4,1,42,1,42101,"101_112",4210160000,42101004001,819,"13:13",19,NA,NA,NA,"0:00","","","","13:25",14,5,NA,NA,NA,NA,NA,NA,NA,NA,NA,NA,NA,NA,NA,NA,NA,NA,NA,NA,NA,NA,NA,NA,NA,NA,NA,NA,NA,NA,NA,NA,4,1,42,1,42101,"101_112",4210160000,42101980700,809,1.17,16,17.441679,1.653365,130.4072312
"704",34667,467363,1,46736301,342.1442569,264.7639273,1,NA,4.67363e+11,1,4.67363e+13,4673630101,NA,NA,1,2,2,1,1,42,1,42101,"101_112",4210160000,42101004201,818,"",1,NA,NA,NA,"0:00","","","","7:25",14,5,NA,NA,NA,NA,NA,NA,NA,NA,NA,NA,NA,NA,NA,NA,NA,NA,NA,NA,NA,NA,NA,NA,NA,NA,NA,NA,NA,NA,NA,NA,2,1,42,1,42101,"101_103",4210160000,42101000300,112,1.17,40,25.616636,3.471939,309.773795
"705",34668,467363,1,46736301,342.1442569,264.7639273,1,NA,4.67363e+11,2,4.67363e+13,4673630102,NA,NA,1,NA,NA,2,1,42,1,42101,"101_103",4210160000,42101000300,112,"8:05",5,NA,NA,NA,"0:00","","","","16:30",14,5,NA,NA,NA,NA,NA,NA,NA,NA,NA,NA,NA,NA,NA,NA,NA,NA,NA,NA,NA,NA,NA,NA,NA,NA,NA,NA,NA,NA,NA,NA,4,1,42,1,42101,"101_103",4210160000,42101000500,70,1.17,30,12.973769,0.833737,309.773795
"706",34669,467363,1,46736301,342.1442569,264.7639273,1,NA,4.67363e+11,3,4.67363e+13,4673630103,NA,NA,1,NA,NA,4,1,42,1,42101,"101_103",4210160000,42101000500,70,"17:00",16,NA,NA,NA,"0:00","","","","18:30",14,5,NA,NA,NA,NA,NA,NA,NA,NA,NA,NA,NA,NA,NA,NA,NA,NA,NA,NA,NA,NA,NA,NA,NA,NA,NA,NA,NA,NA,NA,NA,1,1,42,1,42101,"101_112",4210160000,42101004201,818,1.17,15,24.146898,2.577679,309.773795
"707",34701,467493,1,46749301,483.017925,122.3414204,1,NA,4.67493e+11,1,4.67493e+13,4674930101,NA,NA,1,1,2,1,1,42,1,42101,"101_110",4210160000,42101007800,1016,"",1,NA,NA,NA,"5:00","","","","8:27",23,5,NA,NA,NA,NA,NA,NA,NA,NA,NA,NA,NA,NA,NA,NA,NA,NA,NA,NA,NA,NA,NA,NA,NA,NA,NA,NA,NA,NA,NA,NA,2,1,42,1,42101,"101_110",4210160000,42101036900,1025,1.17,15,14.552281,1.557769,143.1394619
"708",34704,467493,2,46749302,483.017925,160.8321998,1,NA,4.67493e+11,1,4.67493e+13,4674930201,NA,NA,1,1,2,1,1,42,1,42101,"101_110",4210160000,42101007800,1016,"",1,NA,NA,NA,"1:54","","","","4:54",21,5,NA,NA,NA,NA,NA,NA,NA,NA,NA,NA,NA,NA,NA,NA,NA,NA,NA,NA,NA,NA,NA,NA,NA,NA,NA,NA,NA,NA,NA,NA,2,1,42,1,42101,"101_112",4210160000,42101002500,842,1.17,40,25.203722,4.300745,188.1736738
"709",34705,467493,2,46749302,483.017925,160.8321998,1,NA,4.67493e+11,2,4.67493e+13,4674930202,NA,NA,1,NA,NA,2,1,42,1,42101,"101_112",4210160000,42101002500,842,"5:34",5,NA,NA,NA,"6:30","","","","12:08",21,5,NA,NA,NA,NA,NA,NA,NA,NA,NA,NA,NA,NA,NA,NA,NA,NA,NA,NA,NA,NA,NA,NA,NA,NA,NA,NA,NA,NA,NA,NA,1,1,42,1,42101,"101_110",4210160000,42101007800,1016,1.17,34,30.857532,4.516512,188.1736738
"710",34718,467566,1,46756601,172.9823774,78.9214541,1,NA,4.67566e+11,4,4.67566e+13,4675660104,NA,NA,1,NA,NA,2,2,42,1,42101,"101_106",4210160000,42101012100,2213,"10:10",5,NA,NA,NA,"0:00","","","","11:10",14,5,NA,NA,NA,NA,NA,NA,NA,NA,NA,NA,NA,NA,NA,NA,NA,NA,NA,NA,NA,NA,NA,NA,NA,NA,NA,NA,NA,NA,NA,NA,4,1,42,1,42029,"029_301",4202953608,42029306503,6016,1.12,10,NA,NA,88.39202859
"711",34872,468368,2,46836802,312.7658348,166.2835719,1,NA,4.68368e+11,2,4.68368e+13,4683680202,NA,NA,1,NA,NA,4,3,42,1,42101,"101_105",4210160000,42101037300,1816,"9:56",19,NA,NA,NA,"0:08","","","","10:04",21,5,NA,NA,NA,NA,NA,NA,NA,NA,NA,NA,NA,NA,NA,NA,NA,NA,NA,NA,NA,NA,NA,NA,NA,NA,NA,NA,NA,NA,NA,NA,2,1,42,1,42101,"101_107",4210160000,42101037700,414,1.12,11,38.209279,5.785548,186.2376005
"712",34971,468734,1,46873401,568.8087432,257.3654622,1,NA,4.68734e+11,2,4.68734e+13,4687340102,NA,NA,2,NA,NA,4,1,42,1,42101,"101_115",4210160000,42101026500,2634,"8:02",19,NA,NA,NA,"0:04","","","","8:06",14,5,NA,NA,NA,NA,NA,NA,NA,NA,NA,NA,NA,NA,NA,NA,NA,NA,NA,NA,NA,NA,NA,NA,NA,NA,NA,NA,NA,NA,NA,NA,4,1,42,1,42101,"101_115",4210160000,42101028200,2615,1.17,NA,25.29774,2.520406,301.1175908
"713",34972,468734,1,46873401,568.8087432,257.3654622,1,NA,4.68734e+11,3,4.68734e+13,4687340103,NA,NA,2,NA,NA,4,1,42,1,42101,"101_115",4210160000,42101028200,2615,"9998",19,NA,NA,NA,"0:00","","","","9998",21,5,NA,NA,NA,NA,NA,NA,NA,NA,NA,NA,NA,NA,NA,NA,NA,NA,NA,NA,NA,NA,NA,NA,NA,NA,NA,NA,NA,NA,NA,NA,4,1,42,1,42101,"101_103",4210160000,42101000901,41,1.17,NA,NA,NA,301.1175908
"714",34975,468734,1,46873401,568.8087432,257.3654622,1,NA,4.68734e+11,6,4.68734e+13,4687340106,NA,NA,2,NA,NA,4,1,42,1,42101,"101_110",4210160000,42101036900,1018,"11:25",19,NA,NA,NA,"0:00","","","","11:30",14,5,NA,NA,NA,NA,NA,NA,NA,NA,NA,NA,NA,NA,NA,NA,NA,NA,NA,NA,NA,NA,NA,NA,NA,NA,NA,NA,NA,NA,NA,NA,4,1,42,1,42101,"101_103",4210160000,42101000901,41,1.17,NA,22.812247,2.355845,301.1175908
"715",34976,468734,1,46873401,568.8087432,257.3654622,1,NA,4.68734e+11,7,4.68734e+13,4687340107,NA,NA,2,NA,NA,4,1,42,1,42101,"101_103",4210160000,42101000901,41,"9998",19,NA,NA,NA,"0:00","","","","9998",14,5,NA,NA,NA,NA,NA,NA,NA,NA,NA,NA,NA,NA,NA,NA,NA,NA,NA,NA,NA,NA,NA,NA,NA,NA,NA,NA,NA,NA,NA,NA,4,1,42,1,42101,"101_108",4210160000,42101021300,3210,1.17,NA,NA,NA,301.1175908
"716",34979,468734,1,46873401,568.8087432,257.3654622,1,NA,4.68734e+11,10,4.68734e+13,4687340110,NA,NA,2,NA,NA,4,1,42,1,42101,"101_108",4210160000,42101021300,3210,"9998",19,NA,NA,NA,"0:00","","","","9998",14,5,NA,NA,NA,NA,NA,NA,NA,NA,NA,NA,NA,NA,NA,NA,NA,NA,NA,NA,NA,NA,NA,NA,NA,NA,NA,NA,NA,NA,NA,NA,4,1,42,1,42101,"101_108",4210160000,42101020700,3201,1.17,NA,NA,NA,301.1175908
"717",34980,468734,1,46873401,568.8087432,257.3654622,1,NA,4.68734e+11,11,4.68734e+13,4687340111,NA,NA,2,NA,NA,4,1,42,1,42101,"101_108",4210160000,42101020700,3201,"98",19,NA,NA,NA,"0:00","","","","0",14,5,NA,NA,NA,NA,NA,NA,NA,NA,NA,NA,NA,NA,NA,NA,NA,NA,NA,NA,NA,NA,NA,NA,NA,NA,NA,NA,NA,NA,NA,NA,4,1,42,1,42101,"101_115",4210160000,42101026700,2631,1.17,0,27.513853,4.603269,301.1175908
"718",34981,468734,1,46873401,568.8087432,257.3654622,1,NA,4.68734e+11,12,4.68734e+13,4687340112,NA,NA,2,NA,NA,4,1,42,1,42101,"101_115",4210160000,42101026700,2631,"0",19,NA,NA,NA,"","","","","0",14,5,NA,NA,NA,NA,NA,NA,NA,NA,NA,NA,NA,NA,NA,NA,NA,NA,NA,NA,NA,NA,NA,NA,NA,NA,NA,NA,NA,NA,NA,NA,4,1,42,1,42101,"101_115",4210160000,42101026500,2634,1.17,0,13.416667,0.718926,301.1175908
"719",34985,468734,2,46873402,568.8087432,127.0385876,1,NA,4.68734e+11,2,4.68734e+13,4687340202,NA,NA,2,NA,NA,4,1,42,1,42101,"101_115",4210160000,42101026500,2634,"8:02",19,NA,NA,NA,"0:04","","","","8:06",14,5,NA,NA,NA,NA,NA,NA,NA,NA,NA,NA,NA,NA,NA,NA,NA,NA,NA,NA,NA,NA,NA,NA,NA,NA,NA,NA,NA,NA,NA,NA,4,1,42,1,42101,"101_115",4210160000,42101028200,2615,1.17,NA,25.29774,2.520406,148.6351475
"720",34986,468734,2,46873402,568.8087432,127.0385876,1,NA,4.68734e+11,3,4.68734e+13,4687340203,NA,NA,2,NA,NA,4,1,42,1,42101,"101_115",4210160000,42101028200,2615,"9998",19,NA,NA,NA,"0:00","","","","9998",21,5,NA,NA,NA,NA,NA,NA,NA,NA,NA,NA,NA,NA,NA,NA,NA,NA,NA,NA,NA,NA,NA,NA,NA,NA,NA,NA,NA,NA,NA,NA,4,1,42,1,42101,"101_103",4210160000,42101000901,41,1.17,NA,NA,NA,148.6351475
"721",34989,468734,2,46873402,568.8087432,127.0385876,1,NA,4.68734e+11,6,4.68734e+13,4687340206,NA,NA,2,NA,NA,4,1,42,1,42101,"101_110",4210160000,42101036900,1018,"9998",19,NA,NA,NA,"0:00","","","","9998",14,5,NA,NA,NA,NA,NA,NA,NA,NA,NA,NA,NA,NA,NA,NA,NA,NA,NA,NA,NA,NA,NA,NA,NA,NA,NA,NA,NA,NA,NA,NA,4,1,42,1,42101,"101_103",4210160000,42101000901,41,1.17,NA,NA,NA,148.6351475
"722",34990,468734,2,46873402,568.8087432,127.0385876,1,NA,4.68734e+11,7,4.68734e+13,4687340207,NA,NA,2,NA,NA,4,1,42,1,42101,"101_103",4210160000,42101000901,41,"9998",19,NA,NA,NA,"0:00","","","","9998",14,5,NA,NA,NA,NA,NA,NA,NA,NA,NA,NA,NA,NA,NA,NA,NA,NA,NA,NA,NA,NA,NA,NA,NA,NA,NA,NA,NA,NA,NA,NA,4,1,42,1,42101,"101_108",4210160000,42101021300,3210,1.17,NA,NA,NA,148.6351475
"723",34992,468734,2,46873402,568.8087432,127.0385876,1,NA,4.68734e+11,9,4.68734e+13,4687340209,NA,NA,2,NA,NA,4,1,42,1,42101,"101_108",4210160000,42101021300,3210,"9998",19,NA,NA,NA,"0:00","","","","15:36",14,5,NA,NA,NA,NA,NA,NA,NA,NA,NA,NA,NA,NA,NA,NA,NA,NA,NA,NA,NA,NA,NA,NA,NA,NA,NA,NA,NA,NA,NA,NA,4,1,42,1,42101,"101_108",4210160000,42101020700,3201,1.17,NA,19.272252,0.989361,148.6351475
"724",34993,468734,2,46873402,568.8087432,127.0385876,1,NA,4.68734e+11,10,4.68734e+13,4687340210,NA,NA,2,NA,NA,4,1,42,1,42101,"101_108",4210160000,42101020700,3201,"9998",19,NA,NA,NA,"0:00","","","","15:48",14,5,NA,NA,NA,NA,NA,NA,NA,NA,NA,NA,NA,NA,NA,NA,NA,NA,NA,NA,NA,NA,NA,NA,NA,NA,NA,NA,NA,NA,NA,NA,4,1,42,1,42101,"101_115",4210160000,42101026700,2631,1.17,28,33.244868,4.606807,148.6351475
"725",35120,469116,2,46911602,172.2251086,195.8959811,1,NA,4.69116e+11,3,4.69116e+13,4691160203,NA,NA,2,NA,NA,4,1,42,1,42045,"045_203",4204526408,42045403402,4416,"9999",3,NA,NA,NA,"3:00","","","","10:30",14,5,NA,NA,NA,NA,NA,NA,NA,NA,NA,NA,NA,NA,NA,NA,NA,NA,NA,NA,NA,NA,NA,NA,NA,NA,NA,NA,NA,NA,NA,NA,1,1,42,1,42045,"045_203",4204569752,42045402800,4427,1.17,47,17.952475,3.109552,229.1982979
"726",35121,469116,2,46911602,172.2251086,195.8959811,2,NA,4.69116e+11,4,4.69116e+13,4691160204,NA,NA,3,0,NA,1,1,42,1,42045,"045_203",4204569752,42045402800,4427,"11:17",1,NA,NA,NA,"7:05","","","","18:22",14,5,NA,NA,NA,NA,NA,NA,NA,NA,NA,NA,NA,NA,NA,NA,NA,NA,NA,NA,NA,NA,NA,NA,NA,NA,NA,NA,NA,NA,NA,NA,4,1,42,1,42101,"101_111",4210160000,42101008400,1213,1.17,46,39.638793,7.340004,229.1982979
"727",35124,469116,3,46911603,172.2251086,155.360283,1,NA,4.69116e+11,2,4.69116e+13,4691160302,NA,NA,1,NA,NA,2,1,42,1,42101,"101_102",4210160000,42101980900,2010,"7:57",5,NA,NA,NA,"4:00","","","","12:10",14,5,NA,NA,NA,NA,NA,NA,NA,NA,NA,NA,NA,NA,NA,NA,NA,NA,NA,NA,NA,NA,NA,NA,NA,NA,NA,NA,NA,NA,NA,NA,1,1,42,1,42045,"045_203",4204569752,42045402800,4427,1.17,63,36.967553,5.250252,181.7715311
"728",35312,469787,2,46978702,305.7923578,182.5834247,1,NA,4.69787e+11,2,4.69787e+13,4697870202,NA,NA,2,NA,NA,4,1,42,1,42101,"101_107",4210160000,42101014700,411,"6:40",19,NA,NA,NA,"0:10","","","","7:21",14,5,NA,NA,NA,NA,NA,NA,NA,NA,NA,NA,NA,NA,NA,NA,NA,NA,NA,NA,NA,NA,NA,NA,NA,NA,NA,NA,NA,NA,NA,NA,4,1,42,1,42101,"101_115",4210160000,42101028200,2612,1.17,0,25.187383,4.242584,213.6226069
"729",35321,469841,1,46984101,447.2505552,311.1495441,2,NA,4.69841e+11,3,4.69841e+13,4698410103,NA,NA,2,1,NA,1,1,42,1,42101,"101_114",4210160000,42101030600,1628,"9999",1,NA,NA,NA,"0:00","","","","9999",14,5,NA,NA,NA,NA,NA,NA,NA,NA,NA,NA,NA,NA,NA,NA,NA,NA,NA,NA,NA,NA,NA,NA,NA,NA,NA,NA,NA,NA,NA,NA,4,1,42,1,42101,"101_101",4210160000,42101028901,1439,1.17,NA,NA,NA,364.0449666
"730",35517,470849,2,47084902,1054.05623,1207.527647,1,NA,4.70849e+11,5,4.70849e+13,4708490205,NA,NA,3,NA,NA,4,1,42,1,42101,"101_103",4210160000,42101000804,44,"18:00",19,NA,NA,NA,"0:00","","","","18:20",14,5,NA,NA,NA,NA,NA,NA,NA,NA,NA,NA,NA,NA,NA,NA,NA,NA,NA,NA,NA,NA,NA,NA,NA,NA,NA,NA,NA,NA,NA,NA,4,1,42,1,42101,"101_106",4210160000,42101980000,2210,1.17,50,38.340644,4.93846,1412.807347
"731",35518,470849,2,47084902,1054.05623,1207.527647,1,NA,4.70849e+11,6,4.70849e+13,4708490206,NA,NA,3,NA,NA,4,1,42,1,42101,"101_106",4210160000,42101980000,2210,"19:10",15,NA,NA,NA,"0:00","","","","23:00",14,5,NA,NA,NA,NA,NA,NA,NA,NA,NA,NA,NA,NA,NA,NA,NA,NA,NA,NA,NA,NA,NA,NA,NA,NA,NA,NA,NA,NA,NA,NA,4,1,42,1,42101,"101_104",4210160000,42101031600,3014,1.17,41,73.126331,14.011529,1412.807347
"732",35707,471942,1,47194201,247.6547545,180.8876542,1,NA,4.71942e+11,2,4.71942e+13,4719420102,NA,NA,2,NA,NA,4,1,42,1,42101,"101_112",4210160000,42101037200,804,"12:10",19,NA,NA,NA,"0:00","","","","12:10",14,5,NA,NA,NA,NA,NA,NA,NA,NA,NA,NA,NA,NA,NA,NA,NA,NA,NA,NA,NA,NA,NA,NA,NA,NA,NA,NA,NA,NA,NA,NA,4,1,42,1,42101,"101_103",4210160000,42101000500,71,1.17,30,25.99543,3.205227,211.6385554
"733",35709,471942,1,47194201,247.6547545,180.8876542,1,NA,4.71942e+11,4,4.71942e+13,4719420104,NA,NA,2,NA,NA,4,1,42,1,42101,"101_103",4210160000,42101000402,95,"13:10",15,NA,NA,NA,"3:05","","","","16:15",14,5,NA,NA,NA,NA,NA,NA,NA,NA,NA,NA,NA,NA,NA,NA,NA,NA,NA,NA,NA,NA,NA,NA,NA,NA,NA,NA,NA,NA,NA,NA,4,1,42,1,42101,"101_103",4210160000,42101000500,90,1.17,10,11.900733,0.705285,211.6385554
"734",35710,471942,1,47194201,247.6547545,180.8876542,1,NA,4.71942e+11,5,4.71942e+13,4719420105,NA,NA,2,NA,NA,4,1,42,1,42101,"101_103",4210160000,42101000500,90,"16:25",19,NA,NA,NA,"0:05","","","","16:30",14,5,NA,NA,NA,NA,NA,NA,NA,NA,NA,NA,NA,NA,NA,NA,NA,NA,NA,NA,NA,NA,NA,NA,NA,NA,NA,NA,NA,NA,NA,NA,1,1,42,1,42101,"101_112",4210160000,42101037200,804,1.17,30,25.541021,3.093279,211.6385554
"735",35814,472378,1,47237801,668.8941838,127.1555254,1,NA,4.72378e+11,1,4.72378e+13,4723780101,NA,NA,2,1,2,1,1,42,1,42101,"101_110",4210160000,42101006500,1002,"",16,8,NA,NA,"0:00","","","","10:00",23,5,NA,NA,NA,NA,NA,NA,NA,NA,NA,NA,NA,NA,NA,NA,NA,NA,NA,NA,NA,NA,NA,NA,NA,NA,NA,NA,NA,NA,NA,NA,4,3,42,1,42101,"101_110",4210160000,42101036900,1030,1.17,0,19.416667,2.669062,148.7719647
"736",35815,472378,1,47237801,668.8941838,127.1555254,1,NA,4.72378e+11,2,4.72378e+13,4723780102,NA,NA,2,NA,NA,4,3,42,1,42101,"101_110",4210160000,42101036900,1030,"10:00",16,19,8,NA,"0:00","","","","16:00",23,5,NA,NA,NA,NA,NA,NA,NA,NA,NA,NA,NA,NA,NA,NA,NA,NA,NA,NA,NA,NA,NA,NA,NA,NA,NA,NA,NA,NA,NA,NA,1,1,42,1,42101,"101_110",4210160000,42101006500,1002,1.17,210,19.795246,2.681191,148.7719647
"737",35979,473173,2,47317302,237.118544,643.6994714,1,NA,4.73173e+11,1,4.73173e+13,4731730201,NA,NA,1,1,2,1,1,42,1,42101,"101_111",4210160000,42101009400,1215,"",1,NA,NA,NA,"3:30","","","","6:30",21,5,NA,NA,NA,NA,NA,NA,NA,NA,NA,NA,NA,NA,NA,NA,NA,NA,NA,NA,NA,NA,NA,NA,NA,NA,NA,NA,NA,NA,NA,NA,2,1,42,1,42101,"101_103",4210160000,42101000402,92,1.15,43,17.083412,3.89413,740.2543921
"738",35980,473173,2,47317302,237.118544,643.6994714,1,NA,4.73173e+11,2,4.73173e+13,4731730202,NA,NA,1,NA,NA,2,1,42,1,42101,"101_103",4210160000,42101000402,92,"7:13",5,NA,NA,NA,"12:00","","","","19:15",21,5,NA,NA,NA,NA,NA,NA,NA,NA,NA,NA,NA,NA,NA,NA,NA,NA,NA,NA,NA,NA,NA,NA,NA,NA,NA,NA,NA,NA,NA,NA,1,1,42,1,42101,"101_111",4210160000,42101009400,1215,1.15,45,17.410302,3.899685,740.2543921
"739",36354,474913,1,47491301,256.9651392,93.05092022,1,NA,4.74913e+11,5,4.74913e+13,4749130105,NA,NA,1,NA,NA,4,1,42,1,42101,"101_103",4210160000,42101000100,68,"8:33",19,NA,NA,NA,"0:00","","","","8:36",14,5,NA,NA,NA,NA,NA,NA,NA,NA,NA,NA,NA,NA,NA,NA,NA,NA,NA,NA,NA,NA,NA,NA,NA,NA,NA,NA,NA,NA,NA,NA,2,1,42,1,42101,"101_103",4210160000,42101000100,86,1.12,2,4.936379,0.291793,104.2170306
"740",36429,475479,1,47547901,668.6753665,125.9556218,1,NA,4.75479e+11,1,4.75479e+13,4754790101,NA,NA,3,1,1,3,6,42,1,42101,"101_112",4210160000,42101003200,841,"",17,NA,NA,NA,"0:00","","","","9:30",14,5,NA,NA,NA,NA,NA,NA,NA,NA,NA,NA,NA,NA,NA,NA,NA,NA,NA,NA,NA,NA,NA,NA,NA,NA,NA,NA,NA,NA,NA,NA,4,1,42,1,42101,"101_107",4210160000,42101016702,430,1.17,390,43.559499,5.722069,147.3680775
"741",36430,475479,1,47547901,668.6753665,125.9556218,1,NA,4.75479e+11,2,4.75479e+13,4754790102,NA,NA,3,NA,NA,4,1,42,1,42101,"101_107",4210160000,42101016702,430,"16:00",16,NA,NA,NA,"2:00","","","","18:00",14,5,NA,NA,NA,NA,NA,NA,NA,NA,NA,NA,NA,NA,NA,NA,NA,NA,NA,NA,NA,NA,NA,NA,NA,NA,NA,NA,NA,NA,NA,NA,1,1,42,1,42101,"101_112",4210160000,42101003200,841,1.17,60,33.254479,5.319413,147.3680775
"742",36433,475479,2,47547902,668.6753665,127.0385876,2,NA,4.75479e+11,2,4.75479e+13,4754790202,NA,NA,2,1,NA,1,1,42,1,42101,"101_112",4210160000,42101003200,841,"15:30",1,NA,NA,NA,"0:00","","","","15:30",14,5,NA,NA,NA,NA,NA,NA,NA,NA,NA,NA,NA,NA,NA,NA,NA,NA,NA,NA,NA,NA,NA,NA,NA,NA,NA,NA,NA,NA,NA,NA,4,1,42,1,42101,"101_107",4210160000,42101016702,430,1.17,30,41.34798,5.595593,148.6351475
"743",36434,475479,2,47547902,668.6753665,127.0385876,2,NA,4.75479e+11,3,4.75479e+13,4754790203,NA,NA,2,NA,NA,4,1,42,1,42101,"101_107",4210160000,42101016702,430,"16:00",16,NA,NA,NA,"1:00","","","","18:00",14,5,NA,NA,NA,NA,NA,NA,NA,NA,NA,NA,NA,NA,NA,NA,NA,NA,NA,NA,NA,NA,NA,NA,NA,NA,NA,NA,NA,NA,NA,NA,1,1,42,1,42101,"101_112",4210160000,42101003200,841,1.17,60,33.254479,5.319413,148.6351475
"744",36437,475479,3,47547903,668.6753665,127.0385876,2,NA,4.75479e+11,2,4.75479e+13,4754790302,NA,NA,2,1,NA,1,1,42,1,42101,"101_112",4210160000,42101003200,841,"15:30",1,NA,NA,NA,"0:00","","","","15:30",14,5,NA,NA,NA,NA,NA,NA,NA,NA,NA,NA,NA,NA,NA,NA,NA,NA,NA,NA,NA,NA,NA,NA,NA,NA,NA,NA,NA,NA,NA,NA,4,1,42,1,42101,"101_107",4210160000,42101016702,430,1.17,30,41.34798,5.595593,148.6351475
"745",36438,475479,3,47547903,668.6753665,127.0385876,2,NA,4.75479e+11,3,4.75479e+13,4754790303,NA,NA,2,NA,NA,4,1,42,1,42101,"101_107",4210160000,42101016702,430,"16:00",16,NA,NA,NA,"0:00","","","","18:00",14,5,NA,NA,NA,NA,NA,NA,NA,NA,NA,NA,NA,NA,NA,NA,NA,NA,NA,NA,NA,NA,NA,NA,NA,NA,NA,NA,NA,NA,NA,NA,1,1,42,1,42101,"101_112",4210160000,42101003200,841,1.17,60,33.254479,5.319413,148.6351475
"746",36441,475479,4,47547904,668.6753665,111.3715366,2,NA,4.75479e+11,2,4.75479e+13,4754790402,NA,NA,2,1,NA,1,1,42,1,42101,"101_112",4210160000,42101003200,841,"15:30",1,NA,NA,NA,"0:00","","","","15:30",14,5,NA,NA,NA,NA,NA,NA,NA,NA,NA,NA,NA,NA,NA,NA,NA,NA,NA,NA,NA,NA,NA,NA,NA,NA,NA,NA,NA,NA,NA,NA,4,1,42,1,42101,"101_107",4210160000,42101016702,430,1.17,30,41.34798,5.595593,130.3046978
"747",36442,475479,4,47547904,668.6753665,111.3715366,2,NA,4.75479e+11,3,4.75479e+13,4754790403,NA,NA,2,NA,NA,4,1,42,1,42101,"101_107",4210160000,42101016702,430,"16:00",20,NA,NA,NA,"0:00","","","","19:00",21,5,NA,NA,NA,NA,NA,NA,NA,NA,NA,NA,NA,NA,NA,NA,NA,NA,NA,NA,NA,NA,NA,NA,NA,NA,NA,NA,NA,NA,NA,NA,1,1,42,1,42101,"101_112",4210160000,42101003200,841,1.17,0,31.287787,5.418013,130.3046978
"748",36445,475479,5,47547905,668.6753665,127.0385876,2,NA,4.75479e+11,2,4.75479e+13,4754790502,NA,NA,2,1,NA,1,1,42,1,42101,"101_112",4210160000,42101003200,841,"9998",1,NA,NA,NA,"0:00","","","","15:30",14,5,NA,NA,NA,NA,NA,NA,NA,NA,NA,NA,NA,NA,NA,NA,NA,NA,NA,NA,NA,NA,NA,NA,NA,NA,NA,NA,NA,NA,NA,NA,4,1,42,1,42101,"101_107",4210160000,42101016702,430,1.17,30,41.34798,5.595593,148.6351475
"749",36446,475479,5,47547905,668.6753665,127.0385876,2,NA,4.75479e+11,3,4.75479e+13,4754790503,NA,NA,2,NA,NA,4,1,42,1,42101,"101_107",4210160000,42101016702,430,"16:00",20,NA,NA,NA,"0:00","","","","18:00",21,5,NA,NA,NA,NA,NA,NA,NA,NA,NA,NA,NA,NA,NA,NA,NA,NA,NA,NA,NA,NA,NA,NA,NA,NA,NA,NA,NA,NA,NA,NA,1,1,42,1,42101,"101_112",4210160000,42101003200,841,1.17,60,33.254479,5.319413,148.6351475
"750",36670,476525,1,47652501,568.8087432,130.1556774,1,NA,4.76525e+11,1,4.76525e+13,4765250101,NA,NA,2,1,2,1,1,42,1,42101,"101_107",4210160000,42101016902,435,"",1,NA,NA,NA,"11:30","","","","14:30",14,5,NA,NA,NA,NA,NA,NA,NA,NA,NA,NA,NA,NA,NA,NA,NA,NA,NA,NA,NA,NA,NA,NA,NA,NA,NA,NA,NA,NA,NA,NA,4,1,42,1,42101,"101_108",4210160000,42101021800,3219,1.17,30,40.991705,5.120601,152.2821425
"751",36671,476525,1,47652501,568.8087432,130.1556774,1,NA,4.76525e+11,2,4.76525e+13,4765250102,NA,NA,2,NA,NA,4,1,42,1,42101,"101_108",4210160000,42101021800,3219,"15:00",16,NA,NA,NA,"1:00","","","","16:00",14,5,NA,NA,NA,NA,NA,NA,NA,NA,NA,NA,NA,NA,NA,NA,NA,NA,NA,NA,NA,NA,NA,NA,NA,NA,NA,NA,NA,NA,NA,NA,1,1,42,1,42101,"101_107",4210160000,42101016902,435,1.17,30,34.488234,3.849488,152.2821425
"752",36674,476525,3,47652503,568.8087432,173.7659854,1,NA,4.76525e+11,1,4.76525e+13,4765250301,NA,NA,2,1,2,1,1,42,1,42101,"101_107",4210160000,42101016902,435,"",1,NA,NA,NA,"4:30","","","","7:30",14,5,NA,NA,NA,NA,NA,NA,NA,NA,NA,NA,NA,NA,NA,NA,NA,NA,NA,NA,NA,NA,NA,NA,NA,NA,NA,NA,NA,NA,NA,NA,3,1,42,1,42101,"101_107",4210160000,42101015101,424,1.17,15,9.09982,0.282015,203.3062029
"753",36675,476525,3,47652503,568.8087432,173.7659854,1,NA,4.76525e+11,2,4.76525e+13,4765250302,NA,NA,2,NA,NA,3,1,42,1,42101,"101_107",4210160000,42101015101,424,"7:45",3,NA,NA,NA,"7:20","","","","15:05",14,5,NA,NA,NA,NA,NA,NA,NA,NA,NA,NA,NA,NA,NA,NA,NA,NA,NA,NA,NA,NA,NA,NA,NA,NA,NA,NA,NA,NA,NA,NA,1,1,42,1,42101,"101_107",4210160000,42101016902,435,1.17,55,9.82617,0.30019,203.3062029
"754",36797,476770,2,47677002,274.9930085,932.2168444,1,NA,4.7677e+11,1,4.7677e+13,4767700201,NA,NA,2,1,2,1,1,42,1,42101,"101_114",4210160000,42101031101,1623,"",1,NA,NA,NA,"0:00","","","","13:00",14,5,NA,NA,NA,NA,NA,NA,NA,NA,NA,NA,NA,NA,NA,NA,NA,NA,NA,NA,NA,NA,NA,NA,NA,NA,NA,NA,NA,NA,NA,NA,4,1,42,1,42101,"101_101",4210160000,42101028902,1445,1.17,60,27.638801,3.072187,1090.693708
"755",36798,476770,2,47677002,274.9930085,932.2168444,1,NA,4.7677e+11,2,4.7677e+13,4767700202,NA,NA,2,NA,NA,4,1,42,1,42101,"101_101",4210160000,42101028902,1445,"14:00",14,15,NA,NA,"0:00","","","","0:00",14,5,NA,NA,NA,NA,NA,NA,NA,NA,NA,NA,NA,NA,NA,NA,NA,NA,NA,NA,NA,NA,NA,NA,NA,NA,NA,NA,NA,NA,NA,NA,1,1,42,1,42101,"101_114",4210160000,42101031101,1623,1.17,60,24.59928,3.132317,1090.693708
"756",36801,476882,1,47688201,407.9634602,460.0619955,1,NA,4.76882e+11,2,4.76882e+13,4768820102,NA,NA,1,NA,NA,4,1,42,1,42101,"101_101",4210160000,42101019000,1423,"8:10",19,NA,NA,NA,"0:35","","","","8:46",14,5,NA,NA,NA,NA,NA,NA,NA,NA,NA,NA,NA,NA,NA,NA,NA,NA,NA,NA,NA,NA,NA,NA,NA,NA,NA,NA,NA,NA,NA,NA,2,1,42,1,42101,"101_103",4210160000,42101000402,81,1.17,4,29.042198,6.565149,538.2725347
"757",37001,477805,2,47780502,45.33237201,95.72322758,2,NA,4.77805e+11,3,4.77805e+13,4778050203,NA,NA,2,2,NA,1,1,42,1,42101,"101_103",4210160000,42101001002,12,"11:55",1,NA,NA,NA,"1:20","","","","13:15",14,5,NA,NA,NA,NA,NA,NA,NA,NA,NA,NA,NA,NA,NA,NA,NA,NA,NA,NA,NA,NA,NA,NA,NA,NA,NA,NA,NA,NA,NA,NA,4,1,42,1,42101,"101_103",4210160000,42101000500,73,1.15,25,16.093688,1.100513,110.0817117
"758",37003,477805,2,47780502,45.33237201,95.72322758,2,NA,4.77805e+11,5,4.77805e+13,4778050205,NA,NA,2,NA,NA,4,1,42,1,42101,"101_103",4210160000,42101000700,61,"15:40",9,NA,NA,NA,"0:00","","","","16:05",14,5,NA,NA,NA,NA,NA,NA,NA,NA,NA,NA,NA,NA,NA,NA,NA,NA,NA,NA,NA,NA,NA,NA,NA,NA,NA,NA,NA,NA,NA,NA,1,1,42,1,42101,"101_103",4210160000,42101001002,12,1.15,30,19.725168,1.565995,110.0817117
"759",37107,478365,1,47836501,149.8733877,89.40053254,1,NA,4.78365e+11,1,4.78365e+13,4783650101,NA,NA,1,2,2,1,1,42,1,42101,"101_110",4210160000,42101008601,1027,"",1,NA,NA,NA,"4:00","","","","9:00",14,5,NA,NA,NA,NA,NA,NA,NA,NA,NA,NA,NA,NA,NA,NA,NA,NA,NA,NA,NA,NA,NA,NA,NA,NA,NA,NA,NA,NA,NA,NA,2,1,42,1,42101,"101_110",4210160000,42101036900,1025,1.12,30,17.042953,1.832463,100.1285964
"760",37108,478365,1,47836501,149.8733877,89.40053254,1,NA,4.78365e+11,2,4.78365e+13,4783650102,NA,NA,1,NA,NA,2,1,42,1,42101,"101_110",4210160000,42101036900,1025,"9:30",5,NA,NA,NA,"8:30","","","","18:00",14,5,NA,NA,NA,NA,NA,NA,NA,NA,NA,NA,NA,NA,NA,NA,NA,NA,NA,NA,NA,NA,NA,NA,NA,NA,NA,NA,NA,NA,NA,NA,4,1,42,1,42101,"101_103",4210160000,42101000401,103,1.12,0,12.188574,1.232337,100.1285964
"761",37109,478365,1,47836501,149.8733877,89.40053254,1,NA,4.78365e+11,3,4.78365e+13,4783650103,NA,NA,1,NA,NA,4,1,42,1,42101,"101_103",4210160000,42101000401,103,"18:00",8,NA,NA,NA,"0:30","","","","18:30",14,5,NA,NA,NA,NA,NA,NA,NA,NA,NA,NA,NA,NA,NA,NA,NA,NA,NA,NA,NA,NA,NA,NA,NA,NA,NA,NA,NA,NA,NA,NA,1,1,42,1,42101,"101_110",4210160000,42101008601,1027,1.12,30,23.181981,2.469787,100.1285964
"762",37110,478365,1,47836501,149.8733877,89.40053254,2,NA,4.78365e+11,4,4.78365e+13,4783650104,NA,NA,2,0,NA,1,1,42,1,42101,"101_110",4210160000,42101008601,1027,"19:00",1,NA,NA,NA,"0:00","","","","9999",14,5,NA,NA,NA,NA,NA,NA,NA,NA,NA,NA,NA,NA,NA,NA,NA,NA,NA,NA,NA,NA,NA,NA,NA,NA,NA,NA,NA,NA,NA,NA,1,1,42,1,42101,"101_110",4210160000,42101008601,1027,1.12,NA,NA,NA,100.1285964
"763",37243,479147,1,47914701,51.89662555,89.63109736,1,NA,4.79147e+11,1,4.79147e+13,4791470101,NA,NA,1,1,2,1,1,42,1,42101,"101_103",4210160000,42101001002,10,"",1,12,15,7,"0:00","","","","8:15",14,5,NA,NA,NA,NA,NA,NA,NA,NA,NA,NA,NA,NA,NA,NA,NA,NA,NA,NA,NA,NA,NA,NA,NA,NA,NA,NA,NA,NA,NA,NA,2,1,42,1,42101,"101_103",4210160000,42101000500,71,1.15,30,15.744803,1.239246,103.075762
"764",37587,480536,1,48053601,97.53164027,83.65044281,1,NA,4.80536e+11,1,4.80536e+13,4805360101,NA,NA,1,1,2,1,1,42,1,42091,"091_409",4209179056,42091201006,11642,"",1,NA,NA,NA,"4:00","","","","7:00",14,5,NA,NA,NA,NA,NA,NA,NA,NA,NA,NA,NA,NA,NA,NA,NA,NA,NA,NA,NA,NA,NA,NA,NA,NA,NA,NA,NA,NA,NA,NA,2,1,42,1,42101,"101_103",4210160000,42101000500,88,1.13,58,73.095357,25.968512,94.52500038
"765",37588,480536,1,48053601,97.53164027,83.65044281,1,NA,4.80536e+11,2,4.80536e+13,4805360102,NA,NA,1,NA,NA,2,1,42,1,42101,"101_103",4210160000,42101000500,88,"7:58",5,NA,NA,NA,"9:00","","","","17:00",14,5,NA,NA,NA,NA,NA,NA,NA,NA,NA,NA,NA,NA,NA,NA,NA,NA,NA,NA,NA,NA,NA,NA,NA,NA,NA,NA,NA,NA,NA,NA,1,1,42,1,42091,"091_409",4209179056,42091201006,11642,1.13,60,72.056381,25.219491,94.52500038
"766",37767,481620,1,48162001,124.81705,168.1362871,1,NA,4.8162e+11,5,4.8162e+13,4816200105,NA,NA,1,NA,NA,4,1,42,1,42101,"101_103",4210160000,42101000500,71,"8:53",19,NA,NA,NA,"0:05","","","","8:58",21,5,NA,NA,NA,NA,NA,NA,NA,NA,NA,NA,NA,NA,NA,NA,NA,NA,NA,NA,NA,NA,NA,NA,NA,NA,NA,NA,NA,NA,NA,NA,4,1,42,1,42101,"101_103",4210160000,42101000100,68,1.15,0,6.347995,0.559087,193.3567302
"767",37768,481620,1,48162001,124.81705,168.1362871,1,NA,4.8162e+11,6,4.8162e+13,4816200106,NA,NA,1,NA,NA,4,1,42,1,42101,"101_103",4210160000,42101000100,68,"8:58",5,NA,NA,NA,"7:15","","","","16:15",14,5,NA,NA,NA,NA,NA,NA,NA,NA,NA,NA,NA,NA,NA,NA,NA,NA,NA,NA,NA,NA,NA,NA,NA,NA,NA,NA,NA,NA,NA,NA,4,1,42,1,42101,"101_103",4210160000,42101000500,90,1.15,15,9.069824,0.686541,193.3567302
"768",37782,481646,1,48164601,157.1925661,115.1194365,1,NA,4.81646e+11,1,4.81646e+13,4816460101,NA,NA,1,1,2,1,1,42,1,42101,"101_115",4210160000,42101027800,2620,"",1,8,NA,NA,"2:00","2:00","","","7:15",14,5,NA,NA,NA,NA,NA,NA,NA,NA,NA,NA,NA,NA,NA,NA,NA,NA,NA,NA,NA,NA,NA,NA,NA,NA,NA,NA,NA,NA,NA,NA,2,1,42,1,42101,"101_117",4210160000,42101038800,2430,1.17,0,41.5992,5.127591,134.6897407
"769",37783,481646,1,48164601,157.1925661,115.1194365,1,NA,4.81646e+11,2,4.81646e+13,4816460102,NA,NA,1,NA,NA,2,1,42,1,42101,"101_117",4210160000,42101038800,2430,"7:15",3,5,NA,NA,"1:00","8:00","","","17:30",21,5,NA,NA,NA,NA,NA,NA,NA,NA,NA,NA,NA,NA,NA,NA,NA,NA,NA,NA,NA,NA,NA,NA,NA,NA,NA,NA,NA,NA,NA,NA,1,1,42,1,42101,"101_115",4210160000,42101027800,2620,1.17,60,39.311902,4.61857,134.6897407
"770",37973,482480,2,48248002,366.682136,265.2651025,1,NA,4.8248e+11,1,4.8248e+13,4824800201,NA,NA,3,1,2,1,1,42,1,42101,"101_103",4210160000,42101013402,138,"",1,NA,NA,NA,"11:00","","","","14:08",21,5,NA,NA,NA,NA,NA,NA,NA,NA,NA,NA,NA,NA,NA,NA,NA,NA,NA,NA,NA,NA,NA,NA,NA,NA,NA,NA,NA,NA,NA,NA,2,1,42,1,42091,"091_402",4209179136,42091205801,10215,1.17,112,64.13364,20.770773,310.3601699
"771",38045,482941,1,48294101,345.5485017,211.2666896,2,NA,4.82941e+11,3,4.82941e+13,4829410103,NA,NA,2,1,NA,1,1,42,1,42101,"101_110",4210160000,42101007900,1021,"18:52",1,NA,NA,NA,"1:00","","","","20:00",23,5,NA,NA,NA,NA,NA,NA,NA,NA,NA,NA,NA,NA,NA,NA,NA,NA,NA,NA,NA,NA,NA,NA,NA,NA,NA,NA,NA,NA,NA,NA,4,1,42,1,42101,"101_103",4210160000,42101000804,42,1.17,40,27.071579,3.854449,247.1820269
"772",38046,482941,1,48294101,345.5485017,211.2666896,2,NA,4.82941e+11,4,4.82941e+13,4829410104,NA,NA,2,NA,NA,4,1,42,1,42101,"101_103",4210160000,42101000804,42,"20:40",12,NA,NA,NA,"3:20","","","","0:00",23,5,NA,NA,NA,NA,NA,NA,NA,NA,NA,NA,NA,NA,NA,NA,NA,NA,NA,NA,NA,NA,NA,NA,NA,NA,NA,NA,NA,NA,NA,NA,1,1,42,1,42101,"101_110",4210160000,42101007900,1021,1.17,40,28.888362,3.758807,247.1820269
"773",38097,482977,1,48297701,375.5001268,1822.746722,1,NA,4.82977e+11,1,4.82977e+13,4829770101,NA,NA,2,4,2,1,1,42,1,42101,"101_117",4210160000,42101024900,2423,"",1,NA,NA,NA,"6:00","","","","10:00",14,5,NA,NA,NA,NA,NA,NA,NA,NA,NA,NA,NA,NA,NA,NA,NA,NA,NA,NA,NA,NA,NA,NA,NA,NA,NA,NA,NA,NA,NA,NA,4,1,42,1,42101,"101_106",4210160000,42101012204,2215,1.17,60,37.810241,1.610805,2132.613665
"774",38098,482977,1,48297701,375.5001268,1822.746722,1,NA,4.82977e+11,2,4.82977e+13,4829770102,NA,NA,2,NA,NA,4,1,42,1,42101,"101_106",4210160000,42101012204,2215,"11:00",96,NA,NA,NA,"3:00","","","","14:00",14,5,NA,NA,NA,NA,NA,NA,NA,NA,NA,NA,NA,NA,NA,NA,NA,NA,NA,NA,NA,NA,NA,NA,NA,NA,NA,NA,NA,NA,NA,NA,4,1,42,1,42101,"101_115",4210160000,42101027700,2628,1.17,52,50.595683,2.770215,2132.613665
"775",38130,483113,1,48311301,234.9764648,96.92038715,1,NA,4.83113e+11,1,4.83113e+13,4831130101,NA,NA,1,5,2,1,1,42,1,42101,"101_103",4210160000,42101001001,13,"",1,NA,NA,NA,"5:15","","","","8:15",21,5,NA,NA,NA,NA,NA,NA,NA,NA,NA,NA,NA,NA,NA,NA,NA,NA,NA,NA,NA,NA,NA,NA,NA,NA,NA,NA,NA,NA,NA,NA,2,1,42,1,42101,"101_103",4210160000,42101000402,80,1.12,32,19.973994,1.411961,108.5508336
"776",38168,483210,2,48321002,127.1853038,83.22079169,1,1,4.8321e+11,4,4.8321e+13,4832100204,NA,NA,1,NA,NA,4,1,42,1,42101,"101_103",4210160000,42101000402,92,"12:10",19,NA,NA,NA,"1:00","","","","13:10",21,5,NA,NA,NA,NA,NA,NA,NA,NA,NA,NA,NA,NA,NA,NA,NA,NA,NA,NA,NA,NA,NA,NA,NA,NA,NA,NA,NA,NA,NA,NA,2,1,42,1,42101,"101_107",4210160000,42101015200,422,1.15,5,30.705448,3.259699,95.70391045
"777",38742,485179,1,48517901,434.9062452,200.2051087,2,NA,4.85179e+11,2,4.85179e+13,4851790102,NA,NA,2,2,NA,1,1,42,1,42101,"101_110",4210160000,42101009200,1038,"9999",15,NA,NA,NA,"0:00","","","","10:05",21,5,NA,NA,NA,NA,NA,NA,NA,NA,NA,NA,NA,NA,NA,NA,NA,NA,NA,NA,NA,NA,NA,NA,NA,NA,NA,NA,NA,NA,NA,NA,4,1,42,1,42101,"101_105",4210160000,42101980600,1814,1.17,NA,42.394584,5.820893,234.2399772
"778",38743,485179,1,48517901,434.9062452,200.2051087,2,NA,4.85179e+11,3,4.85179e+13,4851790103,NA,NA,2,NA,NA,4,1,42,1,42101,"101_105",4210160000,42101980600,1814,"9999",8,NA,NA,NA,"0:00","","","","10:45",21,5,NA,NA,NA,NA,NA,NA,NA,NA,NA,NA,NA,NA,NA,NA,NA,NA,NA,NA,NA,NA,NA,NA,NA,NA,NA,NA,NA,NA,NA,NA,4,3,42,1,42101,"101_110",4210160000,42101036900,1030,1.17,NA,35.424046,5.125188,234.2399772
"779",39159,487162,1,48716201,180.8656087,92.5533599,1,NA,4.87162e+11,1,4.87162e+13,4871620101,NA,NA,1,1,2,1,1,42,1,42045,"045_203",4204579000,42045401101,4455,"",1,NA,NA,NA,"4:00","","","","7:00",14,5,NA,NA,NA,NA,NA,NA,NA,NA,NA,NA,NA,NA,NA,NA,NA,NA,NA,NA,NA,NA,NA,NA,NA,NA,NA,NA,NA,NA,NA,NA,2,1,42,1,42101,"101_103",4210160000,42101000500,71,1.12,36,38.742718,7.529077,103.6597631
"780",39160,487162,1,48716201,180.8656087,92.5533599,1,NA,4.87162e+11,2,4.87162e+13,4871620102,NA,NA,1,NA,NA,2,1,42,1,42101,"101_103",4210160000,42101000500,71,"7:36",5,NA,NA,NA,"9:45","","","","17:26",14,5,NA,NA,NA,NA,NA,NA,NA,NA,NA,NA,NA,NA,NA,NA,NA,NA,NA,NA,NA,NA,NA,NA,NA,NA,NA,NA,NA,NA,NA,NA,1,1,42,1,42045,"045_203",4204579000,42045401101,4455,1.12,39,36.607722,7.575362,103.6597631
"781",39205,487370,2,48737002,838.2929217,2440.97128,1,NA,4.8737e+11,3,4.8737e+13,4873700203,NA,NA,2,NA,NA,4,1,42,1,42101,"101_107",4210160000,42101014700,411,"15:09",96,NA,NA,NA,"0:00","","","","15:32",21,5,NA,NA,NA,NA,NA,NA,NA,NA,NA,NA,NA,NA,NA,NA,NA,NA,NA,NA,NA,NA,NA,NA,NA,NA,NA,NA,NA,NA,NA,NA,4,1,42,1,42101,"101_103",4210160000,42101000402,93,1.17,3,17.320189,2.122955,2855.936398
"782",39206,487370,2,48737002,838.2929217,2440.97128,1,NA,4.8737e+11,4,4.8737e+13,4873700204,NA,NA,2,NA,NA,4,1,42,1,42101,"101_103",4210160000,42101000402,93,"15:35",19,NA,NA,NA,"0:00","","","","16:30",14,5,NA,NA,NA,NA,NA,NA,NA,NA,NA,NA,NA,NA,NA,NA,NA,NA,NA,NA,NA,NA,NA,NA,NA,NA,NA,NA,NA,NA,NA,NA,1,1,42,1,42101,"101_106",4210160000,42101012204,2214,1.17,450,28.258472,7.286386,2855.936398
"783",39226,487454,1,48745401,228.4384878,128.8901503,1,NA,4.87454e+11,2,4.87454e+13,4874540102,NA,NA,2,NA,NA,4,1,42,1,42101,"101_111",4210160000,42101008302,1210,"9999",8,NA,NA,NA,"0:10","","","","14:30",14,5,NA,NA,NA,NA,NA,NA,NA,NA,NA,NA,NA,NA,NA,NA,NA,NA,NA,NA,NA,NA,NA,NA,NA,NA,NA,NA,NA,NA,NA,NA,4,1,42,1,42101,"101_103",4210160000,42101000402,93,1.17,NA,20.971699,4.465621,150.8014758
"784",39227,487454,1,48745401,228.4384878,128.8901503,1,NA,4.87454e+11,3,4.87454e+13,4874540103,NA,NA,2,NA,NA,4,1,42,1,42101,"101_103",4210160000,42101000402,93,"9999",8,NA,NA,NA,"0:25","","","","15:25",14,5,NA,NA,NA,NA,NA,NA,NA,NA,NA,NA,NA,NA,NA,NA,NA,NA,NA,NA,NA,NA,NA,NA,NA,NA,NA,NA,NA,NA,NA,NA,4,1,42,1,42101,"101_103",4210160000,42101000402,93,1.17,20,3.538889,0.050952,150.8014758
"785",39228,487454,1,48745401,228.4384878,128.8901503,1,NA,4.87454e+11,4,4.87454e+13,4874540104,NA,NA,2,NA,NA,4,1,42,1,42101,"101_103",4210160000,42101000402,93,"15:45",8,NA,NA,NA,"0:45","","","","16:30",14,5,NA,NA,NA,NA,NA,NA,NA,NA,NA,NA,NA,NA,NA,NA,NA,NA,NA,NA,NA,NA,NA,NA,NA,NA,NA,NA,NA,NA,NA,NA,4,1,42,1,42101,"101_103",4210160000,42101000500,88,1.17,30,9.391865,0.796644,150.8014758
"786",39229,487454,1,48745401,228.4384878,128.8901503,1,NA,4.87454e+11,5,4.87454e+13,4874540105,NA,NA,2,NA,NA,4,1,42,1,42101,"101_103",4210160000,42101000500,88,"17:00",8,NA,NA,NA,"0:45","","","","17:45",14,5,NA,NA,NA,NA,NA,NA,NA,NA,NA,NA,NA,NA,NA,NA,NA,NA,NA,NA,NA,NA,NA,NA,NA,NA,NA,NA,NA,NA,NA,NA,4,4,42,1,42101,"101_103",4210160000,42101000500,74,1.17,NA,8.355174,0.538874,150.8014758
"787",39232,487532,1,48753201,179.0435872,103.4234932,1,NA,4.87532e+11,1,4.87532e+13,4875320101,NA,NA,1,1,2,1,1,42,1,42101,"101_110",4210160000,42101007200,1013,"",1,NA,NA,NA,"3:45","","","","6:45",23,5,NA,NA,NA,NA,NA,NA,NA,NA,NA,NA,NA,NA,NA,NA,NA,NA,NA,NA,NA,NA,NA,NA,NA,NA,NA,NA,NA,NA,NA,NA,2,1,42,1,42101,"101_103",4210160000,42101000401,84,1.17,25,29.861776,3.746385,121.0054871
"788",39233,487532,1,48753201,179.0435872,103.4234932,1,NA,4.87532e+11,2,4.87532e+13,4875320102,NA,NA,1,NA,NA,2,1,42,1,42101,"101_103",4210160000,42101000401,84,"7:10",5,NA,NA,NA,"9:50","","","","17:00",23,5,NA,NA,NA,NA,NA,NA,NA,NA,NA,NA,NA,NA,NA,NA,NA,NA,NA,NA,NA,NA,NA,NA,NA,NA,NA,NA,NA,NA,NA,NA,1,1,42,1,42101,"101_110",4210160000,42101007200,1013,1.17,30,28.795438,3.729985,121.0054871
"789",39252,487591,1,48759101,269.8869014,291.0595743,1,NA,4.87591e+11,2,4.87591e+13,4875910102,NA,NA,1,NA,NA,4,1,42,1,42101,"101_112",4210160000,42101004001,819,"9:08",19,NA,NA,NA,"0:00","","","","9:10",21,5,NA,NA,NA,NA,NA,NA,NA,NA,NA,NA,NA,NA,NA,NA,NA,NA,NA,NA,NA,NA,NA,NA,NA,NA,NA,NA,NA,NA,NA,NA,4,1,42,1,42101,"101_103",4210160000,42101000402,93,1.17,10,15.244122,2.284422,340.539702
"790",39260,487591,1,48759101,269.8869014,291.0595743,1,NA,4.87591e+11,10,4.87591e+13,4875910110,NA,NA,1,NA,NA,4,1,42,1,42101,"101_103",4210160000,42101001400,8,"19:15",19,NA,NA,NA,"0:00","","","","19:17",14,5,NA,NA,NA,NA,NA,NA,NA,NA,NA,NA,NA,NA,NA,NA,NA,NA,NA,NA,NA,NA,NA,NA,NA,NA,NA,NA,NA,NA,NA,NA,4,1,42,1,42101,"101_112",4210160000,42101003901,817,1.17,18,13.891549,1.61006,340.539702
"791",39289,487726,2,48772602,196.1786935,205.9213675,1,NA,4.87726e+11,1,4.87726e+13,4877260201,NA,NA,1,1,2,1,1,42,1,42101,"101_116",4210160000,42101036202,3613,"",1,NA,NA,NA,"4:45","","","","7:45",21,5,NA,NA,NA,NA,NA,NA,NA,NA,NA,NA,NA,NA,NA,NA,NA,NA,NA,NA,NA,NA,NA,NA,NA,NA,NA,NA,NA,NA,NA,NA,2,1,42,1,42101,"101_103",4210160000,42101001001,36,1.12,75,66.198249,15.607234,230.6319316
"792",40182,491691,1,49169101,167.9038133,307.0413278,1,NA,4.91691e+11,1,4.91691e+13,4916910101,NA,NA,1,2,2,1,1,42,1,42101,"101_117",4210160000,42101025300,2425,"",1,NA,NA,NA,"0:00","","","","6:55",14,5,NA,NA,NA,NA,NA,NA,NA,NA,NA,NA,NA,NA,NA,NA,NA,NA,NA,NA,NA,NA,NA,NA,NA,NA,NA,NA,NA,NA,NA,NA,2,1,42,1,42091,"091_410",4209135808,42091200507,11808,1.17,55,71.443523,13.863843,359.2383535
"793",40183,491691,1,49169101,167.9038133,307.0413278,1,NA,4.91691e+11,2,4.91691e+13,4916910102,NA,NA,1,NA,NA,2,1,42,1,42091,"091_410",4209135808,42091200507,11808,"7:50",5,NA,NA,NA,"0:00","","","","17:00",14,5,NA,NA,NA,NA,NA,NA,NA,NA,NA,NA,NA,NA,NA,NA,NA,NA,NA,NA,NA,NA,NA,NA,NA,NA,NA,NA,NA,NA,NA,NA,4,1,42,1,42091,"091_412",4209112968,42091202500,12238,1.17,62,42.298743,8.876657,359.2383535
"794",40184,491691,1,49169101,167.9038133,307.0413278,1,NA,4.91691e+11,3,4.91691e+13,4916910103,NA,NA,1,NA,NA,4,1,42,1,42091,"091_412",4209112968,42091202500,12238,"18:02",14,NA,NA,NA,"0:00","","","","19:39",14,5,NA,NA,NA,NA,NA,NA,NA,NA,NA,NA,NA,NA,NA,NA,NA,NA,NA,NA,NA,NA,NA,NA,NA,NA,NA,NA,NA,NA,NA,NA,1,1,42,1,42101,"101_117",4210160000,42101025300,2425,1.17,23,25.517841,3.18762,359.2383535
"795",40447,492552,4,49255204,189.0281746,441.0291118,1,NA,4.92552e+11,2,4.92552e+13,4925520402,NA,NA,2,NA,NA,3,1,42,1,42101,"101_103",4210160000,42101012500,135,"7:30",3,4,NA,NA,"0:00","","","","15:20",14,5,NA,NA,NA,NA,NA,NA,NA,NA,NA,NA,NA,NA,NA,NA,NA,NA,NA,NA,NA,NA,NA,NA,NA,NA,NA,NA,NA,NA,NA,NA,4,1,42,1,42101,"101_103",4210160000,42101000402,92,1.15,6,13.28545,0.974511,507.1834785
"796",40466,492893,1,49289301,228.4384878,103.7440207,1,NA,4.92893e+11,1,4.92893e+13,4928930101,NA,NA,2,8,2,1,1,42,1,42101,"101_103",4210160000,42101012500,136,"",1,NA,NA,NA,"7:00","","","","10:30",14,5,NA,NA,NA,NA,NA,NA,NA,NA,NA,NA,NA,NA,NA,NA,NA,NA,NA,NA,NA,NA,NA,NA,NA,NA,NA,NA,NA,NA,NA,NA,4,1,42,1,42101,"101_103",4210160000,42101000500,70,1.17,30,19.073708,1.716932,121.3805042
"797",40468,492893,1,49289301,228.4384878,103.7440207,1,NA,4.92893e+11,3,4.92893e+13,4928930103,NA,NA,2,NA,NA,4,1,42,1,42101,"101_103",4210160000,42101000600,56,"12:45",11,NA,NA,NA,"0:45","","","","13:30",14,5,NA,NA,NA,NA,NA,NA,NA,NA,NA,NA,NA,NA,NA,NA,NA,NA,NA,NA,NA,NA,NA,NA,NA,NA,NA,NA,NA,NA,NA,NA,4,1,42,1,42101,"101_103",4210160000,42101000700,60,1.17,30,10.447635,0.67174,121.3805042
"798",40469,492893,1,49289301,228.4384878,103.7440207,1,NA,4.92893e+11,4,4.92893e+13,4928930104,NA,NA,2,NA,NA,4,1,42,1,42101,"101_103",4210160000,42101000700,60,"14:00",8,NA,NA,NA,"0:45","","","","14:45",14,5,NA,NA,NA,NA,NA,NA,NA,NA,NA,NA,NA,NA,NA,NA,NA,NA,NA,NA,NA,NA,NA,NA,NA,NA,NA,NA,NA,NA,NA,NA,4,1,42,1,42101,"101_103",4210160000,42101000500,73,1.17,15,6.933333,0.221208,121.3805042
"799",40470,492893,1,49289301,228.4384878,103.7440207,1,NA,4.92893e+11,5,4.92893e+13,4928930105,NA,NA,2,NA,NA,4,1,42,1,42101,"101_103",4210160000,42101000500,73,"15:00",9,NA,NA,NA,"1:30","","","","16:30",14,5,NA,NA,NA,NA,NA,NA,NA,NA,NA,NA,NA,NA,NA,NA,NA,NA,NA,NA,NA,NA,NA,NA,NA,NA,NA,NA,NA,NA,NA,NA,4,1,42,1,42101,"101_103",4210160000,42101000402,79,1.17,30,8.390712,0.68151,121.3805042
"800",40473,492893,1,49289301,228.4384878,103.7440207,1,NA,4.92893e+11,8,4.92893e+13,4928930108,NA,NA,2,NA,NA,4,1,42,1,42101,"101_103",4210160000,42101000402,99,"19:15",14,NA,NA,NA,"0:10","","","","19:25",14,5,NA,NA,NA,NA,NA,NA,NA,NA,NA,NA,NA,NA,NA,NA,NA,NA,NA,NA,NA,NA,NA,NA,NA,NA,NA,NA,NA,NA,NA,NA,4,1,42,1,42101,"101_103",4210160000,42101012500,133,1.17,5,7.232648,0.19438,121.3805042
"801",40490,492916,1,49291601,264.8909442,114.9420887,1,NA,4.92916e+11,1,4.92916e+13,4929160101,NA,NA,2,1,2,1,1,42,1,42101,"101_103",4210160000,42101001400,8,"",1,NA,NA,NA,"0:00","","","","9:15",14,5,NA,NA,NA,NA,NA,NA,NA,NA,NA,NA,NA,NA,NA,NA,NA,NA,NA,NA,NA,NA,NA,NA,NA,NA,NA,NA,NA,NA,NA,NA,4,1,42,1,42101,"101_103",4210160000,42101013300,137,1.17,30,18.742538,1.949783,134.4822437
"802",40603,493456,2,49345602,669.0737258,461.0502758,1,NA,4.93456e+11,1,4.93456e+13,4934560201,NA,NA,2,1,2,1,1,42,1,42101,"101_111",4210160000,42101009400,1215,"",1,NA,NA,NA,"1:00","","","","7:00",14,5,NA,NA,NA,NA,NA,NA,NA,NA,NA,NA,NA,NA,NA,NA,NA,NA,NA,NA,NA,NA,NA,NA,NA,NA,NA,NA,NA,NA,NA,NA,3,6,42,1,42101,"101_112",4210160000,42101004101,820,1.17,60,33.968619,6.305246,539.4288227
"803",40604,493456,2,49345602,669.0737258,461.0502758,1,NA,4.93456e+11,2,4.93456e+13,4934560202,NA,NA,2,NA,NA,3,6,42,1,42101,"101_112",4210160000,42101004101,820,"8:00",3,4,NA,NA,"7:00","3:00","","","18:00",14,5,NA,NA,NA,NA,NA,NA,NA,NA,NA,NA,NA,NA,NA,NA,NA,NA,NA,NA,NA,NA,NA,NA,NA,NA,NA,NA,NA,NA,NA,NA,1,1,42,1,42101,"101_111",4210160000,42101009400,1215,1.17,60,35.126402,6.341724,539.4288227
"804",40734,494077,2,49407702,146.1405414,99.57763888,1,NA,4.94077e+11,6,4.94077e+13,4940770206,NA,NA,1,NA,NA,4,1,42,1,42101,"101_103",4210160000,42101013401,139,"17:30",96,NA,NA,NA,"0:00","","","","17:40",14,5,NA,NA,NA,NA,NA,NA,NA,NA,NA,NA,NA,NA,NA,NA,NA,NA,NA,NA,NA,NA,NA,NA,NA,NA,NA,NA,NA,NA,NA,NA,4,1,42,1,42101,"101_103",4210160000,42101000402,92,1.17,15,16.736524,1.235989,116.5058375
"805",40805,494709,1,49470901,447.8675222,125.4380702,1,NA,4.94709e+11,1,4.94709e+13,4947090101,NA,NA,1,1,2,1,1,42,1,42045,"045_206",4204533144,42045408300,5020,"",1,2,NA,NA,"0:00","","","","6:00",14,5,NA,NA,NA,NA,NA,NA,NA,NA,NA,NA,NA,NA,NA,NA,NA,NA,NA,NA,NA,NA,NA,NA,NA,NA,NA,NA,NA,NA,NA,NA,2,1,42,1,42101,"101_103",4210160000,42101037600,131,1.12,60,55.404768,11.152016,140.4906387
"806",40806,494709,1,49470901,447.8675222,125.4380702,1,NA,4.94709e+11,2,4.94709e+13,4947090102,NA,NA,1,NA,NA,2,1,42,1,42101,"101_103",4210160000,42101037600,131,"7:00",5,NA,NA,NA,"0:00","","","","16:00",14,5,NA,NA,NA,NA,NA,NA,NA,NA,NA,NA,NA,NA,NA,NA,NA,NA,NA,NA,NA,NA,NA,NA,NA,NA,NA,NA,NA,NA,NA,NA,1,1,42,1,42045,"045_206",4204533144,42045408300,5020,1.12,60,51.708666,11.006173,140.4906387
"807",40835,494825,1,49482501,264.8909442,110.28374,1,NA,4.94825e+11,1,4.94825e+13,4948250101,NA,NA,2,2,2,1,1,42,1,42101,"101_118",4210160000,42101033500,2807,"",1,13,14,15,"0:00","","","","12:00",14,5,NA,NA,NA,NA,NA,NA,NA,NA,NA,NA,NA,NA,NA,NA,NA,NA,NA,NA,NA,NA,NA,NA,NA,NA,NA,NA,NA,NA,NA,NA,4,1,42,1,42101,"101_118",4210160000,42101033300,2809,1.17,60,19.230657,1.502587,129.0319758
"808",40836,494825,1,49482501,264.8909442,110.28374,1,NA,4.94825e+11,2,4.94825e+13,4948250102,NA,NA,2,NA,NA,4,1,42,1,42101,"101_118",4210160000,42101033300,2809,"13:00",16,NA,NA,NA,"0:00","","","","14:45",14,5,NA,NA,NA,NA,NA,NA,NA,NA,NA,NA,NA,NA,NA,NA,NA,NA,NA,NA,NA,NA,NA,NA,NA,NA,NA,NA,NA,NA,NA,NA,4,1,42,1,42101,"101_118",4210160000,42101033600,2811,1.17,75,11.775041,0.806524,129.0319758
"809",40837,494825,1,49482501,264.8909442,110.28374,1,NA,4.94825e+11,3,4.94825e+13,4948250103,NA,NA,2,NA,NA,4,1,42,1,42101,"101_118",4210160000,42101033600,2811,"16:00",16,NA,NA,NA,"0:00","","","","17:00",14,5,NA,NA,NA,NA,NA,NA,NA,NA,NA,NA,NA,NA,NA,NA,NA,NA,NA,NA,NA,NA,NA,NA,NA,NA,NA,NA,NA,NA,NA,NA,1,1,42,1,42101,"101_118",4210160000,42101033500,2807,1.17,420,8.12763,0.66176,129.0319758
"810",40922,495218,2,49521802,129.8152217,98.27548944,1,NA,4.95218e+11,1,4.95218e+13,4952180201,NA,NA,2,1,2,1,1,42,1,42101,"101_103",4210160000,42101013601,141,"",1,NA,NA,NA,"5:30","","","","8:30",14,5,NA,NA,NA,NA,NA,NA,NA,NA,NA,NA,NA,NA,NA,NA,NA,NA,NA,NA,NA,NA,NA,NA,NA,NA,NA,NA,NA,NA,NA,NA,4,1,42,1,42101,"101_103",4210160000,42101000300,121,1.15,24,10.610174,0.559191,113.0168129
"811",40925,495218,3,49521803,129.8152217,105.5242709,1,NA,4.95218e+11,1,4.95218e+13,4952180301,NA,NA,2,1,2,1,1,42,1,42101,"101_103",4210160000,42101013601,141,"",1,NA,NA,NA,"5:30","","","","8:30",14,5,NA,NA,NA,NA,NA,NA,NA,NA,NA,NA,NA,NA,NA,NA,NA,NA,NA,NA,NA,NA,NA,NA,NA,NA,NA,NA,NA,NA,NA,NA,3,6,42,1,42101,"101_103",4210160000,42101000300,121,1.15,24,10.610174,0.559191,121.3529115
"812",40974,495484,1,49548401,535.8483804,264.5213906,1,NA,4.95484e+11,1,4.95484e+13,4954840101,NA,NA,1,1,2,1,1,42,1,42101,"101_111",4210160000,42101009300,1214,"",1,2,NA,NA,"4:00","1:00","","","9:30",14,5,NA,NA,NA,NA,NA,NA,NA,NA,NA,NA,NA,NA,NA,NA,NA,NA,NA,NA,NA,NA,NA,NA,NA,NA,NA,NA,NA,NA,NA,NA,2,1,42,1,42091,"091_402",4209179136,42091205801,10211,1.17,75,63.555076,22.599126,309.490027
"813",40975,495484,1,49548401,535.8483804,264.5213906,1,NA,4.95484e+11,2,4.95484e+13,4954840102,NA,NA,1,NA,NA,2,1,42,1,42091,"091_402",4209179136,42091205801,10211,"10:45",5,NA,NA,NA,"8:00","","","","20:15",21,5,NA,NA,NA,NA,NA,NA,NA,NA,NA,NA,NA,NA,NA,NA,NA,NA,NA,NA,NA,NA,NA,NA,NA,NA,NA,NA,NA,NA,NA,NA,1,1,42,1,42101,"101_111",4210160000,42101009300,1214,1.17,75,67.781328,21.522108,309.490027
"814",40979,495484,2,49548402,535.8483804,264.5213906,1,NA,4.95484e+11,1,4.95484e+13,4954840201,NA,NA,1,1,2,1,1,42,1,42101,"101_111",4210160000,42101009300,1214,"",1,NA,NA,NA,"5:00","","","","9:30",14,5,NA,NA,NA,NA,NA,NA,NA,NA,NA,NA,NA,NA,NA,NA,NA,NA,NA,NA,NA,NA,NA,NA,NA,NA,NA,NA,NA,NA,NA,NA,2,1,42,1,42091,"091_402",4209179136,42091205801,10211,1.17,75,63.555076,22.599126,309.490027
"815",40980,495484,2,49548402,535.8483804,264.5213906,1,NA,4.95484e+11,2,4.95484e+13,4954840202,NA,NA,1,NA,NA,2,1,42,1,42091,"091_402",4209179136,42091205801,10211,"10:45",5,NA,NA,NA,"8:00","","","","20:15",21,5,NA,NA,NA,NA,NA,NA,NA,NA,NA,NA,NA,NA,NA,NA,NA,NA,NA,NA,NA,NA,NA,NA,NA,NA,NA,NA,NA,NA,NA,NA,1,1,42,1,42101,"101_111",4210160000,42101009300,1214,1.17,75,67.781328,21.522108,309.490027
"816",41145,496426,1,49642601,482.4406172,187.5374383,1,NA,4.96426e+11,1,4.96426e+13,4964260101,NA,NA,3,6,2,1,1,42,1,42101,"101_107",4210160000,42101016600,427,"",1,15,NA,NA,"0:00","","","","10:26",14,5,NA,NA,NA,NA,NA,NA,NA,NA,NA,NA,NA,NA,NA,NA,NA,NA,NA,NA,NA,NA,NA,NA,NA,NA,NA,NA,NA,NA,NA,NA,4,1,42,1,42101,"101_117",4210160000,42101024500,2406,1.17,34,27.951814,3.376383,219.4188029
"817",41146,496426,1,49642601,482.4406172,187.5374383,1,NA,4.96426e+11,2,4.96426e+13,4964260102,NA,NA,3,NA,NA,4,1,42,1,42101,"101_117",4210160000,42101024500,2406,"11:00",8,NA,NA,NA,"0:00","","","","11:26",14,5,NA,NA,NA,NA,NA,NA,NA,NA,NA,NA,NA,NA,NA,NA,NA,NA,NA,NA,NA,NA,NA,NA,NA,NA,NA,NA,NA,NA,NA,NA,4,1,42,1,42101,"101_103",4210160000,42101000402,80,1.17,34,32.308005,6.054789,219.4188029
"818",41147,496426,1,49642601,482.4406172,187.5374383,1,NA,4.96426e+11,3,4.96426e+13,4964260103,NA,NA,3,NA,NA,4,1,42,1,42101,"101_103",4210160000,42101000402,80,"12:00",16,NA,NA,NA,"1:30","","","","13:30",14,5,NA,NA,NA,NA,NA,NA,NA,NA,NA,NA,NA,NA,NA,NA,NA,NA,NA,NA,NA,NA,NA,NA,NA,NA,NA,NA,NA,NA,NA,NA,4,1,42,1,42101,"101_101",4210160000,42101017500,1403,1.17,45,27.106476,4.024109,219.4188029
"819",41148,496426,1,49642601,482.4406172,187.5374383,1,NA,4.96426e+11,4,4.96426e+13,4964260104,NA,NA,3,NA,NA,4,1,42,1,42101,"101_101",4210160000,42101017500,1403,"14:15",12,NA,NA,NA,"1:05","","","","15:20",14,5,NA,NA,NA,NA,NA,NA,NA,NA,NA,NA,NA,NA,NA,NA,NA,NA,NA,NA,NA,NA,NA,NA,NA,NA,NA,NA,NA,NA,NA,NA,4,1,42,1,42101,"101_107",4210160000,42101016600,427,1.17,25,14.8069,0.934949,219.4188029
"820",41151,496426,1,49642601,482.4406172,187.5374383,1,NA,4.96426e+11,7,4.96426e+13,4964260107,NA,NA,3,NA,NA,4,1,42,1,42101,"101_101",4210160000,42101017300,1408,"18:30",8,NA,NA,NA,"0:00","","","","19:08",14,5,NA,NA,NA,NA,NA,NA,NA,NA,NA,NA,NA,NA,NA,NA,NA,NA,NA,NA,NA,NA,NA,NA,NA,NA,NA,NA,NA,NA,NA,NA,4,1,42,1,42101,"101_115",4210160000,42101026301,2643,1.17,160,43.111973,6.766287,219.4188029
"821",41267,496992,3,49699203,279.3646839,158.5849056,1,NA,4.96992e+11,2,4.96992e+13,4969920302,NA,NA,2,NA,NA,3,6,42,1,42045,"045_206",4204533144,42045409100,5008,"6:57",3,4,NA,NA,"0:00","","","","15:05",23,5,NA,NA,NA,NA,NA,NA,NA,NA,NA,NA,NA,NA,NA,NA,NA,NA,NA,NA,NA,NA,NA,NA,NA,NA,NA,NA,NA,NA,NA,NA,1,1,42,1,42045,"045_206",4204533144,42045408300,5020,1.15,40,28.396062,3.721023,182.3726415
"822",41353,497194,1,49719401,252.2959697,1184.69576,1,NA,4.97194e+11,1,4.97194e+13,4971940101,NA,NA,2,4,2,1,1,42,1,42091,"091_403",4209154656,42091203602,10431,"",1,NA,NA,NA,"0:00","","","","9:35",14,5,NA,NA,NA,NA,NA,NA,NA,NA,NA,NA,NA,NA,NA,NA,NA,NA,NA,NA,NA,NA,NA,NA,NA,NA,NA,NA,NA,NA,NA,NA,4,1,42,1,42091,"091_403",4209121600,42091203303,10402,1.17,30,15.285721,2.133812,1386.094039
"823",41357,497194,1,49719401,252.2959697,1184.69576,1,NA,4.97194e+11,5,4.97194e+13,4971940105,NA,NA,2,NA,NA,4,1,42,1,42091,"091_403",4209121600,42091203304,10401,"12:45",19,NA,NA,NA,"0:00","","","","13:32",14,5,NA,NA,NA,NA,NA,NA,NA,NA,NA,NA,NA,NA,NA,NA,NA,NA,NA,NA,NA,NA,NA,NA,NA,NA,NA,NA,NA,NA,NA,NA,1,1,42,1,42091,"091_403",4209154656,42091203602,10431,1.17,8,13.05,1.138637,1386.094039
"824",41551,498523,1,49852301,309.1267134,187.0566038,1,NA,4.98523e+11,1,4.98523e+13,4985230101,NA,NA,2,4,2,1,1,42,1,42101,"101_107",4210160000,42101014900,415,"",1,14,15,NA,"4:00","","","","8:00",14,5,NA,NA,NA,NA,NA,NA,NA,NA,NA,NA,NA,NA,NA,NA,NA,NA,NA,NA,NA,NA,NA,NA,NA,NA,NA,NA,NA,NA,NA,NA,4,1,42,1,42101,"101_103",4210160000,42101000402,98,1.17,60,26.670424,2.770826,218.8562264
"825",41553,498523,1,49852301,309.1267134,187.0566038,1,NA,4.98523e+11,3,4.98523e+13,4985230103,NA,NA,2,NA,NA,4,1,42,1,42101,"101_103",4210160000,42101000300,112,"11:30",6,7,NA,NA,"1:00","1:00","","","13:30",21,5,NA,NA,NA,NA,NA,NA,NA,NA,NA,NA,NA,NA,NA,NA,NA,NA,NA,NA,NA,NA,NA,NA,NA,NA,NA,NA,NA,NA,NA,NA,4,1,42,1,42101,"101_103",4210160000,42101000500,88,1.17,30,12.814581,0.981566,218.8562264
"826",41554,498523,1,49852301,309.1267134,187.0566038,1,NA,4.98523e+11,4,4.98523e+13,4985230104,NA,NA,2,NA,NA,4,1,42,1,42101,"101_103",4210160000,42101000500,88,"14:00",11,NA,NA,NA,"0:00","","","","14:30",14,5,NA,NA,NA,NA,NA,NA,NA,NA,NA,NA,NA,NA,NA,NA,NA,NA,NA,NA,NA,NA,NA,NA,NA,NA,NA,NA,NA,NA,NA,NA,4,1,42,1,42101,"101_107",4210160000,42101014900,415,1.17,45,30.908288,3.509995,218.8562264
"827",41633,498942,1,49894201,214.1256399,125.5996895,1,NA,4.98942e+11,2,4.98942e+13,4989420102,NA,NA,1,NA,NA,4,1,42,1,42101,"101_108",4210160000,42101022000,3220,"8:48",19,NA,NA,NA,"0:00","","","","8:49",14,5,NA,NA,NA,NA,NA,NA,NA,NA,NA,NA,NA,NA,NA,NA,NA,NA,NA,NA,NA,NA,NA,NA,NA,NA,NA,NA,NA,NA,NA,NA,4,1,42,1,42101,"101_103",4210160000,42101000700,59,1.17,44,37.798029,11.311785,146.9516367
"828",41635,498942,1,49894201,214.1256399,125.5996895,1,NA,4.98942e+11,4,4.98942e+13,4989420104,NA,NA,1,NA,NA,4,1,42,1,42101,"101_103",4210160000,42101000500,74,"9:41",19,NA,NA,NA,"0:00","","","","9:42",21,5,NA,NA,NA,NA,NA,NA,NA,NA,NA,NA,NA,NA,NA,NA,NA,NA,NA,NA,NA,NA,NA,NA,NA,NA,NA,NA,NA,NA,NA,NA,4,1,42,1,42101,"101_101",4210160000,42101020102,1428,1.17,14,16.337594,4.243183,146.9516367
"829",41638,498942,1,49894201,214.1256399,125.5996895,1,NA,4.98942e+11,7,4.98942e+13,4989420107,NA,NA,1,NA,NA,4,1,42,1,42101,"101_101",4210160000,42101020101,1418,"17:41",19,NA,NA,NA,"0:00","","","","17:47",21,5,NA,NA,NA,NA,NA,NA,NA,NA,NA,NA,NA,NA,NA,NA,NA,NA,NA,NA,NA,NA,NA,NA,NA,NA,NA,NA,NA,NA,NA,NA,4,1,42,1,42101,"101_103",4210160000,42101000402,93,1.17,16,22.41538,3.860372,146.9516367
"830",41639,498942,1,49894201,214.1256399,125.5996895,1,NA,4.98942e+11,8,4.98942e+13,4989420108,NA,NA,1,NA,NA,4,1,42,1,42101,"101_103",4210160000,42101000402,93,"18:03",19,NA,NA,NA,"0:00","","","","18:05",14,5,NA,NA,NA,NA,NA,NA,NA,NA,NA,NA,NA,NA,NA,NA,NA,NA,NA,NA,NA,NA,NA,NA,NA,NA,NA,NA,NA,NA,NA,NA,2,1,42,1,42101,"101_101",4210160000,42101020101,1418,1.17,37,21.472868,3.975502,146.9516367
"831",41655,499045,1,49904501,124.5451967,190.9416324,1,NA,4.99045e+11,1,4.99045e+13,4990450101,NA,NA,2,4,2,1,1,42,1,42101,"101_117",4210160000,42101025300,2425,"",1,NA,NA,NA,"0:00","","","","9:00",14,5,NA,NA,NA,NA,NA,NA,NA,NA,NA,NA,NA,NA,NA,NA,NA,NA,NA,NA,NA,NA,NA,NA,NA,NA,NA,NA,NA,NA,NA,NA,4,1,42,1,42091,"091_409",4209155512,42091201100,11633,1.12,60,62.272035,18.5043,213.8546283
"832",41657,499045,1,49904501,124.5451967,190.9416324,1,NA,4.99045e+11,3,4.99045e+13,4990450103,NA,NA,2,NA,NA,4,1,42,1,42101,"101_103",4210160000,42101000700,61,"11:00",9,NA,NA,NA,"0:00","","","","12:00",14,5,NA,NA,NA,NA,NA,NA,NA,NA,NA,NA,NA,NA,NA,NA,NA,NA,NA,NA,NA,NA,NA,NA,NA,NA,NA,NA,NA,NA,NA,NA,4,1,42,1,42101,"101_103",4210160000,42101001002,51,1.12,60,18.299819,1.432732,213.8546283
"833",41658,499045,1,49904501,124.5451967,190.9416324,1,NA,4.99045e+11,4,4.99045e+13,4990450104,NA,NA,2,NA,NA,4,1,42,1,42101,"101_103",4210160000,42101001002,51,"13:00",15,NA,NA,NA,"0:00","","","","15:30",14,5,NA,NA,NA,NA,NA,NA,NA,NA,NA,NA,NA,NA,NA,NA,NA,NA,NA,NA,NA,NA,NA,NA,NA,NA,NA,NA,NA,NA,NA,NA,4,1,42,1,42101,"101_117",4210160000,42101025400,2431,1.12,40,35.042316,9.719264,213.8546283
"834",41659,499045,1,49904501,124.5451967,190.9416324,1,NA,4.99045e+11,5,4.99045e+13,4990450105,NA,NA,2,NA,NA,4,1,42,1,42101,"101_117",4210160000,42101025400,2431,"16:10",12,NA,NA,NA,"0:00","","","","17:30",14,5,NA,NA,NA,NA,NA,NA,NA,NA,NA,NA,NA,NA,NA,NA,NA,NA,NA,NA,NA,NA,NA,NA,NA,NA,NA,NA,NA,NA,NA,NA,1,1,42,1,42101,"101_117",4210160000,42101025300,2425,1.12,15,7.683333,0.690343,213.8546283
"835",41845,500220,2,50022002,851.8019687,369.2471939,1,NA,5.0022e+11,1,5.0022e+13,5002200201,NA,NA,1,2,2,1,1,42,1,42101,"101_110",4210160000,42101007700,1015,"",1,NA,NA,NA,"4:45","","","","7:45",14,5,NA,NA,NA,NA,NA,NA,NA,NA,NA,NA,NA,NA,NA,NA,NA,NA,NA,NA,NA,NA,NA,NA,NA,NA,NA,NA,NA,NA,NA,NA,2,1,42,1,42101,"101_101",4210160000,42101020500,1435,1.17,50,42.699033,8.995063,432.0192169
"836",41846,500220,2,50022002,851.8019687,369.2471939,1,NA,5.0022e+11,2,5.0022e+13,5002200202,NA,NA,1,NA,NA,2,1,42,1,42101,"101_101",4210160000,42101020500,1435,"8:35",5,7,NA,NA,"7:00","0:20","","","16:15",14,5,NA,NA,NA,NA,NA,NA,NA,NA,NA,NA,NA,NA,NA,NA,NA,NA,NA,NA,NA,NA,NA,NA,NA,NA,NA,NA,NA,NA,NA,NA,4,1,42,1,42101,"101_110",4210160000,42101036900,1019,1.17,45,35.961344,8.507433,432.0192169
"837",41904,500394,2,50039402,211.3498436,94.94909625,1,NA,5.00394e+11,1,5.00394e+13,5003940201,NA,NA,1,1,2,1,1,42,1,42101,"101_103",4210160000,42101001201,26,"",1,NA,NA,NA,"5:30","","","","8:30",14,5,NA,NA,NA,NA,NA,NA,NA,NA,NA,NA,NA,NA,NA,NA,NA,NA,NA,NA,NA,NA,NA,NA,NA,NA,NA,NA,NA,NA,NA,NA,2,1,42,1,42101,"101_103",4210160000,42101001001,53,1.17,30,19.812944,1.794257,111.0904426
"838",41905,500394,2,50039402,211.3498436,94.94909625,1,NA,5.00394e+11,2,5.00394e+13,5003940202,NA,NA,1,NA,NA,2,1,42,1,42101,"101_103",4210160000,42101001001,53,"9:00",5,NA,NA,NA,"8:30","","","","17:30",14,5,NA,NA,NA,NA,NA,NA,NA,NA,NA,NA,NA,NA,NA,NA,NA,NA,NA,NA,NA,NA,NA,NA,NA,NA,NA,NA,NA,NA,NA,NA,1,1,42,1,42101,"101_103",4210160000,42101001201,26,1.17,50,22.14147,1.698024,111.0904426
"839",41933,500643,1,50064301,324.4698324,152.2736999,1,NA,5.00643e+11,2,5.00643e+13,5006430102,NA,NA,2,NA,NA,4,1,42,1,42101,"101_107",4210160000,42101014400,401,"10:46",19,NA,NA,NA,"0:00","","","","10:51",21,5,NA,NA,NA,NA,NA,NA,NA,NA,NA,NA,NA,NA,NA,NA,NA,NA,NA,NA,NA,NA,NA,NA,NA,NA,NA,NA,NA,NA,NA,NA,4,1,42,1,42101,"101_103",4210160000,42101000500,72,1.17,8,17.783333,2.727772,178.1602289
"840",41934,500643,1,50064301,324.4698324,152.2736999,1,NA,5.00643e+11,3,5.00643e+13,5006430103,NA,NA,2,NA,NA,4,1,42,1,42101,"101_103",4210160000,42101000500,72,"10:59",19,NA,NA,NA,"0:00","","","","11:03",23,5,NA,NA,NA,NA,NA,NA,NA,NA,NA,NA,NA,NA,NA,NA,NA,NA,NA,NA,NA,NA,NA,NA,NA,NA,NA,NA,NA,NA,NA,NA,4,1,42,1,42101,"101_110",4210160000,42101007400,1007,1.17,17,23.130303,3.461664,178.1602289
"841",41936,500643,1,50064301,324.4698324,152.2736999,1,NA,5.00643e+11,5,5.00643e+13,5006430105,NA,NA,2,NA,NA,4,1,42,1,42101,"101_110",4210160000,42101008802,1022,"11:31",14,19,NA,NA,"0:00","","","","11:32",23,5,NA,NA,NA,NA,NA,NA,NA,NA,NA,NA,NA,NA,NA,NA,NA,NA,NA,NA,NA,NA,NA,NA,NA,NA,NA,NA,NA,NA,NA,NA,4,1,42,1,42101,"101_110",4210160000,42101980000,1040,1.17,5,16.130443,1.650365,178.1602289
"842",41937,500643,1,50064301,324.4698324,152.2736999,1,NA,5.00643e+11,6,5.00643e+13,5006430106,NA,NA,2,NA,NA,4,1,42,1,42101,"101_110",4210160000,42101980000,1040,"11:37",19,NA,NA,NA,"0:00","","","","11:41",21,5,NA,NA,NA,NA,NA,NA,NA,NA,NA,NA,NA,NA,NA,NA,NA,NA,NA,NA,NA,NA,NA,NA,NA,NA,NA,NA,NA,NA,NA,NA,4,1,42,1,42101,"101_107",4210160000,42101014400,401,1.17,19,26.336258,4.063059,178.1602289
"843",41941,500643,1,50064301,324.4698324,152.2736999,2,NA,5.00643e+11,10,5.00643e+13,5006430110,NA,NA,2,NA,NA,4,1,42,1,42101,"101_107",4210160000,42101014400,401,"14:35",19,NA,NA,NA,"0:00","","","","14:38",23,5,NA,NA,NA,NA,NA,NA,NA,NA,NA,NA,NA,NA,NA,NA,NA,NA,NA,NA,NA,NA,NA,NA,NA,NA,NA,NA,NA,NA,NA,NA,4,1,42,1,42101,"101_109",4210160000,42101014300,601,1.17,5,16.997797,0.880096,178.1602289
"844",41976,500908,1,50090801,561.0767375,384.638288,1,NA,5.00908e+11,1,5.00908e+13,5009080101,NA,NA,2,1,2,1,1,42,1,42101,"101_104",4210160000,42101033200,3030,"",1,NA,NA,NA,"0:00","","","","6:50",14,5,NA,NA,NA,NA,NA,NA,NA,NA,NA,NA,NA,NA,NA,NA,NA,NA,NA,NA,NA,NA,NA,NA,NA,NA,NA,NA,NA,NA,NA,NA,4,1,42,1,42101,"101_101",4210160000,42101019800,1429,1.12,50,50.927581,7.349597,430.7948825
"845",41977,500908,1,50090801,561.0767375,384.638288,1,NA,5.00908e+11,2,5.00908e+13,5009080102,NA,NA,2,NA,NA,4,1,42,1,42101,"101_101",4210160000,42101019800,1429,"7:40",3,NA,NA,NA,"0:00","","","","14:40",14,5,NA,NA,NA,NA,NA,NA,NA,NA,NA,NA,NA,NA,NA,NA,NA,NA,NA,NA,NA,NA,NA,NA,NA,NA,NA,NA,NA,NA,NA,NA,1,1,42,1,42101,"101_104",4210160000,42101033200,3030,1.12,50,50.533355,7.669277,430.7948825
"846",42130,501975,1,50197501,567.4321306,2836.966694,1,NA,5.01975e+11,2,5.01975e+13,5019750102,NA,NA,1,NA,NA,4,1,42,1,42045,"045_203",4204518152,42045402400,4412,"5:45",96,NA,NA,NA,"0:08","","","","5:53",14,5,NA,NA,NA,NA,NA,NA,NA,NA,NA,NA,NA,NA,NA,NA,NA,NA,NA,NA,NA,NA,NA,NA,NA,NA,NA,NA,NA,NA,NA,NA,4,1,42,1,42101,"101_110",4210160000,42101007400,1007,1.17,14,23.614623,2.915611,3319.251032
"847",42131,501975,1,50197501,567.4321306,2836.966694,1,NA,5.01975e+11,3,5.01975e+13,5019750103,NA,NA,1,NA,NA,4,1,42,1,42101,"101_110",4210160000,42101007400,1007,"6:07",96,NA,NA,NA,"0:12","","","","6:19",14,5,NA,NA,NA,NA,NA,NA,NA,NA,NA,NA,NA,NA,NA,NA,NA,NA,NA,NA,NA,NA,NA,NA,NA,NA,NA,NA,NA,NA,NA,NA,2,1,42,1,42101,"101_112",4210160000,42101003600,837,1.17,21,19.446612,1.665347,3319.251032
"848",42133,501975,1,50197501,567.4321306,2836.966694,1,NA,5.01975e+11,5,5.01975e+13,5019750105,NA,NA,1,NA,NA,4,1,42,1,42101,"101_112",4210160000,42101003300,849,"15:10",96,NA,NA,NA,"0:01","","","","15:11",14,5,NA,NA,NA,NA,NA,NA,NA,NA,NA,NA,NA,NA,NA,NA,NA,NA,NA,NA,NA,NA,NA,NA,NA,NA,NA,NA,NA,NA,NA,NA,4,1,42,1,42101,"101_110",4210160000,42101007400,1007,1.17,7,10.368957,1.29301,3319.251032
"849",42137,501975,2,50197502,567.4321306,3186.664682,1,NA,5.01975e+11,1,5.01975e+13,5019750201,NA,NA,2,3,2,1,1,42,1,42045,"045_203",4204518152,42045402400,4412,"",1,15,NA,NA,"5:30","2:30","","","12:00",14,5,NA,NA,NA,NA,NA,NA,NA,NA,NA,NA,NA,NA,NA,NA,NA,NA,NA,NA,NA,NA,NA,NA,NA,NA,NA,NA,NA,NA,NA,NA,4,1,42,1,42101,"101_102",4210160000,42101006700,2019,1.17,0,24.131559,2.298921,3728.397678
"850",42138,501975,2,50197502,567.4321306,3186.664682,1,NA,5.01975e+11,2,5.01975e+13,5019750202,NA,NA,2,NA,NA,4,1,42,1,42101,"101_102",4210160000,42101006700,2019,"12:00",13,NA,NA,NA,"2:15","","","","14:15",14,5,NA,NA,NA,NA,NA,NA,NA,NA,NA,NA,NA,NA,NA,NA,NA,NA,NA,NA,NA,NA,NA,NA,NA,NA,NA,NA,NA,NA,NA,NA,4,1,42,1,42045,"045_203",4204579000,42045400401,4448,1.17,45,27.250362,3.991769,3728.397678
"851",42139,501975,2,50197502,567.4321306,3186.664682,1,NA,5.01975e+11,3,5.01975e+13,5019750203,NA,NA,2,NA,NA,4,1,42,1,42045,"045_203",4204579000,42045400401,4448,"15:00",16,NA,NA,NA,"2:00","","","","17:00",14,5,NA,NA,NA,NA,NA,NA,NA,NA,NA,NA,NA,NA,NA,NA,NA,NA,NA,NA,NA,NA,NA,NA,NA,NA,NA,NA,NA,NA,NA,NA,4,1,42,1,42101,"101_111",4210160000,42101010600,1216,1.17,60,32.367153,3.807747,3728.397678
"852",42140,501975,2,50197502,567.4321306,3186.664682,1,NA,5.01975e+11,4,5.01975e+13,5019750204,NA,NA,2,NA,NA,4,1,42,1,42101,"101_111",4210160000,42101010600,1216,"18:00",12,15,NA,NA,"2:15","1:25","","","21:50",14,5,NA,NA,NA,NA,NA,NA,NA,NA,NA,NA,NA,NA,NA,NA,NA,NA,NA,NA,NA,NA,NA,NA,NA,NA,NA,NA,NA,NA,NA,NA,1,1,42,1,42045,"045_203",4204518152,42045402400,4412,1.17,100,42.651578,6.992355,3728.397678
"853",42142,501975,3,50197503,567.4321306,3186.664682,1,NA,5.01975e+11,1,5.01975e+13,5019750301,NA,NA,2,4,2,1,1,42,1,42045,"045_203",4204518152,42045402400,4412,"",1,NA,NA,NA,"5:06","","","","8:06",14,5,NA,NA,NA,NA,NA,NA,NA,NA,NA,NA,NA,NA,NA,NA,NA,NA,NA,NA,NA,NA,NA,NA,NA,NA,NA,NA,NA,NA,NA,NA,4,1,42,1,42101,"101_103",4210160000,42101000901,41,1.17,61,30.607886,6.671838,3728.397678
"854",42143,501975,3,50197503,567.4321306,3186.664682,1,NA,5.01975e+11,2,5.01975e+13,5019750302,NA,NA,2,NA,NA,4,1,42,1,42101,"101_103",4210160000,42101000901,41,"9:07",13,NA,NA,NA,"0:11","","","","9:18",21,5,NA,NA,NA,NA,NA,NA,NA,NA,NA,NA,NA,NA,NA,NA,NA,NA,NA,NA,NA,NA,NA,NA,NA,NA,NA,NA,NA,NA,NA,NA,4,1,42,1,42101,"101_107",4210160000,42101014600,409,1.17,21,17.68766,2.27228,3728.397678
"855",42145,501975,3,50197503,567.4321306,3186.664682,1,NA,5.01975e+11,4,5.01975e+13,5019750304,NA,NA,2,NA,NA,4,4,42,1,42101,"101_107",4210160000,42101014900,415,"14:00",11,NA,NA,NA,"2:01","","","","16:01",14,5,NA,NA,NA,NA,NA,NA,NA,NA,NA,NA,NA,NA,NA,NA,NA,NA,NA,NA,NA,NA,NA,NA,NA,NA,NA,NA,NA,NA,NA,NA,4,1,42,1,42017,"017_507",4201780952,42017101607,15229,1.17,133,113.946619,22.292367,3728.397678
"856",42146,501975,3,50197503,567.4321306,3186.664682,1,NA,5.01975e+11,5,5.01975e+13,5019750305,NA,NA,2,NA,NA,4,1,42,1,42017,"017_507",4201780952,42017101607,15229,"18:14",3,NA,NA,NA,"0:01","","","","19:15",14,5,NA,NA,NA,NA,NA,NA,NA,NA,NA,NA,NA,NA,NA,NA,NA,NA,NA,NA,NA,NA,NA,NA,NA,NA,NA,NA,NA,NA,NA,NA,1,1,42,1,42045,"045_203",4204518152,42045402400,4412,1.17,191,128.543558,27.974617,3728.397678
"857",42174,502083,2,50208302,367.4334267,177.4717151,2,NA,5.02083e+11,5,5.02083e+13,5020830205,NA,NA,1,NA,NA,4,1,42,1,42101,"101_108",4210160000,42101020900,3203,"11:40",19,NA,NA,NA,"0:00","","","","11:50",14,5,NA,NA,NA,NA,NA,NA,NA,NA,NA,NA,NA,NA,NA,NA,NA,NA,NA,NA,NA,NA,NA,NA,NA,NA,NA,NA,NA,NA,NA,NA,4,1,42,1,42101,"101_110",4210160000,42101980000,1040,1.12,10,13.282802,6.143314,198.7683209
"858",42201,502138,1,50213801,860.4556576,257.3654622,1,NA,5.02138e+11,1,5.02138e+13,5021380101,NA,NA,2,2,2,1,1,42,1,42101,"101_107",4210160000,42101016800,432,"",1,NA,NA,NA,"5:00","","","","8:00",21,5,NA,NA,NA,NA,NA,NA,NA,NA,NA,NA,NA,NA,NA,NA,NA,NA,NA,NA,NA,NA,NA,NA,NA,NA,NA,NA,NA,NA,NA,NA,4,1,42,1,42101,"101_103",4210160000,42101012500,133,1.17,45,23.000626,2.619377,301.1175908
"859",42202,502138,1,50213801,860.4556576,257.3654622,1,NA,5.02138e+11,2,5.02138e+13,5021380102,NA,NA,2,NA,NA,4,1,42,1,42101,"101_103",4210160000,42101012500,133,"8:45",16,NA,NA,NA,"2:15","","","","11:00",14,5,NA,NA,NA,NA,NA,NA,NA,NA,NA,NA,NA,NA,NA,NA,NA,NA,NA,NA,NA,NA,NA,NA,NA,NA,NA,NA,NA,NA,NA,NA,4,1,42,1,42101,"101_107",4210160000,42101037700,419,1.17,30,22.385064,2.386517,301.1175908
"860",42208,502138,2,50213802,860.4556576,173.7659854,1,NA,5.02138e+11,4,5.02138e+13,5021380204,NA,NA,2,NA,NA,3,6,42,1,42091,"091_403",4209186496,42091206801,10449,"16:00",14,15,NA,NA,"2:00","1:30","","","19:30",21,5,NA,NA,NA,NA,NA,NA,NA,NA,NA,NA,NA,NA,NA,NA,NA,NA,NA,NA,NA,NA,NA,NA,NA,NA,NA,NA,NA,NA,NA,NA,1,1,42,1,42101,"101_107",4210160000,42101016800,432,1.17,30,NA,NA,203.3062029
"861",42210,502138,3,50213803,860.4556576,173.7659854,1,NA,5.02138e+11,1,5.02138e+13,5021380301,NA,NA,2,3,2,1,1,42,1,42101,"101_107",4210160000,42101016800,432,"",1,NA,NA,NA,"4:30","","","","7:30",14,5,NA,NA,NA,NA,NA,NA,NA,NA,NA,NA,NA,NA,NA,NA,NA,NA,NA,NA,NA,NA,NA,NA,NA,NA,NA,NA,NA,NA,NA,NA,3,1,42,1,42101,"101_107",4210160000,42101016901,434,1.17,30,11.116667,0.818967,203.3062029
"862",42212,502138,3,50213803,860.4556576,173.7659854,1,NA,5.02138e+11,3,5.02138e+13,5021380303,NA,NA,2,NA,NA,4,1,42,1,42101,"101_104",4210160000,42101031600,3014,"15:45",19,NA,NA,NA,"0:00","","","","16:15",14,5,NA,NA,NA,NA,NA,NA,NA,NA,NA,NA,NA,NA,NA,NA,NA,NA,NA,NA,NA,NA,NA,NA,NA,NA,NA,NA,NA,NA,NA,NA,4,1,42,1,42101,"101_107",4210160000,42101037700,419,1.17,15,39.286545,7.059107,203.3062029
"863",42213,502138,3,50213803,860.4556576,173.7659854,1,NA,5.02138e+11,4,5.02138e+13,5021380304,NA,NA,2,NA,NA,4,1,42,1,42101,"101_107",4210160000,42101037700,419,"16:30",12,NA,NA,NA,"2:30","","","","19:00",14,5,NA,NA,NA,NA,NA,NA,NA,NA,NA,NA,NA,NA,NA,NA,NA,NA,NA,NA,NA,NA,NA,NA,NA,NA,NA,NA,NA,NA,NA,NA,1,1,42,1,42101,"101_107",4210160000,42101016800,432,1.17,30,17.095609,1.392604,203.3062029
"864",42216,502138,4,50213804,860.4556576,225.5464313,1,NA,5.02138e+11,2,5.02138e+13,5021380402,NA,NA,2,NA,NA,4,1,42,1,42101,"101_107",4210160000,42101037700,419,"7:30",19,NA,NA,NA,"0:00","","","","7:31",14,5,NA,NA,NA,NA,NA,NA,NA,NA,NA,NA,NA,NA,NA,NA,NA,NA,NA,NA,NA,NA,NA,NA,NA,NA,NA,NA,NA,NA,NA,NA,3,6,42,1,42091,"091_411",4209179008,42091201407,12013,1.17,29,50.369032,11.511409,263.8893246
"865",42217,502138,4,50213804,860.4556576,225.5464313,1,NA,5.02138e+11,3,5.02138e+13,5021380403,NA,NA,2,NA,NA,3,6,42,1,42091,"091_411",4209179008,42091201407,12013,"8:00",2,3,NA,NA,"3:30","4:30","","","16:00",14,5,NA,NA,NA,NA,NA,NA,NA,NA,NA,NA,NA,NA,NA,NA,NA,NA,NA,NA,NA,NA,NA,NA,NA,NA,NA,NA,NA,NA,NA,NA,1,1,42,1,42101,"101_107",4210160000,42101016800,432,1.17,60,53.780161,11.23648,263.8893246
"866",42427,503285,1,50328501,228.4384878,103.7440207,1,NA,5.03285e+11,1,5.03285e+13,5032850101,NA,NA,2,5,2,1,1,42,1,42101,"101_112",4210160000,42101002500,842,"",1,NA,NA,NA,"0:00","","","","8:55",14,5,NA,NA,NA,NA,NA,NA,NA,NA,NA,NA,NA,NA,NA,NA,NA,NA,NA,NA,NA,NA,NA,NA,NA,NA,NA,NA,NA,NA,NA,NA,4,1,42,1,42101,"101_103",4210160000,42101001102,17,1.17,25,13.389732,1.094429,121.3805042
"867",42429,503285,1,50328501,228.4384878,103.7440207,1,NA,5.03285e+11,3,5.03285e+13,5032850103,NA,NA,2,NA,NA,4,1,42,1,42101,"101_103",4210160000,42101001102,17,"11:05",8,NA,NA,NA,"0:00","","","","11:15",14,5,NA,NA,NA,NA,NA,NA,NA,NA,NA,NA,NA,NA,NA,NA,NA,NA,NA,NA,NA,NA,NA,NA,NA,NA,NA,NA,NA,NA,NA,NA,4,1,42,1,42101,"101_103",4210160000,42101036600,2,1.17,35,16.176392,0.888767,121.3805042
"868",42430,503285,1,50328501,228.4384878,103.7440207,1,NA,5.03285e+11,4,5.03285e+13,5032850104,NA,NA,2,NA,NA,4,1,42,1,42101,"101_103",4210160000,42101036600,2,"11:50",13,NA,NA,NA,"0:00","","","","16:15",14,5,NA,NA,NA,NA,NA,NA,NA,NA,NA,NA,NA,NA,NA,NA,NA,NA,NA,NA,NA,NA,NA,NA,NA,NA,NA,NA,NA,NA,NA,NA,4,1,42,1,42101,"101_103",4210160000,42101001600,4,1.17,30,10.991573,0.475104,121.3805042
"869",42432,503285,1,50328501,228.4384878,103.7440207,1,NA,5.03285e+11,6,5.03285e+13,5032850106,NA,NA,2,NA,NA,4,1,42,1,42101,"101_115",4210160000,42101026302,2641,"17:15",8,NA,NA,NA,"0:00","","","","17:20",14,5,NA,NA,NA,NA,NA,NA,NA,NA,NA,NA,NA,NA,NA,NA,NA,NA,NA,NA,NA,NA,NA,NA,NA,NA,NA,NA,NA,NA,NA,NA,1,1,42,1,42101,"101_112",4210160000,42101002500,842,1.17,15,62.239256,11.535083,121.3805042
"870",42792,504775,1,50477501,317.9730521,146.5845164,1,NA,5.04775e+11,1,5.04775e+13,5047750101,NA,NA,2,1,2,1,1,42,1,42101,"101_103",4210160000,42101001400,8,"",1,7,8,NA,"0:00","","","","12:00",14,5,NA,NA,NA,NA,NA,NA,NA,NA,NA,NA,NA,NA,NA,NA,NA,NA,NA,NA,NA,NA,NA,NA,NA,NA,NA,NA,NA,NA,NA,NA,4,1,42,1,42101,"101_103",4210160000,42101000300,118,1.17,30,16.768586,1.15972,171.5038842
"871",42892,505537,1,50553701,96.56816881,87.4019863,1,NA,5.05537e+11,1,5.05537e+13,5055370101,NA,NA,3,0,2,1,1,42,1,42101,"101_103",4210160000,42101000901,41,"",1,12,5,NA,"3:00","12:00","","","18:30",14,5,NA,NA,NA,NA,NA,NA,NA,NA,NA,NA,NA,NA,NA,NA,NA,NA,NA,NA,NA,NA,NA,NA,NA,NA,NA,NA,NA,NA,NA,NA,2,1,42,1,42101,"101_103",4210160000,42101036600,32,1.13,15,18.178391,1.46809,98.76424452
"872",42940,505872,1,50587201,110.0893707,92.06626629,1,NA,5.05872e+11,1,5.05872e+13,5058720101,NA,NA,1,1,2,1,1,42,1,42101,"101_109",4210160000,42101037900,618,"",1,NA,NA,NA,"4:20","","","","7:20",14,5,NA,NA,NA,NA,NA,NA,NA,NA,NA,NA,NA,NA,NA,NA,NA,NA,NA,NA,NA,NA,NA,NA,NA,NA,NA,NA,NA,NA,NA,NA,2,1,42,1,42101,"101_103",4210160000,42101000402,80,1.12,20,37.13241,5.828921,103.1142182
"873",42941,505872,1,50587201,110.0893707,92.06626629,1,NA,5.05872e+11,2,5.05872e+13,5058720102,NA,NA,1,NA,NA,2,1,42,1,42101,"101_103",4210160000,42101000402,80,"7:40",5,NA,NA,NA,"10:00","","","","17:40",14,5,NA,NA,NA,NA,NA,NA,NA,NA,NA,NA,NA,NA,NA,NA,NA,NA,NA,NA,NA,NA,NA,NA,NA,NA,NA,NA,NA,NA,NA,NA,1,1,42,1,42101,"101_109",4210160000,42101037900,618,1.12,40,34.640309,5.828312,103.1142182
"874",43031,506201,1,50620101,231.2687834,117.25969,1,NA,5.06201e+11,1,5.06201e+13,5062010101,NA,NA,1,5,2,1,1,42,1,42045,"045_206",4204533144,42045408300,5021,"",1,NA,NA,NA,"4:20","","","","7:20",21,5,NA,NA,NA,NA,NA,NA,NA,NA,NA,NA,NA,NA,NA,NA,NA,NA,NA,NA,NA,NA,NA,NA,NA,NA,NA,NA,NA,NA,NA,NA,4,1,42,1,42045,"045_203",4204579000,42045400500,4459,1.15,15,30.333935,4.752424,134.8486435
"875",43032,506201,1,50620101,231.2687834,117.25969,1,NA,5.06201e+11,2,5.06201e+13,5062010102,NA,NA,1,NA,NA,4,1,42,1,42045,"045_203",4204579000,42045400500,4459,"7:35",19,NA,NA,NA,"0:02","","","","7:37",21,5,NA,NA,NA,NA,NA,NA,NA,NA,NA,NA,NA,NA,NA,NA,NA,NA,NA,NA,NA,NA,NA,NA,NA,NA,NA,NA,NA,NA,NA,NA,4,1,42,1,42101,"101_103",4210160000,42101000500,69,1.15,34,26.438714,6.037232,134.8486435
"876",43112,506750,1,50675001,130.0630067,119.8016024,1,NA,5.0675e+11,3,5.0675e+13,5067500103,NA,NA,2,NA,NA,4,1,42,1,42101,"101_103",4210160000,42101000500,89,"16:31",11,9,NA,NA,"1:29","1:00","","","19:00",14,5,NA,NA,NA,NA,NA,NA,NA,NA,NA,NA,NA,NA,NA,NA,NA,NA,NA,NA,NA,NA,NA,NA,NA,NA,NA,NA,NA,NA,NA,NA,4,1,42,1,42101,"101_103",4210160000,42101001002,51,1.17,30,11.433319,0.904901,140.1678748
"877",43113,506750,1,50675001,130.0630067,119.8016024,1,NA,5.0675e+11,4,5.0675e+13,5067500104,NA,NA,2,NA,NA,4,1,42,1,42101,"101_103",4210160000,42101001002,51,"19:30",15,NA,NA,NA,"2:15","","","","21:45",14,5,NA,NA,NA,NA,NA,NA,NA,NA,NA,NA,NA,NA,NA,NA,NA,NA,NA,NA,NA,NA,NA,NA,NA,NA,NA,NA,NA,NA,NA,NA,4,1,42,1,42101,"101_103",4210160000,42101000500,69,1.17,35,9.884395,0.706025,140.1678748
"878",43342,507960,1,50796001,85.01081176,100.4797158,1,NA,5.0796e+11,3,5.0796e+13,5079600103,NA,NA,1,NA,NA,4,1,42,1,42101,"101_110",4210160000,42101980000,1040,"8:19",19,NA,NA,NA,"0:11","","","","8:30",21,5,NA,NA,NA,NA,NA,NA,NA,NA,NA,NA,NA,NA,NA,NA,NA,NA,NA,NA,NA,NA,NA,NA,NA,NA,NA,NA,NA,NA,NA,NA,4,1,42,1,42101,"101_103",4210160000,42101000500,69,1.15,10,15.119871,1.927886,115.5516731
"879",43401,508640,1,50864001,310.681386,1285.768404,1,NA,5.0864e+11,1,5.0864e+13,5086400101,NA,NA,1,1,2,1,1,42,1,42045,"045_203",4204579000,42045401402,4432,"",1,NA,NA,NA,"2:03","","","","8:00",14,5,NA,NA,NA,NA,NA,NA,NA,NA,NA,NA,NA,NA,NA,NA,NA,NA,NA,NA,NA,NA,NA,NA,NA,NA,NA,NA,NA,NA,NA,NA,4,1,42,1,42045,"045_203",4204569752,42045402800,4427,1.17,0,38.911493,3.847048,1504.349033
"880",43402,508640,1,50864001,310.681386,1285.768404,1,NA,5.0864e+11,2,5.0864e+13,5086400102,NA,NA,1,NA,NA,4,1,42,1,42045,"045_203",4204569752,42045402800,4427,"8:00",5,NA,NA,NA,"8:00","","","","16:00",14,5,NA,NA,NA,NA,NA,NA,NA,NA,NA,NA,NA,NA,NA,NA,NA,NA,NA,NA,NA,NA,NA,NA,NA,NA,NA,NA,NA,NA,NA,NA,1,1,42,1,42045,"045_203",4204579000,42045401402,4432,1.17,480,33.766839,3.910791,1504.349033
"881",43853,510744,2,51074402,306.0369477,793.2479914,1,NA,5.10744e+11,1,5.10744e+13,5107440201,NA,NA,2,1,2,1,1,42,1,42101,"101_117",4210160000,42101024500,2406,"",1,14,NA,NA,"8:45","1:30","","","13:30",14,5,NA,NA,NA,NA,NA,NA,NA,NA,NA,NA,NA,NA,NA,NA,NA,NA,NA,NA,NA,NA,NA,NA,NA,NA,NA,NA,NA,NA,NA,NA,4,1,42,1,42101,"101_115",4210160000,42101027600,2622,1.17,60,23.162827,2.914925,928.1001499
"882",43854,510744,2,51074402,306.0369477,793.2479914,1,NA,5.10744e+11,2,5.10744e+13,5107440202,NA,NA,2,NA,NA,4,1,42,1,42101,"101_115",4210160000,42101027600,2622,"14:30",16,NA,NA,NA,"4:00","","","","18:30",14,5,NA,NA,NA,NA,NA,NA,NA,NA,NA,NA,NA,NA,NA,NA,NA,NA,NA,NA,NA,NA,NA,NA,NA,NA,NA,NA,NA,NA,NA,NA,1,1,42,1,42101,"101_117",4210160000,42101024500,2406,1.17,100,22.791692,2.55731,928.1001499
"883",43859,510784,2,51078402,306.0369477,889.9999086,1,NA,5.10784e+11,1,5.10784e+13,5107840201,NA,NA,1,1,2,1,1,42,1,42101,"101_106",4210160000,42101011000,1230,"",1,NA,NA,NA,"4:00","","","","7:30",14,5,NA,NA,NA,NA,NA,NA,NA,NA,NA,NA,NA,NA,NA,NA,NA,NA,NA,NA,NA,NA,NA,NA,NA,NA,NA,NA,NA,NA,NA,NA,2,1,42,1,42101,"101_103",4210160000,42101000500,91,1.17,90,25.129328,4.208474,1041.299893
"884",43860,510784,2,51078402,306.0369477,889.9999086,1,NA,5.10784e+11,2,5.10784e+13,5107840202,NA,NA,1,NA,NA,2,1,42,1,42101,"101_103",4210160000,42101000500,91,"9:00",5,NA,NA,NA,"8:00","","","","18:00",14,5,NA,NA,NA,NA,NA,NA,NA,NA,NA,NA,NA,NA,NA,NA,NA,NA,NA,NA,NA,NA,NA,NA,NA,NA,NA,NA,NA,NA,NA,NA,1,1,42,1,42101,"101_106",4210160000,42101011000,1230,1.17,90,29.195441,3.896035,1041.299893
"885",43900,511129,2,51112902,141.9838697,153.906391,1,NA,5.11129e+11,1,5.11129e+13,5111290201,NA,NA,1,1,2,1,1,42,1,42101,"101_108",4210160000,42101021300,3210,"",1,NA,NA,NA,"6:00","","","","9:00",14,5,NA,NA,NA,NA,NA,NA,NA,NA,NA,NA,NA,NA,NA,NA,NA,NA,NA,NA,NA,NA,NA,NA,NA,NA,NA,NA,NA,NA,NA,NA,2,1,42,1,42091,"091_403",4209154656,42091203902,10422,1.12,30,38.074768,10.360978,172.3751579
"886",43901,511129,2,51112902,141.9838697,153.906391,1,NA,5.11129e+11,2,5.11129e+13,5111290202,NA,NA,1,NA,NA,2,1,42,1,42091,"091_403",4209154656,42091203902,10422,"9:30",5,NA,NA,NA,"4:00","","","","13:30",14,5,NA,NA,NA,NA,NA,NA,NA,NA,NA,NA,NA,NA,NA,NA,NA,NA,NA,NA,NA,NA,NA,NA,NA,NA,NA,NA,NA,NA,NA,NA,1,1,42,1,42101,"101_108",4210160000,42101021300,3210,1.12,60,36,10.358258,172.3751579
"887",43902,511129,2,51112902,141.9838697,153.906391,2,NA,5.11129e+11,3,5.11129e+13,5111290203,NA,NA,2,1,NA,1,1,42,1,42101,"101_108",4210160000,42101021300,3210,"14:30",1,NA,NA,NA,"0:30","","","","15:00",14,5,NA,NA,NA,NA,NA,NA,NA,NA,NA,NA,NA,NA,NA,NA,NA,NA,NA,NA,NA,NA,NA,NA,NA,NA,NA,NA,NA,NA,NA,NA,4,1,42,1,42101,"101_108",4210160000,42101021900,3218,1.12,30,17.489328,2.106107,172.3751579
"888",44106,512032,1,51203201,156.9272881,136.8878125,1,NA,5.12032e+11,1,5.12032e+13,5120320101,NA,NA,1,1,2,1,1,42,1,42101,"101_113",4210160000,42101035500,3406,"",1,NA,NA,NA,"0:00","","","","8:10",21,5,NA,NA,NA,NA,NA,NA,NA,NA,NA,NA,NA,NA,NA,NA,NA,NA,NA,NA,NA,NA,NA,NA,NA,NA,NA,NA,NA,NA,NA,NA,2,1,42,1,42101,"101_103",4210160000,42101000401,103,1.17,70,68.509788,14.986621,160.1587406
"889",44107,512032,1,51203201,156.9272881,136.8878125,1,NA,5.12032e+11,2,5.12032e+13,5120320102,NA,NA,1,NA,NA,2,1,42,1,42101,"101_103",4210160000,42101000401,103,"9:20",5,NA,NA,NA,"5:00","","","","14:30",21,5,NA,NA,NA,NA,NA,NA,NA,NA,NA,NA,NA,NA,NA,NA,NA,NA,NA,NA,NA,NA,NA,NA,NA,NA,NA,NA,NA,NA,NA,NA,1,1,42,1,42101,"101_113",4210160000,42101035500,3404,1.17,90,64.288592,14.65593,160.1587406
"890",44160,512150,1,51215001,157.1925661,122.7093506,1,NA,5.1215e+11,2,5.1215e+13,5121500102,NA,NA,3,NA,NA,4,1,42,1,42101,"101_110",4210160000,42101008802,1031,"17:00",8,NA,NA,NA,"0:00","","","","17:30",14,5,NA,NA,NA,NA,NA,NA,NA,NA,NA,NA,NA,NA,NA,NA,NA,NA,NA,NA,NA,NA,NA,NA,NA,NA,NA,NA,NA,NA,NA,NA,1,1,42,1,42101,"101_111",4210160000,42101008400,1213,1.17,15,14.300916,1.825706,143.5699402
"891",44429,513858,1,51385801,214.4895483,101.0490496,1,NA,5.13858e+11,1,5.13858e+13,5138580101,NA,NA,1,0,2,1,1,42,1,42101,"101_103",4210160000,42101013401,139,"",5,NA,NA,NA,"0:00","","","","9998",14,5,NA,NA,NA,NA,NA,NA,NA,NA,NA,NA,NA,NA,NA,NA,NA,NA,NA,NA,NA,NA,NA,NA,NA,NA,NA,NA,NA,NA,NA,NA,1,1,42,1,42101,"101_103",4210160000,42101013401,139,1.17,NA,NA,NA,118.227388
"892",44649,515187,1,51518701,289.5937379,206.4826107,1,NA,5.15187e+11,1,5.15187e+13,5151870101,NA,NA,2,1,2,1,1,42,1,42029,"029_306",4202982704,42029302600,7024,"",1,NA,NA,NA,"8:52","","","","11:52",14,5,NA,NA,NA,NA,NA,NA,NA,NA,NA,NA,NA,NA,NA,NA,NA,NA,NA,NA,NA,NA,NA,NA,NA,NA,NA,NA,NA,NA,NA,NA,4,1,42,1,42029,"029_308",4202910824,42029311401,7406,1.17,0,93.136226,20.671392,241.5846546
"893",44650,515187,1,51518701,289.5937379,206.4826107,1,NA,5.15187e+11,2,5.15187e+13,5151870102,NA,NA,2,NA,NA,4,1,42,1,42029,"029_308",4202910824,42029311401,7406,"11:52",16,NA,NA,NA,"1:00","","","","9999",14,5,NA,NA,NA,NA,NA,NA,NA,NA,NA,NA,NA,NA,NA,NA,NA,NA,NA,NA,NA,NA,NA,NA,NA,NA,NA,NA,NA,NA,NA,NA,1,1,42,1,42029,"029_306",4202982704,42029302600,7024,1.17,NA,NA,NA,241.5846546
"894",44774,515653,1,51565301,202.9505735,122.6159224,1,NA,5.15653e+11,1,5.15653e+13,5156530101,NA,NA,1,3,2,1,1,42,1,42101,"101_112",4210160000,42101004201,815,"",1,NA,NA,NA,"0:00","","","","6:28",14,5,NA,NA,NA,NA,NA,NA,NA,NA,NA,NA,NA,NA,NA,NA,NA,NA,NA,NA,NA,NA,NA,NA,NA,NA,NA,NA,NA,NA,NA,NA,2,1,42,1,42101,"101_107",4210160000,42101014400,401,1.17,9,30.798873,3.895535,143.4606292
"895",44775,515653,1,51565301,202.9505735,122.6159224,1,NA,5.15653e+11,2,5.15653e+13,5156530102,NA,NA,1,NA,NA,2,1,42,1,42101,"101_107",4210160000,42101014400,401,"6:37",19,NA,NA,NA,"0:00","","","","6:47",21,5,NA,NA,NA,NA,NA,NA,NA,NA,NA,NA,NA,NA,NA,NA,NA,NA,NA,NA,NA,NA,NA,NA,NA,NA,NA,NA,NA,NA,NA,NA,2,1,42,1,42091,"091_412",4209100156,42091201608,12216,1.17,13,63.41036,15.296721,143.4606292
"896",44776,515653,1,51565301,202.9505735,122.6159224,1,NA,5.15653e+11,3,5.15653e+13,5156530103,NA,NA,1,NA,NA,2,1,42,1,42091,"091_412",4209100156,42091201608,12216,"7:00",5,NA,NA,NA,"8:30","","","","9999",21,5,NA,NA,NA,NA,NA,NA,NA,NA,NA,NA,NA,NA,NA,NA,NA,NA,NA,NA,NA,NA,NA,NA,NA,NA,NA,NA,NA,NA,NA,NA,4,1,42,1,42101,"101_110",4210160000,42101036900,1026,1.17,NA,NA,NA,143.4606292
"897",44777,515653,1,51565301,202.9505735,122.6159224,1,NA,5.15653e+11,4,5.15653e+13,5156530104,NA,NA,1,NA,NA,4,1,42,1,42101,"101_110",4210160000,42101036900,1026,"16:00",19,NA,NA,NA,"0:00","","","","9999",14,5,NA,NA,NA,NA,NA,NA,NA,NA,NA,NA,NA,NA,NA,NA,NA,NA,NA,NA,NA,NA,NA,NA,NA,NA,NA,NA,NA,NA,NA,NA,1,1,42,1,42101,"101_112",4210160000,42101004201,815,1.17,NA,NA,NA,143.4606292
"898",45111,517706,2,51770602,506.2252412,143.9896159,1,NA,5.17706e+11,1,5.17706e+13,5177060201,NA,NA,1,1,2,1,1,42,1,42045,"045_203",4204579000,42045400700,4451,"",1,NA,NA,NA,"4:42","","","","8:00",14,5,NA,NA,NA,NA,NA,NA,NA,NA,NA,NA,NA,NA,NA,NA,NA,NA,NA,NA,NA,NA,NA,NA,NA,NA,NA,NA,NA,NA,NA,NA,2,1,42,1,42101,"101_110",4210160000,42101036900,1026,1.12,30,33.865815,5.483506,161.2683698
"899",45112,517706,2,51770602,506.2252412,143.9896159,1,NA,5.17706e+11,2,5.17706e+13,5177060202,NA,NA,1,NA,NA,2,1,42,1,42101,"101_110",4210160000,42101036900,1026,"8:30",5,NA,NA,NA,"8:00","","","","16:30",14,5,NA,NA,NA,NA,NA,NA,NA,NA,NA,NA,NA,NA,NA,NA,NA,NA,NA,NA,NA,NA,NA,NA,NA,NA,NA,NA,NA,NA,NA,NA,1,1,42,1,42045,"045_203",4204579000,42045400700,4451,1.12,30,33.332419,5.476194,161.2683698
"900",45396,519250,2,51925002,354.2806752,155.7896836,1,NA,5.1925e+11,3,5.1925e+13,5192500203,NA,NA,1,NA,NA,4,1,42,1,42045,"045_205",4204522584,42045410000,4804,"14:30",19,NA,NA,NA,"0:00","","","","14:31",14,5,NA,NA,NA,NA,NA,NA,NA,NA,NA,NA,NA,NA,NA,NA,NA,NA,NA,NA,NA,NA,NA,NA,NA,NA,NA,NA,NA,NA,NA,NA,1,1,42,1,42045,"045_203",4204586968,42045402300,4462,1.17,119,61.498823,13.982027,182.2739298
"901",45641,520152,2,52015202,244.1763682,80.44946809,1,NA,5.20152e+11,1,5.20152e+13,5201520201,NA,NA,1,1,2,1,1,42,1,42045,"045_206",4204533144,42045408300,5022,"",1,NA,NA,NA,"0:00","","","","7:10",14,5,NA,NA,NA,NA,NA,NA,NA,NA,NA,NA,NA,NA,NA,NA,NA,NA,NA,NA,NA,NA,NA,NA,NA,NA,NA,NA,NA,NA,NA,NA,2,1,42,1,42101,"101_103",4210160000,42101000402,98,1.13,NA,38.172362,10.569176,90.90789894
"902",45642,520152,2,52015202,244.1763682,80.44946809,1,NA,5.20152e+11,2,5.20152e+13,5201520202,NA,NA,1,NA,NA,2,1,42,1,42101,"101_103",4210160000,42101000402,98,"9999",5,NA,NA,NA,"0:00","","","","18:00",14,5,NA,NA,NA,NA,NA,NA,NA,NA,NA,NA,NA,NA,NA,NA,NA,NA,NA,NA,NA,NA,NA,NA,NA,NA,NA,NA,NA,NA,NA,NA,1,1,42,1,42045,"045_206",4204533144,42045408300,5022,1.13,15,38.850606,10.54623,90.90789894
"903",45980,522056,1,52205601,186.541371,169.4468022,2,NA,5.22056e+11,3,5.22056e+13,5220560103,NA,NA,1,2,NA,1,1,42,1,42101,"101_103",4210160000,42101013500,140,"7:02",1,NA,NA,NA,"0:45","","","","7:50",14,5,NA,NA,NA,NA,NA,NA,NA,NA,NA,NA,NA,NA,NA,NA,NA,NA,NA,NA,NA,NA,NA,NA,NA,NA,NA,NA,NA,NA,NA,NA,4,1,42,1,42101,"101_103",4210160000,42101000100,106,1.12,25,21.147215,2.00608,189.7804184
"904",45981,522056,1,52205601,186.541371,169.4468022,2,NA,5.22056e+11,4,5.22056e+13,5220560104,NA,NA,1,NA,NA,4,1,42,1,42101,"101_103",4210160000,42101000100,106,"8:15",96,NA,NA,NA,"8:15","","","","16:30",21,5,NA,NA,NA,NA,NA,NA,NA,NA,NA,NA,NA,NA,NA,NA,NA,NA,NA,NA,NA,NA,NA,NA,NA,NA,NA,NA,NA,NA,NA,NA,4,1,42,1,42101,"101_107",4210160000,42101037700,414,1.12,32,21.2074,2.880745,189.7804184
"905",45982,522056,1,52205601,186.541371,169.4468022,2,NA,5.22056e+11,5,5.22056e+13,5220560105,NA,NA,1,NA,NA,4,1,42,1,42101,"101_107",4210160000,42101037700,414,"17:02",5,NA,NA,NA,"0:00","","","","17:40",21,5,NA,NA,NA,NA,NA,NA,NA,NA,NA,NA,NA,NA,NA,NA,NA,NA,NA,NA,NA,NA,NA,NA,NA,NA,NA,NA,NA,NA,NA,NA,1,1,42,1,42101,"101_103",4210160000,42101013500,140,1.12,17,22.336033,1.646494,189.7804184
"906",45996,522102,1,52210201,130.203476,95.65799808,1,NA,5.22102e+11,1,5.22102e+13,5221020101,NA,NA,2,1,2,1,1,42,1,42045,"045_206",4204533144,42045409100,5011,"",1,NA,NA,NA,"4:00","","","","10:45",14,5,NA,NA,NA,NA,NA,NA,NA,NA,NA,NA,NA,NA,NA,NA,NA,NA,NA,NA,NA,NA,NA,NA,NA,NA,NA,NA,NA,NA,NA,NA,4,1,42,1,42101,"101_103",4210160000,42101000500,89,1.17,NA,46.618242,8.928827,111.9198578
"907",45997,522102,1,52210201,130.203476,95.65799808,1,NA,5.22102e+11,2,5.22102e+13,5221020102,NA,NA,2,NA,NA,4,1,42,1,42101,"101_103",4210160000,42101000500,89,"9999",8,NA,NA,NA,"1:30","","","","13:00",14,5,NA,NA,NA,NA,NA,NA,NA,NA,NA,NA,NA,NA,NA,NA,NA,NA,NA,NA,NA,NA,NA,NA,NA,NA,NA,NA,NA,NA,NA,NA,1,1,42,1,42045,"045_206",4204533144,42045409100,5011,1.17,660,44.252371,8.975883,111.9198578
"908",46235,523298,1,52329801,122.9157184,153.3103323,1,NA,5.23298e+11,1,5.23298e+13,5232980101,NA,NA,1,1,2,1,1,42,1,42101,"101_110",4210160000,42101009000,1036,"",1,NA,NA,NA,"6:00","","","","10:00",14,5,NA,NA,NA,NA,NA,NA,NA,NA,NA,NA,NA,NA,NA,NA,NA,NA,NA,NA,NA,NA,NA,NA,NA,NA,NA,NA,NA,NA,NA,NA,2,1,42,1,42101,"101_103",4210160000,42101037600,131,1.13,NA,19.994903,2.466619,173.2406755
"909",46236,523298,1,52329801,122.9157184,153.3103323,1,NA,5.23298e+11,2,5.23298e+13,5232980102,NA,NA,1,NA,NA,2,1,42,1,42101,"101_103",4210160000,42101037600,131,"9999",5,NA,NA,NA,"0:00","","","","15:00",14,5,NA,NA,NA,NA,NA,NA,NA,NA,NA,NA,NA,NA,NA,NA,NA,NA,NA,NA,NA,NA,NA,NA,NA,NA,NA,NA,NA,NA,NA,NA,1,1,42,1,42101,"101_110",4210160000,42101009000,1036,1.13,30,20.888563,2.318758,173.2406755
"910",46241,523298,3,52329803,122.9157184,187.343222,1,NA,5.23298e+11,1,5.23298e+13,5232980301,NA,NA,1,3,2,1,1,42,1,42101,"101_110",4210160000,42101009000,1036,"",1,NA,NA,NA,"6:00","","","","9:00",21,5,NA,NA,NA,NA,NA,NA,NA,NA,NA,NA,NA,NA,NA,NA,NA,NA,NA,NA,NA,NA,NA,NA,NA,NA,NA,NA,NA,NA,NA,NA,2,1,42,1,42101,"101_103",4210160000,42101000804,46,1.13,25,16.894335,1.864333,211.6978408
"911",46243,523298,3,52329803,122.9157184,187.343222,1,NA,5.23298e+11,3,5.23298e+13,5232980303,NA,NA,1,NA,NA,4,3,42,1,42101,"101_103",4210160000,42101000401,62,"13:05",11,NA,NA,NA,"0:25","","","","13:30",21,5,NA,NA,NA,NA,NA,NA,NA,NA,NA,NA,NA,NA,NA,NA,NA,NA,NA,NA,NA,NA,NA,NA,NA,NA,NA,NA,NA,NA,NA,NA,4,1,42,1,42101,"101_103",4210160000,42101000100,67,1.13,15,19.14413,1.634925,211.6978408
"912",46244,523298,3,52329803,122.9157184,187.343222,1,NA,5.23298e+11,4,5.23298e+13,5232980304,NA,NA,1,NA,NA,4,1,42,1,42101,"101_103",4210160000,42101000100,67,"13:45",13,NA,NA,NA,"2:00","","","","16:00",21,5,NA,NA,NA,NA,NA,NA,NA,NA,NA,NA,NA,NA,NA,NA,NA,NA,NA,NA,NA,NA,NA,NA,NA,NA,NA,NA,NA,NA,NA,NA,1,1,42,1,42101,"101_110",4210160000,42101009000,1036,1.13,90,14.185289,2.551565,211.6978408
"913",46252,523357,2,52335702,154.1587021,425.2024581,1,NA,5.23357e+11,2,5.23357e+13,5233570202,NA,NA,1,NA,NA,4,1,42,1,42101,"101_108",4210160000,42101021700,3217,"10:06",19,NA,NA,NA,"0:05","","","","10:11",14,5,NA,NA,NA,NA,NA,NA,NA,NA,NA,NA,NA,NA,NA,NA,NA,NA,NA,NA,NA,NA,NA,NA,NA,NA,NA,NA,NA,NA,NA,NA,2,1,42,1,42101,"101_103",4210160000,42101000300,114,1.12,49,39.580435,9.731826,476.2267531
"914",46253,523357,2,52335702,154.1587021,425.2024581,1,NA,5.23357e+11,3,5.23357e+13,5233570203,NA,NA,1,NA,NA,2,1,42,1,42101,"101_103",4210160000,42101000300,114,"11:00",5,NA,NA,NA,"3:30","","","","14:30",14,5,NA,NA,NA,NA,NA,NA,NA,NA,NA,NA,NA,NA,NA,NA,NA,NA,NA,NA,NA,NA,NA,NA,NA,NA,NA,NA,NA,NA,NA,NA,4,1,42,1,42101,"101_103",4210160000,42101000300,114,1.12,30,4.927778,0.090151,476.2267531
"915",46755,526472,1,52647201,336.6906514,91.18201645,1,NA,5.26472e+11,1,5.26472e+13,5264720101,NA,NA,1,1,2,1,1,42,1,42101,"101_113",4210160000,42101035601,3410,"",1,NA,NA,NA,"0:00","","","","9999",14,5,NA,NA,NA,NA,NA,NA,NA,NA,NA,NA,NA,NA,NA,NA,NA,NA,NA,NA,NA,NA,NA,NA,NA,NA,NA,NA,NA,NA,NA,NA,2,1,42,1,42101,"101_104",4210160000,42101035200,3034,1.17,NA,NA,NA,106.6829592
"916",46756,526472,1,52647201,336.6906514,91.18201645,1,NA,5.26472e+11,2,5.26472e+13,5264720102,NA,NA,1,NA,NA,2,1,42,1,42101,"101_104",4210160000,42101035200,3034,"11:00",5,NA,NA,NA,"0:00","","","","16:00",14,5,NA,NA,NA,NA,NA,NA,NA,NA,NA,NA,NA,NA,NA,NA,NA,NA,NA,NA,NA,NA,NA,NA,NA,NA,NA,NA,NA,NA,NA,NA,1,1,42,1,42101,"101_113",4210160000,42101035601,3410,1.17,480,37.077998,6.969867,106.6829592
"917",46816,526950,3,52695003,644.6665026,844.5747526,1,NA,5.2695e+11,1,5.2695e+13,5269500301,NA,NA,3,2,2,2,1,42,1,42101,"101_104",4210160000,42101032900,3020,"",1,NA,NA,NA,"1:30","","","","4:55",14,5,NA,NA,NA,NA,NA,NA,NA,NA,NA,NA,NA,NA,NA,NA,NA,NA,NA,NA,NA,NA,NA,NA,NA,NA,NA,NA,NA,NA,NA,NA,2,1,42,1,42101,"101_113",4210160000,42101035500,3406,1.17,50,35.693354,5.936414,988.1524605
"918",46818,526950,3,52695003,644.6665026,844.5747526,1,NA,5.2695e+11,3,5.2695e+13,5269500303,NA,NA,3,NA,NA,4,1,42,1,42101,"101_113",4210160000,42101036000,3409,"14:15",14,NA,NA,NA,"0:10","","","","14:25",14,5,NA,NA,NA,NA,NA,NA,NA,NA,NA,NA,NA,NA,NA,NA,NA,NA,NA,NA,NA,NA,NA,NA,NA,NA,NA,NA,NA,NA,NA,NA,1,1,42,1,42101,"101_104",4210160000,42101032900,3020,1.17,50,34.906034,6.580145,988.1524605
"919",46824,526950,5,52695005,644.6665026,715.2895106,1,NA,5.2695e+11,1,5.2695e+13,5269500501,NA,NA,1,1,2,1,1,42,1,42101,"101_104",4210160000,42101032900,3020,"",1,NA,NA,NA,"3:00","","","","7:00",14,5,NA,NA,NA,NA,NA,NA,NA,NA,NA,NA,NA,NA,NA,NA,NA,NA,NA,NA,NA,NA,NA,NA,NA,NA,NA,NA,NA,NA,NA,NA,2,1,42,1,42101,"101_104",4210160000,42101032100,3003,1.17,25,18.760594,2.598586,836.8887274
"920",46825,526950,5,52695005,644.6665026,715.2895106,1,NA,5.2695e+11,2,5.2695e+13,5269500502,NA,NA,1,NA,NA,2,1,42,1,42101,"101_104",4210160000,42101032100,3003,"7:25",5,NA,NA,NA,"8:00","","","","15:30",14,5,NA,NA,NA,NA,NA,NA,NA,NA,NA,NA,NA,NA,NA,NA,NA,NA,NA,NA,NA,NA,NA,NA,NA,NA,NA,NA,NA,NA,NA,NA,1,1,42,1,42101,"101_104",4210160000,42101032900,3020,1.17,38,20.022349,2.747998,836.8887274
"921",46827,527013,1,52701301,170.33356,112.6339686,1,NA,5.27013e+11,1,5.27013e+13,5270130101,NA,NA,2,1,2,1,1,42,1,42101,"101_104",4210160000,42101031600,3019,"",11,NA,NA,NA,"2:15","","","","9:15",14,5,NA,NA,NA,NA,NA,NA,NA,NA,NA,NA,NA,NA,NA,NA,NA,NA,NA,NA,NA,NA,NA,NA,NA,NA,NA,NA,NA,NA,NA,NA,4,1,42,1,42101,"101_103",4210160000,42101000500,90,1.17,60,40.607696,9.185452,131.7817433
"922",46993,527848,1,52784801,182.3521785,158.812487,1,NA,5.27848e+11,1,5.27848e+13,5278480101,NA,NA,2,5,2,1,1,42,1,42101,"101_115",4210160000,42101028300,2601,"",1,NA,NA,NA,"7:00","","","","10:00",21,5,NA,NA,NA,NA,NA,NA,NA,NA,NA,NA,NA,NA,NA,NA,NA,NA,NA,NA,NA,NA,NA,NA,NA,NA,NA,NA,NA,NA,NA,NA,4,1,42,1,42101,"101_103",4210160000,42101000500,71,1.17,90,32.379671,5.805536,185.8106098
"923",46996,527848,1,52784801,182.3521785,158.812487,1,NA,5.27848e+11,4,5.27848e+13,5278480104,NA,NA,2,NA,NA,4,1,42,1,42101,"101_115",4210160000,42101027600,2622,"14:00",19,NA,NA,NA,"0:10","","","","14:10",14,5,NA,NA,NA,NA,NA,NA,NA,NA,NA,NA,NA,NA,NA,NA,NA,NA,NA,NA,NA,NA,NA,NA,NA,NA,NA,NA,NA,NA,NA,NA,4,1,42,1,42101,"101_115",4210160000,42101028400,2602,1.17,0,11.765591,1.565234,185.8106098
"924",47000,527848,1,52784801,182.3521785,158.812487,2,NA,5.27848e+11,8,5.27848e+13,5278480108,NA,NA,3,NA,NA,4,1,42,1,42101,"101_115",4210160000,42101028100,2609,"17:38",19,NA,NA,NA,"0:02","","","","17:40",21,5,NA,NA,NA,NA,NA,NA,NA,NA,NA,NA,NA,NA,NA,NA,NA,NA,NA,NA,NA,NA,NA,NA,NA,NA,NA,NA,NA,NA,NA,NA,4,1,42,1,42101,"101_101",4210160000,42101017300,1408,1.17,9,21.101329,2.996969,185.8106098
"925",47001,527848,1,52784801,182.3521785,158.812487,2,NA,5.27848e+11,9,5.27848e+13,5278480109,NA,NA,3,NA,NA,4,1,42,1,42101,"101_101",4210160000,42101017300,1408,"17:49",19,NA,NA,NA,"0:00","","","","17:57",14,5,NA,NA,NA,NA,NA,NA,NA,NA,NA,NA,NA,NA,NA,NA,NA,NA,NA,NA,NA,NA,NA,NA,NA,NA,NA,NA,NA,NA,NA,NA,4,1,42,1,42101,"101_107",4210160000,42101015101,424,1.17,18,19.386363,1.284676,185.8106098
"926",47004,527848,2,52784802,182.3521785,145.8057825,1,NA,5.27848e+11,1,5.27848e+13,5278480201,NA,NA,1,1,2,1,1,42,1,42101,"101_115",4210160000,42101028300,2601,"",1,NA,NA,NA,"0:00","","","","9999",14,5,NA,NA,NA,NA,NA,NA,NA,NA,NA,NA,NA,NA,NA,NA,NA,NA,NA,NA,NA,NA,NA,NA,NA,NA,NA,NA,NA,NA,NA,NA,4,3,42,1,42091,"091_412",4209138000,42091202100,12244,1.17,NA,NA,NA,170.5927655
"927",47005,527848,2,52784802,182.3521785,145.8057825,1,NA,5.27848e+11,2,5.27848e+13,5278480202,NA,NA,1,NA,NA,4,3,42,1,42091,"091_412",4209138000,42091202100,12244,"9:00",5,NA,NA,NA,"2:00","","","","11:00",14,5,NA,NA,NA,NA,NA,NA,NA,NA,NA,NA,NA,NA,NA,NA,NA,NA,NA,NA,NA,NA,NA,NA,NA,NA,NA,NA,NA,NA,NA,NA,1,1,42,1,42101,"101_115",4210160000,42101028300,2601,1.17,60,31.880173,6.506807,170.5927655
"928",47130,528480,1,52848001,543.6388927,1034.576165,1,NA,5.2848e+11,1,5.2848e+13,5284800101,NA,NA,1,2,2,1,1,42,1,42101,"101_103",4210160000,42101001202,28,"",1,2,NA,NA,"3:01","0:01","","","7:05",21,5,NA,NA,NA,NA,NA,NA,NA,NA,NA,NA,NA,NA,NA,NA,NA,NA,NA,NA,NA,NA,NA,NA,NA,NA,NA,NA,NA,NA,NA,NA,2,1,42,1,42091,"091_412",4209100156,42091201607,12217,1.17,56,63.876424,13.89921,1210.454113
"929",47131,528480,1,52848001,543.6388927,1034.576165,1,NA,5.2848e+11,2,5.2848e+13,5284800102,NA,NA,1,NA,NA,2,1,42,1,42091,"091_412",4209100156,42091201607,12217,"8:01",5,NA,NA,NA,"7:00","","","","15:30",21,5,NA,NA,NA,NA,NA,NA,NA,NA,NA,NA,NA,NA,NA,NA,NA,NA,NA,NA,NA,NA,NA,NA,NA,NA,NA,NA,NA,NA,NA,NA,3,1,42,1,42101,"101_107",4210160000,42101015300,417,1.17,45,65.695486,11.578212,1210.454113
"930",47132,528480,1,52848001,543.6388927,1034.576165,1,NA,5.2848e+11,3,5.2848e+13,5284800103,NA,NA,1,NA,NA,3,1,42,1,42101,"101_107",4210160000,42101015300,417,"16:15",3,NA,NA,NA,"3:30","","","","20:00",21,5,NA,NA,NA,NA,NA,NA,NA,NA,NA,NA,NA,NA,NA,NA,NA,NA,NA,NA,NA,NA,NA,NA,NA,NA,NA,NA,NA,NA,NA,NA,1,1,42,1,42101,"101_103",4210160000,42101001202,28,1.17,35,22.779576,2.957933,1210.454113
"931",47161,528559,1,52855901,254.7502371,519.2502021,1,NA,5.28559e+11,1,5.28559e+13,5285590101,NA,NA,1,5,2,1,1,42,1,42101,"101_103",4210160000,42101001300,9,"",1,NA,NA,NA,"6:34","","","","9:34",14,5,NA,NA,NA,NA,NA,NA,NA,NA,NA,NA,NA,NA,NA,NA,NA,NA,NA,NA,NA,NA,NA,NA,NA,NA,NA,NA,NA,NA,NA,NA,2,1,42,1,42101,"101_103",4210160000,42101000402,81,1.12,21,17.179463,1.519213,581.5602263
"932",47221,528867,1,52886701,264.8909442,91.98441287,2,NA,5.28867e+11,4,5.28867e+13,5288670104,NA,NA,2,2,NA,1,1,42,1,42101,"101_103",4210160000,42101000700,62,"10:45",1,NA,NA,NA,"1:30","","","","12:15",14,5,NA,NA,NA,NA,NA,NA,NA,NA,NA,NA,NA,NA,NA,NA,NA,NA,NA,NA,NA,NA,NA,NA,NA,NA,NA,NA,NA,NA,NA,NA,4,1,42,1,42101,"101_108",4210160000,42101020900,3203,1.17,30,19.282533,6.674123,107.6217631
"933",47222,528867,1,52886701,264.8909442,91.98441287,2,NA,5.28867e+11,5,5.28867e+13,5288670105,NA,NA,2,NA,NA,4,1,42,1,42101,"101_108",4210160000,42101020900,3203,"12:45",19,NA,NA,NA,"0:10","","","","12:55",14,5,NA,NA,NA,NA,NA,NA,NA,NA,NA,NA,NA,NA,NA,NA,NA,NA,NA,NA,NA,NA,NA,NA,NA,NA,NA,NA,NA,NA,NA,NA,4,1,42,1,42091,"091_413",4209161664,42091204007,12408,1.17,35,37.083333,8.418002,107.6217631
"934",47251,529112,1,52911201,501.2719557,159.9495175,1,1,5.29112e+11,3,5.29112e+13,5291120103,NA,NA,1,NA,NA,4,1,42,1,42101,"101_101",4210160000,42101020101,1418,"13:34",19,NA,NA,NA,"0:00","","","","13:36",21,5,NA,NA,NA,NA,NA,NA,NA,NA,NA,NA,NA,NA,NA,NA,NA,NA,NA,NA,NA,NA,NA,NA,NA,NA,NA,NA,NA,NA,NA,NA,4,1,42,1,42101,"101_101",4210160000,42101017300,1408,1.17,3,10.58351,1.053145,187.1409354
"935",47252,529112,1,52911201,501.2719557,159.9495175,1,1,5.29112e+11,4,5.29112e+13,5291120104,NA,NA,1,NA,NA,4,1,42,1,42101,"101_101",4210160000,42101017300,1408,"13:39",19,NA,NA,NA,"0:00","","","","13:49",14,5,NA,NA,NA,NA,NA,NA,NA,NA,NA,NA,NA,NA,NA,NA,NA,NA,NA,NA,NA,NA,NA,NA,NA,NA,NA,NA,NA,NA,NA,NA,4,1,42,1,42101,"101_107",4210160000,42101016300,426,1.17,11,20.614316,2.028179,187.1409354
"936",47254,529112,1,52911201,501.2719557,159.9495175,1,1,5.29112e+11,6,5.29112e+13,5291120106,NA,NA,1,NA,NA,4,1,42,1,42101,"101_101",4210160000,42101017601,1402,"14:55",19,NA,NA,NA,"0:12","","","","15:10",14,5,NA,NA,NA,NA,NA,NA,NA,NA,NA,NA,NA,NA,NA,NA,NA,NA,NA,NA,NA,NA,NA,NA,NA,NA,NA,NA,NA,NA,NA,NA,4,1,42,1,42101,"101_101",4210160000,42101017400,1405,1.17,13,16.620424,1.066603,187.1409354
"937",47255,529112,1,52911201,501.2719557,159.9495175,1,1,5.29112e+11,7,5.29112e+13,5291120107,NA,NA,1,NA,NA,4,1,42,1,42101,"101_101",4210160000,42101017400,1405,"15:23",19,NA,NA,NA,"0:05","","","","15:28",21,5,NA,NA,NA,NA,NA,NA,NA,NA,NA,NA,NA,NA,NA,NA,NA,NA,NA,NA,NA,NA,NA,NA,NA,NA,NA,NA,NA,NA,NA,NA,4,1,42,1,42101,"101_101",4210160000,42101020101,1418,1.17,2,12.823496,0.800399,187.1409354
"938",47259,529190,1,52919001,544.3206909,410.6405782,1,NA,5.2919e+11,1,5.2919e+13,5291900101,NA,NA,2,0,2,1,1,42,1,42101,"101_108",4210160000,42101021800,3219,"",1,NA,NA,NA,"10:00","","","","17:50",14,5,NA,NA,NA,NA,NA,NA,NA,NA,NA,NA,NA,NA,NA,NA,NA,NA,NA,NA,NA,NA,NA,NA,NA,NA,NA,NA,NA,NA,NA,NA,1,1,42,1,42101,"101_108",4210160000,42101021800,3219,1.17,65,12.164871,0.499753,480.4494765
"939",47410,529944,1,52994401,393.0130441,138.377065,1,NA,5.29944e+11,1,5.29944e+13,5299440101,NA,NA,2,1,2,1,1,42,1,42101,"101_111",4210160000,42101011200,1232,"",1,NA,NA,NA,"7:00","","","","11:00",14,5,NA,NA,NA,NA,NA,NA,NA,NA,NA,NA,NA,NA,NA,NA,NA,NA,NA,NA,NA,NA,NA,NA,NA,NA,NA,NA,NA,NA,NA,NA,4,1,42,1,42101,"101_103",4210160000,42101001001,13,1.17,NA,48.71085,6.3209,161.901166
"940",47411,529944,1,52994401,393.0130441,138.377065,1,NA,5.29944e+11,2,5.29944e+13,5299440102,NA,NA,2,NA,NA,4,1,42,1,42101,"101_103",4210160000,42101001001,13,"9999",13,15,4,NA,"0:00","","","","17:00",14,5,NA,NA,NA,NA,NA,NA,NA,NA,NA,NA,NA,NA,NA,NA,NA,NA,NA,NA,NA,NA,NA,NA,NA,NA,NA,NA,NA,NA,NA,NA,1,1,42,1,42101,"101_111",4210160000,42101011200,1232,1.17,30,47.435826,5.54621,161.901166
"941",47418,530501,1,53050101,86.67605823,101.5978866,1,NA,5.30501e+11,1,5.30501e+13,5305010101,NA,NA,1,3,2,1,1,42,1,42101,"101_111",4210160000,42101008102,1208,"",1,15,7,96,"0:00","","2:15","","7:50",14,5,NA,NA,NA,NA,NA,NA,NA,NA,NA,NA,NA,NA,NA,NA,NA,NA,NA,NA,NA,NA,NA,NA,NA,NA,NA,NA,NA,NA,NA,NA,2,1,42,1,42101,"101_103",4210160000,42101000500,91,1.13,37,26.143047,4.456093,114.8056118
"942",47420,530501,1,53050101,86.67605823,101.5978866,1,NA,5.30501e+11,3,5.30501e+13,5305010103,NA,NA,1,NA,NA,4,1,42,1,42101,"101_103",4210160000,42101000804,43,"19:00",12,19,8,19,"0:00","","","","19:36",14,5,NA,NA,NA,NA,NA,NA,NA,NA,NA,NA,NA,NA,NA,NA,NA,NA,NA,NA,NA,NA,NA,NA,NA,NA,NA,NA,NA,NA,NA,NA,4,1,42,1,42101,"101_110",4210160000,42101008802,1031,1.13,15,17.196002,2.192357,114.8056118
"943",47421,530501,1,53050101,86.67605823,101.5978866,1,NA,5.30501e+11,4,5.30501e+13,5305010104,NA,NA,1,NA,NA,4,1,42,1,42101,"101_110",4210160000,42101008802,1031,"19:51",11,19,6,8,"0:00","","","","20:21",14,5,NA,NA,NA,NA,NA,NA,NA,NA,NA,NA,NA,NA,NA,NA,NA,NA,NA,NA,NA,NA,NA,NA,NA,NA,NA,NA,NA,NA,NA,NA,1,1,42,1,42101,"101_111",4210160000,42101008102,1208,1.13,6,17.836299,2.046174,114.8056118
"944",47452,531425,1,53142501,248.0558183,127.4535814,1,NA,5.31425e+11,3,5.31425e+13,5314250103,NA,NA,2,NA,NA,4,4,42,1,42101,"101_117",4210160000,42101038500,2437,"11:20",19,NA,NA,NA,"0:00","","","","11:21",14,5,NA,NA,NA,NA,NA,NA,NA,NA,NA,NA,NA,NA,NA,NA,NA,NA,NA,NA,NA,NA,NA,NA,NA,NA,NA,NA,NA,NA,NA,NA,4,1,42,1,42091,"091_412",4209112968,42091202500,12238,1.17,9,23.916667,3.828232,149.1206902
"945",47453,531425,1,53142501,248.0558183,127.4535814,1,NA,5.31425e+11,4,5.31425e+13,5314250104,NA,NA,2,NA,NA,4,1,42,1,42091,"091_412",4209112968,42091202500,12238,"11:30",19,NA,NA,NA,"0:00","","","","11:35",14,5,NA,NA,NA,NA,NA,NA,NA,NA,NA,NA,NA,NA,NA,NA,NA,NA,NA,NA,NA,NA,NA,NA,NA,NA,NA,NA,NA,NA,NA,NA,4,1,42,1,42091,"091_412",4209100156,42091201603,12226,1.17,20,36.2,5.720965,149.1206902
"946",47669,537301,2,53730102,1019.897822,596.739391,1,NA,5.37301e+11,2,5.37301e+13,5373010202,NA,NA,1,NA,NA,4,3,42,1,42101,"101_114",4210160000,42101029200,1609,"6:20",96,NA,NA,NA,"0:35","","","","6:56",14,5,NA,NA,NA,NA,NA,NA,NA,NA,NA,NA,NA,NA,NA,NA,NA,NA,NA,NA,NA,NA,NA,NA,NA,NA,NA,NA,NA,NA,NA,NA,2,1,42,1,42101,"101_107",4210160000,42101016600,427,1.17,14,42.346991,6.047035,698.1850875
"947",47670,537301,2,53730102,1019.897822,596.739391,1,NA,5.37301e+11,3,5.37301e+13,5373010203,NA,NA,1,NA,NA,2,1,42,1,42101,"101_107",4210160000,42101016600,427,"7:10",5,NA,NA,NA,"11:00","","","","18:45",14,5,NA,NA,NA,NA,NA,NA,NA,NA,NA,NA,NA,NA,NA,NA,NA,NA,NA,NA,NA,NA,NA,NA,NA,NA,NA,NA,NA,NA,NA,NA,1,1,42,1,42101,"101_101",4210160000,42101019100,1434,1.17,45,35.426119,5.499873,698.1850875
"948",47674,537471,1,53747101,254.7502371,169.4468022,1,NA,5.37471e+11,1,5.37471e+13,5374710101,NA,NA,1,6,2,1,1,42,1,42101,"101_103",4210160000,42101000100,86,"",1,NA,NA,NA,"6:25","","","","9:25",21,5,NA,NA,NA,NA,NA,NA,NA,NA,NA,NA,NA,NA,NA,NA,NA,NA,NA,NA,NA,NA,NA,NA,NA,NA,NA,NA,NA,NA,NA,NA,2,1,42,1,42101,"101_110",4210160000,42101036900,1030,1.12,25,15.701896,2.586792,189.7804184
"949",47675,537471,1,53747101,254.7502371,169.4468022,1,NA,5.37471e+11,2,5.37471e+13,5374710102,NA,NA,1,NA,NA,2,1,42,1,42101,"101_110",4210160000,42101036900,1030,"9:50",10,5,6,NA,"6:20","","","","16:50",21,5,NA,NA,NA,NA,NA,NA,NA,NA,NA,NA,NA,NA,NA,NA,NA,NA,NA,NA,NA,NA,NA,NA,NA,NA,NA,NA,NA,NA,NA,NA,4,1,42,1,42045,"045_203",4204579000,42045400500,4459,1.12,20,23.648892,4.127285,189.7804184
"950",47676,537471,1,53747101,254.7502371,169.4468022,1,NA,5.37471e+11,3,5.37471e+13,5374710103,NA,NA,1,NA,NA,4,1,42,1,42045,"045_203",4204579000,42045400500,4459,"17:10",19,NA,NA,NA,"0:00","","","","17:30",14,5,NA,NA,NA,NA,NA,NA,NA,NA,NA,NA,NA,NA,NA,NA,NA,NA,NA,NA,NA,NA,NA,NA,NA,NA,NA,NA,NA,NA,NA,NA,4,1,42,1,42091,"091_401",4209144976,42091205501,10007,1.12,30,29.631951,4.861426,189.7804184
"951",47678,537471,1,53747101,254.7502371,169.4468022,1,NA,5.37471e+11,5,5.37471e+13,5374710105,NA,NA,1,NA,NA,4,1,42,1,42091,"091_401",4209144976,42091205501,10007,"18:20",11,NA,NA,NA,"0:00","","","","18:50",14,5,NA,NA,NA,NA,NA,NA,NA,NA,NA,NA,NA,NA,NA,NA,NA,NA,NA,NA,NA,NA,NA,NA,NA,NA,NA,NA,NA,NA,NA,NA,4,1,42,1,42045,"045_203",4204579000,42045400500,4459,1.12,50,29.248703,5.101403,189.7804184
"952",47679,537471,1,53747101,254.7502371,169.4468022,1,NA,5.37471e+11,6,5.37471e+13,5374710106,NA,NA,1,NA,NA,4,1,42,1,42045,"045_203",4204579000,42045400500,4459,"19:40",19,NA,NA,NA,"0:00","","","","19:55",21,5,NA,NA,NA,NA,NA,NA,NA,NA,NA,NA,NA,NA,NA,NA,NA,NA,NA,NA,NA,NA,NA,NA,NA,NA,NA,NA,NA,NA,NA,NA,4,1,42,1,42101,"101_103",4210160000,42101000100,66,1.12,35,28.133333,6.56788,189.7804184
"953",47682,537471,2,53747102,254.7502371,192.8580113,1,NA,5.37471e+11,1,5.37471e+13,5374710201,NA,NA,1,4,2,1,1,42,1,42101,"101_103",4210160000,42101000100,86,"",1,7,NA,NA,"5:30","1:00","","","9:35",21,5,NA,NA,NA,NA,NA,NA,NA,NA,NA,NA,NA,NA,NA,NA,NA,NA,NA,NA,NA,NA,NA,NA,NA,NA,NA,NA,NA,NA,NA,NA,2,1,42,1,42101,"101_110",4210160000,42101036900,1018,1.12,20,20.331103,3.098399,216.0009726
"954",47684,537471,2,53747102,254.7502371,192.8580113,1,NA,5.37471e+11,3,5.37471e+13,5374710203,NA,NA,1,NA,NA,4,1,42,1,42101,"101_110",4210160000,42101008802,1022,"17:35",8,NA,NA,NA,"0:00","","","","17:55",14,5,NA,NA,NA,NA,NA,NA,NA,NA,NA,NA,NA,NA,NA,NA,NA,NA,NA,NA,NA,NA,NA,NA,NA,NA,NA,NA,NA,NA,NA,NA,4,1,42,1,42091,"091_401",4209144976,42091205501,10007,1.12,65,44.04655,8.931843,216.0009726
"955",47686,537471,2,53747102,254.7502371,192.8580113,1,NA,5.37471e+11,5,5.37471e+13,5374710205,NA,NA,1,NA,NA,4,1,42,1,42091,"091_401",4209144976,42091205501,10007,"19:45",11,NA,NA,NA,"1:05","","","","20:50",14,5,NA,NA,NA,NA,NA,NA,NA,NA,NA,NA,NA,NA,NA,NA,NA,NA,NA,NA,NA,NA,NA,NA,NA,NA,NA,NA,NA,NA,NA,NA,1,1,42,1,42101,"101_103",4210160000,42101000100,86,1.12,60,57.215962,11.882717,216.0009726
"956",47718,541275,1,54127501,1019.897822,336.3605209,1,NA,5.41275e+11,1,5.41275e+13,5412750101,NA,NA,2,0,2,1,1,42,1,42101,"101_107",4210160000,42101015200,422,"",2,3,6,8,"0:00","","","","9999",14,5,NA,NA,NA,NA,NA,NA,NA,NA,NA,NA,NA,NA,NA,NA,NA,NA,NA,NA,NA,NA,NA,NA,NA,NA,NA,NA,NA,NA,NA,NA,1,1,42,1,42101,"101_107",4210160000,42101015200,422,1.17,NA,NA,NA,393.5418094
"957",47732,542088,2,54208802,567.476916,333.8619304,1,NA,5.42088e+11,2,5.42088e+13,5420880202,NA,NA,2,NA,NA,4,1,42,1,42101,"101_103",4210160000,42101000402,76,"7:41",19,NA,NA,NA,"0:04","","","","7:45",21,5,NA,NA,NA,NA,NA,NA,NA,NA,NA,NA,NA,NA,NA,NA,NA,NA,NA,NA,NA,NA,NA,NA,NA,NA,NA,NA,NA,NA,NA,NA,4,1,42,1,42101,"101_110",4210160000,42101008802,1031,1.17,4,12.722622,2.254005,390.6184586
"958",47735,542088,2,54208802,567.476916,333.8619304,1,NA,5.42088e+11,5,5.42088e+13,5420880205,NA,NA,2,NA,NA,4,1,42,1,42101,"101_110",4210160000,42101008802,1031,"17:05",19,NA,NA,NA,"0:01","","","","17:06",21,5,NA,NA,NA,NA,NA,NA,NA,NA,NA,NA,NA,NA,NA,NA,NA,NA,NA,NA,NA,NA,NA,NA,NA,NA,NA,NA,NA,NA,NA,NA,4,1,42,1,42101,"101_103",4210160000,42101000402,76,1.17,6,13.562304,2.250636,390.6184586
"959",47744,542331,2,54233102,258.7447603,183.5564244,1,NA,5.42331e+11,1,5.42331e+13,5423310201,NA,NA,2,1,2,1,1,42,1,42101,"101_111",4210160000,42101009400,1215,"",1,20,NA,NA,"4:00","2:00","","","12:00",14,5,NA,NA,NA,NA,NA,NA,NA,NA,NA,NA,NA,NA,NA,NA,NA,NA,NA,NA,NA,NA,NA,NA,NA,NA,NA,NA,NA,NA,NA,NA,4,1,42,1,42101,"101_111",4210160000,42101010200,1224,1.17,2,7.816667,0.557991,214.7610166
"960",47845,548573,1,54857301,458.7122574,215.4700509,1,1,5.48573e+11,2,5.48573e+13,5485730102,NA,NA,1,NA,NA,2,1,42,1,42101,"101_109",4210160000,42101038000,629,"7:10",5,NA,NA,NA,"5:10","","","","12:20",14,5,NA,NA,NA,NA,NA,NA,NA,NA,NA,NA,NA,NA,NA,NA,NA,NA,NA,NA,NA,NA,NA,NA,NA,NA,NA,NA,NA,NA,NA,NA,4,1,42,1,42101,"101_103",4210160000,42101012500,133,1.17,40,44.817815,7.206797,252.0999596
"961",47846,548573,1,54857301,458.7122574,215.4700509,1,1,5.48573e+11,3,5.48573e+13,5485730103,NA,NA,1,NA,NA,4,1,42,1,42101,"101_103",4210160000,42101012500,133,"13:00",6,NA,NA,NA,"1:00","","","","14:00",14,5,NA,NA,NA,NA,NA,NA,NA,NA,NA,NA,NA,NA,NA,NA,NA,NA,NA,NA,NA,NA,NA,NA,NA,NA,NA,NA,NA,NA,NA,NA,4,1,42,1,42101,"101_109",4210160000,42101038000,629,1.17,30,43.142204,7.274902,252.0999596
"962",48014,555088,2,55508802,337.0550875,107.3817831,1,NA,5.55088e+11,2,5.55088e+13,5550880202,NA,NA,1,NA,NA,4,1,42,1,42101,"101_110",4210160000,42101007800,1016,"8:13",19,NA,NA,NA,"0:15","","","","8:28",23,5,NA,NA,NA,NA,NA,NA,NA,NA,NA,NA,NA,NA,NA,NA,NA,NA,NA,NA,NA,NA,NA,NA,NA,NA,NA,NA,NA,NA,NA,NA,4,1,42,1,42101,"101_110",4210160000,42101980000,1040,1.17,2,19.950349,2.848205,125.6366862
"963",48015,555088,2,55508802,337.0550875,107.3817831,1,NA,5.55088e+11,3,5.55088e+13,5550880203,NA,NA,1,NA,NA,4,1,42,1,42101,"101_110",4210160000,42101980000,1040,"8:30",19,NA,NA,NA,"0:02","","","","8:32",21,5,NA,NA,NA,NA,NA,NA,NA,NA,NA,NA,NA,NA,NA,NA,NA,NA,NA,NA,NA,NA,NA,NA,NA,NA,NA,NA,NA,NA,NA,NA,4,1,42,1,42101,"101_103",4210160000,42101000500,69,1.17,5,15.119871,1.927886,125.6366862
"964",48022,555088,2,55508802,337.0550875,107.3817831,1,NA,5.55088e+11,10,5.55088e+13,5550880210,NA,NA,1,NA,NA,4,1,42,1,42101,"101_103",4210160000,42101000500,69,"17:47",19,NA,NA,NA,"0:02","","","","17:53",21,5,NA,NA,NA,NA,NA,NA,NA,NA,NA,NA,NA,NA,NA,NA,NA,NA,NA,NA,NA,NA,NA,NA,NA,NA,NA,NA,NA,NA,NA,NA,4,1,42,1,42101,"101_110",4210160000,42101980000,1040,1.17,20,15.572594,1.877362,125.6366862
"965",48023,555088,2,55508802,337.0550875,107.3817831,1,NA,5.55088e+11,11,5.55088e+13,5550880211,NA,NA,1,NA,NA,4,1,42,1,42101,"101_110",4210160000,42101980000,1040,"18:13",19,NA,NA,NA,"0:02","","","","18:17",23,5,NA,NA,NA,NA,NA,NA,NA,NA,NA,NA,NA,NA,NA,NA,NA,NA,NA,NA,NA,NA,NA,NA,NA,NA,NA,NA,NA,NA,NA,NA,4,1,42,1,42101,"101_110",4210160000,42101007800,1016,1.17,0,21.18627,2.834186,125.6366862
"966",48037,556183,1,55618301,482.4406172,165.0266918,1,NA,5.56183e+11,1,5.56183e+13,5561830101,NA,NA,1,1,2,1,1,42,1,42101,"101_104",4210160000,42101032300,3005,"",15,7,1,NA,"0:00","","8:01","","12:00",14,5,NA,NA,NA,NA,NA,NA,NA,NA,NA,NA,NA,NA,NA,NA,NA,NA,NA,NA,NA,NA,NA,NA,NA,NA,NA,NA,NA,NA,NA,NA,2,1,42,1,42045,"045_203",4204579000,42045410500,4453,1.17,60,60.996225,14.134849,193.0812294
"967",48038,556183,1,55618301,482.4406172,165.0266918,1,NA,5.56183e+11,2,5.56183e+13,5561830102,NA,NA,1,NA,NA,2,1,42,1,42045,"045_203",4204579000,42045410500,4453,"13:00",96,NA,NA,NA,"8:00","","","","21:00",14,5,NA,NA,NA,NA,NA,NA,NA,NA,NA,NA,NA,NA,NA,NA,NA,NA,NA,NA,NA,NA,NA,NA,NA,NA,NA,NA,NA,NA,NA,NA,1,1,42,1,42101,"101_104",4210160000,42101032300,3005,1.17,60,62.035214,14.420047,193.0812294
"968",48039,556183,1,55618301,482.4406172,165.0266918,2,NA,5.56183e+11,3,5.56183e+13,5561830103,NA,NA,1,1,NA,1,1,42,1,42101,"101_104",4210160000,42101032300,3005,"22:00",96,NA,NA,NA,"4:00","","","","9999",14,5,NA,NA,NA,NA,NA,NA,NA,NA,NA,NA,NA,NA,NA,NA,NA,NA,NA,NA,NA,NA,NA,NA,NA,NA,NA,NA,NA,NA,NA,NA,2,1,42,1,42045,"045_203",4204579000,42045410500,4453,1.17,NA,NA,NA,193.0812294
"969",48040,556183,1,55618301,482.4406172,165.0266918,2,NA,5.56183e+11,4,5.56183e+13,5561830104,NA,NA,1,NA,NA,2,1,42,1,42045,"045_203",4204579000,42045410500,4453,"9999",96,NA,NA,NA,"0:00","","","","9999",14,5,NA,NA,NA,NA,NA,NA,NA,NA,NA,NA,NA,NA,NA,NA,NA,NA,NA,NA,NA,NA,NA,NA,NA,NA,NA,NA,NA,NA,NA,NA,1,1,42,1,42101,"101_104",4210160000,42101032300,3005,1.17,NA,NA,NA,193.0812294
"970",48041,556183,1,55618301,482.4406172,165.0266918,3,NA,5.56183e+11,5,5.56183e+13,5561830105,NA,NA,1,1,NA,1,1,42,1,42101,"101_104",4210160000,42101032300,3005,"9999",96,NA,NA,NA,"0:00","","","","9999",14,5,NA,NA,NA,NA,NA,NA,NA,NA,NA,NA,NA,NA,NA,NA,NA,NA,NA,NA,NA,NA,NA,NA,NA,NA,NA,NA,NA,NA,NA,NA,2,1,42,1,42045,"045_203",4204579000,42045410500,4453,1.17,NA,NA,NA,193.0812294
"971",48042,556183,1,55618301,482.4406172,165.0266918,3,NA,5.56183e+11,6,5.56183e+13,5561830106,NA,NA,1,NA,NA,2,1,42,1,42045,"045_203",4204579000,42045410500,4453,"9999",96,NA,NA,NA,"0:00","","","","9999",14,5,NA,NA,NA,NA,NA,NA,NA,NA,NA,NA,NA,NA,NA,NA,NA,NA,NA,NA,NA,NA,NA,NA,NA,NA,NA,NA,NA,NA,NA,NA,1,1,42,1,42101,"101_104",4210160000,42101032300,3005,1.17,NA,NA,NA,193.0812294
"972",48107,561770,1,56177001,332.4093469,211.2666896,1,NA,5.6177e+11,1,5.6177e+13,5617700101,NA,NA,1,1,2,1,1,42,1,42101,"101_117",4210160000,42101023700,2417,"",1,14,NA,NA,"6:30","","","","10:55",14,5,NA,NA,NA,NA,NA,NA,NA,NA,NA,NA,NA,NA,NA,NA,NA,NA,NA,NA,NA,NA,NA,NA,NA,NA,NA,NA,NA,NA,NA,NA,2,1,42,1,42101,"101_107",4210160000,42101014600,408,1.17,48,49.12717,6.310571,247.1820269
"973",48108,561770,1,56177001,332.4093469,211.2666896,1,NA,5.6177e+11,2,5.6177e+13,5617700102,NA,NA,1,NA,NA,2,1,42,1,42101,"101_107",4210160000,42101014600,408,"11:43",5,NA,NA,NA,"9:00","","","","21:03",14,5,NA,NA,NA,NA,NA,NA,NA,NA,NA,NA,NA,NA,NA,NA,NA,NA,NA,NA,NA,NA,NA,NA,NA,NA,NA,NA,NA,NA,NA,NA,1,1,42,1,42101,"101_117",4210160000,42101023700,2417,1.17,47,39.669138,5.948502,247.1820269
"974",48163,564534,2,56453402,501.8454998,155.3615505,1,NA,5.64534e+11,2,5.64534e+13,5645340202,NA,NA,1,NA,NA,4,1,42,1,42101,"101_108",4210160000,42101020700,3201,"7:21",19,NA,NA,NA,"0:00","","","","7:25",14,5,NA,NA,NA,NA,NA,NA,NA,NA,NA,NA,NA,NA,NA,NA,NA,NA,NA,NA,NA,NA,NA,NA,NA,NA,NA,NA,NA,NA,NA,NA,4,1,42,1,42101,"101_103",4210160000,42101037600,131,1.12,26,28.852518,5.360387,174.0049365
"975",48185,565142,1,56514201,1019.897822,174.2414541,1,NA,5.65142e+11,1,5.65142e+13,5651420101,NA,NA,2,1,2,1,1,42,1,42101,"101_111",4210160000,42101009500,1220,"",1,2,NA,NA,"2:26","1:00","","","9:45",21,5,NA,NA,NA,NA,NA,NA,NA,NA,NA,NA,NA,NA,NA,NA,NA,NA,NA,NA,NA,NA,NA,NA,NA,NA,NA,NA,NA,NA,NA,NA,3,1,42,1,42101,"101_107",4210160000,42101037700,414,1.17,42,38.685548,6.915864,203.8625013
"976",48186,565142,1,56514201,1019.897822,174.2414541,1,NA,5.65142e+11,2,5.65142e+13,5651420102,NA,NA,2,NA,NA,3,1,42,1,42101,"101_107",4210160000,42101037700,414,"10:27",3,NA,NA,NA,"0:36","","","","11:05",14,5,NA,NA,NA,NA,NA,NA,NA,NA,NA,NA,NA,NA,NA,NA,NA,NA,NA,NA,NA,NA,NA,NA,NA,NA,NA,NA,NA,NA,NA,NA,1,1,42,1,42101,"101_111",4210160000,42101009500,1220,1.17,50,40.45777,6.847501,203.8625013
"977",48264,567525,1,56752501,623.5169684,160.5672676,1,NA,5.67525e+11,2,5.67525e+13,5675250102,NA,NA,3,NA,NA,4,1,42,1,42101,"101_103",4210160000,42101000200,107,"9998",11,20,3,4,"0:00","","","","9998",21,5,NA,NA,NA,NA,NA,NA,NA,NA,NA,NA,NA,NA,NA,NA,NA,NA,NA,NA,NA,NA,NA,NA,NA,NA,NA,NA,NA,NA,NA,NA,4,1,42,1,42101,"101_103",4210160000,42101000300,112,1.17,NA,NA,NA,187.8637031
"978",48265,567525,1,56752501,623.5169684,160.5672676,1,NA,5.67525e+11,3,5.67525e+13,5675250103,NA,NA,3,NA,NA,4,1,42,1,42101,"101_103",4210160000,42101000300,112,"9998",1,11,8,9,"0:00","","","","9998",21,5,NA,NA,NA,NA,NA,NA,NA,NA,NA,NA,NA,NA,NA,NA,NA,NA,NA,NA,NA,NA,NA,NA,NA,NA,NA,NA,NA,NA,NA,NA,1,1,42,1,42101,"101_110",4210160000,42101036900,1030,1.17,NA,NA,NA,187.8637031
"979",48267,567525,1,56752501,623.5169684,160.5672676,2,NA,5.67525e+11,5,5.67525e+13,5675250105,NA,NA,2,NA,NA,4,1,42,1,42101,"101_103",4210160000,42101000300,118,"9998",12,13,20,4,"0:00","","","","9998",14,5,NA,NA,NA,NA,NA,NA,NA,NA,NA,NA,NA,NA,NA,NA,NA,NA,NA,NA,NA,NA,NA,NA,NA,NA,NA,NA,NA,NA,NA,NA,1,1,42,1,42101,"101_110",4210160000,42101036900,1030,1.17,NA,NA,NA,187.8637031
"980",48269,567525,2,56752502,623.5169684,138.7491527,1,NA,5.67525e+11,1,5.67525e+13,5675250201,NA,NA,3,1,1,4,1,42,1,42101,"101_103",4210160000,42101000300,112,"",1,2,3,4,"0:00","","","","9998",14,5,NA,NA,NA,NA,NA,NA,NA,NA,NA,NA,NA,NA,NA,NA,NA,NA,NA,NA,NA,NA,NA,NA,NA,NA,NA,NA,NA,NA,NA,NA,4,1,42,1,42101,"101_103",4210160000,42101000300,112,1.17,NA,NA,NA,162.3365087
"981",48414,575320,1,57532001,66.89625544,109.6379909,1,NA,5.7532e+11,3,5.7532e+13,5753200103,NA,NA,1,NA,NA,4,1,42,1,42101,"101_103",4210160000,42101013601,141,"15:07",19,NA,NA,NA,"0:00","","","","15:08",14,5,NA,NA,NA,NA,NA,NA,NA,NA,NA,NA,NA,NA,NA,NA,NA,NA,NA,NA,NA,NA,NA,NA,NA,NA,NA,NA,NA,NA,NA,NA,4,1,42,1,42101,"101_103",4210160000,42101000500,88,1.15,12,23.728964,2.027443,126.0836896
"982",48417,575320,1,57532001,66.89625544,109.6379909,1,NA,5.7532e+11,6,5.7532e+13,5753200106,NA,NA,1,NA,NA,4,1,42,1,42101,"101_103",4210160000,42101000300,119,"16:45",19,NA,NA,NA,"0:00","","","","16:58",14,5,NA,NA,NA,NA,NA,NA,NA,NA,NA,NA,NA,NA,NA,NA,NA,NA,NA,NA,NA,NA,NA,NA,NA,NA,NA,NA,NA,NA,NA,NA,1,1,42,1,42101,"101_103",4210160000,42101013602,142,1.15,12,16.413313,0.418362,126.0836896
"983",48422,575320,2,57532002,66.89625544,99.23266201,1,NA,5.7532e+11,2,5.7532e+13,5753200202,NA,NA,1,NA,NA,4,1,42,1,42101,"101_103",4210160000,42101013601,141,"6:35",19,NA,NA,NA,"0:00","","","","6:40",14,5,NA,NA,NA,NA,NA,NA,NA,NA,NA,NA,NA,NA,NA,NA,NA,NA,NA,NA,NA,NA,NA,NA,NA,NA,NA,NA,NA,NA,NA,NA,4,1,42,1,42101,"101_103",4210160000,42101000401,103,1.15,15,15.55563,1.259024,114.1175613
"984",48424,575320,2,57532002,66.89625544,99.23266201,1,NA,5.7532e+11,4,5.7532e+13,5753200204,NA,NA,1,NA,NA,4,1,42,1,42101,"101_103",4210160000,42101000401,85,"6:58",19,NA,NA,NA,"0:00","","","","6:59",14,5,NA,NA,NA,NA,NA,NA,NA,NA,NA,NA,NA,NA,NA,NA,NA,NA,NA,NA,NA,NA,NA,NA,NA,NA,NA,NA,NA,NA,NA,NA,4,1,42,1,42101,"101_110",4210160000,42101009200,1038,1.15,6,20.810731,2.063887,114.1175613
"985",48427,575320,2,57532002,66.89625544,99.23266201,1,NA,5.7532e+11,7,5.7532e+13,5753200207,NA,NA,1,NA,NA,4,1,42,1,42101,"101_110",4210160000,42101009200,1038,"17:25",19,NA,NA,NA,"0:00","","","","17:26",14,5,NA,NA,NA,NA,NA,NA,NA,NA,NA,NA,NA,NA,NA,NA,NA,NA,NA,NA,NA,NA,NA,NA,NA,NA,NA,NA,NA,NA,NA,NA,4,1,42,1,42101,"101_103",4210160000,42101000401,103,1.15,5,21.337359,1.895891,114.1175613
"986",48429,575320,2,57532002,66.89625544,99.23266201,1,NA,5.7532e+11,9,5.7532e+13,5753200209,NA,NA,1,NA,NA,4,1,42,1,42101,"101_103",4210160000,42101000300,121,"17:40",19,NA,NA,NA,"0:00","","","","17:43",14,5,NA,NA,NA,NA,NA,NA,NA,NA,NA,NA,NA,NA,NA,NA,NA,NA,NA,NA,NA,NA,NA,NA,NA,NA,NA,NA,NA,NA,NA,NA,4,1,42,1,42101,"101_103",4210160000,42101013602,142,1.15,12,11.769898,1.286312,114.1175613
"987",48476,575993,1,57599301,392.3510683,142.4011177,1,NA,5.75993e+11,3,5.75993e+13,5759930103,NA,NA,1,NA,NA,4,1,42,1,42101,"101_103",4210160000,42101000500,90,"6:25",19,NA,NA,NA,"0:00","","","","6:28",21,5,NA,NA,NA,NA,NA,NA,NA,NA,NA,NA,NA,NA,NA,NA,NA,NA,NA,NA,NA,NA,NA,NA,NA,NA,NA,NA,NA,NA,NA,NA,4,1,42,1,42101,"101_103",4210160000,42101036700,125,1.12,6,12.505684,1.796868,159.4892518
"988",48479,575993,1,57599301,392.3510683,142.4011177,1,NA,5.75993e+11,6,5.75993e+13,5759930106,NA,NA,1,NA,NA,4,1,42,1,42101,"101_103",4210160000,42101036700,125,"17:00",19,NA,NA,NA,"0:00","","","","17:08",21,5,NA,NA,NA,NA,NA,NA,NA,NA,NA,NA,NA,NA,NA,NA,NA,NA,NA,NA,NA,NA,NA,NA,NA,NA,NA,NA,NA,NA,NA,NA,4,1,42,1,42101,"101_103",4210160000,42101000402,92,1.12,4,14.594689,2.167289,159.4892518
"989",48493,576244,1,57624401,235.1224466,121.1702398,1,NA,5.76244e+11,3,5.76244e+13,5762440103,NA,NA,1,NA,NA,4,1,42,1,42101,"101_103",4210160000,42101001001,36,"7:50",18,NA,NA,NA,"0:00","","","","8:05",14,5,NA,NA,NA,NA,NA,NA,NA,NA,NA,NA,NA,NA,NA,NA,NA,NA,NA,NA,NA,NA,NA,NA,NA,NA,NA,NA,NA,NA,NA,NA,2,1,42,1,42101,"101_103",4210160000,42101000402,82,1.13,25,18.813692,1.535235,136.922371
"990",48494,576244,1,57624401,235.1224466,121.1702398,1,NA,5.76244e+11,4,5.76244e+13,5762440104,NA,NA,1,NA,NA,2,1,42,1,42101,"101_103",4210160000,42101000402,82,"8:30",5,NA,NA,NA,"0:00","","","","17:30",21,5,NA,NA,NA,NA,NA,NA,NA,NA,NA,NA,NA,NA,NA,NA,NA,NA,NA,NA,NA,NA,NA,NA,NA,NA,NA,NA,NA,NA,NA,NA,1,1,42,1,42101,"101_109",4210160000,42101015800,603,1.13,30,25.933224,3.310992,136.922371
"991",48510,576538,1,57653801,443.9604921,122.7417803,1,NA,5.76538e+11,1,5.76538e+13,5765380101,NA,NA,1,2,2,1,1,42,1,42101,"101_103",4210160000,42101000401,84,"",1,NA,NA,NA,"8:00","","","","11:00",21,5,NA,NA,NA,NA,NA,NA,NA,NA,NA,NA,NA,NA,NA,NA,NA,NA,NA,NA,NA,NA,NA,NA,NA,NA,NA,NA,NA,NA,NA,NA,4,1,42,1,42045,"045_203",4204579000,42045400500,4459,1.17,20,29.127501,4.971664,143.607883
"992",48511,576538,1,57653801,443.9604921,122.7417803,1,NA,5.76538e+11,2,5.76538e+13,5765380102,NA,NA,1,NA,NA,4,1,42,1,42045,"045_203",4204579000,42045400500,4459,"11:20",11,NA,NA,NA,"0:10","","","","11:45",21,5,NA,NA,NA,NA,NA,NA,NA,NA,NA,NA,NA,NA,NA,NA,NA,NA,NA,NA,NA,NA,NA,NA,NA,NA,NA,NA,NA,NA,NA,NA,2,1,42,1,42045,"045_206",4204563264,42045409702,5050,1.17,30,25.457163,7.115346,143.607883
"993",48513,576538,1,57653801,443.9604921,122.7417803,2,NA,5.76538e+11,4,5.76538e+13,5765380104,NA,NA,2,1,NA,1,1,42,1,42101,"101_103",4210160000,42101000401,84,"17:15",1,15,NA,NA,"1:00","2:00","","","21:15",23,5,NA,NA,NA,NA,NA,NA,NA,NA,NA,NA,NA,NA,NA,NA,NA,NA,NA,NA,NA,NA,NA,NA,NA,NA,NA,NA,NA,NA,NA,NA,4,1,42,1,42101,"101_110",4210160000,42101007900,1021,1.17,15,23.535973,3.04883,143.607883
"994",48514,576538,1,57653801,443.9604921,122.7417803,2,NA,5.76538e+11,5,5.76538e+13,5765380105,NA,NA,2,NA,NA,4,1,42,1,42101,"101_110",4210160000,42101007900,1021,"21:30",12,NA,NA,NA,"3:30","","","","1:05",23,5,NA,NA,NA,NA,NA,NA,NA,NA,NA,NA,NA,NA,NA,NA,NA,NA,NA,NA,NA,NA,NA,NA,NA,NA,NA,NA,NA,NA,NA,NA,1,1,42,1,42101,"101_103",4210160000,42101000401,84,1.17,15,23.691334,3.167935,143.607883
"995",48584,578806,1,57880601,92.10524045,91.3770683,1,NA,5.78806e+11,5,5.78806e+13,5788060105,NA,NA,2,NA,NA,4,1,42,1,42101,"101_103",4210160000,42101000804,44,"14:25",11,NA,NA,NA,"0:00","","","","15:00",14,5,NA,NA,NA,NA,NA,NA,NA,NA,NA,NA,NA,NA,NA,NA,NA,NA,NA,NA,NA,NA,NA,NA,NA,NA,NA,NA,NA,NA,NA,NA,1,1,42,1,42101,"101_103",4210160000,42101000801,50,1.13,20,12.676728,0.827177,103.2560872
"996",48589,578984,1,57898401,275.349395,128.9430896,1,NA,5.78984e+11,1,5.78984e+13,5789840101,NA,NA,2,1,2,1,1,42,1,42101,"101_110",4210160000,42101008601,1027,"",1,2,NA,NA,"6:30","","","","11:15",21,5,NA,NA,NA,NA,NA,NA,NA,NA,NA,NA,NA,NA,NA,NA,NA,NA,NA,NA,NA,NA,NA,NA,NA,NA,NA,NA,NA,NA,NA,NA,4,1,42,1,42101,"101_103",4210160000,42101000401,103,1.17,5,23.997263,2.611372,150.8634148
"997",48590,578984,1,57898401,275.349395,128.9430896,1,NA,5.78984e+11,2,5.78984e+13,5789840102,NA,NA,2,NA,NA,4,1,42,1,42101,"101_103",4210160000,42101000401,103,"11:20",8,NA,NA,NA,"0:40","","","","12:00",21,5,NA,NA,NA,NA,NA,NA,NA,NA,NA,NA,NA,NA,NA,NA,NA,NA,NA,NA,NA,NA,NA,NA,NA,NA,NA,NA,NA,NA,NA,NA,1,1,42,1,42101,"101_110",4210160000,42101008601,1027,1.17,15,23.367026,2.533189,150.8634148
"998",48591,578984,1,57898401,275.349395,128.9430896,2,NA,5.78984e+11,3,5.78984e+13,5789840103,NA,NA,1,1,NA,1,1,42,1,42101,"101_110",4210160000,42101008601,1027,"12:15",1,2,NA,NA,"1:30","1:15","","","15:00",14,5,NA,NA,NA,NA,NA,NA,NA,NA,NA,NA,NA,NA,NA,NA,NA,NA,NA,NA,NA,NA,NA,NA,NA,NA,NA,NA,NA,NA,NA,NA,2,1,42,1,42101,"101_103",4210160000,42101000804,44,1.17,30,24.875105,3.354387,150.8634148
"999",48592,578984,1,57898401,275.349395,128.9430896,2,NA,5.78984e+11,4,5.78984e+13,5789840104,NA,NA,1,NA,NA,2,1,42,1,42101,"101_103",4210160000,42101000804,44,"15:30",5,NA,NA,NA,"8:30","","","","0:00",23,5,NA,NA,NA,NA,NA,NA,NA,NA,NA,NA,NA,NA,NA,NA,NA,NA,NA,NA,NA,NA,NA,NA,NA,NA,NA,NA,NA,NA,NA,NA,1,1,42,1,42101,"101_110",4210160000,42101008601,1027,1.17,35,23.39226,3.305368,150.8634148
"1000",48594,578984,2,57898402,275.349395,103.1176435,1,NA,5.78984e+11,1,5.78984e+13,5789840201,NA,NA,1,1,2,1,1,42,1,42101,"101_110",4210160000,42101008601,1027,"",1,NA,NA,NA,"8:00","","","","16:30",14,5,NA,NA,NA,NA,NA,NA,NA,NA,NA,NA,NA,NA,NA,NA,NA,NA,NA,NA,NA,NA,NA,NA,NA,NA,NA,NA,NA,NA,NA,NA,2,1,42,1,42101,"101_103",4210160000,42101000700,62,1.17,15,24.927547,3.003171,120.6476429
"1001",48595,578984,2,57898402,275.349395,103.1176435,1,NA,5.78984e+11,2,5.78984e+13,5789840202,NA,NA,1,NA,NA,2,1,42,1,42101,"101_103",4210160000,42101000700,62,"16:45",5,NA,NA,NA,"7:00","","","","0:15",14,5,NA,NA,NA,NA,NA,NA,NA,NA,NA,NA,NA,NA,NA,NA,NA,NA,NA,NA,NA,NA,NA,NA,NA,NA,NA,NA,NA,NA,NA,NA,1,1,42,1,42101,"101_110",4210160000,42101008601,1027,1.17,15,19.021,2.877422,120.6476429
"1002",48640,580878,1,58087801,521.3506551,1636.30083,1,NA,5.80878e+11,1,5.80878e+13,5808780101,NA,NA,2,2,2,1,1,42,1,42017,"017_510",4201758936,42017101100,15828,"",1,NA,NA,NA,"7:00","","","","12:44",14,5,NA,NA,NA,NA,NA,NA,NA,NA,NA,NA,NA,NA,NA,NA,NA,NA,NA,NA,NA,NA,NA,NA,NA,NA,NA,NA,NA,NA,NA,NA,4,1,42,1,42017,"017_509",4201705616,42017100103,15603,1.17,56,67.59436,16.462757,1914.471972
"1003",48642,580878,1,58087801,521.3506551,1636.30083,1,NA,5.80878e+11,3,5.80878e+13,5808780103,NA,NA,2,NA,NA,4,1,42,1,42017,"017_509",4201705616,42017100103,15603,"14:12",8,NA,NA,NA,"0:15","","","","14:27",14,5,NA,NA,NA,NA,NA,NA,NA,NA,NA,NA,NA,NA,NA,NA,NA,NA,NA,NA,NA,NA,NA,NA,NA,NA,NA,NA,NA,NA,NA,NA,1,1,42,1,42017,"017_510",4201758936,42017101100,15828,1.17,63,79.193302,19.275961,1914.471972
"1004",48711,581995,1,58199501,414.5095097,402.480853,1,NA,5.81995e+11,4,5.81995e+13,5819950104,NA,NA,1,NA,NA,4,1,42,1,42101,"101_103",4210160000,42101000402,83,"22:50",96,NA,NA,NA,"0:02","","","","22:53",23,5,NA,NA,NA,NA,NA,NA,NA,NA,NA,NA,NA,NA,NA,NA,NA,NA,NA,NA,NA,NA,NA,NA,NA,NA,NA,NA,NA,NA,NA,NA,1,1,42,1,42101,"101_110",4210160000,42101007800,1016,1.17,22,18.989067,2.895102,470.9025981
"1005",48793,585263,1,58526301,345.5485017,375.488745,1,NA,5.85263e+11,2,5.85263e+13,5852630102,NA,NA,1,NA,NA,4,1,42,1,42101,"101_103",4210160000,42101000401,85,"8:44",19,NA,NA,NA,"0:00","","","","8:45",23,5,NA,NA,NA,NA,NA,NA,NA,NA,NA,NA,NA,NA,NA,NA,NA,NA,NA,NA,NA,NA,NA,NA,NA,NA,NA,NA,NA,NA,NA,NA,4,1,42,1,42101,"101_103",4210160000,42101000500,74,1.17,5,6.955697,0.79702,439.3218316
"1006",48794,585263,1,58526301,345.5485017,375.488745,1,NA,5.85263e+11,3,5.85263e+13,5852630103,NA,NA,1,NA,NA,4,1,42,1,42101,"101_103",4210160000,42101000500,74,"8:50",19,NA,NA,NA,"0:00","","","","8:51",21,5,NA,NA,NA,NA,NA,NA,NA,NA,NA,NA,NA,NA,NA,NA,NA,NA,NA,NA,NA,NA,NA,NA,NA,NA,NA,NA,NA,NA,NA,NA,2,1,42,1,42101,"101_103",4210160000,42101012500,134,1.17,4,9.261714,0.845763,439.3218316
"1007",48797,585263,1,58526301,345.5485017,375.488745,1,NA,5.85263e+11,6,5.85263e+13,5852630106,NA,NA,1,NA,NA,4,1,42,1,42101,"101_103",4210160000,42101000402,76,"12:53",19,NA,NA,NA,"0:00","","","","12:54",23,5,NA,NA,NA,NA,NA,NA,NA,NA,NA,NA,NA,NA,NA,NA,NA,NA,NA,NA,NA,NA,NA,NA,NA,NA,NA,NA,NA,NA,NA,NA,4,1,42,1,42101,"101_110",4210160000,42101008802,1022,1.17,16,15.842286,2.401433,439.3218316
"1008",48798,585263,1,58526301,345.5485017,375.488745,1,NA,5.85263e+11,7,5.85263e+13,5852630107,NA,NA,1,NA,NA,4,1,42,1,42101,"101_110",4210160000,42101008802,1022,"13:10",16,NA,NA,NA,"4:00","","","","17:10",14,5,NA,NA,NA,NA,NA,NA,NA,NA,NA,NA,NA,NA,NA,NA,NA,NA,NA,NA,NA,NA,NA,NA,NA,NA,NA,NA,NA,NA,NA,NA,4,1,42,1,42101,"101_103",4210160000,42101001202,24,1.17,20,25.693586,2.833356,439.3218316
"1009",48822,587448,1,58744801,830.5266114,736.2161197,1,NA,5.87448e+11,1,5.87448e+13,5874480101,NA,NA,2,2,2,1,1,42,1,42017,"017_509",4201705616,42017100104,15611,"",1,NA,NA,NA,"0:00","","","","11:00",14,5,NA,NA,NA,NA,NA,NA,NA,NA,NA,NA,NA,NA,NA,NA,NA,NA,NA,NA,NA,NA,NA,NA,NA,NA,NA,NA,NA,NA,NA,NA,4,1,42,1,42101,"101_114",4210160000,42101031300,1619,1.17,65,42.607141,10.130216,861.3728601
"1010",48824,587448,1,58744801,830.5266114,736.2161197,1,NA,5.87448e+11,3,5.87448e+13,5874480103,NA,NA,2,NA,NA,4,1,42,1,42101,"101_114",4210160000,42101030200,1610,"15:15",19,NA,NA,NA,"0:00","","","","15:26",14,5,NA,NA,NA,NA,NA,NA,NA,NA,NA,NA,NA,NA,NA,NA,NA,NA,NA,NA,NA,NA,NA,NA,NA,NA,NA,NA,NA,NA,NA,NA,1,1,42,1,42017,"017_509",4201705616,42017100104,15611,1.17,44,50.600921,11.192846,861.3728601
"1011",48841,588025,1,58802501,482.4406172,201.6261625,1,NA,5.88025e+11,2,5.88025e+13,5880250102,NA,NA,2,NA,NA,4,1,42,1,42101,"101_111",4210160000,42101008302,1210,"9998",19,NA,NA,NA,"0:00","","","","9998",14,5,NA,NA,NA,NA,NA,NA,NA,NA,NA,NA,NA,NA,NA,NA,NA,NA,NA,NA,NA,NA,NA,NA,NA,NA,NA,NA,NA,NA,NA,NA,4,1,42,1,42101,"101_110",4210160000,42101036900,1018,1.17,NA,NA,NA,235.9026101
"1012",48888,590462,1,59046201,443.9604921,223.4161062,1,NA,5.90462e+11,1,5.90462e+13,5904620101,NA,NA,1,1,2,1,1,42,1,42101,"101_115",4210160000,42101027600,2622,"",1,11,2,7,"8:00","","","","11:00",14,5,NA,NA,NA,NA,NA,NA,NA,NA,NA,NA,NA,NA,NA,NA,NA,NA,NA,NA,NA,NA,NA,NA,NA,NA,NA,NA,NA,NA,NA,NA,2,1,42,1,42091,"091_412",4209112968,42091202402,12231,1.17,30,21.373895,2.39423,261.3968443
"1013",48889,590462,1,59046201,443.9604921,223.4161062,1,NA,5.90462e+11,2,5.90462e+13,5904620102,NA,NA,1,NA,NA,2,1,42,1,42091,"091_412",4209112968,42091202402,12231,"11:30",5,NA,NA,NA,"6:00","","","","17:45",14,5,NA,NA,NA,NA,NA,NA,NA,NA,NA,NA,NA,NA,NA,NA,NA,NA,NA,NA,NA,NA,NA,NA,NA,NA,NA,NA,NA,NA,NA,NA,1,1,42,1,42101,"101_115",4210160000,42101027600,2622,1.17,45,18.725821,2.329325,261.3968443
"1014",48909,591753,1,59175301,207.5538993,169.4468022,1,NA,5.91753e+11,1,5.91753e+13,5917530101,NA,NA,1,1,2,1,1,42,1,42101,"101_107",4210160000,42101013800,405,"",1,7,NA,NA,"5:00","","","","8:40",14,5,NA,NA,NA,NA,NA,NA,NA,NA,NA,NA,NA,NA,NA,NA,NA,NA,NA,NA,NA,NA,NA,NA,NA,NA,NA,NA,NA,NA,NA,NA,2,1,42,1,42101,"101_103",4210160000,42101000100,106,1.12,25,28.266518,2.723761,189.7804184
"1015",48910,591753,1,59175301,207.5538993,169.4468022,1,NA,5.91753e+11,2,5.91753e+13,5917530102,NA,NA,1,NA,NA,2,1,42,1,42101,"101_103",4210160000,42101000100,106,"9:05",10,14,5,7,"6:00","","0:15","0:30","17:05",14,5,NA,NA,NA,NA,NA,NA,NA,NA,NA,NA,NA,NA,NA,NA,NA,NA,NA,NA,NA,NA,NA,NA,NA,NA,NA,NA,NA,NA,NA,NA,1,1,42,1,42101,"101_107",4210160000,42101013800,405,1.12,35,27.356538,3.023225,189.7804184
"1016",48941,593189,1,59318901,911.8078557,264.7502276,1,NA,5.93189e+11,1,5.93189e+13,5931890101,NA,NA,2,2,2,1,1,42,1,42101,"101_107",4210160000,42101014400,401,"",1,12,2,4,"3:30","1:30","2:00","1:00","12:00",14,5,NA,NA,NA,NA,NA,NA,NA,NA,NA,NA,NA,NA,NA,NA,NA,NA,NA,NA,NA,NA,NA,NA,NA,NA,NA,NA,NA,NA,NA,NA,4,1,42,1,42101,"101_110",4210160000,42101007000,1003,1.17,60,38.749001,6.488092,309.7577662
"1017",48942,593189,1,59318901,911.8078557,264.7502276,1,NA,5.93189e+11,2,5.93189e+13,5931890102,NA,NA,2,NA,NA,4,1,42,1,42101,"101_110",4210160000,42101007000,1003,"13:00",12,18,NA,NA,"0:30","0:10","","","14:52",14,5,NA,NA,NA,NA,NA,NA,NA,NA,NA,NA,NA,NA,NA,NA,NA,NA,NA,NA,NA,NA,NA,NA,NA,NA,NA,NA,NA,NA,NA,NA,4,1,42,1,42101,"101_111",4210160000,42101009500,1220,1.17,18,30.852734,2.801057,309.7577662
"1018",48943,593189,1,59318901,911.8078557,264.7502276,1,NA,5.93189e+11,3,5.93189e+13,5931890103,NA,NA,2,NA,NA,4,1,42,1,42101,"101_111",4210160000,42101009500,1220,"15:10",8,NA,NA,NA,"0:10","","","","15:40",14,5,NA,NA,NA,NA,NA,NA,NA,NA,NA,NA,NA,NA,NA,NA,NA,NA,NA,NA,NA,NA,NA,NA,NA,NA,NA,NA,NA,NA,NA,NA,1,1,42,1,42101,"101_107",4210160000,42101014400,401,1.17,20,36.770821,7.288099,309.7577662
"1019",48945,593189,2,59318902,911.8078557,201.5691535,1,NA,5.93189e+11,1,5.93189e+13,5931890201,NA,NA,3,0,2,1,1,42,1,42101,"101_107",4210160000,42101014400,401,"",1,NA,NA,NA,"2:00","","","","11:45",21,5,NA,NA,NA,NA,NA,NA,NA,NA,NA,NA,NA,NA,NA,NA,NA,NA,NA,NA,NA,NA,NA,NA,NA,NA,NA,NA,NA,NA,NA,NA,4,1,42,1,42101,"101_110",4210160000,42101007000,1003,1.17,45,38.749001,6.488092,235.8359096
"1020",48948,593757,1,59375701,596.8695769,184.4886131,1,NA,5.93757e+11,2,5.93757e+13,5937570102,NA,NA,1,NA,NA,4,1,42,1,42101,"101_107",4210160000,42101014000,403,"8:08",96,NA,NA,NA,"0:04","","","","8:12",21,5,NA,NA,NA,NA,NA,NA,NA,NA,NA,NA,NA,NA,NA,NA,NA,NA,NA,NA,NA,NA,NA,NA,NA,NA,NA,NA,NA,NA,NA,NA,4,1,42,1,42101,"101_103",4210160000,42101000901,41,1.17,8,16.141574,2.009356,215.8516773
"1021",48951,593757,1,59375701,596.8695769,184.4886131,1,NA,5.93757e+11,5,5.93757e+13,5937570105,NA,NA,1,NA,NA,4,1,42,1,42101,"101_103",4210160000,42101000901,41,"17:33",96,NA,NA,NA,"0:02","","","","17:35",21,5,NA,NA,NA,NA,NA,NA,NA,NA,NA,NA,NA,NA,NA,NA,NA,NA,NA,NA,NA,NA,NA,NA,NA,NA,NA,NA,NA,NA,NA,NA,4,1,42,1,42101,"101_107",4210160000,42101014000,403,1.17,5,17.537769,2.019392,215.8516773
"1022",48970,594394,1,59439401,567.476916,656.6556319,1,NA,5.94394e+11,4,5.94394e+13,5943940104,NA,NA,1,NA,NA,4,1,42,1,42101,"101_103",4210160000,42101000500,88,"9999",19,NA,NA,NA,"0:00","","","","9999",21,5,NA,NA,NA,NA,NA,NA,NA,NA,NA,NA,NA,NA,NA,NA,NA,NA,NA,NA,NA,NA,NA,NA,NA,NA,NA,NA,NA,NA,NA,NA,4,1,42,1,42101,"101_110",4210160000,42101009000,1036,1.17,NA,NA,NA,768.2870893
"1023",48973,594394,2,59439402,567.476916,262.4666989,1,NA,5.94394e+11,1,5.94394e+13,5943940201,NA,NA,1,2,2,1,1,42,1,42101,"101_110",4210160000,42101036900,1030,"",1,NA,NA,NA,"0:00","","","","9998",21,5,NA,NA,NA,NA,NA,NA,NA,NA,NA,NA,NA,NA,NA,NA,NA,NA,NA,NA,NA,NA,NA,NA,NA,NA,NA,NA,NA,NA,NA,NA,4,1,42,1,42101,"101_103",4210160000,42101000500,72,1.17,NA,NA,NA,307.0860377
"1024",48977,594394,2,59439402,567.476916,262.4666989,3,NA,5.94394e+11,5,5.94394e+13,5943940205,NA,NA,2,5,NA,1,1,42,1,42101,"101_110",4210160000,42101036900,1030,"9998",1,NA,NA,NA,"0:00","","","","9998",21,5,NA,NA,NA,NA,NA,NA,NA,NA,NA,NA,NA,NA,NA,NA,NA,NA,NA,NA,NA,NA,NA,NA,NA,NA,NA,NA,NA,NA,NA,NA,4,1,42,1,42101,"101_110",4210160000,42101036900,1030,1.17,NA,NA,NA,307.0860377
"1025",48980,594394,2,59439402,567.476916,262.4666989,3,NA,5.94394e+11,8,5.94394e+13,5943940208,NA,NA,2,NA,NA,4,1,42,1,42101,"101_103",4210160000,42101000100,67,"9998",11,NA,NA,NA,"0:00","","","","9998",21,5,NA,NA,NA,NA,NA,NA,NA,NA,NA,NA,NA,NA,NA,NA,NA,NA,NA,NA,NA,NA,NA,NA,NA,NA,NA,NA,NA,NA,NA,NA,4,1,42,1,42101,"101_103",4210160000,42101000500,69,1.17,NA,NA,NA,307.0860377
"1026",48981,594394,2,59439402,567.476916,262.4666989,3,NA,5.94394e+11,9,5.94394e+13,5943940209,NA,NA,2,NA,NA,4,1,42,1,42101,"101_103",4210160000,42101000500,69,"9998",19,NA,NA,NA,"0:00","","","","9998",21,5,NA,NA,NA,NA,NA,NA,NA,NA,NA,NA,NA,NA,NA,NA,NA,NA,NA,NA,NA,NA,NA,NA,NA,NA,NA,NA,NA,NA,NA,NA,4,1,42,1,42101,"101_110",4210160000,42101036900,1030,1.17,NA,NA,NA,307.0860377
"1027",49011,595510,1,59551001,181.6613454,97.73504187,1,NA,5.9551e+11,3,5.9551e+13,5955100103,NA,NA,2,NA,NA,4,1,42,1,42101,"101_103",4210160000,42101000500,73,"11:30",9,NA,NA,NA,"2:30","","","","14:00",14,5,NA,NA,NA,NA,NA,NA,NA,NA,NA,NA,NA,NA,NA,NA,NA,NA,NA,NA,NA,NA,NA,NA,NA,NA,NA,NA,NA,NA,NA,NA,1,1,42,1,42101,"101_103",4210160000,42101000700,63,1.17,30,11.553757,1.049313,114.349999
"1028",49205,601088,1,60108801,162.3902616,99.791807,1,NA,6.01088e+11,1,6.01088e+13,6010880101,NA,NA,2,1,2,1,1,42,1,42101,"101_103",4210160000,42101000402,83,"",1,NA,NA,NA,"5:30","","","","8:30",14,5,NA,NA,NA,NA,NA,NA,NA,NA,NA,NA,NA,NA,NA,NA,NA,NA,NA,NA,NA,NA,NA,NA,NA,NA,NA,NA,NA,NA,NA,NA,4,1,42,1,42101,"101_103",4210160000,42101000500,88,1.12,30,10.447997,1.15004,111.7668238
"1029",49206,601088,1,60108801,162.3902616,99.791807,1,NA,6.01088e+11,2,6.01088e+13,6010880102,NA,NA,2,NA,NA,4,1,42,1,42101,"101_103",4210160000,42101000500,88,"9:00",6,NA,NA,NA,"0:00","","","","9:30",14,5,NA,NA,NA,NA,NA,NA,NA,NA,NA,NA,NA,NA,NA,NA,NA,NA,NA,NA,NA,NA,NA,NA,NA,NA,NA,NA,NA,NA,NA,NA,1,1,42,1,42101,"101_103",4210160000,42101000402,83,1.12,30,13.60605,1.204223,111.7668238
"1030",49257,601479,1,60147901,211.3498436,101.7386294,1,NA,6.01479e+11,1,6.01479e+13,6014790101,NA,NA,1,2,2,1,1,42,1,42101,"101_103",4210160000,42101001001,36,"",1,5,NA,NA,"0:00","","","","15:35",14,5,NA,NA,NA,NA,NA,NA,NA,NA,NA,NA,NA,NA,NA,NA,NA,NA,NA,NA,NA,NA,NA,NA,NA,NA,NA,NA,NA,NA,NA,NA,2,1,42,1,42101,"101_103",4210160000,42101000100,106,1.17,25,13.017518,0.790318,119.0341964
"1031",49259,601479,1,60147901,211.3498436,101.7386294,1,NA,6.01479e+11,3,6.01479e+13,6014790103,NA,NA,1,NA,NA,4,3,42,1,42101,"101_110",4210160000,42101036900,1030,"17:40",15,4,NA,NA,"0:00","","","","18:55",14,5,NA,NA,NA,NA,NA,NA,NA,NA,NA,NA,NA,NA,NA,NA,NA,NA,NA,NA,NA,NA,NA,NA,NA,NA,NA,NA,NA,NA,NA,NA,1,1,42,1,42101,"101_103",4210160000,42101001001,36,1.17,50,20.594211,2.76498,119.0341964
"1032",49262,601479,2,60147902,211.3498436,99.64487521,1,NA,6.01479e+11,2,6.01479e+13,6014790202,NA,NA,1,NA,NA,2,1,42,1,42101,"101_103",4210160000,42101001202,23,"9:45",5,NA,NA,NA,"0:00","","","","19:15",14,5,NA,NA,NA,NA,NA,NA,NA,NA,NA,NA,NA,NA,NA,NA,NA,NA,NA,NA,NA,NA,NA,NA,NA,NA,NA,NA,NA,NA,NA,NA,4,1,42,1,42101,"101_103",4210160000,42101001002,12,1.17,15,17.26187,1.490407,116.584504
"1033",49278,601670,1,60167001,133.7177376,110.0218889,1,NA,6.0167e+11,2,6.0167e+13,6016700102,NA,NA,1,NA,NA,4,1,42,1,42045,"045_206",4204533144,42045408800,5019,"7:55",19,NA,NA,NA,"0:10","","","","8:05",21,5,NA,NA,NA,NA,NA,NA,NA,NA,NA,NA,NA,NA,NA,NA,NA,NA,NA,NA,NA,NA,NA,NA,NA,NA,NA,NA,NA,NA,NA,NA,2,1,42,1,42091,"091_403",4209154656,42091203902,10422,1.12,25,33.33046,10.303195,123.2245155
"1034",49279,601670,1,60167001,133.7177376,110.0218889,1,NA,6.0167e+11,3,6.0167e+13,6016700103,NA,NA,1,NA,NA,2,1,42,1,42091,"091_403",4209154656,42091203902,10422,"8:30",5,NA,NA,NA,"8:00","","","","16:30",21,5,NA,NA,NA,NA,NA,NA,NA,NA,NA,NA,NA,NA,NA,NA,NA,NA,NA,NA,NA,NA,NA,NA,NA,NA,NA,NA,NA,NA,NA,NA,4,1,42,1,42045,"045_206",4204533144,42045408800,5019,1.12,30,31.424227,10.372082,123.2245155
"1035",49283,601670,2,60167002,133.7177376,89.58354163,1,NA,6.0167e+11,2,6.0167e+13,6016700202,NA,NA,1,NA,NA,4,1,42,1,42091,"091_401",4209144976,42091205400,10013,"7:40",19,NA,NA,NA,"0:10","","","","7:55",14,5,NA,NA,NA,NA,NA,NA,NA,NA,NA,NA,NA,NA,NA,NA,NA,NA,NA,NA,NA,NA,NA,NA,NA,NA,NA,NA,NA,NA,NA,NA,4,3,42,1,42101,"101_103",4210160000,42101000402,93,1.12,55,29.556552,8.839947,100.3335666
"1036",49308,601722,2,60172202,83.62080081,93.09114561,1,NA,6.01722e+11,2,6.01722e+13,6017220202,NA,NA,2,NA,NA,4,1,42,1,42101,"101_103",4210160000,42101000500,70,"14:25",16,NA,NA,NA,"0:55","","","","15:20",14,5,NA,NA,NA,NA,NA,NA,NA,NA,NA,NA,NA,NA,NA,NA,NA,NA,NA,NA,NA,NA,NA,NA,NA,NA,NA,NA,NA,NA,NA,NA,4,1,42,1,42101,"101_103",4210160000,42101000700,60,1.13,10,11.512847,0.732087,105.1929945
"1037",49309,601722,2,60172202,83.62080081,93.09114561,1,NA,6.01722e+11,3,6.01722e+13,6017220203,NA,NA,2,NA,NA,4,1,42,1,42101,"101_103",4210160000,42101000700,60,"15:30",9,NA,NA,NA,"0:30","","","","16:00",14,5,NA,NA,NA,NA,NA,NA,NA,NA,NA,NA,NA,NA,NA,NA,NA,NA,NA,NA,NA,NA,NA,NA,NA,NA,NA,NA,NA,NA,NA,NA,1,1,42,1,42101,"101_103",4210160000,42101001201,27,1.13,10,10.643484,0.99366,105.1929945
"1038",49326,601933,1,60193301,157.1925661,92.11585687,1,NA,6.01933e+11,1,6.01933e+13,6019330101,NA,NA,1,4,2,1,1,42,1,42101,"101_103",4210160000,42101001201,30,"",1,14,NA,NA,"4:00","1:20","","","9:20",14,5,NA,NA,NA,NA,NA,NA,NA,NA,NA,NA,NA,NA,NA,NA,NA,NA,NA,NA,NA,NA,NA,NA,NA,NA,NA,NA,NA,NA,NA,NA,4,1,42,1,42101,"101_108",4210160000,42101021000,3207,1.17,30,20.94194,7.397249,107.7755525
"1039",49327,601933,1,60193301,157.1925661,92.11585687,1,1,6.01933e+11,2,6.01933e+13,6019330102,NA,NA,1,NA,NA,4,1,42,1,42101,"101_108",4210160000,42101021000,3207,"9:50",5,NA,NA,NA,"1:00","","","","11:05",14,5,NA,NA,NA,NA,NA,NA,NA,NA,NA,NA,NA,NA,NA,NA,NA,NA,NA,NA,NA,NA,NA,NA,NA,NA,NA,NA,NA,NA,NA,NA,4,1,42,1,42101,"101_103",4210160000,42101000700,62,1.17,35,19.25,7.388841,107.7755525
"1040",49328,601933,1,60193301,157.1925661,92.11585687,1,1,6.01933e+11,3,6.01933e+13,6019330103,NA,NA,1,NA,NA,4,1,42,1,42101,"101_103",4210160000,42101000700,62,"11:40",5,NA,NA,NA,"0:50","","","","12:30",14,5,NA,NA,NA,NA,NA,NA,NA,NA,NA,NA,NA,NA,NA,NA,NA,NA,NA,NA,NA,NA,NA,NA,NA,NA,NA,NA,NA,NA,NA,NA,4,1,42,1,42101,"101_101",4210160000,42101020101,1418,1.17,150,28.042475,4.298775,107.7755525
"1041",49329,601933,1,60193301,157.1925661,92.11585687,1,NA,6.01933e+11,4,6.01933e+13,6019330104,NA,NA,1,NA,NA,4,1,42,1,42101,"101_101",4210160000,42101020101,1418,"15:00",14,NA,NA,NA,"1:00","","","","18:30",14,5,NA,NA,NA,NA,NA,NA,NA,NA,NA,NA,NA,NA,NA,NA,NA,NA,NA,NA,NA,NA,NA,NA,NA,NA,NA,NA,NA,NA,NA,NA,4,1,42,1,42101,"101_112",4210160000,42101980700,823,1.17,60,44.763914,7.425526,107.7755525
"1042",49330,601933,1,60193301,157.1925661,92.11585687,1,NA,6.01933e+11,5,6.01933e+13,6019330105,NA,NA,1,NA,NA,4,1,42,1,42101,"101_112",4210160000,42101980700,823,"19:30",11,9,NA,NA,"1:00","1:00","","","21:30",14,5,NA,NA,NA,NA,NA,NA,NA,NA,NA,NA,NA,NA,NA,NA,NA,NA,NA,NA,NA,NA,NA,NA,NA,NA,NA,NA,NA,NA,NA,NA,1,1,42,1,42101,"101_103",4210160000,42101001201,30,1.17,60,33.48029,4.815139,107.7755525
"1043",49377,602285,1,60228501,254.7502371,192.8580113,1,NA,6.02285e+11,1,6.02285e+13,6022850101,NA,NA,1,1,2,1,1,42,1,42101,"101_103",4210160000,42101000804,42,"",1,NA,NA,NA,"4:00","","","","7:00",14,5,NA,NA,NA,NA,NA,NA,NA,NA,NA,NA,NA,NA,NA,NA,NA,NA,NA,NA,NA,NA,NA,NA,NA,NA,NA,NA,NA,NA,NA,NA,2,1,42,1,42101,"101_110",4210160000,42101036900,1018,1.12,20,19.44269,1.956026,216.0009726
"1044",49378,602285,1,60228501,254.7502371,192.8580113,1,NA,6.02285e+11,2,6.02285e+13,6022850102,NA,NA,1,NA,NA,2,1,42,1,42101,"101_110",4210160000,42101036900,1018,"7:20",5,NA,NA,NA,"12:10","","","","19:30",14,5,NA,NA,NA,NA,NA,NA,NA,NA,NA,NA,NA,NA,NA,NA,NA,NA,NA,NA,NA,NA,NA,NA,NA,NA,NA,NA,NA,NA,NA,NA,1,1,42,1,42101,"101_103",4210160000,42101000804,42,1.12,40,21.020114,2.390451,216.0009726
"1045",49380,602285,2,60228502,254.7502371,169.4468022,1,NA,6.02285e+11,1,6.02285e+13,6022850201,NA,NA,3,0,2,2,1,42,1,42101,"101_110",4210160000,42101036900,1018,"",5,NA,NA,NA,"5:15","","","","8:15",14,5,NA,NA,NA,NA,NA,NA,NA,NA,NA,NA,NA,NA,NA,NA,NA,NA,NA,NA,NA,NA,NA,NA,NA,NA,NA,NA,NA,NA,NA,NA,1,1,42,1,42101,"101_103",4210160000,42101000804,42,1.12,30,22.226499,2.229646,189.7804184
"1046",49381,602285,2,60228502,254.7502371,169.4468022,2,NA,6.02285e+11,2,6.02285e+13,6022850202,NA,NA,3,0,NA,1,1,42,1,42101,"101_103",4210160000,42101000804,42,"8:45",1,NA,NA,NA,"8:45","","","","17:30",14,5,NA,NA,NA,NA,NA,NA,NA,NA,NA,NA,NA,NA,NA,NA,NA,NA,NA,NA,NA,NA,NA,NA,NA,NA,NA,NA,NA,NA,NA,NA,2,1,42,1,42101,"101_110",4210160000,42101036900,1018,1.12,21,21.358247,2.107582,189.7804184
"1047",49497,602826,1,60282601,228.4384878,154.6616617,1,NA,6.02826e+11,1,6.02826e+13,6028260101,NA,NA,2,4,2,1,1,42,1,42101,"101_102",4210160000,42101006600,2023,"",1,NA,NA,NA,"0:00","","","","9:30",14,5,NA,NA,NA,NA,NA,NA,NA,NA,NA,NA,NA,NA,NA,NA,NA,NA,NA,NA,NA,NA,NA,NA,NA,NA,NA,NA,NA,NA,NA,NA,4,1,42,1,42101,"101_112",4210160000,42101003800,1818,1.17,30,18.26684,3.11804,180.9541442
"1048",49498,602826,1,60282601,228.4384878,154.6616617,1,NA,6.02826e+11,2,6.02826e+13,6028260102,NA,NA,2,NA,NA,4,1,42,1,42101,"101_112",4210160000,42101003800,1818,"10:00",6,8,9,NA,"0:00","","","","10:38",14,5,NA,NA,NA,NA,NA,NA,NA,NA,NA,NA,NA,NA,NA,NA,NA,NA,NA,NA,NA,NA,NA,NA,NA,NA,NA,NA,NA,NA,NA,NA,4,1,42,1,42045,"045_203",4204541440,42045402000,4420,1.17,52,45.823057,7.348988,180.9541442
"1049",49527,602895,1,60289501,340.3264668,154.5724353,1,NA,6.02895e+11,1,6.02895e+13,6028950101,NA,NA,1,5,2,1,1,42,1,42101,"101_103",4210160000,42101000402,97,"",1,NA,NA,NA,"0:00","","","","14:00",14,5,NA,NA,NA,NA,NA,NA,NA,NA,NA,NA,NA,NA,NA,NA,NA,NA,NA,NA,NA,NA,NA,NA,NA,NA,NA,NA,NA,NA,NA,NA,4,1,42,1,42101,"101_103",4210160000,42101001202,23,1.17,15,12.045688,0.342964,180.8497492
"1050",49542,602950,1,60295001,352.520661,110.4759252,1,NA,6.0295e+11,3,6.0295e+13,6029500103,NA,NA,2,NA,NA,4,1,42,1,42101,"101_103",4210160000,42101000402,76,"18:42",19,NA,NA,NA,"0:13","","","","18:55",21,5,NA,NA,NA,NA,NA,NA,NA,NA,NA,NA,NA,NA,NA,NA,NA,NA,NA,NA,NA,NA,NA,NA,NA,NA,NA,NA,NA,NA,NA,NA,4,1,42,1,42101,"101_107",4210160000,42101014400,401,1.17,0,18.549475,2.944848,129.2568325
"1051",49617,603625,1,60362501,158.8815913,80.67143899,1,NA,6.03625e+11,1,6.03625e+13,6036250101,NA,NA,2,1,2,1,1,42,1,42045,"045_203",4204579000,42045400401,4448,"",6,8,NA,NA,"0:30","0:45","","","9:30",14,5,NA,NA,NA,NA,NA,NA,NA,NA,NA,NA,NA,NA,NA,NA,NA,NA,NA,NA,NA,NA,NA,NA,NA,NA,NA,NA,NA,NA,NA,NA,4,1,42,1,42045,"045_203",4204579000,42045400600,4457,1.13,75,18.159187,2.003127,91.15872606
"1052",49618,603625,1,60362501,158.8815913,80.67143899,1,NA,6.03625e+11,2,6.03625e+13,6036250102,NA,NA,2,NA,NA,4,1,42,1,42045,"045_203",4204579000,42045400600,4457,"10:45",6,8,NA,NA,"0:30","0:45","","","12:30",14,5,NA,NA,NA,NA,NA,NA,NA,NA,NA,NA,NA,NA,NA,NA,NA,NA,NA,NA,NA,NA,NA,NA,NA,NA,NA,NA,NA,NA,NA,NA,1,1,42,1,42045,"045_203",4204579000,42045400401,4448,1.13,690,20.635784,1.859724,91.15872606
"1053",49718,604300,1,60430001,153.4484038,79.67376108,1,NA,6.043e+11,2,6.043e+13,6043000102,NA,NA,1,NA,NA,4,1,42,1,42045,"045_206",4204533144,42045408800,5019,"7:15",19,NA,NA,NA,"0:05","","","","7:20",21,5,NA,NA,NA,NA,NA,NA,NA,NA,NA,NA,NA,NA,NA,NA,NA,NA,NA,NA,NA,NA,NA,NA,NA,NA,NA,NA,NA,NA,NA,NA,4,1,42,1,42045,"045_203",4204579000,42045400500,4459,1.12,5,26.509675,4.36167,89.23461241
"1054",49719,604300,1,60430001,153.4484038,79.67376108,1,NA,6.043e+11,3,6.043e+13,6043000103,NA,NA,1,NA,NA,4,1,42,1,42045,"045_203",4204579000,42045400500,4459,"7:25",19,NA,NA,NA,"0:06","","","","7:31",21,5,NA,NA,NA,NA,NA,NA,NA,NA,NA,NA,NA,NA,NA,NA,NA,NA,NA,NA,NA,NA,NA,NA,NA,NA,NA,NA,NA,NA,NA,NA,4,1,42,1,42101,"101_103",4210160000,42101000402,76,1.12,24,23.951639,5.422669,89.23461241
"1055",49720,604300,1,60430001,153.4484038,79.67376108,1,NA,6.043e+11,4,6.043e+13,6043000104,NA,NA,1,NA,NA,4,1,42,1,42101,"101_103",4210160000,42101000402,76,"7:55",19,NA,NA,NA,"0:05","","","","8:00",21,5,NA,NA,NA,NA,NA,NA,NA,NA,NA,NA,NA,NA,NA,NA,NA,NA,NA,NA,NA,NA,NA,NA,NA,NA,NA,NA,NA,NA,NA,NA,4,1,42,1,42101,"101_103",4210160000,42101000300,113,1.12,5,6.286928,0.506521,89.23461241
"1056",49734,604371,1,60437101,399.8671055,162.9821446,1,NA,6.04371e+11,1,6.04371e+13,6043710101,NA,NA,2,1,2,1,1,42,1,42101,"101_112",4210160000,42101004102,807,"",1,NA,NA,NA,"5:00","","","","8:00",14,5,NA,NA,NA,NA,NA,NA,NA,NA,NA,NA,NA,NA,NA,NA,NA,NA,NA,NA,NA,NA,NA,NA,NA,NA,NA,NA,NA,NA,NA,NA,4,3,42,1,42101,"101_112",4210160000,42101004101,816,1.17,30,5.35001,0.391464,190.6891092
"1057",49735,604371,1,60437101,399.8671055,162.9821446,1,NA,6.04371e+11,2,6.04371e+13,6043710102,NA,NA,2,NA,NA,4,3,42,1,42101,"101_112",4210160000,42101004101,816,"8:30",12,NA,NA,NA,"3:00","","","","11:30",14,5,NA,NA,NA,NA,NA,NA,NA,NA,NA,NA,NA,NA,NA,NA,NA,NA,NA,NA,NA,NA,NA,NA,NA,NA,NA,NA,NA,NA,NA,NA,1,1,42,1,42101,"101_112",4210160000,42101004102,807,1.17,30,5.306896,0.44696,190.6891092
"1058",49739,604371,2,60437102,399.8671055,179.6213326,1,NA,6.04371e+11,1,6.04371e+13,6043710201,NA,NA,1,2,2,1,1,42,1,42101,"101_112",4210160000,42101004102,807,"",1,NA,NA,NA,"4:00","","","","7:00",14,5,NA,NA,NA,NA,NA,NA,NA,NA,NA,NA,NA,NA,NA,NA,NA,NA,NA,NA,NA,NA,NA,NA,NA,NA,NA,NA,NA,NA,NA,NA,2,3,42,1,42101,"101_112",4210160000,42101003200,840,1.17,25,21.359242,2.512509,210.1569591
"1059",49740,604371,2,60437102,399.8671055,179.6213326,1,NA,6.04371e+11,2,6.04371e+13,6043710202,NA,NA,1,NA,NA,2,3,42,1,42101,"101_112",4210160000,42101003200,840,"7:25",5,NA,NA,NA,"7:00","","","","14:25",14,5,NA,NA,NA,NA,NA,NA,NA,NA,NA,NA,NA,NA,NA,NA,NA,NA,NA,NA,NA,NA,NA,NA,NA,NA,NA,NA,NA,NA,NA,NA,4,1,42,1,42101,"101_112",4210160000,42101003200,841,1.17,57,3.833333,0.254141,210.1569591
"1060",49741,604371,2,60437102,399.8671055,179.6213326,1,NA,6.04371e+11,3,6.04371e+13,6043710203,NA,NA,1,NA,NA,4,1,42,1,42101,"101_112",4210160000,42101003200,841,"15:22",12,NA,NA,NA,"2:00","","","","17:30",14,5,NA,NA,NA,NA,NA,NA,NA,NA,NA,NA,NA,NA,NA,NA,NA,NA,NA,NA,NA,NA,NA,NA,NA,NA,NA,NA,NA,NA,NA,NA,1,1,42,1,42101,"101_112",4210160000,42101004102,807,1.17,30,23.055643,2.717274,210.1569591
"1061",49820,605373,1,60537301,668.8941838,221.967171,1,NA,6.05373e+11,1,6.05373e+13,6053730101,NA,NA,2,3,2,1,1,42,1,42101,"101_107",4210160000,42101014900,415,"",1,NA,NA,NA,"0:00","","","","9999",14,5,NA,NA,NA,NA,NA,NA,NA,NA,NA,NA,NA,NA,NA,NA,NA,NA,NA,NA,NA,NA,NA,NA,NA,NA,NA,NA,NA,NA,NA,NA,3,6,42,1,42101,"101_101",4210160000,42101017400,1405,1.17,NA,NA,NA,259.70159
"1062",49821,605373,1,60537301,668.8941838,221.967171,1,NA,6.05373e+11,2,6.05373e+13,6053730102,NA,NA,2,NA,NA,3,6,42,1,42101,"101_101",4210160000,42101017400,1405,"8:00",3,NA,NA,NA,"4:00","","","","12:00",14,5,NA,NA,NA,NA,NA,NA,NA,NA,NA,NA,NA,NA,NA,NA,NA,NA,NA,NA,NA,NA,NA,NA,NA,NA,NA,NA,NA,NA,NA,NA,4,1,42,1,42101,"101_107",4210160000,42101014600,409,1.17,17,15.921575,1.745802,259.70159
"1063",49822,605373,1,60537301,668.8941838,221.967171,1,NA,6.05373e+11,3,6.05373e+13,6053730103,NA,NA,2,NA,NA,4,1,42,1,42101,"101_107",4210160000,42101014600,409,"12:17",11,NA,NA,NA,"0:43","","","","9999",14,5,NA,NA,NA,NA,NA,NA,NA,NA,NA,NA,NA,NA,NA,NA,NA,NA,NA,NA,NA,NA,NA,NA,NA,NA,NA,NA,NA,NA,NA,NA,3,6,42,1,42101,"101_101",4210160000,42101017400,1405,1.17,NA,NA,NA,259.70159
"1064",49823,605373,1,60537301,668.8941838,221.967171,1,NA,6.05373e+11,4,6.05373e+13,6053730104,NA,NA,2,NA,NA,3,6,42,1,42101,"101_101",4210160000,42101017400,1405,"13:10",3,NA,NA,NA,"3:00","","","","16:10",14,5,NA,NA,NA,NA,NA,NA,NA,NA,NA,NA,NA,NA,NA,NA,NA,NA,NA,NA,NA,NA,NA,NA,NA,NA,NA,NA,NA,NA,NA,NA,1,1,42,1,42101,"101_107",4210160000,42101014900,415,1.17,470,25.202853,2.699596,259.70159
"1065",49828,605373,3,60537303,668.8941838,225.5464313,1,NA,6.05373e+11,1,6.05373e+13,6053730301,NA,NA,2,1,2,1,1,42,1,42101,"101_107",4210160000,42101014900,415,"",1,NA,NA,NA,"0:00","","","","9999",14,5,NA,NA,NA,NA,NA,NA,NA,NA,NA,NA,NA,NA,NA,NA,NA,NA,NA,NA,NA,NA,NA,NA,NA,NA,NA,NA,NA,NA,NA,NA,4,1,42,1,42101,"101_103",4210160000,42101000100,66,1.17,NA,NA,NA,263.8893246
"1066",49829,605373,3,60537303,668.8941838,225.5464313,1,NA,6.05373e+11,2,6.05373e+13,6053730302,NA,NA,2,NA,NA,4,1,42,1,42101,"101_103",4210160000,42101000100,66,"9:20",13,NA,NA,NA,"3:00","","","","12:24",14,5,NA,NA,NA,NA,NA,NA,NA,NA,NA,NA,NA,NA,NA,NA,NA,NA,NA,NA,NA,NA,NA,NA,NA,NA,NA,NA,NA,NA,NA,NA,1,1,42,1,42101,"101_107",4210160000,42101014900,415,1.17,696,33.587911,4.489415,263.8893246
"1067",49886,605552,1,60555201,211.7301447,88.50554862,1,NA,6.05552e+11,2,6.05552e+13,6055520102,NA,NA,2,NA,NA,4,1,42,1,42101,"101_103",4210160000,42101000804,43,"9:22",6,NA,NA,NA,"0:04","","","","9:26",21,5,NA,NA,NA,NA,NA,NA,NA,NA,NA,NA,NA,NA,NA,NA,NA,NA,NA,NA,NA,NA,NA,NA,NA,NA,NA,NA,NA,NA,NA,NA,4,1,42,1,42101,"101_112",4210160000,42101980700,823,1.12,39,23.024688,2.86717,99.12621445
"1068",49990,606623,1,60662301,190.4720163,94.57764468,1,NA,6.06623e+11,1,6.06623e+13,6066230101,NA,NA,2,1,2,1,1,42,1,42101,"101_103",4210160000,42101000804,46,"",1,7,NA,NA,"6:00","","","","14:30",14,5,NA,NA,NA,NA,NA,NA,NA,NA,NA,NA,NA,NA,NA,NA,NA,NA,NA,NA,NA,NA,NA,NA,NA,NA,NA,NA,NA,NA,NA,NA,4,1,42,1,42101,"101_103",4210160000,42101000700,60,1.17,30,5.783333,0.249791,110.6558443
"1069",49991,606623,1,60662301,190.4720163,94.57764468,1,NA,6.06623e+11,2,6.06623e+13,6066230102,NA,NA,2,NA,NA,4,1,42,1,42101,"101_103",4210160000,42101000700,60,"15:00",8,NA,NA,NA,"0:00","","","","15:30",14,5,NA,NA,NA,NA,NA,NA,NA,NA,NA,NA,NA,NA,NA,NA,NA,NA,NA,NA,NA,NA,NA,NA,NA,NA,NA,NA,NA,NA,NA,NA,1,1,42,1,42101,"101_103",4210160000,42101000804,46,1.17,20,5.538542,0.2355,110.6558443
"1070",50215,607908,2,60790802,184.0851854,111.1431879,1,NA,6.07908e+11,1,6.07908e+13,6079080201,NA,NA,1,1,2,1,1,42,1,42045,"045_206",4204533144,42045408300,5021,"",1,NA,NA,NA,"0:00","","","","7:28",21,5,NA,NA,NA,NA,NA,NA,NA,NA,NA,NA,NA,NA,NA,NA,NA,NA,NA,NA,NA,NA,NA,NA,NA,NA,NA,NA,NA,NA,NA,NA,2,1,42,1,42101,"101_103",4210160000,42101000402,98,1.15,52,46.022418,9.79276,127.8146661
"1071",50216,607908,2,60790802,184.0851854,111.1431879,1,NA,6.07908e+11,2,6.07908e+13,6079080202,NA,NA,1,NA,NA,2,1,42,1,42101,"101_103",4210160000,42101000402,98,"8:20",11,5,NA,NA,"0:00","","","","17:50",21,5,NA,NA,NA,NA,NA,NA,NA,NA,NA,NA,NA,NA,NA,NA,NA,NA,NA,NA,NA,NA,NA,NA,NA,NA,NA,NA,NA,NA,NA,NA,1,1,42,1,42045,"045_206",4204533144,42045408300,5021,1.15,60,43.53795,9.988053,127.8146661
"1072",50256,608036,1,60803601,482.4406172,155.3330061,1,NA,6.08036e+11,1,6.08036e+13,6080360101,NA,NA,2,3,2,1,1,42,1,42101,"101_103",4210160000,42101000200,108,"",12,16,6,8,"0:00","","","","7:20",14,5,NA,NA,NA,NA,NA,NA,NA,NA,NA,NA,NA,NA,NA,NA,NA,NA,NA,NA,NA,NA,NA,NA,NA,NA,NA,NA,NA,NA,NA,NA,4,1,42,1,42101,"101_103",4210160000,42101001002,12,1.17,100,18.659779,1.196829,181.7396171
"1073",50257,608036,1,60803601,482.4406172,155.3330061,1,NA,6.08036e+11,2,6.08036e+13,6080360102,NA,NA,2,NA,NA,4,1,42,1,42101,"101_103",4210160000,42101001002,12,"9:00",8,NA,NA,NA,"0:00","","","","10:30",14,5,NA,NA,NA,NA,NA,NA,NA,NA,NA,NA,NA,NA,NA,NA,NA,NA,NA,NA,NA,NA,NA,NA,NA,NA,NA,NA,NA,NA,NA,NA,4,1,42,1,42101,"101_103",4210160000,42101000902,38,1.17,NA,9.700044,0.505488,181.7396171
"1074",50258,608036,1,60803601,482.4406172,155.3330061,1,NA,6.08036e+11,3,6.08036e+13,6080360103,NA,NA,2,NA,NA,4,1,42,1,42101,"101_103",4210160000,42101000902,38,"9999",12,NA,NA,NA,"0:00","","","","10:35",14,5,NA,NA,NA,NA,NA,NA,NA,NA,NA,NA,NA,NA,NA,NA,NA,NA,NA,NA,NA,NA,NA,NA,NA,NA,NA,NA,NA,NA,NA,NA,4,1,42,1,42101,"101_103",4210160000,42101000902,39,1.17,25,6.15,0.214373,181.7396171
"1075",50259,608036,1,60803601,482.4406172,155.3330061,1,NA,6.08036e+11,4,6.08036e+13,6080360104,NA,NA,2,NA,NA,4,1,42,1,42101,"101_103",4210160000,42101000902,39,"11:00",16,NA,NA,NA,"0:00","","","","12:10",14,5,NA,NA,NA,NA,NA,NA,NA,NA,NA,NA,NA,NA,NA,NA,NA,NA,NA,NA,NA,NA,NA,NA,NA,NA,NA,NA,NA,NA,NA,NA,1,1,42,1,42101,"101_103",4210160000,42101000200,108,1.17,710,10.647348,0.703822,181.7396171
"1076",50274,608087,3,60808703,194.8378228,430.2276714,1,NA,6.08087e+11,1,6.08087e+13,6080870301,NA,NA,1,2,2,1,1,42,1,42045,"045_204",4204576576,42045410100,4623,"",1,NA,NA,NA,"6:00","","","","9:00",14,5,NA,NA,NA,NA,NA,NA,NA,NA,NA,NA,NA,NA,NA,NA,NA,NA,NA,NA,NA,NA,NA,NA,NA,NA,NA,NA,NA,NA,NA,NA,3,1,42,1,42045,"045_205",4204549136,42045407201,4817,1.15,90,131.231971,26.968875,494.7618221
"1077",50275,608087,3,60808703,194.8378228,430.2276714,1,NA,6.08087e+11,2,6.08087e+13,6080870302,NA,NA,1,NA,NA,3,1,42,1,42045,"045_205",4204549136,42045407201,4817,"10:30",3,NA,NA,NA,"3:00","","","","13:45",14,5,NA,NA,NA,NA,NA,NA,NA,NA,NA,NA,NA,NA,NA,NA,NA,NA,NA,NA,NA,NA,NA,NA,NA,NA,NA,NA,NA,NA,NA,NA,2,1,42,1,42045,"045_204",4204515488,42045410301,4618,1.15,75,50.3351,8.9071,494.7618221
"1078",50288,608165,1,60816501,66.89625544,110.9654951,1,NA,6.08165e+11,2,6.08165e+13,6081650102,NA,NA,1,NA,NA,2,1,42,1,42101,"101_103",4210160000,42101000402,96,"6:57",5,5,NA,NA,"7:00","0:20","","","14:20",23,5,NA,NA,NA,NA,NA,NA,NA,NA,NA,NA,NA,NA,NA,NA,NA,NA,NA,NA,NA,NA,NA,NA,NA,NA,NA,NA,NA,NA,NA,NA,4,1,42,1,42101,"101_110",4210160000,42101036900,1018,1.15,14,15.045947,1.780849,127.6103193
"1079",50291,608165,2,60816502,66.89625544,105.2154024,1,NA,6.08165e+11,1,6.08165e+13,6081650201,NA,NA,1,1,2,1,1,42,1,42101,"101_103",4210160000,42101001300,9,"",1,NA,NA,NA,"3:26","","","","6:56",14,5,NA,NA,NA,NA,NA,NA,NA,NA,NA,NA,NA,NA,NA,NA,NA,NA,NA,NA,NA,NA,NA,NA,NA,NA,NA,NA,NA,NA,NA,NA,2,1,42,1,42101,"101_103",4210160000,42101000100,68,1.15,39,28.57004,2.667996,120.9977128
"1080",50722,610453,1,61045301,152.2986917,97.91943276,2,NA,6.10453e+11,3,6.10453e+13,6104530103,NA,NA,2,2,NA,1,1,42,1,42101,"101_108",4210160000,42101021700,3215,"10:05",1,NA,NA,NA,"0:00","","","","11:40",14,5,NA,NA,NA,NA,NA,NA,NA,NA,NA,NA,NA,NA,NA,NA,NA,NA,NA,NA,NA,NA,NA,NA,NA,NA,NA,NA,NA,NA,NA,NA,4,3,42,1,42101,"101_108",4210160000,42101020700,3202,1.17,5,30.86825,3.067716,114.5657363
"1081",50723,610453,1,61045301,152.2986917,97.91943276,2,NA,6.10453e+11,4,6.10453e+13,6104530104,NA,NA,2,NA,NA,4,3,42,1,42101,"101_108",4210160000,42101020700,3202,"11:45",19,NA,NA,NA,"0:00","","","","15:46",14,5,NA,NA,NA,NA,NA,NA,NA,NA,NA,NA,NA,NA,NA,NA,NA,NA,NA,NA,NA,NA,NA,NA,NA,NA,NA,NA,NA,NA,NA,NA,4,1,42,1,42101,"101_103",4210160000,42101000500,90,1.17,25,26.578276,6.809775,114.5657363
"1082",50724,610453,1,61045301,152.2986917,97.91943276,2,NA,6.10453e+11,5,6.10453e+13,6104530105,NA,NA,2,NA,NA,4,1,42,1,42101,"101_103",4210160000,42101000500,90,"16:11",8,NA,NA,NA,"0:00","","","","9999",14,5,NA,NA,NA,NA,NA,NA,NA,NA,NA,NA,NA,NA,NA,NA,NA,NA,NA,NA,NA,NA,NA,NA,NA,NA,NA,NA,NA,NA,NA,NA,1,1,42,1,42101,"101_108",4210160000,42101021700,3215,1.17,NA,NA,NA,114.5657363
"1083",50849,611387,2,61138702,187.3949517,93.05092022,3,NA,6.11387e+11,8,6.11387e+13,6113870208,NA,NA,1,NA,NA,4,1,42,1,42091,"091_409",4209141432,42091200908,11619,"14:45",19,NA,NA,NA,"0:00","","","","15:20",14,5,NA,NA,NA,NA,NA,NA,NA,NA,NA,NA,NA,NA,NA,NA,NA,NA,NA,NA,NA,NA,NA,NA,NA,NA,NA,NA,NA,NA,NA,NA,2,1,42,1,42017,"017_503",4201776304,42017102600,14431,1.12,2,33.871431,9.534941,104.2170306
"1084",51284,613892,1,61389201,83.28207137,88.13133109,1,NA,6.13892e+11,1,6.13892e+13,6138920101,NA,NA,2,2,2,1,1,42,1,42045,"045_206",4204533144,42045409100,5011,"",1,NA,NA,NA,"0:00","","","","12:15",21,5,NA,NA,NA,NA,NA,NA,NA,NA,NA,NA,NA,NA,NA,NA,NA,NA,NA,NA,NA,NA,NA,NA,NA,NA,NA,NA,NA,NA,NA,NA,4,1,42,1,42045,"045_203",4204579000,42045400500,4459,1.12,NA,23.559041,3.070528,98.70709083
"1085",51285,613892,1,61389201,83.28207137,88.13133109,1,NA,6.13892e+11,2,6.13892e+13,6138920102,NA,NA,2,NA,NA,4,1,42,1,42045,"045_203",4204579000,42045400500,4459,"9999",19,NA,NA,NA,"0:00","","","","9999",23,5,NA,NA,NA,NA,NA,NA,NA,NA,NA,NA,NA,NA,NA,NA,NA,NA,NA,NA,NA,NA,NA,NA,NA,NA,NA,NA,NA,NA,NA,NA,4,1,42,1,42045,"045_206",4204533144,42045408900,5009,1.12,NA,NA,NA,98.70709083
"1086",51286,613892,1,61389201,83.28207137,88.13133109,1,NA,6.13892e+11,3,6.13892e+13,6138920103,NA,NA,2,NA,NA,4,1,42,1,42045,"045_206",4204533144,42045408900,5009,"9999",19,NA,NA,NA,"0:00","","","","17:00",21,5,NA,NA,NA,NA,NA,NA,NA,NA,NA,NA,NA,NA,NA,NA,NA,NA,NA,NA,NA,NA,NA,NA,NA,NA,NA,NA,NA,NA,NA,NA,1,1,42,1,42045,"045_206",4204533144,42045409100,5011,1.12,30,17.580284,1.127834,98.70709083
"1087",51363,614451,1,61445101,676.4519571,84.30299267,1,NA,6.14451e+11,1,6.14451e+13,6144510101,NA,NA,1,2,2,1,1,42,1,42101,"101_107",4210160000,42101014000,403,"",10,5,96,NA,"1:30","1:30","1:00","","11:30",14,5,NA,NA,NA,NA,NA,NA,NA,NA,NA,NA,NA,NA,NA,NA,NA,NA,NA,NA,NA,NA,NA,NA,NA,NA,NA,NA,NA,NA,NA,NA,4,1,42,1,42101,"101_107",4210160000,42101016901,434,1.17,35,22.734085,2.102759,98.63450143
"1088",51364,614451,1,61445101,676.4519571,84.30299267,1,NA,6.14451e+11,2,6.14451e+13,6144510102,NA,NA,1,NA,NA,4,1,42,1,42101,"101_107",4210160000,42101016901,434,"12:05",5,96,NA,NA,"2:00","0:40","","","14:45",14,5,NA,NA,NA,NA,NA,NA,NA,NA,NA,NA,NA,NA,NA,NA,NA,NA,NA,NA,NA,NA,NA,NA,NA,NA,NA,NA,NA,NA,NA,NA,2,1,42,1,42101,"101_107",4210160000,42101016702,430,1.17,35,20.458556,1.438715,98.63450143
"1089",51365,614451,1,61445101,676.4519571,84.30299267,1,NA,6.14451e+11,3,6.14451e+13,6144510103,NA,NA,1,NA,NA,2,1,42,1,42101,"101_107",4210160000,42101016702,430,"15:20",5,NA,NA,NA,"1:35","","","","16:55",14,5,NA,NA,NA,NA,NA,NA,NA,NA,NA,NA,NA,NA,NA,NA,NA,NA,NA,NA,NA,NA,NA,NA,NA,NA,NA,NA,NA,NA,NA,NA,1,1,42,1,42101,"101_107",4210160000,42101014000,403,1.17,25,15.232925,1.479533,98.63450143
"1090",51369,614451,2,61445102,676.4519571,144.4057025,1,NA,6.14451e+11,1,6.14451e+13,6144510201,NA,NA,2,1,2,1,1,42,1,42101,"101_107",4210160000,42101014000,403,"",1,NA,NA,NA,"4:15","","","","7:15",14,5,NA,NA,NA,NA,NA,NA,NA,NA,NA,NA,NA,NA,NA,NA,NA,NA,NA,NA,NA,NA,NA,NA,NA,NA,NA,NA,NA,NA,NA,NA,4,1,42,1,42101,"101_107",4210160000,42101016702,430,1.17,40,10.885887,1.410388,168.954672
"1091",51370,614451,2,61445102,676.4519571,144.4057025,1,NA,6.14451e+11,2,6.14451e+13,6144510202,NA,NA,2,NA,NA,4,1,42,1,42101,"101_107",4210160000,42101016702,430,"7:55",96,NA,NA,NA,"1:30","","","","9:45",14,5,NA,NA,NA,NA,NA,NA,NA,NA,NA,NA,NA,NA,NA,NA,NA,NA,NA,NA,NA,NA,NA,NA,NA,NA,NA,NA,NA,NA,NA,NA,1,1,42,1,42101,"101_107",4210160000,42101014000,403,1.17,30,14.719558,1.453527,168.954672
"1092",51371,614451,2,61445102,676.4519571,144.4057025,2,NA,6.14451e+11,3,6.14451e+13,6144510203,NA,NA,2,1,NA,1,1,42,1,42101,"101_107",4210160000,42101014000,403,"10:15",1,NA,NA,NA,"2:00","","","","12:15",14,5,NA,NA,NA,NA,NA,NA,NA,NA,NA,NA,NA,NA,NA,NA,NA,NA,NA,NA,NA,NA,NA,NA,NA,NA,NA,NA,NA,NA,NA,NA,4,1,42,1,42101,"101_107",4210160000,42101016600,427,1.17,40,17.681727,1.659451,168.954672
"1093",51372,614451,2,61445102,676.4519571,144.4057025,2,NA,6.14451e+11,4,6.14451e+13,6144510204,NA,NA,2,NA,NA,4,1,42,1,42101,"101_107",4210160000,42101016600,427,"12:55",3,NA,NA,NA,"3:20","","","","16:15",14,5,NA,NA,NA,NA,NA,NA,NA,NA,NA,NA,NA,NA,NA,NA,NA,NA,NA,NA,NA,NA,NA,NA,NA,NA,NA,NA,NA,NA,NA,NA,1,1,42,1,42101,"101_107",4210160000,42101014000,403,1.17,45,17.830848,1.713845,168.954672
"1094",51373,614451,2,61445102,676.4519571,144.4057025,3,NA,6.14451e+11,5,6.14451e+13,6144510205,NA,NA,2,1,NA,1,1,42,1,42101,"101_107",4210160000,42101014000,403,"17:00",1,NA,NA,NA,"1:15","","","","18:45",14,5,NA,NA,NA,NA,NA,NA,NA,NA,NA,NA,NA,NA,NA,NA,NA,NA,NA,NA,NA,NA,NA,NA,NA,NA,NA,NA,NA,NA,NA,NA,4,1,42,1,42101,"101_107",4210160000,42101016901,434,1.17,0,22.057785,2.110039,168.954672
"1095",51374,614451,2,61445102,676.4519571,144.4057025,3,NA,6.14451e+11,6,6.14451e+13,6144510206,NA,NA,2,NA,NA,4,1,42,1,42101,"101_107",4210160000,42101016901,434,"18:45",96,NA,NA,NA,"2:00","","","","20:45",14,5,NA,NA,NA,NA,NA,NA,NA,NA,NA,NA,NA,NA,NA,NA,NA,NA,NA,NA,NA,NA,NA,NA,NA,NA,NA,NA,NA,NA,NA,NA,1,1,42,1,42101,"101_107",4210160000,42101014000,403,1.17,45,23.280427,1.982009,168.954672
"1096",51376,614451,3,61445103,676.4519571,144.4057025,1,NA,6.14451e+11,1,6.14451e+13,6144510301,NA,NA,2,1,2,1,1,42,1,42101,"101_107",4210160000,42101014000,403,"",1,NA,NA,NA,"4:15","","","","7:15",14,5,NA,NA,NA,NA,NA,NA,NA,NA,NA,NA,NA,NA,NA,NA,NA,NA,NA,NA,NA,NA,NA,NA,NA,NA,NA,NA,NA,NA,NA,NA,4,1,42,1,42101,"101_107",4210160000,42101016702,430,1.17,40,10.885887,1.410388,168.954672
"1097",51377,614451,3,61445103,676.4519571,144.4057025,1,NA,6.14451e+11,2,6.14451e+13,6144510302,NA,NA,2,NA,NA,4,1,42,1,42101,"101_107",4210160000,42101016702,430,"7:55",96,NA,NA,NA,"1:30","","","","9:45",14,5,NA,NA,NA,NA,NA,NA,NA,NA,NA,NA,NA,NA,NA,NA,NA,NA,NA,NA,NA,NA,NA,NA,NA,NA,NA,NA,NA,NA,NA,NA,1,1,42,1,42101,"101_107",4210160000,42101014000,403,1.17,45,14.719558,1.453527,168.954672
"1098",51378,614451,3,61445103,676.4519571,144.4057025,2,NA,6.14451e+11,3,6.14451e+13,6144510303,NA,NA,2,1,NA,1,1,42,1,42101,"101_107",4210160000,42101014000,403,"10:30",1,NA,NA,NA,"7:45","","","","18:15",14,5,NA,NA,NA,NA,NA,NA,NA,NA,NA,NA,NA,NA,NA,NA,NA,NA,NA,NA,NA,NA,NA,NA,NA,NA,NA,NA,NA,NA,NA,NA,4,1,42,1,42101,"101_107",4210160000,42101016901,434,1.17,30,22.057785,2.110039,168.954672
"1099",51379,614451,3,61445103,676.4519571,144.4057025,2,NA,6.14451e+11,4,6.14451e+13,6144510304,NA,NA,2,NA,NA,4,1,42,1,42101,"101_107",4210160000,42101016901,434,"18:45",96,NA,NA,NA,"2:00","","","","20:45",14,5,NA,NA,NA,NA,NA,NA,NA,NA,NA,NA,NA,NA,NA,NA,NA,NA,NA,NA,NA,NA,NA,NA,NA,NA,NA,NA,NA,NA,NA,NA,1,1,42,1,42101,"101_107",4210160000,42101014000,403,1.17,45,23.280427,1.982009,168.954672
"1100",51385,614539,2,61453902,140.0677812,125.0257654,1,NA,6.14539e+11,1,6.14539e+13,6145390201,NA,NA,1,1,2,1,1,42,1,42101,"101_110",4210160000,42101008601,1027,"",1,15,NA,NA,"3:00","0:30","","","7:00",14,5,NA,NA,NA,NA,NA,NA,NA,NA,NA,NA,NA,NA,NA,NA,NA,NA,NA,NA,NA,NA,NA,NA,NA,NA,NA,NA,NA,NA,NA,NA,4,1,42,1,42101,"101_112",4210160000,42101004101,816,1.12,60,38.395462,5.700945,140.0288573
"1101",51386,614539,2,61453902,140.0677812,125.0257654,1,NA,6.14539e+11,2,6.14539e+13,6145390202,NA,NA,1,NA,NA,4,1,42,1,42101,"101_112",4210160000,42101004101,816,"8:00",5,NA,NA,NA,"9:00","","","","17:00",14,5,NA,NA,NA,NA,NA,NA,NA,NA,NA,NA,NA,NA,NA,NA,NA,NA,NA,NA,NA,NA,NA,NA,NA,NA,NA,NA,NA,NA,NA,NA,1,1,42,1,42101,"101_110",4210160000,42101008601,1027,1.12,420,41.225749,5.713458,140.0288573
"1102",51416,614748,1,61474801,190.1257082,133.8077509,1,NA,6.14748e+11,1,6.14748e+13,6147480101,NA,NA,1,1,2,1,1,42,1,42101,"101_103",4210160000,42101001202,25,"",1,NA,NA,NA,"0:00","","","","6:30",14,5,NA,NA,NA,NA,NA,NA,NA,NA,NA,NA,NA,NA,NA,NA,NA,NA,NA,NA,NA,NA,NA,NA,NA,NA,NA,NA,NA,NA,NA,NA,2,1,42,1,42101,"101_103",4210160000,42101001500,6,1.17,90,9.719973,0.865554,156.5550686
"1103",51417,614748,1,61474801,190.1257082,133.8077509,1,NA,6.14748e+11,2,6.14748e+13,6147480102,NA,NA,1,NA,NA,2,1,42,1,42101,"101_103",4210160000,42101001500,6,"8:00",5,NA,NA,NA,"0:00","","","","18:00",14,5,NA,NA,NA,NA,NA,NA,NA,NA,NA,NA,NA,NA,NA,NA,NA,NA,NA,NA,NA,NA,NA,NA,NA,NA,NA,NA,NA,NA,NA,NA,1,1,42,1,42101,"101_103",4210160000,42101001202,25,1.17,60,11.25,0.869298,156.5550686
"1104",51548,615756,1,61575601,336.6524744,128.2107167,1,NA,6.15756e+11,1,6.15756e+13,6157560101,NA,NA,1,1,2,1,1,42,1,42101,"101_115",4210160000,42101026200,2639,"",1,NA,NA,NA,"0:00","","","","6:54",14,5,NA,NA,NA,NA,NA,NA,NA,NA,NA,NA,NA,NA,NA,NA,NA,NA,NA,NA,NA,NA,NA,NA,NA,NA,NA,NA,NA,NA,NA,NA,2,1,42,1,42101,"101_102",4210160000,42101980900,2007,1.17,60,81.917458,16.406705,150.0065386
"1105",51566,615809,1,61580901,458.7122574,238.9883079,1,NA,6.15809e+11,1,6.15809e+13,6158090101,NA,NA,2,5,2,1,1,42,1,42101,"101_114",4210160000,42101030000,1607,"",16,8,NA,NA,"1:00","1:00","","","7:30",14,5,NA,NA,NA,NA,NA,NA,NA,NA,NA,NA,NA,NA,NA,NA,NA,NA,NA,NA,NA,NA,NA,NA,NA,NA,NA,NA,NA,NA,NA,NA,4,1,42,1,42101,"101_109",4210160000,42101018800,625,1.17,20,19.39688,3.148963,279.6163203
"1106",51567,615809,1,61580901,458.7122574,238.9883079,1,NA,6.15809e+11,2,6.15809e+13,6158090102,NA,NA,2,NA,NA,4,1,42,1,42101,"101_109",4210160000,42101018800,625,"7:50",16,NA,NA,NA,"1:00","","","","9:00",21,5,NA,NA,NA,NA,NA,NA,NA,NA,NA,NA,NA,NA,NA,NA,NA,NA,NA,NA,NA,NA,NA,NA,NA,NA,NA,NA,NA,NA,NA,NA,4,1,42,1,42101,"101_103",4210160000,42101000500,73,1.17,30,24.909747,5.174798,279.6163203
"1107",51568,615809,1,61580901,458.7122574,238.9883079,1,NA,6.15809e+11,3,6.15809e+13,6158090103,NA,NA,2,NA,NA,4,1,42,1,42101,"101_103",4210160000,42101000500,73,"9:30",9,NA,NA,NA,"1:15","","","","10:45",14,5,NA,NA,NA,NA,NA,NA,NA,NA,NA,NA,NA,NA,NA,NA,NA,NA,NA,NA,NA,NA,NA,NA,NA,NA,NA,NA,NA,NA,NA,NA,4,1,42,1,42101,"101_104",4210160000,42101031600,3014,1.17,45,40.585046,8.951072,279.6163203
"1108",51569,615809,1,61580901,458.7122574,238.9883079,1,NA,6.15809e+11,4,6.15809e+13,6158090104,NA,NA,2,NA,NA,4,1,42,1,42101,"101_104",4210160000,42101031600,3014,"11:30",19,NA,NA,NA,"0:15","","","","11:45",14,5,NA,NA,NA,NA,NA,NA,NA,NA,NA,NA,NA,NA,NA,NA,NA,NA,NA,NA,NA,NA,NA,NA,NA,NA,NA,NA,NA,NA,NA,NA,4,1,42,1,42101,"101_109",4210160000,42101017900,619,1.17,NA,33.920378,4.517342,279.6163203
"1109",51570,615809,1,61580901,458.7122574,238.9883079,1,NA,6.15809e+11,5,6.15809e+13,6158090105,NA,NA,2,NA,NA,4,1,42,1,42101,"101_109",4210160000,42101017900,619,"9999",20,NA,NA,NA,"0:00","","","","11:50",14,5,NA,NA,NA,NA,NA,NA,NA,NA,NA,NA,NA,NA,NA,NA,NA,NA,NA,NA,NA,NA,NA,NA,NA,NA,NA,NA,NA,NA,NA,NA,4,1,42,1,42101,"101_109",4210160000,42101037800,617,1.17,30,17.59557,1.513947,279.6163203
"1110",51571,615809,1,61580901,458.7122574,238.9883079,1,NA,6.15809e+11,6,6.15809e+13,6158090106,NA,NA,2,NA,NA,4,1,42,1,42101,"101_109",4210160000,42101037800,617,"12:20",96,NA,NA,NA,"2:30","","","","15:30",14,5,NA,NA,NA,NA,NA,NA,NA,NA,NA,NA,NA,NA,NA,NA,NA,NA,NA,NA,NA,NA,NA,NA,NA,NA,NA,NA,NA,NA,NA,NA,1,1,42,1,42101,"101_114",4210160000,42101030000,1607,1.17,30,18.833587,3.5943,279.6163203
"1111",51791,616636,1,61663601,68.63506003,91.53510971,1,NA,6.16636e+11,1,6.16636e+13,6166360101,NA,NA,2,1,2,1,1,42,1,42101,"101_110",4210160000,42101009100,1037,"",1,NA,NA,NA,"0:00","","","","9:00",14,5,NA,NA,NA,NA,NA,NA,NA,NA,NA,NA,NA,NA,NA,NA,NA,NA,NA,NA,NA,NA,NA,NA,NA,NA,NA,NA,NA,NA,NA,NA,4,1,42,1,42101,"101_110",4210160000,42101036900,1030,1.13,15,7.858231,0.571003,103.434674
"1112",51794,616670,1,61667001,216.5479209,141.7758976,1,NA,6.1667e+11,1,6.1667e+13,6166700101,NA,NA,3,0,2,2,1,42,1,42101,"101_103",4210160000,42101000100,106,"",5,NA,NA,NA,"0:00","","","","9999",21,5,NA,NA,NA,NA,NA,NA,NA,NA,NA,NA,NA,NA,NA,NA,NA,NA,NA,NA,NA,NA,NA,NA,NA,NA,NA,NA,NA,NA,NA,NA,1,1,42,1,42045,"045_203",4204579000,42045401402,4432,1.12,NA,NA,NA,158.7890053
"1113",51835,616907,4,61690704,933.5652095,1037.431981,1,NA,6.16907e+11,1,6.16907e+13,6169070401,NA,NA,3,0,2,3,6,42,1,42101,"101_111",4210160000,42101010400,1218,"",1,20,3,4,"0:15","9:00","0:10","0:10","18:30",14,5,NA,NA,NA,NA,NA,NA,NA,NA,NA,NA,NA,NA,NA,NA,NA,NA,NA,NA,NA,NA,NA,NA,NA,NA,NA,NA,NA,NA,NA,NA,1,1,42,1,42101,"101_111",4210160000,42101008101,1202,1.17,90,28.803213,1.549458,1213.795418
"1114",51839,616936,1,61693601,875.5263243,297.1044216,1,NA,6.16936e+11,1,6.16936e+13,6169360101,NA,NA,2,1,2,1,1,42,1,42101,"101_111",4210160000,42101010200,1224,"",1,14,2,NA,"1:20","","","","19:00",14,5,NA,NA,NA,NA,NA,NA,NA,NA,NA,NA,NA,NA,NA,NA,NA,NA,NA,NA,NA,NA,NA,NA,NA,NA,NA,NA,NA,NA,NA,NA,4,1,42,1,42101,"101_110",4210160000,42101007300,1011,1.17,25,24.103779,1.375639,347.6121732
"1115",51842,616936,2,61693602,875.5263243,264.7502276,1,NA,6.16936e+11,1,6.16936e+13,6169360201,NA,NA,2,2,2,1,1,42,1,42101,"101_111",4210160000,42101010200,1224,"",1,NA,NA,NA,"7:30","","","","11:00",14,5,NA,NA,NA,NA,NA,NA,NA,NA,NA,NA,NA,NA,NA,NA,NA,NA,NA,NA,NA,NA,NA,NA,NA,NA,NA,NA,NA,NA,NA,NA,4,1,42,1,42101,"101_107",4210160000,42101014100,402,1.17,95,37.771864,4.936689,309.7577662
"1116",51843,616936,2,61693602,875.5263243,264.7502276,1,NA,6.16936e+11,2,6.16936e+13,6169360202,NA,NA,2,NA,NA,4,1,42,1,42101,"101_107",4210160000,42101014100,402,"12:35",4,NA,NA,NA,"2:35","","","","15:33",14,5,NA,NA,NA,NA,NA,NA,NA,NA,NA,NA,NA,NA,NA,NA,NA,NA,NA,NA,NA,NA,NA,NA,NA,NA,NA,NA,NA,NA,NA,NA,4,4,42,1,42101,"101_103",4210160000,42101000500,74,1.17,28,14.691694,1.738467,309.7577662
"1117",51844,616936,2,61693602,875.5263243,264.7502276,1,NA,6.16936e+11,3,6.16936e+13,6169360203,NA,NA,2,NA,NA,4,4,42,1,42101,"101_103",4210160000,42101000500,74,"16:01",8,NA,NA,NA,"0:00","","","","16:23",14,5,NA,NA,NA,NA,NA,NA,NA,NA,NA,NA,NA,NA,NA,NA,NA,NA,NA,NA,NA,NA,NA,NA,NA,NA,NA,NA,NA,NA,NA,NA,1,1,42,1,42101,"101_111",4210160000,42101010200,1224,1.17,15,23.025809,4.179846,309.7577662
"1118",51847,616936,4,61693604,875.5263243,269.4418448,1,NA,6.16936e+11,1,6.16936e+13,6169360401,NA,NA,2,1,2,1,1,42,1,42101,"101_111",4210160000,42101010200,1224,"",1,NA,NA,NA,"5:19","","","","8:19",14,5,NA,NA,NA,NA,NA,NA,NA,NA,NA,NA,NA,NA,NA,NA,NA,NA,NA,NA,NA,NA,NA,NA,NA,NA,NA,NA,NA,NA,NA,NA,3,1,42,1,42101,"101_110",4210160000,42101009200,1038,1.17,8,22.973688,2.292258,315.2469584
"1119",51848,616936,4,61693604,875.5263243,269.4418448,1,NA,6.16936e+11,2,6.16936e+13,6169360402,NA,NA,2,NA,NA,3,1,42,1,42101,"101_110",4210160000,42101009200,1038,"8:27",3,NA,NA,NA,"6:30","","","","15:30",14,5,NA,NA,NA,NA,NA,NA,NA,NA,NA,NA,NA,NA,NA,NA,NA,NA,NA,NA,NA,NA,NA,NA,NA,NA,NA,NA,NA,NA,NA,NA,1,1,42,1,42101,"101_111",4210160000,42101010200,1224,1.17,40,14.573655,1.731056,315.2469584
"1120",51850,616936,5,61693605,875.5263243,201.5691535,1,NA,6.16936e+11,1,6.16936e+13,6169360501,NA,NA,2,1,2,1,1,42,1,42101,"101_111",4210160000,42101010200,1224,"",1,NA,NA,NA,"5:19","","","","8:19",14,5,NA,NA,NA,NA,NA,NA,NA,NA,NA,NA,NA,NA,NA,NA,NA,NA,NA,NA,NA,NA,NA,NA,NA,NA,NA,NA,NA,NA,NA,NA,3,1,42,1,42101,"101_110",4210160000,42101009200,1038,1.17,8,22.973688,2.292258,235.8359096
"1121",51851,616936,5,61693605,875.5263243,201.5691535,1,NA,6.16936e+11,2,6.16936e+13,6169360502,NA,NA,2,NA,NA,3,1,42,1,42101,"101_110",4210160000,42101009200,1038,"8:27",3,NA,NA,NA,"6:30","","","","15:30",14,5,NA,NA,NA,NA,NA,NA,NA,NA,NA,NA,NA,NA,NA,NA,NA,NA,NA,NA,NA,NA,NA,NA,NA,NA,NA,NA,NA,NA,NA,NA,1,1,42,1,42101,"101_111",4210160000,42101010200,1224,1.17,40,14.573655,1.731056,235.8359096
"1122",51898,617468,1,61746801,427.3978623,160.0514915,1,NA,6.17468e+11,2,6.17468e+13,6174680102,NA,NA,2,NA,NA,4,1,42,1,42101,"101_103",4210160000,42101000200,108,"11:58",11,NA,NA,NA,"1:28","","","","13:28",21,5,NA,NA,NA,NA,NA,NA,NA,NA,NA,NA,NA,NA,NA,NA,NA,NA,NA,NA,NA,NA,NA,NA,NA,NA,NA,NA,NA,NA,NA,NA,4,1,42,1,42101,"101_103",4210160000,42101036600,32,1.12,12,18.358371,1.203477,179.2576705
"1123",51899,617468,1,61746801,427.3978623,160.0514915,1,NA,6.17468e+11,3,6.17468e+13,6174680103,NA,NA,2,NA,NA,4,1,42,1,42101,"101_103",4210160000,42101036600,32,"13:40",14,NA,NA,NA,"0:00","","","","14:18",21,5,NA,NA,NA,NA,NA,NA,NA,NA,NA,NA,NA,NA,NA,NA,NA,NA,NA,NA,NA,NA,NA,NA,NA,NA,NA,NA,NA,NA,NA,NA,4,1,42,1,42101,"101_103",4210160000,42101000402,77,1.12,7,15.943277,1.645993,179.2576705
"1124",51900,617468,1,61746801,427.3978623,160.0514915,1,NA,6.17468e+11,4,6.17468e+13,6174680104,NA,NA,2,NA,NA,4,1,42,1,42101,"101_103",4210160000,42101000402,77,"14:25",8,NA,NA,NA,"0:00","","","","14:50",14,5,NA,NA,NA,NA,NA,NA,NA,NA,NA,NA,NA,NA,NA,NA,NA,NA,NA,NA,NA,NA,NA,NA,NA,NA,NA,NA,NA,NA,NA,NA,4,1,42,1,42101,"101_103",4210160000,42101000100,67,1.12,25,12.579256,1.155229,179.2576705
"1125",52001,617897,1,61789701,324.4698324,105.8267934,1,NA,6.17897e+11,1,6.17897e+13,6178970101,NA,NA,2,3,2,1,1,42,1,42101,"101_112",4210160000,42101004001,819,"",1,NA,NA,NA,"5:30","","","","8:30",14,5,NA,NA,NA,NA,NA,NA,NA,NA,NA,NA,NA,NA,NA,NA,NA,NA,NA,NA,NA,NA,NA,NA,NA,NA,NA,NA,NA,NA,NA,NA,4,1,42,1,42101,"101_103",4210160000,42101000500,90,1.17,20,20.752222,2.374384,123.8173483
"1126",52002,617897,1,61789701,324.4698324,105.8267934,1,NA,6.17897e+11,2,6.17897e+13,6178970102,NA,NA,2,NA,NA,4,1,42,1,42101,"101_103",4210160000,42101000500,90,"8:50",11,8,NA,NA,"1:40","0:25","","","11:05",14,5,NA,NA,NA,NA,NA,NA,NA,NA,NA,NA,NA,NA,NA,NA,NA,NA,NA,NA,NA,NA,NA,NA,NA,NA,NA,NA,NA,NA,NA,NA,4,1,42,1,42101,"101_110",4210160000,42101980000,1034,1.17,40,13.015526,1.564109,123.8173483
"1127",52003,617897,1,61789701,324.4698324,105.8267934,1,NA,6.17897e+11,3,6.17897e+13,6178970103,NA,NA,2,NA,NA,4,1,42,1,42101,"101_110",4210160000,42101980000,1034,"11:45",6,NA,NA,NA,"0:30","","","","12:15",14,5,NA,NA,NA,NA,NA,NA,NA,NA,NA,NA,NA,NA,NA,NA,NA,NA,NA,NA,NA,NA,NA,NA,NA,NA,NA,NA,NA,NA,NA,NA,4,1,42,1,42101,"101_110",4210160000,42101009100,1037,1.17,25,12.587779,1.239312,123.8173483
"1128",52004,617897,1,61789701,324.4698324,105.8267934,1,NA,6.17897e+11,4,6.17897e+13,6178970104,NA,NA,2,NA,NA,4,1,42,1,42101,"101_110",4210160000,42101009100,1037,"12:40",12,NA,NA,NA,"2:20","","","","15:00",14,5,NA,NA,NA,NA,NA,NA,NA,NA,NA,NA,NA,NA,NA,NA,NA,NA,NA,NA,NA,NA,NA,NA,NA,NA,NA,NA,NA,NA,NA,NA,1,1,42,1,42101,"101_112",4210160000,42101004001,819,1.17,45,31.697194,4.4256,123.8173483
"1129",52005,617897,1,61789701,324.4698324,105.8267934,2,NA,6.17897e+11,5,6.17897e+13,6178970105,NA,NA,2,1,NA,1,1,42,1,42101,"101_112",4210160000,42101004001,819,"15:45",1,NA,NA,NA,"2:35","","","","18:20",14,5,NA,NA,NA,NA,NA,NA,NA,NA,NA,NA,NA,NA,NA,NA,NA,NA,NA,NA,NA,NA,NA,NA,NA,NA,NA,NA,NA,NA,NA,NA,4,1,42,1,42101,"101_103",4210160000,42101001002,51,1.17,30,26.62307,2.812312,123.8173483
"1130",52307,619369,2,61936902,154.9537292,103.4234932,1,NA,6.19369e+11,1,6.19369e+13,6193690201,NA,NA,1,1,2,1,1,42,1,42101,"101_103",4210160000,42101013602,142,"",1,NA,NA,NA,"0:00","","","","6:00",14,5,NA,NA,NA,NA,NA,NA,NA,NA,NA,NA,NA,NA,NA,NA,NA,NA,NA,NA,NA,NA,NA,NA,NA,NA,NA,NA,NA,NA,NA,NA,2,1,42,1,42101,"101_103",4210160000,42101001202,25,1.17,45,22.766501,1.78213,121.0054871
"1131",52308,619369,2,61936902,154.9537292,103.4234932,1,NA,6.19369e+11,2,6.19369e+13,6193690202,NA,NA,1,NA,NA,2,1,42,1,42101,"101_103",4210160000,42101001202,25,"6:45",5,NA,NA,NA,"0:00","","","","17:45",14,5,NA,NA,NA,NA,NA,NA,NA,NA,NA,NA,NA,NA,NA,NA,NA,NA,NA,NA,NA,NA,NA,NA,NA,NA,NA,NA,NA,NA,NA,NA,1,1,42,1,42101,"101_103",4210160000,42101013602,142,1.17,45,21.847316,2.339795,121.0054871
"1132",52359,619605,1,61960501,228.4384878,103.7440207,1,NA,6.19605e+11,2,6.19605e+13,6196050102,NA,NA,2,NA,NA,4,1,42,1,42101,"101_110",4210160000,42101007700,1015,"10:32",19,NA,NA,NA,"0:06","","","","10:38",14,5,NA,NA,NA,NA,NA,NA,NA,NA,NA,NA,NA,NA,NA,NA,NA,NA,NA,NA,NA,NA,NA,NA,NA,NA,NA,NA,NA,NA,NA,NA,4,1,42,1,42101,"101_103",4210160000,42101000402,76,1.17,13,17.446306,2.764568,121.3805042
"1133",52366,619605,1,61960501,228.4384878,103.7440207,1,NA,6.19605e+11,9,6.19605e+13,6196050109,NA,NA,2,NA,NA,4,1,42,1,42101,"101_103",4210160000,42101000401,85,"14:26",19,NA,NA,NA,"0:01","","","","14:27",14,5,NA,NA,NA,NA,NA,NA,NA,NA,NA,NA,NA,NA,NA,NA,NA,NA,NA,NA,NA,NA,NA,NA,NA,NA,NA,NA,NA,NA,NA,NA,4,1,42,1,42101,"101_110",4210160000,42101007700,1015,1.17,13,14.580643,2.136889,121.3805042
"1134",52500,620710,3,62071003,353.5127695,108.0301332,1,NA,6.2071e+11,2,6.2071e+13,6207100302,NA,NA,1,NA,NA,4,1,42,1,42045,"045_206",4204533144,42045408800,5019,"8:10",19,NA,NA,NA,"0:00","","","","8:12",14,5,NA,NA,NA,NA,NA,NA,NA,NA,NA,NA,NA,NA,NA,NA,NA,NA,NA,NA,NA,NA,NA,NA,NA,NA,NA,NA,NA,NA,NA,NA,3,6,42,1,42045,"045_206",4204563264,42045409702,5050,1.17,18,21.60739,3.751255,126.3952558
"1135",52502,620710,3,62071003,353.5127695,108.0301332,1,NA,6.2071e+11,4,6.2071e+13,6207100304,NA,NA,1,NA,NA,4,1,42,1,42045,"045_206",4204563264,42045409702,5050,"18:50",19,NA,NA,NA,"0:00","","","","18:55",21,5,NA,NA,NA,NA,NA,NA,NA,NA,NA,NA,NA,NA,NA,NA,NA,NA,NA,NA,NA,NA,NA,NA,NA,NA,NA,NA,NA,NA,NA,NA,2,1,42,1,42045,"045_206",4204547616,42045408103,5027,1.17,15,61.048047,14.878633,126.3952558
"1136",52594,621326,1,62132601,904.6274917,542.3227329,1,NA,6.21326e+11,4,6.21326e+13,6213260104,NA,NA,1,NA,NA,4,1,42,1,42101,"101_103",4210160000,42101000500,69,"7:13",19,NA,NA,NA,"0:00","","","","7:20",21,5,NA,NA,NA,NA,NA,NA,NA,NA,NA,NA,NA,NA,NA,NA,NA,NA,NA,NA,NA,NA,NA,NA,NA,NA,NA,NA,NA,NA,NA,NA,4,1,42,1,42101,"101_103",4210160000,42101036700,125,1.17,4,10.22087,1.46804,634.5175975
"1137",52597,621326,1,62132601,904.6274917,542.3227329,1,NA,6.21326e+11,7,6.21326e+13,6213260107,NA,NA,1,NA,NA,4,1,42,1,42101,"101_103",4210160000,42101036700,125,"17:28",19,NA,NA,NA,"0:00","","","","17:29",21,5,NA,NA,NA,NA,NA,NA,NA,NA,NA,NA,NA,NA,NA,NA,NA,NA,NA,NA,NA,NA,NA,NA,NA,NA,NA,NA,NA,NA,NA,NA,4,1,42,1,42101,"101_103",4210160000,42101000500,69,1.17,4,10.087939,1.473321,634.5175975
"1138",52609,621467,1,62146701,668.6753665,231.0531544,1,NA,6.21467e+11,1,6.21467e+13,6214670101,NA,NA,3,0,2,4,1,42,1,42101,"101_103",4210160000,42101000402,81,"",3,NA,NA,NA,"0:00","","","","12:20",21,5,NA,NA,NA,NA,NA,NA,NA,NA,NA,NA,NA,NA,NA,NA,NA,NA,NA,NA,NA,NA,NA,NA,NA,NA,NA,NA,NA,NA,NA,NA,1,1,42,1,42101,"101_111",4210160000,42101009300,1214,1.17,40,18.308802,3.577581,270.3321906
"1139",52613,621467,4,62146704,668.6753665,225.5464313,1,NA,6.21467e+11,1,6.21467e+13,6214670401,NA,NA,3,0,2,4,1,42,1,42101,"101_103",4210160000,42101000200,109,"",3,NA,NA,NA,"0:00","","","","12:20",21,5,NA,NA,NA,NA,NA,NA,NA,NA,NA,NA,NA,NA,NA,NA,NA,NA,NA,NA,NA,NA,NA,NA,NA,NA,NA,NA,NA,NA,NA,NA,1,1,42,1,42101,"101_111",4210160000,42101009300,1214,1.17,40,20.564181,3.787179,263.8893246
"1140",52747,622040,1,62204001,317.9730521,96.97269408,1,NA,6.2204e+11,1,6.2204e+13,6220400101,NA,NA,2,1,2,1,1,42,1,42101,"101_103",4210160000,42101000100,105,"",1,NA,NA,NA,"8:30","","","","15:21",14,5,NA,NA,NA,NA,NA,NA,NA,NA,NA,NA,NA,NA,NA,NA,NA,NA,NA,NA,NA,NA,NA,NA,NA,NA,NA,NA,NA,NA,NA,NA,4,1,42,1,42101,"101_103",4210160000,42101001102,17,1.17,NA,16.718374,1.164249,113.4580521
"1141",53052,624429,1,62442901,581.2780632,416.9145432,1,NA,6.24429e+11,1,6.24429e+13,6244290101,NA,NA,1,1,2,1,1,42,1,42101,"101_106",4210160000,42101011900,2206,"",1,NA,NA,NA,"9:40","","","","12:40",21,5,NA,NA,NA,NA,NA,NA,NA,NA,NA,NA,NA,NA,NA,NA,NA,NA,NA,NA,NA,NA,NA,NA,NA,NA,NA,NA,NA,NA,NA,NA,2,1,42,1,42101,"101_105",4210160000,42101980600,1814,1.17,59,61.739393,8.56455,487.7900155
"1142",53053,624429,1,62442901,581.2780632,416.9145432,1,NA,6.24429e+11,2,6.24429e+13,6244290102,NA,NA,1,NA,NA,2,1,42,1,42101,"101_105",4210160000,42101980600,1814,"13:39",5,NA,NA,NA,"3:05","","","","17:05",21,5,NA,NA,NA,NA,NA,NA,NA,NA,NA,NA,NA,NA,NA,NA,NA,NA,NA,NA,NA,NA,NA,NA,NA,NA,NA,NA,NA,NA,NA,NA,1,1,42,1,42101,"101_106",4210160000,42101011900,2206,1.17,70,55.590144,8.84394,487.7900155
"1143",53055,624429,2,62442902,581.2780632,416.9145432,1,NA,6.24429e+11,1,6.24429e+13,6244290201,NA,NA,1,1,2,1,1,42,1,42101,"101_106",4210160000,42101011900,2206,"",1,NA,NA,NA,"7:00","","","","10:15",14,5,NA,NA,NA,NA,NA,NA,NA,NA,NA,NA,NA,NA,NA,NA,NA,NA,NA,NA,NA,NA,NA,NA,NA,NA,NA,NA,NA,NA,NA,NA,2,1,42,1,42101,"101_111",4210160000,42101010300,1223,1.17,45,16.920262,0.315864,487.7900155
"1144",53056,624429,2,62442902,581.2780632,416.9145432,1,NA,6.24429e+11,2,6.24429e+13,6244290202,NA,NA,1,NA,NA,2,1,42,1,42101,"101_111",4210160000,42101010300,1223,"11:00",5,NA,NA,NA,"6:30","","","","17:30",14,5,NA,NA,NA,NA,NA,NA,NA,NA,NA,NA,NA,NA,NA,NA,NA,NA,NA,NA,NA,NA,NA,NA,NA,NA,NA,NA,NA,NA,NA,NA,1,1,42,1,42101,"101_106",4210160000,42101011900,2206,1.17,35,12.829981,0.268137,487.7900155
"1145",53086,624701,1,62470101,441.8342901,255.9712888,1,NA,6.24701e+11,1,6.24701e+13,6247010101,NA,NA,2,1,2,1,1,42,1,42029,"029_312",4202960120,42029300700,8208,"",14,2,NA,NA,"1:30","2:00","","","11:00",14,5,NA,NA,NA,NA,NA,NA,NA,NA,NA,NA,NA,NA,NA,NA,NA,NA,NA,NA,NA,NA,NA,NA,NA,NA,NA,NA,NA,NA,NA,NA,4,1,42,1,42091,"091_404",4209143312,42091208604,10601,1.13,60,113.099306,9.033494,289.2475564
"1146",53087,624701,1,62470101,441.8342901,255.9712888,1,NA,6.24701e+11,2,6.24701e+13,6247010102,NA,NA,2,NA,NA,4,1,42,1,42091,"091_404",4209143312,42091208604,10601,"12:00",14,NA,NA,NA,"3:00","","","","15:00",14,5,NA,NA,NA,NA,NA,NA,NA,NA,NA,NA,NA,NA,NA,NA,NA,NA,NA,NA,NA,NA,NA,NA,NA,NA,NA,NA,NA,NA,NA,NA,1,1,42,1,42029,"029_312",4202960120,42029300700,8208,1.13,60,41.370385,8.906113,289.2475564
"1147",53097,624701,3,62470103,441.8342901,81.32630649,1,NA,6.24701e+11,1,6.24701e+13,6247010301,NA,NA,2,1,2,1,1,42,1,42029,"029_312",4202960120,42029300700,8208,"",1,15,NA,NA,"5:00","2:30","","","11:00",14,5,NA,NA,NA,NA,NA,NA,NA,NA,NA,NA,NA,NA,NA,NA,NA,NA,NA,NA,NA,NA,NA,NA,NA,NA,NA,NA,NA,NA,NA,NA,4,1,42,1,42091,"091_404",4209143312,42091208604,10601,1.13,60,113.099306,9.033494,91.89872633
"1148",53098,624701,3,62470103,441.8342901,81.32630649,1,NA,6.24701e+11,2,6.24701e+13,6247010302,NA,NA,2,NA,NA,4,1,42,1,42091,"091_404",4209143312,42091208604,10601,"12:00",14,NA,NA,NA,"3:00","","","","15:00",14,5,NA,NA,NA,NA,NA,NA,NA,NA,NA,NA,NA,NA,NA,NA,NA,NA,NA,NA,NA,NA,NA,NA,NA,NA,NA,NA,NA,NA,NA,NA,1,1,42,1,42029,"029_312",4202960120,42029300700,8208,1.13,60,41.370385,8.906113,91.89872633
"1149",53284,625507,1,62550701,374.3540339,2383.358982,1,NA,6.25507e+11,1,6.25507e+13,6255070101,NA,NA,2,1,2,1,1,42,1,42101,"101_115",4210160000,42101026600,2636,"",1,NA,NA,NA,"0:00","","","","9999",21,5,NA,NA,NA,NA,NA,NA,NA,NA,NA,NA,NA,NA,NA,NA,NA,NA,NA,NA,NA,NA,NA,NA,NA,NA,NA,NA,NA,NA,NA,NA,4,3,42,1,42101,"101_103",4210160000,42101000500,74,1.17,NA,NA,NA,2788.530009
"1150",53285,625507,1,62550701,374.3540339,2383.358982,1,NA,6.25507e+11,2,6.25507e+13,6255070102,NA,NA,2,NA,NA,4,3,42,1,42101,"101_103",4210160000,42101000500,74,"9:00",19,8,NA,NA,"0:00","","","","11:00",21,5,NA,NA,NA,NA,NA,NA,NA,NA,NA,NA,NA,NA,NA,NA,NA,NA,NA,NA,NA,NA,NA,NA,NA,NA,NA,NA,NA,NA,NA,NA,1,1,42,1,42101,"101_115",4210160000,42101026600,2636,1.17,60,36.259766,8.32091,2788.530009
"1151",53365,626000,3,62600003,440.0571624,297.8582564,1,NA,6.26e+11,2,6.26e+13,6260000302,NA,NA,1,NA,NA,4,1,42,1,42045,"045_203",4204579000,42045400802,4440,"8:15",19,NA,NA,NA,"0:00","","","","8:22",23,5,NA,NA,NA,NA,NA,NA,NA,NA,NA,NA,NA,NA,NA,NA,NA,NA,NA,NA,NA,NA,NA,NA,NA,NA,NA,NA,NA,NA,NA,NA,4,1,42,1,42045,"045_203",4204579000,42045400500,4459,1.17,0,19.907777,2.46793,348.49416
"1152",53366,626000,3,62600003,440.0571624,297.8582564,1,NA,6.26e+11,3,6.26e+13,6260000303,NA,NA,1,NA,NA,4,1,42,1,42045,"045_203",4204579000,42045400500,4459,"8:22",19,NA,NA,NA,"0:00","","","","8:25",21,5,NA,NA,NA,NA,NA,NA,NA,NA,NA,NA,NA,NA,NA,NA,NA,NA,NA,NA,NA,NA,NA,NA,NA,NA,NA,NA,NA,NA,NA,NA,4,1,42,1,42101,"101_103",4210160000,42101000500,72,1.17,20,25.086664,5.630825,348.49416
"1153",53463,626447,1,62644701,341.9414497,200.2051087,2,NA,6.26447e+11,3,6.26447e+13,6264470103,NA,NA,2,0,NA,1,1,42,1,42101,"101_107",4210160000,42101015300,417,"19:00",1,NA,NA,NA,"1:00","","","","21:35",21,5,NA,NA,NA,NA,NA,NA,NA,NA,NA,NA,NA,NA,NA,NA,NA,NA,NA,NA,NA,NA,NA,NA,NA,NA,NA,NA,NA,NA,NA,NA,1,1,42,1,42101,"101_107",4210160000,42101015300,417,1.17,15,7.261017,0.207719,234.2399772
"1154",53466,626447,2,62644702,341.9414497,182.5834247,1,NA,6.26447e+11,2,6.26447e+13,6264470202,NA,NA,2,NA,NA,4,1,42,1,42101,"101_107",4210160000,42101014900,415,"8:00",13,NA,NA,NA,"1:00","","","","9:00",14,5,NA,NA,NA,NA,NA,NA,NA,NA,NA,NA,NA,NA,NA,NA,NA,NA,NA,NA,NA,NA,NA,NA,NA,NA,NA,NA,NA,NA,NA,NA,1,1,42,1,42101,"101_107",4210160000,42101015300,417,1.17,60,17.394506,1.364916,213.6226069
"1155",53467,626447,2,62644702,341.9414497,182.5834247,2,NA,6.26447e+11,3,6.26447e+13,6264470203,NA,NA,2,1,NA,1,1,42,1,42101,"101_107",4210160000,42101015300,417,"10:00",8,1,NA,NA,"1:00","2:00","","","13:00",14,5,NA,NA,NA,NA,NA,NA,NA,NA,NA,NA,NA,NA,NA,NA,NA,NA,NA,NA,NA,NA,NA,NA,NA,NA,NA,NA,NA,NA,NA,NA,4,1,42,1,42101,"101_107",4210160000,42101014600,409,1.17,NA,13.268469,0.837816,213.6226069
"1156",53468,626447,2,62644702,341.9414497,182.5834247,2,NA,6.26447e+11,4,6.26447e+13,6264470204,NA,NA,2,NA,NA,4,1,42,1,42101,"101_107",4210160000,42101014600,409,"9999",8,NA,NA,NA,"1:30","","","","14:30",14,5,NA,NA,NA,NA,NA,NA,NA,NA,NA,NA,NA,NA,NA,NA,NA,NA,NA,NA,NA,NA,NA,NA,NA,NA,NA,NA,NA,NA,NA,NA,1,1,42,1,42101,"101_107",4210160000,42101015300,417,1.17,60,12.843168,0.803433,213.6226069
"1157",53662,627720,2,62772002,689.9618182,261.8917489,1,NA,6.2772e+11,1,6.2772e+13,6277200201,NA,NA,3,3,2,4,1,42,1,42101,"101_107",4210160000,42101014900,415,"",96,NA,NA,NA,"1:00","","","","13:00",14,5,NA,NA,NA,NA,NA,NA,NA,NA,NA,NA,NA,NA,NA,NA,NA,NA,NA,NA,NA,NA,NA,NA,NA,NA,NA,NA,NA,NA,NA,NA,4,1,42,1,42101,"101_107",4210160000,42101014700,411,1.17,30,11.962023,1.01025,306.4133463
"1158",53663,627720,2,62772002,689.9618182,261.8917489,1,NA,6.2772e+11,2,6.2772e+13,6277200202,NA,NA,3,NA,NA,4,1,42,1,42101,"101_107",4210160000,42101014700,411,"13:30",11,NA,NA,NA,"0:45","","","","14:30",14,5,NA,NA,NA,NA,NA,NA,NA,NA,NA,NA,NA,NA,NA,NA,NA,NA,NA,NA,NA,NA,NA,NA,NA,NA,NA,NA,NA,NA,NA,NA,4,1,42,1,42101,"101_103",4210160000,42101000500,88,1.17,45,21.157368,2.55391,306.4133463
"1159",53664,627720,2,62772002,689.9618182,261.8917489,1,NA,6.2772e+11,3,6.2772e+13,6277200203,NA,NA,3,NA,NA,4,1,42,1,42101,"101_103",4210160000,42101000500,88,"15:15",6,9,NA,NA,"0:10","1:00","","","16:30",14,5,NA,NA,NA,NA,NA,NA,NA,NA,NA,NA,NA,NA,NA,NA,NA,NA,NA,NA,NA,NA,NA,NA,NA,NA,NA,NA,NA,NA,NA,NA,4,1,42,1,42101,"101_103",4210160000,42101000500,74,1.17,60,8.355174,0.538874,306.4133463
"1160",53665,627720,2,62772002,689.9618182,261.8917489,1,NA,6.2772e+11,4,6.2772e+13,6277200204,NA,NA,3,NA,NA,4,1,42,1,42101,"101_103",4210160000,42101000500,74,"17:30",14,NA,NA,NA,"3:00","","","","21:00",14,5,NA,NA,NA,NA,NA,NA,NA,NA,NA,NA,NA,NA,NA,NA,NA,NA,NA,NA,NA,NA,NA,NA,NA,NA,NA,NA,NA,NA,NA,NA,1,1,42,1,42101,"101_107",4210160000,42101015102,421,1.17,180,24.635911,3.546255,306.4133463
"1161",53671,627778,2,62777802,149.2600636,111.1431879,1,NA,6.27778e+11,1,6.27778e+13,6277780201,NA,NA,1,1,2,1,1,42,1,42045,"045_206",4204533144,42045408300,5020,"",1,NA,NA,NA,"4:30","","","","7:30",14,5,NA,NA,NA,NA,NA,NA,NA,NA,NA,NA,NA,NA,NA,NA,NA,NA,NA,NA,NA,NA,NA,NA,NA,NA,NA,NA,NA,NA,NA,NA,2,1,42,1,42101,"101_103",4210160000,42101000402,80,1.15,53,45.779814,10.431493,127.8146661
"1162",53672,627778,2,62777802,149.2600636,111.1431879,1,NA,6.27778e+11,2,6.27778e+13,6277780202,NA,NA,1,NA,NA,2,1,42,1,42101,"101_103",4210160000,42101000402,80,"8:23",5,NA,NA,NA,"10:45","","","","19:10",14,5,NA,NA,NA,NA,NA,NA,NA,NA,NA,NA,NA,NA,NA,NA,NA,NA,NA,NA,NA,NA,NA,NA,NA,NA,NA,NA,NA,NA,NA,NA,1,1,42,1,42045,"045_206",4204533144,42045408300,5020,1.15,45,44.495048,10.56184,127.8146661
"1163",53796,628898,1,62889801,264.8909442,96.42429689,1,NA,6.28898e+11,2,6.28898e+13,6288980102,NA,NA,3,NA,NA,4,1,42,1,42101,"101_112",4210160000,42101003800,814,"11:35",8,NA,NA,NA,"0:45","","","","12:20",14,5,NA,NA,NA,NA,NA,NA,NA,NA,NA,NA,NA,NA,NA,NA,NA,NA,NA,NA,NA,NA,NA,NA,NA,NA,NA,NA,NA,NA,NA,NA,1,1,42,1,42101,"101_103",4210160000,42101013401,139,1.17,45,30.312548,3.310764,112.8164274
"1164",53808,628997,1,62899701,339.1140079,276.4159982,1,NA,6.28997e+11,1,6.28997e+13,6289970101,NA,NA,2,2,2,1,1,42,1,42101,"101_101",4210160000,42101017201,1410,"",1,NA,NA,NA,"6:00","","","","9:00",14,5,NA,NA,NA,NA,NA,NA,NA,NA,NA,NA,NA,NA,NA,NA,NA,NA,NA,NA,NA,NA,NA,NA,NA,NA,NA,NA,NA,NA,NA,NA,4,1,42,1,42101,"101_103",4210160000,42101000300,116,1.17,45,30.79382,3.245667,323.4067178
"1165",53809,628997,1,62899701,339.1140079,276.4159982,1,NA,6.28997e+11,2,6.28997e+13,6289970102,NA,NA,2,NA,NA,4,1,42,1,42101,"101_103",4210160000,42101000300,116,"9:45",6,NA,NA,NA,"0:15","","","","10:00",14,5,NA,NA,NA,NA,NA,NA,NA,NA,NA,NA,NA,NA,NA,NA,NA,NA,NA,NA,NA,NA,NA,NA,NA,NA,NA,NA,NA,NA,NA,NA,4,1,42,1,42101,"101_112",4210160000,42101003800,814,1.17,30,25.484711,2.993552,323.4067178
"1166",53810,628997,1,62899701,339.1140079,276.4159982,1,NA,6.28997e+11,3,6.28997e+13,6289970103,NA,NA,2,NA,NA,4,1,42,1,42101,"101_112",4210160000,42101003800,814,"10:30",8,NA,NA,NA,"1:30","","","","12:00",14,5,NA,NA,NA,NA,NA,NA,NA,NA,NA,NA,NA,NA,NA,NA,NA,NA,NA,NA,NA,NA,NA,NA,NA,NA,NA,NA,NA,NA,NA,NA,1,1,42,1,42101,"101_101",4210160000,42101017201,1410,1.17,90,47.324748,7.308303,323.4067178
"1167",53812,628997,1,62899701,339.1140079,276.4159982,2,NA,6.28997e+11,5,6.28997e+13,6289970105,NA,NA,2,NA,NA,4,1,42,1,42101,"101_112",4210160000,42101002100,847,"16:30",96,NA,NA,NA,"2:00","","","","18:30",14,5,NA,NA,NA,NA,NA,NA,NA,NA,NA,NA,NA,NA,NA,NA,NA,NA,NA,NA,NA,NA,NA,NA,NA,NA,NA,NA,NA,NA,NA,NA,4,1,42,1,42101,"101_112",4210160000,42101003200,841,1.17,30,13.842281,0.982642,323.4067178
"1168",53813,628997,1,62899701,339.1140079,276.4159982,2,NA,6.28997e+11,6,6.28997e+13,6289970106,NA,NA,2,NA,NA,4,1,42,1,42101,"101_112",4210160000,42101003200,841,"19:00",13,NA,NA,NA,"1:30","","","","20:30",14,5,NA,NA,NA,NA,NA,NA,NA,NA,NA,NA,NA,NA,NA,NA,NA,NA,NA,NA,NA,NA,NA,NA,NA,NA,NA,NA,NA,NA,NA,NA,1,1,42,1,42101,"101_101",4210160000,42101017201,1410,1.17,75,53.875543,6.522071,323.4067178
"1169",53816,628997,2,62899702,339.1140079,302.6342543,1,NA,6.28997e+11,2,6.28997e+13,6289970202,NA,NA,2,NA,NA,4,1,42,1,42101,"101_101",4210160000,42101017100,1416,"10:30",9,NA,NA,NA,"0:20","","","","10:50",14,5,NA,NA,NA,NA,NA,NA,NA,NA,NA,NA,NA,NA,NA,NA,NA,NA,NA,NA,NA,NA,NA,NA,NA,NA,NA,NA,NA,NA,NA,NA,4,1,42,1,42101,"101_107",4210160000,42101014700,411,1.17,70,28.81364,2.639882,354.0820776
"1170",53817,628997,2,62899702,339.1140079,302.6342543,1,NA,6.28997e+11,3,6.28997e+13,6289970203,NA,NA,2,NA,NA,4,1,42,1,42101,"101_107",4210160000,42101014700,411,"12:00",15,NA,NA,NA,"2:00","","","","14:00",14,5,NA,NA,NA,NA,NA,NA,NA,NA,NA,NA,NA,NA,NA,NA,NA,NA,NA,NA,NA,NA,NA,NA,NA,NA,NA,NA,NA,NA,NA,NA,4,1,42,1,42101,"101_101",4210160000,42101017300,1408,1.17,60,14.598039,1.636675,354.0820776
"1171",53820,629117,1,62911701,731.8138797,257.3654622,1,NA,6.29117e+11,1,6.29117e+13,6291170101,NA,NA,1,1,2,1,1,42,1,42101,"101_114",4210160000,42101029900,1602,"",1,NA,NA,NA,"0:00","","","","7:45",14,5,NA,NA,NA,NA,NA,NA,NA,NA,NA,NA,NA,NA,NA,NA,NA,NA,NA,NA,NA,NA,NA,NA,NA,NA,NA,NA,NA,NA,NA,NA,2,1,42,1,42101,"101_103",4210160000,42101012500,133,1.17,45,45.772272,8.363685,301.1175908
"1172",53821,629117,1,62911701,731.8138797,257.3654622,1,NA,6.29117e+11,2,6.29117e+13,6291170102,NA,NA,1,NA,NA,2,1,42,1,42101,"101_103",4210160000,42101012500,133,"8:30",5,NA,NA,NA,"7:30","","","","17:00",14,5,NA,NA,NA,NA,NA,NA,NA,NA,NA,NA,NA,NA,NA,NA,NA,NA,NA,NA,NA,NA,NA,NA,NA,NA,NA,NA,NA,NA,NA,NA,1,1,42,1,42101,"101_114",4210160000,42101029900,1602,1.17,60,44.984341,9.11707,301.1175908
"1173",53823,629117,2,62911702,731.8138797,251.0806029,1,NA,6.29117e+11,1,6.29117e+13,6291170201,NA,NA,2,1,2,1,1,42,1,42101,"101_114",4210160000,42101029900,1602,"",1,NA,NA,NA,"0:00","","","","9:00",14,5,NA,NA,NA,NA,NA,NA,NA,NA,NA,NA,NA,NA,NA,NA,NA,NA,NA,NA,NA,NA,NA,NA,NA,NA,NA,NA,NA,NA,NA,NA,4,1,42,1,42101,"101_104",4210160000,42101032500,3011,1.17,30,19.010869,2.179733,293.7643054
"1174",53824,629117,2,62911702,731.8138797,251.0806029,1,NA,6.29117e+11,2,6.29117e+13,6291170202,NA,NA,2,NA,NA,4,1,42,1,42101,"101_104",4210160000,42101032500,3011,"9:30",6,NA,NA,NA,"1:30","","","","11:00",14,5,NA,NA,NA,NA,NA,NA,NA,NA,NA,NA,NA,NA,NA,NA,NA,NA,NA,NA,NA,NA,NA,NA,NA,NA,NA,NA,NA,NA,NA,NA,1,1,42,1,42101,"101_114",4210160000,42101029900,1602,1.17,30,19.198783,2.299083,293.7643054
"1175",53827,629117,3,62911703,731.8138797,173.7659854,1,NA,6.29117e+11,2,6.29117e+13,6291170302,NA,NA,3,NA,NA,3,1,42,1,42029,"029_306",4202982704,42029302500,7021,"9998",14,3,NA,NA,"7:00","2:30","","","17:30",14,5,NA,NA,NA,NA,NA,NA,NA,NA,NA,NA,NA,NA,NA,NA,NA,NA,NA,NA,NA,NA,NA,NA,NA,NA,NA,NA,NA,NA,NA,NA,3,1,42,1,42101,"101_114",4210160000,42101029900,1602,1.17,70,119.499633,33.093936,203.3062029
"1176",53888,629765,1,62976501,162.6578491,168.1362871,1,NA,6.29765e+11,2,6.29765e+13,6297650102,NA,NA,3,NA,NA,2,1,42,1,42101,"101_110",4210160000,42101009000,1036,"9:30",5,7,5,NA,"6:40","0:13","0:07","","16:30",23,5,NA,NA,NA,NA,NA,NA,NA,NA,NA,NA,NA,NA,NA,NA,NA,NA,NA,NA,NA,NA,NA,NA,NA,NA,NA,NA,NA,NA,NA,NA,4,1,42,1,42101,"101_103",4210160000,42101000300,119,1.15,20,17.936986,1.8875,193.3567302
"1177",54141,630855,1,63085501,337.3101463,178.1439768,1,NA,6.30855e+11,2,6.30855e+13,6308550102,NA,NA,1,NA,NA,4,1,42,1,42101,"101_112",4210160000,42101037200,804,"8:20",19,NA,NA,NA,"0:10","","","","8:30",21,5,NA,NA,NA,NA,NA,NA,NA,NA,NA,NA,NA,NA,NA,NA,NA,NA,NA,NA,NA,NA,NA,NA,NA,NA,NA,NA,NA,NA,NA,NA,4,3,42,1,42101,"101_103",4210160000,42101000500,69,1.12,10,27.903966,3.300588,199.5212541
"1178",54144,630855,1,63085501,337.3101463,178.1439768,1,NA,6.30855e+11,5,6.30855e+13,6308550105,NA,NA,1,NA,NA,4,3,42,1,42101,"101_103",4210160000,42101000500,69,"17:10",19,NA,NA,NA,"0:00","","","","17:20",21,5,NA,NA,NA,NA,NA,NA,NA,NA,NA,NA,NA,NA,NA,NA,NA,NA,NA,NA,NA,NA,NA,NA,NA,NA,NA,NA,NA,NA,NA,NA,4,1,42,1,42101,"101_112",4210160000,42101037200,804,1.12,15,27.364701,2.980835,199.5212541
"1179",54245,631381,1,63138101,324.4698324,176.1662119,1,NA,6.31381e+11,1,6.31381e+13,6313810101,NA,NA,1,3,2,1,1,42,1,42101,"101_102",4210160000,42101006300,2018,"",96,NA,NA,NA,"2:00","","","","6:00",14,5,NA,NA,NA,NA,NA,NA,NA,NA,NA,NA,NA,NA,NA,NA,NA,NA,NA,NA,NA,NA,NA,NA,NA,NA,NA,NA,NA,NA,NA,NA,2,1,42,1,42101,"101_101",4210160000,42101020000,1415,1.17,75,53.755711,8.855061,206.1144679
"1180",54732,634413,2,63441302,860.1240784,264.7502276,2,NA,6.34413e+11,2,6.34413e+13,6344130202,NA,NA,1,0,NA,1,1,42,1,42101,"101_112",4210160000,42101003600,837,"9999",11,5,NA,NA,"8:30","0:30","","","9998",14,5,NA,NA,NA,NA,NA,NA,NA,NA,NA,NA,NA,NA,NA,NA,NA,NA,NA,NA,NA,NA,NA,NA,NA,NA,NA,NA,NA,NA,NA,NA,1,1,42,1,42101,"101_112",4210160000,42101003600,837,1.17,NA,NA,NA,309.7577662
"1181",54738,634513,2,63451302,172.1824722,93.31073162,1,NA,6.34513e+11,1,6.34513e+13,6345130201,NA,NA,1,2,2,1,1,42,1,42101,"101_108",4210160000,42101021100,3208,"",1,15,2,7,"0:00","","","","9999",14,5,NA,NA,NA,NA,NA,NA,NA,NA,NA,NA,NA,NA,NA,NA,NA,NA,NA,NA,NA,NA,NA,NA,NA,NA,NA,NA,NA,NA,NA,NA,2,1,42,1,42101,"101_103",4210160000,42101012500,135,1.12,NA,NA,NA,104.5080194
"1182",54739,634513,2,63451302,172.1824722,93.31073162,1,NA,6.34513e+11,2,6.34513e+13,6345130202,NA,NA,1,NA,NA,2,1,42,1,42101,"101_103",4210160000,42101012500,135,"11:15",2,NA,NA,NA,"7:00","","","","18:15",21,5,NA,NA,NA,NA,NA,NA,NA,NA,NA,NA,NA,NA,NA,NA,NA,NA,NA,NA,NA,NA,NA,NA,NA,NA,NA,NA,NA,NA,NA,NA,4,1,42,1,42101,"101_108",4210160000,42101021200,3212,1.12,80,39.083983,8.434365,104.5080194
"1183",54801,634723,1,63472301,725.7333101,276.4159982,3,NA,6.34723e+11,6,6.34723e+13,6347230106,NA,NA,2,4,NA,1,1,42,1,42101,"101_101",4210160000,42101017202,1409,"12:59",1,NA,NA,NA,"0:30","","","","13:30",14,5,NA,NA,NA,NA,NA,NA,NA,NA,NA,NA,NA,NA,NA,NA,NA,NA,NA,NA,NA,NA,NA,NA,NA,NA,NA,NA,NA,NA,NA,NA,4,1,42,1,42101,"101_103",4210160000,42101000402,78,1.17,45,36.220879,3.286284,323.4067178
"1184",54802,634723,1,63472301,725.7333101,276.4159982,3,NA,6.34723e+11,7,6.34723e+13,6347230107,NA,NA,2,NA,NA,4,1,42,1,42101,"101_103",4210160000,42101000402,78,"14:15",8,NA,NA,NA,"0:15","","","","14:30",14,5,NA,NA,NA,NA,NA,NA,NA,NA,NA,NA,NA,NA,NA,NA,NA,NA,NA,NA,NA,NA,NA,NA,NA,NA,NA,NA,NA,NA,NA,NA,4,1,42,1,42101,"101_103",4210160000,42101000500,88,1.17,20,12.654435,0.935793,323.4067178
"1185",54803,634723,1,63472301,725.7333101,276.4159982,3,NA,6.34723e+11,8,6.34723e+13,6347230108,NA,NA,2,NA,NA,4,1,42,1,42101,"101_103",4210160000,42101000500,88,"14:50",8,NA,NA,NA,"0:25","","","","15:15",14,5,NA,NA,NA,NA,NA,NA,NA,NA,NA,NA,NA,NA,NA,NA,NA,NA,NA,NA,NA,NA,NA,NA,NA,NA,NA,NA,NA,NA,NA,NA,4,1,42,1,42101,"101_103",4210160000,42101001002,11,1.17,30,16.129312,1.004817,323.4067178
"1186",54804,634723,1,63472301,725.7333101,276.4159982,3,NA,6.34723e+11,9,6.34723e+13,6347230109,NA,NA,2,NA,NA,4,1,42,1,42101,"101_103",4210160000,42101001002,11,"15:45",8,NA,NA,NA,"0:30","","","","16:15",14,5,NA,NA,NA,NA,NA,NA,NA,NA,NA,NA,NA,NA,NA,NA,NA,NA,NA,NA,NA,NA,NA,NA,NA,NA,NA,NA,NA,NA,NA,NA,4,1,42,1,42101,"101_103",4210160000,42101000500,89,1.17,15,17.325076,1.220718,323.4067178
"1187",54805,634723,1,63472301,725.7333101,276.4159982,3,NA,6.34723e+11,10,6.34723e+13,6347230110,NA,NA,2,NA,NA,4,1,42,1,42101,"101_103",4210160000,42101000500,89,"16:30",8,NA,NA,NA,"0:40","","","","17:15",14,5,NA,NA,NA,NA,NA,NA,NA,NA,NA,NA,NA,NA,NA,NA,NA,NA,NA,NA,NA,NA,NA,NA,NA,NA,NA,NA,NA,NA,NA,NA,1,1,42,1,42101,"101_101",4210160000,42101017202,1409,1.17,75,31.02423,4.476041,323.4067178
"1188",54863,635084,1,63508401,145.6916999,222.363965,1,NA,6.35084e+11,1,6.35084e+13,6350840101,NA,NA,2,3,2,1,1,42,1,42101,"101_115",4210160000,42101026800,2632,"",1,12,1,NA,"3:00","1:00","1:00","","8:15",14,5,NA,NA,NA,NA,NA,NA,NA,NA,NA,NA,NA,NA,NA,NA,NA,NA,NA,NA,NA,NA,NA,NA,NA,NA,NA,NA,NA,NA,NA,NA,4,1,42,1,42101,"101_115",4210160000,42101028200,2615,1.17,30,16.463537,1.756649,260.165839
"1189",54864,635084,1,63508401,145.6916999,222.363965,1,NA,6.35084e+11,2,6.35084e+13,6350840102,NA,NA,2,NA,NA,4,1,42,1,42101,"101_115",4210160000,42101028200,2615,"8:45",16,NA,NA,NA,"1:05","","","","10:45",21,5,NA,NA,NA,NA,NA,NA,NA,NA,NA,NA,NA,NA,NA,NA,NA,NA,NA,NA,NA,NA,NA,NA,NA,NA,NA,NA,NA,NA,NA,NA,4,1,42,1,42101,"101_103",4210160000,42101000500,90,1.17,45,30.262369,7.10962,260.165839
"1190",54865,635084,1,63508401,145.6916999,222.363965,1,NA,6.35084e+11,3,6.35084e+13,6350840103,NA,NA,2,NA,NA,4,1,42,1,42101,"101_103",4210160000,42101000500,90,"11:30",11,8,NA,NA,"2:00","","","","14:05",21,5,NA,NA,NA,NA,NA,NA,NA,NA,NA,NA,NA,NA,NA,NA,NA,NA,NA,NA,NA,NA,NA,NA,NA,NA,NA,NA,NA,NA,NA,NA,4,1,42,1,42091,"091_412",4209112968,42091202500,12238,1.17,55,46.330199,12.074307,260.165839
"1191",54866,635084,1,63508401,145.6916999,222.363965,1,NA,6.35084e+11,4,6.35084e+13,6350840104,NA,NA,2,NA,NA,4,1,42,1,42091,"091_412",4209112968,42091202500,12238,"15:00",10,8,NA,NA,"1:00","","","","16:20",14,5,NA,NA,NA,NA,NA,NA,NA,NA,NA,NA,NA,NA,NA,NA,NA,NA,NA,NA,NA,NA,NA,NA,NA,NA,NA,NA,NA,NA,NA,NA,1,1,42,1,42101,"101_115",4210160000,42101026800,2632,1.17,25,21.775521,2.755153,260.165839
"1192",55090,636678,1,63667801,642.597154,1430.210504,1,NA,6.36678e+11,1,6.36678e+13,6366780101,NA,NA,3,2,2,4,1,42,1,42101,"101_103",4210160000,42101000500,91,"",1,2,NA,NA,"5:00","2:00","","","12:00",14,5,NA,NA,NA,NA,NA,NA,NA,NA,NA,NA,NA,NA,NA,NA,NA,NA,NA,NA,NA,NA,NA,NA,NA,NA,NA,NA,NA,NA,NA,NA,3,1,42,1,42101,"101_110",4210160000,42101036900,1030,1.17,30,12.698716,1.931368,1673.34629
"1193",55153,637022,1,63702201,481.5547229,343.6929022,1,NA,6.37022e+11,2,6.37022e+13,6370220102,NA,NA,3,NA,NA,4,1,42,1,42101,"101_110",4210160000,42101007700,1015,"15:15",96,NA,NA,NA,"0:00","","","","15:30",14,5,NA,NA,NA,NA,NA,NA,NA,NA,NA,NA,NA,NA,NA,NA,NA,NA,NA,NA,NA,NA,NA,NA,NA,NA,NA,NA,NA,NA,NA,NA,4,1,42,1,42101,"101_110",4210160000,42101980000,1040,1.17,15,18.588362,2.038948,402.1206956
"1194",55162,637107,1,63710701,194.1500616,145.1810316,1,NA,6.37107e+11,2,6.37107e+13,6371070102,NA,NA,1,NA,NA,4,1,42,1,42045,"045_206",4204533144,42045408800,5019,"7:00",19,NA,NA,NA,"0:00","","","","7:05",21,5,NA,NA,NA,NA,NA,NA,NA,NA,NA,NA,NA,NA,NA,NA,NA,NA,NA,NA,NA,NA,NA,NA,NA,NA,NA,NA,NA,NA,NA,NA,4,1,42,1,42045,"045_203",4204579000,42045400500,4459,1.15,8,26.509675,4.36167,166.9581863
"1195",55163,637107,1,63710701,194.1500616,145.1810316,1,NA,6.37107e+11,3,6.37107e+13,6371070103,NA,NA,1,NA,NA,4,1,42,1,42045,"045_203",4204579000,42045400500,4459,"7:13",19,NA,NA,NA,"0:00","","","","7:20",21,5,NA,NA,NA,NA,NA,NA,NA,NA,NA,NA,NA,NA,NA,NA,NA,NA,NA,NA,NA,NA,NA,NA,NA,NA,NA,NA,NA,NA,NA,NA,4,1,42,1,42101,"101_103",4210160000,42101000402,92,1.15,9,25.068592,5.472363,166.9581863
"1196",55166,637107,1,63710701,194.1500616,145.1810316,1,NA,6.37107e+11,6,6.37107e+13,6371070106,NA,NA,1,NA,NA,4,1,42,1,42101,"101_103",4210160000,42101000402,92,"17:12",19,NA,NA,NA,"0:00","","","","17:19",21,5,NA,NA,NA,NA,NA,NA,NA,NA,NA,NA,NA,NA,NA,NA,NA,NA,NA,NA,NA,NA,NA,NA,NA,NA,NA,NA,NA,NA,NA,NA,4,1,42,1,42045,"045_203",4204579000,42045400500,4459,1.15,15,24.987011,5.487573,166.9581863
"1197",55167,637107,1,63710701,194.1500616,145.1810316,1,NA,6.37107e+11,7,6.37107e+13,6371070107,NA,NA,1,NA,NA,4,1,42,1,42045,"045_203",4204579000,42045400500,4459,"17:34",19,NA,NA,NA,"0:00","","","","17:36",21,5,NA,NA,NA,NA,NA,NA,NA,NA,NA,NA,NA,NA,NA,NA,NA,NA,NA,NA,NA,NA,NA,NA,NA,NA,NA,NA,NA,NA,NA,NA,4,1,42,1,42045,"045_206",4204533144,42045408800,5017,1.15,7,17.638688,3.630859,166.9581863
"1198",55188,637240,1,63724001,543.8800878,110.7049328,2,NA,6.3724e+11,4,6.3724e+13,6372400104,NA,NA,1,NA,NA,2,1,42,1,42101,"101_110",4210160000,42101007900,1021,"12:45",5,NA,NA,NA,"1:30","","","","14:15",14,5,NA,NA,NA,NA,NA,NA,NA,NA,NA,NA,NA,NA,NA,NA,NA,NA,NA,NA,NA,NA,NA,NA,NA,NA,NA,NA,NA,NA,NA,NA,4,1,42,1,42101,"101_110",4210160000,42101008802,1031,1.17,15,16.992648,1.386586,129.5247714
"1199",55208,637332,2,63733202,382.774372,219.2171744,1,NA,6.37332e+11,1,6.37332e+13,6373320201,NA,NA,3,0,2,2,1,42,1,42101,"101_115",4210160000,42101028200,2615,"",5,NA,NA,NA,"8:00","","","","15:30",14,5,NA,NA,NA,NA,NA,NA,NA,NA,NA,NA,NA,NA,NA,NA,NA,NA,NA,NA,NA,NA,NA,NA,NA,NA,NA,NA,NA,NA,NA,NA,1,1,42,1,42101,"101_118",4210160000,42101030700,2810,1.17,30,25.019334,3.513935,256.4840941
"1200",55224,637607,2,63760702,179.2030341,143.5520011,1,NA,6.37607e+11,1,6.37607e+13,6376070201,NA,NA,1,1,2,1,1,42,1,42091,"091_401",4209144976,42091204500,10004,"",1,NA,NA,NA,"5:15","","","","8:15",21,5,NA,NA,NA,NA,NA,NA,NA,NA,NA,NA,NA,NA,NA,NA,NA,NA,NA,NA,NA,NA,NA,NA,NA,NA,NA,NA,NA,NA,NA,NA,2,1,42,1,42101,"101_103",4210160000,42101000402,93,1.12,25,20.906032,6.129829,160.7782412
"1201",55225,637607,2,63760702,179.2030341,143.5520011,1,NA,6.37607e+11,2,6.37607e+13,6376070202,NA,NA,1,NA,NA,2,1,42,1,42101,"101_103",4210160000,42101000402,93,"8:40",5,NA,NA,NA,"10:00","","","","18:40",21,5,NA,NA,NA,NA,NA,NA,NA,NA,NA,NA,NA,NA,NA,NA,NA,NA,NA,NA,NA,NA,NA,NA,NA,NA,NA,NA,NA,NA,NA,NA,1,1,42,1,42091,"091_401",4209144976,42091204500,10004,1.12,65,19.482846,6.128584,160.7782412
"1202",55392,638129,2,63812902,75.52158317,92.88689455,1,NA,6.38129e+11,1,6.38129e+13,6381290201,NA,NA,2,1,2,1,1,42,1,42017,"017_512",4201708760,42017100500,16210,"",1,NA,NA,NA,"0:00","","","","10:00",14,5,NA,NA,NA,NA,NA,NA,NA,NA,NA,NA,NA,NA,NA,NA,NA,NA,NA,NA,NA,NA,NA,NA,NA,NA,NA,NA,NA,NA,NA,NA,4,1,42,1,42017,"017_511",4201777744,42017105900,16046,1.13,45,23.34506,5.17095,104.9621908
"1203",55393,638129,2,63812902,75.52158317,92.88689455,1,NA,6.38129e+11,2,6.38129e+13,6381290202,NA,NA,2,NA,NA,4,1,42,1,42017,"017_511",4201777744,42017105900,16046,"10:45",6,8,NA,NA,"0:00","","","","12:15",14,5,NA,NA,NA,NA,NA,NA,NA,NA,NA,NA,NA,NA,NA,NA,NA,NA,NA,NA,NA,NA,NA,NA,NA,NA,NA,NA,NA,NA,NA,NA,1,1,42,1,42017,"017_512",4201708760,42017100500,16210,1.13,35,27.099602,4.318589,104.9621908
"1204",55395,638170,1,63817001,432.7450919,175.3542465,1,NA,6.3817e+11,1,6.3817e+13,6381700101,NA,NA,3,2,2,1,1,42,1,42045,"045_202",4204564800,42045404004,4226,"",1,NA,NA,NA,"3:30","","","","6:30",14,5,NA,NA,NA,NA,NA,NA,NA,NA,NA,NA,NA,NA,NA,NA,NA,NA,NA,NA,NA,NA,NA,NA,NA,NA,NA,NA,NA,NA,NA,NA,4,1,42,1,42045,"045_202",4204529720,42045403502,4206,1.17,30,11.077307,0.757279,205.1644685
"1205",55397,638170,1,63817001,432.7450919,175.3542465,1,NA,6.3817e+11,3,6.3817e+13,6381700103,NA,NA,3,NA,NA,4,1,42,1,42045,"045_201",4204513208,42045404500,4034,"7:15",16,NA,NA,NA,"6:00","","","","13:15",14,5,NA,NA,NA,NA,NA,NA,NA,NA,NA,NA,NA,NA,NA,NA,NA,NA,NA,NA,NA,NA,NA,NA,NA,NA,NA,NA,NA,NA,NA,NA,4,1,42,1,42045,"045_202",4204564800,42045404102,4219,1.17,20,24.533333,2.211619,205.1644685
"1206",55570,639485,1,63948501,221.0071427,120.4941946,1,NA,6.39485e+11,1,6.39485e+13,6394850101,NA,NA,1,1,2,1,1,42,1,42045,"045_205",4204553104,42045410800,4820,"",1,5,NA,NA,"5:30","1:30","","","10:00",14,5,NA,NA,NA,NA,NA,NA,NA,NA,NA,NA,NA,NA,NA,NA,NA,NA,NA,NA,NA,NA,NA,NA,NA,NA,NA,NA,NA,NA,NA,NA,4,1,42,1,42045,"045_205",4204553104,42045407401,4826,1.17,60,52.931139,5.550017,140.9782076
"1207",55571,639485,1,63948501,221.0071427,120.4941946,1,NA,6.39485e+11,2,6.39485e+13,6394850102,NA,NA,1,NA,NA,4,1,42,1,42045,"045_205",4204553104,42045407401,4826,"11:00",6,7,NA,NA,"1:40","","","","13:45",14,5,NA,NA,NA,NA,NA,NA,NA,NA,NA,NA,NA,NA,NA,NA,NA,NA,NA,NA,NA,NA,NA,NA,NA,NA,NA,NA,NA,NA,NA,NA,1,1,42,1,42045,"045_205",4204553104,42045410800,4820,1.17,45,37.041735,6.358855,140.9782076
"1208",56012,642336,2,64233602,51.89662555,95.72322758,1,NA,6.42336e+11,1,6.42336e+13,6423360201,NA,NA,1,1,2,1,1,42,1,42101,"101_110",4210160000,42101007900,1021,"",1,NA,NA,NA,"3:00","","","","7:45",14,5,NA,NA,NA,NA,NA,NA,NA,NA,NA,NA,NA,NA,NA,NA,NA,NA,NA,NA,NA,NA,NA,NA,NA,NA,NA,NA,NA,NA,NA,NA,2,1,42,1,42101,"101_103",4210160000,42101000402,101,1.15,30,25.854663,3.294575,110.0817117
"1209",56445,644395,1,64439501,248.0558183,90.56970828,1,NA,6.44395e+11,2,6.44395e+13,6443950102,NA,NA,2,NA,NA,4,1,42,1,42101,"101_103",4210160000,42101000700,59,"13:20",19,NA,NA,NA,"0:00","","","","13:30",14,5,NA,NA,NA,NA,NA,NA,NA,NA,NA,NA,NA,NA,NA,NA,NA,NA,NA,NA,NA,NA,NA,NA,NA,NA,NA,NA,NA,NA,NA,NA,4,1,42,1,42101,"101_103",4210160000,42101000401,103,1.17,10,11.322938,0.984119,105.9665587
"1210",56447,644395,1,64439501,248.0558183,90.56970828,1,NA,6.44395e+11,4,6.44395e+13,6443950104,NA,NA,2,NA,NA,4,1,42,1,42101,"101_103",4210160000,42101000401,85,"14:05",19,NA,NA,NA,"0:10","","","","14:15",23,5,NA,NA,NA,NA,NA,NA,NA,NA,NA,NA,NA,NA,NA,NA,NA,NA,NA,NA,NA,NA,NA,NA,NA,NA,NA,NA,NA,NA,NA,NA,1,1,42,1,42101,"101_103",4210160000,42101000804,42,1.17,15,15.058455,0.984147,105.9665587
"1211",56612,645371,1,64537101,627.6989751,231.0531544,1,NA,6.45371e+11,2,6.45371e+13,6453710102,NA,NA,2,NA,NA,4,1,42,1,42101,"101_107",4210160000,42101015200,422,"13:00",4,NA,NA,NA,"2:00","","","","15:00",14,5,NA,NA,NA,NA,NA,NA,NA,NA,NA,NA,NA,NA,NA,NA,NA,NA,NA,NA,NA,NA,NA,NA,NA,NA,NA,NA,NA,NA,NA,NA,1,1,42,1,42101,"101_102",4210160000,42101006700,2020,1.17,540,52.977363,8.032195,270.3321906
"1212",56614,645371,2,64537102,627.6989751,251.0806029,1,NA,6.45371e+11,1,6.45371e+13,6453710201,NA,NA,2,1,2,1,1,42,1,42101,"101_102",4210160000,42101006700,2020,"",9,NA,NA,NA,"5:00","","","","13:10",14,5,NA,NA,NA,NA,NA,NA,NA,NA,NA,NA,NA,NA,NA,NA,NA,NA,NA,NA,NA,NA,NA,NA,NA,NA,NA,NA,NA,NA,NA,NA,4,1,42,1,42101,"101_111",4210160000,42101011300,1235,1.17,NA,35.616667,4.679531,293.7643054
"1213",56615,645371,2,64537102,627.6989751,251.0806029,1,NA,6.45371e+11,2,6.45371e+13,6453710202,NA,NA,2,NA,NA,4,1,42,1,42101,"101_111",4210160000,42101011300,1235,"9999",11,NA,NA,NA,"4:50","","","","18:00",14,5,NA,NA,NA,NA,NA,NA,NA,NA,NA,NA,NA,NA,NA,NA,NA,NA,NA,NA,NA,NA,NA,NA,NA,NA,NA,NA,NA,NA,NA,NA,1,1,42,1,42101,"101_102",4210160000,42101006700,2020,1.17,360,36.367228,4.728387,293.7643054
"1214",56623,645371,5,64537105,627.6989751,221.967171,1,NA,6.45371e+11,1,6.45371e+13,6453710501,NA,NA,2,1,2,1,1,42,1,42101,"101_102",4210160000,42101006700,2020,"",6,NA,NA,NA,"1:00","","","","9:00",14,5,NA,NA,NA,NA,NA,NA,NA,NA,NA,NA,NA,NA,NA,NA,NA,NA,NA,NA,NA,NA,NA,NA,NA,NA,NA,NA,NA,NA,NA,NA,4,1,42,1,42101,"101_103",4210160000,42101000804,43,1.17,120,32.020455,5.135158,259.70159
"1215",56624,645371,5,64537105,627.6989751,221.967171,1,NA,6.45371e+11,2,6.45371e+13,6453710502,NA,NA,2,NA,NA,4,1,42,1,42101,"101_103",4210160000,42101000804,43,"11:00",6,NA,NA,NA,"1:00","","","","12:00",14,5,NA,NA,NA,NA,NA,NA,NA,NA,NA,NA,NA,NA,NA,NA,NA,NA,NA,NA,NA,NA,NA,NA,NA,NA,NA,NA,NA,NA,NA,NA,1,1,42,1,42101,"101_102",4210160000,42101006700,2020,1.17,120,30.954025,5.194438,259.70159
"1216",56777,646582,4,64658204,486.3747356,1644.289847,1,NA,6.46582e+11,1,6.46582e+13,6465820401,NA,NA,2,1,2,1,1,42,1,42101,"101_114",4210160000,42101030100,1608,"",1,NA,NA,NA,"4:30","","","","8:45",14,5,NA,NA,NA,NA,NA,NA,NA,NA,NA,NA,NA,NA,NA,NA,NA,NA,NA,NA,NA,NA,NA,NA,NA,NA,NA,NA,NA,NA,NA,NA,3,6,42,1,42101,"101_115",4210160000,42101027700,2628,1.17,45,31.241187,5.115128,1923.819121
"1217",56778,646582,4,64658204,486.3747356,1644.289847,1,NA,6.46582e+11,2,6.46582e+13,6465820402,NA,NA,2,NA,NA,3,6,42,1,42101,"101_115",4210160000,42101027700,2628,"9:30",2,3,4,NA,"0:45","6:45","1:00","","18:00",14,5,NA,NA,NA,NA,NA,NA,NA,NA,NA,NA,NA,NA,NA,NA,NA,NA,NA,NA,NA,NA,NA,NA,NA,NA,NA,NA,NA,NA,NA,NA,1,1,42,1,42101,"101_114",4210160000,42101030100,1608,1.17,60,33.708687,5.198696,1923.819121
"1218",57072,648236,1,64823601,352.520661,237.1210999,1,NA,6.48236e+11,2,6.48236e+13,6482360102,NA,NA,2,NA,NA,4,1,42,1,42101,"101_112",4210160000,42101002100,847,"10:54",19,NA,NA,NA,"0:00","","","","10:55",14,5,NA,NA,NA,NA,NA,NA,NA,NA,NA,NA,NA,NA,NA,NA,NA,NA,NA,NA,NA,NA,NA,NA,NA,NA,NA,NA,NA,NA,NA,NA,4,1,42,1,42101,"101_103",4210160000,42101000401,85,1.17,10,14.576034,1.330059,277.4316869
"1219",57073,648236,1,64823601,352.520661,237.1210999,1,NA,6.48236e+11,3,6.48236e+13,6482360103,NA,NA,2,NA,NA,4,1,42,1,42101,"101_103",4210160000,42101000401,85,"11:05",19,NA,NA,NA,"0:00","","","","11:09",14,5,NA,NA,NA,NA,NA,NA,NA,NA,NA,NA,NA,NA,NA,NA,NA,NA,NA,NA,NA,NA,NA,NA,NA,NA,NA,NA,NA,NA,NA,NA,4,1,42,1,42091,"091_402",4209179136,42091205801,10212,1.17,37,44.852268,19.229761,277.4316869
"1220",57075,648236,1,64823601,352.520661,237.1210999,1,NA,6.48236e+11,5,6.48236e+13,6482360105,NA,NA,2,NA,NA,4,3,42,1,42091,"091_402",4209179136,42091205801,10215,"16:24",19,NA,NA,NA,"0:00","","","","16:25",14,5,NA,NA,NA,NA,NA,NA,NA,NA,NA,NA,NA,NA,NA,NA,NA,NA,NA,NA,NA,NA,NA,NA,NA,NA,NA,NA,NA,NA,NA,NA,4,1,42,1,42045,"045_203",4204579000,42045400500,4459,1.17,35,40.022878,16.33507,277.4316869
"1221",57076,648236,1,64823601,352.520661,237.1210999,1,NA,6.48236e+11,6,6.48236e+13,6482360106,NA,NA,2,NA,NA,4,1,42,1,42045,"045_203",4204579000,42045400500,4459,"17:00",19,NA,NA,NA,"0:00","","","","17:16",14,5,NA,NA,NA,NA,NA,NA,NA,NA,NA,NA,NA,NA,NA,NA,NA,NA,NA,NA,NA,NA,NA,NA,NA,NA,NA,NA,NA,NA,NA,NA,4,1,42,1,42101,"101_103",4210160000,42101000402,76,1.17,15,23.95,5.422705,277.4316869
"1222",57077,648236,1,64823601,352.520661,237.1210999,1,NA,6.48236e+11,7,6.48236e+13,6482360107,NA,NA,2,NA,NA,4,1,42,1,42101,"101_103",4210160000,42101000402,76,"17:31",19,NA,NA,NA,"0:00","","","","17:41",14,5,NA,NA,NA,NA,NA,NA,NA,NA,NA,NA,NA,NA,NA,NA,NA,NA,NA,NA,NA,NA,NA,NA,NA,NA,NA,NA,NA,NA,NA,NA,4,1,42,1,42101,"101_104",4210160000,42101031600,3014,1.17,0,38.864462,9.154506,277.4316869
"1223",57178,648922,1,64892201,140.0677812,125.0257654,1,NA,6.48922e+11,1,6.48922e+13,6489220101,NA,NA,1,2,2,1,1,42,1,42101,"101_110",4210160000,42101007900,1021,"",1,NA,NA,NA,"4:30","","","","7:30",21,5,NA,NA,NA,NA,NA,NA,NA,NA,NA,NA,NA,NA,NA,NA,NA,NA,NA,NA,NA,NA,NA,NA,NA,NA,NA,NA,NA,NA,NA,NA,4,3,42,1,42101,"101_107",4210160000,42101014700,411,1.12,60,39.295972,5.466077,140.0288573
"1224",57179,648922,1,64892201,140.0677812,125.0257654,1,NA,6.48922e+11,2,6.48922e+13,6489220102,NA,NA,1,NA,NA,4,3,42,1,42101,"101_107",4210160000,42101014700,411,"8:30",11,5,NA,NA,"8:00","","","","17:00",23,5,NA,NA,NA,NA,NA,NA,NA,NA,NA,NA,NA,NA,NA,NA,NA,NA,NA,NA,NA,NA,NA,NA,NA,NA,NA,NA,NA,NA,NA,NA,4,1,42,1,42101,"101_110",4210160000,42101008702,1024,1.12,45,34.003964,4.616786,140.0288573
"1225",57489,651463,1,65146301,94.04081866,153.3103323,1,NA,6.51463e+11,2,6.51463e+13,6514630102,NA,NA,1,NA,NA,4,1,42,1,42091,"091_410",4209179176,42091200307,11835,"8:10",19,NA,NA,NA,"0:02","","","","8:12",21,5,NA,NA,NA,NA,NA,NA,NA,NA,NA,NA,NA,NA,NA,NA,NA,NA,NA,NA,NA,NA,NA,NA,NA,NA,NA,NA,NA,NA,NA,NA,4,1,42,1,42101,"101_103",4210160000,42101000402,92,1.13,33,48.934688,16.481765,173.2406755
"1226",57495,651463,1,65146301,94.04081866,153.3103323,1,NA,6.51463e+11,8,6.51463e+13,6514630108,NA,NA,1,NA,NA,2,1,42,1,42101,"101_103",4210160000,42101000300,118,"17:30",19,NA,NA,NA,"0:03","","","","17:33",21,5,NA,NA,NA,NA,NA,NA,NA,NA,NA,NA,NA,NA,NA,NA,NA,NA,NA,NA,NA,NA,NA,NA,NA,NA,NA,NA,NA,NA,NA,NA,2,1,42,1,42101,"101_103",4210160000,42101000300,118,1.13,42,4.208333,0.09131,173.2406755
"1227",57539,651601,1,65160101,543.8800878,121.2849363,1,NA,6.51601e+11,1,6.51601e+13,6516010101,NA,NA,1,3,2,1,1,42,1,42101,"101_112",4210160000,42101002900,834,"",1,NA,NA,NA,"5:50","","","","8:50",21,5,NA,NA,NA,NA,NA,NA,NA,NA,NA,NA,NA,NA,NA,NA,NA,NA,NA,NA,NA,NA,NA,NA,NA,NA,NA,NA,NA,NA,NA,NA,4,1,42,1,42101,"101_103",4210160000,42101000600,54,1.17,22,21.345204,2.069802,141.9033755
"1228",57542,651601,1,65160101,543.8800878,121.2849363,1,NA,6.51601e+11,4,6.51601e+13,6516010104,NA,NA,1,NA,NA,4,1,42,1,42101,"101_103",4210160000,42101000402,83,"17:40",9,NA,NA,NA,"0:00","","","","17:46",21,5,NA,NA,NA,NA,NA,NA,NA,NA,NA,NA,NA,NA,NA,NA,NA,NA,NA,NA,NA,NA,NA,NA,NA,NA,NA,NA,NA,NA,NA,NA,1,1,42,1,42101,"101_112",4210160000,42101002900,834,1.17,29,21.225431,2.110755,141.9033755
"1229",57553,651635,1,65163501,292.0469137,107.3817831,1,NA,6.51635e+11,1,6.51635e+13,6516350101,NA,NA,2,1,2,1,1,42,1,42101,"101_103",4210160000,42101001202,24,"",1,NA,NA,NA,"7:40","","","","10:40",14,5,NA,NA,NA,NA,NA,NA,NA,NA,NA,NA,NA,NA,NA,NA,NA,NA,NA,NA,NA,NA,NA,NA,NA,NA,NA,NA,NA,NA,NA,NA,3,1,42,1,42101,"101_110",4210160000,42101036900,1030,1.17,20,19.803223,1.899486,125.6366862
"1230",57554,651635,1,65163501,292.0469137,107.3817831,1,NA,6.51635e+11,2,6.51635e+13,6516350102,NA,NA,2,NA,NA,3,1,42,1,42101,"101_110",4210160000,42101036900,1030,"11:00",11,2,NA,NA,"5:00","0:50","","","16:50",14,5,NA,NA,NA,NA,NA,NA,NA,NA,NA,NA,NA,NA,NA,NA,NA,NA,NA,NA,NA,NA,NA,NA,NA,NA,NA,NA,NA,NA,NA,NA,1,1,42,1,42101,"101_103",4210160000,42101001202,24,1.17,20,21.771558,2.127365,125.6366862
"1231",57560,651635,2,65163502,292.0469137,113.7275455,1,NA,6.51635e+11,2,6.51635e+13,6516350202,NA,NA,2,NA,NA,3,1,42,1,42101,"101_110",4210160000,42101036900,1030,"14:05",2,NA,NA,NA,"4:00","","","","18:05",21,5,NA,NA,NA,NA,NA,NA,NA,NA,NA,NA,NA,NA,NA,NA,NA,NA,NA,NA,NA,NA,NA,NA,NA,NA,NA,NA,NA,NA,NA,NA,4,1,42,1,42101,"101_103",4210160000,42101000804,44,1.17,35,16.301941,1.865722,133.0612283
"1232",57588,651971,1,65197101,171.419192,166.1732081,3,NA,6.51971e+11,7,6.51971e+13,6519710107,NA,NA,2,NA,NA,4,1,42,1,42101,"101_112",4210160000,42101037200,804,"19:05",19,NA,NA,NA,"0:00","","","","19:08",21,5,NA,NA,NA,NA,NA,NA,NA,NA,NA,NA,NA,NA,NA,NA,NA,NA,NA,NA,NA,NA,NA,NA,NA,NA,NA,NA,NA,NA,NA,NA,4,1,42,1,42101,"101_103",4210160000,42101000901,41,1.17,18,18.169605,2.691595,194.4226534
"1233",57591,651971,1,65197101,171.419192,166.1732081,3,NA,6.51971e+11,10,6.51971e+13,6519710110,NA,NA,2,NA,NA,4,1,42,1,42101,"101_103",4210160000,42101000901,41,"9998",19,NA,NA,NA,"0:00","","","","9998",21,5,NA,NA,NA,NA,NA,NA,NA,NA,NA,NA,NA,NA,NA,NA,NA,NA,NA,NA,NA,NA,NA,NA,NA,NA,NA,NA,NA,NA,NA,NA,4,1,42,1,42101,"101_112",4210160000,42101037200,804,1.17,NA,NA,NA,194.4226534
"1234",57597,651971,2,65197102,171.419192,122.4994993,2,NA,6.51971e+11,4,6.51971e+13,6519710204,NA,NA,2,NA,NA,4,1,42,1,42101,"101_112",4210160000,42101037200,804,"19:06",19,NA,NA,NA,"0:00","","","","9998",21,5,NA,NA,NA,NA,NA,NA,NA,NA,NA,NA,NA,NA,NA,NA,NA,NA,NA,NA,NA,NA,NA,NA,NA,NA,NA,NA,NA,NA,NA,NA,4,1,42,1,42101,"101_103",4210160000,42101000901,41,1.17,NA,NA,NA,143.3244142
"1235",57600,651971,2,65197102,171.419192,122.4994993,2,NA,6.51971e+11,7,6.51971e+13,6519710207,NA,NA,2,NA,NA,4,1,42,1,42101,"101_103",4210160000,42101000901,41,"9998",19,NA,NA,NA,"0:00","","","","9998",21,5,NA,NA,NA,NA,NA,NA,NA,NA,NA,NA,NA,NA,NA,NA,NA,NA,NA,NA,NA,NA,NA,NA,NA,NA,NA,NA,NA,NA,NA,NA,4,1,42,1,42101,"101_112",4210160000,42101037200,804,1.17,NA,NA,NA,143.3244142
"1236",57637,652303,1,65230301,291.8258058,2399.140641,1,NA,6.52303e+11,1,6.52303e+13,6523030101,NA,NA,2,2,2,1,1,42,1,42017,"017_511",4201725112,42017105811,16008,"",1,NA,NA,NA,"0:00","","","","10:00",14,5,NA,NA,NA,NA,NA,NA,NA,NA,NA,NA,NA,NA,NA,NA,NA,NA,NA,NA,NA,NA,NA,NA,NA,NA,NA,NA,NA,NA,NA,NA,4,1,42,1,42017,"017_510",4201749120,42017100807,15819,1.17,75,33.74691,6.244406,2806.99455
"1237",57638,652303,1,65230301,291.8258058,2399.140641,1,NA,6.52303e+11,2,6.52303e+13,6523030102,NA,NA,2,NA,NA,4,1,42,1,42017,"017_510",4201749120,42017100807,15819,"11:15",11,NA,NA,NA,"0:00","","","","12:45",14,5,NA,NA,NA,NA,NA,NA,NA,NA,NA,NA,NA,NA,NA,NA,NA,NA,NA,NA,NA,NA,NA,NA,NA,NA,NA,NA,NA,NA,NA,NA,4,1,42,1,42017,"017_510",4201749120,42017100811,15806,1.17,15,17.383333,3.497077,2806.99455
"1238",57811,653506,1,65350601,317.8695646,280.9838329,1,NA,6.53506e+11,1,6.53506e+13,6535060101,NA,NA,2,3,2,1,1,42,1,42101,"101_111",4210160000,42101008200,1201,"",1,NA,NA,NA,"0:00","","","","8:10",23,5,NA,NA,NA,NA,NA,NA,NA,NA,NA,NA,NA,NA,NA,NA,NA,NA,NA,NA,NA,NA,NA,NA,NA,NA,NA,NA,NA,NA,NA,NA,4,1,42,1,42101,"101_110",4210160000,42101036900,1030,1.17,65,26.939887,3.189246,328.7510845
"1239",57812,653506,1,65350601,317.8695646,280.9838329,1,NA,6.53506e+11,2,6.53506e+13,6535060102,NA,NA,2,NA,NA,4,1,42,1,42101,"101_110",4210160000,42101036900,1030,"9:15",10,4,7,NA,"0:00","","","","17:45",21,5,NA,NA,NA,NA,NA,NA,NA,NA,NA,NA,NA,NA,NA,NA,NA,NA,NA,NA,NA,NA,NA,NA,NA,NA,NA,NA,NA,NA,NA,NA,4,1,42,1,42101,"101_101",4210160000,42101017400,1405,1.17,45,30.13944,5.377828,328.7510845
"1240",57813,653506,1,65350601,317.8695646,280.9838329,1,NA,6.53506e+11,3,6.53506e+13,6535060103,NA,NA,2,NA,NA,4,1,42,1,42101,"101_101",4210160000,42101017400,1405,"18:30",13,NA,NA,NA,"0:00","","","","20:15",21,5,NA,NA,NA,NA,NA,NA,NA,NA,NA,NA,NA,NA,NA,NA,NA,NA,NA,NA,NA,NA,NA,NA,NA,NA,NA,NA,NA,NA,NA,NA,4,1,42,1,42101,"101_103",4210160000,42101000500,74,1.17,10,21.727838,3.349782,328.7510845
"1241",57814,653506,1,65350601,317.8695646,280.9838329,1,NA,6.53506e+11,4,6.53506e+13,6535060104,NA,NA,2,NA,NA,4,1,42,1,42101,"101_103",4210160000,42101000500,74,"20:25",19,NA,NA,NA,"0:00","","","","20:35",23,5,NA,NA,NA,NA,NA,NA,NA,NA,NA,NA,NA,NA,NA,NA,NA,NA,NA,NA,NA,NA,NA,NA,NA,NA,NA,NA,NA,NA,NA,NA,1,1,42,1,42101,"101_111",4210160000,42101008200,1201,1.17,30,27.919352,4.842996,328.7510845
"1242",58177,655199,2,65519902,107.566057,97.16823011,1,NA,6.55199e+11,5,6.55199e+13,6551990205,NA,NA,1,NA,NA,4,1,42,1,42045,"045_202",4204573032,42045407803,4240,"15:35",19,NA,NA,NA,"0:00","","","","15:35",14,5,NA,NA,NA,NA,NA,NA,NA,NA,NA,NA,NA,NA,NA,NA,NA,NA,NA,NA,NA,NA,NA,NA,NA,NA,NA,NA,NA,NA,NA,NA,4,3,42,1,42101,"101_103",4210160000,42101012500,134,1.12,20,62.798537,11.219378,108.8284177
"1243",58234,655420,1,65542001,151.3325738,335.2308667,1,NA,6.5542e+11,1,6.5542e+13,6554200101,NA,NA,2,6,2,1,1,42,1,42101,"101_115",4210160000,42101028000,2603,"",1,NA,NA,NA,"7:00","","","","10:00",14,5,NA,NA,NA,NA,NA,NA,NA,NA,NA,NA,NA,NA,NA,NA,NA,NA,NA,NA,NA,NA,NA,NA,NA,NA,NA,NA,NA,NA,NA,NA,4,1,42,1,42101,"101_112",4210160000,42101002400,846,1.17,75,41.366667,6.994003,392.2201141
"1244",58235,655420,1,65542001,151.3325738,335.2308667,1,NA,6.5542e+11,2,6.5542e+13,6554200102,NA,NA,2,NA,NA,4,1,42,1,42101,"101_112",4210160000,42101002400,846,"11:15",6,NA,NA,NA,"0:20","","","","11:35",14,5,NA,NA,NA,NA,NA,NA,NA,NA,NA,NA,NA,NA,NA,NA,NA,NA,NA,NA,NA,NA,NA,NA,NA,NA,NA,NA,NA,NA,NA,NA,4,1,42,1,42101,"101_103",4210160000,42101000500,73,1.17,22,18.0879,1.410831,392.2201141
"1245",58322,655867,1,65586701,119.2137871,197.9930681,1,NA,6.55867e+11,1,6.55867e+13,6558670101,NA,NA,1,2,2,1,1,42,1,42101,"101_108",4210160000,42101021300,3210,"",1,NA,NA,NA,"0:00","","","","6:10",14,5,NA,NA,NA,NA,NA,NA,NA,NA,NA,NA,NA,NA,NA,NA,NA,NA,NA,NA,NA,NA,NA,NA,NA,NA,NA,NA,NA,NA,NA,NA,2,1,42,1,42101,"101_103",4210160000,42101000100,66,1.12,50,30.869824,9.500672,221.7522362
"1246",58323,655867,1,65586701,119.2137871,197.9930681,1,NA,6.55867e+11,2,6.55867e+13,6558670102,NA,NA,1,NA,NA,2,1,42,1,42101,"101_103",4210160000,42101000100,66,"7:00",5,NA,NA,NA,"0:00","","","","17:30",14,5,NA,NA,NA,NA,NA,NA,NA,NA,NA,NA,NA,NA,NA,NA,NA,NA,NA,NA,NA,NA,NA,NA,NA,NA,NA,NA,NA,NA,NA,NA,4,3,42,3,42079,"",4207975064,42079216502,NA,1.12,70,NA,NA,221.7522362
"1247",58349,656097,1,65609701,293.3707508,111.53459,1,NA,6.56097e+11,1,6.56097e+13,6560970101,NA,NA,1,1,2,1,1,42,1,42101,"101_117",4210160000,42101023800,2411,"",1,NA,NA,NA,"0:00","","","","8:30",14,5,NA,NA,NA,NA,NA,NA,NA,NA,NA,NA,NA,NA,NA,NA,NA,NA,NA,NA,NA,NA,NA,NA,NA,NA,NA,NA,NA,NA,NA,NA,2,1,42,1,42101,"101_107",4210160000,42101037700,419,1.17,40,34.746263,5.098141,130.4954703
"1248",58350,656097,1,65609701,293.3707508,111.53459,1,NA,6.56097e+11,2,6.56097e+13,6560970102,NA,NA,1,NA,NA,2,1,42,1,42101,"101_107",4210160000,42101037700,419,"9:10",5,NA,NA,NA,"0:00","","","","18:15",21,5,NA,NA,NA,NA,NA,NA,NA,NA,NA,NA,NA,NA,NA,NA,NA,NA,NA,NA,NA,NA,NA,NA,NA,NA,NA,NA,NA,NA,NA,NA,1,1,42,1,42101,"101_117",4210160000,42101023800,2411,1.17,40,38.146919,4.993516,130.4954703
"1249",58403,656456,1,65645601,45.31848763,89.63109736,1,NA,6.56456e+11,2,6.56456e+13,6564560102,NA,NA,2,NA,NA,4,1,42,1,42101,"101_103",4210160000,42101000804,46,"10:20",6,NA,NA,NA,"0:15","","","","10:40",23,5,NA,NA,NA,NA,NA,NA,NA,NA,NA,NA,NA,NA,NA,NA,NA,NA,NA,NA,NA,NA,NA,NA,NA,NA,NA,NA,NA,NA,NA,NA,4,1,42,1,42101,"101_110",4210160000,42101036900,1026,1.15,25,13.529194,1.019983,103.075762
"1250",58404,656456,1,65645601,45.31848763,89.63109736,1,NA,6.56456e+11,3,6.56456e+13,6564560103,NA,NA,2,NA,NA,4,1,42,1,42101,"101_110",4210160000,42101036900,1026,"11:05",6,NA,NA,NA,"2:05","","","","13:10",14,5,NA,NA,NA,NA,NA,NA,NA,NA,NA,NA,NA,NA,NA,NA,NA,NA,NA,NA,NA,NA,NA,NA,NA,NA,NA,NA,NA,NA,NA,NA,1,1,42,1,42101,"101_103",4210160000,42101001201,30,1.15,20,10.91853,0.741946,103.075762
"1251",58413,656456,2,65645602,45.31848763,95.72322758,2,NA,6.56456e+11,8,6.56456e+13,6564560208,NA,NA,2,NA,NA,4,1,42,1,42101,"101_103",4210160000,42101000700,62,"15:32",19,NA,NA,NA,"0:02","","","","15:35",14,5,NA,NA,NA,NA,NA,NA,NA,NA,NA,NA,NA,NA,NA,NA,NA,NA,NA,NA,NA,NA,NA,NA,NA,NA,NA,NA,NA,NA,NA,NA,4,1,42,1,42101,"101_103",4210160000,42101001002,51,1.15,15,21.191732,1.964674,110.0817117
"1252",58416,656456,2,65645602,45.31848763,95.72322758,2,NA,6.56456e+11,11,6.56456e+13,6564560211,NA,NA,2,NA,NA,4,1,42,1,42101,"101_103",4210160000,42101001001,53,"18:48",19,NA,NA,NA,"0:01","","","","18:48",14,5,NA,NA,NA,NA,NA,NA,NA,NA,NA,NA,NA,NA,NA,NA,NA,NA,NA,NA,NA,NA,NA,NA,NA,NA,NA,NA,NA,NA,NA,NA,4,1,42,1,42101,"101_103",4210160000,42101000801,50,1.15,0,19.758765,1.679846,110.0817117
"1253",58659,657715,1,65771501,141.9382209,153.906391,1,NA,6.57715e+11,2,6.57715e+13,6577150102,NA,NA,1,NA,NA,4,1,42,1,42101,"101_114",4210160000,42101030200,1610,"6:30",19,NA,NA,NA,"0:05","","","","6:35",21,5,NA,NA,NA,NA,NA,NA,NA,NA,NA,NA,NA,NA,NA,NA,NA,NA,NA,NA,NA,NA,NA,NA,NA,NA,NA,NA,NA,NA,NA,NA,2,1,42,1,42101,"101_103",4210160000,42101000300,116,1.12,35,37.400666,8.223596,172.3751579
"1254",58664,657715,1,65771501,141.9382209,153.906391,1,NA,6.57715e+11,7,6.57715e+13,6577150107,NA,NA,1,NA,NA,4,1,42,1,42101,"101_103",4210160000,42101000300,116,"12:30",5,NA,NA,NA,"3:30","","","","16:00",21,5,NA,NA,NA,NA,NA,NA,NA,NA,NA,NA,NA,NA,NA,NA,NA,NA,NA,NA,NA,NA,NA,NA,NA,NA,NA,NA,NA,NA,NA,NA,4,1,42,1,42101,"101_114",4210160000,42101030200,1610,1.12,30,37.889605,8.202543,172.3751579
"1255",58673,657849,1,65784901,261.351569,114.7451807,1,NA,6.57849e+11,2,6.57849e+13,6578490102,NA,NA,1,NA,NA,4,1,42,1,42045,"045_203",4204579000,42045400500,4459,"7:45",19,NA,NA,NA,"0:04","","","","7:49",21,5,NA,NA,NA,NA,NA,NA,NA,NA,NA,NA,NA,NA,NA,NA,NA,NA,NA,NA,NA,NA,NA,NA,NA,NA,NA,NA,NA,NA,NA,NA,4,3,42,1,42101,"101_105",4210160000,42101037300,1816,1.17,43,48.901306,8.899875,134.2518614
"1256",58676,657849,1,65784901,261.351569,114.7451807,1,NA,6.57849e+11,5,6.57849e+13,6578490105,NA,NA,1,NA,NA,4,1,42,1,42101,"101_112",4210160000,42101002300,844,"16:32",19,NA,NA,NA,"0:06","","","","16:38",21,5,NA,NA,NA,NA,NA,NA,NA,NA,NA,NA,NA,NA,NA,NA,NA,NA,NA,NA,NA,NA,NA,NA,NA,NA,NA,NA,NA,NA,NA,NA,4,1,42,1,42045,"045_203",4204579000,42045400500,4459,1.17,26,37.461131,6.813121,134.2518614
"1257",58679,657849,1,65784901,261.351569,114.7451807,2,NA,6.57849e+11,8,6.57849e+13,6578490108,NA,NA,1,NA,NA,2,1,42,1,42101,"101_112",4210160000,42101002802,836,"18:03",19,NA,NA,NA,"0:09","","","","18:12",21,5,NA,NA,NA,NA,NA,NA,NA,NA,NA,NA,NA,NA,NA,NA,NA,NA,NA,NA,NA,NA,NA,NA,NA,NA,NA,NA,NA,NA,NA,NA,4,1,42,1,42101,"101_110",4210160000,42101009000,1036,1.17,16,26.918236,3.535036,134.2518614
"1258",58682,657849,1,65784901,261.351569,114.7451807,2,NA,6.57849e+11,11,6.57849e+13,6578490111,NA,NA,1,NA,NA,4,1,42,1,42101,"101_110",4210160000,42101009000,1036,"21:27",19,NA,NA,NA,"0:08","","","","21:27",21,5,NA,NA,NA,NA,NA,NA,NA,NA,NA,NA,NA,NA,NA,NA,NA,NA,NA,NA,NA,NA,NA,NA,NA,NA,NA,NA,NA,NA,NA,NA,4,1,42,1,42045,"045_203",4204579000,42045400500,4459,1.17,0,22.900863,4.111161,134.2518614
"1259",58686,657849,2,65784902,261.351569,176.3362436,1,NA,6.57849e+11,2,6.57849e+13,6578490202,NA,NA,1,NA,NA,4,1,42,1,42045,"045_203",4204579000,42045400500,4459,"18:07",19,NA,NA,NA,"0:05","","","","18:12",21,5,NA,NA,NA,NA,NA,NA,NA,NA,NA,NA,NA,NA,NA,NA,NA,NA,NA,NA,NA,NA,NA,NA,NA,NA,NA,NA,NA,NA,NA,NA,4,1,42,1,42101,"101_110",4210160000,42101009000,1036,1.17,16,22.916667,4.107886,206.313405
"1260",58689,657849,2,65784902,261.351569,176.3362436,1,NA,6.57849e+11,5,6.57849e+13,6578490205,NA,NA,1,NA,NA,4,3,42,1,42101,"101_105",4210160000,42101980900,1819,"20:56",19,NA,NA,NA,"0:08","","","","21:04",21,5,NA,NA,NA,NA,NA,NA,NA,NA,NA,NA,NA,NA,NA,NA,NA,NA,NA,NA,NA,NA,NA,NA,NA,NA,NA,NA,NA,NA,NA,NA,1,1,42,1,42045,"045_203",4204579000,42045400401,4448,1.17,23,45.005171,7.024013,206.313405
"1261",58690,657849,2,65784902,261.351569,176.3362436,1,NA,6.57849e+11,6,6.57849e+13,6578490206,NA,NA,1,NA,NA,1,1,42,1,42045,"045_203",4204579000,42045400401,4448,"21:27",19,NA,NA,NA,"0:00","","","","21:27",14,5,NA,NA,NA,NA,NA,NA,NA,NA,NA,NA,NA,NA,NA,NA,NA,NA,NA,NA,NA,NA,NA,NA,NA,NA,NA,NA,NA,NA,NA,NA,1,1,42,1,42045,"045_203",4204579000,42045400401,4448,1.17,0,6.877086,0.189867,206.313405
"1262",58714,658168,1,65816801,264.8909442,114.9420887,1,NA,6.58168e+11,1,6.58168e+13,6581680101,NA,NA,2,2,2,1,1,42,1,42101,"101_103",4210160000,42101000300,122,"",1,2,6,NA,"0:00","","","","9:00",14,5,NA,NA,NA,NA,NA,NA,NA,NA,NA,NA,NA,NA,NA,NA,NA,NA,NA,NA,NA,NA,NA,NA,NA,NA,NA,NA,NA,NA,NA,NA,3,1,42,1,42101,"101_103",4210160000,42101000500,91,1.17,45,13.598143,1.476404,134.4822437
"1263",58715,658168,1,65816801,264.8909442,114.9420887,1,NA,6.58168e+11,2,6.58168e+13,6581680102,NA,NA,2,NA,NA,3,1,42,1,42101,"101_103",4210160000,42101000500,91,"9:45",12,3,6,8,"2:00","","","2:00","9999",14,5,NA,NA,NA,NA,NA,NA,NA,NA,NA,NA,NA,NA,NA,NA,NA,NA,NA,NA,NA,NA,NA,NA,NA,NA,NA,NA,NA,NA,NA,NA,4,1,42,1,42101,"101_103",4210160000,42101000401,103,1.17,NA,NA,NA,134.4822437
"1264",58851,658363,1,65836301,352.520661,155.3330061,1,NA,6.58363e+11,1,6.58363e+13,6583630101,NA,NA,3,3,2,1,1,42,1,42101,"101_101",4210160000,42101017601,1401,"",1,NA,NA,NA,"6:00","","","","10:20",14,5,NA,NA,NA,NA,NA,NA,NA,NA,NA,NA,NA,NA,NA,NA,NA,NA,NA,NA,NA,NA,NA,NA,NA,NA,NA,NA,NA,NA,NA,NA,4,1,42,1,42101,"101_109",4210160000,42101038200,621,1.17,80,26.365749,2.163487,181.7396171
"1265",58854,658363,1,65836301,352.520661,155.3330061,1,NA,6.58363e+11,4,6.58363e+13,6583630104,NA,NA,3,NA,NA,4,1,42,1,42101,"101_109",4210160000,42101017900,619,"12:42",19,NA,NA,NA,"0:07","","","","12:49",14,5,NA,NA,NA,NA,NA,NA,NA,NA,NA,NA,NA,NA,NA,NA,NA,NA,NA,NA,NA,NA,NA,NA,NA,NA,NA,NA,NA,NA,NA,NA,4,3,42,1,42101,"101_109",4210160000,42101017900,619,1.17,671,9.827451,0.274163,181.7396171
"1266",59022,659538,2,65953802,386.0206682,119.0222115,1,NA,6.59538e+11,2,6.59538e+13,6595380202,NA,NA,1,NA,NA,4,1,42,1,42101,"101_110",4210160000,42101008602,1035,"9:11",19,NA,NA,NA,"0:00","","","","9:12",21,5,NA,NA,NA,NA,NA,NA,NA,NA,NA,NA,NA,NA,NA,NA,NA,NA,NA,NA,NA,NA,NA,NA,NA,NA,NA,NA,NA,NA,NA,NA,4,1,42,1,42101,"101_103",4210160000,42101000402,76,1.17,9,14.586315,2.866534,139.2559874
"1267",59025,659538,2,65953802,386.0206682,119.0222115,1,NA,6.59538e+11,5,6.59538e+13,6595380205,NA,NA,1,NA,NA,4,1,42,1,42101,"101_103",4210160000,42101000700,59,"17:30",19,NA,NA,NA,"0:06","","","","17:36",14,5,NA,NA,NA,NA,NA,NA,NA,NA,NA,NA,NA,NA,NA,NA,NA,NA,NA,NA,NA,NA,NA,NA,NA,NA,NA,NA,NA,NA,NA,NA,4,1,42,1,42101,"101_103",4210160000,42101000401,85,1.17,11,11.623152,0.932431,139.2559874
"1268",59026,659538,2,65953802,386.0206682,119.0222115,1,NA,6.59538e+11,6,6.59538e+13,6595380206,NA,NA,1,NA,NA,4,1,42,1,42101,"101_103",4210160000,42101000401,85,"17:47",1,12,NA,NA,"0:15","0:30","","","18:32",14,5,NA,NA,NA,NA,NA,NA,NA,NA,NA,NA,NA,NA,NA,NA,NA,NA,NA,NA,NA,NA,NA,NA,NA,NA,NA,NA,NA,NA,NA,NA,1,1,42,1,42101,"101_110",4210160000,42101008601,1027,1.17,20,22.050062,2.299916,139.2559874
"1269",59228,660425,2,66042502,368.282861,235.2370603,1,NA,6.60425e+11,1,6.60425e+13,6604250201,NA,NA,2,0,2,1,1,42,1,42091,"091_402",4209179136,42091205905,10209,"",1,NA,NA,NA,"1:00","","","","18:05",21,5,NA,NA,NA,NA,NA,NA,NA,NA,NA,NA,NA,NA,NA,NA,NA,NA,NA,NA,NA,NA,NA,NA,NA,NA,NA,NA,NA,NA,NA,NA,1,1,42,1,42091,"091_402",4209179136,42091205905,10209,1.12,60,18.543904,0.652096,263.4655075
"1270",59309,661109,1,66110901,190.4363664,1700.366227,1,NA,6.61109e+11,2,6.61109e+13,6611090102,NA,NA,1,NA,NA,2,1,42,1,42101,"101_110",4210160000,42101036900,1026,"8:40",19,NA,NA,NA,"0:00","","","","8:40",21,5,NA,NA,NA,NA,NA,NA,NA,NA,NA,NA,NA,NA,NA,NA,NA,NA,NA,NA,NA,NA,NA,NA,NA,NA,NA,NA,NA,NA,NA,NA,2,1,42,1,42101,"101_110",4210160000,42101009100,1037,1.17,NA,11.583021,1.22389,1989.428485
"1271",59917,665558,1,66555801,294.0675695,665.6948705,1,NA,6.65558e+11,1,6.65558e+13,6655580101,NA,NA,2,2,2,1,1,42,1,42091,"091_401",4209144976,42091205501,10007,"",1,NA,NA,NA,"0:00","","","","9:50",14,5,NA,NA,NA,NA,NA,NA,NA,NA,NA,NA,NA,NA,NA,NA,NA,NA,NA,NA,NA,NA,NA,NA,NA,NA,NA,NA,NA,NA,NA,NA,4,1,42,1,42091,"091_401",4209144976,42091205300,10012,1.17,10,13.90321,1.223733,778.8629985
"1272",59918,665558,1,66555801,294.0675695,665.6948705,1,NA,6.65558e+11,2,6.65558e+13,6655580102,NA,NA,2,NA,NA,4,1,42,1,42091,"091_401",4209144976,42091205300,10012,"10:00",14,NA,NA,NA,"1:00","","","","11:30",14,5,NA,NA,NA,NA,NA,NA,NA,NA,NA,NA,NA,NA,NA,NA,NA,NA,NA,NA,NA,NA,NA,NA,NA,NA,NA,NA,NA,NA,NA,NA,4,3,42,1,42045,"045_206",4204533144,42045408800,5019,1.17,8,14.803443,1.407313,778.8629985
"1273",59919,665558,1,66555801,294.0675695,665.6948705,1,NA,6.65558e+11,3,6.65558e+13,6655580103,NA,NA,2,NA,NA,4,3,42,1,42045,"045_206",4204533144,42045408800,5019,"11:38",14,NA,NA,NA,"0:00","","","","9998",14,5,NA,NA,NA,NA,NA,NA,NA,NA,NA,NA,NA,NA,NA,NA,NA,NA,NA,NA,NA,NA,NA,NA,NA,NA,NA,NA,NA,NA,NA,NA,1,1,42,1,42091,"091_401",4209144976,42091205501,10007,1.17,NA,NA,NA,778.8629985
"1274",60014,666039,2,66603902,480.4399716,879.8757634,1,NA,6.66039e+11,1,6.66039e+13,6660390201,NA,NA,1,2,2,1,1,42,1,42101,"101_110",4210160000,42101007700,1015,"",1,NA,NA,NA,"4:00","","","","8:00",23,5,NA,NA,NA,NA,NA,NA,NA,NA,NA,NA,NA,NA,NA,NA,NA,NA,NA,NA,NA,NA,NA,NA,NA,NA,NA,NA,NA,NA,NA,NA,2,1,42,1,42101,"101_107",4210160000,42101037700,414,1.17,50,37.413835,5.235501,1029.454643
"1275",60015,666039,2,66603902,480.4399716,879.8757634,1,NA,6.66039e+11,2,6.66039e+13,6660390202,NA,NA,1,NA,NA,2,1,42,1,42101,"101_107",4210160000,42101037700,414,"8:50",5,7,NA,NA,"9:00","0:30","","","18:25",21,5,NA,NA,NA,NA,NA,NA,NA,NA,NA,NA,NA,NA,NA,NA,NA,NA,NA,NA,NA,NA,NA,NA,NA,NA,NA,NA,NA,NA,NA,NA,4,1,42,1,42101,"101_103",4210160000,42101000700,61,1.17,20,24.654265,2.778637,1029.454643
"1276",60016,666039,2,66603902,480.4399716,879.8757634,1,NA,6.66039e+11,3,6.66039e+13,6660390203,NA,NA,1,NA,NA,4,1,42,1,42101,"101_103",4210160000,42101000700,61,"18:45",11,NA,NA,NA,"1:30","","","","20:15",14,5,NA,NA,NA,NA,NA,NA,NA,NA,NA,NA,NA,NA,NA,NA,NA,NA,NA,NA,NA,NA,NA,NA,NA,NA,NA,NA,NA,NA,NA,NA,1,1,42,1,42101,"101_110",4210160000,42101007700,1015,1.17,25,17.319933,2.542916,1029.454643
"1277",60018,666039,3,66603903,480.4399716,748.99298,1,NA,6.66039e+11,1,6.66039e+13,6660390301,NA,NA,1,2,2,1,1,42,1,42101,"101_110",4210160000,42101007700,1015,"",1,NA,NA,NA,"4:15","","","","7:50",23,5,NA,NA,NA,NA,NA,NA,NA,NA,NA,NA,NA,NA,NA,NA,NA,NA,NA,NA,NA,NA,NA,NA,NA,NA,NA,NA,NA,NA,NA,NA,2,1,42,1,42101,"101_103",4210160000,42101001202,25,1.17,40,28.020657,2.841587,876.3217866
"1278",60019,666039,3,66603903,480.4399716,748.99298,1,NA,6.66039e+11,2,6.66039e+13,6660390302,NA,NA,1,NA,NA,2,1,42,1,42101,"101_103",4210160000,42101001202,25,"8:30",10,5,7,NA,"7:30","0:20","0:15","","17:10",14,5,NA,NA,NA,NA,NA,NA,NA,NA,NA,NA,NA,NA,NA,NA,NA,NA,NA,NA,NA,NA,NA,NA,NA,NA,NA,NA,NA,NA,NA,NA,4,1,42,1,42101,"101_110",4210160000,42101008701,1033,1.17,35,24.514965,2.597578,876.3217866
"1279",60037,666100,4,66610004,283.1680956,1082.089411,1,NA,6.661e+11,1,6.661e+13,6661000401,NA,NA,2,1,2,1,1,42,1,42045,"045_206",4204533144,42045409300,5003,"",1,NA,NA,NA,"4:00","","","","7:00",14,5,NA,NA,NA,NA,NA,NA,NA,NA,NA,NA,NA,NA,NA,NA,NA,NA,NA,NA,NA,NA,NA,NA,NA,NA,NA,NA,NA,NA,NA,NA,3,6,42,1,42045,"045_206",4204547616,42045408001,5029,1.12,70,47.8624,7.458258,1211.940141
"1280",60038,666100,4,66610004,283.1680956,1082.089411,1,NA,6.661e+11,2,6.661e+13,6661000402,NA,NA,2,NA,NA,3,6,42,1,42045,"045_206",4204547616,42045408001,5029,"8:10",3,NA,NA,NA,"6:23","","","","14:33",14,5,NA,NA,NA,NA,NA,NA,NA,NA,NA,NA,NA,NA,NA,NA,NA,NA,NA,NA,NA,NA,NA,NA,NA,NA,NA,NA,NA,NA,NA,NA,1,1,42,1,42045,"045_206",4204533144,42045409300,5003,1.12,42,41.596258,6.59619,1211.940141
"1281",60462,669101,1,66910101,391.4532792,126.5286508,1,NA,6.69101e+11,1,6.69101e+13,6691010101,NA,NA,3,5,2,4,1,42,1,42101,"101_110",4210160000,42101007400,1007,"",1,NA,NA,NA,"5:17","","","","8:17",23,5,NA,NA,NA,NA,NA,NA,NA,NA,NA,NA,NA,NA,NA,NA,NA,NA,NA,NA,NA,NA,NA,NA,NA,NA,NA,NA,NA,NA,NA,NA,4,1,42,1,42101,"101_103",4210160000,42101000500,74,1.17,31,21.662016,3.202002,148.0385214
"1282",60463,669101,1,66910101,391.4532792,126.5286508,1,NA,6.69101e+11,2,6.69101e+13,6691010102,NA,NA,3,NA,NA,4,1,42,1,42101,"101_103",4210160000,42101000500,74,"8:48",19,NA,NA,NA,"0:00","","","","8:49",21,5,NA,NA,NA,NA,NA,NA,NA,NA,NA,NA,NA,NA,NA,NA,NA,NA,NA,NA,NA,NA,NA,NA,NA,NA,NA,NA,NA,NA,NA,NA,2,1,42,1,42101,"101_107",4210160000,42101014600,409,1.17,12,15.155953,1.986985,148.0385214
"1283",60464,669101,1,66910101,391.4532792,126.5286508,1,NA,6.69101e+11,3,6.69101e+13,6691010103,NA,NA,3,NA,NA,2,1,42,1,42101,"101_107",4210160000,42101014600,409,"9:01",11,5,NA,NA,"7:55","","","","17:30",21,5,NA,NA,NA,NA,NA,NA,NA,NA,NA,NA,NA,NA,NA,NA,NA,NA,NA,NA,NA,NA,NA,NA,NA,NA,NA,NA,NA,NA,NA,NA,4,1,42,1,42101,"101_103",4210160000,42101000804,44,1.17,29,17.962982,2.372967,148.0385214
"1284",60467,669101,1,66910101,391.4532792,126.5286508,1,NA,6.69101e+11,6,6.69101e+13,6691010106,NA,NA,3,NA,NA,4,1,42,1,42101,"101_112",4210160000,42101002300,844,"19:39",19,NA,NA,NA,"0:00","","","","19:42",21,5,NA,NA,NA,NA,NA,NA,NA,NA,NA,NA,NA,NA,NA,NA,NA,NA,NA,NA,NA,NA,NA,NA,NA,NA,NA,NA,NA,NA,NA,NA,1,1,42,1,42101,"101_112",4210160000,42101004102,807,1.17,17,16.740098,1.734739,148.0385214
"1285",60469,669101,1,66910101,391.4532792,126.5286508,2,NA,6.69101e+11,8,6.69101e+13,6691010108,NA,NA,2,NA,NA,4,1,42,1,42101,"101_112",4210160000,42101037200,804,"21:11",19,NA,NA,NA,"0:00","","","","21:18",21,5,NA,NA,NA,NA,NA,NA,NA,NA,NA,NA,NA,NA,NA,NA,NA,NA,NA,NA,NA,NA,NA,NA,NA,NA,NA,NA,NA,NA,NA,NA,4,1,42,1,42101,"101_112",4210160000,42101002300,844,1.17,4,17.829824,2.012749,148.0385214
"1286",60470,669101,1,66910101,391.4532792,126.5286508,2,NA,6.69101e+11,9,6.69101e+13,6691010109,NA,NA,2,NA,NA,4,1,42,1,42101,"101_112",4210160000,42101002300,844,"21:22",19,NA,NA,NA,"0:00","","","","21:23",14,5,NA,NA,NA,NA,NA,NA,NA,NA,NA,NA,NA,NA,NA,NA,NA,NA,NA,NA,NA,NA,NA,NA,NA,NA,NA,NA,NA,NA,NA,NA,1,1,42,1,42101,"101_112",4210160000,42101004102,807,1.17,23,16.740098,1.734739,148.0385214
"1287",60473,669101,2,66910102,391.4532792,138.1390511,1,NA,6.69101e+11,2,6.69101e+13,6691010202,NA,NA,3,NA,NA,4,1,42,1,42101,"101_112",4210160000,42101037200,804,"8:30",19,NA,NA,NA,"0:00","","","","8:35",21,5,NA,NA,NA,NA,NA,NA,NA,NA,NA,NA,NA,NA,NA,NA,NA,NA,NA,NA,NA,NA,NA,NA,NA,NA,NA,NA,NA,NA,NA,NA,2,1,42,1,42101,"101_103",4210160000,42101000500,91,1.17,25,20.573194,2.98037,161.6226898
"1288",60476,669101,2,66910102,391.4532792,138.1390511,1,NA,6.69101e+11,5,6.69101e+13,6691010205,NA,NA,3,NA,NA,4,1,42,1,42101,"101_112",4210160000,42101003002,839,"19:00",19,NA,NA,NA,"0:00","","","","19:10",14,5,NA,NA,NA,NA,NA,NA,NA,NA,NA,NA,NA,NA,NA,NA,NA,NA,NA,NA,NA,NA,NA,NA,NA,NA,NA,NA,NA,NA,NA,NA,4,1,42,1,42101,"101_112",4210160000,42101002500,842,1.17,20,14.867484,1.548283,161.6226898
"1289",60477,669101,2,66910102,391.4532792,138.1390511,1,NA,6.69101e+11,6,6.69101e+13,6691010206,NA,NA,3,NA,NA,4,1,42,1,42101,"101_112",4210160000,42101002500,842,"19:30",14,NA,NA,NA,"2:00","","","","21:30",14,5,NA,NA,NA,NA,NA,NA,NA,NA,NA,NA,NA,NA,NA,NA,NA,NA,NA,NA,NA,NA,NA,NA,NA,NA,NA,NA,NA,NA,NA,NA,4,1,42,1,42101,"101_110",4210160000,42101007400,1007,1.17,30,24.731294,4.116557,161.6226898
"1290",60652,670133,1,67013301,318.6405375,104.3594307,1,NA,6.70133e+11,2,6.70133e+13,6701330102,NA,NA,3,NA,NA,4,3,42,1,42101,"101_106",4210160000,42101012204,2215,"5:50",19,NA,NA,NA,"0:00","","","","5:55",14,5,NA,NA,NA,NA,NA,NA,NA,NA,NA,NA,NA,NA,NA,NA,NA,NA,NA,NA,NA,NA,NA,NA,NA,NA,NA,NA,NA,NA,NA,NA,4,1,42,1,42045,"045_203",4204579000,42045400500,4459,1.17,20,30.448818,0.513519,122.1005339
"1291",60653,670133,1,67013301,318.6405375,104.3594307,1,NA,6.70133e+11,3,6.70133e+13,6701330103,NA,NA,3,NA,NA,4,1,42,1,42045,"045_203",4204579000,42045400500,4459,"6:15",19,NA,NA,NA,"0:00","","","","6:30",21,5,NA,NA,NA,NA,NA,NA,NA,NA,NA,NA,NA,NA,NA,NA,NA,NA,NA,NA,NA,NA,NA,NA,NA,NA,NA,NA,NA,NA,NA,NA,4,1,42,1,42091,"091_402",4209108568,42091205700,10201,1.17,17,33.104265,12.715717,122.1005339
"1292",60654,670133,1,67013301,318.6405375,104.3594307,1,NA,6.70133e+11,4,6.70133e+13,6701330104,NA,NA,3,NA,NA,4,1,42,1,42091,"091_402",4209108568,42091205700,10201,"6:47",19,NA,NA,NA,"0:00","","","","6:50",14,5,NA,NA,NA,NA,NA,NA,NA,NA,NA,NA,NA,NA,NA,NA,NA,NA,NA,NA,NA,NA,NA,NA,NA,NA,NA,NA,NA,NA,NA,NA,4,1,42,1,42091,"091_403",4209154656,42091203902,10422,1.17,8,12.816427,0.876486,122.1005339
"1293",60655,670133,1,67013301,318.6405375,104.3594307,1,NA,6.70133e+11,5,6.70133e+13,6701330105,NA,NA,3,NA,NA,4,1,42,1,42091,"091_403",4209154656,42091203902,10422,"6:58",19,NA,NA,NA,"0:00","","","","7:00",14,5,NA,NA,NA,NA,NA,NA,NA,NA,NA,NA,NA,NA,NA,NA,NA,NA,NA,NA,NA,NA,NA,NA,NA,NA,NA,NA,NA,NA,NA,NA,4,3,42,1,42091,"091_403",4209121600,42091203303,10402,1.17,10,25.088549,3.354842,122.1005339
"1294",60660,670133,1,67013301,318.6405375,104.3594307,1,NA,6.70133e+11,10,6.70133e+13,6701330110,NA,NA,3,NA,NA,4,3,42,1,42091,"091_403",4209121600,42091203303,10402,"17:50",19,NA,NA,NA,"0:10","","","","18:00",14,5,NA,NA,NA,NA,NA,NA,NA,NA,NA,NA,NA,NA,NA,NA,NA,NA,NA,NA,NA,NA,NA,NA,NA,NA,NA,NA,NA,NA,NA,NA,4,1,42,1,42091,"091_403",4209154656,42091203902,10422,1.17,15,23.654335,3.007315,122.1005339
"1295",60977,672259,3,67225903,1019.897822,162.9821446,1,NA,6.72259e+11,1,6.72259e+13,6722590301,NA,NA,2,1,2,1,1,42,1,42101,"101_109",4210160000,42101017900,614,"",1,NA,NA,NA,"2:00","","","","14:00",14,5,NA,NA,NA,NA,NA,NA,NA,NA,NA,NA,NA,NA,NA,NA,NA,NA,NA,NA,NA,NA,NA,NA,NA,NA,NA,NA,NA,NA,NA,NA,4,1,42,1,42101,"101_109",4210160000,42101037900,623,1.17,34,21.893496,1.93313,190.6891092
"1296",60978,672259,3,67225903,1019.897822,162.9821446,1,NA,6.72259e+11,2,6.72259e+13,6722590302,NA,NA,2,NA,NA,4,1,42,1,42101,"101_109",4210160000,42101037900,623,"14:34",8,NA,NA,NA,"1:10","","","","15:44",14,5,NA,NA,NA,NA,NA,NA,NA,NA,NA,NA,NA,NA,NA,NA,NA,NA,NA,NA,NA,NA,NA,NA,NA,NA,NA,NA,NA,NA,NA,NA,1,1,42,1,42101,"101_109",4210160000,42101017900,614,1.17,46,19.317481,1.974001,190.6891092
"1297",61196,673659,1,67365901,202.8848881,161.6203081,1,NA,6.73659e+11,1,6.73659e+13,6736590101,NA,NA,3,0,2,2,1,42,1,42101,"101_103",4210160000,42101000402,97,"",5,NA,NA,NA,"0:00","","","","16:30",21,5,NA,NA,NA,NA,NA,NA,NA,NA,NA,NA,NA,NA,NA,NA,NA,NA,NA,NA,NA,NA,NA,NA,NA,NA,NA,NA,NA,NA,NA,NA,1,1,42,1,42101,"101_101",4210160000,42101017400,1405,1.17,34,26.652471,3.959971,189.0957604
"1298",61199,673659,2,67365902,202.8848881,162.7166381,1,NA,6.73659e+11,2,6.73659e+13,6736590202,NA,NA,2,NA,NA,4,1,42,1,42101,"101_103",4210160000,42101000500,74,"14:20",6,NA,NA,NA,"0:00","","","","14:40",21,5,NA,NA,NA,NA,NA,NA,NA,NA,NA,NA,NA,NA,NA,NA,NA,NA,NA,NA,NA,NA,NA,NA,NA,NA,NA,NA,NA,NA,NA,NA,1,1,42,1,42101,"101_101",4210160000,42101017400,1405,1.17,20,20.799954,3.304708,190.3784666
"1299",61202,673683,1,67368301,318.6405375,107.0965948,1,NA,6.73683e+11,2,6.73683e+13,6736830102,NA,NA,1,NA,NA,2,1,42,1,42101,"101_103",4210160000,42101001001,53,"8:15",5,NA,NA,NA,"8:00","","","","16:50",14,5,NA,NA,NA,NA,NA,NA,NA,NA,NA,NA,NA,NA,NA,NA,NA,NA,NA,NA,NA,NA,NA,NA,NA,NA,NA,NA,NA,NA,NA,NA,4,1,42,1,42101,"101_117",4210160000,42101023100,2434,1.17,130,36.111939,10.183722,125.3030159
"1300",61324,674501,1,67450101,143.1983983,113.4884073,1,NA,6.74501e+11,3,6.74501e+13,6745010103,NA,NA,1,NA,NA,4,1,42,1,42101,"101_103",4210160000,42101000402,92,"7:57",19,NA,NA,NA,"0:00","","","","8:00",14,5,NA,NA,NA,NA,NA,NA,NA,NA,NA,NA,NA,NA,NA,NA,NA,NA,NA,NA,NA,NA,NA,NA,NA,NA,NA,NA,NA,NA,NA,NA,2,1,42,1,42101,"101_103",4210160000,42101012500,134,1.17,16,9.912763,0.859108,132.7814365
"1301",61326,674501,1,67450101,143.1983983,113.4884073,1,NA,6.74501e+11,5,6.74501e+13,6745010105,NA,NA,1,NA,NA,2,1,42,1,42101,"101_103",4210160000,42101012500,134,"17:45",19,NA,NA,NA,"0:00","","","","17:50",23,5,NA,NA,NA,NA,NA,NA,NA,NA,NA,NA,NA,NA,NA,NA,NA,NA,NA,NA,NA,NA,NA,NA,NA,NA,NA,NA,NA,NA,NA,NA,2,1,42,1,42101,"101_103",4210160000,42101012500,134,1.17,50,6.052121,0.138928,132.7814365
"1302",61463,675206,1,67520601,523.2724006,999.8310838,2,NA,6.75206e+11,4,6.75206e+13,6752060104,NA,NA,2,1,NA,1,1,42,1,42091,"091_409",4209141432,42091200903,11613,"15:50",1,NA,NA,NA,"0:00","","","","18:20",14,5,NA,NA,NA,NA,NA,NA,NA,NA,NA,NA,NA,NA,NA,NA,NA,NA,NA,NA,NA,NA,NA,NA,NA,NA,NA,NA,NA,NA,NA,NA,4,1,42,1,42091,"091_409",4209150640,42091200602,11625,1.17,55,26.659649,3.532397,1169.802368
"1303",61464,675206,1,67520601,523.2724006,999.8310838,2,NA,6.75206e+11,5,6.75206e+13,6752060105,NA,NA,2,NA,NA,4,1,42,1,42091,"091_409",4209150640,42091200602,11625,"19:15",11,NA,NA,NA,"0:30","","","","9999",14,5,NA,NA,NA,NA,NA,NA,NA,NA,NA,NA,NA,NA,NA,NA,NA,NA,NA,NA,NA,NA,NA,NA,NA,NA,NA,NA,NA,NA,NA,NA,1,1,42,1,42091,"091_409",4209141432,42091200903,11613,1.17,NA,NA,NA,1169.802368
"1304",61499,675479,4,67547904,414.709692,540.4490179,1,NA,6.75479e+11,1,6.75479e+13,6754790401,NA,NA,2,1,2,1,1,42,1,42101,"101_117",4210160000,42101025700,2436,"",1,NA,NA,NA,"0:00","","","","7:35",14,5,NA,NA,NA,NA,NA,NA,NA,NA,NA,NA,NA,NA,NA,NA,NA,NA,NA,NA,NA,NA,NA,NA,NA,NA,NA,NA,NA,NA,NA,NA,3,1,42,1,42101,"101_117",4210160000,42101024100,2407,1.12,25,27.263917,3.346112,605.3029001
"1305",61500,675479,4,67547904,414.709692,540.4490179,1,NA,6.75479e+11,2,6.75479e+13,6754790402,NA,NA,2,NA,NA,3,1,42,1,42101,"101_117",4210160000,42101024100,2407,"8:00",3,NA,NA,NA,"6:45","","","","14:45",14,5,NA,NA,NA,NA,NA,NA,NA,NA,NA,NA,NA,NA,NA,NA,NA,NA,NA,NA,NA,NA,NA,NA,NA,NA,NA,NA,NA,NA,NA,NA,1,1,42,1,42101,"101_117",4210160000,42101025700,2436,1.12,30,29.343872,3.24034,605.3029001
"1306",61514,675601,1,67560101,212.6269534,79.12786719,1,NA,6.75601e+11,1,6.75601e+13,6756010101,NA,NA,3,1,2,2,1,42,1,42045,"045_202",4204575648,42045407600,4249,"",1,NA,NA,NA,"3:30","","","","8:18",14,5,NA,NA,NA,NA,NA,NA,NA,NA,NA,NA,NA,NA,NA,NA,NA,NA,NA,NA,NA,NA,NA,NA,NA,NA,NA,NA,NA,NA,NA,NA,2,1,42,1,42101,"101_110",4210160000,42101036900,1014,1.13,42,30.786883,9.899003,89.41448992
"1307",61515,675601,1,67560101,212.6269534,79.12786719,1,NA,6.75601e+11,2,6.75601e+13,6756010102,NA,NA,3,NA,NA,2,1,42,1,42101,"101_110",4210160000,42101036900,1014,"9:00",5,NA,NA,NA,"8:00","","","","17:00",14,5,NA,NA,NA,NA,NA,NA,NA,NA,NA,NA,NA,NA,NA,NA,NA,NA,NA,NA,NA,NA,NA,NA,NA,NA,NA,NA,NA,NA,NA,NA,1,1,42,1,42045,"045_202",4204575648,42045407600,4249,1.13,60,31.908894,9.898732,89.41448992
"1308",61556,675848,1,67584801,40.47399819,92.8880086,1,NA,6.75848e+11,2,6.75848e+13,6758480102,NA,NA,1,NA,NA,4,1,42,1,42101,"101_117",4210160000,42101023100,2434,"9998",17,NA,NA,NA,"0:00","","","","9998",14,5,NA,NA,NA,NA,NA,NA,NA,NA,NA,NA,NA,NA,NA,NA,NA,NA,NA,NA,NA,NA,NA,NA,NA,NA,NA,NA,NA,NA,NA,NA,2,1,42,3,42079,"",4207961656,42079213900,NA,1.15,NA,NA,NA,106.8212099
"1309",61687,676790,1,67679001,121.2952613,134.1867285,1,NA,6.7679e+11,3,6.7679e+13,6767900103,NA,NA,3,NA,NA,4,1,42,1,42101,"101_110",4210160000,42101980000,1040,"10:24",19,NA,NA,NA,"0:10","","","","9999",23,5,NA,NA,NA,NA,NA,NA,NA,NA,NA,NA,NA,NA,NA,NA,NA,NA,NA,NA,NA,NA,NA,NA,NA,NA,NA,NA,NA,NA,NA,NA,4,1,42,1,42101,"101_102",4210160000,42101980400,2002,1.17,NA,NA,NA,156.9984724
"1310",61867,677966,1,67796601,312.7658348,148.9550239,1,NA,6.77966e+11,1,6.77966e+13,6779660101,NA,NA,1,1,2,1,1,42,1,42101,"101_110",4210160000,42101007900,1021,"",1,NA,NA,NA,"5:00","","","","8:00",21,5,NA,NA,NA,NA,NA,NA,NA,NA,NA,NA,NA,NA,NA,NA,NA,NA,NA,NA,NA,NA,NA,NA,NA,NA,NA,NA,NA,NA,NA,NA,2,1,42,1,42101,"101_103",4210160000,42101000300,117,1.12,20,27.364038,3.424048,166.8296268
"1311",61868,677966,1,67796601,312.7658348,148.9550239,1,NA,6.77966e+11,2,6.77966e+13,6779660102,NA,NA,1,NA,NA,2,1,42,1,42101,"101_103",4210160000,42101000300,117,"8:20",5,NA,NA,NA,"9:00","","","","18:00",21,5,NA,NA,NA,NA,NA,NA,NA,NA,NA,NA,NA,NA,NA,NA,NA,NA,NA,NA,NA,NA,NA,NA,NA,NA,NA,NA,NA,NA,NA,NA,1,1,42,1,42101,"101_110",4210160000,42101007900,1021,1.12,43,26.811566,3.335853,166.8296268
"1312",62318,680899,1,68089901,148.9647419,103.3021812,1,NA,6.80899e+11,1,6.80899e+13,6808990101,NA,NA,2,3,2,1,1,42,1,42101,"101_103",4210160000,42101000402,97,"",1,NA,NA,NA,"6:00","","","","9:00",14,5,NA,NA,NA,NA,NA,NA,NA,NA,NA,NA,NA,NA,NA,NA,NA,NA,NA,NA,NA,NA,NA,NA,NA,NA,NA,NA,NA,NA,NA,NA,4,1,42,1,42101,"101_103",4210160000,42101000902,38,1.12,30,11.731854,1.411864,115.698443
"1313",62321,680899,1,68089901,148.9647419,103.3021812,1,NA,6.80899e+11,4,6.80899e+13,6808990104,NA,NA,2,NA,NA,4,3,42,1,42101,"101_103",4210160000,42101000500,74,"11:25",19,NA,NA,NA,"0:00","","","","9999",14,5,NA,NA,NA,NA,NA,NA,NA,NA,NA,NA,NA,NA,NA,NA,NA,NA,NA,NA,NA,NA,NA,NA,NA,NA,NA,NA,NA,NA,NA,NA,1,1,42,1,42101,"101_103",4210160000,42101000402,97,1.12,NA,NA,NA,115.698443
"1314",62323,680899,2,68089902,148.9647419,125.0257654,1,NA,6.80899e+11,1,6.80899e+13,6808990201,NA,NA,2,3,2,1,1,42,1,42101,"101_103",4210160000,42101000402,97,"",1,NA,NA,NA,"6:00","","","","9:00",14,5,NA,NA,NA,NA,NA,NA,NA,NA,NA,NA,NA,NA,NA,NA,NA,NA,NA,NA,NA,NA,NA,NA,NA,NA,NA,NA,NA,NA,NA,NA,4,1,42,1,42101,"101_103",4210160000,42101000600,56,1.12,35,10.911976,0.927721,140.0288573
"1315",62326,680899,2,68089902,148.9647419,125.0257654,1,NA,6.80899e+11,4,6.80899e+13,6808990204,NA,NA,2,NA,NA,4,3,42,1,42101,"101_103",4210160000,42101000500,74,"11:25",19,NA,NA,NA,"0:00","","","","9999",14,5,NA,NA,NA,NA,NA,NA,NA,NA,NA,NA,NA,NA,NA,NA,NA,NA,NA,NA,NA,NA,NA,NA,NA,NA,NA,NA,NA,NA,NA,NA,1,1,42,1,42101,"101_103",4210160000,42101000402,97,1.12,NA,NA,NA,140.0288573
"1316",62365,681176,3,68117603,97.91940843,113.6643729,1,NA,6.81176e+11,1,6.81176e+13,6811760301,NA,NA,3,2,2,1,1,42,1,42091,"091_401",4209144976,42091205503,10001,"",1,NA,NA,NA,"13:30","","","","16:45",21,5,NA,NA,NA,NA,NA,NA,NA,NA,NA,NA,NA,NA,NA,NA,NA,NA,NA,NA,NA,NA,NA,NA,NA,NA,NA,NA,NA,NA,NA,NA,4,1,42,1,42045,"045_203",4204579000,42045400500,4459,1.15,0,25.002805,3.167185,130.7140289
"1317",62366,681176,3,68117603,97.91940843,113.6643729,1,NA,6.81176e+11,2,6.81176e+13,6811760302,NA,NA,3,NA,NA,4,1,42,1,42045,"045_203",4204579000,42045400500,4459,"16:45",19,NA,NA,NA,"0:01","","","","16:46",21,5,NA,NA,NA,NA,NA,NA,NA,NA,NA,NA,NA,NA,NA,NA,NA,NA,NA,NA,NA,NA,NA,NA,NA,NA,NA,NA,NA,NA,NA,NA,4,1,42,1,42101,"101_103",4210160000,42101000500,72,1.15,44,25.083333,5.630865,130.7140289
"1318",62418,681910,1,68191001,294.8345501,322.8064417,1,NA,6.8191e+11,3,6.8191e+13,6819100103,NA,NA,1,NA,NA,4,1,42,1,42045,"045_203",4204541440,42045401800,4423,"9:28",19,NA,NA,NA,"0:00","","","","9:35",14,5,NA,NA,NA,NA,NA,NA,NA,NA,NA,NA,NA,NA,NA,NA,NA,NA,NA,NA,NA,NA,NA,NA,NA,NA,NA,NA,NA,NA,NA,NA,4,1,42,1,42045,"045_203",4204579000,42045400301,4447,1.17,10,19.134977,1.46416,377.6835368
"1319",62419,681910,1,68191001,294.8345501,322.8064417,1,NA,6.8191e+11,4,6.8191e+13,6819100104,NA,NA,1,NA,NA,4,1,42,1,42045,"045_203",4204579000,42045400301,4447,"9:45",19,NA,NA,NA,"0:00","","","","9:55",14,5,NA,NA,NA,NA,NA,NA,NA,NA,NA,NA,NA,NA,NA,NA,NA,NA,NA,NA,NA,NA,NA,NA,NA,NA,NA,NA,NA,NA,NA,NA,4,1,42,1,42101,"101_110",4210160000,42101036900,1020,1.17,20,24.450779,3.113357,377.6835368
"1320",62445,682191,1,68219101,409.1648356,272.3219083,1,NA,6.82191e+11,2,6.82191e+13,6821910102,NA,NA,1,NA,NA,4,1,42,1,42101,"101_117",4210160000,42101024900,2423,"8:05",18,NA,NA,NA,"0:10","","","","8:15",21,5,NA,NA,NA,NA,NA,NA,NA,NA,NA,NA,NA,NA,NA,NA,NA,NA,NA,NA,NA,NA,NA,NA,NA,NA,NA,NA,NA,NA,NA,NA,2,1,42,1,42101,"101_103",4210160000,42101000402,93,1.12,30,34.308503,8.002242,305.0005373
"1321",62495,682503,2,68250302,186.7212752,187.8319999,1,NA,6.82503e+11,2,6.82503e+13,6825030202,NA,NA,1,NA,NA,4,3,42,1,42101,"101_103",4210160000,42101013401,139,"7:44",19,NA,NA,NA,"0:00","","","","8:05",14,5,NA,NA,NA,NA,NA,NA,NA,NA,NA,NA,NA,NA,NA,NA,NA,NA,NA,NA,NA,NA,NA,NA,NA,NA,NA,NA,NA,NA,NA,NA,4,1,42,1,42101,"101_104",4210160000,42101031600,3014,1.17,20,56.332533,10.385652,219.7634399
"1322",62496,682503,2,68250302,186.7212752,187.8319999,1,NA,6.82503e+11,3,6.82503e+13,6825030203,NA,NA,1,NA,NA,4,1,42,1,42101,"101_104",4210160000,42101031600,3014,"8:25",19,NA,NA,NA,"0:01","","","","8:26",23,5,NA,NA,NA,NA,NA,NA,NA,NA,NA,NA,NA,NA,NA,NA,NA,NA,NA,NA,NA,NA,NA,NA,NA,NA,NA,NA,NA,NA,NA,NA,4,1,42,1,42101,"101_110",4210160000,42101980000,1040,1.17,4,47.07415,10.253145,219.7634399
"1323",62499,682503,2,68250302,186.7212752,187.8319999,1,NA,6.82503e+11,6,6.82503e+13,6825030206,NA,NA,1,NA,NA,4,1,42,1,42101,"101_104",4210160000,42101031600,3014,"17:25",19,6,NA,NA,"0:00","","","","17:45",14,5,NA,NA,NA,NA,NA,NA,NA,NA,NA,NA,NA,NA,NA,NA,NA,NA,NA,NA,NA,NA,NA,NA,NA,NA,NA,NA,NA,NA,NA,NA,1,1,42,1,42101,"101_107",4210160000,42101013700,406,1.17,40,53.887332,9.167045,219.7634399
"1324",62519,682683,1,68268301,80.14183206,94.45910441,1,NA,6.82683e+11,1,6.82683e+13,6826830101,NA,NA,1,1,2,1,1,42,1,42045,"045_206",4204533144,42045408700,5016,"",1,NA,NA,NA,"0:00","","","","9998",14,5,NA,NA,NA,NA,NA,NA,NA,NA,NA,NA,NA,NA,NA,NA,NA,NA,NA,NA,NA,NA,NA,NA,NA,NA,NA,NA,NA,NA,NA,NA,2,1,42,1,42101,"101_103",4210160000,42101000402,96,1.15,NA,NA,NA,108.6279701
"1325",62520,682683,1,68268301,80.14183206,94.45910441,1,NA,6.82683e+11,2,6.82683e+13,6826830102,NA,NA,1,NA,NA,2,1,42,1,42101,"101_103",4210160000,42101000402,96,"8:05",5,NA,NA,NA,"9:00","","","","17:05",14,5,NA,NA,NA,NA,NA,NA,NA,NA,NA,NA,NA,NA,NA,NA,NA,NA,NA,NA,NA,NA,NA,NA,NA,NA,NA,NA,NA,NA,NA,NA,1,1,42,1,42045,"045_206",4204533144,42045408700,5016,1.15,55,43.529662,9.354034,108.6279701
"1326",62981,685760,1,68576001,186.7212752,193.7133272,1,NA,6.8576e+11,2,6.8576e+13,6857600102,NA,NA,1,NA,NA,2,1,42,1,42101,"101_103",4210160000,42101000700,59,"9:35",5,NA,NA,NA,"6:30","","","","16:05",21,5,NA,NA,NA,NA,NA,NA,NA,NA,NA,NA,NA,NA,NA,NA,NA,NA,NA,NA,NA,NA,NA,NA,NA,NA,NA,NA,NA,NA,NA,NA,1,1,42,1,42101,"101_112",4210160000,42101004101,816,1.17,25,20.339023,2.49081,226.6445928
"1327",63075,686921,1,68692101,190.9977694,103.3021812,1,NA,6.86921e+11,2,6.86921e+13,6869210102,NA,NA,2,NA,NA,4,3,42,1,42101,"101_103",4210160000,42101000100,68,"9999",6,NA,NA,NA,"2:00","","","","13:15",14,5,NA,NA,NA,NA,NA,NA,NA,NA,NA,NA,NA,NA,NA,NA,NA,NA,NA,NA,NA,NA,NA,NA,NA,NA,NA,NA,NA,NA,NA,NA,4,3,42,1,42101,"101_112",4210160000,42101003002,839,1.12,25,27.572177,2.698744,115.698443
"1328",63076,686921,1,68692101,190.9977694,103.3021812,1,NA,6.86921e+11,3,6.86921e+13,6869210103,NA,NA,2,NA,NA,4,3,42,1,42101,"101_112",4210160000,42101003002,839,"13:40",11,NA,NA,NA,"1:00","","","","14:50",14,5,NA,NA,NA,NA,NA,NA,NA,NA,NA,NA,NA,NA,NA,NA,NA,NA,NA,NA,NA,NA,NA,NA,NA,NA,NA,NA,NA,NA,NA,NA,1,1,42,1,42101,"101_103",4210160000,42101001002,34,1.12,25,30.007628,2.927651,115.698443
"1329",63078,686921,2,68692102,190.9977694,125.0257654,1,NA,6.86921e+11,1,6.86921e+13,6869210201,NA,NA,1,3,2,1,1,42,1,42101,"101_103",4210160000,42101001002,34,"",1,5,NA,NA,"6:00","2:00","","","11:00",14,5,NA,NA,NA,NA,NA,NA,NA,NA,NA,NA,NA,NA,NA,NA,NA,NA,NA,NA,NA,NA,NA,NA,NA,NA,NA,NA,NA,NA,NA,NA,2,1,42,1,42101,"101_103",4210160000,42101000402,93,1.12,NA,15.577016,1.508319,140.0288573
"1330",63081,686921,2,68692102,190.9977694,125.0257654,1,NA,6.86921e+11,4,6.86921e+13,6869210204,NA,NA,1,NA,NA,2,1,42,1,42101,"101_103",4210160000,42101000402,93,"15:00",5,NA,NA,NA,"2:50","","","","17:50",14,5,NA,NA,NA,NA,NA,NA,NA,NA,NA,NA,NA,NA,NA,NA,NA,NA,NA,NA,NA,NA,NA,NA,NA,NA,NA,NA,NA,NA,NA,NA,1,1,42,1,42101,"101_103",4210160000,42101001002,34,1.12,30,15.697718,1.538576,140.0288573
"1331",63099,687045,3,68704503,146.3062069,196.3382966,1,NA,6.87045e+11,1,6.87045e+13,6870450301,NA,NA,2,1,2,1,1,42,1,42101,"101_110",4210160000,42101009000,1039,"",1,NA,NA,NA,"0:00","","","","7:30",14,5,NA,NA,NA,NA,NA,NA,NA,NA,NA,NA,NA,NA,NA,NA,NA,NA,NA,NA,NA,NA,NA,NA,NA,NA,NA,NA,NA,NA,NA,NA,3,6,42,1,42101,"101_103",4210160000,42101012500,135,1.15,20,14.916631,1.634375,225.7890411
"1332",63100,687045,3,68704503,146.3062069,196.3382966,1,NA,6.87045e+11,2,6.87045e+13,6870450302,NA,NA,2,NA,NA,3,6,42,1,42101,"101_103",4210160000,42101012500,135,"7:50",3,NA,NA,NA,"7:29","","","","15:30",14,5,NA,NA,NA,NA,NA,NA,NA,NA,NA,NA,NA,NA,NA,NA,NA,NA,NA,NA,NA,NA,NA,NA,NA,NA,NA,NA,NA,NA,NA,NA,1,1,42,1,42101,"101_110",4210160000,42101009000,1039,1.15,30,19.537127,1.893849,225.7890411
"1333",63118,687389,1,68738901,67.60440798,97.78797719,1,NA,6.87389e+11,1,6.87389e+13,6873890101,NA,NA,1,2,2,1,1,42,1,42101,"101_110",4210160000,42101007800,1016,"",1,NA,NA,NA,"5:00","","","","8:00",23,5,NA,NA,NA,NA,NA,NA,NA,NA,NA,NA,NA,NA,NA,NA,NA,NA,NA,NA,NA,NA,NA,NA,NA,NA,NA,NA,NA,NA,NA,NA,2,1,42,1,42091,"091_401",4209144976,42091204300,10010,1.15,40,36.323943,8.115275,112.4561738
"1334",63123,687389,2,68738902,67.60440798,90.59440523,1,NA,6.87389e+11,2,6.87389e+13,6873890202,NA,NA,1,NA,NA,4,1,42,1,42101,"101_110",4210160000,42101008602,1035,"10:05",19,NA,NA,NA,"0:00","","","","9999",23,5,NA,NA,NA,NA,NA,NA,NA,NA,NA,NA,NA,NA,NA,NA,NA,NA,NA,NA,NA,NA,NA,NA,NA,NA,NA,NA,NA,NA,NA,NA,4,1,42,1,42101,"101_103",4210160000,42101000500,72,1.15,NA,NA,NA,104.183566
"1335",63128,687389,3,68738903,67.60440798,129.1190149,1,NA,6.87389e+11,1,6.87389e+13,6873890301,NA,NA,2,1,2,1,1,42,1,42101,"101_110",4210160000,42101007800,1016,"",1,NA,NA,NA,"6:30","","","","9:30",21,5,NA,NA,NA,NA,NA,NA,NA,NA,NA,NA,NA,NA,NA,NA,NA,NA,NA,NA,NA,NA,NA,NA,NA,NA,NA,NA,NA,NA,NA,NA,3,1,42,1,42101,"101_103",4210160000,42101012500,135,1.15,45,34.283709,4.00688,148.4868672
"1336",63129,687389,3,68738903,67.60440798,129.1190149,1,NA,6.87389e+11,2,6.87389e+13,6873890302,NA,NA,2,NA,NA,3,1,42,1,42101,"101_103",4210160000,42101012500,135,"10:15",15,2,3,NA,"3:30","2:35","3:00","","19:20",21,5,NA,NA,NA,NA,NA,NA,NA,NA,NA,NA,NA,NA,NA,NA,NA,NA,NA,NA,NA,NA,NA,NA,NA,NA,NA,NA,NA,NA,NA,NA,1,1,42,1,42101,"101_110",4210160000,42101007800,1016,1.15,45,32.970073,4.060141,148.4868672
"1337",63255,688411,2,68841102,256.2008551,103.6029133,1,NA,6.88411e+11,2,6.88411e+13,6884110202,NA,NA,1,NA,NA,4,1,42,1,42017,"017_511",4201777744,42017105900,16044,"8:00",19,NA,NA,NA,"0:00","","","","8:10",14,5,NA,NA,NA,NA,NA,NA,NA,NA,NA,NA,NA,NA,NA,NA,NA,NA,NA,NA,NA,NA,NA,NA,NA,NA,NA,NA,NA,NA,NA,NA,2,1,42,1,42101,"101_110",4210160000,42101008801,1028,1.12,50,59.92436,31.630727,116.0352629
"1338",63278,688719,2,68871902,481.2928527,322.9045734,2,NA,6.88719e+11,4,6.88719e+13,6887190204,NA,NA,1,NA,NA,2,1,42,1,42101,"101_110",4210160000,42101036900,1025,"8:54",5,NA,NA,NA,"8:30","","","","17:35",14,5,NA,NA,NA,NA,NA,NA,NA,NA,NA,NA,NA,NA,NA,NA,NA,NA,NA,NA,NA,NA,NA,NA,NA,NA,NA,NA,NA,NA,NA,NA,1,1,42,1,42101,"101_103",4210160000,42101000300,122,1.12,19,16.682493,1.352076,361.6531222
"1339",63297,688929,1,68892901,149.3680069,109.9549766,1,NA,6.88929e+11,1,6.88929e+13,6889290101,NA,NA,1,2,2,1,1,42,1,42101,"101_112",4210160000,42101002900,834,"",1,14,20,7,"1:45","3:00","1:10","5:00","16:30",21,5,NA,NA,NA,NA,NA,NA,NA,NA,NA,NA,NA,NA,NA,NA,NA,NA,NA,NA,NA,NA,NA,NA,NA,NA,NA,NA,NA,NA,NA,NA,2,1,42,1,42101,"101_103",4210160000,42101000600,58,1.15,15,12.831072,1.611403,126.448223
"1340",63299,688929,1,68892901,149.3680069,109.9549766,1,NA,6.88929e+11,3,6.88929e+13,6889290103,NA,NA,1,NA,NA,4,1,42,1,42101,"101_103",4210160000,42101000600,58,"19:32",6,NA,NA,NA,"0:05","","","","19:37",21,5,NA,NA,NA,NA,NA,NA,NA,NA,NA,NA,NA,NA,NA,NA,NA,NA,NA,NA,NA,NA,NA,NA,NA,NA,NA,NA,NA,NA,NA,NA,1,1,42,1,42101,"101_112",4210160000,42101002900,834,1.15,18,13.497769,1.563835,126.448223
"1341",63300,688929,1,68892901,149.3680069,109.9549766,2,NA,6.88929e+11,4,6.88929e+13,6889290104,NA,NA,2,1,NA,1,1,42,1,42101,"101_112",4210160000,42101002900,834,"19:55",1,NA,NA,NA,"0:00","","","","20:10",21,5,NA,NA,NA,NA,NA,NA,NA,NA,NA,NA,NA,NA,NA,NA,NA,NA,NA,NA,NA,NA,NA,NA,NA,NA,NA,NA,NA,NA,NA,NA,4,1,42,1,42101,"101_103",4210160000,42101001400,8,1.15,24,16.712664,1.432025,126.448223
"1342",63629,690745,3,69074503,657.1308911,1032.761765,1,NA,6.90745e+11,4,6.90745e+13,6907450304,NA,NA,2,NA,NA,3,6,42,1,42101,"101_103",4210160000,42101012500,135,"8:15",3,NA,NA,NA,"7:00","","","","15:19",14,5,NA,NA,NA,NA,NA,NA,NA,NA,NA,NA,NA,NA,NA,NA,NA,NA,NA,NA,NA,NA,NA,NA,NA,NA,NA,NA,NA,NA,NA,NA,4,1,42,1,42101,"101_103",4210160000,42101000804,44,1.17,21,15.003562,1.244226,1208.331265
"1343",63691,691082,2,69108202,63.6728626,78.22051782,2,NA,6.91082e+11,4,6.91082e+13,6910820204,NA,NA,2,NA,NA,4,1,42,1,42101,"101_110",4210160000,42101009000,1036,"10:50",19,NA,NA,NA,"0:10","","","","11:00",21,5,NA,NA,NA,NA,NA,NA,NA,NA,NA,NA,NA,NA,NA,NA,NA,NA,NA,NA,NA,NA,NA,NA,NA,NA,NA,NA,NA,NA,NA,NA,4,1,42,1,42045,"045_203",4204579000,42045400500,4459,1.12,7,22.76797,4.122926,87.60697996
"1344",63692,691082,2,69108202,63.6728626,78.22051782,2,NA,6.91082e+11,5,6.91082e+13,6910820205,NA,NA,2,NA,NA,4,1,42,1,42045,"045_203",4204579000,42045400500,4459,"11:07",19,NA,NA,NA,"0:13","","","","11:20",23,5,NA,NA,NA,NA,NA,NA,NA,NA,NA,NA,NA,NA,NA,NA,NA,NA,NA,NA,NA,NA,NA,NA,NA,NA,NA,NA,NA,NA,NA,NA,4,1,42,1,42045,"045_205",4204548480,42045407502,4806,1.12,NA,39.402553,8.864849,87.60697996
"1345",63840,691561,2,69156102,106.969976,100.429965,1,NA,6.91561e+11,2,6.91561e+13,6915610202,NA,NA,1,NA,NA,4,1,42,1,42045,"045_203",4204579000,42045400900,4444,"7:23",19,NA,NA,NA,"0:00","","","","7:25",23,5,NA,NA,NA,NA,NA,NA,NA,NA,NA,NA,NA,NA,NA,NA,NA,NA,NA,NA,NA,NA,NA,NA,NA,NA,NA,NA,NA,NA,NA,NA,4,1,42,1,42045,"045_203",4204579000,42045400500,4459,1.13,11,20.487142,2.466364,113.4858605
"1346",63841,691561,2,69156102,106.969976,100.429965,1,NA,6.91561e+11,3,6.91561e+13,6915610203,NA,NA,1,NA,NA,4,1,42,1,42045,"045_203",4204579000,42045400500,4459,"7:36",19,NA,NA,NA,"0:00","","","","7:36",21,5,NA,NA,NA,NA,NA,NA,NA,NA,NA,NA,NA,NA,NA,NA,NA,NA,NA,NA,NA,NA,NA,NA,NA,NA,NA,NA,NA,NA,NA,NA,2,1,42,1,42101,"101_103",4210160000,42101000402,76,1.13,16,23.951639,5.422669,113.4858605
"1347",63844,691561,2,69156102,106.969976,100.429965,1,NA,6.91561e+11,6,6.91561e+13,6915610206,NA,NA,1,NA,NA,2,1,42,1,42101,"101_103",4210160000,42101000402,76,"12:05",5,NA,NA,NA,"4:31","","","","16:36",21,5,NA,NA,NA,NA,NA,NA,NA,NA,NA,NA,NA,NA,NA,NA,NA,NA,NA,NA,NA,NA,NA,NA,NA,NA,NA,NA,NA,NA,NA,NA,2,1,42,1,42101,"101_103",4210160000,42101000402,76,1.13,15,3.625,0.060687,113.4858605
"1348",63845,691561,2,69156102,106.969976,100.429965,1,NA,6.91561e+11,7,6.91561e+13,6915610207,NA,NA,1,NA,NA,2,1,42,1,42101,"101_103",4210160000,42101000402,76,"16:51",19,NA,NA,NA,"0:00","","","","16:55",23,5,NA,NA,NA,NA,NA,NA,NA,NA,NA,NA,NA,NA,NA,NA,NA,NA,NA,NA,NA,NA,NA,NA,NA,NA,NA,NA,NA,NA,NA,NA,2,1,42,1,42101,"101_103",4210160000,42101000402,76,1.13,12,3.625,0.060687,113.4858605
"1349",64235,695378,1,69537801,305.7923578,182.5834247,1,NA,6.95378e+11,1,6.95378e+13,6953780101,NA,NA,2,1,2,1,1,42,1,42101,"101_102",4210160000,42101006600,2023,"",1,NA,NA,NA,"0:00","","","","7:30",14,5,NA,NA,NA,NA,NA,NA,NA,NA,NA,NA,NA,NA,NA,NA,NA,NA,NA,NA,NA,NA,NA,NA,NA,NA,NA,NA,NA,NA,NA,NA,4,1,42,1,42101,"101_103",4210160000,42101012500,135,1.17,30,42.850171,5.702249,213.6226069
"1350",64238,695378,2,69537802,305.7923578,130.1556774,1,NA,6.95378e+11,1,6.95378e+13,6953780201,NA,NA,2,1,2,1,1,42,1,42101,"101_102",4210160000,42101006600,2023,"",1,NA,NA,NA,"0:00","","","","7:30",14,5,NA,NA,NA,NA,NA,NA,NA,NA,NA,NA,NA,NA,NA,NA,NA,NA,NA,NA,NA,NA,NA,NA,NA,NA,NA,NA,NA,NA,NA,NA,4,1,42,1,42101,"101_103",4210160000,42101012500,135,1.17,30,42.850171,5.702249,152.2821425
"1351",64279,695469,2,69546902,269.9617075,174.8998676,2,NA,6.95469e+11,5,6.95469e+13,6954690205,NA,NA,1,NA,NA,4,1,42,1,42101,"101_110",4210160000,42101980000,1040,"9:10",19,NA,NA,NA,"0:00","","","","9:15",23,5,NA,NA,NA,NA,NA,NA,NA,NA,NA,NA,NA,NA,NA,NA,NA,NA,NA,NA,NA,NA,NA,NA,NA,NA,NA,NA,NA,NA,NA,NA,2,1,42,1,42101,"101_110",4210160000,42101036900,1017,1.12,5,16.523793,1.705561,195.8878517
"1352",64314,695550,1,69555001,441.470362,3042.512529,1,NA,6.9555e+11,3,6.9555e+13,6955500103,NA,NA,2,NA,NA,4,1,42,1,42091,"091_403",4209154656,42091203902,10422,"15:45",19,NA,NA,NA,"0:00","","","","16:00",14,5,NA,NA,NA,NA,NA,NA,NA,NA,NA,NA,NA,NA,NA,NA,NA,NA,NA,NA,NA,NA,NA,NA,NA,NA,NA,NA,NA,NA,NA,NA,4,1,42,1,42091,"091_403",4209121600,42091203302,10404,1.17,39,NA,NA,3559.739659
"1353",64315,695550,1,69555001,441.470362,3042.512529,1,NA,6.9555e+11,4,6.9555e+13,6955500104,NA,NA,2,NA,NA,4,1,42,1,42091,"091_403",4209121600,42091203302,10404,"16:39",16,NA,NA,NA,"1:00","","","","18:10",14,5,NA,NA,NA,NA,NA,NA,NA,NA,NA,NA,NA,NA,NA,NA,NA,NA,NA,NA,NA,NA,NA,NA,NA,NA,NA,NA,NA,NA,NA,NA,4,1,42,1,42091,"091_403",4209154656,42091203902,10422,1.17,33,NA,NA,3559.739659
"1354",64316,695550,1,69555001,441.470362,3042.512529,1,NA,6.9555e+11,5,6.9555e+13,6955500105,NA,NA,2,NA,NA,4,1,42,1,42091,"091_403",4209154656,42091203902,10422,"18:43",19,NA,NA,NA,"0:00","","","","19:15",14,5,NA,NA,NA,NA,NA,NA,NA,NA,NA,NA,NA,NA,NA,NA,NA,NA,NA,NA,NA,NA,NA,NA,NA,NA,NA,NA,NA,NA,NA,NA,4,1,42,1,42091,"091_403",4209183696,42091203402,10434,1.17,35,128.056883,5.031384,3559.739659
"1355",64605,697889,1,69788901,393.0130441,177.3003828,1,NA,6.97889e+11,1,6.97889e+13,6978890101,NA,NA,1,3,2,1,1,42,1,42101,"101_117",4210160000,42101024700,2415,"",1,NA,NA,NA,"3:15","","","","6:15",14,5,NA,NA,NA,NA,NA,NA,NA,NA,NA,NA,NA,NA,NA,NA,NA,NA,NA,NA,NA,NA,NA,NA,NA,NA,NA,NA,NA,NA,NA,NA,2,1,42,1,42101,"101_117",4210160000,42101024700,2413,1.17,15,10.527587,0.781584,207.4414478
"1356",64606,697889,1,69788901,393.0130441,177.3003828,1,NA,6.97889e+11,2,6.97889e+13,6978890102,NA,NA,1,NA,NA,2,1,42,1,42101,"101_117",4210160000,42101024700,2413,"6:30",5,NA,NA,NA,"4:00","","","","11:00",14,5,NA,NA,NA,NA,NA,NA,NA,NA,NA,NA,NA,NA,NA,NA,NA,NA,NA,NA,NA,NA,NA,NA,NA,NA,NA,NA,NA,NA,NA,NA,4,1,42,1,42101,"101_115",4210160000,42101028300,2606,1.17,30,15.444056,2.243777,207.4414478
"1357",64607,697889,1,69788901,393.0130441,177.3003828,1,NA,6.97889e+11,3,6.97889e+13,6978890103,NA,NA,1,NA,NA,4,1,42,1,42101,"101_115",4210160000,42101028300,2606,"11:30",12,NA,NA,NA,"4:15","","","","15:45",14,5,NA,NA,NA,NA,NA,NA,NA,NA,NA,NA,NA,NA,NA,NA,NA,NA,NA,NA,NA,NA,NA,NA,NA,NA,NA,NA,NA,NA,NA,NA,4,1,42,1,42101,"101_115",4210160000,42101028200,2615,1.17,10,15.497076,1.095912,207.4414478
"1358",64608,697889,1,69788901,393.0130441,177.3003828,1,NA,6.97889e+11,4,6.97889e+13,6978890104,NA,NA,1,NA,NA,4,1,42,1,42101,"101_115",4210160000,42101028200,2615,"15:55",20,NA,NA,NA,"0:00","","","","16:00",14,5,NA,NA,NA,NA,NA,NA,NA,NA,NA,NA,NA,NA,NA,NA,NA,NA,NA,NA,NA,NA,NA,NA,NA,NA,NA,NA,NA,NA,NA,NA,1,1,42,1,42101,"101_117",4210160000,42101024700,2415,1.17,20,14.975079,1.492881,207.4414478
"1359",64611,697889,2,69788902,393.0130441,130.1556774,1,NA,6.97889e+11,1,6.97889e+13,6978890201,NA,NA,2,1,2,1,1,42,1,42101,"101_117",4210160000,42101024700,2415,"",1,NA,NA,NA,"10:00","","","","13:00",14,5,NA,NA,NA,NA,NA,NA,NA,NA,NA,NA,NA,NA,NA,NA,NA,NA,NA,NA,NA,NA,NA,NA,NA,NA,NA,NA,NA,NA,NA,NA,4,1,42,1,42101,"101_115",4210160000,42101028200,2615,1.17,20,14.321544,1.484725,152.2821425
"1360",64612,697889,2,69788902,393.0130441,130.1556774,1,NA,6.97889e+11,2,6.97889e+13,6978890202,NA,NA,2,NA,NA,4,1,42,1,42101,"101_115",4210160000,42101028200,2615,"13:20",16,NA,NA,NA,"1:45","","","","15:55",14,5,NA,NA,NA,NA,NA,NA,NA,NA,NA,NA,NA,NA,NA,NA,NA,NA,NA,NA,NA,NA,NA,NA,NA,NA,NA,NA,NA,NA,NA,NA,1,1,42,1,42101,"101_117",4210160000,42101024700,2415,1.17,25,14.975079,1.492881,152.2821425
"1361",64803,699133,1,69913301,51.89662555,89.63109736,1,NA,6.99133e+11,1,6.99133e+13,6991330101,NA,NA,3,1,2,2,1,42,1,42101,"101_103",4210160000,42101013401,139,"",1,NA,NA,NA,"0:00","","","","8:00",14,5,NA,NA,NA,NA,NA,NA,NA,NA,NA,NA,NA,NA,NA,NA,NA,NA,NA,NA,NA,NA,NA,NA,NA,NA,NA,NA,NA,NA,NA,NA,2,1,42,1,42101,"101_103",4210160000,42101000600,58,1.15,45,16.705869,0.671951,103.075762
"1362",64804,699133,1,69913301,51.89662555,89.63109736,1,NA,6.99133e+11,2,6.99133e+13,6991330102,NA,NA,3,NA,NA,2,1,42,1,42101,"101_103",4210160000,42101000600,58,"8:45",5,NA,NA,NA,"0:00","","","","17:30",14,5,NA,NA,NA,NA,NA,NA,NA,NA,NA,NA,NA,NA,NA,NA,NA,NA,NA,NA,NA,NA,NA,NA,NA,NA,NA,NA,NA,NA,NA,NA,1,1,42,1,42101,"101_103",4210160000,42101013401,139,1.15,35,20.234354,0.994831,103.075762
"1363",64807,699133,2,69913302,51.89662555,95.72322758,1,NA,6.99133e+11,2,6.99133e+13,6991330202,NA,NA,3,NA,NA,2,1,42,1,42101,"101_103",4210160000,42101000700,61,"8:40",11,5,8,NA,"0:00","","","","17:40",14,5,NA,NA,NA,NA,NA,NA,NA,NA,NA,NA,NA,NA,NA,NA,NA,NA,NA,NA,NA,NA,NA,NA,NA,NA,NA,NA,NA,NA,NA,NA,1,1,42,1,42101,"101_103",4210160000,42101013401,139,1.15,20,17.399995,1.139408,110.0817117
"1364",64818,699298,1,69929801,129.8152217,104.4384725,2,NA,6.99298e+11,6,6.99298e+13,6992980106,NA,NA,1,NA,NA,4,1,42,1,42101,"101_103",4210160000,42101000402,95,"16:55",6,NA,NA,NA,"1:05","","","","18:25",14,5,NA,NA,NA,NA,NA,NA,NA,NA,NA,NA,NA,NA,NA,NA,NA,NA,NA,NA,NA,NA,NA,NA,NA,NA,NA,NA,NA,NA,NA,NA,1,1,42,1,42101,"101_103",4210160000,42101001300,9,1.15,35,15.672719,1.436682,120.1042434
"1365",64970,699946,1,69994601,170.33356,174.9754435,3,NA,6.99946e+11,6,6.99946e+13,6999460106,NA,NA,2,1,NA,1,1,42,1,42101,"101_109",4210160000,42101015800,603,"17:10",1,NA,NA,NA,"0:00","","","","17:25",21,5,NA,NA,NA,NA,NA,NA,NA,NA,NA,NA,NA,NA,NA,NA,NA,NA,NA,NA,NA,NA,NA,NA,NA,NA,NA,NA,NA,NA,NA,NA,4,1,42,1,42101,"101_103",4210160000,42101000901,40,1.17,25,24.093286,3.152429,204.721269
"1366",65052,700494,1,70049401,317.8695646,231.0531544,1,NA,7.00494e+11,3,7.00494e+13,7004940103,NA,NA,2,NA,NA,4,1,42,1,42101,"101_107",4210160000,42101014000,403,"9999",16,NA,NA,NA,"0:00","","","","9999",21,5,NA,NA,NA,NA,NA,NA,NA,NA,NA,NA,NA,NA,NA,NA,NA,NA,NA,NA,NA,NA,NA,NA,NA,NA,NA,NA,NA,NA,NA,NA,4,1,42,1,42101,"101_115",4210160000,42101028200,2615,1.17,NA,NA,NA,270.3321906
"1367",65053,700494,1,70049401,317.8695646,231.0531544,1,NA,7.00494e+11,4,7.00494e+13,7004940104,NA,NA,2,NA,NA,4,1,42,1,42101,"101_115",4210160000,42101028200,2615,"13:00",16,NA,NA,NA,"0:00","","","","9999",14,5,NA,NA,NA,NA,NA,NA,NA,NA,NA,NA,NA,NA,NA,NA,NA,NA,NA,NA,NA,NA,NA,NA,NA,NA,NA,NA,NA,NA,NA,NA,4,1,42,1,42101,"101_101",4210160000,42101020000,1415,1.17,NA,NA,NA,270.3321906
"1368",65134,700960,1,70096001,434.9062452,182.5834247,1,NA,7.0096e+11,1,7.0096e+13,7009600101,NA,NA,2,3,2,1,1,42,1,42101,"101_117",4210160000,42101023700,2424,"",1,NA,NA,NA,"0:00","","","","6:55",14,5,NA,NA,NA,NA,NA,NA,NA,NA,NA,NA,NA,NA,NA,NA,NA,NA,NA,NA,NA,NA,NA,NA,NA,NA,NA,NA,NA,NA,NA,NA,4,1,42,1,42091,"091_412",4209100156,42091201800,12211,1.17,80,58.086992,9.094921,213.6226069
"1369",65135,700960,1,70096001,434.9062452,182.5834247,1,NA,7.0096e+11,2,7.0096e+13,7009600102,NA,NA,2,NA,NA,4,1,42,1,42091,"091_412",4209100156,42091201800,12211,"8:15",8,NA,NA,NA,"0:00","","","","8:40",14,5,NA,NA,NA,NA,NA,NA,NA,NA,NA,NA,NA,NA,NA,NA,NA,NA,NA,NA,NA,NA,NA,NA,NA,NA,NA,NA,NA,NA,NA,NA,4,3,42,1,42091,"091_412",4209112968,42091202500,12238,1.17,35,43.234643,7.480234,213.6226069
"1370",65137,700960,1,70096001,434.9062452,182.5834247,1,NA,7.0096e+11,4,7.0096e+13,7009600104,NA,NA,2,NA,NA,4,1,42,1,42091,"091_412",4209112968,42091202500,12238,"9:25",8,NA,NA,NA,"0:00","","","","9:45",14,5,NA,NA,NA,NA,NA,NA,NA,NA,NA,NA,NA,NA,NA,NA,NA,NA,NA,NA,NA,NA,NA,NA,NA,NA,NA,NA,NA,NA,NA,NA,1,1,42,1,42101,"101_117",4210160000,42101023700,2424,1.17,45,26.401212,3.248154,213.6226069
"1371",65272,701899,1,70189901,365.5332947,282.8636802,1,NA,7.01899e+11,1,7.01899e+13,7018990101,NA,NA,1,1,2,1,1,42,1,42101,"101_110",4210160000,42101007800,1016,"",1,7,NA,NA,"8:00","4:00","","","16:00",21,5,NA,NA,NA,NA,NA,NA,NA,NA,NA,NA,NA,NA,NA,NA,NA,NA,NA,NA,NA,NA,NA,NA,NA,NA,NA,NA,NA,NA,NA,NA,2,1,42,1,42101,"101_103",4210160000,42101013300,137,1.17,29,31.255098,4.605279,330.9505058
"1372",65273,701899,1,70189901,365.5332947,282.8636802,1,NA,7.01899e+11,2,7.01899e+13,7018990102,NA,NA,1,NA,NA,2,1,42,1,42101,"101_103",4210160000,42101013300,137,"16:29",5,NA,NA,NA,"3:00","","","","20:00",21,5,NA,NA,NA,NA,NA,NA,NA,NA,NA,NA,NA,NA,NA,NA,NA,NA,NA,NA,NA,NA,NA,NA,NA,NA,NA,NA,NA,NA,NA,NA,1,1,42,1,42101,"101_110",4210160000,42101007800,1016,1.17,45,32.832984,4.503646,330.9505058
"1373",65376,703025,1,70302501,482.4406172,162.8823664,2,NA,7.03025e+11,4,7.03025e+13,7030250104,NA,NA,2,NA,NA,4,1,42,1,42101,"101_107",4210160000,42101014000,403,"14:05",96,NA,NA,NA,"0:00","","","","14:10",21,5,NA,NA,NA,NA,NA,NA,NA,NA,NA,NA,NA,NA,NA,NA,NA,NA,NA,NA,NA,NA,NA,NA,NA,NA,NA,NA,NA,NA,NA,NA,4,1,42,1,42101,"101_103",4210160000,42101000300,113,1.17,5,13.421859,1.362614,190.5723687
"1374",65379,703025,1,70302501,482.4406172,162.8823664,2,NA,7.03025e+11,7,7.03025e+13,7030250107,NA,NA,2,NA,NA,4,1,42,1,42101,"101_103",4210160000,42101000300,113,"15:25",96,NA,NA,NA,"0:00","","","","15:27",21,5,NA,NA,NA,NA,NA,NA,NA,NA,NA,NA,NA,NA,NA,NA,NA,NA,NA,NA,NA,NA,NA,NA,NA,NA,NA,NA,NA,NA,NA,NA,4,1,42,1,42101,"101_107",4210160000,42101014400,401,1.17,8,22.17466,2.910408,190.5723687
"1375",65787,705957,1,70595701,141.9382209,238.8840585,1,NA,7.05957e+11,1,7.05957e+13,7059570101,NA,NA,1,3,2,1,1,42,1,42101,"101_109",4210160000,42101015800,603,"",1,10,6,7,"4:00","0:30","0:30","0:30","8:35",21,5,NA,NA,NA,NA,NA,NA,NA,NA,NA,NA,NA,NA,NA,NA,NA,NA,NA,NA,NA,NA,NA,NA,NA,NA,NA,NA,NA,NA,NA,NA,2,1,42,1,42101,"101_103",4210160000,42101000402,100,1.12,25,27.374892,3.38732,267.5501455
"1376",66072,708130,2,70813002,129.8152217,126.8876619,1,NA,7.0813e+11,2,7.0813e+13,7081300202,NA,NA,1,NA,NA,4,1,42,1,42101,"101_101",4210160000,42101020500,1435,"7:45",18,NA,NA,NA,"0:00","","","","7:46",14,5,NA,NA,NA,NA,NA,NA,NA,NA,NA,NA,NA,NA,NA,NA,NA,NA,NA,NA,NA,NA,NA,NA,NA,NA,NA,NA,NA,NA,NA,NA,2,1,42,1,42101,"101_103",4210160000,42101000500,91,1.15,34,30.180126,5.153419,145.9208112
"1377",66073,708130,2,70813002,129.8152217,126.8876619,1,NA,7.0813e+11,3,7.0813e+13,7081300203,NA,NA,1,NA,NA,2,1,42,1,42101,"101_103",4210160000,42101000500,91,"8:20",5,NA,NA,NA,"9:00","","","","17:20",14,5,NA,NA,NA,NA,NA,NA,NA,NA,NA,NA,NA,NA,NA,NA,NA,NA,NA,NA,NA,NA,NA,NA,NA,NA,NA,NA,NA,NA,NA,NA,1,1,42,1,42101,"101_117",4210160000,42101024200,2404,1.15,40,32.500002,6.320214,145.9208112
"1378",66076,708130,3,70813003,129.8152217,128.7277646,1,NA,7.0813e+11,2,7.0813e+13,7081300302,NA,NA,3,NA,NA,3,1,42,1,42101,"101_101",4210160000,42101019700,1437,"7:50",3,NA,NA,NA,"6:10","","","","15:00",14,5,NA,NA,NA,NA,NA,NA,NA,NA,NA,NA,NA,NA,NA,NA,NA,NA,NA,NA,NA,NA,NA,NA,NA,NA,NA,NA,NA,NA,NA,NA,3,1,42,1,42101,"101_117",4210160000,42101024200,2404,1.15,60,27.733835,2.991862,148.0369293
"1379",66095,708224,1,70822401,98.78021189,82.21799181,1,NA,7.08224e+11,5,7.08224e+13,7082240105,NA,NA,1,NA,NA,4,1,42,1,42101,"101_110",4210160000,42101009000,1036,"16:23",1,NA,NA,NA,"0:00","","","","16:27",21,5,NA,NA,NA,NA,NA,NA,NA,NA,NA,NA,NA,NA,NA,NA,NA,NA,NA,NA,NA,NA,NA,NA,NA,NA,NA,NA,NA,NA,NA,NA,4,1,42,1,42101,"101_103",4210160000,42101000500,90,1.17,7,13.183358,2.043648,96.19505041
"1380",66129,708336,2,70833602,157.8420265,233.4905942,1,NA,7.08336e+11,2,7.08336e+13,7083360202,NA,NA,1,NA,NA,2,1,42,1,42101,"101_103",4210160000,42101000600,56,"9:45",5,NA,NA,NA,"0:00","","","","12:15",14,5,NA,NA,NA,NA,NA,NA,NA,NA,NA,NA,NA,NA,NA,NA,NA,NA,NA,NA,NA,NA,NA,NA,NA,NA,NA,NA,NA,NA,NA,NA,4,1,42,1,42101,"101_112",4210160000,42101003800,1818,1.12,30,30.328418,3.704155,261.5094655
"1381",66130,708336,2,70833602,157.8420265,233.4905942,1,NA,7.08336e+11,3,7.08336e+13,7083360203,NA,NA,1,NA,NA,4,1,42,1,42101,"101_112",4210160000,42101003800,1818,"12:45",8,NA,NA,NA,"0:00","","","","13:09",14,5,NA,NA,NA,NA,NA,NA,NA,NA,NA,NA,NA,NA,NA,NA,NA,NA,NA,NA,NA,NA,NA,NA,NA,NA,NA,NA,NA,NA,NA,NA,1,1,42,1,42101,"101_110",4210160000,42101008701,1023,1.12,51,40.972866,5.547149,261.5094655
"1382",66306,709328,1,70932801,219.7470872,150.2588287,1,NA,7.09328e+11,1,7.09328e+13,7093280101,NA,NA,3,1,2,4,1,42,1,42101,"101_103",4210160000,42101001102,17,"",16,NA,NA,NA,"2:30","","","","12:30",14,5,NA,NA,NA,NA,NA,NA,NA,NA,NA,NA,NA,NA,NA,NA,NA,NA,NA,NA,NA,NA,NA,NA,NA,NA,NA,NA,NA,NA,NA,NA,4,1,42,1,42101,"101_103",4210160000,42101012500,133,1.17,150,25.802495,1.630146,175.8028296
"1383",66307,709328,1,70932801,219.7470872,150.2588287,1,NA,7.09328e+11,2,7.09328e+13,7093280102,NA,NA,3,NA,NA,4,1,42,1,42101,"101_103",4210160000,42101012500,133,"15:00",7,NA,NA,NA,"1:30","","","","16:30",14,5,NA,NA,NA,NA,NA,NA,NA,NA,NA,NA,NA,NA,NA,NA,NA,NA,NA,NA,NA,NA,NA,NA,NA,NA,NA,NA,NA,NA,NA,NA,1,1,42,1,42101,"101_111",4210160000,42101010700,1225,1.17,30,23.876497,2.803078,175.8028296
"1384",66309,709328,2,70932802,219.7470872,150.2588287,1,NA,7.09328e+11,1,7.09328e+13,7093280201,NA,NA,3,1,2,4,1,42,1,42101,"101_103",4210160000,42101001102,17,"",16,NA,NA,NA,"2:30","","","","12:30",14,5,NA,NA,NA,NA,NA,NA,NA,NA,NA,NA,NA,NA,NA,NA,NA,NA,NA,NA,NA,NA,NA,NA,NA,NA,NA,NA,NA,NA,NA,NA,4,1,42,1,42101,"101_103",4210160000,42101012500,133,1.17,NA,25.802495,1.630146,175.8028296
"1385",66310,709328,2,70932802,219.7470872,150.2588287,1,NA,7.09328e+11,2,7.09328e+13,7093280202,NA,NA,3,NA,NA,4,1,42,1,42101,"101_103",4210160000,42101012500,133,"9999",7,NA,NA,NA,"1:30","","","","16:30",14,5,NA,NA,NA,NA,NA,NA,NA,NA,NA,NA,NA,NA,NA,NA,NA,NA,NA,NA,NA,NA,NA,NA,NA,NA,NA,NA,NA,NA,NA,NA,1,1,42,1,42101,"101_111",4210160000,42101010700,1225,1.17,30,23.876497,2.803078,175.8028296
"1386",66517,710604,2,71060402,54.81711282,93.68444736,1,NA,7.10604e+11,2,7.10604e+13,7106040202,NA,NA,1,NA,NA,2,1,42,1,42101,"101_103",4210160000,42101000500,90,"8:35",5,NA,NA,NA,"0:00","","","","9:30",21,5,NA,NA,NA,NA,NA,NA,NA,NA,NA,NA,NA,NA,NA,NA,NA,NA,NA,NA,NA,NA,NA,NA,NA,NA,NA,NA,NA,NA,NA,NA,4,1,42,1,42101,"101_115",4210160000,42101026800,2632,1.15,NA,33.959066,7.930932,107.7371145
"1387",66518,710604,2,71060402,54.81711282,93.68444736,1,NA,7.10604e+11,3,7.10604e+13,7106040203,NA,NA,1,NA,NA,4,1,42,1,42101,"101_115",4210160000,42101026800,2632,"9999",13,NA,NA,NA,"0:00","","","","12:00",21,5,NA,NA,NA,NA,NA,NA,NA,NA,NA,NA,NA,NA,NA,NA,NA,NA,NA,NA,NA,NA,NA,NA,NA,NA,NA,NA,NA,NA,NA,NA,4,1,42,1,42101,"101_103",4210160000,42101000500,74,1.15,0,30.675832,7.611922,107.7371145
"1388",66550,710850,2,71085002,347.9257146,460.5370769,1,NA,7.1085e+11,2,7.1085e+13,7108500202,NA,NA,2,NA,NA,4,1,42,1,42101,"101_106",4210160000,42101011700,2211,"17:00",3,NA,NA,NA,"4:30","","","","22:30",14,5,NA,NA,NA,NA,NA,NA,NA,NA,NA,NA,NA,NA,NA,NA,NA,NA,NA,NA,NA,NA,NA,NA,NA,NA,NA,NA,NA,NA,NA,NA,1,1,42,1,42101,"101_102",4210160000,42101005400,2004,1.12,60,69.619547,10.676673,515.8015262
"1389",66558,710850,4,71085004,347.9257146,587.1044185,1,NA,7.1085e+11,2,7.1085e+13,7108500402,NA,NA,2,NA,NA,3,6,42,1,42101,"101_103",4210160000,42101000401,84,"7:35",3,NA,NA,NA,"7:00","","","","14:35",14,5,NA,NA,NA,NA,NA,NA,NA,NA,NA,NA,NA,NA,NA,NA,NA,NA,NA,NA,NA,NA,NA,NA,NA,NA,NA,NA,NA,NA,NA,NA,1,1,42,1,42101,"101_102",4210160000,42101005400,2004,1.12,85,41.757831,7.444644,657.5569487
"1390",66661,711230,1,71123001,615.5256787,174.849689,1,NA,7.1123e+11,2,7.1123e+13,7112300102,NA,NA,1,NA,NA,4,1,42,1,42045,"045_202",4204551176,42045407700,4207,"7:19",19,NA,NA,NA,"0:00","","","","7:24",14,5,NA,NA,NA,NA,NA,NA,NA,NA,NA,NA,NA,NA,NA,NA,NA,NA,NA,NA,NA,NA,NA,NA,NA,NA,NA,NA,NA,NA,NA,NA,2,1,42,1,42101,"101_110",4210160000,42101036900,1012,1.17,27,32.504365,8.114064,204.5741361
"1391",66662,711230,1,71123001,615.5256787,174.849689,1,NA,7.1123e+11,3,7.1123e+13,7112300103,NA,NA,1,NA,NA,2,1,42,1,42101,"101_110",4210160000,42101036900,1012,"7:51",5,NA,NA,NA,"8:40","","","","9998",14,5,NA,NA,NA,NA,NA,NA,NA,NA,NA,NA,NA,NA,NA,NA,NA,NA,NA,NA,NA,NA,NA,NA,NA,NA,NA,NA,NA,NA,NA,NA,4,1,42,1,42101,"101_110",4210160000,42101036900,1014,1.17,NA,NA,NA,204.5741361
"1392",67048,713975,3,71397503,116.5645037,302.2235048,1,NA,7.13975e+11,1,7.13975e+13,7139750301,NA,NA,1,1,2,1,1,42,1,42101,"101_118",4210160000,42101033702,2820,"",1,NA,NA,NA,"0:00","","","","7:35",14,5,NA,NA,NA,NA,NA,NA,NA,NA,NA,NA,NA,NA,NA,NA,NA,NA,NA,NA,NA,NA,NA,NA,NA,NA,NA,NA,NA,NA,NA,NA,2,1,42,1,42101,"101_103",4210160000,42101000500,91,1.13,90,51.97947,11.606472,341.5125604
"1393",67049,713975,3,71397503,116.5645037,302.2235048,1,NA,7.13975e+11,2,7.13975e+13,7139750302,NA,NA,1,NA,NA,2,1,42,1,42101,"101_103",4210160000,42101000500,91,"9:05",5,NA,NA,NA,"8:15","","","","18:30",14,5,NA,NA,NA,NA,NA,NA,NA,NA,NA,NA,NA,NA,NA,NA,NA,NA,NA,NA,NA,NA,NA,NA,NA,NA,NA,NA,NA,NA,NA,NA,1,1,42,1,42101,"101_118",4210160000,42101033702,2820,1.13,100,48.85465,11.95346,341.5125604
"1394",67187,715517,1,71551701,482.4406172,110.4759252,1,NA,7.15517e+11,2,7.15517e+13,7155170102,NA,NA,2,NA,NA,4,1,42,1,42101,"101_114",4210160000,42101030200,1610,"16:00",11,NA,NA,NA,"0:30","","","","16:30",14,5,NA,NA,NA,NA,NA,NA,NA,NA,NA,NA,NA,NA,NA,NA,NA,NA,NA,NA,NA,NA,NA,NA,NA,NA,NA,NA,NA,NA,NA,NA,4,1,42,1,42101,"101_114",4210160000,42101030200,1610,1.17,0,8.705571,0.287387,129.2568325
"1395",67188,715517,1,71551701,482.4406172,110.4759252,1,NA,7.15517e+11,3,7.15517e+13,7155170103,NA,NA,2,NA,NA,4,1,42,1,42101,"101_114",4210160000,42101030200,1610,"16:30",19,NA,NA,NA,"0:30","","","","17:00",21,5,NA,NA,NA,NA,NA,NA,NA,NA,NA,NA,NA,NA,NA,NA,NA,NA,NA,NA,NA,NA,NA,NA,NA,NA,NA,NA,NA,NA,NA,NA,4,1,42,1,42101,"101_103",4210160000,42101000500,71,1.17,0,30.248819,7.601177,129.2568325
"1396",67189,715517,1,71551701,482.4406172,110.4759252,1,NA,7.15517e+11,4,7.15517e+13,7155170104,NA,NA,2,NA,NA,4,1,42,1,42101,"101_103",4210160000,42101000500,71,"17:00",8,NA,NA,NA,"1:00","","","","18:00",21,5,NA,NA,NA,NA,NA,NA,NA,NA,NA,NA,NA,NA,NA,NA,NA,NA,NA,NA,NA,NA,NA,NA,NA,NA,NA,NA,NA,NA,NA,NA,4,1,42,1,42101,"101_103",4210160000,42101000500,71,1.17,30,4.272549,0.0859,129.2568325
"1397",67190,715517,1,71551701,482.4406172,110.4759252,1,NA,7.15517e+11,5,7.15517e+13,7155170105,NA,NA,2,NA,NA,4,1,42,1,42101,"101_103",4210160000,42101000500,71,"18:30",8,NA,NA,NA,"0:00","","","","19:00",21,5,NA,NA,NA,NA,NA,NA,NA,NA,NA,NA,NA,NA,NA,NA,NA,NA,NA,NA,NA,NA,NA,NA,NA,NA,NA,NA,NA,NA,NA,NA,4,1,42,1,42101,"101_101",4210160000,42101017701,1406,1.17,30,21.066942,4.828252,129.2568325
"1398",67191,715517,1,71551701,482.4406172,110.4759252,1,NA,7.15517e+11,6,7.15517e+13,7155170106,NA,NA,2,NA,NA,4,1,42,1,42101,"101_101",4210160000,42101017701,1406,"19:30",12,NA,NA,NA,"2:00","","","","21:30",14,5,NA,NA,NA,NA,NA,NA,NA,NA,NA,NA,NA,NA,NA,NA,NA,NA,NA,NA,NA,NA,NA,NA,NA,NA,NA,NA,NA,NA,NA,NA,4,1,42,1,42101,"101_109",4210160000,42101037900,618,1.17,30,15.751776,1.879894,129.2568325
"1399",67192,715517,1,71551701,482.4406172,110.4759252,1,NA,7.15517e+11,7,7.15517e+13,7155170107,NA,NA,2,NA,NA,4,1,42,1,42101,"101_109",4210160000,42101037900,618,"22:00",12,NA,NA,NA,"2:00","","","","0:00",14,5,NA,NA,NA,NA,NA,NA,NA,NA,NA,NA,NA,NA,NA,NA,NA,NA,NA,NA,NA,NA,NA,NA,NA,NA,NA,NA,NA,NA,NA,NA,1,1,42,1,42101,"101_114",4210160000,42101030000,1607,1.17,30,21.606563,3.83291,129.2568325
"1400",67661,718603,1,71860301,230.1815623,1194.603995,1,NA,7.18603e+11,1,7.18603e+13,7186030101,NA,NA,3,0,1,4,1,42,1,42029,"029_306",4202983080,42029302702,7034,"",8,NA,NA,NA,"0:00","","","","15:00",14,5,NA,NA,NA,NA,NA,NA,NA,NA,NA,NA,NA,NA,NA,NA,NA,NA,NA,NA,NA,NA,NA,NA,NA,NA,NA,NA,NA,NA,NA,NA,1,1,42,1,42029,"029_306",4202982704,42029302500,7021,1.17,15,25.18195,3.132405,1397.686674
"1401",67754,719008,1,71900801,51.89662555,89.63109736,1,NA,7.19008e+11,3,7.19008e+13,7190080103,NA,NA,1,NA,NA,4,1,42,1,42101,"101_103",4210160000,42101001800,5,"8:18",19,NA,NA,NA,"0:07","","","","8:25",14,5,NA,NA,NA,NA,NA,NA,NA,NA,NA,NA,NA,NA,NA,NA,NA,NA,NA,NA,NA,NA,NA,NA,NA,NA,NA,NA,NA,NA,NA,NA,2,1,42,1,42101,"101_107",4210160000,42101037700,414,1.15,25,28.543781,3.1363,103.075762
"1402",67857,719395,2,71939502,482.1582145,323.1896025,1,NA,7.19395e+11,1,7.19395e+13,7193950201,NA,NA,2,1,2,1,1,42,1,42101,"101_104",4210160000,42101035200,3034,"",1,14,96,NA,"2:00","","2:15","","7:45",14,5,NA,NA,NA,NA,NA,NA,NA,NA,NA,NA,NA,NA,NA,NA,NA,NA,NA,NA,NA,NA,NA,NA,NA,NA,NA,NA,NA,NA,NA,NA,4,1,42,1,42101,"101_111",4210160000,42101008000,1206,1.17,113,57.10683,17.618038,378.1318349
"1403",67858,719395,2,71939502,482.1582145,323.1896025,1,NA,7.19395e+11,2,7.19395e+13,7193950202,NA,NA,2,NA,NA,4,1,42,1,42101,"101_111",4210160000,42101008000,1206,"9:38",96,NA,NA,NA,"1:15","","","","10:53",21,5,NA,NA,NA,NA,NA,NA,NA,NA,NA,NA,NA,NA,NA,NA,NA,NA,NA,NA,NA,NA,NA,NA,NA,NA,NA,NA,NA,NA,NA,NA,1,1,42,1,42101,"101_104",4210160000,42101035200,3034,1.17,107,69.843187,17.599581,378.1318349
"1404",67882,719635,1,71963501,312.2246993,167.2769729,1,NA,7.19635e+11,2,7.19635e+13,7196350102,NA,NA,2,NA,NA,4,1,42,1,42101,"101_110",4210160000,42101036900,1018,"13:00",6,NA,NA,NA,"1:15","","","","14:15",23,5,NA,NA,NA,NA,NA,NA,NA,NA,NA,NA,NA,NA,NA,NA,NA,NA,NA,NA,NA,NA,NA,NA,NA,NA,NA,NA,NA,NA,NA,NA,4,1,42,1,42101,"101_103",4210160000,42101000500,73,1.17,NA,18.77188,2.295616,195.7140583
"1405",67884,719635,1,71963501,312.2246993,167.2769729,1,NA,7.19635e+11,4,7.19635e+13,7196350104,NA,NA,2,NA,NA,4,1,42,1,42101,"101_103",4210160000,42101000500,90,"15:15",8,NA,NA,NA,"1:00","","","","16:15",23,5,NA,NA,NA,NA,NA,NA,NA,NA,NA,NA,NA,NA,NA,NA,NA,NA,NA,NA,NA,NA,NA,NA,NA,NA,NA,NA,NA,NA,NA,NA,1,1,42,1,42101,"101_111",4210160000,42101008302,1210,1.17,75,23.723231,4.876967,195.7140583
"1406",67910,720084,1,72008401,707.2955634,688.6192508,1,NA,7.20084e+11,1,7.20084e+13,7200840101,NA,NA,2,2,2,1,1,42,1,42101,"101_113",4210160000,42101034501,3401,"",1,7,NA,NA,"2:50","2:30","","","10:22",14,5,NA,NA,NA,NA,NA,NA,NA,NA,NA,NA,NA,NA,NA,NA,NA,NA,NA,NA,NA,NA,NA,NA,NA,NA,NA,NA,NA,NA,NA,NA,4,1,42,1,42101,"101_116",4210160000,42101980300,3616,1.17,28,20.373907,1.765937,805.6845234
"1407",67914,720084,2,72008402,707.2955634,169.138788,1,NA,7.20084e+11,1,7.20084e+13,7200840201,NA,NA,1,11,2,1,1,42,1,42101,"101_113",4210160000,42101034501,3401,"",1,NA,NA,NA,"2:00","","","","5:00",14,5,NA,NA,NA,NA,NA,NA,NA,NA,NA,NA,NA,NA,NA,NA,NA,NA,NA,NA,NA,NA,NA,NA,NA,NA,NA,NA,NA,NA,NA,NA,4,1,42,1,42101,"101_114",4210160000,42101030200,1610,1.17,25,26.658341,4.415436,197.892382
"1408",67915,720084,2,72008402,707.2955634,169.138788,1,NA,7.20084e+11,2,7.20084e+13,7200840202,NA,NA,1,NA,NA,4,1,42,1,42101,"101_114",4210160000,42101030200,1610,"5:25",19,NA,NA,NA,"0:02","","","","5:30",21,5,NA,NA,NA,NA,NA,NA,NA,NA,NA,NA,NA,NA,NA,NA,NA,NA,NA,NA,NA,NA,NA,NA,NA,NA,NA,NA,NA,NA,NA,NA,4,1,42,1,42101,"101_110",4210160000,42101008602,1035,1.17,45,43.004046,10.708574,197.892382
"1409",67918,720084,2,72008402,707.2955634,169.138788,1,1,7.20084e+11,5,7.20084e+13,7200840205,NA,NA,1,NA,NA,4,1,42,1,42101,"101_110",4210160000,42101008602,1035,"15:10",19,NA,NA,NA,"0:01","","","","15:20",21,5,NA,NA,NA,NA,NA,NA,NA,NA,NA,NA,NA,NA,NA,NA,NA,NA,NA,NA,NA,NA,NA,NA,NA,NA,NA,NA,NA,NA,NA,NA,4,1,42,1,42101,"101_103",4210160000,42101000402,76,1.17,5,14.50493,2.866421,197.892382
"1410",67920,720084,2,72008402,707.2955634,169.138788,1,1,7.20084e+11,7,7.20084e+13,7200840207,NA,NA,1,NA,NA,4,1,42,1,42101,"101_103",4210160000,42101000402,80,"15:28",19,NA,NA,NA,"0:01","","","","15:30",14,5,NA,NA,NA,NA,NA,NA,NA,NA,NA,NA,NA,NA,NA,NA,NA,NA,NA,NA,NA,NA,NA,NA,NA,NA,NA,NA,NA,NA,NA,NA,4,1,42,1,42101,"101_112",4210160000,42101003800,814,1.17,20,24.626065,3.029347,197.892382
"1411",67923,720084,2,72008402,707.2955634,169.138788,1,NA,7.20084e+11,10,7.20084e+13,7200840210,NA,NA,1,NA,NA,4,1,42,1,42101,"101_112",4210160000,42101003800,814,"23:10",19,NA,NA,NA,"0:01","","","","23:11",14,5,NA,NA,NA,NA,NA,NA,NA,NA,NA,NA,NA,NA,NA,NA,NA,NA,NA,NA,NA,NA,NA,NA,NA,NA,NA,NA,NA,NA,NA,NA,4,1,42,1,42101,"101_103",4210160000,42101000402,76,1.17,44,21.76301,3.081167,197.892382
"1412",67924,720084,2,72008402,707.2955634,169.138788,1,NA,7.20084e+11,11,7.20084e+13,7200840211,NA,NA,1,NA,NA,4,1,42,1,42101,"101_103",4210160000,42101000402,76,"23:55",19,NA,NA,NA,"0:01","","","","0:05",21,5,NA,NA,NA,NA,NA,NA,NA,NA,NA,NA,NA,NA,NA,NA,NA,NA,NA,NA,NA,NA,NA,NA,NA,NA,NA,NA,NA,NA,NA,NA,4,1,42,1,42101,"101_114",4210160000,42101030200,1610,1.17,0,33.433333,7.982553,197.892382
"1413",67925,720084,2,72008402,707.2955634,169.138788,1,NA,7.20084e+11,12,7.20084e+13,7200840212,NA,NA,1,NA,NA,4,1,42,1,42101,"101_114",4210160000,42101030200,1610,"0:05",19,NA,NA,NA,"","","","","0:20",14,5,NA,NA,NA,NA,NA,NA,NA,NA,NA,NA,NA,NA,NA,NA,NA,NA,NA,NA,NA,NA,NA,NA,NA,NA,NA,NA,NA,NA,NA,NA,1,1,42,1,42101,"101_113",4210160000,42101034501,3401,1.17,-20,28.076055,4.863488,197.892382
"1414",67927,720084,3,72008403,707.2955634,371.2417753,1,NA,7.20084e+11,1,7.20084e+13,7200840301,NA,NA,2,2,2,1,1,42,1,42101,"101_113",4210160000,42101034501,3401,"",1,NA,NA,NA,"7:20","","","","10:22",14,5,NA,NA,NA,NA,NA,NA,NA,NA,NA,NA,NA,NA,NA,NA,NA,NA,NA,NA,NA,NA,NA,NA,NA,NA,NA,NA,NA,NA,NA,NA,4,1,42,1,42101,"101_116",4210160000,42101034600,3610,1.17,25,17.020753,0.907102,434.3528771
"1415",68186,721835,1,72183501,544.617553,1295.682848,1,NA,7.21835e+11,1,7.21835e+13,7218350101,NA,NA,3,1,2,2,1,42,1,42101,"101_103",4210160000,42101000500,74,"",3,NA,NA,NA,"0:00","","","","8:55",14,5,NA,NA,NA,NA,NA,NA,NA,NA,NA,NA,NA,NA,NA,NA,NA,NA,NA,NA,NA,NA,NA,NA,NA,NA,NA,NA,NA,NA,NA,NA,2,1,42,1,42091,"091_401",4209144976,42091205300,10012,1.17,175,31.334246,9.635581,1515.948933
"1416",68187,721835,1,72183501,544.617553,1295.682848,1,NA,7.21835e+11,2,7.21835e+13,7218350102,NA,NA,3,NA,NA,2,1,42,1,42091,"091_401",4209144976,42091205300,10012,"11:50",5,NA,NA,NA,"0:00","","","","16:00",14,5,NA,NA,NA,NA,NA,NA,NA,NA,NA,NA,NA,NA,NA,NA,NA,NA,NA,NA,NA,NA,NA,NA,NA,NA,NA,NA,NA,NA,NA,NA,1,1,42,1,42045,"045_203",4204579000,42045400500,4459,1.17,60,31.037443,6.11482,1515.948933
"1417",68189,721835,2,72183502,544.617553,2484.752587,1,NA,7.21835e+11,1,7.21835e+13,7218350201,NA,NA,3,1,2,2,1,42,1,42045,"045_203",4204579000,42045410500,4453,"",14,NA,NA,NA,"0:00","","","","6:55",14,5,NA,NA,NA,NA,NA,NA,NA,NA,NA,NA,NA,NA,NA,NA,NA,NA,NA,NA,NA,NA,NA,NA,NA,NA,NA,NA,NA,NA,NA,NA,2,1,42,1,42045,"045_206",4204563264,42045409802,5053,1.17,NA,51.199439,10.627368,2907.160527
"1418",68190,721835,2,72183502,544.617553,2484.752587,1,NA,7.21835e+11,2,7.21835e+13,7218350202,NA,NA,3,NA,NA,2,1,42,1,42045,"045_206",4204563264,42045409802,5053,"9999",5,NA,NA,NA,"0:00","","","","12:00",14,5,NA,NA,NA,NA,NA,NA,NA,NA,NA,NA,NA,NA,NA,NA,NA,NA,NA,NA,NA,NA,NA,NA,NA,NA,NA,NA,NA,NA,NA,NA,1,1,42,1,42045,"045_203",4204579000,42045400500,4459,1.17,90,58.624925,12.346238,2907.160527
"1419",68192,721835,3,72183503,544.617553,172.2098605,1,NA,7.21835e+11,1,7.21835e+13,7218350301,NA,NA,3,0,2,4,3,42,1,42101,"101_111",4210160000,42101010700,1225,"",6,NA,NA,NA,"0:00","","","","16:00",14,5,NA,NA,NA,NA,NA,NA,NA,NA,NA,NA,NA,NA,NA,NA,NA,NA,NA,NA,NA,NA,NA,NA,NA,NA,NA,NA,NA,NA,NA,NA,1,1,42,1,42045,"045_203",4204579000,42045400500,4459,1.17,0,29.120277,4.092192,201.4855368
"1420",68287,722501,1,72250101,215.8618035,94.83648505,1,NA,7.22501e+11,2,7.22501e+13,7225010102,NA,NA,2,NA,NA,4,1,42,1,42101,"101_103",4210160000,42101000700,59,"9999",19,NA,NA,NA,"0:00","","","","10:09",14,5,NA,NA,NA,NA,NA,NA,NA,NA,NA,NA,NA,NA,NA,NA,NA,NA,NA,NA,NA,NA,NA,NA,NA,NA,NA,NA,NA,NA,NA,NA,4,1,42,1,42101,"101_103",4210160000,42101001800,5,1.17,4,15.553871,0.890747,110.9586875
"1421",68293,722501,2,72250102,215.8618035,89.96330309,1,NA,7.22501e+11,2,7.22501e+13,7225010202,NA,NA,2,NA,NA,4,1,42,1,42101,"101_103",4210160000,42101000700,59,"9:47",19,NA,NA,NA,"0:00","","","","10:09",14,5,NA,NA,NA,NA,NA,NA,NA,NA,NA,NA,NA,NA,NA,NA,NA,NA,NA,NA,NA,NA,NA,NA,NA,NA,NA,NA,NA,NA,NA,NA,4,1,42,1,42101,"101_103",4210160000,42101000902,38,1.17,4,12.599956,0.754011,105.2570646
"1422",68412,723017,1,72301701,98.744416,78.67896507,1,NA,7.23017e+11,2,7.23017e+13,7230170102,NA,NA,1,NA,NA,4,1,42,1,42045,"045_206",4204533144,42045408800,5017,"7:06",19,NA,NA,NA,"0:00","","","","7:14",21,5,NA,NA,NA,NA,NA,NA,NA,NA,NA,NA,NA,NA,NA,NA,NA,NA,NA,NA,NA,NA,NA,NA,NA,NA,NA,NA,NA,NA,NA,NA,2,1,42,1,42101,"101_103",4210160000,42101000402,98,1.12,32,36.444762,8.791219,88.12044088
"1423",68414,723017,1,72301701,98.744416,78.67896507,1,1,7.23017e+11,4,7.23017e+13,7230170104,NA,NA,1,NA,NA,4,1,42,1,42101,"101_103",4210160000,42101000402,76,"16:16",19,NA,NA,NA,"0:00","","","","16:20",21,5,NA,NA,NA,NA,NA,NA,NA,NA,NA,NA,NA,NA,NA,NA,NA,NA,NA,NA,NA,NA,NA,NA,NA,NA,NA,NA,NA,NA,NA,NA,2,1,42,1,42101,"101_103",4210160000,42101000402,98,1.12,36,4.05,0.200703,88.12044088
"1424",68468,723816,1,72381601,367.4334267,210.221629,1,NA,7.23816e+11,1,7.23816e+13,7238160101,NA,NA,2,2,2,1,1,42,1,42101,"101_111",4210160000,42101010700,1225,"",1,16,1,NA,"2:00","0:01","1:20","","9:00",14,5,NA,NA,NA,NA,NA,NA,NA,NA,NA,NA,NA,NA,NA,NA,NA,NA,NA,NA,NA,NA,NA,NA,NA,NA,NA,NA,NA,NA,NA,NA,4,1,42,1,42101,"101_110",4210160000,42101036900,1026,1.12,60,19.85563,2.496431,235.4482245
"1425",68469,723816,1,72381601,367.4334267,210.221629,1,NA,7.23816e+11,2,7.23816e+13,7238160102,NA,NA,2,NA,NA,4,1,42,1,42101,"101_110",4210160000,42101036900,1026,"10:00",6,8,NA,NA,"1:40","0:20","","","12:15",14,5,NA,NA,NA,NA,NA,NA,NA,NA,NA,NA,NA,NA,NA,NA,NA,NA,NA,NA,NA,NA,NA,NA,NA,NA,NA,NA,NA,NA,NA,NA,4,1,42,1,42101,"101_110",4210160000,42101008601,1027,1.12,75,18.05345,2.185841,235.4482245
"1426",68470,723816,1,72381601,367.4334267,210.221629,1,NA,7.23816e+11,3,7.23816e+13,7238160103,NA,NA,2,NA,NA,4,1,42,1,42101,"101_110",4210160000,42101008601,1027,"13:30",13,8,NA,NA,"1:30","0:10","","","15:10",14,5,NA,NA,NA,NA,NA,NA,NA,NA,NA,NA,NA,NA,NA,NA,NA,NA,NA,NA,NA,NA,NA,NA,NA,NA,NA,NA,NA,NA,NA,NA,1,1,42,1,42101,"101_111",4210160000,42101010700,1225,1.12,80,20.168932,1.745895,235.4482245
"1427",68471,723816,1,72381601,367.4334267,210.221629,2,NA,7.23816e+11,4,7.23816e+13,7238160104,NA,NA,2,1,NA,1,1,42,1,42101,"101_111",4210160000,42101010700,1225,"16:30",1,12,14,NA,"0:30","1:30","0:30","","19:00",14,5,NA,NA,NA,NA,NA,NA,NA,NA,NA,NA,NA,NA,NA,NA,NA,NA,NA,NA,NA,NA,NA,NA,NA,NA,NA,NA,NA,NA,NA,NA,4,1,42,1,42101,"101_110",4210160000,42101008802,1031,1.12,60,11.008541,1.607082,235.4482245
"1428",68472,723816,1,72381601,367.4334267,210.221629,2,NA,7.23816e+11,5,7.23816e+13,7238160105,NA,NA,2,NA,NA,4,1,42,1,42101,"101_110",4210160000,42101008802,1031,"20:00",12,8,NA,NA,"1:00","0:20","","","21:30",14,5,NA,NA,NA,NA,NA,NA,NA,NA,NA,NA,NA,NA,NA,NA,NA,NA,NA,NA,NA,NA,NA,NA,NA,NA,NA,NA,NA,NA,NA,NA,1,1,42,1,42101,"101_111",4210160000,42101010700,1225,1.12,60,12.919618,1.21946,235.4482245
"1429",68478,723816,2,72381602,367.4334267,297.9814313,1,NA,7.23816e+11,5,7.23816e+13,7238160205,NA,NA,3,NA,NA,4,1,42,1,42101,"101_110",4210160000,42101980000,1040,"20:00",19,NA,NA,NA,"0:30","","","","20:30",14,5,NA,NA,NA,NA,NA,NA,NA,NA,NA,NA,NA,NA,NA,NA,NA,NA,NA,NA,NA,NA,NA,NA,NA,NA,NA,NA,NA,NA,NA,NA,1,1,42,1,42101,"101_111",4210160000,42101010700,1225,1.12,30,20.568581,2.04813,333.7392031
"1430",68480,723816,3,72381603,367.4334267,439.1560558,1,NA,7.23816e+11,1,7.23816e+13,7238160301,NA,NA,2,3,2,1,1,42,1,42101,"101_111",4210160000,42101010700,1225,"",1,2,NA,NA,"3:00","2:00","","","8:00",14,5,NA,NA,NA,NA,NA,NA,NA,NA,NA,NA,NA,NA,NA,NA,NA,NA,NA,NA,NA,NA,NA,NA,NA,NA,NA,NA,NA,NA,NA,NA,3,1,42,1,42101,"101_110",4210160000,42101008602,1035,1.12,40,15.668211,1.613297,491.8547825
"1431",68482,723816,3,72381603,367.4334267,439.1560558,1,NA,7.23816e+11,3,7.23816e+13,7238160303,NA,NA,2,NA,NA,4,1,42,1,42101,"101_111",4210160000,42101008500,1211,"16:30",19,NA,NA,NA,"0:30","","","","17:10",14,5,NA,NA,NA,NA,NA,NA,NA,NA,NA,NA,NA,NA,NA,NA,NA,NA,NA,NA,NA,NA,NA,NA,NA,NA,NA,NA,NA,NA,NA,NA,4,1,42,1,42101,"101_106",4210160000,42101011100,1233,1.12,0,20.279368,0.411326,491.8547825
"1432",68483,723816,3,72381603,367.4334267,439.1560558,1,NA,7.23816e+11,4,7.23816e+13,7238160304,NA,NA,2,NA,NA,4,1,42,1,42101,"101_106",4210160000,42101011100,1233,"17:10",19,NA,NA,NA,"0:10","","","","17:20",14,5,NA,NA,NA,NA,NA,NA,NA,NA,NA,NA,NA,NA,NA,NA,NA,NA,NA,NA,NA,NA,NA,NA,NA,NA,NA,NA,NA,NA,NA,NA,1,1,42,1,42101,"101_111",4210160000,42101010700,1225,1.12,10,15.409131,1.353795,491.8547825
"1433",68539,724431,1,72443101,151.067073,80.39423017,1,NA,7.24431e+11,2,7.24431e+13,7244310102,NA,NA,1,NA,NA,4,1,42,1,42029,"029_311",4202977344,42029300103,8009,"6:25",19,NA,NA,NA,"0:00","","","","6:35",14,5,NA,NA,NA,NA,NA,NA,NA,NA,NA,NA,NA,NA,NA,NA,NA,NA,NA,NA,NA,NA,NA,NA,NA,NA,NA,NA,NA,NA,NA,NA,2,1,42,1,42101,"101_103",4210160000,42101000401,85,1.17,55,41.265516,19.367126,94.0612493
"1434",68728,725975,1,72597501,656.9249092,116.2809995,1,NA,7.25975e+11,1,7.25975e+13,7259750101,NA,NA,3,2,2,4,1,42,1,42101,"101_112",4210160000,42101003902,810,"",19,20,NA,NA,"0:00","","","","8:05",14,5,NA,NA,NA,NA,NA,NA,NA,NA,NA,NA,NA,NA,NA,NA,NA,NA,NA,NA,NA,NA,NA,NA,NA,NA,NA,NA,NA,NA,NA,NA,4,1,42,1,42101,"101_103",4210160000,42101000700,60,1.17,23,19.614284,2.334525,136.0487694
"1435",68732,725975,2,72597502,656.9249092,112.4409284,1,NA,7.25975e+11,1,7.25975e+13,7259750201,NA,NA,3,0,2,2,1,42,1,42101,"101_103",4210160000,42101000500,91,"",5,NA,NA,NA,"9:40","","","","15:40",14,5,NA,NA,NA,NA,NA,NA,NA,NA,NA,NA,NA,NA,NA,NA,NA,NA,NA,NA,NA,NA,NA,NA,NA,NA,NA,NA,NA,NA,NA,NA,1,1,42,1,42101,"101_112",4210160000,42101004002,811,1.17,30,18.064088,2.930108,131.5558862
"1436",68733,725975,2,72597502,656.9249092,112.4409284,2,NA,7.25975e+11,2,7.25975e+13,7259750202,NA,NA,2,2,NA,1,1,42,1,42101,"101_112",4210160000,42101004002,811,"16:10",1,NA,NA,NA,"0:00","","","","16:20",14,5,NA,NA,NA,NA,NA,NA,NA,NA,NA,NA,NA,NA,NA,NA,NA,NA,NA,NA,NA,NA,NA,NA,NA,NA,NA,NA,NA,NA,NA,NA,4,1,42,1,42101,"101_112",4210160000,42101037200,803,1.17,5,10.470137,0.98381,131.5558862
"1437",68734,725975,2,72597502,656.9249092,112.4409284,2,NA,7.25975e+11,3,7.25975e+13,7259750203,NA,NA,2,NA,NA,4,1,42,1,42101,"101_112",4210160000,42101037200,803,"16:25",8,NA,NA,NA,"0:00","","","","16:50",14,5,NA,NA,NA,NA,NA,NA,NA,NA,NA,NA,NA,NA,NA,NA,NA,NA,NA,NA,NA,NA,NA,NA,NA,NA,NA,NA,NA,NA,NA,NA,4,1,42,1,42101,"101_112",4210160000,42101003901,817,1.17,10,17.669271,1.556646,131.5558862
"1438",68968,727268,1,72726801,193.5636386,337.4678512,1,NA,7.27268e+11,1,7.27268e+13,7272680101,NA,NA,3,1,2,4,1,42,1,42101,"101_103",4210160000,42101000600,56,"",1,NA,NA,NA,"3:10","","","","6:10",14,5,NA,NA,NA,NA,NA,NA,NA,NA,NA,NA,NA,NA,NA,NA,NA,NA,NA,NA,NA,NA,NA,NA,NA,NA,NA,NA,NA,NA,NA,NA,2,1,42,1,42101,"101_103",4210160000,42101000600,56,1.12,20,2.079165,0.083988,377.9639933
"1439",69143,728176,1,72817601,345.5485017,775.6891386,1,NA,7.28176e+11,1,7.28176e+13,7281760101,NA,NA,1,1,2,1,1,42,1,42101,"101_110",4210160000,42101007900,1021,"",1,NA,NA,NA,"4:15","","","","8:20",14,5,NA,NA,NA,NA,NA,NA,NA,NA,NA,NA,NA,NA,NA,NA,NA,NA,NA,NA,NA,NA,NA,NA,NA,NA,NA,NA,NA,NA,NA,NA,2,1,42,1,42101,"101_103",4210160000,42101000500,91,1.17,21,22.758326,3.691993,907.5562922
"1440",69144,728176,1,72817601,345.5485017,775.6891386,1,NA,7.28176e+11,2,7.28176e+13,7281760102,NA,NA,1,NA,NA,2,1,42,1,42101,"101_103",4210160000,42101000500,91,"8:41",12,5,96,NA,"6:30","1:00","","","16:41",14,5,NA,NA,NA,NA,NA,NA,NA,NA,NA,NA,NA,NA,NA,NA,NA,NA,NA,NA,NA,NA,NA,NA,NA,NA,NA,NA,NA,NA,NA,NA,1,1,42,1,42101,"101_110",4210160000,42101007900,1021,1.17,19,24.693771,3.655025,907.5562922
"1441",69175,728623,1,72862301,124.5052791,130.7998966,1,NA,7.28623e+11,1,7.28623e+13,7286230101,NA,NA,2,2,2,1,1,42,1,42101,"101_103",4210160000,42101013402,138,"",1,10,NA,NA,"2:00","","","","8:45",14,5,NA,NA,NA,NA,NA,NA,NA,NA,NA,NA,NA,NA,NA,NA,NA,NA,NA,NA,NA,NA,NA,NA,NA,NA,NA,NA,NA,NA,NA,NA,4,1,42,1,42101,"101_103",4210160000,42101000902,38,1.12,35,22.035241,2.161041,146.4958842
"1442",69177,728623,1,72862301,124.5052791,130.7998966,1,NA,7.28623e+11,3,7.28623e+13,7286230103,NA,NA,2,NA,NA,4,1,42,1,42101,"101_103",4210160000,42101000500,90,"12:00",8,NA,NA,NA,"2:00","","","","14:00",14,5,NA,NA,NA,NA,NA,NA,NA,NA,NA,NA,NA,NA,NA,NA,NA,NA,NA,NA,NA,NA,NA,NA,NA,NA,NA,NA,NA,NA,NA,NA,1,1,42,1,42101,"101_103",4210160000,42101013402,138,1.12,30,17.327966,1.769543,146.4958842
"1443",69330,729455,3,72945503,295.1256087,201.9025439,1,NA,7.29455e+11,1,7.29455e+13,7294550301,NA,NA,2,2,2,1,1,42,1,42101,"101_113",4210160000,42101035500,3406,"",1,NA,NA,NA,"0:00","","","","6:00",14,5,NA,NA,NA,NA,NA,NA,NA,NA,NA,NA,NA,NA,NA,NA,NA,NA,NA,NA,NA,NA,NA,NA,NA,NA,NA,NA,NA,NA,NA,NA,3,1,42,1,42101,"101_103",4210160000,42101012500,133,1.12,90,72.102783,14.420777,226.1308492
"1444",69358,729644,1,72964401,310.1762019,121.1851268,1,NA,7.29644e+11,10,7.29644e+13,7296440110,NA,NA,1,NA,NA,4,1,42,1,42101,"101_103",4210160000,42101000402,92,"18:25",19,NA,NA,NA,"0:00","","","","18:38",14,5,NA,NA,NA,NA,NA,NA,NA,NA,NA,NA,NA,NA,NA,NA,NA,NA,NA,NA,NA,NA,NA,NA,NA,NA,NA,NA,NA,NA,NA,NA,4,1,42,1,42101,"101_106",4210160000,42101980000,2210,1.17,32,31.829861,5.014676,141.7865984
"1445",69359,729644,1,72964401,310.1762019,121.1851268,1,NA,7.29644e+11,11,7.29644e+13,7296440111,NA,NA,1,NA,NA,4,1,42,1,42101,"101_106",4210160000,42101980000,2210,"19:10",15,NA,NA,NA,"3:30","","","","22:55",14,5,NA,NA,NA,NA,NA,NA,NA,NA,NA,NA,NA,NA,NA,NA,NA,NA,NA,NA,NA,NA,NA,NA,NA,NA,NA,NA,NA,NA,NA,NA,4,1,42,1,42101,"101_103",4210160000,42101000402,92,1.17,49,33.050632,6.066465,141.7865984
"1446",69496,730659,1,73065901,147.4676375,89.56773504,1,NA,7.30659e+11,4,7.30659e+13,7306590104,NA,NA,1,NA,NA,4,1,42,1,42101,"101_103",4210160000,42101000500,69,"17:05",96,NA,NA,NA,"0:00","","","","17:12",14,5,NA,NA,NA,NA,NA,NA,NA,NA,NA,NA,NA,NA,NA,NA,NA,NA,NA,NA,NA,NA,NA,NA,NA,NA,NA,NA,NA,NA,NA,NA,1,1,42,1,42101,"101_108",4210160000,42101038400,3222,1.17,73,58.544828,13.038755,104.79425
"1447",69696,731840,1,73184001,111.2939642,86.50079738,1,NA,7.3184e+11,1,7.3184e+13,7318400101,NA,NA,1,1,2,1,1,42,1,42045,"045_206",4204533144,42045408900,5009,"",1,12,7,NA,"5:00","","1:00","","9:15",21,5,NA,NA,NA,NA,NA,NA,NA,NA,NA,NA,NA,NA,NA,NA,NA,NA,NA,NA,NA,NA,NA,NA,NA,NA,NA,NA,NA,NA,NA,NA,2,1,42,1,42101,"101_103",4210160000,42101000402,96,1.12,45,34.402082,7.261612,96.88089306
"1448",69697,731840,1,73184001,111.2939642,86.50079738,1,NA,7.3184e+11,2,7.3184e+13,7318400102,NA,NA,1,NA,NA,2,1,42,1,42101,"101_103",4210160000,42101000402,96,"10:00",5,NA,NA,NA,"8:00","","","","18:00",21,5,NA,NA,NA,NA,NA,NA,NA,NA,NA,NA,NA,NA,NA,NA,NA,NA,NA,NA,NA,NA,NA,NA,NA,NA,NA,NA,NA,NA,NA,NA,1,1,42,1,42045,"045_206",4204533144,42045408900,5009,1.12,45,35.659477,7.671053,96.88089306
"1449",69724,732115,1,73211501,228.4384878,117.1287933,1,NA,7.32115e+11,2,7.32115e+13,7321150102,NA,NA,2,NA,NA,4,1,42,1,42101,"101_112",4210160000,42101003200,841,"8:58",19,NA,NA,NA,"0:00","","","","9:00",14,5,NA,NA,NA,NA,NA,NA,NA,NA,NA,NA,NA,NA,NA,NA,NA,NA,NA,NA,NA,NA,NA,NA,NA,NA,NA,NA,NA,NA,NA,NA,4,1,42,1,42101,"101_112",4210160000,42101002900,834,1.17,10,14.482562,1.393736,137.0406882
"1450",69725,732115,1,73211501,228.4384878,117.1287933,1,NA,7.32115e+11,3,7.32115e+13,7321150103,NA,NA,2,NA,NA,4,1,42,1,42101,"101_112",4210160000,42101002900,834,"9:10",19,NA,NA,NA,"0:00","","","","9:20",14,5,NA,NA,NA,NA,NA,NA,NA,NA,NA,NA,NA,NA,NA,NA,NA,NA,NA,NA,NA,NA,NA,NA,NA,NA,NA,NA,NA,NA,NA,NA,4,1,42,1,42101,"101_115",4210160000,42101027600,2622,1.17,45,38.382054,8.602078,137.0406882
"1451",69726,732115,1,73211501,228.4384878,117.1287933,1,NA,7.32115e+11,4,7.32115e+13,7321150104,NA,NA,2,NA,NA,4,1,42,1,42101,"101_115",4210160000,42101027600,2622,"10:05",19,NA,NA,NA,"0:00","","","","10:11",14,5,NA,NA,NA,NA,NA,NA,NA,NA,NA,NA,NA,NA,NA,NA,NA,NA,NA,NA,NA,NA,NA,NA,NA,NA,NA,NA,NA,NA,NA,NA,4,1,42,1,42101,"101_118",4210160000,42101031402,2801,1.17,17,37.250966,6.343657,137.0406882
"1452",69728,732115,1,73211501,228.4384878,117.1287933,1,NA,7.32115e+11,6,7.32115e+13,7321150106,NA,NA,2,NA,NA,4,1,42,1,42101,"101_118",4210160000,42101033500,2807,"10:50",19,NA,NA,NA,"0:00","","","","11:00",14,5,NA,NA,NA,NA,NA,NA,NA,NA,NA,NA,NA,NA,NA,NA,NA,NA,NA,NA,NA,NA,NA,NA,NA,NA,NA,NA,NA,NA,NA,NA,4,1,42,1,42101,"101_115",4210160000,42101027500,2618,1.17,27,38.760794,6.221879,137.0406882
"1453",69730,732115,1,73211501,228.4384878,117.1287933,1,NA,7.32115e+11,8,7.32115e+13,7321150108,NA,NA,2,NA,NA,4,1,42,1,42101,"101_115",4210160000,42101027600,2622,"11:42",19,NA,NA,NA,"0:00","","","","12:04",14,5,NA,NA,NA,NA,NA,NA,NA,NA,NA,NA,NA,NA,NA,NA,NA,NA,NA,NA,NA,NA,NA,NA,NA,NA,NA,NA,NA,NA,NA,NA,4,1,42,1,42101,"101_112",4210160000,42101002900,834,1.17,51,38.499631,8.517495,137.0406882
"1454",69731,732115,1,73211501,228.4384878,117.1287933,1,NA,7.32115e+11,9,7.32115e+13,7321150109,NA,NA,2,NA,NA,4,1,42,1,42101,"101_112",4210160000,42101002900,834,"12:55",19,NA,NA,NA,"0:00","","","","12:57",14,5,NA,NA,NA,NA,NA,NA,NA,NA,NA,NA,NA,NA,NA,NA,NA,NA,NA,NA,NA,NA,NA,NA,NA,NA,NA,NA,NA,NA,NA,NA,1,1,42,1,42101,"101_112",4210160000,42101003200,840,1.17,10,9.359728,0.991091,137.0406882
"1455",69827,732769,1,73276901,190.4720163,94.57764468,2,NA,7.32769e+11,3,7.32769e+13,7327690103,NA,NA,2,1,NA,1,1,42,1,42101,"101_103",4210160000,42101000804,42,"13:25",1,NA,NA,NA,"2:05","","","","15:30",14,5,NA,NA,NA,NA,NA,NA,NA,NA,NA,NA,NA,NA,NA,NA,NA,NA,NA,NA,NA,NA,NA,NA,NA,NA,NA,NA,NA,NA,NA,NA,4,1,42,1,42101,"101_103",4210160000,42101001001,13,1.17,20,11.292432,1.03575,110.6558443
"1456",69986,734329,3,73432903,382.3642674,1440.120065,1,NA,7.34329e+11,2,7.34329e+13,7343290302,NA,NA,2,NA,NA,3,1,42,1,42101,"101_103",4210160000,42101000401,103,"7:40",3,NA,NA,NA,"6:00","","","","16:00",14,5,NA,NA,NA,NA,NA,NA,NA,NA,NA,NA,NA,NA,NA,NA,NA,NA,NA,NA,NA,NA,NA,NA,NA,NA,NA,NA,NA,NA,NA,NA,4,1,42,1,42101,"101_103",4210160000,42101000500,74,1.12,15,9.63883,0.799545,1612.934473
"1457",70023,734729,1,73472901,355.2652044,110.795425,1,NA,7.34729e+11,2,7.34729e+13,7347290102,NA,NA,2,NA,NA,4,1,42,1,42101,"101_115",4210160000,42101027600,2622,"9:10",19,NA,NA,NA,"0:00","","","","9:17",21,5,NA,NA,NA,NA,NA,NA,NA,NA,NA,NA,NA,NA,NA,NA,NA,NA,NA,NA,NA,NA,NA,NA,NA,NA,NA,NA,NA,NA,NA,NA,4,1,42,1,42101,"101_103",4210160000,42101000901,41,1.12,8,25.862314,7.086268,124.090876
"1458",70026,734729,1,73472901,355.2652044,110.795425,1,NA,7.34729e+11,5,7.34729e+13,7347290105,NA,NA,2,NA,NA,4,1,42,1,42101,"101_103",4210160000,42101000901,41,"12:02",96,NA,NA,NA,"0:10","","","","12:12",21,5,NA,NA,NA,NA,NA,NA,NA,NA,NA,NA,NA,NA,NA,NA,NA,NA,NA,NA,NA,NA,NA,NA,NA,NA,NA,NA,NA,NA,NA,NA,4,1,42,1,42101,"101_115",4210160000,42101027500,2618,1.12,18,30.482049,7.22901,124.090876
"1459",70262,736837,1,73683701,213.7295021,117.1109781,1,NA,7.36837e+11,2,7.36837e+13,7368370102,NA,NA,2,NA,NA,4,1,42,1,42101,"101_101",4210160000,42101017601,1401,"9:45",6,NA,NA,NA,"1:10","","","","10:55",21,5,NA,NA,NA,NA,NA,NA,NA,NA,NA,NA,NA,NA,NA,NA,NA,NA,NA,NA,NA,NA,NA,NA,NA,NA,NA,NA,NA,NA,NA,NA,4,1,42,1,42045,"045_203",4204579000,42045400401,4454,1.17,40,46.04028,9.857012,137.0198443
"1460",70263,736837,1,73683701,213.7295021,117.1109781,1,NA,7.36837e+11,3,7.36837e+13,7368370103,NA,NA,2,NA,NA,4,1,42,1,42045,"045_203",4204579000,42045400401,4454,"11:35",6,NA,NA,NA,"0:00","","","","11:38",21,5,NA,NA,NA,NA,NA,NA,NA,NA,NA,NA,NA,NA,NA,NA,NA,NA,NA,NA,NA,NA,NA,NA,NA,NA,NA,NA,NA,NA,NA,NA,4,1,42,1,42101,"101_103",4210160000,42101000402,76,1.17,27,25.289635,5.451405,137.0198443
"1461",70264,736837,1,73683701,213.7295021,117.1109781,1,NA,7.36837e+11,4,7.36837e+13,7368370104,NA,NA,2,NA,NA,4,1,42,1,42101,"101_103",4210160000,42101000402,76,"12:05",6,NA,NA,NA,"0:00","","","","12:06",14,5,NA,NA,NA,NA,NA,NA,NA,NA,NA,NA,NA,NA,NA,NA,NA,NA,NA,NA,NA,NA,NA,NA,NA,NA,NA,NA,NA,NA,NA,NA,4,1,42,1,42101,"101_103",4210160000,42101012500,133,1.17,24,9.602065,0.66269,137.0198443
"1462",70265,736837,1,73683701,213.7295021,117.1109781,1,NA,7.36837e+11,5,7.36837e+13,7368370105,NA,NA,2,NA,NA,4,1,42,1,42101,"101_103",4210160000,42101012500,133,"12:30",6,NA,NA,NA,"2:00","","","","14:30",21,5,NA,NA,NA,NA,NA,NA,NA,NA,NA,NA,NA,NA,NA,NA,NA,NA,NA,NA,NA,NA,NA,NA,NA,NA,NA,NA,NA,NA,NA,NA,1,1,42,1,42101,"101_107",4210160000,42101016300,426,1.17,45,30.764958,4.519911,137.0198443
"1463",70384,738502,1,73850201,318.6405375,103.1176435,1,NA,7.38502e+11,3,7.38502e+13,7385020103,NA,NA,1,NA,NA,4,1,42,1,42101,"101_103",4210160000,42101001202,23,"8:54",19,NA,NA,NA,"0:20","","","","9:20",14,5,NA,NA,NA,NA,NA,NA,NA,NA,NA,NA,NA,NA,NA,NA,NA,NA,NA,NA,NA,NA,NA,NA,NA,NA,NA,NA,NA,NA,NA,NA,2,1,42,1,42101,"101_110",4210160000,42101009100,1037,1.17,5,25.658141,2.775361,120.6476429
"1464",70386,738502,1,73850201,318.6405375,103.1176435,1,NA,7.38502e+11,5,7.38502e+13,7385020105,NA,NA,1,NA,NA,4,1,42,1,42101,"101_110",4210160000,42101009000,1036,"18:40",19,NA,NA,NA,"0:10","","","","18:50",21,5,NA,NA,NA,NA,NA,NA,NA,NA,NA,NA,NA,NA,NA,NA,NA,NA,NA,NA,NA,NA,NA,NA,NA,NA,NA,NA,NA,NA,NA,NA,1,1,42,1,42101,"101_103",4210160000,42101001101,22,1.17,25,15.87485,1.983652,120.6476429
"1465",70432,738584,1,73858401,87.21865688,110.8025836,1,NA,7.38584e+11,1,7.38584e+13,7385840101,NA,NA,3,3,2,4,1,42,1,42101,"101_103",4210160000,42101000402,83,"",6,NA,NA,NA,"0:00","","","","10:00",14,5,NA,NA,NA,NA,NA,NA,NA,NA,NA,NA,NA,NA,NA,NA,NA,NA,NA,NA,NA,NA,NA,NA,NA,NA,NA,NA,NA,NA,NA,NA,4,1,42,1,42101,"101_113",4210160000,42101036501,3423,1.13,30,53.195095,19.157605,125.2069195
"1466",70433,738584,1,73858401,87.21865688,110.8025836,1,NA,7.38584e+11,2,7.38584e+13,7385840102,NA,NA,3,NA,NA,4,1,42,1,42101,"101_113",4210160000,42101036501,3423,"10:30",12,NA,NA,NA,"0:00","","","","11:00",21,5,NA,NA,NA,NA,NA,NA,NA,NA,NA,NA,NA,NA,NA,NA,NA,NA,NA,NA,NA,NA,NA,NA,NA,NA,NA,NA,NA,NA,NA,NA,4,1,42,1,42101,"101_103",4210160000,42101000500,70,1.13,60,46.4,18.513135,125.2069195
"1467",70434,738584,1,73858401,87.21865688,110.8025836,1,NA,7.38584e+11,3,7.38584e+13,7385840103,NA,NA,3,NA,NA,4,1,42,1,42101,"101_103",4210160000,42101000500,70,"12:00",11,NA,NA,NA,"1:30","","","","13:30",21,5,NA,NA,NA,NA,NA,NA,NA,NA,NA,NA,NA,NA,NA,NA,NA,NA,NA,NA,NA,NA,NA,NA,NA,NA,NA,NA,NA,NA,NA,NA,4,1,42,1,42101,"101_103",4210160000,42101000402,78,1.13,30,11.297648,0.880846,125.2069195
"1468",70435,738584,1,73858401,87.21865688,110.8025836,1,NA,7.38584e+11,4,7.38584e+13,7385840104,NA,NA,3,NA,NA,4,1,42,1,42101,"101_103",4210160000,42101000402,78,"14:00",8,NA,NA,NA,"0:00","","","","14:40",21,5,NA,NA,NA,NA,NA,NA,NA,NA,NA,NA,NA,NA,NA,NA,NA,NA,NA,NA,NA,NA,NA,NA,NA,NA,NA,NA,NA,NA,NA,NA,1,1,42,1,42101,"101_107",4210160000,42101016701,431,1.13,50,26.646325,3.501463,125.2069195
"1469",70438,738584,2,73858402,87.21865688,107.9510185,1,NA,7.38584e+11,2,7.38584e+13,7385840202,NA,NA,3,NA,NA,4,1,42,1,42101,"101_103",4210160000,42101000500,88,"12:00",12,NA,NA,NA,"2:00","","","","14:45",21,5,NA,NA,NA,NA,NA,NA,NA,NA,NA,NA,NA,NA,NA,NA,NA,NA,NA,NA,NA,NA,NA,NA,NA,NA,NA,NA,NA,NA,NA,NA,1,1,42,1,42101,"101_107",4210160000,42101016701,431,1.13,45,21.139698,3.676933,121.9846509
"1470",70775,741351,1,74135101,257.8447999,631.7145752,1,NA,7.41351e+11,1,7.41351e+13,7413510101,NA,NA,3,0,2,4,1,42,1,42045,"045_201",4204513208,42045405000,4025,"",6,NA,NA,NA,"5:00","","","","14:00",14,5,NA,NA,NA,NA,NA,NA,NA,NA,NA,NA,NA,NA,NA,NA,NA,NA,NA,NA,NA,NA,NA,NA,NA,NA,NA,NA,NA,NA,NA,NA,1,1,42,1,42045,"045_202",4204551176,42045407700,4207,1.17,120,36.917017,5.887157,739.106053
"1471",70777,741351,2,74135102,257.8447999,1101.31898,1,NA,7.41351e+11,1,7.41351e+13,7413510201,NA,NA,3,0,2,2,1,42,1,42045,"045_202",4204573032,42045407600,4236,"",5,NA,NA,NA,"8:00","","","","18:00",14,5,NA,NA,NA,NA,NA,NA,NA,NA,NA,NA,NA,NA,NA,NA,NA,NA,NA,NA,NA,NA,NA,NA,NA,NA,NA,NA,NA,NA,NA,NA,1,1,42,1,42045,"045_202",4204551176,42045407700,4207,1.17,45,18.593532,2.082241,1288.543206
"1472",70934,742262,1,74226201,731.8138797,134.8389857,1,NA,7.42262e+11,1,7.42262e+13,7422620101,NA,NA,1,1,2,1,1,42,1,42101,"101_118",4210160000,42101033800,2814,"",1,7,NA,NA,"3:45","0:15","","","7:00",14,5,NA,NA,NA,NA,NA,NA,NA,NA,NA,NA,NA,NA,NA,NA,NA,NA,NA,NA,NA,NA,NA,NA,NA,NA,NA,NA,NA,NA,NA,NA,2,1,42,1,42101,"101_103",4210160000,42101000500,74,1.17,74,51.881164,12.414063,157.7616132
"1473",71014,743020,1,74302001,547.3904668,3474.798436,1,NA,7.4302e+11,1,7.4302e+13,7430200101,NA,NA,3,0,2,4,1,42,1,42101,"101_117",4210160000,42101024600,2410,"",96,NA,NA,NA,"3:20","","","","14:15",14,5,NA,NA,NA,NA,NA,NA,NA,NA,NA,NA,NA,NA,NA,NA,NA,NA,NA,NA,NA,NA,NA,NA,NA,NA,NA,NA,NA,NA,NA,NA,1,1,42,1,42101,"101_114",4210160000,42101030200,1610,1.17,75,40.840853,6.630329,4065.51417
"1474",71016,743020,2,74302002,547.3904668,110.509159,1,NA,7.4302e+11,1,7.4302e+13,7430200201,NA,NA,3,0,2,4,1,42,1,42101,"101_106",4210160000,42101011100,1233,"",96,NA,NA,NA,"2:10","","","","10:00",14,5,NA,NA,NA,NA,NA,NA,NA,NA,NA,NA,NA,NA,NA,NA,NA,NA,NA,NA,NA,NA,NA,NA,NA,NA,NA,NA,NA,NA,NA,NA,1,1,42,1,42101,"101_114",4210160000,42101030200,1610,1.17,840,56.322414,12.210613,129.295716
"1475",71050,743381,1,74338101,228.4384878,154.6616617,1,NA,7.43381e+11,3,7.43381e+13,7433810103,NA,NA,2,NA,NA,4,1,42,1,42101,"101_111",4210160000,42101010200,1224,"14:15",8,NA,NA,NA,"0:00","","","","14:15",14,5,NA,NA,NA,NA,NA,NA,NA,NA,NA,NA,NA,NA,NA,NA,NA,NA,NA,NA,NA,NA,NA,NA,NA,NA,NA,NA,NA,NA,NA,NA,1,1,42,1,42101,"101_111",4210160000,42101008302,1210,1.17,45,18.37703,1.298711,180.9541442
"1476",71194,745425,1,74542501,202.8848881,112.1278597,1,NA,7.45425e+11,2,7.45425e+13,7454250102,NA,NA,2,NA,NA,4,1,42,1,42101,"101_110",4210160000,42101006500,1009,"7:43",19,NA,NA,NA,"0:00","","","","7:45",14,5,NA,NA,NA,NA,NA,NA,NA,NA,NA,NA,NA,NA,NA,NA,NA,NA,NA,NA,NA,NA,NA,NA,NA,NA,NA,NA,NA,NA,NA,NA,4,1,42,1,42101,"101_103",4210160000,42101000500,73,1.17,30,33.637645,5.051266,131.1895959
"1477",71198,745425,1,74542501,202.8848881,112.1278597,1,NA,7.45425e+11,6,7.45425e+13,7454250106,NA,NA,2,NA,NA,4,1,42,1,42101,"101_103",4210160000,42101000500,71,"9:05",19,NA,NA,NA,"0:00","","","","9:23",21,5,NA,NA,NA,NA,NA,NA,NA,NA,NA,NA,NA,NA,NA,NA,NA,NA,NA,NA,NA,NA,NA,NA,NA,NA,NA,NA,NA,NA,NA,NA,4,1,42,1,42101,"101_111",4210160000,42101008400,1213,1.17,12,20.39307,4.305269,131.1895959
"1478",71199,745425,1,74542501,202.8848881,112.1278597,1,NA,7.45425e+11,7,7.45425e+13,7454250107,NA,NA,2,NA,NA,4,1,42,1,42101,"101_111",4210160000,42101008400,1213,"9:35",19,NA,NA,NA,"0:00","","","","9:40",14,5,NA,NA,NA,NA,NA,NA,NA,NA,NA,NA,NA,NA,NA,NA,NA,NA,NA,NA,NA,NA,NA,NA,NA,NA,NA,NA,NA,NA,NA,NA,4,1,42,1,42101,"101_111",4210160000,42101009400,1215,1.17,2,8.416739,0.484673,131.1895959
"1479",71207,745425,2,74542502,202.8848881,123.2780702,1,NA,7.45425e+11,2,7.45425e+13,7454250202,NA,NA,1,NA,NA,4,1,42,1,42101,"101_110",4210160000,42101006500,1009,"7:39",19,NA,NA,NA,"0:03","","","","7:42",14,5,NA,NA,NA,NA,NA,NA,NA,NA,NA,NA,NA,NA,NA,NA,NA,NA,NA,NA,NA,NA,NA,NA,NA,NA,NA,NA,NA,NA,NA,NA,4,1,42,1,42101,"101_103",4210160000,42101000500,90,1.17,28,33.0495,5.330442,144.2353422
"1480",71212,745425,2,74542502,202.8848881,123.2780702,1,NA,7.45425e+11,7,7.45425e+13,7454250207,NA,NA,1,NA,NA,4,1,42,1,42101,"101_103",4210160000,42101000500,71,"17:18",19,NA,NA,NA,"0:03","","","","17:21",14,5,NA,NA,NA,NA,NA,NA,NA,NA,NA,NA,NA,NA,NA,NA,NA,NA,NA,NA,NA,NA,NA,NA,NA,NA,NA,NA,NA,NA,NA,NA,4,1,42,1,42101,"101_111",4210160000,42101008400,1213,1.17,11,20.366667,4.304866,144.2353422
"1481",71226,745698,1,74569801,196.8888379,246.176728,1,NA,7.45698e+11,1,7.45698e+13,7456980101,NA,NA,1,1,2,1,1,42,1,42101,"101_110",4210160000,42101008802,1031,"",1,7,NA,NA,"7:00","1:00","","","11:00",21,5,NA,NA,NA,NA,NA,NA,NA,NA,NA,NA,NA,NA,NA,NA,NA,NA,NA,NA,NA,NA,NA,NA,NA,NA,NA,NA,NA,NA,NA,NA,2,1,42,1,42045,"045_206",4204533144,42045408300,5020,1.17,45,40.431106,8.41325,288.0267718
"1482",71227,745698,1,74569801,196.8888379,246.176728,1,NA,7.45698e+11,2,7.45698e+13,7456980102,NA,NA,1,NA,NA,2,1,42,1,42045,"045_206",4204533144,42045408300,5020,"11:45",14,5,NA,NA,"6:00","2:00","","","19:45",21,5,NA,NA,NA,NA,NA,NA,NA,NA,NA,NA,NA,NA,NA,NA,NA,NA,NA,NA,NA,NA,NA,NA,NA,NA,NA,NA,NA,NA,NA,NA,1,1,42,1,42101,"101_110",4210160000,42101008802,1031,1.17,40,42.911806,8.415655,288.0267718
"1483",71553,749083,1,74908301,632.7599042,109.4615567,1,NA,7.49083e+11,1,7.49083e+13,7490830101,NA,NA,2,1,2,1,1,42,1,42101,"101_116",4210160000,42101036302,3622,"",1,NA,NA,NA,"0:00","","","","9:00",14,5,NA,NA,NA,NA,NA,NA,NA,NA,NA,NA,NA,NA,NA,NA,NA,NA,NA,NA,NA,NA,NA,NA,NA,NA,NA,NA,NA,NA,NA,NA,4,1,42,1,42101,"101_116",4210160000,42101035302,3612,1.17,15,17.796402,2.444965,128.0700213
"1484",71554,749083,1,74908301,632.7599042,109.4615567,1,NA,7.49083e+11,2,7.49083e+13,7490830102,NA,NA,2,NA,NA,4,1,42,1,42101,"101_116",4210160000,42101035302,3612,"9:15",12,NA,NA,NA,"0:00","","","","11:30",14,5,NA,NA,NA,NA,NA,NA,NA,NA,NA,NA,NA,NA,NA,NA,NA,NA,NA,NA,NA,NA,NA,NA,NA,NA,NA,NA,NA,NA,NA,NA,1,1,42,1,42101,"101_116",4210160000,42101036302,3622,1.17,345,17.731288,2.620463,128.0700213
"1485",71556,749083,2,74908302,632.7599042,163.7520364,1,NA,7.49083e+11,1,7.49083e+13,7490830201,NA,NA,1,2,2,1,1,42,1,42101,"101_116",4210160000,42101036302,3622,"",1,NA,NA,NA,"0:00","","","","5:15",14,5,NA,NA,NA,NA,NA,NA,NA,NA,NA,NA,NA,NA,NA,NA,NA,NA,NA,NA,NA,NA,NA,NA,NA,NA,NA,NA,NA,NA,NA,NA,2,1,42,1,42017,"017_509",4201705616,42017100103,15603,1.17,75,26.589132,3.491682,191.5898826
"1486",71557,749083,2,74908302,632.7599042,163.7520364,1,NA,7.49083e+11,2,7.49083e+13,7490830202,NA,NA,1,NA,NA,2,1,42,1,42017,"017_509",4201705616,42017100103,15603,"6:30",5,NA,NA,NA,"0:00","","","","15:15",14,5,NA,NA,NA,NA,NA,NA,NA,NA,NA,NA,NA,NA,NA,NA,NA,NA,NA,NA,NA,NA,NA,NA,NA,NA,NA,NA,NA,NA,NA,NA,4,1,42,1,42101,"101_116",4210160000,42101035302,3612,1.17,45,25.823038,1.615591,191.5898826
"1487",71558,749083,2,74908302,632.7599042,163.7520364,1,NA,7.49083e+11,3,7.49083e+13,7490830203,NA,NA,1,NA,NA,4,1,42,1,42101,"101_116",4210160000,42101035302,3612,"16:00",12,NA,NA,NA,"0:00","","","","16:30",14,5,NA,NA,NA,NA,NA,NA,NA,NA,NA,NA,NA,NA,NA,NA,NA,NA,NA,NA,NA,NA,NA,NA,NA,NA,NA,NA,NA,NA,NA,NA,1,1,42,1,42101,"101_116",4210160000,42101036302,3622,1.17,30,17.186641,2.523715,191.5898826
"1488",71641,1000363,2,100036302,211.7319754,2505.319065,1,NA,1.00036e+12,1,1.00036e+14,10003630201,NA,NA,2,2,2,1,1,42,1,42101,"101_109",4210160000,42101015800,603,"",1,NA,NA,NA,"8:00","","","","11:00",21,5,NA,NA,NA,NA,NA,NA,NA,NA,NA,NA,NA,NA,NA,NA,NA,NA,NA,NA,NA,NA,NA,NA,NA,NA,NA,NA,NA,NA,NA,NA,4,1,42,1,42101,"101_103",4210160000,42101000402,76,1.12,30,22.009543,3.090746,2805.957353
"1489",71642,1000363,2,100036302,211.7319754,2505.319065,1,NA,1.00036e+12,2,1.00036e+14,10003630202,NA,NA,2,NA,NA,4,1,42,1,42101,"101_103",4210160000,42101000402,76,"11:30",16,NA,NA,NA,"2:00","","","","13:30",21,5,NA,NA,NA,NA,NA,NA,NA,NA,NA,NA,NA,NA,NA,NA,NA,NA,NA,NA,NA,NA,NA,NA,NA,NA,NA,NA,NA,NA,NA,NA,4,1,42,1,42101,"101_103",4210160000,42101000401,103,1.12,30,8.262528,0.763051,2805.957353
"1490",71643,1000363,2,100036302,211.7319754,2505.319065,1,NA,1.00036e+12,3,1.00036e+14,10003630203,NA,NA,2,NA,NA,4,1,42,1,42101,"101_103",4210160000,42101000401,103,"14:00",8,NA,NA,NA,"1:00","","","","15:00",21,5,NA,NA,NA,NA,NA,NA,NA,NA,NA,NA,NA,NA,NA,NA,NA,NA,NA,NA,NA,NA,NA,NA,NA,NA,NA,NA,NA,NA,NA,NA,1,1,42,1,42101,"101_109",4210160000,42101015800,603,1.12,30,26.791286,4.123077,2805.957353
"1491",71753,1002434,1,100243401,1019.897822,682.783796,1,NA,1.00243e+12,3,1.00243e+14,10024340103,NA,NA,2,NA,NA,4,1,42,1,42101,"101_103",4210160000,42101000401,103,"10:35",20,NA,NA,NA,"0:00","","","","10:40",14,5,NA,NA,NA,NA,NA,NA,NA,NA,NA,NA,NA,NA,NA,NA,NA,NA,NA,NA,NA,NA,NA,NA,NA,NA,NA,NA,NA,NA,NA,NA,4,1,42,1,42101,"101_103",4210160000,42101000500,74,1.17,0,9.733399,0.795943,798.8570414
"1492",72410,1015309,1,101530901,382.3176466,301.9708022,1,NA,1.01531e+12,1,1.01531e+14,10153090101,NA,NA,2,1,2,1,1,42,1,42101,"101_107",4210160000,42101015200,422,"",1,NA,NA,NA,"0:00","","","","15:00",14,5,NA,NA,NA,NA,NA,NA,NA,NA,NA,NA,NA,NA,NA,NA,NA,NA,NA,NA,NA,NA,NA,NA,NA,NA,NA,NA,NA,NA,NA,NA,4,3,42,1,42101,"101_114",4210160000,42101029100,1616,1.17,40,50.302866,6.870408,353.3058385
"1493",72411,1015309,1,101530901,382.3176466,301.9708022,1,NA,1.01531e+12,2,1.01531e+14,10153090102,NA,NA,2,NA,NA,4,3,42,1,42101,"101_114",4210160000,42101029100,1616,"15:40",11,12,14,NA,"0:00","","","","18:30",14,5,NA,NA,NA,NA,NA,NA,NA,NA,NA,NA,NA,NA,NA,NA,NA,NA,NA,NA,NA,NA,NA,NA,NA,NA,NA,NA,NA,NA,NA,NA,1,1,42,1,42101,"101_107",4210160000,42101015200,422,1.17,40,54.64744,6.844331,353.3058385
"1494",72637,1023131,1,102313101,253.8944672,223.0578525,1,NA,1.02313e+12,5,1.02313e+14,10231310105,NA,NA,1,NA,NA,2,1,42,1,42091,"091_409",4209179056,42091201003,11646,"17:20",19,7,NA,NA,"0:00","","","","17:30",23,5,NA,NA,NA,NA,NA,NA,NA,NA,NA,NA,NA,NA,NA,NA,NA,NA,NA,NA,NA,NA,NA,NA,NA,NA,NA,NA,NA,NA,NA,NA,2,1,42,1,42091,"091_409",4209179056,42091201003,11646,1.12,42,17.443993,0.607327,249.8247948
"1495",72662,1024235,1,102423501,802.2855061,352.9965881,1,NA,1.02424e+12,1,1.02424e+14,10242350101,NA,NA,3,0,2,4,1,42,1,42101,"101_110",4210160000,42101008602,1035,"",3,5,NA,NA,"1:00","1:00","","","17:00",14,5,NA,NA,NA,NA,NA,NA,NA,NA,NA,NA,NA,NA,NA,NA,NA,NA,NA,NA,NA,NA,NA,NA,NA,NA,NA,NA,NA,NA,NA,NA,1,1,42,1,42101,"101_107",4210160000,42101015300,417,1.17,90,35.588833,5.542096,413.0060081
"1496",72664,1024235,2,102423502,802.2855061,389.6660343,1,NA,1.02424e+12,1,1.02424e+14,10242350201,NA,NA,3,1,2,4,1,42,1,42101,"101_115",4210160000,42101028300,2606,"",17,19,NA,NA,"0:00","","","","5:00",14,5,NA,NA,NA,NA,NA,NA,NA,NA,NA,NA,NA,NA,NA,NA,NA,NA,NA,NA,NA,NA,NA,NA,NA,NA,NA,NA,NA,NA,NA,NA,2,1,42,1,42017,"017_507",4201754688,42017105008,15214,1.17,40,NA,NA,455.9092601
"1497",72665,1024235,2,102423502,802.2855061,389.6660343,1,NA,1.02424e+12,2,1.02424e+14,10242350202,NA,NA,3,NA,NA,2,1,42,1,42017,"017_507",4201754688,42017105008,15214,"5:40",5,NA,NA,NA,"8:00","","","","14:30",14,5,NA,NA,NA,NA,NA,NA,NA,NA,NA,NA,NA,NA,NA,NA,NA,NA,NA,NA,NA,NA,NA,NA,NA,NA,NA,NA,NA,NA,NA,NA,1,1,42,1,42101,"101_107",4210160000,42101015300,417,1.17,570,NA,NA,455.9092601
"1498",72824,1028353,3,102835303,439.5779854,160.8321998,1,NA,1.02835e+12,1,1.02835e+14,10283530301,NA,NA,2,1,2,1,1,42,1,42101,"101_109",4210160000,42101017800,622,"",1,14,NA,NA,"8:00","3:00","","","16:45",14,5,NA,NA,NA,NA,NA,NA,NA,NA,NA,NA,NA,NA,NA,NA,NA,NA,NA,NA,NA,NA,NA,NA,NA,NA,NA,NA,NA,NA,NA,NA,4,1,42,1,42101,"101_114",4210160000,42101029400,1601,1.17,30,16.249942,1.931644,188.1736738
"1499",72825,1028353,3,102835303,439.5779854,160.8321998,1,NA,1.02835e+12,2,1.02835e+14,10283530302,NA,NA,2,NA,NA,4,1,42,1,42101,"101_114",4210160000,42101029400,1601,"17:15",15,4,NA,NA,"1:00","2:30","","","20:45",14,5,NA,NA,NA,NA,NA,NA,NA,NA,NA,NA,NA,NA,NA,NA,NA,NA,NA,NA,NA,NA,NA,NA,NA,NA,NA,NA,NA,NA,NA,NA,1,1,42,1,42101,"101_109",4210160000,42101017800,622,1.17,30,15.172652,2.000346,188.1736738
"1500",72835,1028510,1,102851001,317.8695646,182.5834247,1,NA,1.02851e+12,1,1.02851e+14,10285100101,NA,NA,2,4,2,1,1,42,1,42101,"101_110",4210160000,42101006900,1001,"",1,NA,NA,NA,"5:00","","","","8:00",14,5,NA,NA,NA,NA,NA,NA,NA,NA,NA,NA,NA,NA,NA,NA,NA,NA,NA,NA,NA,NA,NA,NA,NA,NA,NA,NA,NA,NA,NA,NA,4,1,42,1,42101,"101_112",4210160000,42101002400,846,1.17,60,28.410963,4.159076,213.6226069
"1501",72836,1028510,1,102851001,317.8695646,182.5834247,1,NA,1.02851e+12,2,1.02851e+14,10285100102,NA,NA,2,NA,NA,4,1,42,1,42101,"101_112",4210160000,42101002400,846,"9:00",8,NA,NA,NA,"1:00","","","","10:15",14,5,NA,NA,NA,NA,NA,NA,NA,NA,NA,NA,NA,NA,NA,NA,NA,NA,NA,NA,NA,NA,NA,NA,NA,NA,NA,NA,NA,NA,NA,NA,4,1,42,1,42101,"101_103",4210160000,42101000804,46,1.17,45,18.142603,1.565998,213.6226069
"1502",72837,1028510,1,102851001,317.8695646,182.5834247,1,NA,1.02851e+12,3,1.02851e+14,10285100103,NA,NA,2,NA,NA,4,1,42,1,42101,"101_103",4210160000,42101000804,46,"11:00",9,NA,NA,NA,"1:20","","","","12:20",14,5,NA,NA,NA,NA,NA,NA,NA,NA,NA,NA,NA,NA,NA,NA,NA,NA,NA,NA,NA,NA,NA,NA,NA,NA,NA,NA,NA,NA,NA,NA,4,1,42,1,42101,"101_102",4210160000,42101006600,2023,1.17,70,32.708417,4.640937,213.6226069
"1503",72838,1028510,1,102851001,317.8695646,182.5834247,1,NA,1.02851e+12,4,1.02851e+14,10285100104,NA,NA,2,NA,NA,4,1,42,1,42101,"101_102",4210160000,42101006600,2023,"13:30",8,NA,NA,NA,"0:00","","","","13:50",23,5,NA,NA,NA,NA,NA,NA,NA,NA,NA,NA,NA,NA,NA,NA,NA,NA,NA,NA,NA,NA,NA,NA,NA,NA,NA,NA,NA,NA,NA,NA,4,1,42,1,42101,"101_102",4210160000,42101006300,2018,1.17,25,5.35,0.783549,213.6226069
"1504",72839,1028510,1,102851001,317.8695646,182.5834247,1,NA,1.02851e+12,5,1.02851e+14,10285100105,NA,NA,2,NA,NA,4,1,42,1,42101,"101_102",4210160000,42101006300,2018,"14:15",8,NA,NA,NA,"0:00","","","","15:00",23,5,NA,NA,NA,NA,NA,NA,NA,NA,NA,NA,NA,NA,NA,NA,NA,NA,NA,NA,NA,NA,NA,NA,NA,NA,NA,NA,NA,NA,NA,NA,1,1,42,1,42101,"101_110",4210160000,42101006900,1001,1.17,60,16.072397,1.762657,213.6226069
"1505",72928,1029383,1,102938301,331.3154841,99.7176295,1,NA,1.02938e+12,2,1.02938e+14,10293830102,NA,NA,2,NA,NA,4,1,42,1,42101,"101_110",4210160000,42101008802,1031,"10:50",11,8,NA,NA,"1:30","1:00","","","13:20",23,5,NA,NA,NA,NA,NA,NA,NA,NA,NA,NA,NA,NA,NA,NA,NA,NA,NA,NA,NA,NA,NA,NA,NA,NA,NA,NA,NA,NA,NA,NA,1,1,42,1,42101,"101_110",4210160000,42101007900,1021,1.17,50,14.665845,1.274336,116.6696265
"1506",72929,1029383,1,102938301,331.3154841,99.7176295,2,NA,1.02938e+12,3,1.02938e+14,10293830103,NA,NA,3,0,NA,1,1,42,1,42101,"101_110",4210160000,42101007900,1021,"14:10",1,NA,NA,NA,"3:40","","","","18:00",23,5,NA,NA,NA,NA,NA,NA,NA,NA,NA,NA,NA,NA,NA,NA,NA,NA,NA,NA,NA,NA,NA,NA,NA,NA,NA,NA,NA,NA,NA,NA,2,1,42,1,42101,"101_110",4210160000,42101036900,1014,1.17,60,21.206552,2.102176,116.6696265
"1507",72953,1030349,1,103034901,228.3913137,92.20959126,1,NA,1.03035e+12,1,1.03035e+14,10303490101,NA,NA,2,4,2,1,1,42,1,42101,"101_103",4210160000,42101014200,128,"",1,NA,NA,NA,"5:00","","","","8:00",14,5,NA,NA,NA,NA,NA,NA,NA,NA,NA,NA,NA,NA,NA,NA,NA,NA,NA,NA,NA,NA,NA,NA,NA,NA,NA,NA,NA,NA,NA,NA,4,1,42,1,42101,"101_103",4210160000,42101001001,52,1.17,18,16.307908,1.809779,107.8852218
"1508",72954,1030349,1,103034901,228.3913137,92.20959126,1,NA,1.03035e+12,2,1.03035e+14,10303490102,NA,NA,2,NA,NA,4,1,42,1,42101,"101_103",4210160000,42101001001,52,"8:18",19,NA,NA,NA,"0:00","","","","8:24",14,5,NA,NA,NA,NA,NA,NA,NA,NA,NA,NA,NA,NA,NA,NA,NA,NA,NA,NA,NA,NA,NA,NA,NA,NA,NA,NA,NA,NA,NA,NA,4,1,42,1,42101,"101_108",4210160000,42101038400,3221,1.17,53,43.202467,12.151835,107.8852218
"1509",72955,1030349,1,103034901,228.3913137,92.20959126,1,NA,1.03035e+12,3,1.03035e+14,10303490103,NA,NA,2,NA,NA,4,1,42,1,42101,"101_108",4210160000,42101038400,3221,"9:17",11,9,96,NA,"1:00","0:20","0:30","","11:07",14,5,NA,NA,NA,NA,NA,NA,NA,NA,NA,NA,NA,NA,NA,NA,NA,NA,NA,NA,NA,NA,NA,NA,NA,NA,NA,NA,NA,NA,NA,NA,4,1,42,1,42101,"101_110",4210160000,42101036900,1026,1.17,28,32.340381,10.225668,107.8852218
"1510",72956,1030349,1,103034901,228.3913137,92.20959126,1,NA,1.03035e+12,4,1.03035e+14,10303490104,NA,NA,2,NA,NA,4,1,42,1,42101,"101_110",4210160000,42101036900,1026,"11:35",19,NA,NA,NA,"0:05","","","","11:40",21,5,NA,NA,NA,NA,NA,NA,NA,NA,NA,NA,NA,NA,NA,NA,NA,NA,NA,NA,NA,NA,NA,NA,NA,NA,NA,NA,NA,NA,NA,NA,4,1,42,1,42101,"101_107",4210160000,42101014400,401,1.17,18,22.563951,3.924426,107.8852218
"1511",72957,1030349,1,103034901,228.3913137,92.20959126,1,NA,1.03035e+12,5,1.03035e+14,10303490105,NA,NA,2,NA,NA,4,1,42,1,42101,"101_107",4210160000,42101014400,401,"11:58",19,NA,NA,NA,"0:00","","","","12:00",23,5,NA,NA,NA,NA,NA,NA,NA,NA,NA,NA,NA,NA,NA,NA,NA,NA,NA,NA,NA,NA,NA,NA,NA,NA,NA,NA,NA,NA,NA,NA,1,1,42,1,42101,"101_103",4210160000,42101014200,128,1.17,10,8.301245,0.439969,107.8852218
"1512",72958,1030349,1,103034901,228.3913137,92.20959126,2,NA,1.03035e+12,6,1.03035e+14,10303490106,NA,NA,2,2,NA,1,1,42,1,42101,"101_103",4210160000,42101014200,128,"12:10",1,7,NA,NA,"2:00","1:10","","","15:30",14,5,NA,NA,NA,NA,NA,NA,NA,NA,NA,NA,NA,NA,NA,NA,NA,NA,NA,NA,NA,NA,NA,NA,NA,NA,NA,NA,NA,NA,NA,NA,4,1,42,1,42101,"101_103",4210160000,42101001001,36,1.17,25,17.879484,1.941209,107.8852218
"1513",72993,1030893,2,103089302,278.6509612,3042.512529,2,1,1.03089e+12,4,1.03089e+14,10308930204,NA,NA,1,1,NA,1,1,42,1,42091,"091_401",4209144976,42091205200,10019,"12:50",6,NA,NA,NA,"0:00","","","","13:05",14,5,NA,NA,NA,NA,NA,NA,NA,NA,NA,NA,NA,NA,NA,NA,NA,NA,NA,NA,NA,NA,NA,NA,NA,NA,NA,NA,NA,NA,NA,NA,4,1,42,1,42101,"101_103",4210160000,42101000402,96,1.15,20,39.366042,9.25473,3498.889409
"1514",72994,1030893,2,103089302,278.6509612,3042.512529,2,NA,1.03089e+12,5,1.03089e+14,10308930205,NA,NA,1,NA,NA,4,1,42,1,42101,"101_103",4210160000,42101000402,96,"13:25",5,NA,NA,NA,"3:10","","","","16:35",14,5,NA,NA,NA,NA,NA,NA,NA,NA,NA,NA,NA,NA,NA,NA,NA,NA,NA,NA,NA,NA,NA,NA,NA,NA,NA,NA,NA,NA,NA,NA,1,1,42,1,42091,"091_401",4209144976,42091205200,10019,1.15,15,37.085814,10.252094,3498.889409
"1515",72995,1030893,2,103089302,278.6509612,3042.512529,3,NA,1.03089e+12,6,1.03089e+14,10308930206,NA,NA,2,1,NA,1,1,42,1,42091,"091_401",4209144976,42091205200,10019,"16:50",1,NA,NA,NA,"1:25","","","","18:15",14,5,NA,NA,NA,NA,NA,NA,NA,NA,NA,NA,NA,NA,NA,NA,NA,NA,NA,NA,NA,NA,NA,NA,NA,NA,NA,NA,NA,NA,NA,NA,4,1,42,1,42101,"101_103",4210160000,42101000200,108,1.15,20,50.007173,10.430088,3498.889409
"1516",72996,1030893,2,103089302,278.6509612,3042.512529,3,NA,1.03089e+12,7,1.03089e+14,10308930207,NA,NA,2,NA,NA,4,1,42,1,42101,"101_103",4210160000,42101000200,108,"18:35",11,NA,NA,NA,"1:15","","","","19:50",14,5,NA,NA,NA,NA,NA,NA,NA,NA,NA,NA,NA,NA,NA,NA,NA,NA,NA,NA,NA,NA,NA,NA,NA,NA,NA,NA,NA,NA,NA,NA,1,1,42,1,42091,"091_401",4209144976,42091205200,10019,1.15,20,43.083333,10.087132,3498.889409
"1517",73229,1038114,1,103811401,399.7840456,171.7468388,2,NA,1.03811e+12,3,1.03811e+14,10381140103,NA,NA,2,NA,NA,4,1,42,1,42101,"101_108",4210160000,42101021100,3208,"10:10",16,NA,NA,NA,"1:30","","","","11:40",14,5,NA,NA,NA,NA,NA,NA,NA,NA,NA,NA,NA,NA,NA,NA,NA,NA,NA,NA,NA,NA,NA,NA,NA,NA,NA,NA,NA,NA,NA,NA,4,1,42,1,42101,"101_101",4210160000,42101020000,1415,1.17,80,28.028044,2.446156,200.9438013
"1518",73230,1038114,1,103811401,399.7840456,171.7468388,2,NA,1.03811e+12,4,1.03811e+14,10381140104,NA,NA,2,NA,NA,4,1,42,1,42101,"101_101",4210160000,42101020000,1415,"13:00",16,NA,NA,NA,"2:30","","","","15:30",21,5,NA,NA,NA,NA,NA,NA,NA,NA,NA,NA,NA,NA,NA,NA,NA,NA,NA,NA,NA,NA,NA,NA,NA,NA,NA,NA,NA,NA,NA,NA,4,1,42,1,42101,"101_103",4210160000,42101000401,103,1.17,60,27.74279,4.475452,200.9438013
"1519",73231,1038114,1,103811401,399.7840456,171.7468388,2,NA,1.03811e+12,5,1.03811e+14,10381140105,NA,NA,2,NA,NA,4,1,42,1,42101,"101_103",4210160000,42101000401,103,"16:30",8,NA,NA,NA,"0:00","","","","17:15",14,5,NA,NA,NA,NA,NA,NA,NA,NA,NA,NA,NA,NA,NA,NA,NA,NA,NA,NA,NA,NA,NA,NA,NA,NA,NA,NA,NA,NA,NA,NA,1,1,42,1,42101,"101_108",4210160000,42101021100,3208,1.17,65,14.727857,6.852238,200.9438013
"1520",73355,1041692,1,104169201,186.8349851,373.3644024,1,NA,1.04169e+12,1,1.04169e+14,10416920101,NA,NA,3,1,2,2,1,42,1,42101,"101_103",4210160000,42101001700,3,"",1,NA,NA,NA,"3:50","","","","6:50",14,5,NA,NA,NA,NA,NA,NA,NA,NA,NA,NA,NA,NA,NA,NA,NA,NA,NA,NA,NA,NA,NA,NA,NA,NA,NA,NA,NA,NA,NA,NA,2,1,42,1,42101,"101_101",4210160000,42101020000,1415,1.12,40,41.273181,5.931451,418.1681307
"1521",73570,1051293,2,105129302,472.0361985,96.07875581,1,NA,1.05129e+12,3,1.05129e+14,10512930203,NA,NA,1,NA,NA,4,1,42,1,42101,"101_103",4210160000,42101000401,103,"17:15",8,NA,NA,NA,"0:00","","","","17:30",14,5,NA,NA,NA,NA,NA,NA,NA,NA,NA,NA,NA,NA,NA,NA,NA,NA,NA,NA,NA,NA,NA,NA,NA,NA,NA,NA,NA,NA,NA,NA,1,1,42,1,42101,"101_103",4210160000,42101013601,141,1.12,15,11.359287,1.331816,107.6082065
"1522",73573,1051293,3,105129303,472.0361985,84.30299267,1,NA,1.05129e+12,2,1.05129e+14,10512930302,NA,NA,2,NA,NA,4,1,42,1,42101,"101_103",4210160000,42101012500,134,"7:25",19,NA,NA,NA,"0:00","","","","7:35",21,5,NA,NA,NA,NA,NA,NA,NA,NA,NA,NA,NA,NA,NA,NA,NA,NA,NA,NA,NA,NA,NA,NA,NA,NA,NA,NA,NA,NA,NA,NA,4,1,42,1,42101,"101_115",4210160000,42101028200,2615,1.12,10,23.770789,5.903377,94.4193518
"1523",73591,1051682,2,105168202,332.8421126,1067.503169,1,NA,1.05168e+12,2,1.05168e+14,10516820202,NA,NA,1,NA,NA,2,1,42,1,42045,"045_205",4204522584,42045410000,4804,"7:27",19,NA,NA,NA,"0:22","","","","7:49",14,5,NA,NA,NA,NA,NA,NA,NA,NA,NA,NA,NA,NA,NA,NA,NA,NA,NA,NA,NA,NA,NA,NA,NA,NA,NA,NA,NA,NA,NA,NA,2,1,42,1,42029,"029_306",4202984104,42029302901,7059,1.17,9,26.19052,5.073496,1248.978707
"1524",73592,1051682,2,105168202,332.8421126,1067.503169,1,NA,1.05168e+12,3,1.05168e+14,10516820203,NA,NA,1,NA,NA,2,1,42,1,42029,"029_306",4202984104,42029302901,7059,"7:58",5,NA,NA,NA,"4:00","","","","12:20",14,5,NA,NA,NA,NA,NA,NA,NA,NA,NA,NA,NA,NA,NA,NA,NA,NA,NA,NA,NA,NA,NA,NA,NA,NA,NA,NA,NA,NA,NA,NA,4,1,42,1,42045,"045_205",4204522584,42045410000,4804,1.17,8,23.923667,5.011926,1248.978707
"1525",73645,1054143,1,105414301,434.9062452,200.2051087,2,NA,1.05414e+12,5,1.05414e+14,10541430105,NA,NA,2,NA,NA,4,1,42,1,42101,"101_117",4210160000,42101024400,2402,"15:05",19,NA,NA,NA,"0:00","","","","15:15",14,5,NA,NA,NA,NA,NA,NA,NA,NA,NA,NA,NA,NA,NA,NA,NA,NA,NA,NA,NA,NA,NA,NA,NA,NA,NA,NA,NA,NA,NA,NA,4,1,42,1,42101,"101_101",4210160000,42101020102,1428,1.17,0,12.328213,1.270721,234.2399772
"1526",73649,1054143,1,105414301,434.9062452,200.2051087,2,NA,1.05414e+12,9,1.05414e+14,10541430109,NA,NA,2,NA,NA,4,1,42,1,42101,"101_112",4210160000,42101003001,831,"17:00",19,NA,NA,NA,"0:00","","","","17:10",14,5,NA,NA,NA,NA,NA,NA,NA,NA,NA,NA,NA,NA,NA,NA,NA,NA,NA,NA,NA,NA,NA,NA,NA,NA,NA,NA,NA,NA,NA,NA,4,1,42,1,42101,"101_112",4210160000,42101037200,804,1.17,0,17.216507,1.510147,234.2399772
"1527",73650,1054143,1,105414301,434.9062452,200.2051087,2,NA,1.05414e+12,10,1.05414e+14,10541430110,NA,NA,2,NA,NA,4,1,42,1,42101,"101_112",4210160000,42101037200,804,"17:10",19,NA,NA,NA,"0:00","","","","17:17",14,5,NA,NA,NA,NA,NA,NA,NA,NA,NA,NA,NA,NA,NA,NA,NA,NA,NA,NA,NA,NA,NA,NA,NA,NA,NA,NA,NA,NA,NA,NA,4,1,42,1,42101,"101_112",4210160000,42101037200,803,1.17,33,10.589132,0.885079,234.2399772
"1528",73653,1054143,1,105414301,434.9062452,200.2051087,2,NA,1.05414e+12,13,1.05414e+14,10541430113,NA,NA,2,NA,NA,4,1,42,1,42101,"101_112",4210160000,42101037200,803,"18:55",9,NA,NA,NA,"","","","","19:00",14,5,NA,NA,NA,NA,NA,NA,NA,NA,NA,NA,NA,NA,NA,NA,NA,NA,NA,NA,NA,NA,NA,NA,NA,NA,NA,NA,NA,NA,NA,NA,4,1,42,1,42101,"101_112",4210160000,42101004202,808,1.17,3,7.406299,0.632081,234.2399772
"1529",73654,1054143,1,105414301,434.9062452,200.2051087,2,NA,1.05414e+12,14,1.05414e+14,10541430114,NA,NA,2,NA,NA,4,1,42,1,42101,"101_112",4210160000,42101004202,808,"19:03",19,NA,NA,NA,"","","","","19:19",14,5,NA,NA,NA,NA,NA,NA,NA,NA,NA,NA,NA,NA,NA,NA,NA,NA,NA,NA,NA,NA,NA,NA,NA,NA,NA,NA,NA,NA,NA,NA,4,1,42,1,42101,"101_112",4210160000,42101037200,804,1.17,0,11.154613,1.031788,234.2399772
"1530",73655,1054143,1,105414301,434.9062452,200.2051087,2,NA,1.05414e+12,15,1.05414e+14,10541430115,NA,NA,2,NA,NA,4,1,42,1,42101,"101_112",4210160000,42101037200,804,"19:19",19,NA,NA,NA,"","","","","20:13",14,5,NA,NA,NA,NA,NA,NA,NA,NA,NA,NA,NA,NA,NA,NA,NA,NA,NA,NA,NA,NA,NA,NA,NA,NA,NA,NA,NA,NA,NA,NA,1,1,42,1,42101,"101_117",4210160000,42101024400,2402,1.17,227,50.384212,8.507595,234.2399772
"1531",74193,1071654,1,107165401,393.0130441,104.2958197,1,NA,1.07165e+12,2,1.07165e+14,10716540102,NA,NA,2,NA,NA,4,3,42,1,42101,"101_115",4210160000,42101027300,2614,"7:34",19,NA,NA,NA,"0:00","","","","7:38",14,5,NA,NA,NA,NA,NA,NA,NA,NA,NA,NA,NA,NA,NA,NA,NA,NA,NA,NA,NA,NA,NA,NA,NA,NA,NA,NA,NA,NA,NA,NA,4,3,42,1,42101,"101_118",4210160000,42101031402,2801,1.17,8,31.459703,4.458254,122.026109
"1532",74194,1071654,1,107165401,393.0130441,104.2958197,1,NA,1.07165e+12,3,1.07165e+14,10716540103,NA,NA,2,NA,NA,4,3,42,1,42101,"101_118",4210160000,42101031402,2801,"7:46",19,NA,NA,NA,"0:00","","","","7:52",14,5,NA,NA,NA,NA,NA,NA,NA,NA,NA,NA,NA,NA,NA,NA,NA,NA,NA,NA,NA,NA,NA,NA,NA,NA,NA,NA,NA,NA,NA,NA,4,1,42,1,42101,"101_115",4210160000,42101027600,2622,1.17,19,35.345643,6.245905,122.026109
"1533",74196,1071654,1,107165401,393.0130441,104.2958197,1,NA,1.07165e+12,5,1.07165e+14,10716540105,NA,NA,2,NA,NA,4,1,42,1,42101,"101_117",4210160000,42101024900,2423,"10:57",19,NA,NA,NA,"0:00","","","","11:08",14,5,NA,NA,NA,NA,NA,NA,NA,NA,NA,NA,NA,NA,NA,NA,NA,NA,NA,NA,NA,NA,NA,NA,NA,NA,NA,NA,NA,NA,NA,NA,4,1,42,1,42101,"101_114",4210160000,42101030502,1626,1.17,10,31.321244,4.084588,122.026109
"1534",74199,1071654,1,107165401,393.0130441,104.2958197,2,NA,1.07165e+12,8,1.07165e+14,10716540108,NA,NA,3,NA,NA,2,1,42,1,42091,"091_409",4209150640,42091200605,11622,"13:06",19,NA,NA,NA,"0:00","","","","13:11",14,5,NA,NA,NA,NA,NA,NA,NA,NA,NA,NA,NA,NA,NA,NA,NA,NA,NA,NA,NA,NA,NA,NA,NA,NA,NA,NA,NA,NA,NA,NA,4,3,42,1,42101,"101_118",4210160000,42101031402,2801,1.17,7,NA,NA,122.026109
"1535",74203,1071654,2,107165402,393.0130441,144.3277462,1,NA,1.07165e+12,2,1.07165e+14,10716540202,NA,NA,1,NA,NA,4,1,42,1,42101,"101_114",4210160000,42101030502,1626,"6:13",19,NA,NA,NA,"0:00","","","","6:21",14,5,NA,NA,NA,NA,NA,NA,NA,NA,NA,NA,NA,NA,NA,NA,NA,NA,NA,NA,NA,NA,NA,NA,NA,NA,NA,NA,NA,NA,NA,NA,4,3,42,1,42101,"101_118",4210160000,42101031402,2801,1.17,9,33.071501,3.709821,168.8634631
"1536",74209,1071717,1,107171701,435.6621296,179.3441343,1,NA,1.07172e+12,2,1.07172e+14,10717170102,NA,NA,1,NA,NA,4,1,42,1,42101,"101_110",4210160000,42101007900,1021,"8:35",19,NA,NA,NA,"0:05","","","","8:40",23,5,NA,NA,NA,NA,NA,NA,NA,NA,NA,NA,NA,NA,NA,NA,NA,NA,NA,NA,NA,NA,NA,NA,NA,NA,NA,NA,NA,NA,NA,NA,4,1,42,1,42101,"101_103",4210160000,42101000402,76,1.12,20,21.986538,3.488978,200.8654305
"1537",74212,1071717,1,107171701,435.6621296,179.3441343,1,NA,1.07172e+12,5,1.07172e+14,10717170105,NA,NA,1,NA,NA,4,1,42,1,42101,"101_103",4210160000,42101000500,72,"17:05",19,NA,NA,NA,"0:05","","","","17:10",23,5,NA,NA,NA,NA,NA,NA,NA,NA,NA,NA,NA,NA,NA,NA,NA,NA,NA,NA,NA,NA,NA,NA,NA,NA,NA,NA,NA,NA,NA,NA,4,1,42,1,42101,"101_110",4210160000,42101007800,1016,1.12,20,23.865408,3.493883,200.8654305
"1538",74260,1072843,1,107284301,200.3070974,121.1702398,2,NA,1.07284e+12,4,1.07284e+14,10728430104,NA,NA,2,NA,NA,4,1,42,1,42101,"101_103",4210160000,42101000401,103,"15:40",8,NA,NA,NA,"0:00","","","","16:10",14,5,NA,NA,NA,NA,NA,NA,NA,NA,NA,NA,NA,NA,NA,NA,NA,NA,NA,NA,NA,NA,NA,NA,NA,NA,NA,NA,NA,NA,NA,NA,1,1,42,1,42101,"101_103",4210160000,42101013500,140,1.15,35,15.037933,1.241761,139.3457758
"1539",74290,1073378,3,107337803,721.3516079,118.3247497,1,NA,1.07338e+12,1,1.07338e+14,10733780301,NA,NA,2,1,2,1,1,42,1,42101,"101_109",4210160000,42101018400,626,"",1,2,NA,NA,"1:26","3:14","","","7:40",14,5,NA,NA,NA,NA,NA,NA,NA,NA,NA,NA,NA,NA,NA,NA,NA,NA,NA,NA,NA,NA,NA,NA,NA,NA,NA,NA,NA,NA,NA,NA,3,1,42,1,42101,"101_104",4210160000,42101035200,3034,1.17,54,31.851304,6.729023,138.4399571
"1540",74291,1073378,3,107337803,721.3516079,118.3247497,1,NA,1.07338e+12,2,1.07338e+14,10733780302,NA,NA,2,NA,NA,3,1,42,1,42101,"101_104",4210160000,42101035200,3034,"8:34",2,3,NA,NA,"2:00","2:10","","","12:45",14,5,NA,NA,NA,NA,NA,NA,NA,NA,NA,NA,NA,NA,NA,NA,NA,NA,NA,NA,NA,NA,NA,NA,NA,NA,NA,NA,NA,NA,NA,NA,1,1,42,1,42101,"101_109",4210160000,42101018400,626,1.17,49,34.912321,6.755338,138.4399571
"1541",74401,1076771,3,107677103,335.3138556,159.4388181,1,NA,1.07677e+12,6,1.07677e+14,10767710306,NA,NA,1,NA,NA,4,1,42,1,42091,"091_413",4209184624,42091203000,12430,"9:26",19,NA,NA,NA,"0:00","","","","9:27",14,5,NA,NA,NA,NA,NA,NA,NA,NA,NA,NA,NA,NA,NA,NA,NA,NA,NA,NA,NA,NA,NA,NA,NA,NA,NA,NA,NA,NA,NA,NA,4,1,42,1,42091,"091_411",4209179008,42091201404,12015,1.12,3,19.477069,2.241383,178.5714763
"1542",74404,1076771,3,107677103,335.3138556,159.4388181,1,NA,1.07677e+12,9,1.07677e+14,10767710309,NA,NA,1,NA,NA,4,1,42,1,42091,"091_411",4209179008,42091201404,12015,"17:45",19,NA,NA,NA,"0:00","","","","17:49",14,5,NA,NA,NA,NA,NA,NA,NA,NA,NA,NA,NA,NA,NA,NA,NA,NA,NA,NA,NA,NA,NA,NA,NA,NA,NA,NA,NA,NA,NA,NA,4,1,42,1,42091,"091_413",4209184624,42091203000,12430,1.12,10,19.683333,1.901396,178.5714763
"1543",74409,1076771,3,107677103,335.3138556,159.4388181,1,NA,1.07677e+12,14,1.07677e+14,10767710314,NA,NA,1,NA,NA,4,1,42,1,42101,"101_110",4210160000,42101009000,1036,"21:43",19,NA,NA,NA,"","","","","22:17",21,5,NA,NA,NA,NA,NA,NA,NA,NA,NA,NA,NA,NA,NA,NA,NA,NA,NA,NA,NA,NA,NA,NA,NA,NA,NA,NA,NA,NA,NA,NA,4,1,42,1,42101,"101_103",4210160000,42101000500,69,1.12,23,12.691868,2.240931,178.5714763
"1544",74799,1088684,1,108868401,469.0814846,120.5702221,1,NA,1.08868e+12,1,1.08868e+14,10886840101,NA,NA,1,4,2,1,1,42,1,42101,"101_116",4210160000,42101036100,3624,"",1,15,7,NA,"0:00","","","","5:30",14,5,NA,NA,NA,NA,NA,NA,NA,NA,NA,NA,NA,NA,NA,NA,NA,NA,NA,NA,NA,NA,NA,NA,NA,NA,NA,NA,NA,NA,NA,NA,2,1,42,1,42101,"101_103",4210160000,42101000500,89,1.17,35,69.506076,16.785386,141.0671599
"1545",74800,1088684,1,108868401,469.0814846,120.5702221,1,NA,1.08868e+12,2,1.08868e+14,10886840102,NA,NA,1,NA,NA,2,1,42,1,42101,"101_103",4210160000,42101000500,89,"6:05",8,NA,NA,NA,"0:00","","","","6:15",14,5,NA,NA,NA,NA,NA,NA,NA,NA,NA,NA,NA,NA,NA,NA,NA,NA,NA,NA,NA,NA,NA,NA,NA,NA,NA,NA,NA,NA,NA,NA,2,1,42,1,42101,"101_113",4210160000,42101036000,3409,1.17,30,63.897203,15.302402,141.0671599
"1546",74801,1088684,1,108868401,469.0814846,120.5702221,1,NA,1.08868e+12,3,1.08868e+14,10886840103,NA,NA,1,NA,NA,2,1,42,1,42101,"101_113",4210160000,42101036000,3409,"6:45",5,NA,NA,NA,"0:00","","","","15:00",14,5,NA,NA,NA,NA,NA,NA,NA,NA,NA,NA,NA,NA,NA,NA,NA,NA,NA,NA,NA,NA,NA,NA,NA,NA,NA,NA,NA,NA,NA,NA,4,1,42,1,42101,"101_103",4210160000,42101000402,76,1.17,30,66.086999,14.680334,141.0671599
"1547",74803,1088684,1,108868401,469.0814846,120.5702221,1,NA,1.08868e+12,5,1.08868e+14,10886840105,NA,NA,1,NA,NA,4,1,42,1,42101,"101_103",4210160000,42101000500,71,"15:50",8,NA,NA,NA,"0:00","","","","16:20",14,5,NA,NA,NA,NA,NA,NA,NA,NA,NA,NA,NA,NA,NA,NA,NA,NA,NA,NA,NA,NA,NA,NA,NA,NA,NA,NA,NA,NA,NA,NA,1,1,42,1,42101,"101_116",4210160000,42101036100,3624,1.17,55,68.580697,17.603519,141.0671599
"1548",75237,1098327,1,109832701,346.5957844,114.5681334,2,NA,1.09833e+12,4,1.09833e+14,10983270104,NA,NA,1,NA,NA,4,1,42,1,42101,"101_117",4210160000,42101023800,2411,"7:20",19,NA,NA,NA,"0:01","","","","7:21",14,5,NA,NA,NA,NA,NA,NA,NA,NA,NA,NA,NA,NA,NA,NA,NA,NA,NA,NA,NA,NA,NA,NA,NA,NA,NA,NA,NA,NA,NA,NA,4,1,42,1,42101,"101_101",4210160000,42101020102,1428,1.17,15,20.949344,3.232834,134.044716
"1549",75238,1098327,1,109832701,346.5957844,114.5681334,2,NA,1.09833e+12,5,1.09833e+14,10983270105,NA,NA,1,NA,NA,4,1,42,1,42101,"101_101",4210160000,42101020102,1428,"7:36",19,NA,NA,NA,"0:06","","","","7:42",21,5,NA,NA,NA,NA,NA,NA,NA,NA,NA,NA,NA,NA,NA,NA,NA,NA,NA,NA,NA,NA,NA,NA,NA,NA,NA,NA,NA,NA,NA,NA,4,1,42,1,42101,"101_103",4210160000,42101000500,69,1.17,12,16.358269,4.413498,134.044716
"1550",75242,1098327,1,109832701,346.5957844,114.5681334,2,NA,1.09833e+12,9,1.09833e+14,10983270109,NA,NA,1,NA,NA,4,1,42,1,42101,"101_103",4210160000,42101000500,69,"16:58",19,NA,NA,NA,"0:06","","","","17:04",21,5,NA,NA,NA,NA,NA,NA,NA,NA,NA,NA,NA,NA,NA,NA,NA,NA,NA,NA,NA,NA,NA,NA,NA,NA,NA,NA,NA,NA,NA,NA,4,1,42,1,42101,"101_101",4210160000,42101020102,1428,1.17,10,15.898881,4.454403,134.044716
"1551",75243,1098327,1,109832701,346.5957844,114.5681334,2,NA,1.09833e+12,10,1.09833e+14,10983270110,NA,NA,1,NA,NA,4,1,42,1,42101,"101_101",4210160000,42101020102,1428,"17:14",19,NA,NA,NA,"0:06","","","","17:20",14,5,NA,NA,NA,NA,NA,NA,NA,NA,NA,NA,NA,NA,NA,NA,NA,NA,NA,NA,NA,NA,NA,NA,NA,NA,NA,NA,NA,NA,NA,NA,4,1,42,1,42101,"101_117",4210160000,42101023800,2411,1.17,22,23.61017,3.039159,134.044716
"1552",75247,1098327,2,109832702,346.5957844,108.0410879,1,NA,1.09833e+12,2,1.09833e+14,10983270202,NA,NA,1,NA,NA,4,1,42,1,42101,"101_117",4210160000,42101023800,2411,"5:45",19,NA,NA,NA,"0:09","","","","5:54",14,5,NA,NA,NA,NA,NA,NA,NA,NA,NA,NA,NA,NA,NA,NA,NA,NA,NA,NA,NA,NA,NA,NA,NA,NA,NA,NA,NA,NA,NA,NA,4,1,42,1,42101,"101_101",4210160000,42101020102,1428,1.17,14,19.056807,3.358187,126.4080729
"1553",75248,1098327,2,109832702,346.5957844,108.0410879,1,NA,1.09833e+12,3,1.09833e+14,10983270203,NA,NA,1,NA,NA,4,1,42,1,42101,"101_101",4210160000,42101020102,1428,"6:08",19,NA,NA,NA,"0:08","","","","6:16",21,5,NA,NA,NA,NA,NA,NA,NA,NA,NA,NA,NA,NA,NA,NA,NA,NA,NA,NA,NA,NA,NA,NA,NA,NA,NA,NA,NA,NA,NA,NA,4,1,42,1,42101,"101_103",4210160000,42101000901,41,1.17,10,17.976477,4.557724,126.4080729
"1554",75251,1098327,2,109832702,346.5957844,108.0410879,1,NA,1.09833e+12,6,1.09833e+14,10983270206,NA,NA,1,NA,NA,4,1,42,1,42101,"101_103",4210160000,42101000901,41,"13:08",19,NA,NA,NA,"0:00","","","","13:11",21,5,NA,NA,NA,NA,NA,NA,NA,NA,NA,NA,NA,NA,NA,NA,NA,NA,NA,NA,NA,NA,NA,NA,NA,NA,NA,NA,NA,NA,NA,NA,4,1,42,1,42101,"101_101",4210160000,42101020102,1428,1.17,12,20.530366,4.533416,126.4080729
"1555",75252,1098327,2,109832702,346.5957844,108.0410879,1,NA,1.09833e+12,7,1.09833e+14,10983270207,NA,NA,1,NA,NA,4,1,42,1,42101,"101_101",4210160000,42101020102,1428,"13:23",19,NA,NA,NA,"0:04","","","","13:27",14,5,NA,NA,NA,NA,NA,NA,NA,NA,NA,NA,NA,NA,NA,NA,NA,NA,NA,NA,NA,NA,NA,NA,NA,NA,NA,NA,NA,NA,NA,NA,4,1,42,1,42101,"101_117",4210160000,42101023800,2411,1.17,26,24.462103,3.129743,126.4080729
"1556",75366,1102855,1,110285501,642.597154,503.2612608,1,NA,1.10286e+12,1,1.10286e+14,11028550101,NA,NA,2,4,2,1,1,42,1,42101,"101_117",4210160000,42101024300,2401,"",1,NA,NA,NA,"6:00","","","","9:00",14,5,NA,NA,NA,NA,NA,NA,NA,NA,NA,NA,NA,NA,NA,NA,NA,NA,NA,NA,NA,NA,NA,NA,NA,NA,NA,NA,NA,NA,NA,NA,4,3,42,1,42101,"101_105",4210160000,42101037300,1816,1.17,30,56.916649,9.749186,588.8156751
"1557",75367,1102855,1,110285501,642.597154,503.2612608,1,NA,1.10286e+12,2,1.10286e+14,11028550102,NA,NA,2,NA,NA,4,3,42,1,42101,"101_105",4210160000,42101037300,1816,"9:30",19,NA,NA,NA,"0:00","","","","9:45",14,5,NA,NA,NA,NA,NA,NA,NA,NA,NA,NA,NA,NA,NA,NA,NA,NA,NA,NA,NA,NA,NA,NA,NA,NA,NA,NA,NA,NA,NA,NA,4,3,42,1,42101,"101_111",4210160000,42101010500,1222,1.17,15,46.904974,6.544146,588.8156751
"1558",75368,1102855,1,110285501,642.597154,503.2612608,1,NA,1.10286e+12,3,1.10286e+14,11028550103,NA,NA,2,NA,NA,4,3,42,1,42101,"101_111",4210160000,42101010500,1222,"10:00",19,NA,NA,NA,"0:00","","","","10:15",14,5,NA,NA,NA,NA,NA,NA,NA,NA,NA,NA,NA,NA,NA,NA,NA,NA,NA,NA,NA,NA,NA,NA,NA,NA,NA,NA,NA,NA,NA,NA,4,1,42,1,42101,"101_106",4210160000,42101980000,2218,1.17,420,20.838859,1.44127,588.8156751
"1559",75491,1105634,1,110563401,437.62328,2718.966256,1,NA,1.10563e+12,1,1.10563e+14,11056340101,NA,NA,1,1,2,1,1,42,1,42091,"091_403",4209121600,42091203303,10402,"",1,NA,NA,NA,"6:10","","","","9:10",14,5,NA,NA,NA,NA,NA,NA,NA,NA,NA,NA,NA,NA,NA,NA,NA,NA,NA,NA,NA,NA,NA,NA,NA,NA,NA,NA,NA,NA,NA,NA,2,1,42,1,42091,"091_411",4209184888,42091203204,12036,1.17,20,22.223293,3.223373,3181.190519
"1560",75492,1105634,1,110563401,437.62328,2718.966256,1,NA,1.10563e+12,2,1.10563e+14,11056340102,NA,NA,1,NA,NA,2,1,42,1,42091,"091_411",4209184888,42091203204,12036,"9:30",5,NA,NA,NA,"6:45","","","","18:15",14,5,NA,NA,NA,NA,NA,NA,NA,NA,NA,NA,NA,NA,NA,NA,NA,NA,NA,NA,NA,NA,NA,NA,NA,NA,NA,NA,NA,NA,NA,NA,1,1,42,1,42091,"091_403",4209121600,42091203303,10402,1.17,35,23.224736,2.801141,3181.190519
"1561",75508,1106517,3,110651703,668.0269286,77.31250438,1,NA,1.10652e+12,2,1.10652e+14,11065170302,NA,NA,1,NA,NA,4,1,42,1,42045,"045_203",4204518152,42045402600,4414,"6:42",19,NA,NA,NA,"0:14","","","","6:56",14,5,NA,NA,NA,NA,NA,NA,NA,NA,NA,NA,NA,NA,NA,NA,NA,NA,NA,NA,NA,NA,NA,NA,NA,NA,NA,NA,NA,NA,NA,NA,4,1,42,1,42045,"045_203",4204541440,42045402000,4420,1.17,4,12.296367,1.102529,90.45563013
"1562",75611,1109742,1,110974201,321.1717422,460.2068705,1,NA,1.10974e+12,1,1.10974e+14,11097420101,NA,NA,3,1,2,2,1,42,1,42101,"101_101",4210160000,42101020500,1440,"",1,NA,NA,NA,"0:00","","","","5:15",14,5,NA,NA,NA,NA,NA,NA,NA,NA,NA,NA,NA,NA,NA,NA,NA,NA,NA,NA,NA,NA,NA,NA,NA,NA,NA,NA,NA,NA,NA,NA,2,1,42,1,42101,"101_103",4210160000,42101000500,91,1.17,75,24.611579,5.510976,538.4420384
"1563",75612,1109742,1,110974201,321.1717422,460.2068705,1,NA,1.10974e+12,2,1.10974e+14,11097420102,NA,NA,3,NA,NA,2,1,42,1,42101,"101_103",4210160000,42101000500,91,"6:30",5,NA,NA,NA,"7:30","","","","15:00",14,5,NA,NA,NA,NA,NA,NA,NA,NA,NA,NA,NA,NA,NA,NA,NA,NA,NA,NA,NA,NA,NA,NA,NA,NA,NA,NA,NA,NA,NA,NA,1,1,42,1,42101,"101_101",4210160000,42101020500,1440,1.17,90,24.047017,5.462304,538.4420384
"1564",75698,1112642,1,111264201,654.0732618,246.6503618,1,NA,1.11264e+12,2,1.11264e+14,11126420102,NA,NA,1,NA,NA,4,3,42,1,42101,"101_112",4210160000,42101003901,822,"8:45",19,NA,NA,NA,"0:00","","","","8:55",14,5,NA,NA,NA,NA,NA,NA,NA,NA,NA,NA,NA,NA,NA,NA,NA,NA,NA,NA,NA,NA,NA,NA,NA,NA,NA,NA,NA,NA,NA,NA,4,1,42,1,42101,"101_112",4210160000,42101003701,830,1.17,0,8.200172,0.682219,288.5809233
"1565",75700,1112642,1,111264201,654.0732618,246.6503618,1,NA,1.11264e+12,4,1.11264e+14,11126420104,NA,NA,1,NA,NA,2,1,42,1,42101,"101_103",4210160000,42101000401,85,"9:45",5,NA,NA,NA,"4:15","","","","14:00",14,5,NA,NA,NA,NA,NA,NA,NA,NA,NA,NA,NA,NA,NA,NA,NA,NA,NA,NA,NA,NA,NA,NA,NA,NA,NA,NA,NA,NA,NA,NA,1,1,42,1,42101,"101_112",4210160000,42101003600,825,1.17,60,24.588479,2.545806,288.5809233
"1566",75938,1119315,1,111931501,342.1442569,346.5834522,1,NA,1.11932e+12,1,1.11932e+14,11193150101,NA,NA,2,0,2,1,1,42,1,42101,"101_107",4210160000,42101016902,433,"",1,15,16,NA,"4:00","5:00","2:30","","14:30",14,5,NA,NA,NA,NA,NA,NA,NA,NA,NA,NA,NA,NA,NA,NA,NA,NA,NA,NA,NA,NA,NA,NA,NA,NA,NA,NA,NA,NA,NA,NA,1,1,42,1,42101,"101_107",4210160000,42101016902,433,1.17,60,8.632493,0.191499,405.502639
"1567",75941,1119315,3,111931503,342.1442569,277.3981917,1,NA,1.11932e+12,1,1.11932e+14,11193150301,NA,NA,1,1,2,1,1,42,1,42101,"101_107",4210160000,42101016902,433,"",1,15,NA,NA,"7:00","8:00","","","18:00",14,5,NA,NA,NA,NA,NA,NA,NA,NA,NA,NA,NA,NA,NA,NA,NA,NA,NA,NA,NA,NA,NA,NA,NA,NA,NA,NA,NA,NA,NA,NA,2,2,42,1,42101,"101_107",4210160000,42101014900,415,1.17,60,12.254658,1.291669,324.5558843
"1568",75942,1119315,3,111931503,342.1442569,277.3981917,1,NA,1.11932e+12,2,1.11932e+14,11193150302,NA,NA,1,NA,NA,2,2,42,1,42101,"101_107",4210160000,42101014900,415,"19:00",96,NA,NA,NA,"4:00","","","","23:00",14,5,NA,NA,NA,NA,NA,NA,NA,NA,NA,NA,NA,NA,NA,NA,NA,NA,NA,NA,NA,NA,NA,NA,NA,NA,NA,NA,NA,NA,NA,NA,1,1,42,1,42101,"101_107",4210160000,42101016902,433,1.17,90,10.78171,1.186163,324.5558843
"1569",75952,1119666,4,111966604,432.8125428,814.2521781,1,NA,1.11967e+12,1,1.11967e+14,11196660401,NA,NA,2,1,2,1,1,42,1,42091,"091_410",4209179176,42091200305,11843,"",1,14,2,8,"2:00","2:00","2:00","2:00","13:00",21,5,NA,NA,NA,NA,NA,NA,NA,NA,NA,NA,NA,NA,NA,NA,NA,NA,NA,NA,NA,NA,NA,NA,NA,NA,NA,NA,NA,NA,NA,NA,3,1,42,1,42101,"101_107",4210160000,42101037700,414,1.15,40,55.2,17.436295,936.3900048
"1570",75961,1120301,1,112030101,163.117764,296.6698751,1,NA,1.1203e+12,1,1.1203e+14,11203010101,NA,NA,3,8,2,1,1,42,1,42101,"101_115",4210160000,42101027000,2626,"",1,NA,NA,NA,"5:15","","","","8:15",21,5,NA,NA,NA,NA,NA,NA,NA,NA,NA,NA,NA,NA,NA,NA,NA,NA,NA,NA,NA,NA,NA,NA,NA,NA,NA,NA,NA,NA,NA,NA,4,1,42,1,42101,"101_103",4210160000,42101000500,74,1.17,45,32.824934,7.45718,347.1037539
"1571",75967,1120301,1,112030101,163.117764,296.6698751,1,NA,1.1203e+12,7,1.1203e+14,11203010107,NA,NA,3,NA,NA,4,1,42,1,42101,"101_103",4210160000,42101000600,57,"12:12",19,NA,NA,NA,"0:00","","","","12:30",21,5,NA,NA,NA,NA,NA,NA,NA,NA,NA,NA,NA,NA,NA,NA,NA,NA,NA,NA,NA,NA,NA,NA,NA,NA,NA,NA,NA,NA,NA,NA,4,1,42,1,42101,"101_115",4210160000,42101027600,2622,1.17,0,29.908192,7.439561,347.1037539
"1572",76059,1123009,2,112300902,382.9428742,426.7001696,1,NA,1.12301e+12,2,1.12301e+14,11230090202,NA,NA,2,NA,NA,4,1,42,1,42101,"101_114",4210160000,42101030200,1610,"8:06",19,NA,NA,NA,"0:00","","","","8:15",21,5,NA,NA,NA,NA,NA,NA,NA,NA,NA,NA,NA,NA,NA,NA,NA,NA,NA,NA,NA,NA,NA,NA,NA,NA,NA,NA,NA,NA,NA,NA,4,1,42,1,42101,"101_103",4210160000,42101000500,91,1.17,19,31.28346,7.770479,499.2391984
"1573",76060,1123009,2,112300902,382.9428742,426.7001696,1,NA,1.12301e+12,3,1.12301e+14,11230090203,NA,NA,2,NA,NA,4,1,42,1,42101,"101_103",4210160000,42101000500,91,"8:34",6,NA,NA,NA,"0:00","","","","13:00",21,5,NA,NA,NA,NA,NA,NA,NA,NA,NA,NA,NA,NA,NA,NA,NA,NA,NA,NA,NA,NA,NA,NA,NA,NA,NA,NA,NA,NA,NA,NA,1,1,42,1,42101,"101_104",4210160000,42101032100,3003,1.17,50,36.29054,8.685518,499.2391984
"1574",76270,1131306,2,113130602,319.3944275,424.1550167,1,NA,1.13131e+12,1,1.13131e+14,11313060201,NA,NA,1,1,2,1,1,42,1,42101,"101_118",4210160000,42101031401,2802,"",1,15,NA,NA,"0:00","","","","7:45",14,5,NA,NA,NA,NA,NA,NA,NA,NA,NA,NA,NA,NA,NA,NA,NA,NA,NA,NA,NA,NA,NA,NA,NA,NA,NA,NA,NA,NA,NA,NA,2,2,42,1,42101,"101_103",4210160000,42101000402,75,1.12,45,43.505399,9.559507,475.0536187
"1575",76271,1131306,2,113130602,319.3944275,424.1550167,1,NA,1.13131e+12,2,1.13131e+14,11313060202,NA,NA,1,NA,NA,2,2,42,1,42101,"101_103",4210160000,42101000402,75,"8:30",5,NA,NA,NA,"0:00","","","","20:00",14,5,NA,NA,NA,NA,NA,NA,NA,NA,NA,NA,NA,NA,NA,NA,NA,NA,NA,NA,NA,NA,NA,NA,NA,NA,NA,NA,NA,NA,NA,NA,1,1,42,1,42101,"101_118",4210160000,42101031401,2802,1.12,45,45.196552,10.072643,475.0536187
"1576",76505,1137479,1,113747901,591.7278265,90.87149052,1,NA,1.13748e+12,2,1.13748e+14,11374790102,NA,NA,1,NA,NA,4,1,42,1,42045,"045_206",4204563264,42045409702,5050,"7:45",96,NA,NA,NA,"0:03","","","","7:48",21,5,NA,NA,NA,NA,NA,NA,NA,NA,NA,NA,NA,NA,NA,NA,NA,NA,NA,NA,NA,NA,NA,NA,NA,NA,NA,NA,NA,NA,NA,NA,4,1,42,1,42045,"045_203",4204579000,42045400500,4459,1.12,14,25.884273,7.155239,101.7760694
"1577",76506,1137479,1,113747901,591.7278265,90.87149052,1,NA,1.13748e+12,3,1.13748e+14,11374790103,NA,NA,1,NA,NA,4,1,42,1,42045,"045_203",4204579000,42045400500,4459,"8:02",19,NA,NA,NA,"0:00","","","","8:04",21,5,NA,NA,NA,NA,NA,NA,NA,NA,NA,NA,NA,NA,NA,NA,NA,NA,NA,NA,NA,NA,NA,NA,NA,NA,NA,NA,NA,NA,NA,NA,4,1,42,1,42101,"101_103",4210160000,42101000100,87,1.12,22,28.61965,6.34454,101.7760694
"1578",76509,1137479,1,113747901,591.7278265,90.87149052,1,NA,1.13748e+12,6,1.13748e+14,11374790106,NA,NA,1,NA,NA,4,1,42,1,42101,"101_103",4210160000,42101000100,87,"17:13",19,NA,NA,NA,"0:00","","","","17:16",21,5,NA,NA,NA,NA,NA,NA,NA,NA,NA,NA,NA,NA,NA,NA,NA,NA,NA,NA,NA,NA,NA,NA,NA,NA,NA,NA,NA,NA,NA,NA,4,1,42,1,42045,"045_203",4204579000,42045400500,4459,1.12,21,28.409773,6.382658,101.7760694
"1579",76510,1137479,1,113747901,591.7278265,90.87149052,1,NA,1.13748e+12,7,1.13748e+14,11374790107,NA,NA,1,NA,NA,4,1,42,1,42045,"045_203",4204579000,42045400500,4459,"17:37",19,NA,NA,NA,"0:00","","","","17:47",21,5,NA,NA,NA,NA,NA,NA,NA,NA,NA,NA,NA,NA,NA,NA,NA,NA,NA,NA,NA,NA,NA,NA,NA,NA,NA,NA,NA,NA,NA,NA,4,1,42,1,42045,"045_206",4204563264,42045409702,5050,1.12,12,23.889108,7.114908,101.7760694
"1580",76816,1147054,1,114705401,210.8563572,112.1278597,2,NA,1.14705e+12,8,1.14705e+14,11470540108,NA,NA,2,NA,NA,4,4,42,1,42101,"101_110",4210160000,42101007300,1011,"18:03",19,NA,NA,NA,"0:00","","","","18:23",14,5,NA,NA,NA,NA,NA,NA,NA,NA,NA,NA,NA,NA,NA,NA,NA,NA,NA,NA,NA,NA,NA,NA,NA,NA,NA,NA,NA,NA,NA,NA,4,1,42,1,42101,"101_112",4210160000,42101003800,1818,1.17,16,36.007296,4.800055,131.1895959
"1581",76817,1147054,1,114705401,210.8563572,112.1278597,2,NA,1.14705e+12,9,1.14705e+14,11470540109,NA,NA,2,NA,NA,4,1,42,1,42101,"101_112",4210160000,42101003800,1818,"18:39",8,NA,NA,NA,"0:00","","","","19:32",14,5,NA,NA,NA,NA,NA,NA,NA,NA,NA,NA,NA,NA,NA,NA,NA,NA,NA,NA,NA,NA,NA,NA,NA,NA,NA,NA,NA,NA,NA,NA,1,1,42,1,42101,"101_110",4210160000,42101007102,1006,1.17,31,21.978321,4.147555,131.1895959
"1582",77354,1166235,1,116623501,228.3913137,96.77962906,2,NA,1.16624e+12,4,1.16624e+14,11662350104,NA,NA,2,2,NA,1,1,42,1,42101,"101_104",4210160000,42101031600,3019,"9:30",1,NA,NA,NA,"1:00","","","","10:30",14,5,NA,NA,NA,NA,NA,NA,NA,NA,NA,NA,NA,NA,NA,NA,NA,NA,NA,NA,NA,NA,NA,NA,NA,NA,NA,NA,NA,NA,NA,NA,4,1,42,1,42101,"101_104",4210160000,42101033102,3031,1.17,18,15.264737,2.267335,113.232166
"1583",77355,1166235,1,116623501,228.3913137,96.77962906,2,NA,1.16624e+12,5,1.16624e+14,11662350105,NA,NA,2,NA,NA,4,1,42,1,42101,"101_104",4210160000,42101033102,3031,"10:48",7,NA,NA,NA,"0:00","","","","11:35",14,5,NA,NA,NA,NA,NA,NA,NA,NA,NA,NA,NA,NA,NA,NA,NA,NA,NA,NA,NA,NA,NA,NA,NA,NA,NA,NA,NA,NA,NA,NA,4,1,42,1,42101,"101_104",4210160000,42101032000,3012,1.17,17,20.600363,2.130375,113.232166
"1584",77433,1171298,1,117129801,262.8522442,384.2849322,1,NA,1.1713e+12,2,1.1713e+14,11712980102,NA,NA,1,NA,NA,2,1,42,1,42101,"101_103",4210160000,42101000500,74,"8:55",5,NA,NA,NA,"0:00","","","","18:10",14,5,NA,NA,NA,NA,NA,NA,NA,NA,NA,NA,NA,NA,NA,NA,NA,NA,NA,NA,NA,NA,NA,NA,NA,NA,NA,NA,NA,NA,NA,NA,4,1,42,1,42101,"101_103",4210160000,42101000500,71,1.12,10,6.276623,0.396306,430.3991241
"1585",77773,1181668,1,118166801,496.6260015,83.12488376,1,NA,1.18167e+12,1,1.18167e+14,11816680101,NA,NA,1,1,2,1,1,42,1,42045,"045_203",4204579000,42045400402,4450,"",1,NA,NA,NA,"0:00","","","","6:15",21,5,NA,NA,NA,NA,NA,NA,NA,NA,NA,NA,NA,NA,NA,NA,NA,NA,NA,NA,NA,NA,NA,NA,NA,NA,NA,NA,NA,NA,NA,NA,2,1,42,1,42101,"101_103",4210160000,42101000100,87,1.12,40,34.518214,6.686964,93.09986981
"1586",77774,1181668,1,118166801,496.6260015,83.12488376,1,NA,1.18167e+12,2,1.18167e+14,11816680102,NA,NA,1,NA,NA,2,1,42,1,42101,"101_103",4210160000,42101000100,87,"6:55",5,NA,NA,NA,"0:00","","","","17:30",21,5,NA,NA,NA,NA,NA,NA,NA,NA,NA,NA,NA,NA,NA,NA,NA,NA,NA,NA,NA,NA,NA,NA,NA,NA,NA,NA,NA,NA,NA,NA,1,1,42,1,42045,"045_203",4204579000,42045400402,4450,1.12,75,33.949449,6.680351,93.09986981
"1587",78239,1192838,3,119283803,665.7853703,487.8819152,1,NA,1.19284e+12,2,1.19284e+14,11928380302,NA,NA,1,NA,NA,4,3,42,1,42101,"101_104",4210160000,42101033102,3031,"7:01",19,NA,NA,NA,"0:03","","","","7:04",14,5,NA,NA,NA,NA,NA,NA,NA,NA,NA,NA,NA,NA,NA,NA,NA,NA,NA,NA,NA,NA,NA,NA,NA,NA,NA,NA,NA,NA,NA,NA,4,1,42,1,42101,"101_118",4210160000,42101980200,2817,1.12,16,22.787389,2.544836,546.427745
"1588",78241,1192838,3,119283803,665.7853703,487.8819152,1,NA,1.19284e+12,4,1.19284e+14,11928380304,NA,NA,1,NA,NA,3,1,42,1,42101,"101_104",4210160000,42101033102,3031,"14:40",3,NA,NA,NA,"6:00","","","","14:50",14,5,NA,NA,NA,NA,NA,NA,NA,NA,NA,NA,NA,NA,NA,NA,NA,NA,NA,NA,NA,NA,NA,NA,NA,NA,NA,NA,NA,NA,NA,NA,2,1,42,1,42101,"101_118",4210160000,42101033300,2809,1.12,15,10.25,1.311093,546.427745
"1589",78444,1198805,1,119880501,860.4556576,221.967171,1,NA,1.19881e+12,1,1.19881e+14,11988050101,NA,NA,2,1,2,1,1,42,1,42101,"101_107",4210160000,42101016902,435,"",1,2,3,1,"2:30","1:45","2:00","1:00","12:00",14,5,NA,NA,NA,NA,NA,NA,NA,NA,NA,NA,NA,NA,NA,NA,NA,NA,NA,NA,NA,NA,NA,NA,NA,NA,NA,NA,NA,NA,NA,NA,4,1,42,1,42101,"101_103",4210160000,42101001202,25,1.17,60,40.558533,2.665609,259.70159
"1590",78445,1198805,1,119880501,860.4556576,221.967171,1,NA,1.19881e+12,2,1.19881e+14,11988050102,NA,NA,2,NA,NA,4,1,42,1,42101,"101_103",4210160000,42101001202,25,"13:00",16,NA,NA,NA,"1:45","","","","14:45",14,5,NA,NA,NA,NA,NA,NA,NA,NA,NA,NA,NA,NA,NA,NA,NA,NA,NA,NA,NA,NA,NA,NA,NA,NA,NA,NA,NA,NA,NA,NA,1,1,42,1,42101,"101_107",4210160000,42101016902,435,1.17,45,38.390124,4.501436,259.70159
"1591",78447,1198805,2,119880502,860.4556576,251.0806029,1,NA,1.19881e+12,1,1.19881e+14,11988050201,NA,NA,1,0,2,1,1,42,1,42101,"101_107",4210160000,42101016902,435,"",1,5,NA,NA,"11:00","8:00","","","23:00",14,5,NA,NA,NA,NA,NA,NA,NA,NA,NA,NA,NA,NA,NA,NA,NA,NA,NA,NA,NA,NA,NA,NA,NA,NA,NA,NA,NA,NA,NA,NA,1,1,42,1,42101,"101_107",4210160000,42101016902,435,1.17,45,8.982749,0.147155,293.7643054
"1592",78451,1198805,5,119880505,860.4556576,173.7659854,1,NA,1.19881e+12,1,1.19881e+14,11988050501,NA,NA,3,0,2,4,1,42,1,42101,"101_112",4210160000,42101003300,843,"",1,15,NA,NA,"4:00","5:00","","","14:00",14,5,NA,NA,NA,NA,NA,NA,NA,NA,NA,NA,NA,NA,NA,NA,NA,NA,NA,NA,NA,NA,NA,NA,NA,NA,NA,NA,NA,NA,NA,NA,1,1,42,1,42101,"101_107",4210160000,42101016902,435,1.17,90,47.955116,5.893732,203.3062029
"1593",78453,1198805,6,119880506,860.4556576,173.7659854,1,NA,1.19881e+12,1,1.19881e+14,11988050601,NA,NA,3,0,2,4,1,42,1,42101,"101_112",4210160000,42101003300,843,"",1,15,NA,NA,"4:00","4:00","","","14:00",14,5,NA,NA,NA,NA,NA,NA,NA,NA,NA,NA,NA,NA,NA,NA,NA,NA,NA,NA,NA,NA,NA,NA,NA,NA,NA,NA,NA,NA,NA,NA,1,1,42,1,42101,"101_107",4210160000,42101016902,435,1.17,90,47.955116,5.893732,203.3062029
"1594",78461,1198879,2,119887902,209.2320632,210.6344352,1,NA,1.19888e+12,1,1.19888e+14,11988790201,NA,NA,3,1,2,4,1,42,1,42017,"017_509",4201705616,42017100206,15624,"",19,NA,NA,NA,"0:45","","","","5:00",23,5,NA,NA,NA,NA,NA,NA,NA,NA,NA,NA,NA,NA,NA,NA,NA,NA,NA,NA,NA,NA,NA,NA,NA,NA,NA,NA,NA,NA,NA,NA,4,1,42,1,42101,"101_107",4210160000,42101037700,414,1.15,180,68.433333,20.276403,242.2296005
"1595",78559,1201095,3,120109503,1024.377182,3186.664682,1,NA,1.2011e+12,2,1.2011e+14,12010950302,NA,NA,1,NA,NA,4,1,42,1,42045,"045_205",4204549136,42045407202,4814,"8:50",19,20,NA,NA,"0:05","0:05","","","9:00",14,5,NA,NA,NA,NA,NA,NA,NA,NA,NA,NA,NA,NA,NA,NA,NA,NA,NA,NA,NA,NA,NA,NA,NA,NA,NA,NA,NA,NA,NA,NA,4,1,42,1,42101,"101_110",4210160000,42101036900,1014,1.13,33,77.575071,16.708372,3600.93109
"1596",78562,1201095,3,120109503,1024.377182,3186.664682,1,NA,1.2011e+12,5,1.2011e+14,12010950305,NA,NA,1,NA,NA,2,1,42,1,42101,"101_110",4210160000,42101036900,1017,"15:30",96,NA,NA,NA,"0:03","","","","15:33",14,5,NA,NA,NA,NA,NA,NA,NA,NA,NA,NA,NA,NA,NA,NA,NA,NA,NA,NA,NA,NA,NA,NA,NA,NA,NA,NA,NA,NA,NA,NA,4,1,42,1,42101,"101_110",4210160000,42101036900,1017,1.13,33,6.873948,0.169945,3600.93109
"1597",78634,1202407,1,120240701,491.7486108,952.5206835,1,NA,1.20241e+12,1,1.20241e+14,12024070101,NA,NA,2,0,2,1,1,42,1,42101,"101_110",4210160000,42101007200,1013,"",1,NA,NA,NA,"0:00","","","","2:50",21,5,NA,NA,NA,NA,NA,NA,NA,NA,NA,NA,NA,NA,NA,NA,NA,NA,NA,NA,NA,NA,NA,NA,NA,NA,NA,NA,NA,NA,NA,NA,1,1,42,1,42101,"101_110",4210160000,42101007200,1013,1.17,NA,7.515555,0.166511,1114.4492
"1598",78650,1202410,3,120241003,635.0416088,607.15381,1,NA,1.20241e+12,3,1.20241e+14,12024100303,NA,NA,2,NA,NA,4,1,42,1,42101,"101_103",4210160000,42101001900,7,"15:15",11,NA,NA,NA,"0:00","","","","15:45",14,5,NA,NA,NA,NA,NA,NA,NA,NA,NA,NA,NA,NA,NA,NA,NA,NA,NA,NA,NA,NA,NA,NA,NA,NA,NA,NA,NA,NA,NA,NA,1,1,42,1,42101,"101_106",4210160000,42101011900,2209,1.12,50,46.595822,6.760406,680.0122672
"1599",78822,1209110,1,120911001,63.008432,82.24785947,1,NA,1.20911e+12,2,1.20911e+14,12091100102,NA,NA,2,NA,NA,4,1,42,1,42101,"101_103",4210160000,42101000402,98,"8:50",96,NA,NA,NA,"0:00","","","","10:30",14,5,NA,NA,NA,NA,NA,NA,NA,NA,NA,NA,NA,NA,NA,NA,NA,NA,NA,NA,NA,NA,NA,NA,NA,NA,NA,NA,NA,NA,NA,NA,1,1,42,1,42091,"091_401",4209144976,42091204400,10011,1.15,50,34.232579,7.817183,94.58503839
"1600",78879,1210562,2,121056202,203.0774267,187.343222,2,NA,1.21056e+12,5,1.21056e+14,12105620205,NA,NA,3,0,NA,1,1,42,1,42101,"101_103",4210160000,42101000401,85,"12:45",1,5,NA,NA,"1:00","2:00","","","15:45",14,5,NA,NA,NA,NA,NA,NA,NA,NA,NA,NA,NA,NA,NA,NA,NA,NA,NA,NA,NA,NA,NA,NA,NA,NA,NA,NA,NA,NA,NA,NA,4,1,42,1,42101,"101_103",4210160000,42101000500,71,1.15,15,13.452001,1.222227,215.4447053
"1601",78888,1210562,4,121056204,203.0774267,240.7993878,1,NA,1.21056e+12,2,1.21056e+14,12105620402,NA,NA,2,NA,NA,3,1,42,1,42101,"101_103",4210160000,42101001201,31,"8:20",3,4,NA,NA,"0:00","","","","12:00",14,5,NA,NA,NA,NA,NA,NA,NA,NA,NA,NA,NA,NA,NA,NA,NA,NA,NA,NA,NA,NA,NA,NA,NA,NA,NA,NA,NA,NA,NA,NA,4,1,42,1,42101,"101_103",4210160000,42101001101,21,1.15,60,18.794178,1.564884,276.919296
"1602",79069,1211985,4,121198504,165.4720504,180.9635233,1,NA,1.21199e+12,1,1.21199e+14,12119850401,NA,NA,3,1,2,2,1,42,1,42101,"101_110",4210160000,42101009000,1039,"",1,NA,NA,NA,"5:15","","","","8:15",21,5,NA,NA,NA,NA,NA,NA,NA,NA,NA,NA,NA,NA,NA,NA,NA,NA,NA,NA,NA,NA,NA,NA,NA,NA,NA,NA,NA,NA,NA,NA,2,1,42,1,42045,"045_206",4204533144,42045408900,5009,1.15,35,31.085682,6.354289,208.1080518
"1603",79070,1211985,4,121198504,165.4720504,180.9635233,1,NA,1.21199e+12,2,1.21199e+14,12119850402,NA,NA,3,NA,NA,2,1,42,1,42045,"045_206",4204533144,42045408900,5009,"8:50",5,NA,NA,NA,"9:18","","","","18:08",21,5,NA,NA,NA,NA,NA,NA,NA,NA,NA,NA,NA,NA,NA,NA,NA,NA,NA,NA,NA,NA,NA,NA,NA,NA,NA,NA,NA,NA,NA,NA,1,1,42,1,42101,"101_110",4210160000,42101009000,1039,1.15,22,34.446452,6.220999,208.1080518
"1604",79132,1212906,1,121290601,434.9062452,182.5834247,1,NA,1.21291e+12,1,1.21291e+14,12129060101,NA,NA,3,1,2,4,1,42,1,42101,"101_117",4210160000,42101024100,2407,"",11,6,NA,NA,"1:00","","","","14:10",14,5,NA,NA,NA,NA,NA,NA,NA,NA,NA,NA,NA,NA,NA,NA,NA,NA,NA,NA,NA,NA,NA,NA,NA,NA,NA,NA,NA,NA,NA,NA,4,1,42,1,42101,"101_115",4210160000,42101027300,2614,1.17,25,30.99583,4.119081,213.6226069
"1605",79133,1212906,1,121290601,434.9062452,182.5834247,1,NA,1.21291e+12,2,1.21291e+14,12129060102,NA,NA,3,NA,NA,4,1,42,1,42101,"101_115",4210160000,42101027300,2614,"14:35",19,8,NA,NA,"2:30","","","","17:25",14,5,NA,NA,NA,NA,NA,NA,NA,NA,NA,NA,NA,NA,NA,NA,NA,NA,NA,NA,NA,NA,NA,NA,NA,NA,NA,NA,NA,NA,NA,NA,1,1,42,1,42101,"101_117",4210160000,42101024300,2401,1.17,20,19.968887,3.14476,213.6226069
"1606",79412,1223793,1,122379301,153.5469408,110.6877913,1,NA,1.22379e+12,1,1.22379e+14,12237930101,NA,NA,1,4,2,1,1,42,1,42101,"101_112",4210160000,42101002500,842,"",1,20,NA,NA,"0:00","","","","7:15",14,5,NA,NA,NA,NA,NA,NA,NA,NA,NA,NA,NA,NA,NA,NA,NA,NA,NA,NA,NA,NA,NA,NA,NA,NA,NA,NA,NA,NA,NA,NA,4,1,42,1,42101,"101_103",4210160000,42101000500,88,1.13,26,18.770056,1.712403,125.0772042
"1607",79416,1223793,1,122379301,153.5469408,110.6877913,1,NA,1.22379e+12,5,1.22379e+14,12237930105,NA,NA,1,NA,NA,4,1,42,1,42101,"101_103",4210160000,42101000500,88,"12:17",5,NA,NA,NA,"5:01","","","","17:18",14,5,NA,NA,NA,NA,NA,NA,NA,NA,NA,NA,NA,NA,NA,NA,NA,NA,NA,NA,NA,NA,NA,NA,NA,NA,NA,NA,NA,NA,NA,NA,1,1,42,1,42101,"101_112",4210160000,42101002500,842,1.13,26,18.525122,1.666976,125.0772042
"1608",79418,1223793,2,122379302,153.5469408,116.267689,1,NA,1.22379e+12,1,1.22379e+14,12237930201,NA,NA,1,3,2,1,1,42,1,42101,"101_112",4210160000,42101002500,842,"",1,NA,NA,NA,"3:55","","","","6:55",14,5,NA,NA,NA,NA,NA,NA,NA,NA,NA,NA,NA,NA,NA,NA,NA,NA,NA,NA,NA,NA,NA,NA,NA,NA,NA,NA,NA,NA,NA,NA,2,1,42,1,42101,"101_103",4210160000,42101036700,126,1.13,27,16.934334,1.879227,131.3824886
"1609",79420,1223793,2,122379302,153.5469408,116.267689,1,NA,1.22379e+12,3,1.22379e+14,12237930203,NA,NA,1,NA,NA,4,1,42,1,42101,"101_103",4210160000,42101000500,88,"14:30",17,NA,NA,NA,"0:00","","","","14:40",14,5,NA,NA,NA,NA,NA,NA,NA,NA,NA,NA,NA,NA,NA,NA,NA,NA,NA,NA,NA,NA,NA,NA,NA,NA,NA,NA,NA,NA,NA,NA,4,1,42,1,42101,"101_103",4210160000,42101000901,40,1.13,18,11.558189,0.639092,131.3824886
"1610",79421,1223793,2,122379302,153.5469408,116.267689,1,NA,1.22379e+12,4,1.22379e+14,12237930204,NA,NA,1,NA,NA,4,1,42,1,42101,"101_103",4210160000,42101000901,40,"14:58",16,NA,NA,NA,"0:00","","","","15:58",14,5,NA,NA,NA,NA,NA,NA,NA,NA,NA,NA,NA,NA,NA,NA,NA,NA,NA,NA,NA,NA,NA,NA,NA,NA,NA,NA,NA,NA,NA,NA,1,1,42,1,42101,"101_112",4210160000,42101002500,842,1.13,17,17.3371,1.622326,131.3824886
"1611",79425,1223793,3,122379303,153.5469408,111.3602696,1,NA,1.22379e+12,1,1.22379e+14,12237930301,NA,NA,2,2,2,1,1,42,1,42101,"101_112",4210160000,42101002500,842,"",1,20,NA,NA,"0:00","","","","7:15",14,5,NA,NA,NA,NA,NA,NA,NA,NA,NA,NA,NA,NA,NA,NA,NA,NA,NA,NA,NA,NA,NA,NA,NA,NA,NA,NA,NA,NA,NA,NA,4,1,42,1,42101,"101_103",4210160000,42101000500,88,1.13,26,18.770056,1.712403,125.8371047
"1612",79426,1223793,3,122379303,153.5469408,111.3602696,1,NA,1.22379e+12,2,1.22379e+14,12237930302,NA,NA,2,NA,NA,4,1,42,1,42101,"101_103",4210160000,42101000500,88,"7:41",96,NA,NA,NA,"6:59","","","","14:40",14,5,NA,NA,NA,NA,NA,NA,NA,NA,NA,NA,NA,NA,NA,NA,NA,NA,NA,NA,NA,NA,NA,NA,NA,NA,NA,NA,NA,NA,NA,NA,4,1,42,1,42101,"101_103",4210160000,42101000901,40,1.13,18,11.558189,0.639092,125.8371047
"1613",79427,1223793,3,122379303,153.5469408,111.3602696,1,NA,1.22379e+12,3,1.22379e+14,12237930303,NA,NA,2,NA,NA,4,1,42,1,42101,"101_103",4210160000,42101000901,40,"14:58",16,NA,NA,NA,"0:00","","","","15:56",14,5,NA,NA,NA,NA,NA,NA,NA,NA,NA,NA,NA,NA,NA,NA,NA,NA,NA,NA,NA,NA,NA,NA,NA,NA,NA,NA,NA,NA,NA,NA,1,1,42,1,42101,"101_112",4210160000,42101002500,842,1.13,19,17.3371,1.622326,125.8371047
"1614",79660,1228913,1,122891301,569.1068035,140.4731681,2,NA,1.22891e+12,3,1.22891e+14,12289130103,NA,NA,2,1,NA,1,1,42,1,42101,"101_103",4210160000,42101000402,101,"8:45",1,NA,NA,NA,"1:15","","","","10:00",14,5,NA,NA,NA,NA,NA,NA,NA,NA,NA,NA,NA,NA,NA,NA,NA,NA,NA,NA,NA,NA,NA,NA,NA,NA,NA,NA,NA,NA,NA,NA,4,1,42,1,42101,"101_103",4210160000,42101000401,103,1.17,15,6.708558,0.414382,164.3536067
"1615",79826,1233993,1,123399301,557.329447,296.5150674,1,NA,1.23399e+12,1,1.23399e+14,12339930101,NA,NA,2,1,2,1,1,42,1,42101,"101_103",4210160000,42101013500,140,"",1,NA,NA,NA,"0:00","","","","7:40",14,5,NA,NA,NA,NA,NA,NA,NA,NA,NA,NA,NA,NA,NA,NA,NA,NA,NA,NA,NA,NA,NA,NA,NA,NA,NA,NA,NA,NA,NA,NA,4,1,42,1,42101,"101_110",4210160000,42101036900,1025,1.17,45,26.633927,3.279035,346.9226289
"1616",79827,1233993,1,123399301,557.329447,296.5150674,1,NA,1.23399e+12,2,1.23399e+14,12339930102,NA,NA,2,NA,NA,4,1,42,1,42101,"101_110",4210160000,42101036900,1025,"8:25",16,NA,NA,NA,"0:00","","","","10:00",14,5,NA,NA,NA,NA,NA,NA,NA,NA,NA,NA,NA,NA,NA,NA,NA,NA,NA,NA,NA,NA,NA,NA,NA,NA,NA,NA,NA,NA,NA,NA,1,1,42,1,42101,"101_103",4210160000,42101013500,140,1.17,45,31.593906,3.545008,346.9226289
"1617",79830,1233993,2,123399302,557.329447,183.3104263,1,NA,1.23399e+12,2,1.23399e+14,12339930202,NA,NA,1,NA,NA,4,1,42,1,42101,"101_103",4210160000,42101013100,130,"11:45",11,NA,NA,NA,"0:00","","","","12:20",14,5,NA,NA,NA,NA,NA,NA,NA,NA,NA,NA,NA,NA,NA,NA,NA,NA,NA,NA,NA,NA,NA,NA,NA,NA,NA,NA,NA,NA,NA,NA,4,1,42,1,42101,"101_107",4210160000,42101013700,406,1.17,100,27.899197,2.65112,214.4731988
"1618",79831,1233993,2,123399302,557.329447,183.3104263,1,NA,1.23399e+12,3,1.23399e+14,12339930203,NA,NA,1,NA,NA,4,1,42,1,42101,"101_107",4210160000,42101013700,406,"14:00",5,NA,NA,NA,"2:20","","","","16:30",14,5,NA,NA,NA,NA,NA,NA,NA,NA,NA,NA,NA,NA,NA,NA,NA,NA,NA,NA,NA,NA,NA,NA,NA,NA,NA,NA,NA,NA,NA,NA,4,1,42,1,42101,"101_107",4210160000,42101016701,431,1.17,30,27.781921,2.887338,214.4731988
"1619",79832,1233993,2,123399302,557.329447,183.3104263,1,NA,1.23399e+12,4,1.23399e+14,12339930204,NA,NA,1,NA,NA,4,1,42,1,42101,"101_107",4210160000,42101016701,431,"17:00",11,NA,NA,NA,"0:00","","","","17:55",14,5,NA,NA,NA,NA,NA,NA,NA,NA,NA,NA,NA,NA,NA,NA,NA,NA,NA,NA,NA,NA,NA,NA,NA,NA,NA,NA,NA,NA,NA,NA,1,1,42,1,42101,"101_103",4210160000,42101013500,140,1.17,365,22.672842,2.0878,214.4731988
"1620",79868,1234944,1,123494401,430.191317,2089.360992,1,NA,1.23494e+12,3,1.23494e+14,12349440103,NA,NA,2,NA,NA,4,1,42,1,42091,"091_409",4209141432,42091200908,11619,"9:40",19,NA,NA,NA,"0:00","","","","9:50",14,5,NA,NA,NA,NA,NA,NA,NA,NA,NA,NA,NA,NA,NA,NA,NA,NA,NA,NA,NA,NA,NA,NA,NA,NA,NA,NA,NA,NA,NA,NA,4,1,42,1,42091,"091_409",4209150640,42091200602,11623,1.17,5,51.094218,4.755051,2444.552361
"1621",79870,1234944,1,123494401,430.191317,2089.360992,1,NA,1.23494e+12,5,1.23494e+14,12349440105,NA,NA,2,NA,NA,4,1,42,1,42091,"091_409",4209141432,42091200906,11615,"10:40",19,NA,NA,NA,"0:00","","","","10:43",14,5,NA,NA,NA,NA,NA,NA,NA,NA,NA,NA,NA,NA,NA,NA,NA,NA,NA,NA,NA,NA,NA,NA,NA,NA,NA,NA,NA,NA,NA,NA,4,1,42,1,42091,"091_409",4209141432,42091200908,11619,1.17,14,20.75,1.687652,2444.552361
"1622",80179,1242593,1,124259301,864.8936804,152.3009526,1,NA,1.24259e+12,2,1.24259e+14,12425930102,NA,NA,1,NA,NA,4,1,42,1,42045,"045_206",4204533144,42045408800,5019,"7:20",19,NA,NA,NA,"0:05","","","","7:25",23,5,NA,NA,NA,NA,NA,NA,NA,NA,NA,NA,NA,NA,NA,NA,NA,NA,NA,NA,NA,NA,NA,NA,NA,NA,NA,NA,NA,NA,NA,NA,4,1,42,1,42045,"045_203",4204579000,42045400500,4459,1.12,10,26.509675,4.36167,170.5770669
"1623",80180,1242593,1,124259301,864.8936804,152.3009526,1,NA,1.24259e+12,3,1.24259e+14,12425930103,NA,NA,1,NA,NA,4,1,42,1,42045,"045_203",4204579000,42045400500,4459,"7:35",19,NA,NA,NA,"0:05","","","","7:40",21,5,NA,NA,NA,NA,NA,NA,NA,NA,NA,NA,NA,NA,NA,NA,NA,NA,NA,NA,NA,NA,NA,NA,NA,NA,NA,NA,NA,NA,NA,NA,4,1,42,1,42101,"101_103",4210160000,42101000402,76,1.12,25,23.951639,5.422669,170.5770669
"1624",80183,1242593,1,124259301,864.8936804,152.3009526,1,NA,1.24259e+12,6,1.24259e+14,12425930106,NA,NA,1,NA,NA,4,1,42,1,42101,"101_103",4210160000,42101000402,76,"17:20",19,NA,NA,NA,"0:05","","","","17:25",21,5,NA,NA,NA,NA,NA,NA,NA,NA,NA,NA,NA,NA,NA,NA,NA,NA,NA,NA,NA,NA,NA,NA,NA,NA,NA,NA,NA,NA,NA,NA,4,1,42,1,42045,"045_203",4204579000,42045400500,4459,1.12,25,23.869646,5.437457,170.5770669
"1625",80184,1242593,1,124259301,864.8936804,152.3009526,1,NA,1.24259e+12,7,1.24259e+14,12425930107,NA,NA,1,NA,NA,4,1,42,1,42045,"045_203",4204579000,42045400500,4459,"17:50",19,NA,NA,NA,"0:05","","","","18:00",23,5,NA,NA,NA,NA,NA,NA,NA,NA,NA,NA,NA,NA,NA,NA,NA,NA,NA,NA,NA,NA,NA,NA,NA,NA,NA,NA,NA,NA,NA,NA,4,1,42,1,42045,"045_206",4204533144,42045408800,5019,1.12,10,23.85127,4.073316,170.5770669
"1626",80462,1258327,2,125832702,417.148152,122.1097197,1,NA,1.25833e+12,2,1.25833e+14,12583270202,NA,NA,2,NA,NA,4,1,42,1,42091,"091_403",4209154656,42091203500,10427,"15:24",8,NA,NA,NA,"0:30","","","","15:54",14,5,NA,NA,NA,NA,NA,NA,NA,NA,NA,NA,NA,NA,NA,NA,NA,NA,NA,NA,NA,NA,NA,NA,NA,NA,NA,NA,NA,NA,NA,NA,4,1,42,1,42091,"091_413",4209161664,42091204009,12411,1.17,26,48.722562,7.650303,142.868372
"1627",80463,1258327,2,125832702,417.148152,122.1097197,1,NA,1.25833e+12,3,1.25833e+14,12583270203,NA,NA,2,NA,NA,4,1,42,1,42091,"091_413",4209161664,42091204009,12411,"16:20",8,NA,NA,NA,"0:40","","","","17:15",14,5,NA,NA,NA,NA,NA,NA,NA,NA,NA,NA,NA,NA,NA,NA,NA,NA,NA,NA,NA,NA,NA,NA,NA,NA,NA,NA,NA,NA,NA,NA,1,1,42,1,42091,"091_403",4209154656,42091203500,10427,1.17,35,37.326109,5.979828,142.868372
"1628",80466,1258327,3,125832703,417.148152,102.1606067,1,NA,1.25833e+12,2,1.25833e+14,12583270302,NA,NA,2,NA,NA,4,1,42,1,42091,"091_403",4209154656,42091203500,10427,"15:24",8,NA,NA,NA,"0:30","","","","15:54",14,5,NA,NA,NA,NA,NA,NA,NA,NA,NA,NA,NA,NA,NA,NA,NA,NA,NA,NA,NA,NA,NA,NA,NA,NA,NA,NA,NA,NA,NA,NA,4,1,42,1,42091,"091_413",4209161664,42091204009,12411,1.17,26,48.722562,7.650303,119.5279099
"1629",80467,1258327,3,125832703,417.148152,102.1606067,1,NA,1.25833e+12,3,1.25833e+14,12583270303,NA,NA,2,NA,NA,4,1,42,1,42091,"091_413",4209161664,42091204009,12411,"16:20",8,NA,NA,NA,"0:45","","","","17:15",14,5,NA,NA,NA,NA,NA,NA,NA,NA,NA,NA,NA,NA,NA,NA,NA,NA,NA,NA,NA,NA,NA,NA,NA,NA,NA,NA,NA,NA,NA,NA,1,1,42,1,42091,"091_403",4209154656,42091203500,10427,1.17,35,37.326109,5.979828,119.5279099
"1630",80470,1258327,4,125832704,417.148152,118.5209983,1,NA,1.25833e+12,2,1.25833e+14,12583270402,NA,NA,2,NA,NA,4,1,42,1,42091,"091_403",4209154656,42091203500,10427,"15:24",8,NA,NA,NA,"0:30","","","","15:54",14,5,NA,NA,NA,NA,NA,NA,NA,NA,NA,NA,NA,NA,NA,NA,NA,NA,NA,NA,NA,NA,NA,NA,NA,NA,NA,NA,NA,NA,NA,NA,4,1,42,1,42091,"091_413",4209161664,42091204009,12411,1.17,26,48.722562,7.650303,138.669568
"1631",80471,1258327,4,125832704,417.148152,118.5209983,1,NA,1.25833e+12,3,1.25833e+14,12583270403,NA,NA,2,NA,NA,4,1,42,1,42091,"091_413",4209161664,42091204009,12411,"16:20",8,NA,NA,NA,"0:45","","","","17:15",14,5,NA,NA,NA,NA,NA,NA,NA,NA,NA,NA,NA,NA,NA,NA,NA,NA,NA,NA,NA,NA,NA,NA,NA,NA,NA,NA,NA,NA,NA,NA,1,1,42,1,42091,"091_403",4209154656,42091203500,10427,1.17,35,37.326109,5.979828,138.669568
"1632",80733,1268831,2,126883102,1041.535076,190.1630124,2,NA,1.26883e+12,7,1.26883e+14,12688310207,NA,NA,1,NA,NA,4,1,42,1,42101,"101_114",4210160000,42101030200,1610,"11:43",19,NA,NA,NA,"0:07","","","","11:50",21,5,NA,NA,NA,NA,NA,NA,NA,NA,NA,NA,NA,NA,NA,NA,NA,NA,NA,NA,NA,NA,NA,NA,NA,NA,NA,NA,NA,NA,NA,NA,4,1,42,1,42101,"101_107",4210160000,42101014400,401,1.12,15,29.022495,5.620517,212.9825739
"1633",80948,1276536,1,127653601,210.8563572,89.96330309,1,NA,1.27654e+12,1,1.27654e+14,12765360101,NA,NA,1,5,2,1,1,42,1,42101,"101_103",4210160000,42101013602,142,"",1,NA,NA,NA,"0:00","","","","5:30",14,5,NA,NA,NA,NA,NA,NA,NA,NA,NA,NA,NA,NA,NA,NA,NA,NA,NA,NA,NA,NA,NA,NA,NA,NA,NA,NA,NA,NA,NA,NA,4,1,42,1,42101,"101_103",4210160000,42101000500,74,1.17,30,16.091007,1.332918,105.2570646
"1634",80949,1276536,1,127653601,210.8563572,89.96330309,1,NA,1.27654e+12,2,1.27654e+14,12765360102,NA,NA,1,NA,NA,4,1,42,1,42101,"101_103",4210160000,42101000500,74,"6:00",19,NA,NA,NA,"0:10","","","","9999",21,5,NA,NA,NA,NA,NA,NA,NA,NA,NA,NA,NA,NA,NA,NA,NA,NA,NA,NA,NA,NA,NA,NA,NA,NA,NA,NA,NA,NA,NA,NA,2,1,42,1,42101,"101_107",4210160000,42101014600,409,1.17,NA,NA,NA,105.2570646
"1635",80951,1276536,1,127653601,210.8563572,89.96330309,1,NA,1.27654e+12,4,1.27654e+14,12765360104,NA,NA,1,NA,NA,4,1,42,1,42101,"101_107",4210160000,42101014700,411,"16:15",19,NA,NA,NA,"0:05","","","","9999",21,5,NA,NA,NA,NA,NA,NA,NA,NA,NA,NA,NA,NA,NA,NA,NA,NA,NA,NA,NA,NA,NA,NA,NA,NA,NA,NA,NA,NA,NA,NA,4,1,42,1,42101,"101_103",4210160000,42101000500,74,1.17,NA,NA,NA,105.2570646
"1636",80953,1276536,1,127653601,210.8563572,89.96330309,1,NA,1.27654e+12,6,1.27654e+14,12765360106,NA,NA,1,NA,NA,4,1,42,1,42101,"101_103",4210160000,42101000300,116,"16:35",19,NA,NA,NA,"0:08","","","","9999",14,5,NA,NA,NA,NA,NA,NA,NA,NA,NA,NA,NA,NA,NA,NA,NA,NA,NA,NA,NA,NA,NA,NA,NA,NA,NA,NA,NA,NA,NA,NA,1,1,42,1,42101,"101_103",4210160000,42101013602,142,1.17,NA,NA,NA,105.2570646
"1637",81050,1278368,1,127836801,247.6035579,137.6577423,1,NA,1.27837e+12,5,1.27837e+14,12783680105,NA,NA,2,NA,NA,4,1,42,1,42101,"101_101",4210160000,42101020500,1440,"13:21",19,NA,NA,NA,"0:05","","","","13:26",14,5,NA,NA,NA,NA,NA,NA,NA,NA,NA,NA,NA,NA,NA,NA,NA,NA,NA,NA,NA,NA,NA,NA,NA,NA,NA,NA,NA,NA,NA,NA,4,1,42,1,42101,"101_117",4210160000,42101024100,2407,1.17,23,14.88109,1.399209,161.0595585
"1638",81053,1278368,1,127836801,247.6035579,137.6577423,2,NA,1.27837e+12,8,1.27837e+14,12783680108,NA,NA,2,NA,NA,4,1,42,1,42101,"101_117",4210160000,42101023700,2417,"19:30",19,NA,NA,NA,"0:10","","","","19:40",14,5,NA,NA,NA,NA,NA,NA,NA,NA,NA,NA,NA,NA,NA,NA,NA,NA,NA,NA,NA,NA,NA,NA,NA,NA,NA,NA,NA,NA,NA,NA,4,1,42,1,42101,"101_117",4210160000,42101023700,2417,1.17,80,9.51848,0.29336,161.0595585
"1639",81057,1278473,1,127847301,254.8908116,101.1651984,1,NA,1.27847e+12,1,1.27847e+14,12784730101,NA,NA,3,1,2,2,1,42,1,42091,"091_403",4209154656,42091203803,10426,"",1,NA,NA,NA,"5:00","","","","8:00",14,5,NA,NA,NA,NA,NA,NA,NA,NA,NA,NA,NA,NA,NA,NA,NA,NA,NA,NA,NA,NA,NA,NA,NA,NA,NA,NA,NA,NA,NA,NA,2,1,42,1,42091,"091_403",4209145080,42091206006,10410,1.17,36,21.880141,3.856851,118.3632822
"1640",81232,1285210,1,128521001,191.540435,88.09888397,1,NA,1.28521e+12,1,1.28521e+14,12852100101,NA,NA,1,2,2,1,1,42,1,42101,"101_112",4210160000,42101002300,844,"",1,NA,NA,NA,"6:01","","","","9:04",14,5,NA,NA,NA,NA,NA,NA,NA,NA,NA,NA,NA,NA,NA,NA,NA,NA,NA,NA,NA,NA,NA,NA,NA,NA,NA,NA,NA,NA,NA,NA,2,1,42,1,42101,"101_112",4210160000,42101037200,804,1.12,33,13.606034,1.691197,98.67075004
"1641",81233,1285210,1,128521001,191.540435,88.09888397,1,NA,1.28521e+12,2,1.28521e+14,12852100102,NA,NA,1,NA,NA,2,1,42,1,42101,"101_112",4210160000,42101037200,804,"9:37",5,NA,NA,NA,"0:00","","","","10:05",14,5,NA,NA,NA,NA,NA,NA,NA,NA,NA,NA,NA,NA,NA,NA,NA,NA,NA,NA,NA,NA,NA,NA,NA,NA,NA,NA,NA,NA,NA,NA,4,1,42,1,42101,"101_112",4210160000,42101002900,834,1.12,18,16.919866,1.504639,98.67075004
"1642",81235,1285210,1,128521001,191.540435,88.09888397,2,NA,1.28521e+12,4,1.28521e+14,12852100104,NA,NA,2,2,NA,1,1,42,1,42101,"101_112",4210160000,42101002300,844,"10:45",1,NA,NA,NA,"4:01","","","","16:05",14,5,NA,NA,NA,NA,NA,NA,NA,NA,NA,NA,NA,NA,NA,NA,NA,NA,NA,NA,NA,NA,NA,NA,NA,NA,NA,NA,NA,NA,NA,NA,4,1,42,1,42101,"101_103",4210160000,42101000901,40,1.12,23,13.256756,1.093825,98.67075004
"1643",81237,1285210,1,128521001,191.540435,88.09888397,2,NA,1.28521e+12,6,1.28521e+14,12852100106,NA,NA,2,NA,NA,4,1,42,1,42101,"101_103",4210160000,42101000901,40,"17:20",13,NA,NA,NA,"0:01","","","","18:30",14,5,NA,NA,NA,NA,NA,NA,NA,NA,NA,NA,NA,NA,NA,NA,NA,NA,NA,NA,NA,NA,NA,NA,NA,NA,NA,NA,NA,NA,NA,NA,1,1,42,1,42101,"101_112",4210160000,42101002300,844,1.12,15,11.059562,0.959451,98.67075004
"1644",81388,1290460,1,129046001,309.3098808,517.0198361,1,NA,1.29046e+12,1,1.29046e+14,12904600101,NA,NA,1,2,2,1,1,42,1,42101,"101_114",4210160000,42101030000,1605,"",1,NA,NA,NA,"0:00","","","","6:35",21,5,NA,NA,NA,NA,NA,NA,NA,NA,NA,NA,NA,NA,NA,NA,NA,NA,NA,NA,NA,NA,NA,NA,NA,NA,NA,NA,NA,NA,NA,NA,4,1,42,1,42101,"101_103",4210160000,42101000402,94,1.17,22,30.975616,7.494924,604.9132082
"1645",81390,1290460,1,129046001,309.3098808,517.0198361,1,NA,1.29046e+12,3,1.29046e+14,12904600103,NA,NA,1,NA,NA,2,1,42,1,42101,"101_103",4210160000,42101000402,98,"7:03",5,NA,NA,NA,"9:57","","","","17:00",21,5,NA,NA,NA,NA,NA,NA,NA,NA,NA,NA,NA,NA,NA,NA,NA,NA,NA,NA,NA,NA,NA,NA,NA,NA,NA,NA,NA,NA,NA,NA,1,1,42,1,42101,"101_114",4210160000,42101030000,1605,1.17,40,32.163669,7.524876,604.9132082
"1646",81454,1291848,3,129184803,218.3626797,162.603295,1,NA,1.29185e+12,1,1.29185e+14,12918480301,NA,NA,3,1,2,1,1,42,1,42045,"045_202",4204564832,42045403901,4231,"",1,NA,NA,NA,"5:00","","","","8:00",14,5,NA,NA,NA,NA,NA,NA,NA,NA,NA,NA,NA,NA,NA,NA,NA,NA,NA,NA,NA,NA,NA,NA,NA,NA,NA,NA,NA,NA,NA,NA,3,1,42,1,42045,"045_206",4204547616,42045408001,5029,1.15,95,76.919532,14.028496,186.9937892
"1647",81455,1291848,3,129184803,218.3626797,162.603295,1,NA,1.29185e+12,2,1.29185e+14,12918480302,NA,NA,3,NA,NA,3,1,42,1,42045,"045_206",4204547616,42045408001,5029,"9:35",3,NA,NA,NA,"3:20","","","","13:00",14,5,NA,NA,NA,NA,NA,NA,NA,NA,NA,NA,NA,NA,NA,NA,NA,NA,NA,NA,NA,NA,NA,NA,NA,NA,NA,NA,NA,NA,NA,NA,3,1,42,1,42045,"045_202",4204564832,42045403901,4231,1.15,90,67.826421,14.307619,186.9937892
"1648",81464,1292739,2,129273902,127.8037756,141.4804067,1,NA,1.29274e+12,2,1.29274e+14,12927390202,NA,NA,1,NA,NA,2,1,42,1,42091,"091_401",4209144976,42091205000,10027,"7:15",19,NA,NA,NA,"0:00","","","","9999",21,5,NA,NA,NA,NA,NA,NA,NA,NA,NA,NA,NA,NA,NA,NA,NA,NA,NA,NA,NA,NA,NA,NA,NA,NA,NA,NA,NA,NA,NA,NA,2,1,42,1,42101,"101_103",4210160000,42101000402,98,1.13,NA,NA,NA,159.8728596
"1649",81466,1292739,2,129273902,127.8037756,141.4804067,1,NA,1.29274e+12,4,1.29274e+14,12927390204,NA,NA,1,NA,NA,2,1,42,1,42101,"101_103",4210160000,42101000402,98,"9999",19,NA,NA,NA,"0:00","","","","9999",21,5,NA,NA,NA,NA,NA,NA,NA,NA,NA,NA,NA,NA,NA,NA,NA,NA,NA,NA,NA,NA,NA,NA,NA,NA,NA,NA,NA,NA,NA,NA,1,1,42,1,42091,"091_401",4209144976,42091205000,10027,1.13,NA,NA,NA,159.8728596
"1650",81493,1295100,1,129510001,342.2557249,572.3909271,1,NA,1.2951e+12,2,1.2951e+14,12951000102,NA,NA,2,NA,NA,4,1,42,1,42101,"101_117",4210160000,42101025200,2416,"9999",1,NA,NA,NA,"0:00","","","","9999",14,5,NA,NA,NA,NA,NA,NA,NA,NA,NA,NA,NA,NA,NA,NA,NA,NA,NA,NA,NA,NA,NA,NA,NA,NA,NA,NA,NA,NA,NA,NA,4,1,42,1,42101,"101_103",4210160000,42101000402,96,1.17,NA,NA,NA,669.6973848
"1651",81494,1295100,1,129510001,342.2557249,572.3909271,1,NA,1.2951e+12,3,1.2951e+14,12951000103,NA,NA,2,NA,NA,4,1,42,1,42101,"101_103",4210160000,42101000402,96,"9:15",96,NA,NA,NA,"0:15","","","","9:30",14,5,NA,NA,NA,NA,NA,NA,NA,NA,NA,NA,NA,NA,NA,NA,NA,NA,NA,NA,NA,NA,NA,NA,NA,NA,NA,NA,NA,NA,NA,NA,4,1,42,1,42101,"101_103",4210160000,42101000500,88,1.17,20,9.200766,0.999654,669.6973848
"1652",81495,1295100,1,129510001,342.2557249,572.3909271,1,NA,1.2951e+12,4,1.2951e+14,12951000104,NA,NA,2,NA,NA,4,1,42,1,42101,"101_103",4210160000,42101000500,88,"9:50",9,NA,NA,NA,"1:05","","","","11:00",14,5,NA,NA,NA,NA,NA,NA,NA,NA,NA,NA,NA,NA,NA,NA,NA,NA,NA,NA,NA,NA,NA,NA,NA,NA,NA,NA,NA,NA,NA,NA,4,1,42,1,42101,"101_103",4210160000,42101000500,71,1.17,10,5.820182,0.310596,669.6973848
"1653",81496,1295100,1,129510001,342.2557249,572.3909271,1,NA,1.2951e+12,5,1.2951e+14,12951000105,NA,NA,2,NA,NA,4,1,42,1,42101,"101_103",4210160000,42101000500,71,"11:10",96,NA,NA,NA,"0:07","","","","11:17",14,5,NA,NA,NA,NA,NA,NA,NA,NA,NA,NA,NA,NA,NA,NA,NA,NA,NA,NA,NA,NA,NA,NA,NA,NA,NA,NA,NA,NA,NA,NA,4,1,42,1,42101,"101_101",4210160000,42101020500,1435,1.17,65,30.404858,5.484603,669.6973848
"1654",81497,1295100,1,129510001,342.2557249,572.3909271,1,NA,1.2951e+12,6,1.2951e+14,12951000106,NA,NA,2,NA,NA,4,1,42,1,42101,"101_101",4210160000,42101020500,1435,"12:22",96,NA,NA,NA,"0:12","","","","12:44",14,5,NA,NA,NA,NA,NA,NA,NA,NA,NA,NA,NA,NA,NA,NA,NA,NA,NA,NA,NA,NA,NA,NA,NA,NA,NA,NA,NA,NA,NA,NA,1,1,42,1,42101,"101_108",4210160000,42101980100,3216,1.17,-22,41.48002,6.366819,669.6973848
"1655",81596,1298851,2,129885102,171.7556139,146.6079919,1,NA,1.29885e+12,1,1.29885e+14,12988510201,NA,NA,1,1,2,1,1,42,1,42045,"045_203",4204579000,42045401302,4436,"",1,NA,NA,NA,"4:00","","","","8:05",14,5,NA,NA,NA,NA,NA,NA,NA,NA,NA,NA,NA,NA,NA,NA,NA,NA,NA,NA,NA,NA,NA,NA,NA,NA,NA,NA,NA,NA,NA,NA,2,1,42,1,42101,"101_103",4210160000,42101000402,81,1.17,60,43.702994,8.047607,171.5313506
"1656",81597,1298851,2,129885102,171.7556139,146.6079919,1,NA,1.29885e+12,2,1.29885e+14,12988510202,NA,NA,1,NA,NA,2,1,42,1,42101,"101_103",4210160000,42101000402,81,"9:05",5,NA,NA,NA,"8:00","","","","18:00",14,5,NA,NA,NA,NA,NA,NA,NA,NA,NA,NA,NA,NA,NA,NA,NA,NA,NA,NA,NA,NA,NA,NA,NA,NA,NA,NA,NA,NA,NA,NA,1,1,42,1,42045,"045_203",4204579000,42045401302,4436,1.17,120,43.757699,8.086067,171.5313506
"1657",81681,1302835,1,130283501,252.2589939,852.708807,1,NA,1.30284e+12,1,1.30284e+14,13028350101,NA,NA,1,2,2,1,1,42,1,42017,"017_504",4201719792,42017104603,14605,"",1,5,NA,NA,"4:00","2:00","","","9:30",14,5,NA,NA,NA,NA,NA,NA,NA,NA,NA,NA,NA,NA,NA,NA,NA,NA,NA,NA,NA,NA,NA,NA,NA,NA,NA,NA,NA,NA,NA,NA,4,1,42,1,42017,"017_504",4201719792,42017104604,14620,1.12,10,72.313455,3.431212,955.0338638
"1658",81724,1305421,1,130542101,228.5733628,141.1147165,1,NA,1.30542e+12,3,1.30542e+14,13054210103,NA,NA,2,NA,NA,4,1,42,1,42101,"101_117",4210160000,42101038700,2441,"12:15",16,NA,NA,NA,"0:00","","","","13:15",14,5,NA,NA,NA,NA,NA,NA,NA,NA,NA,NA,NA,NA,NA,NA,NA,NA,NA,NA,NA,NA,NA,NA,NA,NA,NA,NA,NA,NA,NA,NA,1,1,42,1,42101,"101_117",4210160000,42101025700,2436,1.17,345,20.600137,1.563883,165.1042183
"1659",81787,1308444,2,130844402,260.0275356,146.9800072,1,NA,1.30844e+12,1,1.30844e+14,13084440201,NA,NA,3,1,2,2,1,42,1,42101,"101_115",4210160000,42101029000,2610,"",1,NA,NA,NA,"1:30","","","","5:15",14,5,NA,NA,NA,NA,NA,NA,NA,NA,NA,NA,NA,NA,NA,NA,NA,NA,NA,NA,NA,NA,NA,NA,NA,NA,NA,NA,NA,NA,NA,NA,2,1,42,1,42101,"101_101",4210160000,42101017000,1420,1.12,NA,28.305899,4.723481,164.6176081
"1660",81788,1308444,2,130844402,260.0275356,146.9800072,1,NA,1.30844e+12,2,1.30844e+14,13084440202,NA,NA,3,NA,NA,2,1,42,1,42101,"101_101",4210160000,42101017000,1420,"9999",5,NA,NA,NA,"8:00","","","","14:00",14,5,NA,NA,NA,NA,NA,NA,NA,NA,NA,NA,NA,NA,NA,NA,NA,NA,NA,NA,NA,NA,NA,NA,NA,NA,NA,NA,NA,NA,NA,NA,1,1,42,1,42101,"101_115",4210160000,42101029000,2610,1.12,600,29.215779,4.74317,164.6176081
"1661",82009,1320564,2,132056402,670.1917446,202.6782403,1,NA,1.32056e+12,1,1.32056e+14,13205640201,NA,NA,3,1,2,2,1,42,1,42101,"101_112",4210160000,42101002300,844,"",1,NA,NA,NA,"4:30","","","","7:45",21,5,NA,NA,NA,NA,NA,NA,NA,NA,NA,NA,NA,NA,NA,NA,NA,NA,NA,NA,NA,NA,NA,NA,NA,NA,NA,NA,NA,NA,NA,NA,2,1,42,1,42101,"101_103",4210160000,42101000100,66,1.12,20,22.243986,2.139667,226.9996291
"1662",82010,1320564,2,132056402,670.1917446,202.6782403,1,NA,1.32056e+12,2,1.32056e+14,13205640202,NA,NA,3,NA,NA,2,1,42,1,42101,"101_103",4210160000,42101000100,66,"8:05",5,NA,NA,NA,"9:15","","","","17:20",21,5,NA,NA,NA,NA,NA,NA,NA,NA,NA,NA,NA,NA,NA,NA,NA,NA,NA,NA,NA,NA,NA,NA,NA,NA,NA,NA,NA,NA,NA,NA,1,1,42,1,42101,"101_112",4210160000,42101002300,844,1.12,21,22.243314,2.123985,226.9996291
"1663",82136,1324923,1,132492301,368.9100428,154.4524134,1,NA,1.32492e+12,1,1.32492e+14,13249230101,NA,NA,1,2,2,1,1,42,1,42101,"101_104",4210160000,42101032100,3003,"",1,NA,NA,NA,"0:00","","","","8:00",21,5,NA,NA,NA,NA,NA,NA,NA,NA,NA,NA,NA,NA,NA,NA,NA,NA,NA,NA,NA,NA,NA,NA,NA,NA,NA,NA,NA,NA,NA,NA,2,1,42,1,42101,"101_109",4210160000,42101038200,621,1.17,60,30.857729,3.592678,180.7093237
"1664",82153,1325280,2,132528002,416.9251997,279.0196009,1,NA,1.32528e+12,1,1.32528e+14,13252800201,NA,NA,1,2,2,1,1,42,1,42101,"101_112",4210160000,42101003901,817,"",1,NA,NA,NA,"6:20","","","","9:20",14,5,NA,NA,NA,NA,NA,NA,NA,NA,NA,NA,NA,NA,NA,NA,NA,NA,NA,NA,NA,NA,NA,NA,NA,NA,NA,NA,NA,NA,NA,NA,2,1,42,1,42101,"101_103",4210160000,42101000402,95,1.17,40,23.304787,2.44103,326.452933
"1665",82160,1325585,1,132558501,106.969976,93.99800335,1,NA,1.32559e+12,2,1.32559e+14,13255850102,NA,NA,1,NA,NA,2,1,42,1,42101,"101_108",4210160000,42101021100,3208,"7:05",5,NA,NA,NA,"4:00","","","","12:00",14,5,NA,NA,NA,NA,NA,NA,NA,NA,NA,NA,NA,NA,NA,NA,NA,NA,NA,NA,NA,NA,NA,NA,NA,NA,NA,NA,NA,NA,NA,NA,4,1,42,1,42101,"101_103",4210160000,42101000500,88,1.15,60,27.146609,8.424122,108.0977039
"1666",82198,1327181,4,132718104,348.9361683,3000.840687,1,NA,1.32718e+12,2,1.32718e+14,13271810402,NA,NA,1,NA,NA,4,1,42,1,42045,"045_203",4204579000,42045400500,4459,"9:50",1,14,2,NA,"0:01","0:01","0:03","","9:55",14,5,NA,NA,NA,NA,NA,NA,NA,NA,NA,NA,NA,NA,NA,NA,NA,NA,NA,NA,NA,NA,NA,NA,NA,NA,NA,NA,NA,NA,NA,NA,4,1,42,1,42091,"091_402",4209179136,42091205801,10212,1.12,5,44.007047,15.497011,3360.941569
"1667",82201,1327181,4,132718104,348.9361683,3000.840687,1,NA,1.32718e+12,5,1.32718e+14,13271810405,NA,NA,1,NA,NA,2,1,42,1,42091,"091_402",4209179136,42091205801,10219,"17:00",1,NA,NA,NA,"0:37","","","","17:37",14,5,NA,NA,NA,NA,NA,NA,NA,NA,NA,NA,NA,NA,NA,NA,NA,NA,NA,NA,NA,NA,NA,NA,NA,NA,NA,NA,NA,NA,NA,NA,2,1,42,1,42091,"091_402",4209179136,42091205801,10219,1.12,10,12.413864,0.371649,3360.941569
"1668",82235,1327716,2,132771602,439.5779854,157.0218733,1,NA,1.32772e+12,1,1.32772e+14,13277160201,NA,NA,1,1,2,1,1,42,1,42101,"101_112",4210160000,42101003901,817,"",1,NA,NA,NA,"5:00","","","","8:00",21,5,NA,NA,NA,NA,NA,NA,NA,NA,NA,NA,NA,NA,NA,NA,NA,NA,NA,NA,NA,NA,NA,NA,NA,NA,NA,NA,NA,NA,NA,NA,2,1,42,1,42101,"101_103",4210160000,42101000901,41,1.17,20,15.361359,2.069512,183.7155918
"1669",82236,1327716,2,132771602,439.5779854,157.0218733,1,NA,1.32772e+12,2,1.32772e+14,13277160202,NA,NA,1,NA,NA,2,1,42,1,42101,"101_103",4210160000,42101000901,41,"8:20",5,NA,NA,NA,"8:10","","","","16:30",21,5,NA,NA,NA,NA,NA,NA,NA,NA,NA,NA,NA,NA,NA,NA,NA,NA,NA,NA,NA,NA,NA,NA,NA,NA,NA,NA,NA,NA,NA,NA,1,1,42,1,42101,"101_112",4210160000,42101003901,817,1.17,20,18.005271,2.06619,183.7155918
"1670",82396,1330403,1,133040301,1019.897822,605.8669467,1,NA,1.3304e+12,2,1.3304e+14,13304030102,NA,NA,1,NA,NA,4,1,42,1,42101,"101_113",4210160000,42101034400,3405,"7:22",19,NA,NA,NA,"0:00","","","","7:25",14,5,NA,NA,NA,NA,NA,NA,NA,NA,NA,NA,NA,NA,NA,NA,NA,NA,NA,NA,NA,NA,NA,NA,NA,NA,NA,NA,NA,NA,NA,NA,2,1,42,1,42101,"101_114",4210160000,42101030900,1624,1.12,20,33.359542,5.058729,678.5709803
"1671",82400,1330403,1,133040301,1019.897822,605.8669467,1,NA,1.3304e+12,6,1.3304e+14,13304030106,NA,NA,1,NA,NA,4,1,42,1,42101,"101_114",4210160000,42101030900,1624,"16:22",19,NA,NA,NA,"0:00","","","","16:27",14,5,NA,NA,NA,NA,NA,NA,NA,NA,NA,NA,NA,NA,NA,NA,NA,NA,NA,NA,NA,NA,NA,NA,NA,NA,NA,NA,NA,NA,NA,NA,4,1,42,1,42101,"101_113",4210160000,42101034400,3405,1.12,21,27.130572,4.806188,678.5709803
"1672",82412,1330403,3,133040303,1019.897822,781.3241045,1,NA,1.3304e+12,2,1.3304e+14,13304030302,NA,NA,2,NA,NA,4,1,42,1,42101,"101_113",4210160000,42101034400,3408,"7:05",19,NA,NA,NA,"0:00","","","","7:15",14,5,NA,NA,NA,NA,NA,NA,NA,NA,NA,NA,NA,NA,NA,NA,NA,NA,NA,NA,NA,NA,NA,NA,NA,NA,NA,NA,NA,NA,NA,NA,4,1,42,1,42101,"101_114",4210160000,42101030200,1610,1.12,25,41.474527,7.059996,875.0829971
"1673",82413,1330403,3,133040303,1019.897822,781.3241045,1,NA,1.3304e+12,3,1.3304e+14,13304030303,NA,NA,2,NA,NA,4,1,42,1,42101,"101_114",4210160000,42101030200,1610,"7:40",19,NA,NA,NA,"0:00","","","","7:52",21,5,NA,NA,NA,NA,NA,NA,NA,NA,NA,NA,NA,NA,NA,NA,NA,NA,NA,NA,NA,NA,NA,NA,NA,NA,NA,NA,NA,NA,NA,NA,4,1,42,1,42101,"101_103",4210160000,42101000402,76,1.12,18,32.520773,7.968457,875.0829971
"1674",82416,1330403,3,133040303,1019.897822,781.3241045,1,NA,1.3304e+12,6,1.3304e+14,13304030306,NA,NA,2,NA,NA,4,1,42,1,42101,"101_103",4210160000,42101000402,76,"15:15",19,NA,NA,NA,"0:00","","","","15:25",21,5,NA,NA,NA,NA,NA,NA,NA,NA,NA,NA,NA,NA,NA,NA,NA,NA,NA,NA,NA,NA,NA,NA,NA,NA,NA,NA,NA,NA,NA,NA,4,1,42,1,42101,"101_114",4210160000,42101030200,1610,1.12,40,32.87982,7.962998,875.0829971
"1675",82417,1330403,3,133040303,1019.897822,781.3241045,1,NA,1.3304e+12,7,1.3304e+14,13304030307,NA,NA,2,NA,NA,4,1,42,1,42101,"101_114",4210160000,42101030200,1610,"16:05",19,NA,NA,NA,"0:00","","","","16:17",14,5,NA,NA,NA,NA,NA,NA,NA,NA,NA,NA,NA,NA,NA,NA,NA,NA,NA,NA,NA,NA,NA,NA,NA,NA,NA,NA,NA,NA,NA,NA,4,1,42,1,42101,"101_113",4210160000,42101034400,3405,1.12,33,37.528199,6.49666,875.0829971
"1676",82991,1356136,1,135613601,669.0737258,529.3815028,1,NA,1.35614e+12,1,1.35614e+14,13561360101,NA,NA,1,6,2,1,1,42,1,42101,"101_111",4210160000,42101011200,1228,"",1,NA,NA,NA,"4:40","","","","7:40",14,5,NA,NA,NA,NA,NA,NA,NA,NA,NA,NA,NA,NA,NA,NA,NA,NA,NA,NA,NA,NA,NA,NA,NA,NA,NA,NA,NA,NA,NA,NA,2,1,42,1,42101,"101_103",4210160000,42101000902,38,1.17,25,40.953937,4.950414,619.3763583
"1677",82992,1356136,1,135613601,669.0737258,529.3815028,1,1,1.35614e+12,2,1.35614e+14,13561360102,NA,NA,1,NA,NA,2,1,42,1,42101,"101_103",4210160000,42101000902,38,"8:05",5,NA,NA,NA,"3:40","","","","11:45",14,5,NA,NA,NA,NA,NA,NA,NA,NA,NA,NA,NA,NA,NA,NA,NA,NA,NA,NA,NA,NA,NA,NA,NA,NA,NA,NA,NA,NA,NA,NA,4,1,42,1,42101,"101_103",4210160000,42101000600,57,1.17,15,8.011987,0.462183,619.3763583
"1678",82994,1356136,1,135613601,669.0737258,529.3815028,1,1,1.35614e+12,4,1.35614e+14,13561360104,NA,NA,1,NA,NA,4,1,42,1,42101,"101_103",4210160000,42101000500,72,"13:00",5,NA,NA,NA,"0:15","","","","13:15",21,5,NA,NA,NA,NA,NA,NA,NA,NA,NA,NA,NA,NA,NA,NA,NA,NA,NA,NA,NA,NA,NA,NA,NA,NA,NA,NA,NA,NA,NA,NA,4,1,42,1,42101,"101_109",4210160000,42101018800,625,1.17,30,25.117882,5.160018,619.3763583
"1679",82995,1356136,1,135613601,669.0737258,529.3815028,1,1,1.35614e+12,5,1.35614e+14,13561360105,NA,NA,1,NA,NA,4,1,42,1,42101,"101_109",4210160000,42101018800,625,"13:45",5,NA,NA,NA,"0:45","","","","14:30",21,5,NA,NA,NA,NA,NA,NA,NA,NA,NA,NA,NA,NA,NA,NA,NA,NA,NA,NA,NA,NA,NA,NA,NA,NA,NA,NA,NA,NA,NA,NA,2,1,42,1,42101,"101_103",4210160000,42101000902,38,1.17,30,27.489503,4.986776,619.3763583
"1680",82996,1356136,1,135613601,669.0737258,529.3815028,1,NA,1.35614e+12,6,1.35614e+14,13561360106,NA,NA,1,NA,NA,2,1,42,1,42101,"101_103",4210160000,42101000902,38,"15:00",5,NA,NA,NA,"1:20","","","","16:20",14,5,NA,NA,NA,NA,NA,NA,NA,NA,NA,NA,NA,NA,NA,NA,NA,NA,NA,NA,NA,NA,NA,NA,NA,NA,NA,NA,NA,NA,NA,NA,4,1,42,1,42101,"101_103",4210160000,42101000300,113,1.17,25,17.885932,1.277807,619.3763583
"1681",82997,1356136,1,135613601,669.0737258,529.3815028,1,NA,1.35614e+12,7,1.35614e+14,13561360107,NA,NA,1,NA,NA,4,1,42,1,42101,"101_103",4210160000,42101000300,113,"16:45",6,NA,NA,NA,"0:15","","","","17:00",14,5,NA,NA,NA,NA,NA,NA,NA,NA,NA,NA,NA,NA,NA,NA,NA,NA,NA,NA,NA,NA,NA,NA,NA,NA,NA,NA,NA,NA,NA,NA,1,1,42,1,42101,"101_111",4210160000,42101011200,1228,1.17,45,35.044701,4.343737,619.3763583
"1682",83162,1360253,1,136025301,534.5859881,213.1268626,1,NA,1.36025e+12,1,1.36025e+14,13602530101,NA,NA,3,0,2,2,1,42,1,42101,"101_113",4210160000,42101036400,3415,"",1,5,6,8,"5:30","1:00","3:00","2:45","15:30",14,5,NA,NA,NA,NA,NA,NA,NA,NA,NA,NA,NA,NA,NA,NA,NA,NA,NA,NA,NA,NA,NA,NA,NA,NA,NA,NA,NA,NA,NA,NA,1,1,42,1,42101,"101_105",4210160000,42101037300,1816,1.17,95,103.449677,22.0357,249.3584293
"1683",83228,1362979,1,136297901,198.4949737,153.4077634,1,NA,1.36298e+12,1,1.36298e+14,13629790101,NA,NA,2,1,2,1,1,42,1,42101,"101_103",4210160000,42101000402,75,"",1,NA,NA,NA,"1:00","","","","7:00",14,5,NA,NA,NA,NA,NA,NA,NA,NA,NA,NA,NA,NA,NA,NA,NA,NA,NA,NA,NA,NA,NA,NA,NA,NA,NA,NA,NA,NA,NA,NA,4,1,42,1,42101,"101_103",4210160000,42101001001,36,1.12,0,12.59361,1.086597,171.816695
"1684",83229,1362979,1,136297901,198.4949737,153.4077634,1,NA,1.36298e+12,2,1.36298e+14,13629790102,NA,NA,2,NA,NA,4,1,42,1,42101,"101_103",4210160000,42101001001,36,"7:00",14,NA,NA,NA,"3:00","","","","10:00",14,5,NA,NA,NA,NA,NA,NA,NA,NA,NA,NA,NA,NA,NA,NA,NA,NA,NA,NA,NA,NA,NA,NA,NA,NA,NA,NA,NA,NA,NA,NA,1,1,42,1,42101,"101_103",4210160000,42101000402,75,1.12,30,15.978487,1.149504,171.816695
"1685",83271,1366515,2,136651502,1019.897822,2090.194213,1,NA,1.36652e+12,2,1.36652e+14,13665150202,NA,NA,2,NA,NA,4,1,42,1,42101,"101_101",4210160000,42101020300,1432,"13:00",19,NA,NA,NA,"0:00","","","","13:10",21,5,NA,NA,NA,NA,NA,NA,NA,NA,NA,NA,NA,NA,NA,NA,NA,NA,NA,NA,NA,NA,NA,NA,NA,NA,NA,NA,NA,NA,NA,NA,4,1,42,1,42101,"101_103",4210160000,42101000901,41,1.17,35,19.165346,4.478851,2445.527229
"1686",83272,1366515,2,136651502,1019.897822,2090.194213,1,NA,1.36652e+12,3,1.36652e+14,13665150203,NA,NA,2,NA,NA,4,1,42,1,42101,"101_103",4210160000,42101000901,41,"13:45",4,NA,NA,NA,"1:10","","","","15:10",14,5,NA,NA,NA,NA,NA,NA,NA,NA,NA,NA,NA,NA,NA,NA,NA,NA,NA,NA,NA,NA,NA,NA,NA,NA,NA,NA,NA,NA,NA,NA,4,1,42,1,42101,"101_108",4210160000,42101020700,3202,1.17,30,28.795487,7.445519,2445.527229
"1687",83274,1366515,2,136651502,1019.897822,2090.194213,1,NA,1.36652e+12,5,1.36652e+14,13665150205,NA,NA,2,NA,NA,4,1,42,1,42101,"101_108",4210160000,42101020700,3201,"16:15",19,NA,NA,NA,"0:00","","","","16:30",14,5,NA,NA,NA,NA,NA,NA,NA,NA,NA,NA,NA,NA,NA,NA,NA,NA,NA,NA,NA,NA,NA,NA,NA,NA,NA,NA,NA,NA,NA,NA,1,1,42,1,42101,"101_101",4210160000,42101017000,1420,1.17,45,10.66726,0.585738,2445.527229
"1688",83406,1370113,1,137011301,415.6976476,155.18212,1,NA,1.37011e+12,1,1.37011e+14,13701130101,NA,NA,3,4,2,4,1,42,1,42101,"101_103",4210160000,42101000401,103,"",96,NA,NA,NA,"1:20","","","","12:40",14,5,NA,NA,NA,NA,NA,NA,NA,NA,NA,NA,NA,NA,NA,NA,NA,NA,NA,NA,NA,NA,NA,NA,NA,NA,NA,NA,NA,NA,NA,NA,4,1,42,1,42101,"101_103",4210160000,42101000402,97,1.17,0,6.342676,0.396561,181.5630804
"1689",83407,1370113,1,137011301,415.6976476,155.18212,1,NA,1.37011e+12,2,1.37011e+14,13701130102,NA,NA,3,NA,NA,4,1,42,1,42101,"101_103",4210160000,42101000402,97,"12:40",96,NA,NA,NA,"0:20","","","","13:00",14,5,NA,NA,NA,NA,NA,NA,NA,NA,NA,NA,NA,NA,NA,NA,NA,NA,NA,NA,NA,NA,NA,NA,NA,NA,NA,NA,NA,NA,NA,NA,4,1,42,1,42101,"101_103",4210160000,42101000600,57,1.17,0,12.251311,0.753625,181.5630804
"1690",83408,1370113,1,137011301,415.6976476,155.18212,1,NA,1.37011e+12,3,1.37011e+14,13701130103,NA,NA,3,NA,NA,4,1,42,1,42101,"101_103",4210160000,42101000600,57,"13:00",6,NA,NA,NA,"0:30","","","","13:30",14,5,NA,NA,NA,NA,NA,NA,NA,NA,NA,NA,NA,NA,NA,NA,NA,NA,NA,NA,NA,NA,NA,NA,NA,NA,NA,NA,NA,NA,NA,NA,4,1,42,1,42101,"101_103",4210160000,42101000402,92,1.17,5,8.253871,0.540978,181.5630804
"1691",83414,1370234,1,137023401,415.6976476,100.9101639,1,NA,1.37023e+12,2,1.37023e+14,13702340102,NA,NA,1,NA,NA,4,1,42,1,42101,"101_101",4210160000,42101019000,1423,"6:15",1,14,5,8,"0:00","","","","6:25",14,5,NA,NA,NA,NA,NA,NA,NA,NA,NA,NA,NA,NA,NA,NA,NA,NA,NA,NA,NA,NA,NA,NA,NA,NA,NA,NA,NA,NA,NA,NA,2,1,42,1,42101,"101_111",4210160000,42101009400,1215,1.17,NA,37.303742,10.12554,118.0648918
"1692",83415,1370234,1,137023401,415.6976476,100.9101639,1,NA,1.37023e+12,3,1.37023e+14,13702340103,NA,NA,1,NA,NA,2,1,42,1,42101,"101_111",4210160000,42101009400,1215,"9999",5,NA,NA,NA,"7:50","","","","15:50",14,5,NA,NA,NA,NA,NA,NA,NA,NA,NA,NA,NA,NA,NA,NA,NA,NA,NA,NA,NA,NA,NA,NA,NA,NA,NA,NA,NA,NA,NA,NA,4,1,42,1,42101,"101_118",4210160000,42101033400,2806,1.17,22,55.209946,14.399888,118.0648918
"1693",83417,1370234,1,137023401,415.6976476,100.9101639,1,NA,1.37023e+12,5,1.37023e+14,13702340105,NA,NA,1,NA,NA,4,1,42,1,42101,"101_110",4210160000,42101036900,1026,"17:00",14,NA,NA,NA,"0:05","","","","17:05",14,5,NA,NA,NA,NA,NA,NA,NA,NA,NA,NA,NA,NA,NA,NA,NA,NA,NA,NA,NA,NA,NA,NA,NA,NA,NA,NA,NA,NA,NA,NA,1,1,42,1,42101,"101_101",4210160000,42101019000,1423,1.17,20,30.456666,7.392605,118.0648918
"1694",83625,1377234,1,137723401,68.63506003,86.03798239,1,NA,1.37723e+12,1,1.37723e+14,13772340101,NA,NA,2,1,2,1,1,42,1,42101,"101_103",4210160000,42101000402,101,"",1,NA,NA,NA,"0:00","","","","11:30",14,5,NA,NA,NA,NA,NA,NA,NA,NA,NA,NA,NA,NA,NA,NA,NA,NA,NA,NA,NA,NA,NA,NA,NA,NA,NA,NA,NA,NA,NA,NA,4,1,42,1,42101,"101_103",4210160000,42101000401,85,1.15,25,7.324358,0.468853,98.94367975
"1695",83626,1377234,1,137723401,68.63506003,86.03798239,1,NA,1.37723e+12,2,1.37723e+14,13772340102,NA,NA,2,NA,NA,4,1,42,1,42101,"101_103",4210160000,42101000401,85,"11:55",14,NA,NA,NA,"0:00","","","","13:10",14,5,NA,NA,NA,NA,NA,NA,NA,NA,NA,NA,NA,NA,NA,NA,NA,NA,NA,NA,NA,NA,NA,NA,NA,NA,NA,NA,NA,NA,NA,NA,1,1,42,1,42101,"101_103",4210160000,42101000402,101,1.15,650,7.122217,0.427551,98.94367975
"1696",83668,1379124,1,137912401,408.5701271,231.0531544,1,NA,1.37912e+12,1,1.37912e+14,13791240101,NA,NA,1,7,2,1,1,42,1,42101,"101_115",4210160000,42101026400,2635,"",1,7,NA,NA,"0:00","0:01","","","4:50",14,5,NA,NA,NA,NA,NA,NA,NA,NA,NA,NA,NA,NA,NA,NA,NA,NA,NA,NA,NA,NA,NA,NA,NA,NA,NA,NA,NA,NA,NA,NA,4,3,42,1,42101,"101_115",4210160000,42101027800,2620,1.17,23,18.395248,2.08016,270.3321906
"1697",83669,1379124,1,137912401,408.5701271,231.0531544,1,NA,1.37912e+12,2,1.37912e+14,13791240102,NA,NA,1,NA,NA,4,3,42,1,42101,"101_115",4210160000,42101027800,2620,"5:13",19,NA,NA,NA,"0:00","","","","5:38",14,5,NA,NA,NA,NA,NA,NA,NA,NA,NA,NA,NA,NA,NA,NA,NA,NA,NA,NA,NA,NA,NA,NA,NA,NA,NA,NA,NA,NA,NA,NA,4,1,42,1,42101,"101_114",4210160000,42101030200,1610,1.17,16,40.129723,6.409653,270.3321906
"1698",83672,1379124,1,137912401,408.5701271,231.0531544,1,NA,1.37912e+12,5,1.37912e+14,13791240105,NA,NA,1,NA,NA,4,3,42,1,42101,"101_118",4210160000,42101980200,2817,"13:06",19,NA,NA,NA,"0:00","","","","13:12",14,5,NA,NA,NA,NA,NA,NA,NA,NA,NA,NA,NA,NA,NA,NA,NA,NA,NA,NA,NA,NA,NA,NA,NA,NA,NA,NA,NA,NA,NA,NA,4,1,42,1,42101,"101_114",4210160000,42101030200,1610,1.17,39,27.269787,3.819495,270.3321906
"1699",83673,1379124,1,137912401,408.5701271,231.0531544,1,NA,1.37912e+12,6,1.37912e+14,13791240106,NA,NA,1,NA,NA,4,1,42,1,42101,"101_114",4210160000,42101030200,1610,"13:51",19,NA,NA,NA,"0:00","","","","14:03",14,5,NA,NA,NA,NA,NA,NA,NA,NA,NA,NA,NA,NA,NA,NA,NA,NA,NA,NA,NA,NA,NA,NA,NA,NA,NA,NA,NA,NA,NA,NA,4,1,42,1,42101,"101_115",4210160000,42101028200,2615,1.17,19,26.442028,4.11099,270.3321906
"1700",83674,1379124,1,137912401,408.5701271,231.0531544,1,NA,1.37912e+12,7,1.37912e+14,13791240107,NA,NA,1,NA,NA,4,1,42,1,42101,"101_115",4210160000,42101028200,2615,"14:22",19,NA,NA,NA,"0:00","","","","14:30",14,5,NA,NA,NA,NA,NA,NA,NA,NA,NA,NA,NA,NA,NA,NA,NA,NA,NA,NA,NA,NA,NA,NA,NA,NA,NA,NA,NA,NA,NA,NA,4,1,42,1,42101,"101_115",4210160000,42101026400,2635,1.17,15,27.632218,3.038753,270.3321906
"1701",83746,1383524,1,138352401,434.9062452,182.5834247,2,NA,1.38352e+12,3,1.38352e+14,13835240103,NA,NA,2,1,NA,1,1,42,1,42101,"101_111",4210160000,42101009400,1215,"12:45",1,NA,NA,NA,"2:15","","","","15:00",14,5,NA,NA,NA,NA,NA,NA,NA,NA,NA,NA,NA,NA,NA,NA,NA,NA,NA,NA,NA,NA,NA,NA,NA,NA,NA,NA,NA,NA,NA,NA,4,1,42,1,42101,"101_111",4210160000,42101009300,1214,1.17,30,10.662495,0.624397,213.6226069
"1702",83747,1383524,1,138352401,434.9062452,182.5834247,2,NA,1.38352e+12,4,1.38352e+14,13835240104,NA,NA,2,NA,NA,4,1,42,1,42101,"101_111",4210160000,42101009300,1214,"15:30",11,NA,NA,NA,"0:30","","","","16:00",14,5,NA,NA,NA,NA,NA,NA,NA,NA,NA,NA,NA,NA,NA,NA,NA,NA,NA,NA,NA,NA,NA,NA,NA,NA,NA,NA,NA,NA,NA,NA,1,1,42,1,42101,"101_111",4210160000,42101009400,1215,1.17,30,11.342455,0.688139,213.6226069
"1703",83749,1383524,1,138352401,434.9062452,182.5834247,3,NA,1.38352e+12,6,1.38352e+14,13835240106,NA,NA,2,NA,NA,4,1,42,1,42101,"101_111",4210160000,42101010500,1222,"19:30",96,NA,NA,NA,"1:30","","","","21:30",14,5,NA,NA,NA,NA,NA,NA,NA,NA,NA,NA,NA,NA,NA,NA,NA,NA,NA,NA,NA,NA,NA,NA,NA,NA,NA,NA,NA,NA,NA,NA,1,1,42,1,42101,"101_111",4210160000,42101009400,1215,1.17,60,16.251044,1.745333,213.6226069
"1704",83831,1386188,1,138618801,333.0190958,100.6363588,1,NA,1.38619e+12,1,1.38619e+14,13861880101,NA,NA,2,1,2,1,1,42,1,42101,"101_106",4210160000,42101012100,2213,"",1,NA,NA,NA,"7:00","","","","10:34",14,5,NA,NA,NA,NA,NA,NA,NA,NA,NA,NA,NA,NA,NA,NA,NA,NA,NA,NA,NA,NA,NA,NA,NA,NA,NA,NA,NA,NA,NA,NA,4,1,42,1,42101,"101_106",4210160000,42101012203,2217,1.17,16,15.499971,2.030878,117.7445398
"1705",83832,1386188,1,138618801,333.0190958,100.6363588,1,NA,1.38619e+12,2,1.38619e+14,13861880102,NA,NA,2,NA,NA,4,1,42,1,42101,"101_106",4210160000,42101012203,2217,"10:50",8,NA,NA,NA,"0:22","","","","11:12",14,5,NA,NA,NA,NA,NA,NA,NA,NA,NA,NA,NA,NA,NA,NA,NA,NA,NA,NA,NA,NA,NA,NA,NA,NA,NA,NA,NA,NA,NA,NA,1,1,42,1,42101,"101_106",4210160000,42101012100,2213,1.17,21,14.978003,1.773539,117.7445398
"1706",83833,1386188,1,138618801,333.0190958,100.6363588,2,NA,1.38619e+12,3,1.38619e+14,13861880103,NA,NA,2,1,NA,1,1,42,1,42101,"101_106",4210160000,42101012100,2213,"11:33",12,NA,NA,NA,"0:35","","","","12:14",14,5,NA,NA,NA,NA,NA,NA,NA,NA,NA,NA,NA,NA,NA,NA,NA,NA,NA,NA,NA,NA,NA,NA,NA,NA,NA,NA,NA,NA,NA,NA,4,1,42,1,42101,"101_103",4210160000,42101000402,98,1.17,46,35.264633,7.434842,117.7445398
"1707",83834,1386188,1,138618801,333.0190958,100.6363588,2,NA,1.38619e+12,4,1.38619e+14,13861880104,NA,NA,2,NA,NA,4,1,42,1,42101,"101_103",4210160000,42101000402,98,"13:00",12,NA,NA,NA,"0:34","","","","13:34",14,5,NA,NA,NA,NA,NA,NA,NA,NA,NA,NA,NA,NA,NA,NA,NA,NA,NA,NA,NA,NA,NA,NA,NA,NA,NA,NA,NA,NA,NA,NA,1,1,42,1,42101,"101_106",4210160000,42101012100,2213,1.17,37,30.941227,6.66383,117.7445398
"1708",83886,1388557,1,138855701,434.9062452,182.5834247,1,NA,1.38856e+12,1,1.38856e+14,13885570101,NA,NA,2,1,2,1,1,42,1,42101,"101_107",4210160000,42101014000,403,"",1,NA,NA,NA,"0:00","","","","9999",14,5,NA,NA,NA,NA,NA,NA,NA,NA,NA,NA,NA,NA,NA,NA,NA,NA,NA,NA,NA,NA,NA,NA,NA,NA,NA,NA,NA,NA,NA,NA,4,1,42,1,42101,"101_103",4210160000,42101000500,88,1.17,NA,NA,NA,213.6226069
"1709",83887,1388557,1,138855701,434.9062452,182.5834247,1,NA,1.38856e+12,2,1.38856e+14,13885570102,NA,NA,2,NA,NA,4,1,42,1,42101,"101_103",4210160000,42101000500,88,"10:00",11,9,NA,NA,"0:00","","","","15:00",14,5,NA,NA,NA,NA,NA,NA,NA,NA,NA,NA,NA,NA,NA,NA,NA,NA,NA,NA,NA,NA,NA,NA,NA,NA,NA,NA,NA,NA,NA,NA,1,1,42,1,42101,"101_107",4210160000,42101014000,403,1.17,540,16.41674,1.954348,213.6226069
"1710",83897,1388866,1,138886601,288.1055336,96.4352758,1,NA,1.38887e+12,5,1.38887e+14,13888660105,NA,NA,1,NA,NA,2,1,42,1,42101,"101_103",4210160000,42101000401,84,"12:50",5,NA,NA,NA,"3:40","","","","16:31",14,5,NA,NA,NA,NA,NA,NA,NA,NA,NA,NA,NA,NA,NA,NA,NA,NA,NA,NA,NA,NA,NA,NA,NA,NA,NA,NA,NA,NA,NA,NA,1,1,42,1,42101,"101_103",4210160000,42101000300,118,1.17,23,6.681579,0.284588,112.8292727
"1711",84284,1402762,1,140276201,317.8695646,107.8805341,1,NA,1.40276e+12,4,1.40276e+14,14027620104,NA,NA,2,NA,NA,4,1,42,1,42101,"101_109",4210160000,42101038200,621,"6:50",96,NA,NA,NA,"0:05","","","","6:55",14,5,NA,NA,NA,NA,NA,NA,NA,NA,NA,NA,NA,NA,NA,NA,NA,NA,NA,NA,NA,NA,NA,NA,NA,NA,NA,NA,NA,NA,NA,NA,1,1,42,1,42101,"101_109",4210160000,42101018800,627,1.17,5,11.463373,0.745416,126.2202249
"1712",84429,1408255,2,140825502,92.81558941,93.09114561,1,NA,1.40826e+12,1,1.40826e+14,14082550201,NA,NA,1,2,2,1,1,42,1,42101,"101_103",4210160000,42101001201,27,"",1,NA,NA,NA,"0:00","","","","8:30",14,5,NA,NA,NA,NA,NA,NA,NA,NA,NA,NA,NA,NA,NA,NA,NA,NA,NA,NA,NA,NA,NA,NA,NA,NA,NA,NA,NA,NA,NA,NA,2,1,42,1,42101,"101_103",4210160000,42101000500,71,1.15,20,18.185262,1.635973,107.0548174
"1713",84431,1408255,2,140825502,92.81558941,93.09114561,1,NA,1.40826e+12,3,1.40826e+14,14082550203,NA,NA,1,NA,NA,4,1,42,1,42101,"101_103",4210160000,42101000500,90,"17:45",8,NA,NA,NA,"0:00","","","","18:15",14,5,NA,NA,NA,NA,NA,NA,NA,NA,NA,NA,NA,NA,NA,NA,NA,NA,NA,NA,NA,NA,NA,NA,NA,NA,NA,NA,NA,NA,NA,NA,1,1,42,1,42101,"101_103",4210160000,42101001201,27,1.15,25,21.551501,1.676795,107.0548174
"1714",84498,1410923,2,141092302,345.2750144,279.7677559,1,NA,1.41092e+12,1,1.41092e+14,14109230201,NA,NA,2,2,2,1,1,42,1,42101,"101_103",4210160000,42101013401,139,"",1,NA,NA,NA,"0:00","","","","12:30",14,5,NA,NA,NA,NA,NA,NA,NA,NA,NA,NA,NA,NA,NA,NA,NA,NA,NA,NA,NA,NA,NA,NA,NA,NA,NA,NA,NA,NA,NA,NA,4,1,42,1,42101,"101_103",4210160000,42101000402,96,1.17,25,13.509443,0.850205,327.3282744
"1715",84500,1410923,2,141092302,345.2750144,279.7677559,1,NA,1.41092e+12,3,1.41092e+14,14109230203,NA,NA,2,NA,NA,4,1,42,1,42101,"101_103",4210160000,42101000402,100,"14:35",96,NA,NA,NA,"0:00","","","","14:41",14,5,NA,NA,NA,NA,NA,NA,NA,NA,NA,NA,NA,NA,NA,NA,NA,NA,NA,NA,NA,NA,NA,NA,NA,NA,NA,NA,NA,NA,NA,NA,1,1,42,1,42101,"101_103",4210160000,42101013401,139,1.17,24,11.163505,1.011231,327.3282744
"1716",84658,1419738,1,141973801,188.4517911,87.02345235,1,NA,1.41974e+12,1,1.41974e+14,14197380101,NA,NA,2,2,2,1,1,42,1,42101,"101_113",4210160000,42101035500,3404,"",1,NA,NA,NA,"5:50","","","","8:50",14,5,NA,NA,NA,NA,NA,NA,NA,NA,NA,NA,NA,NA,NA,NA,NA,NA,NA,NA,NA,NA,NA,NA,NA,NA,NA,NA,NA,NA,NA,NA,4,1,42,1,42091,"091_412",4209100156,42091201501,12207,1.17,45,40.217627,6.009946,101.8174393
"1717",84659,1419738,1,141973801,188.4517911,87.02345235,1,NA,1.41974e+12,2,1.41974e+14,14197380102,NA,NA,2,NA,NA,4,1,42,1,42091,"091_412",4209100156,42091201501,12207,"9:35",16,NA,NA,NA,"1:00","","","","10:35",14,5,NA,NA,NA,NA,NA,NA,NA,NA,NA,NA,NA,NA,NA,NA,NA,NA,NA,NA,NA,NA,NA,NA,NA,NA,NA,NA,NA,NA,NA,NA,4,1,42,1,42101,"101_118",4210160000,42101034200,2825,1.17,55,42.283728,5.195649,101.8174393
"1718",84660,1419738,1,141973801,188.4517911,87.02345235,1,NA,1.41974e+12,3,1.41974e+14,14197380103,NA,NA,2,NA,NA,4,1,42,1,42101,"101_118",4210160000,42101034200,2825,"11:30",96,NA,NA,NA,"0:20","","","","11:50",14,5,NA,NA,NA,NA,NA,NA,NA,NA,NA,NA,NA,NA,NA,NA,NA,NA,NA,NA,NA,NA,NA,NA,NA,NA,NA,NA,NA,NA,NA,NA,1,1,42,1,42101,"101_113",4210160000,42101035500,3404,1.17,40,29.306402,4.531383,101.8174393
"1719",84727,1423189,1,142318901,569.1068035,100.9101639,1,NA,1.42319e+12,2,1.42319e+14,14231890102,NA,NA,2,NA,NA,4,1,42,1,42101,"101_103",4210160000,42101000402,100,"10:17",96,NA,NA,NA,"0:00","","","","10:29",14,5,NA,NA,NA,NA,NA,NA,NA,NA,NA,NA,NA,NA,NA,NA,NA,NA,NA,NA,NA,NA,NA,NA,NA,NA,NA,NA,NA,NA,NA,NA,4,1,42,1,42101,"101_103",4210160000,42101000803,47,1.17,6,6.218606,0.555532,118.0648918
"1720",84730,1423189,1,142318901,569.1068035,100.9101639,1,NA,1.42319e+12,5,1.42319e+14,14231890105,NA,NA,2,NA,NA,4,1,42,1,42101,"101_103",4210160000,42101001201,26,"9998",8,NA,NA,NA,"0:00","","","","9998",14,5,NA,NA,NA,NA,NA,NA,NA,NA,NA,NA,NA,NA,NA,NA,NA,NA,NA,NA,NA,NA,NA,NA,NA,NA,NA,NA,NA,NA,NA,NA,1,1,42,1,42101,"101_103",4210160000,42101000402,101,1.17,NA,NA,NA,118.0648918
"1721",84791,1425924,3,142592403,426.6568741,2570.11318,1,NA,1.42592e+12,1,1.42592e+14,14259240301,NA,NA,1,3,2,1,1,42,1,42101,"101_118",4210160000,42101033702,2820,"",1,NA,NA,NA,"0:00","","","","6:50",14,5,NA,NA,NA,NA,NA,NA,NA,NA,NA,NA,NA,NA,NA,NA,NA,NA,NA,NA,NA,NA,NA,NA,NA,NA,NA,NA,NA,NA,NA,NA,2,1,42,1,42101,"101_103",4210160000,42101036600,32,1.12,70,51.862759,10.654608,2878.526762
"1722",84793,1425924,3,142592403,426.6568741,2570.11318,1,NA,1.42592e+12,3,1.42592e+14,14259240303,NA,NA,1,NA,NA,4,1,42,1,42101,"101_103",4210160000,42101000500,88,"17:10",96,NA,NA,NA,"0:00","","","","17:45",14,5,NA,NA,NA,NA,NA,NA,NA,NA,NA,NA,NA,NA,NA,NA,NA,NA,NA,NA,NA,NA,NA,NA,NA,NA,NA,NA,NA,NA,NA,NA,4,1,42,1,42101,"101_114",4210160000,42101030200,1610,1.12,0,30.675424,7.367546,2878.526762
"1723",84827,1429222,1,142922201,100.8277921,95.51720453,1,NA,1.42922e+12,1,1.42922e+14,14292220101,NA,NA,3,1,2,4,1,42,1,42101,"101_110",4210160000,42101006900,1001,"",14,96,NA,NA,"0:30","0:15","","","9999",14,5,NA,NA,NA,NA,NA,NA,NA,NA,NA,NA,NA,NA,NA,NA,NA,NA,NA,NA,NA,NA,NA,NA,NA,NA,NA,NA,NA,NA,NA,NA,4,1,42,1,42101,"101_107",4210160000,42101016702,430,1.15,NA,NA,NA,109.8447852
"1724",84828,1429222,1,142922201,100.8277921,95.51720453,1,NA,1.42922e+12,2,1.42922e+14,14292220102,NA,NA,3,NA,NA,4,1,42,1,42101,"101_107",4210160000,42101016702,430,"13:00",16,NA,NA,NA,"2:00","","","","15:00",14,5,NA,NA,NA,NA,NA,NA,NA,NA,NA,NA,NA,NA,NA,NA,NA,NA,NA,NA,NA,NA,NA,NA,NA,NA,NA,NA,NA,NA,NA,NA,1,1,42,1,42101,"101_101",4210160000,42101020101,1418,1.15,60,13.206704,1.170083,109.8447852
"1725",84830,1429222,2,142922202,100.8277921,103.3330215,1,NA,1.42922e+12,1,1.42922e+14,14292220201,NA,NA,3,1,2,4,1,42,1,42101,"101_110",4210160000,42101006900,1001,"",14,96,NA,NA,"0:30","0:15","","","9999",14,5,NA,NA,NA,NA,NA,NA,NA,NA,NA,NA,NA,NA,NA,NA,NA,NA,NA,NA,NA,NA,NA,NA,NA,NA,NA,NA,NA,NA,NA,NA,4,1,42,1,42101,"101_107",4210160000,42101016702,430,1.15,NA,NA,NA,118.8329747
"1726",84831,1429222,2,142922202,100.8277921,103.3330215,1,NA,1.42922e+12,2,1.42922e+14,14292220202,NA,NA,3,NA,NA,4,1,42,1,42101,"101_107",4210160000,42101016702,430,"13:00",16,NA,NA,NA,"2:00","","","","15:00",14,5,NA,NA,NA,NA,NA,NA,NA,NA,NA,NA,NA,NA,NA,NA,NA,NA,NA,NA,NA,NA,NA,NA,NA,NA,NA,NA,NA,NA,NA,NA,1,1,42,1,42101,"101_101",4210160000,42101020101,1418,1.15,60,13.206704,1.170083,118.8329747
"1727",84992,1436460,1,143646001,1016.037514,3407.043646,1,NA,1.43646e+12,1,1.43646e+14,14364600101,NA,NA,2,1,2,1,1,42,1,42017,"017_509",4201705616,42017100104,15611,"",1,NA,NA,NA,"9:43","","","","12:43",14,5,NA,NA,NA,NA,NA,NA,NA,NA,NA,NA,NA,NA,NA,NA,NA,NA,NA,NA,NA,NA,NA,NA,NA,NA,NA,NA,NA,NA,NA,NA,4,1,42,1,42101,"101_117",4210160000,42101023700,2424,1.17,17,101.66781,19.370268,3986.241065
"1728",84993,1436460,1,143646001,1016.037514,3407.043646,1,NA,1.43646e+12,2,1.43646e+14,14364600102,NA,NA,2,NA,NA,4,1,42,1,42101,"101_117",4210160000,42101023700,2424,"13:00",11,12,NA,NA,"0:30","3:15","","","17:45",14,5,NA,NA,NA,NA,NA,NA,NA,NA,NA,NA,NA,NA,NA,NA,NA,NA,NA,NA,NA,NA,NA,NA,NA,NA,NA,NA,NA,NA,NA,NA,1,1,42,1,42017,"017_509",4201705616,42017100104,15611,1.17,150,97.659188,19.870666,3986.241065
"1729",84995,1436460,2,143646002,1016.037514,3407.043646,1,NA,1.43646e+12,1,1.43646e+14,14364600201,NA,NA,2,2,2,1,1,42,1,42017,"017_509",4201705616,42017100104,15611,"",14,NA,NA,NA,"2:45","","","","17:35",14,5,NA,NA,NA,NA,NA,NA,NA,NA,NA,NA,NA,NA,NA,NA,NA,NA,NA,NA,NA,NA,NA,NA,NA,NA,NA,NA,NA,NA,NA,NA,4,1,42,1,42101,"101_117",4210160000,42101023700,2424,1.17,NA,102.901637,20.76524,3986.241065
"1730",85076,1440998,1,144099801,435.6621296,214.4456235,3,NA,1.441e+12,7,1.441e+14,14409980107,NA,NA,2,NA,NA,4,1,42,1,42101,"101_103",4210160000,42101000600,57,"16:24",9,NA,NA,NA,"0:10","","","","16:36",14,5,NA,NA,NA,NA,NA,NA,NA,NA,NA,NA,NA,NA,NA,NA,NA,NA,NA,NA,NA,NA,NA,NA,NA,NA,NA,NA,NA,NA,NA,NA,1,1,42,1,42101,"101_103",4210160000,42101001102,15,1.12,11,11.982005,0.766148,240.1790984
"1731",85081,1440998,2,144099802,435.6621296,198.8174775,1,NA,1.441e+12,2,1.441e+14,14409980202,NA,NA,1,NA,NA,4,1,42,1,42101,"101_103",4210160000,42101000500,69,"8:40",19,NA,NA,NA,"0:02","","","","8:42",21,5,NA,NA,NA,NA,NA,NA,NA,NA,NA,NA,NA,NA,NA,NA,NA,NA,NA,NA,NA,NA,NA,NA,NA,NA,NA,NA,NA,NA,NA,NA,4,1,42,1,42101,"101_110",4210160000,42101009000,1036,1.12,3,12.45248,2.24135,222.6755748
"1732",85084,1440998,2,144099802,435.6621296,198.8174775,1,NA,1.441e+12,5,1.441e+14,14409980205,NA,NA,1,NA,NA,2,1,42,1,42101,"101_110",4210160000,42101036900,1030,"15:48",19,NA,NA,NA,"0:01","","","","15:50",21,5,NA,NA,NA,NA,NA,NA,NA,NA,NA,NA,NA,NA,NA,NA,NA,NA,NA,NA,NA,NA,NA,NA,NA,NA,NA,NA,NA,NA,NA,NA,2,1,42,1,42101,"101_110",4210160000,42101036900,1030,1.12,5,5.618508,0.14654,222.6755748
"1733",85179,1446825,3,144682503,220.0535195,108.021773,1,NA,1.44683e+12,2,1.44683e+14,14468250302,NA,NA,2,NA,NA,4,1,42,1,42091,"091_408",4209167528,42091207400,11421,"14:55",12,NA,NA,NA,"0:00","","","","15:00",14,5,NA,NA,NA,NA,NA,NA,NA,NA,NA,NA,NA,NA,NA,NA,NA,NA,NA,NA,NA,NA,NA,NA,NA,NA,NA,NA,NA,NA,NA,NA,4,1,42,1,42091,"091_408",4209179280,42091207500,11428,1.15,15,NA,NA,124.225039
"1734",85251,1451547,1,145154701,700.4111331,244.6349438,1,NA,1.45155e+12,1,1.45155e+14,14515470101,NA,NA,2,3,2,1,1,42,1,42101,"101_117",4210160000,42101023600,2414,"",1,NA,NA,NA,"5:30","","","","12:30",14,5,NA,NA,NA,NA,NA,NA,NA,NA,NA,NA,NA,NA,NA,NA,NA,NA,NA,NA,NA,NA,NA,NA,NA,NA,NA,NA,NA,NA,NA,NA,4,1,42,1,42101,"101_117",4210160000,42101025600,2435,1.17,15,29.216457,3.816368,286.2228842
"1735",85252,1451547,1,145154701,700.4111331,244.6349438,1,NA,1.45155e+12,2,1.45155e+14,14515470102,NA,NA,2,NA,NA,4,1,42,1,42101,"101_117",4210160000,42101025600,2435,"12:45",16,NA,NA,NA,"1:30","","","","14:15",14,5,NA,NA,NA,NA,NA,NA,NA,NA,NA,NA,NA,NA,NA,NA,NA,NA,NA,NA,NA,NA,NA,NA,NA,NA,NA,NA,NA,NA,NA,NA,4,1,42,1,42101,"101_103",4210160000,42101000100,67,1.17,50,46.160672,10.273373,286.2228842
"1736",85254,1451547,1,145154701,700.4111331,244.6349438,1,NA,1.45155e+12,4,1.45155e+14,14515470104,NA,NA,2,NA,NA,4,1,42,1,42101,"101_103",4210160000,42101001002,51,"15:25",15,NA,NA,NA,"2:20","","","","17:45",21,5,NA,NA,NA,NA,NA,NA,NA,NA,NA,NA,NA,NA,NA,NA,NA,NA,NA,NA,NA,NA,NA,NA,NA,NA,NA,NA,NA,NA,NA,NA,1,1,42,1,42101,"101_117",4210160000,42101023600,2414,1.17,80,42.423977,9.028415,286.2228842
"1737",85344,1456195,2,145619502,450.1825766,77.31250438,1,NA,1.4562e+12,2,1.4562e+14,14561950202,NA,NA,1,NA,NA,4,1,42,1,42045,"045_206",4204563264,42045409601,5044,"8:40",19,NA,NA,NA,"0:00","","","","8:47",23,5,NA,NA,NA,NA,NA,NA,NA,NA,NA,NA,NA,NA,NA,NA,NA,NA,NA,NA,NA,NA,NA,NA,NA,NA,NA,NA,NA,NA,NA,NA,4,1,42,1,42045,"045_203",4204579000,42045400500,4459,1.12,15,44.090391,7.079778,86.59000491
"1738",85345,1456195,2,145619502,450.1825766,77.31250438,1,NA,1.4562e+12,3,1.4562e+14,14561950203,NA,NA,1,NA,NA,4,1,42,1,42045,"045_203",4204579000,42045400500,4459,"9:02",19,NA,NA,NA,"0:00","","","","9:06",21,5,NA,NA,NA,NA,NA,NA,NA,NA,NA,NA,NA,NA,NA,NA,NA,NA,NA,NA,NA,NA,NA,NA,NA,NA,NA,NA,NA,NA,NA,NA,4,1,42,1,42101,"101_103",4210160000,42101000500,71,1.12,31,25.304342,5.786163,86.59000491
"1739",85454,1460155,1,146015501,579.4423229,162.7642425,1,NA,1.46016e+12,1,1.46016e+14,14601550101,NA,NA,2,1,2,1,1,42,1,42101,"101_114",4210160000,42101030000,1605,"",1,NA,NA,NA,"0:00","","","","9999",21,5,NA,NA,NA,NA,NA,NA,NA,NA,NA,NA,NA,NA,NA,NA,NA,NA,NA,NA,NA,NA,NA,NA,NA,NA,NA,NA,NA,NA,NA,NA,4,1,42,1,42101,"101_103",4210160000,42101000500,88,1.17,NA,NA,NA,190.4341637
"1740",85455,1460155,1,146015501,579.4423229,162.7642425,1,NA,1.46016e+12,2,1.46016e+14,14601550102,NA,NA,2,NA,NA,4,1,42,1,42101,"101_103",4210160000,42101000500,88,"9999",6,NA,NA,NA,"0:00","","","","9999",21,5,NA,NA,NA,NA,NA,NA,NA,NA,NA,NA,NA,NA,NA,NA,NA,NA,NA,NA,NA,NA,NA,NA,NA,NA,NA,NA,NA,NA,NA,NA,1,1,42,1,42101,"101_114",4210160000,42101030000,1605,1.17,NA,NA,NA,190.4341637
"1741",85602,1464490,1,146449001,165.7308117,105.9960991,2,NA,1.46449e+12,3,1.46449e+14,14644900103,NA,NA,1,1,NA,1,1,42,1,42101,"101_103",4210160000,42101001700,3,"8:15",1,NA,NA,NA,"0:00","","","","8:30",14,5,NA,NA,NA,NA,NA,NA,NA,NA,NA,NA,NA,NA,NA,NA,NA,NA,NA,NA,NA,NA,NA,NA,NA,NA,NA,NA,NA,NA,NA,NA,2,1,42,1,42101,"101_103",4210160000,42101000402,98,1.12,25,21.901761,2.198404,118.715631
"1742",85603,1464490,1,146449001,165.7308117,105.9960991,2,NA,1.46449e+12,4,1.46449e+14,14644900104,NA,NA,1,NA,NA,2,1,42,1,42101,"101_103",4210160000,42101000402,98,"8:55",5,6,NA,NA,"8:10","0:30","","","17:40",14,5,NA,NA,NA,NA,NA,NA,NA,NA,NA,NA,NA,NA,NA,NA,NA,NA,NA,NA,NA,NA,NA,NA,NA,NA,NA,NA,NA,NA,NA,NA,1,1,42,1,42101,"101_103",4210160000,42101001700,3,1.12,35,23.458897,1.98604,118.715631
"1743",85653,1468822,1,146882201,720.1544026,800.0992309,1,NA,1.46882e+12,1,1.46882e+14,14688220101,NA,NA,2,1,2,1,1,42,1,42101,"101_114",4210160000,42101029800,1604,"",1,NA,NA,NA,"5:10","","","","8:10",14,5,NA,NA,NA,NA,NA,NA,NA,NA,NA,NA,NA,NA,NA,NA,NA,NA,NA,NA,NA,NA,NA,NA,NA,NA,NA,NA,NA,NA,NA,NA,4,1,42,1,42101,"101_115",4210160000,42101027902,2617,1.17,55,49.084272,7.320885,936.1161001
"1744",85654,1468822,1,146882201,720.1544026,800.0992309,1,NA,1.46882e+12,2,1.46882e+14,14688220102,NA,NA,2,NA,NA,4,1,42,1,42101,"101_115",4210160000,42101027902,2617,"9:05",2,3,NA,NA,"0:00","1:25","","","13:30",14,5,NA,NA,NA,NA,NA,NA,NA,NA,NA,NA,NA,NA,NA,NA,NA,NA,NA,NA,NA,NA,NA,NA,NA,NA,NA,NA,NA,NA,NA,NA,1,1,42,1,42101,"101_114",4210160000,42101029800,1604,1.17,630,46.848412,7.138291,936.1161001
"1745",85656,1468822,2,146882202,720.1544026,790.0914199,1,NA,1.46882e+12,1,1.46882e+14,14688220201,NA,NA,1,1,2,1,1,42,1,42101,"101_114",4210160000,42101029800,1604,"",1,NA,NA,NA,"5:10","","","","8:10",14,5,NA,NA,NA,NA,NA,NA,NA,NA,NA,NA,NA,NA,NA,NA,NA,NA,NA,NA,NA,NA,NA,NA,NA,NA,NA,NA,NA,NA,NA,NA,4,1,42,1,42101,"101_101",4210160000,42101017601,1402,1.17,50,37.329377,4.943967,924.4069613
"1746",85657,1468822,2,146882202,720.1544026,790.0914199,1,NA,1.46882e+12,2,1.46882e+14,14688220202,NA,NA,1,NA,NA,4,1,42,1,42101,"101_101",4210160000,42101017601,1402,"9:00",5,NA,NA,NA,"8:10","","","","18:05",14,5,NA,NA,NA,NA,NA,NA,NA,NA,NA,NA,NA,NA,NA,NA,NA,NA,NA,NA,NA,NA,NA,NA,NA,NA,NA,NA,NA,NA,NA,NA,1,1,42,1,42101,"101_114",4210160000,42101029800,1604,1.17,50,36.989671,5.308879,924.4069613
"1747",85659,1468822,3,146882203,720.1544026,645.7290726,1,NA,1.46882e+12,1,1.46882e+14,14688220301,NA,NA,3,1,2,1,1,42,1,42101,"101_114",4210160000,42101029800,1604,"",1,NA,NA,NA,"8:10","","","","17:10",14,5,NA,NA,NA,NA,NA,NA,NA,NA,NA,NA,NA,NA,NA,NA,NA,NA,NA,NA,NA,NA,NA,NA,NA,NA,NA,NA,NA,NA,NA,NA,3,1,42,1,42101,"101_115",4210160000,42101027902,2617,1.17,50,46.705616,7.478418,755.5030149
"1748",85660,1468822,3,146882203,720.1544026,645.7290726,1,NA,1.46882e+12,2,1.46882e+14,14688220302,NA,NA,3,NA,NA,3,1,42,1,42101,"101_115",4210160000,42101027902,2617,"18:00",2,3,NA,NA,"3:00","0:20","","","21:20",14,5,NA,NA,NA,NA,NA,NA,NA,NA,NA,NA,NA,NA,NA,NA,NA,NA,NA,NA,NA,NA,NA,NA,NA,NA,NA,NA,NA,NA,NA,NA,3,1,42,1,42101,"101_114",4210160000,42101029800,1604,1.17,40,47.087479,7.924865,755.5030149
"1749",85712,1471727,1,147172701,793.7317392,183.3104263,1,NA,1.47173e+12,1,1.47173e+14,14717270101,NA,NA,2,1,2,1,1,42,1,42101,"101_111",4210160000,42101011200,1228,"",1,NA,NA,NA,"6:00","","","","12:40",14,5,NA,NA,NA,NA,NA,NA,NA,NA,NA,NA,NA,NA,NA,NA,NA,NA,NA,NA,NA,NA,NA,NA,NA,NA,NA,NA,NA,NA,NA,NA,4,1,42,1,42101,"101_111",4210160000,42101010700,1225,1.17,53,19.659066,1.916029,214.4731988
"1750",85713,1471727,1,147172701,793.7317392,183.3104263,1,NA,1.47173e+12,2,1.47173e+14,14717270102,NA,NA,2,NA,NA,4,1,42,1,42101,"101_111",4210160000,42101010700,1225,"13:33",12,8,NA,NA,"0:11","2:00","","","15:45",14,5,NA,NA,NA,NA,NA,NA,NA,NA,NA,NA,NA,NA,NA,NA,NA,NA,NA,NA,NA,NA,NA,NA,NA,NA,NA,NA,NA,NA,NA,NA,1,1,42,1,42101,"101_111",4210160000,42101011200,1228,1.17,50,19.942563,1.862134,214.4731988
"1751",85773,1472944,3,147294403,284.507854,125.9211993,1,NA,1.47294e+12,2,1.47294e+14,14729440302,NA,NA,1,NA,NA,2,1,42,1,42045,"045_206",4204547616,42045408002,5023,"8:54",5,NA,NA,NA,"9:00","","","","18:04",14,5,NA,NA,NA,NA,NA,NA,NA,NA,NA,NA,NA,NA,NA,NA,NA,NA,NA,NA,NA,NA,NA,NA,NA,NA,NA,NA,NA,NA,NA,NA,4,1,42,1,42045,"045_203",4204579000,42045400500,4461,1.12,36,42.495142,6.754926,141.0317433
"1752",85783,1472944,5,147294405,284.507854,241.887594,1,NA,1.47294e+12,1,1.47294e+14,14729440501,NA,NA,1,2,2,1,1,42,1,42045,"045_203",4204541440,42045401900,4421,"",1,NA,NA,NA,"14:40","","","","17:40",14,5,NA,NA,NA,NA,NA,NA,NA,NA,NA,NA,NA,NA,NA,NA,NA,NA,NA,NA,NA,NA,NA,NA,NA,NA,NA,NA,NA,NA,NA,NA,2,1,42,1,42045,"045_206",4204547616,42045408002,5023,1.12,40,55.081312,8.41516,270.9141052
"1753",85784,1472944,5,147294405,284.507854,241.887594,1,NA,1.47294e+12,2,1.47294e+14,14729440502,NA,NA,1,NA,NA,2,1,42,1,42045,"045_206",4204547616,42045408002,5023,"18:20",5,NA,NA,NA,"4:30","","","","23:00",14,5,NA,NA,NA,NA,NA,NA,NA,NA,NA,NA,NA,NA,NA,NA,NA,NA,NA,NA,NA,NA,NA,NA,NA,NA,NA,NA,NA,NA,NA,NA,4,1,42,1,42045,"045_203",4204579000,42045400500,4461,1.12,19,41.603871,6.754926,270.9141052
"1754",86012,1479540,1,147954001,243.4083127,89.45801301,1,NA,1.47954e+12,1,1.47954e+14,14795400101,NA,NA,3,1,2,2,1,42,1,42101,"101_112",4210160000,42101002400,846,"",1,12,8,NA,"2:30","","","","7:09",14,5,NA,NA,NA,NA,NA,NA,NA,NA,NA,NA,NA,NA,NA,NA,NA,NA,NA,NA,NA,NA,NA,NA,NA,NA,NA,NA,NA,NA,NA,NA,2,1,42,1,42101,"101_103",4210160000,42101000100,66,1.12,7,18.833743,1.666118,100.1929746
"1755",86013,1479540,1,147954001,243.4083127,89.45801301,1,NA,1.47954e+12,2,1.47954e+14,14795400102,NA,NA,3,NA,NA,2,1,42,1,42101,"101_103",4210160000,42101000100,66,"7:16",5,6,NA,NA,"4:00","","","","11:26",14,5,NA,NA,NA,NA,NA,NA,NA,NA,NA,NA,NA,NA,NA,NA,NA,NA,NA,NA,NA,NA,NA,NA,NA,NA,NA,NA,NA,NA,NA,NA,1,1,42,1,42101,"101_112",4210160000,42101002400,846,1.12,19,19.382696,1.663217,100.1929746
"1756",86218,1488723,1,148872301,208.3021333,145.6089898,1,NA,1.48872e+12,2,1.48872e+14,14887230102,NA,NA,1,NA,NA,2,1,42,1,42101,"101_103",4210160000,42101000402,80,"7:50",5,6,NA,NA,"7:30","1:00","","","16:30",14,5,NA,NA,NA,NA,NA,NA,NA,NA,NA,NA,NA,NA,NA,NA,NA,NA,NA,NA,NA,NA,NA,NA,NA,NA,NA,NA,NA,NA,NA,NA,4,1,42,1,42101,"101_104",4210160000,42101032900,3027,1.17,38,46.056004,12.728169,170.3625181
"1757",86220,1488723,1,148872301,208.3021333,145.6089898,1,NA,1.48872e+12,4,1.48872e+14,14887230104,NA,NA,1,NA,NA,4,1,42,1,42101,"101_112",4210160000,42101003800,814,"17:30",12,18,NA,NA,"1:00","","","","18:30",14,5,NA,NA,NA,NA,NA,NA,NA,NA,NA,NA,NA,NA,NA,NA,NA,NA,NA,NA,NA,NA,NA,NA,NA,NA,NA,NA,NA,NA,NA,NA,4,1,42,1,42101,"101_103",4210160000,42101000402,92,1.17,30,22.572731,3.104698,170.3625181
"1758",86250,1490210,1,149021001,68.22156101,107.3515398,1,NA,1.49021e+12,2,1.49021e+14,14902100102,NA,NA,1,NA,NA,4,3,42,1,42101,"101_107",4210160000,42101014600,408,"9:25",96,NA,NA,NA,"0:10","","","","9:35",21,5,NA,NA,NA,NA,NA,NA,NA,NA,NA,NA,NA,NA,NA,NA,NA,NA,NA,NA,NA,NA,NA,NA,NA,NA,NA,NA,NA,NA,NA,NA,2,1,42,1,42101,"101_110",4210160000,42101036900,1030,1.15,30,31.424232,4.129576,123.4542708
"1759",86345,1492230,1,149223001,125.0442353,79.81097931,1,NA,1.49223e+12,2,1.49223e+14,14922300102,NA,NA,1,NA,NA,4,1,42,1,42045,"045_206",4204533144,42045409400,5004,"8:22",96,NA,NA,NA,"0:00","","","","8:29",14,5,NA,NA,NA,NA,NA,NA,NA,NA,NA,NA,NA,NA,NA,NA,NA,NA,NA,NA,NA,NA,NA,NA,NA,NA,NA,NA,NA,NA,NA,NA,4,1,42,1,42045,"045_203",4204579000,42045400500,4459,1.15,16,23.129528,3.849721,91.78262621
"1760",86346,1492230,1,149223001,125.0442353,79.81097931,1,NA,1.49223e+12,3,1.49223e+14,14922300103,NA,NA,1,NA,NA,4,1,42,1,42045,"045_203",4204579000,42045400500,4459,"8:45",19,NA,NA,NA,"0:00","","","","8:48",21,5,NA,NA,NA,NA,NA,NA,NA,NA,NA,NA,NA,NA,NA,NA,NA,NA,NA,NA,NA,NA,NA,NA,NA,NA,NA,NA,NA,NA,NA,NA,4,1,42,1,42101,"101_110",4210160000,42101009000,1036,1.15,11,22.920065,4.107873,91.78262621
"1761",86351,1492230,1,149223001,125.0442353,79.81097931,1,NA,1.49223e+12,8,1.49223e+14,14922300108,NA,NA,1,NA,NA,4,1,42,1,42101,"101_110",4210160000,42101009000,1036,"17:25",19,NA,NA,NA,"0:01","","","","17:26",21,5,NA,NA,NA,NA,NA,NA,NA,NA,NA,NA,NA,NA,NA,NA,NA,NA,NA,NA,NA,NA,NA,NA,NA,NA,NA,NA,NA,NA,NA,NA,4,1,42,1,42045,"045_203",4204579000,42045400500,4459,1.15,11,22.836948,4.122064,91.78262621
"1762",86352,1492230,1,149223001,125.0442353,79.81097931,1,NA,1.49223e+12,9,1.49223e+14,14922300109,NA,NA,1,NA,NA,4,1,42,1,42045,"045_203",4204579000,42045400500,4459,"17:37",19,NA,NA,NA,"0:09","","","","17:46",14,5,NA,NA,NA,NA,NA,NA,NA,NA,NA,NA,NA,NA,NA,NA,NA,NA,NA,NA,NA,NA,NA,NA,NA,NA,NA,NA,NA,NA,NA,NA,4,1,42,1,42045,"045_206",4204533144,42045408500,5010,1.15,19,21.604407,4.135288,91.78262621
"1763",86402,1662674,1,166267401,483.017925,160.8321998,1,NA,1.66267e+12,2,1.66267e+14,16626740102,NA,NA,1,NA,NA,4,1,42,1,42101,"101_112",4210160000,42101002802,829,"9:13",96,NA,NA,NA,"0:13","","","","9:26",14,5,NA,NA,NA,NA,NA,NA,NA,NA,NA,NA,NA,NA,NA,NA,NA,NA,NA,NA,NA,NA,NA,NA,NA,NA,NA,NA,NA,NA,NA,NA,4,4,42,1,42101,"101_112",4210160000,42101004202,808,1.17,23,18.655667,1.67488,188.1736738
"1764",86403,1662674,1,166267401,483.017925,160.8321998,1,NA,1.66267e+12,3,1.66267e+14,16626740103,NA,NA,1,NA,NA,4,4,42,1,42101,"101_112",4210160000,42101004202,808,"9:49",96,NA,NA,NA,"0:16","","","","10:05",14,5,NA,NA,NA,NA,NA,NA,NA,NA,NA,NA,NA,NA,NA,NA,NA,NA,NA,NA,NA,NA,NA,NA,NA,NA,NA,NA,NA,NA,NA,NA,2,1,42,1,42091,"091_402",4209179136,42091205801,10214,1.17,62,85.011459,24.512636,188.1736738
"1765",86404,1662674,1,166267401,483.017925,160.8321998,1,NA,1.66267e+12,4,1.66267e+14,16626740104,NA,NA,1,NA,NA,2,1,42,1,42091,"091_402",4209179136,42091205801,10214,"11:07",6,96,NA,NA,"7:30","0:22","","","19:22",14,5,NA,NA,NA,NA,NA,NA,NA,NA,NA,NA,NA,NA,NA,NA,NA,NA,NA,NA,NA,NA,NA,NA,NA,NA,NA,NA,NA,NA,NA,NA,4,1,42,1,42101,"101_103",4210160000,42101000500,91,1.17,53,56.071776,21.469542,188.1736738
"1766",86406,1662674,1,166267401,483.017925,160.8321998,1,NA,1.66267e+12,6,1.66267e+14,16626740106,NA,NA,1,NA,NA,4,3,42,1,42101,"101_103",4210160000,42101000500,74,"20:27",96,NA,NA,NA,"0:17","","","","20:44",21,5,NA,NA,NA,NA,NA,NA,NA,NA,NA,NA,NA,NA,NA,NA,NA,NA,NA,NA,NA,NA,NA,NA,NA,NA,NA,NA,NA,NA,NA,NA,4,1,42,1,42101,"101_112",4210160000,42101002900,834,1.17,13,12.638667,1.796862,188.1736738
"1767",86412,1662674,2,166267402,483.017925,144.3277462,1,NA,1.66267e+12,2,1.66267e+14,16626740202,NA,NA,1,NA,NA,4,1,42,1,42101,"101_112",4210160000,42101002900,834,"11:15",19,NA,NA,NA,"0:20","","","","11:35",21,5,NA,NA,NA,NA,NA,NA,NA,NA,NA,NA,NA,NA,NA,NA,NA,NA,NA,NA,NA,NA,NA,NA,NA,NA,NA,NA,NA,NA,NA,NA,4,1,42,1,42101,"101_103",4210160000,42101000500,90,1.17,20,18.778463,2.016924,168.8634631
"1768",86414,1662674,2,166267402,483.017925,144.3277462,1,NA,1.66267e+12,4,1.66267e+14,16626740204,NA,NA,1,NA,NA,4,1,42,1,42101,"101_103",4210160000,42101000100,68,"12:10",19,NA,NA,NA,"0:05","","","","12:15",14,5,NA,NA,NA,NA,NA,NA,NA,NA,NA,NA,NA,NA,NA,NA,NA,NA,NA,NA,NA,NA,NA,NA,NA,NA,NA,NA,NA,NA,NA,NA,2,1,42,1,42101,"101_106",4210160000,42101980000,2210,1.17,35,37.233779,5.792682,168.8634631
"1769",86421,1664823,1,166482301,342.5850149,1495.969541,1,NA,1.66482e+12,1,1.66482e+14,16648230101,NA,NA,1,2,2,1,1,42,1,42101,"101_104",4210160000,42101033102,3031,"",1,NA,NA,NA,"2:00","","","","6:00",14,5,NA,NA,NA,NA,NA,NA,NA,NA,NA,NA,NA,NA,NA,NA,NA,NA,NA,NA,NA,NA,NA,NA,NA,NA,NA,NA,NA,NA,NA,NA,2,1,42,1,42101,"101_103",4210160000,42101000402,83,1.12,40,58.871651,11.760521,1675.485886
"1770",86427,1664967,1,166496701,64.63729006,88.02176159,1,NA,1.66497e+12,2,1.66497e+14,16649670102,NA,NA,1,NA,NA,4,1,42,1,42101,"101_114",4210160000,42101031300,1619,"4:30",96,NA,NA,NA,"0:00","","","","4:48",21,5,NA,NA,NA,NA,NA,NA,NA,NA,NA,NA,NA,NA,NA,NA,NA,NA,NA,NA,NA,NA,NA,NA,NA,NA,NA,NA,NA,NA,NA,NA,4,1,42,1,42101,"101_114",4210160000,42101030200,1610,1.15,2,13.668114,1.412133,101.2250258
"1771",86428,1664967,1,166496701,64.63729006,88.02176159,1,NA,1.66497e+12,3,1.66497e+14,16649670103,NA,NA,1,NA,NA,4,1,42,1,42101,"101_114",4210160000,42101030200,1610,"4:50",96,NA,NA,NA,"1:00","","","","5:50",14,5,NA,NA,NA,NA,NA,NA,NA,NA,NA,NA,NA,NA,NA,NA,NA,NA,NA,NA,NA,NA,NA,NA,NA,NA,NA,NA,NA,NA,NA,NA,4,1,42,1,42101,"101_103",4210160000,42101000804,44,1.15,0,38.363268,8.201735,101.2250258
"1772",86429,1664967,1,166496701,64.63729006,88.02176159,1,NA,1.66497e+12,4,1.66497e+14,16649670104,NA,NA,1,NA,NA,4,1,42,1,42101,"101_103",4210160000,42101000804,44,"5:50",96,NA,NA,NA,"0:00","","","","6:20",14,5,NA,NA,NA,NA,NA,NA,NA,NA,NA,NA,NA,NA,NA,NA,NA,NA,NA,NA,NA,NA,NA,NA,NA,NA,NA,NA,NA,NA,NA,NA,2,1,42,1,42101,"101_110",4210160000,42101036900,1018,1.15,10,18.189905,1.863811,101.2250258
"1773",86430,1664967,1,166496701,64.63729006,88.02176159,1,NA,1.66497e+12,5,1.66497e+14,16649670105,NA,NA,1,NA,NA,2,1,42,1,42101,"101_110",4210160000,42101036900,1018,"6:30",5,NA,NA,NA,"8:30","","","","17:00",14,5,NA,NA,NA,NA,NA,NA,NA,NA,NA,NA,NA,NA,NA,NA,NA,NA,NA,NA,NA,NA,NA,NA,NA,NA,NA,NA,NA,NA,NA,NA,4,1,42,1,42101,"101_110",4210160000,42101036900,1018,1.15,0,6.263009,0.127952,101.2250258
"1774",86431,1664967,1,166496701,64.63729006,88.02176159,1,NA,1.66497e+12,6,1.66497e+14,16649670106,NA,NA,1,NA,NA,4,1,42,1,42101,"101_110",4210160000,42101036900,1018,"17:00",96,NA,NA,NA,"0:00","","","","17:30",21,5,NA,NA,NA,NA,NA,NA,NA,NA,NA,NA,NA,NA,NA,NA,NA,NA,NA,NA,NA,NA,NA,NA,NA,NA,NA,NA,NA,NA,NA,NA,4,1,42,1,42101,"101_114",4210160000,42101030200,1610,1.15,40,44.559262,9.900803,101.2250258
"1775",86432,1664967,1,166496701,64.63729006,88.02176159,1,NA,1.66497e+12,7,1.66497e+14,16649670107,NA,NA,1,NA,NA,4,1,42,1,42101,"101_114",4210160000,42101030200,1610,"18:10",96,NA,NA,NA,"0:00","","","","18:30",14,5,NA,NA,NA,NA,NA,NA,NA,NA,NA,NA,NA,NA,NA,NA,NA,NA,NA,NA,NA,NA,NA,NA,NA,NA,NA,NA,NA,NA,NA,NA,1,1,42,1,42101,"101_114",4210160000,42101031300,1619,1.15,15,14.601377,1.468295,101.2250258
"1776",86434,1665214,1,166521401,317.8695646,280.9838329,1,NA,1.66521e+12,1,1.66521e+14,16652140101,NA,NA,3,0,2,4,1,42,1,42101,"101_112",4210160000,42101980700,823,"",8,NA,NA,NA,"0:00","","","","13:50",14,5,NA,NA,NA,NA,NA,NA,NA,NA,NA,NA,NA,NA,NA,NA,NA,NA,NA,NA,NA,NA,NA,NA,NA,NA,NA,NA,NA,NA,NA,NA,1,1,42,1,42101,"101_112",4210160000,42101003200,840,1.17,40,20.783989,2.408038,328.7510845
"1777",86495,1668957,1,166895701,54.94372183,97.78797719,2,NA,1.66896e+12,4,1.66896e+14,16689570104,NA,NA,2,NA,NA,4,1,42,1,42101,"101_103",4210160000,42101001201,26,"15:30",14,NA,NA,NA,"1:30","","","","17:15",14,5,NA,NA,NA,NA,NA,NA,NA,NA,NA,NA,NA,NA,NA,NA,NA,NA,NA,NA,NA,NA,NA,NA,NA,NA,NA,NA,NA,NA,NA,NA,1,1,42,1,42101,"101_112",4210160000,42101002500,842,1.15,35,21.95929,2.103256,112.4561738
"1778",86545,1670403,2,167040302,339.3151229,211.2519809,1,NA,1.6704e+12,2,1.6704e+14,16704030202,NA,NA,3,NA,NA,2,1,42,1,42101,"101_103",4210160000,42101000600,56,"6:00",11,19,5,NA,"0:00","","","","16:30",14,5,NA,NA,NA,NA,NA,NA,NA,NA,NA,NA,NA,NA,NA,NA,NA,NA,NA,NA,NA,NA,NA,NA,NA,NA,NA,NA,NA,NA,NA,NA,1,1,42,1,42101,"101_118",4210160000,42101033300,2809,1.17,60,45.626261,11.249819,247.1648177
"1779",86547,1671032,1,167103201,285.3420172,151.786933,1,NA,1.67103e+12,1,1.67103e+14,16710320101,NA,NA,3,1,2,2,1,42,1,42101,"101_112",4210160000,42101003100,838,"",1,NA,NA,NA,"3:00","","","","6:10",14,5,NA,NA,NA,NA,NA,NA,NA,NA,NA,NA,NA,NA,NA,NA,NA,NA,NA,NA,NA,NA,NA,NA,NA,NA,NA,NA,NA,NA,NA,NA,2,1,42,1,42101,"101_106",4210160000,42101012000,2212,1.17,70,40.718934,8.550879,177.5907117
"1780",86548,1671032,1,167103201,285.3420172,151.786933,1,NA,1.67103e+12,2,1.67103e+14,16710320102,NA,NA,3,NA,NA,2,1,42,1,42101,"101_106",4210160000,42101012000,2212,"7:20",5,NA,NA,NA,"8:10","","","","15:45",14,5,NA,NA,NA,NA,NA,NA,NA,NA,NA,NA,NA,NA,NA,NA,NA,NA,NA,NA,NA,NA,NA,NA,NA,NA,NA,NA,NA,NA,NA,NA,1,1,42,1,42101,"101_112",4210160000,42101003100,838,1.17,77,43.608641,8.530826,177.5907117
"1781",86588,1674151,1,167415101,228.5733628,206.5497828,1,NA,1.67415e+12,1,1.67415e+14,16741510101,NA,NA,1,1,2,1,1,42,1,42101,"101_112",4210160000,42101002702,824,"",1,NA,NA,NA,"0:00","","","","8:00",21,5,NA,NA,NA,NA,NA,NA,NA,NA,NA,NA,NA,NA,NA,NA,NA,NA,NA,NA,NA,NA,NA,NA,NA,NA,NA,NA,NA,NA,NA,NA,2,1,42,1,42101,"101_103",4210160000,42101000401,102,1.17,30,33.307496,3.719304,241.6632459
"1782",86589,1674151,1,167415101,228.5733628,206.5497828,1,NA,1.67415e+12,2,1.67415e+14,16741510102,NA,NA,1,NA,NA,2,1,42,1,42101,"101_103",4210160000,42101000401,102,"8:30",5,NA,NA,NA,"0:00","","","","17:00",21,5,NA,NA,NA,NA,NA,NA,NA,NA,NA,NA,NA,NA,NA,NA,NA,NA,NA,NA,NA,NA,NA,NA,NA,NA,NA,NA,NA,NA,NA,NA,1,1,42,1,42101,"101_112",4210160000,42101002702,824,1.17,35,32.257805,3.755454,241.6632459
"1783",86599,1675346,2,167534602,82.15060889,90.59440523,1,NA,1.67535e+12,1,1.67535e+14,16753460201,NA,NA,1,7,2,1,1,42,1,42101,"101_103",4210160000,42101000200,108,"",1,NA,NA,NA,"5:20","","","","8:20",14,5,NA,NA,NA,NA,NA,NA,NA,NA,NA,NA,NA,NA,NA,NA,NA,NA,NA,NA,NA,NA,NA,NA,NA,NA,NA,NA,NA,NA,NA,NA,4,1,42,1,42101,"101_110",4210160000,42101009100,1037,1.15,30,24.772787,2.856104,104.183566
"1784",86606,1675346,2,167534602,82.15060889,90.59440523,1,NA,1.67535e+12,8,1.67535e+14,16753460208,NA,NA,1,NA,NA,4,1,42,1,42101,"101_110",4210160000,42101008801,1028,"17:07",11,NA,NA,NA,"1:58","","","","19:05",21,5,NA,NA,NA,NA,NA,NA,NA,NA,NA,NA,NA,NA,NA,NA,NA,NA,NA,NA,NA,NA,NA,NA,NA,NA,NA,NA,NA,NA,NA,NA,1,1,42,1,42101,"101_103",4210160000,42101000200,108,1.15,30,23.606578,2.516028,104.183566
"1785",86666,1682901,2,168290102,241.0657288,81.21751476,1,NA,1.6829e+12,1,1.6829e+14,16829010201,NA,NA,1,3,2,1,1,42,1,42045,"045_203",4204579000,42045400700,4451,"",1,NA,NA,NA,"5:00","","","","8:00",21,5,NA,NA,NA,NA,NA,NA,NA,NA,NA,NA,NA,NA,NA,NA,NA,NA,NA,NA,NA,NA,NA,NA,NA,NA,NA,NA,NA,NA,NA,NA,2,1,42,1,42101,"101_110",4210160000,42101036900,1030,1.12,45,33.454409,5.125081,90.96361653
"1786",86674,1683750,1,168375001,305.7923578,119.3711412,1,NA,1.68375e+12,1,1.68375e+14,16837500101,NA,NA,2,1,2,1,1,42,1,42101,"101_101",4210160000,42101020000,1415,"",1,NA,NA,NA,"8:00","","","","11:00",14,5,NA,NA,NA,NA,NA,NA,NA,NA,NA,NA,NA,NA,NA,NA,NA,NA,NA,NA,NA,NA,NA,NA,NA,NA,NA,NA,NA,NA,NA,NA,4,3,42,1,42101,"101_118",4210160000,42101980200,2817,1.17,30,53.074882,9.469142,139.6642352
"1787",86675,1683750,1,168375001,305.7923578,119.3711412,1,NA,1.68375e+12,2,1.68375e+14,16837500102,NA,NA,2,NA,NA,4,3,42,1,42101,"101_118",4210160000,42101980200,2817,"11:30",13,NA,NA,NA,"5:30","","","","17:00",14,5,NA,NA,NA,NA,NA,NA,NA,NA,NA,NA,NA,NA,NA,NA,NA,NA,NA,NA,NA,NA,NA,NA,NA,NA,NA,NA,NA,NA,NA,NA,1,1,42,1,42101,"101_101",4210160000,42101020000,1415,1.17,60,50.271491,8.812116,139.6642352
"1788",86711,1684235,1,168423501,523.3161202,179.2111727,2,NA,1.68424e+12,3,1.68424e+14,16842350103,NA,NA,2,1,NA,1,1,42,1,42101,"101_115",4210160000,42101026400,2637,"11:27",1,NA,NA,NA,"0:13","","","","11:40",21,5,NA,NA,NA,NA,NA,NA,NA,NA,NA,NA,NA,NA,NA,NA,NA,NA,NA,NA,NA,NA,NA,NA,NA,NA,NA,NA,NA,NA,NA,NA,4,1,42,1,42101,"101_103",4210160000,42101000700,60,1.17,30,47.891438,9.276705,209.6770721
"1789",86712,1684235,1,168423501,523.3161202,179.2111727,2,NA,1.68424e+12,4,1.68424e+14,16842350104,NA,NA,2,NA,NA,4,1,42,1,42101,"101_103",4210160000,42101000700,60,"12:10",6,NA,NA,NA,"0:05","","","","12:15",21,5,NA,NA,NA,NA,NA,NA,NA,NA,NA,NA,NA,NA,NA,NA,NA,NA,NA,NA,NA,NA,NA,NA,NA,NA,NA,NA,NA,NA,NA,NA,1,1,42,1,42101,"101_115",4210160000,42101026400,2637,1.17,23,44.706533,9.24795,209.6770721
"1790",86724,1685043,3,168504303,257.9429879,227.5756927,1,NA,1.68504e+12,1,1.68504e+14,16850430301,NA,NA,1,1,2,1,1,42,1,42101,"101_102",4210160000,42101005500,2012,"",1,NA,NA,NA,"11:10","","","","14:10",14,5,NA,NA,NA,NA,NA,NA,NA,NA,NA,NA,NA,NA,NA,NA,NA,NA,NA,NA,NA,NA,NA,NA,NA,NA,NA,NA,NA,NA,NA,NA,4,1,42,1,42101,"101_110",4210160000,42101036900,1030,1.17,38,30.103433,4.583365,266.2635604
"1791",86725,1685043,3,168504303,257.9429879,227.5756927,1,NA,1.68504e+12,2,1.68504e+14,16850430302,NA,NA,1,NA,NA,4,1,42,1,42101,"101_110",4210160000,42101036900,1030,"14:48",5,NA,NA,NA,"7:30","","","","22:36",14,5,NA,NA,NA,NA,NA,NA,NA,NA,NA,NA,NA,NA,NA,NA,NA,NA,NA,NA,NA,NA,NA,NA,NA,NA,NA,NA,NA,NA,NA,NA,1,1,42,1,42101,"101_102",4210160000,42101005500,2012,1.17,54,28.351852,4.633967,266.2635604
"1792",86795,1688639,1,168863901,809.3531267,234.4819533,1,NA,1.68864e+12,1,1.68864e+14,16886390101,NA,NA,2,2,2,1,1,42,1,42101,"101_108",4210160000,42101021500,3211,"",1,12,NA,NA,"0:00","","","","10:20",14,5,NA,NA,NA,NA,NA,NA,NA,NA,NA,NA,NA,NA,NA,NA,NA,NA,NA,NA,NA,NA,NA,NA,NA,NA,NA,NA,NA,NA,NA,NA,4,1,42,1,42101,"101_108",4210160000,42101021600,3214,1.17,16,14.2,0.701528,274.3438854
"1793",86797,1688639,1,168863901,809.3531267,234.4819533,1,NA,1.68864e+12,3,1.68864e+14,16886390103,NA,NA,2,NA,NA,4,1,42,1,42101,"101_103",4210160000,42101000500,88,"12:00",8,NA,NA,NA,"0:00","","","","12:20",14,5,NA,NA,NA,NA,NA,NA,NA,NA,NA,NA,NA,NA,NA,NA,NA,NA,NA,NA,NA,NA,NA,NA,NA,NA,NA,NA,NA,NA,NA,NA,1,1,42,1,42101,"101_108",4210160000,42101021500,3211,1.17,55,31.267485,8.995762,274.3438854
"1794",86799,1688639,2,168863902,809.3531267,154.3689091,1,NA,1.68864e+12,1,1.68864e+14,16886390201,NA,NA,2,1,2,1,1,42,1,42101,"101_108",4210160000,42101021500,3211,"",1,NA,NA,NA,"0:00","","","","7:45",14,5,NA,NA,NA,NA,NA,NA,NA,NA,NA,NA,NA,NA,NA,NA,NA,NA,NA,NA,NA,NA,NA,NA,NA,NA,NA,NA,NA,NA,NA,NA,4,1,42,1,42101,"101_103",4210160000,42101000402,76,1.17,45,30.691473,8.976476,180.6116236
"1795",86800,1688639,2,168863902,809.3531267,154.3689091,1,NA,1.68864e+12,2,1.68864e+14,16886390202,NA,NA,2,NA,NA,4,1,42,1,42101,"101_103",4210160000,42101000402,76,"8:30",16,NA,NA,NA,"0:00","","","","9:15",14,5,NA,NA,NA,NA,NA,NA,NA,NA,NA,NA,NA,NA,NA,NA,NA,NA,NA,NA,NA,NA,NA,NA,NA,NA,NA,NA,NA,NA,NA,NA,1,1,42,1,42101,"101_108",4210160000,42101021500,3211,1.17,30,30.790388,9.137058,180.6116236
"1796",86810,1689910,1,168991001,425.8908646,154.2392475,1,NA,1.68991e+12,2,1.68991e+14,16899100102,NA,NA,2,NA,NA,4,1,42,1,42101,"101_103",4210160000,42101012500,133,"9999",6,NA,NA,NA,"0:00","","","","13:52",14,5,NA,NA,NA,NA,NA,NA,NA,NA,NA,NA,NA,NA,NA,NA,NA,NA,NA,NA,NA,NA,NA,NA,NA,NA,NA,NA,NA,NA,NA,NA,4,1,42,1,42101,"101_103",4210160000,42101000402,80,1.17,6,8.479594,0.521419,180.4599195
"1797",86811,1689910,1,168991001,425.8908646,154.2392475,1,NA,1.68991e+12,3,1.68991e+14,16899100103,NA,NA,2,NA,NA,4,1,42,1,42101,"101_103",4210160000,42101000402,80,"13:58",6,NA,NA,NA,"0:10","","","","14:10",14,5,NA,NA,NA,NA,NA,NA,NA,NA,NA,NA,NA,NA,NA,NA,NA,NA,NA,NA,NA,NA,NA,NA,NA,NA,NA,NA,NA,NA,NA,NA,4,1,42,1,42101,"101_103",4210160000,42101000500,90,1.17,6,9.601632,0.587552,180.4599195
"1798",86812,1689910,1,168991001,425.8908646,154.2392475,1,NA,1.68991e+12,4,1.68991e+14,16899100104,NA,NA,2,NA,NA,4,1,42,1,42101,"101_103",4210160000,42101000500,90,"14:16",11,8,NA,NA,"0:10","0:32","","","14:58",14,5,NA,NA,NA,NA,NA,NA,NA,NA,NA,NA,NA,NA,NA,NA,NA,NA,NA,NA,NA,NA,NA,NA,NA,NA,NA,NA,NA,NA,NA,NA,1,1,42,1,42101,"101_103",4210160000,42101012500,133,1.17,44,14.534995,0.831966,180.4599195
"1799",86815,1689910,2,168991002,425.8908646,234.2040372,1,NA,1.68991e+12,2,1.68991e+14,16899100202,NA,NA,2,NA,NA,4,1,42,1,42101,"101_103",4210160000,42101012500,133,"13:40",6,NA,NA,NA,"0:05","","","","13:45",14,5,NA,NA,NA,NA,NA,NA,NA,NA,NA,NA,NA,NA,NA,NA,NA,NA,NA,NA,NA,NA,NA,NA,NA,NA,NA,NA,NA,NA,NA,NA,4,1,42,1,42101,"101_112",4210160000,42101980700,823,1.17,15,38.644684,4.725052,274.0187236
"1800",86816,1689910,2,168991002,425.8908646,234.2040372,1,NA,1.68991e+12,3,1.68991e+14,16899100203,NA,NA,2,NA,NA,4,1,42,1,42101,"101_112",4210160000,42101980700,823,"14:00",6,NA,NA,NA,"0:10","","","","14:10",14,5,NA,NA,NA,NA,NA,NA,NA,NA,NA,NA,NA,NA,NA,NA,NA,NA,NA,NA,NA,NA,NA,NA,NA,NA,NA,NA,NA,NA,NA,NA,4,3,42,1,42101,"101_112",4210160000,42101980700,809,1.17,5,11.227439,0.925005,274.0187236
"1801",86817,1689910,2,168991002,425.8908646,234.2040372,1,NA,1.68991e+12,4,1.68991e+14,16899100204,NA,NA,2,NA,NA,4,3,42,1,42101,"101_112",4210160000,42101980700,809,"14:15",8,NA,NA,NA,"0:01","","","","14:16",14,5,NA,NA,NA,NA,NA,NA,NA,NA,NA,NA,NA,NA,NA,NA,NA,NA,NA,NA,NA,NA,NA,NA,NA,NA,NA,NA,NA,NA,NA,NA,1,1,42,1,42101,"101_103",4210160000,42101012500,133,1.17,8,37.955536,5.161224,274.0187236
"1802",86819,1691546,1,169154601,569.1473318,402.0774914,1,NA,1.69155e+12,1,1.69155e+14,16915460101,NA,NA,1,3,2,1,1,42,1,42101,"101_112",4210160000,42101002300,844,"",1,NA,NA,NA,"3:10","","","","8:50",14,5,NA,NA,NA,NA,NA,NA,NA,NA,NA,NA,NA,NA,NA,NA,NA,NA,NA,NA,NA,NA,NA,NA,NA,NA,NA,NA,NA,NA,NA,NA,2,1,42,1,42101,"101_103",4210160000,42101000600,54,1.17,31,18.644372,1.419581,470.430665
"1803",86821,1691546,1,169154601,569.1473318,402.0774914,1,NA,1.69155e+12,3,1.69155e+14,16915460103,NA,NA,1,NA,NA,4,1,42,1,42101,"101_103",4210160000,42101000600,54,"18:12",96,NA,NA,NA,"0:00","","","","18:22",14,5,NA,NA,NA,NA,NA,NA,NA,NA,NA,NA,NA,NA,NA,NA,NA,NA,NA,NA,NA,NA,NA,NA,NA,NA,NA,NA,NA,NA,NA,NA,4,1,42,1,42101,"101_103",4210160000,42101000600,57,1.17,2,7.050825,0.438356,470.430665
"1804",86824,1691546,2,169154602,569.1473318,264.7639273,1,NA,1.69155e+12,1,1.69155e+14,16915460201,NA,NA,2,1,2,1,1,42,1,42101,"101_112",4210160000,42101002300,844,"",1,NA,NA,NA,"10:40","","","","15:35",14,5,NA,NA,NA,NA,NA,NA,NA,NA,NA,NA,NA,NA,NA,NA,NA,NA,NA,NA,NA,NA,NA,NA,NA,NA,NA,NA,NA,NA,NA,NA,4,1,42,1,42101,"101_112",4210160000,42101003901,822,1.17,20,16.189527,1.203706,309.773795
"1805",86825,1691546,2,169154602,569.1473318,264.7639273,1,NA,1.69155e+12,2,1.69155e+14,16915460202,NA,NA,2,NA,NA,4,1,42,1,42101,"101_112",4210160000,42101003901,822,"15:55",96,NA,NA,NA,"1:20","","","","17:15",14,5,NA,NA,NA,NA,NA,NA,NA,NA,NA,NA,NA,NA,NA,NA,NA,NA,NA,NA,NA,NA,NA,NA,NA,NA,NA,NA,NA,NA,NA,NA,1,1,42,1,42101,"101_112",4210160000,42101002300,844,1.17,23,15.312098,1.293207,309.773795
"1806",86827,1691546,3,169154603,569.1473318,343.6519031,1,NA,1.69155e+12,1,1.69155e+14,16915460301,NA,NA,2,1,2,1,1,42,1,42101,"101_112",4210160000,42101002300,844,"",1,NA,NA,NA,"5:10","","","","15:35",14,5,NA,NA,NA,NA,NA,NA,NA,NA,NA,NA,NA,NA,NA,NA,NA,NA,NA,NA,NA,NA,NA,NA,NA,NA,NA,NA,NA,NA,NA,NA,4,1,42,1,42101,"101_112",4210160000,42101003901,822,1.17,20,16.189527,1.203706,402.0727266
"1807",86828,1691546,3,169154603,569.1473318,343.6519031,1,NA,1.69155e+12,2,1.69155e+14,16915460302,NA,NA,2,NA,NA,4,1,42,1,42101,"101_112",4210160000,42101003901,822,"15:55",96,NA,NA,NA,"1:20","","","","17:15",14,5,NA,NA,NA,NA,NA,NA,NA,NA,NA,NA,NA,NA,NA,NA,NA,NA,NA,NA,NA,NA,NA,NA,NA,NA,NA,NA,NA,NA,NA,NA,1,1,42,1,42101,"101_112",4210160000,42101002300,844,1.17,23,15.312098,1.293207,402.0727266
"1808",86840,1691830,3,169183003,860.4556576,259.8194221,1,NA,1.69183e+12,1,1.69183e+14,16918300301,NA,NA,3,1,2,2,1,42,1,42101,"101_111",4210160000,42101008400,1213,"",1,NA,NA,NA,"0:00","","","","14:30",14,5,NA,NA,NA,NA,NA,NA,NA,NA,NA,NA,NA,NA,NA,NA,NA,NA,NA,NA,NA,NA,NA,NA,NA,NA,NA,NA,NA,NA,NA,NA,2,1,42,1,42091,"091_413",4209161664,42091204008,12407,1.17,90,71.077815,19.291853,303.9887239
"1809",86841,1691830,3,169183003,860.4556576,259.8194221,1,NA,1.69183e+12,2,1.69183e+14,16918300302,NA,NA,3,NA,NA,2,1,42,1,42091,"091_413",4209161664,42091204008,12407,"16:00",5,NA,NA,NA,"4:00","","","","21:00",14,5,NA,NA,NA,NA,NA,NA,NA,NA,NA,NA,NA,NA,NA,NA,NA,NA,NA,NA,NA,NA,NA,NA,NA,NA,NA,NA,NA,NA,NA,NA,1,1,42,1,42101,"101_111",4210160000,42101008400,1213,1.17,120,78.325737,19.994484,303.9887239
"1810",86911,1698237,1,169823701,382.3176466,405.3094444,1,NA,1.69824e+12,1,1.69824e+14,16982370101,NA,NA,2,1,2,1,1,42,1,42101,"101_112",4210160000,42101037200,804,"",1,NA,NA,NA,"0:00","","","","6:50",14,5,NA,NA,NA,NA,NA,NA,NA,NA,NA,NA,NA,NA,NA,NA,NA,NA,NA,NA,NA,NA,NA,NA,NA,NA,NA,NA,NA,NA,NA,NA,4,1,42,1,42101,"101_103",4210160000,42101000401,103,1.17,40,30.040523,3.669868,474.21205
"1811",86912,1698237,1,169823701,382.3176466,405.3094444,1,NA,1.69824e+12,2,1.69824e+14,16982370102,NA,NA,2,NA,NA,4,1,42,1,42101,"101_103",4210160000,42101000401,103,"7:30",13,NA,NA,NA,"0:00","","","","13:15",14,5,NA,NA,NA,NA,NA,NA,NA,NA,NA,NA,NA,NA,NA,NA,NA,NA,NA,NA,NA,NA,NA,NA,NA,NA,NA,NA,NA,NA,NA,NA,1,1,42,1,42101,"101_112",4210160000,42101037200,804,1.17,60,29.265591,3.603639,474.21205
"1812",86954,1700698,1,170069801,826.4858381,98.1628569,1,NA,1.7007e+12,3,1.7007e+14,17006980103,NA,NA,2,NA,NA,4,1,42,1,42101,"101_104",4210160000,42101031502,3026,"18:05",6,NA,NA,NA,"0:00","","","","19:50",14,5,NA,NA,NA,NA,NA,NA,NA,NA,NA,NA,NA,NA,NA,NA,NA,NA,NA,NA,NA,NA,NA,NA,NA,NA,NA,NA,NA,NA,NA,NA,1,1,42,1,42101,"101_109",4210160000,42101018400,626,1.17,0,26.982511,3.702851,114.8505426
"1813",86991,1703952,3,170395203,933.5652095,274.1814214,1,NA,1.70395e+12,1,1.70395e+14,17039520301,NA,NA,1,1,2,1,1,42,1,42101,"101_110",4210160000,42101007200,1010,"",1,NA,NA,NA,"6:00","","","","9:45",14,5,NA,NA,NA,NA,NA,NA,NA,NA,NA,NA,NA,NA,NA,NA,NA,NA,NA,NA,NA,NA,NA,NA,NA,NA,NA,NA,NA,NA,NA,NA,2,1,42,1,42101,"101_102",4210160000,42101006600,2023,1.17,15,17.509704,1.577599,320.7922631
"1814",86993,1703952,3,170395203,933.5652095,274.1814214,2,NA,1.70395e+12,3,1.70395e+14,17039520303,NA,NA,1,1,NA,1,1,42,1,42101,"101_110",4210160000,42101007200,1010,"16:30",1,NA,NA,NA,"0:30","","","","17:00",14,5,NA,NA,NA,NA,NA,NA,NA,NA,NA,NA,NA,NA,NA,NA,NA,NA,NA,NA,NA,NA,NA,NA,NA,NA,NA,NA,NA,NA,NA,NA,4,1,42,1,42101,"101_103",4210160000,42101000500,73,1.17,60,30.021338,3.985425,320.7922631
"1815",86994,1703952,3,170395203,933.5652095,274.1814214,2,NA,1.70395e+12,4,1.70395e+14,17039520304,NA,NA,1,NA,NA,4,1,42,1,42101,"101_103",4210160000,42101000500,73,"18:00",5,NA,NA,NA,"3:00","","","","21:00",14,5,NA,NA,NA,NA,NA,NA,NA,NA,NA,NA,NA,NA,NA,NA,NA,NA,NA,NA,NA,NA,NA,NA,NA,NA,NA,NA,NA,NA,NA,NA,1,1,42,1,42101,"101_110",4210160000,42101007200,1010,1.17,60,27.726097,4.03214,320.7922631
"1816",87018,1706446,1,170644601,259.017214,95.35223938,2,NA,1.70645e+12,5,1.70645e+14,17064460105,NA,NA,2,NA,NA,4,1,42,1,42101,"101_103",4210160000,42101000901,41,"14:55",19,NA,NA,NA,"0:00","","","","15:00",14,5,NA,NA,NA,NA,NA,NA,NA,NA,NA,NA,NA,NA,NA,NA,NA,NA,NA,NA,NA,NA,NA,NA,NA,NA,NA,NA,NA,NA,NA,NA,4,1,42,1,42101,"101_103",4210160000,42101001001,13,1.12,10,10.910851,0.907491,106.7945081
"1817",87121,1714154,1,171415401,418.3387336,96.97269408,1,NA,1.71415e+12,1,1.71415e+14,17141540101,NA,NA,2,3,2,1,1,42,1,42101,"101_103",4210160000,42101000402,101,"",1,NA,NA,NA,"11:15","","","","14:15",14,5,NA,NA,NA,NA,NA,NA,NA,NA,NA,NA,NA,NA,NA,NA,NA,NA,NA,NA,NA,NA,NA,NA,NA,NA,NA,NA,NA,NA,NA,NA,4,1,42,1,42101,"101_103",4210160000,42101000402,76,1.17,15,6.917849,0.490208,113.4580521
"1818",87122,1714154,1,171415401,418.3387336,96.97269408,1,NA,1.71415e+12,2,1.71415e+14,17141540102,NA,NA,2,NA,NA,4,1,42,1,42101,"101_103",4210160000,42101000402,76,"14:30",6,NA,NA,NA,"0:10","","","","14:40",14,5,NA,NA,NA,NA,NA,NA,NA,NA,NA,NA,NA,NA,NA,NA,NA,NA,NA,NA,NA,NA,NA,NA,NA,NA,NA,NA,NA,NA,NA,NA,4,1,42,1,42101,"101_103",4210160000,42101000500,71,1.17,10,7.33113,0.502886,113.4580521
"1819",87123,1714154,1,171415401,418.3387336,96.97269408,1,NA,1.71415e+12,3,1.71415e+14,17141540103,NA,NA,2,NA,NA,4,1,42,1,42101,"101_103",4210160000,42101000500,71,"14:50",8,NA,NA,NA,"0:20","","","","15:10",14,5,NA,NA,NA,NA,NA,NA,NA,NA,NA,NA,NA,NA,NA,NA,NA,NA,NA,NA,NA,NA,NA,NA,NA,NA,NA,NA,NA,NA,NA,NA,4,1,42,1,42101,"101_103",4210160000,42101000100,67,1.17,15,8.103726,0.686767,113.4580521
"1820",87124,1714154,1,171415401,418.3387336,96.97269408,1,NA,1.71415e+12,4,1.71415e+14,17141540104,NA,NA,2,NA,NA,4,1,42,1,42101,"101_103",4210160000,42101000100,67,"15:25",8,NA,NA,NA,"0:10","","","","15:35",14,5,NA,NA,NA,NA,NA,NA,NA,NA,NA,NA,NA,NA,NA,NA,NA,NA,NA,NA,NA,NA,NA,NA,NA,NA,NA,NA,NA,NA,NA,NA,1,1,42,1,42101,"101_103",4210160000,42101000402,101,1.17,0,13.689618,1.540567,113.4580521
"1821",87125,1714154,1,171415401,418.3387336,96.97269408,2,NA,1.71415e+12,5,1.71415e+14,17141540105,NA,NA,2,1,NA,1,1,42,1,42101,"101_103",4210160000,42101000402,101,"15:35",1,NA,NA,NA,"2:25","","","","18:00",14,5,NA,NA,NA,NA,NA,NA,NA,NA,NA,NA,NA,NA,NA,NA,NA,NA,NA,NA,NA,NA,NA,NA,NA,NA,NA,NA,NA,NA,NA,NA,4,1,42,1,42101,"101_103",4210160000,42101000402,79,1.17,10,4.939544,0.280221,113.4580521
"1822",87128,1714154,2,171415402,418.3387336,111.459172,1,NA,1.71415e+12,1,1.71415e+14,17141540201,NA,NA,2,1,2,1,1,42,1,42101,"101_103",4210160000,42101000402,101,"",1,NA,NA,NA,"15:00","","","","18:00",14,5,NA,NA,NA,NA,NA,NA,NA,NA,NA,NA,NA,NA,NA,NA,NA,NA,NA,NA,NA,NA,NA,NA,NA,NA,NA,NA,NA,NA,NA,NA,4,1,42,1,42101,"101_103",4210160000,42101000402,79,1.17,10,4.939544,0.280221,130.4072312
"1823",87139,1715911,1,171591101,620.5600001,144.3294824,1,NA,1.71591e+12,1,1.71591e+14,17159110101,NA,NA,1,0,2,1,1,42,1,42101,"101_103",4210160000,42101001300,9,"",5,NA,NA,NA,"7:30","","","","16:00",14,5,NA,NA,NA,NA,NA,NA,NA,NA,NA,NA,NA,NA,NA,NA,NA,NA,NA,NA,NA,NA,NA,NA,NA,NA,NA,NA,NA,NA,NA,NA,1,1,42,1,42101,"101_103",4210160000,42101001300,9,1.17,60,5.801711,0.252847,168.8654944
"1824",87147,1717402,1,171740201,415.6976476,130.2695652,1,NA,1.7174e+12,1,1.7174e+14,17174020101,NA,NA,3,0,2,4,1,42,1,42045,"045_203",4204541440,42045401800,4423,"",18,NA,NA,NA,"0:00","","","","16:30",21,5,NA,NA,NA,NA,NA,NA,NA,NA,NA,NA,NA,NA,NA,NA,NA,NA,NA,NA,NA,NA,NA,NA,NA,NA,NA,NA,NA,NA,NA,NA,1,1,42,1,42101,"101_107",4210160000,42101016800,432,1.17,30,62.307444,10.853321,152.4153913
"1825",87220,1721204,1,172120401,176.2945795,130.7998966,1,NA,1.7212e+12,2,1.7212e+14,17212040102,NA,NA,2,NA,NA,4,1,42,1,42101,"101_110",4210160000,42101009000,1036,"13:05",19,NA,NA,NA,"0:02","","","","13:07",21,5,NA,NA,NA,NA,NA,NA,NA,NA,NA,NA,NA,NA,NA,NA,NA,NA,NA,NA,NA,NA,NA,NA,NA,NA,NA,NA,NA,NA,NA,NA,4,1,42,1,42101,"101_103",4210160000,42101000402,76,1.12,10,10.026084,1.624999,146.4958842
"1826",87273,1725990,1,172599001,196.8145341,113.5648465,1,NA,1.72599e+12,1,1.72599e+14,17259900101,NA,NA,1,0,2,1,1,42,1,42045,"045_206",4204563264,42045409701,5052,"",5,NA,NA,NA,"8:00","","","","9998",21,5,NA,NA,NA,NA,NA,NA,NA,NA,NA,NA,NA,NA,NA,NA,NA,NA,NA,NA,NA,NA,NA,NA,NA,NA,NA,NA,NA,NA,NA,NA,1,1,42,1,42045,"045_206",4204563264,42045409701,5052,1.12,NA,NA,NA,127.1926281
"1827",87274,1725990,1,172599001,196.8145341,113.5648465,2,NA,1.72599e+12,2,1.72599e+14,17259900102,NA,NA,2,0,NA,1,1,42,1,42045,"045_206",4204563264,42045409701,5052,"9998",1,NA,NA,NA,"0:00","","","","9998",21,5,NA,NA,NA,NA,NA,NA,NA,NA,NA,NA,NA,NA,NA,NA,NA,NA,NA,NA,NA,NA,NA,NA,NA,NA,NA,NA,NA,NA,NA,NA,1,1,42,1,42045,"045_206",4204563264,42045409701,5052,1.12,NA,NA,NA,127.1926281
"1828",87275,1725990,1,172599001,196.8145341,113.5648465,3,NA,1.72599e+12,3,1.72599e+14,17259900103,NA,NA,2,0,NA,1,1,42,1,42045,"045_206",4204563264,42045409701,5052,"9998",1,NA,NA,NA,"0:00","","","","9998",21,5,NA,NA,NA,NA,NA,NA,NA,NA,NA,NA,NA,NA,NA,NA,NA,NA,NA,NA,NA,NA,NA,NA,NA,NA,NA,NA,NA,NA,NA,NA,1,1,42,1,42045,"045_206",4204563264,42045409701,5052,1.12,NA,NA,NA,127.1926281
"1829",87276,1725990,1,172599001,196.8145341,113.5648465,4,NA,1.72599e+12,4,1.72599e+14,17259900104,NA,NA,2,0,NA,1,1,42,1,42045,"045_206",4204563264,42045409701,5052,"9998",1,NA,NA,NA,"0:00","","","","9998",21,5,NA,NA,NA,NA,NA,NA,NA,NA,NA,NA,NA,NA,NA,NA,NA,NA,NA,NA,NA,NA,NA,NA,NA,NA,NA,NA,NA,NA,NA,NA,1,1,42,1,42045,"045_206",4204563264,42045409701,5052,1.12,NA,NA,NA,127.1926281
"1830",87279,1725990,2,172599002,196.8145341,130.9019418,1,NA,1.72599e+12,2,1.72599e+14,17259900202,NA,NA,3,NA,NA,2,1,42,1,42101,"101_107",4210160000,42101037700,414,"8:05",5,NA,NA,NA,"8:00","","","","17:05",21,5,NA,NA,NA,NA,NA,NA,NA,NA,NA,NA,NA,NA,NA,NA,NA,NA,NA,NA,NA,NA,NA,NA,NA,NA,NA,NA,NA,NA,NA,NA,4,1,42,1,42101,"101_103",4210160000,42101000600,58,1.12,40,20.484539,2.576669,146.6101748
"1831",87280,1725990,2,172599002,196.8145341,130.9019418,1,NA,1.72599e+12,3,1.72599e+14,17259900203,NA,NA,3,NA,NA,4,1,42,1,42101,"101_103",4210160000,42101000600,58,"17:45",11,12,NA,NA,"1:00","1:00","","","19:45",21,5,NA,NA,NA,NA,NA,NA,NA,NA,NA,NA,NA,NA,NA,NA,NA,NA,NA,NA,NA,NA,NA,NA,NA,NA,NA,NA,NA,NA,NA,NA,1,1,42,1,42045,"045_206",4204563264,42045409701,5052,1.12,45,49.364526,13.091982,146.6101748
"1832",87317,1728295,1,172829501,278.3946039,223.2860741,1,NA,1.7283e+12,1,1.7283e+14,17282950101,NA,NA,2,1,2,1,1,42,1,42101,"101_116",4210160000,42101034801,3601,"",1,NA,NA,NA,"7:30","","","","10:30",14,5,NA,NA,NA,NA,NA,NA,NA,NA,NA,NA,NA,NA,NA,NA,NA,NA,NA,NA,NA,NA,NA,NA,NA,NA,NA,NA,NA,NA,NA,NA,4,1,42,1,42101,"101_104",4210160000,42101033101,3025,1.17,45,25.738973,2.461146,261.2447067
"1833",87318,1728295,1,172829501,278.3946039,223.2860741,1,NA,1.7283e+12,2,1.7283e+14,17282950102,NA,NA,2,NA,NA,4,1,42,1,42101,"101_104",4210160000,42101033101,3025,"11:15",8,NA,NA,NA,"1:45","","","","13:00",14,5,NA,NA,NA,NA,NA,NA,NA,NA,NA,NA,NA,NA,NA,NA,NA,NA,NA,NA,NA,NA,NA,NA,NA,NA,NA,NA,NA,NA,NA,NA,1,1,42,1,42101,"101_116",4210160000,42101034801,3601,1.17,30,16.729886,2.439817,261.2447067
"1834",87321,1728381,1,172838101,717.0269868,137.505937,1,NA,1.72838e+12,1,1.72838e+14,17283810101,NA,NA,1,1,2,1,1,42,1,42101,"101_115",4210160000,42101025900,2646,"",14,NA,NA,NA,"0:49","","","","7:50",14,5,NA,NA,NA,NA,NA,NA,NA,NA,NA,NA,NA,NA,NA,NA,NA,NA,NA,NA,NA,NA,NA,NA,NA,NA,NA,NA,NA,NA,NA,NA,2,1,42,1,42101,"101_108",4210160000,42101020600,3204,1.17,0,44.602389,6.473471,160.8819463
"1835",87322,1728381,1,172838101,717.0269868,137.505937,1,NA,1.72838e+12,2,1.72838e+14,17283810102,NA,NA,1,NA,NA,2,1,42,1,42101,"101_108",4210160000,42101020600,3204,"7:50",1,NA,NA,NA,"0:50","","","","9999",14,5,NA,NA,NA,NA,NA,NA,NA,NA,NA,NA,NA,NA,NA,NA,NA,NA,NA,NA,NA,NA,NA,NA,NA,NA,NA,NA,NA,NA,NA,NA,1,1,42,1,42101,"101_115",4210160000,42101025900,2646,1.17,NA,NA,NA,160.8819463
"1836",87365,1731790,2,173179002,537.9880658,221.967171,1,NA,1.73179e+12,1,1.73179e+14,17317900201,NA,NA,2,4,2,1,1,42,1,42101,"101_115",4210160000,42101027902,2617,"",1,14,2,20,"5:00","1:00","","1:00","10:15",21,5,NA,NA,NA,NA,NA,NA,NA,NA,NA,NA,NA,NA,NA,NA,NA,NA,NA,NA,NA,NA,NA,NA,NA,NA,NA,NA,NA,NA,NA,NA,4,1,42,1,42101,"101_103",4210160000,42101012500,135,1.17,30,30.795275,6.145607,259.70159
"1837",87366,1731790,2,173179002,537.9880658,221.967171,1,NA,1.73179e+12,2,1.73179e+14,17317900202,NA,NA,2,NA,NA,4,1,42,1,42101,"101_103",4210160000,42101012500,135,"10:45",11,12,2,3,"1:00","2:00","","","15:00",14,5,NA,NA,NA,NA,NA,NA,NA,NA,NA,NA,NA,NA,NA,NA,NA,NA,NA,NA,NA,NA,NA,NA,NA,NA,NA,NA,NA,NA,NA,NA,4,1,42,1,42101,"101_107",4210160000,42101016902,433,1.17,45,27.683902,3.046484,259.70159
"1838",87367,1731790,2,173179002,537.9880658,221.967171,1,NA,1.73179e+12,3,1.73179e+14,17317900203,NA,NA,2,NA,NA,4,1,42,1,42101,"101_107",4210160000,42101016902,433,"15:45",12,15,96,NA,"1:00","1:00","1:00","","19:00",21,5,NA,NA,NA,NA,NA,NA,NA,NA,NA,NA,NA,NA,NA,NA,NA,NA,NA,NA,NA,NA,NA,NA,NA,NA,NA,NA,NA,NA,NA,NA,4,1,42,1,42101,"101_112",4210160000,42101002100,847,1.17,60,37.724892,3.141092,259.70159
"1839",87369,1731790,2,173179002,537.9880658,221.967171,1,NA,1.73179e+12,5,1.73179e+14,17317900205,NA,NA,2,NA,NA,4,1,42,1,42101,"101_103",4210160000,42101001900,7,"22:15",11,12,NA,NA,"0:00","","","","22:45",21,5,NA,NA,NA,NA,NA,NA,NA,NA,NA,NA,NA,NA,NA,NA,NA,NA,NA,NA,NA,NA,NA,NA,NA,NA,NA,NA,NA,NA,NA,NA,1,1,42,1,42101,"101_115",4210160000,42101027902,2617,1.17,45,46.18047,8.139159,259.70159
"1840",87379,1733822,1,173382201,77.04243774,148.02257,1,NA,1.73382e+12,1,1.73382e+14,17338220101,NA,NA,1,1,2,1,1,42,1,42101,"101_102",4210160000,42101006300,2018,"",5,NA,NA,NA,"0:00","","","","3:30",23,5,NA,NA,NA,NA,NA,NA,NA,NA,NA,NA,NA,NA,NA,NA,NA,NA,NA,NA,NA,NA,NA,NA,NA,NA,NA,NA,NA,NA,NA,NA,2,1,42,1,42101,"101_103",4210160000,42101000402,92,1.15,180,31.164558,5.307652,170.2259556
"1841",87380,1733822,1,173382201,77.04243774,148.02257,1,NA,1.73382e+12,2,1.73382e+14,17338220102,NA,NA,1,NA,NA,2,1,42,1,42101,"101_103",4210160000,42101000402,92,"6:30",5,NA,NA,NA,"7:30","","","","14:00",23,5,NA,NA,NA,NA,NA,NA,NA,NA,NA,NA,NA,NA,NA,NA,NA,NA,NA,NA,NA,NA,NA,NA,NA,NA,NA,NA,NA,NA,NA,NA,1,1,42,1,42101,"101_102",4210160000,42101006300,2018,1.15,240,30.75,5.154407,170.2259556
"1842",87404,1735844,1,173584401,331.3154841,146.0285373,1,NA,1.73584e+12,1,1.73584e+14,17358440101,NA,NA,1,3,2,1,1,42,1,42101,"101_109",4210160000,42101017900,619,"",1,NA,NA,NA,"3:15","","","","6:15",14,5,NA,NA,NA,NA,NA,NA,NA,NA,NA,NA,NA,NA,NA,NA,NA,NA,NA,NA,NA,NA,NA,NA,NA,NA,NA,NA,NA,NA,NA,NA,2,1,42,1,42101,"101_103",4210160000,42101000500,91,1.17,37,30.109959,5.34459,170.8533887
"1843",87405,1735844,1,173584401,331.3154841,146.0285373,1,NA,1.73584e+12,2,1.73584e+14,17358440102,NA,NA,1,NA,NA,2,1,42,1,42101,"101_103",4210160000,42101000500,91,"6:52",19,NA,NA,NA,"0:00","","","","7:02",14,5,NA,NA,NA,NA,NA,NA,NA,NA,NA,NA,NA,NA,NA,NA,NA,NA,NA,NA,NA,NA,NA,NA,NA,NA,NA,NA,NA,NA,NA,NA,2,1,42,1,42101,"101_113",4210160000,42101035900,3418,1.17,28,62.917882,16.973287,170.8533887
"1844",87406,1735844,1,173584401,331.3154841,146.0285373,1,NA,1.73584e+12,3,1.73584e+14,17358440103,NA,NA,1,NA,NA,2,1,42,1,42101,"101_113",4210160000,42101035900,3418,"7:30",5,NA,NA,NA,"8:30","","","","17:00",14,5,NA,NA,NA,NA,NA,NA,NA,NA,NA,NA,NA,NA,NA,NA,NA,NA,NA,NA,NA,NA,NA,NA,NA,NA,NA,NA,NA,NA,NA,NA,4,1,42,1,42101,"101_114",4210160000,42101030200,1610,1.17,5,44.764772,7.99079,170.8533887
"1845",87407,1735844,1,173584401,331.3154841,146.0285373,1,NA,1.73584e+12,4,1.73584e+14,17358440104,NA,NA,1,NA,NA,4,1,42,1,42101,"101_114",4210160000,42101030200,1610,"17:05",19,NA,NA,NA,"0:00","","","","17:25",14,5,NA,NA,NA,NA,NA,NA,NA,NA,NA,NA,NA,NA,NA,NA,NA,NA,NA,NA,NA,NA,NA,NA,NA,NA,NA,NA,NA,NA,NA,NA,1,1,42,1,42101,"101_109",4210160000,42101017900,619,1.17,29,26.930139,3.341845,170.8533887
"1846",87410,1735844,2,173584402,331.3154841,146.903782,1,NA,1.73584e+12,2,1.73584e+14,17358440202,NA,NA,1,NA,NA,4,1,42,1,42101,"101_101",4210160000,42101017701,1406,"11:50",19,NA,NA,NA,"0:10","","","","12:02",21,5,NA,NA,NA,NA,NA,NA,NA,NA,NA,NA,NA,NA,NA,NA,NA,NA,NA,NA,NA,NA,NA,NA,NA,NA,NA,NA,NA,NA,NA,NA,2,1,42,1,42101,"101_103",4210160000,42101000500,91,1.17,51,22.5,5.023166,171.877425
"1847",87411,1735844,2,173584402,331.3154841,146.903782,1,NA,1.73584e+12,3,1.73584e+14,17358440203,NA,NA,1,NA,NA,2,1,42,1,42101,"101_103",4210160000,42101000500,91,"12:53",19,NA,NA,NA,"0:05","","","","13:03",14,5,NA,NA,NA,NA,NA,NA,NA,NA,NA,NA,NA,NA,NA,NA,NA,NA,NA,NA,NA,NA,NA,NA,NA,NA,NA,NA,NA,NA,NA,NA,2,1,42,1,42101,"101_116",4210160000,42101036301,3620,1.17,20,68.801808,18.934736,171.877425
"1848",87412,1735844,2,173584402,331.3154841,146.903782,1,NA,1.73584e+12,4,1.73584e+14,17358440204,NA,NA,1,NA,NA,2,1,42,1,42101,"101_116",4210160000,42101036301,3620,"13:23",5,NA,NA,NA,"8:30","","","","22:00",14,5,NA,NA,NA,NA,NA,NA,NA,NA,NA,NA,NA,NA,NA,NA,NA,NA,NA,NA,NA,NA,NA,NA,NA,NA,NA,NA,NA,NA,NA,NA,4,1,42,1,42101,"101_114",4210160000,42101030200,1610,1.17,30,39.346647,10.777909,171.877425
"1849",87413,1735844,2,173584402,331.3154841,146.903782,1,NA,1.73584e+12,5,1.73584e+14,17358440205,NA,NA,1,NA,NA,4,1,42,1,42101,"101_114",4210160000,42101030200,1610,"22:30",19,NA,NA,NA,"0:10","","","","22:50",14,5,NA,NA,NA,NA,NA,NA,NA,NA,NA,NA,NA,NA,NA,NA,NA,NA,NA,NA,NA,NA,NA,NA,NA,NA,NA,NA,NA,NA,NA,NA,1,1,42,1,42101,"101_109",4210160000,42101017900,619,1.17,35,25.765024,3.367977,171.877425
"1850",87423,1736693,1,173669301,168.7890789,166.2835719,1,NA,1.73669e+12,4,1.73669e+14,17366930104,NA,NA,1,NA,NA,4,1,42,1,42101,"101_103",4210160000,42101000500,88,"9:45",19,NA,NA,NA,"0:00","","","","9:50",14,5,NA,NA,NA,NA,NA,NA,NA,NA,NA,NA,NA,NA,NA,NA,NA,NA,NA,NA,NA,NA,NA,NA,NA,NA,NA,NA,NA,NA,NA,NA,2,1,42,1,42101,"101_103",4210160000,42101000402,98,1.12,10,10.071209,0.875137,186.2376005
"1851",87428,1736693,1,173669301,168.7890789,166.2835719,1,NA,1.73669e+12,9,1.73669e+14,17366930109,NA,NA,1,NA,NA,4,1,42,1,42101,"101_103",4210160000,42101000804,43,"18:15",6,NA,NA,NA,"1:05","","","","19:20",21,5,NA,NA,NA,NA,NA,NA,NA,NA,NA,NA,NA,NA,NA,NA,NA,NA,NA,NA,NA,NA,NA,NA,NA,NA,NA,NA,NA,NA,NA,NA,1,1,42,1,42101,"101_112",4210160000,42101002300,844,1.12,25,12.173843,1.100136,186.2376005
"1852",87436,1736693,2,173669302,168.7890789,177.4717151,2,NA,1.73669e+12,7,1.73669e+14,17366930207,NA,NA,2,1,NA,1,1,42,1,42101,"101_112",4210160000,42101002300,844,"17:25",1,NA,NA,NA,"0:00","","","","18:00",14,5,NA,NA,NA,NA,NA,NA,NA,NA,NA,NA,NA,NA,NA,NA,NA,NA,NA,NA,NA,NA,NA,NA,NA,NA,NA,NA,NA,NA,NA,NA,4,1,42,1,42101,"101_103",4210160000,42101000600,58,1.12,20,14.867626,1.165452,198.7683209
"1853",87437,1736693,2,173669302,168.7890789,177.4717151,2,NA,1.73669e+12,8,1.73669e+14,17366930208,NA,NA,2,NA,NA,4,1,42,1,42101,"101_103",4210160000,42101000600,58,"18:20",14,NA,NA,NA,"1:15","","","","19:45",21,5,NA,NA,NA,NA,NA,NA,NA,NA,NA,NA,NA,NA,NA,NA,NA,NA,NA,NA,NA,NA,NA,NA,NA,NA,NA,NA,NA,NA,NA,NA,1,1,42,1,42101,"101_112",4210160000,42101002300,844,1.12,25,12.84844,1.135093,198.7683209
