record_id,depart_time,depart_min_of_day,depart_lon,depart_lat,dest_lon,dest_lat,peak_period,is_peak,survey_travtime,model_travtime,scenario,service_date,gtfs_status,gtfs_total_min,gtfs_access_min,gtfs_wait_min,gtfs_ride_min,gtfs_egress_min,gtfs_transfers,access_stop_id,egress_stop_id
1079970102,15:40,940,-75.335420259149,40.0698383522223,-75.2626735411038,39.9640057100153,off_peak,FALSE,,34.879532,restore,20251015,ok,73.6166666666667,9.7,11.3,50,2.61666666666667,2,1895,18639
1079970104,16:40,1000,-75.1470807570054,39.9513767444736,-75.2182588102061,39.950471058218,pm_peak,TRUE,20,26.610914,restore,20251015,ok,35.65,1.76666666666667,6.06666666666667,21.65,6.16666666666667,3,10311,22190
1094120102,8:13,493,-75.7773113001476,39.9924677984963,-75.1588750233838,39.9528401835985,am_peak,TRUE,77,90.72718,restore,20251015,unreachable,,,,,,,,
1096380201,8:00,480,-75.2862320050127,39.9472873841357,-75.1638872349499,39.9525548857932,am_peak,TRUE,60,36.937359,restore,20251015,ok,39.95,4.5,5.16666666666667,28.3333333333333,1.95,1,18629,1392
1096380202,17:00,1020,-75.1638872349499,39.9525548857932,-75.2862320050127,39.9472873841357,pm_peak,TRUE,60,35.700992,restore,20251015,ok,44.05,1.85,0.15,37.2333333333333,4.81666666666667,3,283,18600
1109990102,15:30,930,-75.3987233993895,39.9261429188378,-75.3283478818808,39.9804431108819,off_peak,FALSE,19,83.86387,restore,20251015,no_origin_stop,,,,,,,,
1111180102,7:24,444,-75.3286199019552,40.0309191057453,-75.1834073455283,39.9599979498596,am_peak,TRUE,21,23.235999,restore,20251015,ok,81.3833333333333,6.26666666666667,20.6166666666667,45.1166666666667,9.38333333333333,1,19430,21532
1111180103,16:15,975,-75.1834073455283,39.9599979498596,-75.3335267105402,40.0257716741197,pm_peak,TRUE,25,35.109764,restore,20251015,ok,58.6166666666667,7.6,1.4,44,5.61666666666667,2,28325,1927
1122920103,9:24,564,-75.1176717363826,40.1313732890668,-75.2823672331362,40.2208246075088,am_peak,TRUE,31,57.216768,restore,20251015,ok,117.116666666667,1.96666666666667,6.01666666666667,99.3666666666667,9.76666666666667,2,17459,27061
1143540102,10:55,655,-75.1741319574651,39.9575333855516,-75.1608290378846,39.9512565309348,off_peak,FALSE,35,14.506672,restore,20251015,ok,14.8333333333333,0.433333333333333,2.3,10.1333333333333,1.96666666666667,1,3098,6059
1143540103,11:45,705,-75.1608290378846,39.9512565309348,-75.1541388337345,39.9522458625874,off_peak,FALSE,8,7.866091,restore,20251015,ok,9.35,1.7,4,1.43333333333333,2.21666666666667,0,2455,2457
1143540105,13:20,800,-75.1528356388386,39.9549263716921,-75.1741319574651,39.9575333855516,off_peak,FALSE,30,20.54996,restore,20251015,ok,23.4166666666667,0.483333333333333,4.21666666666667,11.55,7.16666666666667,2,18442,20661
1145550101,6:15,375,-75.1516301589525,39.9168650559185,-75.1634808483634,39.9480403151119,am_peak,TRUE,45,23.088364,restore,20251015,ok,37.9,1,11.0666666666667,19.2833333333333,6.55,1,17373,22268
1147360206,18:30,1110,-75.1845576169885,39.942839888606,-75.1707168478523,39.9055458817612,pm_peak,TRUE,30,35.943303,restore,20251015,ok,38.6,1.26666666666667,8.95,24.7833333333333,3.6,3,25045,31487
1148770102,17:00,1020,-75.1595117962634,39.9367714452714,-75.1977262540913,39.9594259908695,pm_peak,TRUE,0,32.833769,restore,20251015,ok,42.4,0.433333333333333,11.55,23.25,7.16666666666667,2,24754,32178
1149340203,18:42,1122,-75.1973968654904,39.9505033966507,-75.1638872349499,39.9525548857932,pm_peak,TRUE,12,14.850566,restore,20251015,ok,11.9666666666667,1.45,0.15,8.3,2.06666666666667,0,20731,31140
1149340204,19:00,1140,-75.1638872349499,39.9525548857932,-75.1655746637264,39.9307064691021,off_peak,FALSE,8,12.638667,restore,20251015,ok,12.4833333333333,0.383333333333333,0.616666666666667,7,4.48333333333333,0,1281,1285
1150140102,6:53,413,-75.1655746637264,39.9307064691021,-75.1649773922386,39.9502186753736,am_peak,TRUE,7,11.779301,restore,20251015,ok,24.3166666666667,1.61666666666667,2.01666666666667,17.8666666666667,2.81666666666667,1,16518,32140
1150140109,17:46,1066,-75.1634808483634,39.9480403151119,-75.1655746637264,39.9307064691021,pm_peak,TRUE,9,12.628112,restore,20251015,ok,19.4833333333333,1.63333333333333,5.16666666666667,8.2,4.48333333333333,1,15187,1285
1150140205,18:13,1093,-75.1655746637264,39.9307064691021,-75.1593108938158,39.9400078893569,pm_peak,TRUE,17,11.918324,restore,20251015,ok,27.9,1.61666666666667,7.61666666666667,16.6166666666667,2.05,1,16518,16835
1150140206,21:15,1275,-75.1593108938158,39.9400078893569,-75.1655746637264,39.9307064691021,off_peak,FALSE,15,11.926381,restore,20251015,ok,36.4333333333333,2.05,21.3666666666667,11.1166666666667,1.9,1,16835,16516
1152880202,4:03,243,-75.1662120144978,39.9238115855567,-75.1638872349499,39.9525548857932,off_peak,FALSE,15,14.632857,restore,20251015,ok,51.3333333333333,0.15,20.7833333333333,28.0666666666667,2.33333333333333,2,24253,17842
1152880203,4:55,295,-75.1638872349499,39.9525548857932,-75.1847348588828,39.9565152107181,off_peak,FALSE,15,10.233063,restore,20251015,ok,16.3333333333333,1.85,6.15,4.66666666666667,3.66666666666667,0,283,20662
1152910101,7:00,420,-75.1662120144978,39.9238115855567,-75.1583275844786,39.9602029183105,am_peak,TRUE,20,23.645837,restore,20251015,ok,34.3,0.15,5.01666666666667,23.3333333333333,5.8,2,24253,32143
1152910102,8:00,480,-75.1583275844786,39.9602029183105,-75.1461838934269,39.9589037110814,am_peak,TRUE,25,13.491022,restore,20251015,ok,22.2166666666667,0.366666666666667,0.416666666666667,18.0333333333333,3.4,3,16126,17602
1152910104,16:15,975,-75.1461838934269,39.9589037110814,-75.1583275844786,39.9602029183105,pm_peak,TRUE,15,13.533333,restore,20251015,ok,21.9166666666667,1.58333333333333,1.45,16.1833333333333,2.7,1,24971,16849
1158850101,9:15,555,-75.2165947836222,39.9537421538695,-75.1489215256524,39.95458250175,am_peak,TRUE,32,25.852956,restore,20251015,ok,33.3166666666667,0.916666666666667,2,23.0666666666667,7.33333333333333,2,22122,2458
1158850102,11:17,677,-75.1489215256524,39.95458250175,-75.2165947836222,39.9537421538695,off_peak,FALSE,28,25.634873,restore,20251015,ok,32.4666666666667,3.43333333333333,3.8,22.9833333333333,2.25,2,4470,24625
1164850102,11:41,701,-75.1632627264191,39.9610182840982,-75.1869128860449,39.9502197402395,off_peak,FALSE,16,24.814879,restore,20251015,ok,25.8666666666667,2.85,3.65,9.5,9.86666666666667,1,17169,32176
1164850105,17:41,1061,-75.1941152941134,39.9546263068532,-75.1673585815214,39.9505151310837,pm_peak,TRUE,16,14.35978,restore,20251015,ok,13.45,1.51666666666667,0.183333333333333,7.2,4.55,0,20732,31140
1165490101,11:00,660,-75.1785792243999,39.9689777214525,-75.1553089348274,40.0036904586044,off_peak,FALSE,50,30.802029,restore,20251015,ok,41.3833333333333,0.6,11.2833333333333,24.3666666666667,5.13333333333333,2,4550,32151
1165490102,19:30,1170,-75.1553089348274,40.0036904586044,-75.1785792243999,39.9689777214525,off_peak,FALSE,45,32.793718,restore,20251015,ok,41.9833333333333,3.41666666666667,6.66666666666667,31.3,0.6,4,15019,4550
1165660101,7:45,465,-75.1798114670555,39.9715794694621,-75.2189686457819,40.0081594134958,am_peak,TRUE,34,38.547495,restore,20251015,ok,56.1833333333333,0.533333333333333,7.76666666666667,42.75,5.13333333333333,2,16560,6252
1165660201,9:15,555,-75.1700384657366,39.9693644720962,-75.1941152941134,39.9546263068532,am_peak,TRUE,33,24.041388,restore,20251015,ok,37.5166666666667,2.55,12.7166666666667,20.7333333333333,1.51666666666667,1,2742,287
1169120102,10:40,640,-75.1619035045634,39.9912045729609,-75.1694605873533,39.9520071435649,off_peak,FALSE,0,29.347168,restore,20251015,ok,40.2166666666667,2.58333333333333,13.9666666666667,22.4333333333333,1.23333333333333,0,2670,2666
1169120103,10:50,650,-75.1694605873533,39.9520071435649,-75.1564410395894,39.9491555327036,off_peak,FALSE,20,13.01829,restore,20251015,ok,14.6333333333333,1.4,3.8,7.63333333333333,1.8,0,6061,14908
1169120107,15:20,920,-75.1541388337345,39.9522458625874,-75.1584725274299,39.950967187359,off_peak,FALSE,8,5.804709,restore,20251015,ok,6.15,1.95,1.25,1.38333333333333,1.56666666666667,0,10341,10258
1169120109,16:03,963,-75.1584725274299,39.950967187359,-75.1648345113326,39.9541020155151,pm_peak,TRUE,9,6.159001,restore,20251015,ok,6.71666666666667,1.46666666666667,1.01666666666667,1.51666666666667,2.71666666666667,0,32173,32175
1175240102,7:30,450,-75.2092872712104,40.0181516385401,-75.1648345113326,39.9541020155151,am_peak,TRUE,25,19.639111,restore,20251015,ok,37.65,2.95,0.766666666666667,31.6833333333333,2.25,1,12319,5131
1175240107,18:10,1090,-75.1648345113326,39.9541020155151,-75.2092872712104,40.0181516385401,pm_peak,TRUE,25,20.053637,restore,20251015,ok,29.55,0.833333333333333,0.166666666666667,22,6.55,0,17842,28
2023740101,9:10,550,-75.2316719358833,39.9680910426143,-75.2458322070382,39.9787834549805,am_peak,TRUE,40,16.530207,restore,20251015,ok,29.8333333333333,1.01666666666667,6.83333333333333,18.4,3.58333333333333,2,24514,21882
2023740102,11:45,705,-75.2458322070382,39.9787834549805,-75.2316719358833,39.9680910426143,off_peak,FALSE,30,17.502539,restore,20251015,ok,19.8666666666667,0.933333333333333,6.4,11.5166666666667,1.01666666666667,1,20612,24514
2064720101,8:45,525,-75.1798114670555,39.9715794694621,-75.1634808483634,39.9480403151119,am_peak,TRUE,35,18.998175,restore,20251015,ok,27.6,0.533333333333333,7.76666666666667,17.6666666666667,1.63333333333333,0,16560,15187
2064720104,11:00,660,-75.1662257986882,39.9519342771783,-75.1541388337345,39.9522458625874,off_peak,FALSE,20,9.865521,restore,20251015,ok,12.25,1.53333333333333,2.96666666666667,5.73333333333333,2.01666666666667,0,10266,18457
2064720105,12:45,765,-75.1541388337345,39.9522458625874,-75.1798114670555,39.9715794694621,off_peak,FALSE,60,23.384621,restore,20251015,ok,31.9333333333333,1.73333333333333,2.71666666666667,25.8833333333333,1.6,3,31178,2880
2064720201,8:45,525,-75.1798114670555,39.9715794694621,-75.1630984016405,39.9735438590113,am_peak,TRUE,30,12.299124,restore,20251015,ok,20.6,1.6,0.116666666666667,15.6333333333333,3.25,1,2880,21082
2064720202,17:15,1035,-75.1630984016405,39.9735438590113,-75.1798114670555,39.9715794694621,pm_peak,TRUE,30,17.484821,restore,20251015,ok,16.6166666666667,2.98333333333333,4.86666666666667,5.01666666666667,3.75,0,21006,21014
2118520101,7:00,420,-75.0806751855718,40.016348069306,-75.1957094473416,39.9494354858208,am_peak,TRUE,,40.344785,restore,20251015,ok,53.15,1.93333333333333,14.6833333333333,32.8666666666667,3.66666666666667,2,24572,20734
2118520102,16:30,990,-75.1957094473416,39.9494354858208,-75.0806751855718,40.016348069306,pm_peak,TRUE,450,41.188615,restore,20251015,ok,42.6166666666667,3.08333333333333,0.516666666666667,34.65,4.36666666666667,1,20731,217
2297970201,8:30,510,-75.1800070313661,39.946441631749,-75.1941152941134,39.9546263068532,am_peak,TRUE,30,14.326086,restore,20251015,ok,20.4666666666667,0.616666666666667,7.33333333333333,11,1.51666666666667,1,30639,20732
2350960102,9:15,555,-75.1941152941134,39.9546263068532,-75.1977262540913,39.9594259908695,am_peak,TRUE,13,6.95,restore,20251015,ok,10.2666666666667,1.51666666666667,4.48333333333333,2.23333333333333,2.03333333333333,0,287,20663
2350960104,15:15,915,-75.216704781889,39.9569805572676,-75.2162654488479,39.9464660922369,off_peak,FALSE,25,12.204772,restore,20251015,ok,20.0833333333333,1.38333333333333,4.96666666666667,10.5333333333333,3.2,1,30194,24634
2428050101,13:00,780,-75.1335381361008,40.3211737824194,-75.1346109509137,40.3071295327499,off_peak,FALSE,30,12.21407,restore,20251015,unreachable,,,,,,,,
2435040101,8:16,496,-75.1724998481553,39.9491635804723,-75.175827602964,39.9495803344789,am_peak,TRUE,1,4.583333,restore,20251015,ok,9.46666666666667,0.85,0.3,1.76666666666667,6.55,0,14929,14956
2435040102,8:29,509,-75.175827602964,39.9495803344789,-75.216704781889,39.9569805572676,am_peak,TRUE,15,16.40586,restore,20251015,ok,18.5333333333333,2.35,0.45,10.8833333333333,4.85,2,22279,32179
2435040103,15:16,916,-75.216704781889,39.9569805572676,-75.1724998481553,39.9491635804723,off_peak,FALSE,23,23.072828,restore,20251015,ok,26.9333333333333,1.38333333333333,3.96666666666667,16.7166666666667,4.86666666666667,0,30194,14906
2526520102,14:00,840,-75.1491317030119,40.0304553583606,-75.1571977835929,40.0823045185899,off_peak,FALSE,60,34.180643,restore,20251015,ok,65.45,1.38333333333333,8.5,42.6333333333333,12.9333333333333,3,24595,16930
2526520103,15:30,930,-75.1571977835929,40.0823045185899,-75.1659426772114,39.9531940428398,off_peak,FALSE,30,51.767852,restore,20251015,ok,52.85,6.06666666666667,1.98333333333333,41.95,2.85,1,31633,1281
2526520104,17:20,1040,-75.1659426772114,39.9531940428398,-75.1525134507185,40.0198296932081,pm_peak,TRUE,45,26.076231,restore,20251015,ok,30.7333333333333,1.1,0.9,22,6.73333333333333,2,515,32153
2579920102,8:10,490,-75.2162654488479,39.9464660922369,-75.1608290378846,39.9512565309348,am_peak,TRUE,20,25.871289,restore,20251015,ok,24.35,3.01666666666667,1.51666666666667,16.4666666666667,3.35,0,20789,283
2579920105,17:45,1065,-75.1608290378846,39.9512565309348,-75.2162654488479,39.9464660922369,pm_peak,TRUE,20,23.865408,restore,20251015,ok,26.1666666666667,1.7,4,17.1666666666667,3.3,2,2455,20811
2672010201,9:30,570,-75.1669894744938,39.9484799410289,-75.1662120144978,39.9238115855567,off_peak,FALSE,27,15.590835,restore,20251015,ok,28.05,0.883333333333333,6.31666666666667,15.8,5.05,1,25084,1286
2688810102,14:55,895,-75.1941152941134,39.9546263068532,-75.150229373412,39.9517620658106,off_peak,FALSE,35,15.35,restore,20251015,ok,12.85,1.28333333333333,0.716666666666667,7.98333333333333,2.86666666666667,1,20641,2458
2688810103,17:30,1050,-75.150229373412,39.9517620658106,-75.2165947836222,39.9537421538695,pm_peak,TRUE,30,23.31013,restore,20251015,ok,34.3333333333333,1.73333333333333,7.26666666666667,15.6833333333333,9.65,1,359,32179
2774350204,10:13,613,-75.2162654488479,39.9464660922369,-75.1725391195037,39.9527196860213,off_peak,FALSE,18,21.749239,restore,20251015,ok,19.0833333333333,3.01666666666667,1.51666666666667,12.8666666666667,1.68333333333333,0,20789,20646
2920170201,8:00,480,-75.1722288078707,39.9400534674801,-75.1725391195037,39.9527196860213,am_peak,TRUE,15,12.527511,restore,20251015,ok,25.0333333333333,1.26666666666667,1.9,13.8333333333333,8.03333333333333,1,2663,2660
2966540202,8:03,483,-75.1611907875754,39.9477574019743,-75.1984494658686,39.9539400028283,am_peak,TRUE,27,19.191247,restore,20251015,ok,29.8833333333333,0.5,4.15,24.4833333333333,0.75,1,16495,22284
2966540203,17:00,1020,-75.1984494658686,39.9539400028283,-75.1584424033225,39.9474108270156,pm_peak,TRUE,35,23.412371,restore,20251015,ok,23.0166666666667,0.75,0.383333333333333,14.1333333333333,7.75,1,22284,2456
3006050101,6:30,390,-75.2399779780059,39.9210924003411,-75.202230610969,39.9458213862922,am_peak,TRUE,35,23.344439,restore,20251015,ok,25.9833333333333,0.7,3.06666666666667,15.2333333333333,6.98333333333333,0,20708,20729
3006050102,16:00,960,-75.202230610969,39.9458213862922,-75.2399779780059,39.9210924003411,pm_peak,TRUE,105,20.273254,restore,20251015,ok,41.7833333333333,6.06666666666667,1.56666666666667,33.15,1,1,21230,20757
3024870101,8:30,510,-75.2143085167584,39.9408655334325,-75.1708705877199,39.9529581159317,am_peak,TRUE,32,19.371312,restore,20251015,ok,30.6666666666667,1.6,7.88333333333333,19.9166666666667,1.26666666666667,1,317,20646
3024870102,12:00,720,-75.1708705877199,39.9529581159317,-75.2143085167584,39.9408655334325,off_peak,FALSE,150,19.096302,restore,20251015,ok,20.2333333333333,1.2,1.01666666666667,16.4166666666667,1.6,0,20660,317
3032020102,13:38,818,-75.1262221694671,39.9679483007659,-75.1752524766747,39.9659654913561,off_peak,FALSE,22,26.312437,restore,20251015,ok,34.4,2.93333333333333,6.03333333333333,21.9333333333333,3.5,0,31463,690
3032020104,14:25,865,-75.1755490875517,39.9619810599662,-75.1262221694671,39.9679483007659,off_peak,FALSE,25,28.557489,restore,20251015,ok,34.9,1.65,1.53333333333333,27.9666666666667,3.75,1,25157,686
3033290201,10:00,600,-75.1550394779574,40.0672050029827,-75.1550394779574,40.0672050029827,off_peak,FALSE,,7.625119,restore,20251015,ok,9.26666666666667,1.23333333333333,6.13333333333333,0.366666666666667,1.53333333333333,0,18172,18173
3033290202,20:00,1200,-75.1550394779574,40.0672050029827,-75.1503212753435,40.0647775996619,off_peak,FALSE,240,8.180767,restore,20251015,ok,13.7166666666667,1.7,0.216666666666667,0.583333333333333,11.2166666666667,0,3939,14900
3038950101,10:00,600,-75.3128532544384,39.99398750657,-75.3490077338315,40.0452635767863,off_peak,FALSE,75,29.984811,restore,20251015,ok,95.6,7.16666666666667,25.85,53.9833333333333,8.6,2,18897,1930
3038950102,19:00,1140,-75.3490077338315,40.0452635767863,-75.3037399105563,39.9880925237514,off_peak,FALSE,30,29.716667,restore,20251015,ok,45.2166666666667,8.65,14.35,10,12.2166666666667,0,32192,32201
3049580106,13:42,822,-75.2376648010527,39.9482763035952,-75.2232933759479,39.9448265734297,off_peak,FALSE,38,13.907832,restore,20251015,ok,22.55,0.7,0.3,15.5166666666667,6.03333333333333,2,180,20868
3049580107,14:35,875,-75.2232933759479,39.9448265734297,-75.2376648010527,39.9482763035952,off_peak,FALSE,32,18.631738,restore,20251015,ok,22.2666666666667,5.81666666666667,2.55,1.18333333333333,12.7166666666667,0,21733,21735
3049580407,14:35,875,-75.2232933759479,39.9448265734297,-75.2376648010527,39.9482763035952,off_peak,FALSE,32,18.631738,restore,20251015,ok,22.2666666666667,5.81666666666667,2.55,1.18333333333333,12.7166666666667,0,21733,21735
3049580506,13:42,822,-75.2143085167584,39.9408655334325,-75.2232933759479,39.9448265734297,off_peak,FALSE,38,13.231894,restore,20251015,ok,16.9666666666667,1.6,4.4,4.81666666666667,6.15,0,317,21732
3049580507,14:35,875,-75.2232933759479,39.9448265734297,-75.2376648010527,39.9482763035952,off_peak,FALSE,32,18.631738,restore,20251015,ok,22.2666666666667,5.81666666666667,2.55,1.18333333333333,12.7166666666667,0,21733,21735
3070050301,7:45,465,-75.1324048029212,40.0556045453464,-75.1561127285024,39.9506763018863,am_peak,TRUE,45,35.271343,restore,20251015,ok,51.85,5.65,11.2166666666667,31.4,3.58333333333333,3,24704,2456
3070050302,17:00,1020,-75.1561127285024,39.9506763018863,-75.1324048029212,40.0556045453464,pm_peak,TRUE,35,34.849995,restore,20251015,ok,44.5833333333333,1.5,1.21666666666667,36.4,5.46666666666667,3,30081,23425
3121680202,8:20,500,-75.1792803129236,39.9102291849896,-75.1792803129236,39.9102291849896,am_peak,TRUE,,5.835977,restore,20251015,ok,12,5.28333333333333,2,0.283333333333333,4.43333333333333,0,21285,21286
3127840106,8:46,526,-75.1630984016405,39.9735438590113,-75.162026191264,39.9785569548507,am_peak,TRUE,2,6.650289,restore,20251015,ok,12.4333333333333,1.15,7.58333333333333,1.7,2,0,3068,3053
3127840109,14:00,840,-75.1659426772114,39.9531940428398,-75.1398050137829,40.0366774270012,off_peak,FALSE,15,25.438692,restore,20251015,ok,30.9166666666667,1.35,1.65,25.3,2.61666666666667,2,10266,23973
3127840110,14:20,860,-75.1398050137829,40.0366774270012,-75.1571977835929,40.0823045185899,off_peak,FALSE,60,30.391026,restore,20251015,ok,45.45,0.7,0.65,31.1666666666667,12.9333333333333,1,30304,16930
3127840111,15:30,930,-75.1571977835929,40.0823045185899,-75.1546939106137,40.0587336087499,off_peak,FALSE,29,26.155549,restore,20251015,ok,26.3333333333333,6.06666666666667,1.98333333333333,11.5166666666667,6.76666666666667,1,31633,11121
3127840112,16:02,962,-75.1546939106137,40.0587336087499,-75.1398050137829,40.0366774270012,pm_peak,TRUE,28,26.296332,restore,20251015,ok,31.0666666666667,6.56666666666667,5.5,10.9333333333333,8.06666666666667,0,77,17225
3127840113,16:40,1000,-75.1398050137829,40.0366774270012,-75.1537481432666,39.9503794767793,pm_peak,TRUE,5,24.682169,restore,20251015,ok,32.7666666666667,0.7,2.53333333333333,27.7666666666667,1.76666666666667,3,30304,728
3127840114,16:50,1010,-75.1537481432666,39.9503794767793,-75.1662257986882,39.9519342771783,pm_peak,TRUE,0,8.067412,restore,20251015,ok,6.85,1.46666666666667,1.01666666666667,2.51666666666667,1.85,0,32172,32175
3127840116,19:44,1184,-75.1659426772114,39.9531940428398,-75.1537481432666,39.9503794767793,off_peak,FALSE,0,8.431547,restore,20251015,ok,13.05,1.35,5.18333333333333,4.93333333333333,1.58333333333333,0,10266,18457
3127840118,20:48,1248,-75.1398050137829,40.0366774270012,-75.1546939106137,40.0587336087499,off_peak,FALSE,12,24.933338,restore,20251015,ok,38.6666666666667,2.18333333333333,8.41666666666667,21.2833333333333,6.78333333333333,2,15798,30811
3129140101,6:10,370,-75.2240469261417,40.0283746179593,-75.2240469261417,40.0283746179593,am_peak,TRUE,12,4.504478,restore,20251015,ok,13.65,5.08333333333333,3.36666666666667,0.533333333333333,4.66666666666667,0,18393,30913
3129140102,6:28,388,-75.2240469261417,40.0283746179593,-75.1847348588828,39.9565152107181,am_peak,TRUE,21,23.870865,restore,20251015,ok,48.4666666666667,4.53333333333333,4.9,36.3,2.73333333333333,1,16039,1537
3129140104,17:47,1067,-75.1634808483634,39.9480403151119,-75.2240469261417,40.0283746179593,pm_peak,TRUE,13,33.460577,restore,20251015,ok,46.7833333333333,1.36666666666667,0.883333333333333,40,4.53333333333333,4,5229,16039
3141440301,13:30,810,-75.0806751855718,40.016348069306,-75.1178467415517,39.9766815618422,off_peak,FALSE,60,34.271184,restore,20251015,ok,45.9333333333333,1.93333333333333,13.85,27.4666666666667,2.68333333333333,4,24572,17787
3141440302,21:15,1275,-75.1178467415517,39.9766815618422,-75.0806751855718,40.016348069306,off_peak,FALSE,60,29.321162,restore,20251015,ok,40.6166666666667,2.68333333333333,4.73333333333333,28.8333333333333,4.36666666666667,1,17787,217
3141440402,19:00,1140,-75.1142758205188,40.1491579177916,-75.0806751855718,40.016348069306,off_peak,FALSE,90,57.786353,restore,20251015,ok,70.25,1.2,3.23333333333333,61.2,4.61666666666667,2,16952,892
3144080101,7:45,465,-75.1495939755084,40.0125900284939,-75.1466622121185,39.9478355374067,am_peak,TRUE,55,24.994031,restore,20251015,ok,31.8,1.46666666666667,3.06666666666667,21.45,5.81666666666667,3,15985,2458
3144080103,10:30,630,-75.1638872349499,39.9525548857932,-75.1528356388386,39.9549263716921,off_peak,FALSE,30,10.157097,restore,20251015,ok,11.1333333333333,1.95,0.05,2.13333333333333,7,0,1392,2457
3144080104,13:00,780,-75.1528356388386,39.9549263716921,-75.1495939755084,40.0125900284939,off_peak,FALSE,40,14.842763,restore,20251015,ok,22.2,0.266666666666667,7.23333333333333,8.25,6.45,0,32145,32152
3144080105,16:30,990,-75.1495939755084,40.0125900284939,-75.162026191264,39.9785569548507,pm_peak,TRUE,40,16.716886,restore,20251015,ok,29.3333333333333,1.46666666666667,10.0666666666667,11.9666666666667,5.83333333333333,2,15985,32148
3144080107,19:00,1140,-75.162026191264,39.9785569548507,-75.1495939755084,40.0125900284939,off_peak,FALSE,75,16.860236,restore,20251015,ok,20.95,1.43333333333333,1.5,11.5666666666667,6.45,1,25384,32152
3158360102,17:10,1030,-75.1414393682529,39.9601471054741,-75.1614771099584,39.9569042938645,pm_peak,TRUE,30,18.017641,restore,20251015,ok,27.5666666666667,0.766666666666667,6.9,18.3333333333333,1.56666666666667,2,32375,32142
3164640101,10:00,600,-75.1778185045084,39.9859426039642,-75.1612826317197,39.9532127364358,off_peak,FALSE,0,32.46511,restore,20251015,ok,41.25,1.71666666666667,11.4666666666667,24.3666666666667,3.7,1,25801,5131
3164640201,9:00,540,-75.1778185045084,39.9859426039642,-75.1673759243643,39.9592890487195,am_peak,TRUE,0,23.219201,restore,20251015,ok,33.4166666666667,1.71666666666667,0.8,23.6166666666667,7.28333333333333,2,25801,17169
3164640202,12:00,720,-75.1673759243643,39.9592890487195,-75.1400970132193,39.9722367087517,off_peak,FALSE,0,28.530069,restore,20251015,ok,43.2,0.233333333333333,13.2166666666667,21.55,8.2,1,24172,353
3168910102,11:02,662,-75.1859236878394,40.0056791510122,-75.1553089348274,40.0036904586044,off_peak,FALSE,10,15.73424,restore,20251015,ok,27.7666666666667,0.8,5.9,17.65,3.41666666666667,1,4350,15019
3168910103,11:13,673,-75.1553089348274,40.0036904586044,-75.1553089348274,40.0036904586044,off_peak,FALSE,0,9.343538,restore,20251015,ok,11.8333333333333,2.78333333333333,4.93333333333333,0.583333333333333,3.53333333333333,0,2730,2702
3168910104,11:15,675,-75.1553089348274,40.0036904586044,-75.1322724324316,40.0400578246308,off_peak,FALSE,11,26.901152,restore,20251015,ok,34.0333333333333,3.41666666666667,7.93333333333333,15.65,7.03333333333333,1,15019,20965
3168910105,11:30,690,-75.1322724324316,40.0400578246308,-75.1257038337522,40.0616781641169,off_peak,FALSE,15,16.766375,restore,20251015,ok,27.2,3.61666666666667,2.68333333333333,9.3,11.6,1,26064,22728
3168910109,16:57,1017,-75.1392788470332,40.0429484652339,-75.1495939755084,40.0125900284939,pm_peak,TRUE,8,18.946487,restore,20251015,ok,23.7,2.08333333333333,5.83333333333333,14.3166666666667,1.46666666666667,2,17716,15985
3168910112,17:50,1070,-75.1495939755084,40.0125900284939,-75.1859236878394,40.0056791510122,pm_peak,TRUE,0,20.172615,restore,20251015,ok,18.8333333333333,1.46666666666667,0.766666666666667,15.8,0.8,2,15985,4350
3200660201,5:20,320,-75.3525624514966,39.9737875295276,-75.1701604201666,39.9562259742499,off_peak,FALSE,60,52.615924,restore,20251015,ok,62.6166666666667,11.8,7.16666666666667,38.25,5.4,2,18805,20660
3200660202,14:30,870,-75.1701604201666,39.9562259742499,-75.3525624514966,39.9737875295276,off_peak,FALSE,75,54.087793,restore,20251015,ok,68.8166666666667,1.85,1.05,53.4666666666667,12.45,3,4464,18665
3215440103,7:21,441,-75.1541388337345,39.9522458625874,-75.1906300416804,39.958024348983,am_peak,TRUE,6,13.758427,restore,20251015,ok,23.0166666666667,1.78333333333333,0.216666666666667,16.9833333333333,4.03333333333333,2,728,32177
3215440106,16:12,972,-75.1906300416804,39.958024348983,-75.1541388337345,39.9522458625874,pm_peak,TRUE,6,13.735541,restore,20251015,ok,30.35,1.55,15.8666666666667,10.7166666666667,2.21666666666667,1,21524,2457
3219110102,8:15,495,-75.1483144819563,39.9402627111676,-75.1708705877199,39.9529581159317,am_peak,TRUE,15,23.596833,restore,20251015,ok,25.65,0.9,4.36666666666667,19.1833333333333,1.2,3,17552,20660
3219110106,17:05,1025,-75.1741319574651,39.9575333855516,-75.1642635478598,39.945554104478,pm_peak,TRUE,30,12.870606,restore,20251015,ok,23.3166666666667,0.433333333333333,6.51666666666667,15.0833333333333,1.28333333333333,2,3098,15189
3229950101,11:15,675,-75.2182588102061,39.950471058218,-75.1630657978927,39.949981511781,off_peak,FALSE,60,25.330641,restore,20251015,ok,28.0166666666667,1.05,8.88333333333333,16.0666666666667,2.01666666666667,2,24855,6115
3229950102,20:00,1200,-75.1630657978927,39.949981511781,-75.2182588102061,39.950471058218,off_peak,FALSE,60,26.46016,restore,20251015,ok,30.2333333333333,1.48333333333333,1.51666666666667,16.9333333333333,10.3,1,130,21371
3240320104,17:45,1065,-75.1669894744938,39.9484799410289,-75.1834073455283,39.9599979498596,pm_peak,TRUE,20,18.073922,restore,20251015,ok,31.5666666666667,0.883333333333333,5.15,16.2833333333333,9.25,2,25084,20662
3240320105,19:55,1195,-75.1834073455283,39.9599979498596,-75.1605199473912,39.9452698186476,off_peak,FALSE,30,23.748785,restore,20251015,ok,22.2166666666667,7.98333333333333,0.233333333333333,7.1,6.9,1,1537,15188
3249440105,16:39,999,-75.2862320050127,39.9472873841357,-75.2538526622578,39.9589775244658,pm_peak,TRUE,11,23.142038,restore,20251015,ok,30.95,4.5,7.16666666666667,9.33333333333333,9.95,0,18629,15497
3249440106,16:55,1015,-75.2538526622578,39.9589775244658,-75.1834073455283,39.9599979498596,pm_peak,TRUE,12,30.005674,restore,20251015,ok,38.3833333333333,6.15,2.56666666666667,20.2833333333333,9.38333333333333,1,19611,21532
3250340201,6:00,360,-75.1612826317197,39.9532127364358,-75.025951705377,40.0340975453938,am_peak,TRUE,85,35.608485,restore,20251015,ok,64.4166666666667,1.83333333333333,3.86666666666667,57.65,1.06666666666667,3,20968,22541
3250340202,12:30,750,-75.025951705377,40.0340975453938,-75.1612826317197,39.9532127364358,off_peak,FALSE,60,48.778787,restore,20251015,ok,56.1,1.35,3.95,48.8333333333333,1.96666666666667,2,22702,32174
3250340203,22:00,1320,-75.1612826317197,39.9532127364358,-75.025951705377,40.0340975453938,off_peak,FALSE,85,40.199019,restore,20251015,ok,72.8333333333333,0.983333333333333,4.01666666666667,66.7666666666667,1.06666666666667,5,1721,22541
3257740101,8:00,480,-75.246585427285,39.957753586195,-75.173930383129,39.954707841715,am_peak,TRUE,40,28.963957,restore,20251015,ok,43.0333333333333,1.56666666666667,14.2,23.1333333333333,4.13333333333333,3,22136,20645
3260280101,9:25,565,-75.1611907875754,39.9477574019743,-75.1984494658686,39.9539400028283,am_peak,TRUE,34,19.191247,restore,20251015,ok,28.4166666666667,0.5,3.15,24.0166666666667,0.75,1,16495,22284
3260280102,11:02,662,-75.1984494658686,39.9539400028283,-75.177201361549,39.9550054347417,off_peak,FALSE,18,13.668361,restore,20251015,ok,13.5833333333333,2.13333333333333,1.28333333333333,8.16666666666667,2,1,622,20645
3260280105,15:30,930,-75.1611907875754,39.9477574019743,-75.1363742198001,39.9574637751164,off_peak,FALSE,15,21.576761,restore,20251015,ok,28.8333333333333,0.45,3.31666666666667,17.2333333333333,7.83333333333333,2,25086,2459
3260280106,16:40,1000,-75.1363742198001,39.9574637751164,-75.1611907875754,39.9477574019743,pm_peak,TRUE,0,22.202226,restore,20251015,ok,27.7666666666667,5.36666666666667,2.56666666666667,11.55,8.28333333333333,1,25794,32173
3260280204,15:45,945,-75.1611907875754,39.9477574019743,-75.1363742198001,39.9574637751164,off_peak,FALSE,1,21.576761,restore,20251015,ok,37.8333333333333,0.45,8.31666666666667,21.2333333333333,7.83333333333333,3,25086,2459
3260280205,16:40,1000,-75.1363742198001,39.9574637751164,-75.1611907875754,39.9477574019743,pm_peak,TRUE,20,22.202226,restore,20251015,ok,27.7666666666667,5.36666666666667,2.56666666666667,11.55,8.28333333333333,1,25794,32173
3269980103,13:00,780,-75.2879225601409,40.0096184499998,-75.1634808483634,39.9480403151119,off_peak,FALSE,40,45.894192,restore,20251015,ok,63.6166666666667,1.66666666666667,2.75,57.3333333333333,1.86666666666667,3,32219,1282
3269980302,7:13,433,-75.2859011035678,39.9804280541513,-75.2626735411038,39.9640057100153,am_peak,TRUE,12,16.408661,restore,20251015,ok,25.4166666666667,2.8,9.06666666666667,10.9333333333333,2.61666666666667,1,32203,18639
3269980306,16:40,1000,-75.1662257986882,39.9519342771783,-75.2626735411038,39.9640057100153,pm_peak,TRUE,16,23.869646,restore,20251015,ok,30.9166666666667,1.53333333333333,2.06666666666667,24.7,2.61666666666667,2,10266,18639
3269980307,17:01,1021,-75.2626735411038,39.9640057100153,-75.2859011035678,39.9804280541513,pm_peak,TRUE,3,15.453362,restore,20251015,ok,30.7666666666667,2.61666666666667,2.45,22.7666666666667,2.93333333333333,2,18639,1919
3271890101,8:10,490,-75.2354698649569,39.9579979858569,-75.2250001549737,39.9381660242818,am_peak,TRUE,33,21.785076,restore,20251015,ok,25.7,2.66666666666667,6.65,15.1333333333333,1.25,1,24518,20792
3271890102,16:45,1005,-75.2250001549737,39.9381660242818,-75.2354698649569,39.9579979858569,pm_peak,TRUE,45,19.052766,restore,20251015,ok,24.1,1.03333333333333,1.46666666666667,21.4833333333333,0.116666666666667,1,20819,24461
3271890201,7:45,465,-75.2268441409671,39.9506693986123,-75.1495939755084,40.0125900284939,am_peak,TRUE,60,38.841446,restore,20251015,ok,42.45,0.166666666666667,3.28333333333333,32.55,6.45,3,21738,32152
3271890202,16:35,995,-75.1495939755084,40.0125900284939,-75.2354698649569,39.9579979858569,pm_peak,TRUE,40,36.091772,restore,20251015,ok,40.2,1.46666666666667,5.06666666666667,31,2.66666666666667,4,15985,24518
3279280103,10:00,600,-75.1742868895805,39.952935291834,-75.1984494658686,39.9539400028283,off_peak,FALSE,20,14.750895,restore,20251015,ok,16.4166666666667,1.55,1.31666666666667,8.35,5.2,1,18447,20733
3279280104,12:00,720,-75.1984494658686,39.9539400028283,-75.1742868895805,39.952935291834,off_peak,FALSE,20,15.233414,restore,20251015,ok,21.65,0.583333333333333,1.1,17.8333333333333,2.13333333333333,1,21363,6065
3279280105,14:30,870,-75.1742868895805,39.952935291834,-75.1984494658686,39.9539400028283,off_peak,FALSE,20,14.750895,restore,20251015,ok,21.4166666666667,1.55,6.43333333333333,8.23333333333333,5.2,1,18447,20733
3279280106,22:15,1335,-75.1984494658686,39.9539400028283,-75.1742868895805,39.952935291834,off_peak,FALSE,25,13.544059,restore,20251015,ok,30.4666666666667,0.583333333333333,1.26666666666667,26.4833333333333,2.13333333333333,2,21363,6065
3286990104,18:35,1115,-74.9919645563739,40.0557019160434,-75.0141443812668,40.0424987630183,pm_peak,TRUE,35,23.043398,restore,20251015,ok,25.3166666666667,7.1,0.633333333333333,7.13333333333333,10.45,0,22687,22697
3286990204,18:35,1115,-74.9919645563739,40.0557019160434,-75.0272886661161,40.0451130655592,pm_peak,TRUE,20,26.974753,restore,20251015,ok,27.6,7.08333333333333,5.56666666666667,9.46666666666667,5.48333333333333,0,21911,21931
3289040101,13:00,780,-75.0482968493561,40.0672130084675,-74.9537657364031,40.1342148390318,off_peak,FALSE,73,44.305505,restore,20251015,ok,60.3,4.15,7.38333333333333,45.2333333333333,3.53333333333333,1,23269,30759
3289040102,18:59,1139,-74.9537657364031,40.1342148390318,-75.0482968493561,40.0672130084675,pm_peak,TRUE,44,47.675051,restore,20251015,ok,51.9833333333333,3.53333333333333,0.0833333333333333,38.5166666666667,9.85,0,30759,25960
3289040201,13:00,780,-75.0482968493561,40.0672130084675,-74.9537657364031,40.1342148390318,off_peak,FALSE,73,44.305505,restore,20251015,ok,60.3,4.15,7.38333333333333,45.2333333333333,3.53333333333333,1,23269,30759
3289040202,18:59,1139,-74.9537657364031,40.1342148390318,-75.0482968493561,40.0672130084675,pm_peak,TRUE,44,47.675051,restore,20251015,ok,51.9833333333333,3.53333333333333,0.0833333333333333,38.5166666666667,9.85,0,30759,25960
3290420201,7:30,450,-75.2806312780087,39.994902663922,-75.1505658415867,39.9464361327538,am_peak,TRUE,45,53.816329,restore,20251015,ok,78.7333333333333,6.18333333333333,27.7833333333333,37.0166666666667,7.75,1,19519,2458
3298740201,10:00,600,-75.1332215384763,40.011965414652,-75.1638872349499,39.9525548857932,off_peak,FALSE,30,30.739643,restore,20251015,ok,40.3833333333333,3.6,0.483333333333333,35.9166666666667,0.383333333333333,2,18552,1281
3298740202,12:30,750,-75.1638872349499,39.9525548857932,-75.1398050137829,40.0366774270012,off_peak,FALSE,15,23.751764,restore,20251015,ok,30.0166666666667,0.3,2.7,19,8.01666666666667,0,32141,32156
3298740203,12:55,775,-75.1398050137829,40.0366774270012,-75.1638872349499,39.9525548857932,off_peak,FALSE,5,25.816385,restore,20251015,ok,33.3833333333333,2.18333333333333,2.6,28.2166666666667,0.383333333333333,2,15798,1281
3298740204,15:00,900,-75.1638872349499,39.9525548857932,-75.1314420393667,40.0218288499157,off_peak,FALSE,30,30.013904,restore,20251015,ok,32.9166666666667,0.3,1.95,26.1333333333333,4.53333333333333,2,32141,18559
3298740205,16:30,990,-75.1314420393667,40.0218288499157,-75.1332215384763,40.011965414652,pm_peak,TRUE,30,12.780483,restore,20251015,ok,19.4,3.13333333333333,4.86666666666667,7.05,4.35,1,742,16256
3321170103,12:15,735,-75.2189686457819,40.0081594134958,-75.1859834521487,39.9698807322002,off_peak,FALSE,45,39.413321,restore,20251015,ok,48.3666666666667,5.13333333333333,3.2,36.35,3.68333333333333,3,6252,2902
3321170104,16:30,990,-75.1859834521487,39.9698807322002,-75.2256894030556,40.0047186865197,pm_peak,TRUE,60,38.705046,restore,20251015,ok,49.45,3.68333333333333,9.73333333333333,30.5833333333333,5.45,2,32504,952
3334970102,6:14,374,-75.4829079089365,40.0451966969818,-75.1834073455283,39.9599979498596,am_peak,TRUE,36,37.682509,restore,20251015,ok,91.3833333333333,5.83333333333333,2.86666666666667,73.3,9.38333333333333,3,19377,21532
3334970103,7:05,425,-75.1834073455283,39.9599979498596,-75.2074989674157,39.9516652307221,am_peak,TRUE,13,20.441392,restore,20251015,ok,22.7333333333333,7.98333333333333,0.75,10.6333333333333,3.36666666666667,1,1537,20879
3334970105,15:07,907,-75.1941152941134,39.9546263068532,-75.1834073455283,39.9599979498596,off_peak,FALSE,7,13.3945,restore,20251015,ok,14.05,1.51666666666667,0.183333333333333,2.96666666666667,9.38333333333333,0,20732,20643
3369580108,16:40,1000,-75.1569523625043,39.943116935689,-75.1550731760754,39.9469560187574,pm_peak,TRUE,10,8.436711,restore,20251015,ok,10.4833333333333,0.783333333333333,6.03333333333333,2.35,1.31666666666667,0,24330,24333
3369580109,16:55,1015,-75.1550731760754,39.9469560187574,-75.1611907875754,39.9477574019743,pm_peak,TRUE,9,8.519117,restore,20251015,ok,11.4666666666667,0.783333333333333,0.25,0.9,9.53333333333333,0,16292,16293
3369580111,19:55,1195,-75.1608290378846,39.9512565309348,-75.1840170635385,39.9534784074457,off_peak,FALSE,-5,11.516666,restore,20251015,ok,15.5,1.53333333333333,1.71666666666667,9.41666666666667,2.83333333333333,1,30082,20662
3382110105,9:06,546,-75.368739005283,39.9143240988748,-75.2626735411038,39.9640057100153,am_peak,TRUE,27,42.525595,restore,20251015,ok,45.4333333333333,1.93333333333333,12.7166666666667,28.1666666666667,2.61666666666667,1,15366,18639
3382110106,9:40,580,-75.2626735411038,39.9640057100153,-75.1638872349499,39.9525548857932,off_peak,FALSE,16,24.135069,restore,20251015,ok,35.95,2.61666666666667,3.18333333333333,28.2,1.95,2,18639,1392
3382110107,10:00,600,-75.1638872349499,39.9525548857932,-75.1545693550523,40.0111496191661,off_peak,FALSE,8,18.603211,restore,20251015,ok,16.8833333333333,0.3,0.95,9.75,5.88333333333333,0,32141,32152
3382110112,22:13,1333,-75.2626735411038,39.9640057100153,-75.3925245649585,39.9189589188966,off_peak,FALSE,0,34.699724,restore,20251015,ok,45.5833333333333,2.61666666666667,5,36.55,1.41666666666667,2,18639,18613
3383780102,11:10,670,-75.1941152941134,39.9546263068532,-75.1708705877199,39.9529581159317,off_peak,FALSE,20,11.429238,restore,20251015,ok,10.9166666666667,1.51666666666667,2.93333333333333,5.2,1.26666666666667,0,20732,20646
3422520101,10:00,600,-75.1546939106137,40.0587336087499,-75.2032844122027,39.9507247552209,off_peak,FALSE,45,52.971734,restore,20251015,ok,66.05,6.56666666666667,14.7,42.7333333333333,2.05,3,77,301
3422520102,11:15,675,-75.2032844122027,39.9507247552209,-75.2024327640643,39.9546329212277,off_peak,FALSE,,7.25,restore,20251015,ok,15,1.81666666666667,6.18333333333333,0.733333333333333,6.26666666666667,0,672,22128
3422520104,11:30,690,-75.2024327640643,39.9546329212277,-75.1840170635385,39.9534784074457,off_peak,FALSE,45,11.197636,restore,20251015,ok,13.25,1.73333333333333,4.26666666666667,6.83333333333333,0.416666666666667,0,421,20976
3422520105,12:30,750,-75.1840170635385,39.9534784074457,-75.1669894744938,39.9484799410289,off_peak,FALSE,30,15.275732,restore,20251015,ok,18.6166666666667,2.53333333333333,4.63333333333333,3.83333333333333,7.61666666666667,0,20643,31140
3422520106,14:30,870,-75.1669894744938,39.9484799410289,-75.1584424033225,39.9474108270156,off_peak,FALSE,15,6.624648,restore,20251015,ok,18.1666666666667,1,2.11666666666667,9.11666666666667,5.93333333333333,1,3042,6058
3422520107,15:00,900,-75.1584424033225,39.9474108270156,-75.1588750233838,39.9528401835985,off_peak,FALSE,30,8.554834,restore,20251015,ok,9.4,1.03333333333333,3.05,2.91666666666667,2.4,0,16842,32331
3422520108,16:00,960,-75.1588750233838,39.9528401835985,-75.1648345113326,39.9541020155151,pm_peak,TRUE,30,6.572394,restore,20251015,ok,10.8333333333333,1.86666666666667,5.13333333333333,3,0.833333333333333,0,10262,17842
3422520109,16:50,1010,-75.1648345113326,39.9541020155151,-75.1398050137829,40.0366774270012,pm_peak,TRUE,30,24.490754,restore,20251015,ok,33.9666666666667,0.833333333333333,5.16666666666667,25.7833333333333,2.18333333333333,2,17842,15798
3422520110,17:30,1050,-75.1398050137829,40.0366774270012,-75.1546939106137,40.0587336087499,pm_peak,TRUE,20,25.643284,restore,20251015,ok,31.0666666666667,0.7,3.53333333333333,18.1166666666667,8.71666666666667,1,30304,31519
3429820201,12:00,720,-75.4829079089365,40.0451966969818,-75.1612826317197,39.9532127364358,off_peak,FALSE,,54.16782,restore,20251015,ok,112.8,5.83333333333333,3.53333333333333,101.333333333333,2.1,4,19377,2455
3451130101,8:57,537,-75.0433688624618,40.023440833582,-75.1435480547611,40.0048596231255,am_peak,TRUE,43,38.307483,restore,20251015,ok,44.2833333333333,3.8,6.1,28,6.38333333333333,0,17951,18152
3451130102,9:44,584,-75.1435480547611,40.0048596231255,-75.1524573152991,39.9708851261141,off_peak,FALSE,38,24.927208,restore,20251015,ok,42.55,3.18333333333333,6.98333333333333,26.9333333333333,5.45,2,17367,16117
3469170201,7:30,450,-75.2980139860381,39.9634906864851,-75.2980139860381,39.9634906864851,am_peak,TRUE,25,7.332438,restore,20251015,ok,28.6833333333333,5.13333333333333,17.2,0.583333333333333,5.76666666666667,0,20064,20065
3469170202,17:15,1035,-75.2980139860381,39.9634906864851,-75.2626735411038,39.9640057100153,pm_peak,TRUE,30,17.361336,restore,20251015,ok,38.1666666666667,5.13333333333333,17.5333333333333,10.6666666666667,4.83333333333333,0,20064,18830
3469170203,17:50,1070,-75.2626735411038,39.9640057100153,-75.2980139860381,39.9634906864851,pm_peak,TRUE,20,17.104922,restore,20251015,ok,21.6166666666667,2.61666666666667,1.25,7.2,10.55,0,18639,18650
3471800101,7:30,450,-75.1067113574988,39.9836424590543,-75.202230610969,39.9458213862922,am_peak,TRUE,30,49.942541,restore,20251015,ok,46,5.28333333333333,4.4,29.3166666666667,7,2,20979,301
3471800102,10:00,600,-75.202230610969,39.9458213862922,-75.1067113574988,39.9836424590543,off_peak,FALSE,0,42.58729,restore,20251015,ok,68.65,5.85,9.38333333333333,48.15,5.26666666666667,3,31743,21113
3473810202,15:33,933,-75.1588750233838,39.9528401835985,-75.2806454415887,40.2304601821381,off_peak,FALSE,38,47.521966,restore,20251015,unreachable,,,,,,,,
3478450201,3:10,190,-75.1829342839572,39.9329910377486,-75.2537661165936,40.1153802483396,off_peak,FALSE,180,,restore,20251015,no_dest_stop,,,,,,,,
3478450202,19:15,1155,-75.2537661165936,40.1153802483396,-75.1829342839572,39.9329910377486,off_peak,FALSE,165,,restore,20251015,no_origin_stop,,,,,,,,
3478450301,8:00,480,-75.1829342839572,39.9329910377486,-75.2351116826331,39.934447396763,am_peak,TRUE,30,31.62238,restore,20251015,ok,46.9,0.95,14.4166666666667,18.8166666666667,12.7166666666667,1,25214,20717
3478450302,17:00,1020,-75.2351116826331,39.934447396763,-75.1829342839572,39.9329910377486,pm_peak,TRUE,60,35.124822,restore,20251015,ok,46.5666666666667,5.38333333333333,3.63333333333333,36.2333333333333,1.31666666666667,1,20787,25213
3482100101,12:00,720,-75.1900612521521,39.9261972601751,-75.1632627264191,39.9610182840982,off_peak,FALSE,45,30.001757,restore,20251015,ok,40.0833333333333,1.43333333333333,9.35,25.7166666666667,3.58333333333333,1,24241,32143
3482100102,13:15,795,-75.1632627264191,39.9610182840982,-75.1900612521521,39.9261972601751,off_peak,FALSE,120,28.701356,restore,20251015,ok,40.95,2.36666666666667,4.05,32.75,1.78333333333333,2,3036,32284
3483550101,7:10,430,-75.1662120144978,39.9238115855567,-75.1591175345241,39.9419118021734,am_peak,TRUE,35,15.642321,restore,20251015,ok,20.7833333333333,0.15,5.01666666666667,13.9,1.71666666666667,1,24253,16837
3483550105,16:30,990,-75.1580149724927,39.9493530835764,-75.1662120144978,39.9238115855567,pm_peak,TRUE,30,20.265733,restore,20251015,ok,20.55,1.63333333333333,0.85,17.9166666666667,0.15,2,14885,24253
3490040101,8:15,495,-75.2458322070382,39.9787834549805,-75.1545851492175,39.9813757258968,am_peak,TRUE,51,49.165754,restore,20251015,ok,49.1833333333333,0.933333333333333,1.88333333333333,39.6833333333333,6.68333333333333,2,20612,32148
3490040103,14:40,880,-75.1741319574651,39.9575333855516,-75.1545851492175,39.9813757258968,off_peak,FALSE,46,28.421915,restore,20251015,ok,33.3166666666667,0.433333333333333,3.3,25.9833333333333,3.6,2,3098,17279
3490040104,16:48,1008,-75.1545851492175,39.9813757258968,-75.2458322070382,39.9787834549805,pm_peak,TRUE,64,50.110264,restore,20251015,ok,58.4333333333333,1.55,5.83333333333333,47.4666666666667,3.58333333333333,4,16111,21882
3501890104,9:20,560,-75.259257848951,39.9196161877979,-75.1941152941134,39.9546263068532,am_peak,TRUE,34,32.050757,restore,20251015,ok,35.2166666666667,2.98333333333333,2.08333333333333,28.6333333333333,1.51666666666667,0,24568,20732
3501890107,17:45,1065,-75.1906300416804,39.958024348983,-75.2626735411038,39.9640057100153,pm_peak,TRUE,15,22.836948,restore,20251015,ok,28.4333333333333,1.55,1,23.2666666666667,2.61666666666667,2,21524,18639
3501890108,18:05,1085,-75.2626735411038,39.9640057100153,-75.1937934209145,39.951852697735,pm_peak,TRUE,27,26.76929,restore,20251015,ok,37.55,2.61666666666667,3.2,23.85,7.88333333333333,2,18639,2453
3501890202,11:47,707,-75.2833403981327,39.9123740495544,-75.2966603964201,39.9020047132286,off_peak,FALSE,3,15.590718,restore,20251015,ok,47.9833333333333,2.33333333333333,26.7833333333333,8.53333333333333,10.3333333333333,1,15333,25053
3501890205,12:31,751,-75.2966603964201,39.9020047132286,-75.2833403981327,39.9123740495544,off_peak,FALSE,2,12.572461,restore,20251015,ok,36.9833333333333,2.26666666666667,9.11666666666667,20.0166666666667,5.58333333333333,1,9948,20345
3516490101,6:15,375,-75.1599172675313,39.9309896846011,-75.1550139436622,39.9445812882334,am_peak,TRUE,25,16.532926,restore,20251015,ok,18.5833333333333,2.13333333333333,4.48333333333333,7.86666666666667,4.1,1,16608,22251
3523090102,6:33,393,-75.2632015381214,39.9505426932584,-75.2626735411038,39.9640057100153,am_peak,TRUE,0,12.279288,restore,20251015,ok,14.6666666666667,2.25,0.45,4.35,7.61666666666667,0,19606,19612
3523090104,14:56,896,-75.1612826317197,39.9532127364358,-75.1662257986882,39.9519342771783,off_peak,FALSE,2,5.546592,restore,20251015,ok,9.71666666666667,1.83333333333333,2.73333333333333,1.43333333333333,3.71666666666667,0,20968,17842
3523090105,15:06,906,-75.1662257986882,39.9519342771783,-75.2626735411038,39.9640057100153,off_peak,FALSE,15,23.869646,restore,20251015,ok,37.0333333333333,1.53333333333333,0.433333333333333,28.0333333333333,7.03333333333333,3,10266,1148
3523090106,15:25,925,-75.2626735411038,39.9640057100153,-75.2730699476355,39.952783790568,off_peak,FALSE,18,14.941881,restore,20251015,ok,16.5166666666667,5.33333333333333,1.66666666666667,4.66666666666667,4.85,0,15497,18599
3526370204,9:00,540,-75.2134011763507,40.0130658815662,-75.175919233186,40.0332814777088,am_peak,TRUE,35,31.740063,restore,20251015,ok,41.0333333333333,6.71666666666667,0.566666666666667,29.7166666666667,4.03333333333333,1,30915,5805
3546240301,8:00,480,-75.0465195441935,40.0283762827018,-75.0612157075945,40.0086516088368,am_peak,TRUE,45,24.792815,restore,20251015,ok,34.3166666666667,6.16666666666667,8.91666666666667,6.96666666666667,12.2666666666667,0,17951,17981
3554480101,8:30,510,-75.1782289254393,39.9273662256759,-75.1937934209145,39.951852697735,am_peak,TRUE,35,25.276286,restore,20251015,ok,33.7333333333333,1.2,4.88333333333333,24.55,3.1,2,21297,21360
3554480102,17:15,1035,-75.1937934209145,39.951852697735,-75.1782289254393,39.9273662256759,pm_peak,TRUE,25,32.185683,restore,20251015,ok,37.9166666666667,2.41666666666667,0.583333333333333,31.3166666666667,3.6,3,30643,24292
3554480201,10:00,600,-75.1782289254393,39.9273662256759,-75.1611907875754,39.9477574019743,off_peak,FALSE,45,22.724146,restore,20251015,ok,37.2666666666667,1.65,12.3,18.55,4.76666666666667,2,21333,32140
3554480202,18:00,1080,-75.1611907875754,39.9477574019743,-75.1782289254393,39.9273662256759,pm_peak,TRUE,60,22.721886,restore,20251015,ok,36.5333333333333,0.5,11.4166666666667,22.7666666666667,1.85,2,16495,21332
3568880103,11:45,705,-75.1928742171467,39.9459041130135,-75.1588750233838,39.9528401835985,off_peak,FALSE,25,24.491364,restore,20251015,ok,26.4833333333333,3.98333333333333,6.93333333333333,13.35,2.21666666666667,1,31744,2456
3568880203,11:45,705,-75.1928742171467,39.9459041130135,-75.1588750233838,39.9528401835985,off_peak,FALSE,25,24.491364,restore,20251015,ok,26.4833333333333,3.98333333333333,6.93333333333333,13.35,2.21666666666667,1,31744,2456
3574140206,16:46,1006,-75.1427276091799,39.9500099248171,-75.1584725274299,39.950967187359,pm_peak,TRUE,3,7.253304,restore,20251015,ok,8.95,1.45,2.95,3.08333333333333,1.46666666666667,0,32170,32173
3577750301,7:10,430,-75.1781614636911,39.9498663111966,-75.1612826317197,39.9532127364358,am_peak,TRUE,24,13.409997,restore,20251015,ok,16.1666666666667,0.95,5.85,7.2,2.16666666666667,1,22279,283
3579640101,5:54,354,-75.274466211559,40.2111841677703,-75.1647675352254,39.9513827603519,off_peak,FALSE,46,56.61263,restore,20251015,ok,106.283333333333,3.11666666666667,10.5,90.3833333333333,2.28333333333333,2,27519,1392
3579640102,15:30,930,-75.1647675352254,39.9513827603519,-75.274466211559,40.2111841677703,off_peak,FALSE,70,52.446211,restore,20251015,unreachable,,,,,,,,
3588880101,10:35,635,-75.2697148355171,39.9862485416151,-75.1509013014001,40.0025369261947,off_peak,FALSE,55,61.68193,restore,20251015,unreachable,,,,,,,,
3588880102,14:30,870,-75.1509013014001,40.0025369261947,-75.1495939755084,40.0125900284939,off_peak,FALSE,40,11.450578,restore,20251015,ok,12.95,2.56666666666667,1.28333333333333,7.68333333333333,1.41666666666667,0,28696,17302
3588880103,15:50,950,-75.1495939755084,40.0125900284939,-75.1379390053678,40.0162879355525,off_peak,FALSE,40,18.600063,restore,20251015,ok,21.75,1.41666666666667,2.23333333333333,9.5,8.6,1,17302,22406
3588880201,7:00,420,-75.1379390053678,40.0162879355525,-75.2697148355171,39.9862485416151,am_peak,TRUE,60,74.416215,restore,20251015,ok,96.9,2.05,8.38333333333333,74.5666666666667,11.9,5,32314,188
3588880202,10:35,635,-75.2697148355171,39.9862485416151,-75.1509013014001,40.0025369261947,off_peak,FALSE,55,61.68193,restore,20251015,unreachable,,,,,,,,
3588880203,14:30,870,-75.1509013014001,40.0025369261947,-75.1495939755084,40.0125900284939,off_peak,FALSE,40,11.450578,restore,20251015,ok,12.95,2.56666666666667,1.28333333333333,7.68333333333333,1.41666666666667,0,28696,17302
3588880204,15:40,940,-75.1495939755084,40.0125900284939,-75.1379390053678,40.0162879355525,off_peak,FALSE,50,18.600063,restore,20251015,ok,17.4833333333333,1.46666666666667,3,10.9333333333333,2.08333333333333,1,15985,32313
3593950101,14:24,864,-75.1742218041379,39.9513700637455,-75.1957094473416,39.9494354858208,off_peak,FALSE,26,15.487689,restore,20251015,ok,16.3333333333333,1.65,0.7,10.0166666666667,3.96666666666667,0,14086,31393
3593950105,18:26,1106,-75.2024327640643,39.9546329212277,-75.1742218041379,39.9513700637455,pm_peak,TRUE,10,17.113547,restore,20251015,ok,24.4833333333333,0.883333333333333,4.11666666666667,17.1166666666667,2.36666666666667,1,433,6065
3596790101,11:00,660,-75.1603362537134,39.9167023901516,-75.1543285653421,39.912135860101,off_peak,FALSE,15,6.724507,restore,20251015,ok,13.5833333333333,1.26666666666667,4.38333333333333,2.23333333333333,5.7,0,16314,24347
3604970202,17:30,1050,-75.1632627264191,39.9610182840982,-75.150229373412,39.9517620658106,pm_peak,TRUE,15,18.096997,restore,20251015,ok,19.85,2.85,3.11666666666667,11.0166666666667,2.86666666666667,1,17169,2458
3604970203,19:15,1155,-75.150229373412,39.9517620658106,-75.1768973037301,39.9372294658397,off_peak,FALSE,30,20.786151,restore,20251015,ok,30.1333333333333,1.73333333333333,4.26666666666667,21.7333333333333,2.4,0,359,21325
3605510104,15:38,938,-75.2376648010527,39.9482763035952,-75.2351116826331,39.934447396763,off_peak,FALSE,9,14.864683,restore,20251015,ok,18.7833333333333,2.98333333333333,0.0166666666666667,7.46666666666667,8.31666666666667,0,198,24532
3605510201,6:00,360,-75.1612826317197,39.9532127364358,-75.2351116826331,39.934447396763,am_peak,TRUE,60,29.486761,restore,20251015,ok,32.1166666666667,1.91666666666667,0.233333333333333,24.75,5.21666666666667,1,10264,20822
3605510204,20:30,1230,-75.2351116826331,39.934447396763,-75.1612826317197,39.9532127364358,off_peak,FALSE,90,27.363237,restore,20251015,ok,37.1666666666667,5.21666666666667,3,26.7833333333333,2.16666666666667,1,20822,283
3607950102,10:15,615,-75.1515094031092,39.9207626635082,-75.150229373412,39.9517620658106,off_peak,FALSE,15,24.701409,restore,20251015,ok,32.1,1.98333333333333,11.5666666666667,16.8166666666667,1.73333333333333,1,17380,359
3633010101,8:30,510,-75.1247882287306,39.9802857304346,-75.2626735411038,39.9640057100153,am_peak,TRUE,30,44.687846,restore,20251015,ok,58.4333333333333,1.75,2.53333333333333,51.5333333333333,2.61666666666667,3,16333,18639
3633010102,9:30,570,-75.2626735411038,39.9640057100153,-75.3967642023521,39.912580844843,off_peak,FALSE,30,45.224822,restore,20251015,ok,58.4666666666667,4.83333333333333,2.23333333333333,38.9666666666667,12.4333333333333,1,18830,18613
3633010103,16:30,990,-75.3967642023521,39.912580844843,-75.1247882287306,39.9802857304346,pm_peak,TRUE,30,72.557907,restore,20251015,ok,121.75,9.18333333333333,21.35,78.8,12.4166666666667,2,20032,2460
3633010104,17:10,1030,-75.1247882287306,39.9802857304346,-75.1247882287306,39.9802857304346,pm_peak,TRUE,30,6.798726,restore,20251015,ok,8.51666666666667,2.08333333333333,5.05,0.416666666666667,0.966666666666667,0,24024,24025
3637010107,13:05,785,-75.1779217463161,39.9533873770951,-75.1941152941134,39.9546263068532,off_peak,FALSE,5,10.861325,restore,20251015,ok,18.0166666666667,1.53333333333333,2.46666666666667,12.4333333333333,1.58333333333333,1,6067,20733
3637010110,13:49,829,-75.2024327640643,39.9546329212277,-75.1834073455283,39.9599979498596,off_peak,FALSE,2,16.851033,restore,20251015,ok,24.1333333333333,1.73333333333333,4.26666666666667,5.46666666666667,12.6666666666667,0,421,21356
3657130106,21:15,1275,-75.1445453348899,39.9427167473736,-75.1480724206306,39.9424699004001,off_peak,FALSE,45,3.35,restore,20251015,ok,10.5,1.43333333333333,2.43333333333333,0.6,6.03333333333333,0,32272,32273
3657130207,21:30,1290,-75.1591175345241,39.9419118021734,-75.1480724206306,39.9424699004001,off_peak,FALSE,30,10.819844,restore,20251015,ok,19.8333333333333,1.71666666666667,7.63333333333333,8.31666666666667,2.16666666666667,1,16837,25094
3661170103,8:36,516,-75.1584725274299,39.950967187359,-75.2626735411038,39.9640057100153,am_peak,TRUE,15,25.090802,restore,20251015,ok,32.4333333333333,1.46666666666667,4.01666666666667,24.3333333333333,2.61666666666667,1,32173,18639
3673860201,10:00,600,-75.1213011404462,39.9783266828423,-75.1427276091799,39.9500099248171,off_peak,FALSE,20,22.445479,restore,20251015,ok,33.85,0.683333333333333,14.2333333333333,17.4833333333333,1.45,2,16336,32170
3673860203,11:40,700,-75.1977262540913,39.9594259908695,-75.1213011404462,39.9783266828423,off_peak,FALSE,20,38.58122,restore,20251015,ok,48.8,1.81666666666667,9.8,28.4666666666667,8.71666666666667,2,20638,649
3678950301,8:00,480,-75.1662120144978,39.9238115855567,-75.1545851492175,39.9813757258968,am_peak,TRUE,45,27.943671,restore,20251015,ok,36.1833333333333,0.15,5.13333333333333,24.2166666666667,6.68333333333333,2,24253,32148
3679490104,15:20,920,-75.2774149663199,39.9687743576991,-75.1541388337345,39.9522458625874,off_peak,FALSE,20,32.751294,restore,20251015,ok,40.35,6.38333333333333,5.05,26.7,2.21666666666667,1,18824,2457
3698530101,9:30,570,-75.1697103405146,40.0285190426739,-75.1537481432666,39.9503794767793,off_peak,FALSE,30,31.050788,restore,20251015,ok,39.5666666666667,2.01666666666667,5.86666666666667,30.1,1.58333333333333,3,17128,18457
3698530102,12:00,720,-75.1537481432666,39.9503794767793,-75.1697103405146,40.0285190426739,off_peak,FALSE,60,30.597312,restore,20251015,ok,41.1,1.41666666666667,8.58333333333333,24.8666666666667,6.23333333333333,1,32144,17050
3712900101,15:40,940,-75.3461204046108,39.9094203303953,-75.3461204046108,39.9094203303953,off_peak,FALSE,20,12.692349,restore,20251015,ok,27.9166666666667,4.96666666666667,13.35,1.61666666666667,7.98333333333333,0,30415,19930
3745500102,10:20,620,-75.208260147084,39.9463603580681,-75.1537481432666,39.9503794767793,off_peak,FALSE,3,21.030085,restore,20251015,ok,21.4666666666667,1.7,2.08333333333333,16.35,1.33333333333333,1,20729,2457
3769830102,11:30,690,-75.1668204811424,39.9566224991973,-75.1937934209145,39.951852697735,off_peak,FALSE,45,19.099344,restore,20251015,ok,24.35,1.33333333333333,3.83333333333333,15.2666666666667,3.91666666666667,1,2707,20733
3777160101,12:40,760,-75.1571353154683,39.9662123143604,-75.1705068930163,39.9509065904554,off_peak,FALSE,35,19.55865,restore,20251015,ok,25.8666666666667,0.433333333333333,4.36666666666667,14.4166666666667,6.65,1,16121,8936
3777160102,13:34,814,-75.1705068930163,39.9509065904554,-75.1569523625043,39.943116935689,off_peak,FALSE,24,17.956833,restore,20251015,ok,18.3166666666667,1.26666666666667,1.36666666666667,3.3,12.3833333333333,0,6062,14908
3777160104,14:25,865,-75.1591175345241,39.9419118021734,-75.1571353154683,39.9662123143604,off_peak,FALSE,32,21.381213,restore,20251015,ok,24.1833333333333,1.71666666666667,3.68333333333333,15.8833333333333,2.9,0,16837,16854
3777160201,12:30,750,-75.1571353154683,39.9662123143604,-75.1584725274299,39.950967187359,off_peak,FALSE,,12.933255,restore,20251015,ok,16.0166666666667,0.433333333333333,4.36666666666667,8.2,3.01666666666667,0,16121,756
3777160203,15:30,930,-75.1560983260195,39.9553691545034,-75.1571353154683,39.9662123143604,off_peak,FALSE,30,11.553389,restore,20251015,ok,17.1833333333333,1.9,7.13333333333333,5.25,2.9,0,16846,16854
3779200101,10:30,630,-75.07263574168,40.0408416566457,-75.0593151476913,40.0302346423682,off_peak,FALSE,12,12.733217,restore,20251015,ok,37.65,0.416666666666667,12.4166666666667,19.5833333333333,5.23333333333333,1,15859,15760
3784140203,6:35,395,-75.1638872349499,39.9525548857932,-75.2134011763507,40.0130658815662,am_peak,TRUE,24,31.82924,restore,20251015,ok,30.3166666666667,1.95,1.05,20.0166666666667,7.3,2,1392,14995
3811460204,21:40,1300,-75.1540803782248,39.9488624668665,-75.1491478561502,39.9298438746743,off_peak,FALSE,43,16.265365,restore,20251015,ok,33.15,1.28333333333333,0.966666666666667,25.95,4.95,2,6113,30881
3825960201,7:30,450,-75.3024393659454,39.9834631042535,-75.1659426772114,39.9531940428398,am_peak,TRUE,45,43.136595,restore,20251015,ok,45.45,6.31666666666667,0.2,37.4833333333333,1.45,1,18903,1392
3825960202,17:05,1025,-75.1659426772114,39.9531940428398,-75.3024393659454,39.9834631042535,pm_peak,TRUE,55,39.843902,restore,20251015,ok,63.0833333333333,1.1,0.9,55,6.08333333333333,5,515,18860
3828300105,8:05,485,-75.0798260530761,40.0248633027149,-75.1678754160498,39.9518178612404,am_peak,TRUE,25,34.485307,restore,20251015,ok,47.9166666666667,2.06666666666667,2.2,39.7333333333333,3.91666666666667,2,30219,32175
3828300106,19:00,1140,-75.1678754160498,39.9518178612404,-75.041057350286,40.0391573349906,off_peak,FALSE,60,50.178886,restore,20251015,ok,64.5166666666667,1.36666666666667,5.03333333333333,53.6,4.51666666666667,4,14907,961
3828300302,6:57,417,-75.0548710138514,40.0392738731303,-75.1448779639192,40.0113597410072,am_peak,TRUE,40,40.971962,restore,20251015,ok,44.2833333333333,4.38333333333333,0.7,37.3833333333333,1.81666666666667,2,22457,16493
3828300303,14:39,879,-75.1448779639192,40.0113597410072,-75.0798260530761,40.0248633027149,off_peak,FALSE,26,33.46788,restore,20251015,ok,42.3333333333333,1.65,10.1333333333333,28.4833333333333,2.06666666666667,2,16396,30219
3828300304,15:15,915,-75.0798260530761,40.0248633027149,-75.041057350286,40.0391573349906,off_peak,FALSE,20,23.596679,restore,20251015,ok,37.0833333333333,2.06666666666667,0.233333333333333,31.5166666666667,3.26666666666667,2,30219,22354
3840300101,10:30,630,-75.2421801680258,39.9481308791093,-75.2503777426564,39.9710914282717,off_peak,FALSE,60,28.181371,restore,20251015,ok,31.2666666666667,1.13333333333333,3.18333333333333,16.55,10.4,1,21848,20692
3840300102,12:00,720,-75.2503777426564,39.9710914282717,-75.2421801680258,39.9481308791093,off_peak,FALSE,0,24.069068,restore,20251015,ok,26.0166666666667,1.28333333333333,8.15,14.2833333333333,2.3,1,21396,21820
3854510101,8:08,488,-75.124494522152,40.1214440489086,-75.1962680244175,40.0724717157188,am_peak,TRUE,79,51.241705,restore,20251015,ok,75.4,8.36666666666667,16.7,46.9333333333333,3.4,1,27533,1066
3863520105,15:25,925,-75.1742218041379,39.9513700637455,-75.1652643007328,39.9488899960486,off_peak,FALSE,20,12.196044,restore,20251015,ok,11.4666666666667,1.46666666666667,0.133333333333333,4.8,5.06666666666667,0,6064,14907
3863520106,16:15,975,-75.1652643007328,39.9488899960486,-75.1742218041379,39.9513700637455,pm_peak,TRUE,20,7.948627,restore,20251015,ok,12,1.46666666666667,3.11666666666667,5.76666666666667,1.65,0,14079,14086
3881100104,17:50,1070,-75.1545693550523,40.0111496191661,-75.1546498738633,40.0261270665432,pm_peak,TRUE,40,17.347881,restore,20251015,ok,26.1666666666667,0.7,8.48333333333333,9.15,7.83333333333333,1,18167,31460
3891190103,8:30,510,-75.1834073455283,39.9599979498596,-75.202230610969,39.9458213862922,am_peak,TRUE,5,20.048522,restore,20251015,ok,34.65,7.6,6.4,14.5833333333333,6.06666666666667,0,28325,21230
3891190104,16:45,1005,-75.202230610969,39.9458213862922,-75.202230610969,39.9458213862922,pm_peak,TRUE,20,7.672936,restore,20251015,ok,15.6333333333333,6.06666666666667,1.56666666666667,0.766666666666667,7.23333333333333,0,21230,21451
3892120103,6:29,389,-75.1588750233838,39.9528401835985,-75.1466622121185,39.9478355374067,am_peak,TRUE,10,11.803805,restore,20251015,ok,13.8333333333333,2.03333333333333,2.83333333333333,4.35,4.61666666666667,0,10259,14930
3892120104,15:15,915,-75.1466622121185,39.9478355374067,-75.1588750233838,39.9528401835985,off_peak,FALSE,10,12.634956,restore,20251015,ok,20.0833333333333,1.58333333333333,6.48333333333333,9.68333333333333,2.33333333333333,1,17564,14933
3893490101,8:50,530,-75.292284771946,39.9595531624096,-75.1957094473416,39.9494354858208,am_peak,TRUE,70,41.539176,restore,20251015,ok,53.15,2.96666666666667,13.8166666666667,31.5333333333333,4.83333333333333,3,13377,21450
3893490102,13:30,810,-75.1957094473416,39.9494354858208,-75.292284771946,39.9595531624096,off_peak,FALSE,60,41.297545,restore,20251015,ok,39.75,2.65,1.03333333333333,33.1,2.96666666666667,3,22573,13377
3900760203,8:00,480,-75.0589191747288,40.0341434174917,-75.1612826317197,39.9532127364358,am_peak,TRUE,570,40.456281,restore,20251015,ok,50.1,2.13333333333333,8.28333333333333,37.7166666666667,1.96666666666667,1,22461,32174
3904970101,8:26,506,-75.0529627230323,40.0535132505067,-75.0529627230323,40.0535132505067,am_peak,TRUE,4,5.372656,restore,20251015,ok,13.0166666666667,2.85,7,0.35,2.81666666666667,0,23281,23282
3904970102,11:00,660,-75.0529627230323,40.0535132505067,-75.0392105966606,40.0749172415666,off_peak,FALSE,30,19.313766,restore,20251015,ok,25.7833333333333,2.76666666666667,8.58333333333333,7.76666666666667,6.66666666666667,0,23103,23117
3904970103,13:00,780,-75.0392105966606,40.0749172415666,-75.0529627230323,40.0535132505067,off_peak,FALSE,0,13.852442,restore,20251015,ok,33.3,5.45,6.06666666666667,18.9333333333333,2.85,1,27759,23281
3905510101,8:30,510,-75.1483131665262,39.937767343598,-75.1691139313301,39.9535949564727,am_peak,TRUE,,22.370401,restore,20251015,ok,30.6,0.166666666666667,8.85,15.9833333333333,5.6,1,17546,32175
3923520101,14:15,855,-75.159777549525,39.9192696273914,-75.1722288078707,39.9400534674801,off_peak,FALSE,15,29.534345,restore,20251015,ok,28.8333333333333,1.2,0.9,17.9,8.83333333333333,2,18493,18273
3923520103,15:35,935,-75.1722288078707,39.9400534674801,-75.159777549525,39.9192696273914,off_peak,FALSE,15,21.572144,restore,20251015,ok,24.9333333333333,1.26666666666667,2.9,13.9333333333333,6.83333333333333,1,2663,24257
3923520501,7:40,460,-75.159777549525,39.9192696273914,-75.1722288078707,39.9400534674801,am_peak,TRUE,20,26.940069,restore,20251015,ok,32.2833333333333,1.21666666666667,4.9,16.1333333333333,10.0333333333333,2,16312,32138
3923520503,15:30,930,-75.1722288078707,39.9400534674801,-75.159777549525,39.9192696273914,off_peak,FALSE,510,21.572144,restore,20251015,ok,29.9333333333333,1.26666666666667,7.9,13.9333333333333,6.83333333333333,1,2663,24257
3929400102,9:15,555,-75.2414396306448,39.9567061667391,-75.1603747972298,39.949646258079,am_peak,TRUE,,24.272818,restore,20251015,ok,34.3333333333333,0.716666666666667,8.55,20.4333333333333,4.63333333333333,1,715,2455
3929400104,17:45,1065,-75.1662257986882,39.9519342771783,-75.2414396306448,39.9567061667391,pm_peak,TRUE,10,21.068062,restore,20251015,ok,36.2833333333333,1.53333333333333,3.46666666666667,21.6,9.68333333333333,1,10266,32182
3936810103,8:02,482,-75.1537481432666,39.9503794767793,-75.1834073455283,39.9599979498596,am_peak,TRUE,8,15.271516,restore,20251015,ok,16.25,1.46666666666667,1.01666666666667,4.51666666666667,9.25,0,32172,32176
3941850105,13:50,830,-75.2782358419767,40.1133698952466,-74.9452110255043,40.1208986646202,off_peak,FALSE,170,56.066667,restore,20251015,ok,84.8,9.71666666666667,12.3,49.9833333333333,12.8,2,31455,30140
3949980102,16:30,990,-75.1569523625043,39.943116935689,-75.1655206281913,39.9477143701067,pm_peak,TRUE,15,10.27426,restore,20251015,ok,18.4833333333333,1,9.71666666666667,2.28333333333333,5.48333333333333,0,22264,663
3966890102,9:00,540,-75.0746518061582,39.9953315333685,-75.2335550889088,39.9485225505081,am_peak,TRUE,60,64.095456,restore,20251015,ok,63.7666666666667,2.16666666666667,4.16666666666667,55.05,2.38333333333333,2,23801,20890
3966890103,13:15,795,-75.2335550889088,39.9485225505081,-75.0746518061582,39.9953315333685,off_peak,FALSE,75,68.306777,restore,20251015,ok,91.9166666666667,1.96666666666667,5.35,82.0666666666667,2.53333333333333,4,20891,23782
3966890104,16:30,990,-75.0746518061582,39.9953315333685,-75.2335550889088,39.9485225505081,pm_peak,TRUE,120,64.071138,restore,20251015,ok,58.7333333333333,2.3,0.633333333333333,52.1166666666667,3.68333333333333,3,23783,24524
3998300101,9:45,585,-75.1722789942054,39.9539778646615,-75.1662257986882,39.9519342771783,off_peak,FALSE,15,5.708835,restore,20251015,ok,14.85,1.38333333333333,1.28333333333333,10.3333333333333,1.85,1,8941,18451
3998560101,8:00,480,-75.1773253490168,39.9478229139105,-75.2240469261417,40.0283746179593,am_peak,TRUE,47,29.961394,restore,20251015,ok,44.7666666666667,1.45,7.56666666666667,31.2166666666667,4.53333333333333,2,22278,16039
4004890307,19:01,1141,-75.2783533552924,39.9575793577259,-75.2626735411038,39.9640057100153,off_peak,FALSE,29,12.463426,restore,20251015,ok,14.3833333333333,6.21666666666667,0.55,2.78333333333333,4.83333333333333,0,15102,18830
4004890308,19:40,1180,-75.2626735411038,39.9640057100153,-75.2783533552924,39.9575793577259,off_peak,FALSE,20,12.870081,restore,20251015,ok,21.4,2.61666666666667,8.31666666666667,3.86666666666667,6.6,0,18639,13414
4005130103,17:30,1050,-75.1711863712317,39.9750643402378,-75.1815493379532,39.9195932035454,pm_peak,TRUE,40,40.342011,restore,20251015,ok,44.9333333333333,3.73333333333333,3.4,34.2833333333333,3.51666666666667,1,12307,21339
4005130104,21:40,1300,-75.1815493379532,39.9195932035454,-75.1711863712317,39.9750643402378,off_peak,FALSE,15,38.922496,restore,20251015,ok,50.9,2.68333333333333,0.866666666666667,34.45,12.9,1,24369,108
4013690103,8:40,520,-75.1834073455283,39.9599979498596,-75.1834073455283,39.9599979498596,am_peak,TRUE,1,4.598742,restore,20251015,ok,23.05,7.98333333333333,4.2,0.666666666666667,10.2,0,1537,21529
4013690106,16:01,961,-75.1906300416804,39.958024348983,-75.1834073455283,39.9599979498596,pm_peak,TRUE,4,13.234685,restore,20251015,ok,20.8,2.41666666666667,9.55,0.533333333333333,8.3,0,21537,21538
4032620102,8:09,489,-75.1662120144978,39.9238115855567,-75.162026191264,39.9785569548507,am_peak,TRUE,21,25.324189,restore,20251015,ok,25.5166666666667,0.5,0.166666666666667,23.0166666666667,1.83333333333333,2,24287,25476
4032620105,17:17,1037,-75.162026191264,39.9785569548507,-75.1662120144978,39.9238115855567,pm_peak,TRUE,30,26.074297,restore,20251015,ok,30.05,1.43333333333333,3.15,20.4166666666667,5.05,1,25384,1286
4032620202,7:09,429,-75.1662120144978,39.9238115855567,-75.1662257986882,39.9519342771783,am_peak,TRUE,8,14.949555,restore,20251015,ok,19.1666666666667,0.5,0.166666666666667,15.3333333333333,3.16666666666667,1,24287,32141
4032620203,7:18,438,-75.1662257986882,39.9519342771783,-75.1427276091799,39.9500099248171,am_peak,TRUE,6,9.335163,restore,20251015,ok,13.45,1.53333333333333,0.533333333333333,9.88333333333333,1.5,1,10266,428
4032620206,16:15,975,-75.1427276091799,39.9500099248171,-75.1662257986882,39.9519342771783,pm_peak,TRUE,5,9.688468,restore,20251015,ok,11.85,1.45,3.95,4.6,1.85,0,32170,32175
4032620207,16:28,988,-75.1662257986882,39.9519342771783,-75.1662120144978,39.9238115855567,pm_peak,TRUE,7,15.773465,restore,20251015,ok,30.05,1,7,17,5.05,1,30828,1286
4046210101,7:30,450,-75.0602877916782,40.0432878262775,-75.0648694032685,40.0546094774541,am_peak,TRUE,,16.952245,restore,20251015,ok,19.3333333333333,2.65,2.8,7.5,6.38333333333333,1,23044,17686
4046210401,7:00,420,-75.0602877916782,40.0432878262775,-75.1665214095376,39.9615526212186,am_peak,TRUE,72,49.616616,restore,20251015,ok,58.85,2.65,0.883333333333333,52.35,2.96666666666667,3,23044,20412
4048490102,10:40,640,-75.180637080064,39.9501303685435,-75.2250001549737,39.9381660242818,off_peak,FALSE,80,26.016503,restore,20251015,ok,34.7666666666667,2.6,5.66666666666667,24.9,1.6,2,22235,20818
4048490103,12:30,750,-75.2250001549737,39.9381660242818,-75.1833908620653,39.9475606076449,off_peak,FALSE,20,28.987227,restore,20251015,ok,34.3,1.25,2.2,17.9333333333333,12.9166666666667,1,20792,21529
4048490104,15:45,945,-75.1833908620653,39.9475606076449,-75.1569523625043,39.943116935689,off_peak,FALSE,30,18.701376,restore,20251015,ok,28.7833333333333,3.01666666666667,4.76666666666667,19.9333333333333,1.06666666666667,1,30640,22250
4048490105,16:45,1005,-75.1569523625043,39.943116935689,-75.1773253490168,39.9478229139105,pm_peak,TRUE,30,12.99817,restore,20251015,ok,15.55,1,4.71666666666667,6.61666666666667,3.21666666666667,0,22264,22275
4048490204,15:58,958,-75.1773253490168,39.9478229139105,-75.1634808483634,39.9480403151119,off_peak,FALSE,,11.637686,restore,20251015,ok,15.8333333333333,1.45,4.78333333333333,7.76666666666667,1.83333333333333,0,22278,310
4056480103,20:50,1250,-75.1611907875754,39.9477574019743,-75.180637080064,39.9501303685435,off_peak,FALSE,25,13.871435,restore,20251015,ok,25.35,0.5,2.15,13.35,9.35,2,16495,32176
4061050102,12:29,749,-75.1545851492175,39.9813757258968,-75.1509013014001,40.0025369261947,off_peak,FALSE,16,16.378346,restore,20251015,ok,23.6166666666667,3.6,9.43333333333333,8.78333333333333,1.8,0,17279,30065
4061050103,14:26,866,-75.1509013014001,40.0025369261947,-75.1545851492175,39.9813757258968,off_peak,FALSE,22,16.154286,restore,20251015,ok,29.05,2.13333333333333,10.0166666666667,13,3.9,1,4327,17160
4063470105,13:45,825,-75.175827602964,39.9495803344789,-75.1937934209145,39.951852697735,off_peak,FALSE,10,11.777591,restore,20251015,ok,13.7333333333333,2.26666666666667,2.31666666666667,6.05,3.1,0,14088,21360
4071630201,12:30,750,-75.1599172675313,39.9309896846011,-75.1595117962634,39.9367714452714,off_peak,FALSE,30,7.914577,restore,20251015,ok,12.85,0.916666666666667,6.98333333333333,3.1,1.85,0,24320,1216
4071630202,15:00,900,-75.1595117962634,39.9367714452714,-75.1599172675313,39.9309896846011,off_peak,FALSE,40,10.076219,restore,20251015,ok,22.4333333333333,0.766666666666667,11.5333333333333,7.03333333333333,3.1,1,24674,16303
4071860201,6:30,390,-75.1692193512515,40.0665021000576,-75.1595117962634,39.9367714452714,am_peak,TRUE,65,51.936755,restore,20251015,ok,58.8666666666667,2.71666666666667,2.41666666666667,52.9666666666667,0.766666666666667,3,15488,24674
4071860202,15:35,935,-75.1595117962634,39.9367714452714,-75.1692193512515,40.0665021000576,off_peak,FALSE,100,53.257876,restore,20251015,ok,61.7833333333333,0.433333333333333,6.55,51.85,2.95,3,24754,17549
4074350302,11:35,695,-75.3038980358657,39.8649089631855,-75.7107281119047,39.840918603114,off_peak,FALSE,15,,restore,20251015,no_dest_stop,,,,,,,,
4074350303,12:00,720,-75.7107281119047,39.840918603114,-75.3938186136374,39.9651711354682,off_peak,FALSE,230,127.75,restore,20251015,no_origin_stop,,,,,,,,
4090670101,13:30,810,-75.1655206281913,39.9477143701067,-75.1564410395894,39.9491555327036,off_peak,FALSE,20,11.199544,restore,20251015,ok,11.7333333333333,1.63333333333333,2.03333333333333,6.26666666666667,1.8,1,5229,14908
4090670103,16:30,990,-75.1584424033225,39.9474108270156,-75.1655206281913,39.9477143701067,pm_peak,TRUE,30,10.505802,restore,20251015,ok,14.1833333333333,1.03333333333333,3.05,0.766666666666667,9.33333333333333,0,16842,16843
4110250303,12:30,750,-75.3113581658174,39.9560679168148,-75.2881050359287,39.9667946055376,off_peak,FALSE,93,20.36607,restore,20251015,ok,25.9,7.48333333333333,6.65,10.3666666666667,1.4,1,20056,18820
4110640102,8:54,534,-75.1953653714048,40.0470985479323,-75.1898142834651,40.0518717143354,am_peak,TRUE,4,10.116667,restore,20251015,ok,15.9833333333333,1.98333333333333,3.43333333333333,3.38333333333333,7.18333333333333,0,18280,18288
4120580201,8:30,510,-75.1247882287306,39.9802857304346,-75.1677276497158,39.9525760413027,am_peak,TRUE,25,26.543994,restore,20251015,ok,40.4,1.75,2.53333333333333,32.7166666666667,3.4,2,16333,32175
4120580206,16:54,1014,-75.1625826795934,39.9513495936779,-75.1247882287306,39.9802857304346,pm_peak,TRUE,36,24.223394,restore,20251015,ok,24.5666666666667,2.05,0.65,17.3666666666667,4.5,1,2455,23939
4120580301,8:30,510,-75.1247882287306,39.9802857304346,-75.1677276497158,39.9525760413027,am_peak,TRUE,25,26.543994,restore,20251015,ok,40.4,1.75,2.53333333333333,32.7166666666667,3.4,2,16333,32175
4120580302,16:30,990,-75.1677276497158,39.9525760413027,-75.1247882287306,39.9802857304346,pm_peak,TRUE,30,25.418882,restore,20251015,ok,28.5666666666667,1,2,21.0666666666667,4.5,2,18451,23939
4120860101,8:10,490,-75.0283305468631,40.0570508001269,-75.1561127285024,39.9506763018863,am_peak,TRUE,70,45.969998,restore,20251015,ok,52.1166666666667,0.45,1.58333333333333,46.45,3.63333333333333,2,23411,32172
4120860107,17:05,1025,-75.1608290378846,39.9512565309348,-75.0750322611491,40.0214372944722,pm_peak,TRUE,25,30.640007,restore,20251015,ok,33.0666666666667,1.7,2,29.1333333333333,0.233333333333333,1,2455,15804
4120860108,18:10,1090,-75.0750322611491,40.0214372944722,-75.0283305468631,40.0570508001269,pm_peak,TRUE,0,25.690393,restore,20251015,ok,30.5,0.25,3.88333333333333,26.0166666666667,0.35,2,15787,23341
4122150101,7:19,439,-75.2232933759479,39.9448265734297,-75.1701604201666,39.9562259742499,am_peak,TRUE,35,29.544799,restore,20251015,ok,29.0333333333333,5.51666666666667,1.13333333333333,16.75,5.63333333333333,0,20869,20646
4122150103,8:11,491,-75.1662257986882,39.9519342771783,-75.1937934209145,39.951852697735,am_peak,TRUE,13,13.756261,restore,20251015,ok,20.1333333333333,1,3,12.2166666666667,3.91666666666667,1,30828,20733
4122150106,16:32,992,-75.1937934209145,39.951852697735,-75.2232933759479,39.9448265734297,pm_peak,TRUE,37,18.37228,restore,20251015,ok,25.5166666666667,2.41666666666667,0.583333333333333,15.2333333333333,7.28333333333333,1,30643,20814
4122150201,8:15,495,-75.2232933759479,39.9448265734297,-75.1608290378846,39.9512565309348,am_peak,TRUE,47,29.802983,restore,20251015,ok,31.4,5.51666666666667,4.38333333333333,19.8,1.7,1,20869,2455
4122150202,17:02,1022,-75.1608290378846,39.9512565309348,-75.2232933759479,39.9448265734297,pm_peak,TRUE,28,28.787092,restore,20251015,ok,29.5166666666667,1.53333333333333,0.416666666666667,20.2833333333333,7.28333333333333,1,30082,20814
4122150301,7:30,450,-75.2232933759479,39.9448265734297,-75.1665214095376,39.9615526212186,am_peak,TRUE,42,39.803304,restore,20251015,ok,39.8,5.51666666666667,2.13333333333333,23.0166666666667,9.13333333333333,1,20869,3057
4122150401,7:19,439,-75.2232933759479,39.9448265734297,-75.1717674832599,39.9564206302579,am_peak,TRUE,35,29.07502,restore,20251015,ok,29,5.51666666666667,1.13333333333333,16.75,5.6,0,20869,20646
4135390101,12:00,720,-75.1609354256761,39.9985787329005,-75.1339173390945,39.9885141593941,off_peak,FALSE,60,20.614316,restore,20251015,ok,33.5666666666667,3.38333333333333,10.9666666666667,13.7666666666667,5.45,1,2661,17647
4135390102,15:00,900,-75.1339173390945,39.9885141593941,-75.1609354256761,39.9985787329005,off_peak,FALSE,120,25.004741,restore,20251015,ok,34.3833333333333,3.96666666666667,0.816666666666667,21.45,8.15,1,17633,4330
4151420401,8:30,510,-75.129379590646,40.0985420675764,-75.1256172805438,40.0721167066709,am_peak,TRUE,30,16.703283,restore,20251015,ok,21.6666666666667,4.81666666666667,3.2,6.25,7.4,0,17477,17524
4151420402,17:40,1060,-75.1256172805438,40.0721167066709,-75.129379590646,40.0985420675764,pm_peak,TRUE,20,18.253168,restore,20251015,ok,65.3833333333333,1.23333333333333,5.01666666666667,54.15,4.98333333333333,2,23439,16638
4156900102,8:16,496,-75.1962680244175,40.0724717157188,-75.1437069495727,40.0908743802349,am_peak,TRUE,22,31.70825,restore,20251015,ok,83.8166666666667,3.4,0.6,71.55,8.26666666666667,5,1066,8165
4156900105,18:00,1080,-75.1437069495727,40.0908743802349,-75.1962680244175,40.0724717157188,pm_peak,TRUE,21,29.750791,restore,20251015,ok,82.4,7.53333333333333,27.4666666666667,44,3.4,1,8159,1066
4161520201,10:05,605,-75.0769909306507,40.0311101522267,-74.9795376136262,40.1272335892217,off_peak,FALSE,45,49.601288,restore,20251015,ok,41.6,4.98333333333333,1,30.9,4.71666666666667,2,338,23059
4161520202,14:05,845,-74.9795376136262,40.1272335892217,-75.0769909306507,40.0311101522267,off_peak,FALSE,150,50.324361,restore,20251015,ok,46.35,4.46666666666667,0.0333333333333333,36.3833333333333,5.46666666666667,0,25952,22468
4165810101,9:30,570,-75.2165947836222,39.9537421538695,-75.1583275844786,39.9602029183105,off_peak,FALSE,30,29.424943,restore,20251015,ok,38.3,1,5.76666666666667,25.7333333333333,5.8,3,22190,32143
4165810102,15:00,900,-75.1583275844786,39.9602029183105,-75.1698571868868,39.9452577603363,off_peak,FALSE,20,19.278363,restore,20251015,ok,30.5333333333333,0.366666666666667,9.01666666666667,8.73333333333333,12.4166666666667,0,16126,16498
4165810105,21:30,1290,-75.1773253490168,39.9478229139105,-75.1630657978927,39.949981511781,off_peak,FALSE,30,13.594292,restore,20251015,ok,15.0666666666667,1.45,3.18333333333333,6.36666666666667,4.06666666666667,0,22278,310
4166930101,7:30,450,-75.1661003080911,39.9138576581668,-75.1541388337345,39.9522458625874,am_peak,TRUE,60,28.701108,restore,20251015,ok,30.35,1.4,4.53333333333333,22.2,2.21666666666667,2,759,2457
4166930104,17:30,1050,-75.1541388337345,39.9522458625874,-75.1661003080911,39.9138576581668,pm_peak,TRUE,30,29.556428,restore,20251015,ok,32.0666666666667,1.78333333333333,1.21666666666667,21.7166666666667,7.35,0,728,21253
4166930201,15:00,900,-75.1661003080911,39.9138576581668,-75.1593108938158,39.9400078893569,off_peak,FALSE,20,22.181638,restore,20251015,ok,29.1,1.88333333333333,5.9,8.46666666666667,12.85,1,24617,32138
4169530401,6:45,405,-74.8592732788772,40.2475559050292,-75.1638872349499,39.9525548857932,am_peak,TRUE,75,110.700288,restore,20251015,no_origin_stop,,,,,,,,
4169530402,16:30,990,-75.1638872349499,39.9525548857932,-74.8592732788772,40.2475559050292,pm_peak,TRUE,90,108.626724,restore,20251015,no_dest_stop,,,,,,,,
4182700101,9:15,555,-75.105165712328,40.1276279762693,-75.1213092333967,40.110417860785,am_peak,TRUE,10,22.788658,restore,20251015,no_origin_stop,,,,,,,,
4182700105,15:05,905,-75.1303917234572,40.1051385654962,-75.105165712328,40.1276279762693,off_peak,FALSE,20,29.189776,restore,20251015,no_dest_stop,,,,,,,,
4195770402,14:40,880,-74.9853265543148,40.0477525065309,-75.1612826317197,39.9532127364358,off_peak,FALSE,20,52.235668,restore,20251015,ok,70.1,5.3,0.183333333333333,62.65,1.96666666666667,3,22559,32174
4212940101,3:45,225,-75.3673834571287,40.1080902731022,-75.1461838934269,39.9589037110814,off_peak,FALSE,186,87.294782,restore,20251015,no_origin_stop,,,,,,,,
4212940102,15:36,936,-75.1461838934269,39.9589037110814,-75.3673834571287,40.1080902731022,off_peak,FALSE,69,82.889388,restore,20251015,no_dest_stop,,,,,,,,
4218280101,6:30,390,-75.1727947008017,39.9254003368501,-75.1619465866814,40.0435075759518,am_peak,TRUE,60,44.042432,restore,20251015,ok,46.2666666666667,1.03333333333333,1.05,43.1166666666667,1.06666666666667,4,24290,15919
4218280103,21:00,1260,-74.9919645563739,40.0557019160434,-75.1727947008017,39.9254003368501,off_peak,FALSE,75,61.323722,restore,20251015,ok,93.6166666666667,7.08333333333333,6.03333333333333,75.8833333333334,4.61666666666667,4,21911,1286
4218280201,6:00,360,-75.1727947008017,39.9254003368501,-75.2239722514315,39.9735103886618,am_peak,TRUE,45,45.440448,restore,20251015,ok,42.9,1.03333333333333,6.4,31.65,3.81666666666667,2,3045,20679
4218890201,10:00,600,-75.1748164256956,39.9150535108662,-75.1612826317197,39.9532127364358,off_peak,FALSE,30,19.127612,restore,20251015,ok,24.1,1.43333333333333,5.56666666666667,13,4.1,1,24615,32141
4218890202,16:00,960,-75.1612826317197,39.9532127364358,-75.1748164256956,39.9150535108662,pm_peak,TRUE,30,19.008815,restore,20251015,ok,32.1833333333333,1.83333333333333,0.616666666666667,24.05,5.68333333333333,3,20968,20967
4226400104,17:05,1025,-75.3460361638143,40.1143423687777,-75.2626735411038,39.9640057100153,pm_peak,TRUE,23,33.942327,restore,20251015,ok,51.4833333333333,1.95,8.05,38.8666666666667,2.61666666666667,1,32185,18639
4226400105,17:33,1053,-75.2626735411038,39.9640057100153,-75.1414393682529,39.9601471054741,pm_peak,TRUE,25,32.548835,restore,20251015,ok,37.7,2.61666666666667,0.25,33.1333333333333,1.7,2,18639,2459
4226400202,8:35,515,-75.1414393682529,39.9601471054741,-75.1701604201666,39.9562259742499,am_peak,TRUE,30,18.911922,restore,20251015,ok,28.3166666666667,1.16666666666667,2.83333333333333,22.2666666666667,2.05,3,22030,14935
4226400203,17:10,1030,-75.1701604201666,39.9562259742499,-75.1701604201666,39.9562259742499,pm_peak,TRUE,30,4.251208,restore,20251015,ok,12.2833333333333,1.25,8.46666666666667,0.583333333333333,1.98333333333333,0,14911,14912
4237420101,6:00,360,-75.5452592499028,40.203087602511,-75.1677276497158,39.9525760413027,am_peak,TRUE,90,133.333258,restore,20251015,no_origin_stop,,,,,,,,
4247090101,9:00,540,-75.1781614636911,39.9498663111966,-75.1984494658686,39.9539400028283,am_peak,TRUE,15,9.966146,restore,20251015,ok,22.2666666666667,0.95,0.733333333333333,20,0.583333333333333,2,22279,21363
4275100401,6:35,395,-75.2203509863295,40.0410461667675,-75.1595117962634,39.9367714452714,am_peak,TRUE,45,46.809493,restore,20251015,ok,63.8666666666667,5.63333333333333,1.35,56.1166666666667,0.766666666666667,2,16066,24674
4275100402,10:30,630,-75.1595117962634,39.9367714452714,-75.1516301589525,39.9168650559185,off_peak,FALSE,45,19.053418,restore,20251015,ok,23.7,0.766666666666667,2.53333333333333,16.1833333333333,4.21666666666667,1,24674,18132
4276150101,8:35,515,-75.1628439188361,39.9457617844426,-75.1937934209145,39.951852697735,am_peak,TRUE,30,21.445981,restore,20251015,ok,23.4166666666667,2.41666666666667,2.71666666666667,15.8666666666667,2.41666666666667,0,22268,30643
4276150102,17:00,1020,-75.1937934209145,39.951852697735,-75.1537481432666,39.9503794767793,pm_peak,TRUE,25,16.56589,restore,20251015,ok,23.4666666666667,2.41666666666667,5.58333333333333,14.1333333333333,1.33333333333333,2,30643,2457
4302550101,9:00,540,-75.2774149663199,39.9687743576991,-75.3024393659454,39.9834631042535,am_peak,TRUE,30,19.508835,restore,20251015,ok,33.3,5.95,3.25,18.4833333333333,5.61666666666667,1,18651,18863
4310310101,11:30,690,-75.177201361549,39.9550054347417,-75.1906300416804,39.958024348983,off_peak,FALSE,30,12.364913,restore,20251015,ok,11.9166666666667,1.95,1.33333333333333,2.71666666666667,5.91666666666667,0,20661,20658
4312300101,9:10,550,-75.2119692985922,40.025270412473,-75.1659426772114,39.9531940428398,am_peak,TRUE,15,21.146886,restore,20251015,ok,36.1,3.6,4.8,26.6,1.1,0,10201,515
4320260101,15:30,930,-75.1102184888777,39.9887849617672,-75.1621989372444,39.9276530000056,off_peak,FALSE,60,46.937114,restore,20251015,ok,53.2833333333333,4.43333333333333,3.66666666666667,40.6666666666667,4.51666666666667,2,30800,16522
4320260102,21:00,1260,-75.1621989372444,39.9276530000056,-75.1102184888777,39.9887849617672,off_peak,FALSE,65,45.038301,restore,20251015,ok,59.2833333333333,2.01666666666667,6.8,46.95,3.51666666666667,5,16601,17817
4322080101,7:20,440,-75.1393249025147,40.0100834581765,-75.1691139313301,39.9535949564727,am_peak,TRUE,55,27.685963,restore,20251015,ok,34.0666666666667,4.18333333333333,4.38333333333333,23.7833333333333,1.71666666666667,3,18151,10272
4322080102,12:30,750,-75.1691139313301,39.9535949564727,-75.1393249025147,40.0100834581765,off_peak,FALSE,45,29.525072,restore,20251015,ok,45.05,1.35,0.85,38.1666666666667,4.68333333333333,3,8938,17425
4322080104,19:00,1140,-75.1509013014001,40.0025369261947,-75.1393249025147,40.0100834581765,off_peak,FALSE,60,10.453227,restore,20251015,ok,20.9833333333333,1.8,10.2166666666667,4.61666666666667,4.35,0,30065,17368
4333730103,14:00,840,-75.1191244525154,40.0364863338015,-75.1074608568458,40.0361390710689,off_peak,FALSE,15,9.627913,restore,20251015,ok,37.3166666666667,2.7,12.6333333333333,19.95,2.03333333333333,1,17672,24825
4342350302,17:30,1050,-75.1629472849343,39.9666206906345,-75.1648345113326,39.9541020155151,pm_peak,TRUE,20,12.02212,restore,20251015,ok,19.8,2.76666666666667,4.31666666666667,10.4666666666667,2.25,1,18432,5131
4352930302,15:00,900,-74.9706843838361,40.0810152002897,-75.0733744933994,40.0711402892958,off_peak,FALSE,45,43.691773,restore,20251015,ok,65.75,6.68333333333333,3.91666666666667,53.4833333333333,1.66666666666667,4,1524,23527
4364010101,12:25,745,-75.1505658415867,39.9464361327538,-75.1630657978927,39.949981511781,off_peak,FALSE,15,13.731081,restore,20251015,ok,15.1666666666667,2.45,2.23333333333333,8.28333333333333,2.2,0,22140,14887
4369530101,7:00,420,-75.2240469261417,40.0283746179593,-75.2361840313814,40.0659288695917,am_peak,TRUE,30,26.560449,restore,20251015,ok,42.6666666666667,4.66666666666667,4.21666666666667,28.1166666666667,5.66666666666667,1,30913,12253
4369530102,17:15,1035,-75.2361840313814,40.0659288695917,-75.2240469261417,40.0283746179593,pm_peak,TRUE,15,25.348863,restore,20251015,unreachable,,,,,,,,
4381540101,8:15,495,-75.1700384657366,39.9693644720962,-75.1588750233838,39.9528401835985,am_peak,TRUE,35,21.33371,restore,20251015,ok,26.4833333333333,0.866666666666667,1.75,21.65,2.21666666666667,2,2801,2456
4381540102,17:30,1050,-75.1588750233838,39.9528401835985,-75.1700384657366,39.9693644720962,pm_peak,TRUE,30,17.952199,restore,20251015,ok,25.15,1.86666666666667,2.41666666666667,20,0.866666666666667,1,10262,2801
4384840102,8:40,520,-75.1655746637264,39.9307064691021,-75.1638872349499,39.9525548857932,am_peak,TRUE,3,11.813283,restore,20251015,ok,23.3,1.11666666666667,7.1,14.7833333333333,0.3,1,24220,32141
4384840103,8:46,526,-75.1638872349499,39.9525548857932,-75.1708705877199,39.9529581159317,am_peak,TRUE,2,7.183058,restore,20251015,ok,5.65,1.85,0.15,2.45,1.2,0,283,20660
4384840107,18:10,1090,-75.1638872349499,39.9525548857932,-75.1655746637264,39.9307064691021,pm_peak,TRUE,3,11.905431,restore,20251015,ok,16.4833333333333,0.383333333333333,1.61666666666667,10,4.48333333333333,0,1281,1285
4384840202,8:42,522,-75.1655746637264,39.9307064691021,-75.1638872349499,39.9525548857932,am_peak,TRUE,8,11.813283,restore,20251015,ok,21.3,1.11666666666667,5.1,14.7833333333333,0.3,1,24220,32141
4384840203,8:52,532,-75.1638872349499,39.9525548857932,-75.1708705877199,39.9529581159317,am_peak,TRUE,2,7.183058,restore,20251015,ok,5.65,1.85,0.15,2.45,1.2,0,283,20660
4384840206,18:15,1095,-75.1638872349499,39.9525548857932,-75.1655746637264,39.9307064691021,pm_peak,TRUE,8,11.905431,restore,20251015,ok,18.4833333333333,0.383333333333333,3.61666666666667,10,4.48333333333333,0,1281,1285
4387350101,11:25,685,-75.2426068713605,39.9822769709651,-75.2862320050127,39.9472873841357,off_peak,FALSE,15,37.797493,restore,20251015,ok,60.05,2.1,8.76666666666667,44.3666666666667,4.81666666666667,3,21881,18600
4387350102,13:10,790,-75.2862320050127,39.9472873841357,-75.2354698649569,39.9579979858569,off_peak,FALSE,35,30.047359,restore,20251015,ok,30.1,4.5,0.166666666666667,18.95,6.48333333333333,1,18629,2449
4398290101,6:52,412,-75.1505658415867,39.9464361327538,-75.1629816913276,39.9348297671495,am_peak,TRUE,28,19.234006,restore,20251015,ok,23.1333333333333,2.38333333333333,1.61666666666667,14.2,4.93333333333333,2,14880,24755
4398290102,15:30,930,-75.1629816913276,39.9348297671495,-75.1505658415867,39.9464361327538,off_peak,FALSE,40,20.307047,restore,20251015,ok,25.6,1.46666666666667,4.31666666666667,7.45,12.3666666666667,0,16832,16841
4408390102,10:11,611,-75.1712542041449,40.055999502503,-75.1398050137829,40.0366774270012,off_peak,FALSE,7,26.761107,restore,20251015,ok,42.7666666666667,3.7,18.85,18.0333333333333,2.18333333333333,1,18182,15798
4408390103,10:25,625,-75.1398050137829,40.0366774270012,-75.2024327640643,39.9546329212277,off_peak,FALSE,22,40.373061,restore,20251015,ok,56.9,2.18333333333333,2.46666666666667,47.5833333333333,4.66666666666667,4,15798,32178
4408390105,11:10,670,-75.2024327640643,39.9546329212277,-75.0593151476913,40.0302346423682,off_peak,FALSE,10,48.637724,restore,20251015,ok,59.7333333333333,1.73333333333333,2.26666666666667,52,3.73333333333333,4,421,21607
4408390108,11:40,700,-75.1471644147674,40.0425358392666,-75.1571977835929,40.0823045185899,off_peak,FALSE,25,26.725085,restore,20251015,ok,41.7333333333333,1.53333333333333,6.96666666666667,22.9166666666667,10.3166666666667,1,19061,31817
4408390111,1:00,60,-75.1571977835929,40.0823045185899,-75.1775196297924,40.0491886937231,off_peak,FALSE,-615,29.469078,restore,20251015,unreachable,,,,,,,,
4409010201,9:00,540,-75.1722093187508,39.9861472659912,-75.1541388337345,39.9522458625874,am_peak,TRUE,45,29.964168,restore,20251015,ok,30.8833333333333,3.56666666666667,1.45,20.4833333333333,5.38333333333333,2,3121,2440
4409010202,12:00,720,-75.1541388337345,39.9522458625874,-75.1722093187508,39.9861472659912,off_peak,FALSE,30,35.148436,restore,20251015,ok,39.0833333333333,1.4,9.6,20.3666666666667,7.71666666666667,0,915,17883
4409010301,9:00,540,-75.1722093187508,39.9861472659912,-75.1541388337345,39.9522458625874,am_peak,TRUE,45,29.964168,restore,20251015,ok,30.8833333333333,3.56666666666667,1.45,20.4833333333333,5.38333333333333,2,3121,2440
4409010302,12:00,720,-75.1541388337345,39.9522458625874,-75.1742078313758,39.9986750681483,off_peak,FALSE,60,31.49157,restore,20251015,ok,36.95,1.95,1.36666666666667,29.6833333333333,3.95,2,10341,20532
4424980102,11:30,690,-75.1588750233838,39.9528401835985,-75.1505658415867,39.9464361327538,off_peak,FALSE,25,14.486447,restore,20251015,ok,15.7666666666667,2.03333333333333,2.53333333333333,2.86666666666667,8.33333333333333,0,10259,10331
4439730101,8:03,483,-75.2322455285086,39.963278945388,-75.177201361549,39.9550054347417,am_peak,TRUE,23,18.436765,restore,20251015,ok,20.9,1.66666666666667,1.7,15.5333333333333,2,2,24516,20645
4440130101,11:00,660,-75.2344018743884,39.9529742315534,-75.1528356388386,39.9549263716921,off_peak,FALSE,45,32.949828,restore,20251015,ok,35.1333333333333,2.91666666666667,6.33333333333333,18.8833333333333,7,1,24457,2457
4450080101,11:30,690,-75.1774381258043,39.9578243101046,-75.1724998481553,39.9491635804723,off_peak,FALSE,30,16.300433,restore,20251015,ok,23.3833333333333,2.35,2.9,8.78333333333333,9.35,1,3155,25204
4450080102,13:00,780,-75.1724998481553,39.9491635804723,-75.1588750233838,39.9528401835985,off_peak,FALSE,20,16.369159,restore,20251015,ok,19.3,0.883333333333333,1.71666666666667,6.43333333333333,10.2666666666667,0,25078,25085
4450080103,14:50,890,-75.1588750233838,39.9528401835985,-75.1774381258043,39.9578243101046,off_peak,FALSE,25,14.736952,restore,20251015,ok,18.2333333333333,1.86666666666667,0.766666666666667,13.25,2.35,1,10262,3155
4476210102,9:30,570,-75.177201361549,39.9550054347417,-75.1785792243999,39.9689777214525,off_peak,FALSE,30,11.29454,restore,20251015,ok,18.8833333333333,1.95,1.98333333333333,12.1833333333333,2.76666666666667,0,10283,30102
4476210103,13:30,810,-75.1785792243999,39.9689777214525,-75.1673585815214,39.9505151310837,off_peak,FALSE,30,20.48011,restore,20251015,ok,21.35,2.05,0.8,14.45,4.05,0,5371,18451
4476210104,14:30,870,-75.1673585815214,39.9505151310837,-75.1785792243999,39.9689777214525,off_peak,FALSE,45,20.980782,restore,20251015,ok,25.1333333333333,1.18333333333333,3.71666666666667,17.1,3.13333333333333,1,2660,31115
4479380102,7:35,455,-75.2074989674157,39.9516652307221,-75.1732743609913,39.9456003211594,am_peak,TRUE,25,25.065674,restore,20251015,ok,33.4833333333333,0.866666666666667,2.86666666666667,29.5166666666667,0.233333333333333,3,21431,14958
4479380103,17:00,1020,-75.1732743609913,39.9456003211594,-75.2162654488479,39.9464660922369,pm_peak,TRUE,45,29.589872,restore,20251015,ok,30.1666666666667,0.266666666666667,5.75,20.85,3.3,1,22273,20811
4483410101,9:30,570,-75.1516301589525,39.9168650559185,-75.1977262540913,39.9594259908695,off_peak,FALSE,30,42.12106,restore,20251015,ok,48.4,1,7.01666666666667,33.2166666666667,7.16666666666667,2,17373,32178
4483410102,12:15,735,-75.1977262540913,39.9594259908695,-75.1516301589525,39.9168650559185,off_peak,FALSE,705,38.757952,restore,20251015,ok,51.7,1.81666666666667,4.8,40.8666666666667,4.21666666666667,4,20638,18132
4500900102,8:10,490,-75.4233197162045,40.0419674851349,-75.1840170635385,39.9534784074457,am_peak,TRUE,30,42.087041,restore,20251015,ok,100.633333333333,6.6,27.95,63.45,2.63333333333333,1,19403,21532
4500900105,17:47,1067,-75.1742868895805,39.952935291834,-75.1677276497158,39.9525760413027,pm_peak,TRUE,3,7.781714,restore,20251015,ok,4.76666666666667,1.55,0.15,2.06666666666667,1,0,18447,18451
4502380101,8:05,485,-75.1829342839572,39.9329910377486,-75.1668204811424,39.9566224991973,am_peak,TRUE,15,27.745266,restore,20251015,ok,30.9333333333333,1.01666666666667,0.483333333333333,23.5,5.93333333333333,2,24228,32142
4502380102,16:50,1010,-75.1668204811424,39.9566224991973,-75.1829342839572,39.9329910377486,pm_peak,TRUE,15,25.316308,restore,20251015,ok,40.5166666666667,1.33333333333333,7.06666666666667,22.0666666666667,10.05,1,2707,21327
4502380103,17:55,1075,-75.1829342839572,39.9329910377486,-75.1649773922386,39.9502186753736,pm_peak,TRUE,10,24.048984,restore,20251015,ok,29.8833333333333,0.95,4.95,22.2166666666667,1.76666666666667,2,25214,6060
4502380104,21:15,1275,-75.1649773922386,39.9502186753736,-75.1829342839572,39.9329910377486,off_peak,FALSE,10,19.430769,restore,20251015,ok,38.8833333333333,1.65,2.61666666666667,25.1333333333333,9.48333333333333,2,14079,21328
4505960202,15:30,930,-75.1977262540913,39.9594259908695,-75.2182588102061,39.950471058218,off_peak,FALSE,30,23.297955,restore,20251015,ok,23.6,1.81666666666667,1.8,16.3166666666667,3.66666666666667,1,20638,20884
4505960302,16:33,993,-75.1690343341821,39.9653703786754,-75.2182588102061,39.950471058218,pm_peak,TRUE,42,34.773595,restore,20251015,ok,39.6,0.933333333333333,9.66666666666667,25.3333333333333,3.66666666666667,1,2754,20884
4522480102,8:38,518,-75.1715947626354,39.9429517013451,-75.1489215256524,39.95458250175,am_peak,TRUE,20,27.576123,restore,20251015,ok,26.75,2.66666666666667,1.41666666666667,18.8666666666667,3.8,1,22242,24336
4522480202,9:06,546,-75.1715947626354,39.9429517013451,-75.1588750233838,39.9528401835985,am_peak,TRUE,14,20.379804,restore,20251015,ok,32.25,2.66666666666667,12.8833333333333,9.45,7.25,1,22242,32141
4522560101,7:30,450,-75.2062968547165,39.9737371253413,-75.1705068930163,39.9509065904554,am_peak,TRUE,90,27.857043,restore,20251015,ok,33.5666666666667,0.366666666666667,0.933333333333333,30.8833333333333,1.38333333333333,2,21062,14084
4522560102,13:30,810,-75.1705068930163,39.9509065904554,-75.1540803782248,39.9488624668665,off_peak,FALSE,90,14.705303,restore,20251015,ok,12,1.26666666666667,0.3,9.15,1.28333333333333,0,6062,6113
4522560103,16:30,990,-75.1540803782248,39.9488624668665,-75.2074740441751,39.9601688794781,pm_peak,TRUE,60,21.20082,restore,20251015,ok,26.6166666666667,1.28333333333333,0.3,15.65,9.38333333333333,1,6113,32178
4522560104,18:10,1090,-75.2074740441751,39.9601688794781,-75.2062968547165,39.9737371253413,pm_peak,TRUE,20,15.826609,restore,20251015,ok,16.35,3.1,0.833333333333333,12.3166666666667,0.1,1,30823,22298
4527120101,9:00,540,-75.2109035921265,39.9515172049363,-75.1957094473416,39.9494354858208,am_peak,TRUE,15,13.328026,restore,20251015,ok,20.45,2.01666666666667,8.55,3.7,6.18333333333333,0,22124,22129
4527120102,17:15,1035,-75.1957094473416,39.9494354858208,-75.2109035921265,39.9515172049363,pm_peak,TRUE,30,12.992782,restore,20251015,ok,17.75,2.65,1.03333333333333,9.88333333333333,4.18333333333333,1,22573,20880
4533550101,9:00,540,-75.1621985739407,40.0312108390649,-75.1719943253434,40.0385566769693,am_peak,TRUE,60,12.605163,restore,20251015,ok,17.5666666666667,4.05,5.15,7.8,0.566666666666667,1,17048,213
4533550102,12:15,735,-75.1719943253434,40.0385566769693,-75.1398050137829,40.0366774270012,off_peak,FALSE,105,19.833085,restore,20251015,ok,16.9166666666667,0.566666666666667,1.43333333333333,12.3,2.61666666666667,2,213,23973
4533550103,17:30,1050,-75.1398050137829,40.0366774270012,-75.1571977835929,40.0823045185899,pm_peak,TRUE,60,32.589507,restore,20251015,ok,57.2333333333333,0.7,3.53333333333333,40.3333333333333,12.6666666666667,1,30304,15420
4533550104,20:30,1230,-75.1571977835929,40.0823045185899,-75.1621985739407,40.0312108390649,off_peak,FALSE,210,36.079631,restore,20251015,ok,50.3,10.3166666666667,0.0333333333333333,31.3833333333333,8.56666666666667,1,31817,17130
4533550201,9:00,540,-75.1621985739407,40.0312108390649,-75.1894072133033,40.0670899916203,am_peak,TRUE,132,27.850878,restore,20251015,ok,35.1166666666667,4.05,5.15,17.7666666666667,8.15,0,17048,17407
4533550202,12:27,747,-75.1894072133033,40.0670899916203,-75.1621985739407,40.0312108390649,off_peak,FALSE,68,30.437739,restore,20251015,ok,38.25,8.46666666666667,7.4,18.1333333333333,4.25,0,15440,15706
4539300101,8:45,525,-75.2162654488479,39.9464660922369,-75.1648345113326,39.9541020155151,am_peak,TRUE,20,23.572339,restore,20251015,ok,22.9,3.01666666666667,2.51666666666667,14.3666666666667,3,0,20789,31140
4539300106,15:45,945,-75.1648345113326,39.9541020155151,-75.2162654488479,39.9464660922369,off_peak,FALSE,45,23.057422,restore,20251015,ok,26.8833333333333,0.833333333333333,0.166666666666667,21.0166666666667,4.86666666666667,1,17842,20883
4555970203,11:37,697,-75.1655746637264,39.9307064691021,-75.1537481432666,39.9503794767793,off_peak,FALSE,38,21.625032,restore,20251015,ok,22.4666666666667,1.88333333333333,1.48333333333333,17.7666666666667,1.33333333333333,2,24219,2457
4555970204,13:45,825,-75.1537481432666,39.9503794767793,-75.1655746637264,39.9307064691021,off_peak,FALSE,35,21.919727,restore,20251015,ok,22.4833333333333,1.46666666666667,0.0166666666666667,16.5166666666667,4.48333333333333,1,32172,1285
4557310101,8:30,510,-75.1824371554093,39.9245363175742,-75.1665214095376,39.9615526212186,am_peak,TRUE,15,29.558659,restore,20251015,ok,37.9666666666667,0.85,5.48333333333333,19.55,12.0833333333333,0,25137,3107
4557310102,10:15,615,-75.1665214095376,39.9615526212186,-75.1824371554093,39.9245363175742,off_peak,FALSE,15,29.17866,restore,20251015,ok,48.05,0.283333333333333,16.4666666666667,20.25,11.05,0,2682,37
4557310202,15:30,930,-75.1959402940889,39.9314017565807,-75.1824371554093,39.9245363175742,off_peak,FALSE,60,15.138128,restore,20251015,ok,19.8,2.53333333333333,0.0666666666666667,5.21666666666667,11.9833333333333,0,24179,24187
4557310301,8:30,510,-75.1824371554093,39.9245363175742,-75.1938842464804,39.9345602638164,am_peak,TRUE,60,14.782794,restore,20251015,ok,17.3333333333333,0.85,5.48333333333333,9.61666666666667,1.38333333333333,1,25137,24235
4557310302,15:30,930,-75.1938842464804,39.9345602638164,-75.1824371554093,39.9245363175742,off_peak,FALSE,75,20.96718,restore,20251015,ok,16.4,2.08333333333333,0.05,11.5333333333333,2.73333333333333,1,32485,24245
4561260201,11:50,710,-75.320477487343,40.0191471912447,-75.1652507511981,39.9564326348413,off_peak,FALSE,80,45.09206,restore,20251015,ok,66.9833333333333,4.58333333333333,22.4166666666667,33,6.98333333333333,1,32197,1392
4566930101,9:30,570,-75.0529627230323,40.0535132505067,-75.0503988334115,40.0876996804033,off_peak,FALSE,60,31.563665,restore,20251015,ok,41.9,2.76666666666667,8.58333333333333,24.1,6.45,1,23103,401
4566930102,12:00,720,-75.0503988334115,40.0876996804033,-75.0529627230323,40.0535132505067,off_peak,FALSE,45,27.329899,restore,20251015,ok,33.3,6.56666666666667,4.73333333333333,19.15,2.85,1,392,23281
4566930103,17:00,1020,-75.0529627230323,40.0535132505067,-74.9483992946146,40.1048194394571,pm_peak,TRUE,80,43.193383,restore,20251015,ok,71.3666666666667,2.76666666666667,9.58333333333333,55.4333333333333,3.58333333333333,2,23103,23371
4587730102,8:30,510,-75.0348471683492,40.0693397630959,-74.9537657364031,40.1342148390318,am_peak,TRUE,20,39.256622,restore,20251015,ok,35.9166666666667,5.01666666666667,4.6,22.3833333333333,3.91666666666667,0,22511,32275
4587730103,9:15,555,-74.9537657364031,40.1342148390318,-74.8785375008296,40.1842810109394,am_peak,TRUE,20,31.297603,restore,20251015,ok,74.5833333333333,3.53333333333333,21.95,45.5166666666667,3.58333333333333,2,30759,332
4587730106,17:30,1050,-74.8785375008296,40.1842810109394,-74.9537657364031,40.1342148390318,pm_peak,TRUE,25,32.464149,restore,20251015,ok,72.6,3.58333333333333,26.4166666666667,39.0666666666667,3.53333333333333,1,332,30759
4598650201,5:20,320,-75.0975410994108,40.0114613114797,-74.9823583671564,40.110760248005,off_peak,FALSE,85,58.849759,restore,20251015,ok,83.6666666666667,3.33333333333333,14.0666666666667,56.8833333333333,9.38333333333333,3,17637,30293
4598650202,15:30,930,-74.9823583671564,40.110760248005,-75.0975410994108,40.0114613114797,off_peak,FALSE,75,66.517407,restore,20251015,ok,68.2,2.45,3.06666666666667,52.4833333333333,10.2,2,22651,32161
4605070108,19:22,1162,-75.1705068930163,39.9509065904554,-75.1788270506066,39.951932450125,off_peak,FALSE,10,7.159287,restore,20251015,ok,9.95,1.38333333333333,3.6,3.1,1.86666666666667,0,14084,30921
4607140201,6:15,375,-75.1898142834651,40.0518717143354,-75.1509013014001,40.0025369261947,am_peak,TRUE,30,29.716791,restore,20251015,ok,36.4166666666667,5.61666666666667,4.9,23.1,2.8,0,15466,16085
4607140202,7:30,450,-75.1509013014001,40.0025369261947,-75.1898142834651,40.0518717143354,am_peak,TRUE,760,31.175573,restore,20251015,ok,41.8666666666667,2.56666666666667,6.35,27.0833333333333,5.86666666666667,1,28696,1190
4624200101,11:35,695,-75.1578194556998,39.9904255905816,-75.1578194556998,39.9904255905816,off_peak,FALSE,0,8.347736,restore,20251015,ok,15.75,3.63333333333333,7.58333333333333,0.733333333333333,3.8,0,17135,17136
4624200102,12:35,755,-75.1578194556998,39.9904255905816,-75.1517475799141,39.9595908415173,off_peak,FALSE,79,22.577222,restore,20251015,ok,31.2666666666667,3.63333333333333,5.96666666666667,21.3333333333333,0.333333333333333,1,17135,24339
4624200103,21:30,1290,-75.1517475799141,39.9595908415173,-75.1578194556998,39.9904255905816,off_peak,FALSE,0,25.350441,restore,20251015,ok,39.4,0.333333333333333,0.15,32.2666666666667,6.65,2,24339,32149
4637520102,16:30,990,-75.1648345113326,39.9541020155151,-75.1834073455283,39.9599979498596,pm_peak,TRUE,10,13.250399,restore,20251015,ok,22.8666666666667,0.833333333333333,3.16666666666667,9.61666666666667,9.25,1,17842,20662
4641950101,8:00,480,-75.0678029951053,40.0159609385718,-75.1673759243643,39.9592890487195,am_peak,TRUE,60,47.029906,restore,20251015,ok,56.3,1.7,9.15,37.65,7.8,2,27722,1280
4641950102,18:00,1080,-75.1673759243643,39.9592890487195,-75.0678029951053,40.0159609385718,pm_peak,TRUE,95,45.310844,restore,20251015,ok,63.0833333333333,0.233333333333333,14.55,44.3166666666667,3.98333333333333,3,24172,17858
4641950202,11:55,715,-75.0678029951053,40.0159609385718,-75.2128647817132,40.0824469736708,off_peak,FALSE,125,78.163771,restore,20251015,unreachable,,,,,,,,
4641950203,15:40,940,-75.2128647817132,40.0824469736708,-75.0678029951053,40.0159609385718,off_peak,FALSE,100,74.974414,restore,20251015,ok,92.9833333333333,5.23333333333333,1.5,82.2666666666667,3.98333333333333,3,19054,17858
4644560206,11:05,665,-75.2626735411038,39.9640057100153,-75.1588750233838,39.9528401835985,off_peak,FALSE,15,26.85,restore,20251015,ok,36.4833333333333,2.61666666666667,3.2,28.45,2.21666666666667,2,18639,2456
4648060101,15:50,950,-75.1732743609913,39.9456003211594,-75.1603747972298,39.949646258079,off_peak,FALSE,30,18.082854,restore,20251015,ok,17.3,1.88333333333333,0.25,9.36666666666667,5.8,1,22241,32140
4648060103,17:15,1035,-75.1584725274299,39.950967187359,-75.1782289254393,39.9273662256759,pm_peak,TRUE,15,25.962277,restore,20251015,ok,32.0166666666667,1.46666666666667,1.01666666666667,27.6833333333333,1.85,2,32173,21332
4651940101,12:15,735,-75.1139704218066,40.0309825414845,-75.1614771099584,39.9569042938645,off_peak,FALSE,45,32.120653,restore,20251015,ok,44.5833333333333,2.81666666666667,8.73333333333333,31.45,1.58333333333333,1,15894,1280
4651940102,14:30,870,-75.1614771099584,39.9569042938645,-75.1139704218066,40.0309825414845,off_peak,FALSE,30,34.653627,restore,20251015,ok,38.7666666666667,1.56666666666667,2.43333333333333,26.7666666666667,8,1,32142,23313
4668800101,7:00,420,-75.0972035448796,39.9884463740478,-75.1672929773502,39.9544153783527,am_peak,TRUE,45,39.050599,restore,20251015,ok,47.25,5.15,1.58333333333333,36.2666666666667,4.25,2,23794,32175
4668800102,17:20,1040,-75.1672929773502,39.9544153783527,-75.0972035448796,39.9884463740478,pm_peak,TRUE,20,36.596423,restore,20251015,ok,49.7166666666667,1.25,1.38333333333333,39.4166666666667,7.66666666666667,4,8936,17821
4668800201,7:00,420,-75.0972035448796,39.9884463740478,-75.1561127285024,39.9506763018863,am_peak,TRUE,45,34.940007,restore,20251015,ok,44.1166666666667,5.15,1.58333333333333,33.75,3.63333333333333,2,23794,32172
4668800202,17:45,1065,-75.1561127285024,39.9506763018863,-75.0972035448796,39.9884463740478,pm_peak,TRUE,45,32.769576,restore,20251015,ok,42.7,1.31666666666667,3.26666666666667,27.2333333333333,10.8833333333333,2,10340,15042
4671530104,13:25,805,-75.1662120144978,39.9238115855567,-75.1424353043086,39.9181642204268,off_peak,FALSE,16,17.441679,restore,20251015,ok,21.5666666666667,0.416666666666667,2.46666666666667,17.1166666666667,1.56666666666667,1,16577,30090
4673630101,7:25,445,-75.1509880355394,39.9232020928335,-75.1637714901797,39.9554388396102,am_peak,TRUE,40,25.616636,restore,20251015,ok,32.4666666666667,2.13333333333333,3.81666666666667,24.2666666666667,2.25,1,17385,4474
4673630102,16:30,990,-75.1637714901797,39.9554388396102,-75.1561127285024,39.9506763018863,pm_peak,TRUE,30,12.973769,restore,20251015,ok,12.85,2.05,2.08333333333333,5.13333333333333,3.58333333333333,1,17170,2456
4673630103,18:30,1110,-75.1561127285024,39.9506763018863,-75.1509880355394,39.9232020928335,pm_peak,TRUE,15,24.146898,restore,20251015,ok,30.5666666666667,1.31666666666667,1.33333333333333,25.55,2.36666666666667,2,10340,18127
4674930101,8:27,507,-75.2162654488479,39.9464660922369,-75.1937934209145,39.951852697735,am_peak,TRUE,15,14.552281,restore,20251015,ok,17.95,3.01666666666667,4.51666666666667,6.21666666666667,4.2,0,20789,20731
4674930201,4:54,294,-75.2162654488479,39.9464660922369,-75.1498041127206,39.934304016358,off_peak,FALSE,40,25.203722,restore,20251015,ok,40.1333333333333,3.01666666666667,2.41666666666667,33.9833333333333,0.716666666666667,2,20789,24681
4674930202,12:08,728,-75.1498041127206,39.934304016358,-75.2162654488479,39.9464660922369,off_peak,FALSE,34,30.857532,restore,20251015,ok,36.75,1.03333333333333,3.31666666666667,29.4166666666667,2.98333333333333,0,24746,24848
4675660104,11:10,670,-75.2226378551491,39.995965776317,-75.7389669372766,39.8455410550777,off_peak,FALSE,10,,restore,20251015,no_dest_stop,,,,,,,,
4683680202,10:04,604,-75.1792803129236,39.9102291849896,-75.1545851492175,39.9813757258968,off_peak,FALSE,11,38.209279,restore,20251015,ok,50.9833333333333,4.8,13.8666666666667,28.7166666666667,3.6,2,21343,17279
4687340102,8:06,486,-75.1546939106137,40.0587336087499,-75.1398050137829,40.0366774270012,am_peak,TRUE,,25.29774,restore,20251015,ok,33.6,6.56666666666667,8.06666666666667,11.3666666666667,7.6,0,77,11623
4687340106,11:30,690,-75.1957094473416,39.9494354858208,-75.1634808483634,39.9480403151119,off_peak,FALSE,,22.812247,restore,20251015,ok,19.5,3.08333333333333,0.366666666666667,7.55,8.5,0,20731,31140
4687340202,8:06,486,-75.1546939106137,40.0587336087499,-75.1398050137829,40.0366774270012,am_peak,TRUE,,25.29774,restore,20251015,ok,33.6,6.56666666666667,8.06666666666667,11.3666666666667,7.6,0,77,11623
4687340209,15:36,936,-75.2181192513656,40.032241980928,-75.1898605144712,40.0114702178942,off_peak,FALSE,,19.272252,restore,20251015,ok,20.0166666666667,1.4,2.66666666666667,11.5833333333333,4.36666666666667,1,19694,24731
4687340210,15:48,948,-75.1898605144712,40.0114702178942,-75.1479154657996,40.0549550312452,off_peak,FALSE,28,33.244868,restore,20251015,ok,32.9666666666667,4.15,0.0833333333333333,27.6833333333333,1.05,0,24778,24801
4691160203,10:30,630,-75.2756219131213,39.8861130712424,-75.2647018998912,39.9085205983673,off_peak,FALSE,47,17.952475,restore,20251015,ok,39.9166666666667,6.5,12.5,12.8166666666667,8.1,0,2125,25464
4691160204,18:22,1102,-75.2647018998912,39.9085205983673,-75.2354698649569,39.9579979858569,pm_peak,TRUE,46,39.638793,restore,20251015,ok,62.1,4.6,9.13333333333333,48.25,0.116666666666667,2,19851,24461
4691160302,12:10,730,-75.235101972058,39.9049328264187,-75.2647018998912,39.9085205983673,off_peak,FALSE,63,36.967553,restore,20251015,ok,73.35,2.6,0.266666666666667,65.1833333333333,5.3,0,24946,30363
4697870202,7:21,441,-75.162026191264,39.9785569548507,-75.1410429415748,40.0324712216091,am_peak,TRUE,0,25.187383,restore,20251015,ok,21.75,1.43333333333333,0.5,14.6666666666667,5.15,3,25384,24412
4708490205,18:20,1100,-75.1669894744938,39.9484799410289,-75.2070232144824,39.990493481725,pm_peak,TRUE,50,38.340644,restore,20251015,no_dest_stop,,,,,,,,
4708490206,23:00,1380,-75.2070232144824,39.990493481725,-75.0593151476913,40.0302346423682,off_peak,FALSE,41,73.126331,restore,20251015,no_origin_stop,,,,,,,,
4719420102,12:10,730,-75.1661003080911,39.9138576581668,-75.1584725274299,39.950967187359,off_peak,FALSE,30,25.99543,restore,20251015,ok,23.65,1.88333333333333,1.18333333333333,11.4333333333333,9.15,1,24617,32140
4719420104,16:15,975,-75.1691139313301,39.9535949564727,-75.1588750233838,39.9528401835985,pm_peak,TRUE,10,11.900733,restore,20251015,ok,14.4833333333333,1.35,0.0833333333333333,10.8333333333333,2.21666666666667,2,8938,2456
4719420105,16:30,990,-75.1588750233838,39.9528401835985,-75.1661003080911,39.9138576581668,pm_peak,TRUE,30,25.541021,restore,20251015,ok,27.7,1.91666666666667,2.08333333333333,22.3,1.4,0,756,759
4723780101,10:00,600,-75.2351116826331,39.934447396763,-75.1941152941134,39.9546263068532,off_peak,FALSE,0,19.416667,restore,20251015,ok,26.2166666666667,5.21666666666667,0,19.4833333333333,1.51666666666667,1,20822,20732
4723780102,16:00,960,-75.1941152941134,39.9546263068532,-75.2351116826331,39.934447396763,pm_peak,TRUE,210,19.795246,restore,20251015,ok,31.4333333333333,0.633333333333333,3.25,22.3333333333333,5.21666666666667,1,21353,20822
4731730201,6:30,390,-75.2322455285086,39.963278945388,-75.1648345113326,39.9541020155151,am_peak,TRUE,43,17.083412,restore,20251015,ok,22.85,1.66666666666667,2.8,15.5333333333333,2.85,1,24516,1392
4731730202,19:15,1155,-75.1648345113326,39.9541020155151,-75.2322455285086,39.963278945388,off_peak,FALSE,45,17.410302,restore,20251015,ok,22.9333333333333,0.833333333333333,0.166666666666667,17.8,4.13333333333333,2,17842,32181
4749130105,8:36,516,-75.150623776162,39.9499928305521,-75.1470807570054,39.9513767444736,am_peak,TRUE,2,4.936379,restore,20251015,ok,5.55,1.3,1.06666666666667,1.18333333333333,2,0,10329,14930
4754790101,9:30,570,-75.1870662747411,39.9335197790401,-75.1578194556998,39.9904255905816,off_peak,FALSE,390,43.559499,restore,20251015,ok,38.9,3.61666666666667,3.2,25.4333333333333,6.65,1,24185,32149
4754790102,18:00,1080,-75.1578194556998,39.9904255905816,-75.1870662747411,39.9335197790401,pm_peak,TRUE,60,33.254479,restore,20251015,ok,54.4166666666667,1.88333333333333,3.6,47.3,1.63333333333333,3,3074,24230
4754790202,15:30,930,-75.1870662747411,39.9335197790401,-75.1578194556998,39.9904255905816,off_peak,FALSE,30,41.34798,restore,20251015,ok,42.9,3.61666666666667,2.86666666666667,29.7666666666667,6.65,2,24185,32149
4754790203,18:00,1080,-75.1578194556998,39.9904255905816,-75.1870662747411,39.9335197790401,pm_peak,TRUE,60,33.254479,restore,20251015,ok,54.4166666666667,1.88333333333333,3.6,47.3,1.63333333333333,3,3074,24230
4754790302,15:30,930,-75.1870662747411,39.9335197790401,-75.1578194556998,39.9904255905816,off_peak,FALSE,30,41.34798,restore,20251015,ok,42.9,3.61666666666667,2.86666666666667,29.7666666666667,6.65,2,24185,32149
4754790303,18:00,1080,-75.1578194556998,39.9904255905816,-75.1870662747411,39.9335197790401,pm_peak,TRUE,60,33.254479,restore,20251015,ok,54.4166666666667,1.88333333333333,3.6,47.3,1.63333333333333,3,3074,24230
4754790402,15:30,930,-75.1870662747411,39.9335197790401,-75.1578194556998,39.9904255905816,off_peak,FALSE,30,41.34798,restore,20251015,ok,42.9,3.61666666666667,2.86666666666667,29.7666666666667,6.65,2,24185,32149
4754790403,19:00,1140,-75.1578194556998,39.9904255905816,-75.1870662747411,39.9335197790401,off_peak,FALSE,0,31.287787,restore,20251015,ok,53.4166666666667,3.63333333333333,8.88333333333333,39.2666666666667,1.63333333333333,2,17135,24230
4754790502,15:30,930,-75.1870662747411,39.9335197790401,-75.1578194556998,39.9904255905816,off_peak,FALSE,30,41.34798,restore,20251015,ok,42.9,3.61666666666667,2.86666666666667,29.7666666666667,6.65,2,24185,32149
4754790503,18:00,1080,-75.1578194556998,39.9904255905816,-75.1870662747411,39.9335197790401,pm_peak,TRUE,60,33.254479,restore,20251015,ok,54.4166666666667,1.88333333333333,3.6,47.3,1.63333333333333,3,3074,24230
4765250101,14:30,870,-75.1833128313549,39.9960562366823,-75.2324370649115,40.0574839750067,off_peak,FALSE,30,40.991705,restore,20251015,ok,52.4333333333333,2.7,6,42.1166666666667,1.61666666666667,1,19701,519
4765250102,16:00,960,-75.2324370649115,40.0574839750067,-75.1833128313549,39.9960562366823,pm_peak,TRUE,30,34.488234,restore,20251015,ok,63.7166666666667,1.61666666666667,10.2,48.4,3.5,3,519,16543
4765250301,7:30,450,-75.1833128313549,39.9960562366823,-75.1857519422656,39.9869713053535,am_peak,TRUE,15,9.09982,restore,20251015,ok,16.1166666666667,3,2.06666666666667,1.93333333333333,9.11666666666667,0,16546,644
4765250302,15:05,905,-75.1857519422656,39.9869713053535,-75.1833128313549,39.9960562366823,off_peak,FALSE,55,9.82617,restore,20251015,ok,15.8833333333333,2.23333333333333,7.25,3.58333333333333,2.81666666666667,0,15990,15996
4767700201,13:00,780,-75.0785466096524,40.0422576693535,-75.1150975874125,40.0236637387111,off_peak,FALSE,60,27.638801,restore,20251015,ok,44.75,2.91666666666667,11.9166666666667,23.1666666666667,6.75,2,15861,119
4767700202,0:00,0,-75.1150975874125,40.0236637387111,-75.0785466096524,40.0422576693535,off_peak,FALSE,60,24.59928,restore,20251015,unreachable,,,,,,,,
4768820102,8:46,526,-75.099782195019,40.006355591222,-75.1692942790448,39.9527602328087,am_peak,TRUE,4,29.042198,restore,20251015,ok,32.5833333333333,1.46666666666667,2.18333333333333,23.35,5.58333333333333,1,17600,32175
4778050203,13:15,795,-75.1476427366842,39.9441226984079,-75.1625826795934,39.9513495936779,off_peak,FALSE,25,16.093688,restore,20251015,ok,22.9333333333333,1.53333333333333,5.96666666666667,11.25,4.18333333333333,0,25095,14887
4778050205,16:05,965,-75.1705068930163,39.9509065904554,-75.1476427366842,39.9441226984079,pm_peak,TRUE,30,19.725168,restore,20251015,ok,18.9833333333333,1.26666666666667,3.3,8.43333333333333,5.98333333333333,0,6062,18095
4783650101,9:00,540,-75.2165947836222,39.9537421538695,-75.1937934209145,39.951852697735,am_peak,TRUE,30,17.042953,restore,20251015,ok,18.55,2.13333333333333,0.116666666666667,8.41666666666667,7.88333333333333,1,24857,2453
4783650102,18:00,1080,-75.1937934209145,39.951852697735,-75.177201361549,39.9550054347417,pm_peak,TRUE,0,12.188574,restore,20251015,ok,13.2333333333333,2.41666666666667,0.583333333333333,8.23333333333333,2,1,30643,20645
4783650103,18:30,1110,-75.177201361549,39.9550054347417,-75.2165947836222,39.9537421538695,pm_peak,TRUE,30,23.181981,restore,20251015,ok,20.45,1.95,0.683333333333333,13.8666666666667,3.95,1,20661,21371
4791470101,8:15,495,-75.1445453348899,39.9427167473736,-75.1584725274299,39.950967187359,am_peak,TRUE,30,15.744803,restore,20251015,ok,23.45,2.61666666666667,5.38333333333333,13.8833333333333,1.56666666666667,1,21249,16844
4805360101,7:00,420,-75.2926189071885,40.2045297698944,-75.1541388337345,39.9522458625874,am_peak,TRUE,58,73.095357,restore,20251015,ok,132.35,9.28333333333333,3.25,117.6,2.21666666666667,3,27059,2457
4805360102,17:00,1020,-75.1541388337345,39.9522458625874,-75.2926189071885,40.2045297698944,pm_peak,TRUE,60,72.056381,restore,20251015,ok,134.966666666667,1.4,12.6,111.683333333333,9.28333333333333,5,915,27059
4816200105,8:58,538,-75.1584725274299,39.950967187359,-75.150623776162,39.9499928305521,am_peak,TRUE,0,6.347995,restore,20251015,ok,7.56666666666667,1.51666666666667,0.916666666666667,3.61666666666667,1.51666666666667,0,6057,6111
4816200106,16:15,975,-75.150623776162,39.9499928305521,-75.1588750233838,39.9528401835985,pm_peak,TRUE,15,9.069824,restore,20251015,ok,14.1166666666667,1.3,2.43333333333333,8.18333333333333,2.2,1,10329,10258
4816460101,7:15,435,-75.1471644147674,40.0425358392666,-75.1983373842282,40.059754922547,am_peak,TRUE,0,41.5992,restore,20251015,ok,47.9333333333333,1.33333333333333,2.23333333333333,33.4,10.9666666666667,2,18486,17010
4816460102,17:30,1050,-75.1983373842282,40.059754922547,-75.1471644147674,40.0425358392666,pm_peak,TRUE,60,39.311902,restore,20251015,ok,42.2333333333333,9.13333333333333,1.46666666666667,30.3,1.33333333333333,2,15441,18486
4824800201,14:08,848,-75.1690343341821,39.9653703786754,-75.3853835679745,40.0888177484524,off_peak,FALSE,112,64.13364,restore,20251015,ok,83,0.933333333333333,2.66666666666667,75.5166666666667,3.88333333333333,1,2754,14953
4829410103,20:00,1200,-75.2182588102061,39.950471058218,-75.1655206281913,39.9477143701067,off_peak,FALSE,40,27.071579,restore,20251015,ok,44.3666666666667,3.66666666666667,7.66666666666667,31.3666666666667,1.66666666666667,2,20884,15187
4829410104,0:00,0,-75.1655206281913,39.9477143701067,-75.2182588102061,39.950471058218,off_peak,FALSE,40,28.888362,restore,20251015,unreachable,,,,,,,,
4829770101,10:00,600,-75.1601184429639,40.0511089560396,-75.2172676864572,40.0019340658936,off_peak,FALSE,60,37.810241,restore,20251015,ok,55.3333333333333,1.55,12.3,35.3333333333333,6.15,1,24717,6255
4829770102,14:00,840,-75.2172676864572,40.0019340658936,-75.151228491791,40.0505524826181,off_peak,FALSE,52,50.595683,restore,20251015,ok,74.7833333333333,2.21666666666667,3.73333333333333,59.9333333333333,8.9,3,25776,24795
4831130101,8:15,495,-75.1521306030788,39.9429783145413,-75.1677276497158,39.9525760413027,am_peak,TRUE,32,19.973994,restore,20251015,ok,16.2666666666667,0.266666666666667,1.81666666666667,12.9166666666667,1.26666666666667,1,22261,21213
4832100204,13:10,790,-75.1648345113326,39.9541020155151,-75.1722093187508,39.9861472659912,off_peak,FALSE,5,30.705448,restore,20251015,ok,35.5333333333333,0.833333333333333,2.16666666666667,26.5,6.03333333333333,1,17842,6770
4851790102,10:05,605,-75.2074740441751,39.9601688794781,-75.1707168478523,39.9055458817612,off_peak,FALSE,,42.394584,restore,20251015,ok,54.6,3.1,5.08333333333333,42.8166666666667,3.6,3,30823,31487
4851790103,10:45,645,-75.1707168478523,39.9055458817612,-75.1941152941134,39.9546263068532,off_peak,FALSE,,35.424046,restore,20251015,ok,28.0166666666667,4.31666666666667,0.933333333333333,21.1833333333333,1.58333333333333,1,32134,20733
4871620101,7:00,420,-75.292284771946,39.9595531624096,-75.1584725274299,39.950967187359,am_peak,TRUE,36,38.742718,restore,20251015,ok,46.6,2.96666666666667,4.81666666666667,37.4833333333333,1.33333333333333,2,13377,2456
4871620102,17:26,1046,-75.1584725274299,39.950967187359,-75.292284771946,39.9595531624096,pm_peak,TRUE,39,36.607722,restore,20251015,ok,40.8666666666667,1.46666666666667,2.01666666666667,34.4166666666667,2.96666666666667,2,32173,13377
4873700203,15:32,932,-75.162026191264,39.9785569548507,-75.1659426772114,39.9531940428398,off_peak,FALSE,3,17.320189,restore,20251015,ok,18.85,1.43333333333333,3.15,11.4166666666667,2.85,1,25384,1281
4873700204,16:30,990,-75.1659426772114,39.9531940428398,-75.2105938294307,39.9999843465764,pm_peak,TRUE,450,28.258472,restore,20251015,ok,44.8833333333333,1.21666666666667,0.45,41.8833333333333,1.33333333333333,2,3040,21578
4874540102,14:30,870,-75.2414396306448,39.9567061667391,-75.1659426772114,39.9531940428398,off_peak,FALSE,,20.971699,restore,20251015,ok,27.45,0.483333333333333,2.51666666666667,23,1.45,3,676,1392
4874540103,15:25,925,-75.1659426772114,39.9531940428398,-75.1659426772114,39.9531940428398,off_peak,FALSE,20,3.538889,restore,20251015,ok,5.6,1.35,0.733333333333333,0.916666666666667,2.6,0,10266,30828
4874540104,16:30,990,-75.1659426772114,39.9531940428398,-75.1541388337345,39.9522458625874,pm_peak,TRUE,30,9.391865,restore,20251015,ok,11.9833333333333,1.35,2.41666666666667,6.2,2.01666666666667,0,10266,18457
4874540105,17:45,1065,-75.1541388337345,39.9522458625874,-75.1638872349499,39.9525548857932,pm_peak,TRUE,,8.355174,restore,20251015,ok,11.9666666666667,1.73333333333333,3.71666666666667,4.55,1.96666666666667,1,31178,32175
4875320101,6:45,405,-75.2341467351472,39.9457946759268,-75.1742868895805,39.952935291834,am_peak,TRUE,25,29.861776,restore,20251015,ok,30.1166666666667,2.68333333333333,4.75,18.8,3.88333333333333,0,20864,20645
4875320102,17:00,1020,-75.1742868895805,39.952935291834,-75.2341467351472,39.9457946759268,pm_peak,TRUE,30,28.795438,restore,20251015,ok,30,1.7,0.25,24.7666666666667,3.28333333333333,2,18448,24525
4875910102,9:10,550,-75.1662120144978,39.9238115855567,-75.1659426772114,39.9531940428398,am_peak,TRUE,10,15.244122,restore,20251015,ok,23.95,0.416666666666667,0.116666666666667,20.4666666666667,2.95,1,16577,32141
4875910110,19:17,1157,-75.1715947626354,39.9429517013451,-75.1738700412219,39.9219806989111,off_peak,FALSE,18,13.891549,restore,20251015,ok,18.05,1.35,6.4,8.23333333333333,2.06666666666667,0,2679,2732
4877260201,7:45,465,-74.9803458967999,40.078999865641,-75.1505658415867,39.9464361327538,am_peak,TRUE,75,66.198249,restore,20251015,ok,92.3666666666667,3.06666666666667,13.8,67.6333333333334,7.86666666666667,2,22672,32171
4916910101,6:55,415,-75.1822218287983,40.0542278772892,-75.133102374419,40.1732993084819,am_peak,TRUE,55,71.443523,restore,20251015,ok,62.0333333333333,3.1,0.683333333333333,55.5,2.75,1,17500,16420
4916910102,17:00,1020,-75.133102374419,40.1732993084819,-75.1571977835929,40.0823045185899,pm_peak,TRUE,62,42.298743,restore,20251015,ok,63.2333333333333,2.75,12.9166666666667,34.9,12.6666666666667,1,16420,15420
4916910103,19:39,1179,-75.1571977835929,40.0823045185899,-75.1822218287983,40.0542278772892,off_peak,FALSE,23,25.517841,restore,20251015,ok,43.5166666666667,12.2666666666667,9.73333333333333,18.5166666666667,3,2,25973,15518
4925520402,15:20,920,-75.1665214095376,39.9615526212186,-75.1648345113326,39.9541020155151,off_peak,FALSE,6,13.28545,restore,20251015,ok,14.6,0.283333333333333,5.5,3.95,4.86666666666667,0,2682,3076
4928930101,10:30,630,-75.1755490875517,39.9619810599662,-75.1561127285024,39.9506763018863,off_peak,FALSE,30,19.073708,restore,20251015,ok,18.85,1.78333333333333,3.23333333333333,10.25,3.58333333333333,1,22325,2456
4928930103,13:30,810,-75.1580149724927,39.9493530835764,-75.1673585815214,39.9505151310837,off_peak,FALSE,30,10.447635,restore,20251015,ok,12.9833333333333,1.63333333333333,4.56666666666667,5.43333333333333,1.35,0,14885,14080
4928930104,14:45,885,-75.1673585815214,39.9505151310837,-75.1625826795934,39.9513495936779,off_peak,FALSE,15,6.933333,restore,20251015,ok,4.5,1.25,0.15,0.833333333333333,2.26666666666667,0,14907,6115
4928930105,16:30,990,-75.1625826795934,39.9513495936779,-75.1710325749335,39.9522008993665,pm_peak,TRUE,30,8.390712,restore,20251015,ok,11.9833333333333,2.05,0.65,6.96666666666667,2.31666666666667,2,2455,20660
4928930108,19:25,1165,-75.1688920883156,39.9546117755859,-75.1673759243643,39.9592890487195,off_peak,FALSE,5,7.232648,restore,20251015,ok,13.2833333333333,1.38333333333333,2.58333333333333,0.716666666666667,8.6,0,14935,4464
4929160101,9:15,555,-75.1715947626354,39.9429517013451,-75.1629472849343,39.9666206906345,am_peak,TRUE,30,18.742538,restore,20251015,ok,24.65,2.66666666666667,3.88333333333333,14.45,3.65,1,22242,32146
4934560201,7:00,420,-75.2322455285086,39.963278945388,-75.1587064523297,39.9242097756251,am_peak,TRUE,60,33.968619,restore,20251015,ok,39.7833333333333,1.66666666666667,1.8,33.6833333333333,2.63333333333333,3,24516,24257
4934560202,18:00,1080,-75.1587064523297,39.9242097756251,-75.2322455285086,39.963278945388,pm_peak,TRUE,60,35.126402,restore,20251015,ok,43.9333333333333,1.23333333333333,8.45,30.1166666666667,4.13333333333333,1,18496,32181
4940770206,17:40,1060,-75.1752524766747,39.9659654913561,-75.1648345113326,39.9541020155151,pm_peak,TRUE,15,16.736524,restore,20251015,ok,27.3333333333333,2,4.13333333333333,18.25,2.95,2,3129,10266
4947090101,6:00,360,-75.3195257705183,40.0049815590517,-75.1583275844786,39.9602029183105,am_peak,TRUE,60,55.404768,restore,20251015,ok,61.15,10.5666666666667,4.05,39.95,6.58333333333333,3,32198,16847
4947090102,16:00,960,-75.1583275844786,39.9602029183105,-75.3195257705183,40.0049815590517,pm_peak,TRUE,60,51.708666,restore,20251015,ok,60.0666666666667,0.366666666666667,7.41666666666667,41.5666666666667,10.7166666666667,2,16126,1924
4948250101,12:00,720,-75.0648694032685,40.0546094774541,-75.0440576064122,40.055019358023,off_peak,FALSE,60,19.230657,restore,20251015,ok,38.8166666666667,2.35,10.5833333333333,21.6833333333333,4.2,2,20473,22498
4948250102,14:45,885,-75.0440576064122,40.055019358023,-75.056494328674,40.0598719909172,off_peak,FALSE,75,11.775041,restore,20251015,ok,11.7166666666667,2.21666666666667,1.36666666666667,4.4,3.73333333333333,0,23515,23520
4948250103,17:00,1020,-75.056494328674,40.0598719909172,-75.0648694032685,40.0546094774541,pm_peak,TRUE,420,8.12763,restore,20251015,ok,14.2833333333333,1.86666666666667,8.01666666666667,2.05,2.35,0,20468,20473
4952180201,8:30,510,-75.1785792243999,39.9689777214525,-75.1741319574651,39.9575333855516,am_peak,TRUE,24,10.610174,restore,20251015,ok,11.5,2.05,0.316666666666667,8.7,0.433333333333333,0,5371,3098
4952180301,8:30,510,-75.1785792243999,39.9689777214525,-75.1741319574651,39.9575333855516,am_peak,TRUE,24,10.610174,restore,20251015,ok,11.5,2.05,0.316666666666667,8.7,0.433333333333333,0,5371,3098
4954840101,9:30,570,-75.2240243087353,39.9622994543846,-75.4034335416342,40.0837100594333,off_peak,FALSE,75,63.555076,restore,20251015,ok,76.8666666666667,1.6,2.08333333333333,70.0833333333333,3.1,3,21699,7742
4954840102,20:15,1215,-75.4034335416342,40.0837100594333,-75.2240243087353,39.9622994543846,off_peak,FALSE,75,67.781328,restore,20251015,ok,111.783333333333,3.1,5.15,98.75,4.78333333333333,3,7742,554
4954840201,9:30,570,-75.2240243087353,39.9622994543846,-75.4034335416342,40.0837100594333,off_peak,FALSE,75,63.555076,restore,20251015,ok,76.8666666666667,1.6,2.08333333333333,70.0833333333333,3.1,3,21699,7742
4954840202,20:15,1215,-75.4034335416342,40.0837100594333,-75.2240243087353,39.9622994543846,off_peak,FALSE,75,67.781328,restore,20251015,ok,111.783333333333,3.1,5.15,98.75,4.78333333333333,3,7742,554
4964260101,10:26,626,-75.1536080135934,39.9890571718199,-75.1621985739407,40.0312108390649,off_peak,FALSE,34,27.951814,restore,20251015,ok,40.25,2.63333333333333,3.4,30.1666666666667,4.05,3,17284,17048
4964260102,11:26,686,-75.1621985739407,40.0312108390649,-75.1677276497158,39.9525760413027,off_peak,FALSE,34,32.308005,restore,20251015,ok,43.0166666666667,4.25,1.43333333333333,32.3166666666667,5.01666666666667,1,15706,1281
4964260103,13:30,810,-75.1677276497158,39.9525760413027,-75.1434979130601,39.9948625819814,off_peak,FALSE,45,27.106476,restore,20251015,ok,37.5666666666667,1,0.55,30.5,5.51666666666667,1,18451,16876
4964260104,15:20,920,-75.1434979130601,39.9948625819814,-75.1536080135934,39.9890571718199,off_peak,FALSE,25,14.8069,restore,20251015,ok,22.9666666666667,2.7,2.3,6,11.9666666666667,0,26047,725
4964260107,19:08,1148,-75.1609354256761,39.9985787329005,-75.1637178548733,40.0728230078758,off_peak,FALSE,160,43.111973,restore,20251015,ok,63.3833333333333,2.93333333333333,7.48333333333333,45.5833333333333,7.38333333333333,3,2684,136
4969920302,15:05,905,-75.3013723653597,39.9794510787381,-75.3195257705183,40.0049815590517,off_peak,FALSE,40,28.396062,restore,20251015,ok,40.0666666666667,2.08333333333333,3.36666666666667,23.9,10.7166666666667,1,18903,1924
4971940101,9:35,575,-75.3323323106212,40.128008599831,-75.3147109767587,40.1422852431983,off_peak,FALSE,30,15.285721,restore,20251015,ok,19.1833333333333,2.13333333333333,6.53333333333333,6.33333333333333,4.18333333333333,0,27401,1651
4971940105,13:32,812,-75.3277783169247,40.1402976717836,-75.3323323106212,40.128008599831,off_peak,FALSE,8,13.05,restore,20251015,unreachable,,,,,,,,
4985230101,8:00,480,-75.1804047012754,39.9816583790678,-75.1672929773502,39.9544153783527,am_peak,TRUE,60,26.670424,restore,20251015,ok,25.6333333333333,0.25,1,18.75,5.63333333333333,1,25373,1281
4985230103,13:30,810,-75.1637714901797,39.9554388396102,-75.1541388337345,39.9522458625874,off_peak,FALSE,30,12.814581,restore,20251015,ok,18.35,2.05,6.08333333333333,8,2.21666666666667,1,17170,2457
4985230104,14:30,870,-75.1541388337345,39.9522458625874,-75.1804047012754,39.9816583790678,off_peak,FALSE,45,30.908288,restore,20251015,ok,31.65,1.4,2.6,27.25,0.4,1,915,25487
4989420102,8:49,529,-75.2502288545764,40.0591812426166,-75.1649773922386,39.9502186753736,am_peak,TRUE,44,37.798029,restore,20251015,no_origin_stop,,,,,,,,
4989420104,9:42,582,-75.1638872349499,39.9525548857932,-75.1545693550523,40.0111496191661,off_peak,FALSE,14,16.337594,restore,20251015,ok,23.6333333333333,0.3,2.7,14.75,5.88333333333333,0,32141,32152
4989420107,17:47,1067,-75.1553089348274,40.0036904586044,-75.1659426772114,39.9531940428398,pm_peak,TRUE,16,22.41538,restore,20251015,ok,30.85,3.41666666666667,5.93333333333333,18.65,2.85,2,15019,1281
4989420108,18:05,1085,-75.1659426772114,39.9531940428398,-75.1553089348274,40.0036904586044,pm_peak,TRUE,37,21.472868,restore,20251015,ok,29.3833333333333,1.35,3.65,19.25,5.13333333333333,1,10266,32151
4990450101,9:00,540,-75.1822218287983,40.0542278772892,-75.274466211559,40.2111841677703,am_peak,TRUE,60,62.272035,restore,20251015,ok,78.4833333333333,2.95,4.05,68.8666666666667,2.61666666666667,3,15519,27445
4990450103,12:00,720,-75.1705068930163,39.9509065904554,-75.1466622121185,39.9478355374067,off_peak,FALSE,60,18.299819,restore,20251015,ok,13.0333333333333,1.26666666666667,1.3,8.43333333333333,2.03333333333333,0,6062,18095
4990450104,15:30,930,-75.1466622121185,39.9478355374067,-75.1760735539168,40.0604283093855,off_peak,FALSE,40,35.042316,restore,20251015,ok,61.1333333333333,1.13333333333333,8,49.75,2.25,2,20972,17519
4990450105,17:30,1050,-75.1760735539168,40.0604283093855,-75.1822218287983,40.0542278772892,pm_peak,TRUE,15,7.683333,restore,20251015,ok,13.5333333333333,2.4,5.95,2.18333333333333,3,0,15514,15518
5002200201,7:45,465,-75.208260147084,39.9463603580681,-75.1661426003533,40.014873112626,am_peak,TRUE,50,42.699033,restore,20251015,ok,41.8166666666667,1.7,0.966666666666667,33.9833333333333,5.16666666666667,2,20729,1346
5002200202,16:15,975,-75.1661426003533,40.014873112626,-75.1869128860449,39.9502197402395,pm_peak,TRUE,45,35.961344,restore,20251015,ok,44.55,5.35,1.88333333333333,27.3833333333333,9.93333333333333,2,28584,20662
5003940201,8:30,510,-75.1766032234225,39.9460189303461,-75.1517226930339,39.9485721389241,am_peak,TRUE,30,19.812944,restore,20251015,ok,20.65,2.36666666666667,0.533333333333333,12.7,5.05,0,25072,25916
5003940202,17:30,1050,-75.1517226930339,39.9485721389241,-75.1766032234225,39.9460189303461,pm_peak,TRUE,50,22.14147,restore,20251015,ok,26.5333333333333,1.38333333333333,1.51666666666667,23.4333333333333,0.2,2,18516,22275
5006430102,10:51,651,-75.1400970132193,39.9722367087517,-75.1608290378846,39.9512565309348,off_peak,FALSE,8,17.783333,restore,20251015,ok,28.95,0.85,7.25,19.0333333333333,1.81666666666667,1,18082,32174
5006430103,11:03,663,-75.1608290378846,39.9512565309348,-75.2143085167584,39.9408655334325,off_peak,FALSE,17,23.130303,restore,20251015,ok,27.15,1.7,4,19.85,1.6,2,2455,317
5006430105,11:32,692,-75.2032844122027,39.9507247552209,-75.1834073455283,39.9599979498596,off_peak,FALSE,5,16.130443,restore,20251015,ok,19.5,2.16666666666667,0.766666666666667,7.18333333333333,9.38333333333333,0,20804,20643
5006430106,11:41,701,-75.1834073455283,39.9599979498596,-75.1400970132193,39.9722367087517,off_peak,FALSE,19,26.336258,restore,20251015,ok,32.2,7.98333333333333,1.78333333333333,14.2333333333333,8.2,1,1537,353
5006430110,14:38,878,-75.1400970132193,39.9722367087517,-75.1262221694671,39.9679483007659,off_peak,FALSE,5,16.997797,restore,20251015,ok,22.6,0.85,7.25,8.36666666666667,6.13333333333333,1,18082,21101
5009080101,6:50,410,-75.0448298513145,40.0439492220356,-75.1448779639192,40.0113597410072,am_peak,TRUE,50,50.927581,restore,20251015,ok,51.2833333333333,6.8,1.43333333333333,41.2333333333333,1.81666666666667,2,1241,16493
5009080102,14:40,880,-75.1448779639192,40.0113597410072,-75.0448298513145,40.0439492220356,off_peak,FALSE,50,50.533355,restore,20251015,ok,62.3666666666667,1.65,9.13333333333333,40.7833333333333,10.8,2,16396,22490
5019750102,5:53,353,-75.254819970125,39.9161180335113,-75.2143085167584,39.9408655334325,off_peak,FALSE,14,23.614623,restore,20251015,ok,23.8666666666667,2.53333333333333,2.96666666666667,16.5,1.86666666666667,0,20699,20725
5019750103,6:19,379,-75.2143085167584,39.9408655334325,-75.1959402940889,39.9314017565807,am_peak,TRUE,21,19.446612,restore,20251015,ok,33.4,1.16666666666667,6.61666666666667,13.9333333333333,11.6833333333333,1,21720,24643
5019750105,15:11,911,-75.1935416868526,39.9389690550161,-75.2143085167584,39.9408655334325,off_peak,FALSE,7,10.368957,restore,20251015,ok,17.6,0.25,0.7,15.05,1.6,2,25042,317
5019750201,12:00,720,-75.254819970125,39.9161180335113,-75.2241105378748,39.9212305887037,off_peak,FALSE,0,24.131559,restore,20251015,ok,30.8666666666667,2.53333333333333,8.96666666666667,10.3666666666667,9,1,20699,1154
5019750202,14:15,855,-75.2241105378748,39.9212305887037,-75.2629389868999,39.9545919335046,off_peak,FALSE,45,27.250362,restore,20251015,ok,49.4333333333333,0.183333333333333,0.283333333333333,46.2333333333333,2.73333333333333,4,24938,22186
5019750203,17:00,1020,-75.2629389868999,39.9545919335046,-75.2079230580804,39.9646408013521,pm_peak,TRUE,60,32.367153,restore,20251015,ok,39.7666666666667,2.25,2.43333333333333,34.3166666666667,0.766666666666667,3,19194,21510
5019750204,21:50,1310,-75.2079230580804,39.9646408013521,-75.254819970125,39.9161180335113,off_peak,FALSE,100,42.651578,restore,20251015,ok,64.4,0.766666666666667,11.2333333333333,49.7333333333333,2.66666666666667,4,21510,20765
5019750301,8:06,486,-75.254819970125,39.9161180335113,-75.1634808483634,39.9480403151119,am_peak,TRUE,61,30.607886,restore,20251015,ok,50.2666666666667,2.53333333333333,7.46666666666667,38.5,1.76666666666667,2,20699,32140
5019750302,9:18,558,-75.1634808483634,39.9480403151119,-75.1562910038297,39.9768159139408,am_peak,TRUE,21,17.68766,restore,20251015,ok,18.4833333333333,1.76666666666667,2.73333333333333,10,3.98333333333333,0,32140,32148
5019750304,16:01,961,-75.1804047012754,39.9816583790678,-75.0722007215537,40.1814590893573,pm_peak,TRUE,133,113.946619,restore,20251015,no_dest_stop,,,,,,,,
5019750305,19:15,1155,-75.0722007215537,40.1814590893573,-75.254819970125,39.9161180335113,off_peak,FALSE,191,128.543558,restore,20251015,no_origin_stop,,,,,,,,
5020830205,11:50,710,-75.2092872712104,40.0181516385401,-75.1834073455283,39.9599979498596,off_peak,FALSE,10,13.282802,restore,20251015,ok,33.9166666666667,3.21666666666667,0.05,21.4,9.25,1,17345,20662
5021380101,8:00,480,-75.1676557779857,39.9917901151344,-75.1673759243643,39.9592890487195,am_peak,TRUE,45,23.000626,restore,20251015,ok,33.1,1.76666666666667,8.71666666666667,18.1,4.51666666666667,0,2852,2743
5021380102,11:00,660,-75.1673759243643,39.9592890487195,-75.1539262084391,39.9844115630897,off_peak,FALSE,30,22.385064,restore,20251015,ok,40.6666666666667,1.9,10.8166666666667,19.2166666666667,8.73333333333333,1,3081,3051
5021380204,19:30,1170,-75.3591948488245,40.206024064853,-75.1676557779857,39.9917901151344,off_peak,FALSE,30,,restore,20251015,no_origin_stop,,,,,,,,
5021380301,7:30,450,-75.1676557779857,39.9917901151344,-75.1758411443119,39.993060336458,am_peak,TRUE,30,11.116667,restore,20251015,ok,20.8166666666667,1.63333333333333,7.61666666666667,0.333333333333333,11.2333333333333,0,14752,14754
5021380303,16:15,975,-75.0593151476913,40.0302346423682,-75.1539262084391,39.9844115630897,pm_peak,TRUE,15,39.286545,restore,20251015,ok,46.35,3.58333333333333,4.6,34.75,3.41666666666667,2,1138,16370
5021380304,19:00,1140,-75.1539262084391,39.9844115630897,-75.1676557779857,39.9917901151344,off_peak,FALSE,30,17.095609,restore,20251015,ok,24.25,1.43333333333333,0.2,20.9833333333333,1.63333333333333,2,16109,14752
5021380402,7:31,451,-75.1539262084391,39.9844115630897,-75.168489346328,40.1228453069335,am_peak,TRUE,29,50.369032,restore,20251015,ok,95.4666666666667,1.43333333333333,2.2,83.9166666666667,7.91666666666667,5,16109,1086
5021380403,16:00,960,-75.168489346328,40.1228453069335,-75.1676557779857,39.9917901151344,pm_peak,TRUE,60,53.780161,restore,20251015,ok,85.1833333333333,7.91666666666667,15.0833333333333,60.55,1.63333333333333,2,1086,14752
5032850101,8:55,535,-75.1498041127206,39.934304016358,-75.1550139436622,39.9445812882334,am_peak,TRUE,25,13.389732,restore,20251015,ok,18.8,1.03333333333333,2.81666666666667,12.5333333333333,2.41666666666667,1,24746,18512
5032850103,11:15,675,-75.1550139436622,39.9445812882334,-75.1403356095466,39.9391423334251,off_peak,FALSE,35,16.176392,restore,20251015,ok,21.2166666666667,0.35,6.15,6.2,8.51666666666667,1,16294,22257
5032850104,16:15,975,-75.1403356095466,39.9391423334251,-75.1483144819563,39.9402627111676,pm_peak,TRUE,30,10.991573,restore,20251015,ok,20.1333333333333,2.7,7.4,1.05,8.98333333333333,0,23982,23981
5032850106,17:20,1040,-75.1590188241439,40.0700587039899,-75.1498041127206,39.934304016358,pm_peak,TRUE,15,62.239256,restore,20251015,ok,76.1833333333333,2.48333333333333,10.7833333333333,51.9,11.0166666666667,2,11112,16300
5047750101,12:00,720,-75.1715947626354,39.9429517013451,-75.1717674832599,39.9564206302579,off_peak,FALSE,30,16.768586,restore,20251015,ok,25.3,2.66666666666667,1.9,17.1,3.63333333333333,2,22242,8939
5055370101,18:30,1110,-75.1634808483634,39.9480403151119,-75.1392078148453,39.9466654688148,pm_peak,TRUE,15,18.178391,restore,20251015,ok,20.0833333333333,1.36666666666667,0.25,11.3833333333333,7.08333333333333,2,5229,69
5058720101,7:20,440,-75.0972035448796,39.9884463740478,-75.1677276497158,39.9525760413027,am_peak,TRUE,20,37.13241,restore,20251015,ok,44.4,5.03333333333333,8.38333333333333,27.5833333333333,3.4,2,23791,32175
5058720102,17:40,1060,-75.1677276497158,39.9525760413027,-75.0972035448796,39.9884463740478,pm_peak,TRUE,40,34.640309,restore,20251015,ok,47.7,1,0.2,35.6166666666667,10.8833333333333,3,18451,15042
5062010101,7:20,440,-75.3077676290044,40.0078734461634,-75.2626735411038,39.9640057100153,am_peak,TRUE,15,30.333935,restore,20251015,ok,35.4833333333333,10.8666666666667,2.75,19.25,2.61666666666667,1,32198,18639
5062010102,7:37,457,-75.2626735411038,39.9640057100153,-75.1537481432666,39.9503794767793,am_peak,TRUE,34,26.438714,restore,20251015,ok,34.4666666666667,2.61666666666667,1.25,29.2666666666667,1.33333333333333,2,18639,2457
5067500103,19:00,1140,-75.1572994746159,39.95264251715,-75.1466622121185,39.9478355374067,off_peak,FALSE,30,11.433319,restore,20251015,ok,17.8166666666667,2.05,7.28333333333333,3.86666666666667,4.61666666666667,0,10255,14930
5067500104,21:45,1305,-75.1466622121185,39.9478355374067,-75.1537481432666,39.9503794767793,off_peak,FALSE,35,9.884395,restore,20251015,ok,19.6333333333333,1.13333333333333,11.3666666666667,3.03333333333333,4.1,0,20972,14882
5079600103,8:30,510,-75.1834073455283,39.9599979498596,-75.1537481432666,39.9503794767793,am_peak,TRUE,10,15.119871,restore,20251015,ok,28.0666666666667,7.98333333333333,8.71666666666667,9.83333333333333,1.53333333333333,1,1537,6113
5086400101,8:00,480,-75.2916524455955,39.9377962945873,-75.2647018998912,39.9085205983673,am_peak,TRUE,0,38.911493,restore,20251015,ok,86.0166666666667,1.2,13.7666666666667,62.8333333333333,8.21666666666667,4,19118,20368
5086400102,16:00,960,-75.2647018998912,39.9085205983673,-75.2916524455955,39.9377962945873,pm_peak,TRUE,480,33.766839,restore,20251015,ok,92.1166666666667,4.6,25.1333333333333,55.5,6.88333333333333,3,19851,15339
5107440201,13:30,810,-75.1621985739407,40.0312108390649,-75.1392788470332,40.0429484652339,off_peak,FALSE,60,23.162827,restore,20251015,ok,42.3166666666667,4.25,6.75,21,10.3166666666667,1,15706,32156
5107440202,18:30,1110,-75.1392788470332,40.0429484652339,-75.1621985739407,40.0312108390649,pm_peak,TRUE,100,22.791692,restore,20251015,ok,37.7166666666667,1.5,0,25.75,10.4666666666667,3,17718,24597
5107840201,7:30,450,-75.2062968547165,39.9737371253413,-75.1612826317197,39.9532127364358,am_peak,TRUE,90,25.129328,restore,20251015,ok,28.6833333333333,0.366666666666667,0.933333333333333,23.2,4.18333333333333,1,21062,1281
5107840202,18:00,1080,-75.1612826317197,39.9532127364358,-75.2062968547165,39.9737371253413,pm_peak,TRUE,90,29.195441,restore,20251015,ok,26.35,1.83333333333333,1.61666666666667,22.8,0.1,2,20968,22298
5111290201,9:00,540,-75.2181192513656,40.032241980928,-75.3460361638143,40.1143423687777,am_peak,TRUE,30,38.074768,restore,20251015,ok,77.35,1.4,3.9,69.7,2.35,3,19694,1649
5111290202,13:30,810,-75.3460361638143,40.1143423687777,-75.2181192513656,40.032241980928,off_peak,FALSE,60,36,restore,20251015,ok,75.5666666666667,1.95,28.05,42.7166666666667,2.85,2,32185,16023
5111290203,15:00,900,-75.2181192513656,40.032241980928,-75.2436983741977,40.0509944084347,off_peak,FALSE,30,17.489328,restore,20251015,ok,39.4666666666667,1.4,10.6666666666667,16.55,10.85,1,19694,16079
5120320101,8:10,490,-75.0242936664932,40.0935720600163,-75.177201361549,39.9550054347417,am_peak,TRUE,70,68.509788,restore,20251015,ok,92.5833333333333,4.48333333333333,28.55,57.6,1.95,2,23333,20661
5120320102,14:30,870,-75.177201361549,39.9550054347417,-75.0325978610195,40.0871418066782,off_peak,FALSE,90,64.288592,restore,20251015,ok,72.3166666666667,1.95,5.3,61.7166666666667,3.35,2,10283,23123
5121500102,17:30,1050,-75.2024327640643,39.9546329212277,-75.2354698649569,39.9579979858569,pm_peak,TRUE,15,14.300916,restore,20251015,ok,13.5333333333333,0.883333333333333,0.116666666666667,12.1,0.433333333333333,0,433,21381
5151870101,11:52,712,-75.5988617101674,39.9607804869585,-75.7957120401474,40.0022270736992,off_peak,FALSE,0,93.136226,restore,20251015,no_dest_stop,,,,,,,,
5156530101,6:28,388,-75.1515094031092,39.9207626635082,-75.1400970132193,39.9722367087517,am_peak,TRUE,9,30.798873,restore,20251015,ok,36.4833333333333,1.98333333333333,9.56666666666667,23.2,1.73333333333333,0,17380,17617
5156530102,6:47,407,-75.1400970132193,39.9722367087517,-75.1097816224041,40.116544124873,am_peak,TRUE,13,63.41036,restore,20251015,no_dest_stop,,,,,,,,
5177060201,8:00,480,-75.2783533552924,39.9575793577259,-75.1840170635385,39.9534784074457,am_peak,TRUE,30,33.865815,restore,20251015,ok,38.6333333333333,6.21666666666667,6.45,23.3333333333333,2.63333333333333,1,15102,21532
5177060202,16:30,990,-75.1840170635385,39.9534784074457,-75.2783533552924,39.9575793577259,pm_peak,TRUE,30,33.332419,restore,20251015,ok,38.3333333333333,1.88333333333333,0.1,29.6833333333333,6.66666666666667,2,21357,18599
5192500203,14:31,871,-75.4500381380104,39.9613999791314,-75.2494877628824,39.925101393977,off_peak,FALSE,119,61.498823,restore,20251015,no_origin_stop,,,,,,,,
5201520201,7:10,430,-75.3144697816706,40.0155040903494,-75.1672929773502,39.9544153783527,am_peak,TRUE,,38.172362,restore,20251015,ok,92.35,6.51666666666667,5.88333333333333,75.6,4.35,4,30484,1392
5201520202,18:00,1080,-75.1672929773502,39.9544153783527,-75.3144697816706,40.0155040903494,pm_peak,TRUE,15,38.850606,restore,20251015,ok,54.65,1.25,1.26666666666667,41.8333333333333,10.3,3,8936,1924
5220560103,7:50,470,-75.1700384657366,39.9693644720962,-75.1489215256524,39.95458250175,am_peak,TRUE,25,21.147215,restore,20251015,ok,28.3166666666667,2.55,0.583333333333333,17.85,7.33333333333333,1,2742,2458
5220560104,16:30,990,-75.1489215256524,39.95458250175,-75.1545851492175,39.9813757258968,pm_peak,TRUE,32,21.2074,restore,20251015,ok,28.65,3.43333333333333,2.15,19.1833333333333,3.88333333333333,1,4470,16867
5220560105,17:40,1060,-75.1545851492175,39.9813757258968,-75.1700384657366,39.9693644720962,pm_peak,TRUE,17,22.336033,restore,20251015,ok,22.7,1.55,3.23333333333333,11.1,6.81666666666667,1,16111,30290
5232980101,10:00,600,-75.1906300416804,39.958024348983,-75.1583275844786,39.9602029183105,off_peak,FALSE,,19.994903,restore,20251015,ok,29.3,1.35,3.71666666666667,18.4333333333333,5.8,2,21525,32143
5232980102,15:00,900,-75.1583275844786,39.9602029183105,-75.1906300416804,39.958024348983,off_peak,FALSE,30,20.888563,restore,20251015,ok,26.0166666666667,0.366666666666667,9.01666666666667,12.6,4.03333333333333,1,16126,32177
5232980301,9:00,540,-75.1906300416804,39.958024348983,-75.1701368511036,39.9488667930338,am_peak,TRUE,25,16.894335,restore,20251015,ok,29.5166666666667,1.55,12.8666666666667,5.58333333333333,9.51666666666667,1,21524,1392
5232980303,13:30,810,-75.1742218041379,39.9513700637455,-75.1474545568906,39.9496085506464,off_peak,FALSE,15,19.14413,restore,20251015,ok,13.9166666666667,1.46666666666667,3.48333333333333,7.21666666666667,1.75,0,6064,14909
5232980304,16:00,960,-75.1474545568906,39.9496085506464,-75.1906300416804,39.958024348983,pm_peak,TRUE,90,14.185289,restore,20251015,ok,20.0166666666667,1.28333333333333,3.28333333333333,11.4166666666667,4.03333333333333,1,14930,32177
5233570202,10:11,611,-75.2263543044564,40.0477064501431,-75.1652507511981,39.9564326348413,off_peak,FALSE,49,39.580435,restore,20251015,ok,61.4833333333333,6.78333333333333,23.0333333333333,28.4333333333333,3.23333333333333,0,8525,17170
5233570203,14:30,870,-75.1652507511981,39.9564326348413,-75.1652507511981,39.9564326348413,off_peak,FALSE,30,4.927778,restore,20251015,ok,11.8666666666667,1.93333333333333,8.75,0.2,0.983333333333333,0,3024,3057
5264720102,16:00,960,-74.9919645563739,40.0557019160434,-75.0334767058455,40.1004177520944,pm_peak,TRUE,480,37.077998,restore,20251015,ok,58.9166666666667,6.75,2.48333333333333,44.6666666666667,5.01666666666667,3,21869,26137
5269500301,4:55,295,-75.025951705377,40.0340975453938,-75.0242936664932,40.0935720600163,off_peak,FALSE,50,35.693354,restore,20251015,unreachable,,,,,,,,
5269500303,14:25,865,-75.0164718495484,40.1003470300558,-75.025951705377,40.0340975453938,off_peak,FALSE,50,34.906034,restore,20251015,ok,81.4333333333333,4.33333333333333,18.35,57.6833333333333,1.06666666666667,4,22946,22541
5269500501,7:00,420,-75.025951705377,40.0340975453938,-75.0589769417546,40.017025533914,am_peak,TRUE,25,18.760594,restore,20251015,ok,15.4,1.35,0.733333333333333,11.95,1.36666666666667,1,22702,17975
5269500502,15:30,930,-75.0589769417546,40.017025533914,-75.025951705377,40.0340975453938,off_peak,FALSE,38,20.022349,restore,20251015,ok,16.4333333333333,1.05,1.33333333333333,12.9833333333333,1.06666666666667,1,17914,22541
5270130101,9:15,555,-75.0589191747288,40.0341434174917,-75.1588750233838,39.9528401835985,am_peak,TRUE,60,40.607696,restore,20251015,ok,58.5833333333333,2.05,5.81666666666667,48.6166666666667,2.1,2,22344,32173
5278480101,10:00,600,-75.1446066576729,40.0233803729966,-75.1584725274299,39.950967187359,off_peak,FALSE,90,32.379671,restore,20251015,ok,52.6,1.28333333333333,18.0333333333333,31.95,1.33333333333333,3,22066,2456
5278480104,14:10,850,-75.1392788470332,40.0429484652339,-75.1381304513604,40.0251658128621,off_peak,FALSE,0,11.765591,restore,20251015,ok,32.3666666666667,1.5,7.95,21.4166666666667,1.5,4,17718,16136
5278480108,17:40,1060,-75.1491317030119,40.0304553583606,-75.1609354256761,39.9985787329005,pm_peak,TRUE,9,21.101329,restore,20251015,ok,40.6333333333333,1.46666666666667,12.6166666666667,14.4166666666667,12.1333333333333,2,214,2439
5278480109,17:57,1077,-75.1609354256761,39.9985787329005,-75.1857519422656,39.9869713053535,pm_peak,TRUE,18,19.386363,restore,20251015,ok,43,2.93333333333333,9.73333333333333,25.4333333333333,4.9,3,2684,18411
5278480202,11:00,660,-75.1325211942729,40.0941668713503,-75.1446066576729,40.0233803729966,off_peak,FALSE,60,31.880173,restore,20251015,ok,78.3166666666667,6.85,24.6,41.8,5.06666666666667,2,1053,1273
5284800101,7:05,425,-75.1689771799637,39.9467826108977,-75.124494522152,40.1214440489086,am_peak,TRUE,56,63.876424,restore,20251015,ok,71.5166666666667,1.73333333333333,4.28333333333333,56.7833333333333,8.71666666666667,2,3064,16648
5284800102,15:30,930,-75.124494522152,40.1214440489086,-75.1608866949941,39.9837724999129,off_peak,FALSE,45,65.695486,restore,20251015,ok,66.1333333333333,8.36666666666667,6.1,42.7833333333333,8.88333333333333,1,27533,1276
5284800103,20:00,1200,-75.1608866949941,39.9837724999129,-75.1689771799637,39.9467826108977,off_peak,FALSE,35,22.779576,restore,20251015,ok,52.5166666666667,1.2,21.7333333333333,27.6333333333333,1.95,1,3051,15401
5285590101,9:34,574,-75.1845576169885,39.942839888606,-75.1692942790448,39.9527602328087,off_peak,FALSE,21,17.179463,restore,20251015,ok,36.9666666666667,0.816666666666667,16.3166666666667,17.1666666666667,2.66666666666667,3,25102,6062
5288670104,12:15,735,-75.1742218041379,39.9513700637455,-75.2092872712104,40.0181516385401,off_peak,FALSE,30,19.282533,restore,20251015,ok,44.55,1.46666666666667,4.8,31.7333333333333,6.55,2,6064,28
5288670105,12:55,775,-75.2092872712104,40.0181516385401,-75.2875138170096,40.0988652361305,off_peak,FALSE,35,37.083333,restore,20251015,ok,47.65,2.95,0.766666666666667,35.7666666666667,8.16666666666667,1,12319,19045
5291120103,13:36,816,-75.1553089348274,40.0036904586044,-75.1609354256761,39.9985787329005,off_peak,FALSE,3,10.58351,restore,20251015,ok,14.7333333333333,3.1,2.93333333333333,0.55,8.15,0,4329,4330
5291120104,13:49,829,-75.1609354256761,39.9985787329005,-75.1339173390945,39.9885141593941,off_peak,FALSE,11,20.614316,restore,20251015,ok,43.5666666666667,2.93333333333333,8.73333333333333,27.2666666666667,4.63333333333333,2,2684,18066
5291120106,15:10,910,-75.1370076336645,39.9947816699323,-75.1503604073933,39.9962218359028,off_peak,FALSE,13,16.620424,restore,20251015,ok,31.9833333333333,3.43333333333333,5.4,13.8666666666667,9.28333333333333,1,18542,3744
5291120107,15:28,928,-75.1503604073933,39.9962218359028,-75.1553089348274,40.0036904586044,off_peak,FALSE,2,12.823496,restore,20251015,ok,22.8666666666667,4.65,4.38333333333333,4.4,9.43333333333333,0,16877,16882
5291900101,17:50,1070,-75.2324370649115,40.0574839750067,-75.2324370649115,40.0574839750067,pm_peak,TRUE,65,12.164871,restore,20251015,ok,16.35,2.53333333333333,7.61666666666667,4.16666666666667,2.03333333333333,1,14997,514
5305010101,7:50,470,-75.2344018743884,39.9529742315534,-75.1612826317197,39.9532127364358,am_peak,TRUE,37,26.143047,restore,20251015,ok,26.8,2.91666666666667,5.33333333333333,16.45,2.1,1,24457,2455
5305010103,19:36,1176,-75.1652643007328,39.9488899960486,-75.2024327640643,39.9546329212277,off_peak,FALSE,15,17.196002,restore,20251015,ok,22.9,1.28333333333333,0.716666666666667,16.2333333333333,4.66666666666667,2,32140,32178
5305010104,20:21,1221,-75.2024327640643,39.9546329212277,-75.2344018743884,39.9529742315534,off_peak,FALSE,6,17.836299,restore,20251015,ok,25.1,0.883333333333333,6.11666666666667,8.46666666666667,9.63333333333333,0,433,21379
5314250103,11:21,681,-75.2087795541006,40.0727929276456,-75.1571977835929,40.0823045185899,off_peak,FALSE,9,23.916667,restore,20251015,ok,40.7333333333333,6.61666666666667,0.166666666666667,23.6333333333333,10.3166666666667,1,15427,31817
5314250104,11:35,695,-75.1571977835929,40.0823045185899,-75.1263233403386,40.1432542039051,off_peak,FALSE,20,36.2,restore,20251015,ok,67.6166666666667,10.3166666666667,6.1,45.5833333333333,5.61666666666667,2,31817,809
5373010202,6:56,416,-75.1008734078827,40.0238583711636,-75.1536080135934,39.9890571718199,am_peak,TRUE,14,42.346991,restore,20251015,ok,44.3166666666667,6.75,1.28333333333333,31.2166666666667,5.06666666666667,1,24576,1276
5373010203,18:45,1125,-75.1536080135934,39.9890571718199,-75.1055945010731,40.0133259954788,pm_peak,TRUE,45,35.426119,restore,20251015,ok,55.6,2.63333333333333,0,41.1,11.8666666666667,3,17284,22087
5374710101,9:25,565,-75.1470807570054,39.9513767444736,-75.1941152941134,39.9546263068532,am_peak,TRUE,25,15.701896,restore,20251015,ok,19.3166666666667,1.76666666666667,3.88333333333333,9.33333333333333,4.33333333333333,1,10311,32177
5374710102,16:50,1010,-75.1941152941134,39.9546263068532,-75.2626735411038,39.9640057100153,pm_peak,TRUE,20,23.648892,restore,20251015,ok,28.8166666666667,1.51666666666667,1.18333333333333,23.5,2.61666666666667,2,20732,18639
5374710103,17:30,1050,-75.2626735411038,39.9640057100153,-75.2898472832018,40.0026899156158,pm_peak,TRUE,30,29.631951,restore,20251015,ok,47.65,2.61666666666667,0.15,40.5,4.38333333333333,4,18639,19513
5374710105,18:50,1130,-75.2898472832018,40.0026899156158,-75.2626735411038,39.9640057100153,pm_peak,TRUE,50,29.248703,restore,20251015,ok,62.05,4.38333333333333,21.0166666666667,30.6,6.05,1,19513,2024
5374710106,19:55,1195,-75.2626735411038,39.9640057100153,-75.1446587384151,39.9502859178682,off_peak,FALSE,35,28.133333,restore,20251015,ok,51.5,2.61666666666667,13.0666666666667,34.2666666666667,1.55,2,18639,428
5374710201,9:35,575,-75.1470807570054,39.9513767444736,-75.1957094473416,39.9494354858208,off_peak,FALSE,20,20.331103,restore,20251015,ok,27.15,1.93333333333333,1.08333333333333,20.4666666666667,3.66666666666667,2,3492,20734
5374710203,17:55,1075,-75.2032844122027,39.9507247552209,-75.2898472832018,40.0026899156158,pm_peak,TRUE,65,44.04655,restore,20251015,ok,60.65,1.81666666666667,3.18333333333333,51.2666666666667,4.38333333333333,4,672,19513
5374710205,20:50,1250,-75.2898472832018,40.0026899156158,-75.1470807570054,39.9513767444736,off_peak,FALSE,60,57.215962,restore,20251015,unreachable,,,,,,,,
5420880202,7:45,465,-75.1662257986882,39.9519342771783,-75.2024327640643,39.9546329212277,am_peak,TRUE,4,12.722622,restore,20251015,ok,24.9,1.53333333333333,1.98333333333333,16.7166666666667,4.66666666666667,2,10266,32178
5420880205,17:06,1026,-75.2024327640643,39.9546329212277,-75.1662257986882,39.9519342771783,pm_peak,TRUE,6,13.562304,restore,20251015,ok,15.75,1.73333333333333,1.61666666666667,10.65,1.75,1,421,1392
5423310201,12:00,720,-75.2322455285086,39.963278945388,-75.2316719358833,39.9680910426143,off_peak,FALSE,2,7.816667,restore,20251015,ok,8.95,1.23333333333333,2.3,2.63333333333333,2.78333333333333,0,24464,24468
5485730102,12:20,740,-75.0832986794972,40.0041401208179,-75.1673759243643,39.9592890487195,off_peak,FALSE,40,44.817815,restore,20251015,ok,45.0166666666667,7.43333333333333,0.683333333333333,29.6166666666667,7.28333333333333,2,17993,17169
5485730103,14:00,840,-75.1673759243643,39.9592890487195,-75.0832986794972,40.0041401208179,off_peak,FALSE,30,43.142204,restore,20251015,ok,62.0833333333333,0.233333333333333,13.2166666666667,41.3,7.33333333333333,3,24172,17613
5550880202,8:28,508,-75.2162654488479,39.9464660922369,-75.1834073455283,39.9599979498596,am_peak,TRUE,2,19.950349,restore,20251015,ok,26.5833333333333,3.01666666666667,3.51666666666667,10.6666666666667,9.38333333333333,0,20789,20643
5550880203,8:32,512,-75.1834073455283,39.9599979498596,-75.1537481432666,39.9503794767793,am_peak,TRUE,5,15.119871,restore,20251015,ok,26.0666666666667,7.98333333333333,6.71666666666667,9.83333333333333,1.53333333333333,1,1537,6113
5550880210,17:53,1073,-75.1537481432666,39.9503794767793,-75.1834073455283,39.9599979498596,pm_peak,TRUE,20,15.572594,restore,20251015,ok,19.25,1.46666666666667,4.01666666666667,4.51666666666667,9.25,0,32172,32176
5550880211,18:17,1097,-75.1834073455283,39.9599979498596,-75.2162654488479,39.9464660922369,pm_peak,TRUE,0,21.18627,restore,20251015,ok,36.3833333333333,7.6,5.4,18.5166666666667,4.86666666666667,1,28325,20883
5561830101,12:00,720,-75.0515287201836,40.021097885328,-75.2538526622578,39.9589775244658,off_peak,FALSE,60,60.996225,restore,20251015,ok,66.3666666666667,1,2.18333333333333,53.1333333333333,10.05,1,17971,32184
5561830102,21:00,1260,-75.2538526622578,39.9589775244658,-75.0515287201836,40.021097885328,off_peak,FALSE,60,62.035214,restore,20251015,ok,73.5,6.25,4.66666666666667,54.0666666666667,8.51666666666667,2,21351,22505
5617700101,10:55,655,-75.1874482344911,40.0457370394131,-75.1530023621858,39.9760354383899,off_peak,FALSE,48,49.12717,restore,20251015,ok,55.1,6.8,9.61666666666667,30.3333333333333,8.35,1,15495,1277
5617700102,21:03,1263,-75.1530023621858,39.9760354383899,-75.1874482344911,40.0457370394131,off_peak,FALSE,47,39.669138,restore,20251015,ok,40.6666666666667,0.883333333333333,1.33333333333333,31,7.45,0,16864,17208
5645340202,7:25,445,-75.1898605144712,40.0114702178942,-75.1583275844786,39.9602029183105,am_peak,TRUE,26,28.852518,restore,20251015,ok,45.9,4.36666666666667,4.46666666666667,31.1666666666667,5.9,2,24731,1279
5651420101,9:45,585,-75.2379157577435,39.9658789680729,-75.1545851492175,39.9813757258968,off_peak,FALSE,42,38.685548,restore,20251015,ok,57.1833333333333,0.716666666666667,14,35.7833333333333,6.68333333333333,2,553,32148
5651420102,11:05,665,-75.1545851492175,39.9813757258968,-75.2379157577435,39.9658789680729,off_peak,FALSE,50,40.45777,restore,20251015,ok,44.6166666666667,1.55,0.833333333333333,34.2166666666667,8.01666666666667,1,16111,32182
5753200103,15:08,908,-75.1785792243999,39.9689777214525,-75.1541388337345,39.9522458625874,off_peak,FALSE,12,23.728964,restore,20251015,ok,28.35,1.98333333333333,4.23333333333333,19.9166666666667,2.21666666666667,1,16562,2457
5753200106,16:58,1018,-75.1682068169821,39.957491721513,-75.1798114670555,39.9715794694621,pm_peak,TRUE,12,16.413313,restore,20251015,ok,20.8666666666667,1.9,7.25,10.1166666666667,1.6,0,15948,2880
5753200202,6:40,400,-75.1785792243999,39.9689777214525,-75.177201361549,39.9550054347417,am_peak,TRUE,15,15.55563,restore,20251015,ok,23.8666666666667,0.6,8.55,10.8166666666667,3.9,1,4550,3092
5753200204,6:59,419,-75.1779217463161,39.9533873770951,-75.2074740441751,39.9601688794781,am_peak,TRUE,6,20.810731,restore,20251015,ok,27.5333333333333,1.28333333333333,0.316666666666667,22.8333333333333,3.1,3,10283,30823
5753200207,17:26,1046,-75.2074740441751,39.9601688794781,-75.177201361549,39.9550054347417,pm_peak,TRUE,5,21.337359,restore,20251015,ok,31.2333333333333,3.1,7.08333333333333,19.05,2,2,30823,20645
5753200209,17:43,1063,-75.1741319574651,39.9575333855516,-75.1798114670555,39.9715794694621,pm_peak,TRUE,12,11.769898,restore,20251015,ok,17.1166666666667,2.3,3.63333333333333,9.58333333333333,1.6,0,3155,2880
5759930103,6:28,388,-75.1588750233838,39.9528401835985,-75.1414393682529,39.9601471054741,am_peak,TRUE,6,12.505684,restore,20251015,ok,16.3333333333333,2.08333333333333,0.766666666666667,12.7166666666667,0.766666666666667,1,16845,32375
5759930106,17:08,1028,-75.1414393682529,39.9601471054741,-75.1648345113326,39.9541020155151,pm_peak,TRUE,4,14.594689,restore,20251015,ok,18.1166666666667,1.1,1.26666666666667,12.6333333333333,3.11666666666667,1,25795,1281
5762440103,8:05,485,-75.1505658415867,39.9464361327538,-75.1708705877199,39.9529581159317,am_peak,TRUE,25,18.813692,restore,20251015,ok,21.5166666666667,2.38333333333333,0.616666666666667,12.5,6.01666666666667,0,14880,14081
5762440104,17:30,1050,-75.1708705877199,39.9529581159317,-75.1301600245386,39.9721857729433,pm_peak,TRUE,30,25.933224,restore,20251015,ok,25.6,1.01666666666667,0.366666666666667,18.35,5.86666666666667,2,10272,23930
5765380101,11:00,660,-75.1742868895805,39.952935291834,-75.2626735411038,39.9640057100153,off_peak,FALSE,20,29.127501,restore,20251015,ok,38.0333333333333,1.55,5.08333333333333,24.3666666666667,7.03333333333333,3,18447,1148
5765380102,11:45,705,-75.2626735411038,39.9640057100153,-75.3393886203709,40.0346462639254,off_peak,FALSE,30,25.457163,restore,20251015,ok,43.3333333333333,2.61666666666667,3.2,33.5166666666667,4,2,18639,1900
5765380104,21:15,1275,-75.1742868895805,39.952935291834,-75.2182588102061,39.950471058218,off_peak,FALSE,15,23.535973,restore,20251015,ok,26.2666666666667,1.55,1.86666666666667,19.1833333333333,3.66666666666667,2,18447,20884
5765380105,1:05,65,-75.2182588102061,39.950471058218,-75.1742868895805,39.952935291834,off_peak,FALSE,15,23.691334,restore,20251015,unreachable,,,,,,,,
5788060105,15:00,900,-75.1669894744938,39.9484799410289,-75.180637080064,39.9501303685435,off_peak,FALSE,20,12.676728,restore,20251015,ok,28.4666666666667,1.3,8.88333333333333,15.6833333333333,2.6,1,25083,19542
5789840101,11:15,675,-75.2165947836222,39.9537421538695,-75.177201361549,39.9550054347417,off_peak,FALSE,5,23.997263,restore,20251015,ok,25.5833333333333,0.916666666666667,3,19.6666666666667,2,3,22122,20645
5789840102,12:00,720,-75.177201361549,39.9550054347417,-75.2165947836222,39.9537421538695,off_peak,FALSE,15,23.367026,restore,20251015,ok,20.8833333333333,1.95,1.33333333333333,13.65,3.95,1,20661,21371
5789840103,15:00,900,-75.2165947836222,39.9537421538695,-75.1669894744938,39.9484799410289,off_peak,FALSE,30,24.875105,restore,20251015,ok,27.7833333333333,2.13333333333333,5.45,12.4166666666667,7.78333333333333,1,24857,1392
5789840104,0:00,0,-75.1669894744938,39.9484799410289,-75.2165947836222,39.9537421538695,off_peak,FALSE,35,23.39226,restore,20251015,unreachable,,,,,,,,
5789840201,16:30,990,-75.2165947836222,39.9537421538695,-75.1742218041379,39.9513700637455,pm_peak,TRUE,15,24.927547,restore,20251015,ok,26.9333333333333,0.916666666666667,3,17.1666666666667,5.85,3,22122,20645
5789840202,0:15,15,-75.1742218041379,39.9513700637455,-75.2165947836222,39.9537421538695,off_peak,FALSE,15,19.021,restore,20251015,ok,52.55,1.55,24,17.15,9.85,1,21316,19027
5808780101,12:44,764,-74.914556913326,40.1553049086706,-74.971722014007,40.068261230225,off_peak,FALSE,56,67.59436,restore,20251015,ok,54.4,3.53333333333333,2.6,46.7333333333333,1.53333333333333,1,28655,28506
5808780103,14:27,867,-74.971722014007,40.068261230225,-74.914556913326,40.1553049086706,off_peak,FALSE,63,79.193302,restore,20251015,ok,90.7,1.53333333333333,9.33333333333333,74.6666666666667,5.16666666666667,4,28506,23085
5819950104,22:53,1373,-75.1725391195037,39.9527196860213,-75.2162654488479,39.9464660922369,off_peak,FALSE,22,18.989067,restore,20251015,ok,26.7666666666667,1.58333333333333,0.75,19.5666666666667,4.86666666666667,1,10275,20883
5852630102,8:45,525,-75.1779217463161,39.9533873770951,-75.1638872349499,39.9525548857932,am_peak,TRUE,5,6.955697,restore,20251015,ok,8.78333333333333,1.28333333333333,2.05,3.23333333333333,2.21666666666667,0,10283,10266
5852630103,8:51,531,-75.1638872349499,39.9525548857932,-75.1632627264191,39.9610182840982,am_peak,TRUE,4,9.261714,restore,20251015,ok,9.33333333333333,0.3,1.95,3.5,3.58333333333333,0,32141,32143
5852630106,12:54,774,-75.1662257986882,39.9519342771783,-75.2032844122027,39.9507247552209,off_peak,FALSE,16,15.842286,restore,20251015,ok,25.65,1.46666666666667,0.533333333333333,17.1833333333333,6.46666666666667,2,21213,21426
5852630107,17:10,1030,-75.2032844122027,39.9507247552209,-75.1698571868868,39.9452577603363,pm_peak,TRUE,20,25.693586,restore,20251015,ok,26.2666666666667,2.16666666666667,1.83333333333333,21.75,0.516666666666667,2,20804,2692
5874480101,11:00,660,-74.9556787266959,40.0972989695419,-75.0675318693472,40.0381003553224,off_peak,FALSE,65,42.607141,restore,20251015,ok,57.3166666666667,3.31666666666667,1.76666666666667,48.1333333333333,4.1,2,17061,22920
5874480103,15:26,926,-75.0798260530761,40.0248633027149,-74.9556787266959,40.0972989695419,off_peak,FALSE,44,50.600921,restore,20251015,ok,66.4333333333333,2.06666666666667,1.2,58.1666666666667,5,3,30219,30704
5904620101,11:00,660,-75.1392788470332,40.0429484652339,-75.1372598172641,40.0681528620105,off_peak,FALSE,30,21.373895,restore,20251015,ok,36.7666666666667,1.5,10,20.8,4.46666666666667,2,17718,16619
5904620102,17:45,1065,-75.1372598172641,40.0681528620105,-75.1392788470332,40.0429484652339,pm_peak,TRUE,45,18.725821,restore,20251015,ok,30.9166666666667,4.03333333333333,11.3,10.55,5.03333333333333,0,17534,10940
5917530101,8:40,520,-75.1771789182756,39.976458493457,-75.1489215256524,39.95458250175,am_peak,TRUE,25,28.266518,restore,20251015,ok,27.2,5.25,1.46666666666667,15.0333333333333,5.45,1,21071,2440
5917530102,17:05,1025,-75.1489215256524,39.95458250175,-75.1771789182756,39.976458493457,pm_peak,TRUE,35,27.356538,restore,20251015,ok,36.55,3.4,7.66666666666667,20.5,4.98333333333333,3,18518,21016
5931890101,12:00,720,-75.1400970132193,39.9722367087517,-75.2214787498032,39.9351931051192,off_peak,FALSE,60,38.749001,restore,20251015,ok,53.5666666666667,0.85,10.25,40.7166666666667,1.75,2,18082,20745
5931890102,14:52,892,-75.2214787498032,39.9351931051192,-75.2379157577435,39.9658789680729,off_peak,FALSE,18,30.852734,restore,20251015,ok,30.8166666666667,1.2,0.816666666666667,22.9833333333333,5.81666666666667,1,20746,24466
5931890103,15:40,940,-75.2379157577435,39.9658789680729,-75.1400970132193,39.9722367087517,off_peak,FALSE,20,36.770821,restore,20251015,ok,45.2,2.8,4.25,29.95,8.2,2,21645,353
5931890201,11:45,705,-75.1400970132193,39.9722367087517,-75.2214787498032,39.9351931051192,off_peak,FALSE,45,38.749001,restore,20251015,ok,47.1,0.85,1.25,40.3166666666667,4.68333333333333,3,18082,21716
5937570102,8:12,492,-75.1630984016405,39.9735438590113,-75.1634808483634,39.9480403151119,am_peak,TRUE,8,16.141574,restore,20251015,ok,28.1166666666667,1.15,5.58333333333333,19.5166666666667,1.86666666666667,3,3068,1282
5937570105,17:35,1055,-75.1634808483634,39.9480403151119,-75.1630984016405,39.9735438590113,pm_peak,TRUE,5,17.537769,restore,20251015,ok,16.3833333333333,1.76666666666667,0.983333333333333,7.25,6.38333333333333,0,32140,32147
5955100103,14:00,840,-75.1625826795934,39.9513495936779,-75.1788270506066,39.951932450125,off_peak,FALSE,30,11.553757,restore,20251015,ok,16.6,2.05,0.65,8.93333333333333,4.96666666666667,2,2455,20661
6010880101,8:30,510,-75.1725391195037,39.9527196860213,-75.1541388337345,39.9522458625874,am_peak,TRUE,30,10.447997,restore,20251015,ok,12.35,1.68333333333333,1.35,7.1,2.21666666666667,1,20646,2457
6010880102,9:30,570,-75.1541388337345,39.9522458625874,-75.1725391195037,39.9527196860213,off_peak,FALSE,30,13.60605,restore,20251015,ok,14.35,1.95,1.96666666666667,7.53333333333333,2.9,0,10341,21319
6014790101,15:35,935,-75.1505658415867,39.9464361327538,-75.1489215256524,39.95458250175,off_peak,FALSE,25,13.017518,restore,20251015,ok,18.7166666666667,3.45,1.75,0.8,12.7166666666667,0,20973,14880
6014790103,18:55,1135,-75.1941152941134,39.9546263068532,-75.1505658415867,39.9464361327538,pm_peak,TRUE,50,20.594211,restore,20251015,ok,23.45,1.51666666666667,0.933333333333333,16,5,1,20732,6111
6014790202,19:15,1155,-75.1665551812863,39.9452085642469,-75.1476427366842,39.9441226984079,off_peak,FALSE,15,17.26187,restore,20251015,ok,26.7333333333333,1.85,1.63333333333333,21.1833333333333,2.06666666666667,2,15190,25094
6016700102,8:05,485,-75.300281066518,40.0007168757721,-75.3460361638143,40.1143423687777,am_peak,TRUE,25,33.33046,restore,20251015,ok,59.6333333333333,3.95,1.9,50.95,2.83333333333333,2,18896,18304
6016700103,16:30,990,-75.3460361638143,40.1143423687777,-75.300281066518,40.0007168757721,pm_peak,TRUE,30,31.424227,restore,20251015,ok,44.6166666666667,1.95,13.05,20.1833333333333,9.43333333333333,0,32185,32200
6016700202,7:55,475,-75.2879225601409,40.0096184499998,-75.1659426772114,39.9531940428398,am_peak,TRUE,55,29.556552,restore,20251015,ok,56.45,1.4,4.86666666666667,48.7333333333333,1.45,2,18884,1392
6017220202,15:20,920,-75.1561127285024,39.9506763018863,-75.1673585815214,39.9505151310837,off_peak,FALSE,10,11.512847,restore,20251015,ok,14.75,1.75,2.15,8.08333333333333,2.76666666666667,1,10257,2666
6017220203,16:00,960,-75.1673585815214,39.9505151310837,-75.1800070313661,39.946441631749,pm_peak,TRUE,10,10.643484,restore,20251015,ok,14.7833333333333,1.35,1.4,11.3666666666667,0.666666666666667,1,14080,22237
6019330101,9:20,560,-75.1773253490168,39.9478229139105,-75.2119692985922,40.025270412473,am_peak,TRUE,30,20.94194,restore,20251015,ok,47.0833333333333,1.45,9.56666666666667,25.5333333333333,10.5333333333333,3,22278,30907
6019330102,11:05,665,-75.2119692985922,40.025270412473,-75.1742218041379,39.9513700637455,off_peak,FALSE,35,19.25,restore,20251015,ok,42.55,3.45,0.55,33.2166666666667,5.33333333333333,2,19034,20660
6019330103,12:30,750,-75.1742218041379,39.9513700637455,-75.1553089348274,40.0036904586044,off_peak,FALSE,150,28.042475,restore,20251015,ok,35.3833333333333,1.46666666666667,2.76666666666667,26.0166666666667,5.13333333333333,1,6064,32151
6019330104,18:30,1110,-75.1553089348274,40.0036904586044,-75.1410924621013,39.9257396921949,pm_peak,TRUE,60,44.763914,restore,20251015,ok,52.1333333333333,3.1,1.86666666666667,46.0333333333333,1.13333333333333,6,4329,101
6019330105,21:30,1290,-75.1410924621013,39.9257396921949,-75.1773253490168,39.9478229139105,off_peak,FALSE,60,33.48029,restore,20251015,ok,37.8333333333333,1.13333333333333,0.866666666666667,34.1833333333333,1.65,2,101,22277
6022850101,7:00,420,-75.1655206281913,39.9477143701067,-75.1957094473416,39.9494354858208,am_peak,TRUE,20,19.44269,restore,20251015,ok,25.15,1.63333333333333,1.85,18,3.66666666666667,2,5229,20734
6022850102,19:30,1170,-75.1957094473416,39.9494354858208,-75.1655206281913,39.9477143701067,off_peak,FALSE,40,21.020114,restore,20251015,ok,20.6666666666667,3.08333333333333,1.36666666666667,7.55,8.66666666666667,0,20731,31140
6022850201,8:15,495,-75.1957094473416,39.9494354858208,-75.1655206281913,39.9477143701067,am_peak,TRUE,30,22.226499,restore,20251015,ok,21.9166666666667,3.08333333333333,2.66666666666667,14.5,1.66666666666667,1,20731,15187
6022850202,17:30,1050,-75.1655206281913,39.9477143701067,-75.1957094473416,39.9494354858208,pm_peak,TRUE,21,21.358247,restore,20251015,ok,25.15,1.33333333333333,0.666666666666667,19.4833333333333,3.66666666666667,3,310,20734
6028260101,9:30,570,-75.2298442421393,39.9293235759694,-75.1858598621043,39.9165483287187,off_peak,FALSE,30,18.26684,restore,20251015,ok,27.5833333333333,0.916666666666667,4.43333333333333,18.3666666666667,3.86666666666667,1,20750,24549
6028260102,10:38,638,-75.1858598621043,39.9165483287187,-75.269943076881,39.9356820759347,off_peak,FALSE,52,45.823057,restore,20251015,ok,55.2666666666667,3.73333333333333,0.3,48.6,2.63333333333333,3,24550,19788
6028950101,14:00,840,-75.1722789942054,39.9539778646615,-75.1665551812863,39.9452085642469,off_peak,FALSE,15,12.045688,restore,20251015,ok,27.2,1.13333333333333,11.9833333333333,3.96666666666667,10.1166666666667,0,21319,14954
6029500103,18:55,1135,-75.1662257986882,39.9519342771783,-75.1400970132193,39.9722367087517,pm_peak,TRUE,0,18.549475,restore,20251015,ok,24.2,1.53333333333333,0.833333333333333,13.6333333333333,8.2,1,10266,353
6036250101,9:30,570,-75.2629389868999,39.9545919335046,-75.2797205011103,39.9629897065044,off_peak,FALSE,75,18.159187,restore,20251015,ok,27.2833333333333,1.68333333333333,10.35,10.1666666666667,5.08333333333333,1,19275,18651
6036250102,12:30,750,-75.2797205011103,39.9629897065044,-75.2629389868999,39.9545919335046,off_peak,FALSE,690,20.635784,restore,20251015,ok,27.6833333333333,3.95,7.11666666666667,13.35,3.26666666666667,1,15102,19618
6043000102,7:20,440,-75.300281066518,40.0007168757721,-75.2626735411038,39.9640057100153,am_peak,TRUE,5,26.509675,restore,20251015,ok,35.4833333333333,4.9,2.33333333333333,25.6333333333333,2.61666666666667,2,1975,18639
6043000103,7:31,451,-75.2626735411038,39.9640057100153,-75.1662257986882,39.9519342771783,am_peak,TRUE,24,23.951639,restore,20251015,ok,38.75,2.61666666666667,2.25,32.1333333333333,1.75,2,18639,1392
6043000104,8:00,480,-75.1662257986882,39.9519342771783,-75.1634052023169,39.9571451807186,am_peak,TRUE,5,6.286928,restore,20251015,ok,12.1666666666667,1.46666666666667,4.53333333333333,2.45,3.71666666666667,0,21213,3057
6043710101,8:00,480,-75.1603362537134,39.9167023901516,-75.1592387852516,39.9217586458287,am_peak,TRUE,30,5.35001,restore,20251015,ok,10.4333333333333,1.21666666666667,5.1,2.91666666666667,1.2,0,18491,18495
6043710102,11:30,690,-75.1592387852516,39.9217586458287,-75.1603362537134,39.9167023901516,off_peak,FALSE,30,5.306896,restore,20251015,ok,7.91666666666667,1.23333333333333,3.3,2.11666666666667,1.26666666666667,0,16310,16314
6043710201,7:00,420,-75.1603362537134,39.9167023901516,-75.1829342839572,39.9329910377486,am_peak,TRUE,25,21.359242,restore,20251015,ok,24.1166666666667,2.31666666666667,1.11666666666667,17.9,2.78333333333333,3,24308,25143
6043710202,14:25,865,-75.1829342839572,39.9329910377486,-75.1870662747411,39.9335197790401,off_peak,FALSE,57,3.833333,restore,20251015,ok,10.4333333333333,1.31666666666667,2.71666666666667,0.6,5.8,0,25213,25214
6043710203,17:30,1050,-75.1870662747411,39.9335197790401,-75.1603362537134,39.9167023901516,pm_peak,TRUE,30,23.055643,restore,20251015,ok,25.35,3.61666666666667,2.2,18.2666666666667,1.26666666666667,1,24185,16314
6053730102,12:00,720,-75.1503604073933,39.9962218359028,-75.1562910038297,39.9768159139408,off_peak,FALSE,17,15.921575,restore,20251015,ok,18.5,4.9,0.5,10.2166666666667,2.88333333333333,1,20521,5273
6053730104,16:10,970,-75.1503604073933,39.9962218359028,-75.1804047012754,39.9816583790678,pm_peak,TRUE,470,25.202853,restore,20251015,ok,40.2166666666667,4.46666666666667,2.56666666666667,32.7833333333333,0.4,3,16099,25487
6053730302,12:24,744,-75.1446587384151,39.9502859178682,-75.1804047012754,39.9816583790678,off_peak,FALSE,696,33.587911,restore,20251015,ok,37.2166666666667,1.18333333333333,5,30.6333333333333,0.4,4,30079,25487
6055520102,9:26,566,-75.1652643007328,39.9488899960486,-75.1410924621013,39.9257396921949,am_peak,TRUE,39,23.024688,restore,20251015,ok,29.1333333333333,1.16666666666667,4.58333333333333,22.25,1.13333333333333,1,1282,101
6066230101,14:30,870,-75.1701368511036,39.9488667930338,-75.1673585815214,39.9505151310837,off_peak,FALSE,30,5.783333,restore,20251015,ok,17.3333333333333,1.01666666666667,9.73333333333333,0.566666666666667,6.01666666666667,0,15400,15401
6066230102,15:30,930,-75.1673585815214,39.9505151310837,-75.1701368511036,39.9488667930338,off_peak,FALSE,20,5.538542,restore,20251015,ok,6.36666666666667,1.35,0.4,2.25,2.36666666666667,0,14080,14084
6079080201,7:28,448,-75.3077676290044,40.0078734461634,-75.1672929773502,39.9544153783527,am_peak,TRUE,52,46.022418,restore,20251015,ok,56.35,10.8666666666667,9.75,31.3833333333333,4.35,1,32198,1392
6079080202,17:50,1070,-75.1672929773502,39.9544153783527,-75.3077676290044,40.0078734461634,pm_peak,TRUE,60,43.53795,restore,20251015,ok,50.15,1.25,0.216666666666667,37.8833333333333,10.8,3,8936,1924
6080360101,7:20,440,-75.1560983260195,39.9553691545034,-75.1476427366842,39.9441226984079,am_peak,TRUE,100,18.659779,restore,20251015,ok,30.3666666666667,1.9,1.26666666666667,18.5666666666667,8.63333333333333,1,16846,14909
6080360102,10:30,630,-75.1476427366842,39.9441226984079,-75.1550731760754,39.9469560187574,off_peak,FALSE,,9.700044,restore,20251015,ok,15.65,1.53333333333333,5.96666666666667,5.6,2.55,0,25095,14882
6080360103,10:35,635,-75.1550731760754,39.9469560187574,-75.1584424033225,39.9474108270156,off_peak,FALSE,25,6.15,restore,20251015,ok,11.3833333333333,0.783333333333333,3.98333333333333,0.816666666666667,5.8,0,16292,16293
6080360104,12:10,730,-75.1584424033225,39.9474108270156,-75.1560983260195,39.9553691545034,off_peak,FALSE,710,10.647348,restore,20251015,ok,14.2666666666667,1.03333333333333,6.05,5.28333333333333,1.9,0,16842,16846
6080870301,9:00,540,-75.5017110217195,39.9252280525618,-75.4217973167632,39.9247683828366,am_peak,TRUE,90,131.231971,restore,20251015,no_origin_stop,,,,,,,,
6080870302,13:45,825,-75.4217973167632,39.9247683828366,-75.5326409377133,39.890085601028,off_peak,FALSE,75,50.3351,restore,20251015,no_origin_stop,,,,,,,,
6081650102,14:20,860,-75.1706866571216,39.953785415184,-75.1957094473416,39.9494354858208,off_peak,FALSE,14,15.045947,restore,20251015,ok,13.15,1.3,1.15,7.03333333333333,3.66666666666667,0,20660,20734
6081650201,6:56,416,-75.1845576169885,39.942839888606,-75.150623776162,39.9499928305521,am_peak,TRUE,39,28.57004,restore,20251015,ok,29.5333333333333,1.26666666666667,5.23333333333333,20.4833333333333,2.55,2,25045,2458
6104530103,11:40,700,-75.2203509863295,40.0410461667675,-75.1971342156818,40.0138387034349,off_peak,FALSE,5,30.86825,restore,20251015,ok,39,5.9,8.66666666666667,18.4,6.03333333333333,1,16180,24117
6104530104,15:46,946,-75.1971342156818,40.0138387034349,-75.1588750233838,39.9528401835985,off_peak,FALSE,25,26.578276,restore,20251015,ok,44.55,6.03333333333333,0.816666666666667,35.8333333333333,1.86666666666667,3,24117,10262
6113870208,15:20,920,-75.2901773528481,40.2459664424297,-75.3243718638479,40.3286131053482,off_peak,FALSE,2,33.871431,restore,20251015,ok,71.5666666666667,3.66666666666667,27.95,35.3,4.65,0,28723,28772
6138920101,12:15,735,-75.3024393659454,39.9834631042535,-75.2626735411038,39.9640057100153,off_peak,FALSE,,23.559041,restore,20251015,ok,40.15,6.1,17.2666666666667,11.95,4.83333333333333,1,18900,18830
6138920103,17:00,1020,-75.2859011035678,39.9804280541513,-75.3024393659454,39.9834631042535,pm_peak,TRUE,30,17.580284,restore,20251015,ok,38.0833333333333,2.8,5.35,23.85,6.08333333333333,2,32203,18860
6144510101,11:30,690,-75.1630984016405,39.9735438590113,-75.1758411443119,39.993060336458,off_peak,FALSE,35,22.734085,restore,20251015,ok,31.6666666666667,2.98333333333333,3.35,20.05,5.28333333333333,1,21006,2910
6144510102,14:45,885,-75.1758411443119,39.993060336458,-75.1578194556998,39.9904255905816,off_peak,FALSE,35,20.458556,restore,20251015,ok,38.15,2.06666666666667,16.95,14.7333333333333,4.4,1,16389,16223
6144510103,16:55,1015,-75.1578194556998,39.9904255905816,-75.1630984016405,39.9735438590113,pm_peak,TRUE,25,15.232925,restore,20251015,ok,21.5,3.63333333333333,4.96666666666667,7.5,5.4,0,17135,5328
6144510201,7:15,435,-75.1630984016405,39.9735438590113,-75.1578194556998,39.9904255905816,am_peak,TRUE,40,10.885887,restore,20251015,ok,10.3666666666667,1.15,0.583333333333333,6.75,1.88333333333333,0,3068,3074
6144510202,9:45,585,-75.1578194556998,39.9904255905816,-75.1630984016405,39.9735438590113,off_peak,FALSE,30,14.719558,restore,20251015,ok,19.5166666666667,3.68333333333333,7.58333333333333,6.86666666666667,1.38333333333333,0,2733,2721
6144510203,12:15,735,-75.1630984016405,39.9735438590113,-75.1536080135934,39.9890571718199,off_peak,FALSE,40,17.681727,restore,20251015,ok,27.7,1.15,12.5833333333333,6.08333333333333,7.88333333333333,0,3068,3027
6144510204,16:15,975,-75.1536080135934,39.9890571718199,-75.1630984016405,39.9735438590113,pm_peak,TRUE,45,17.830848,restore,20251015,ok,18.0166666666667,2.63333333333333,2.2,6.91666666666667,6.26666666666667,1,17284,20966
6144510205,18:45,1125,-75.1630984016405,39.9735438590113,-75.1758411443119,39.993060336458,pm_peak,TRUE,0,22.057785,restore,20251015,ok,26.8666666666667,1.15,1.58333333333333,18.85,5.28333333333333,2,3068,2910
6144510206,20:45,1245,-75.1758411443119,39.993060336458,-75.1630984016405,39.9735438590113,off_peak,FALSE,45,23.280427,restore,20251015,ok,31.3666666666667,2.06666666666667,6.33333333333333,17.6,5.36666666666667,1,16389,913
6144510301,7:15,435,-75.1630984016405,39.9735438590113,-75.1578194556998,39.9904255905816,am_peak,TRUE,40,10.885887,restore,20251015,ok,10.3666666666667,1.15,0.583333333333333,6.75,1.88333333333333,0,3068,3074
6144510302,9:45,585,-75.1578194556998,39.9904255905816,-75.1630984016405,39.9735438590113,off_peak,FALSE,45,14.719558,restore,20251015,ok,19.5166666666667,3.68333333333333,7.58333333333333,6.86666666666667,1.38333333333333,0,2733,2721
6144510303,18:15,1095,-75.1630984016405,39.9735438590113,-75.1758411443119,39.993060336458,pm_peak,TRUE,30,22.057785,restore,20251015,ok,24.8666666666667,2.98333333333333,0.45,16.15,5.28333333333333,1,21006,2910
6144510304,20:45,1245,-75.1758411443119,39.993060336458,-75.1630984016405,39.9735438590113,off_peak,FALSE,45,23.280427,restore,20251015,ok,31.3666666666667,2.06666666666667,6.33333333333333,17.6,5.36666666666667,1,16389,913
6145390201,7:00,420,-75.2165947836222,39.9537421538695,-75.1592387852516,39.9217586458287,am_peak,TRUE,60,38.395462,restore,20251015,ok,45.9333333333333,0.916666666666667,5,38.7833333333333,1.23333333333333,3,22122,16310
6145390202,17:00,1020,-75.1592387852516,39.9217586458287,-75.2165947836222,39.9537421538695,pm_peak,TRUE,420,41.225749,restore,20251015,ok,46.3333333333333,1.2,5.15,30.3333333333333,9.65,1,18495,32179
6147480101,6:30,390,-75.1732743609913,39.9456003211594,-75.1591175345241,39.9419118021734,am_peak,TRUE,90,9.719973,restore,20251015,ok,15,1.88333333333333,5.46666666666667,6.03333333333333,1.61666666666667,0,22241,22249
6147480102,18:00,1080,-75.1591175345241,39.9419118021734,-75.1732743609913,39.9456003211594,pm_peak,TRUE,60,11.25,restore,20251015,ok,23.2833333333333,1.61666666666667,7.76666666666667,13.6333333333333,0.266666666666667,1,22249,22273
6157560101,6:54,414,-75.1692193512515,40.0665021000576,-75.222409636121,39.8991472241574,am_peak,TRUE,60,81.917458,restore,20251015,ok,91.3666666666667,2.71666666666667,1.41666666666667,76.4666666666667,10.7666666666667,6,15488,24933
6158090101,7:30,450,-75.0750322611491,40.0214372944722,-75.1085340726583,39.9955139503969,am_peak,TRUE,20,19.39688,restore,20251015,ok,26.15,0.25,0.683333333333333,18.0666666666667,7.15,1,15787,32163
6158090102,9:00,540,-75.1085340726583,39.9955139503969,-75.1625826795934,39.9513495936779,am_peak,TRUE,30,24.909747,restore,20251015,ok,38.2666666666667,2.45,9.36666666666667,24.3166666666667,2.13333333333333,1,24142,32174
6158090103,10:45,645,-75.1625826795934,39.9513495936779,-75.0593151476913,40.0302346423682,off_peak,FALSE,45,40.585046,restore,20251015,ok,44.7333333333333,2.05,3.65,35.3,3.73333333333333,1,2455,21607
6158090104,11:45,705,-75.0593151476913,40.0302346423682,-75.1102184888777,39.9887849617672,off_peak,FALSE,,33.920378,restore,20251015,ok,49.1666666666667,3.26666666666667,4.11666666666667,37.65,4.13333333333333,3,22343,15039
6158090105,11:50,710,-75.1102184888777,39.9887849617672,-75.0943237154892,39.9860163349013,off_peak,FALSE,30,17.59557,restore,20251015,ok,22.1166666666667,3.51666666666667,2.08333333333333,3.48333333333333,13.0333333333333,0,17817,17822
6158090106,15:30,930,-75.0943237154892,39.9860163349013,-75.0750322611491,40.0214372944722,off_peak,FALSE,30,18.833587,restore,20251015,ok,36.6666666666667,1,15.5666666666667,19.85,0.25,0,23794,15787
6166360101,9:00,540,-75.1977262540913,39.9594259908695,-75.1941152941134,39.9546263068532,am_peak,TRUE,15,7.858231,restore,20251015,ok,15.2833333333333,1.81666666666667,8.8,3.38333333333333,1.28333333333333,0,20638,20641
6169070401,18:30,1110,-75.219114878266,39.9655052738952,-75.2376648010527,39.9482763035952,pm_peak,TRUE,90,28.803213,restore,20251015,ok,42.3333333333333,3.5,18.2333333333333,16.75,3.85,1,25595,20892
6169360101,19:00,1140,-75.2316719358833,39.9680910426143,-75.2232933759479,39.9448265734297,off_peak,FALSE,25,24.103779,restore,20251015,ok,30.7333333333333,1.01666666666667,7.06666666666667,16.6166666666667,6.03333333333333,1,24514,20868
6169360201,11:00,660,-75.2316719358833,39.9680910426143,-75.1524573152991,39.9708851261141,off_peak,FALSE,95,37.771864,restore,20251015,ok,35.3666666666667,1.01666666666667,2.83333333333333,29.15,2.36666666666667,2,24514,1185
6169360202,15:33,933,-75.1524573152991,39.9708851261141,-75.1638872349499,39.9525548857932,off_peak,FALSE,28,14.691694,restore,20251015,ok,22.3833333333333,2.18333333333333,7.25,12.5666666666667,0.383333333333333,1,21001,1281
6169360203,16:23,983,-75.1638872349499,39.9525548857932,-75.2316719358833,39.9680910426143,pm_peak,TRUE,15,23.025809,restore,20251015,ok,26.95,1.85,1.15,21.1666666666667,2.78333333333333,2,283,24468
6169360401,8:19,499,-75.2316719358833,39.9680910426143,-75.2074740441751,39.9601688794781,am_peak,TRUE,8,22.973688,restore,20251015,ok,25.7833333333333,1.01666666666667,4.83333333333333,12.4833333333333,7.45,1,24514,516
6169360402,15:30,930,-75.2074740441751,39.9601688794781,-75.2316719358833,39.9680910426143,off_peak,FALSE,40,14.573655,restore,20251015,ok,30.95,3.1,2.56666666666667,22.5,2.78333333333333,3,30823,24468
6169360501,8:19,499,-75.2316719358833,39.9680910426143,-75.2074740441751,39.9601688794781,am_peak,TRUE,8,22.973688,restore,20251015,ok,25.7833333333333,1.01666666666667,4.83333333333333,12.4833333333333,7.45,1,24514,516
6169360502,15:30,930,-75.2074740441751,39.9601688794781,-75.2316719358833,39.9680910426143,off_peak,FALSE,40,14.573655,restore,20251015,ok,30.95,3.1,2.56666666666667,22.5,2.78333333333333,3,30823,24468
6174680102,13:28,808,-75.1560983260195,39.9553691545034,-75.1392078148453,39.9466654688148,off_peak,FALSE,12,18.358371,restore,20251015,ok,34.45,1.9,3.13333333333333,20.9166666666667,8.5,2,16846,428
6174680103,14:18,858,-75.1392078148453,39.9466654688148,-75.1678754160498,39.9518178612404,off_peak,FALSE,7,15.943277,restore,20251015,ok,28.9166666666667,3.25,7.51666666666667,14.2333333333333,3.91666666666667,1,23984,32175
6174680104,14:50,890,-75.1678754160498,39.9518178612404,-75.1474545568906,39.9496085506464,off_peak,FALSE,25,12.579256,restore,20251015,ok,15.85,1.6,3.3,9.66666666666667,1.28333333333333,1,2660,14930
6178970101,8:30,510,-75.1662120144978,39.9238115855567,-75.1588750233838,39.9528401835985,am_peak,TRUE,20,20.752222,restore,20251015,ok,30.4,0.15,7.13333333333333,20.7166666666667,2.4,1,24253,32331
6178970102,11:05,665,-75.1588750233838,39.9528401835985,-75.1847348588828,39.9565152107181,off_peak,FALSE,40,13.015526,restore,20251015,ok,19.6,1.86666666666667,5.41666666666667,8.71666666666667,3.6,1,10262,32176
6178970103,12:15,735,-75.1847348588828,39.9565152107181,-75.1977262540913,39.9594259908695,off_peak,FALSE,25,12.587779,restore,20251015,ok,19.2666666666667,2.73333333333333,2,12.5,2.03333333333333,1,1537,20663
6178970104,15:00,900,-75.1977262540913,39.9594259908695,-75.1662120144978,39.9238115855567,off_peak,FALSE,45,31.697194,restore,20251015,ok,38.6666666666667,1.81666666666667,7.8,28.9,0.15,3,20638,24253
6178970105,18:20,1100,-75.1662120144978,39.9238115855567,-75.1466622121185,39.9478355374067,pm_peak,TRUE,30,26.62307,restore,20251015,ok,32.8,0.5,0.166666666666667,26.3166666666667,5.81666666666667,3,24287,2458
6193690201,6:00,360,-75.1798114670555,39.9715794694621,-75.1732743609913,39.9456003211594,am_peak,TRUE,45,22.766501,restore,20251015,ok,35.9833333333333,0.533333333333333,12.1166666666667,23.1,0.233333333333333,1,16560,14958
6193690202,17:45,1065,-75.1732743609913,39.9456003211594,-75.1798114670555,39.9715794694621,pm_peak,TRUE,45,21.847316,restore,20251015,ok,30.25,0.266666666666667,9.75,18.6333333333333,1.6,1,22273,2880
6196050102,10:38,638,-75.208260147084,39.9463603580681,-75.1662257986882,39.9519342771783,off_peak,FALSE,13,17.446306,restore,20251015,ok,19.4833333333333,1.7,4.08333333333333,12.1166666666667,1.58333333333333,0,20729,31140
6196050109,14:27,867,-75.1779217463161,39.9533873770951,-75.208260147084,39.9463603580681,off_peak,FALSE,13,14.580643,restore,20251015,ok,20.5,1.53333333333333,0.466666666666667,17.4166666666667,1.08333333333333,1,6067,20737
6207100302,8:12,492,-75.300281066518,40.0007168757721,-75.3393886203709,40.0346462639254,am_peak,TRUE,18,21.60739,restore,20251015,ok,46.3333333333333,4.05,16.1333333333333,22.15,4,2,18869,1900
6207100304,18:55,1135,-75.3393886203709,40.0346462639254,-75.3481112445716,39.9622069581314,pm_peak,TRUE,15,61.048047,restore,20251015,ok,58.55,4.11666666666667,10.0666666666667,40.9666666666667,3.4,1,32194,30496
6213260104,7:20,440,-75.1537481432666,39.9503794767793,-75.1414393682529,39.9601471054741,am_peak,TRUE,4,10.22087,restore,20251015,ok,8.7,1.33333333333333,0.8,4.86666666666667,1.7,0,2457,2459
6213260107,17:29,1049,-75.1414393682529,39.9601471054741,-75.1537481432666,39.9503794767793,pm_peak,TRUE,4,10.087939,restore,20251015,ok,13.7666666666667,1.1,0.266666666666667,10.6333333333333,1.76666666666667,1,25795,728
6214670101,12:20,740,-75.1692942790448,39.9527602328087,-75.2240243087353,39.9622994543846,off_peak,FALSE,40,18.308802,restore,20251015,ok,15.2833333333333,1.4,1.41666666666667,11.25,1.21666666666667,2,10272,21744
6214670401,12:20,740,-75.160283075871,39.954996353718,-75.2240243087353,39.9622994543846,off_peak,FALSE,40,20.564181,restore,20251015,ok,22.3,1.98333333333333,0.333333333333333,15.6833333333333,4.3,1,16130,32180
6220400101,15:21,921,-75.1446651012151,39.9539993897089,-75.1550139436622,39.9445812882334,off_peak,FALSE,,16.718374,restore,20251015,ok,21.8333333333333,2.58333333333333,7.68333333333333,9.51666666666667,2.05,1,18092,22263
6244290101,12:40,760,-75.2275594367197,39.9835914617071,-75.1707168478523,39.9055458817612,off_peak,FALSE,59,61.739393,restore,20251015,ok,89.1666666666667,4.75,2.75,69.4333333333333,12.2333333333333,4,21761,28169
6244290102,17:05,1025,-75.1707168478523,39.9055458817612,-75.2275594367197,39.9835914617071,pm_peak,TRUE,70,55.590144,restore,20251015,ok,55.2833333333333,4.31666666666667,5.93333333333333,38.75,6.28333333333333,2,32134,21722
6244290201,10:15,615,-75.2275594367197,39.9835914617071,-75.2254301309782,39.9678366442723,off_peak,FALSE,45,16.920262,restore,20251015,ok,16.75,4.91666666666667,1.8,9.65,0.383333333333333,1,21689,21697
6244290202,17:30,1050,-75.2254301309782,39.9678366442723,-75.2275594367197,39.9835914617071,pm_peak,TRUE,35,12.829981,restore,20251015,ok,22.2833333333333,0.95,6.51666666666667,9.1,5.71666666666667,0,21747,22290
6247010101,11:00,660,-75.5144011328819,40.1299061967057,-75.5259963128101,40.2029938519349,off_peak,FALSE,60,113.099306,restore,20251015,ok,56.8833333333333,0.9,19.3666666666667,28.7333333333333,7.88333333333333,0,28876,32047
6247010102,15:00,900,-75.5259963128101,40.2029938519349,-75.5144011328819,40.1299061967057,off_peak,FALSE,60,41.370385,restore,20251015,unreachable,,,,,,,,
6247010301,11:00,660,-75.5144011328819,40.1299061967057,-75.5259963128101,40.2029938519349,off_peak,FALSE,60,113.099306,restore,20251015,ok,56.8833333333333,0.9,19.3666666666667,28.7333333333333,7.88333333333333,0,28876,32047
6247010302,15:00,900,-75.5259963128101,40.2029938519349,-75.5144011328819,40.1299061967057,off_peak,FALSE,60,41.370385,restore,20251015,unreachable,,,,,,,,
6255070102,11:00,660,-75.1638872349499,39.9525548857932,-75.1451602820339,40.0625588015705,off_peak,FALSE,60,36.259766,restore,20251015,ok,44.0166666666667,0.3,1.7,33.6333333333333,8.38333333333333,1,32141,30811
6260000302,8:22,502,-75.2862320050127,39.9472873841357,-75.2626735411038,39.9640057100153,am_peak,TRUE,0,19.907777,restore,20251015,ok,21.4833333333333,4.5,4.16666666666667,10.2,2.61666666666667,1,18629,18639
6260000303,8:25,505,-75.2626735411038,39.9640057100153,-75.1608290378846,39.9512565309348,am_peak,TRUE,20,25.086664,restore,20251015,ok,39.4,2.61666666666667,3.18333333333333,31.9,1.7,2,18639,2455
6264470103,21:35,1295,-75.1608866949941,39.9837724999129,-75.1608866949941,39.9837724999129,off_peak,FALSE,15,7.261017,restore,20251015,ok,20.4333333333333,1.3,15.5833333333333,0.633333333333333,2.91666666666667,0,2701,3079
6264470202,9:00,540,-75.1804047012754,39.9816583790678,-75.1608866949941,39.9837724999129,am_peak,TRUE,60,17.394506,restore,20251015,ok,23.45,0.25,8,6.03333333333333,9.16666666666667,0,25373,25382
6264470203,13:00,780,-75.1608866949941,39.9837724999129,-75.1562910038297,39.9768159139408,off_peak,FALSE,,13.268469,restore,20251015,ok,27.5833333333333,1.3,17.5833333333333,5.95,2.75,1,2701,25386
6264470204,14:30,870,-75.1562910038297,39.9768159139408,-75.1608866949941,39.9837724999129,off_peak,FALSE,60,12.843168,restore,20251015,ok,17.8,2.6,6.88333333333333,2.51666666666667,5.8,0,17276,17280
6277200201,13:00,780,-75.1804047012754,39.9816583790678,-75.162026191264,39.9785569548507,off_peak,FALSE,30,11.962023,restore,20251015,ok,8.61666666666667,0.25,0,6.68333333333333,1.68333333333333,0,25373,25383
6277200202,14:30,870,-75.162026191264,39.9785569548507,-75.1541388337345,39.9522458625874,off_peak,FALSE,45,21.157368,restore,20251015,ok,28.05,1.43333333333333,5.15,19.1666666666667,2.3,1,25384,16289
6277200203,16:30,990,-75.1541388337345,39.9522458625874,-75.1638872349499,39.9525548857932,pm_peak,TRUE,60,8.355174,restore,20251015,ok,10.9166666666667,1.95,2.05,3.18333333333333,3.73333333333333,0,10341,10264
6277200204,21:00,1260,-75.1638872349499,39.9525548857932,-75.1778185045084,39.9859426039642,off_peak,FALSE,180,24.635911,restore,20251015,ok,34.1666666666667,0.3,4.2,21.0833333333333,8.58333333333333,1,32141,25485
6277780201,7:30,450,-75.3195257705183,40.0049815590517,-75.1677276497158,39.9525760413027,am_peak,TRUE,53,45.779814,restore,20251015,ok,53.4,10.5666666666667,8.05,31.3833333333333,3.4,1,32198,1392
6277780202,19:10,1150,-75.1677276497158,39.9525760413027,-75.3195257705183,40.0049815590517,off_peak,FALSE,45,44.495048,restore,20251015,ok,60.0666666666667,1,3.2,45.15,10.7166666666667,3,18451,1924
6288980102,12:20,740,-75.1815493379532,39.9195932035454,-75.1752524766747,39.9659654913561,off_peak,FALSE,45,30.312548,restore,20251015,ok,44.6833333333333,1.56666666666667,4,36.5333333333333,2.58333333333333,1,21290,25158
6289970101,9:00,540,-75.168616297546,39.9994052579415,-75.1687160134156,39.9558364756335,am_peak,TRUE,45,30.79382,restore,20251015,ok,42.1,2.58333333333333,10.4,25.7333333333333,3.38333333333333,0,3110,14911
6289970102,10:00,600,-75.1687160134156,39.9558364756335,-75.1815493379532,39.9195932035454,off_peak,FALSE,30,25.484711,restore,20251015,ok,42.1333333333333,1.26666666666667,14.4833333333333,24.8166666666667,1.56666666666667,0,3078,21290
6289970103,12:00,720,-75.1815493379532,39.9195932035454,-75.168616297546,39.9994052579415,off_peak,FALSE,90,47.324748,restore,20251015,ok,70.5666666666667,1.56666666666667,9,51.8833333333333,8.11666666666667,2,21290,4334
6289970105,18:30,1110,-75.1768973037301,39.9372294658397,-75.1870662747411,39.9335197790401,pm_peak,TRUE,30,13.842281,restore,20251015,ok,24.4166666666667,0.366666666666667,7.63333333333333,14.7833333333333,1.63333333333333,2,21304,24230
6289970106,20:30,1230,-75.1870662747411,39.9335197790401,-75.168616297546,39.9994052579415,off_peak,FALSE,75,53.875543,restore,20251015,ok,63.4833333333333,1.53333333333333,0.866666666666667,58.2166666666667,2.86666666666667,3,24231,3109
6289970202,10:50,650,-75.1763265829253,40.002752967767,-75.162026191264,39.9785569548507,off_peak,FALSE,70,28.81364,restore,20251015,ok,33.0333333333333,1.28333333333333,9.58333333333333,20.2833333333333,1.88333333333333,1,14949,2665
6289970203,14:00,840,-75.162026191264,39.9785569548507,-75.1609354256761,39.9985787329005,off_peak,FALSE,60,14.598039,restore,20251015,ok,23.6,1.46666666666667,9.86666666666667,9.33333333333333,2.93333333333333,0,2659,2684
6291170101,7:45,465,-75.0747163919544,40.0131545687579,-75.1673759243643,39.9592890487195,am_peak,TRUE,45,45.772272,restore,20251015,ok,50.3,2.26666666666667,1.91666666666667,38.3166666666667,7.8,2,17847,1280
6291170102,17:00,1020,-75.1673759243643,39.9592890487195,-75.0747163919544,40.0131545687579,pm_peak,TRUE,60,44.984341,restore,20251015,ok,59.4666666666667,0.233333333333333,11.55,45.4166666666667,2.26666666666667,3,24172,17847
6291170201,9:00,540,-75.0747163919544,40.0131545687579,-75.0465195441935,40.0283762827018,am_peak,TRUE,30,19.010869,restore,20251015,ok,21.95,2.26666666666667,4.83333333333333,8.36666666666667,6.48333333333333,0,17847,17924
6291170202,11:00,660,-75.0465195441935,40.0283762827018,-75.0747163919544,40.0131545687579,off_peak,FALSE,30,19.198783,restore,20251015,ok,26.85,6.16666666666667,9.68333333333333,8.73333333333333,2.26666666666667,0,17951,17984
6291170302,17:30,1050,-75.6074734875017,39.9538603024119,-75.0747163919544,40.0131545687579,pm_peak,TRUE,70,119.499633,restore,20251015,unreachable,,,,,,,,
6297650102,16:30,990,-75.1906300416804,39.958024348983,-75.1682068169821,39.957491721513,pm_peak,TRUE,20,17.936986,restore,20251015,ok,32.3166666666667,2.41666666666667,0.55,20.4333333333333,8.91666666666667,1,21537,20646
6308550102,8:30,510,-75.1661003080911,39.9138576581668,-75.1537481432666,39.9503794767793,am_peak,TRUE,10,27.903966,restore,20251015,ok,28.0666666666667,1.4,0.216666666666667,24.9166666666667,1.53333333333333,2,759,6113
6308550105,17:20,1040,-75.1537481432666,39.9503794767793,-75.1661003080911,39.9138576581668,pm_peak,TRUE,15,27.364701,restore,20251015,ok,30.3,1.26666666666667,1,24,4.03333333333333,3,16290,1182
6313810101,6:00,360,-75.2399779780059,39.9210924003411,-75.1509013014001,40.0025369261947,am_peak,TRUE,75,53.755711,restore,20251015,ok,53.05,0.7,3.06666666666667,45.9833333333333,3.3,2,20708,142
6345130202,18:15,1095,-75.1665214095376,39.9615526212186,-75.2125354511121,40.0348470330642,pm_peak,TRUE,80,39.083983,restore,20251015,ok,50.6,2.28333333333333,3.66666666666667,42.1166666666667,2.53333333333333,4,3036,6842
6347230106,13:30,810,-75.1742078313758,39.9986750681483,-75.1694605873533,39.9520071435649,off_peak,FALSE,45,36.220879,restore,20251015,ok,40.4833333333333,4.16666666666667,7.56666666666667,21.2666666666667,7.48333333333333,1,9356,1281
6347230107,14:30,870,-75.1694605873533,39.9520071435649,-75.1541388337345,39.9522458625874,off_peak,FALSE,20,12.654435,restore,20251015,ok,15.15,2.25,6.8,4.08333333333333,2.01666666666667,0,10272,18457
6347230108,15:15,915,-75.1541388337345,39.9522458625874,-75.1480724206306,39.9424699004001,off_peak,FALSE,30,16.129312,restore,20251015,ok,20.1166666666667,1.78333333333333,3.21666666666667,3.91666666666667,11.2,0,728,16293
6347230109,16:15,975,-75.1480724206306,39.9424699004001,-75.1572994746159,39.95264251715,pm_peak,TRUE,15,17.325076,restore,20251015,ok,22.0166666666667,1.08333333333333,4.13333333333333,14.6,2.2,1,17557,10257
6347230110,17:15,1035,-75.1572994746159,39.95264251715,-75.1742078313758,39.9986750681483,pm_peak,TRUE,75,31.02423,restore,20251015,ok,37.4666666666667,1.81666666666667,4.25,27.45,3.95,3,17833,20532
6350840101,8:15,495,-75.1399338189646,40.0555332794609,-75.1398050137829,40.0366774270012,am_peak,TRUE,30,16.463537,restore,20251015,ok,23.0666666666667,1.53333333333333,2.88333333333333,10.5833333333333,8.06666666666667,1,15465,17225
6350840102,10:45,645,-75.1398050137829,40.0366774270012,-75.1588750233838,39.9528401835985,off_peak,FALSE,45,30.262369,restore,20251015,ok,40.5833333333333,0.7,0.283333333333333,37.5,2.1,3,30304,32173
6350840103,14:05,845,-75.1588750233838,39.9528401835985,-75.1571977835929,40.0823045185899,off_peak,FALSE,55,46.330199,restore,20251015,ok,60.45,2.03333333333333,1,44.4833333333333,12.9333333333333,2,10259,16930
6350840104,16:20,980,-75.1571977835929,40.0823045185899,-75.1399338189646,40.0555332794609,pm_peak,TRUE,25,21.775521,restore,20251015,ok,37.8666666666667,6.06666666666667,16.9833333333333,12.9,1.91666666666667,0,31633,15573
6370220102,15:30,930,-75.208260147084,39.9463603580681,-75.1834073455283,39.9599979498596,off_peak,FALSE,15,18.588362,restore,20251015,ok,20.05,1.7,1.46666666666667,7.5,9.38333333333333,0,20729,20643
6371070102,7:05,425,-75.300281066518,40.0007168757721,-75.2626735411038,39.9640057100153,am_peak,TRUE,8,26.509675,restore,20251015,ok,50.4833333333333,4.9,17.3333333333333,25.6333333333333,2.61666666666667,2,1975,18639
6371070103,7:20,440,-75.2626735411038,39.9640057100153,-75.1648345113326,39.9541020155151,am_peak,TRUE,9,25.068592,restore,20251015,ok,38.85,4.83333333333333,7.01666666666667,24.15,2.85,2,18830,1392
6371070106,17:19,1039,-75.1648345113326,39.9541020155151,-75.2626735411038,39.9640057100153,pm_peak,TRUE,15,24.987011,restore,20251015,ok,37.4833333333333,0.833333333333333,0.583333333333333,33.45,2.61666666666667,3,17842,18639
6371070107,17:36,1056,-75.2626735411038,39.9640057100153,-75.3002409178272,39.9964440900826,pm_peak,TRUE,7,17.638688,restore,20251015,ok,35.55,2.61666666666667,7.25,20.9166666666667,4.76666666666667,2,18639,30519
6372400104,14:15,855,-75.2182588102061,39.950471058218,-75.2024327640643,39.9546329212277,off_peak,FALSE,15,16.992648,restore,20251015,ok,19.7333333333333,1.05,8.08333333333333,8.86666666666667,1.73333333333333,1,24855,421
6373320201,15:30,930,-75.1398050137829,40.0366774270012,-75.0885600859054,40.057337503014,off_peak,FALSE,30,25.019334,restore,20251015,ok,32.0166666666667,0.7,2.28333333333333,28.1166666666667,0.916666666666667,1,30304,15870
6376070201,8:15,495,-75.2533849746111,39.9972621864517,-75.1659426772114,39.9531940428398,am_peak,TRUE,25,20.906032,restore,20251015,no_origin_stop,,,,,,,,
6376070202,18:40,1120,-75.1659426772114,39.9531940428398,-75.2533849746111,39.9972621864517,pm_peak,TRUE,65,19.482846,restore,20251015,no_dest_stop,,,,,,,,
6381290201,10:00,600,-74.8425533248208,40.107487353509,-74.8195337694283,40.1462894061835,off_peak,FALSE,45,23.34506,restore,20251015,ok,53.5333333333333,4.7,29.9833333333333,16.1666666666667,2.68333333333333,1,31838,28077
6381290202,12:15,735,-74.8195337694283,40.1462894061835,-74.8425533248208,40.107487353509,off_peak,FALSE,35,27.099602,restore,20251015,ok,76.3833333333334,2.68333333333333,12,57,4.7,1,28077,31838
6381700101,6:30,390,-75.3090185538277,39.8994099281747,-75.2966603964201,39.9020047132286,am_peak,TRUE,30,11.077307,restore,20251015,ok,30.6666666666667,1.98333333333333,7.2,18.8,2.68333333333333,1,32285,9933
6381700103,13:15,795,-75.3645056067957,39.8664827372068,-75.344117054956,39.8698461195226,off_peak,FALSE,20,24.533333,restore,20251015,ok,53.85,1.35,6.1,39.1,7.3,3,26018,25366
6394850101,10:00,600,-75.3793856687375,39.8793852847628,-75.368739005283,39.9143240988748,off_peak,FALSE,60,52.931139,restore,20251015,ok,42.5833333333333,6.46666666666667,15.4333333333333,18.75,1.93333333333333,1,26029,15366
6394850102,13:45,825,-75.368739005283,39.9143240988748,-75.3793856687375,39.8793852847628,off_peak,FALSE,45,37.041735,restore,20251015,ok,72.5666666666667,2.18333333333333,22.15,39.4666666666667,8.76666666666667,1,15358,26234
6423360201,7:45,465,-75.2182588102061,39.950471058218,-75.1720816011546,39.9549927124551,am_peak,TRUE,30,25.854663,restore,20251015,ok,26.2666666666667,1.4,0.816666666666667,20.9666666666667,3.08333333333333,1,24627,20646
6443950102,13:30,810,-75.1649773922386,39.9502186753736,-75.177201361549,39.9550054347417,off_peak,FALSE,10,11.322938,restore,20251015,ok,17.5,1.65,0.0833333333333333,6.33333333333333,9.43333333333333,0,14079,14086
6443950104,14:15,855,-75.1779217463161,39.9533873770951,-75.1655206281913,39.9477143701067,off_peak,FALSE,15,15.058455,restore,20251015,ok,13.1166666666667,1.28333333333333,0.966666666666667,8.5,2.36666666666667,1,10283,1282
6453710102,15:00,900,-75.1722093187508,39.9861472659912,-75.2279540291491,39.9243565817628,off_peak,FALSE,540,52.977363,restore,20251015,ok,58.2,3.56666666666667,8.06666666666667,46.0166666666667,0.55,1,3121,20909
6453710201,13:10,790,-75.2279540291491,39.9243565817628,-75.2353363988571,39.9786635130042,off_peak,FALSE,,35.616667,restore,20251015,ok,50.75,0.55,1.01666666666667,47.15,2.03333333333333,4,20909,24474
6453710202,18:00,1080,-75.2353363988571,39.9786635130042,-75.2279540291491,39.9243565817628,pm_peak,TRUE,360,36.367228,restore,20251015,ok,41.7166666666667,1.71666666666667,7.18333333333333,30.6833333333333,2.13333333333333,0,24506,24541
6453710501,9:00,540,-75.2279540291491,39.9243565817628,-75.1652643007328,39.9488899960486,am_peak,TRUE,120,32.020455,restore,20251015,ok,33.9166666666667,0.816666666666667,2.45,29.4833333333333,1.16666666666667,1,20942,1282
6453710502,12:00,720,-75.1652643007328,39.9488899960486,-75.2279540291491,39.9243565817628,off_peak,FALSE,120,30.954025,restore,20251015,ok,41.35,1.16666666666667,4.58333333333333,28.3333333333333,7.26666666666667,2,1282,24937
6465820401,8:45,525,-75.0904216746636,40.0215489899244,-75.151228491791,40.0505524826181,am_peak,TRUE,45,31.241187,restore,20251015,ok,46.85,1.65,2.9,29.7166666666667,12.5833333333333,4,17622,15447
6465820402,18:00,1080,-75.151228491791,40.0505524826181,-75.0904216746636,40.0215489899244,pm_peak,TRUE,60,33.708687,restore,20251015,ok,39.8,1.53333333333333,3.96666666666667,33.0166666666667,1.28333333333333,1,11133,24832
6482360102,10:55,655,-75.1768973037301,39.9372294658397,-75.1779217463161,39.9533873770951,off_peak,FALSE,10,14.576034,restore,20251015,ok,26.5666666666667,0.366666666666667,10.9,10.85,4.45,1,21304,14089
6482360103,11:09,669,-75.1779217463161,39.9533873770951,-75.3922133622912,40.087943010321,off_peak,FALSE,37,44.852268,restore,20251015,ok,74.2166666666667,0.966666666666667,9.03333333333333,61,3.21666666666667,3,93,1827
6482360105,16:25,985,-75.3853835679745,40.0888177484524,-75.2626735411038,39.9640057100153,pm_peak,TRUE,35,40.022878,restore,20251015,ok,70.3833333333333,1.9,19.55,46.3166666666667,2.61666666666667,2,27928,18639
6482360106,17:16,1036,-75.2626735411038,39.9640057100153,-75.1662257986882,39.9519342771783,pm_peak,TRUE,15,23.95,restore,20251015,ok,35.75,2.61666666666667,2.31666666666667,29.0666666666667,1.75,2,18639,1392
6482360107,17:41,1061,-75.1662257986882,39.9519342771783,-75.0593151476913,40.0302346423682,pm_peak,TRUE,0,38.864462,restore,20251015,ok,49.7333333333333,1.53333333333333,0.0333333333333333,44.4333333333333,3.73333333333333,3,10266,21607
6489220101,7:30,450,-75.2182588102061,39.950471058218,-75.162026191264,39.9785569548507,am_peak,TRUE,60,39.295972,restore,20251015,ok,44.3333333333333,1.05,6.51666666666667,30.9333333333333,5.83333333333333,2,24855,32148
6489220102,17:00,1020,-75.162026191264,39.9785569548507,-75.2074989674157,39.9516652307221,pm_peak,TRUE,45,34.003964,restore,20251015,ok,31,1.43333333333333,0.15,26.05,3.36666666666667,2,25384,20879
6514630102,8:12,492,-75.1142758205188,40.1491579177916,-75.1648345113326,39.9541020155151,am_peak,TRUE,33,48.934688,restore,20251015,ok,103.616666666667,1.1,20,79.4,3.11666666666667,3,15595,1281
6514630108,17:33,1053,-75.1717674832599,39.9564206302579,-75.1717674832599,39.9564206302579,pm_peak,TRUE,42,4.208333,restore,20251015,ok,7.8,1.85,0.95,0.866666666666667,4.13333333333333,0,2836,2799
6516010101,8:50,530,-75.1655746637264,39.9307064691021,-75.1540803782248,39.9488624668665,am_peak,TRUE,22,21.345204,restore,20251015,ok,29.5,1.88333333333333,7.8,18.2666666666667,1.55,3,24219,16290
6516010104,17:46,1066,-75.1725391195037,39.9527196860213,-75.1655746637264,39.9307064691021,pm_peak,TRUE,29,21.225431,restore,20251015,ok,19.4833333333333,1.58333333333333,1.93333333333333,11.4833333333333,4.48333333333333,1,10275,1285
6516350101,10:40,640,-75.1698571868868,39.9452577603363,-75.1941152941134,39.9546263068532,off_peak,FALSE,20,19.803223,restore,20251015,ok,19.8,0.216666666666667,2.36666666666667,15.6333333333333,1.58333333333333,2,22271,20733
6516350102,16:50,1010,-75.1941152941134,39.9546263068532,-75.1698571868868,39.9452577603363,pm_peak,TRUE,20,21.771558,restore,20251015,ok,25.05,0.633333333333333,1.25,22.95,0.216666666666667,4,21353,22271
6516350202,18:05,1085,-75.1941152941134,39.9546263068532,-75.1669894744938,39.9484799410289,pm_peak,TRUE,35,16.301941,restore,20251015,ok,16.5166666666667,1.51666666666667,0.183333333333333,7.2,7.61666666666667,0,20732,31140
6519710107,19:08,1148,-75.1661003080911,39.9138576581668,-75.1634808483634,39.9480403151119,off_peak,FALSE,18,18.169605,restore,20251015,ok,21.7666666666667,1.4,0.9,17.7,1.76666666666667,1,759,32140
6523030101,10:00,600,-74.8233302395014,40.1674501816603,-74.8919914252008,40.1764466474197,off_peak,FALSE,75,33.74691,restore,20251015,no_origin_stop,,,,,,,,
6523030102,12:45,765,-74.8919914252008,40.1764466474197,-74.8920916919296,40.1431753369858,off_peak,FALSE,15,17.383333,restore,20251015,ok,18.4166666666667,6.48333333333333,1.2,9.26666666666667,1.46666666666667,0,29589,28412
6535060101,8:10,490,-75.2421801680258,39.9481308791093,-75.1941152941134,39.9546263068532,am_peak,TRUE,65,26.939887,restore,20251015,ok,28.9333333333333,1.13333333333333,2.18333333333333,21.35,4.26666666666667,1,21848,2453
6535060102,17:45,1065,-75.1941152941134,39.9546263068532,-75.1503604073933,39.9962218359028,pm_peak,TRUE,45,30.13944,restore,20251015,ok,28.4,1.51666666666667,2.18333333333333,17.55,7.15,2,20732,32150
6535060103,20:15,1215,-75.1503604073933,39.9962218359028,-75.1638872349499,39.9525548857932,off_peak,FALSE,10,21.727838,restore,20251015,ok,29.3833333333333,4.46666666666667,2.08333333333333,22.45,0.383333333333333,2,16099,1281
6535060104,20:35,1235,-75.1638872349499,39.9525548857932,-75.2421801680258,39.9481308791093,off_peak,FALSE,30,27.919352,restore,20251015,ok,31.5166666666667,1.85,1.15,23.5333333333333,4.98333333333333,0,283,20894
6551990205,15:35,935,-75.3314522326487,39.9229178354199,-75.1632627264191,39.9610182840982,off_peak,FALSE,20,62.798537,restore,20251015,ok,82.3333333333333,8.45,8.81666666666667,61.4833333333333,3.58333333333333,2,31501,32143
6554200101,10:00,600,-75.1546498738633,40.0261270665432,-75.1595117962634,39.9367714452714,off_peak,FALSE,75,41.366667,restore,20251015,ok,78.9833333333333,4.2,28.8,45.55,0.433333333333333,4,22199,24754
6554200102,11:35,695,-75.1595117962634,39.9367714452714,-75.1625826795934,39.9513495936779,off_peak,FALSE,22,18.0879,restore,20251015,ok,18.8833333333333,0.433333333333333,3.11666666666667,12.45,2.88333333333333,1,24754,32141
6558670101,6:10,370,-75.2181192513656,40.032241980928,-75.1446587384151,39.9502859178682,am_peak,TRUE,50,30.869824,restore,20251015,ok,39.5,2.43333333333333,3.76666666666667,31.75,1.55,2,9899,428
6560970101,8:30,510,-75.1827055398227,40.0389450998406,-75.1539262084391,39.9844115630897,am_peak,TRUE,40,34.746263,restore,20251015,ok,41.8833333333333,1.68333333333333,4.38333333333333,30.1833333333333,5.63333333333333,1,17084,1276
6560970102,18:15,1095,-75.1539262084391,39.9844115630897,-75.1827055398227,40.0389450998406,pm_peak,TRUE,40,38.146919,restore,20251015,ok,48.7333333333333,1.43333333333333,5.2,35.65,6.45,2,16109,17200
6564560102,10:40,640,-75.1701368511036,39.9488667930338,-75.1840170635385,39.9534784074457,off_peak,FALSE,25,13.529194,restore,20251015,ok,43.7666666666667,0.95,24.8166666666667,15.2333333333333,2.76666666666667,2,25082,32176
6564560103,13:10,790,-75.1840170635385,39.9534784074457,-75.1773253490168,39.9478229139105,off_peak,FALSE,20,10.91853,restore,20251015,ok,12.7333333333333,0.416666666666667,1.31666666666667,2.26666666666667,8.73333333333333,0,20976,6067
6564560208,15:35,935,-75.1742218041379,39.9513700637455,-75.1466622121185,39.9478355374067,off_peak,FALSE,15,21.191732,restore,20251015,ok,12.0333333333333,1.46666666666667,1.2,6.45,2.91666666666667,0,6064,14909
6564560211,18:48,1128,-75.1517226930339,39.9485721389241,-75.180637080064,39.9501303685435,pm_peak,TRUE,0,19.758765,restore,20251015,ok,19.7666666666667,1.61666666666667,1.43333333333333,14.1166666666667,2.6,0,14881,19542
6577150102,6:35,395,-75.0798260530761,40.0248633027149,-75.1687160134156,39.9558364756335,am_peak,TRUE,35,37.400666,restore,20251015,ok,51.5,2.06666666666667,7.06666666666667,34.8666666666667,7.5,2,30219,32175
6577150107,16:00,960,-75.1687160134156,39.9558364756335,-75.0798260530761,40.0248633027149,pm_peak,TRUE,30,37.889605,restore,20251015,ok,48.8333333333333,1.26666666666667,0.683333333333333,40.3166666666667,6.56666666666667,3,3078,23969
6578490102,7:49,469,-75.2626735411038,39.9640057100153,-75.1792803129236,39.9102291849896,am_peak,TRUE,43,48.901306,restore,20251015,ok,67.7166666666667,2.61666666666667,1.25,54.7833333333333,9.06666666666667,4,18639,158
6578490105,16:38,998,-75.1629816913276,39.9348297671495,-75.2626735411038,39.9640057100153,pm_peak,TRUE,26,37.461131,restore,20251015,ok,45.55,1.46666666666667,6.31666666666667,35.15,2.61666666666667,2,16832,18639
6578490108,18:12,1092,-75.1599172675313,39.9309896846011,-75.1906300416804,39.958024348983,pm_peak,TRUE,16,26.918236,restore,20251015,ok,32.0166666666667,2.13333333333333,5.23333333333333,20.6166666666667,4.03333333333333,1,16608,32177
6578490111,21:27,1287,-75.1906300416804,39.958024348983,-75.2626735411038,39.9640057100153,off_peak,FALSE,0,22.900863,restore,20251015,ok,55.0333333333333,2.41666666666667,13.4333333333333,32.15,7.03333333333333,2,21537,1148
6578490202,18:12,1092,-75.2626735411038,39.9640057100153,-75.1906300416804,39.958024348983,pm_peak,TRUE,16,22.916667,restore,20251015,ok,32.8166666666667,2.61666666666667,1.45,24.6,4.15,2,18639,2453
6578490205,21:04,1264,-75.2035188845512,39.9258448958777,-75.2629389868999,39.9545919335046,off_peak,FALSE,23,45.005171,restore,20251015,ok,70.65,11.85,26.15,29.9166666666667,2.73333333333333,1,32481,22186
6578490206,21:27,1287,-75.2629389868999,39.9545919335046,-75.2629389868999,39.9545919335046,off_peak,FALSE,0,6.877086,restore,20251015,ok,10.7166666666667,2,6.6,0.433333333333333,1.68333333333333,0,19274,19275
6581680101,9:00,540,-75.1774381258043,39.9578243101046,-75.1612826317197,39.9532127364358,am_peak,TRUE,45,13.598143,restore,20251015,ok,20.1666666666667,2.35,2.25,13.4,2.16666666666667,2,3155,283
6583630101,10:20,620,-75.1312859799465,39.9929590474227,-75.1018775098952,39.9927596244991,off_peak,FALSE,80,26.365749,restore,20251015,ok,36.6166666666667,1.5,3.15,22.3833333333333,9.58333333333333,1,17650,15039
6583630104,12:49,769,-75.1102184888777,39.9887849617672,-75.1102184888777,39.9887849617672,off_peak,FALSE,671,9.827451,restore,20251015,ok,10.8166666666667,3.51666666666667,1.08333333333333,0.9,5.31666666666667,0,17817,17818
6595380202,9:12,552,-75.216704781889,39.9569805572676,-75.1662257986882,39.9519342771783,am_peak,TRUE,9,14.586315,restore,20251015,ok,21.75,1.11666666666667,4.33333333333333,14.55,1.75,1,25587,1392
6595380205,17:36,1056,-75.1649773922386,39.9502186753736,-75.1779217463161,39.9533873770951,pm_peak,TRUE,11,11.623152,restore,20251015,ok,19.1833333333333,1.28333333333333,4.7,11.25,1.95,3,15185,20645
6595380206,18:32,1112,-75.1779217463161,39.9533873770951,-75.2165947836222,39.9537421538695,pm_peak,TRUE,20,22.050062,restore,20251015,ok,24.95,0.966666666666667,0.0333333333333333,22.95,1,1,93,22190
6604250201,18:05,1085,-75.3694946410526,40.0814481469734,-75.3694946410526,40.0814481469734,pm_peak,TRUE,60,18.543904,restore,20251015,ok,12.9333333333333,3.06666666666667,5.05,0.5,4.31666666666667,0,12976,12974
6611090102,8:40,520,-75.1840170635385,39.9534784074457,-75.1977262540913,39.9594259908695,am_peak,TRUE,,11.583021,restore,20251015,ok,25.2666666666667,0.416666666666667,1.43333333333333,21.3833333333333,2.03333333333333,2,20976,20663
6655580101,9:50,590,-75.2898472832018,40.0026899156158,-75.2984304981332,40.0094456354775,off_peak,FALSE,10,13.90321,restore,20251015,ok,43.0666666666667,4.16666666666667,25.8166666666667,9.63333333333333,3.45,1,19515,19323
6655580102,11:30,690,-75.2984304981332,40.0094456354775,-75.300281066518,40.0007168757721,off_peak,FALSE,8,14.803443,restore,20251015,ok,63.9166666666667,3.16666666666667,17.9333333333333,37.9166666666667,4.9,1,19445,1975
6660390201,8:00,480,-75.208260147084,39.9463603580681,-75.1545851492175,39.9813757258968,am_peak,TRUE,50,37.413835,restore,20251015,ok,36.1833333333333,1.7,2.08333333333333,25.7166666666667,6.68333333333333,1,20729,32148
6660390202,18:25,1105,-75.1545851492175,39.9813757258968,-75.1705068930163,39.9509065904554,pm_peak,TRUE,20,24.654265,restore,20251015,ok,34.2166666666667,1.55,6.23333333333333,21.6666666666667,4.76666666666667,2,16111,20660
6660390203,20:15,1215,-75.1705068930163,39.9509065904554,-75.208260147084,39.9463603580681,off_peak,FALSE,25,17.319933,restore,20251015,ok,22.5,1.38333333333333,0.1,19.9333333333333,1.08333333333333,1,14084,20737
6660390301,7:50,470,-75.208260147084,39.9463603580681,-75.1732743609913,39.9456003211594,am_peak,TRUE,40,28.020657,restore,20251015,ok,28.5166666666667,1.7,2.08333333333333,24.4666666666667,0.266666666666667,3,20729,22273
6660390302,17:10,1030,-75.1732743609913,39.9456003211594,-75.2100224563071,39.9560134286816,pm_peak,TRUE,35,24.514965,restore,20251015,ok,32.65,0.266666666666667,5.75,19.0333333333333,7.6,0,22273,347
6661000401,7:00,420,-75.310429560097,39.9670567346169,-75.3938186136374,39.9651711354682,am_peak,TRUE,70,47.8624,restore,20251015,ok,44.6833333333333,8.1,3.4,28.5,4.68333333333333,1,18655,2168
6661000402,14:33,873,-75.3938186136374,39.9651711354682,-75.310429560097,39.9670567346169,off_peak,FALSE,42,41.596258,restore,20251015,ok,46.1666666666667,4.68333333333333,14.3166666666667,19.6166666666667,7.55,0,2168,18814
6691010101,8:17,497,-75.2143085167584,39.9408655334325,-75.1638872349499,39.9525548857932,am_peak,TRUE,31,21.662016,restore,20251015,ok,25.8833333333333,1.6,0.883333333333333,21.3333333333333,2.06666666666667,1,317,31140
6691010102,8:49,529,-75.1638872349499,39.9525548857932,-75.1562910038297,39.9768159139408,am_peak,TRUE,12,15.155953,restore,20251015,ok,19.4833333333333,0.3,3.95,11.25,3.98333333333333,0,32141,32148
6691010103,17:30,1050,-75.1562910038297,39.9768159139408,-75.1669894744938,39.9484799410289,pm_peak,TRUE,29,17.962982,restore,20251015,ok,22.3,2.88333333333333,3.4,12.4666666666667,3.55,1,5273,1282
6691010106,19:42,1182,-75.1629816913276,39.9348297671495,-75.1603362537134,39.9167023901516,off_peak,FALSE,17,16.740098,restore,20251015,ok,17.4666666666667,1.08333333333333,0.933333333333333,9.21666666666667,6.23333333333333,0,16509,16591
6691010108,21:18,1278,-75.1661003080911,39.9138576581668,-75.1629816913276,39.9348297671495,off_peak,FALSE,4,17.829824,restore,20251015,ok,19.4333333333333,4.03333333333333,0.0666666666666667,13.8666666666667,1.46666666666667,1,1182,16832
6691010109,21:23,1283,-75.1629816913276,39.9348297671495,-75.1603362537134,39.9167023901516,off_peak,FALSE,23,16.740098,restore,20251015,ok,20.85,1.08333333333333,4.86666666666667,8.66666666666667,6.23333333333333,0,16509,16591
6691010202,8:35,515,-75.1661003080911,39.9138576581668,-75.1612826317197,39.9532127364358,am_peak,TRUE,25,20.573194,restore,20251015,ok,25.1,1.4,2.21666666666667,17.3833333333333,4.1,1,759,32141
6691010205,19:10,1150,-75.1711932833479,39.9327343433105,-75.1498041127206,39.934304016358,off_peak,FALSE,20,14.867484,restore,20251015,ok,36.2333333333333,0.883333333333333,20.8333333333333,13.8,0.716666666666667,1,3058,24681
6691010206,21:30,1290,-75.1498041127206,39.934304016358,-75.2143085167584,39.9408655334325,off_peak,FALSE,30,24.731294,restore,20251015,ok,25.6,1.03333333333333,3.33333333333333,19.6333333333333,1.6,0,24746,317
6701330102,5:55,355,-75.2172676864572,40.0019340658936,-75.2626735411038,39.9640057100153,off_peak,FALSE,20,30.448818,restore,20251015,ok,59.05,2.21666666666667,13.8833333333333,36.9,6.05,2,25776,2024
6701330103,6:30,390,-75.2626735411038,39.9640057100153,-75.3491600996336,40.1018802190178,am_peak,TRUE,17,33.104265,restore,20251015,ok,57.75,2.61666666666667,3.25,46.1333333333333,5.75,2,18639,1892
6701330104,6:50,410,-75.3491600996336,40.1018802190178,-75.3460361638143,40.1143423687777,am_peak,TRUE,8,12.816427,restore,20251015,ok,32.35,3,19.4,7.6,2.35,0,31994,1649
6701330105,7:00,420,-75.3460361638143,40.1143423687777,-75.3147109767587,40.1422852431983,am_peak,TRUE,10,25.088549,restore,20251015,ok,53.1833333333333,1.95,14.05,33,4.18333333333333,3,32185,1651
6701330110,18:00,1080,-75.3147109767587,40.1422852431983,-75.3460361638143,40.1143423687777,pm_peak,TRUE,15,23.654335,restore,20251015,ok,37.35,3.85,18.15,13,2.35,0,1668,1649
6722590301,14:00,840,-75.1164312191623,39.985904455443,-75.0877865211234,39.9940122620898,off_peak,FALSE,34,21.893496,restore,20251015,ok,27.5833333333333,2.6,6.25,10.7166666666667,8.01666666666667,1,5608,24106
6722590302,15:44,944,-75.0877865211234,39.9940122620898,-75.1164312191623,39.985904455443,off_peak,FALSE,46,19.317481,restore,20251015,ok,28.2333333333333,5.96666666666667,5.63333333333333,12,4.63333333333333,0,23788,17783
6736590101,16:30,990,-75.1722789942054,39.9539778646615,-75.1503604073933,39.9962218359028,pm_peak,TRUE,34,26.652471,restore,20251015,ok,33.4,1.28333333333333,1.73333333333333,23.2333333333333,7.15,2,2821,32150
6736590202,14:40,880,-75.1638872349499,39.9525548857932,-75.1503604073933,39.9962218359028,off_peak,FALSE,20,20.799954,restore,20251015,ok,24.9,0.3,5.7,11.75,7.15,0,32141,32150
6736830102,16:50,1010,-75.1517226930339,39.9485721389241,-75.20297810328,40.0663780780388,pm_peak,TRUE,130,36.111939,restore,20251015,ok,70.0333333333333,1.38333333333333,1.51666666666667,59.8333333333333,7.3,4,18516,17410
6745010103,8:00,480,-75.1648345113326,39.9541020155151,-75.1632627264191,39.9610182840982,am_peak,TRUE,16,9.912763,restore,20251015,ok,15.5166666666667,2.25,3.15,7.03333333333333,3.08333333333333,1,5131,17264
6745010105,17:50,1070,-75.1632627264191,39.9610182840982,-75.1632627264191,39.9610182840982,pm_peak,TRUE,50,6.052121,restore,20251015,ok,10.1833333333333,2.78333333333333,0.45,1.4,5.55,0,22022,22023
6752060104,18:20,1100,-75.2806454415887,40.2304601821381,-75.2328700667351,40.2335991500038,pm_peak,TRUE,55,26.659649,restore,20251015,no_dest_stop,,,,,,,,
6754790401,7:35,455,-75.1962680244175,40.0724717157188,-75.175919233186,40.0332814777088,am_peak,TRUE,25,27.263917,restore,20251015,ok,74.3833333333333,4.2,29.9166666666667,38.8833333333333,1.38333333333333,2,17145,1341
6754790402,14:45,885,-75.175919233186,40.0332814777088,-75.1962680244175,40.0724717157188,off_peak,FALSE,30,29.343872,restore,20251015,ok,32.25,0.85,0.383333333333333,23.8833333333333,7.13333333333333,0,18234,26524
6756010101,8:18,498,-75.3475957675981,39.9012278289218,-75.1928742171467,39.9459041130135,am_peak,TRUE,42,30.786883,restore,20251015,ok,70.05,4.35,1.65,60.2166666666667,3.83333333333333,2,14840,21439
6756010102,17:00,1020,-75.1928742171467,39.9459041130135,-75.3475957675981,39.9012278289218,pm_peak,TRUE,60,31.908894,restore,20251015,ok,73.7333333333333,3.83333333333333,4.56666666666667,60.6,4.73333333333333,1,21439,14837
6779660101,8:00,480,-75.2182588102061,39.950471058218,-75.1701604201666,39.9562259742499,am_peak,TRUE,20,27.364038,restore,20251015,ok,28.8166666666667,1.05,0.516666666666667,21.6166666666667,5.63333333333333,2,24855,20646
6779660102,18:00,1080,-75.1701604201666,39.9562259742499,-75.2182588102061,39.950471058218,pm_peak,TRUE,43,26.811566,restore,20251015,ok,29.3,1.25,3.65,20.7333333333333,3.66666666666667,1,14911,20884
6808990101,9:00,540,-75.1722789942054,39.9539778646615,-75.1550731760754,39.9469560187574,am_peak,TRUE,30,11.731854,restore,20251015,ok,20.2666666666667,1.13333333333333,0.316666666666667,18.0333333333333,0.783333333333333,2,21319,16292
6808990201,9:00,540,-75.1722789942054,39.9539778646615,-75.1580149724927,39.9493530835764,am_peak,TRUE,35,10.911976,restore,20251015,ok,16.5666666666667,1.13333333333333,0.316666666666667,13.3,1.81666666666667,1,21319,6057
6811760301,16:45,1005,-75.2697148355171,39.9862485416151,-75.2626735411038,39.9640057100153,pm_peak,TRUE,0,25.002805,restore,20251015,ok,58.05,6.26666666666667,14.85,30.8833333333333,6.05,1,19500,2024
6811760302,16:46,1006,-75.2626735411038,39.9640057100153,-75.1608290378846,39.9512565309348,pm_peak,TRUE,44,25.083333,restore,20251015,ok,36.4,2.61666666666667,2.38333333333333,29.7,1.7,2,18639,2455
6819100103,9:35,575,-75.2709909238752,39.9451405536483,-75.253425532016,39.9533624584389,off_peak,FALSE,10,19.134977,restore,20251015,ok,25.8,5.26666666666667,6.76666666666667,8.56666666666667,5.2,1,19895,19722
6819100104,9:55,595,-75.253425532016,39.9533624584389,-75.1973968654904,39.9505033966507,off_peak,FALSE,20,24.450779,restore,20251015,ok,31.4666666666667,2.85,8.51666666666667,16.9,3.2,0,22107,22129
6821910102,8:15,495,-75.1601184429639,40.0511089560396,-75.1659426772114,39.9531940428398,am_peak,TRUE,30,34.308503,restore,20251015,ok,38.35,1.5,8.91666666666667,25.0833333333333,2.85,2,24794,1281
6825030202,8:05,485,-75.1752524766747,39.9659654913561,-75.0593151476913,40.0302346423682,am_peak,TRUE,20,56.332533,restore,20251015,ok,67.5833333333333,0.916666666666667,3.7,50,12.9666666666667,4,2863,22483
6825030203,8:26,506,-75.0593151476913,40.0302346423682,-75.1834073455283,39.9599979498596,am_peak,TRUE,4,47.07415,restore,20251015,ok,58.25,3.58333333333333,4.6,40.8166666666667,9.25,1,1138,32176
6825030206,17:45,1065,-75.0593151476913,40.0302346423682,-75.1842341091099,39.9772832258399,pm_peak,TRUE,40,53.887332,restore,20251015,ok,64.6166666666667,3.58333333333333,4.6,51.3833333333333,5.05,3,1138,21019
6826830102,17:05,1025,-75.1706866571216,39.953785415184,-75.3128532544384,39.99398750657,pm_peak,TRUE,55,43.529662,restore,20251015,ok,54.4666666666667,1.26666666666667,1.51666666666667,39.9,11.7833333333333,3,21319,1923
6857600102,16:05,965,-75.1649773922386,39.9502186753736,-75.1592387852516,39.9217586458287,pm_peak,TRUE,25,20.339023,restore,20251015,ok,32.05,1.28333333333333,2.7,26.8333333333333,1.23333333333333,2,15185,16310
6869210102,13:15,795,-75.150623776162,39.9499928305521,-75.1711932833479,39.9327343433105,off_peak,FALSE,25,27.572177,restore,20251015,ok,26.4333333333333,1.58333333333333,0.6,17.8166666666667,6.43333333333333,1,359,1285
6869210103,14:50,890,-75.1711932833479,39.9327343433105,-75.1452853653063,39.9454993949884,off_peak,FALSE,25,30.007628,restore,20251015,ok,42.0166666666667,0.883333333333333,12.8333333333333,20.2333333333333,8.06666666666667,1,3058,428
6869210201,11:00,660,-75.1452853653063,39.9454993949884,-75.1659426772114,39.9531940428398,off_peak,FALSE,,15.577016,restore,20251015,ok,20.35,2.58333333333333,0.716666666666667,15.7,1.35,1,17560,32175
6869210204,17:50,1070,-75.1659426772114,39.9531940428398,-75.1452853653063,39.9454993949884,pm_peak,TRUE,30,15.697718,restore,20251015,ok,23.3833333333333,1.35,3.41666666666667,10.25,8.36666666666667,0,10266,21318
6870450301,7:30,450,-75.1906210349248,39.9616350467224,-75.1665214095376,39.9615526212186,am_peak,TRUE,20,14.916631,restore,20251015,ok,29.3666666666667,2.5,12.9166666666667,11.4333333333333,2.51666666666667,0,22011,22020
6870450302,15:30,930,-75.1665214095376,39.9615526212186,-75.1906210349248,39.9616350467224,off_peak,FALSE,30,19.537127,restore,20251015,ok,32.4333333333333,2.51666666666667,2.18333333333333,17.2833333333333,10.45,3,22020,32177
6873890101,8:00,480,-75.2162654488479,39.9464660922369,-75.2189686457819,40.0081594134958,am_peak,TRUE,40,36.323943,restore,20251015,ok,47.95,3.01666666666667,1.51666666666667,38.2833333333333,5.13333333333333,1,20789,6252
6873890301,9:30,570,-75.2162654488479,39.9464660922369,-75.1665214095376,39.9615526212186,off_peak,FALSE,45,34.283709,restore,20251015,ok,38.1666666666667,2.75,1.68333333333333,30.7666666666667,2.96666666666667,3,20812,20412
6873890302,19:20,1160,-75.1665214095376,39.9615526212186,-75.2162654488479,39.9464660922369,off_peak,FALSE,45,32.970073,restore,20251015,ok,48.1666666666667,0.283333333333333,20.3666666666667,24.2166666666667,3.3,2,2682,20811
6884110202,8:10,490,-74.8185831765262,40.1380262186048,-75.1984494658686,39.9539400028283,am_peak,TRUE,50,59.92436,restore,20251015,unreachable,,,,,,,,
6887190204,17:35,1055,-75.1937934209145,39.951852697735,-75.1774381258043,39.9578243101046,pm_peak,TRUE,19,16.682493,restore,20251015,ok,19.3,2.41666666666667,0.583333333333333,9.23333333333333,7.06666666666667,1,30643,20645
6889290101,16:30,990,-75.1655746637264,39.9307064691021,-75.1630657978927,39.949981511781,pm_peak,TRUE,15,12.831072,restore,20251015,ok,23.4,1.11666666666667,8.93333333333333,10.45,2.9,1,24220,32140
6889290103,19:37,1177,-75.1630657978927,39.949981511781,-75.1655746637264,39.9307064691021,off_peak,FALSE,18,13.497769,restore,20251015,ok,15.4833333333333,2.01666666666667,0.1,8.88333333333333,4.48333333333333,1,15186,1285
6889290104,20:10,1210,-75.1655746637264,39.9307064691021,-75.1715947626354,39.9429517013451,off_peak,FALSE,24,16.712664,restore,20251015,ok,26.6333333333333,1.11666666666667,13.1,8.65,3.76666666666667,1,24220,3033
6907450304,15:19,919,-75.1665214095376,39.9615526212186,-75.1669894744938,39.9484799410289,off_peak,FALSE,21,15.003562,restore,20251015,ok,18.0666666666667,0.283333333333333,6.5,7.08333333333333,4.2,0,2682,15399
6910820204,11:00,660,-75.1906300416804,39.958024348983,-75.2626735411038,39.9640057100153,off_peak,FALSE,7,22.76797,restore,20251015,ok,48.55,2.41666666666667,8.43333333333333,35.0833333333333,2.61666666666667,2,21537,18639
6910820205,11:20,680,-75.2626735411038,39.9640057100153,-75.3957727573062,39.9175856077195,off_peak,FALSE,,39.402553,restore,20251015,ok,61.6166666666667,2.61666666666667,3.2,50.2166666666667,5.58333333333333,2,18639,18613
6915610202,7:25,445,-75.2905107800841,39.950578704956,-75.2626735411038,39.9640057100153,am_peak,TRUE,11,20.487142,restore,20251015,ok,26.3833333333333,3.95,9.06666666666667,10.75,2.61666666666667,1,18628,18639
6915610203,7:36,456,-75.2626735411038,39.9640057100153,-75.1662257986882,39.9519342771783,am_peak,TRUE,16,23.951639,restore,20251015,ok,33.75,2.61666666666667,2.25,27.1333333333333,1.75,2,18639,1392
6915610206,16:36,996,-75.1662257986882,39.9519342771783,-75.1662257986882,39.9519342771783,pm_peak,TRUE,15,3.625,restore,20251015,ok,7.23333333333333,1.53333333333333,1.03333333333333,1,3.66666666666667,0,10266,6115
6915610207,16:55,1015,-75.1662257986882,39.9519342771783,-75.1662257986882,39.9519342771783,pm_peak,TRUE,12,3.625,restore,20251015,ok,8.13333333333333,1,2,1.51666666666667,3.61666666666667,0,30828,20414
6953780101,7:30,450,-75.2298442421393,39.9293235759694,-75.1665214095376,39.9615526212186,am_peak,TRUE,30,42.850171,restore,20251015,ok,43.7,0.933333333333333,5.66666666666667,34.8166666666667,2.28333333333333,1,20717,3036
6953780201,7:30,450,-75.2298442421393,39.9293235759694,-75.1665214095376,39.9615526212186,am_peak,TRUE,30,42.850171,restore,20251015,ok,43.7,0.933333333333333,5.66666666666667,34.8166666666667,2.28333333333333,1,20717,3036
6954690205,9:15,555,-75.1834073455283,39.9599979498596,-75.1965975232029,39.9477559566907,am_peak,TRUE,5,16.523793,restore,20251015,ok,28.1166666666667,7.98333333333333,8.01666666666667,10.3166666666667,1.8,0,1537,30313
6955500103,16:00,960,-75.3460361638143,40.1143423687777,-75.3355469748377,40.1557053390204,pm_peak,TRUE,39,,restore,20251015,ok,46.9,2.83333333333333,0.0333333333333333,31.9666666666667,12.0666666666667,2,18304,31468
6955500104,18:10,1090,-75.3355469748377,40.1557053390204,-75.3460361638143,40.1143423687777,pm_peak,TRUE,33,,restore,20251015,ok,51.35,11.1,6.73333333333333,31.1666666666667,2.35,1,31473,1649
6955500105,19:15,1155,-75.3460361638143,40.1143423687777,-75.4052300426958,40.1193891000713,off_peak,FALSE,35,128.056883,restore,20251015,ok,118.683333333333,1.95,10.05,97.2666666666667,9.41666666666667,1,32185,31009
6978890101,6:15,375,-75.1619465866814,40.0435075759518,-75.1675390627425,40.0396237479197,am_peak,TRUE,15,10.527587,restore,20251015,ok,13.95,1.7,0.983333333333333,0.45,10.8166666666667,0,15586,15587
6978890102,11:00,660,-75.1675390627425,40.0396237479197,-75.1431944251012,40.0284068368576,off_peak,FALSE,30,15.444056,restore,20251015,ok,28.55,3.6,1.16666666666667,20.8333333333333,2.95,3,15668,24412
6978890103,15:45,945,-75.1431944251012,40.0284068368576,-75.1398050137829,40.0366774270012,off_peak,FALSE,10,15.497076,restore,20251015,ok,29.9333333333333,2.95,17.65,8.63333333333333,0.7,1,24412,30304
6978890104,16:00,960,-75.1398050137829,40.0366774270012,-75.1619465866814,40.0435075759518,pm_peak,TRUE,20,14.975079,restore,20251015,ok,18.9,0.7,0.283333333333333,16.85,1.06666666666667,1,30304,15919
6978890201,13:00,780,-75.1619465866814,40.0435075759518,-75.1398050137829,40.0366774270012,off_peak,FALSE,20,14.321544,restore,20251015,ok,17.1166666666667,0.85,6.46666666666667,7.61666666666667,2.18333333333333,0,15587,15798
6978890202,15:55,955,-75.1398050137829,40.0366774270012,-75.1619465866814,40.0435075759518,off_peak,FALSE,25,14.975079,restore,20251015,ok,23.9,0.7,5.28333333333333,16.85,1.06666666666667,1,30304,15919
6991330101,8:00,480,-75.1752524766747,39.9659654913561,-75.1630657978927,39.949981511781,am_peak,TRUE,45,16.705869,restore,20251015,ok,23.7333333333333,0.916666666666667,8.7,12.1,2.01666666666667,0,2863,6115
6991330102,17:30,1050,-75.1630657978927,39.949981511781,-75.1752524766747,39.9659654913561,pm_peak,TRUE,35,20.234354,restore,20251015,ok,24.85,1.48333333333333,0.516666666666667,20.85,2,1,130,3129
6991330202,17:40,1060,-75.1705068930163,39.9509065904554,-75.1752524766747,39.9659654913561,pm_peak,TRUE,20,17.399995,restore,20251015,ok,30.2166666666667,1.38333333333333,4.61666666666667,21.6333333333333,2.58333333333333,2,14084,25158
6992980106,18:25,1105,-75.1691139313301,39.9535949564727,-75.1845576169885,39.942839888606,pm_peak,TRUE,35,15.672719,restore,20251015,ok,32.2,1.23333333333333,12.7666666666667,17.3833333333333,0.816666666666667,2,34,25102
7009600101,6:55,415,-75.1898142834651,40.0518717143354,-75.1213092333967,40.110417860785,am_peak,TRUE,80,58.086992,restore,20251015,ok,73.6,5.61666666666667,5.86666666666667,59.2333333333333,2.88333333333333,3,15466,31020
7009600102,8:40,520,-75.1213092333967,40.110417860785,-75.1571977835929,40.0823045185899,am_peak,TRUE,35,43.234643,restore,20251015,ok,62.6333333333333,2.88333333333333,3.83333333333333,42.9833333333333,12.9333333333333,3,31020,16930
7009600104,9:45,585,-75.1571977835929,40.0823045185899,-75.1898142834651,40.0518717143354,off_peak,FALSE,45,26.401212,restore,20251015,ok,46.1166666666667,12.2666666666667,2.73333333333333,23.4,7.71666666666667,1,25973,17011
7018990101,16:00,960,-75.2162654488479,39.9464660922369,-75.1629472849343,39.9666206906345,pm_peak,TRUE,29,31.255098,restore,20251015,ok,32.65,3.01666666666667,0.516666666666667,25.4666666666667,3.65,1,20789,32146
7018990102,20:00,1200,-75.1629472849343,39.9666206906345,-75.2162654488479,39.9464660922369,off_peak,FALSE,45,32.832984,restore,20251015,ok,49.1666666666667,2.76666666666667,14.4666666666667,28.6333333333333,3.3,3,18432,20811
7059570101,8:35,515,-75.1301600245386,39.9721857729433,-75.1704674139331,39.9548009865238,am_peak,TRUE,25,27.374892,restore,20251015,ok,37.3166666666667,3.28333333333333,14.35,16.8166666666667,2.86666666666667,2,20988,20660
7081300202,7:46,466,-75.1661426003533,40.014873112626,-75.1612826317197,39.9532127364358,am_peak,TRUE,34,30.180126,restore,20251015,ok,33.6833333333333,5.35,0.866666666666667,23.2833333333333,4.18333333333333,1,28584,1281
7081300203,17:20,1040,-75.1612826317197,39.9532127364358,-75.1697103405146,40.0285190426739,pm_peak,TRUE,40,32.500002,restore,20251015,ok,49.35,1.91666666666667,1.43333333333333,39.7666666666667,6.23333333333333,3,10264,17050
7081300302,15:00,900,-75.1379390053678,40.0162879355525,-75.1697103405146,40.0285190426739,off_peak,FALSE,60,27.733835,restore,20251015,ok,43.6166666666667,1.68333333333333,21.8833333333333,17.1833333333333,2.86666666666667,0,32328,16443
7082240105,16:27,987,-75.1906300416804,39.958024348983,-75.1588750233838,39.9528401835985,pm_peak,TRUE,7,13.183358,restore,20251015,ok,14.4833333333333,1.55,0.866666666666667,9.85,2.21666666666667,1,21524,2456
7083360202,12:15,735,-75.1580149724927,39.9493530835764,-75.1858598621043,39.9165483287187,off_peak,FALSE,30,30.328418,restore,20251015,ok,43.25,1.58333333333333,1.53333333333333,35.7833333333333,4.35,3,14908,24407
7083360203,13:09,789,-75.1858598621043,39.9165483287187,-75.2109035921265,39.9515172049363,off_peak,FALSE,51,40.972866,restore,20251015,ok,46.3833333333333,4.28333333333333,5.05,26.8333333333333,10.2166666666667,1,24408,20729
7093280101,12:30,750,-75.1550139436622,39.9445812882334,-75.1673759243643,39.9592890487195,off_peak,FALSE,150,25.802495,restore,20251015,ok,35.8333333333333,0.35,1.58333333333333,23.0666666666667,10.8333333333333,2,16294,17842
7093280102,16:30,990,-75.1673759243643,39.9592890487195,-75.2069459522751,39.9687555499558,pm_peak,TRUE,30,23.876497,restore,20251015,ok,41.9833333333333,0.233333333333333,14.55,24.9666666666667,2.23333333333333,4,24172,22289
7093280201,12:30,750,-75.1550139436622,39.9445812882334,-75.1673759243643,39.9592890487195,off_peak,FALSE,,25.802495,restore,20251015,ok,35.8333333333333,0.35,1.58333333333333,23.0666666666667,10.8333333333333,2,16294,17842
7093280202,16:30,990,-75.1673759243643,39.9592890487195,-75.2069459522751,39.9687555499558,pm_peak,TRUE,30,23.876497,restore,20251015,ok,41.9833333333333,0.233333333333333,14.55,24.9666666666667,2.23333333333333,4,24172,22289
7106040202,9:30,570,-75.1588750233838,39.9528401835985,-75.1399338189646,40.0555332794609,off_peak,FALSE,,33.959066,restore,20251015,ok,33.95,1.86666666666667,0.216666666666667,30.3333333333333,1.53333333333333,2,10262,15465
7106040203,12:00,720,-75.1399338189646,40.0555332794609,-75.1638872349499,39.9525548857932,off_peak,FALSE,0,30.675832,restore,20251015,ok,46.3833333333333,1.35,11.7,32.95,0.383333333333333,1,31343,1281
7108500202,22:30,1350,-75.2404391377901,39.9919120806968,-75.2553953178008,39.8878418476806,off_peak,FALSE,60,69.619547,restore,20251015,ok,98.8,0.55,16.2166666666667,73.55,8.48333333333333,3,24492,19675
7108500402,14:35,875,-75.1742868895805,39.952935291834,-75.2553953178008,39.8878418476806,off_peak,FALSE,85,41.757831,restore,20251015,ok,67.3666666666667,1.55,1.43333333333333,55.9,8.48333333333333,3,18447,19675
7112300102,7:24,444,-75.3285784262649,39.9077335323186,-75.202230610969,39.9458213862922,am_peak,TRUE,27,32.504365,restore,20251015,unreachable,,,,,,,,
7139750301,7:35,455,-75.0534528142384,40.0711126916022,-75.1612826317197,39.9532127364358,am_peak,TRUE,90,51.97947,restore,20251015,ok,63.1,4.71666666666667,8.28333333333333,48.1333333333333,1.96666666666667,2,26165,32174
7139750302,18:30,1110,-75.1612826317197,39.9532127364358,-75.0534528142384,40.0711126916022,pm_peak,TRUE,100,48.85465,restore,20251015,ok,69.75,1.83333333333333,2.86666666666667,59.9833333333333,5.06666666666667,2,20968,23112
7155170102,16:30,990,-75.0798260530761,40.0248633027149,-75.0798260530761,40.0248633027149,pm_peak,TRUE,0,8.705571,restore,20251015,ok,8.05,2.4,0.233333333333333,1.36666666666667,4.05,0,23775,111
7155170103,17:00,1020,-75.0798260530761,40.0248633027149,-75.1584725274299,39.950967187359,pm_peak,TRUE,0,30.248819,restore,20251015,ok,42.95,2.58333333333333,10.4166666666667,28.4833333333333,1.46666666666667,1,21971,32173
7155170104,18:00,1080,-75.1584725274299,39.950967187359,-75.1584725274299,39.950967187359,pm_peak,TRUE,30,4.272549,restore,20251015,ok,9.95,1.2,2.8,0.966666666666667,4.98333333333333,0,32331,16845
7155170105,19:00,1140,-75.1584725274299,39.950967187359,-75.1167543574063,39.9964550323616,off_peak,FALSE,30,21.066942,restore,20251015,ok,23.05,1.33333333333333,1.93333333333333,17,2.78333333333333,1,2456,17743
7155170106,21:30,1290,-75.1167543574063,39.9964550323616,-75.0972035448796,39.9884463740478,off_peak,FALSE,30,15.751776,restore,20251015,ok,26.2666666666667,1.41666666666667,8.45,8.13333333333333,8.26666666666667,0,15033,341
7155170107,0:00,0,-75.0972035448796,39.9884463740478,-75.0750322611491,40.0214372944722,off_peak,FALSE,30,21.606563,restore,20251015,unreachable,,,,,,,,
7186030101,15:00,900,-75.5699866645082,39.9739865373802,-75.6074734875017,39.9538603024119,off_peak,FALSE,15,25.18195,restore,20251015,ok,42.3166666666667,8.48333333333333,15.1833333333333,11.3333333333333,7.31666666666667,0,18716,1990
7190080103,8:25,505,-75.1593108938158,39.9400078893569,-75.1545851492175,39.9813757258968,am_peak,TRUE,25,28.543781,restore,20251015,ok,30.6166666666667,2.05,3,21.9666666666667,3.6,3,16835,17279
7193950201,7:45,465,-74.9919645563739,40.0557019160434,-75.2268441409671,39.9506693986123,am_peak,TRUE,113,57.10683,restore,20251015,ok,94.8833333333334,7.08333333333333,8.56666666666667,79,0.233333333333333,3,21911,21707
7193950202,10:53,653,-75.2268441409671,39.9506693986123,-74.9919645563739,40.0557019160434,off_peak,FALSE,107,69.843187,restore,20251015,ok,91.4,0.166666666666667,4.55,79.3833333333333,7.3,4,21738,22562
7196350102,14:15,855,-75.1957094473416,39.9494354858208,-75.1625826795934,39.9513495936779,off_peak,FALSE,,18.77188,restore,20251015,ok,19.15,3.08333333333333,4.51666666666667,9.4,2.15,0,20731,283
7196350104,16:15,975,-75.1588750233838,39.9528401835985,-75.2414396306448,39.9567061667391,pm_peak,TRUE,75,23.723231,restore,20251015,ok,27.4833333333333,1.86666666666667,0.133333333333333,25,0.483333333333333,3,10262,676
7200840101,10:22,622,-75.0392105966606,40.0749172415666,-75.0120774331965,40.0817234736775,off_peak,FALSE,28,20.373907,restore,20251015,no_dest_stop,,,,,,,,
7200840201,5:00,300,-75.0392105966606,40.0749172415666,-75.0798260530761,40.0248633027149,off_peak,FALSE,25,26.658341,restore,20251015,unreachable,,,,,,,,
7200840202,5:30,330,-75.0798260530761,40.0248633027149,-75.216704781889,39.9569805572676,off_peak,FALSE,45,43.004046,restore,20251015,ok,54.5333333333333,2.06666666666667,2.95,44.6666666666667,4.85,2,30219,32179
7200840205,15:20,920,-75.216704781889,39.9569805572676,-75.1662257986882,39.9519342771783,off_peak,FALSE,5,14.50493,restore,20251015,ok,19.75,1.83333333333333,0.133333333333333,16.0333333333333,1.75,1,19123,1392
7200840207,15:30,930,-75.1677276497158,39.9525760413027,-75.1815493379532,39.9195932035454,off_peak,FALSE,20,24.626065,restore,20251015,ok,26.1333333333333,1.45,1.55,20.25,2.88333333333333,1,34,21346
7200840210,23:11,1391,-75.1815493379532,39.9195932035454,-75.1662257986882,39.9519342771783,off_peak,FALSE,44,21.76301,restore,20251015,ok,34.6666666666667,1.56666666666667,15.3333333333333,14.6,3.16666666666667,2,21290,32141
7200840211,0:05,5,-75.1662257986882,39.9519342771783,-75.0798260530761,40.0248633027149,off_peak,FALSE,0,33.433333,restore,20251015,ok,93.95,1.53333333333333,23.4666666666667,66.8833333333333,2.06666666666667,3,10266,30219
7200840212,0:20,20,-75.0798260530761,40.0248633027149,-75.0392105966606,40.0749172415666,off_peak,FALSE,-20,28.076055,restore,20251015,ok,126.45,2.06666666666667,14.8166666666667,103.316666666667,6.25,3,30219,22513
7200840301,10:22,622,-75.0392105966606,40.0749172415666,-75.0245969202952,40.0722619717747,off_peak,FALSE,25,17.020753,restore,20251015,unreachable,,,,,,,,
7218350101,8:55,535,-75.1638872349499,39.9525548857932,-75.2984304981332,40.0094456354775,am_peak,TRUE,175,31.334246,restore,20251015,ok,60.0666666666667,1.85,0.15,54.6166666666667,3.45,2,283,19323
7218350102,16:00,960,-75.2984304981332,40.0094456354775,-75.2626735411038,39.9640057100153,pm_peak,TRUE,60,31.037443,restore,20251015,ok,43.05,3.16666666666667,2.93333333333333,30.9,6.05,1,19445,2024
7218350201,6:55,415,-75.2538526622578,39.9589775244658,-75.3756545846891,40.0397732711601,am_peak,TRUE,,51.199439,restore,20251015,ok,124.083333333333,6.15,12.7166666666667,98.9833333333333,6.23333333333333,3,19611,19354
7218350202,12:00,720,-75.3756545846891,40.0397732711601,-75.2626735411038,39.9640057100153,off_peak,FALSE,90,58.624925,restore,20251015,unreachable,,,,,,,,
7218350301,16:00,960,-75.2069459522751,39.9687555499558,-75.2626735411038,39.9640057100153,pm_peak,TRUE,0,29.120277,restore,20251015,ok,43.05,1.83333333333333,2.78333333333333,32.3833333333333,6.05,1,21560,2024
7225010102,10:09,609,-75.1649773922386,39.9502186753736,-75.1593108938158,39.9400078893569,off_peak,FALSE,4,15.553871,restore,20251015,ok,23.4333333333333,1.28333333333333,7.48333333333333,4.43333333333333,10.2333333333333,0,15185,15192
7225010202,10:09,609,-75.1649773922386,39.9502186753736,-75.1550731760754,39.9469560187574,off_peak,FALSE,4,12.599956,restore,20251015,ok,14.0166666666667,1.68333333333333,3.31666666666667,3.86666666666667,5.15,0,6115,6114
7230170102,7:14,434,-75.3002409178272,39.9964440900826,-75.1672929773502,39.9544153783527,am_peak,TRUE,32,36.444762,restore,20251015,ok,64.35,3.86666666666667,12.1333333333333,44,4.35,1,31555,1392
7230170104,16:20,980,-75.1662257986882,39.9519342771783,-75.1672929773502,39.9544153783527,pm_peak,TRUE,36,4.05,restore,20251015,ok,12.65,1.53333333333333,2.23333333333333,7.63333333333333,1.25,1,10266,8936
7238160101,9:00,540,-75.2069459522751,39.9687555499558,-75.1840170635385,39.9534784074457,am_peak,TRUE,60,19.85563,restore,20251015,ok,29.0833333333333,1.83333333333333,1.4,23.3166666666667,2.53333333333333,2,21560,20643
7238160102,12:15,735,-75.1840170635385,39.9534784074457,-75.2165947836222,39.9537421538695,off_peak,FALSE,75,18.05345,restore,20251015,ok,25.3333333333333,1.88333333333333,2.26666666666667,11.5333333333333,9.65,1,21357,32179
7238160103,15:10,910,-75.2165947836222,39.9537421538695,-75.2069459522751,39.9687555499558,off_peak,FALSE,80,20.168932,restore,20251015,ok,32.25,0.916666666666667,0.583333333333333,28.5166666666667,2.23333333333333,2,22122,22289
7238160104,19:00,1140,-75.2069459522751,39.9687555499558,-75.2024327640643,39.9546329212277,off_peak,FALSE,60,11.008541,restore,20251015,ok,35.8666666666667,3.65,4.66666666666667,14.8666666666667,12.6833333333333,1,22288,20638
7238160105,21:30,1290,-75.2024327640643,39.9546329212277,-75.2069459522751,39.9687555499558,off_peak,FALSE,60,12.919618,restore,20251015,ok,30.1666666666667,0.733333333333333,8.6,16.5,4.33333333333333,2,21426,20672
7238160205,20:30,1230,-75.1834073455283,39.9599979498596,-75.2069459522751,39.9687555499558,off_peak,FALSE,30,20.568581,restore,20251015,ok,45.1666666666667,7.98333333333333,3.08333333333333,29.7666666666667,4.33333333333333,3,1537,20672
7238160301,8:00,480,-75.2069459522751,39.9687555499558,-75.216704781889,39.9569805572676,am_peak,TRUE,40,15.668211,restore,20251015,ok,29.5333333333333,1.83333333333333,0.0666666666666667,22.7833333333333,4.85,2,21560,32179
7238160303,17:10,1030,-75.2285144184624,39.9571346571898,-75.2189630817448,39.9770601294518,pm_peak,TRUE,0,20.279368,restore,20251015,ok,31.65,3.3,0.05,17.0166666666667,11.2833333333333,1,19120,21750
7238160304,17:20,1040,-75.2189630817448,39.9770601294518,-75.2069459522751,39.9687555499558,pm_peak,TRUE,10,15.409131,restore,20251015,ok,13.2833333333333,1.3,2.48333333333333,2.78333333333333,6.71666666666667,0,30767,22006
7244310102,6:35,395,-75.4829079089365,40.0451966969818,-75.1779217463161,39.9533873770951,am_peak,TRUE,55,41.265516,restore,20251015,ok,125.85,5.83333333333333,22.5333333333333,95.5333333333333,1.95,3,19377,20645
7259750101,8:05,485,-75.1739067739298,39.9188306771315,-75.1673585815214,39.9505151310837,am_peak,TRUE,23,19.614284,restore,20251015,ok,24.6666666666667,0.816666666666667,6.11666666666667,16.1333333333333,1.6,0,3061,3069
7259750201,15:40,940,-75.1612826317197,39.9532127364358,-75.1674177927973,39.9189023781397,off_peak,FALSE,30,18.064088,restore,20251015,ok,32.25,1.83333333333333,0.733333333333333,22.9333333333333,6.75,1,20968,20967
7259750202,16:20,980,-75.1674177927973,39.9189023781397,-75.1543285653421,39.912135860101,pm_peak,TRUE,5,10.470137,restore,20251015,ok,19.2,0.433333333333333,2.61666666666667,11.6333333333333,4.51666666666667,1,16588,11468
7259750203,16:50,1010,-75.1543285653421,39.912135860101,-75.1738700412219,39.9219806989111,pm_peak,TRUE,10,17.669271,restore,20251015,ok,24.4833333333333,3.48333333333333,0.516666666666667,11.6,8.88333333333333,1,24973,24363
7272680101,6:10,370,-75.1580149724927,39.9493530835764,-75.1580149724927,39.9493530835764,am_peak,TRUE,20,2.079165,restore,20251015,ok,8.75,1.58333333333333,0.633333333333333,1.01666666666667,5.51666666666667,0,14908,6113
7281760101,8:20,500,-75.2182588102061,39.950471058218,-75.1612826317197,39.9532127364358,am_peak,TRUE,21,22.758326,restore,20251015,ok,20.8,1.05,2.98333333333333,14.6666666666667,2.1,1,24855,2455
7281760102,16:41,1001,-75.1612826317197,39.9532127364358,-75.2182588102061,39.950471058218,pm_peak,TRUE,19,24.693771,restore,20251015,ok,31.6,1.83333333333333,0.616666666666667,25.4833333333333,3.66666666666667,2,20968,20884
7286230101,8:45,525,-75.1690343341821,39.9653703786754,-75.1550731760754,39.9469560187574,am_peak,TRUE,35,22.035241,restore,20251015,ok,32.9166666666667,0.933333333333333,9.95,14.25,7.78333333333333,1,2754,2457
7286230103,14:00,840,-75.1588750233838,39.9528401835985,-75.1690343341821,39.9653703786754,off_peak,FALSE,30,17.327966,restore,20251015,ok,28.0333333333333,1.86666666666667,5.35,18.45,2.36666666666667,1,10262,2811
7294550301,6:00,360,-75.0242936664932,40.0935720600163,-75.1673759243643,39.9592890487195,am_peak,TRUE,90,72.102783,restore,20251015,ok,77.0166666666667,4.48333333333333,9.03333333333333,58.1166666666667,5.38333333333333,2,23333,3057
7296440110,18:38,1118,-75.1648345113326,39.9541020155151,-75.2070232144824,39.990493481725,pm_peak,TRUE,32,31.829861,restore,20251015,no_dest_stop,,,,,,,,
7296440111,22:55,1375,-75.2070232144824,39.990493481725,-75.1648345113326,39.9541020155151,off_peak,FALSE,49,33.050632,restore,20251015,no_origin_stop,,,,,,,,
7306590104,17:12,1032,-75.1537481432666,39.9503794767793,-75.23225882312,40.073293545902,pm_peak,TRUE,73,58.544828,restore,20251015,ok,94.1333333333333,1.26666666666667,2.81666666666667,80.9666666666667,9.08333333333333,6,16290,16141
7318400101,9:15,555,-75.2859011035678,39.9804280541513,-75.1706866571216,39.953785415184,am_peak,TRUE,45,34.402082,restore,20251015,ok,37.9666666666667,2.8,6.35,27.25,1.56666666666667,2,32203,20646
7318400102,18:00,1080,-75.1706866571216,39.953785415184,-75.2859011035678,39.9804280541513,pm_peak,TRUE,45,35.659477,restore,20251015,ok,41.7666666666667,1.3,3.23333333333333,34.3,2.93333333333333,2,20660,1919
7321150102,9:00,540,-75.1870662747411,39.9335197790401,-75.1655746637264,39.9307064691021,am_peak,TRUE,10,14.482562,restore,20251015,ok,23.4833333333333,3.61666666666667,9.2,7.13333333333333,3.53333333333333,0,24185,24195
7321150103,9:20,560,-75.1655746637264,39.9307064691021,-75.1392788470332,40.0429484652339,am_peak,TRUE,45,38.382054,restore,20251015,ok,43.0333333333333,1.11666666666667,3.1,34.7833333333333,4.03333333333333,1,24220,20965
7321150104,10:11,611,-75.1392788470332,40.0429484652339,-75.0602877916782,40.0432878262775,off_peak,FALSE,17,37.250966,restore,20251015,ok,46.0333333333333,1.58333333333333,1.95,35.75,6.75,1,28695,22751
7321150106,11:00,660,-75.0648694032685,40.0546094774541,-75.1322724324316,40.0400578246308,off_peak,FALSE,27,38.760794,restore,20251015,ok,47.55,2.35,10.5833333333333,31.2166666666667,3.4,1,20473,16240
7321150108,12:04,724,-75.1392788470332,40.0429484652339,-75.1655746637264,39.9307064691021,off_peak,FALSE,51,38.499631,restore,20251015,ok,46.4833333333333,2.08333333333333,3.96666666666667,35.95,4.48333333333333,1,17716,1285
7321150109,12:57,777,-75.1655746637264,39.9307064691021,-75.1829342839572,39.9329910377486,off_peak,FALSE,10,9.359728,restore,20251015,ok,12.6166666666667,1.11666666666667,3.1,7.38333333333333,1.01666666666667,0,24220,24228
7327690103,15:30,930,-75.1655206281913,39.9477143701067,-75.1521306030788,39.9429783145413,off_peak,FALSE,20,11.292432,restore,20251015,ok,11.8833333333333,1.33333333333333,0.666666666666667,7,2.88333333333333,0,310,25091
7343290302,16:00,960,-75.177201361549,39.9550054347417,-75.1638872349499,39.9525548857932,pm_peak,TRUE,15,9.63883,restore,20251015,ok,6.96666666666667,2,0.233333333333333,2.66666666666667,2.06666666666667,0,20645,31140
7347290102,9:17,557,-75.1392788470332,40.0429484652339,-75.1634808483634,39.9480403151119,am_peak,TRUE,8,25.862314,restore,20251015,ok,39.1166666666667,1.5,0.95,34.8,1.86666666666667,2,17718,1282
7347290105,12:12,732,-75.1634808483634,39.9480403151119,-75.1322724324316,40.0400578246308,off_peak,FALSE,18,30.482049,restore,20251015,ok,40.0333333333333,1.76666666666667,3.73333333333333,27.5,7.03333333333333,0,32140,20965
7368370102,10:55,655,-75.1312859799465,39.9929590474227,-75.2605892193798,39.9589840265396,off_peak,FALSE,40,46.04028,restore,20251015,ok,59.45,1.5,4.15,50.85,2.95,3,17650,19614
7368370103,11:38,698,-75.2605892193798,39.9589840265396,-75.1662257986882,39.9519342771783,off_peak,FALSE,27,25.289635,restore,20251015,ok,25.75,2.95,0.283333333333333,20.7666666666667,1.75,2,19614,1392
7368370104,12:06,726,-75.1662257986882,39.9519342771783,-75.1673759243643,39.9592890487195,off_peak,FALSE,24,9.602065,restore,20251015,ok,17.7166666666667,1.46666666666667,8.53333333333333,4.55,3.16666666666667,0,21213,2657
7368370105,14:30,870,-75.1673759243643,39.9592890487195,-75.1339173390945,39.9885141593941,off_peak,FALSE,45,30.764958,restore,20251015,ok,39.0666666666667,0.233333333333333,3.21666666666667,29.5166666666667,6.1,2,24172,2461
7385020103,9:20,560,-75.1665551812863,39.9452085642469,-75.1977262540913,39.9594259908695,am_peak,TRUE,5,25.658141,restore,20251015,ok,34.4,1.85,5.16666666666667,20.2166666666667,7.16666666666667,2,15190,32178
7385020105,18:50,1130,-75.1906300416804,39.958024348983,-75.1642635478598,39.945554104478,pm_peak,TRUE,25,15.87485,restore,20251015,ok,45.15,1.35,25.8833333333333,16.6333333333333,1.28333333333333,2,21525,15189
7385840101,10:00,600,-75.1725391195037,39.9527196860213,-75.0108885726665,40.1294791274976,off_peak,FALSE,30,53.195095,restore,20251015,ok,83.8833333333333,1.58333333333333,0.0833333333333333,78,4.21666666666667,3,10275,23154
7385840102,11:00,660,-75.0108885726665,40.1294791274976,-75.1561127285024,39.9506763018863,off_peak,FALSE,60,46.4,restore,20251015,ok,74.1166666666667,3.93333333333333,1.25,65.3,3.63333333333333,1,23231,32172
7385840103,13:30,810,-75.1561127285024,39.9506763018863,-75.1694605873533,39.9520071435649,off_peak,FALSE,30,11.297648,restore,20251015,ok,13.4166666666667,1.5,2.1,5.61666666666667,4.2,0,30081,8936
7385840104,14:40,880,-75.1694605873533,39.9520071435649,-75.1619035045634,39.9912045729609,off_peak,FALSE,50,26.646325,restore,20251015,ok,32.7666666666667,2.25,0.333333333333333,18.9166666666667,11.2666666666667,2,10272,2439
7385840202,14:45,885,-75.1541388337345,39.9522458625874,-75.1619035045634,39.9912045729609,off_peak,FALSE,45,21.139698,restore,20251015,ok,31.85,1.4,6.5,17.05,6.9,2,915,20525
7413510101,14:00,840,-75.3612383019632,39.8509642790314,-75.3285784262649,39.9077335323186,off_peak,FALSE,120,36.917017,restore,20251015,ok,29.65,1.31666666666667,0.2,26.4833333333333,1.65,0,19959,2075
7413510201,18:00,1080,-75.3545812381306,39.8898706855614,-75.3285784262649,39.9077335323186,pm_peak,TRUE,45,18.593532,restore,20251015,ok,32.65,1.11666666666667,10.9666666666667,18.9166666666667,1.65,0,19983,2075
7422620101,7:00,420,-75.0698998938792,40.0651165277988,-75.1638872349499,39.9525548857932,am_peak,TRUE,74,51.881164,restore,20251015,ok,61.8833333333333,1.56666666666667,9.1,50.8333333333333,0.383333333333333,3,27964,1281
7430200101,14:15,855,-75.1719943253434,40.0385566769693,-75.0798260530761,40.0248633027149,off_peak,FALSE,75,40.840853,restore,20251015,ok,57.0166666666667,0.283333333333333,2.71666666666667,51.6166666666667,2.4,3,209,23775
7430200201,10:00,600,-75.2189630817448,39.9770601294518,-75.0798260530761,40.0248633027149,off_peak,FALSE,840,56.322414,restore,20251015,ok,59.2,1.28333333333333,0.3,55.55,2.06666666666667,3,30770,30219
7433810103,14:15,855,-75.2316719358833,39.9680910426143,-75.2414396306448,39.9567061667391,off_peak,FALSE,45,18.37703,restore,20251015,ok,28.9833333333333,1.01666666666667,11.8333333333333,4.9,11.2333333333333,0,24514,24518
7454250102,7:45,465,-75.2404250735521,39.9429205622721,-75.1625826795934,39.9513495936779,am_peak,TRUE,30,33.637645,restore,20251015,ok,31.75,4.11666666666667,3.91666666666667,21.6666666666667,2.05,1,24446,2455
7454250106,9:23,563,-75.1584725274299,39.950967187359,-75.2354698649569,39.9579979858569,am_peak,TRUE,12,20.39307,restore,20251015,ok,23.4166666666667,1.46666666666667,5.01666666666667,10.3166666666667,6.61666666666667,0,32173,32181
7454250107,9:40,580,-75.2354698649569,39.9579979858569,-75.2322455285086,39.963278945388,off_peak,FALSE,2,8.416739,restore,20251015,ok,11.3333333333333,0.116666666666667,6.56666666666667,3.03333333333333,1.61666666666667,0,24461,24463
7454250202,7:42,462,-75.2404250735521,39.9429205622721,-75.1588750233838,39.9528401835985,am_peak,TRUE,28,33.0495,restore,20251015,ok,35.4833333333333,4.11666666666667,6.91666666666667,22.2333333333333,2.21666666666667,1,24446,2456
7454250207,17:21,1041,-75.1584725274299,39.950967187359,-75.2354698649569,39.9579979858569,pm_peak,TRUE,11,20.366667,restore,20251015,ok,19.2,1.46666666666667,1.01666666666667,14.05,2.66666666666667,1,32173,24518
7456980101,11:00,660,-75.2024327640643,39.9546329212277,-75.3195257705183,40.0049815590517,off_peak,FALSE,45,40.431106,restore,20251015,ok,60.0666666666667,0.883333333333333,2.11666666666667,46.35,10.7166666666667,1,433,1924
7456980102,19:45,1185,-75.3195257705183,40.0049815590517,-75.2024327640643,39.9546329212277,off_peak,FALSE,40,42.911806,restore,20251015,ok,45.55,10.5666666666667,7.05,23.3833333333333,4.55,1,32198,2452
7490830101,9:00,540,-74.9805169601034,40.0973234577003,-74.9965095266054,40.0731754234799,am_peak,TRUE,15,17.796402,restore,20251015,ok,26.8833333333333,4.4,0.85,13.5166666666667,8.11666666666667,2,22592,23396
7490830102,11:30,690,-74.9965095266054,40.0731754234799,-74.9805169601034,40.0973234577003,off_peak,FALSE,345,17.731288,restore,20251015,ok,31.8,7.61666666666667,11.0333333333333,7.71666666666667,5.43333333333333,0,23357,23365
7490830201,5:15,315,-74.9805169601034,40.0973234577003,-74.971722014007,40.068261230225,off_peak,FALSE,75,26.589132,restore,20251015,ok,46.1666666666667,4.21666666666667,0.55,39.6166666666667,1.78333333333333,2,22659,21122
7490830202,15:15,915,-74.971722014007,40.068261230225,-74.9965095266054,40.0731754234799,off_peak,FALSE,45,25.823038,restore,20251015,ok,38.05,1.78333333333333,0.483333333333333,28.2833333333333,7.5,1,21122,23913
7490830203,16:30,990,-74.9965095266054,40.0731754234799,-74.9805169601034,40.0973234577003,pm_peak,TRUE,30,17.186641,restore,20251015,ok,28.8,7.5,7.3,8.56666666666667,5.43333333333333,1,23913,23365
10003630201,11:00,660,-75.1301600245386,39.9721857729433,-75.1662257986882,39.9519342771783,off_peak,FALSE,30,22.009543,restore,20251015,ok,26.85,3.28333333333333,7.9,13.8166666666667,1.85,1,20988,32175
10003630202,13:30,810,-75.1662257986882,39.9519342771783,-75.177201361549,39.9550054347417,off_peak,FALSE,30,8.262528,restore,20251015,ok,21.9833333333333,1.53333333333333,0.666666666666667,15.6666666666667,4.11666666666667,3,10266,18447
10003630203,15:00,900,-75.177201361549,39.9550054347417,-75.1301600245386,39.9721857729433,off_peak,FALSE,30,26.791286,restore,20251015,ok,27.2666666666667,2,0.95,14.05,10.2666666666667,1,20645,353
10024340103,10:40,640,-75.177201361549,39.9550054347417,-75.1638872349499,39.9525548857932,off_peak,FALSE,0,9.733399,restore,20251015,ok,8.85,2,1.23333333333333,3.76666666666667,1.85,0,20645,283
10153090101,15:00,900,-75.1722093187508,39.9861472659912,-75.1074608568458,40.0361390710689,off_peak,FALSE,40,50.302866,restore,20251015,ok,65.6333333333333,3.56666666666667,8.06666666666667,47.05,6.95,2,3121,15833
10153090102,18:30,1110,-75.1074608568458,40.0361390710689,-75.1722093187508,39.9861472659912,pm_peak,TRUE,40,54.64744,restore,20251015,ok,58.2333333333333,2.03333333333333,10.9,38.1,7.2,3,24825,16378
10231310105,17:30,1050,-75.2823672331362,40.2208246075088,-75.2823672331362,40.2208246075088,pm_peak,TRUE,42,17.443993,restore,20251015,ok,60.1166666666667,12.2166666666667,13.95,21.45,12.5,1,27514,29514
10242350101,17:00,1020,-75.216704781889,39.9569805572676,-75.1608866949941,39.9837724999129,pm_peak,TRUE,90,35.588833,restore,20251015,ok,40.8,1.11666666666667,6,27.8833333333333,5.8,3,25587,17280
10242350201,5:00,300,-75.1431944251012,40.0284068368576,-75.0563940768372,40.2137895527483,off_peak,FALSE,40,,restore,20251015,no_dest_stop,,,,,,,,
10242350202,14:30,870,-75.0563940768372,40.2137895527483,-75.1608866949941,39.9837724999129,off_peak,FALSE,570,,restore,20251015,no_origin_stop,,,,,,,,
10283530301,16:45,1005,-75.1140625240641,39.9929319296134,-75.0854738945499,40.0094870178998,pm_peak,TRUE,30,16.249942,restore,20251015,ok,26.8666666666667,2.66666666666667,0.583333333333333,18.5,5.11666666666667,1,24144,2464
10283530302,20:45,1245,-75.0854738945499,40.0094870178998,-75.1140625240641,39.9929319296134,off_peak,FALSE,30,15.172652,restore,20251015,ok,17.5666666666667,2.75,1.05,7.2,6.56666666666667,1,17993,32163
10285100101,8:00,480,-75.214660746654,39.9308500106865,-75.1595117962634,39.9367714452714,am_peak,TRUE,60,28.410963,restore,20251015,ok,42.1333333333333,3.56666666666667,2.46666666666667,32.05,4.05,2,20950,16300
10285100102,10:15,615,-75.1595117962634,39.9367714452714,-75.1701368511036,39.9488667930338,off_peak,FALSE,45,18.142603,restore,20251015,ok,22.7666666666667,0.433333333333333,3.11666666666667,15.0833333333333,4.13333333333333,1,24754,3064
10285100103,12:20,740,-75.1701368511036,39.9488667930338,-75.2298442421393,39.9293235759694,off_peak,FALSE,70,32.708417,restore,20251015,ok,57.1166666666667,0.95,14.3666666666667,40.8833333333333,0.916666666666667,3,25082,20750
10285100104,13:50,830,-75.2298442421393,39.9293235759694,-75.2399779780059,39.9210924003411,off_peak,FALSE,25,5.35,restore,20251015,ok,12.15,0.916666666666667,1.15,9.08333333333333,1,1,20750,20757
10285100105,15:00,900,-75.2399779780059,39.9210924003411,-75.214660746654,39.9308500106865,off_peak,FALSE,60,16.072397,restore,20251015,ok,19.9333333333333,0.7,0.666666666666667,6.78333333333333,11.7833333333333,0,20708,20720
10293830102,13:20,800,-75.2024327640643,39.9546329212277,-75.2182588102061,39.950471058218,off_peak,FALSE,50,14.665845,restore,20251015,ok,19.3,1.73333333333333,0.266666666666667,13.6333333333333,3.66666666666667,1,421,20884
10293830103,18:00,1080,-75.2182588102061,39.950471058218,-75.1928742171467,39.9459041130135,pm_peak,TRUE,60,21.206552,restore,20251015,ok,32.6333333333333,1.05,6.08333333333333,21.6666666666667,3.83333333333333,2,24855,21439
10303490101,8:00,480,-75.1401720521647,39.9668670569272,-75.1501439390544,39.9483766989707,am_peak,TRUE,18,16.307908,restore,20251015,ok,18.6166666666667,0.816666666666667,1.53333333333333,6.65,9.61666666666667,0,24163,31442
10303490102,8:24,504,-75.1501439390544,39.9483766989707,-75.2361840313814,40.0659288695917,am_peak,TRUE,53,43.202467,restore,20251015,ok,61.6666666666667,1.55,3.45,51,5.66666666666667,2,14880,12253
10303490103,11:07,667,-75.2361840313814,40.0659288695917,-75.1840170635385,39.9534784074457,off_peak,FALSE,28,32.340381,restore,20251015,unreachable,,,,,,,,
10303490104,11:40,700,-75.1840170635385,39.9534784074457,-75.1400970132193,39.9722367087517,off_peak,FALSE,18,22.563951,restore,20251015,ok,33.2,0.416666666666667,2.41666666666667,22.1666666666667,8.2,2,20976,353
10303490105,12:00,720,-75.1400970132193,39.9722367087517,-75.1401720521647,39.9668670569272,off_peak,FALSE,10,8.301245,restore,20251015,ok,16.0333333333333,2.96666666666667,2.46666666666667,0.533333333333333,10.0666666666667,0,17609,17617
10303490106,15:30,930,-75.1401720521647,39.9668670569272,-75.1505658415867,39.9464361327538,off_peak,FALSE,25,17.879484,restore,20251015,ok,29.3666666666667,0.816666666666667,11.7833333333333,8.9,7.86666666666667,2,24163,32171
10308930204,13:05,785,-75.3045400928903,40.0162243322963,-75.1706866571216,39.953785415184,off_peak,FALSE,20,39.366042,restore,20251015,ok,55.9166666666667,2.61666666666667,7.56666666666667,44.1666666666667,1.56666666666667,2,29758,20646
10308930205,16:35,995,-75.1706866571216,39.953785415184,-75.3045400928903,40.0162243322963,pm_peak,TRUE,15,37.085814,restore,20251015,ok,59.4833333333333,1.3,0.233333333333333,55.5166666666667,2.43333333333333,4,20660,30685
10308930206,18:15,1095,-75.3045400928903,40.0162243322963,-75.1560983260195,39.9553691545034,pm_peak,TRUE,20,50.007173,restore,20251015,ok,58.7333333333333,2.61666666666667,11.0833333333333,43.1333333333333,1.9,2,29758,16846
10308930207,19:50,1190,-75.1560983260195,39.9553691545034,-75.3045400928903,40.0162243322963,off_peak,FALSE,20,43.083333,restore,20251015,unreachable,,,,,,,,
10381140103,11:40,700,-75.2065311183375,40.0264644764131,-75.1509013014001,40.0025369261947,off_peak,FALSE,80,28.028044,restore,20251015,ok,35.05,2.9,7.83333333333333,21.0166666666667,3.3,1,16528,142
10381140104,15:30,930,-75.1509013014001,40.0025369261947,-75.177201361549,39.9550054347417,off_peak,FALSE,60,27.74279,restore,20251015,ok,26.5833333333333,2.56666666666667,2.11666666666667,19.95,1.95,2,28696,20661
10381140105,17:15,1035,-75.177201361549,39.9550054347417,-75.2065311183375,40.0264644764131,pm_peak,TRUE,65,14.727857,restore,20251015,ok,37.75,1.96666666666667,1.46666666666667,30.9,3.41666666666667,2,10281,14891
10416920101,6:50,410,-75.1483131665262,39.937767343598,-75.1509013014001,40.0025369261947,am_peak,TRUE,40,41.273181,restore,20251015,ok,42.4333333333333,0.166666666666667,8.1,30.9833333333333,3.18333333333333,2,17546,32151
10512930203,17:30,1050,-75.177201361549,39.9550054347417,-75.1785792243999,39.9689777214525,pm_peak,TRUE,15,11.359287,restore,20251015,ok,28.1166666666667,1.95,1.8,21.6,2.76666666666667,2,20661,30102
10512930302,7:35,455,-75.1632627264191,39.9610182840982,-75.1398050137829,40.0366774270012,am_peak,TRUE,10,23.770789,restore,20251015,ok,30.2666666666667,2.78333333333333,4.4,15.0666666666667,8.01666666666667,2,22022,32156
10516820202,7:49,469,-75.4500381380104,39.9613999791314,-75.5219531141482,39.9607510443511,am_peak,TRUE,9,26.19052,restore,20251015,no_origin_stop,,,,,,,,
10516820203,12:20,740,-75.5219531141482,39.9607510443511,-75.4500381380104,39.9613999791314,off_peak,FALSE,8,23.923667,restore,20251015,no_dest_stop,,,,,,,,
10541430105,15:15,915,-75.1638942692979,40.024836513729,-75.1545693550523,40.0111496191661,off_peak,FALSE,0,12.328213,restore,20251015,ok,33.6833333333333,2.35,23.35,6.18333333333333,1.8,0,16477,12058
10541430109,17:10,1030,-75.1719929709651,39.929072094888,-75.1661003080911,39.9138576581668,pm_peak,TRUE,0,17.216507,restore,20251015,ok,27.2833333333333,1.03333333333333,6.1,15.3,4.85,2,3049,21794
10541430110,17:17,1037,-75.1661003080911,39.9138576581668,-75.1543285653421,39.912135860101,pm_peak,TRUE,33,10.589132,restore,20251015,ok,15.8333333333333,4.03333333333333,1.65,5.63333333333333,4.51666666666667,0,1182,11468
10541430113,19:00,1140,-75.1543285653421,39.912135860101,-75.1516301589525,39.9168650559185,off_peak,FALSE,3,7.406299,restore,20251015,ok,14.5166666666667,4.51666666666667,4.35,0.766666666666667,4.88333333333333,0,11468,18137
10541430114,19:19,1159,-75.1516301589525,39.9168650559185,-75.1661003080911,39.9138576581668,off_peak,FALSE,0,11.154613,restore,20251015,ok,36.3333333333333,4.21666666666667,11.2666666666667,11.45,9.4,1,18132,30864
10541430115,20:13,1213,-75.1661003080911,39.9138576581668,-75.1638942692979,40.024836513729,off_peak,FALSE,227,50.384212,restore,20251015,ok,54.6833333333333,1.4,10.2166666666667,40.9,2.16666666666667,2,759,16440
10716540102,7:38,458,-75.1191244525154,40.0364863338015,-75.0602877916782,40.0432878262775,am_peak,TRUE,8,31.459703,restore,20251015,ok,46.2166666666667,2.7,4.03333333333333,33.2,6.28333333333333,2,17672,22487
10716540103,7:52,472,-75.0602877916782,40.0432878262775,-75.1392788470332,40.0429484652339,am_peak,TRUE,19,35.345643,restore,20251015,ok,45,2.65,3.88333333333333,36.9666666666667,1.5,1,23044,17718
10716540105,11:08,668,-75.1601184429639,40.0511089560396,-75.1046013715564,40.0456485850198,off_peak,FALSE,10,31.321244,restore,20251015,ok,31.45,1.5,0.916666666666667,24.9166666666667,4.11666666666667,1,24794,15841
10716540108,13:11,791,-75.222939243936,40.2183267533376,-75.0602877916782,40.0432878262775,off_peak,FALSE,7,,restore,20251015,no_origin_stop,,,,,,,,
10716540202,6:21,381,-75.1046013715564,40.0456485850198,-75.0602877916782,40.0432878262775,am_peak,TRUE,9,33.071501,restore,20251015,ok,27.9,4.11666666666667,1.75,15.2833333333333,6.75,1,15841,22751
10717170102,8:40,520,-75.2182588102061,39.950471058218,-75.1662257986882,39.9519342771783,am_peak,TRUE,20,21.986538,restore,20251015,ok,23.75,1.05,7.98333333333333,12.9666666666667,1.75,1,24855,1392
10717170105,17:10,1030,-75.1608290378846,39.9512565309348,-75.2162654488479,39.9464660922369,pm_peak,TRUE,20,23.865408,restore,20251015,ok,25.1666666666667,1.7,3,17.1666666666667,3.3,2,2455,20811
10728430104,16:10,970,-75.177201361549,39.9550054347417,-75.1700384657366,39.9693644720962,pm_peak,TRUE,35,15.037933,restore,20251015,ok,17.6666666666667,1.95,0.983333333333333,10.45,4.28333333333333,0,10283,32502
10733780301,7:40,460,-75.064739389944,39.9987906700722,-74.9919645563739,40.0557019160434,am_peak,TRUE,54,31.851304,restore,20251015,ok,64.5833333333333,4.5,10.9,42.0833333333333,7.1,3,23807,22687
10733780302,12:45,765,-74.9919645563739,40.0557019160434,-75.064739389944,39.9987906700722,off_peak,FALSE,49,34.912321,restore,20251015,ok,59.6333333333333,7.08333333333333,3.56666666666667,36.35,12.6333333333333,2,21911,488
10767710306,9:27,567,-75.214650332805,40.1349579453564,-75.1889970534327,40.1395442243909,am_peak,TRUE,3,19.477069,restore,20251015,ok,33.8333333333333,3.33333333333333,11.6666666666667,13,5.83333333333333,2,27016,31859
10767710309,17:49,1069,-75.1889970534327,40.1395442243909,-75.214650332805,40.1349579453564,pm_peak,TRUE,10,19.683333,restore,20251015,ok,61.25,5.83333333333333,1.16666666666667,50,4.25,1,31859,1839
10767710314,22:17,1337,-75.1906300416804,39.958024348983,-75.1537481432666,39.9503794767793,off_peak,FALSE,23,12.691868,restore,20251015,ok,49.4666666666667,2.41666666666667,21.3333333333333,24.3833333333333,1.33333333333333,1,21537,2457
10886840101,5:30,330,-74.9907571215361,40.0991165357115,-75.1572994746159,39.95264251715,off_peak,FALSE,35,69.506076,restore,20251015,ok,72.6166666666667,5.51666666666667,10.2333333333333,54.7333333333333,2.13333333333333,1,22892,32173
10886840102,6:15,375,-75.1572994746159,39.95264251715,-75.0164718495484,40.1003470300558,am_peak,TRUE,30,63.897203,restore,20251015,ok,75.25,1.93333333333333,7.03333333333333,55.4,10.8833333333333,2,10258,22525
10886840103,15:00,900,-75.0164718495484,40.1003470300558,-75.1662257986882,39.9519342771783,off_peak,FALSE,30,66.086999,restore,20251015,ok,80.85,4.33333333333333,4.6,70.0666666666667,1.85,3,22946,32175
10886840105,16:20,980,-75.1584725274299,39.950967187359,-74.9907571215361,40.0991165357115,pm_peak,TRUE,55,68.580697,restore,20251015,ok,85.5,1.33333333333333,5.93333333333333,72.7166666666667,5.51666666666667,1,2456,22892
10983270104,7:21,441,-75.1827055398227,40.0389450998406,-75.1545693550523,40.0111496191661,am_peak,TRUE,15,20.949344,restore,20251015,ok,31.8,1.33333333333333,10.0333333333333,19.7333333333333,0.7,1,18267,18167
10983270105,7:42,462,-75.1545693550523,40.0111496191661,-75.1537481432666,39.9503794767793,am_peak,TRUE,12,16.358269,restore,20251015,ok,22.4,0.7,1.58333333333333,17.6333333333333,2.48333333333333,2,18167,10341
10983270109,17:04,1024,-75.1537481432666,39.9503794767793,-75.1545693550523,40.0111496191661,pm_peak,TRUE,10,15.898881,restore,20251015,ok,20.2833333333333,1.41666666666667,4.33333333333333,11.85,2.68333333333333,1,32144,18211
10983270110,17:20,1040,-75.1545693550523,40.0111496191661,-75.1827055398227,40.0389450998406,pm_peak,TRUE,22,23.61017,restore,20251015,ok,35.7,0.7,6.48333333333333,27.1833333333333,1.33333333333333,3,18167,18267
10983270202,5:54,354,-75.1827055398227,40.0389450998406,-75.1545693550523,40.0111496191661,off_peak,FALSE,14,19.056807,restore,20251015,ok,34.45,3.16666666666667,5.18333333333333,21.8833333333333,4.21666666666667,2,18237,15720
10983270203,6:16,376,-75.1545693550523,40.0111496191661,-75.1634808483634,39.9480403151119,am_peak,TRUE,10,17.976477,restore,20251015,ok,30.3666666666667,0.7,7.48333333333333,20.3166666666667,1.86666666666667,1,18167,1282
10983270206,13:11,791,-75.1634808483634,39.9480403151119,-75.1545693550523,40.0111496191661,off_peak,FALSE,12,20.530366,restore,20251015,ok,24.0166666666667,1.76666666666667,0.733333333333333,18.8333333333333,2.68333333333333,1,32140,18211
10983270207,13:27,807,-75.1545693550523,40.0111496191661,-75.1827055398227,40.0389450998406,off_peak,FALSE,26,24.462103,restore,20251015,ok,29.3166666666667,0.7,1.4,19.5833333333333,7.63333333333333,1,18167,16449
11028550101,9:00,540,-75.1710393335578,40.0215935498751,-75.1792803129236,39.9102291849896,am_peak,TRUE,30,56.916649,restore,20251015,ok,66.3,2.91666666666667,7.21666666666667,48.7833333333333,7.38333333333333,3,17178,21212
11028550102,9:45,585,-75.1792803129236,39.9102291849896,-75.214203546323,39.966573251699,off_peak,FALSE,15,46.904974,restore,20251015,ok,58.8833333333333,4.43333333333333,3.13333333333333,38.8333333333333,12.4833333333333,1,21286,567
11028550103,10:15,615,-75.214203546323,39.966573251699,-75.1932965395644,39.9698350451223,off_peak,FALSE,420,20.838859,restore,20251015,ok,38.55,2.31666666666667,10.6333333333333,15.35,10.25,2,21634,30292
11056340101,9:10,550,-75.3147109767587,40.1422852431983,-75.283892350158,40.1787913892908,am_peak,TRUE,20,22.223293,restore,20251015,ok,56.3,3.36666666666667,4.58333333333333,41.9,6.45,2,26590,27431
11056340102,18:15,1095,-75.283892350158,40.1787913892908,-75.3147109767587,40.1422852431983,pm_peak,TRUE,35,23.224736,restore,20251015,ok,35.5166666666667,6.5,15.4333333333333,9.13333333333333,4.45,0,27541,27546
11065170302,6:56,416,-75.2657692657726,39.9241817714539,-75.269943076881,39.9356820759347,am_peak,TRUE,4,12.296367,restore,20251015,ok,7.26666666666667,0.933333333333333,0.133333333333333,3.56666666666667,2.63333333333333,0,19782,19788
11097420101,5:15,315,-75.1583891414117,40.0192666370153,-75.1612826317197,39.9532127364358,off_peak,FALSE,75,24.611579,restore,20251015,ok,35.0666666666667,2.93333333333333,8,22.3,1.83333333333333,3,15713,4461
11097420102,15:00,900,-75.1612826317197,39.9532127364358,-75.1583891414117,40.0192666370153,off_peak,FALSE,90,24.047017,restore,20251015,ok,37.25,1.91666666666667,0.05,33.0666666666667,2.21666666666667,3,10264,31724
11126420102,8:55,535,-75.1727947008017,39.9254003368501,-75.183199136493,39.9280075886022,am_peak,TRUE,0,8.200172,restore,20251015,ok,17.0166666666667,1.03333333333333,5.4,7.05,3.53333333333333,1,24290,24295
11126420104,14:00,840,-75.1779217463161,39.9533873770951,-75.1900612521521,39.9261972601751,off_peak,FALSE,60,24.588479,restore,20251015,ok,40.5333333333333,0.966666666666667,16.0333333333333,15.6666666666667,7.86666666666667,0,93,25219
11193150101,14:30,870,-75.1830900642771,39.9921503642697,-75.1830900642771,39.9921503642697,off_peak,FALSE,60,8.632493,restore,20251015,ok,6.35,2.66666666666667,1.78333333333333,0.5,1.4,0,16043,16210
11193150301,18:00,1080,-75.1830900642771,39.9921503642697,-75.1804047012754,39.9816583790678,pm_peak,TRUE,60,12.254658,restore,20251015,ok,15.75,1.4,3.63333333333333,8.5,2.21666666666667,1,16210,2887
11193150302,23:00,1380,-75.1804047012754,39.9816583790678,-75.1830900642771,39.9921503642697,off_peak,FALSE,90,10.78171,restore,20251015,ok,30.9,0.4,14.6666666666667,14.3,1.53333333333333,1,25487,16393
11196660401,13:00,780,-75.0899078827828,40.1754087918635,-75.1545851492175,39.9813757258968,off_peak,FALSE,40,55.2,restore,20251015,no_origin_stop,,,,,,,,
11203010101,8:15,495,-75.13315298552,40.0493311400039,-75.1638872349499,39.9525548857932,am_peak,TRUE,45,32.824934,restore,20251015,ok,42.8833333333333,5.61666666666667,2.9,33.9833333333333,0.383333333333333,2,24810,1281
11203010107,12:30,750,-75.1603747972298,39.949646258079,-75.1392788470332,40.0429484652339,off_peak,FALSE,0,29.908192,restore,20251015,ok,46.3166666666667,1.28333333333333,0.55,34.1666666666667,10.3166666666667,2,6058,32156
11230090202,8:15,495,-75.0798260530761,40.0248633027149,-75.1612826317197,39.9532127364358,am_peak,TRUE,19,31.28346,restore,20251015,ok,35.1,2.58333333333333,1.41666666666667,29.1333333333333,1.96666666666667,1,21971,32174
11230090203,13:00,780,-75.1612826317197,39.9532127364358,-75.0589769417546,40.017025533914,off_peak,FALSE,50,36.29054,restore,20251015,ok,64.5333333333333,0.983333333333333,14.0166666666667,48.4833333333333,1.05,3,1721,17914
11313060201,7:45,465,-75.0673055651795,40.0442784991825,-75.1647675352254,39.9513827603519,am_peak,TRUE,45,43.505399,restore,20251015,ok,54.4,6.13333333333333,5.31666666666667,40.55,2.4,2,23291,32175
11313060202,20:00,1200,-75.1647675352254,39.9513827603519,-75.0673055651795,40.0442784991825,off_peak,FALSE,45,45.196552,restore,20251015,ok,60.15,1.46666666666667,0.783333333333333,51.5333333333333,6.36666666666667,4,20414,23042
11374790102,7:48,468,-75.3393886203709,40.0346462639254,-75.2626735411038,39.9640057100153,am_peak,TRUE,14,25.884273,restore,20251015,ok,34.4833333333333,4.11666666666667,7.06666666666667,20.6833333333333,2.61666666666667,1,32194,18639
11374790103,8:04,484,-75.2626735411038,39.9640057100153,-75.150229373412,39.9517620658106,am_peak,TRUE,22,28.61965,restore,20251015,ok,39.85,2.61666666666667,4.25,30.1166666666667,2.86666666666667,2,18639,2458
11374790106,17:16,1036,-75.150229373412,39.9517620658106,-75.2626735411038,39.9640057100153,pm_peak,TRUE,21,28.409773,restore,20251015,ok,32.4833333333333,1.73333333333333,0.55,27.5833333333333,2.61666666666667,2,359,18639
11374790107,17:47,1067,-75.2626735411038,39.9640057100153,-75.3393886203709,40.0346462639254,pm_peak,TRUE,12,23.889108,restore,20251015,ok,50.8,2.61666666666667,21.2,22.9833333333333,4,2,18639,1900
11470540108,18:23,1103,-75.2232933759479,39.9448265734297,-75.1858598621043,39.9165483287187,pm_peak,TRUE,16,36.007296,restore,20251015,ok,54.7333333333333,5.51666666666667,3.78333333333333,41.5666666666667,3.86666666666667,3,20869,24549
11470540109,19:32,1172,-75.1858598621043,39.9165483287187,-75.2302974929617,39.93947440453,off_peak,FALSE,31,21.978321,restore,20251015,ok,29.5,4.28333333333333,1.01666666666667,21.25,2.95,0,24408,24441
11662350104,10:30,630,-75.0589191747288,40.0341434174917,-75.0272886661161,40.0451130655592,off_peak,FALSE,18,15.264737,restore,20251015,ok,35.7166666666667,2.05,20.8166666666667,8.98333333333333,3.86666666666667,0,22344,22361
11662350105,11:35,695,-75.0272886661161,40.0451130655592,-75.0521615628162,40.0286394093827,off_peak,FALSE,17,20.600363,restore,20251015,ok,45.15,4.75,17.7,16.75,5.95,2,23497,1081
11712980102,18:10,1090,-75.1638872349499,39.9525548857932,-75.1584725274299,39.950967187359,pm_peak,TRUE,10,6.276623,restore,20251015,ok,6.6,1.95,2.05,1.26666666666667,1.33333333333333,0,1392,2456
11816680101,6:15,375,-75.2669034171152,39.9566940557434,-75.150229373412,39.9517620658106,am_peak,TRUE,40,34.518214,restore,20251015,ok,34.85,3.33333333333333,2.68333333333333,25.9666666666667,2.86666666666667,1,1957,2458
11816680102,17:30,1050,-75.150229373412,39.9517620658106,-75.2669034171152,39.9566940557434,pm_peak,TRUE,75,33.949449,restore,20251015,ok,48.1833333333333,1.73333333333333,7.26666666666667,35.2666666666667,3.91666666666667,2,359,18597
11928380302,7:04,424,-75.0272886661161,40.0451130655592,-75.0490199739364,40.069819370287,am_peak,TRUE,16,22.787389,restore,20251015,ok,42.8833333333333,3.86666666666667,1.6,35.5833333333333,1.83333333333333,3,22361,23113
11928380304,14:50,890,-75.0272886661161,40.0451130655592,-75.0440576064122,40.055019358023,off_peak,FALSE,15,10.25,restore,20251015,ok,15.1333333333333,4.58333333333333,3.8,4.51666666666667,2.23333333333333,0,23508,23514
11988050101,12:00,720,-75.1833128313549,39.9960562366823,-75.1732743609913,39.9456003211594,off_peak,FALSE,60,40.558533,restore,20251015,ok,45.8166666666667,3,3.63333333333333,27.6,11.5833333333333,1,16546,6064
11988050102,14:45,885,-75.1732743609913,39.9456003211594,-75.1833128313549,39.9960562366823,off_peak,FALSE,45,38.390124,restore,20251015,ok,44.5833333333333,0.266666666666667,4.13333333333333,37.3666666666667,2.81666666666667,2,22273,15996
11988050201,23:00,1380,-75.1833128313549,39.9960562366823,-75.1833128313549,39.9960562366823,off_peak,FALSE,45,8.982749,restore,20251015,ok,13.6,3,3.33333333333333,1.06666666666667,6.2,0,16546,16548
11988050501,14:00,840,-75.1938842464804,39.9345602638164,-75.1833128313549,39.9960562366823,off_peak,FALSE,90,47.955116,restore,20251015,ok,65.0666666666667,1.38333333333333,2.23333333333333,57.95,3.5,3,24235,16543
11988050601,14:00,840,-75.1938842464804,39.9345602638164,-75.1833128313549,39.9960562366823,off_peak,FALSE,90,47.955116,restore,20251015,ok,65.0666666666667,1.38333333333333,2.23333333333333,57.95,3.5,3,24235,16543
11988790201,5:00,300,-74.9537657364031,40.1342148390318,-75.1545851492175,39.9813757258968,off_peak,FALSE,180,68.433333,restore,20251015,ok,123.566666666667,3.53333333333333,29.75,84.4666666666667,5.81666666666667,5,30759,25473
12010950302,9:00,540,-75.4245283894686,39.9086253629038,-75.1928742171467,39.9459041130135,am_peak,TRUE,33,77.575071,restore,20251015,ok,108.65,11.9166666666667,14.85,70.7166666666667,11.1666666666667,4,29800,20734
12010950305,15:33,933,-75.1965975232029,39.9477559566907,-75.1965975232029,39.9477559566907,off_peak,FALSE,33,6.873948,restore,20251015,ok,7.7,2.65,2.75,0.5,1.8,0,21439,30313
12024070101,2:50,170,-75.2341467351472,39.9457946759268,-75.2341467351472,39.9457946759268,off_peak,FALSE,,7.515555,restore,20251015,unreachable,,,,,,,,
12024100303,15:45,945,-75.1722288078707,39.9400534674801,-75.2300055470776,39.9884080077411,off_peak,FALSE,50,46.595822,restore,20251015,ok,69.2666666666667,1.26666666666667,10.9,53.3333333333333,3.76666666666667,4,2663,21764
12091100102,10:30,630,-75.1672929773502,39.9544153783527,-75.2344133789046,40.0088074073246,off_peak,FALSE,50,34.232579,restore,20251015,ok,132.2,1.25,8.85,118.583333333333,3.51666666666667,2,8936,29568
12105620205,15:45,945,-75.1779217463161,39.9533873770951,-75.1584725274299,39.950967187359,off_peak,FALSE,15,13.452001,restore,20251015,ok,13.9666666666667,1.53333333333333,3.46666666666667,7.45,1.51666666666667,0,6067,6057
12105620402,12:00,720,-75.1833908620653,39.9475606076449,-75.1628439188361,39.9457617844426,off_peak,FALSE,60,18.794178,restore,20251015,ok,31.3833333333333,1.51666666666667,3.68333333333333,21.7166666666667,4.46666666666667,1,30641,22246
12119850401,8:15,495,-75.1906210349248,39.9616350467224,-75.2859011035678,39.9804280541513,am_peak,TRUE,35,31.085682,restore,20251015,ok,46.7666666666667,1.03333333333333,17.85,24.95,2.93333333333333,2,21522,1919
12119850402,18:08,1088,-75.2859011035678,39.9804280541513,-75.1906210349248,39.9616350467224,pm_peak,TRUE,22,34.446452,restore,20251015,ok,46.4166666666667,2.8,13.35,29.6666666666667,0.6,3,32203,21541
12129060101,14:10,850,-75.175919233186,40.0332814777088,-75.1191244525154,40.0364863338015,off_peak,FALSE,25,30.99583,restore,20251015,ok,32.3833333333333,1.58333333333333,0.35,26.6833333333333,3.76666666666667,1,21954,16739
12129060102,17:25,1045,-75.1191244525154,40.0364863338015,-75.1710393335578,40.0215935498751,pm_peak,TRUE,20,19.968887,restore,20251015,ok,45.15,2.93333333333333,1.65,37.7166666666667,2.85,4,17958,18223
12237930101,7:15,435,-75.1498041127206,39.934304016358,-75.1541388337345,39.9522458625874,am_peak,TRUE,26,18.770056,restore,20251015,ok,22.0333333333333,1.03333333333333,2.33333333333333,14.6333333333333,4.03333333333333,1,24746,735
12237930105,17:18,1038,-75.1541388337345,39.9522458625874,-75.1498041127206,39.934304016358,pm_peak,TRUE,26,18.525122,restore,20251015,ok,24.2666666666667,1.95,0.516666666666667,21.0833333333333,0.716666666666667,2,10341,24681
12237930201,6:55,415,-75.1498041127206,39.934304016358,-75.1461838934269,39.9589037110814,am_peak,TRUE,27,16.934334,restore,20251015,ok,23.7833333333333,1.4,6.6,12.3833333333333,3.4,0,856,17602
12237930203,14:40,880,-75.1541388337345,39.9522458625874,-75.1611907875754,39.9477574019743,off_peak,FALSE,18,11.558189,restore,20251015,ok,14.15,1.95,2.46666666666667,1.28333333333333,8.45,0,10341,10258
12237930204,15:58,958,-75.1611907875754,39.9477574019743,-75.1498041127206,39.934304016358,off_peak,FALSE,17,17.3371,restore,20251015,ok,23.6166666666667,0.5,8.71666666666667,13.6833333333333,0.716666666666667,1,16495,24681
12237930301,7:15,435,-75.1498041127206,39.934304016358,-75.1541388337345,39.9522458625874,am_peak,TRUE,26,18.770056,restore,20251015,ok,22.0333333333333,1.03333333333333,2.33333333333333,14.6333333333333,4.03333333333333,1,24746,735
12237930302,14:40,880,-75.1541388337345,39.9522458625874,-75.1611907875754,39.9477574019743,off_peak,FALSE,18,11.558189,restore,20251015,ok,14.15,1.95,2.46666666666667,1.28333333333333,8.45,0,10341,10258
12237930303,15:56,956,-75.1611907875754,39.9477574019743,-75.1498041127206,39.934304016358,off_peak,FALSE,19,17.3371,restore,20251015,ok,25.6166666666667,0.5,0.716666666666667,23.6833333333333,0.716666666666667,2,16495,24681
12289130103,10:00,600,-75.1720816011546,39.9549927124551,-75.177201361549,39.9550054347417,off_peak,FALSE,15,6.708558,restore,20251015,ok,6.16666666666667,1.4,1.03333333333333,1.26666666666667,2.46666666666667,0,4465,107
12425930102,7:25,445,-75.300281066518,40.0007168757721,-75.2626735411038,39.9640057100153,am_peak,TRUE,10,26.509675,restore,20251015,ok,59.05,4.05,5.03333333333333,43.9166666666667,6.05,2,18869,2024
12425930103,7:40,460,-75.2626735411038,39.9640057100153,-75.1662257986882,39.9519342771783,am_peak,TRUE,25,23.951639,restore,20251015,ok,35.75,2.61666666666667,3.18333333333333,28.2,1.75,2,18639,1392
12425930106,17:25,1045,-75.1662257986882,39.9519342771783,-75.2626735411038,39.9640057100153,pm_peak,TRUE,25,23.869646,restore,20251015,ok,40.3833333333333,1.46666666666667,4.53333333333333,31.7666666666667,2.61666666666667,2,21213,18639
12425930107,18:00,1080,-75.2626735411038,39.9640057100153,-75.300281066518,40.0007168757721,pm_peak,TRUE,10,23.85127,restore,20251015,ok,36.0666666666667,2.61666666666667,8.2,15.9666666666667,9.28333333333333,2,18639,30519
12583270202,15:54,954,-75.3235511564497,40.1219444180383,-75.2782358419767,40.1133698952466,off_peak,FALSE,26,48.722562,restore,20251015,ok,37.6166666666667,9.88333333333333,6.63333333333333,10.4833333333333,10.6166666666667,0,31985,246
12583270203,17:15,1035,-75.2782358419767,40.1133698952466,-75.3235511564497,40.1219444180383,pm_peak,TRUE,35,37.326109,restore,20251015,ok,32.7333333333333,10.6166666666667,0.383333333333333,11.6333333333333,10.1,0,246,27801
12583270302,15:54,954,-75.3235511564497,40.1219444180383,-75.2782358419767,40.1133698952466,off_peak,FALSE,26,48.722562,restore,20251015,ok,37.6166666666667,9.88333333333333,6.63333333333333,10.4833333333333,10.6166666666667,0,31985,246
12583270303,17:15,1035,-75.2782358419767,40.1133698952466,-75.3235511564497,40.1219444180383,pm_peak,TRUE,35,37.326109,restore,20251015,ok,32.7333333333333,10.6166666666667,0.383333333333333,11.6333333333333,10.1,0,246,27801
12583270402,15:54,954,-75.3235511564497,40.1219444180383,-75.2782358419767,40.1133698952466,off_peak,FALSE,26,48.722562,restore,20251015,ok,37.6166666666667,9.88333333333333,6.63333333333333,10.4833333333333,10.6166666666667,0,31985,246
12583270403,17:15,1035,-75.2782358419767,40.1133698952466,-75.3235511564497,40.1219444180383,pm_peak,TRUE,35,37.326109,restore,20251015,ok,32.7333333333333,10.6166666666667,0.383333333333333,11.6333333333333,10.1,0,246,27801
12688310207,11:50,710,-75.0798260530761,40.0248633027149,-75.1400970132193,39.9722367087517,off_peak,FALSE,15,29.022495,restore,20251015,ok,39.0833333333333,2.58333333333333,7.41666666666667,21,8.08333333333333,1,21971,32168
12765360101,5:30,330,-75.1798114670555,39.9715794694621,-75.1638872349499,39.9525548857932,off_peak,FALSE,30,16.091007,restore,20251015,ok,22.2166666666667,0.533333333333333,8.11666666666667,11.35,2.21666666666667,0,16560,10266
12783680105,13:26,806,-75.1583891414117,40.0192666370153,-75.175919233186,40.0332814777088,off_peak,FALSE,23,14.88109,restore,20251015,ok,25.4833333333333,2.21666666666667,11.25,6.85,5.16666666666667,0,31724,16446
12783680108,19:40,1180,-75.1874482344911,40.0457370394131,-75.1874482344911,40.0457370394131,off_peak,FALSE,80,9.51848,restore,20251015,ok,22.45,7.03333333333333,6.31666666666667,0.983333333333333,8.11666666666667,0,17210,17212
12784730101,8:00,480,-75.3505492479473,40.1203018431899,-75.4109709119456,40.1265917475322,am_peak,TRUE,36,21.880141,restore,20251015,ok,26.4666666666667,1.33333333333333,5.06666666666667,12.8,7.26666666666667,0,18358,1715
12852100101,9:04,544,-75.1629816913276,39.9348297671495,-75.1661003080911,39.9138576581668,am_peak,TRUE,33,13.606034,restore,20251015,ok,13.0166666666667,1.08333333333333,0.866666666666667,9.66666666666667,1.4,0,16509,759
12852100102,10:05,605,-75.1661003080911,39.9138576581668,-75.1655746637264,39.9307064691021,off_peak,FALSE,18,16.919866,restore,20251015,ok,20.1166666666667,1.4,1.21666666666667,13.1333333333333,4.36666666666667,1,759,32137
12852100104,16:05,965,-75.1629816913276,39.9348297671495,-75.1611907875754,39.9477574019743,pm_peak,TRUE,23,13.256756,restore,20251015,ok,21.95,1.46666666666667,9.31666666666667,7.45,3.71666666666667,0,16832,16841
12852100106,18:30,1110,-75.1611907875754,39.9477574019743,-75.1629816913276,39.9348297671495,pm_peak,TRUE,15,11.059562,restore,20251015,ok,16.1,0.5,6.41666666666667,8.1,1.08333333333333,0,16495,16509
12904600101,6:35,395,-75.0806751855718,40.016348069306,-75.1675355693758,39.9533981752196,am_peak,TRUE,22,30.975616,restore,20251015,ok,35.4166666666667,1.93333333333333,2.85,27.2166666666667,3.41666666666667,1,24572,32175
12904600103,17:00,1020,-75.1672929773502,39.9544153783527,-75.0806751855718,40.016348069306,pm_peak,TRUE,40,32.163669,restore,20251015,ok,42.6166666666667,1.25,0.366666666666667,36.6333333333333,4.36666666666667,2,8936,217
12918480301,8:00,480,-75.3264776780465,39.8728102528069,-75.3938186136374,39.9651711354682,am_peak,TRUE,95,76.919532,restore,20251015,ok,107.683333333333,2.06666666666667,0.733333333333333,100.2,4.68333333333333,3,25076,2168
12918480302,13:00,780,-75.3938186136374,39.9651711354682,-75.3264776780465,39.8728102528069,off_peak,FALSE,90,67.826421,restore,20251015,ok,96.8833333333333,4.68333333333333,20.3166666666667,70.1333333333334,1.75,2,2168,25416
12951000103,9:30,570,-75.1706866571216,39.953785415184,-75.1541388337345,39.9522458625874,off_peak,FALSE,20,9.200766,restore,20251015,ok,12.2333333333333,1.41666666666667,0.95,7.85,2.01666666666667,0,10272,18457
12951000104,11:00,660,-75.1541388337345,39.9522458625874,-75.1584725274299,39.950967187359,off_peak,FALSE,10,5.820182,restore,20251015,ok,5.15,1.95,0.25,1.38333333333333,1.56666666666667,0,10341,10258
12951000105,11:17,677,-75.1584725274299,39.950967187359,-75.1661426003533,40.014873112626,off_peak,FALSE,65,30.404858,restore,20251015,ok,42.8166666666667,1.2,1.8,34.65,5.16666666666667,2,32331,1346
12951000106,12:44,764,-75.1661426003533,40.014873112626,-75.211934088646,40.0470512663366,off_peak,FALSE,-22,41.48002,restore,20251015,ok,72.2666666666667,5.11666666666667,6.41666666666667,52.6333333333333,8.1,3,1347,19040
12988510201,8:05,485,-75.3033644043198,39.9449510611518,-75.1692942790448,39.9527602328087,am_peak,TRUE,60,43.702994,restore,20251015,unreachable,,,,,,,,
12988510202,18:00,1080,-75.1692942790448,39.9527602328087,-75.3033644043198,39.9449510611518,pm_peak,TRUE,120,43.757699,restore,20251015,ok,51.9333333333333,1.4,0.65,41.4,8.48333333333333,3,10272,18602
13028350101,9:30,570,-75.1411591473044,40.2793198687386,-75.1477600680928,40.3266281579924,off_peak,FALSE,10,72.313455,restore,20251015,no_origin_stop,,,,,,,,
13054210103,13:15,795,-75.2128647817132,40.0824469736708,-75.1962680244175,40.0724717157188,off_peak,FALSE,345,20.600137,restore,20251015,ok,39.05,5.13333333333333,18.1166666666667,8.63333333333333,7.16666666666667,1,19049,17992
13084440201,5:15,315,-75.1139704218066,40.0309825414845,-75.1859236878394,40.0056791510122,off_peak,FALSE,,28.305899,restore,20251015,unreachable,,,,,,,,
13084440202,14:00,840,-75.1859236878394,40.0056791510122,-75.1139704218066,40.0309825414845,off_peak,FALSE,600,29.215779,restore,20251015,ok,42.65,1.25,0.366666666666667,34.3833333333333,6.65,2,15005,118
13205640201,7:45,465,-75.1629816913276,39.9348297671495,-75.1446587384151,39.9502859178682,am_peak,TRUE,20,22.243986,restore,20251015,ok,22.5,1.46666666666667,4.31666666666667,15.1666666666667,1.55,1,16832,428
13205640202,17:20,1040,-75.1446587384151,39.9502859178682,-75.1629816913276,39.9348297671495,pm_peak,TRUE,21,22.243314,restore,20251015,ok,31.8333333333333,1.18333333333333,5.15,19.1666666666667,6.33333333333333,2,30079,1284
13249230101,8:00,480,-75.0589769417546,40.017025533914,-75.1018775098952,39.9927596244991,am_peak,TRUE,60,30.857729,restore,20251015,ok,45.4833333333333,1.05,2.4,38.1,3.93333333333333,2,17914,17768
13252800201,9:20,560,-75.1738700412219,39.9219806989111,-75.1691139313301,39.9535949564727,am_peak,TRUE,40,23.304787,restore,20251015,ok,20.6833333333333,0.783333333333333,0.0666666666666667,16.15,3.68333333333333,0,3073,21213
13255850102,12:00,720,-75.2065311183375,40.0264644764131,-75.1541388337345,39.9522458625874,off_peak,FALSE,60,27.146609,restore,20251015,ok,46.9833333333333,2.76666666666667,1.66666666666667,40.25,2.3,3,14061,16289
13271810402,9:55,595,-75.2626735411038,39.9640057100153,-75.3922133622912,40.087943010321,off_peak,FALSE,5,44.007047,restore,20251015,ok,39.2166666666667,2.61666666666667,0.266666666666667,33.1166666666667,3.21666666666667,0,18639,1827
13271810405,17:37,1057,-75.4050587593771,40.0953145055857,-75.4050587593771,40.0953145055857,pm_peak,TRUE,10,12.413864,restore,20251015,ok,17.3833333333333,2.36666666666667,8.18333333333333,1.15,5.68333333333333,0,27921,7360
13277160201,8:00,480,-75.1738700412219,39.9219806989111,-75.1634808483634,39.9480403151119,am_peak,TRUE,20,15.361359,restore,20251015,ok,21,0.783333333333333,0.983333333333333,12.8666666666667,6.36666666666667,0,3073,3064
13277160202,16:30,990,-75.1634808483634,39.9480403151119,-75.1738700412219,39.9219806989111,pm_peak,TRUE,20,18.005271,restore,20251015,ok,30.1833333333333,1.38333333333333,1.65,19.9666666666667,7.18333333333333,2,25085,1286
13304030102,7:25,445,-75.0503988334115,40.0876996804033,-75.0851931466197,40.0437712425002,am_peak,TRUE,20,33.359542,restore,20251015,ok,49.3833333333333,6.45,22.7333333333333,14.7,5.5,0,401,22993
13304030106,16:27,987,-75.0851931466197,40.0437712425002,-75.0503988334115,40.0876996804033,pm_peak,TRUE,21,27.130572,restore,20251015,ok,38.75,0.316666666666667,2.73333333333333,26.8833333333333,8.81666666666667,1,15865,1495
13304030302,7:15,435,-75.0575931303197,40.0979296280696,-75.0798260530761,40.0248633027149,am_peak,TRUE,25,41.474527,restore,20251015,ok,63.7,2.76666666666667,20.0166666666667,34.85,6.06666666666667,1,22418,23014
13304030303,7:52,472,-75.0798260530761,40.0248633027149,-75.1662257986882,39.9519342771783,am_peak,TRUE,18,32.520773,restore,20251015,ok,34.85,2.58333333333333,0.416666666666667,30,1.85,1,21971,32175
13304030306,15:25,925,-75.1662257986882,39.9519342771783,-75.0798260530761,40.0248633027149,off_peak,FALSE,40,32.87982,restore,20251015,ok,43.5833333333333,1.53333333333333,2.33333333333333,32.2666666666667,7.45,2,10266,22335
13304030307,16:17,977,-75.0798260530761,40.0248633027149,-75.0503988334115,40.0876996804033,pm_peak,TRUE,33,37.528199,restore,20251015,ok,48.75,2.06666666666667,0.2,37.6666666666667,8.81666666666667,2,30219,1495
13561360101,7:40,460,-75.233360759861,39.9720395071482,-75.1550731760754,39.9469560187574,am_peak,TRUE,25,40.953937,restore,20251015,ok,31.9166666666667,0.75,4.45,18.9333333333333,7.78333333333333,1,24511,2457
13561360102,11:45,705,-75.1550731760754,39.9469560187574,-75.1603747972298,39.949646258079,off_peak,FALSE,15,8.011987,restore,20251015,ok,15.6333333333333,1.31666666666667,6.58333333333333,0.816666666666667,6.91666666666667,0,24333,24334
13561360104,13:15,795,-75.1608290378846,39.9512565309348,-75.1085340726583,39.9955139503969,off_peak,FALSE,30,25.117882,restore,20251015,ok,29.25,1.7,4,16.5,7.05,0,2455,60
13561360105,14:30,870,-75.1085340726583,39.9955139503969,-75.1550731760754,39.9469560187574,off_peak,FALSE,30,27.489503,restore,20251015,ok,45.95,2.45,13.95,27.0166666666667,2.53333333333333,2,24142,16291
13561360106,16:20,980,-75.1550731760754,39.9469560187574,-75.1634052023169,39.9571451807186,pm_peak,TRUE,25,17.885932,restore,20251015,ok,21.1666666666667,0.783333333333333,3.25,15.9666666666667,1.16666666666667,2,16292,32142
13561360107,17:00,1020,-75.1634052023169,39.9571451807186,-75.233360759861,39.9720395071482,pm_peak,TRUE,45,35.044701,restore,20251015,ok,34.8,1.56666666666667,2.56666666666667,28.0333333333333,2.63333333333333,4,17170,21037
13602530101,15:30,930,-74.9823583671564,40.110760248005,-75.1792803129236,39.9102291849896,off_peak,FALSE,95,103.449677,restore,20251015,ok,113.6,2.45,3.06666666666667,99.75,8.33333333333333,5,22651,150
13629790101,7:00,420,-75.1647675352254,39.9513827603519,-75.1505658415867,39.9464361327538,am_peak,TRUE,0,12.59361,restore,20251015,ok,14.3166666666667,1.46666666666667,1.53333333333333,6.31666666666667,5,0,6115,6111
13629790102,10:00,600,-75.1505658415867,39.9464361327538,-75.1647675352254,39.9513827603519,off_peak,FALSE,30,15.978487,restore,20251015,ok,20.0666666666667,2.38333333333333,3.61666666666667,10,4.06666666666667,0,14880,130
13665150202,13:10,790,-75.1495939755084,40.0125900284939,-75.1634808483634,39.9480403151119,off_peak,FALSE,35,19.165346,restore,20251015,ok,35.6166666666667,1.46666666666667,7.88333333333333,24.4,1.86666666666667,1,15985,1282
13665150203,15:10,910,-75.1634808483634,39.9480403151119,-75.1971342156818,40.0138387034349,off_peak,FALSE,30,28.795487,restore,20251015,ok,45.8166666666667,1.76666666666667,0.733333333333333,37,6.31666666666667,2,32140,18014
13665150205,16:30,990,-75.1898605144712,40.0114702178942,-75.1859236878394,40.0056791510122,pm_peak,TRUE,45,10.66726,restore,20251015,ok,15.6333333333333,4.36666666666667,2.46666666666667,6.16666666666667,2.63333333333333,1,24731,30329
13701130101,12:40,760,-75.177201361549,39.9550054347417,-75.1722789942054,39.9539778646615,off_peak,FALSE,0,6.342676,restore,20251015,ok,9.9,1.95,5.2,1.05,1.7,0,10283,18448
13701130102,13:00,780,-75.1722789942054,39.9539778646615,-75.1603747972298,39.949646258079,off_peak,FALSE,0,12.251311,restore,20251015,ok,24.0666666666667,1.38333333333333,2.53333333333333,15.5,4.65,1,8941,10263
13701130103,13:30,810,-75.1603747972298,39.949646258079,-75.1648345113326,39.9541020155151,off_peak,FALSE,5,8.253871,restore,20251015,ok,13.8333333333333,1.36666666666667,1.23333333333333,2.4,8.83333333333333,0,14886,130
13702340102,6:25,385,-75.099782195019,40.006355591222,-75.2322455285086,39.963278945388,am_peak,TRUE,,37.303742,restore,20251015,ok,42.9333333333333,1.46666666666667,2.31666666666667,35.0166666666667,4.13333333333333,1,17600,32181
13702340103,15:50,950,-75.2322455285086,39.963278945388,-75.0529627230323,40.0535132505067,off_peak,FALSE,22,55.209946,restore,20251015,ok,69.4,1.66666666666667,2.7,53.6333333333333,11.4,2,24516,22498
13702340105,17:05,1025,-75.1840170635385,39.9534784074457,-75.099782195019,40.006355591222,pm_peak,TRUE,20,30.456666,restore,20251015,ok,40.8,0.416666666666667,1.73333333333333,33.85,4.8,2,20976,838
13772340101,11:30,690,-75.1720816011546,39.9549927124551,-75.1779217463161,39.9533873770951,off_peak,FALSE,25,7.324358,restore,20251015,ok,9.78333333333333,1.4,1.58333333333333,1.33333333333333,5.46666666666667,0,4465,107
13772340102,13:10,790,-75.1779217463161,39.9533873770951,-75.1720816011546,39.9549927124551,off_peak,FALSE,650,7.122217,restore,20251015,ok,7.56666666666667,1.28333333333333,1.65,3.08333333333333,1.55,0,10283,32501
13791240101,4:50,290,-75.1601043768351,40.0613309307968,-75.1471644147674,40.0425358392666,off_peak,FALSE,23,18.395248,restore,20251015,unreachable,,,,,,,,
13791240102,5:38,338,-75.1471644147674,40.0425358392666,-75.0798260530761,40.0248633027149,off_peak,FALSE,16,40.129723,restore,20251015,ok,43.05,1.33333333333333,11.5666666666667,26.1,4.05,1,18486,111
13791240105,13:12,792,-75.0490199739364,40.069819370287,-75.0798260530761,40.0248633027149,off_peak,FALSE,39,27.269787,restore,20251015,ok,36.6833333333333,1.83333333333333,3.43333333333333,24.1,7.31666666666667,1,23113,22470
13791240106,14:03,843,-75.0798260530761,40.0248633027149,-75.1398050137829,40.0366774270012,off_peak,FALSE,19,26.442028,restore,20251015,ok,38.1666666666667,2.06666666666667,3.06666666666667,30.7,2.33333333333333,2,30219,15907
13791240107,14:30,870,-75.1398050137829,40.0366774270012,-75.1601043768351,40.0613309307968,off_peak,FALSE,15,27.632218,restore,20251015,ok,37.5333333333333,2.18333333333333,2.46666666666667,25.8333333333333,7.05,2,15798,15556
13835240103,15:00,900,-75.2322455285086,39.963278945388,-75.2240243087353,39.9622994543846,off_peak,FALSE,30,10.662495,restore,20251015,ok,15.2833333333333,1.23333333333333,2.3,10.15,1.6,2,24464,21699
13835240104,16:00,960,-75.2240243087353,39.9622994543846,-75.2322455285086,39.963278945388,pm_peak,TRUE,30,11.342455,restore,20251015,ok,13.4,1.6,2.08333333333333,8.1,1.61666666666667,2,21699,24463
13835240106,21:30,1290,-75.214203546323,39.966573251699,-75.2322455285086,39.963278945388,off_peak,FALSE,60,16.251044,restore,20251015,ok,16.9333333333333,3.56666666666667,2,7.23333333333333,4.13333333333333,1,25594,32181
13861880101,10:34,634,-75.2226378551491,39.995965776317,-75.2093603571935,40.0074782230597,off_peak,FALSE,16,15.499971,restore,20251015,ok,24.7333333333333,5.86666666666667,6.18333333333333,11.95,0.733333333333333,1,22206,643
13861880102,11:12,672,-75.2093603571935,40.0074782230597,-75.2226378551491,39.995965776317,off_peak,FALSE,21,14.978003,restore,20251015,ok,21.5666666666667,0.966666666666667,5.03333333333333,9.93333333333333,5.63333333333333,0,634,25979
13861880103,12:14,734,-75.2226378551491,39.995965776317,-75.1672929773502,39.9544153783527,off_peak,FALSE,46,35.264633,restore,20251015,ok,49.1833333333333,5.63333333333333,8.46666666666667,32.0166666666667,3.06666666666667,0,25979,18451
13861880104,13:34,814,-75.1672929773502,39.9544153783527,-75.2226378551491,39.995965776317,off_peak,FALSE,37,30.941227,restore,20251015,ok,42.4833333333333,1.25,3.96666666666667,31.25,6.01666666666667,0,8936,21572
13885570102,15:00,900,-75.1541388337345,39.9522458625874,-75.1630984016405,39.9735438590113,off_peak,FALSE,540,16.41674,restore,20251015,ok,23.3833333333333,1.95,2.96666666666667,12.0833333333333,6.38333333333333,2,10341,32147
13888660105,16:31,991,-75.1742868895805,39.952935291834,-75.1717674832599,39.9564206302579,pm_peak,TRUE,23,6.681579,restore,20251015,ok,11.2333333333333,1.55,3.6,0.383333333333333,5.7,0,18447,18448
14027620104,6:55,415,-75.1018775098952,39.9927596244991,-75.103797227359,39.9987737258,am_peak,TRUE,5,11.463373,restore,20251015,ok,26.8,3.03333333333333,7.15,12.0166666666667,4.6,2,17769,19007
14082550201,8:30,510,-75.1800070313661,39.946441631749,-75.1584725274299,39.950967187359,am_peak,TRUE,20,18.185262,restore,20251015,ok,28.45,0.666666666666667,0.3,25.9166666666667,1.56666666666667,2,22237,16844
14082550203,18:15,1095,-75.1588750233838,39.9528401835985,-75.1800070313661,39.946441631749,pm_peak,TRUE,25,21.551501,restore,20251015,ok,19.6333333333333,1.91666666666667,0.0833333333333333,16.9666666666667,0.666666666666667,1,756,22237
14109230201,12:30,750,-75.1752524766747,39.9659654913561,-75.1706866571216,39.953785415184,off_peak,FALSE,25,13.509443,restore,20251015,ok,16.3,0.916666666666667,5.03333333333333,8.66666666666667,1.68333333333333,0,2863,10275
14109230203,14:41,881,-75.1704674139331,39.9548009865238,-75.1752524766747,39.9659654913561,off_peak,FALSE,24,11.163505,restore,20251015,ok,15.9,1.43333333333333,5.46666666666667,7,2,0,4464,3129
14197380101,8:50,530,-75.0325978610195,40.0871418066782,-75.0764572984039,40.1039681051157,am_peak,TRUE,45,40.217627,restore,20251015,ok,52.6833333333333,3.35,1.41666666666667,37.2333333333333,10.6833333333333,3,23123,1117
14197380102,10:35,635,-75.0764572984039,40.1039681051157,-75.0721554762398,40.0826017949601,off_peak,FALSE,55,42.283728,restore,20251015,ok,66.3833333333334,11.1,3.4,45,6.88333333333333,2,23740,22869
14197380103,11:50,710,-75.0721554762398,40.0826017949601,-75.0325978610195,40.0871418066782,off_peak,FALSE,40,29.306402,restore,20251015,ok,38.9666666666667,6.88333333333333,7.61666666666667,14.5,9.96666666666667,1,22869,1121
14231890102,10:29,629,-75.1704674139331,39.9548009865238,-75.1724998481553,39.9491635804723,off_peak,FALSE,6,6.218606,restore,20251015,ok,14.8333333333333,1.21666666666667,4.03333333333333,0.916666666666667,8.66666666666667,0,8939,2821
14259240301,6:50,410,-75.0534528142384,40.0711126916022,-75.1392078148453,39.9466654688148,am_peak,TRUE,70,51.862759,restore,20251015,ok,62.55,4.71666666666667,9.28333333333333,41.6166666666667,6.93333333333333,2,26165,7657
14259240303,17:45,1065,-75.1541388337345,39.9522458625874,-75.0798260530761,40.0248633027149,pm_peak,TRUE,0,30.675424,restore,20251015,ok,45.2,1.73333333333333,3.71666666666667,37.6833333333333,2.06666666666667,3,31178,30219
14292220102,15:00,900,-75.1578194556998,39.9904255905816,-75.1553089348274,40.0036904586044,off_peak,FALSE,60,13.206704,restore,20251015,ok,18.0333333333333,3.63333333333333,2.01666666666667,8.83333333333333,3.55,2,17135,4328
14292220202,15:00,900,-75.1578194556998,39.9904255905816,-75.1553089348274,40.0036904586044,off_peak,FALSE,60,13.206704,restore,20251015,ok,18.0333333333333,3.63333333333333,2.01666666666667,8.83333333333333,3.55,2,17135,4328
14409980107,16:36,996,-75.1603747972298,39.949646258079,-75.1569523625043,39.943116935689,pm_peak,TRUE,11,11.982005,restore,20251015,ok,16.95,1.28333333333333,2.95,10.3333333333333,2.38333333333333,1,6058,16295
14409980202,8:42,522,-75.1537481432666,39.9503794767793,-75.1906300416804,39.958024348983,am_peak,TRUE,3,12.45248,restore,20251015,ok,14.0166666666667,1.46666666666667,3.01666666666667,5.5,4.03333333333333,0,32172,32177
14409980205,15:50,950,-75.1941152941134,39.9546263068532,-75.1941152941134,39.9546263068532,off_peak,FALSE,5,5.618508,restore,20251015,ok,6.91666666666667,1.51666666666667,2.48333333333333,0.316666666666667,2.6,0,287,20664
14515470101,12:30,750,-75.1944243101308,40.0409483586041,-75.1894072133033,40.0670899916203,off_peak,FALSE,15,29.216457,restore,20251015,ok,41.1166666666667,1.16666666666667,1.56666666666667,30.2333333333333,8.15,2,16462,17407
14515470102,14:15,855,-75.1894072133033,40.0670899916203,-75.1474545568906,39.9496085506464,off_peak,FALSE,50,46.160672,restore,20251015,ok,64.65,9,3.86666666666667,49.1166666666667,2.66666666666667,2,18029,2458
14515470104,17:45,1065,-75.1466622121185,39.9478355374067,-75.1944243101308,40.0409483586041,pm_peak,TRUE,80,42.423977,restore,20251015,ok,58.5333333333333,1.13333333333333,6,50.25,1.15,3,20972,16456
14561950202,8:47,527,-75.3393898477744,40.011683172831,-75.2626735411038,39.9640057100153,am_peak,TRUE,15,44.090391,restore,20251015,no_origin_stop,,,,,,,,
14561950203,9:06,546,-75.2626735411038,39.9640057100153,-75.1584725274299,39.950967187359,am_peak,TRUE,31,25.304342,restore,20251015,ok,34.6,2.61666666666667,4.18333333333333,26.4666666666667,1.33333333333333,2,18639,2456
14644900103,8:30,510,-75.1483131665262,39.937767343598,-75.1672929773502,39.9544153783527,am_peak,TRUE,25,21.901761,restore,20251015,ok,29.25,0.166666666666667,8.85,15.9833333333333,4.25,1,17546,32175
14644900104,17:40,1060,-75.1672929773502,39.9544153783527,-75.1483131665262,39.937767343598,pm_peak,TRUE,35,23.458897,restore,20251015,ok,30.3,1.25,1.53333333333333,24.9666666666667,2.55,2,8936,18105
14717270101,12:40,760,-75.233360759861,39.9720395071482,-75.2069459522751,39.9687555499558,off_peak,FALSE,53,19.659066,restore,20251015,ok,20.7166666666667,1.43333333333333,2.56666666666667,12.2166666666667,4.5,1,24470,20632
14717270102,15:45,945,-75.2069459522751,39.9687555499558,-75.233360759861,39.9720395071482,off_peak,FALSE,50,19.942563,restore,20251015,ok,26.3333333333333,1.83333333333333,5.78333333333333,16.0833333333333,2.63333333333333,1,21560,21037
14729440302,18:04,1084,-75.3612694227735,39.9438814885064,-75.2774149663199,39.9687743576991,pm_peak,TRUE,36,42.495142,restore,20251015,ok,56.15,11.95,14.05,24.2,5.95,1,2052,18651
14729440501,17:40,1060,-75.2784887557887,39.9397339356879,-75.3612694227735,39.9438814885064,pm_peak,TRUE,40,55.081312,restore,20251015,ok,61.95,4.83333333333333,14.9333333333333,30.2333333333333,11.95,1,19902,2052
14729440502,23:00,1380,-75.3612694227735,39.9438814885064,-75.2774149663199,39.9687743576991,off_peak,FALSE,19,41.603871,restore,20251015,ok,73.5833333333333,11.95,24.05,33.8833333333333,3.7,1,2052,1917
14795400101,7:09,429,-75.1595117962634,39.9367714452714,-75.1446587384151,39.9502859178682,am_peak,TRUE,7,18.833743,restore,20251015,ok,25.6666666666667,0.433333333333333,0.3,23.2,1.73333333333333,2,24754,21318
14795400102,11:26,686,-75.1446587384151,39.9502859178682,-75.1595117962634,39.9367714452714,off_peak,FALSE,19,19.382696,restore,20251015,ok,24.1333333333333,1.18333333333333,1,17.9,4.05,1,30079,16300
14887230102,16:30,990,-75.1677276497158,39.9525760413027,-75.026451490852,40.0393341295038,pm_peak,TRUE,38,46.056004,restore,20251015,ok,62.3166666666667,1,2,55,4.31666666666667,2,18451,964
14887230104,18:30,1110,-75.1815493379532,39.9195932035454,-75.1648345113326,39.9541020155151,pm_peak,TRUE,30,22.572731,restore,20251015,ok,38,1.56666666666667,13.6833333333333,19.75,3,1,21290,31140
14902100102,9:35,575,-75.1530023621858,39.9760354383899,-75.1941152941134,39.9546263068532,off_peak,FALSE,30,31.424232,restore,20251015,ok,33.3166666666667,2.65,1.68333333333333,24.65,4.33333333333333,2,16114,32177
14922300102,8:29,509,-75.3298869993221,39.9712666509447,-75.2626735411038,39.9640057100153,am_peak,TRUE,16,23.129528,restore,20251015,ok,27.8166666666667,6.45,0.9,15.6333333333333,4.83333333333333,0,18808,18830
14922300103,8:48,528,-75.2626735411038,39.9640057100153,-75.1906300416804,39.958024348983,am_peak,TRUE,11,22.920065,restore,20251015,ok,26.8166666666667,2.61666666666667,0.25,19.8,4.15,2,18639,2453
14922300108,17:26,1046,-75.1906300416804,39.958024348983,-75.2626735411038,39.9640057100153,pm_peak,TRUE,11,22.836948,restore,20251015,ok,30.4833333333333,1.35,0.783333333333333,25.7333333333333,2.61666666666667,2,21525,18639
14922300109,17:46,1066,-75.2626735411038,39.9640057100153,-75.3283478818808,39.9804431108819,pm_peak,TRUE,19,21.604407,restore,20251015,ok,31.65,2.61666666666667,5.25,14.8833333333333,8.9,0,18639,18662
16626740102,9:26,566,-75.1621989372444,39.9276530000056,-75.1516301589525,39.9168650559185,am_peak,TRUE,23,18.655667,restore,20251015,ok,25.7,1.3,6.65,13.5333333333333,4.21666666666667,1,24198,18132
16626740103,10:05,605,-75.1516301589525,39.9168650559185,-75.3963715320328,40.0891211603589,off_peak,FALSE,62,85.011459,restore,20251015,ok,96.5666666666667,1,9.01666666666667,84.2666666666667,2.28333333333333,4,17373,26820
16626740104,19:22,1162,-75.3963715320328,40.0891211603589,-75.1612826317197,39.9532127364358,off_peak,FALSE,53,56.071776,restore,20251015,ok,59.9833333333333,4.16666666666667,0.3,54.5333333333333,0.983333333333333,0,29783,1721
16626740106,20:44,1244,-75.1638872349499,39.9525548857932,-75.1655746637264,39.9307064691021,off_peak,FALSE,13,12.638667,restore,20251015,ok,23.4833333333333,0.383333333333333,11.6166666666667,7,4.48333333333333,0,1281,1285
16626740202,11:35,695,-75.1655746637264,39.9307064691021,-75.1588750233838,39.9528401835985,off_peak,FALSE,20,18.778463,restore,20251015,ok,23.25,1.88333333333333,3.48333333333333,10.6333333333333,7.25,1,24219,32141
16626740204,12:15,735,-75.150623776162,39.9499928305521,-75.2070232144824,39.990493481725,off_peak,FALSE,35,37.233779,restore,20251015,no_dest_stop,,,,,,,,
16648230101,6:00,360,-75.0272886661161,40.0451130655592,-75.1725391195037,39.9527196860213,am_peak,TRUE,40,58.871651,restore,20251015,ok,77.4,3.86666666666667,13.9833333333333,57.6,1.95,3,22361,20660
16649670102,4:48,288,-75.0675318693472,40.0381003553224,-75.0798260530761,40.0248633027149,off_peak,FALSE,2,13.668114,restore,20251015,ok,41.9833333333333,0.783333333333333,12.0333333333333,21.85,7.31666666666667,1,21956,22470
16649670103,5:50,350,-75.0798260530761,40.0248633027149,-75.1669894744938,39.9484799410289,off_peak,FALSE,0,38.363268,restore,20251015,ok,40.7666666666667,2.58333333333333,0.416666666666667,34.4166666666667,3.35,2,21971,15187
16649670104,6:20,380,-75.1669894744938,39.9484799410289,-75.1957094473416,39.9494354858208,am_peak,TRUE,10,18.189905,restore,20251015,ok,35.8333333333333,1.3,11.5,18.2,4.83333333333333,3,25083,21450
16649670105,17:00,1020,-75.1957094473416,39.9494354858208,-75.1957094473416,39.9494354858208,pm_peak,TRUE,0,6.263009,restore,20251015,ok,11.45,2.35,3.68333333333333,0.966666666666667,4.45,0,22232,22233
16649670106,17:30,1050,-75.1957094473416,39.9494354858208,-75.0798260530761,40.0248633027149,pm_peak,TRUE,40,44.559262,restore,20251015,ok,45.2,3.08333333333333,0.516666666666667,39.5333333333333,2.06666666666667,2,20731,30219
16649670107,18:30,1110,-75.0798260530761,40.0248633027149,-75.0675318693472,40.0381003553224,pm_peak,TRUE,15,14.601377,restore,20251015,ok,38.3666666666667,2.06666666666667,11.0666666666667,20.5,4.73333333333333,3,30219,22482
16652140101,13:50,830,-75.1410924621013,39.9257396921949,-75.1829342839572,39.9329910377486,off_peak,FALSE,40,20.783989,restore,20251015,ok,22.6166666666667,1.13333333333333,3.86666666666667,16.6,1.01666666666667,0,101,24228
16689570104,17:15,1035,-75.1766032234225,39.9460189303461,-75.1498041127206,39.934304016358,pm_peak,TRUE,35,21.95929,restore,20251015,ok,37.2666666666667,0.2,2.13333333333333,34.2166666666667,0.716666666666667,4,22275,24681
16704030202,16:30,990,-75.1580149724927,39.9493530835764,-75.0440576064122,40.055019358023,pm_peak,TRUE,60,45.626261,restore,20251015,ok,56.8666666666667,1.58333333333333,4.3,49.8333333333333,1.15,3,16844,23490
16710320101,6:10,370,-75.1779589729157,39.9323508816088,-75.2297477143439,39.9955405987823,am_peak,TRUE,70,40.718934,restore,20251015,ok,59.65,0.983333333333333,6.93333333333333,49.1333333333333,2.6,1,21301,3566
16710320102,15:45,945,-75.2297477143439,39.9955405987823,-75.1779589729157,39.9323508816088,off_peak,FALSE,77,43.608641,restore,20251015,ok,69.5166666666667,2.6,1.26666666666667,58.3833333333333,7.26666666666667,6,3566,25213
16741510101,8:00,480,-75.1499787429165,39.9261869529317,-75.173930383129,39.954707841715,am_peak,TRUE,30,33.307496,restore,20251015,ok,33.5833333333333,2.05,2.23333333333333,25.1666666666667,4.13333333333333,2,17397,20660
16741510102,17:00,1020,-75.173930383129,39.954707841715,-75.1499787429165,39.9261869529317,pm_peak,TRUE,35,32.257805,restore,20251015,ok,34.1166666666667,1.26666666666667,1.21666666666667,24.3833333333333,7.25,2,20962,24050
16753460201,8:20,500,-75.1560983260195,39.9553691545034,-75.1977262540913,39.9594259908695,am_peak,TRUE,30,24.772787,restore,20251015,ok,29.2666666666667,3.21666666666667,0.683333333333333,23.3333333333333,2.03333333333333,1,4459,20663
16753460208,19:05,1145,-75.1984494658686,39.9539400028283,-75.1560983260195,39.9553691545034,off_peak,FALSE,30,23.606578,restore,20251015,ok,29.8666666666667,0.75,10.3833333333333,16.8333333333333,1.9,2,22284,16846
16829010201,8:00,480,-75.2783533552924,39.9575793577259,-75.1941152941134,39.9546263068532,am_peak,TRUE,45,33.454409,restore,20251015,ok,38.9333333333333,6.21666666666667,6.45,22,4.26666666666667,1,15102,2453
16837500101,11:00,660,-75.1509013014001,40.0025369261947,-75.0490199739364,40.069819370287,off_peak,FALSE,30,53.074882,restore,20251015,ok,64.1,2.26666666666667,10.9166666666667,49.0833333333333,1.83333333333333,2,15021,23113
16837500102,17:00,1020,-75.0490199739364,40.069819370287,-75.1509013014001,40.0025369261947,pm_peak,TRUE,60,50.271491,restore,20251015,ok,47.2833333333333,2.4,1.83333333333333,40.9166666666667,2.13333333333333,2,23264,4327
16842350103,11:40,700,-75.164306407762,40.0640308089852,-75.1673585815214,39.9505151310837,off_peak,FALSE,30,47.891438,restore,20251015,ok,57.7333333333333,3.55,6.25,42.2,5.73333333333333,2,18177,1281
16842350104,12:15,735,-75.1673585815214,39.9505151310837,-75.164306407762,40.0640308089852,off_peak,FALSE,23,44.706533,restore,20251015,ok,58.35,1.25,0.716666666666667,52.8333333333333,3.55,3,14907,18177
16850430301,14:10,850,-75.2470254533281,39.9098598374513,-75.1941152941134,39.9546263068532,off_peak,FALSE,38,30.103433,restore,20251015,ok,48.2166666666667,0.983333333333333,2.43333333333333,43.2833333333333,1.51666666666667,2,19658,20732
16850430302,22:36,1356,-75.1941152941134,39.9546263068532,-75.2470254533281,39.9098598374513,off_peak,FALSE,54,28.351852,restore,20251015,ok,44.2166666666667,0.633333333333333,0.616666666666667,41.9833333333333,0.983333333333333,2,21353,19658
16886390101,10:20,620,-75.2306181788506,40.0331480094283,-75.2387234054179,40.0409946008438,off_peak,FALSE,16,14.2,restore,20251015,unreachable,,,,,,,,
16886390103,12:20,740,-75.1541388337345,39.9522458625874,-75.2306181788506,40.0331480094283,off_peak,FALSE,55,31.267485,restore,20251015,ok,60.1,1.4,2.5,53.4,2.8,4,915,16046
16886390201,7:45,465,-75.2306181788506,40.0331480094283,-75.1662257986882,39.9519342771783,am_peak,TRUE,45,30.691473,restore,20251015,ok,46.9833333333333,3.01666666666667,8.43333333333333,33.55,1.98333333333333,1,18389,515
16886390202,9:15,555,-75.1662257986882,39.9519342771783,-75.2306181788506,40.0331480094283,am_peak,TRUE,30,30.790388,restore,20251015,ok,50.1,1,0,46.3,2.8,2,30828,16046
16899100102,13:52,832,-75.1673759243643,39.9592890487195,-75.1677276497158,39.9525760413027,off_peak,FALSE,6,8.479594,restore,20251015,ok,7.45,0.233333333333333,1.21666666666667,4.55,1.45,0,24172,34
16899100103,14:10,850,-75.1677276497158,39.9525760413027,-75.1588750233838,39.9528401835985,off_peak,FALSE,6,9.601632,restore,20251015,ok,13.2833333333333,1,6.3,3.95,2.03333333333333,0,18451,10259
16899100104,14:58,898,-75.1588750233838,39.9528401835985,-75.1673759243643,39.9592890487195,off_peak,FALSE,44,14.534995,restore,20251015,ok,16.8833333333333,1.86666666666667,1.35,2.83333333333333,10.8333333333333,0,10262,17842
16899100202,13:45,825,-75.1673759243643,39.9592890487195,-75.1410924621013,39.9257396921949,off_peak,FALSE,15,38.644684,restore,20251015,ok,45.1333333333333,0.233333333333333,8.21666666666667,35.55,1.13333333333333,3,24172,101
16899100203,14:10,850,-75.1410924621013,39.9257396921949,-75.1424353043086,39.9181642204268,off_peak,FALSE,5,11.227439,restore,20251015,ok,12.5666666666667,1.13333333333333,2.86666666666667,7,1.56666666666667,0,101,30090
16899100204,14:16,856,-75.1424353043086,39.9181642204268,-75.1673759243643,39.9592890487195,off_peak,FALSE,8,37.955536,restore,20251015,ok,38.3333333333333,1.56666666666667,0.433333333333333,28.6333333333333,7.7,1,30090,4463
16915460101,8:50,530,-75.1629816913276,39.9348297671495,-75.1540803782248,39.9488624668665,am_peak,TRUE,31,18.644372,restore,20251015,ok,22.0166666666667,1.46666666666667,6.31666666666667,12.95,1.28333333333333,1,16832,6113
16915460103,18:22,1102,-75.1540803782248,39.9488624668665,-75.1603747972298,39.949646258079,pm_peak,TRUE,2,7.050825,restore,20251015,ok,7.41666666666667,1.33333333333333,1.13333333333333,3.58333333333333,1.36666666666667,0,14882,14886
16915460201,15:35,935,-75.1629816913276,39.9348297671495,-75.1727947008017,39.9254003368501,off_peak,FALSE,20,16.189527,restore,20251015,ok,25.0666666666667,1.08333333333333,9.93333333333333,4.35,9.7,0,16509,16576
16915460202,17:15,1035,-75.1727947008017,39.9254003368501,-75.1629816913276,39.9348297671495,pm_peak,TRUE,23,15.312098,restore,20251015,ok,27.4666666666667,1.03333333333333,4.76666666666667,15.45,6.21666666666667,2,24290,32138
16915460301,15:35,935,-75.1629816913276,39.9348297671495,-75.1727947008017,39.9254003368501,off_peak,FALSE,20,16.189527,restore,20251015,ok,25.0666666666667,1.08333333333333,9.93333333333333,4.35,9.7,0,16509,16576
16915460302,17:15,1035,-75.1727947008017,39.9254003368501,-75.1629816913276,39.9348297671495,pm_peak,TRUE,23,15.312098,restore,20251015,ok,27.4666666666667,1.03333333333333,4.76666666666667,15.45,6.21666666666667,2,24290,32138
16918300301,14:30,870,-75.2354698649569,39.9579979858569,-75.3054031466246,40.0948116936931,off_peak,FALSE,90,71.077815,restore,20251015,ok,114.316666666667,0.116666666666667,5.56666666666667,98.3166666666667,10.3166666666667,4,24461,27325
16918300302,21:00,1260,-75.3054031466246,40.0948116936931,-75.2354698649569,39.9579979858569,off_peak,FALSE,120,78.325737,restore,20251015,unreachable,,,,,,,,
16982370101,6:50,410,-75.1661003080911,39.9138576581668,-75.177201361549,39.9550054347417,am_peak,TRUE,40,30.040523,restore,20251015,ok,24.5833333333333,1.88333333333333,0.533333333333333,20.2166666666667,1.95,2,24617,20661
16982370102,13:15,795,-75.177201361549,39.9550054347417,-75.1661003080911,39.9138576581668,off_peak,FALSE,60,29.265591,restore,20251015,ok,31.7,1.95,0.3,28.05,1.4,1,10283,759
17006980103,19:50,1190,-75.0548710138514,40.0392738731303,-75.064739389944,39.9987906700722,off_peak,FALSE,0,26.982511,restore,20251015,ok,57.7166666666667,4.38333333333333,13.1666666666667,31.0666666666667,9.1,1,22457,23778
17039520301,9:45,585,-75.2322110900897,39.9433969244803,-75.2298442421393,39.9293235759694,off_peak,FALSE,15,17.509704,restore,20251015,ok,19.9833333333333,5.41666666666667,6.41666666666667,7.23333333333333,0.916666666666667,0,24529,20750
17039520303,17:00,1020,-75.2322110900897,39.9433969244803,-75.1625826795934,39.9513495936779,pm_peak,TRUE,60,30.021338,restore,20251015,ok,34.75,5.16666666666667,5.11666666666667,22.4166666666667,2.05,1,24444,2455
17039520304,21:00,1260,-75.1625826795934,39.9513495936779,-75.2322110900897,39.9433969244803,off_peak,FALSE,60,27.726097,restore,20251015,ok,42.45,1.6,5.91666666666667,30.0166666666667,4.91666666666667,2,20414,21710
17064460105,15:00,900,-75.1634808483634,39.9480403151119,-75.1521306030788,39.9429783145413,off_peak,FALSE,10,10.910851,restore,20251015,ok,21.8833333333333,1.38333333333333,11.65,5.96666666666667,2.88333333333333,0,25085,25091
17141540101,14:15,855,-75.1720816011546,39.9549927124551,-75.1662257986882,39.9519342771783,off_peak,FALSE,15,6.917849,restore,20251015,ok,7.85,1.21666666666667,1.9,2.88333333333333,1.85,0,31348,18451
17141540102,14:40,880,-75.1662257986882,39.9519342771783,-75.1584725274299,39.950967187359,off_peak,FALSE,10,7.33113,restore,20251015,ok,10.5666666666667,1.53333333333333,2.23333333333333,4.78333333333333,2.01666666666667,0,10266,10255
17141540103,15:10,910,-75.1584725274299,39.950967187359,-75.1474545568906,39.9496085506464,off_peak,FALSE,15,8.103726,restore,20251015,ok,9.65,1.33333333333333,3.93333333333333,1.71666666666667,2.66666666666667,0,2456,2458
17141540104,15:35,935,-75.1474545568906,39.9496085506464,-75.1720816011546,39.9549927124551,off_peak,FALSE,0,13.689618,restore,20251015,ok,18.9166666666667,1.53333333333333,3.35,12.2166666666667,1.81666666666667,0,10311,21319
17141540105,18:00,1080,-75.1720816011546,39.9549927124551,-75.1710325749335,39.9522008993665,pm_peak,TRUE,10,4.939544,restore,20251015,ok,14.7666666666667,1.21666666666667,4.88333333333333,6.35,2.31666666666667,1,31348,20660
17141540201,18:00,1080,-75.1720816011546,39.9549927124551,-75.1710325749335,39.9522008993665,pm_peak,TRUE,10,4.939544,restore,20251015,ok,14.7666666666667,1.21666666666667,4.88333333333333,6.35,2.31666666666667,1,31348,20660
17159110101,16:00,960,-75.1845576169885,39.942839888606,-75.1845576169885,39.942839888606,pm_peak,TRUE,60,5.801711,restore,20251015,ok,17.6833333333333,1.86666666666667,14.5,0.5,0.816666666666667,0,25101,25102
17174020101,16:30,990,-75.2709909238752,39.9451405536483,-75.1676557779857,39.9917901151344,pm_peak,TRUE,30,62.307444,restore,20251015,ok,80.45,3.8,6.6,68.0833333333333,1.96666666666667,5,19896,3119
17212040102,13:07,787,-75.1906300416804,39.958024348983,-75.1662257986882,39.9519342771783,off_peak,FALSE,10,10.026084,restore,20251015,ok,25.6,2.43333333333333,0.0666666666666667,21.5166666666667,1.58333333333333,1,21538,31140
17259900202,17:05,1025,-75.1545851492175,39.9813757258968,-75.1630657978927,39.949981511781,pm_peak,TRUE,40,20.484539,restore,20251015,ok,25.7333333333333,3.6,0.766666666666667,18.3833333333333,2.98333333333333,2,17279,1282
17259900203,19:45,1185,-75.1630657978927,39.949981511781,-75.3492309386474,40.0388695783485,off_peak,FALSE,45,49.364526,restore,20251015,ok,69.3333333333333,1.48333333333333,1.51666666666667,58,8.33333333333333,1,130,1930
17282950101,10:30,630,-75.0158258461997,40.0544020678718,-75.041057350286,40.0391573349906,off_peak,FALSE,45,25.738973,restore,20251015,ok,33.9833333333333,5.35,2.61666666666667,21.1,4.91666666666667,1,25904,21937
17282950102,13:00,780,-75.041057350286,40.0391573349906,-75.0158258461997,40.0544020678718,off_peak,FALSE,30,16.729886,restore,20251015,ok,39.9333333333333,3.18333333333333,6.3,19.55,10.9,1,26504,23693
17283810101,7:50,470,-75.1759814802506,40.079935638324,-75.1825340802128,40.0190281586366,am_peak,TRUE,0,44.602389,restore,20251015,ok,54.9333333333333,0.4,5.9,47.8666666666667,0.766666666666667,3,15432,24726
17366930104,9:50,590,-75.1541388337345,39.9522458625874,-75.1672929773502,39.9544153783527,off_peak,FALSE,10,10.071209,restore,20251015,ok,9.35,1.73333333333333,0.133333333333333,6.23333333333333,1.25,0,31178,8936
17366930109,19:20,1160,-75.1652643007328,39.9488899960486,-75.1629816913276,39.9348297671495,off_peak,FALSE,25,12.173843,restore,20251015,ok,12.8333333333333,1.16666666666667,1.58333333333333,3.75,6.33333333333333,0,1282,1284
17366930207,18:00,1080,-75.1629816913276,39.9348297671495,-75.1630657978927,39.949981511781,pm_peak,TRUE,20,14.867626,restore,20251015,ok,19.1666666666667,1.46666666666667,4.4,11.1,2.2,1,16832,14887
17366930208,19:45,1185,-75.1630657978927,39.949981511781,-75.1629816913276,39.9348297671495,off_peak,FALSE,25,12.84844,restore,20251015,ok,17.8333333333333,1.73333333333333,1.86666666666667,7.9,6.33333333333333,1,15185,1284
