"record_id","depart_time","depart_min_of_day","depart_lon","depart_lat","dest_lon","dest_lat","peak_period","is_peak","survey_travtime","model_travtime"
1079970102,"15:40",940,-75.335420259149,40.0698383522223,-75.2626735411038,39.9640057100153,"off_peak",FALSE,NA,34.879532
1079970104,"16:40",1000,-75.1470807570054,39.9513767444736,-75.2182588102061,39.950471058218,"pm_peak",TRUE,20,26.610914
1094120102,"8:13",493,-75.7773113001476,39.9924677984963,-75.1588750233838,39.9528401835985,"am_peak",TRUE,77,90.72718
1096380201,"8:00",480,-75.2862320050127,39.9472873841357,-75.1638872349499,39.9525548857932,"am_peak",TRUE,60,36.937359
1096380202,"17:00",1020,-75.1638872349499,39.9525548857932,-75.2862320050127,39.9472873841357,"pm_peak",TRUE,60,35.700992
1109990102,"15:30",930,-75.3987233993895,39.9261429188378,-75.3283478818808,39.9804431108819,"off_peak",FALSE,19,83.86387
1111180102,"7:24",444,-75.3286199019552,40.0309191057453,-75.1834073455283,39.9599979498596,"am_peak",TRUE,21,23.235999
1111180103,"16:15",975,-75.1834073455283,39.9599979498596,-75.3335267105402,40.0257716741197,"pm_peak",TRUE,25,35.109764
1122920103,"9:24",564,-75.1176717363826,40.1313732890668,-75.2823672331362,40.2208246075088,"am_peak",TRUE,31,57.216768
1143540102,"10:55",655,-75.1741319574651,39.9575333855516,-75.1608290378846,39.9512565309348,"off_peak",FALSE,35,14.506672
1143540103,"11:45",705,-75.1608290378846,39.9512565309348,-75.1541388337345,39.9522458625874,"off_peak",FALSE,8,7.866091
1143540105,"13:20",800,-75.1528356388386,39.9549263716921,-75.1741319574651,39.9575333855516,"off_peak",FALSE,30,20.54996
1145550101,"6:15",375,-75.1516301589525,39.9168650559185,-75.1634808483634,39.9480403151119,"am_peak",TRUE,45,23.088364
1147360206,"18:30",1110,-75.1845576169885,39.942839888606,-75.1707168478523,39.9055458817612,"pm_peak",TRUE,30,35.943303
1148770102,"17:00",1020,-75.1595117962634,39.9367714452714,-75.1977262540913,39.9594259908695,"pm_peak",TRUE,0,32.833769
1149340203,"18:42",1122,-75.1973968654904,39.9505033966507,-75.1638872349499,39.9525548857932,"pm_peak",TRUE,12,14.850566
1149340204,"19:00",1140,-75.1638872349499,39.9525548857932,-75.1655746637264,39.9307064691021,"off_peak",FALSE,8,12.638667
1150140102,"6:53",413,-75.1655746637264,39.9307064691021,-75.1649773922386,39.9502186753736,"am_peak",TRUE,7,11.779301
1150140109,"17:46",1066,-75.1634808483634,39.9480403151119,-75.1655746637264,39.9307064691021,"pm_peak",TRUE,9,12.628112
1150140205,"18:13",1093,-75.1655746637264,39.9307064691021,-75.1593108938158,39.9400078893569,"pm_peak",TRUE,17,11.918324
1150140206,"21:15",1275,-75.1593108938158,39.9400078893569,-75.1655746637264,39.9307064691021,"off_peak",FALSE,15,11.926381
1152880202,"4:03",243,-75.1662120144978,39.9238115855567,-75.1638872349499,39.9525548857932,"off_peak",FALSE,15,14.632857
1152880203,"4:55",295,-75.1638872349499,39.9525548857932,-75.1847348588828,39.9565152107181,"off_peak",FALSE,15,10.233063
1152910101,"7:00",420,-75.1662120144978,39.9238115855567,-75.1583275844786,39.9602029183105,"am_peak",TRUE,20,23.645837
1152910102,"8:00",480,-75.1583275844786,39.9602029183105,-75.1461838934269,39.9589037110814,"am_peak",TRUE,25,13.491022
1152910104,"16:15",975,-75.1461838934269,39.9589037110814,-75.1583275844786,39.9602029183105,"pm_peak",TRUE,15,13.533333
1158850101,"9:15",555,-75.2165947836222,39.9537421538695,-75.1489215256524,39.95458250175,"am_peak",TRUE,32,25.852956
1158850102,"11:17",677,-75.1489215256524,39.95458250175,-75.2165947836222,39.9537421538695,"off_peak",FALSE,28,25.634873
1164850102,"11:41",701,-75.1632627264191,39.9610182840982,-75.1869128860449,39.9502197402395,"off_peak",FALSE,16,24.814879
1164850105,"17:41",1061,-75.1941152941134,39.9546263068532,-75.1673585815214,39.9505151310837,"pm_peak",TRUE,16,14.35978
1165490101,"11:00",660,-75.1785792243999,39.9689777214525,-75.1553089348274,40.0036904586044,"off_peak",FALSE,50,30.802029
1165490102,"19:30",1170,-75.1553089348274,40.0036904586044,-75.1785792243999,39.9689777214525,"off_peak",FALSE,45,32.793718
1165660101,"7:45",465,-75.1798114670555,39.9715794694621,-75.2189686457819,40.0081594134958,"am_peak",TRUE,34,38.547495
1165660201,"9:15",555,-75.1700384657366,39.9693644720962,-75.1941152941134,39.9546263068532,"am_peak",TRUE,33,24.041388
1169120102,"10:40",640,-75.1619035045634,39.9912045729609,-75.1694605873533,39.9520071435649,"off_peak",FALSE,0,29.347168
1169120103,"10:50",650,-75.1694605873533,39.9520071435649,-75.1564410395894,39.9491555327036,"off_peak",FALSE,20,13.01829
1169120107,"15:20",920,-75.1541388337345,39.9522458625874,-75.1584725274299,39.950967187359,"off_peak",FALSE,8,5.804709
1169120109,"16:03",963,-75.1584725274299,39.950967187359,-75.1648345113326,39.9541020155151,"pm_peak",TRUE,9,6.159001
1175240102,"7:30",450,-75.2092872712104,40.0181516385401,-75.1648345113326,39.9541020155151,"am_peak",TRUE,25,19.639111
1175240107,"18:10",1090,-75.1648345113326,39.9541020155151,-75.2092872712104,40.0181516385401,"pm_peak",TRUE,25,20.053637
2023740101,"9:10",550,-75.2316719358833,39.9680910426143,-75.2458322070382,39.9787834549805,"am_peak",TRUE,40,16.530207
2023740102,"11:45",705,-75.2458322070382,39.9787834549805,-75.2316719358833,39.9680910426143,"off_peak",FALSE,30,17.502539
2064720101,"8:45",525,-75.1798114670555,39.9715794694621,-75.1634808483634,39.9480403151119,"am_peak",TRUE,35,18.998175
2064720104,"11:00",660,-75.1662257986882,39.9519342771783,-75.1541388337345,39.9522458625874,"off_peak",FALSE,20,9.865521
2064720105,"12:45",765,-75.1541388337345,39.9522458625874,-75.1798114670555,39.9715794694621,"off_peak",FALSE,60,23.384621
2064720201,"8:45",525,-75.1798114670555,39.9715794694621,-75.1630984016405,39.9735438590113,"am_peak",TRUE,30,12.299124
2064720202,"17:15",1035,-75.1630984016405,39.9735438590113,-75.1798114670555,39.9715794694621,"pm_peak",TRUE,30,17.484821
2118520101,"7:00",420,-75.0806751855718,40.016348069306,-75.1957094473416,39.9494354858208,"am_peak",TRUE,NA,40.344785
2118520102,"16:30",990,-75.1957094473416,39.9494354858208,-75.0806751855718,40.016348069306,"pm_peak",TRUE,450,41.188615
2297970201,"8:30",510,-75.1800070313661,39.946441631749,-75.1941152941134,39.9546263068532,"am_peak",TRUE,30,14.326086
2350960102,"9:15",555,-75.1941152941134,39.9546263068532,-75.1977262540913,39.9594259908695,"am_peak",TRUE,13,6.95
2350960104,"15:15",915,-75.216704781889,39.9569805572676,-75.2162654488479,39.9464660922369,"off_peak",FALSE,25,12.204772
2428050101,"13:00",780,-75.1335381361008,40.3211737824194,-75.1346109509137,40.3071295327499,"off_peak",FALSE,30,12.21407
2435040101,"8:16",496,-75.1724998481553,39.9491635804723,-75.175827602964,39.9495803344789,"am_peak",TRUE,1,4.583333
2435040102,"8:29",509,-75.175827602964,39.9495803344789,-75.216704781889,39.9569805572676,"am_peak",TRUE,15,16.40586
2435040103,"15:16",916,-75.216704781889,39.9569805572676,-75.1724998481553,39.9491635804723,"off_peak",FALSE,23,23.072828
2526520102,"14:00",840,-75.1491317030119,40.0304553583606,-75.1571977835929,40.0823045185899,"off_peak",FALSE,60,34.180643
2526520103,"15:30",930,-75.1571977835929,40.0823045185899,-75.1659426772114,39.9531940428398,"off_peak",FALSE,30,51.767852
2526520104,"17:20",1040,-75.1659426772114,39.9531940428398,-75.1525134507185,40.0198296932081,"pm_peak",TRUE,45,26.076231
2579920102,"8:10",490,-75.2162654488479,39.9464660922369,-75.1608290378846,39.9512565309348,"am_peak",TRUE,20,25.871289
2579920105,"17:45",1065,-75.1608290378846,39.9512565309348,-75.2162654488479,39.9464660922369,"pm_peak",TRUE,20,23.865408
2672010201,"9:30",570,-75.1669894744938,39.9484799410289,-75.1662120144978,39.9238115855567,"off_peak",FALSE,27,15.590835
2688810102,"14:55",895,-75.1941152941134,39.9546263068532,-75.150229373412,39.9517620658106,"off_peak",FALSE,35,15.35
2688810103,"17:30",1050,-75.150229373412,39.9517620658106,-75.2165947836222,39.9537421538695,"pm_peak",TRUE,30,23.31013
2774350204,"10:13",613,-75.2162654488479,39.9464660922369,-75.1725391195037,39.9527196860213,"off_peak",FALSE,18,21.749239
2920170201,"8:00",480,-75.1722288078707,39.9400534674801,-75.1725391195037,39.9527196860213,"am_peak",TRUE,15,12.527511
2966540202,"8:03",483,-75.1611907875754,39.9477574019743,-75.1984494658686,39.9539400028283,"am_peak",TRUE,27,19.191247
2966540203,"17:00",1020,-75.1984494658686,39.9539400028283,-75.1584424033225,39.9474108270156,"pm_peak",TRUE,35,23.412371
3006050101,"6:30",390,-75.2399779780059,39.9210924003411,-75.202230610969,39.9458213862922,"am_peak",TRUE,35,23.344439
3006050102,"16:00",960,-75.202230610969,39.9458213862922,-75.2399779780059,39.9210924003411,"pm_peak",TRUE,105,20.273254
3024870101,"8:30",510,-75.2143085167584,39.9408655334325,-75.1708705877199,39.9529581159317,"am_peak",TRUE,32,19.371312
3024870102,"12:00",720,-75.1708705877199,39.9529581159317,-75.2143085167584,39.9408655334325,"off_peak",FALSE,150,19.096302
3032020102,"13:38",818,-75.1262221694671,39.9679483007659,-75.1752524766747,39.9659654913561,"off_peak",FALSE,22,26.312437
3032020104,"14:25",865,-75.1755490875517,39.9619810599662,-75.1262221694671,39.9679483007659,"off_peak",FALSE,25,28.557489
3033290201,"10:00",600,-75.1550394779574,40.0672050029827,-75.1550394779574,40.0672050029827,"off_peak",FALSE,NA,7.625119
3033290202,"20:00",1200,-75.1550394779574,40.0672050029827,-75.1503212753435,40.0647775996619,"off_peak",FALSE,240,8.180767
3038950101,"10:00",600,-75.3128532544384,39.99398750657,-75.3490077338315,40.0452635767863,"off_peak",FALSE,75,29.984811
3038950102,"19:00",1140,-75.3490077338315,40.0452635767863,-75.3037399105563,39.9880925237514,"off_peak",FALSE,30,29.716667
3049580106,"13:42",822,-75.2376648010527,39.9482763035952,-75.2232933759479,39.9448265734297,"off_peak",FALSE,38,13.907832
3049580107,"14:35",875,-75.2232933759479,39.9448265734297,-75.2376648010527,39.9482763035952,"off_peak",FALSE,32,18.631738
3049580407,"14:35",875,-75.2232933759479,39.9448265734297,-75.2376648010527,39.9482763035952,"off_peak",FALSE,32,18.631738
3049580506,"13:42",822,-75.2143085167584,39.9408655334325,-75.2232933759479,39.9448265734297,"off_peak",FALSE,38,13.231894
3049580507,"14:35",875,-75.2232933759479,39.9448265734297,-75.2376648010527,39.9482763035952,"off_peak",FALSE,32,18.631738
3070050301,"7:45",465,-75.1324048029212,40.0556045453464,-75.1561127285024,39.9506763018863,"am_peak",TRUE,45,35.271343
3070050302,"17:00",1020,-75.1561127285024,39.9506763018863,-75.1324048029212,40.0556045453464,"pm_peak",TRUE,35,34.849995
3121680202,"8:20",500,-75.1792803129236,39.9102291849896,-75.1792803129236,39.9102291849896,"am_peak",TRUE,NA,5.835977
3127840106,"8:46",526,-75.1630984016405,39.9735438590113,-75.162026191264,39.9785569548507,"am_peak",TRUE,2,6.650289
3127840109,"14:00",840,-75.1659426772114,39.9531940428398,-75.1398050137829,40.0366774270012,"off_peak",FALSE,15,25.438692
3127840110,"14:20",860,-75.1398050137829,40.0366774270012,-75.1571977835929,40.0823045185899,"off_peak",FALSE,60,30.391026
3127840111,"15:30",930,-75.1571977835929,40.0823045185899,-75.1546939106137,40.0587336087499,"off_peak",FALSE,29,26.155549
3127840112,"16:02",962,-75.1546939106137,40.0587336087499,-75.1398050137829,40.0366774270012,"pm_peak",TRUE,28,26.296332
3127840113,"16:40",1000,-75.1398050137829,40.0366774270012,-75.1537481432666,39.9503794767793,"pm_peak",TRUE,5,24.682169
3127840114,"16:50",1010,-75.1537481432666,39.9503794767793,-75.1662257986882,39.9519342771783,"pm_peak",TRUE,0,8.067412
3127840116,"19:44",1184,-75.1659426772114,39.9531940428398,-75.1537481432666,39.9503794767793,"off_peak",FALSE,0,8.431547
3127840118,"20:48",1248,-75.1398050137829,40.0366774270012,-75.1546939106137,40.0587336087499,"off_peak",FALSE,12,24.933338
3129140101,"6:10",370,-75.2240469261417,40.0283746179593,-75.2240469261417,40.0283746179593,"am_peak",TRUE,12,4.504478
3129140102,"6:28",388,-75.2240469261417,40.0283746179593,-75.1847348588828,39.9565152107181,"am_peak",TRUE,21,23.870865
3129140104,"17:47",1067,-75.1634808483634,39.9480403151119,-75.2240469261417,40.0283746179593,"pm_peak",TRUE,13,33.460577
3141440301,"13:30",810,-75.0806751855718,40.016348069306,-75.1178467415517,39.9766815618422,"off_peak",FALSE,60,34.271184
3141440302,"21:15",1275,-75.1178467415517,39.9766815618422,-75.0806751855718,40.016348069306,"off_peak",FALSE,60,29.321162
3141440402,"19:00",1140,-75.1142758205188,40.1491579177916,-75.0806751855718,40.016348069306,"off_peak",FALSE,90,57.786353
3144080101,"7:45",465,-75.1495939755084,40.0125900284939,-75.1466622121185,39.9478355374067,"am_peak",TRUE,55,24.994031
3144080103,"10:30",630,-75.1638872349499,39.9525548857932,-75.1528356388386,39.9549263716921,"off_peak",FALSE,30,10.157097
3144080104,"13:00",780,-75.1528356388386,39.9549263716921,-75.1495939755084,40.0125900284939,"off_peak",FALSE,40,14.842763
3144080105,"16:30",990,-75.1495939755084,40.0125900284939,-75.162026191264,39.9785569548507,"pm_peak",TRUE,40,16.716886
3144080107,"19:00",1140,-75.162026191264,39.9785569548507,-75.1495939755084,40.0125900284939,"off_peak",FALSE,75,16.860236
3158360102,"17:10",1030,-75.1414393682529,39.9601471054741,-75.1614771099584,39.9569042938645,"pm_peak",TRUE,30,18.017641
3164640101,"10:00",600,-75.1778185045084,39.9859426039642,-75.1612826317197,39.9532127364358,"off_peak",FALSE,0,32.46511
3164640201,"9:00",540,-75.1778185045084,39.9859426039642,-75.1673759243643,39.9592890487195,"am_peak",TRUE,0,23.219201
3164640202,"12:00",720,-75.1673759243643,39.9592890487195,-75.1400970132193,39.9722367087517,"off_peak",FALSE,0,28.530069
3168910102,"11:02",662,-75.1859236878394,40.0056791510122,-75.1553089348274,40.0036904586044,"off_peak",FALSE,10,15.73424
3168910103,"11:13",673,-75.1553089348274,40.0036904586044,-75.1553089348274,40.0036904586044,"off_peak",FALSE,0,9.343538
3168910104,"11:15",675,-75.1553089348274,40.0036904586044,-75.1322724324316,40.0400578246308,"off_peak",FALSE,11,26.901152
3168910105,"11:30",690,-75.1322724324316,40.0400578246308,-75.1257038337522,40.0616781641169,"off_peak",FALSE,15,16.766375
3168910109,"16:57",1017,-75.1392788470332,40.0429484652339,-75.1495939755084,40.0125900284939,"pm_peak",TRUE,8,18.946487
3168910112,"17:50",1070,-75.1495939755084,40.0125900284939,-75.1859236878394,40.0056791510122,"pm_peak",TRUE,0,20.172615
3200660201,"5:20",320,-75.3525624514966,39.9737875295276,-75.1701604201666,39.9562259742499,"off_peak",FALSE,60,52.615924
3200660202,"14:30",870,-75.1701604201666,39.9562259742499,-75.3525624514966,39.9737875295276,"off_peak",FALSE,75,54.087793
3215440103,"7:21",441,-75.1541388337345,39.9522458625874,-75.1906300416804,39.958024348983,"am_peak",TRUE,6,13.758427
3215440106,"16:12",972,-75.1906300416804,39.958024348983,-75.1541388337345,39.9522458625874,"pm_peak",TRUE,6,13.735541
3219110102,"8:15",495,-75.1483144819563,39.9402627111676,-75.1708705877199,39.9529581159317,"am_peak",TRUE,15,23.596833
3219110106,"17:05",1025,-75.1741319574651,39.9575333855516,-75.1642635478598,39.945554104478,"pm_peak",TRUE,30,12.870606
3229950101,"11:15",675,-75.2182588102061,39.950471058218,-75.1630657978927,39.949981511781,"off_peak",FALSE,60,25.330641
3229950102,"20:00",1200,-75.1630657978927,39.949981511781,-75.2182588102061,39.950471058218,"off_peak",FALSE,60,26.46016
3240320104,"17:45",1065,-75.1669894744938,39.9484799410289,-75.1834073455283,39.9599979498596,"pm_peak",TRUE,20,18.073922
3240320105,"19:55",1195,-75.1834073455283,39.9599979498596,-75.1605199473912,39.9452698186476,"off_peak",FALSE,30,23.748785
3249440105,"16:39",999,-75.2862320050127,39.9472873841357,-75.2538526622578,39.9589775244658,"pm_peak",TRUE,11,23.142038
3249440106,"16:55",1015,-75.2538526622578,39.9589775244658,-75.1834073455283,39.9599979498596,"pm_peak",TRUE,12,30.005674
3250340201,"6:00",360,-75.1612826317197,39.9532127364358,-75.025951705377,40.0340975453938,"am_peak",TRUE,85,35.608485
3250340202,"12:30",750,-75.025951705377,40.0340975453938,-75.1612826317197,39.9532127364358,"off_peak",FALSE,60,48.778787
3250340203,"22:00",1320,-75.1612826317197,39.9532127364358,-75.025951705377,40.0340975453938,"off_peak",FALSE,85,40.199019
3257740101,"8:00",480,-75.246585427285,39.957753586195,-75.173930383129,39.954707841715,"am_peak",TRUE,40,28.963957
3260280101,"9:25",565,-75.1611907875754,39.9477574019743,-75.1984494658686,39.9539400028283,"am_peak",TRUE,34,19.191247
3260280102,"11:02",662,-75.1984494658686,39.9539400028283,-75.177201361549,39.9550054347417,"off_peak",FALSE,18,13.668361
3260280105,"15:30",930,-75.1611907875754,39.9477574019743,-75.1363742198001,39.9574637751164,"off_peak",FALSE,15,21.576761
3260280106,"16:40",1000,-75.1363742198001,39.9574637751164,-75.1611907875754,39.9477574019743,"pm_peak",TRUE,0,22.202226
3260280204,"15:45",945,-75.1611907875754,39.9477574019743,-75.1363742198001,39.9574637751164,"off_peak",FALSE,1,21.576761
3260280205,"16:40",1000,-75.1363742198001,39.9574637751164,-75.1611907875754,39.9477574019743,"pm_peak",TRUE,20,22.202226
3269980103,"13:00",780,-75.2879225601409,40.0096184499998,-75.1634808483634,39.9480403151119,"off_peak",FALSE,40,45.894192
3269980302,"7:13",433,-75.2859011035678,39.9804280541513,-75.2626735411038,39.9640057100153,"am_peak",TRUE,12,16.408661
3269980306,"16:40",1000,-75.1662257986882,39.9519342771783,-75.2626735411038,39.9640057100153,"pm_peak",TRUE,16,23.869646
3269980307,"17:01",1021,-75.2626735411038,39.9640057100153,-75.2859011035678,39.9804280541513,"pm_peak",TRUE,3,15.453362
3271890101,"8:10",490,-75.2354698649569,39.9579979858569,-75.2250001549737,39.9381660242818,"am_peak",TRUE,33,21.785076
3271890102,"16:45",1005,-75.2250001549737,39.9381660242818,-75.2354698649569,39.9579979858569,"pm_peak",TRUE,45,19.052766
3271890201,"7:45",465,-75.2268441409671,39.9506693986123,-75.1495939755084,40.0125900284939,"am_peak",TRUE,60,38.841446
3271890202,"16:35",995,-75.1495939755084,40.0125900284939,-75.2354698649569,39.9579979858569,"pm_peak",TRUE,40,36.091772
3279280103,"10:00",600,-75.1742868895805,39.952935291834,-75.1984494658686,39.9539400028283,"off_peak",FALSE,20,14.750895
3279280104,"12:00",720,-75.1984494658686,39.9539400028283,-75.1742868895805,39.952935291834,"off_peak",FALSE,20,15.233414
3279280105,"14:30",870,-75.1742868895805,39.952935291834,-75.1984494658686,39.9539400028283,"off_peak",FALSE,20,14.750895
3279280106,"22:15",1335,-75.1984494658686,39.9539400028283,-75.1742868895805,39.952935291834,"off_peak",FALSE,25,13.544059
3286990104,"18:35",1115,-74.9919645563739,40.0557019160434,-75.0141443812668,40.0424987630183,"pm_peak",TRUE,35,23.043398
3286990204,"18:35",1115,-74.9919645563739,40.0557019160434,-75.0272886661161,40.0451130655592,"pm_peak",TRUE,20,26.974753
3289040101,"13:00",780,-75.0482968493561,40.0672130084675,-74.9537657364031,40.1342148390318,"off_peak",FALSE,73,44.305505
3289040102,"18:59",1139,-74.9537657364031,40.1342148390318,-75.0482968493561,40.0672130084675,"pm_peak",TRUE,44,47.675051
3289040201,"13:00",780,-75.0482968493561,40.0672130084675,-74.9537657364031,40.1342148390318,"off_peak",FALSE,73,44.305505
3289040202,"18:59",1139,-74.9537657364031,40.1342148390318,-75.0482968493561,40.0672130084675,"pm_peak",TRUE,44,47.675051
3290420201,"7:30",450,-75.2806312780087,39.994902663922,-75.1505658415867,39.9464361327538,"am_peak",TRUE,45,53.816329
3298740201,"10:00",600,-75.1332215384763,40.011965414652,-75.1638872349499,39.9525548857932,"off_peak",FALSE,30,30.739643
3298740202,"12:30",750,-75.1638872349499,39.9525548857932,-75.1398050137829,40.0366774270012,"off_peak",FALSE,15,23.751764
3298740203,"12:55",775,-75.1398050137829,40.0366774270012,-75.1638872349499,39.9525548857932,"off_peak",FALSE,5,25.816385
3298740204,"15:00",900,-75.1638872349499,39.9525548857932,-75.1314420393667,40.0218288499157,"off_peak",FALSE,30,30.013904
3298740205,"16:30",990,-75.1314420393667,40.0218288499157,-75.1332215384763,40.011965414652,"pm_peak",TRUE,30,12.780483
3321170103,"12:15",735,-75.2189686457819,40.0081594134958,-75.1859834521487,39.9698807322002,"off_peak",FALSE,45,39.413321
3321170104,"16:30",990,-75.1859834521487,39.9698807322002,-75.2256894030556,40.0047186865197,"pm_peak",TRUE,60,38.705046
3334970102,"6:14",374,-75.4829079089365,40.0451966969818,-75.1834073455283,39.9599979498596,"am_peak",TRUE,36,37.682509
3334970103,"7:05",425,-75.1834073455283,39.9599979498596,-75.2074989674157,39.9516652307221,"am_peak",TRUE,13,20.441392
3334970105,"15:07",907,-75.1941152941134,39.9546263068532,-75.1834073455283,39.9599979498596,"off_peak",FALSE,7,13.3945
3369580108,"16:40",1000,-75.1569523625043,39.943116935689,-75.1550731760754,39.9469560187574,"pm_peak",TRUE,10,8.436711
3369580109,"16:55",1015,-75.1550731760754,39.9469560187574,-75.1611907875754,39.9477574019743,"pm_peak",TRUE,9,8.519117
3369580111,"19:55",1195,-75.1608290378846,39.9512565309348,-75.1840170635385,39.9534784074457,"off_peak",FALSE,-5,11.516666
3382110105,"9:06",546,-75.368739005283,39.9143240988748,-75.2626735411038,39.9640057100153,"am_peak",TRUE,27,42.525595
3382110106,"9:40",580,-75.2626735411038,39.9640057100153,-75.1638872349499,39.9525548857932,"off_peak",FALSE,16,24.135069
3382110107,"10:00",600,-75.1638872349499,39.9525548857932,-75.1545693550523,40.0111496191661,"off_peak",FALSE,8,18.603211
3382110112,"22:13",1333,-75.2626735411038,39.9640057100153,-75.3925245649585,39.9189589188966,"off_peak",FALSE,0,34.699724
3383780102,"11:10",670,-75.1941152941134,39.9546263068532,-75.1708705877199,39.9529581159317,"off_peak",FALSE,20,11.429238
3422520101,"10:00",600,-75.1546939106137,40.0587336087499,-75.2032844122027,39.9507247552209,"off_peak",FALSE,45,52.971734
3422520102,"11:15",675,-75.2032844122027,39.9507247552209,-75.2024327640643,39.9546329212277,"off_peak",FALSE,NA,7.25
3422520104,"11:30",690,-75.2024327640643,39.9546329212277,-75.1840170635385,39.9534784074457,"off_peak",FALSE,45,11.197636
3422520105,"12:30",750,-75.1840170635385,39.9534784074457,-75.1669894744938,39.9484799410289,"off_peak",FALSE,30,15.275732
3422520106,"14:30",870,-75.1669894744938,39.9484799410289,-75.1584424033225,39.9474108270156,"off_peak",FALSE,15,6.624648
3422520107,"15:00",900,-75.1584424033225,39.9474108270156,-75.1588750233838,39.9528401835985,"off_peak",FALSE,30,8.554834
3422520108,"16:00",960,-75.1588750233838,39.9528401835985,-75.1648345113326,39.9541020155151,"pm_peak",TRUE,30,6.572394
3422520109,"16:50",1010,-75.1648345113326,39.9541020155151,-75.1398050137829,40.0366774270012,"pm_peak",TRUE,30,24.490754
3422520110,"17:30",1050,-75.1398050137829,40.0366774270012,-75.1546939106137,40.0587336087499,"pm_peak",TRUE,20,25.643284
3429820201,"12:00",720,-75.4829079089365,40.0451966969818,-75.1612826317197,39.9532127364358,"off_peak",FALSE,NA,54.16782
3451130101,"8:57",537,-75.0433688624618,40.023440833582,-75.1435480547611,40.0048596231255,"am_peak",TRUE,43,38.307483
3451130102,"9:44",584,-75.1435480547611,40.0048596231255,-75.1524573152991,39.9708851261141,"off_peak",FALSE,38,24.927208
3469170201,"7:30",450,-75.2980139860381,39.9634906864851,-75.2980139860381,39.9634906864851,"am_peak",TRUE,25,7.332438
3469170202,"17:15",1035,-75.2980139860381,39.9634906864851,-75.2626735411038,39.9640057100153,"pm_peak",TRUE,30,17.361336
3469170203,"17:50",1070,-75.2626735411038,39.9640057100153,-75.2980139860381,39.9634906864851,"pm_peak",TRUE,20,17.104922
3471800101,"7:30",450,-75.1067113574988,39.9836424590543,-75.202230610969,39.9458213862922,"am_peak",TRUE,30,49.942541
3471800102,"10:00",600,-75.202230610969,39.9458213862922,-75.1067113574988,39.9836424590543,"off_peak",FALSE,0,42.58729
3473810202,"15:33",933,-75.1588750233838,39.9528401835985,-75.2806454415887,40.2304601821381,"off_peak",FALSE,38,47.521966
3478450201,"3:10",190,-75.1829342839572,39.9329910377486,-75.2537661165936,40.1153802483396,"off_peak",FALSE,180,NA
3478450202,"19:15",1155,-75.2537661165936,40.1153802483396,-75.1829342839572,39.9329910377486,"off_peak",FALSE,165,NA
3478450301,"8:00",480,-75.1829342839572,39.9329910377486,-75.2351116826331,39.934447396763,"am_peak",TRUE,30,31.62238
3478450302,"17:00",1020,-75.2351116826331,39.934447396763,-75.1829342839572,39.9329910377486,"pm_peak",TRUE,60,35.124822
3482100101,"12:00",720,-75.1900612521521,39.9261972601751,-75.1632627264191,39.9610182840982,"off_peak",FALSE,45,30.001757
3482100102,"13:15",795,-75.1632627264191,39.9610182840982,-75.1900612521521,39.9261972601751,"off_peak",FALSE,120,28.701356
3483550101,"7:10",430,-75.1662120144978,39.9238115855567,-75.1591175345241,39.9419118021734,"am_peak",TRUE,35,15.642321
3483550105,"16:30",990,-75.1580149724927,39.9493530835764,-75.1662120144978,39.9238115855567,"pm_peak",TRUE,30,20.265733
3490040101,"8:15",495,-75.2458322070382,39.9787834549805,-75.1545851492175,39.9813757258968,"am_peak",TRUE,51,49.165754
3490040103,"14:40",880,-75.1741319574651,39.9575333855516,-75.1545851492175,39.9813757258968,"off_peak",FALSE,46,28.421915
3490040104,"16:48",1008,-75.1545851492175,39.9813757258968,-75.2458322070382,39.9787834549805,"pm_peak",TRUE,64,50.110264
3501890104,"9:20",560,-75.259257848951,39.9196161877979,-75.1941152941134,39.9546263068532,"am_peak",TRUE,34,32.050757
3501890107,"17:45",1065,-75.1906300416804,39.958024348983,-75.2626735411038,39.9640057100153,"pm_peak",TRUE,15,22.836948
3501890108,"18:05",1085,-75.2626735411038,39.9640057100153,-75.1937934209145,39.951852697735,"pm_peak",TRUE,27,26.76929
3501890202,"11:47",707,-75.2833403981327,39.9123740495544,-75.2966603964201,39.9020047132286,"off_peak",FALSE,3,15.590718
3501890205,"12:31",751,-75.2966603964201,39.9020047132286,-75.2833403981327,39.9123740495544,"off_peak",FALSE,2,12.572461
3516490101,"6:15",375,-75.1599172675313,39.9309896846011,-75.1550139436622,39.9445812882334,"am_peak",TRUE,25,16.532926
3523090102,"6:33",393,-75.2632015381214,39.9505426932584,-75.2626735411038,39.9640057100153,"am_peak",TRUE,0,12.279288
3523090104,"14:56",896,-75.1612826317197,39.9532127364358,-75.1662257986882,39.9519342771783,"off_peak",FALSE,2,5.546592
3523090105,"15:06",906,-75.1662257986882,39.9519342771783,-75.2626735411038,39.9640057100153,"off_peak",FALSE,15,23.869646
3523090106,"15:25",925,-75.2626735411038,39.9640057100153,-75.2730699476355,39.952783790568,"off_peak",FALSE,18,14.941881
3526370204,"9:00",540,-75.2134011763507,40.0130658815662,-75.175919233186,40.0332814777088,"am_peak",TRUE,35,31.740063
3546240301,"8:00",480,-75.0465195441935,40.0283762827018,-75.0612157075945,40.0086516088368,"am_peak",TRUE,45,24.792815
3554480101,"8:30",510,-75.1782289254393,39.9273662256759,-75.1937934209145,39.951852697735,"am_peak",TRUE,35,25.276286
3554480102,"17:15",1035,-75.1937934209145,39.951852697735,-75.1782289254393,39.9273662256759,"pm_peak",TRUE,25,32.185683
3554480201,"10:00",600,-75.1782289254393,39.9273662256759,-75.1611907875754,39.9477574019743,"off_peak",FALSE,45,22.724146
3554480202,"18:00",1080,-75.1611907875754,39.9477574019743,-75.1782289254393,39.9273662256759,"pm_peak",TRUE,60,22.721886
3568880103,"11:45",705,-75.1928742171467,39.9459041130135,-75.1588750233838,39.9528401835985,"off_peak",FALSE,25,24.491364
3568880203,"11:45",705,-75.1928742171467,39.9459041130135,-75.1588750233838,39.9528401835985,"off_peak",FALSE,25,24.491364
3574140206,"16:46",1006,-75.1427276091799,39.9500099248171,-75.1584725274299,39.950967187359,"pm_peak",TRUE,3,7.253304
3577750301,"7:10",430,-75.1781614636911,39.9498663111966,-75.1612826317197,39.9532127364358,"am_peak",TRUE,24,13.409997
3579640101,"5:54",354,-75.274466211559,40.2111841677703,-75.1647675352254,39.9513827603519,"off_peak",FALSE,46,56.61263
3579640102,"15:30",930,-75.1647675352254,39.9513827603519,-75.274466211559,40.2111841677703,"off_peak",FALSE,70,52.446211
3588880101,"10:35",635,-75.2697148355171,39.9862485416151,-75.1509013014001,40.0025369261947,"off_peak",FALSE,55,61.68193
3588880102,"14:30",870,-75.1509013014001,40.0025369261947,-75.1495939755084,40.0125900284939,"off_peak",FALSE,40,11.450578
3588880103,"15:50",950,-75.1495939755084,40.0125900284939,-75.1379390053678,40.0162879355525,"off_peak",FALSE,40,18.600063
3588880201,"7:00",420,-75.1379390053678,40.0162879355525,-75.2697148355171,39.9862485416151,"am_peak",TRUE,60,74.416215
3588880202,"10:35",635,-75.2697148355171,39.9862485416151,-75.1509013014001,40.0025369261947,"off_peak",FALSE,55,61.68193
3588880203,"14:30",870,-75.1509013014001,40.0025369261947,-75.1495939755084,40.0125900284939,"off_peak",FALSE,40,11.450578
3588880204,"15:40",940,-75.1495939755084,40.0125900284939,-75.1379390053678,40.0162879355525,"off_peak",FALSE,50,18.600063
3593950101,"14:24",864,-75.1742218041379,39.9513700637455,-75.1957094473416,39.9494354858208,"off_peak",FALSE,26,15.487689
3593950105,"18:26",1106,-75.2024327640643,39.9546329212277,-75.1742218041379,39.9513700637455,"pm_peak",TRUE,10,17.113547
3596790101,"11:00",660,-75.1603362537134,39.9167023901516,-75.1543285653421,39.912135860101,"off_peak",FALSE,15,6.724507
3604970202,"17:30",1050,-75.1632627264191,39.9610182840982,-75.150229373412,39.9517620658106,"pm_peak",TRUE,15,18.096997
3604970203,"19:15",1155,-75.150229373412,39.9517620658106,-75.1768973037301,39.9372294658397,"off_peak",FALSE,30,20.786151
3605510104,"15:38",938,-75.2376648010527,39.9482763035952,-75.2351116826331,39.934447396763,"off_peak",FALSE,9,14.864683
3605510201,"6:00",360,-75.1612826317197,39.9532127364358,-75.2351116826331,39.934447396763,"am_peak",TRUE,60,29.486761
3605510204,"20:30",1230,-75.2351116826331,39.934447396763,-75.1612826317197,39.9532127364358,"off_peak",FALSE,90,27.363237
3607950102,"10:15",615,-75.1515094031092,39.9207626635082,-75.150229373412,39.9517620658106,"off_peak",FALSE,15,24.701409
3633010101,"8:30",510,-75.1247882287306,39.9802857304346,-75.2626735411038,39.9640057100153,"am_peak",TRUE,30,44.687846
3633010102,"9:30",570,-75.2626735411038,39.9640057100153,-75.3967642023521,39.912580844843,"off_peak",FALSE,30,45.224822
3633010103,"16:30",990,-75.3967642023521,39.912580844843,-75.1247882287306,39.9802857304346,"pm_peak",TRUE,30,72.557907
3633010104,"17:10",1030,-75.1247882287306,39.9802857304346,-75.1247882287306,39.9802857304346,"pm_peak",TRUE,30,6.798726
3637010107,"13:05",785,-75.1779217463161,39.9533873770951,-75.1941152941134,39.9546263068532,"off_peak",FALSE,5,10.861325
3637010110,"13:49",829,-75.2024327640643,39.9546329212277,-75.1834073455283,39.9599979498596,"off_peak",FALSE,2,16.851033
3657130106,"21:15",1275,-75.1445453348899,39.9427167473736,-75.1480724206306,39.9424699004001,"off_peak",FALSE,45,3.35
3657130207,"21:30",1290,-75.1591175345241,39.9419118021734,-75.1480724206306,39.9424699004001,"off_peak",FALSE,30,10.819844
3661170103,"8:36",516,-75.1584725274299,39.950967187359,-75.2626735411038,39.9640057100153,"am_peak",TRUE,15,25.090802
3673860201,"10:00",600,-75.1213011404462,39.9783266828423,-75.1427276091799,39.9500099248171,"off_peak",FALSE,20,22.445479
3673860203,"11:40",700,-75.1977262540913,39.9594259908695,-75.1213011404462,39.9783266828423,"off_peak",FALSE,20,38.58122
3678950301,"8:00",480,-75.1662120144978,39.9238115855567,-75.1545851492175,39.9813757258968,"am_peak",TRUE,45,27.943671
3679490104,"15:20",920,-75.2774149663199,39.9687743576991,-75.1541388337345,39.9522458625874,"off_peak",FALSE,20,32.751294
3698530101,"9:30",570,-75.1697103405146,40.0285190426739,-75.1537481432666,39.9503794767793,"off_peak",FALSE,30,31.050788
3698530102,"12:00",720,-75.1537481432666,39.9503794767793,-75.1697103405146,40.0285190426739,"off_peak",FALSE,60,30.597312
3712900101,"15:40",940,-75.3461204046108,39.9094203303953,-75.3461204046108,39.9094203303953,"off_peak",FALSE,20,12.692349
3745500102,"10:20",620,-75.208260147084,39.9463603580681,-75.1537481432666,39.9503794767793,"off_peak",FALSE,3,21.030085
3769830102,"11:30",690,-75.1668204811424,39.9566224991973,-75.1937934209145,39.951852697735,"off_peak",FALSE,45,19.099344
3777160101,"12:40",760,-75.1571353154683,39.9662123143604,-75.1705068930163,39.9509065904554,"off_peak",FALSE,35,19.55865
3777160102,"13:34",814,-75.1705068930163,39.9509065904554,-75.1569523625043,39.943116935689,"off_peak",FALSE,24,17.956833
3777160104,"14:25",865,-75.1591175345241,39.9419118021734,-75.1571353154683,39.9662123143604,"off_peak",FALSE,32,21.381213
3777160201,"12:30",750,-75.1571353154683,39.9662123143604,-75.1584725274299,39.950967187359,"off_peak",FALSE,NA,12.933255
3777160203,"15:30",930,-75.1560983260195,39.9553691545034,-75.1571353154683,39.9662123143604,"off_peak",FALSE,30,11.553389
3779200101,"10:30",630,-75.07263574168,40.0408416566457,-75.0593151476913,40.0302346423682,"off_peak",FALSE,12,12.733217
3784140203,"6:35",395,-75.1638872349499,39.9525548857932,-75.2134011763507,40.0130658815662,"am_peak",TRUE,24,31.82924
3811460204,"21:40",1300,-75.1540803782248,39.9488624668665,-75.1491478561502,39.9298438746743,"off_peak",FALSE,43,16.265365
3825960201,"7:30",450,-75.3024393659454,39.9834631042535,-75.1659426772114,39.9531940428398,"am_peak",TRUE,45,43.136595
3825960202,"17:05",1025,-75.1659426772114,39.9531940428398,-75.3024393659454,39.9834631042535,"pm_peak",TRUE,55,39.843902
3828300105,"8:05",485,-75.0798260530761,40.0248633027149,-75.1678754160498,39.9518178612404,"am_peak",TRUE,25,34.485307
3828300106,"19:00",1140,-75.1678754160498,39.9518178612404,-75.041057350286,40.0391573349906,"off_peak",FALSE,60,50.178886
3828300302,"6:57",417,-75.0548710138514,40.0392738731303,-75.1448779639192,40.0113597410072,"am_peak",TRUE,40,40.971962
3828300303,"14:39",879,-75.1448779639192,40.0113597410072,-75.0798260530761,40.0248633027149,"off_peak",FALSE,26,33.46788
3828300304,"15:15",915,-75.0798260530761,40.0248633027149,-75.041057350286,40.0391573349906,"off_peak",FALSE,20,23.596679
3840300101,"10:30",630,-75.2421801680258,39.9481308791093,-75.2503777426564,39.9710914282717,"off_peak",FALSE,60,28.181371
3840300102,"12:00",720,-75.2503777426564,39.9710914282717,-75.2421801680258,39.9481308791093,"off_peak",FALSE,0,24.069068
3854510101,"8:08",488,-75.124494522152,40.1214440489086,-75.1962680244175,40.0724717157188,"am_peak",TRUE,79,51.241705
3863520105,"15:25",925,-75.1742218041379,39.9513700637455,-75.1652643007328,39.9488899960486,"off_peak",FALSE,20,12.196044
3863520106,"16:15",975,-75.1652643007328,39.9488899960486,-75.1742218041379,39.9513700637455,"pm_peak",TRUE,20,7.948627
3881100104,"17:50",1070,-75.1545693550523,40.0111496191661,-75.1546498738633,40.0261270665432,"pm_peak",TRUE,40,17.347881
3891190103,"8:30",510,-75.1834073455283,39.9599979498596,-75.202230610969,39.9458213862922,"am_peak",TRUE,5,20.048522
3891190104,"16:45",1005,-75.202230610969,39.9458213862922,-75.202230610969,39.9458213862922,"pm_peak",TRUE,20,7.672936
3892120103,"6:29",389,-75.1588750233838,39.9528401835985,-75.1466622121185,39.9478355374067,"am_peak",TRUE,10,11.803805
3892120104,"15:15",915,-75.1466622121185,39.9478355374067,-75.1588750233838,39.9528401835985,"off_peak",FALSE,10,12.634956
3893490101,"8:50",530,-75.292284771946,39.9595531624096,-75.1957094473416,39.9494354858208,"am_peak",TRUE,70,41.539176
3893490102,"13:30",810,-75.1957094473416,39.9494354858208,-75.292284771946,39.9595531624096,"off_peak",FALSE,60,41.297545
3900760203,"8:00",480,-75.0589191747288,40.0341434174917,-75.1612826317197,39.9532127364358,"am_peak",TRUE,570,40.456281
3904970101,"8:26",506,-75.0529627230323,40.0535132505067,-75.0529627230323,40.0535132505067,"am_peak",TRUE,4,5.372656
3904970102,"11:00",660,-75.0529627230323,40.0535132505067,-75.0392105966606,40.0749172415666,"off_peak",FALSE,30,19.313766
3904970103,"13:00",780,-75.0392105966606,40.0749172415666,-75.0529627230323,40.0535132505067,"off_peak",FALSE,0,13.852442
3905510101,"8:30",510,-75.1483131665262,39.937767343598,-75.1691139313301,39.9535949564727,"am_peak",TRUE,NA,22.370401
3923520101,"14:15",855,-75.159777549525,39.9192696273914,-75.1722288078707,39.9400534674801,"off_peak",FALSE,15,29.534345
3923520103,"15:35",935,-75.1722288078707,39.9400534674801,-75.159777549525,39.9192696273914,"off_peak",FALSE,15,21.572144
3923520501,"7:40",460,-75.159777549525,39.9192696273914,-75.1722288078707,39.9400534674801,"am_peak",TRUE,20,26.940069
3923520503,"15:30",930,-75.1722288078707,39.9400534674801,-75.159777549525,39.9192696273914,"off_peak",FALSE,510,21.572144
3929400102,"9:15",555,-75.2414396306448,39.9567061667391,-75.1603747972298,39.949646258079,"am_peak",TRUE,NA,24.272818
3929400104,"17:45",1065,-75.1662257986882,39.9519342771783,-75.2414396306448,39.9567061667391,"pm_peak",TRUE,10,21.068062
3936810103,"8:02",482,-75.1537481432666,39.9503794767793,-75.1834073455283,39.9599979498596,"am_peak",TRUE,8,15.271516
3941850105,"13:50",830,-75.2782358419767,40.1133698952466,-74.9452110255043,40.1208986646202,"off_peak",FALSE,170,56.066667
3949980102,"16:30",990,-75.1569523625043,39.943116935689,-75.1655206281913,39.9477143701067,"pm_peak",TRUE,15,10.27426
3966890102,"9:00",540,-75.0746518061582,39.9953315333685,-75.2335550889088,39.9485225505081,"am_peak",TRUE,60,64.095456
3966890103,"13:15",795,-75.2335550889088,39.9485225505081,-75.0746518061582,39.9953315333685,"off_peak",FALSE,75,68.306777
3966890104,"16:30",990,-75.0746518061582,39.9953315333685,-75.2335550889088,39.9485225505081,"pm_peak",TRUE,120,64.071138
3998300101,"9:45",585,-75.1722789942054,39.9539778646615,-75.1662257986882,39.9519342771783,"off_peak",FALSE,15,5.708835
3998560101,"8:00",480,-75.1773253490168,39.9478229139105,-75.2240469261417,40.0283746179593,"am_peak",TRUE,47,29.961394
4004890307,"19:01",1141,-75.2783533552924,39.9575793577259,-75.2626735411038,39.9640057100153,"off_peak",FALSE,29,12.463426
4004890308,"19:40",1180,-75.2626735411038,39.9640057100153,-75.2783533552924,39.9575793577259,"off_peak",FALSE,20,12.870081
4005130103,"17:30",1050,-75.1711863712317,39.9750643402378,-75.1815493379532,39.9195932035454,"pm_peak",TRUE,40,40.342011
4005130104,"21:40",1300,-75.1815493379532,39.9195932035454,-75.1711863712317,39.9750643402378,"off_peak",FALSE,15,38.922496
4013690103,"8:40",520,-75.1834073455283,39.9599979498596,-75.1834073455283,39.9599979498596,"am_peak",TRUE,1,4.598742
4013690106,"16:01",961,-75.1906300416804,39.958024348983,-75.1834073455283,39.9599979498596,"pm_peak",TRUE,4,13.234685
4032620102,"8:09",489,-75.1662120144978,39.9238115855567,-75.162026191264,39.9785569548507,"am_peak",TRUE,21,25.324189
4032620105,"17:17",1037,-75.162026191264,39.9785569548507,-75.1662120144978,39.9238115855567,"pm_peak",TRUE,30,26.074297
4032620202,"7:09",429,-75.1662120144978,39.9238115855567,-75.1662257986882,39.9519342771783,"am_peak",TRUE,8,14.949555
4032620203,"7:18",438,-75.1662257986882,39.9519342771783,-75.1427276091799,39.9500099248171,"am_peak",TRUE,6,9.335163
4032620206,"16:15",975,-75.1427276091799,39.9500099248171,-75.1662257986882,39.9519342771783,"pm_peak",TRUE,5,9.688468
4032620207,"16:28",988,-75.1662257986882,39.9519342771783,-75.1662120144978,39.9238115855567,"pm_peak",TRUE,7,15.773465
4046210101,"7:30",450,-75.0602877916782,40.0432878262775,-75.0648694032685,40.0546094774541,"am_peak",TRUE,NA,16.952245
4046210401,"7:00",420,-75.0602877916782,40.0432878262775,-75.1665214095376,39.9615526212186,"am_peak",TRUE,72,49.616616
4048490102,"10:40",640,-75.180637080064,39.9501303685435,-75.2250001549737,39.9381660242818,"off_peak",FALSE,80,26.016503
4048490103,"12:30",750,-75.2250001549737,39.9381660242818,-75.1833908620653,39.9475606076449,"off_peak",FALSE,20,28.987227
4048490104,"15:45",945,-75.1833908620653,39.9475606076449,-75.1569523625043,39.943116935689,"off_peak",FALSE,30,18.701376
4048490105,"16:45",1005,-75.1569523625043,39.943116935689,-75.1773253490168,39.9478229139105,"pm_peak",TRUE,30,12.99817
4048490204,"15:58",958,-75.1773253490168,39.9478229139105,-75.1634808483634,39.9480403151119,"off_peak",FALSE,NA,11.637686
4056480103,"20:50",1250,-75.1611907875754,39.9477574019743,-75.180637080064,39.9501303685435,"off_peak",FALSE,25,13.871435
4061050102,"12:29",749,-75.1545851492175,39.9813757258968,-75.1509013014001,40.0025369261947,"off_peak",FALSE,16,16.378346
4061050103,"14:26",866,-75.1509013014001,40.0025369261947,-75.1545851492175,39.9813757258968,"off_peak",FALSE,22,16.154286
4063470105,"13:45",825,-75.175827602964,39.9495803344789,-75.1937934209145,39.951852697735,"off_peak",FALSE,10,11.777591
4071630201,"12:30",750,-75.1599172675313,39.9309896846011,-75.1595117962634,39.9367714452714,"off_peak",FALSE,30,7.914577
4071630202,"15:00",900,-75.1595117962634,39.9367714452714,-75.1599172675313,39.9309896846011,"off_peak",FALSE,40,10.076219
4071860201,"6:30",390,-75.1692193512515,40.0665021000576,-75.1595117962634,39.9367714452714,"am_peak",TRUE,65,51.936755
4071860202,"15:35",935,-75.1595117962634,39.9367714452714,-75.1692193512515,40.0665021000576,"off_peak",FALSE,100,53.257876
4074350302,"11:35",695,-75.3038980358657,39.8649089631855,-75.7107281119047,39.840918603114,"off_peak",FALSE,15,NA
4074350303,"12:00",720,-75.7107281119047,39.840918603114,-75.3938186136374,39.9651711354682,"off_peak",FALSE,230,127.75
4090670101,"13:30",810,-75.1655206281913,39.9477143701067,-75.1564410395894,39.9491555327036,"off_peak",FALSE,20,11.199544
4090670103,"16:30",990,-75.1584424033225,39.9474108270156,-75.1655206281913,39.9477143701067,"pm_peak",TRUE,30,10.505802
4110250303,"12:30",750,-75.3113581658174,39.9560679168148,-75.2881050359287,39.9667946055376,"off_peak",FALSE,93,20.36607
4110640102,"8:54",534,-75.1953653714048,40.0470985479323,-75.1898142834651,40.0518717143354,"am_peak",TRUE,4,10.116667
4120580201,"8:30",510,-75.1247882287306,39.9802857304346,-75.1677276497158,39.9525760413027,"am_peak",TRUE,25,26.543994
4120580206,"16:54",1014,-75.1625826795934,39.9513495936779,-75.1247882287306,39.9802857304346,"pm_peak",TRUE,36,24.223394
4120580301,"8:30",510,-75.1247882287306,39.9802857304346,-75.1677276497158,39.9525760413027,"am_peak",TRUE,25,26.543994
4120580302,"16:30",990,-75.1677276497158,39.9525760413027,-75.1247882287306,39.9802857304346,"pm_peak",TRUE,30,25.418882
4120860101,"8:10",490,-75.0283305468631,40.0570508001269,-75.1561127285024,39.9506763018863,"am_peak",TRUE,70,45.969998
4120860107,"17:05",1025,-75.1608290378846,39.9512565309348,-75.0750322611491,40.0214372944722,"pm_peak",TRUE,25,30.640007
4120860108,"18:10",1090,-75.0750322611491,40.0214372944722,-75.0283305468631,40.0570508001269,"pm_peak",TRUE,0,25.690393
4122150101,"7:19",439,-75.2232933759479,39.9448265734297,-75.1701604201666,39.9562259742499,"am_peak",TRUE,35,29.544799
4122150103,"8:11",491,-75.1662257986882,39.9519342771783,-75.1937934209145,39.951852697735,"am_peak",TRUE,13,13.756261
4122150106,"16:32",992,-75.1937934209145,39.951852697735,-75.2232933759479,39.9448265734297,"pm_peak",TRUE,37,18.37228
4122150201,"8:15",495,-75.2232933759479,39.9448265734297,-75.1608290378846,39.9512565309348,"am_peak",TRUE,47,29.802983
4122150202,"17:02",1022,-75.1608290378846,39.9512565309348,-75.2232933759479,39.9448265734297,"pm_peak",TRUE,28,28.787092
4122150301,"7:30",450,-75.2232933759479,39.9448265734297,-75.1665214095376,39.9615526212186,"am_peak",TRUE,42,39.803304
4122150401,"7:19",439,-75.2232933759479,39.9448265734297,-75.1717674832599,39.9564206302579,"am_peak",TRUE,35,29.07502
4135390101,"12:00",720,-75.1609354256761,39.9985787329005,-75.1339173390945,39.9885141593941,"off_peak",FALSE,60,20.614316
4135390102,"15:00",900,-75.1339173390945,39.9885141593941,-75.1609354256761,39.9985787329005,"off_peak",FALSE,120,25.004741
4151420401,"8:30",510,-75.129379590646,40.0985420675764,-75.1256172805438,40.0721167066709,"am_peak",TRUE,30,16.703283
4151420402,"17:40",1060,-75.1256172805438,40.0721167066709,-75.129379590646,40.0985420675764,"pm_peak",TRUE,20,18.253168
4156900102,"8:16",496,-75.1962680244175,40.0724717157188,-75.1437069495727,40.0908743802349,"am_peak",TRUE,22,31.70825
4156900105,"18:00",1080,-75.1437069495727,40.0908743802349,-75.1962680244175,40.0724717157188,"pm_peak",TRUE,21,29.750791
4161520201,"10:05",605,-75.0769909306507,40.0311101522267,-74.9795376136262,40.1272335892217,"off_peak",FALSE,45,49.601288
4161520202,"14:05",845,-74.9795376136262,40.1272335892217,-75.0769909306507,40.0311101522267,"off_peak",FALSE,150,50.324361
4165810101,"9:30",570,-75.2165947836222,39.9537421538695,-75.1583275844786,39.9602029183105,"off_peak",FALSE,30,29.424943
4165810102,"15:00",900,-75.1583275844786,39.9602029183105,-75.1698571868868,39.9452577603363,"off_peak",FALSE,20,19.278363
4165810105,"21:30",1290,-75.1773253490168,39.9478229139105,-75.1630657978927,39.949981511781,"off_peak",FALSE,30,13.594292
4166930101,"7:30",450,-75.1661003080911,39.9138576581668,-75.1541388337345,39.9522458625874,"am_peak",TRUE,60,28.701108
4166930104,"17:30",1050,-75.1541388337345,39.9522458625874,-75.1661003080911,39.9138576581668,"pm_peak",TRUE,30,29.556428
4166930201,"15:00",900,-75.1661003080911,39.9138576581668,-75.1593108938158,39.9400078893569,"off_peak",FALSE,20,22.181638
4169530401,"6:45",405,-74.8592732788772,40.2475559050292,-75.1638872349499,39.9525548857932,"am_peak",TRUE,75,110.700288
4169530402,"16:30",990,-75.1638872349499,39.9525548857932,-74.8592732788772,40.2475559050292,"pm_peak",TRUE,90,108.626724
4182700101,"9:15",555,-75.105165712328,40.1276279762693,-75.1213092333967,40.110417860785,"am_peak",TRUE,10,22.788658
4182700105,"15:05",905,-75.1303917234572,40.1051385654962,-75.105165712328,40.1276279762693,"off_peak",FALSE,20,29.189776
4195770402,"14:40",880,-74.9853265543148,40.0477525065309,-75.1612826317197,39.9532127364358,"off_peak",FALSE,20,52.235668
4212940101,"3:45",225,-75.3673834571287,40.1080902731022,-75.1461838934269,39.9589037110814,"off_peak",FALSE,186,87.294782
4212940102,"15:36",936,-75.1461838934269,39.9589037110814,-75.3673834571287,40.1080902731022,"off_peak",FALSE,69,82.889388
4218280101,"6:30",390,-75.1727947008017,39.9254003368501,-75.1619465866814,40.0435075759518,"am_peak",TRUE,60,44.042432
4218280103,"21:00",1260,-74.9919645563739,40.0557019160434,-75.1727947008017,39.9254003368501,"off_peak",FALSE,75,61.323722
4218280201,"6:00",360,-75.1727947008017,39.9254003368501,-75.2239722514315,39.9735103886618,"am_peak",TRUE,45,45.440448
4218890201,"10:00",600,-75.1748164256956,39.9150535108662,-75.1612826317197,39.9532127364358,"off_peak",FALSE,30,19.127612
4218890202,"16:00",960,-75.1612826317197,39.9532127364358,-75.1748164256956,39.9150535108662,"pm_peak",TRUE,30,19.008815
4226400104,"17:05",1025,-75.3460361638143,40.1143423687777,-75.2626735411038,39.9640057100153,"pm_peak",TRUE,23,33.942327
4226400105,"17:33",1053,-75.2626735411038,39.9640057100153,-75.1414393682529,39.9601471054741,"pm_peak",TRUE,25,32.548835
4226400202,"8:35",515,-75.1414393682529,39.9601471054741,-75.1701604201666,39.9562259742499,"am_peak",TRUE,30,18.911922
4226400203,"17:10",1030,-75.1701604201666,39.9562259742499,-75.1701604201666,39.9562259742499,"pm_peak",TRUE,30,4.251208
4237420101,"6:00",360,-75.5452592499028,40.203087602511,-75.1677276497158,39.9525760413027,"am_peak",TRUE,90,133.333258
4247090101,"9:00",540,-75.1781614636911,39.9498663111966,-75.1984494658686,39.9539400028283,"am_peak",TRUE,15,9.966146
4275100401,"6:35",395,-75.2203509863295,40.0410461667675,-75.1595117962634,39.9367714452714,"am_peak",TRUE,45,46.809493
4275100402,"10:30",630,-75.1595117962634,39.9367714452714,-75.1516301589525,39.9168650559185,"off_peak",FALSE,45,19.053418
4276150101,"8:35",515,-75.1628439188361,39.9457617844426,-75.1937934209145,39.951852697735,"am_peak",TRUE,30,21.445981
4276150102,"17:00",1020,-75.1937934209145,39.951852697735,-75.1537481432666,39.9503794767793,"pm_peak",TRUE,25,16.56589
4302550101,"9:00",540,-75.2774149663199,39.9687743576991,-75.3024393659454,39.9834631042535,"am_peak",TRUE,30,19.508835
4310310101,"11:30",690,-75.177201361549,39.9550054347417,-75.1906300416804,39.958024348983,"off_peak",FALSE,30,12.364913
4312300101,"9:10",550,-75.2119692985922,40.025270412473,-75.1659426772114,39.9531940428398,"am_peak",TRUE,15,21.146886
4320260101,"15:30",930,-75.1102184888777,39.9887849617672,-75.1621989372444,39.9276530000056,"off_peak",FALSE,60,46.937114
4320260102,"21:00",1260,-75.1621989372444,39.9276530000056,-75.1102184888777,39.9887849617672,"off_peak",FALSE,65,45.038301
4322080101,"7:20",440,-75.1393249025147,40.0100834581765,-75.1691139313301,39.9535949564727,"am_peak",TRUE,55,27.685963
4322080102,"12:30",750,-75.1691139313301,39.9535949564727,-75.1393249025147,40.0100834581765,"off_peak",FALSE,45,29.525072
4322080104,"19:00",1140,-75.1509013014001,40.0025369261947,-75.1393249025147,40.0100834581765,"off_peak",FALSE,60,10.453227
4333730103,"14:00",840,-75.1191244525154,40.0364863338015,-75.1074608568458,40.0361390710689,"off_peak",FALSE,15,9.627913
4342350302,"17:30",1050,-75.1629472849343,39.9666206906345,-75.1648345113326,39.9541020155151,"pm_peak",TRUE,20,12.02212
4352930302,"15:00",900,-74.9706843838361,40.0810152002897,-75.0733744933994,40.0711402892958,"off_peak",FALSE,45,43.691773
4364010101,"12:25",745,-75.1505658415867,39.9464361327538,-75.1630657978927,39.949981511781,"off_peak",FALSE,15,13.731081
4369530101,"7:00",420,-75.2240469261417,40.0283746179593,-75.2361840313814,40.0659288695917,"am_peak",TRUE,30,26.560449
4369530102,"17:15",1035,-75.2361840313814,40.0659288695917,-75.2240469261417,40.0283746179593,"pm_peak",TRUE,15,25.348863
4381540101,"8:15",495,-75.1700384657366,39.9693644720962,-75.1588750233838,39.9528401835985,"am_peak",TRUE,35,21.33371
4381540102,"17:30",1050,-75.1588750233838,39.9528401835985,-75.1700384657366,39.9693644720962,"pm_peak",TRUE,30,17.952199
4384840102,"8:40",520,-75.1655746637264,39.9307064691021,-75.1638872349499,39.9525548857932,"am_peak",TRUE,3,11.813283
4384840103,"8:46",526,-75.1638872349499,39.9525548857932,-75.1708705877199,39.9529581159317,"am_peak",TRUE,2,7.183058
4384840107,"18:10",1090,-75.1638872349499,39.9525548857932,-75.1655746637264,39.9307064691021,"pm_peak",TRUE,3,11.905431
4384840202,"8:42",522,-75.1655746637264,39.9307064691021,-75.1638872349499,39.9525548857932,"am_peak",TRUE,8,11.813283
4384840203,"8:52",532,-75.1638872349499,39.9525548857932,-75.1708705877199,39.9529581159317,"am_peak",TRUE,2,7.183058
4384840206,"18:15",1095,-75.1638872349499,39.9525548857932,-75.1655746637264,39.9307064691021,"pm_peak",TRUE,8,11.905431
4387350101,"11:25",685,-75.2426068713605,39.9822769709651,-75.2862320050127,39.9472873841357,"off_peak",FALSE,15,37.797493
4387350102,"13:10",790,-75.2862320050127,39.9472873841357,-75.2354698649569,39.9579979858569,"off_peak",FALSE,35,30.047359
4398290101,"6:52",412,-75.1505658415867,39.9464361327538,-75.1629816913276,39.9348297671495,"am_peak",TRUE,28,19.234006
4398290102,"15:30",930,-75.1629816913276,39.9348297671495,-75.1505658415867,39.9464361327538,"off_peak",FALSE,40,20.307047
4408390102,"10:11",611,-75.1712542041449,40.055999502503,-75.1398050137829,40.0366774270012,"off_peak",FALSE,7,26.761107
4408390103,"10:25",625,-75.1398050137829,40.0366774270012,-75.2024327640643,39.9546329212277,"off_peak",FALSE,22,40.373061
4408390105,"11:10",670,-75.2024327640643,39.9546329212277,-75.0593151476913,40.0302346423682,"off_peak",FALSE,10,48.637724
4408390108,"11:40",700,-75.1471644147674,40.0425358392666,-75.1571977835929,40.0823045185899,"off_peak",FALSE,25,26.725085
4408390111,"1:00",60,-75.1571977835929,40.0823045185899,-75.1775196297924,40.0491886937231,"off_peak",FALSE,-615,29.469078
4409010201,"9:00",540,-75.1722093187508,39.9861472659912,-75.1541388337345,39.9522458625874,"am_peak",TRUE,45,29.964168
4409010202,"12:00",720,-75.1541388337345,39.9522458625874,-75.1722093187508,39.9861472659912,"off_peak",FALSE,30,35.148436
4409010301,"9:00",540,-75.1722093187508,39.9861472659912,-75.1541388337345,39.9522458625874,"am_peak",TRUE,45,29.964168
4409010302,"12:00",720,-75.1541388337345,39.9522458625874,-75.1742078313758,39.9986750681483,"off_peak",FALSE,60,31.49157
4424980102,"11:30",690,-75.1588750233838,39.9528401835985,-75.1505658415867,39.9464361327538,"off_peak",FALSE,25,14.486447
4439730101,"8:03",483,-75.2322455285086,39.963278945388,-75.177201361549,39.9550054347417,"am_peak",TRUE,23,18.436765
4440130101,"11:00",660,-75.2344018743884,39.9529742315534,-75.1528356388386,39.9549263716921,"off_peak",FALSE,45,32.949828
4450080101,"11:30",690,-75.1774381258043,39.9578243101046,-75.1724998481553,39.9491635804723,"off_peak",FALSE,30,16.300433
4450080102,"13:00",780,-75.1724998481553,39.9491635804723,-75.1588750233838,39.9528401835985,"off_peak",FALSE,20,16.369159
4450080103,"14:50",890,-75.1588750233838,39.9528401835985,-75.1774381258043,39.9578243101046,"off_peak",FALSE,25,14.736952
4476210102,"9:30",570,-75.177201361549,39.9550054347417,-75.1785792243999,39.9689777214525,"off_peak",FALSE,30,11.29454
4476210103,"13:30",810,-75.1785792243999,39.9689777214525,-75.1673585815214,39.9505151310837,"off_peak",FALSE,30,20.48011
4476210104,"14:30",870,-75.1673585815214,39.9505151310837,-75.1785792243999,39.9689777214525,"off_peak",FALSE,45,20.980782
4479380102,"7:35",455,-75.2074989674157,39.9516652307221,-75.1732743609913,39.9456003211594,"am_peak",TRUE,25,25.065674
4479380103,"17:00",1020,-75.1732743609913,39.9456003211594,-75.2162654488479,39.9464660922369,"pm_peak",TRUE,45,29.589872
4483410101,"9:30",570,-75.1516301589525,39.9168650559185,-75.1977262540913,39.9594259908695,"off_peak",FALSE,30,42.12106
4483410102,"12:15",735,-75.1977262540913,39.9594259908695,-75.1516301589525,39.9168650559185,"off_peak",FALSE,705,38.757952
4500900102,"8:10",490,-75.4233197162045,40.0419674851349,-75.1840170635385,39.9534784074457,"am_peak",TRUE,30,42.087041
4500900105,"17:47",1067,-75.1742868895805,39.952935291834,-75.1677276497158,39.9525760413027,"pm_peak",TRUE,3,7.781714
4502380101,"8:05",485,-75.1829342839572,39.9329910377486,-75.1668204811424,39.9566224991973,"am_peak",TRUE,15,27.745266
4502380102,"16:50",1010,-75.1668204811424,39.9566224991973,-75.1829342839572,39.9329910377486,"pm_peak",TRUE,15,25.316308
4502380103,"17:55",1075,-75.1829342839572,39.9329910377486,-75.1649773922386,39.9502186753736,"pm_peak",TRUE,10,24.048984
4502380104,"21:15",1275,-75.1649773922386,39.9502186753736,-75.1829342839572,39.9329910377486,"off_peak",FALSE,10,19.430769
4505960202,"15:30",930,-75.1977262540913,39.9594259908695,-75.2182588102061,39.950471058218,"off_peak",FALSE,30,23.297955
4505960302,"16:33",993,-75.1690343341821,39.9653703786754,-75.2182588102061,39.950471058218,"pm_peak",TRUE,42,34.773595
4522480102,"8:38",518,-75.1715947626354,39.9429517013451,-75.1489215256524,39.95458250175,"am_peak",TRUE,20,27.576123
4522480202,"9:06",546,-75.1715947626354,39.9429517013451,-75.1588750233838,39.9528401835985,"am_peak",TRUE,14,20.379804
4522560101,"7:30",450,-75.2062968547165,39.9737371253413,-75.1705068930163,39.9509065904554,"am_peak",TRUE,90,27.857043
4522560102,"13:30",810,-75.1705068930163,39.9509065904554,-75.1540803782248,39.9488624668665,"off_peak",FALSE,90,14.705303
4522560103,"16:30",990,-75.1540803782248,39.9488624668665,-75.2074740441751,39.9601688794781,"pm_peak",TRUE,60,21.20082
4522560104,"18:10",1090,-75.2074740441751,39.9601688794781,-75.2062968547165,39.9737371253413,"pm_peak",TRUE,20,15.826609
4527120101,"9:00",540,-75.2109035921265,39.9515172049363,-75.1957094473416,39.9494354858208,"am_peak",TRUE,15,13.328026
4527120102,"17:15",1035,-75.1957094473416,39.9494354858208,-75.2109035921265,39.9515172049363,"pm_peak",TRUE,30,12.992782
4533550101,"9:00",540,-75.1621985739407,40.0312108390649,-75.1719943253434,40.0385566769693,"am_peak",TRUE,60,12.605163
4533550102,"12:15",735,-75.1719943253434,40.0385566769693,-75.1398050137829,40.0366774270012,"off_peak",FALSE,105,19.833085
4533550103,"17:30",1050,-75.1398050137829,40.0366774270012,-75.1571977835929,40.0823045185899,"pm_peak",TRUE,60,32.589507
4533550104,"20:30",1230,-75.1571977835929,40.0823045185899,-75.1621985739407,40.0312108390649,"off_peak",FALSE,210,36.079631
4533550201,"9:00",540,-75.1621985739407,40.0312108390649,-75.1894072133033,40.0670899916203,"am_peak",TRUE,132,27.850878
4533550202,"12:27",747,-75.1894072133033,40.0670899916203,-75.1621985739407,40.0312108390649,"off_peak",FALSE,68,30.437739
4539300101,"8:45",525,-75.2162654488479,39.9464660922369,-75.1648345113326,39.9541020155151,"am_peak",TRUE,20,23.572339
4539300106,"15:45",945,-75.1648345113326,39.9541020155151,-75.2162654488479,39.9464660922369,"off_peak",FALSE,45,23.057422
4555970203,"11:37",697,-75.1655746637264,39.9307064691021,-75.1537481432666,39.9503794767793,"off_peak",FALSE,38,21.625032
4555970204,"13:45",825,-75.1537481432666,39.9503794767793,-75.1655746637264,39.9307064691021,"off_peak",FALSE,35,21.919727
4557310101,"8:30",510,-75.1824371554093,39.9245363175742,-75.1665214095376,39.9615526212186,"am_peak",TRUE,15,29.558659
4557310102,"10:15",615,-75.1665214095376,39.9615526212186,-75.1824371554093,39.9245363175742,"off_peak",FALSE,15,29.17866
4557310202,"15:30",930,-75.1959402940889,39.9314017565807,-75.1824371554093,39.9245363175742,"off_peak",FALSE,60,15.138128
4557310301,"8:30",510,-75.1824371554093,39.9245363175742,-75.1938842464804,39.9345602638164,"am_peak",TRUE,60,14.782794
4557310302,"15:30",930,-75.1938842464804,39.9345602638164,-75.1824371554093,39.9245363175742,"off_peak",FALSE,75,20.96718
4561260201,"11:50",710,-75.320477487343,40.0191471912447,-75.1652507511981,39.9564326348413,"off_peak",FALSE,80,45.09206
4566930101,"9:30",570,-75.0529627230323,40.0535132505067,-75.0503988334115,40.0876996804033,"off_peak",FALSE,60,31.563665
4566930102,"12:00",720,-75.0503988334115,40.0876996804033,-75.0529627230323,40.0535132505067,"off_peak",FALSE,45,27.329899
4566930103,"17:00",1020,-75.0529627230323,40.0535132505067,-74.9483992946146,40.1048194394571,"pm_peak",TRUE,80,43.193383
4587730102,"8:30",510,-75.0348471683492,40.0693397630959,-74.9537657364031,40.1342148390318,"am_peak",TRUE,20,39.256622
4587730103,"9:15",555,-74.9537657364031,40.1342148390318,-74.8785375008296,40.1842810109394,"am_peak",TRUE,20,31.297603
4587730106,"17:30",1050,-74.8785375008296,40.1842810109394,-74.9537657364031,40.1342148390318,"pm_peak",TRUE,25,32.464149
4598650201,"5:20",320,-75.0975410994108,40.0114613114797,-74.9823583671564,40.110760248005,"off_peak",FALSE,85,58.849759
4598650202,"15:30",930,-74.9823583671564,40.110760248005,-75.0975410994108,40.0114613114797,"off_peak",FALSE,75,66.517407
4605070108,"19:22",1162,-75.1705068930163,39.9509065904554,-75.1788270506066,39.951932450125,"off_peak",FALSE,10,7.159287
4607140201,"6:15",375,-75.1898142834651,40.0518717143354,-75.1509013014001,40.0025369261947,"am_peak",TRUE,30,29.716791
4607140202,"7:30",450,-75.1509013014001,40.0025369261947,-75.1898142834651,40.0518717143354,"am_peak",TRUE,760,31.175573
4624200101,"11:35",695,-75.1578194556998,39.9904255905816,-75.1578194556998,39.9904255905816,"off_peak",FALSE,0,8.347736
4624200102,"12:35",755,-75.1578194556998,39.9904255905816,-75.1517475799141,39.9595908415173,"off_peak",FALSE,79,22.577222
4624200103,"21:30",1290,-75.1517475799141,39.9595908415173,-75.1578194556998,39.9904255905816,"off_peak",FALSE,0,25.350441
4637520102,"16:30",990,-75.1648345113326,39.9541020155151,-75.1834073455283,39.9599979498596,"pm_peak",TRUE,10,13.250399
4641950101,"8:00",480,-75.0678029951053,40.0159609385718,-75.1673759243643,39.9592890487195,"am_peak",TRUE,60,47.029906
4641950102,"18:00",1080,-75.1673759243643,39.9592890487195,-75.0678029951053,40.0159609385718,"pm_peak",TRUE,95,45.310844
4641950202,"11:55",715,-75.0678029951053,40.0159609385718,-75.2128647817132,40.0824469736708,"off_peak",FALSE,125,78.163771
4641950203,"15:40",940,-75.2128647817132,40.0824469736708,-75.0678029951053,40.0159609385718,"off_peak",FALSE,100,74.974414
4644560206,"11:05",665,-75.2626735411038,39.9640057100153,-75.1588750233838,39.9528401835985,"off_peak",FALSE,15,26.85
4648060101,"15:50",950,-75.1732743609913,39.9456003211594,-75.1603747972298,39.949646258079,"off_peak",FALSE,30,18.082854
4648060103,"17:15",1035,-75.1584725274299,39.950967187359,-75.1782289254393,39.9273662256759,"pm_peak",TRUE,15,25.962277
4651940101,"12:15",735,-75.1139704218066,40.0309825414845,-75.1614771099584,39.9569042938645,"off_peak",FALSE,45,32.120653
4651940102,"14:30",870,-75.1614771099584,39.9569042938645,-75.1139704218066,40.0309825414845,"off_peak",FALSE,30,34.653627
4668800101,"7:00",420,-75.0972035448796,39.9884463740478,-75.1672929773502,39.9544153783527,"am_peak",TRUE,45,39.050599
4668800102,"17:20",1040,-75.1672929773502,39.9544153783527,-75.0972035448796,39.9884463740478,"pm_peak",TRUE,20,36.596423
4668800201,"7:00",420,-75.0972035448796,39.9884463740478,-75.1561127285024,39.9506763018863,"am_peak",TRUE,45,34.940007
4668800202,"17:45",1065,-75.1561127285024,39.9506763018863,-75.0972035448796,39.9884463740478,"pm_peak",TRUE,45,32.769576
4671530104,"13:25",805,-75.1662120144978,39.9238115855567,-75.1424353043086,39.9181642204268,"off_peak",FALSE,16,17.441679
4673630101,"7:25",445,-75.1509880355394,39.9232020928335,-75.1637714901797,39.9554388396102,"am_peak",TRUE,40,25.616636
4673630102,"16:30",990,-75.1637714901797,39.9554388396102,-75.1561127285024,39.9506763018863,"pm_peak",TRUE,30,12.973769
4673630103,"18:30",1110,-75.1561127285024,39.9506763018863,-75.1509880355394,39.9232020928335,"pm_peak",TRUE,15,24.146898
4674930101,"8:27",507,-75.2162654488479,39.9464660922369,-75.1937934209145,39.951852697735,"am_peak",TRUE,15,14.552281
4674930201,"4:54",294,-75.2162654488479,39.9464660922369,-75.1498041127206,39.934304016358,"off_peak",FALSE,40,25.203722
4674930202,"12:08",728,-75.1498041127206,39.934304016358,-75.2162654488479,39.9464660922369,"off_peak",FALSE,34,30.857532
4675660104,"11:10",670,-75.2226378551491,39.995965776317,-75.7389669372766,39.8455410550777,"off_peak",FALSE,10,NA
4683680202,"10:04",604,-75.1792803129236,39.9102291849896,-75.1545851492175,39.9813757258968,"off_peak",FALSE,11,38.209279
4687340102,"8:06",486,-75.1546939106137,40.0587336087499,-75.1398050137829,40.0366774270012,"am_peak",TRUE,NA,25.29774
4687340106,"11:30",690,-75.1957094473416,39.9494354858208,-75.1634808483634,39.9480403151119,"off_peak",FALSE,NA,22.812247
4687340202,"8:06",486,-75.1546939106137,40.0587336087499,-75.1398050137829,40.0366774270012,"am_peak",TRUE,NA,25.29774
4687340209,"15:36",936,-75.2181192513656,40.032241980928,-75.1898605144712,40.0114702178942,"off_peak",FALSE,NA,19.272252
4687340210,"15:48",948,-75.1898605144712,40.0114702178942,-75.1479154657996,40.0549550312452,"off_peak",FALSE,28,33.244868
4691160203,"10:30",630,-75.2756219131213,39.8861130712424,-75.2647018998912,39.9085205983673,"off_peak",FALSE,47,17.952475
4691160204,"18:22",1102,-75.2647018998912,39.9085205983673,-75.2354698649569,39.9579979858569,"pm_peak",TRUE,46,39.638793
4691160302,"12:10",730,-75.235101972058,39.9049328264187,-75.2647018998912,39.9085205983673,"off_peak",FALSE,63,36.967553
4697870202,"7:21",441,-75.162026191264,39.9785569548507,-75.1410429415748,40.0324712216091,"am_peak",TRUE,0,25.187383
4708490205,"18:20",1100,-75.1669894744938,39.9484799410289,-75.2070232144824,39.990493481725,"pm_peak",TRUE,50,38.340644
4708490206,"23:00",1380,-75.2070232144824,39.990493481725,-75.0593151476913,40.0302346423682,"off_peak",FALSE,41,73.126331
4719420102,"12:10",730,-75.1661003080911,39.9138576581668,-75.1584725274299,39.950967187359,"off_peak",FALSE,30,25.99543
4719420104,"16:15",975,-75.1691139313301,39.9535949564727,-75.1588750233838,39.9528401835985,"pm_peak",TRUE,10,11.900733
4719420105,"16:30",990,-75.1588750233838,39.9528401835985,-75.1661003080911,39.9138576581668,"pm_peak",TRUE,30,25.541021
4723780101,"10:00",600,-75.2351116826331,39.934447396763,-75.1941152941134,39.9546263068532,"off_peak",FALSE,0,19.416667
4723780102,"16:00",960,-75.1941152941134,39.9546263068532,-75.2351116826331,39.934447396763,"pm_peak",TRUE,210,19.795246
4731730201,"6:30",390,-75.2322455285086,39.963278945388,-75.1648345113326,39.9541020155151,"am_peak",TRUE,43,17.083412
4731730202,"19:15",1155,-75.1648345113326,39.9541020155151,-75.2322455285086,39.963278945388,"off_peak",FALSE,45,17.410302
4749130105,"8:36",516,-75.150623776162,39.9499928305521,-75.1470807570054,39.9513767444736,"am_peak",TRUE,2,4.936379
4754790101,"9:30",570,-75.1870662747411,39.9335197790401,-75.1578194556998,39.9904255905816,"off_peak",FALSE,390,43.559499
4754790102,"18:00",1080,-75.1578194556998,39.9904255905816,-75.1870662747411,39.9335197790401,"pm_peak",TRUE,60,33.254479
4754790202,"15:30",930,-75.1870662747411,39.9335197790401,-75.1578194556998,39.9904255905816,"off_peak",FALSE,30,41.34798
4754790203,"18:00",1080,-75.1578194556998,39.9904255905816,-75.1870662747411,39.9335197790401,"pm_peak",TRUE,60,33.254479
4754790302,"15:30",930,-75.1870662747411,39.9335197790401,-75.1578194556998,39.9904255905816,"off_peak",FALSE,30,41.34798
4754790303,"18:00",1080,-75.1578194556998,39.9904255905816,-75.1870662747411,39.9335197790401,"pm_peak",TRUE,60,33.254479
4754790402,"15:30",930,-75.1870662747411,39.9335197790401,-75.1578194556998,39.9904255905816,"off_peak",FALSE,30,41.34798
4754790403,"19:00",1140,-75.1578194556998,39.9904255905816,-75.1870662747411,39.9335197790401,"off_peak",FALSE,0,31.287787
4754790502,"15:30",930,-75.1870662747411,39.9335197790401,-75.1578194556998,39.9904255905816,"off_peak",FALSE,30,41.34798
4754790503,"18:00",1080,-75.1578194556998,39.9904255905816,-75.1870662747411,39.9335197790401,"pm_peak",TRUE,60,33.254479
4765250101,"14:30",870,-75.1833128313549,39.9960562366823,-75.2324370649115,40.0574839750067,"off_peak",FALSE,30,40.991705
4765250102,"16:00",960,-75.2324370649115,40.0574839750067,-75.1833128313549,39.9960562366823,"pm_peak",TRUE,30,34.488234
4765250301,"7:30",450,-75.1833128313549,39.9960562366823,-75.1857519422656,39.9869713053535,"am_peak",TRUE,15,9.09982
4765250302,"15:05",905,-75.1857519422656,39.9869713053535,-75.1833128313549,39.9960562366823,"off_peak",FALSE,55,9.82617
4767700201,"13:00",780,-75.0785466096524,40.0422576693535,-75.1150975874125,40.0236637387111,"off_peak",FALSE,60,27.638801
4767700202,"0:00",0,-75.1150975874125,40.0236637387111,-75.0785466096524,40.0422576693535,"off_peak",FALSE,60,24.59928
4768820102,"8:46",526,-75.099782195019,40.006355591222,-75.1692942790448,39.9527602328087,"am_peak",TRUE,4,29.042198
4778050203,"13:15",795,-75.1476427366842,39.9441226984079,-75.1625826795934,39.9513495936779,"off_peak",FALSE,25,16.093688
4778050205,"16:05",965,-75.1705068930163,39.9509065904554,-75.1476427366842,39.9441226984079,"pm_peak",TRUE,30,19.725168
4783650101,"9:00",540,-75.2165947836222,39.9537421538695,-75.1937934209145,39.951852697735,"am_peak",TRUE,30,17.042953
4783650102,"18:00",1080,-75.1937934209145,39.951852697735,-75.177201361549,39.9550054347417,"pm_peak",TRUE,0,12.188574
4783650103,"18:30",1110,-75.177201361549,39.9550054347417,-75.2165947836222,39.9537421538695,"pm_peak",TRUE,30,23.181981
4791470101,"8:15",495,-75.1445453348899,39.9427167473736,-75.1584725274299,39.950967187359,"am_peak",TRUE,30,15.744803
4805360101,"7:00",420,-75.2926189071885,40.2045297698944,-75.1541388337345,39.9522458625874,"am_peak",TRUE,58,73.095357
4805360102,"17:00",1020,-75.1541388337345,39.9522458625874,-75.2926189071885,40.2045297698944,"pm_peak",TRUE,60,72.056381
4816200105,"8:58",538,-75.1584725274299,39.950967187359,-75.150623776162,39.9499928305521,"am_peak",TRUE,0,6.347995
4816200106,"16:15",975,-75.150623776162,39.9499928305521,-75.1588750233838,39.9528401835985,"pm_peak",TRUE,15,9.069824
4816460101,"7:15",435,-75.1471644147674,40.0425358392666,-75.1983373842282,40.059754922547,"am_peak",TRUE,0,41.5992
4816460102,"17:30",1050,-75.1983373842282,40.059754922547,-75.1471644147674,40.0425358392666,"pm_peak",TRUE,60,39.311902
4824800201,"14:08",848,-75.1690343341821,39.9653703786754,-75.3853835679745,40.0888177484524,"off_peak",FALSE,112,64.13364
4829410103,"20:00",1200,-75.2182588102061,39.950471058218,-75.1655206281913,39.9477143701067,"off_peak",FALSE,40,27.071579
4829410104,"0:00",0,-75.1655206281913,39.9477143701067,-75.2182588102061,39.950471058218,"off_peak",FALSE,40,28.888362
4829770101,"10:00",600,-75.1601184429639,40.0511089560396,-75.2172676864572,40.0019340658936,"off_peak",FALSE,60,37.810241
4829770102,"14:00",840,-75.2172676864572,40.0019340658936,-75.151228491791,40.0505524826181,"off_peak",FALSE,52,50.595683
4831130101,"8:15",495,-75.1521306030788,39.9429783145413,-75.1677276497158,39.9525760413027,"am_peak",TRUE,32,19.973994
4832100204,"13:10",790,-75.1648345113326,39.9541020155151,-75.1722093187508,39.9861472659912,"off_peak",FALSE,5,30.705448
4851790102,"10:05",605,-75.2074740441751,39.9601688794781,-75.1707168478523,39.9055458817612,"off_peak",FALSE,NA,42.394584
4851790103,"10:45",645,-75.1707168478523,39.9055458817612,-75.1941152941134,39.9546263068532,"off_peak",FALSE,NA,35.424046
4871620101,"7:00",420,-75.292284771946,39.9595531624096,-75.1584725274299,39.950967187359,"am_peak",TRUE,36,38.742718
4871620102,"17:26",1046,-75.1584725274299,39.950967187359,-75.292284771946,39.9595531624096,"pm_peak",TRUE,39,36.607722
4873700203,"15:32",932,-75.162026191264,39.9785569548507,-75.1659426772114,39.9531940428398,"off_peak",FALSE,3,17.320189
4873700204,"16:30",990,-75.1659426772114,39.9531940428398,-75.2105938294307,39.9999843465764,"pm_peak",TRUE,450,28.258472
4874540102,"14:30",870,-75.2414396306448,39.9567061667391,-75.1659426772114,39.9531940428398,"off_peak",FALSE,NA,20.971699
4874540103,"15:25",925,-75.1659426772114,39.9531940428398,-75.1659426772114,39.9531940428398,"off_peak",FALSE,20,3.538889
4874540104,"16:30",990,-75.1659426772114,39.9531940428398,-75.1541388337345,39.9522458625874,"pm_peak",TRUE,30,9.391865
4874540105,"17:45",1065,-75.1541388337345,39.9522458625874,-75.1638872349499,39.9525548857932,"pm_peak",TRUE,NA,8.355174
4875320101,"6:45",405,-75.2341467351472,39.9457946759268,-75.1742868895805,39.952935291834,"am_peak",TRUE,25,29.861776
4875320102,"17:00",1020,-75.1742868895805,39.952935291834,-75.2341467351472,39.9457946759268,"pm_peak",TRUE,30,28.795438
4875910102,"9:10",550,-75.1662120144978,39.9238115855567,-75.1659426772114,39.9531940428398,"am_peak",TRUE,10,15.244122
4875910110,"19:17",1157,-75.1715947626354,39.9429517013451,-75.1738700412219,39.9219806989111,"off_peak",FALSE,18,13.891549
4877260201,"7:45",465,-74.9803458967999,40.078999865641,-75.1505658415867,39.9464361327538,"am_peak",TRUE,75,66.198249
4916910101,"6:55",415,-75.1822218287983,40.0542278772892,-75.133102374419,40.1732993084819,"am_peak",TRUE,55,71.443523
4916910102,"17:00",1020,-75.133102374419,40.1732993084819,-75.1571977835929,40.0823045185899,"pm_peak",TRUE,62,42.298743
4916910103,"19:39",1179,-75.1571977835929,40.0823045185899,-75.1822218287983,40.0542278772892,"off_peak",FALSE,23,25.517841
4925520402,"15:20",920,-75.1665214095376,39.9615526212186,-75.1648345113326,39.9541020155151,"off_peak",FALSE,6,13.28545
4928930101,"10:30",630,-75.1755490875517,39.9619810599662,-75.1561127285024,39.9506763018863,"off_peak",FALSE,30,19.073708
4928930103,"13:30",810,-75.1580149724927,39.9493530835764,-75.1673585815214,39.9505151310837,"off_peak",FALSE,30,10.447635
4928930104,"14:45",885,-75.1673585815214,39.9505151310837,-75.1625826795934,39.9513495936779,"off_peak",FALSE,15,6.933333
4928930105,"16:30",990,-75.1625826795934,39.9513495936779,-75.1710325749335,39.9522008993665,"pm_peak",TRUE,30,8.390712
4928930108,"19:25",1165,-75.1688920883156,39.9546117755859,-75.1673759243643,39.9592890487195,"off_peak",FALSE,5,7.232648
4929160101,"9:15",555,-75.1715947626354,39.9429517013451,-75.1629472849343,39.9666206906345,"am_peak",TRUE,30,18.742538
4934560201,"7:00",420,-75.2322455285086,39.963278945388,-75.1587064523297,39.9242097756251,"am_peak",TRUE,60,33.968619
4934560202,"18:00",1080,-75.1587064523297,39.9242097756251,-75.2322455285086,39.963278945388,"pm_peak",TRUE,60,35.126402
4940770206,"17:40",1060,-75.1752524766747,39.9659654913561,-75.1648345113326,39.9541020155151,"pm_peak",TRUE,15,16.736524
4947090101,"6:00",360,-75.3195257705183,40.0049815590517,-75.1583275844786,39.9602029183105,"am_peak",TRUE,60,55.404768
4947090102,"16:00",960,-75.1583275844786,39.9602029183105,-75.3195257705183,40.0049815590517,"pm_peak",TRUE,60,51.708666
4948250101,"12:00",720,-75.0648694032685,40.0546094774541,-75.0440576064122,40.055019358023,"off_peak",FALSE,60,19.230657
4948250102,"14:45",885,-75.0440576064122,40.055019358023,-75.056494328674,40.0598719909172,"off_peak",FALSE,75,11.775041
4948250103,"17:00",1020,-75.056494328674,40.0598719909172,-75.0648694032685,40.0546094774541,"pm_peak",TRUE,420,8.12763
4952180201,"8:30",510,-75.1785792243999,39.9689777214525,-75.1741319574651,39.9575333855516,"am_peak",TRUE,24,10.610174
4952180301,"8:30",510,-75.1785792243999,39.9689777214525,-75.1741319574651,39.9575333855516,"am_peak",TRUE,24,10.610174
4954840101,"9:30",570,-75.2240243087353,39.9622994543846,-75.4034335416342,40.0837100594333,"off_peak",FALSE,75,63.555076
4954840102,"20:15",1215,-75.4034335416342,40.0837100594333,-75.2240243087353,39.9622994543846,"off_peak",FALSE,75,67.781328
4954840201,"9:30",570,-75.2240243087353,39.9622994543846,-75.4034335416342,40.0837100594333,"off_peak",FALSE,75,63.555076
4954840202,"20:15",1215,-75.4034335416342,40.0837100594333,-75.2240243087353,39.9622994543846,"off_peak",FALSE,75,67.781328
4964260101,"10:26",626,-75.1536080135934,39.9890571718199,-75.1621985739407,40.0312108390649,"off_peak",FALSE,34,27.951814
4964260102,"11:26",686,-75.1621985739407,40.0312108390649,-75.1677276497158,39.9525760413027,"off_peak",FALSE,34,32.308005
4964260103,"13:30",810,-75.1677276497158,39.9525760413027,-75.1434979130601,39.9948625819814,"off_peak",FALSE,45,27.106476
4964260104,"15:20",920,-75.1434979130601,39.9948625819814,-75.1536080135934,39.9890571718199,"off_peak",FALSE,25,14.8069
4964260107,"19:08",1148,-75.1609354256761,39.9985787329005,-75.1637178548733,40.0728230078758,"off_peak",FALSE,160,43.111973
4969920302,"15:05",905,-75.3013723653597,39.9794510787381,-75.3195257705183,40.0049815590517,"off_peak",FALSE,40,28.396062
4971940101,"9:35",575,-75.3323323106212,40.128008599831,-75.3147109767587,40.1422852431983,"off_peak",FALSE,30,15.285721
4971940105,"13:32",812,-75.3277783169247,40.1402976717836,-75.3323323106212,40.128008599831,"off_peak",FALSE,8,13.05
4985230101,"8:00",480,-75.1804047012754,39.9816583790678,-75.1672929773502,39.9544153783527,"am_peak",TRUE,60,26.670424
4985230103,"13:30",810,-75.1637714901797,39.9554388396102,-75.1541388337345,39.9522458625874,"off_peak",FALSE,30,12.814581
4985230104,"14:30",870,-75.1541388337345,39.9522458625874,-75.1804047012754,39.9816583790678,"off_peak",FALSE,45,30.908288
4989420102,"8:49",529,-75.2502288545764,40.0591812426166,-75.1649773922386,39.9502186753736,"am_peak",TRUE,44,37.798029
4989420104,"9:42",582,-75.1638872349499,39.9525548857932,-75.1545693550523,40.0111496191661,"off_peak",FALSE,14,16.337594
4989420107,"17:47",1067,-75.1553089348274,40.0036904586044,-75.1659426772114,39.9531940428398,"pm_peak",TRUE,16,22.41538
4989420108,"18:05",1085,-75.1659426772114,39.9531940428398,-75.1553089348274,40.0036904586044,"pm_peak",TRUE,37,21.472868
4990450101,"9:00",540,-75.1822218287983,40.0542278772892,-75.274466211559,40.2111841677703,"am_peak",TRUE,60,62.272035
4990450103,"12:00",720,-75.1705068930163,39.9509065904554,-75.1466622121185,39.9478355374067,"off_peak",FALSE,60,18.299819
4990450104,"15:30",930,-75.1466622121185,39.9478355374067,-75.1760735539168,40.0604283093855,"off_peak",FALSE,40,35.042316
4990450105,"17:30",1050,-75.1760735539168,40.0604283093855,-75.1822218287983,40.0542278772892,"pm_peak",TRUE,15,7.683333
5002200201,"7:45",465,-75.208260147084,39.9463603580681,-75.1661426003533,40.014873112626,"am_peak",TRUE,50,42.699033
5002200202,"16:15",975,-75.1661426003533,40.014873112626,-75.1869128860449,39.9502197402395,"pm_peak",TRUE,45,35.961344
5003940201,"8:30",510,-75.1766032234225,39.9460189303461,-75.1517226930339,39.9485721389241,"am_peak",TRUE,30,19.812944
5003940202,"17:30",1050,-75.1517226930339,39.9485721389241,-75.1766032234225,39.9460189303461,"pm_peak",TRUE,50,22.14147
5006430102,"10:51",651,-75.1400970132193,39.9722367087517,-75.1608290378846,39.9512565309348,"off_peak",FALSE,8,17.783333
5006430103,"11:03",663,-75.1608290378846,39.9512565309348,-75.2143085167584,39.9408655334325,"off_peak",FALSE,17,23.130303
5006430105,"11:32",692,-75.2032844122027,39.9507247552209,-75.1834073455283,39.9599979498596,"off_peak",FALSE,5,16.130443
5006430106,"11:41",701,-75.1834073455283,39.9599979498596,-75.1400970132193,39.9722367087517,"off_peak",FALSE,19,26.336258
5006430110,"14:38",878,-75.1400970132193,39.9722367087517,-75.1262221694671,39.9679483007659,"off_peak",FALSE,5,16.997797
5009080101,"6:50",410,-75.0448298513145,40.0439492220356,-75.1448779639192,40.0113597410072,"am_peak",TRUE,50,50.927581
5009080102,"14:40",880,-75.1448779639192,40.0113597410072,-75.0448298513145,40.0439492220356,"off_peak",FALSE,50,50.533355
5019750102,"5:53",353,-75.254819970125,39.9161180335113,-75.2143085167584,39.9408655334325,"off_peak",FALSE,14,23.614623
5019750103,"6:19",379,-75.2143085167584,39.9408655334325,-75.1959402940889,39.9314017565807,"am_peak",TRUE,21,19.446612
5019750105,"15:11",911,-75.1935416868526,39.9389690550161,-75.2143085167584,39.9408655334325,"off_peak",FALSE,7,10.368957
5019750201,"12:00",720,-75.254819970125,39.9161180335113,-75.2241105378748,39.9212305887037,"off_peak",FALSE,0,24.131559
5019750202,"14:15",855,-75.2241105378748,39.9212305887037,-75.2629389868999,39.9545919335046,"off_peak",FALSE,45,27.250362
5019750203,"17:00",1020,-75.2629389868999,39.9545919335046,-75.2079230580804,39.9646408013521,"pm_peak",TRUE,60,32.367153
5019750204,"21:50",1310,-75.2079230580804,39.9646408013521,-75.254819970125,39.9161180335113,"off_peak",FALSE,100,42.651578
5019750301,"8:06",486,-75.254819970125,39.9161180335113,-75.1634808483634,39.9480403151119,"am_peak",TRUE,61,30.607886
5019750302,"9:18",558,-75.1634808483634,39.9480403151119,-75.1562910038297,39.9768159139408,"am_peak",TRUE,21,17.68766
5019750304,"16:01",961,-75.1804047012754,39.9816583790678,-75.0722007215537,40.1814590893573,"pm_peak",TRUE,133,113.946619
5019750305,"19:15",1155,-75.0722007215537,40.1814590893573,-75.254819970125,39.9161180335113,"off_peak",FALSE,191,128.543558
5020830205,"11:50",710,-75.2092872712104,40.0181516385401,-75.1834073455283,39.9599979498596,"off_peak",FALSE,10,13.282802
5021380101,"8:00",480,-75.1676557779857,39.9917901151344,-75.1673759243643,39.9592890487195,"am_peak",TRUE,45,23.000626
5021380102,"11:00",660,-75.1673759243643,39.9592890487195,-75.1539262084391,39.9844115630897,"off_peak",FALSE,30,22.385064
5021380204,"19:30",1170,-75.3591948488245,40.206024064853,-75.1676557779857,39.9917901151344,"off_peak",FALSE,30,NA
5021380301,"7:30",450,-75.1676557779857,39.9917901151344,-75.1758411443119,39.993060336458,"am_peak",TRUE,30,11.116667
5021380303,"16:15",975,-75.0593151476913,40.0302346423682,-75.1539262084391,39.9844115630897,"pm_peak",TRUE,15,39.286545
5021380304,"19:00",1140,-75.1539262084391,39.9844115630897,-75.1676557779857,39.9917901151344,"off_peak",FALSE,30,17.095609
5021380402,"7:31",451,-75.1539262084391,39.9844115630897,-75.168489346328,40.1228453069335,"am_peak",TRUE,29,50.369032
5021380403,"16:00",960,-75.168489346328,40.1228453069335,-75.1676557779857,39.9917901151344,"pm_peak",TRUE,60,53.780161
5032850101,"8:55",535,-75.1498041127206,39.934304016358,-75.1550139436622,39.9445812882334,"am_peak",TRUE,25,13.389732
5032850103,"11:15",675,-75.1550139436622,39.9445812882334,-75.1403356095466,39.9391423334251,"off_peak",FALSE,35,16.176392
5032850104,"16:15",975,-75.1403356095466,39.9391423334251,-75.1483144819563,39.9402627111676,"pm_peak",TRUE,30,10.991573
5032850106,"17:20",1040,-75.1590188241439,40.0700587039899,-75.1498041127206,39.934304016358,"pm_peak",TRUE,15,62.239256
5047750101,"12:00",720,-75.1715947626354,39.9429517013451,-75.1717674832599,39.9564206302579,"off_peak",FALSE,30,16.768586
5055370101,"18:30",1110,-75.1634808483634,39.9480403151119,-75.1392078148453,39.9466654688148,"pm_peak",TRUE,15,18.178391
5058720101,"7:20",440,-75.0972035448796,39.9884463740478,-75.1677276497158,39.9525760413027,"am_peak",TRUE,20,37.13241
5058720102,"17:40",1060,-75.1677276497158,39.9525760413027,-75.0972035448796,39.9884463740478,"pm_peak",TRUE,40,34.640309
5062010101,"7:20",440,-75.3077676290044,40.0078734461634,-75.2626735411038,39.9640057100153,"am_peak",TRUE,15,30.333935
5062010102,"7:37",457,-75.2626735411038,39.9640057100153,-75.1537481432666,39.9503794767793,"am_peak",TRUE,34,26.438714
5067500103,"19:00",1140,-75.1572994746159,39.95264251715,-75.1466622121185,39.9478355374067,"off_peak",FALSE,30,11.433319
5067500104,"21:45",1305,-75.1466622121185,39.9478355374067,-75.1537481432666,39.9503794767793,"off_peak",FALSE,35,9.884395
5079600103,"8:30",510,-75.1834073455283,39.9599979498596,-75.1537481432666,39.9503794767793,"am_peak",TRUE,10,15.119871
5086400101,"8:00",480,-75.2916524455955,39.9377962945873,-75.2647018998912,39.9085205983673,"am_peak",TRUE,0,38.911493
5086400102,"16:00",960,-75.2647018998912,39.9085205983673,-75.2916524455955,39.9377962945873,"pm_peak",TRUE,480,33.766839
5107440201,"13:30",810,-75.1621985739407,40.0312108390649,-75.1392788470332,40.0429484652339,"off_peak",FALSE,60,23.162827
5107440202,"18:30",1110,-75.1392788470332,40.0429484652339,-75.1621985739407,40.0312108390649,"pm_peak",TRUE,100,22.791692
5107840201,"7:30",450,-75.2062968547165,39.9737371253413,-75.1612826317197,39.9532127364358,"am_peak",TRUE,90,25.129328
5107840202,"18:00",1080,-75.1612826317197,39.9532127364358,-75.2062968547165,39.9737371253413,"pm_peak",TRUE,90,29.195441
5111290201,"9:00",540,-75.2181192513656,40.032241980928,-75.3460361638143,40.1143423687777,"am_peak",TRUE,30,38.074768
5111290202,"13:30",810,-75.3460361638143,40.1143423687777,-75.2181192513656,40.032241980928,"off_peak",FALSE,60,36
5111290203,"15:00",900,-75.2181192513656,40.032241980928,-75.2436983741977,40.0509944084347,"off_peak",FALSE,30,17.489328
5120320101,"8:10",490,-75.0242936664932,40.0935720600163,-75.177201361549,39.9550054347417,"am_peak",TRUE,70,68.509788
5120320102,"14:30",870,-75.177201361549,39.9550054347417,-75.0325978610195,40.0871418066782,"off_peak",FALSE,90,64.288592
5121500102,"17:30",1050,-75.2024327640643,39.9546329212277,-75.2354698649569,39.9579979858569,"pm_peak",TRUE,15,14.300916
5151870101,"11:52",712,-75.5988617101674,39.9607804869585,-75.7957120401474,40.0022270736992,"off_peak",FALSE,0,93.136226
5156530101,"6:28",388,-75.1515094031092,39.9207626635082,-75.1400970132193,39.9722367087517,"am_peak",TRUE,9,30.798873
5156530102,"6:47",407,-75.1400970132193,39.9722367087517,-75.1097816224041,40.116544124873,"am_peak",TRUE,13,63.41036
5177060201,"8:00",480,-75.2783533552924,39.9575793577259,-75.1840170635385,39.9534784074457,"am_peak",TRUE,30,33.865815
5177060202,"16:30",990,-75.1840170635385,39.9534784074457,-75.2783533552924,39.9575793577259,"pm_peak",TRUE,30,33.332419
5192500203,"14:31",871,-75.4500381380104,39.9613999791314,-75.2494877628824,39.925101393977,"off_peak",FALSE,119,61.498823
5201520201,"7:10",430,-75.3144697816706,40.0155040903494,-75.1672929773502,39.9544153783527,"am_peak",TRUE,NA,38.172362
5201520202,"18:00",1080,-75.1672929773502,39.9544153783527,-75.3144697816706,40.0155040903494,"pm_peak",TRUE,15,38.850606
5220560103,"7:50",470,-75.1700384657366,39.9693644720962,-75.1489215256524,39.95458250175,"am_peak",TRUE,25,21.147215
5220560104,"16:30",990,-75.1489215256524,39.95458250175,-75.1545851492175,39.9813757258968,"pm_peak",TRUE,32,21.2074
5220560105,"17:40",1060,-75.1545851492175,39.9813757258968,-75.1700384657366,39.9693644720962,"pm_peak",TRUE,17,22.336033
5232980101,"10:00",600,-75.1906300416804,39.958024348983,-75.1583275844786,39.9602029183105,"off_peak",FALSE,NA,19.994903
5232980102,"15:00",900,-75.1583275844786,39.9602029183105,-75.1906300416804,39.958024348983,"off_peak",FALSE,30,20.888563
5232980301,"9:00",540,-75.1906300416804,39.958024348983,-75.1701368511036,39.9488667930338,"am_peak",TRUE,25,16.894335
5232980303,"13:30",810,-75.1742218041379,39.9513700637455,-75.1474545568906,39.9496085506464,"off_peak",FALSE,15,19.14413
5232980304,"16:00",960,-75.1474545568906,39.9496085506464,-75.1906300416804,39.958024348983,"pm_peak",TRUE,90,14.185289
5233570202,"10:11",611,-75.2263543044564,40.0477064501431,-75.1652507511981,39.9564326348413,"off_peak",FALSE,49,39.580435
5233570203,"14:30",870,-75.1652507511981,39.9564326348413,-75.1652507511981,39.9564326348413,"off_peak",FALSE,30,4.927778
5264720102,"16:00",960,-74.9919645563739,40.0557019160434,-75.0334767058455,40.1004177520944,"pm_peak",TRUE,480,37.077998
5269500301,"4:55",295,-75.025951705377,40.0340975453938,-75.0242936664932,40.0935720600163,"off_peak",FALSE,50,35.693354
5269500303,"14:25",865,-75.0164718495484,40.1003470300558,-75.025951705377,40.0340975453938,"off_peak",FALSE,50,34.906034
5269500501,"7:00",420,-75.025951705377,40.0340975453938,-75.0589769417546,40.017025533914,"am_peak",TRUE,25,18.760594
5269500502,"15:30",930,-75.0589769417546,40.017025533914,-75.025951705377,40.0340975453938,"off_peak",FALSE,38,20.022349
5270130101,"9:15",555,-75.0589191747288,40.0341434174917,-75.1588750233838,39.9528401835985,"am_peak",TRUE,60,40.607696
5278480101,"10:00",600,-75.1446066576729,40.0233803729966,-75.1584725274299,39.950967187359,"off_peak",FALSE,90,32.379671
5278480104,"14:10",850,-75.1392788470332,40.0429484652339,-75.1381304513604,40.0251658128621,"off_peak",FALSE,0,11.765591
5278480108,"17:40",1060,-75.1491317030119,40.0304553583606,-75.1609354256761,39.9985787329005,"pm_peak",TRUE,9,21.101329
5278480109,"17:57",1077,-75.1609354256761,39.9985787329005,-75.1857519422656,39.9869713053535,"pm_peak",TRUE,18,19.386363
5278480202,"11:00",660,-75.1325211942729,40.0941668713503,-75.1446066576729,40.0233803729966,"off_peak",FALSE,60,31.880173
5284800101,"7:05",425,-75.1689771799637,39.9467826108977,-75.124494522152,40.1214440489086,"am_peak",TRUE,56,63.876424
5284800102,"15:30",930,-75.124494522152,40.1214440489086,-75.1608866949941,39.9837724999129,"off_peak",FALSE,45,65.695486
5284800103,"20:00",1200,-75.1608866949941,39.9837724999129,-75.1689771799637,39.9467826108977,"off_peak",FALSE,35,22.779576
5285590101,"9:34",574,-75.1845576169885,39.942839888606,-75.1692942790448,39.9527602328087,"off_peak",FALSE,21,17.179463
5288670104,"12:15",735,-75.1742218041379,39.9513700637455,-75.2092872712104,40.0181516385401,"off_peak",FALSE,30,19.282533
5288670105,"12:55",775,-75.2092872712104,40.0181516385401,-75.2875138170096,40.0988652361305,"off_peak",FALSE,35,37.083333
5291120103,"13:36",816,-75.1553089348274,40.0036904586044,-75.1609354256761,39.9985787329005,"off_peak",FALSE,3,10.58351
5291120104,"13:49",829,-75.1609354256761,39.9985787329005,-75.1339173390945,39.9885141593941,"off_peak",FALSE,11,20.614316
5291120106,"15:10",910,-75.1370076336645,39.9947816699323,-75.1503604073933,39.9962218359028,"off_peak",FALSE,13,16.620424
5291120107,"15:28",928,-75.1503604073933,39.9962218359028,-75.1553089348274,40.0036904586044,"off_peak",FALSE,2,12.823496
5291900101,"17:50",1070,-75.2324370649115,40.0574839750067,-75.2324370649115,40.0574839750067,"pm_peak",TRUE,65,12.164871
5305010101,"7:50",470,-75.2344018743884,39.9529742315534,-75.1612826317197,39.9532127364358,"am_peak",TRUE,37,26.143047
5305010103,"19:36",1176,-75.1652643007328,39.9488899960486,-75.2024327640643,39.9546329212277,"off_peak",FALSE,15,17.196002
5305010104,"20:21",1221,-75.2024327640643,39.9546329212277,-75.2344018743884,39.9529742315534,"off_peak",FALSE,6,17.836299
5314250103,"11:21",681,-75.2087795541006,40.0727929276456,-75.1571977835929,40.0823045185899,"off_peak",FALSE,9,23.916667
5314250104,"11:35",695,-75.1571977835929,40.0823045185899,-75.1263233403386,40.1432542039051,"off_peak",FALSE,20,36.2
5373010202,"6:56",416,-75.1008734078827,40.0238583711636,-75.1536080135934,39.9890571718199,"am_peak",TRUE,14,42.346991
5373010203,"18:45",1125,-75.1536080135934,39.9890571718199,-75.1055945010731,40.0133259954788,"pm_peak",TRUE,45,35.426119
5374710101,"9:25",565,-75.1470807570054,39.9513767444736,-75.1941152941134,39.9546263068532,"am_peak",TRUE,25,15.701896
5374710102,"16:50",1010,-75.1941152941134,39.9546263068532,-75.2626735411038,39.9640057100153,"pm_peak",TRUE,20,23.648892
5374710103,"17:30",1050,-75.2626735411038,39.9640057100153,-75.2898472832018,40.0026899156158,"pm_peak",TRUE,30,29.631951
5374710105,"18:50",1130,-75.2898472832018,40.0026899156158,-75.2626735411038,39.9640057100153,"pm_peak",TRUE,50,29.248703
5374710106,"19:55",1195,-75.2626735411038,39.9640057100153,-75.1446587384151,39.9502859178682,"off_peak",FALSE,35,28.133333
5374710201,"9:35",575,-75.1470807570054,39.9513767444736,-75.1957094473416,39.9494354858208,"off_peak",FALSE,20,20.331103
5374710203,"17:55",1075,-75.2032844122027,39.9507247552209,-75.2898472832018,40.0026899156158,"pm_peak",TRUE,65,44.04655
5374710205,"20:50",1250,-75.2898472832018,40.0026899156158,-75.1470807570054,39.9513767444736,"off_peak",FALSE,60,57.215962
5420880202,"7:45",465,-75.1662257986882,39.9519342771783,-75.2024327640643,39.9546329212277,"am_peak",TRUE,4,12.722622
5420880205,"17:06",1026,-75.2024327640643,39.9546329212277,-75.1662257986882,39.9519342771783,"pm_peak",TRUE,6,13.562304
5423310201,"12:00",720,-75.2322455285086,39.963278945388,-75.2316719358833,39.9680910426143,"off_peak",FALSE,2,7.816667
5485730102,"12:20",740,-75.0832986794972,40.0041401208179,-75.1673759243643,39.9592890487195,"off_peak",FALSE,40,44.817815
5485730103,"14:00",840,-75.1673759243643,39.9592890487195,-75.0832986794972,40.0041401208179,"off_peak",FALSE,30,43.142204
5550880202,"8:28",508,-75.2162654488479,39.9464660922369,-75.1834073455283,39.9599979498596,"am_peak",TRUE,2,19.950349
5550880203,"8:32",512,-75.1834073455283,39.9599979498596,-75.1537481432666,39.9503794767793,"am_peak",TRUE,5,15.119871
5550880210,"17:53",1073,-75.1537481432666,39.9503794767793,-75.1834073455283,39.9599979498596,"pm_peak",TRUE,20,15.572594
5550880211,"18:17",1097,-75.1834073455283,39.9599979498596,-75.2162654488479,39.9464660922369,"pm_peak",TRUE,0,21.18627
5561830101,"12:00",720,-75.0515287201836,40.021097885328,-75.2538526622578,39.9589775244658,"off_peak",FALSE,60,60.996225
5561830102,"21:00",1260,-75.2538526622578,39.9589775244658,-75.0515287201836,40.021097885328,"off_peak",FALSE,60,62.035214
5617700101,"10:55",655,-75.1874482344911,40.0457370394131,-75.1530023621858,39.9760354383899,"off_peak",FALSE,48,49.12717
5617700102,"21:03",1263,-75.1530023621858,39.9760354383899,-75.1874482344911,40.0457370394131,"off_peak",FALSE,47,39.669138
5645340202,"7:25",445,-75.1898605144712,40.0114702178942,-75.1583275844786,39.9602029183105,"am_peak",TRUE,26,28.852518
5651420101,"9:45",585,-75.2379157577435,39.9658789680729,-75.1545851492175,39.9813757258968,"off_peak",FALSE,42,38.685548
5651420102,"11:05",665,-75.1545851492175,39.9813757258968,-75.2379157577435,39.9658789680729,"off_peak",FALSE,50,40.45777
5753200103,"15:08",908,-75.1785792243999,39.9689777214525,-75.1541388337345,39.9522458625874,"off_peak",FALSE,12,23.728964
5753200106,"16:58",1018,-75.1682068169821,39.957491721513,-75.1798114670555,39.9715794694621,"pm_peak",TRUE,12,16.413313
5753200202,"6:40",400,-75.1785792243999,39.9689777214525,-75.177201361549,39.9550054347417,"am_peak",TRUE,15,15.55563
5753200204,"6:59",419,-75.1779217463161,39.9533873770951,-75.2074740441751,39.9601688794781,"am_peak",TRUE,6,20.810731
5753200207,"17:26",1046,-75.2074740441751,39.9601688794781,-75.177201361549,39.9550054347417,"pm_peak",TRUE,5,21.337359
5753200209,"17:43",1063,-75.1741319574651,39.9575333855516,-75.1798114670555,39.9715794694621,"pm_peak",TRUE,12,11.769898
5759930103,"6:28",388,-75.1588750233838,39.9528401835985,-75.1414393682529,39.9601471054741,"am_peak",TRUE,6,12.505684
5759930106,"17:08",1028,-75.1414393682529,39.9601471054741,-75.1648345113326,39.9541020155151,"pm_peak",TRUE,4,14.594689
5762440103,"8:05",485,-75.1505658415867,39.9464361327538,-75.1708705877199,39.9529581159317,"am_peak",TRUE,25,18.813692
5762440104,"17:30",1050,-75.1708705877199,39.9529581159317,-75.1301600245386,39.9721857729433,"pm_peak",TRUE,30,25.933224
5765380101,"11:00",660,-75.1742868895805,39.952935291834,-75.2626735411038,39.9640057100153,"off_peak",FALSE,20,29.127501
5765380102,"11:45",705,-75.2626735411038,39.9640057100153,-75.3393886203709,40.0346462639254,"off_peak",FALSE,30,25.457163
5765380104,"21:15",1275,-75.1742868895805,39.952935291834,-75.2182588102061,39.950471058218,"off_peak",FALSE,15,23.535973
5765380105,"1:05",65,-75.2182588102061,39.950471058218,-75.1742868895805,39.952935291834,"off_peak",FALSE,15,23.691334
5788060105,"15:00",900,-75.1669894744938,39.9484799410289,-75.180637080064,39.9501303685435,"off_peak",FALSE,20,12.676728
5789840101,"11:15",675,-75.2165947836222,39.9537421538695,-75.177201361549,39.9550054347417,"off_peak",FALSE,5,23.997263
5789840102,"12:00",720,-75.177201361549,39.9550054347417,-75.2165947836222,39.9537421538695,"off_peak",FALSE,15,23.367026
5789840103,"15:00",900,-75.2165947836222,39.9537421538695,-75.1669894744938,39.9484799410289,"off_peak",FALSE,30,24.875105
5789840104,"0:00",0,-75.1669894744938,39.9484799410289,-75.2165947836222,39.9537421538695,"off_peak",FALSE,35,23.39226
5789840201,"16:30",990,-75.2165947836222,39.9537421538695,-75.1742218041379,39.9513700637455,"pm_peak",TRUE,15,24.927547
5789840202,"0:15",15,-75.1742218041379,39.9513700637455,-75.2165947836222,39.9537421538695,"off_peak",FALSE,15,19.021
5808780101,"12:44",764,-74.914556913326,40.1553049086706,-74.971722014007,40.068261230225,"off_peak",FALSE,56,67.59436
5808780103,"14:27",867,-74.971722014007,40.068261230225,-74.914556913326,40.1553049086706,"off_peak",FALSE,63,79.193302
5819950104,"22:53",1373,-75.1725391195037,39.9527196860213,-75.2162654488479,39.9464660922369,"off_peak",FALSE,22,18.989067
5852630102,"8:45",525,-75.1779217463161,39.9533873770951,-75.1638872349499,39.9525548857932,"am_peak",TRUE,5,6.955697
5852630103,"8:51",531,-75.1638872349499,39.9525548857932,-75.1632627264191,39.9610182840982,"am_peak",TRUE,4,9.261714
5852630106,"12:54",774,-75.1662257986882,39.9519342771783,-75.2032844122027,39.9507247552209,"off_peak",FALSE,16,15.842286
5852630107,"17:10",1030,-75.2032844122027,39.9507247552209,-75.1698571868868,39.9452577603363,"pm_peak",TRUE,20,25.693586
5874480101,"11:00",660,-74.9556787266959,40.0972989695419,-75.0675318693472,40.0381003553224,"off_peak",FALSE,65,42.607141
5874480103,"15:26",926,-75.0798260530761,40.0248633027149,-74.9556787266959,40.0972989695419,"off_peak",FALSE,44,50.600921
5904620101,"11:00",660,-75.1392788470332,40.0429484652339,-75.1372598172641,40.0681528620105,"off_peak",FALSE,30,21.373895
5904620102,"17:45",1065,-75.1372598172641,40.0681528620105,-75.1392788470332,40.0429484652339,"pm_peak",TRUE,45,18.725821
5917530101,"8:40",520,-75.1771789182756,39.976458493457,-75.1489215256524,39.95458250175,"am_peak",TRUE,25,28.266518
5917530102,"17:05",1025,-75.1489215256524,39.95458250175,-75.1771789182756,39.976458493457,"pm_peak",TRUE,35,27.356538
5931890101,"12:00",720,-75.1400970132193,39.9722367087517,-75.2214787498032,39.9351931051192,"off_peak",FALSE,60,38.749001
5931890102,"14:52",892,-75.2214787498032,39.9351931051192,-75.2379157577435,39.9658789680729,"off_peak",FALSE,18,30.852734
5931890103,"15:40",940,-75.2379157577435,39.9658789680729,-75.1400970132193,39.9722367087517,"off_peak",FALSE,20,36.770821
5931890201,"11:45",705,-75.1400970132193,39.9722367087517,-75.2214787498032,39.9351931051192,"off_peak",FALSE,45,38.749001
5937570102,"8:12",492,-75.1630984016405,39.9735438590113,-75.1634808483634,39.9480403151119,"am_peak",TRUE,8,16.141574
5937570105,"17:35",1055,-75.1634808483634,39.9480403151119,-75.1630984016405,39.9735438590113,"pm_peak",TRUE,5,17.537769
5955100103,"14:00",840,-75.1625826795934,39.9513495936779,-75.1788270506066,39.951932450125,"off_peak",FALSE,30,11.553757
6010880101,"8:30",510,-75.1725391195037,39.9527196860213,-75.1541388337345,39.9522458625874,"am_peak",TRUE,30,10.447997
6010880102,"9:30",570,-75.1541388337345,39.9522458625874,-75.1725391195037,39.9527196860213,"off_peak",FALSE,30,13.60605
6014790101,"15:35",935,-75.1505658415867,39.9464361327538,-75.1489215256524,39.95458250175,"off_peak",FALSE,25,13.017518
6014790103,"18:55",1135,-75.1941152941134,39.9546263068532,-75.1505658415867,39.9464361327538,"pm_peak",TRUE,50,20.594211
6014790202,"19:15",1155,-75.1665551812863,39.9452085642469,-75.1476427366842,39.9441226984079,"off_peak",FALSE,15,17.26187
6016700102,"8:05",485,-75.300281066518,40.0007168757721,-75.3460361638143,40.1143423687777,"am_peak",TRUE,25,33.33046
6016700103,"16:30",990,-75.3460361638143,40.1143423687777,-75.300281066518,40.0007168757721,"pm_peak",TRUE,30,31.424227
6016700202,"7:55",475,-75.2879225601409,40.0096184499998,-75.1659426772114,39.9531940428398,"am_peak",TRUE,55,29.556552
6017220202,"15:20",920,-75.1561127285024,39.9506763018863,-75.1673585815214,39.9505151310837,"off_peak",FALSE,10,11.512847
6017220203,"16:00",960,-75.1673585815214,39.9505151310837,-75.1800070313661,39.946441631749,"pm_peak",TRUE,10,10.643484
6019330101,"9:20",560,-75.1773253490168,39.9478229139105,-75.2119692985922,40.025270412473,"am_peak",TRUE,30,20.94194
6019330102,"11:05",665,-75.2119692985922,40.025270412473,-75.1742218041379,39.9513700637455,"off_peak",FALSE,35,19.25
6019330103,"12:30",750,-75.1742218041379,39.9513700637455,-75.1553089348274,40.0036904586044,"off_peak",FALSE,150,28.042475
6019330104,"18:30",1110,-75.1553089348274,40.0036904586044,-75.1410924621013,39.9257396921949,"pm_peak",TRUE,60,44.763914
6019330105,"21:30",1290,-75.1410924621013,39.9257396921949,-75.1773253490168,39.9478229139105,"off_peak",FALSE,60,33.48029
6022850101,"7:00",420,-75.1655206281913,39.9477143701067,-75.1957094473416,39.9494354858208,"am_peak",TRUE,20,19.44269
6022850102,"19:30",1170,-75.1957094473416,39.9494354858208,-75.1655206281913,39.9477143701067,"off_peak",FALSE,40,21.020114
6022850201,"8:15",495,-75.1957094473416,39.9494354858208,-75.1655206281913,39.9477143701067,"am_peak",TRUE,30,22.226499
6022850202,"17:30",1050,-75.1655206281913,39.9477143701067,-75.1957094473416,39.9494354858208,"pm_peak",TRUE,21,21.358247
6028260101,"9:30",570,-75.2298442421393,39.9293235759694,-75.1858598621043,39.9165483287187,"off_peak",FALSE,30,18.26684
6028260102,"10:38",638,-75.1858598621043,39.9165483287187,-75.269943076881,39.9356820759347,"off_peak",FALSE,52,45.823057
6028950101,"14:00",840,-75.1722789942054,39.9539778646615,-75.1665551812863,39.9452085642469,"off_peak",FALSE,15,12.045688
6029500103,"18:55",1135,-75.1662257986882,39.9519342771783,-75.1400970132193,39.9722367087517,"pm_peak",TRUE,0,18.549475
6036250101,"9:30",570,-75.2629389868999,39.9545919335046,-75.2797205011103,39.9629897065044,"off_peak",FALSE,75,18.159187
6036250102,"12:30",750,-75.2797205011103,39.9629897065044,-75.2629389868999,39.9545919335046,"off_peak",FALSE,690,20.635784
6043000102,"7:20",440,-75.300281066518,40.0007168757721,-75.2626735411038,39.9640057100153,"am_peak",TRUE,5,26.509675
6043000103,"7:31",451,-75.2626735411038,39.9640057100153,-75.1662257986882,39.9519342771783,"am_peak",TRUE,24,23.951639
6043000104,"8:00",480,-75.1662257986882,39.9519342771783,-75.1634052023169,39.9571451807186,"am_peak",TRUE,5,6.286928
6043710101,"8:00",480,-75.1603362537134,39.9167023901516,-75.1592387852516,39.9217586458287,"am_peak",TRUE,30,5.35001
6043710102,"11:30",690,-75.1592387852516,39.9217586458287,-75.1603362537134,39.9167023901516,"off_peak",FALSE,30,5.306896
6043710201,"7:00",420,-75.1603362537134,39.9167023901516,-75.1829342839572,39.9329910377486,"am_peak",TRUE,25,21.359242
6043710202,"14:25",865,-75.1829342839572,39.9329910377486,-75.1870662747411,39.9335197790401,"off_peak",FALSE,57,3.833333
6043710203,"17:30",1050,-75.1870662747411,39.9335197790401,-75.1603362537134,39.9167023901516,"pm_peak",TRUE,30,23.055643
6053730102,"12:00",720,-75.1503604073933,39.9962218359028,-75.1562910038297,39.9768159139408,"off_peak",FALSE,17,15.921575
6053730104,"16:10",970,-75.1503604073933,39.9962218359028,-75.1804047012754,39.9816583790678,"pm_peak",TRUE,470,25.202853
6053730302,"12:24",744,-75.1446587384151,39.9502859178682,-75.1804047012754,39.9816583790678,"off_peak",FALSE,696,33.587911
6055520102,"9:26",566,-75.1652643007328,39.9488899960486,-75.1410924621013,39.9257396921949,"am_peak",TRUE,39,23.024688
6066230101,"14:30",870,-75.1701368511036,39.9488667930338,-75.1673585815214,39.9505151310837,"off_peak",FALSE,30,5.783333
6066230102,"15:30",930,-75.1673585815214,39.9505151310837,-75.1701368511036,39.9488667930338,"off_peak",FALSE,20,5.538542
6079080201,"7:28",448,-75.3077676290044,40.0078734461634,-75.1672929773502,39.9544153783527,"am_peak",TRUE,52,46.022418
6079080202,"17:50",1070,-75.1672929773502,39.9544153783527,-75.3077676290044,40.0078734461634,"pm_peak",TRUE,60,43.53795
6080360101,"7:20",440,-75.1560983260195,39.9553691545034,-75.1476427366842,39.9441226984079,"am_peak",TRUE,100,18.659779
6080360102,"10:30",630,-75.1476427366842,39.9441226984079,-75.1550731760754,39.9469560187574,"off_peak",FALSE,NA,9.700044
6080360103,"10:35",635,-75.1550731760754,39.9469560187574,-75.1584424033225,39.9474108270156,"off_peak",FALSE,25,6.15
6080360104,"12:10",730,-75.1584424033225,39.9474108270156,-75.1560983260195,39.9553691545034,"off_peak",FALSE,710,10.647348
6080870301,"9:00",540,-75.5017110217195,39.9252280525618,-75.4217973167632,39.9247683828366,"am_peak",TRUE,90,131.231971
6080870302,"13:45",825,-75.4217973167632,39.9247683828366,-75.5326409377133,39.890085601028,"off_peak",FALSE,75,50.3351
6081650102,"14:20",860,-75.1706866571216,39.953785415184,-75.1957094473416,39.9494354858208,"off_peak",FALSE,14,15.045947
6081650201,"6:56",416,-75.1845576169885,39.942839888606,-75.150623776162,39.9499928305521,"am_peak",TRUE,39,28.57004
6104530103,"11:40",700,-75.2203509863295,40.0410461667675,-75.1971342156818,40.0138387034349,"off_peak",FALSE,5,30.86825
6104530104,"15:46",946,-75.1971342156818,40.0138387034349,-75.1588750233838,39.9528401835985,"off_peak",FALSE,25,26.578276
6113870208,"15:20",920,-75.2901773528481,40.2459664424297,-75.3243718638479,40.3286131053482,"off_peak",FALSE,2,33.871431
6138920101,"12:15",735,-75.3024393659454,39.9834631042535,-75.2626735411038,39.9640057100153,"off_peak",FALSE,NA,23.559041
6138920103,"17:00",1020,-75.2859011035678,39.9804280541513,-75.3024393659454,39.9834631042535,"pm_peak",TRUE,30,17.580284
6144510101,"11:30",690,-75.1630984016405,39.9735438590113,-75.1758411443119,39.993060336458,"off_peak",FALSE,35,22.734085
6144510102,"14:45",885,-75.1758411443119,39.993060336458,-75.1578194556998,39.9904255905816,"off_peak",FALSE,35,20.458556
6144510103,"16:55",1015,-75.1578194556998,39.9904255905816,-75.1630984016405,39.9735438590113,"pm_peak",TRUE,25,15.232925
6144510201,"7:15",435,-75.1630984016405,39.9735438590113,-75.1578194556998,39.9904255905816,"am_peak",TRUE,40,10.885887
6144510202,"9:45",585,-75.1578194556998,39.9904255905816,-75.1630984016405,39.9735438590113,"off_peak",FALSE,30,14.719558
6144510203,"12:15",735,-75.1630984016405,39.9735438590113,-75.1536080135934,39.9890571718199,"off_peak",FALSE,40,17.681727
6144510204,"16:15",975,-75.1536080135934,39.9890571718199,-75.1630984016405,39.9735438590113,"pm_peak",TRUE,45,17.830848
6144510205,"18:45",1125,-75.1630984016405,39.9735438590113,-75.1758411443119,39.993060336458,"pm_peak",TRUE,0,22.057785
6144510206,"20:45",1245,-75.1758411443119,39.993060336458,-75.1630984016405,39.9735438590113,"off_peak",FALSE,45,23.280427
6144510301,"7:15",435,-75.1630984016405,39.9735438590113,-75.1578194556998,39.9904255905816,"am_peak",TRUE,40,10.885887
6144510302,"9:45",585,-75.1578194556998,39.9904255905816,-75.1630984016405,39.9735438590113,"off_peak",FALSE,45,14.719558
6144510303,"18:15",1095,-75.1630984016405,39.9735438590113,-75.1758411443119,39.993060336458,"pm_peak",TRUE,30,22.057785
6144510304,"20:45",1245,-75.1758411443119,39.993060336458,-75.1630984016405,39.9735438590113,"off_peak",FALSE,45,23.280427
6145390201,"7:00",420,-75.2165947836222,39.9537421538695,-75.1592387852516,39.9217586458287,"am_peak",TRUE,60,38.395462
6145390202,"17:00",1020,-75.1592387852516,39.9217586458287,-75.2165947836222,39.9537421538695,"pm_peak",TRUE,420,41.225749
6147480101,"6:30",390,-75.1732743609913,39.9456003211594,-75.1591175345241,39.9419118021734,"am_peak",TRUE,90,9.719973
6147480102,"18:00",1080,-75.1591175345241,39.9419118021734,-75.1732743609913,39.9456003211594,"pm_peak",TRUE,60,11.25
6157560101,"6:54",414,-75.1692193512515,40.0665021000576,-75.222409636121,39.8991472241574,"am_peak",TRUE,60,81.917458
6158090101,"7:30",450,-75.0750322611491,40.0214372944722,-75.1085340726583,39.9955139503969,"am_peak",TRUE,20,19.39688
6158090102,"9:00",540,-75.1085340726583,39.9955139503969,-75.1625826795934,39.9513495936779,"am_peak",TRUE,30,24.909747
6158090103,"10:45",645,-75.1625826795934,39.9513495936779,-75.0593151476913,40.0302346423682,"off_peak",FALSE,45,40.585046
6158090104,"11:45",705,-75.0593151476913,40.0302346423682,-75.1102184888777,39.9887849617672,"off_peak",FALSE,NA,33.920378
6158090105,"11:50",710,-75.1102184888777,39.9887849617672,-75.0943237154892,39.9860163349013,"off_peak",FALSE,30,17.59557
6158090106,"15:30",930,-75.0943237154892,39.9860163349013,-75.0750322611491,40.0214372944722,"off_peak",FALSE,30,18.833587
6166360101,"9:00",540,-75.1977262540913,39.9594259908695,-75.1941152941134,39.9546263068532,"am_peak",TRUE,15,7.858231
6169070401,"18:30",1110,-75.219114878266,39.9655052738952,-75.2376648010527,39.9482763035952,"pm_peak",TRUE,90,28.803213
6169360101,"19:00",1140,-75.2316719358833,39.9680910426143,-75.2232933759479,39.9448265734297,"off_peak",FALSE,25,24.103779
6169360201,"11:00",660,-75.2316719358833,39.9680910426143,-75.1524573152991,39.9708851261141,"off_peak",FALSE,95,37.771864
6169360202,"15:33",933,-75.1524573152991,39.9708851261141,-75.1638872349499,39.9525548857932,"off_peak",FALSE,28,14.691694
6169360203,"16:23",983,-75.1638872349499,39.9525548857932,-75.2316719358833,39.9680910426143,"pm_peak",TRUE,15,23.025809
6169360401,"8:19",499,-75.2316719358833,39.9680910426143,-75.2074740441751,39.9601688794781,"am_peak",TRUE,8,22.973688
6169360402,"15:30",930,-75.2074740441751,39.9601688794781,-75.2316719358833,39.9680910426143,"off_peak",FALSE,40,14.573655
6169360501,"8:19",499,-75.2316719358833,39.9680910426143,-75.2074740441751,39.9601688794781,"am_peak",TRUE,8,22.973688
6169360502,"15:30",930,-75.2074740441751,39.9601688794781,-75.2316719358833,39.9680910426143,"off_peak",FALSE,40,14.573655
6174680102,"13:28",808,-75.1560983260195,39.9553691545034,-75.1392078148453,39.9466654688148,"off_peak",FALSE,12,18.358371
6174680103,"14:18",858,-75.1392078148453,39.9466654688148,-75.1678754160498,39.9518178612404,"off_peak",FALSE,7,15.943277
6174680104,"14:50",890,-75.1678754160498,39.9518178612404,-75.1474545568906,39.9496085506464,"off_peak",FALSE,25,12.579256
6178970101,"8:30",510,-75.1662120144978,39.9238115855567,-75.1588750233838,39.9528401835985,"am_peak",TRUE,20,20.752222
6178970102,"11:05",665,-75.1588750233838,39.9528401835985,-75.1847348588828,39.9565152107181,"off_peak",FALSE,40,13.015526
6178970103,"12:15",735,-75.1847348588828,39.9565152107181,-75.1977262540913,39.9594259908695,"off_peak",FALSE,25,12.587779
6178970104,"15:00",900,-75.1977262540913,39.9594259908695,-75.1662120144978,39.9238115855567,"off_peak",FALSE,45,31.697194
6178970105,"18:20",1100,-75.1662120144978,39.9238115855567,-75.1466622121185,39.9478355374067,"pm_peak",TRUE,30,26.62307
6193690201,"6:00",360,-75.1798114670555,39.9715794694621,-75.1732743609913,39.9456003211594,"am_peak",TRUE,45,22.766501
6193690202,"17:45",1065,-75.1732743609913,39.9456003211594,-75.1798114670555,39.9715794694621,"pm_peak",TRUE,45,21.847316
6196050102,"10:38",638,-75.208260147084,39.9463603580681,-75.1662257986882,39.9519342771783,"off_peak",FALSE,13,17.446306
6196050109,"14:27",867,-75.1779217463161,39.9533873770951,-75.208260147084,39.9463603580681,"off_peak",FALSE,13,14.580643
6207100302,"8:12",492,-75.300281066518,40.0007168757721,-75.3393886203709,40.0346462639254,"am_peak",TRUE,18,21.60739
6207100304,"18:55",1135,-75.3393886203709,40.0346462639254,-75.3481112445716,39.9622069581314,"pm_peak",TRUE,15,61.048047
6213260104,"7:20",440,-75.1537481432666,39.9503794767793,-75.1414393682529,39.9601471054741,"am_peak",TRUE,4,10.22087
6213260107,"17:29",1049,-75.1414393682529,39.9601471054741,-75.1537481432666,39.9503794767793,"pm_peak",TRUE,4,10.087939
6214670101,"12:20",740,-75.1692942790448,39.9527602328087,-75.2240243087353,39.9622994543846,"off_peak",FALSE,40,18.308802
6214670401,"12:20",740,-75.160283075871,39.954996353718,-75.2240243087353,39.9622994543846,"off_peak",FALSE,40,20.564181
6220400101,"15:21",921,-75.1446651012151,39.9539993897089,-75.1550139436622,39.9445812882334,"off_peak",FALSE,NA,16.718374
6244290101,"12:40",760,-75.2275594367197,39.9835914617071,-75.1707168478523,39.9055458817612,"off_peak",FALSE,59,61.739393
6244290102,"17:05",1025,-75.1707168478523,39.9055458817612,-75.2275594367197,39.9835914617071,"pm_peak",TRUE,70,55.590144
6244290201,"10:15",615,-75.2275594367197,39.9835914617071,-75.2254301309782,39.9678366442723,"off_peak",FALSE,45,16.920262
6244290202,"17:30",1050,-75.2254301309782,39.9678366442723,-75.2275594367197,39.9835914617071,"pm_peak",TRUE,35,12.829981
6247010101,"11:00",660,-75.5144011328819,40.1299061967057,-75.5259963128101,40.2029938519349,"off_peak",FALSE,60,113.099306
6247010102,"15:00",900,-75.5259963128101,40.2029938519349,-75.5144011328819,40.1299061967057,"off_peak",FALSE,60,41.370385
6247010301,"11:00",660,-75.5144011328819,40.1299061967057,-75.5259963128101,40.2029938519349,"off_peak",FALSE,60,113.099306
6247010302,"15:00",900,-75.5259963128101,40.2029938519349,-75.5144011328819,40.1299061967057,"off_peak",FALSE,60,41.370385
6255070102,"11:00",660,-75.1638872349499,39.9525548857932,-75.1451602820339,40.0625588015705,"off_peak",FALSE,60,36.259766
6260000302,"8:22",502,-75.2862320050127,39.9472873841357,-75.2626735411038,39.9640057100153,"am_peak",TRUE,0,19.907777
6260000303,"8:25",505,-75.2626735411038,39.9640057100153,-75.1608290378846,39.9512565309348,"am_peak",TRUE,20,25.086664
6264470103,"21:35",1295,-75.1608866949941,39.9837724999129,-75.1608866949941,39.9837724999129,"off_peak",FALSE,15,7.261017
6264470202,"9:00",540,-75.1804047012754,39.9816583790678,-75.1608866949941,39.9837724999129,"am_peak",TRUE,60,17.394506
6264470203,"13:00",780,-75.1608866949941,39.9837724999129,-75.1562910038297,39.9768159139408,"off_peak",FALSE,NA,13.268469
6264470204,"14:30",870,-75.1562910038297,39.9768159139408,-75.1608866949941,39.9837724999129,"off_peak",FALSE,60,12.843168
6277200201,"13:00",780,-75.1804047012754,39.9816583790678,-75.162026191264,39.9785569548507,"off_peak",FALSE,30,11.962023
6277200202,"14:30",870,-75.162026191264,39.9785569548507,-75.1541388337345,39.9522458625874,"off_peak",FALSE,45,21.157368
6277200203,"16:30",990,-75.1541388337345,39.9522458625874,-75.1638872349499,39.9525548857932,"pm_peak",TRUE,60,8.355174
6277200204,"21:00",1260,-75.1638872349499,39.9525548857932,-75.1778185045084,39.9859426039642,"off_peak",FALSE,180,24.635911
6277780201,"7:30",450,-75.3195257705183,40.0049815590517,-75.1677276497158,39.9525760413027,"am_peak",TRUE,53,45.779814
6277780202,"19:10",1150,-75.1677276497158,39.9525760413027,-75.3195257705183,40.0049815590517,"off_peak",FALSE,45,44.495048
6288980102,"12:20",740,-75.1815493379532,39.9195932035454,-75.1752524766747,39.9659654913561,"off_peak",FALSE,45,30.312548
6289970101,"9:00",540,-75.168616297546,39.9994052579415,-75.1687160134156,39.9558364756335,"am_peak",TRUE,45,30.79382
6289970102,"10:00",600,-75.1687160134156,39.9558364756335,-75.1815493379532,39.9195932035454,"off_peak",FALSE,30,25.484711
6289970103,"12:00",720,-75.1815493379532,39.9195932035454,-75.168616297546,39.9994052579415,"off_peak",FALSE,90,47.324748
6289970105,"18:30",1110,-75.1768973037301,39.9372294658397,-75.1870662747411,39.9335197790401,"pm_peak",TRUE,30,13.842281
6289970106,"20:30",1230,-75.1870662747411,39.9335197790401,-75.168616297546,39.9994052579415,"off_peak",FALSE,75,53.875543
6289970202,"10:50",650,-75.1763265829253,40.002752967767,-75.162026191264,39.9785569548507,"off_peak",FALSE,70,28.81364
6289970203,"14:00",840,-75.162026191264,39.9785569548507,-75.1609354256761,39.9985787329005,"off_peak",FALSE,60,14.598039
6291170101,"7:45",465,-75.0747163919544,40.0131545687579,-75.1673759243643,39.9592890487195,"am_peak",TRUE,45,45.772272
6291170102,"17:00",1020,-75.1673759243643,39.9592890487195,-75.0747163919544,40.0131545687579,"pm_peak",TRUE,60,44.984341
6291170201,"9:00",540,-75.0747163919544,40.0131545687579,-75.0465195441935,40.0283762827018,"am_peak",TRUE,30,19.010869
6291170202,"11:00",660,-75.0465195441935,40.0283762827018,-75.0747163919544,40.0131545687579,"off_peak",FALSE,30,19.198783
6291170302,"17:30",1050,-75.6074734875017,39.9538603024119,-75.0747163919544,40.0131545687579,"pm_peak",TRUE,70,119.499633
6297650102,"16:30",990,-75.1906300416804,39.958024348983,-75.1682068169821,39.957491721513,"pm_peak",TRUE,20,17.936986
6308550102,"8:30",510,-75.1661003080911,39.9138576581668,-75.1537481432666,39.9503794767793,"am_peak",TRUE,10,27.903966
6308550105,"17:20",1040,-75.1537481432666,39.9503794767793,-75.1661003080911,39.9138576581668,"pm_peak",TRUE,15,27.364701
6313810101,"6:00",360,-75.2399779780059,39.9210924003411,-75.1509013014001,40.0025369261947,"am_peak",TRUE,75,53.755711
6345130202,"18:15",1095,-75.1665214095376,39.9615526212186,-75.2125354511121,40.0348470330642,"pm_peak",TRUE,80,39.083983
6347230106,"13:30",810,-75.1742078313758,39.9986750681483,-75.1694605873533,39.9520071435649,"off_peak",FALSE,45,36.220879
6347230107,"14:30",870,-75.1694605873533,39.9520071435649,-75.1541388337345,39.9522458625874,"off_peak",FALSE,20,12.654435
6347230108,"15:15",915,-75.1541388337345,39.9522458625874,-75.1480724206306,39.9424699004001,"off_peak",FALSE,30,16.129312
6347230109,"16:15",975,-75.1480724206306,39.9424699004001,-75.1572994746159,39.95264251715,"pm_peak",TRUE,15,17.325076
6347230110,"17:15",1035,-75.1572994746159,39.95264251715,-75.1742078313758,39.9986750681483,"pm_peak",TRUE,75,31.02423
6350840101,"8:15",495,-75.1399338189646,40.0555332794609,-75.1398050137829,40.0366774270012,"am_peak",TRUE,30,16.463537
6350840102,"10:45",645,-75.1398050137829,40.0366774270012,-75.1588750233838,39.9528401835985,"off_peak",FALSE,45,30.262369
6350840103,"14:05",845,-75.1588750233838,39.9528401835985,-75.1571977835929,40.0823045185899,"off_peak",FALSE,55,46.330199
6350840104,"16:20",980,-75.1571977835929,40.0823045185899,-75.1399338189646,40.0555332794609,"pm_peak",TRUE,25,21.775521
6370220102,"15:30",930,-75.208260147084,39.9463603580681,-75.1834073455283,39.9599979498596,"off_peak",FALSE,15,18.588362
6371070102,"7:05",425,-75.300281066518,40.0007168757721,-75.2626735411038,39.9640057100153,"am_peak",TRUE,8,26.509675
6371070103,"7:20",440,-75.2626735411038,39.9640057100153,-75.1648345113326,39.9541020155151,"am_peak",TRUE,9,25.068592
6371070106,"17:19",1039,-75.1648345113326,39.9541020155151,-75.2626735411038,39.9640057100153,"pm_peak",TRUE,15,24.987011
6371070107,"17:36",1056,-75.2626735411038,39.9640057100153,-75.3002409178272,39.9964440900826,"pm_peak",TRUE,7,17.638688
6372400104,"14:15",855,-75.2182588102061,39.950471058218,-75.2024327640643,39.9546329212277,"off_peak",FALSE,15,16.992648
6373320201,"15:30",930,-75.1398050137829,40.0366774270012,-75.0885600859054,40.057337503014,"off_peak",FALSE,30,25.019334
6376070201,"8:15",495,-75.2533849746111,39.9972621864517,-75.1659426772114,39.9531940428398,"am_peak",TRUE,25,20.906032
6376070202,"18:40",1120,-75.1659426772114,39.9531940428398,-75.2533849746111,39.9972621864517,"pm_peak",TRUE,65,19.482846
6381290201,"10:00",600,-74.8425533248208,40.107487353509,-74.8195337694283,40.1462894061835,"off_peak",FALSE,45,23.34506
6381290202,"12:15",735,-74.8195337694283,40.1462894061835,-74.8425533248208,40.107487353509,"off_peak",FALSE,35,27.099602
6381700101,"6:30",390,-75.3090185538277,39.8994099281747,-75.2966603964201,39.9020047132286,"am_peak",TRUE,30,11.077307
6381700103,"13:15",795,-75.3645056067957,39.8664827372068,-75.344117054956,39.8698461195226,"off_peak",FALSE,20,24.533333
6394850101,"10:00",600,-75.3793856687375,39.8793852847628,-75.368739005283,39.9143240988748,"off_peak",FALSE,60,52.931139
6394850102,"13:45",825,-75.368739005283,39.9143240988748,-75.3793856687375,39.8793852847628,"off_peak",FALSE,45,37.041735
6423360201,"7:45",465,-75.2182588102061,39.950471058218,-75.1720816011546,39.9549927124551,"am_peak",TRUE,30,25.854663
6443950102,"13:30",810,-75.1649773922386,39.9502186753736,-75.177201361549,39.9550054347417,"off_peak",FALSE,10,11.322938
6443950104,"14:15",855,-75.1779217463161,39.9533873770951,-75.1655206281913,39.9477143701067,"off_peak",FALSE,15,15.058455
6453710102,"15:00",900,-75.1722093187508,39.9861472659912,-75.2279540291491,39.9243565817628,"off_peak",FALSE,540,52.977363
6453710201,"13:10",790,-75.2279540291491,39.9243565817628,-75.2353363988571,39.9786635130042,"off_peak",FALSE,NA,35.616667
6453710202,"18:00",1080,-75.2353363988571,39.9786635130042,-75.2279540291491,39.9243565817628,"pm_peak",TRUE,360,36.367228
6453710501,"9:00",540,-75.2279540291491,39.9243565817628,-75.1652643007328,39.9488899960486,"am_peak",TRUE,120,32.020455
6453710502,"12:00",720,-75.1652643007328,39.9488899960486,-75.2279540291491,39.9243565817628,"off_peak",FALSE,120,30.954025
6465820401,"8:45",525,-75.0904216746636,40.0215489899244,-75.151228491791,40.0505524826181,"am_peak",TRUE,45,31.241187
6465820402,"18:00",1080,-75.151228491791,40.0505524826181,-75.0904216746636,40.0215489899244,"pm_peak",TRUE,60,33.708687
6482360102,"10:55",655,-75.1768973037301,39.9372294658397,-75.1779217463161,39.9533873770951,"off_peak",FALSE,10,14.576034
6482360103,"11:09",669,-75.1779217463161,39.9533873770951,-75.3922133622912,40.087943010321,"off_peak",FALSE,37,44.852268
6482360105,"16:25",985,-75.3853835679745,40.0888177484524,-75.2626735411038,39.9640057100153,"pm_peak",TRUE,35,40.022878
6482360106,"17:16",1036,-75.2626735411038,39.9640057100153,-75.1662257986882,39.9519342771783,"pm_peak",TRUE,15,23.95
6482360107,"17:41",1061,-75.1662257986882,39.9519342771783,-75.0593151476913,40.0302346423682,"pm_peak",TRUE,0,38.864462
6489220101,"7:30",450,-75.2182588102061,39.950471058218,-75.162026191264,39.9785569548507,"am_peak",TRUE,60,39.295972
6489220102,"17:00",1020,-75.162026191264,39.9785569548507,-75.2074989674157,39.9516652307221,"pm_peak",TRUE,45,34.003964
6514630102,"8:12",492,-75.1142758205188,40.1491579177916,-75.1648345113326,39.9541020155151,"am_peak",TRUE,33,48.934688
6514630108,"17:33",1053,-75.1717674832599,39.9564206302579,-75.1717674832599,39.9564206302579,"pm_peak",TRUE,42,4.208333
6516010101,"8:50",530,-75.1655746637264,39.9307064691021,-75.1540803782248,39.9488624668665,"am_peak",TRUE,22,21.345204
6516010104,"17:46",1066,-75.1725391195037,39.9527196860213,-75.1655746637264,39.9307064691021,"pm_peak",TRUE,29,21.225431
6516350101,"10:40",640,-75.1698571868868,39.9452577603363,-75.1941152941134,39.9546263068532,"off_peak",FALSE,20,19.803223
6516350102,"16:50",1010,-75.1941152941134,39.9546263068532,-75.1698571868868,39.9452577603363,"pm_peak",TRUE,20,21.771558
6516350202,"18:05",1085,-75.1941152941134,39.9546263068532,-75.1669894744938,39.9484799410289,"pm_peak",TRUE,35,16.301941
6519710107,"19:08",1148,-75.1661003080911,39.9138576581668,-75.1634808483634,39.9480403151119,"off_peak",FALSE,18,18.169605
6523030101,"10:00",600,-74.8233302395014,40.1674501816603,-74.8919914252008,40.1764466474197,"off_peak",FALSE,75,33.74691
6523030102,"12:45",765,-74.8919914252008,40.1764466474197,-74.8920916919296,40.1431753369858,"off_peak",FALSE,15,17.383333
6535060101,"8:10",490,-75.2421801680258,39.9481308791093,-75.1941152941134,39.9546263068532,"am_peak",TRUE,65,26.939887
6535060102,"17:45",1065,-75.1941152941134,39.9546263068532,-75.1503604073933,39.9962218359028,"pm_peak",TRUE,45,30.13944
6535060103,"20:15",1215,-75.1503604073933,39.9962218359028,-75.1638872349499,39.9525548857932,"off_peak",FALSE,10,21.727838
6535060104,"20:35",1235,-75.1638872349499,39.9525548857932,-75.2421801680258,39.9481308791093,"off_peak",FALSE,30,27.919352
6551990205,"15:35",935,-75.3314522326487,39.9229178354199,-75.1632627264191,39.9610182840982,"off_peak",FALSE,20,62.798537
6554200101,"10:00",600,-75.1546498738633,40.0261270665432,-75.1595117962634,39.9367714452714,"off_peak",FALSE,75,41.366667
6554200102,"11:35",695,-75.1595117962634,39.9367714452714,-75.1625826795934,39.9513495936779,"off_peak",FALSE,22,18.0879
6558670101,"6:10",370,-75.2181192513656,40.032241980928,-75.1446587384151,39.9502859178682,"am_peak",TRUE,50,30.869824
6560970101,"8:30",510,-75.1827055398227,40.0389450998406,-75.1539262084391,39.9844115630897,"am_peak",TRUE,40,34.746263
6560970102,"18:15",1095,-75.1539262084391,39.9844115630897,-75.1827055398227,40.0389450998406,"pm_peak",TRUE,40,38.146919
6564560102,"10:40",640,-75.1701368511036,39.9488667930338,-75.1840170635385,39.9534784074457,"off_peak",FALSE,25,13.529194
6564560103,"13:10",790,-75.1840170635385,39.9534784074457,-75.1773253490168,39.9478229139105,"off_peak",FALSE,20,10.91853
6564560208,"15:35",935,-75.1742218041379,39.9513700637455,-75.1466622121185,39.9478355374067,"off_peak",FALSE,15,21.191732
6564560211,"18:48",1128,-75.1517226930339,39.9485721389241,-75.180637080064,39.9501303685435,"pm_peak",TRUE,0,19.758765
6577150102,"6:35",395,-75.0798260530761,40.0248633027149,-75.1687160134156,39.9558364756335,"am_peak",TRUE,35,37.400666
6577150107,"16:00",960,-75.1687160134156,39.9558364756335,-75.0798260530761,40.0248633027149,"pm_peak",TRUE,30,37.889605
6578490102,"7:49",469,-75.2626735411038,39.9640057100153,-75.1792803129236,39.9102291849896,"am_peak",TRUE,43,48.901306
6578490105,"16:38",998,-75.1629816913276,39.9348297671495,-75.2626735411038,39.9640057100153,"pm_peak",TRUE,26,37.461131
6578490108,"18:12",1092,-75.1599172675313,39.9309896846011,-75.1906300416804,39.958024348983,"pm_peak",TRUE,16,26.918236
6578490111,"21:27",1287,-75.1906300416804,39.958024348983,-75.2626735411038,39.9640057100153,"off_peak",FALSE,0,22.900863
6578490202,"18:12",1092,-75.2626735411038,39.9640057100153,-75.1906300416804,39.958024348983,"pm_peak",TRUE,16,22.916667
6578490205,"21:04",1264,-75.2035188845512,39.9258448958777,-75.2629389868999,39.9545919335046,"off_peak",FALSE,23,45.005171
6578490206,"21:27",1287,-75.2629389868999,39.9545919335046,-75.2629389868999,39.9545919335046,"off_peak",FALSE,0,6.877086
6581680101,"9:00",540,-75.1774381258043,39.9578243101046,-75.1612826317197,39.9532127364358,"am_peak",TRUE,45,13.598143
6583630101,"10:20",620,-75.1312859799465,39.9929590474227,-75.1018775098952,39.9927596244991,"off_peak",FALSE,80,26.365749
6583630104,"12:49",769,-75.1102184888777,39.9887849617672,-75.1102184888777,39.9887849617672,"off_peak",FALSE,671,9.827451
6595380202,"9:12",552,-75.216704781889,39.9569805572676,-75.1662257986882,39.9519342771783,"am_peak",TRUE,9,14.586315
6595380205,"17:36",1056,-75.1649773922386,39.9502186753736,-75.1779217463161,39.9533873770951,"pm_peak",TRUE,11,11.623152
6595380206,"18:32",1112,-75.1779217463161,39.9533873770951,-75.2165947836222,39.9537421538695,"pm_peak",TRUE,20,22.050062
6604250201,"18:05",1085,-75.3694946410526,40.0814481469734,-75.3694946410526,40.0814481469734,"pm_peak",TRUE,60,18.543904
6611090102,"8:40",520,-75.1840170635385,39.9534784074457,-75.1977262540913,39.9594259908695,"am_peak",TRUE,NA,11.583021
6655580101,"9:50",590,-75.2898472832018,40.0026899156158,-75.2984304981332,40.0094456354775,"off_peak",FALSE,10,13.90321
6655580102,"11:30",690,-75.2984304981332,40.0094456354775,-75.300281066518,40.0007168757721,"off_peak",FALSE,8,14.803443
6660390201,"8:00",480,-75.208260147084,39.9463603580681,-75.1545851492175,39.9813757258968,"am_peak",TRUE,50,37.413835
6660390202,"18:25",1105,-75.1545851492175,39.9813757258968,-75.1705068930163,39.9509065904554,"pm_peak",TRUE,20,24.654265
6660390203,"20:15",1215,-75.1705068930163,39.9509065904554,-75.208260147084,39.9463603580681,"off_peak",FALSE,25,17.319933
6660390301,"7:50",470,-75.208260147084,39.9463603580681,-75.1732743609913,39.9456003211594,"am_peak",TRUE,40,28.020657
6660390302,"17:10",1030,-75.1732743609913,39.9456003211594,-75.2100224563071,39.9560134286816,"pm_peak",TRUE,35,24.514965
6661000401,"7:00",420,-75.310429560097,39.9670567346169,-75.3938186136374,39.9651711354682,"am_peak",TRUE,70,47.8624
6661000402,"14:33",873,-75.3938186136374,39.9651711354682,-75.310429560097,39.9670567346169,"off_peak",FALSE,42,41.596258
6691010101,"8:17",497,-75.2143085167584,39.9408655334325,-75.1638872349499,39.9525548857932,"am_peak",TRUE,31,21.662016
6691010102,"8:49",529,-75.1638872349499,39.9525548857932,-75.1562910038297,39.9768159139408,"am_peak",TRUE,12,15.155953
6691010103,"17:30",1050,-75.1562910038297,39.9768159139408,-75.1669894744938,39.9484799410289,"pm_peak",TRUE,29,17.962982
6691010106,"19:42",1182,-75.1629816913276,39.9348297671495,-75.1603362537134,39.9167023901516,"off_peak",FALSE,17,16.740098
6691010108,"21:18",1278,-75.1661003080911,39.9138576581668,-75.1629816913276,39.9348297671495,"off_peak",FALSE,4,17.829824
6691010109,"21:23",1283,-75.1629816913276,39.9348297671495,-75.1603362537134,39.9167023901516,"off_peak",FALSE,23,16.740098
6691010202,"8:35",515,-75.1661003080911,39.9138576581668,-75.1612826317197,39.9532127364358,"am_peak",TRUE,25,20.573194
6691010205,"19:10",1150,-75.1711932833479,39.9327343433105,-75.1498041127206,39.934304016358,"off_peak",FALSE,20,14.867484
6691010206,"21:30",1290,-75.1498041127206,39.934304016358,-75.2143085167584,39.9408655334325,"off_peak",FALSE,30,24.731294
6701330102,"5:55",355,-75.2172676864572,40.0019340658936,-75.2626735411038,39.9640057100153,"off_peak",FALSE,20,30.448818
6701330103,"6:30",390,-75.2626735411038,39.9640057100153,-75.3491600996336,40.1018802190178,"am_peak",TRUE,17,33.104265
6701330104,"6:50",410,-75.3491600996336,40.1018802190178,-75.3460361638143,40.1143423687777,"am_peak",TRUE,8,12.816427
6701330105,"7:00",420,-75.3460361638143,40.1143423687777,-75.3147109767587,40.1422852431983,"am_peak",TRUE,10,25.088549
6701330110,"18:00",1080,-75.3147109767587,40.1422852431983,-75.3460361638143,40.1143423687777,"pm_peak",TRUE,15,23.654335
6722590301,"14:00",840,-75.1164312191623,39.985904455443,-75.0877865211234,39.9940122620898,"off_peak",FALSE,34,21.893496
6722590302,"15:44",944,-75.0877865211234,39.9940122620898,-75.1164312191623,39.985904455443,"off_peak",FALSE,46,19.317481
6736590101,"16:30",990,-75.1722789942054,39.9539778646615,-75.1503604073933,39.9962218359028,"pm_peak",TRUE,34,26.652471
6736590202,"14:40",880,-75.1638872349499,39.9525548857932,-75.1503604073933,39.9962218359028,"off_peak",FALSE,20,20.799954
6736830102,"16:50",1010,-75.1517226930339,39.9485721389241,-75.20297810328,40.0663780780388,"pm_peak",TRUE,130,36.111939
6745010103,"8:00",480,-75.1648345113326,39.9541020155151,-75.1632627264191,39.9610182840982,"am_peak",TRUE,16,9.912763
6745010105,"17:50",1070,-75.1632627264191,39.9610182840982,-75.1632627264191,39.9610182840982,"pm_peak",TRUE,50,6.052121
6752060104,"18:20",1100,-75.2806454415887,40.2304601821381,-75.2328700667351,40.2335991500038,"pm_peak",TRUE,55,26.659649
6754790401,"7:35",455,-75.1962680244175,40.0724717157188,-75.175919233186,40.0332814777088,"am_peak",TRUE,25,27.263917
6754790402,"14:45",885,-75.175919233186,40.0332814777088,-75.1962680244175,40.0724717157188,"off_peak",FALSE,30,29.343872
6756010101,"8:18",498,-75.3475957675981,39.9012278289218,-75.1928742171467,39.9459041130135,"am_peak",TRUE,42,30.786883
6756010102,"17:00",1020,-75.1928742171467,39.9459041130135,-75.3475957675981,39.9012278289218,"pm_peak",TRUE,60,31.908894
6779660101,"8:00",480,-75.2182588102061,39.950471058218,-75.1701604201666,39.9562259742499,"am_peak",TRUE,20,27.364038
6779660102,"18:00",1080,-75.1701604201666,39.9562259742499,-75.2182588102061,39.950471058218,"pm_peak",TRUE,43,26.811566
6808990101,"9:00",540,-75.1722789942054,39.9539778646615,-75.1550731760754,39.9469560187574,"am_peak",TRUE,30,11.731854
6808990201,"9:00",540,-75.1722789942054,39.9539778646615,-75.1580149724927,39.9493530835764,"am_peak",TRUE,35,10.911976
6811760301,"16:45",1005,-75.2697148355171,39.9862485416151,-75.2626735411038,39.9640057100153,"pm_peak",TRUE,0,25.002805
6811760302,"16:46",1006,-75.2626735411038,39.9640057100153,-75.1608290378846,39.9512565309348,"pm_peak",TRUE,44,25.083333
6819100103,"9:35",575,-75.2709909238752,39.9451405536483,-75.253425532016,39.9533624584389,"off_peak",FALSE,10,19.134977
6819100104,"9:55",595,-75.253425532016,39.9533624584389,-75.1973968654904,39.9505033966507,"off_peak",FALSE,20,24.450779
6821910102,"8:15",495,-75.1601184429639,40.0511089560396,-75.1659426772114,39.9531940428398,"am_peak",TRUE,30,34.308503
6825030202,"8:05",485,-75.1752524766747,39.9659654913561,-75.0593151476913,40.0302346423682,"am_peak",TRUE,20,56.332533
6825030203,"8:26",506,-75.0593151476913,40.0302346423682,-75.1834073455283,39.9599979498596,"am_peak",TRUE,4,47.07415
6825030206,"17:45",1065,-75.0593151476913,40.0302346423682,-75.1842341091099,39.9772832258399,"pm_peak",TRUE,40,53.887332
6826830102,"17:05",1025,-75.1706866571216,39.953785415184,-75.3128532544384,39.99398750657,"pm_peak",TRUE,55,43.529662
6857600102,"16:05",965,-75.1649773922386,39.9502186753736,-75.1592387852516,39.9217586458287,"pm_peak",TRUE,25,20.339023
6869210102,"13:15",795,-75.150623776162,39.9499928305521,-75.1711932833479,39.9327343433105,"off_peak",FALSE,25,27.572177
6869210103,"14:50",890,-75.1711932833479,39.9327343433105,-75.1452853653063,39.9454993949884,"off_peak",FALSE,25,30.007628
6869210201,"11:00",660,-75.1452853653063,39.9454993949884,-75.1659426772114,39.9531940428398,"off_peak",FALSE,NA,15.577016
6869210204,"17:50",1070,-75.1659426772114,39.9531940428398,-75.1452853653063,39.9454993949884,"pm_peak",TRUE,30,15.697718
6870450301,"7:30",450,-75.1906210349248,39.9616350467224,-75.1665214095376,39.9615526212186,"am_peak",TRUE,20,14.916631
6870450302,"15:30",930,-75.1665214095376,39.9615526212186,-75.1906210349248,39.9616350467224,"off_peak",FALSE,30,19.537127
6873890101,"8:00",480,-75.2162654488479,39.9464660922369,-75.2189686457819,40.0081594134958,"am_peak",TRUE,40,36.323943
6873890301,"9:30",570,-75.2162654488479,39.9464660922369,-75.1665214095376,39.9615526212186,"off_peak",FALSE,45,34.283709
6873890302,"19:20",1160,-75.1665214095376,39.9615526212186,-75.2162654488479,39.9464660922369,"off_peak",FALSE,45,32.970073
6884110202,"8:10",490,-74.8185831765262,40.1380262186048,-75.1984494658686,39.9539400028283,"am_peak",TRUE,50,59.92436
6887190204,"17:35",1055,-75.1937934209145,39.951852697735,-75.1774381258043,39.9578243101046,"pm_peak",TRUE,19,16.682493
6889290101,"16:30",990,-75.1655746637264,39.9307064691021,-75.1630657978927,39.949981511781,"pm_peak",TRUE,15,12.831072
6889290103,"19:37",1177,-75.1630657978927,39.949981511781,-75.1655746637264,39.9307064691021,"off_peak",FALSE,18,13.497769
6889290104,"20:10",1210,-75.1655746637264,39.9307064691021,-75.1715947626354,39.9429517013451,"off_peak",FALSE,24,16.712664
6907450304,"15:19",919,-75.1665214095376,39.9615526212186,-75.1669894744938,39.9484799410289,"off_peak",FALSE,21,15.003562
6910820204,"11:00",660,-75.1906300416804,39.958024348983,-75.2626735411038,39.9640057100153,"off_peak",FALSE,7,22.76797
6910820205,"11:20",680,-75.2626735411038,39.9640057100153,-75.3957727573062,39.9175856077195,"off_peak",FALSE,NA,39.402553
6915610202,"7:25",445,-75.2905107800841,39.950578704956,-75.2626735411038,39.9640057100153,"am_peak",TRUE,11,20.487142
6915610203,"7:36",456,-75.2626735411038,39.9640057100153,-75.1662257986882,39.9519342771783,"am_peak",TRUE,16,23.951639
6915610206,"16:36",996,-75.1662257986882,39.9519342771783,-75.1662257986882,39.9519342771783,"pm_peak",TRUE,15,3.625
6915610207,"16:55",1015,-75.1662257986882,39.9519342771783,-75.1662257986882,39.9519342771783,"pm_peak",TRUE,12,3.625
6953780101,"7:30",450,-75.2298442421393,39.9293235759694,-75.1665214095376,39.9615526212186,"am_peak",TRUE,30,42.850171
6953780201,"7:30",450,-75.2298442421393,39.9293235759694,-75.1665214095376,39.9615526212186,"am_peak",TRUE,30,42.850171
6954690205,"9:15",555,-75.1834073455283,39.9599979498596,-75.1965975232029,39.9477559566907,"am_peak",TRUE,5,16.523793
6955500103,"16:00",960,-75.3460361638143,40.1143423687777,-75.3355469748377,40.1557053390204,"pm_peak",TRUE,39,NA
6955500104,"18:10",1090,-75.3355469748377,40.1557053390204,-75.3460361638143,40.1143423687777,"pm_peak",TRUE,33,NA
6955500105,"19:15",1155,-75.3460361638143,40.1143423687777,-75.4052300426958,40.1193891000713,"off_peak",FALSE,35,128.056883
6978890101,"6:15",375,-75.1619465866814,40.0435075759518,-75.1675390627425,40.0396237479197,"am_peak",TRUE,15,10.527587
6978890102,"11:00",660,-75.1675390627425,40.0396237479197,-75.1431944251012,40.0284068368576,"off_peak",FALSE,30,15.444056
6978890103,"15:45",945,-75.1431944251012,40.0284068368576,-75.1398050137829,40.0366774270012,"off_peak",FALSE,10,15.497076
6978890104,"16:00",960,-75.1398050137829,40.0366774270012,-75.1619465866814,40.0435075759518,"pm_peak",TRUE,20,14.975079
6978890201,"13:00",780,-75.1619465866814,40.0435075759518,-75.1398050137829,40.0366774270012,"off_peak",FALSE,20,14.321544
6978890202,"15:55",955,-75.1398050137829,40.0366774270012,-75.1619465866814,40.0435075759518,"off_peak",FALSE,25,14.975079
6991330101,"8:00",480,-75.1752524766747,39.9659654913561,-75.1630657978927,39.949981511781,"am_peak",TRUE,45,16.705869
6991330102,"17:30",1050,-75.1630657978927,39.949981511781,-75.1752524766747,39.9659654913561,"pm_peak",TRUE,35,20.234354
6991330202,"17:40",1060,-75.1705068930163,39.9509065904554,-75.1752524766747,39.9659654913561,"pm_peak",TRUE,20,17.399995
6992980106,"18:25",1105,-75.1691139313301,39.9535949564727,-75.1845576169885,39.942839888606,"pm_peak",TRUE,35,15.672719
7009600101,"6:55",415,-75.1898142834651,40.0518717143354,-75.1213092333967,40.110417860785,"am_peak",TRUE,80,58.086992
7009600102,"8:40",520,-75.1213092333967,40.110417860785,-75.1571977835929,40.0823045185899,"am_peak",TRUE,35,43.234643
7009600104,"9:45",585,-75.1571977835929,40.0823045185899,-75.1898142834651,40.0518717143354,"off_peak",FALSE,45,26.401212
7018990101,"16:00",960,-75.2162654488479,39.9464660922369,-75.1629472849343,39.9666206906345,"pm_peak",TRUE,29,31.255098
7018990102,"20:00",1200,-75.1629472849343,39.9666206906345,-75.2162654488479,39.9464660922369,"off_peak",FALSE,45,32.832984
7059570101,"8:35",515,-75.1301600245386,39.9721857729433,-75.1704674139331,39.9548009865238,"am_peak",TRUE,25,27.374892
7081300202,"7:46",466,-75.1661426003533,40.014873112626,-75.1612826317197,39.9532127364358,"am_peak",TRUE,34,30.180126
7081300203,"17:20",1040,-75.1612826317197,39.9532127364358,-75.1697103405146,40.0285190426739,"pm_peak",TRUE,40,32.500002
7081300302,"15:00",900,-75.1379390053678,40.0162879355525,-75.1697103405146,40.0285190426739,"off_peak",FALSE,60,27.733835
7082240105,"16:27",987,-75.1906300416804,39.958024348983,-75.1588750233838,39.9528401835985,"pm_peak",TRUE,7,13.183358
7083360202,"12:15",735,-75.1580149724927,39.9493530835764,-75.1858598621043,39.9165483287187,"off_peak",FALSE,30,30.328418
7083360203,"13:09",789,-75.1858598621043,39.9165483287187,-75.2109035921265,39.9515172049363,"off_peak",FALSE,51,40.972866
7093280101,"12:30",750,-75.1550139436622,39.9445812882334,-75.1673759243643,39.9592890487195,"off_peak",FALSE,150,25.802495
7093280102,"16:30",990,-75.1673759243643,39.9592890487195,-75.2069459522751,39.9687555499558,"pm_peak",TRUE,30,23.876497
7093280201,"12:30",750,-75.1550139436622,39.9445812882334,-75.1673759243643,39.9592890487195,"off_peak",FALSE,NA,25.802495
7093280202,"16:30",990,-75.1673759243643,39.9592890487195,-75.2069459522751,39.9687555499558,"pm_peak",TRUE,30,23.876497
7106040202,"9:30",570,-75.1588750233838,39.9528401835985,-75.1399338189646,40.0555332794609,"off_peak",FALSE,NA,33.959066
7106040203,"12:00",720,-75.1399338189646,40.0555332794609,-75.1638872349499,39.9525548857932,"off_peak",FALSE,0,30.675832
7108500202,"22:30",1350,-75.2404391377901,39.9919120806968,-75.2553953178008,39.8878418476806,"off_peak",FALSE,60,69.619547
7108500402,"14:35",875,-75.1742868895805,39.952935291834,-75.2553953178008,39.8878418476806,"off_peak",FALSE,85,41.757831
7112300102,"7:24",444,-75.3285784262649,39.9077335323186,-75.202230610969,39.9458213862922,"am_peak",TRUE,27,32.504365
7139750301,"7:35",455,-75.0534528142384,40.0711126916022,-75.1612826317197,39.9532127364358,"am_peak",TRUE,90,51.97947
7139750302,"18:30",1110,-75.1612826317197,39.9532127364358,-75.0534528142384,40.0711126916022,"pm_peak",TRUE,100,48.85465
7155170102,"16:30",990,-75.0798260530761,40.0248633027149,-75.0798260530761,40.0248633027149,"pm_peak",TRUE,0,8.705571
7155170103,"17:00",1020,-75.0798260530761,40.0248633027149,-75.1584725274299,39.950967187359,"pm_peak",TRUE,0,30.248819
7155170104,"18:00",1080,-75.1584725274299,39.950967187359,-75.1584725274299,39.950967187359,"pm_peak",TRUE,30,4.272549
7155170105,"19:00",1140,-75.1584725274299,39.950967187359,-75.1167543574063,39.9964550323616,"off_peak",FALSE,30,21.066942
7155170106,"21:30",1290,-75.1167543574063,39.9964550323616,-75.0972035448796,39.9884463740478,"off_peak",FALSE,30,15.751776
7155170107,"0:00",0,-75.0972035448796,39.9884463740478,-75.0750322611491,40.0214372944722,"off_peak",FALSE,30,21.606563
7186030101,"15:00",900,-75.5699866645082,39.9739865373802,-75.6074734875017,39.9538603024119,"off_peak",FALSE,15,25.18195
7190080103,"8:25",505,-75.1593108938158,39.9400078893569,-75.1545851492175,39.9813757258968,"am_peak",TRUE,25,28.543781
7193950201,"7:45",465,-74.9919645563739,40.0557019160434,-75.2268441409671,39.9506693986123,"am_peak",TRUE,113,57.10683
7193950202,"10:53",653,-75.2268441409671,39.9506693986123,-74.9919645563739,40.0557019160434,"off_peak",FALSE,107,69.843187
7196350102,"14:15",855,-75.1957094473416,39.9494354858208,-75.1625826795934,39.9513495936779,"off_peak",FALSE,NA,18.77188
7196350104,"16:15",975,-75.1588750233838,39.9528401835985,-75.2414396306448,39.9567061667391,"pm_peak",TRUE,75,23.723231
7200840101,"10:22",622,-75.0392105966606,40.0749172415666,-75.0120774331965,40.0817234736775,"off_peak",FALSE,28,20.373907
7200840201,"5:00",300,-75.0392105966606,40.0749172415666,-75.0798260530761,40.0248633027149,"off_peak",FALSE,25,26.658341
7200840202,"5:30",330,-75.0798260530761,40.0248633027149,-75.216704781889,39.9569805572676,"off_peak",FALSE,45,43.004046
7200840205,"15:20",920,-75.216704781889,39.9569805572676,-75.1662257986882,39.9519342771783,"off_peak",FALSE,5,14.50493
7200840207,"15:30",930,-75.1677276497158,39.9525760413027,-75.1815493379532,39.9195932035454,"off_peak",FALSE,20,24.626065
7200840210,"23:11",1391,-75.1815493379532,39.9195932035454,-75.1662257986882,39.9519342771783,"off_peak",FALSE,44,21.76301
7200840211,"0:05",5,-75.1662257986882,39.9519342771783,-75.0798260530761,40.0248633027149,"off_peak",FALSE,0,33.433333
7200840212,"0:20",20,-75.0798260530761,40.0248633027149,-75.0392105966606,40.0749172415666,"off_peak",FALSE,-20,28.076055
7200840301,"10:22",622,-75.0392105966606,40.0749172415666,-75.0245969202952,40.0722619717747,"off_peak",FALSE,25,17.020753
7218350101,"8:55",535,-75.1638872349499,39.9525548857932,-75.2984304981332,40.0094456354775,"am_peak",TRUE,175,31.334246
7218350102,"16:00",960,-75.2984304981332,40.0094456354775,-75.2626735411038,39.9640057100153,"pm_peak",TRUE,60,31.037443
7218350201,"6:55",415,-75.2538526622578,39.9589775244658,-75.3756545846891,40.0397732711601,"am_peak",TRUE,NA,51.199439
7218350202,"12:00",720,-75.3756545846891,40.0397732711601,-75.2626735411038,39.9640057100153,"off_peak",FALSE,90,58.624925
7218350301,"16:00",960,-75.2069459522751,39.9687555499558,-75.2626735411038,39.9640057100153,"pm_peak",TRUE,0,29.120277
7225010102,"10:09",609,-75.1649773922386,39.9502186753736,-75.1593108938158,39.9400078893569,"off_peak",FALSE,4,15.553871
7225010202,"10:09",609,-75.1649773922386,39.9502186753736,-75.1550731760754,39.9469560187574,"off_peak",FALSE,4,12.599956
7230170102,"7:14",434,-75.3002409178272,39.9964440900826,-75.1672929773502,39.9544153783527,"am_peak",TRUE,32,36.444762
7230170104,"16:20",980,-75.1662257986882,39.9519342771783,-75.1672929773502,39.9544153783527,"pm_peak",TRUE,36,4.05
7238160101,"9:00",540,-75.2069459522751,39.9687555499558,-75.1840170635385,39.9534784074457,"am_peak",TRUE,60,19.85563
7238160102,"12:15",735,-75.1840170635385,39.9534784074457,-75.2165947836222,39.9537421538695,"off_peak",FALSE,75,18.05345
7238160103,"15:10",910,-75.2165947836222,39.9537421538695,-75.2069459522751,39.9687555499558,"off_peak",FALSE,80,20.168932
7238160104,"19:00",1140,-75.2069459522751,39.9687555499558,-75.2024327640643,39.9546329212277,"off_peak",FALSE,60,11.008541
7238160105,"21:30",1290,-75.2024327640643,39.9546329212277,-75.2069459522751,39.9687555499558,"off_peak",FALSE,60,12.919618
7238160205,"20:30",1230,-75.1834073455283,39.9599979498596,-75.2069459522751,39.9687555499558,"off_peak",FALSE,30,20.568581
7238160301,"8:00",480,-75.2069459522751,39.9687555499558,-75.216704781889,39.9569805572676,"am_peak",TRUE,40,15.668211
7238160303,"17:10",1030,-75.2285144184624,39.9571346571898,-75.2189630817448,39.9770601294518,"pm_peak",TRUE,0,20.279368
7238160304,"17:20",1040,-75.2189630817448,39.9770601294518,-75.2069459522751,39.9687555499558,"pm_peak",TRUE,10,15.409131
7244310102,"6:35",395,-75.4829079089365,40.0451966969818,-75.1779217463161,39.9533873770951,"am_peak",TRUE,55,41.265516
7259750101,"8:05",485,-75.1739067739298,39.9188306771315,-75.1673585815214,39.9505151310837,"am_peak",TRUE,23,19.614284
7259750201,"15:40",940,-75.1612826317197,39.9532127364358,-75.1674177927973,39.9189023781397,"off_peak",FALSE,30,18.064088
7259750202,"16:20",980,-75.1674177927973,39.9189023781397,-75.1543285653421,39.912135860101,"pm_peak",TRUE,5,10.470137
7259750203,"16:50",1010,-75.1543285653421,39.912135860101,-75.1738700412219,39.9219806989111,"pm_peak",TRUE,10,17.669271
7272680101,"6:10",370,-75.1580149724927,39.9493530835764,-75.1580149724927,39.9493530835764,"am_peak",TRUE,20,2.079165
7281760101,"8:20",500,-75.2182588102061,39.950471058218,-75.1612826317197,39.9532127364358,"am_peak",TRUE,21,22.758326
7281760102,"16:41",1001,-75.1612826317197,39.9532127364358,-75.2182588102061,39.950471058218,"pm_peak",TRUE,19,24.693771
7286230101,"8:45",525,-75.1690343341821,39.9653703786754,-75.1550731760754,39.9469560187574,"am_peak",TRUE,35,22.035241
7286230103,"14:00",840,-75.1588750233838,39.9528401835985,-75.1690343341821,39.9653703786754,"off_peak",FALSE,30,17.327966
7294550301,"6:00",360,-75.0242936664932,40.0935720600163,-75.1673759243643,39.9592890487195,"am_peak",TRUE,90,72.102783
7296440110,"18:38",1118,-75.1648345113326,39.9541020155151,-75.2070232144824,39.990493481725,"pm_peak",TRUE,32,31.829861
7296440111,"22:55",1375,-75.2070232144824,39.990493481725,-75.1648345113326,39.9541020155151,"off_peak",FALSE,49,33.050632
7306590104,"17:12",1032,-75.1537481432666,39.9503794767793,-75.23225882312,40.073293545902,"pm_peak",TRUE,73,58.544828
7318400101,"9:15",555,-75.2859011035678,39.9804280541513,-75.1706866571216,39.953785415184,"am_peak",TRUE,45,34.402082
7318400102,"18:00",1080,-75.1706866571216,39.953785415184,-75.2859011035678,39.9804280541513,"pm_peak",TRUE,45,35.659477
7321150102,"9:00",540,-75.1870662747411,39.9335197790401,-75.1655746637264,39.9307064691021,"am_peak",TRUE,10,14.482562
7321150103,"9:20",560,-75.1655746637264,39.9307064691021,-75.1392788470332,40.0429484652339,"am_peak",TRUE,45,38.382054
7321150104,"10:11",611,-75.1392788470332,40.0429484652339,-75.0602877916782,40.0432878262775,"off_peak",FALSE,17,37.250966
7321150106,"11:00",660,-75.0648694032685,40.0546094774541,-75.1322724324316,40.0400578246308,"off_peak",FALSE,27,38.760794
7321150108,"12:04",724,-75.1392788470332,40.0429484652339,-75.1655746637264,39.9307064691021,"off_peak",FALSE,51,38.499631
7321150109,"12:57",777,-75.1655746637264,39.9307064691021,-75.1829342839572,39.9329910377486,"off_peak",FALSE,10,9.359728
7327690103,"15:30",930,-75.1655206281913,39.9477143701067,-75.1521306030788,39.9429783145413,"off_peak",FALSE,20,11.292432
7343290302,"16:00",960,-75.177201361549,39.9550054347417,-75.1638872349499,39.9525548857932,"pm_peak",TRUE,15,9.63883
7347290102,"9:17",557,-75.1392788470332,40.0429484652339,-75.1634808483634,39.9480403151119,"am_peak",TRUE,8,25.862314
7347290105,"12:12",732,-75.1634808483634,39.9480403151119,-75.1322724324316,40.0400578246308,"off_peak",FALSE,18,30.482049
7368370102,"10:55",655,-75.1312859799465,39.9929590474227,-75.2605892193798,39.9589840265396,"off_peak",FALSE,40,46.04028
7368370103,"11:38",698,-75.2605892193798,39.9589840265396,-75.1662257986882,39.9519342771783,"off_peak",FALSE,27,25.289635
7368370104,"12:06",726,-75.1662257986882,39.9519342771783,-75.1673759243643,39.9592890487195,"off_peak",FALSE,24,9.602065
7368370105,"14:30",870,-75.1673759243643,39.9592890487195,-75.1339173390945,39.9885141593941,"off_peak",FALSE,45,30.764958
7385020103,"9:20",560,-75.1665551812863,39.9452085642469,-75.1977262540913,39.9594259908695,"am_peak",TRUE,5,25.658141
7385020105,"18:50",1130,-75.1906300416804,39.958024348983,-75.1642635478598,39.945554104478,"pm_peak",TRUE,25,15.87485
7385840101,"10:00",600,-75.1725391195037,39.9527196860213,-75.0108885726665,40.1294791274976,"off_peak",FALSE,30,53.195095
7385840102,"11:00",660,-75.0108885726665,40.1294791274976,-75.1561127285024,39.9506763018863,"off_peak",FALSE,60,46.4
7385840103,"13:30",810,-75.1561127285024,39.9506763018863,-75.1694605873533,39.9520071435649,"off_peak",FALSE,30,11.297648
7385840104,"14:40",880,-75.1694605873533,39.9520071435649,-75.1619035045634,39.9912045729609,"off_peak",FALSE,50,26.646325
7385840202,"14:45",885,-75.1541388337345,39.9522458625874,-75.1619035045634,39.9912045729609,"off_peak",FALSE,45,21.139698
7413510101,"14:00",840,-75.3612383019632,39.8509642790314,-75.3285784262649,39.9077335323186,"off_peak",FALSE,120,36.917017
7413510201,"18:00",1080,-75.3545812381306,39.8898706855614,-75.3285784262649,39.9077335323186,"pm_peak",TRUE,45,18.593532
7422620101,"7:00",420,-75.0698998938792,40.0651165277988,-75.1638872349499,39.9525548857932,"am_peak",TRUE,74,51.881164
7430200101,"14:15",855,-75.1719943253434,40.0385566769693,-75.0798260530761,40.0248633027149,"off_peak",FALSE,75,40.840853
7430200201,"10:00",600,-75.2189630817448,39.9770601294518,-75.0798260530761,40.0248633027149,"off_peak",FALSE,840,56.322414
7433810103,"14:15",855,-75.2316719358833,39.9680910426143,-75.2414396306448,39.9567061667391,"off_peak",FALSE,45,18.37703
7454250102,"7:45",465,-75.2404250735521,39.9429205622721,-75.1625826795934,39.9513495936779,"am_peak",TRUE,30,33.637645
7454250106,"9:23",563,-75.1584725274299,39.950967187359,-75.2354698649569,39.9579979858569,"am_peak",TRUE,12,20.39307
7454250107,"9:40",580,-75.2354698649569,39.9579979858569,-75.2322455285086,39.963278945388,"off_peak",FALSE,2,8.416739
7454250202,"7:42",462,-75.2404250735521,39.9429205622721,-75.1588750233838,39.9528401835985,"am_peak",TRUE,28,33.0495
7454250207,"17:21",1041,-75.1584725274299,39.950967187359,-75.2354698649569,39.9579979858569,"pm_peak",TRUE,11,20.366667
7456980101,"11:00",660,-75.2024327640643,39.9546329212277,-75.3195257705183,40.0049815590517,"off_peak",FALSE,45,40.431106
7456980102,"19:45",1185,-75.3195257705183,40.0049815590517,-75.2024327640643,39.9546329212277,"off_peak",FALSE,40,42.911806
7490830101,"9:00",540,-74.9805169601034,40.0973234577003,-74.9965095266054,40.0731754234799,"am_peak",TRUE,15,17.796402
7490830102,"11:30",690,-74.9965095266054,40.0731754234799,-74.9805169601034,40.0973234577003,"off_peak",FALSE,345,17.731288
7490830201,"5:15",315,-74.9805169601034,40.0973234577003,-74.971722014007,40.068261230225,"off_peak",FALSE,75,26.589132
7490830202,"15:15",915,-74.971722014007,40.068261230225,-74.9965095266054,40.0731754234799,"off_peak",FALSE,45,25.823038
7490830203,"16:30",990,-74.9965095266054,40.0731754234799,-74.9805169601034,40.0973234577003,"pm_peak",TRUE,30,17.186641
10003630201,"11:00",660,-75.1301600245386,39.9721857729433,-75.1662257986882,39.9519342771783,"off_peak",FALSE,30,22.009543
10003630202,"13:30",810,-75.1662257986882,39.9519342771783,-75.177201361549,39.9550054347417,"off_peak",FALSE,30,8.262528
10003630203,"15:00",900,-75.177201361549,39.9550054347417,-75.1301600245386,39.9721857729433,"off_peak",FALSE,30,26.791286
10024340103,"10:40",640,-75.177201361549,39.9550054347417,-75.1638872349499,39.9525548857932,"off_peak",FALSE,0,9.733399
10153090101,"15:00",900,-75.1722093187508,39.9861472659912,-75.1074608568458,40.0361390710689,"off_peak",FALSE,40,50.302866
10153090102,"18:30",1110,-75.1074608568458,40.0361390710689,-75.1722093187508,39.9861472659912,"pm_peak",TRUE,40,54.64744
10231310105,"17:30",1050,-75.2823672331362,40.2208246075088,-75.2823672331362,40.2208246075088,"pm_peak",TRUE,42,17.443993
10242350101,"17:00",1020,-75.216704781889,39.9569805572676,-75.1608866949941,39.9837724999129,"pm_peak",TRUE,90,35.588833
10242350201,"5:00",300,-75.1431944251012,40.0284068368576,-75.0563940768372,40.2137895527483,"off_peak",FALSE,40,NA
10242350202,"14:30",870,-75.0563940768372,40.2137895527483,-75.1608866949941,39.9837724999129,"off_peak",FALSE,570,NA
10283530301,"16:45",1005,-75.1140625240641,39.9929319296134,-75.0854738945499,40.0094870178998,"pm_peak",TRUE,30,16.249942
10283530302,"20:45",1245,-75.0854738945499,40.0094870178998,-75.1140625240641,39.9929319296134,"off_peak",FALSE,30,15.172652
10285100101,"8:00",480,-75.214660746654,39.9308500106865,-75.1595117962634,39.9367714452714,"am_peak",TRUE,60,28.410963
10285100102,"10:15",615,-75.1595117962634,39.9367714452714,-75.1701368511036,39.9488667930338,"off_peak",FALSE,45,18.142603
10285100103,"12:20",740,-75.1701368511036,39.9488667930338,-75.2298442421393,39.9293235759694,"off_peak",FALSE,70,32.708417
10285100104,"13:50",830,-75.2298442421393,39.9293235759694,-75.2399779780059,39.9210924003411,"off_peak",FALSE,25,5.35
10285100105,"15:00",900,-75.2399779780059,39.9210924003411,-75.214660746654,39.9308500106865,"off_peak",FALSE,60,16.072397
10293830102,"13:20",800,-75.2024327640643,39.9546329212277,-75.2182588102061,39.950471058218,"off_peak",FALSE,50,14.665845
10293830103,"18:00",1080,-75.2182588102061,39.950471058218,-75.1928742171467,39.9459041130135,"pm_peak",TRUE,60,21.206552
10303490101,"8:00",480,-75.1401720521647,39.9668670569272,-75.1501439390544,39.9483766989707,"am_peak",TRUE,18,16.307908
10303490102,"8:24",504,-75.1501439390544,39.9483766989707,-75.2361840313814,40.0659288695917,"am_peak",TRUE,53,43.202467
10303490103,"11:07",667,-75.2361840313814,40.0659288695917,-75.1840170635385,39.9534784074457,"off_peak",FALSE,28,32.340381
10303490104,"11:40",700,-75.1840170635385,39.9534784074457,-75.1400970132193,39.9722367087517,"off_peak",FALSE,18,22.563951
10303490105,"12:00",720,-75.1400970132193,39.9722367087517,-75.1401720521647,39.9668670569272,"off_peak",FALSE,10,8.301245
10303490106,"15:30",930,-75.1401720521647,39.9668670569272,-75.1505658415867,39.9464361327538,"off_peak",FALSE,25,17.879484
10308930204,"13:05",785,-75.3045400928903,40.0162243322963,-75.1706866571216,39.953785415184,"off_peak",FALSE,20,39.366042
10308930205,"16:35",995,-75.1706866571216,39.953785415184,-75.3045400928903,40.0162243322963,"pm_peak",TRUE,15,37.085814
10308930206,"18:15",1095,-75.3045400928903,40.0162243322963,-75.1560983260195,39.9553691545034,"pm_peak",TRUE,20,50.007173
10308930207,"19:50",1190,-75.1560983260195,39.9553691545034,-75.3045400928903,40.0162243322963,"off_peak",FALSE,20,43.083333
10381140103,"11:40",700,-75.2065311183375,40.0264644764131,-75.1509013014001,40.0025369261947,"off_peak",FALSE,80,28.028044
10381140104,"15:30",930,-75.1509013014001,40.0025369261947,-75.177201361549,39.9550054347417,"off_peak",FALSE,60,27.74279
10381140105,"17:15",1035,-75.177201361549,39.9550054347417,-75.2065311183375,40.0264644764131,"pm_peak",TRUE,65,14.727857
10416920101,"6:50",410,-75.1483131665262,39.937767343598,-75.1509013014001,40.0025369261947,"am_peak",TRUE,40,41.273181
10512930203,"17:30",1050,-75.177201361549,39.9550054347417,-75.1785792243999,39.9689777214525,"pm_peak",TRUE,15,11.359287
10512930302,"7:35",455,-75.1632627264191,39.9610182840982,-75.1398050137829,40.0366774270012,"am_peak",TRUE,10,23.770789
10516820202,"7:49",469,-75.4500381380104,39.9613999791314,-75.5219531141482,39.9607510443511,"am_peak",TRUE,9,26.19052
10516820203,"12:20",740,-75.5219531141482,39.9607510443511,-75.4500381380104,39.9613999791314,"off_peak",FALSE,8,23.923667
10541430105,"15:15",915,-75.1638942692979,40.024836513729,-75.1545693550523,40.0111496191661,"off_peak",FALSE,0,12.328213
10541430109,"17:10",1030,-75.1719929709651,39.929072094888,-75.1661003080911,39.9138576581668,"pm_peak",TRUE,0,17.216507
10541430110,"17:17",1037,-75.1661003080911,39.9138576581668,-75.1543285653421,39.912135860101,"pm_peak",TRUE,33,10.589132
10541430113,"19:00",1140,-75.1543285653421,39.912135860101,-75.1516301589525,39.9168650559185,"off_peak",FALSE,3,7.406299
10541430114,"19:19",1159,-75.1516301589525,39.9168650559185,-75.1661003080911,39.9138576581668,"off_peak",FALSE,0,11.154613
10541430115,"20:13",1213,-75.1661003080911,39.9138576581668,-75.1638942692979,40.024836513729,"off_peak",FALSE,227,50.384212
10716540102,"7:38",458,-75.1191244525154,40.0364863338015,-75.0602877916782,40.0432878262775,"am_peak",TRUE,8,31.459703
10716540103,"7:52",472,-75.0602877916782,40.0432878262775,-75.1392788470332,40.0429484652339,"am_peak",TRUE,19,35.345643
10716540105,"11:08",668,-75.1601184429639,40.0511089560396,-75.1046013715564,40.0456485850198,"off_peak",FALSE,10,31.321244
10716540108,"13:11",791,-75.222939243936,40.2183267533376,-75.0602877916782,40.0432878262775,"off_peak",FALSE,7,NA
10716540202,"6:21",381,-75.1046013715564,40.0456485850198,-75.0602877916782,40.0432878262775,"am_peak",TRUE,9,33.071501
10717170102,"8:40",520,-75.2182588102061,39.950471058218,-75.1662257986882,39.9519342771783,"am_peak",TRUE,20,21.986538
10717170105,"17:10",1030,-75.1608290378846,39.9512565309348,-75.2162654488479,39.9464660922369,"pm_peak",TRUE,20,23.865408
10728430104,"16:10",970,-75.177201361549,39.9550054347417,-75.1700384657366,39.9693644720962,"pm_peak",TRUE,35,15.037933
10733780301,"7:40",460,-75.064739389944,39.9987906700722,-74.9919645563739,40.0557019160434,"am_peak",TRUE,54,31.851304
10733780302,"12:45",765,-74.9919645563739,40.0557019160434,-75.064739389944,39.9987906700722,"off_peak",FALSE,49,34.912321
10767710306,"9:27",567,-75.214650332805,40.1349579453564,-75.1889970534327,40.1395442243909,"am_peak",TRUE,3,19.477069
10767710309,"17:49",1069,-75.1889970534327,40.1395442243909,-75.214650332805,40.1349579453564,"pm_peak",TRUE,10,19.683333
10767710314,"22:17",1337,-75.1906300416804,39.958024348983,-75.1537481432666,39.9503794767793,"off_peak",FALSE,23,12.691868
10886840101,"5:30",330,-74.9907571215361,40.0991165357115,-75.1572994746159,39.95264251715,"off_peak",FALSE,35,69.506076
10886840102,"6:15",375,-75.1572994746159,39.95264251715,-75.0164718495484,40.1003470300558,"am_peak",TRUE,30,63.897203
10886840103,"15:00",900,-75.0164718495484,40.1003470300558,-75.1662257986882,39.9519342771783,"off_peak",FALSE,30,66.086999
10886840105,"16:20",980,-75.1584725274299,39.950967187359,-74.9907571215361,40.0991165357115,"pm_peak",TRUE,55,68.580697
10983270104,"7:21",441,-75.1827055398227,40.0389450998406,-75.1545693550523,40.0111496191661,"am_peak",TRUE,15,20.949344
10983270105,"7:42",462,-75.1545693550523,40.0111496191661,-75.1537481432666,39.9503794767793,"am_peak",TRUE,12,16.358269
10983270109,"17:04",1024,-75.1537481432666,39.9503794767793,-75.1545693550523,40.0111496191661,"pm_peak",TRUE,10,15.898881
10983270110,"17:20",1040,-75.1545693550523,40.0111496191661,-75.1827055398227,40.0389450998406,"pm_peak",TRUE,22,23.61017
10983270202,"5:54",354,-75.1827055398227,40.0389450998406,-75.1545693550523,40.0111496191661,"off_peak",FALSE,14,19.056807
10983270203,"6:16",376,-75.1545693550523,40.0111496191661,-75.1634808483634,39.9480403151119,"am_peak",TRUE,10,17.976477
10983270206,"13:11",791,-75.1634808483634,39.9480403151119,-75.1545693550523,40.0111496191661,"off_peak",FALSE,12,20.530366
10983270207,"13:27",807,-75.1545693550523,40.0111496191661,-75.1827055398227,40.0389450998406,"off_peak",FALSE,26,24.462103
11028550101,"9:00",540,-75.1710393335578,40.0215935498751,-75.1792803129236,39.9102291849896,"am_peak",TRUE,30,56.916649
11028550102,"9:45",585,-75.1792803129236,39.9102291849896,-75.214203546323,39.966573251699,"off_peak",FALSE,15,46.904974
11028550103,"10:15",615,-75.214203546323,39.966573251699,-75.1932965395644,39.9698350451223,"off_peak",FALSE,420,20.838859
11056340101,"9:10",550,-75.3147109767587,40.1422852431983,-75.283892350158,40.1787913892908,"am_peak",TRUE,20,22.223293
11056340102,"18:15",1095,-75.283892350158,40.1787913892908,-75.3147109767587,40.1422852431983,"pm_peak",TRUE,35,23.224736
11065170302,"6:56",416,-75.2657692657726,39.9241817714539,-75.269943076881,39.9356820759347,"am_peak",TRUE,4,12.296367
11097420101,"5:15",315,-75.1583891414117,40.0192666370153,-75.1612826317197,39.9532127364358,"off_peak",FALSE,75,24.611579
11097420102,"15:00",900,-75.1612826317197,39.9532127364358,-75.1583891414117,40.0192666370153,"off_peak",FALSE,90,24.047017
11126420102,"8:55",535,-75.1727947008017,39.9254003368501,-75.183199136493,39.9280075886022,"am_peak",TRUE,0,8.200172
11126420104,"14:00",840,-75.1779217463161,39.9533873770951,-75.1900612521521,39.9261972601751,"off_peak",FALSE,60,24.588479
11193150101,"14:30",870,-75.1830900642771,39.9921503642697,-75.1830900642771,39.9921503642697,"off_peak",FALSE,60,8.632493
11193150301,"18:00",1080,-75.1830900642771,39.9921503642697,-75.1804047012754,39.9816583790678,"pm_peak",TRUE,60,12.254658
11193150302,"23:00",1380,-75.1804047012754,39.9816583790678,-75.1830900642771,39.9921503642697,"off_peak",FALSE,90,10.78171
11196660401,"13:00",780,-75.0899078827828,40.1754087918635,-75.1545851492175,39.9813757258968,"off_peak",FALSE,40,55.2
11203010101,"8:15",495,-75.13315298552,40.0493311400039,-75.1638872349499,39.9525548857932,"am_peak",TRUE,45,32.824934
11203010107,"12:30",750,-75.1603747972298,39.949646258079,-75.1392788470332,40.0429484652339,"off_peak",FALSE,0,29.908192
11230090202,"8:15",495,-75.0798260530761,40.0248633027149,-75.1612826317197,39.9532127364358,"am_peak",TRUE,19,31.28346
11230090203,"13:00",780,-75.1612826317197,39.9532127364358,-75.0589769417546,40.017025533914,"off_peak",FALSE,50,36.29054
11313060201,"7:45",465,-75.0673055651795,40.0442784991825,-75.1647675352254,39.9513827603519,"am_peak",TRUE,45,43.505399
11313060202,"20:00",1200,-75.1647675352254,39.9513827603519,-75.0673055651795,40.0442784991825,"off_peak",FALSE,45,45.196552
11374790102,"7:48",468,-75.3393886203709,40.0346462639254,-75.2626735411038,39.9640057100153,"am_peak",TRUE,14,25.884273
11374790103,"8:04",484,-75.2626735411038,39.9640057100153,-75.150229373412,39.9517620658106,"am_peak",TRUE,22,28.61965
11374790106,"17:16",1036,-75.150229373412,39.9517620658106,-75.2626735411038,39.9640057100153,"pm_peak",TRUE,21,28.409773
11374790107,"17:47",1067,-75.2626735411038,39.9640057100153,-75.3393886203709,40.0346462639254,"pm_peak",TRUE,12,23.889108
11470540108,"18:23",1103,-75.2232933759479,39.9448265734297,-75.1858598621043,39.9165483287187,"pm_peak",TRUE,16,36.007296
11470540109,"19:32",1172,-75.1858598621043,39.9165483287187,-75.2302974929617,39.93947440453,"off_peak",FALSE,31,21.978321
11662350104,"10:30",630,-75.0589191747288,40.0341434174917,-75.0272886661161,40.0451130655592,"off_peak",FALSE,18,15.264737
11662350105,"11:35",695,-75.0272886661161,40.0451130655592,-75.0521615628162,40.0286394093827,"off_peak",FALSE,17,20.600363
11712980102,"18:10",1090,-75.1638872349499,39.9525548857932,-75.1584725274299,39.950967187359,"pm_peak",TRUE,10,6.276623
11816680101,"6:15",375,-75.2669034171152,39.9566940557434,-75.150229373412,39.9517620658106,"am_peak",TRUE,40,34.518214
11816680102,"17:30",1050,-75.150229373412,39.9517620658106,-75.2669034171152,39.9566940557434,"pm_peak",TRUE,75,33.949449
11928380302,"7:04",424,-75.0272886661161,40.0451130655592,-75.0490199739364,40.069819370287,"am_peak",TRUE,16,22.787389
11928380304,"14:50",890,-75.0272886661161,40.0451130655592,-75.0440576064122,40.055019358023,"off_peak",FALSE,15,10.25
11988050101,"12:00",720,-75.1833128313549,39.9960562366823,-75.1732743609913,39.9456003211594,"off_peak",FALSE,60,40.558533
11988050102,"14:45",885,-75.1732743609913,39.9456003211594,-75.1833128313549,39.9960562366823,"off_peak",FALSE,45,38.390124
11988050201,"23:00",1380,-75.1833128313549,39.9960562366823,-75.1833128313549,39.9960562366823,"off_peak",FALSE,45,8.982749
11988050501,"14:00",840,-75.1938842464804,39.9345602638164,-75.1833128313549,39.9960562366823,"off_peak",FALSE,90,47.955116
11988050601,"14:00",840,-75.1938842464804,39.9345602638164,-75.1833128313549,39.9960562366823,"off_peak",FALSE,90,47.955116
11988790201,"5:00",300,-74.9537657364031,40.1342148390318,-75.1545851492175,39.9813757258968,"off_peak",FALSE,180,68.433333
12010950302,"9:00",540,-75.4245283894686,39.9086253629038,-75.1928742171467,39.9459041130135,"am_peak",TRUE,33,77.575071
12010950305,"15:33",933,-75.1965975232029,39.9477559566907,-75.1965975232029,39.9477559566907,"off_peak",FALSE,33,6.873948
12024070101,"2:50",170,-75.2341467351472,39.9457946759268,-75.2341467351472,39.9457946759268,"off_peak",FALSE,NA,7.515555
12024100303,"15:45",945,-75.1722288078707,39.9400534674801,-75.2300055470776,39.9884080077411,"off_peak",FALSE,50,46.595822
12091100102,"10:30",630,-75.1672929773502,39.9544153783527,-75.2344133789046,40.0088074073246,"off_peak",FALSE,50,34.232579
12105620205,"15:45",945,-75.1779217463161,39.9533873770951,-75.1584725274299,39.950967187359,"off_peak",FALSE,15,13.452001
12105620402,"12:00",720,-75.1833908620653,39.9475606076449,-75.1628439188361,39.9457617844426,"off_peak",FALSE,60,18.794178
12119850401,"8:15",495,-75.1906210349248,39.9616350467224,-75.2859011035678,39.9804280541513,"am_peak",TRUE,35,31.085682
12119850402,"18:08",1088,-75.2859011035678,39.9804280541513,-75.1906210349248,39.9616350467224,"pm_peak",TRUE,22,34.446452
12129060101,"14:10",850,-75.175919233186,40.0332814777088,-75.1191244525154,40.0364863338015,"off_peak",FALSE,25,30.99583
12129060102,"17:25",1045,-75.1191244525154,40.0364863338015,-75.1710393335578,40.0215935498751,"pm_peak",TRUE,20,19.968887
12237930101,"7:15",435,-75.1498041127206,39.934304016358,-75.1541388337345,39.9522458625874,"am_peak",TRUE,26,18.770056
12237930105,"17:18",1038,-75.1541388337345,39.9522458625874,-75.1498041127206,39.934304016358,"pm_peak",TRUE,26,18.525122
12237930201,"6:55",415,-75.1498041127206,39.934304016358,-75.1461838934269,39.9589037110814,"am_peak",TRUE,27,16.934334
12237930203,"14:40",880,-75.1541388337345,39.9522458625874,-75.1611907875754,39.9477574019743,"off_peak",FALSE,18,11.558189
12237930204,"15:58",958,-75.1611907875754,39.9477574019743,-75.1498041127206,39.934304016358,"off_peak",FALSE,17,17.3371
12237930301,"7:15",435,-75.1498041127206,39.934304016358,-75.1541388337345,39.9522458625874,"am_peak",TRUE,26,18.770056
12237930302,"14:40",880,-75.1541388337345,39.9522458625874,-75.1611907875754,39.9477574019743,"off_peak",FALSE,18,11.558189
12237930303,"15:56",956,-75.1611907875754,39.9477574019743,-75.1498041127206,39.934304016358,"off_peak",FALSE,19,17.3371
12289130103,"10:00",600,-75.1720816011546,39.9549927124551,-75.177201361549,39.9550054347417,"off_peak",FALSE,15,6.708558
12425930102,"7:25",445,-75.300281066518,40.0007168757721,-75.2626735411038,39.9640057100153,"am_peak",TRUE,10,26.509675
12425930103,"7:40",460,-75.2626735411038,39.9640057100153,-75.1662257986882,39.9519342771783,"am_peak",TRUE,25,23.951639
12425930106,"17:25",1045,-75.1662257986882,39.9519342771783,-75.2626735411038,39.9640057100153,"pm_peak",TRUE,25,23.869646
12425930107,"18:00",1080,-75.2626735411038,39.9640057100153,-75.300281066518,40.0007168757721,"pm_peak",TRUE,10,23.85127
12583270202,"15:54",954,-75.3235511564497,40.1219444180383,-75.2782358419767,40.1133698952466,"off_peak",FALSE,26,48.722562
12583270203,"17:15",1035,-75.2782358419767,40.1133698952466,-75.3235511564497,40.1219444180383,"pm_peak",TRUE,35,37.326109
12583270302,"15:54",954,-75.3235511564497,40.1219444180383,-75.2782358419767,40.1133698952466,"off_peak",FALSE,26,48.722562
12583270303,"17:15",1035,-75.2782358419767,40.1133698952466,-75.3235511564497,40.1219444180383,"pm_peak",TRUE,35,37.326109
12583270402,"15:54",954,-75.3235511564497,40.1219444180383,-75.2782358419767,40.1133698952466,"off_peak",FALSE,26,48.722562
12583270403,"17:15",1035,-75.2782358419767,40.1133698952466,-75.3235511564497,40.1219444180383,"pm_peak",TRUE,35,37.326109
12688310207,"11:50",710,-75.0798260530761,40.0248633027149,-75.1400970132193,39.9722367087517,"off_peak",FALSE,15,29.022495
12765360101,"5:30",330,-75.1798114670555,39.9715794694621,-75.1638872349499,39.9525548857932,"off_peak",FALSE,30,16.091007
12783680105,"13:26",806,-75.1583891414117,40.0192666370153,-75.175919233186,40.0332814777088,"off_peak",FALSE,23,14.88109
12783680108,"19:40",1180,-75.1874482344911,40.0457370394131,-75.1874482344911,40.0457370394131,"off_peak",FALSE,80,9.51848
12784730101,"8:00",480,-75.3505492479473,40.1203018431899,-75.4109709119456,40.1265917475322,"am_peak",TRUE,36,21.880141
12852100101,"9:04",544,-75.1629816913276,39.9348297671495,-75.1661003080911,39.9138576581668,"am_peak",TRUE,33,13.606034
12852100102,"10:05",605,-75.1661003080911,39.9138576581668,-75.1655746637264,39.9307064691021,"off_peak",FALSE,18,16.919866
12852100104,"16:05",965,-75.1629816913276,39.9348297671495,-75.1611907875754,39.9477574019743,"pm_peak",TRUE,23,13.256756
12852100106,"18:30",1110,-75.1611907875754,39.9477574019743,-75.1629816913276,39.9348297671495,"pm_peak",TRUE,15,11.059562
12904600101,"6:35",395,-75.0806751855718,40.016348069306,-75.1675355693758,39.9533981752196,"am_peak",TRUE,22,30.975616
12904600103,"17:00",1020,-75.1672929773502,39.9544153783527,-75.0806751855718,40.016348069306,"pm_peak",TRUE,40,32.163669
12918480301,"8:00",480,-75.3264776780465,39.8728102528069,-75.3938186136374,39.9651711354682,"am_peak",TRUE,95,76.919532
12918480302,"13:00",780,-75.3938186136374,39.9651711354682,-75.3264776780465,39.8728102528069,"off_peak",FALSE,90,67.826421
12951000103,"9:30",570,-75.1706866571216,39.953785415184,-75.1541388337345,39.9522458625874,"off_peak",FALSE,20,9.200766
12951000104,"11:00",660,-75.1541388337345,39.9522458625874,-75.1584725274299,39.950967187359,"off_peak",FALSE,10,5.820182
12951000105,"11:17",677,-75.1584725274299,39.950967187359,-75.1661426003533,40.014873112626,"off_peak",FALSE,65,30.404858
12951000106,"12:44",764,-75.1661426003533,40.014873112626,-75.211934088646,40.0470512663366,"off_peak",FALSE,-22,41.48002
12988510201,"8:05",485,-75.3033644043198,39.9449510611518,-75.1692942790448,39.9527602328087,"am_peak",TRUE,60,43.702994
12988510202,"18:00",1080,-75.1692942790448,39.9527602328087,-75.3033644043198,39.9449510611518,"pm_peak",TRUE,120,43.757699
13028350101,"9:30",570,-75.1411591473044,40.2793198687386,-75.1477600680928,40.3266281579924,"off_peak",FALSE,10,72.313455
13054210103,"13:15",795,-75.2128647817132,40.0824469736708,-75.1962680244175,40.0724717157188,"off_peak",FALSE,345,20.600137
13084440201,"5:15",315,-75.1139704218066,40.0309825414845,-75.1859236878394,40.0056791510122,"off_peak",FALSE,NA,28.305899
13084440202,"14:00",840,-75.1859236878394,40.0056791510122,-75.1139704218066,40.0309825414845,"off_peak",FALSE,600,29.215779
13205640201,"7:45",465,-75.1629816913276,39.9348297671495,-75.1446587384151,39.9502859178682,"am_peak",TRUE,20,22.243986
13205640202,"17:20",1040,-75.1446587384151,39.9502859178682,-75.1629816913276,39.9348297671495,"pm_peak",TRUE,21,22.243314
13249230101,"8:00",480,-75.0589769417546,40.017025533914,-75.1018775098952,39.9927596244991,"am_peak",TRUE,60,30.857729
13252800201,"9:20",560,-75.1738700412219,39.9219806989111,-75.1691139313301,39.9535949564727,"am_peak",TRUE,40,23.304787
13255850102,"12:00",720,-75.2065311183375,40.0264644764131,-75.1541388337345,39.9522458625874,"off_peak",FALSE,60,27.146609
13271810402,"9:55",595,-75.2626735411038,39.9640057100153,-75.3922133622912,40.087943010321,"off_peak",FALSE,5,44.007047
13271810405,"17:37",1057,-75.4050587593771,40.0953145055857,-75.4050587593771,40.0953145055857,"pm_peak",TRUE,10,12.413864
13277160201,"8:00",480,-75.1738700412219,39.9219806989111,-75.1634808483634,39.9480403151119,"am_peak",TRUE,20,15.361359
13277160202,"16:30",990,-75.1634808483634,39.9480403151119,-75.1738700412219,39.9219806989111,"pm_peak",TRUE,20,18.005271
13304030102,"7:25",445,-75.0503988334115,40.0876996804033,-75.0851931466197,40.0437712425002,"am_peak",TRUE,20,33.359542
13304030106,"16:27",987,-75.0851931466197,40.0437712425002,-75.0503988334115,40.0876996804033,"pm_peak",TRUE,21,27.130572
13304030302,"7:15",435,-75.0575931303197,40.0979296280696,-75.0798260530761,40.0248633027149,"am_peak",TRUE,25,41.474527
13304030303,"7:52",472,-75.0798260530761,40.0248633027149,-75.1662257986882,39.9519342771783,"am_peak",TRUE,18,32.520773
13304030306,"15:25",925,-75.1662257986882,39.9519342771783,-75.0798260530761,40.0248633027149,"off_peak",FALSE,40,32.87982
13304030307,"16:17",977,-75.0798260530761,40.0248633027149,-75.0503988334115,40.0876996804033,"pm_peak",TRUE,33,37.528199
13561360101,"7:40",460,-75.233360759861,39.9720395071482,-75.1550731760754,39.9469560187574,"am_peak",TRUE,25,40.953937
13561360102,"11:45",705,-75.1550731760754,39.9469560187574,-75.1603747972298,39.949646258079,"off_peak",FALSE,15,8.011987
13561360104,"13:15",795,-75.1608290378846,39.9512565309348,-75.1085340726583,39.9955139503969,"off_peak",FALSE,30,25.117882
13561360105,"14:30",870,-75.1085340726583,39.9955139503969,-75.1550731760754,39.9469560187574,"off_peak",FALSE,30,27.489503
13561360106,"16:20",980,-75.1550731760754,39.9469560187574,-75.1634052023169,39.9571451807186,"pm_peak",TRUE,25,17.885932
13561360107,"17:00",1020,-75.1634052023169,39.9571451807186,-75.233360759861,39.9720395071482,"pm_peak",TRUE,45,35.044701
13602530101,"15:30",930,-74.9823583671564,40.110760248005,-75.1792803129236,39.9102291849896,"off_peak",FALSE,95,103.449677
13629790101,"7:00",420,-75.1647675352254,39.9513827603519,-75.1505658415867,39.9464361327538,"am_peak",TRUE,0,12.59361
13629790102,"10:00",600,-75.1505658415867,39.9464361327538,-75.1647675352254,39.9513827603519,"off_peak",FALSE,30,15.978487
13665150202,"13:10",790,-75.1495939755084,40.0125900284939,-75.1634808483634,39.9480403151119,"off_peak",FALSE,35,19.165346
13665150203,"15:10",910,-75.1634808483634,39.9480403151119,-75.1971342156818,40.0138387034349,"off_peak",FALSE,30,28.795487
13665150205,"16:30",990,-75.1898605144712,40.0114702178942,-75.1859236878394,40.0056791510122,"pm_peak",TRUE,45,10.66726
13701130101,"12:40",760,-75.177201361549,39.9550054347417,-75.1722789942054,39.9539778646615,"off_peak",FALSE,0,6.342676
13701130102,"13:00",780,-75.1722789942054,39.9539778646615,-75.1603747972298,39.949646258079,"off_peak",FALSE,0,12.251311
13701130103,"13:30",810,-75.1603747972298,39.949646258079,-75.1648345113326,39.9541020155151,"off_peak",FALSE,5,8.253871
13702340102,"6:25",385,-75.099782195019,40.006355591222,-75.2322455285086,39.963278945388,"am_peak",TRUE,NA,37.303742
13702340103,"15:50",950,-75.2322455285086,39.963278945388,-75.0529627230323,40.0535132505067,"off_peak",FALSE,22,55.209946
13702340105,"17:05",1025,-75.1840170635385,39.9534784074457,-75.099782195019,40.006355591222,"pm_peak",TRUE,20,30.456666
13772340101,"11:30",690,-75.1720816011546,39.9549927124551,-75.1779217463161,39.9533873770951,"off_peak",FALSE,25,7.324358
13772340102,"13:10",790,-75.1779217463161,39.9533873770951,-75.1720816011546,39.9549927124551,"off_peak",FALSE,650,7.122217
13791240101,"4:50",290,-75.1601043768351,40.0613309307968,-75.1471644147674,40.0425358392666,"off_peak",FALSE,23,18.395248
13791240102,"5:38",338,-75.1471644147674,40.0425358392666,-75.0798260530761,40.0248633027149,"off_peak",FALSE,16,40.129723
13791240105,"13:12",792,-75.0490199739364,40.069819370287,-75.0798260530761,40.0248633027149,"off_peak",FALSE,39,27.269787
13791240106,"14:03",843,-75.0798260530761,40.0248633027149,-75.1398050137829,40.0366774270012,"off_peak",FALSE,19,26.442028
13791240107,"14:30",870,-75.1398050137829,40.0366774270012,-75.1601043768351,40.0613309307968,"off_peak",FALSE,15,27.632218
13835240103,"15:00",900,-75.2322455285086,39.963278945388,-75.2240243087353,39.9622994543846,"off_peak",FALSE,30,10.662495
13835240104,"16:00",960,-75.2240243087353,39.9622994543846,-75.2322455285086,39.963278945388,"pm_peak",TRUE,30,11.342455
13835240106,"21:30",1290,-75.214203546323,39.966573251699,-75.2322455285086,39.963278945388,"off_peak",FALSE,60,16.251044
13861880101,"10:34",634,-75.2226378551491,39.995965776317,-75.2093603571935,40.0074782230597,"off_peak",FALSE,16,15.499971
13861880102,"11:12",672,-75.2093603571935,40.0074782230597,-75.2226378551491,39.995965776317,"off_peak",FALSE,21,14.978003
13861880103,"12:14",734,-75.2226378551491,39.995965776317,-75.1672929773502,39.9544153783527,"off_peak",FALSE,46,35.264633
13861880104,"13:34",814,-75.1672929773502,39.9544153783527,-75.2226378551491,39.995965776317,"off_peak",FALSE,37,30.941227
13885570102,"15:00",900,-75.1541388337345,39.9522458625874,-75.1630984016405,39.9735438590113,"off_peak",FALSE,540,16.41674
13888660105,"16:31",991,-75.1742868895805,39.952935291834,-75.1717674832599,39.9564206302579,"pm_peak",TRUE,23,6.681579
14027620104,"6:55",415,-75.1018775098952,39.9927596244991,-75.103797227359,39.9987737258,"am_peak",TRUE,5,11.463373
14082550201,"8:30",510,-75.1800070313661,39.946441631749,-75.1584725274299,39.950967187359,"am_peak",TRUE,20,18.185262
14082550203,"18:15",1095,-75.1588750233838,39.9528401835985,-75.1800070313661,39.946441631749,"pm_peak",TRUE,25,21.551501
14109230201,"12:30",750,-75.1752524766747,39.9659654913561,-75.1706866571216,39.953785415184,"off_peak",FALSE,25,13.509443
14109230203,"14:41",881,-75.1704674139331,39.9548009865238,-75.1752524766747,39.9659654913561,"off_peak",FALSE,24,11.163505
14197380101,"8:50",530,-75.0325978610195,40.0871418066782,-75.0764572984039,40.1039681051157,"am_peak",TRUE,45,40.217627
14197380102,"10:35",635,-75.0764572984039,40.1039681051157,-75.0721554762398,40.0826017949601,"off_peak",FALSE,55,42.283728
14197380103,"11:50",710,-75.0721554762398,40.0826017949601,-75.0325978610195,40.0871418066782,"off_peak",FALSE,40,29.306402
14231890102,"10:29",629,-75.1704674139331,39.9548009865238,-75.1724998481553,39.9491635804723,"off_peak",FALSE,6,6.218606
14259240301,"6:50",410,-75.0534528142384,40.0711126916022,-75.1392078148453,39.9466654688148,"am_peak",TRUE,70,51.862759
14259240303,"17:45",1065,-75.1541388337345,39.9522458625874,-75.0798260530761,40.0248633027149,"pm_peak",TRUE,0,30.675424
14292220102,"15:00",900,-75.1578194556998,39.9904255905816,-75.1553089348274,40.0036904586044,"off_peak",FALSE,60,13.206704
14292220202,"15:00",900,-75.1578194556998,39.9904255905816,-75.1553089348274,40.0036904586044,"off_peak",FALSE,60,13.206704
14409980107,"16:36",996,-75.1603747972298,39.949646258079,-75.1569523625043,39.943116935689,"pm_peak",TRUE,11,11.982005
14409980202,"8:42",522,-75.1537481432666,39.9503794767793,-75.1906300416804,39.958024348983,"am_peak",TRUE,3,12.45248
14409980205,"15:50",950,-75.1941152941134,39.9546263068532,-75.1941152941134,39.9546263068532,"off_peak",FALSE,5,5.618508
14515470101,"12:30",750,-75.1944243101308,40.0409483586041,-75.1894072133033,40.0670899916203,"off_peak",FALSE,15,29.216457
14515470102,"14:15",855,-75.1894072133033,40.0670899916203,-75.1474545568906,39.9496085506464,"off_peak",FALSE,50,46.160672
14515470104,"17:45",1065,-75.1466622121185,39.9478355374067,-75.1944243101308,40.0409483586041,"pm_peak",TRUE,80,42.423977
14561950202,"8:47",527,-75.3393898477744,40.011683172831,-75.2626735411038,39.9640057100153,"am_peak",TRUE,15,44.090391
14561950203,"9:06",546,-75.2626735411038,39.9640057100153,-75.1584725274299,39.950967187359,"am_peak",TRUE,31,25.304342
14644900103,"8:30",510,-75.1483131665262,39.937767343598,-75.1672929773502,39.9544153783527,"am_peak",TRUE,25,21.901761
14644900104,"17:40",1060,-75.1672929773502,39.9544153783527,-75.1483131665262,39.937767343598,"pm_peak",TRUE,35,23.458897
14717270101,"12:40",760,-75.233360759861,39.9720395071482,-75.2069459522751,39.9687555499558,"off_peak",FALSE,53,19.659066
14717270102,"15:45",945,-75.2069459522751,39.9687555499558,-75.233360759861,39.9720395071482,"off_peak",FALSE,50,19.942563
14729440302,"18:04",1084,-75.3612694227735,39.9438814885064,-75.2774149663199,39.9687743576991,"pm_peak",TRUE,36,42.495142
14729440501,"17:40",1060,-75.2784887557887,39.9397339356879,-75.3612694227735,39.9438814885064,"pm_peak",TRUE,40,55.081312
14729440502,"23:00",1380,-75.3612694227735,39.9438814885064,-75.2774149663199,39.9687743576991,"off_peak",FALSE,19,41.603871
14795400101,"7:09",429,-75.1595117962634,39.9367714452714,-75.1446587384151,39.9502859178682,"am_peak",TRUE,7,18.833743
14795400102,"11:26",686,-75.1446587384151,39.9502859178682,-75.1595117962634,39.9367714452714,"off_peak",FALSE,19,19.382696
14887230102,"16:30",990,-75.1677276497158,39.9525760413027,-75.026451490852,40.0393341295038,"pm_peak",TRUE,38,46.056004
14887230104,"18:30",1110,-75.1815493379532,39.9195932035454,-75.1648345113326,39.9541020155151,"pm_peak",TRUE,30,22.572731
14902100102,"9:35",575,-75.1530023621858,39.9760354383899,-75.1941152941134,39.9546263068532,"off_peak",FALSE,30,31.424232
14922300102,"8:29",509,-75.3298869993221,39.9712666509447,-75.2626735411038,39.9640057100153,"am_peak",TRUE,16,23.129528
14922300103,"8:48",528,-75.2626735411038,39.9640057100153,-75.1906300416804,39.958024348983,"am_peak",TRUE,11,22.920065
14922300108,"17:26",1046,-75.1906300416804,39.958024348983,-75.2626735411038,39.9640057100153,"pm_peak",TRUE,11,22.836948
14922300109,"17:46",1066,-75.2626735411038,39.9640057100153,-75.3283478818808,39.9804431108819,"pm_peak",TRUE,19,21.604407
16626740102,"9:26",566,-75.1621989372444,39.9276530000056,-75.1516301589525,39.9168650559185,"am_peak",TRUE,23,18.655667
16626740103,"10:05",605,-75.1516301589525,39.9168650559185,-75.3963715320328,40.0891211603589,"off_peak",FALSE,62,85.011459
16626740104,"19:22",1162,-75.3963715320328,40.0891211603589,-75.1612826317197,39.9532127364358,"off_peak",FALSE,53,56.071776
16626740106,"20:44",1244,-75.1638872349499,39.9525548857932,-75.1655746637264,39.9307064691021,"off_peak",FALSE,13,12.638667
16626740202,"11:35",695,-75.1655746637264,39.9307064691021,-75.1588750233838,39.9528401835985,"off_peak",FALSE,20,18.778463
16626740204,"12:15",735,-75.150623776162,39.9499928305521,-75.2070232144824,39.990493481725,"off_peak",FALSE,35,37.233779
16648230101,"6:00",360,-75.0272886661161,40.0451130655592,-75.1725391195037,39.9527196860213,"am_peak",TRUE,40,58.871651
16649670102,"4:48",288,-75.0675318693472,40.0381003553224,-75.0798260530761,40.0248633027149,"off_peak",FALSE,2,13.668114
16649670103,"5:50",350,-75.0798260530761,40.0248633027149,-75.1669894744938,39.9484799410289,"off_peak",FALSE,0,38.363268
16649670104,"6:20",380,-75.1669894744938,39.9484799410289,-75.1957094473416,39.9494354858208,"am_peak",TRUE,10,18.189905
16649670105,"17:00",1020,-75.1957094473416,39.9494354858208,-75.1957094473416,39.9494354858208,"pm_peak",TRUE,0,6.263009
16649670106,"17:30",1050,-75.1957094473416,39.9494354858208,-75.0798260530761,40.0248633027149,"pm_peak",TRUE,40,44.559262
16649670107,"18:30",1110,-75.0798260530761,40.0248633027149,-75.0675318693472,40.0381003553224,"pm_peak",TRUE,15,14.601377
16652140101,"13:50",830,-75.1410924621013,39.9257396921949,-75.1829342839572,39.9329910377486,"off_peak",FALSE,40,20.783989
16689570104,"17:15",1035,-75.1766032234225,39.9460189303461,-75.1498041127206,39.934304016358,"pm_peak",TRUE,35,21.95929
16704030202,"16:30",990,-75.1580149724927,39.9493530835764,-75.0440576064122,40.055019358023,"pm_peak",TRUE,60,45.626261
16710320101,"6:10",370,-75.1779589729157,39.9323508816088,-75.2297477143439,39.9955405987823,"am_peak",TRUE,70,40.718934
16710320102,"15:45",945,-75.2297477143439,39.9955405987823,-75.1779589729157,39.9323508816088,"off_peak",FALSE,77,43.608641
16741510101,"8:00",480,-75.1499787429165,39.9261869529317,-75.173930383129,39.954707841715,"am_peak",TRUE,30,33.307496
16741510102,"17:00",1020,-75.173930383129,39.954707841715,-75.1499787429165,39.9261869529317,"pm_peak",TRUE,35,32.257805
16753460201,"8:20",500,-75.1560983260195,39.9553691545034,-75.1977262540913,39.9594259908695,"am_peak",TRUE,30,24.772787
16753460208,"19:05",1145,-75.1984494658686,39.9539400028283,-75.1560983260195,39.9553691545034,"off_peak",FALSE,30,23.606578
16829010201,"8:00",480,-75.2783533552924,39.9575793577259,-75.1941152941134,39.9546263068532,"am_peak",TRUE,45,33.454409
16837500101,"11:00",660,-75.1509013014001,40.0025369261947,-75.0490199739364,40.069819370287,"off_peak",FALSE,30,53.074882
16837500102,"17:00",1020,-75.0490199739364,40.069819370287,-75.1509013014001,40.0025369261947,"pm_peak",TRUE,60,50.271491
16842350103,"11:40",700,-75.164306407762,40.0640308089852,-75.1673585815214,39.9505151310837,"off_peak",FALSE,30,47.891438
16842350104,"12:15",735,-75.1673585815214,39.9505151310837,-75.164306407762,40.0640308089852,"off_peak",FALSE,23,44.706533
16850430301,"14:10",850,-75.2470254533281,39.9098598374513,-75.1941152941134,39.9546263068532,"off_peak",FALSE,38,30.103433
16850430302,"22:36",1356,-75.1941152941134,39.9546263068532,-75.2470254533281,39.9098598374513,"off_peak",FALSE,54,28.351852
16886390101,"10:20",620,-75.2306181788506,40.0331480094283,-75.2387234054179,40.0409946008438,"off_peak",FALSE,16,14.2
16886390103,"12:20",740,-75.1541388337345,39.9522458625874,-75.2306181788506,40.0331480094283,"off_peak",FALSE,55,31.267485
16886390201,"7:45",465,-75.2306181788506,40.0331480094283,-75.1662257986882,39.9519342771783,"am_peak",TRUE,45,30.691473
16886390202,"9:15",555,-75.1662257986882,39.9519342771783,-75.2306181788506,40.0331480094283,"am_peak",TRUE,30,30.790388
16899100102,"13:52",832,-75.1673759243643,39.9592890487195,-75.1677276497158,39.9525760413027,"off_peak",FALSE,6,8.479594
16899100103,"14:10",850,-75.1677276497158,39.9525760413027,-75.1588750233838,39.9528401835985,"off_peak",FALSE,6,9.601632
16899100104,"14:58",898,-75.1588750233838,39.9528401835985,-75.1673759243643,39.9592890487195,"off_peak",FALSE,44,14.534995
16899100202,"13:45",825,-75.1673759243643,39.9592890487195,-75.1410924621013,39.9257396921949,"off_peak",FALSE,15,38.644684
16899100203,"14:10",850,-75.1410924621013,39.9257396921949,-75.1424353043086,39.9181642204268,"off_peak",FALSE,5,11.227439
16899100204,"14:16",856,-75.1424353043086,39.9181642204268,-75.1673759243643,39.9592890487195,"off_peak",FALSE,8,37.955536
16915460101,"8:50",530,-75.1629816913276,39.9348297671495,-75.1540803782248,39.9488624668665,"am_peak",TRUE,31,18.644372
16915460103,"18:22",1102,-75.1540803782248,39.9488624668665,-75.1603747972298,39.949646258079,"pm_peak",TRUE,2,7.050825
16915460201,"15:35",935,-75.1629816913276,39.9348297671495,-75.1727947008017,39.9254003368501,"off_peak",FALSE,20,16.189527
16915460202,"17:15",1035,-75.1727947008017,39.9254003368501,-75.1629816913276,39.9348297671495,"pm_peak",TRUE,23,15.312098
16915460301,"15:35",935,-75.1629816913276,39.9348297671495,-75.1727947008017,39.9254003368501,"off_peak",FALSE,20,16.189527
16915460302,"17:15",1035,-75.1727947008017,39.9254003368501,-75.1629816913276,39.9348297671495,"pm_peak",TRUE,23,15.312098
16918300301,"14:30",870,-75.2354698649569,39.9579979858569,-75.3054031466246,40.0948116936931,"off_peak",FALSE,90,71.077815
16918300302,"21:00",1260,-75.3054031466246,40.0948116936931,-75.2354698649569,39.9579979858569,"off_peak",FALSE,120,78.325737
16982370101,"6:50",410,-75.1661003080911,39.9138576581668,-75.177201361549,39.9550054347417,"am_peak",TRUE,40,30.040523
16982370102,"13:15",795,-75.177201361549,39.9550054347417,-75.1661003080911,39.9138576581668,"off_peak",FALSE,60,29.265591
17006980103,"19:50",1190,-75.0548710138514,40.0392738731303,-75.064739389944,39.9987906700722,"off_peak",FALSE,0,26.982511
17039520301,"9:45",585,-75.2322110900897,39.9433969244803,-75.2298442421393,39.9293235759694,"off_peak",FALSE,15,17.509704
17039520303,"17:00",1020,-75.2322110900897,39.9433969244803,-75.1625826795934,39.9513495936779,"pm_peak",TRUE,60,30.021338
17039520304,"21:00",1260,-75.1625826795934,39.9513495936779,-75.2322110900897,39.9433969244803,"off_peak",FALSE,60,27.726097
17064460105,"15:00",900,-75.1634808483634,39.9480403151119,-75.1521306030788,39.9429783145413,"off_peak",FALSE,10,10.910851
17141540101,"14:15",855,-75.1720816011546,39.9549927124551,-75.1662257986882,39.9519342771783,"off_peak",FALSE,15,6.917849
17141540102,"14:40",880,-75.1662257986882,39.9519342771783,-75.1584725274299,39.950967187359,"off_peak",FALSE,10,7.33113
17141540103,"15:10",910,-75.1584725274299,39.950967187359,-75.1474545568906,39.9496085506464,"off_peak",FALSE,15,8.103726
17141540104,"15:35",935,-75.1474545568906,39.9496085506464,-75.1720816011546,39.9549927124551,"off_peak",FALSE,0,13.689618
17141540105,"18:00",1080,-75.1720816011546,39.9549927124551,-75.1710325749335,39.9522008993665,"pm_peak",TRUE,10,4.939544
17141540201,"18:00",1080,-75.1720816011546,39.9549927124551,-75.1710325749335,39.9522008993665,"pm_peak",TRUE,10,4.939544
17159110101,"16:00",960,-75.1845576169885,39.942839888606,-75.1845576169885,39.942839888606,"pm_peak",TRUE,60,5.801711
17174020101,"16:30",990,-75.2709909238752,39.9451405536483,-75.1676557779857,39.9917901151344,"pm_peak",TRUE,30,62.307444
17212040102,"13:07",787,-75.1906300416804,39.958024348983,-75.1662257986882,39.9519342771783,"off_peak",FALSE,10,10.026084
17259900202,"17:05",1025,-75.1545851492175,39.9813757258968,-75.1630657978927,39.949981511781,"pm_peak",TRUE,40,20.484539
17259900203,"19:45",1185,-75.1630657978927,39.949981511781,-75.3492309386474,40.0388695783485,"off_peak",FALSE,45,49.364526
17282950101,"10:30",630,-75.0158258461997,40.0544020678718,-75.041057350286,40.0391573349906,"off_peak",FALSE,45,25.738973
17282950102,"13:00",780,-75.041057350286,40.0391573349906,-75.0158258461997,40.0544020678718,"off_peak",FALSE,30,16.729886
17283810101,"7:50",470,-75.1759814802506,40.079935638324,-75.1825340802128,40.0190281586366,"am_peak",TRUE,0,44.602389
17366930104,"9:50",590,-75.1541388337345,39.9522458625874,-75.1672929773502,39.9544153783527,"off_peak",FALSE,10,10.071209
17366930109,"19:20",1160,-75.1652643007328,39.9488899960486,-75.1629816913276,39.9348297671495,"off_peak",FALSE,25,12.173843
17366930207,"18:00",1080,-75.1629816913276,39.9348297671495,-75.1630657978927,39.949981511781,"pm_peak",TRUE,20,14.867626
17366930208,"19:45",1185,-75.1630657978927,39.949981511781,-75.1629816913276,39.9348297671495,"off_peak",FALSE,25,12.84844
