record_id,depart_time,depart_min_of_day,depart_lon,depart_lat,dest_lon,dest_lat,peak_period,is_peak,survey_travtime,model_travtime,tt_cut_min,tt_restore_min,tt_cut_mean_min,tt_cut_sd_min,tt_cut_n_ok,tt_restore_mean_min,tt_restore_sd_min,tt_restore_n_ok
1079970102,15:40,940,-75.335420259149,40.0698383522223,-75.2626735411038,39.9640057100153,off_peak,FALSE,,34.879532,73.6166666666667,73.6166666666667,69.8416666666667,4.56709243757265,8,69.0666666666667,4.45998078150888,8
1079970104,16:40,1000,-75.1470807570054,39.9513767444736,-75.2182588102061,39.950471058218,pm_peak,TRUE,20,26.610914,29.1833333333333,35.65,35.5770833333333,4.81451952060491,8,31.7770833333333,4.24328542878731,8
1094120102,8:13,493,-75.7773113001476,39.9924677984963,-75.1588750233838,39.9528401835985,am_peak,TRUE,77,90.72718,,,,,0,,,0
1096380201,8:00,480,-75.2862320050127,39.9472873841357,-75.1638872349499,39.9525548857932,am_peak,TRUE,60,36.937359,48.95,39.95,42.95,3.26233921333407,8,40.7,2.69920623252731,8
1096380202,17:00,1020,-75.1638872349499,39.9525548857932,-75.2862320050127,39.9472873841357,pm_peak,TRUE,60,35.700992,37.05,44.05,47.3,6.87646088374785,8,42.175,3.66206421103103,8
1109990102,15:30,930,-75.3987233993895,39.9261429188378,-75.3283478818808,39.9804431108819,off_peak,FALSE,19,83.86387,,,,,0,,,0
1111180102,7:24,444,-75.3286199019552,40.0309191057453,-75.1834073455283,39.9599979498596,am_peak,TRUE,21,23.235999,,81.3833333333333,82.3833333333334,13.8446740662249,6,82.7047619047619,13.9804284967372,7
1111180103,16:15,975,-75.1834073455283,39.9599979498596,-75.3335267105402,40.0257716741197,pm_peak,TRUE,25,35.109764,58.6166666666667,58.6166666666667,64.2416666666667,7.16015761997298,8,60.4916666666667,4.37321392113397,8
1122920103,9:24,564,-75.1176717363826,40.1313732890668,-75.2823672331362,40.2208246075088,am_peak,TRUE,31,57.216768,117.116666666667,117.116666666667,127.366666666667,13.8624192212855,4,127.366666666667,13.8624192212855,4
1143540102,10:55,655,-75.1741319574651,39.9575333855516,-75.1608290378846,39.9512565309348,off_peak,FALSE,35,14.506672,24.35,14.8333333333333,16.7145833333333,4.55054015196033,8,14.3208333333333,4.09128719993854,8
1143540103,11:45,705,-75.1608290378846,39.9512565309348,-75.1541388337345,39.9522458625874,off_peak,FALSE,8,7.866091,10.35,9.35,8.35,2.8908723349783,8,8.6,1.73205080756888,8
1143540105,13:20,800,-75.1528356388386,39.9549263716921,-75.1741319574651,39.9575333855516,off_peak,FALSE,30,20.54996,20.45,23.4166666666667,25.9833333333333,4.35587543367011,8,21.3083333333333,4.18858994343988,8
1145550101,6:15,375,-75.1516301589525,39.9168650559185,-75.1634808483634,39.9480403151119,am_peak,TRUE,45,23.088364,36.2666666666667,37.9,32.5229166666667,5.54613362751798,8,29.325,4.97612554070186,8
1147360206,18:30,1110,-75.1845576169885,39.942839888606,-75.1707168478523,39.9055458817612,pm_peak,TRUE,30,35.943303,40.6,38.6,46.0041666666667,8.03376184393584,8,51.49375,10.3345849376418,8
1148770102,17:00,1020,-75.1595117962634,39.9367714452714,-75.1977262540913,39.9594259908695,pm_peak,TRUE,0,32.833769,49.4,42.4,43.0791666666667,5.19634906937493,8,40.15,5.66946709513841,8
1149340203,18:42,1122,-75.1973968654904,39.9505033966507,-75.1638872349499,39.9525548857932,pm_peak,TRUE,12,14.850566,14.95,11.9666666666667,13.6270833333333,2.21196130559744,8,12.5958333333333,1.71801264847424,8
1149340204,19:00,1140,-75.1638872349499,39.9525548857932,-75.1655746637264,39.9307064691021,off_peak,FALSE,8,12.638667,17.4833333333333,12.4833333333333,17.4833333333333,2.7902892835178,8,17.1083333333333,3.56320481749626,8
1150140102,6:53,413,-75.1655746637264,39.9307064691021,-75.1649773922386,39.9502186753736,am_peak,TRUE,7,11.779301,24.3166666666667,24.3166666666667,21.6291666666667,4.32135478095205,8,22.7166666666667,3.72489479983546,8
1150140109,17:46,1066,-75.1634808483634,39.9480403151119,-75.1655746637264,39.9307064691021,pm_peak,TRUE,9,12.628112,13.4833333333333,19.4833333333333,17.4833333333333,1.22474487139159,8,20.75625,4.31386595574399,8
1150140205,18:13,1093,-75.1655746637264,39.9307064691021,-75.1593108938158,39.9400078893569,pm_peak,TRUE,17,11.918324,21.1,27.9,23.85,4.28952211790544,8,25.1,5.31440092041024,8
1150140206,21:15,1275,-75.1593108938158,39.9400078893569,-75.1655746637264,39.9307064691021,off_peak,FALSE,15,11.926381,19.4333333333333,36.4333333333333,24.9125,6.31635411967057,8,28.1895833333333,9.50076829600037,8
1152880202,4:03,243,-75.1662120144978,39.9238115855567,-75.1638872349499,39.9525548857932,off_peak,FALSE,15,14.632857,60.8833333333333,51.3333333333333,45.0880952380952,13.326327028236,7,41.3357142857143,9.86071248914858,7
1152880203,4:55,295,-75.1638872349499,39.9525548857932,-75.1847348588828,39.9565152107181,off_peak,FALSE,15,10.233063,16.3333333333333,16.3333333333333,15.8604166666667,4.08576640340274,8,15.8604166666667,4.08576640340274,8
1152910101,7:00,420,-75.1662120144978,39.9238115855567,-75.1583275844786,39.9602029183105,am_peak,TRUE,20,23.645837,34.3,34.3,30.26875,2.81398770177026,8,30.0020833333333,2.0827225295081,8
1152910102,8:00,480,-75.1583275844786,39.9602029183105,-75.1461838934269,39.9589037110814,am_peak,TRUE,25,13.491022,27.3166666666667,22.2166666666667,24.4541666666667,3.10908487020839,8,22.1625,4.15222019402663,8
1152910104,16:15,975,-75.1461838934269,39.9589037110814,-75.1583275844786,39.9602029183105,pm_peak,TRUE,15,13.533333,24.6666666666667,21.9166666666667,24.65625,4.70975800190497,8,25.48125,4.18184319409516,8
1158850101,9:15,555,-75.2165947836222,39.9537421538695,-75.1489215256524,39.95458250175,am_peak,TRUE,32,25.852956,30.3166666666667,33.3166666666667,34.3166666666667,4.81812055829716,8,32.5666666666667,4.58257569495584,8
1158850102,11:17,677,-75.1489215256524,39.95458250175,-75.2165947836222,39.9537421538695,off_peak,FALSE,28,25.634873,36.3333333333333,32.4666666666667,35.3333333333333,3.67423461417477,8,34.35,3.00908676754313,8
1164850102,11:41,701,-75.1632627264191,39.9610182840982,-75.1869128860449,39.9502197402395,off_peak,FALSE,16,24.814879,32.8666666666667,25.8666666666667,30.4166666666667,4.5267459141671,8,29.8541666666667,3.81448523644379,8
1164850105,17:41,1061,-75.1941152941134,39.9546263068532,-75.1673585815214,39.9505151310837,pm_peak,TRUE,16,14.35978,18.45,13.45,14.8083333333333,1.03674551836083,8,15.4166666666667,0.837797566184554,8
1165490101,11:00,660,-75.1785792243999,39.9689777214525,-75.1553089348274,40.0036904586044,off_peak,FALSE,50,30.802029,35.5,41.3833333333333,40.6625,4.86293684535433,8,37.48125,3.64701919489554,8
1165490102,19:30,1170,-75.1553089348274,40.0036904586044,-75.1785792243999,39.9689777214525,off_peak,FALSE,45,32.793718,35.9,41.9833333333333,38.5041666666667,4.19907160940992,8,35.0854166666667,5.89270760993539,8
1165660101,7:45,465,-75.1798114670555,39.9715794694621,-75.2189686457819,40.0081594134958,am_peak,TRUE,34,38.547495,60.7833333333333,56.1833333333333,49.2333333333333,5.44741091843508,8,46.2041666666667,4.27549078218763,8
1165660201,9:15,555,-75.1700384657366,39.9693644720962,-75.1941152941134,39.9546263068532,am_peak,TRUE,33,24.041388,38.3166666666667,37.5166666666667,34.1041666666667,5.05098410967511,8,32.7375,4.44806672825933,8
1169120102,10:40,640,-75.1619035045634,39.9912045729609,-75.1694605873533,39.9520071435649,off_peak,FALSE,0,29.347168,27.2166666666667,40.2166666666667,37.36875,8.43094469042562,8,34.625,5.16218699808275,8
1169120103,10:50,650,-75.1694605873533,39.9520071435649,-75.1564410395894,39.9491555327036,off_peak,FALSE,20,13.01829,13.9333333333333,14.6333333333333,13.58125,1.87088039499615,8,11.9583333333333,2.61187763149516,8
1169120107,15:20,920,-75.1541388337345,39.9522458625874,-75.1584725274299,39.950967187359,off_peak,FALSE,8,5.804709,10.0333333333333,6.15,8.88125,3.06816005951346,8,7.19375,1.80525989642788,8
1169120109,16:03,963,-75.1584725274299,39.950967187359,-75.1648345113326,39.9541020155151,pm_peak,TRUE,9,6.159001,9.71666666666667,6.71666666666667,9.71666666666667,3.26233921333407,8,8.21666666666667,1.79284291400159,8
1175240102,7:30,450,-75.2092872712104,40.0181516385401,-75.1648345113326,39.9541020155151,am_peak,TRUE,25,19.639111,28.4333333333333,37.65,33.5,3.85248837333309,8,34.4875,4.15647085879355,8
1175240107,18:10,1090,-75.1648345113326,39.9541020155151,-75.2092872712104,40.0181516385401,pm_peak,TRUE,25,20.053637,31.7333333333333,29.55,32.4479166666667,5.47902521092071,8,33.45,5.78832980269455,8
2023740101,9:10,550,-75.2316719358833,39.9680910426143,-75.2458322070382,39.9787834549805,am_peak,TRUE,40,16.530207,27.05,29.8333333333333,24.8,3.54562104171167,8,26.2145833333333,4.68553530254853,8
2023740102,11:45,705,-75.2458322070382,39.9787834549805,-75.2316719358833,39.9680910426143,off_peak,FALSE,30,17.502539,28.4,19.8666666666667,28.625,3.44276328660845,8,20.375,5.06672149093145,8
2064720101,8:45,525,-75.1798114670555,39.9715794694621,-75.1634808483634,39.9480403151119,am_peak,TRUE,35,18.998175,20.6,27.6,28.3979166666667,5.57691128530184,8,25.8708333333333,4.20121628269341,8
2064720104,11:00,660,-75.1662257986882,39.9519342771783,-75.1541388337345,39.9522458625874,off_peak,FALSE,20,9.865521,9.41666666666667,12.25,11.3416666666667,2.3633947872996,8,10.5020833333333,2.96821037284427,8
2064720105,12:45,765,-75.1541388337345,39.9522458625874,-75.1798114670555,39.9715794694621,off_peak,FALSE,60,23.384621,31.3333333333333,31.9333333333333,31.8770833333333,3.59940402364014,8,29.6145833333333,3.45814471660056,8
2064720201,8:45,525,-75.1798114670555,39.9715794694621,-75.1630984016405,39.9735438590113,am_peak,TRUE,30,12.299124,17.6,20.6,20.025,3.70472671056854,8,22.34375,4.59529553689734,8
2064720202,17:15,1035,-75.1630984016405,39.9735438590113,-75.1798114670555,39.9715794694621,pm_peak,TRUE,30,17.484821,20.6166666666667,16.6166666666667,16.6375,3.29831306088719,8,14.4791666666667,2.89257053253923,8
2118520101,7:00,420,-75.0806751855718,40.016348069306,-75.1957094473416,39.9494354858208,am_peak,TRUE,,40.344785,59.15,53.15,51.15,4.97852531235046,8,46.65,4.28452364413395,8
2118520102,16:30,990,-75.1957094473416,39.9494354858208,-75.0806751855718,40.016348069306,pm_peak,TRUE,450,41.188615,45.6166666666667,42.6166666666667,44.6166666666667,3.51527279981837,8,44.1166666666667,1.79284291400159,8
2297970201,8:30,510,-75.1800070313661,39.946441631749,-75.1941152941134,39.9546263068532,am_peak,TRUE,30,14.326086,15.4166666666667,20.4666666666667,19.2729166666667,3.46311559767461,8,17.4083333333333,1.97727164916791,8
2350960102,9:15,555,-75.1941152941134,39.9546263068532,-75.1977262540913,39.9594259908695,am_peak,TRUE,13,6.95,17.2666666666667,10.2666666666667,13.0166666666667,4.20883424647321,8,10.5166666666667,2.85356919363403,8
2350960104,15:15,915,-75.216704781889,39.9569805572676,-75.2162654488479,39.9464660922369,off_peak,FALSE,25,12.204772,29.1666666666667,20.0833333333333,26.5541666666667,5.04464001264142,8,23.4583333333333,4.30451958862878,8
2428050101,13:00,780,-75.1335381361008,40.3211737824194,-75.1346109509137,40.3071295327499,off_peak,FALSE,30,12.21407,,,32.6833333333333,10.7529065838033,5,32.6833333333333,10.7529065838033,5
2435040101,8:16,496,-75.1724998481553,39.9491635804723,-75.175827602964,39.9495803344789,am_peak,TRUE,1,4.583333,9.95,9.46666666666667,9.04375,1.86957548657443,8,13.7354166666667,3.66196058923944,8
2435040102,8:29,509,-75.175827602964,39.9495803344789,-75.216704781889,39.9569805572676,am_peak,TRUE,15,16.40586,21.9833333333333,18.5333333333333,22.8395833333333,3.75323075115674,8,19.3270833333333,0.742311784706591,8
2435040103,15:16,916,-75.216704781889,39.9569805572676,-75.1724998481553,39.9491635804723,off_peak,FALSE,23,23.072828,30.95,26.9333333333333,30.9916666666667,3.32767376682461,8,28.0854166666667,3.64244638596139,8
2526520102,14:00,840,-75.1491317030119,40.0304553583606,-75.1571977835929,40.0823045185899,off_peak,FALSE,60,34.180643,68.7333333333333,65.45,67.6395833333333,9.38552980086138,8,64.38125,8.31527298896148,8
2526520103,15:30,930,-75.1571977835929,40.0823045185899,-75.1659426772114,39.9531940428398,off_peak,FALSE,30,51.767852,48.85,52.85,61.975,6.57783073230507,8,62.6,4.76595066217493,8
2526520104,17:20,1040,-75.1659426772114,39.9531940428398,-75.1525134507185,40.0198296932081,pm_peak,TRUE,45,26.076231,33.7333333333333,30.7333333333333,33.2958333333333,3.9427324140612,8,30.7333333333333,1.87082869338697,8
2579920102,8:10,490,-75.2162654488479,39.9464660922369,-75.1608290378846,39.9512565309348,am_peak,TRUE,20,25.871289,23.35,24.35,25.5479166666667,2.35433469691108,8,23.38125,1.52267093809342,8
2579920105,17:45,1065,-75.1608290378846,39.9512565309348,-75.2162654488479,39.9464660922369,pm_peak,TRUE,20,23.865408,30.1666666666667,26.1666666666667,32.75625,4.07660706941602,8,27.2229166666667,2.5635407294265,8
2672010201,9:30,570,-75.1669894744938,39.9484799410289,-75.1662120144978,39.9238115855567,off_peak,FALSE,27,15.590835,29.4333333333333,28.05,32.68125,4.27403045257329,8,28.925,4.80884601541783,8
2688810102,14:55,895,-75.1941152941134,39.9546263068532,-75.150229373412,39.9517620658106,off_peak,FALSE,35,15.35,21.85,12.85,18.4770833333333,2.89735699895009,8,18.5229166666667,2.25020171053513,8
2688810103,17:30,1050,-75.150229373412,39.9517620658106,-75.2165947836222,39.9537421538695,pm_peak,TRUE,30,23.31013,31.3333333333333,34.3333333333333,30.8375,3.47280534786028,8,28.725,2.41199054987751,8
2774350204,10:13,613,-75.2162654488479,39.9464660922369,-75.1725391195037,39.9527196860213,off_peak,FALSE,18,21.749239,23.0833333333333,19.0833333333333,24.5208333333333,3.8747119708622,8,21.4833333333333,2.86942005091123,8
2920170201,8:00,480,-75.1722288078707,39.9400534674801,-75.1725391195037,39.9527196860213,am_peak,TRUE,15,12.527511,26.2166666666667,25.0333333333333,26.3104166666667,5.23893344213411,8,24.5666666666667,4.09409175539427,8
2966540202,8:03,483,-75.1611907875754,39.9477574019743,-75.1984494658686,39.9539400028283,am_peak,TRUE,27,19.191247,25.4166666666667,29.8833333333333,25.7854166666667,3.00463184100815,8,28.0833333333333,2.67172139978989,8
2966540203,17:00,1020,-75.1984494658686,39.9539400028283,-75.1584424033225,39.9474108270156,pm_peak,TRUE,35,23.412371,27.9,23.0166666666667,26.9875,3.47995108066328,8,25.2520833333333,2.85094578431077,8
3006050101,6:30,390,-75.2399779780059,39.9210924003411,-75.202230610969,39.9458213862922,am_peak,TRUE,35,23.344439,25.9833333333333,25.9833333333333,28.8166666666667,3.68501900664909,8,28.1916666666667,3.68582656405825,8
3006050102,16:00,960,-75.202230610969,39.9458213862922,-75.2399779780059,39.9210924003411,pm_peak,TRUE,105,20.273254,32.4333333333333,41.7833333333333,31.4458333333333,2.92119716163474,8,44.2833333333333,4.30116263352131,8
3024870101,8:30,510,-75.2143085167584,39.9408655334325,-75.1708705877199,39.9529581159317,am_peak,TRUE,32,19.371312,30.6666666666667,30.6666666666667,29.7104166666667,3.88771914096783,8,27.1833333333333,3.12407446611653,8
3024870102,12:00,720,-75.1708705877199,39.9529581159317,-75.2143085167584,39.9408655334325,off_peak,FALSE,150,19.096302,17.2333333333333,20.2333333333333,20.3770833333333,3.21198076527677,8,19.0645833333333,1.53786693904974,8
3032020102,13:38,818,-75.1262221694671,39.9679483007659,-75.1752524766747,39.9659654913561,off_peak,FALSE,22,26.312437,43.9833333333333,34.4,41.2729166666667,3.71348825764705,8,39.7395833333333,7.27416027717944,8
3032020104,14:25,865,-75.1755490875517,39.9619810599662,-75.1262221694671,39.9679483007659,off_peak,FALSE,25,28.557489,45.6,34.9,44.4479166666667,3.91527774258574,8,43.1083333333333,8.14695872752136,8
3033290201,10:00,600,-75.1550394779574,40.0672050029827,-75.1550394779574,40.0672050029827,off_peak,FALSE,,7.625119,10.2666666666667,9.26666666666667,11.8166666666667,4.83617322152251,8,8.40208333333333,2.94356221808645,8
3033290202,20:00,1200,-75.1550394779574,40.0672050029827,-75.1503212753435,40.0647775996619,off_peak,FALSE,240,8.180767,17.7166666666667,13.7166666666667,14.6354166666667,4.59409936853095,8,17.0708333333333,5.62236710867957,8
3038950101,10:00,600,-75.3128532544384,39.99398750657,-75.3490077338315,40.0452635767863,off_peak,FALSE,75,29.984811,95.6,95.6,73.1,17.4622040827775,8,73.1,17.4622040827775,8
3038950102,19:00,1140,-75.3490077338315,40.0452635767863,-75.3037399105563,39.9880925237514,off_peak,FALSE,30,29.716667,45.2166666666667,45.2166666666667,38.4666666666667,5.74456264653803,8,38.4666666666667,5.74456264653803,8
3049580106,13:42,822,-75.2376648010527,39.9482763035952,-75.2232933759479,39.9448265734297,off_peak,FALSE,38,13.907832,39.5833333333333,22.55,29.5833333333333,6.62786326266403,8,24.66875,3.43278356092989,8
3049580107,14:35,875,-75.2232933759479,39.9448265734297,-75.2376648010527,39.9482763035952,off_peak,FALSE,32,18.631738,26.2666666666667,22.2666666666667,20.7166666666667,3.10529501704059,8,20.0520833333333,2.65550398020581,8
3049580407,14:35,875,-75.2232933759479,39.9448265734297,-75.2376648010527,39.9482763035952,off_peak,FALSE,32,18.631738,26.2666666666667,22.2666666666667,20.7166666666667,3.10529501704059,8,20.0520833333333,2.65550398020581,8
3049580506,13:42,822,-75.2143085167584,39.9408655334325,-75.2232933759479,39.9448265734297,off_peak,FALSE,38,13.231894,19.9666666666667,16.9666666666667,18.8895833333333,3.90099638777842,8,16.5145833333333,2.56497219112992,8
3049580507,14:35,875,-75.2232933759479,39.9448265734297,-75.2376648010527,39.9482763035952,off_peak,FALSE,32,18.631738,26.2666666666667,22.2666666666667,20.7166666666667,3.10529501704059,8,20.0520833333333,2.65550398020581,8
3070050301,7:45,465,-75.1324048029212,40.0556045453464,-75.1561127285024,39.9506763018863,am_peak,TRUE,45,35.271343,52.45,51.85,49.24375,5.16939971876629,8,47.4791666666667,3.9680844805075,8
3070050302,17:00,1020,-75.1561127285024,39.9506763018863,-75.1324048029212,40.0556045453464,pm_peak,TRUE,35,34.849995,48.0166666666667,44.5833333333333,46.6145833333333,5.53000787550747,8,43.91875,2.23344771384427,8
3121680202,8:20,500,-75.1792803129236,39.9102291849896,-75.1792803129236,39.9102291849896,am_peak,TRUE,,5.835977,16.1,12,19.90625,5.60497891971738,8,20.89375,8.60487559053421,8
3127840106,8:46,526,-75.1630984016405,39.9735438590113,-75.162026191264,39.9785569548507,am_peak,TRUE,2,6.650289,6.43333333333333,12.4333333333333,13.1583333333333,4.06087604904586,8,10.9333333333333,3.9005494118503,8
3127840109,14:00,840,-75.1659426772114,39.9531940428398,-75.1398050137829,40.0366774270012,off_peak,FALSE,15,25.438692,39.1,30.9166666666667,35.7333333333333,2.77384324524771,8,36.7958333333333,3.05791647606719,8
3127840110,14:20,860,-75.1398050137829,40.0366774270012,-75.1571977835929,40.0823045185899,off_peak,FALSE,60,30.391026,50.45,45.45,57.6708333333333,7.83487700088825,8,53.4354166666667,6.70472729166187,8
3127840111,15:30,930,-75.1571977835929,40.0823045185899,-75.1546939106137,40.0587336087499,off_peak,FALSE,29,26.155549,39.3666666666667,26.3333333333333,40.7541666666667,7.78325813158327,8,35.2875,6.06846356172631,8
3127840112,16:02,962,-75.1546939106137,40.0587336087499,-75.1398050137829,40.0366774270012,pm_peak,TRUE,28,26.296332,34.8,31.0666666666667,32.7166666666667,4.53032112811107,8,31.9645833333333,3.90375722048745,8
3127840113,16:40,1000,-75.1398050137829,40.0366774270012,-75.1537481432666,39.9503794767793,pm_peak,TRUE,5,24.682169,32.7,32.7666666666667,37.8666666666667,5.42244014654446,8,39.3,3.33942300880647,8
3127840114,16:50,1010,-75.1537481432666,39.9503794767793,-75.1662257986882,39.9519342771783,pm_peak,TRUE,0,8.067412,9.85,6.85,9.85,3.26233921333407,8,8.35,1.79284291400159,8
3127840116,19:44,1184,-75.1659426772114,39.9531940428398,-75.1537481432666,39.9503794767793,off_peak,FALSE,0,8.431547,14.1833333333333,13.05,9.70625,2.36433381838562,8,9.82291666666667,2.83274416143198,8
3127840118,20:48,1248,-75.1398050137829,40.0366774270012,-75.1546939106137,40.0587336087499,off_peak,FALSE,12,24.933338,35.2,38.6666666666667,38.625,4.52414159182238,8,36.9791666666667,6.15535481163701,8
3129140101,6:10,370,-75.2240469261417,40.0283746179593,-75.2240469261417,40.0283746179593,am_peak,TRUE,12,4.504478,16.4833333333333,13.65,19.2708333333333,2.4510242433052,8,17.14375,7.38424931166503,8
3129140102,6:28,388,-75.2240469261417,40.0283746179593,-75.1847348588828,39.9565152107181,am_peak,TRUE,21,23.870865,44.3833333333333,48.4666666666667,43.2333333333333,6.13610185962929,8,45.1666666666667,10.1246124754372,8
3129140104,17:47,1067,-75.1634808483634,39.9480403151119,-75.2240469261417,40.0283746179593,pm_peak,TRUE,13,33.460577,49.7666666666667,46.7833333333333,55.5166666666667,5.86743771989319,8,46.55625,5.02393428247257,8
3141440301,13:30,810,-75.0806751855718,40.016348069306,-75.1178467415517,39.9766815618422,off_peak,FALSE,60,34.271184,52.35,45.9333333333333,47.7833333333333,6.6986494729837,8,42.1770833333333,5.85701273810171,8
3141440302,21:15,1275,-75.1178467415517,39.9766815618422,-75.0806751855718,40.016348069306,off_peak,FALSE,60,29.321162,51.8166666666667,40.6166666666667,37.1083333333333,8.43389326204426,8,40.6166666666667,7.27520250086356,8
3141440402,19:00,1140,-75.1142758205188,40.1491579177916,-75.0806751855718,40.016348069306,off_peak,FALSE,90,57.786353,74.25,70.25,95.75,11.3170225766321,6,93.4166666666667,13.0668154753431,6
3144080101,7:45,465,-75.1495939755084,40.0125900284939,-75.1466622121185,39.9478355374067,am_peak,TRUE,55,24.994031,42.2333333333333,31.8,36.9020833333333,6.48261066788902,8,34.9479166666667,5.46181141459236,8
3144080103,10:30,630,-75.1638872349499,39.9525548857932,-75.1528356388386,39.9549263716921,off_peak,FALSE,30,10.157097,16.7,11.1333333333333,12.73125,2.35426727555771,8,12.7375,2.51149342152218,8
3144080104,13:00,780,-75.1528356388386,39.9549263716921,-75.1495939755084,40.0125900284939,off_peak,FALSE,40,14.842763,30.45,22.2,21.45,4.69802390068724,8,22.2,4.41588043316392,8
3144080105,16:30,990,-75.1495939755084,40.0125900284939,-75.162026191264,39.9785569548507,pm_peak,TRUE,40,16.716886,35.4666666666667,29.3333333333333,27.9,5.04836921649276,8,25.95,4.65549683639145,8
3144080107,19:00,1140,-75.162026191264,39.9785569548507,-75.1495939755084,40.0125900284939,off_peak,FALSE,75,16.860236,29.45,20.95,32.7,6.40312423743285,8,25.5104166666667,2.98235468784767,8
3158360102,17:10,1030,-75.1414393682529,39.9601471054741,-75.1614771099584,39.9569042938645,pm_peak,TRUE,30,18.017641,19.7666666666667,27.5666666666667,19.8791666666667,4.3689992860957,8,24.8333333333333,5.53654525253188,8
3164640101,10:00,600,-75.1778185045084,39.9859426039642,-75.1612826317197,39.9532127364358,off_peak,FALSE,0,32.46511,35.1,41.25,36.8416666666667,6.42436458472434,8,36.5020833333333,6.88452046433225,8
3164640201,9:00,540,-75.1778185045084,39.9859426039642,-75.1673759243643,39.9592890487195,am_peak,TRUE,0,23.219201,30.6833333333333,33.4166666666667,32.9333333333333,6.73841745822191,8,33.3979166666667,5.57165044582628,8
3164640202,12:00,720,-75.1673759243643,39.9592890487195,-75.1400970132193,39.9722367087517,off_peak,FALSE,0,28.530069,32.2,43.2,45.2,9.05932826270406,8,36.80625,5.93828002395114,8
3168910102,11:02,662,-75.1859236878394,40.0056791510122,-75.1553089348274,40.0036904586044,off_peak,FALSE,10,15.73424,26.1666666666667,27.7666666666667,23.6666666666667,6.48624919128371,8,20.6416666666667,4.92624168538828,8
3168910103,11:13,673,-75.1553089348274,40.0036904586044,-75.1553089348274,40.0036904586044,off_peak,FALSE,0,9.343538,15.9166666666667,11.8333333333333,11.8645833333333,3.95229928558771,8,10.2125,2.96400027311868,8
3168910104,11:15,675,-75.1553089348274,40.0036904586044,-75.1322724324316,40.0400578246308,off_peak,FALSE,11,26.901152,38.35,34.0333333333333,39.9020833333333,6.33514032805829,8,33.11875,4.75219612974418,8
3168910105,11:30,690,-75.1322724324316,40.0400578246308,-75.1257038337522,40.0616781641169,off_peak,FALSE,15,16.766375,51.2,27.2,42.875,7.33986181263458,8,32.825,4.83846197522666,8
3168910109,16:57,1017,-75.1392788470332,40.0429484652339,-75.1495939755084,40.0125900284939,pm_peak,TRUE,8,18.946487,25.6166666666667,23.7,24.9270833333333,3.96669605331252,8,23.8229166666667,3.93577343097897,8
3168910112,17:50,1070,-75.1495939755084,40.0125900284939,-75.1859236878394,40.0056791510122,pm_peak,TRUE,0,20.172615,32.5333333333333,18.8333333333333,29.575,6.37669367479905,8,24.4,4.07891403225659,8
3200660201,5:20,320,-75.3525624514966,39.9737875295276,-75.1701604201666,39.9562259742499,off_peak,FALSE,60,52.615924,62.6166666666667,62.6166666666667,74.85,10.8290760865777,8,69.9142857142857,8.88035925080063,7
3200660202,14:30,870,-75.1701604201666,39.9562259742499,-75.3525624514966,39.9737875295276,off_peak,FALSE,75,54.087793,68.85,68.8166666666667,73.2916666666667,5.68433520006224,8,72.8854166666667,5.4448565907332,8
3215440103,7:21,441,-75.1541388337345,39.9522458625874,-75.1906300416804,39.958024348983,am_peak,TRUE,6,13.758427,16.0166666666667,23.0166666666667,19.0166666666667,2.57737407895267,8,17.7666666666667,1.73205080756888,8
3215440106,16:12,972,-75.1906300416804,39.958024348983,-75.1541388337345,39.9522458625874,pm_peak,TRUE,6,13.735541,31.35,30.35,24.35,6.12372435695795,8,22.1,4.76595066217494,8
3219110102,8:15,495,-75.1483144819563,39.9402627111676,-75.1708705877199,39.9529581159317,am_peak,TRUE,15,23.596833,30.65,25.65,26.65,4.04439647625488,8,25.925,2.97213247157179,8
3219110106,17:05,1025,-75.1741319574651,39.9575333855516,-75.1642635478598,39.945554104478,pm_peak,TRUE,30,12.870606,18.1666666666667,23.3166666666667,20.9625,3.50502756821801,8,22.7479166666667,4.46541771362354,8
3229950101,11:15,675,-75.2182588102061,39.950471058218,-75.1630657978927,39.949981511781,off_peak,FALSE,60,25.330641,39.5833333333333,28.0166666666667,34.8791666666667,9.01357331851547,8,29.5666666666667,4.00262810488706,8
3229950102,20:00,1200,-75.1630657978927,39.949981511781,-75.2182588102061,39.950471058218,off_peak,FALSE,60,26.46016,35.7333333333333,30.2333333333333,35.0166666666667,4.04840748623495,8,32.0875,2.2100913936428,8
3240320104,17:45,1065,-75.1669894744938,39.9484799410289,-75.1834073455283,39.9599979498596,pm_peak,TRUE,20,18.073922,28.25,31.5666666666667,28.1645833333333,2.98289352304793,8,29.39375,5.19017644667491,8
3240320105,19:55,1195,-75.1834073455283,39.9599979498596,-75.1605199473912,39.9452698186476,off_peak,FALSE,30,23.748785,40.8333333333333,22.2166666666667,36.0604166666667,7.66125553088551,8,27.5625,3.75043648253424,8
3249440105,16:39,999,-75.2862320050127,39.9472873841357,-75.2538526622578,39.9589775244658,pm_peak,TRUE,11,23.142038,28.95,30.95,29.075,3.96187185196954,8,29.825,2.90012315009454,8
3249440106,16:55,1015,-75.2538526622578,39.9589775244658,-75.1834073455283,39.9599979498596,pm_peak,TRUE,12,30.005674,39.3833333333333,38.3833333333333,38.3833333333333,5.10601885733186,8,35.3833333333333,3.43303281162798,8
3250340201,6:00,360,-75.1612826317197,39.9532127364358,-75.025951705377,40.0340975453938,am_peak,TRUE,85,35.608485,64.4166666666667,64.4166666666667,69.1791666666667,8.47307008507936,8,70.5166666666667,5.51881342204116,8
3250340202,12:30,750,-75.025951705377,40.0340975453938,-75.1612826317197,39.9532127364358,off_peak,FALSE,60,48.778787,53.1,56.1,63.1,8.23320801909646,8,63.6,9.05932826270406,8
3250340203,22:00,1320,-75.1612826317197,39.9532127364358,-75.025951705377,40.0340975453938,off_peak,FALSE,85,40.199019,72.8333333333333,72.8333333333333,82.6708333333333,13.9159915718777,8,82.6708333333333,13.9159915718777,8
3257740101,8:00,480,-75.246585427285,39.957753586195,-75.173930383129,39.954707841715,am_peak,TRUE,40,28.963957,41.0333333333333,43.0333333333333,38.2520833333333,5.04677672947227,8,37.18125,6.12297545095649,8
3260280101,9:25,565,-75.1611907875754,39.9477574019743,-75.1984494658686,39.9539400028283,am_peak,TRUE,34,19.191247,26.9333333333333,28.4166666666667,26.50625,2.03917851301364,8,32.025,2.73540861983367,8
3260280102,11:02,662,-75.1984494658686,39.9539400028283,-75.177201361549,39.9550054347417,off_peak,FALSE,18,13.668361,15.6166666666667,13.5833333333333,17.7,3.99927572807957,8,17.8541666666667,2.77751387635298,8
3260280105,15:30,930,-75.1611907875754,39.9477574019743,-75.1363742198001,39.9574637751164,off_peak,FALSE,15,21.576761,27.8333333333333,28.8333333333333,29.6916666666667,3.48569639599885,8,35.1229166666667,4.55701045050719,8
3260280106,16:40,1000,-75.1363742198001,39.9574637751164,-75.1611907875754,39.9477574019743,pm_peak,TRUE,0,22.202226,39.6333333333333,27.7666666666667,35.1604166666667,4.97269478777664,8,30.425,4.61850144046265,8
3260280204,15:45,945,-75.1611907875754,39.9477574019743,-75.1363742198001,39.9574637751164,off_peak,FALSE,1,21.576761,26.5,37.8333333333333,30.2708333333333,3.3685726570807,8,34.85,5.12658802342306,8
3260280205,16:40,1000,-75.1363742198001,39.9574637751164,-75.1611907875754,39.9477574019743,pm_peak,TRUE,20,22.202226,39.6333333333333,27.7666666666667,35.1604166666667,4.97269478777664,8,30.425,4.61850144046265,8
3269980103,13:00,780,-75.2879225601409,40.0096184499998,-75.1634808483634,39.9480403151119,off_peak,FALSE,40,45.894192,83.5166666666667,63.6166666666667,72.9958333333333,8.43703922904125,8,72.0666666666667,5.95243047598446,8
3269980302,7:13,433,-75.2859011035678,39.9804280541513,-75.2626735411038,39.9640057100153,am_peak,TRUE,12,16.408661,25.4166666666667,25.4166666666667,24.0833333333333,4.44490077022456,8,24.0833333333333,4.44490077022456,8
3269980306,16:40,1000,-75.1662257986882,39.9519342771783,-75.2626735411038,39.9640057100153,pm_peak,TRUE,16,23.869646,38.8166666666667,30.9166666666667,39.5208333333333,4.27420975709184,8,36.2208333333333,2.11284337868597,8
3269980307,17:01,1021,-75.2626735411038,39.9640057100153,-75.2859011035678,39.9804280541513,pm_peak,TRUE,3,15.453362,30.7666666666667,30.7666666666667,29.5166666666667,5.02849025908516,8,32.0166666666667,6.83478497937468,8
3271890101,8:10,490,-75.2354698649569,39.9579979858569,-75.2250001549737,39.9381660242818,am_peak,TRUE,33,21.785076,23.7,25.7,26.0875,2.20228506869786,8,24.0625,3.97225246963731,8
3271890102,16:45,1005,-75.2250001549737,39.9381660242818,-75.2354698649569,39.9579979858569,pm_peak,TRUE,45,19.052766,24.1,24.1,22.6666666666667,2.77202579066772,8,22.95625,3.27840381094505,8
3271890201,7:45,465,-75.2268441409671,39.9506693986123,-75.1495939755084,40.0125900284939,am_peak,TRUE,60,38.841446,51.45,42.45,42.7791666666667,4.4083322081194,8,44.1770833333333,3.41190652726502,8
3271890202,16:35,995,-75.1495939755084,40.0125900284939,-75.2354698649569,39.9579979858569,pm_peak,TRUE,40,36.091772,54.4166666666667,40.2,48.4166666666667,5.68833392630416,8,41.8625,4.67318210135032,8
3279280103,10:00,600,-75.1742868895805,39.952935291834,-75.1984494658686,39.9539400028283,off_peak,FALSE,20,14.750895,19.4166666666667,16.4166666666667,21.175,3.41433718497433,8,18.6104166666667,3.01525141098194,8
3279280104,12:00,720,-75.1984494658686,39.9539400028283,-75.1742868895805,39.952935291834,off_peak,FALSE,20,15.233414,18.65,21.65,19.9333333333333,3.62219787702404,8,19.7,2.59812203239919,8
3279280105,14:30,870,-75.1742868895805,39.952935291834,-75.1984494658686,39.9539400028283,off_peak,FALSE,20,14.750895,20.2666666666667,21.4166666666667,20.5229166666667,3.87680257612968,8,18.3979166666667,2.67380647606153,8
3279280106,22:15,1335,-75.1984494658686,39.9539400028283,-75.1742868895805,39.952935291834,off_peak,FALSE,25,13.544059,16.4666666666667,30.4666666666667,22.2166666666667,7.26046043404175,8,27,8.43061315060999,8
3286990104,18:35,1115,-74.9919645563739,40.0557019160434,-75.0141443812668,40.0424987630183,pm_peak,TRUE,35,23.043398,25.3166666666667,25.3166666666667,29.2333333333333,4.57876395603435,8,24.825,3.75316797402805,8
3286990204,18:35,1115,-74.9919645563739,40.0557019160434,-75.0272886661161,40.0451130655592,pm_peak,TRUE,20,26.974753,37.6666666666667,27.6,32.2666666666667,6.08628434620476,8,26.875,4.41763241912183,8
3289040101,13:00,780,-75.0482968493561,40.0672130084675,-74.9537657364031,40.1342148390318,off_peak,FALSE,73,44.305505,62.3,60.3,60.725,5.77673907024667,8,53.5708333333333,4.29533477084741,8
3289040102,18:59,1139,-74.9537657364031,40.1342148390318,-75.0482968493561,40.0672130084675,pm_peak,TRUE,44,47.675051,51.9833333333333,51.9833333333333,54.2020833333333,5.66385390625752,8,48.7020833333333,5.30235375631831,8
3289040201,13:00,780,-75.0482968493561,40.0672130084675,-74.9537657364031,40.1342148390318,off_peak,FALSE,73,44.305505,62.3,60.3,60.725,5.77673907024667,8,53.5708333333333,4.29533477084741,8
3289040202,18:59,1139,-74.9537657364031,40.1342148390318,-75.0482968493561,40.0672130084675,pm_peak,TRUE,44,47.675051,51.9833333333333,51.9833333333333,54.2020833333333,5.66385390625752,8,48.7020833333333,5.30235375631831,8
3290420201,7:30,450,-75.2806312780087,39.994902663922,-75.1505658415867,39.9464361327538,am_peak,TRUE,45,53.816329,87.7333333333333,78.7333333333333,81.7333333333333,7.95074120533965,8,75.5047619047619,17.3023085440175,7
3298740201,10:00,600,-75.1332215384763,40.011965414652,-75.1638872349499,39.9525548857932,off_peak,FALSE,30,30.739643,41.3833333333333,40.3833333333333,42.1541666666667,6.70565237762321,8,38.2583333333333,4.80884601541784,8
3298740202,12:30,750,-75.1638872349499,39.9525548857932,-75.1398050137829,40.0366774270012,off_peak,FALSE,15,23.751764,28.7666666666667,30.0166666666667,35.275,1.39064333633354,8,31.3479166666667,2.30045608831938,8
3298740203,12:55,775,-75.1398050137829,40.0366774270012,-75.1638872349499,39.9525548857932,off_peak,FALSE,5,25.816385,37.3833333333333,33.3833333333333,37.3833333333333,6.12372435695795,8,36.1333333333333,4.05321741688889,8
3298740204,15:00,900,-75.1638872349499,39.9525548857932,-75.1314420393667,40.0218288499157,off_peak,FALSE,30,30.013904,38.5833333333333,32.9166666666667,34.275,5.95025676383428,8,34.34375,4.20065128642675,8
3298740205,16:30,990,-75.1314420393667,40.0218288499157,-75.1332215384763,40.011965414652,pm_peak,TRUE,30,12.780483,27.4,19.4,21.8729166666667,3.17503827623472,8,21.1583333333333,3.27112184047585,8
3321170103,12:15,735,-75.2189686457819,40.0081594134958,-75.1859834521487,39.9698807322002,off_peak,FALSE,45,39.413321,70.55,48.3666666666667,59.4625,8.32688679224076,8,49.5,5.68447481903596,8
3321170104,16:30,990,-75.1859834521487,39.9698807322002,-75.2256894030556,40.0047186865197,pm_peak,TRUE,60,38.705046,50.45,49.45,56.2375,7.28815493667309,8,50.48125,3.33227885106722,8
3334970102,6:14,374,-75.4829079089365,40.0451966969818,-75.1834073455283,39.9599979498596,am_peak,TRUE,36,37.682509,106.366666666667,91.3833333333333,108.12380952381,12.4505721166437,7,106.383333333333,18.1835875762419,8
3334970103,7:05,425,-75.1834073455283,39.9599979498596,-75.2074989674157,39.9516652307221,am_peak,TRUE,13,20.441392,24.6333333333333,22.7333333333333,27.2208333333333,1.55978096752931,8,27.5145833333333,1.82551226774364,8
3334970105,15:07,907,-75.1941152941134,39.9546263068532,-75.1834073455283,39.9599979498596,off_peak,FALSE,7,13.3945,14.05,14.05,15.60625,1.27767576369862,8,15.0770833333333,1.02751578599854,8
3369580108,16:40,1000,-75.1569523625043,39.943116935689,-75.1550731760754,39.9469560187574,pm_peak,TRUE,10,8.436711,19.5833333333333,10.4833333333333,13.39375,3.43423401847498,8,11.9041666666667,2.63864368117229,8
3369580109,16:55,1015,-75.1550731760754,39.9469560187574,-75.1611907875754,39.9477574019743,pm_peak,TRUE,9,8.519117,12.3666666666667,11.4666666666667,15.1479166666667,2.88777441491342,8,14.53125,2.06928477598589,8
3369580111,19:55,1195,-75.1608290378846,39.9512565309348,-75.1840170635385,39.9534784074457,off_peak,FALSE,-5,11.516666,17.6833333333333,15.5,16.66875,2.14236254212604,8,15.2666666666667,3.10529501704059,8
3382110105,9:06,546,-75.368739005283,39.9143240988748,-75.2626735411038,39.9640057100153,am_peak,TRUE,27,42.525595,50.4166666666667,45.4333333333333,47.2916666666667,7.00892288443809,8,43.7958333333333,6.23336357262846,8
3382110106,9:40,580,-75.2626735411038,39.9640057100153,-75.1638872349499,39.9525548857932,off_peak,FALSE,16,24.135069,36.95,35.95,38.95,5.88581830698648,8,35.95,2.8908723349783,8
3382110107,10:00,600,-75.1638872349499,39.9525548857932,-75.1545693550523,40.0111496191661,off_peak,FALSE,8,18.603211,23.6333333333333,16.8833333333333,21.6166666666667,3.91202866221201,8,22.6958333333333,3.65657431406579,8
3382110112,22:13,1333,-75.2626735411038,39.9640057100153,-75.3925245649585,39.9189589188966,off_peak,FALSE,0,34.699724,44.5833333333333,45.5833333333333,48.7020833333333,6.44265570242583,8,47.6083333333333,6.96445054749988,8
3383780102,11:10,670,-75.1941152941134,39.9546263068532,-75.1708705877199,39.9529581159317,off_peak,FALSE,20,11.429238,7.93333333333333,10.9166666666667,10.1083333333333,1.82371938108701,8,10.2541666666667,1.40044635741609,8
3422520101,10:00,600,-75.1546939106137,40.0587336087499,-75.2032844122027,39.9507247552209,off_peak,FALSE,45,52.971734,86.0833333333333,66.05,70.5583333333333,8.53091018423173,8,62.175,5.370222128952,8
3422520102,11:15,675,-75.2032844122027,39.9507247552209,-75.2024327640643,39.9546329212277,off_peak,FALSE,,7.25,11.7333333333333,15,13.2458333333333,2.19361899283223,8,12.4916666666667,1.68216602619436,8
3422520104,11:30,690,-75.2024327640643,39.9546329212277,-75.1840170635385,39.9534784074457,off_peak,FALSE,45,11.197636,12.25,13.25,15.8145833333333,4.27882788337595,8,13.25,2.76457178290909,8
3422520105,12:30,750,-75.1840170635385,39.9534784074457,-75.1669894744938,39.9484799410289,off_peak,FALSE,30,15.275732,20.4333333333333,18.6166666666667,17.0958333333333,2.1966018127575,8,15.375,2.2573161476577,8
3422520106,14:30,870,-75.1669894744938,39.9484799410289,-75.1584424033225,39.9474108270156,off_peak,FALSE,15,6.624648,14.6166666666667,18.1666666666667,23.4979166666667,4.57924438817876,8,14.7291666666667,4.77608751016582,8
3422520107,15:00,900,-75.1584424033225,39.9474108270156,-75.1588750233838,39.9528401835985,off_peak,FALSE,30,8.554834,12.4,9.4,10.35625,2.58241823269807,8,9.525,1.68501801601221,8
3422520108,16:00,960,-75.1588750233838,39.9528401835985,-75.1648345113326,39.9541020155151,pm_peak,TRUE,30,6.572394,11.8333333333333,10.8333333333333,11.3041666666667,3.73865214231945,8,8.84583333333333,2.91254470638077,8
3422520109,16:50,1010,-75.1648345113326,39.9541020155151,-75.1398050137829,40.0366774270012,pm_peak,TRUE,30,24.490754,38.2666666666667,33.9666666666667,35.8583333333333,4.68587035164023,8,36.4604166666667,3.66695818646325,8
3422520110,17:30,1050,-75.1398050137829,40.0366774270012,-75.1546939106137,40.0587336087499,pm_peak,TRUE,20,25.643284,29.4833333333333,31.0666666666667,37.475,3.9753606205591,8,35.48125,4.24550591054917,8
3429820201,12:00,720,-75.4829079089365,40.0451966969818,-75.1612826317197,39.9532127364358,off_peak,FALSE,,54.16782,,112.8,109.321428571429,16.6599033896473,7,108.3,11.6281677711618,8
3451130101,8:57,537,-75.0433688624618,40.023440833582,-75.1435480547611,40.0048596231255,am_peak,TRUE,43,38.307483,40.2833333333333,44.2833333333333,48.2833333333333,5.66316418368994,8,43.4020833333333,2.94198450326652,8
3451130102,9:44,584,-75.1435480547611,40.0048596231255,-75.1524573152991,39.9708851261141,off_peak,FALSE,38,24.927208,39.7666666666667,42.55,37.4104166666667,6.12641261650071,8,34.6395833333333,6.05287507115289,8
3469170201,7:30,450,-75.2980139860381,39.9634906864851,-75.2980139860381,39.9634906864851,am_peak,TRUE,25,7.332438,28.6833333333333,28.6833333333333,19.2520833333333,4.9140666046807,8,19.2520833333333,4.9140666046807,8
3469170202,17:15,1035,-75.2980139860381,39.9634906864851,-75.2626735411038,39.9640057100153,pm_peak,TRUE,30,17.361336,38.1666666666667,38.1666666666667,38.9166666666667,9.51690225711227,8,38.9166666666667,9.51690225711227,8
3469170203,17:50,1070,-75.2626735411038,39.9640057100153,-75.2980139860381,39.9634906864851,pm_peak,TRUE,20,17.104922,21.6166666666667,21.6166666666667,25.0270833333333,3.79823410827582,8,24.7583333333333,2.98038561476504,8
3471800101,7:30,450,-75.1067113574988,39.9836424590543,-75.202230610969,39.9458213862922,am_peak,TRUE,30,49.942541,55,46,51.625,3.72011904571423,8,50.625,5.9386746958271,8
3471800102,10:00,600,-75.202230610969,39.9458213862922,-75.1067113574988,39.9836424590543,off_peak,FALSE,0,42.58729,59.9,68.65,58.1583333333333,4.12434699015955,8,59.8833333333333,5.31515503215786,8
3473810202,15:33,933,-75.1588750233838,39.9528401835985,-75.2806454415887,40.2304601821381,off_peak,FALSE,38,47.521966,,,122.75,,1,127,6.01040764008565,2
3478450201,3:10,190,-75.1829342839572,39.9329910377486,-75.2537661165936,40.1153802483396,off_peak,FALSE,180,,,,,,0,,,0
3478450202,19:15,1155,-75.2537661165936,40.1153802483396,-75.1829342839572,39.9329910377486,off_peak,FALSE,165,,,,,,0,,,0
3478450301,8:00,480,-75.1829342839572,39.9329910377486,-75.2351116826331,39.934447396763,am_peak,TRUE,30,31.62238,40.4333333333333,46.9,47.8395833333333,5.93677627168146,8,43.1666666666667,6.4748843220653,8
3478450302,17:00,1020,-75.2351116826331,39.934447396763,-75.1829342839572,39.9329910377486,pm_peak,TRUE,60,35.124822,44.0333333333333,46.5666666666667,48.4729166666667,4.3584977889395,8,47.5291666666667,2.58978074085709,8
3482100101,12:00,720,-75.1900612521521,39.9261972601751,-75.1632627264191,39.9610182840982,off_peak,FALSE,45,30.001757,40.0833333333333,40.0833333333333,40.0833333333333,7.70435869213933,8,37.4583333333333,4.37321392113398,8
3482100102,13:15,795,-75.1632627264191,39.9610182840982,-75.1900612521521,39.9261972601751,off_peak,FALSE,120,28.701356,39.95,40.95,43.9645833333333,5.01221078411956,8,41.9166666666667,3.14802785328837,8
3483550101,7:10,430,-75.1662120144978,39.9238115855567,-75.1591175345241,39.9419118021734,am_peak,TRUE,35,15.642321,16.7833333333333,20.7833333333333,23.1458333333333,1.96615711720193,8,22.9291666666667,3.71742731913024,8
3483550105,16:30,990,-75.1580149724927,39.9493530835764,-75.1662120144978,39.9238115855567,pm_peak,TRUE,30,20.265733,28.05,20.55,26.6708333333333,2.82360725606589,8,23.1916666666667,1.69658854717716,8
3490040101,8:15,495,-75.2458322070382,39.9787834549805,-75.1545851492175,39.9813757258968,am_peak,TRUE,51,49.165754,51.9666666666667,49.1833333333333,53.3416666666667,3.88524886334952,8,50.8645833333333,4.05084194168421,8
3490040103,14:40,880,-75.1741319574651,39.9575333855516,-75.1545851492175,39.9813757258968,off_peak,FALSE,46,28.421915,32.1833333333333,33.3166666666667,32.8625,3.58659043555031,8,31.3583333333333,3.35676289643119,8
3490040104,16:48,1008,-75.1545851492175,39.9813757258968,-75.2458322070382,39.9787834549805,pm_peak,TRUE,64,50.110264,68.55,58.4333333333333,56.5166666666667,4.37732251278706,8,55.45,3.91290092524634,8
3501890104,9:20,560,-75.259257848951,39.9196161877979,-75.1941152941134,39.9546263068532,am_peak,TRUE,34,32.050757,47.2166666666667,35.2166666666667,39.7166666666667,5.13392080744755,8,37.7166666666667,3.03550419441083,8
3501890107,17:45,1065,-75.1906300416804,39.958024348983,-75.2626735411038,39.9640057100153,pm_peak,TRUE,15,22.836948,33.4333333333333,28.4333333333333,40.2958333333333,8.3610242309466,8,36.89375,5.18427825945218,8
3501890108,18:05,1085,-75.2626735411038,39.9640057100153,-75.1937934209145,39.951852697735,pm_peak,TRUE,27,26.76929,38.55,37.55,41.55,4.87706000431759,8,36.34375,3.48450011786893,8
3501890202,11:47,707,-75.2833403981327,39.9123740495544,-75.2966603964201,39.9020047132286,off_peak,FALSE,3,15.590718,25.2166666666667,47.9833333333333,38.9083333333333,8.13002957881341,8,36.7333333333333,9.68798961896341,8
3501890205,12:31,751,-75.2966603964201,39.9020047132286,-75.2833403981327,39.9123740495544,off_peak,FALSE,2,12.572461,19.0833333333333,36.9833333333333,34.0458333333333,11.5404181033444,8,29.4833333333333,9.05932826270406,8
3516490101,6:15,375,-75.1599172675313,39.9309896846011,-75.1550139436622,39.9445812882334,am_peak,TRUE,25,16.532926,17.15,18.5833333333333,19.6791666666667,2.6961428945693,8,19.2708333333333,2.83394601218866,8
3523090102,6:33,393,-75.2632015381214,39.9505426932584,-75.2626735411038,39.9640057100153,am_peak,TRUE,0,12.279288,33.6666666666667,14.6666666666667,23.3333333333333,7.38671050356599,8,20.4125,5.0046387212424,8
3523090104,14:56,896,-75.1612826317197,39.9532127364358,-75.1662257986882,39.9519342771783,off_peak,FALSE,2,5.546592,11.85,9.71666666666667,7.61458333333333,1.30540504873769,8,10.5395833333333,2.63410081492235,8
3523090105,15:06,906,-75.1662257986882,39.9519342771783,-75.2626735411038,39.9640057100153,off_peak,FALSE,15,23.869646,40.55,37.0333333333333,36.7729166666667,2.7766306162983,8,35.9270833333333,4.12875069982069,8
3523090106,15:25,925,-75.2626735411038,39.9640057100153,-75.2730699476355,39.952783790568,off_peak,FALSE,18,14.941881,21.5166666666667,16.5166666666667,22.3916666666667,6.33442972965996,8,21.5083333333333,4.37749475356171,8
3526370204,9:00,540,-75.2134011763507,40.0130658815662,-75.175919233186,40.0332814777088,am_peak,TRUE,35,31.740063,34.0333333333333,41.0333333333333,34.5770833333333,5.93695674206431,8,37.0541666666667,6.0065688248466,8
3546240301,8:00,480,-75.0465195441935,40.0283762827018,-75.0612157075945,40.0086516088368,am_peak,TRUE,45,24.792815,35.55,34.3166666666667,29.28125,3.32106596843042,8,30.5354166666667,2.63764621952321,8
3554480101,8:30,510,-75.1782289254393,39.9273662256759,-75.1937934209145,39.951852697735,am_peak,TRUE,35,25.276286,38.7333333333333,33.7333333333333,34.59375,4.38828651431809,8,29.74375,1.70158510368402,8
3554480102,17:15,1035,-75.1937934209145,39.951852697735,-75.1782289254393,39.9273662256759,pm_peak,TRUE,25,32.185683,38.2666666666667,37.9166666666667,42.8708333333333,3.02035094670633,8,39.7479166666667,3.0024254414966,8
3554480201,10:00,600,-75.1782289254393,39.9273662256759,-75.1611907875754,39.9477574019743,off_peak,FALSE,45,22.724146,30.85,37.2666666666667,33.9770833333333,5.51458338955152,8,30.2458333333333,3.67415631175031,8
3554480202,18:00,1080,-75.1611907875754,39.9477574019743,-75.1782289254393,39.9273662256759,pm_peak,TRUE,60,22.721886,29.9333333333333,36.5333333333333,30.9833333333333,4.11823278480482,8,32.1229166666667,3.30689440339998,8
3568880103,11:45,705,-75.1928742171467,39.9459041130135,-75.1588750233838,39.9528401835985,off_peak,FALSE,25,24.491364,33.4833333333333,26.4833333333333,34.525,4.63291365005748,8,31.4895833333333,4.6717314140222,8
3568880203,11:45,705,-75.1928742171467,39.9459041130135,-75.1588750233838,39.9528401835985,off_peak,FALSE,25,24.491364,33.4833333333333,26.4833333333333,34.525,4.63291365005748,8,31.4895833333333,4.6717314140222,8
3574140206,16:46,1006,-75.1427276091799,39.9500099248171,-75.1584725274299,39.950967187359,pm_peak,TRUE,3,7.253304,11.95,8.95,7.95,1.22474487139159,8,8.95,1.79284291400159,8
3577750301,7:10,430,-75.1781614636911,39.9498663111966,-75.1612826317197,39.9532127364358,am_peak,TRUE,24,13.409997,27.1,16.1666666666667,20.3375,6.08218678040604,8,17.0083333333333,4.33812006683606,8
3579640101,5:54,354,-75.274466211559,40.2111841677703,-75.1647675352254,39.9513827603519,off_peak,FALSE,46,56.61263,103.283333333333,106.283333333333,105.17619047619,15.8842539582293,7,106.283333333333,10.5863793891693,8
3579640102,15:30,930,-75.1647675352254,39.9513827603519,-75.274466211559,40.2111841677703,off_peak,FALSE,70,52.446211,,,122.241666666667,7.2076284176841,4,121.066666666667,7.0267346612776,5
3588880101,10:35,635,-75.2697148355171,39.9862485416151,-75.1509013014001,40.0025369261947,off_peak,FALSE,55,61.68193,71.4333333333333,,78.5416666666667,14.2727158125798,6,73.9166666666667,8.90446985133497,5
3588880102,14:30,870,-75.1509013014001,40.0025369261947,-75.1495939755084,40.0125900284939,off_peak,FALSE,40,11.450578,26.2166666666667,12.95,20.0625,3.57476550457487,8,16.4958333333333,3.43690001978989,8
3588880103,15:50,950,-75.1495939755084,40.0125900284939,-75.1379390053678,40.0162879355525,off_peak,FALSE,40,18.600063,34.0166666666667,21.75,25.89375,5.14554004369511,8,23.3395833333333,4.03903510302796,8
3588880201,7:00,420,-75.1379390053678,40.0162879355525,-75.2697148355171,39.9862485416151,am_peak,TRUE,60,74.416215,80.5833333333333,96.9,90.6625,8.44520503571335,8,106.65,9.04749373346801,8
3588880202,10:35,635,-75.2697148355171,39.9862485416151,-75.1509013014001,40.0025369261947,off_peak,FALSE,55,61.68193,71.4333333333333,,78.5416666666667,14.2727158125798,6,73.9166666666667,8.90446985133497,5
3588880203,14:30,870,-75.1509013014001,40.0025369261947,-75.1495939755084,40.0125900284939,off_peak,FALSE,40,11.450578,26.2166666666667,12.95,20.0625,3.57476550457487,8,16.4958333333333,3.43690001978989,8
3588880204,15:40,940,-75.1495939755084,40.0125900284939,-75.1379390053678,40.0162879355525,off_peak,FALSE,50,18.600063,19.1,17.4833333333333,26.06875,4.68023060668447,8,23.6916666666667,4.30215892646604,8
3593950101,14:24,864,-75.1742218041379,39.9513700637455,-75.1957094473416,39.9494354858208,off_peak,FALSE,26,15.487689,23.3333333333333,16.3333333333333,19.8125,1.9794329394816,8,19.1479166666667,1.1550248227938,8
3593950105,18:26,1106,-75.2024327640643,39.9546329212277,-75.1742218041379,39.9513700637455,pm_peak,TRUE,10,17.113547,24.4833333333333,24.4833333333333,24.0729166666667,3.50712356135383,8,19.8354166666667,2.73108847275802,8
3596790101,11:00,660,-75.1603362537134,39.9167023901516,-75.1543285653421,39.912135860101,off_peak,FALSE,15,6.724507,22.5833333333333,13.5833333333333,16.875,4.83682140148272,8,13.825,2.51198713473604,8
3604970202,17:30,1050,-75.1632627264191,39.9610182840982,-75.150229373412,39.9517620658106,pm_peak,TRUE,15,18.096997,15.6,19.85,18.7625,3.38168209764369,8,22.1333333333333,1.63559124788522,8
3604970203,19:15,1155,-75.150229373412,39.9517620658106,-75.1768973037301,39.9372294658397,off_peak,FALSE,30,20.786151,39.2,30.1333333333333,33.7645833333333,5.84309005483305,8,29.7666666666667,3.13891347089686,8
3605510104,15:38,938,-75.2376648010527,39.9482763035952,-75.2351116826331,39.934447396763,off_peak,FALSE,9,14.864683,18.7833333333333,18.7833333333333,21.4083333333333,2.29518128757995,8,19.6583333333333,2.90012315009454,8
3605510201,6:00,360,-75.1612826317197,39.9532127364358,-75.2351116826331,39.934447396763,am_peak,TRUE,60,29.486761,32.1166666666667,32.1166666666667,36.1041666666667,5.32271077553534,8,39.9916666666667,4.42194204265178,8
3605510204,20:30,1230,-75.2351116826331,39.934447396763,-75.1612826317197,39.9532127364358,off_peak,FALSE,90,27.363237,37.1666666666667,37.1666666666667,34.6666666666667,6.48624919128371,8,35.6666666666667,5.72588109252316,8
3607950102,10:15,615,-75.1515094031092,39.9207626635082,-75.150229373412,39.9517620658106,off_peak,FALSE,15,24.701409,29.85,32.1,29.3666666666667,4.58257569495584,8,27.4041666666667,3.34701655826048,8
3633010101,8:30,510,-75.1247882287306,39.9802857304346,-75.2626735411038,39.9640057100153,am_peak,TRUE,30,44.687846,55.95,58.4333333333333,58.8645833333333,5.47968425040412,8,57.66875,5.80994247369275,8
3633010102,9:30,570,-75.2626735411038,39.9640057100153,-75.3967642023521,39.912580844843,off_peak,FALSE,30,45.224822,68.4666666666667,58.4666666666667,65.6416666666667,7.41730601845633,8,61.9145833333333,5.96694889928401,8
3633010103,16:30,990,-75.3967642023521,39.912580844843,-75.1247882287306,39.9802857304346,pm_peak,TRUE,30,72.557907,120.75,121.75,112.25,10.9734528142543,4,113.25,10.9734528142543,4
3633010104,17:10,1030,-75.1247882287306,39.9802857304346,-75.1247882287306,39.9802857304346,pm_peak,TRUE,30,6.798726,7.43333333333333,8.51666666666667,10.4166666666667,3.70984319182584,8,8.50208333333333,4.11651182955389,8
3637010107,13:05,785,-75.1779217463161,39.9533873770951,-75.1941152941134,39.9546263068532,off_peak,FALSE,5,10.861325,12.0166666666667,18.0166666666667,19.7270833333333,3.25622648363077,8,16.4770833333333,2.66447733788955,8
3637010110,13:49,829,-75.2024327640643,39.9546329212277,-75.1834073455283,39.9599979498596,off_peak,FALSE,2,16.851033,33.3833333333333,24.1333333333333,26.04375,2.97722755740495,8,22.825,2.30144881904132,8
3657130106,21:15,1275,-75.1445453348899,39.9427167473736,-75.1480724206306,39.9424699004001,off_peak,FALSE,45,3.35,7.43333333333333,10.5,14.5854166666667,4.11082038600956,8,15.5520833333333,6.1214457617695,8
3657130207,21:30,1290,-75.1591175345241,39.9419118021734,-75.1480724206306,39.9424699004001,off_peak,FALSE,30,10.819844,18.0833333333333,19.8333333333333,27.7895833333333,10.8466289748957,8,19.0583333333333,6.5599070841271,8
3661170103,8:36,516,-75.1584725274299,39.950967187359,-75.2626735411038,39.9640057100153,am_peak,TRUE,15,25.090802,27.4166666666667,32.4333333333333,32.8875,3.79340227153024,8,30.8520833333333,2.11522143198985,8
3673860201,10:00,600,-75.1213011404462,39.9783266828423,-75.1427276091799,39.9500099248171,off_peak,FALSE,20,22.445479,50.3666666666667,33.85,39.1166666666667,9.68798961896341,8,34.6,7.14142842854285,8
3673860203,11:40,700,-75.1977262540913,39.9594259908695,-75.1213011404462,39.9783266828423,off_peak,FALSE,20,38.58122,50.3166666666667,48.8,51.9083333333333,8.95816112791296,8,41.55,4.36161103190676,8
3678950301,8:00,480,-75.1662120144978,39.9238115855567,-75.1545851492175,39.9813757258968,am_peak,TRUE,45,27.943671,36.1833333333333,36.1833333333333,34.9875,4.08069156526117,8,33.99375,4.5406797748201,8
3679490104,15:20,920,-75.2774149663199,39.9687743576991,-75.1541388337345,39.9522458625874,off_peak,FALSE,20,32.751294,43.35,40.35,43.35,4.04439647625488,8,41.85,5.29824768875791,8
3698530101,9:30,570,-75.1697103405146,40.0285190426739,-75.1537481432666,39.9503794767793,off_peak,FALSE,30,31.050788,49.0166666666667,39.5666666666667,45.84375,8.03598028660267,8,41.3,6.03873738511199,8
3698530102,12:00,720,-75.1537481432666,39.9503794767793,-75.1697103405146,40.0285190426739,off_peak,FALSE,60,30.597312,33.3333333333333,41.1,40.6333333333333,5.72987160165292,8,39.9958333333333,4.19583835768366,8
3712900101,15:40,940,-75.3461204046108,39.9094203303953,-75.3461204046108,39.9094203303953,off_peak,FALSE,20,12.692349,27.9166666666667,27.9166666666667,22.2916666666667,6.50137348126203,8,20.9895833333333,4.78971233437163,8
3745500102,10:20,620,-75.208260147084,39.9463603580681,-75.1537481432666,39.9503794767793,off_peak,FALSE,3,21.030085,30.4666666666667,21.4666666666667,26.4666666666667,5.37852874200477,8,21.4666666666667,2.01777812740365,8
3769830102,11:30,690,-75.1668204811424,39.9566224991973,-75.1937934209145,39.951852697735,off_peak,FALSE,45,19.099344,25.6,24.35,31.6416666666667,7.3773355193511,8,30.6,4.73588127264308,8
3777160101,12:40,760,-75.1571353154683,39.9662123143604,-75.1705068930163,39.9509065904554,off_peak,FALSE,35,19.55865,24.95,25.8666666666667,28.10625,3.98535949166167,8,25.6270833333333,2.92672330865028,8
3777160102,13:34,814,-75.1705068930163,39.9509065904554,-75.1569523625043,39.943116935689,off_peak,FALSE,24,17.956833,14.7833333333333,18.3166666666667,24.1291666666667,2.92756128533035,8,22.5875,2.60869653640427,8
3777160104,14:25,865,-75.1591175345241,39.9419118021734,-75.1571353154683,39.9662123143604,off_peak,FALSE,32,21.381213,26.1833333333333,24.1833333333333,28.95,4.05803142516406,8,26.3020833333333,3.39792697656898,8
3777160201,12:30,750,-75.1571353154683,39.9662123143604,-75.1584725274299,39.950967187359,off_peak,FALSE,,12.933255,22.0166666666667,16.0166666666667,20.1416666666667,4.37321392113397,8,16.0166666666667,2.7902892835178,8
3777160203,15:30,930,-75.1560983260195,39.9553691545034,-75.1571353154683,39.9662123143604,off_peak,FALSE,30,11.553389,15.1833333333333,17.1833333333333,14.3708333333333,2.27466638056159,8,13.7958333333333,1.61062321567061,8
3779200101,10:30,630,-75.07263574168,40.0408416566457,-75.0593151476913,40.0302346423682,off_peak,FALSE,12,12.733217,52.2166666666667,37.65,31.9916666666667,10.7285000948741,8,29.7083333333333,9.01581062743896,8
3784140203,6:35,395,-75.1638872349499,39.9525548857932,-75.2134011763507,40.0130658815662,am_peak,TRUE,24,31.82924,31.2,30.3166666666667,38.0041666666667,4.311932042195,8,36.9416666666667,5.2384566974853,8
3811460204,21:40,1300,-75.1540803782248,39.9488624668665,-75.1491478561502,39.9298438746743,off_peak,FALSE,43,16.265365,33.0666666666667,33.15,26.7583333333333,5.41554933530982,8,27.0104166666667,4.02875514961577,8
3825960201,7:30,450,-75.3024393659454,39.9834631042535,-75.1659426772114,39.9531940428398,am_peak,TRUE,45,43.136595,70.45,45.45,62.9142857142857,11.593306771787,7,53.7,5.27798662911748,8
3825960202,17:05,1025,-75.1659426772114,39.9531940428398,-75.3024393659454,39.9834631042535,pm_peak,TRUE,55,39.843902,53.0833333333333,63.0833333333333,58.275,9.74428200259166,8,53.40625,6.16859646445363,8
3828300105,8:05,485,-75.0798260530761,40.0248633027149,-75.1678754160498,39.9518178612404,am_peak,TRUE,25,34.485307,48.9166666666667,47.9166666666667,49.4708333333333,4.10599397319778,8,41.1666666666667,3.52541790835802,8
3828300106,19:00,1140,-75.1678754160498,39.9518178612404,-75.041057350286,40.0391573349906,off_peak,FALSE,60,50.178886,60.5166666666667,64.5166666666667,69.13125,6.4885334605174,8,62.875,2.15504207597122,8
3828300302,6:57,417,-75.0548710138514,40.0392738731303,-75.1448779639192,40.0113597410072,am_peak,TRUE,40,40.971962,62.9166666666667,44.2833333333333,61.1729166666667,4.59620217187646,8,57.5458333333333,6.85775398235747,8
3828300303,14:39,879,-75.1448779639192,40.0113597410072,-75.0798260530761,40.0248633027149,off_peak,FALSE,26,33.46788,50.3333333333333,42.3333333333333,47.63125,7.19065441477328,8,44.91875,6.44818442208889,8
3828300304,15:15,915,-75.0798260530761,40.0248633027149,-75.041057350286,40.0391573349906,off_peak,FALSE,20,23.596679,34.5166666666667,37.0833333333333,33.3916666666667,4.68851179556401,8,34.1604166666667,3.8929926618322,8
3840300101,10:30,630,-75.2421801680258,39.9481308791093,-75.2503777426564,39.9710914282717,off_peak,FALSE,60,28.181371,37.7166666666667,31.2666666666667,39.3958333333333,5.40727574221816,8,32.8583333333333,5.33406245016144,8
3840300102,12:00,720,-75.2503777426564,39.9710914282717,-75.2421801680258,39.9481308791093,off_peak,FALSE,0,24.069068,57.1666666666667,26.0166666666667,47.1458333333333,6.91383332673281,8,40.6952380952381,11.716898663286,7
3854510101,8:08,488,-75.124494522152,40.1214440489086,-75.1962680244175,40.0724717157188,am_peak,TRUE,79,51.241705,75.4,75.4,74.7875,11.1850266619517,8,75.0375,9.58483735609828,8
3863520105,15:25,925,-75.1742218041379,39.9513700637455,-75.1652643007328,39.9488899960486,off_peak,FALSE,20,12.196044,14.4666666666667,11.4666666666667,14.2375,1.74216500047753,8,12.60625,1.81630484601313,8
3863520106,16:15,975,-75.1652643007328,39.9488899960486,-75.1742218041379,39.9513700637455,pm_peak,TRUE,20,7.948627,14,12,12.5,1.79284291400159,8,11.3375,1.56883714897372,8
3881100104,17:50,1070,-75.1545693550523,40.0111496191661,-75.1546498738633,40.0261270665432,pm_peak,TRUE,40,17.347881,24.1833333333333,26.1666666666667,23.96875,3.34135270464305,8,24.3166666666667,3.70283032030262,8
3891190103,8:30,510,-75.1834073455283,39.9599979498596,-75.202230610969,39.9458213862922,am_peak,TRUE,5,20.048522,34.65,34.65,29.98125,1.98127018541618,8,29.4375,1.92641928713384,8
3891190104,16:45,1005,-75.202230610969,39.9458213862922,-75.202230610969,39.9458213862922,pm_peak,TRUE,20,7.672936,15.2833333333333,15.6333333333333,16.3604166666667,1.55537821409742,8,17.7833333333333,2.24690262997119,8
3892120103,6:29,389,-75.1588750233838,39.9528401835985,-75.1466622121185,39.9478355374067,am_peak,TRUE,10,11.803805,15.5,13.8333333333333,13.65625,1.92592870815326,8,13.7958333333333,1.87410825355201,8
3892120104,15:15,915,-75.1466622121185,39.9478355374067,-75.1588750233838,39.9528401835985,off_peak,FALSE,10,12.634956,15.5833333333333,20.0833333333333,18.58125,1.63227462043246,8,18.2729166666667,2.52911518344086,8
3893490101,8:50,530,-75.292284771946,39.9595531624096,-75.1957094473416,39.9494354858208,am_peak,TRUE,70,41.539176,60.7666666666667,53.15,57.45,9.14989374558828,7,54.7416666666667,9.86621620593337,8
3893490102,13:30,810,-75.1957094473416,39.9494354858208,-75.292284771946,39.9595531624096,off_peak,FALSE,60,41.297545,39.75,39.75,50.6791666666667,7.02279593170788,8,46.95,5.39858888088007,8
3900760203,8:00,480,-75.0589191747288,40.0341434174917,-75.1612826317197,39.9532127364358,am_peak,TRUE,570,40.456281,51.1,50.1,55.1,5.68833392630416,8,52.35,4.76595066217494,8
3904970101,8:26,506,-75.0529627230323,40.0535132505067,-75.0529627230323,40.0535132505067,am_peak,TRUE,4,5.372656,15.0166666666667,13.0166666666667,10.825,3.45959672849445,8,11.0416666666667,3.6918507424816,8
3904970102,11:00,660,-75.0529627230323,40.0535132505067,-75.0392105966606,40.0749172415666,off_peak,FALSE,30,19.313766,25.7833333333333,25.7833333333333,28.5208333333333,6.44207246303917,8,24.0666666666667,4.27328355962396,8
3904970103,13:00,780,-75.0392105966606,40.0749172415666,-75.0529627230323,40.0535132505067,off_peak,FALSE,0,13.852442,25.0833333333333,33.3,22.9854166666667,4.17381707887834,8,38.9066666666667,11.4964946348393,5
3905510101,8:30,510,-75.1483131665262,39.937767343598,-75.1691139313301,39.9535949564727,am_peak,TRUE,,22.370401,30.7166666666667,30.6,28.0833333333333,4.54483834207066,8,26.4625,3.66175807805789,8
3923520101,14:15,855,-75.159777549525,39.9192696273914,-75.1722288078707,39.9400534674801,off_peak,FALSE,15,29.534345,41.9666666666667,28.8333333333333,36.36875,3.52407184110509,8,30.3395833333333,3.31508023197697,8
3923520103,15:35,935,-75.1722288078707,39.9400534674801,-75.159777549525,39.9192696273914,off_peak,FALSE,15,21.572144,31.3333333333333,24.9333333333333,33.2145833333333,6.93043344518186,8,30.8854166666667,6.2161811217254,8
3923520501,7:40,460,-75.159777549525,39.9192696273914,-75.1722288078707,39.9400534674801,am_peak,TRUE,20,26.940069,30.2833333333333,32.2833333333333,31.06875,4.4813142692033,8,27.2229166666667,3.60800408153607,8
3923520503,15:30,930,-75.1722288078707,39.9400534674801,-75.159777549525,39.9192696273914,off_peak,FALSE,510,21.572144,36.3333333333333,29.9333333333333,33.1625,5.80224881143866,8,31.2541666666667,4.5478649272846,8
3929400102,9:15,555,-75.2414396306448,39.9567061667391,-75.1603747972298,39.949646258079,am_peak,TRUE,,24.272818,25.3333333333333,34.3333333333333,31.3333333333333,5.16167193289705,8,30.5833333333333,4.76595066217494,8
3929400104,17:45,1065,-75.1662257986882,39.9519342771783,-75.2414396306448,39.9567061667391,pm_peak,TRUE,10,21.068062,29.2833333333333,36.2833333333333,32.8958333333333,1.56769849506484,8,32.1458333333333,3.80701889372024,8
3936810103,8:02,482,-75.1537481432666,39.9503794767793,-75.1834073455283,39.9599979498596,am_peak,TRUE,8,15.271516,19.25,16.25,19.25,3.26233921333407,8,17.75,1.79284291400159,8
3941850105,13:50,830,-75.2782358419767,40.1133698952466,-74.9452110255043,40.1208986646202,off_peak,FALSE,170,56.066667,,84.8,,,0,84.8,20.820662813657,8
3949980102,16:30,990,-75.1569523625043,39.943116935689,-75.1655206281913,39.9477143701067,pm_peak,TRUE,15,10.27426,16.4833333333333,18.4833333333333,17.2333333333333,4.0355562548073,8,15.60625,2.87283303428117,8
3966890102,9:00,540,-75.0746518061582,39.9953315333685,-75.2335550889088,39.9485225505081,am_peak,TRUE,60,64.095456,77.5333333333333,63.7666666666667,78,11.0461801197561,8,66.6958333333333,6.06116803401027,8
3966890103,13:15,795,-75.2335550889088,39.9485225505081,-75.0746518061582,39.9953315333685,off_peak,FALSE,75,68.306777,82.9166666666667,91.9166666666667,74.6666666666667,6.2449979983984,8,72.3416666666667,9.05930636119741,8
3966890104,16:30,990,-75.0746518061582,39.9953315333685,-75.2335550889088,39.9485225505081,pm_peak,TRUE,120,64.071138,66.7333333333333,58.7333333333333,75.8875,4.91262343841038,8,70.3604166666667,4.6110025207141,8
3998300101,9:45,585,-75.1722789942054,39.9539778646615,-75.1662257986882,39.9519342771783,off_peak,FALSE,15,5.708835,14.4333333333333,14.85,16.4479166666667,2.73754665829629,8,13.975,1.31848879343463,8
3998560101,8:00,480,-75.1773253490168,39.9478229139105,-75.2240469261417,40.0283746179593,am_peak,TRUE,47,29.961394,61.9833333333333,44.7666666666667,66.9833333333333,7.64852927038918,8,48.3583333333333,7.12923224344335,8
4004890307,19:01,1141,-75.2783533552924,39.9575793577259,-75.2626735411038,39.9640057100153,off_peak,FALSE,29,12.463426,21.3833333333333,14.3833333333333,24.8375,8.83590595960506,8,22.29375,5.72278194018614,8
4004890308,19:40,1180,-75.2626735411038,39.9640057100153,-75.2783533552924,39.9575793577259,off_peak,FALSE,20,12.870081,21.4,21.4,22.9833333333333,4.03673606955398,8,23.1708333333333,4.02377606354079,8
4005130103,17:30,1050,-75.1711863712317,39.9750643402378,-75.1815493379532,39.9195932035454,pm_peak,TRUE,40,40.342011,35.1166666666667,44.9333333333333,45.61875,3.80005678215722,8,47.1041666666667,4.98327958244622,8
4005130104,21:40,1300,-75.1815493379532,39.9195932035454,-75.1711863712317,39.9750643402378,off_peak,FALSE,15,38.922496,50.9,50.9,53.4895833333333,6.71786257520687,8,53.3833333333333,6.35910171354214,8
4013690103,8:40,520,-75.1834073455283,39.9599979498596,-75.1834073455283,39.9599979498596,am_peak,TRUE,1,4.598742,18.5166666666667,23.05,24.2270833333333,4.69572532304902,8,23.6645833333333,3.50635972651781,8
4013690106,16:01,961,-75.1906300416804,39.958024348983,-75.1834073455283,39.9599979498596,pm_peak,TRUE,4,13.234685,14.2,20.8,20.1354166666667,4.99340388325137,8,20.8854166666667,6.77794297059944,8
4032620102,8:09,489,-75.1662120144978,39.9238115855567,-75.162026191264,39.9785569548507,am_peak,TRUE,21,25.324189,26.3333333333333,25.5166666666667,34.3333333333333,4.04439647625488,8,33.23125,4.15030537698399,8
4032620105,17:17,1037,-75.162026191264,39.9785569548507,-75.1662120144978,39.9238115855567,pm_peak,TRUE,30,26.074297,37.05,30.05,35.8958333333333,3.91645642799469,8,34.0208333333333,3.26643281475883,8
4032620202,7:09,429,-75.1662120144978,39.9238115855567,-75.1662257986882,39.9519342771783,am_peak,TRUE,8,14.949555,19.1666666666667,19.1666666666667,23.4166666666667,2.90320020470023,8,22.4020833333333,3.31293086446102,8
4032620203,7:18,438,-75.1662257986882,39.9519342771783,-75.1427276091799,39.9500099248171,am_peak,TRUE,6,9.335163,13.25,13.45,13.0666666666667,1.92733058259427,8,12.68125,2.14452861398268,8
4032620206,16:15,975,-75.1427276091799,39.9500099248171,-75.1662257986882,39.9519342771783,pm_peak,TRUE,5,9.688468,12.85,11.85,10.85,2.8908723349783,8,11.1,1.73205080756888,8
4032620207,16:28,988,-75.1662257986882,39.9519342771783,-75.1662120144978,39.9238115855567,pm_peak,TRUE,7,15.773465,37.9833333333333,30.05,27.89375,3.05584188773849,8,25.55,3.16270428789958,8
4046210101,7:30,450,-75.0602877916782,40.0432878262775,-75.0648694032685,40.0546094774541,am_peak,TRUE,,16.952245,24.7833333333333,19.3333333333333,24.9208333333333,3.63423699989813,8,20.9895833333333,3.73099350039638,8
4046210401,7:00,420,-75.0602877916782,40.0432878262775,-75.1665214095376,39.9615526212186,am_peak,TRUE,72,49.616616,57.6833333333333,58.85,57.0166666666667,6.33963971736815,8,57.70625,4.01874513996596,8
4048490102,10:40,640,-75.180637080064,39.9501303685435,-75.2250001549737,39.9381660242818,off_peak,FALSE,80,26.016503,32.4666666666667,34.7666666666667,36.6875,3.73186354996476,8,31.8916666666667,2.90012315009454,8
4048490103,12:30,750,-75.2250001549737,39.9381660242818,-75.1833908620653,39.9475606076449,off_peak,FALSE,20,28.987227,28.45,34.3,39.3395833333333,4.67092439697136,8,33.7479166666667,3.39305356574281,8
4048490104,15:45,945,-75.1833908620653,39.9475606076449,-75.1569523625043,39.943116935689,off_peak,FALSE,30,18.701376,23.3166666666667,28.7833333333333,24.7791666666667,4.59202854852583,8,27.0666666666667,3.63099531590541,8
4048490105,16:45,1005,-75.1569523625043,39.943116935689,-75.1773253490168,39.9478229139105,pm_peak,TRUE,30,12.99817,18.4333333333333,15.55,19.1395833333333,4.50833388346093,8,14.8,2.97609523657138,8
4048490204,15:58,958,-75.1773253490168,39.9478229139105,-75.1634808483634,39.9480403151119,off_peak,FALSE,,11.637686,25.6166666666667,15.8333333333333,25.83125,4.87472781087916,8,18.3958333333333,4.2206291376358,8
4056480103,20:50,1250,-75.1611907875754,39.9477574019743,-75.180637080064,39.9501303685435,off_peak,FALSE,25,13.871435,21.2833333333333,25.35,21.2666666666667,2.7903461695696,8,29.975,4.07861243133978,8
4061050102,12:29,749,-75.1545851492175,39.9813757258968,-75.1509013014001,40.0025369261947,off_peak,FALSE,16,16.378346,25.9666666666667,23.6166666666667,21.98125,3.40238522193074,8,20.6708333333333,3.68485478165758,8
4061050103,14:26,866,-75.1509013014001,40.0025369261947,-75.1545851492175,39.9813757258968,off_peak,FALSE,22,16.154286,23.3833333333333,29.05,28.2333333333333,5.03317565189783,8,25.2875,1.49803442645927,8
4063470105,13:45,825,-75.175827602964,39.9495803344789,-75.1937934209145,39.951852697735,off_peak,FALSE,10,11.777591,14.0666666666667,13.7333333333333,14.6916666666667,2.25330445177321,8,13.9833333333333,1.70433620649269,8
4071630201,12:30,750,-75.1599172675313,39.9309896846011,-75.1595117962634,39.9367714452714,off_peak,FALSE,30,7.914577,14.2,12.85,14.4666666666667,4.2269355480045,8,13.36875,3.90346241805994,8
4071630202,15:00,900,-75.1595117962634,39.9367714452714,-75.1599172675313,39.9309896846011,off_peak,FALSE,40,10.076219,25.6,22.4333333333333,20.7875,6.4222687357573,8,19.5,4.68886726091454,8
4071860201,6:30,390,-75.1692193512515,40.0665021000576,-75.1595117962634,39.9367714452714,am_peak,TRUE,65,51.936755,65.85,58.8666666666667,58.6104166666667,3.62561365905993,8,59.3145833333333,4.5798942725372,8
4071860202,15:35,935,-75.1595117962634,39.9367714452714,-75.1692193512515,40.0665021000576,off_peak,FALSE,100,53.257876,64.9166666666667,61.7833333333333,70.85,5.37723006524764,8,64.2833333333333,5.16167193289705,8
4074350302,11:35,695,-75.3038980358657,39.8649089631855,-75.7107281119047,39.840918603114,off_peak,FALSE,15,,,,,,0,,,0
4074350303,12:00,720,-75.7107281119047,39.840918603114,-75.3938186136374,39.9651711354682,off_peak,FALSE,230,127.75,,,,,0,,,0
4090670101,13:30,810,-75.1655206281913,39.9477143701067,-75.1564410395894,39.9491555327036,off_peak,FALSE,20,11.199544,21.1,11.7333333333333,19.5208333333333,3.68494093338546,8,16.4083333333333,4.89071033890248,8
4090670103,16:30,990,-75.1584424033225,39.9474108270156,-75.1655206281913,39.9477143701067,pm_peak,TRUE,30,10.505802,11.8833333333333,14.1833333333333,12.5458333333333,1.69152298240373,8,14.98125,2.2644849006075,8
4110250303,12:30,750,-75.3113581658174,39.9560679168148,-75.2881050359287,39.9667946055376,off_peak,FALSE,93,20.36607,46.4166666666667,25.9,34.0452380952381,10.3733441975705,7,33.4666666666667,9.22676403747135,8
4110640102,8:54,534,-75.1953653714048,40.0470985479323,-75.1898142834651,40.0518717143354,am_peak,TRUE,4,10.116667,19.3666666666667,15.9833333333333,20.2833333333333,4.76823151137104,8,17.8916666666667,3.58587396090438,8
4120580201,8:30,510,-75.1247882287306,39.9802857304346,-75.1677276497158,39.9525760413027,am_peak,TRUE,25,26.543994,31.4,40.4,39.2083333333333,5.93970364286632,8,36.65,6.31325136970982,8
4120580206,16:54,1014,-75.1625826795934,39.9513495936779,-75.1247882287306,39.9802857304346,pm_peak,TRUE,36,24.223394,32.75,24.5666666666667,28.325,1.64381959385538,8,27.4541666666667,1.89172697617308,8
4120580301,8:30,510,-75.1247882287306,39.9802857304346,-75.1677276497158,39.9525760413027,am_peak,TRUE,25,26.543994,31.4,40.4,39.2083333333333,5.93970364286632,8,36.65,6.31325136970982,8
4120580302,16:30,990,-75.1677276497158,39.9525760413027,-75.1247882287306,39.9802857304346,pm_peak,TRUE,30,25.418882,32.75,28.5666666666667,32.74375,3.86665576250515,8,31.80625,2.6353960802885,8
4120860101,8:10,490,-75.0283305468631,40.0570508001269,-75.1561127285024,39.9506763018863,am_peak,TRUE,70,45.969998,57.1166666666667,52.1166666666667,57.1166666666667,7.03562363973514,8,56.6166666666667,4.87706000431759,8
4120860107,17:05,1025,-75.1608290378846,39.9512565309348,-75.0750322611491,40.0214372944722,pm_peak,TRUE,25,30.640007,44.1333333333333,33.0666666666667,37.6,3.93593537822806,8,37.425,3.515871045182,8
4120860108,18:10,1090,-75.0750322611491,40.0214372944722,-75.0283305468631,40.0570508001269,pm_peak,TRUE,0,25.690393,35.75,30.5,42.18125,9.70338444270128,8,30.6416666666667,3.95809397772563,8
4122150101,7:19,439,-75.2232933759479,39.9448265734297,-75.1701604201666,39.9562259742499,am_peak,TRUE,35,29.544799,29.0333333333333,29.0333333333333,32.9520833333333,1.32087745907967,8,30.4791666666667,1.6720567602578,8
4122150103,8:11,491,-75.1662257986882,39.9519342771783,-75.1937934209145,39.951852697735,am_peak,TRUE,13,13.756261,25.9833333333333,20.1333333333333,20.69375,2.88639305725197,8,21.7166666666667,2.91875435487932,8
4122150106,16:32,992,-75.1937934209145,39.951852697735,-75.2232933759479,39.9448265734297,pm_peak,TRUE,37,18.37228,31.5166666666667,25.5166666666667,30.1479166666667,4.49410052002923,8,27.6416666666667,3.11390888939105,8
4122150201,8:15,495,-75.2232933759479,39.9448265734297,-75.1608290378846,39.9512565309348,am_peak,TRUE,47,29.802983,34.4,31.4,30.4,1.22474487139159,8,29.6916666666667,1.65984317484495,8
4122150202,17:02,1022,-75.1608290378846,39.9512565309348,-75.2232933759479,39.9448265734297,pm_peak,TRUE,28,28.787092,35.7333333333333,29.5166666666667,37.4208333333333,2.28613401404177,8,33.0604166666667,2.76044822533622,8
4122150301,7:30,450,-75.2232933759479,39.9448265734297,-75.1665214095376,39.9615526212186,am_peak,TRUE,42,39.803304,41.9833333333333,39.8,41.8458333333333,3.27915191804029,8,39.11875,3.27226727742717,8
4122150401,7:19,439,-75.2232933759479,39.9448265734297,-75.1717674832599,39.9564206302579,am_peak,TRUE,35,29.07502,29,29,32.9,1.29191625852747,8,30.4458333333333,1.6720567602578,8
4135390101,12:00,720,-75.1609354256761,39.9985787329005,-75.1339173390945,39.9885141593941,off_peak,FALSE,60,20.614316,44.5666666666667,33.5666666666667,45.7416666666667,7.19730438957465,8,32.2083333333333,5.11804309080776,8
4135390102,15:00,900,-75.1339173390945,39.9885141593941,-75.1609354256761,39.9985787329005,off_peak,FALSE,120,25.004741,39.9833333333333,34.3833333333333,36.6541666666667,5.43939736099448,8,35.7125,4.09380823598467,8
4151420401,8:30,510,-75.129379590646,40.0985420675764,-75.1256172805438,40.0721167066709,am_peak,TRUE,30,16.703283,21.6666666666667,21.6666666666667,29.9166666666667,5.75698333703139,8,29.9166666666667,5.75698333703139,8
4151420402,17:40,1060,-75.1256172805438,40.0721167066709,-75.129379590646,40.0985420675764,pm_peak,TRUE,20,18.253168,45.3833333333333,65.3833333333333,46.7833333333333,7.27755846028441,8,44.20625,10.5001055833694,8
4156900102,8:16,496,-75.1962680244175,40.0724717157188,-75.1437069495727,40.0908743802349,am_peak,TRUE,22,31.70825,83.8166666666667,83.8166666666667,56.15,18.1477730497895,6,56.15,18.1477730497895,6
4156900105,18:00,1080,-75.1437069495727,40.0908743802349,-75.1962680244175,40.0724717157188,pm_peak,TRUE,21,29.750791,82.4,82.4,60.275,17.0665713352992,8,60.275,17.0665713352992,8
4161520201,10:05,605,-75.0769909306507,40.0311101522267,-74.9795376136262,40.1272335892217,off_peak,FALSE,45,49.601288,56.6,41.6,51.225,4.92624168538828,8,47.35,4.86973158544552,8
4161520202,14:05,845,-74.9795376136262,40.1272335892217,-75.0769909306507,40.0311101522267,off_peak,FALSE,150,50.324361,46.35,46.35,53.85,5.13392080744755,8,53.85,5.13392080744755,8
4165810101,9:30,570,-75.2165947836222,39.9537421538695,-75.1583275844786,39.9602029183105,off_peak,FALSE,30,29.424943,32.9166666666667,38.3,37.8916666666667,5.07465692014178,8,35.1458333333333,4.9496412408071,8
4165810102,15:00,900,-75.1583275844786,39.9602029183105,-75.1698571868868,39.9452577603363,off_peak,FALSE,20,19.278363,31.2166666666667,30.5333333333333,28.0770833333333,2.47937424101004,8,25.4729166666667,3.17637531142773,8
4165810105,21:30,1290,-75.1773253490168,39.9478229139105,-75.1630657978927,39.949981511781,off_peak,FALSE,30,13.594292,46.4,15.0666666666667,28.825,8.3322523108358,8,21.8354166666667,6.55026618567327,8
4166930101,7:30,450,-75.1661003080911,39.9138576581668,-75.1541388337345,39.9522458625874,am_peak,TRUE,60,28.701108,37.2666666666667,30.35,35.2770833333333,2.63790948826035,8,31.8958333333333,2.74907993266665,8
4166930104,17:30,1050,-75.1541388337345,39.9522458625874,-75.1661003080911,39.9138576581668,pm_peak,TRUE,30,29.556428,29.6166666666667,32.0666666666667,34.3770833333333,2.53516439935284,8,33.225,1.89097690382343,8
4166930201,15:00,900,-75.1661003080911,39.9138576581668,-75.1593108938158,39.9400078893569,off_peak,FALSE,20,22.181638,24.1,29.1,27.85,5.56776436283002,8,28.8875,2.94918269549863,8
4169530401,6:45,405,-74.8592732788772,40.2475559050292,-75.1638872349499,39.9525548857932,am_peak,TRUE,75,110.700288,,,,,0,,,0
4169530402,16:30,990,-75.1638872349499,39.9525548857932,-74.8592732788772,40.2475559050292,pm_peak,TRUE,90,108.626724,,,,,0,,,0
4182700101,9:15,555,-75.105165712328,40.1276279762693,-75.1213092333967,40.110417860785,am_peak,TRUE,10,22.788658,,,,,0,,,0
4182700105,15:05,905,-75.1303917234572,40.1051385654962,-75.105165712328,40.1276279762693,off_peak,FALSE,20,29.189776,,,,,0,,,0
4195770402,14:40,880,-74.9853265543148,40.0477525065309,-75.1612826317197,39.9532127364358,off_peak,FALSE,20,52.235668,75.1,70.1,76.1,4.51188905638679,8,74.6,6.33019972602986,8
4212940101,3:45,225,-75.3673834571287,40.1080902731022,-75.1461838934269,39.9589037110814,off_peak,FALSE,186,87.294782,,,,,0,,,0
4212940102,15:36,936,-75.1461838934269,39.9589037110814,-75.3673834571287,40.1080902731022,off_peak,FALSE,69,82.889388,,,,,0,,,0
4218280101,6:30,390,-75.1727947008017,39.9254003368501,-75.1619465866814,40.0435075759518,am_peak,TRUE,60,44.042432,48.2666666666667,46.2666666666667,52.8729166666667,5.55747699907414,8,51.8833333333333,7.70550720393157,8
4218280103,21:00,1260,-74.9919645563739,40.0557019160434,-75.1727947008017,39.9254003368501,off_peak,FALSE,75,61.323722,88.6166666666667,93.6166666666667,100.991666666667,10.507650274239,8,97.15,6.77076465166631,8
4218280201,6:00,360,-75.1727947008017,39.9254003368501,-75.2239722514315,39.9735103886618,am_peak,TRUE,45,45.440448,54.9,42.9,45.48125,5.63323075068616,8,44.49375,4.38594379537523,8
4218890201,10:00,600,-75.1748164256956,39.9150535108662,-75.1612826317197,39.9532127364358,off_peak,FALSE,30,19.127612,31.1,24.1,34.05,7.14382850538041,8,28.475,6.17454451761423,8
4218890202,16:00,960,-75.1612826317197,39.9532127364358,-75.1748164256956,39.9150535108662,pm_peak,TRUE,30,19.008815,28.1833333333333,32.1833333333333,31.8208333333333,1.50049594975731,8,31.0041666666667,2.03260623221471,8
4226400104,17:05,1025,-75.3460361638143,40.1143423687777,-75.2626735411038,39.9640057100153,pm_peak,TRUE,23,33.942327,50.0833333333333,51.4833333333333,51.4354166666667,4.81560325631402,8,47.6854166666667,5.01134773796368,8
4226400105,17:33,1053,-75.2626735411038,39.9640057100153,-75.1414393682529,39.9601471054741,pm_peak,TRUE,25,32.548835,42.7,37.7,44.7,3.08220700148449,8,43.7,2.40535117721182,8
4226400202,8:35,515,-75.1414393682529,39.9601471054741,-75.1701604201666,39.9562259742499,am_peak,TRUE,30,18.911922,21.6333333333333,28.3166666666667,19.8354166666667,2.34023532767303,8,27.8104166666667,5.49474451288727,8
4226400203,17:10,1030,-75.1701604201666,39.9562259742499,-75.1701604201666,39.9562259742499,pm_peak,TRUE,30,4.251208,10.2833333333333,12.2833333333333,7.92916666666667,3.18261335662656,8,7.15416666666667,1.76108169320981,8
4237420101,6:00,360,-75.5452592499028,40.203087602511,-75.1677276497158,39.9525760413027,am_peak,TRUE,90,133.333258,,,,,0,,,0
4247090101,9:00,540,-75.1781614636911,39.9498663111966,-75.1984494658686,39.9539400028283,am_peak,TRUE,15,9.966146,27.4166666666667,22.2666666666667,26.4708333333333,6.35048273380701,8,22.4666666666667,5.01668644197969,8
4275100401,6:35,395,-75.2203509863295,40.0410461667675,-75.1595117962634,39.9367714452714,am_peak,TRUE,45,46.809493,58,63.8666666666667,65.5770833333333,7.32033988227756,8,64.1479166666667,5.55279450238475,8
4275100402,10:30,630,-75.1595117962634,39.9367714452714,-75.1516301589525,39.9168650559185,off_peak,FALSE,45,19.053418,34.6833333333333,23.7,36.8166666666667,6.97849303785316,8,27.2645833333333,4.0164783348458,8
4276150101,8:35,515,-75.1628439188361,39.9457617844426,-75.1937934209145,39.951852697735,am_peak,TRUE,30,21.445981,25.4166666666667,23.4166666666667,27.6666666666667,2.77746029931765,8,24.7145833333333,2.54044174230226,8
4276150102,17:00,1020,-75.1937934209145,39.951852697735,-75.1537481432666,39.9503794767793,pm_peak,TRUE,25,16.56589,22.4666666666667,23.4666666666667,24.4666666666667,3.59563227104378,8,23.4666666666667,2.40535117721182,8
4302550101,9:00,540,-75.2774149663199,39.9687743576991,-75.3024393659454,39.9834631042535,am_peak,TRUE,30,19.508835,59.3333333333333,33.3,45.5708333333333,10.0416464137318,8,48.0145833333333,10.3257515868499,8
4310310101,11:30,690,-75.177201361549,39.9550054347417,-75.1906300416804,39.958024348983,off_peak,FALSE,30,12.364913,11.9166666666667,11.9166666666667,12.5333333333333,1.81239121184194,8,11.9083333333333,1.16914702322025,8
4312300101,9:10,550,-75.2119692985922,40.025270412473,-75.1659426772114,39.9531940428398,am_peak,TRUE,15,21.146886,37.85,36.1,45.8541666666667,9.52528693897676,8,36.35,4.65985898008574,8
4320260101,15:30,930,-75.1102184888777,39.9887849617672,-75.1621989372444,39.9276530000056,off_peak,FALSE,60,46.937114,60.8166666666667,53.2833333333333,58.55625,5.14342651444772,8,53.34375,4.35940815755155,8
4320260102,21:00,1260,-75.1621989372444,39.9276530000056,-75.1102184888777,39.9887849617672,off_peak,FALSE,65,45.038301,89.2333333333333,59.2833333333333,65.7354166666667,11.3873692123934,8,59.6291666666667,6.54284263012184,8
4322080101,7:20,440,-75.1393249025147,40.0100834581765,-75.1691139313301,39.9535949564727,am_peak,TRUE,55,27.685963,35.9166666666667,34.0666666666667,34.8333333333333,3.68701066164008,8,31.7333333333333,4.29043787309141,8
4322080102,12:30,750,-75.1691139313301,39.9535949564727,-75.1393249025147,40.0100834581765,off_peak,FALSE,45,29.525072,45.55,45.05,46.5520833333333,7.25628046252305,8,46.2333333333333,5.28779667260322,8
4322080104,19:00,1140,-75.1509013014001,40.0025369261947,-75.1393249025147,40.0100834581765,off_peak,FALSE,60,10.453227,20.9833333333333,20.9833333333333,23.5104166666667,5.87142621799281,8,23.7270833333333,6.28761656144914,8
4333730103,14:00,840,-75.1191244525154,40.0364863338015,-75.1074608568458,40.0361390710689,off_peak,FALSE,15,9.627913,22.1166666666667,37.3166666666667,31.025,10.5889092922737,8,22.8125,5.90493975346603,8
4342350302,17:30,1050,-75.1629472849343,39.9666206906345,-75.1648345113326,39.9541020155151,pm_peak,TRUE,20,12.02212,34.1166666666667,19.8,27.0458333333333,6.23378372449747,8,21.7125,3.14357179825651,8
4352930302,15:00,900,-74.9706843838361,40.0810152002897,-75.0733744933994,40.0711402892958,off_peak,FALSE,45,43.691773,64.75,65.75,59.975,9.4135287650022,8,59.2729166666667,9.21212941577657,8
4364010101,12:25,745,-75.1505658415867,39.9464361327538,-75.1630657978927,39.949981511781,off_peak,FALSE,15,13.731081,15.95,15.1666666666667,16.7,2.23606797749979,8,14.8979166666667,1.30847170939448,8
4369530101,7:00,420,-75.2240469261417,40.0283746179593,-75.2361840313814,40.0659288695917,am_peak,TRUE,30,26.560449,36.2666666666667,42.6666666666667,31.6666666666667,3.47850542618522,8,44.8916666666667,4.17945656070943,8
4369530102,17:15,1035,-75.2361840313814,40.0659288695917,-75.2240469261417,40.0283746179593,pm_peak,TRUE,15,25.348863,29.2833333333333,,33.9833333333333,4.4506821307044,8,,,0
4381540101,8:15,495,-75.1700384657366,39.9693644720962,-75.1588750233838,39.9528401835985,am_peak,TRUE,35,21.33371,25.15,26.4833333333333,28.2833333333333,3.95222460964447,8,26.6083333333333,2.92193401922398,8
4381540102,17:30,1050,-75.1588750233838,39.9528401835985,-75.1700384657366,39.9693644720962,pm_peak,TRUE,30,17.952199,19.15,25.15,23.9979166666667,3.08780804645399,8,23.8145833333333,1.7662721369893,8
4384840102,8:40,520,-75.1655746637264,39.9307064691021,-75.1638872349499,39.9525548857932,am_peak,TRUE,3,11.813283,29.3,23.3,21.425,5.44944295973713,8,18.925,2.85043856274785,8
4384840103,8:46,526,-75.1638872349499,39.9525548857932,-75.1708705877199,39.9529581159317,am_peak,TRUE,2,7.183058,6.65,5.65,7.65,1.53529894715748,8,6.775,1.1259916264596,8
4384840107,18:10,1090,-75.1638872349499,39.9525548857932,-75.1655746637264,39.9307064691021,pm_peak,TRUE,3,11.905431,13.4833333333333,16.4833333333333,17.7333333333333,1,8,16.9833333333333,3.19597961731387,8
4384840202,8:42,522,-75.1655746637264,39.9307064691021,-75.1638872349499,39.9525548857932,am_peak,TRUE,8,11.813283,27.3,21.3,21.425,5.50162313711664,8,20.425,4.48608961123159,8
4384840203,8:52,532,-75.1638872349499,39.9525548857932,-75.1708705877199,39.9529581159317,am_peak,TRUE,2,7.183058,6.65,5.65,8.35625,1.8149060384966,8,7.025,1.35620268186054,8
4384840206,18:15,1095,-75.1638872349499,39.9525548857932,-75.1655746637264,39.9307064691021,pm_peak,TRUE,8,11.905431,16.4833333333333,18.4833333333333,14.9833333333333,3.47439614486152,8,15.4833333333333,2.0528725518857,8
4387350101,11:25,685,-75.2426068713605,39.9822769709651,-75.2862320050127,39.9472873841357,off_peak,FALSE,15,37.797493,50.05,60.05,45.8979166666667,5.9068593265097,8,53.3979166666667,8.30221063265013,8
4387350102,13:10,790,-75.2862320050127,39.9472873841357,-75.2354698649569,39.9579979858569,off_peak,FALSE,35,30.047359,45.1,30.1,38.83125,6.01331483934966,8,34.6416666666667,4.62202285131686,8
4398290101,6:52,412,-75.1505658415867,39.9464361327538,-75.1629816913276,39.9348297671495,am_peak,TRUE,28,19.234006,22.2,23.1333333333333,22.8833333333333,3.68067669761702,8,21.7020833333333,3.48636160802415,8
4398290102,15:30,930,-75.1629816913276,39.9348297671495,-75.1505658415867,39.9464361327538,off_peak,FALSE,40,20.307047,28.6,25.6,25.8020833333333,3.48387940012326,8,23.9666666666667,3.29159584010601,8
4408390102,10:11,611,-75.1712542041449,40.055999502503,-75.1398050137829,40.0366774270012,off_peak,FALSE,7,26.761107,52.8,42.7666666666667,41.0083333333333,5.5340145880109,8,35.59375,4.50831627934456,8
4408390103,10:25,625,-75.1398050137829,40.0366774270012,-75.2024327640643,39.9546329212277,off_peak,FALSE,22,40.373061,49.9,56.9,61.9,6.61707747315341,8,49.1520833333333,4.25944736615906,8
4408390105,11:10,670,-75.2024327640643,39.9546329212277,-75.0593151476913,40.0302346423682,off_peak,FALSE,10,48.637724,75.1833333333333,59.7333333333333,68.8770833333333,6.21176519080642,8,60.4208333333333,2.95728519326184,8
4408390108,11:40,700,-75.1471644147674,40.0425358392666,-75.1571977835929,40.0823045185899,off_peak,FALSE,25,26.725085,45.5833333333333,41.7333333333333,45.0041666666667,6.37031028872246,8,43.69375,6.13206468181026,8
4408390111,1:00,60,-75.1571977835929,40.0823045185899,-75.1775196297924,40.0491886937231,off_peak,FALSE,-615,29.469078,,,,,0,,,0
4409010201,9:00,540,-75.1722093187508,39.9861472659912,-75.1541388337345,39.9522458625874,am_peak,TRUE,45,29.964168,36.9833333333333,30.8833333333333,43.5875,6.13462557556539,8,35.21875,6.06352899956547,8
4409010202,12:00,720,-75.1541388337345,39.9522458625874,-75.1722093187508,39.9861472659912,off_peak,FALSE,30,35.148436,42.4666666666667,39.0833333333333,40.1916666666667,5.20991118956692,8,38.55,3.45743964356413,8
4409010301,9:00,540,-75.1722093187508,39.9861472659912,-75.1541388337345,39.9522458625874,am_peak,TRUE,45,29.964168,36.9833333333333,30.8833333333333,43.5875,6.13462557556539,8,35.21875,6.06352899956547,8
4409010302,12:00,720,-75.1541388337345,39.9522458625874,-75.1742078313758,39.9986750681483,off_peak,FALSE,60,31.49157,45.7166666666667,36.95,46.0854166666667,5.81777133390878,8,43.875,3.120337792052,8
4424980102,11:30,690,-75.1588750233838,39.9528401835985,-75.1505658415867,39.9464361327538,off_peak,FALSE,25,14.486447,14.35,15.7666666666667,16.325,2.77093760992471,8,16.9395833333333,2.57720374954459,8
4439730101,8:03,483,-75.2322455285086,39.963278945388,-75.177201361549,39.9550054347417,am_peak,TRUE,23,18.436765,30.9,20.9,26.6604166666667,5.00159448782435,8,25.29375,2.3402098925673,8
4440130101,11:00,660,-75.2344018743884,39.9529742315534,-75.1528356388386,39.9549263716921,off_peak,FALSE,45,32.949828,44.1333333333333,35.1333333333333,39.4708333333333,5.59831146595483,8,32.8708333333333,3.99765556295187,8
4450080101,11:30,690,-75.1774381258043,39.9578243101046,-75.1724998481553,39.9491635804723,off_peak,FALSE,30,16.300433,26.6333333333333,23.3833333333333,29.6895833333333,6.3413354052772,8,27.9458333333333,4.41004220186408,8
4450080102,13:00,780,-75.1724998481553,39.9491635804723,-75.1588750233838,39.9528401835985,off_peak,FALSE,20,16.369159,27.1666666666667,19.3,21.9791666666667,5.27690949415696,8,26.0375,7.14556555794271,8
4450080103,14:50,890,-75.1588750233838,39.9528401835985,-75.1774381258043,39.9578243101046,off_peak,FALSE,25,14.736952,22.4166666666667,18.2333333333333,20.45625,2.33292407125097,8,19.3666666666667,2.00216153035932,8
4476210102,9:30,570,-75.177201361549,39.9550054347417,-75.1785792243999,39.9689777214525,off_peak,FALSE,30,11.29454,26.85,18.8833333333333,25.6895833333333,3.62930026816574,8,22.95625,3.22907104313103,8
4476210103,13:30,810,-75.1785792243999,39.9689777214525,-75.1673585815214,39.9505151310837,off_peak,FALSE,30,20.48011,23.7333333333333,21.35,26.3541666666667,4.38451233465005,8,24.48125,4.5617929980593,8
4476210104,14:30,870,-75.1673585815214,39.9505151310837,-75.1785792243999,39.9689777214525,off_peak,FALSE,45,20.980782,33.6,25.1333333333333,31.04375,4.0984505153758,8,27.9604166666667,3.59020865887844,8
4479380102,7:35,455,-75.2074989674157,39.9516652307221,-75.1732743609913,39.9456003211594,am_peak,TRUE,25,25.065674,33.2333333333333,33.4833333333333,30.6083333333333,4.1726148019814,8,27.3916666666667,1.88572330445174,8
4479380103,17:00,1020,-75.1732743609913,39.9456003211594,-75.2162654488479,39.9464660922369,pm_peak,TRUE,45,29.589872,33.1666666666667,30.1666666666667,30.6833333333333,4.12192165078839,8,28.4166666666667,2.77746029931765,8
4483410101,9:30,570,-75.1516301589525,39.9168650559185,-75.1977262540913,39.9594259908695,off_peak,FALSE,30,42.12106,51.4,48.4,48.3333333333333,3.71487785267799,8,43.6166666666667,3.37836252248531,8
4483410102,12:15,735,-75.1977262540913,39.9594259908695,-75.1516301589525,39.9168650559185,off_peak,FALSE,705,38.757952,49.8166666666667,51.7,50.2666666666667,4.25370053647036,8,46.1666666666667,5.44432863498469,8
4500900102,8:10,490,-75.4233197162045,40.0419674851349,-75.1840170635385,39.9534784074457,am_peak,TRUE,30,42.087041,141.633333333333,100.633333333333,110.383333333333,28.0564906334821,7,90.597619047619,19.4868698163172,7
4500900105,17:47,1067,-75.1742868895805,39.952935291834,-75.1677276497158,39.9525760413027,pm_peak,TRUE,3,7.781714,12.8,4.76666666666667,7.22083333333333,1.37167346523803,8,7.66041666666667,1.7549688528869,8
4502380101,8:05,485,-75.1829342839572,39.9329910377486,-75.1668204811424,39.9566224991973,am_peak,TRUE,15,27.745266,31.9333333333333,30.9333333333333,38.8395833333333,4.09254003383857,8,36.825,4.05894074852048,8
4502380102,16:50,1010,-75.1668204811424,39.9566224991973,-75.1829342839572,39.9329910377486,pm_peak,TRUE,15,25.316308,31.6166666666667,40.5166666666667,38.1083333333333,6.73130568244202,8,37.9395833333333,4.27110016588046,8
4502380103,17:55,1075,-75.1829342839572,39.9329910377486,-75.1649773922386,39.9502186753736,pm_peak,TRUE,10,24.048984,32.3166666666667,29.8833333333333,37.5666666666667,6.83478497937468,8,32.9541666666667,5.41789912718767,8
4502380104,21:15,1275,-75.1649773922386,39.9502186753736,-75.1829342839572,39.9329910377486,off_peak,FALSE,10,19.430769,33.9333333333333,38.8833333333333,32.275,5.44024538428827,8,34.6145833333333,5.9753158746285,8
4505960202,15:30,930,-75.1977262540913,39.9594259908695,-75.2182588102061,39.950471058218,off_peak,FALSE,30,23.297955,29.8,23.6,26.725,2.61520280557469,8,27.8583333333333,2.09882809326523,8
4505960302,16:33,993,-75.1690343341821,39.9653703786754,-75.2182588102061,39.950471058218,pm_peak,TRUE,42,34.773595,34,39.6,39.6645833333333,3.98600167152459,8,36.06875,3.34460519771339,8
4522480102,8:38,518,-75.1715947626354,39.9429517013451,-75.1489215256524,39.95458250175,am_peak,TRUE,20,27.576123,27.3166666666667,26.75,33,4.38120082111293,8,31.9770833333333,3.32865072883942,8
4522480202,9:06,546,-75.1715947626354,39.9429517013451,-75.1588750233838,39.9528401835985,am_peak,TRUE,14,20.379804,18.4,32.25,25.4979166666667,4.26838170051248,8,25.6541666666667,4.55088295985359,8
4522560101,7:30,450,-75.2062968547165,39.9737371253413,-75.1705068930163,39.9509065904554,am_peak,TRUE,90,27.857043,33.7,33.5666666666667,34.0458333333333,3.05429375101026,8,34.8166666666667,3.3081069252023,8
4522560102,13:30,810,-75.1705068930163,39.9509065904554,-75.1540803782248,39.9488624668665,off_peak,FALSE,90,14.705303,17.2,12,16.60625,2.29623462485456,8,14.1333333333333,3.80178529490704,8
4522560103,16:30,990,-75.1540803782248,39.9488624668665,-75.2074740441751,39.9601688794781,pm_peak,TRUE,60,21.20082,33.6166666666667,26.6166666666667,30.5104166666667,2.83869153710951,8,28.09375,3.18114406768463,8
4522560104,18:10,1090,-75.2074740441751,39.9601688794781,-75.2062968547165,39.9737371253413,pm_peak,TRUE,20,15.826609,14.35,16.35,16.075,3.92273592571016,8,13.1,1.96396101212393,8
4527120101,9:00,540,-75.2109035921265,39.9515172049363,-75.1957094473416,39.9494354858208,am_peak,TRUE,15,13.328026,17.45,20.45,16.3166666666667,3.7688362904386,8,16.1458333333333,2.07549477749971,8
4527120102,17:15,1035,-75.1957094473416,39.9494354858208,-75.2109035921265,39.9515172049363,pm_peak,TRUE,30,12.992782,19.0833333333333,17.75,21.90625,2.65946852161486,8,20.3416666666667,2.7712669728701,8
4533550101,9:00,540,-75.1621985739407,40.0312108390649,-75.1719943253434,40.0385566769693,am_peak,TRUE,60,12.605163,23.15,17.5666666666667,19.825,3.59235298933721,8,15.2458333333333,3.43579142242551,8
4533550102,12:15,735,-75.1719943253434,40.0385566769693,-75.1398050137829,40.0366774270012,off_peak,FALSE,105,19.833085,20.2666666666667,16.9166666666667,23.5166666666667,4.62771156034106,8,21.6,3.94429465398572,8
4533550103,17:30,1050,-75.1398050137829,40.0366774270012,-75.1571977835929,40.0823045185899,pm_peak,TRUE,60,32.589507,51.5833333333333,57.2333333333333,54.1333333333333,4.85209822065229,8,54.24375,8.54317669579387,8
4533550104,20:30,1230,-75.1571977835929,40.0823045185899,-75.1621985739407,40.0312108390649,off_peak,FALSE,210,36.079631,50.3,50.3,62.3458333333333,9.82938076332768,8,57.5645833333333,5.11770531958369,8
4533550201,9:00,540,-75.1621985739407,40.0312108390649,-75.1894072133033,40.0670899916203,am_peak,TRUE,132,27.850878,38.1166666666667,35.1166666666667,34.8145833333333,3.51835817477865,8,31.3875,2.88907012557262,8
4533550202,12:27,747,-75.1894072133033,40.0670899916203,-75.1621985739407,40.0312108390649,off_peak,FALSE,68,30.437739,44.25,38.25,38.7958333333333,4.89387980275461,8,36.00625,3.0957079542643,8
4539300101,8:45,525,-75.2162654488479,39.9464660922369,-75.1648345113326,39.9541020155151,am_peak,TRUE,20,23.572339,26.9,22.9,23.7375,1.54513445246376,8,23.6229166666667,1.45866152769618,8
4539300106,15:45,945,-75.1648345113326,39.9541020155151,-75.2162654488479,39.9464660922369,off_peak,FALSE,45,23.057422,29.75,26.8833333333333,29.5416666666667,3.22656385117578,8,26.7208333333333,2.63096261579565,8
4555970203,11:37,697,-75.1655746637264,39.9307064691021,-75.1537481432666,39.9503794767793,off_peak,FALSE,38,21.625032,49.4666666666667,22.4666666666667,35.3125,7.61799639325322,8,29.8270833333333,3.4440993650747,8
4555970204,13:45,825,-75.1537481432666,39.9503794767793,-75.1655746637264,39.9307064691021,off_peak,FALSE,35,21.919727,25.4833333333333,22.4833333333333,23.8020833333333,3.85031886434654,8,23.1958333333333,1.90783160382971,8
4557310101,8:30,510,-75.1824371554093,39.9245363175742,-75.1665214095376,39.9615526212186,am_peak,TRUE,15,29.558659,33.8,37.9666666666667,38.3125,5.14663358921026,8,34.9916666666667,3.5200333692502,8
4557310102,10:15,615,-75.1665214095376,39.9615526212186,-75.1824371554093,39.9245363175742,off_peak,FALSE,15,29.17866,37.55,48.05,40.3541666666667,7.16190733440937,8,36.84375,5.52531646367966,8
4557310202,15:30,930,-75.1959402940889,39.9314017565807,-75.1824371554093,39.9245363175742,off_peak,FALSE,60,15.138128,19.6,19.8,24.9958333333333,4.58621770712456,8,22.825,4.3308692627957,8
4557310301,8:30,510,-75.1824371554093,39.9245363175742,-75.1938842464804,39.9345602638164,am_peak,TRUE,60,14.782794,20.3333333333333,17.3333333333333,29.2395833333333,6.90488633919074,8,23.1729166666667,6.93420860718341,8
4557310302,15:30,930,-75.1938842464804,39.9345602638164,-75.1824371554093,39.9245363175742,off_peak,FALSE,75,20.96718,23.4,16.4,29.1479166666667,4.7764338618375,8,27.5,4.22137418384109,8
4561260201,11:50,710,-75.320477487343,40.0191471912447,-75.1652507511981,39.9564326348413,off_peak,FALSE,80,45.09206,69.85,66.9833333333333,61.9166666666667,8.67730116773387,8,59.4833333333333,9.05932826270406,8
4566930101,9:30,570,-75.0529627230323,40.0535132505067,-75.0503988334115,40.0876996804033,off_peak,FALSE,60,31.563665,53.75,41.9,53.64375,12.5973477225509,8,43.3604166666667,6.58141887473833,8
4566930102,12:00,720,-75.0503988334115,40.0876996804033,-75.0529627230323,40.0535132505067,off_peak,FALSE,45,27.329899,,33.3,,,0,45.2979166666667,9.43069724862579,8
4566930103,17:00,1020,-75.0529627230323,40.0535132505067,-74.9483992946146,40.1048194394571,pm_peak,TRUE,80,43.193383,77.2333333333333,71.3666666666667,77.9520833333333,9.45230902125683,8,71.0541666666667,7.28002676386149,8
4587730102,8:30,510,-75.0348471683492,40.0693397630959,-74.9537657364031,40.1342148390318,am_peak,TRUE,20,39.256622,40.6833333333333,35.9166666666667,46.3166666666667,8.19865455473863,8,39.2916666666667,6.19763779884839,8
4587730103,9:15,555,-74.9537657364031,40.1342148390318,-74.8785375008296,40.1842810109394,am_peak,TRUE,20,31.297603,74.5833333333333,74.5833333333333,62.0833333333333,15.5126676346416,8,62.0833333333333,15.5126676346416,8
4587730106,17:30,1050,-74.8785375008296,40.1842810109394,-74.9537657364031,40.1342148390318,pm_peak,TRUE,25,32.464149,72.6,72.6,49.1,12.3085336250912,8,49.1,12.3085336250912,8
4598650201,5:20,320,-75.0975410994108,40.0114613114797,-74.9823583671564,40.110760248005,off_peak,FALSE,85,58.849759,83.1166666666667,83.6666666666667,86.1166666666667,17.3637553541853,8,82.55,9.0811709964446,6
4598650202,15:30,930,-74.9823583671564,40.110760248005,-75.0975410994108,40.0114613114797,off_peak,FALSE,75,66.517407,101.2,68.2,83.2,13.2799526677298,8,72.7,8.67261700493488,8
4605070108,19:22,1162,-75.1705068930163,39.9509065904554,-75.1788270506066,39.951932450125,off_peak,FALSE,10,7.159287,11.95,9.95,11.825,3.31393163133201,8,11.2770833333333,1.89709338031916,8
4607140201,6:15,375,-75.1898142834651,40.0518717143354,-75.1509013014001,40.0025369261947,am_peak,TRUE,30,29.716791,38.4166666666667,36.4166666666667,34.1104166666667,2.17005115695679,8,36.175,2.7801592965666,8
4607140202,7:30,450,-75.1509013014001,40.0025369261947,-75.1898142834651,40.0518717143354,am_peak,TRUE,760,31.175573,37.8666666666667,41.8666666666667,44.9916666666667,4.67325215607779,8,41.2416666666667,3.06768875307034,8
4624200101,11:35,695,-75.1578194556998,39.9904255905816,-75.1578194556998,39.9904255905816,off_peak,FALSE,0,8.347736,10.75,15.75,12.3916666666667,3.95264629057707,8,11.7333333333333,3.75884142906945,8
4624200102,12:35,755,-75.1578194556998,39.9904255905816,-75.1517475799141,39.9595908415173,off_peak,FALSE,79,22.577222,25.0333333333333,31.2666666666667,33.5541666666667,7.353493662717,8,31.6708333333333,4.7237642206929,8
4624200103,21:30,1290,-75.1517475799141,39.9595908415173,-75.1578194556998,39.9904255905816,off_peak,FALSE,0,25.350441,37.9,39.4,37.7979166666667,5.80930723883994,8,36.6625,4.91272036946654,8
4637520102,16:30,990,-75.1648345113326,39.9541020155151,-75.1834073455283,39.9599979498596,pm_peak,TRUE,10,13.250399,21.8666666666667,22.8666666666667,21.7020833333333,2.26201268539522,8,21.26875,1.73725375096389,8
4641950101,8:00,480,-75.0678029951053,40.0159609385718,-75.1673759243643,39.9592890487195,am_peak,TRUE,60,47.029906,66.3666666666667,56.3,66.3666666666667,10.9734528142543,4,64.9666666666667,6.68865421726189,8
4641950102,18:00,1080,-75.1673759243643,39.9592890487195,-75.0678029951053,40.0159609385718,pm_peak,TRUE,95,45.310844,66.1166666666667,63.0833333333333,59.9291666666667,5.92814614079872,8,57.0645833333333,6.35547781164294,8
4641950202,11:55,715,-75.0678029951053,40.0159609385718,-75.2128647817132,40.0824469736708,off_peak,FALSE,125,78.163771,91.9166666666667,,100.416666666667,10.9734528142543,4,91.5166666666667,12.331869282473,6
4641950203,15:40,940,-75.2128647817132,40.0824469736708,-75.0678029951053,40.0159609385718,off_peak,FALSE,100,74.974414,93.1166666666667,92.9833333333333,92.8833333333333,6.85373261760705,8,93.0854166666667,5.25965806647072,8
4644560206,11:05,665,-75.2626735411038,39.9640057100153,-75.1588750233838,39.9528401835985,off_peak,FALSE,15,26.85,33.4833333333333,36.4833333333333,41.4833333333333,4.18330013267038,8,40.2333333333333,3.27326835353989,8
4648060101,15:50,950,-75.1732743609913,39.9456003211594,-75.1603747972298,39.949646258079,off_peak,FALSE,30,18.082854,20.6666666666667,17.3,21.7625,3.44554865813205,8,22.03125,3.7948005102638,8
4648060103,17:15,1035,-75.1584725274299,39.950967187359,-75.1782289254393,39.9273662256759,pm_peak,TRUE,15,25.962277,29.6,32.0166666666667,33.5270833333333,3.12517856632682,8,31.58125,3.08510807996727,8
4651940101,12:15,735,-75.1139704218066,40.0309825414845,-75.1614771099584,39.9569042938645,off_peak,FALSE,45,32.120653,40.5833333333333,44.5833333333333,57.4583333333333,12.5007142653073,8,47.2083333333333,7.00892288443809,8
4651940102,14:30,870,-75.1614771099584,39.9569042938645,-75.1139704218066,40.0309825414845,off_peak,FALSE,30,34.653627,40.1666666666667,38.7666666666667,41.4354166666667,4.2385179865399,8,39.3104166666667,4.23208584450246,8
4668800101,7:00,420,-75.0972035448796,39.9884463740478,-75.1672929773502,39.9544153783527,am_peak,TRUE,45,39.050599,66.25,47.25,57.25,9.05932826270406,8,52.5,9.28131764044616,8
4668800102,17:20,1040,-75.1672929773502,39.9544153783527,-75.0972035448796,39.9884463740478,pm_peak,TRUE,20,36.596423,53.2666666666667,49.7166666666667,55.46875,4.76125598258968,8,49.09375,4.11082521260287,8
4668800201,7:00,420,-75.0972035448796,39.9884463740478,-75.1561127285024,39.9506763018863,am_peak,TRUE,45,34.940007,63.1166666666667,44.1166666666667,54.1166666666667,9.05932826270406,8,49.3666666666667,9.28131764044616,8
4668800202,17:45,1065,-75.1561127285024,39.9506763018863,-75.0972035448796,39.9884463740478,pm_peak,TRUE,45,32.769576,40.2666666666667,42.7,46.1104166666667,4.42464183376947,8,42.0958333333333,4.26295178679139,8
4671530104,13:25,805,-75.1662120144978,39.9238115855567,-75.1424353043086,39.9181642204268,off_peak,FALSE,16,17.441679,28.4166666666667,21.5666666666667,23.3104166666667,5.84816439455273,8,20.4729166666667,3.65150477244308,8
4673630101,7:25,445,-75.1509880355394,39.9232020928335,-75.1637714901797,39.9554388396102,am_peak,TRUE,40,25.616636,29.3166666666667,32.4666666666667,31.3166666666667,3.9005494118503,8,28.9791666666667,2.74730387315065,8
4673630102,16:30,990,-75.1637714901797,39.9554388396102,-75.1561127285024,39.9506763018863,pm_peak,TRUE,30,12.973769,13.5666666666667,12.85,14.8729166666667,3.69898031315968,8,14.3895833333333,1.56410473150333,8
4673630103,18:30,1110,-75.1561127285024,39.9506763018863,-75.1509880355394,39.9232020928335,pm_peak,TRUE,15,24.146898,30.5666666666667,30.5666666666667,31.9333333333333,3.33466640010661,8,32.125,3.99788634632042,8
4674930101,8:27,507,-75.2162654488479,39.9464660922369,-75.1937934209145,39.951852697735,am_peak,TRUE,15,14.552281,14.95,17.95,16.76875,1.41571221349135,8,16.14375,1.66012854493689,8
4674930201,4:54,294,-75.2162654488479,39.9464660922369,-75.1498041127206,39.934304016358,off_peak,FALSE,40,25.203722,40.1333333333333,40.1333333333333,51.075,7.66048922968339,8,46.6666666666667,6.12367251568575,8
4674930202,12:08,728,-75.1498041127206,39.934304016358,-75.2162654488479,39.9464660922369,off_peak,FALSE,34,30.857532,42.75,36.75,47.5104166666667,8.6526257025032,8,41.2395833333333,4.95995821714992,8
4675660104,11:10,670,-75.2226378551491,39.995965776317,-75.7389669372766,39.8455410550777,off_peak,FALSE,10,,,,,,0,,,0
4683680202,10:04,604,-75.1792803129236,39.9102291849896,-75.1545851492175,39.9813757258968,off_peak,FALSE,11,38.209279,83.1833333333333,50.9833333333333,62.9333333333333,15.3250495221759,8,52.7476190476191,8.57776749732092,7
4687340102,8:06,486,-75.1546939106137,40.0587336087499,-75.1398050137829,40.0366774270012,am_peak,TRUE,,25.29774,25.7666666666667,33.6,32.88125,4.58347131826925,8,31.8333333333333,3.10677702644774,8
4687340106,11:30,690,-75.1957094473416,39.9494354858208,-75.1634808483634,39.9480403151119,off_peak,FALSE,,22.812247,21.5,19.5,21.2020833333333,2.3421845300949,8,19.9458333333333,2.1525870371209,8
4687340202,8:06,486,-75.1546939106137,40.0587336087499,-75.1398050137829,40.0366774270012,am_peak,TRUE,,25.29774,25.7666666666667,33.6,32.88125,4.58347131826925,8,31.8333333333333,3.10677702644774,8
4687340209,15:36,936,-75.2181192513656,40.032241980928,-75.1898605144712,40.0114702178942,off_peak,FALSE,,19.272252,21.7166666666667,20.0166666666667,24.6916666666667,3.63936807701557,8,25.1791666666667,4.29765301398001,8
4687340210,15:48,948,-75.1898605144712,40.0114702178942,-75.1479154657996,40.0549550312452,off_peak,FALSE,28,33.244868,35.9666666666667,32.9666666666667,39.6770833333333,4.623249883375,8,37.7166666666667,3.46410161513775,8
4691160203,10:30,630,-75.2756219131213,39.8861130712424,-75.2647018998912,39.9085205983673,off_peak,FALSE,47,17.952475,,39.9166666666667,36.2916666666667,9.70070873699443,6,40.152380952381,13.8033927276467,7
4691160204,18:22,1102,-75.2647018998912,39.9085205983673,-75.2354698649569,39.9579979858569,pm_peak,TRUE,46,39.638793,75.5833333333333,62.1,81.7366666666667,10.8557230170184,5,70.6,10.9734528142543,4
4691160302,12:10,730,-75.235101972058,39.9049328264187,-75.2647018998912,39.9085205983673,off_peak,FALSE,63,36.967553,76.1,73.35,55.59375,16.9544579929095,8,55.0395833333333,11.245587979645,8
4697870202,7:21,441,-75.162026191264,39.9785569548507,-75.1410429415748,40.0324712216091,am_peak,TRUE,0,25.187383,31.7833333333333,21.75,30.73125,4.33194517600771,8,28.4,2.44345578852497,8
4708490205,18:20,1100,-75.1669894744938,39.9484799410289,-75.2070232144824,39.990493481725,pm_peak,TRUE,50,38.340644,,,,,0,,,0
4708490206,23:00,1380,-75.2070232144824,39.990493481725,-75.0593151476913,40.0302346423682,off_peak,FALSE,41,73.126331,,,,,0,,,0
4719420102,12:10,730,-75.1661003080911,39.9138576581668,-75.1584725274299,39.950967187359,off_peak,FALSE,30,25.99543,27.45,23.65,36.7125,4.97929642189967,8,32.8104166666667,4.12390377449206,8
4719420104,16:15,975,-75.1691139313301,39.9535949564727,-75.1588750233838,39.9528401835985,pm_peak,TRUE,10,11.900733,17.9,14.4833333333333,18.4416666666667,3.00261790538095,8,14.7,1.22788371301944,8
4719420105,16:30,990,-75.1588750233838,39.9528401835985,-75.1661003080911,39.9138576581668,pm_peak,TRUE,30,25.541021,30.7,27.7,29.3770833333333,1.61001176915742,8,30.04375,2.7329694516788,8
4723780101,10:00,600,-75.2351116826331,39.934447396763,-75.1941152941134,39.9546263068532,off_peak,FALSE,0,19.416667,30.2166666666667,26.2166666666667,30.3104166666667,4.23197332390999,8,26.3104166666667,2.81240079190106,8
4723780102,16:00,960,-75.1941152941134,39.9546263068532,-75.2351116826331,39.934447396763,pm_peak,TRUE,210,19.795246,35.4333333333333,31.4333333333333,32.9104166666667,3.59041865954287,8,32.5583333333333,2.97309362689534,8
4731730201,6:30,390,-75.2322455285086,39.963278945388,-75.1648345113326,39.9541020155151,am_peak,TRUE,43,17.083412,19.85,22.85,23.85,4.04439647625488,8,24.35,2.73861278752583,8
4731730202,19:15,1155,-75.1648345113326,39.9541020155151,-75.2322455285086,39.963278945388,off_peak,FALSE,45,17.410302,27.9333333333333,22.9333333333333,25.9333333333333,3.59563227104378,8,27.1166666666667,2.0230418712173,8
4749130105,8:36,516,-75.150623776162,39.9499928305521,-75.1470807570054,39.9513767444736,am_peak,TRUE,2,4.936379,5.23333333333333,5.55,8.06666666666667,1.11030526332976,8,7.93333333333333,1.3404867630472,8
4754790101,9:30,570,-75.1870662747411,39.9335197790401,-75.1578194556998,39.9904255905816,off_peak,FALSE,390,43.559499,64.9,38.9,54.775,9.10945348839012,8,45.025,4.48608961123159,8
4754790102,18:00,1080,-75.1578194556998,39.9904255905816,-75.1870662747411,39.9335197790401,pm_peak,TRUE,60,33.254479,51.2666666666667,54.4166666666667,53.40625,7.02019726523815,8,53.3479166666667,7.33919374869968,8
4754790202,15:30,930,-75.1870662747411,39.9335197790401,-75.1578194556998,39.9904255905816,off_peak,FALSE,30,41.34798,40.9,42.9,45.9,4.38341028359036,8,42.9,4.41588043316392,8
4754790203,18:00,1080,-75.1578194556998,39.9904255905816,-75.1870662747411,39.9335197790401,pm_peak,TRUE,60,33.254479,51.2666666666667,54.4166666666667,53.40625,7.02019726523815,8,53.3479166666667,7.33919374869968,8
4754790302,15:30,930,-75.1870662747411,39.9335197790401,-75.1578194556998,39.9904255905816,off_peak,FALSE,30,41.34798,40.9,42.9,45.9,4.38341028359036,8,42.9,4.41588043316392,8
4754790303,18:00,1080,-75.1578194556998,39.9904255905816,-75.1870662747411,39.9335197790401,pm_peak,TRUE,60,33.254479,51.2666666666667,54.4166666666667,53.40625,7.02019726523815,8,53.3479166666667,7.33919374869968,8
4754790402,15:30,930,-75.1870662747411,39.9335197790401,-75.1578194556998,39.9904255905816,off_peak,FALSE,30,41.34798,40.9,42.9,45.9,4.38341028359036,8,42.9,4.41588043316392,8
4754790403,19:00,1140,-75.1578194556998,39.9904255905816,-75.1870662747411,39.9335197790401,off_peak,FALSE,0,31.287787,53.4166666666667,53.4166666666667,51.8479166666667,5.57026143910679,8,53.5270833333333,5.74787011967898,8
4754790502,15:30,930,-75.1870662747411,39.9335197790401,-75.1578194556998,39.9904255905816,off_peak,FALSE,30,41.34798,40.9,42.9,45.9,4.38341028359036,8,42.9,4.41588043316392,8
4754790503,18:00,1080,-75.1578194556998,39.9904255905816,-75.1870662747411,39.9335197790401,pm_peak,TRUE,60,33.254479,51.2666666666667,54.4166666666667,53.40625,7.02019726523815,8,53.3479166666667,7.33919374869968,8
4765250101,14:30,870,-75.1833128313549,39.9960562366823,-75.2324370649115,40.0574839750067,off_peak,FALSE,30,40.991705,63.35,52.4333333333333,52.8583333333333,8.55625641326414,8,55.13125,10.1000410084819,8
4765250102,16:00,960,-75.2324370649115,40.0574839750067,-75.1833128313549,39.9960562366823,pm_peak,TRUE,30,34.488234,42.75,63.7166666666667,44.85,5.80139556280991,8,48.2333333333333,6.97446590092565,8
4765250301,7:30,450,-75.1833128313549,39.9960562366823,-75.1857519422656,39.9869713053535,am_peak,TRUE,15,9.09982,14.3666666666667,16.1166666666667,14.3729166666667,3.05743872344468,8,13.9645833333333,3.52643573710574,8
4765250302,15:05,905,-75.1857519422656,39.9869713053535,-75.1833128313549,39.9960562366823,off_peak,FALSE,55,9.82617,15.8833333333333,15.8833333333333,14.725,4.18719703950257,8,18.4958333333333,8.68231988419159,8
4767700201,13:00,780,-75.0785466096524,40.0422576693535,-75.1150975874125,40.0236637387111,off_peak,FALSE,60,27.638801,50.8666666666667,44.75,46.8854166666667,7.64631583400355,8,43.6625,5.62746771266996,8
4767700202,0:00,0,-75.1150975874125,40.0236637387111,-75.0785466096524,40.0422576693535,off_peak,FALSE,60,24.59928,,,,,0,,,0
4768820102,8:46,526,-75.099782195019,40.006355591222,-75.1692942790448,39.9527602328087,am_peak,TRUE,4,29.042198,33.5833333333333,32.5833333333333,40.5833333333333,4.25105029039043,8,37.1145833333333,2.39492581155599,8
4778050203,13:15,795,-75.1476427366842,39.9441226984079,-75.1625826795934,39.9513495936779,off_peak,FALSE,25,16.093688,24.2666666666667,22.9333333333333,21.5583333333333,3.66856011717586,8,19.2166666666667,2.81806812133914,8
4778050205,16:05,965,-75.1705068930163,39.9509065904554,-75.1476427366842,39.9441226984079,pm_peak,TRUE,30,19.725168,23.4,18.9833333333333,26.0645833333333,1.94435359765101,8,19.6708333333333,4.00910422247497,8
4783650101,9:00,540,-75.2165947836222,39.9537421538695,-75.1937934209145,39.951852697735,am_peak,TRUE,30,17.042953,19.2833333333333,18.55,19.5020833333333,4.00097644331981,8,17.7125,2.32646523210438,8
4783650102,18:00,1080,-75.1937934209145,39.951852697735,-75.177201361549,39.9550054347417,pm_peak,TRUE,0,12.188574,19.2333333333333,13.2333333333333,19.1083333333333,3.27053949241231,8,19.0645833333333,1.397430678066,8
4783650103,18:30,1110,-75.177201361549,39.9550054347417,-75.2165947836222,39.9537421538695,pm_peak,TRUE,30,23.181981,24.5333333333333,20.45,22.5125,1.42986152065645,8,21.9875,2.28434544825955,8
4791470101,8:15,495,-75.1445453348899,39.9427167473736,-75.1584725274299,39.950967187359,am_peak,TRUE,30,15.744803,19.5833333333333,23.45,21.55,3.05956735192288,8,19.4166666666667,1.96129209111409,8
4805360101,7:00,420,-75.2926189071885,40.2045297698944,-75.1541388337345,39.9522458625874,am_peak,TRUE,58,73.095357,138.183333333333,132.35,144.713333333333,10.84882482115,5,137.213333333333,12.7192898124594,5
4805360102,17:00,1020,-75.1541388337345,39.9522458625874,-75.2926189071885,40.2045297698944,pm_peak,TRUE,60,72.056381,134.966666666667,134.966666666667,126.466666666667,10.9734528142543,4,122.216666666667,8.5,3
4816200105,8:58,538,-75.1584725274299,39.950967187359,-75.150623776162,39.9499928305521,am_peak,TRUE,0,6.347995,9.36666666666667,7.56666666666667,8.08541666666667,2.32905113011,8,7.93333333333333,1.6739839372653,8
4816200106,16:15,975,-75.150623776162,39.9499928305521,-75.1588750233838,39.9528401835985,pm_peak,TRUE,15,9.069824,14.6666666666667,14.1166666666667,13.0479166666667,2.45905255822786,8,10.5229166666667,1.74789981687775,8
4816460101,7:15,435,-75.1471644147674,40.0425358392666,-75.1983373842282,40.059754922547,am_peak,TRUE,0,41.5992,39.8833333333333,47.9333333333333,45.6875,5.14519925725189,8,46.14375,5.30044126270305,8
4816460102,17:30,1050,-75.1983373842282,40.059754922547,-75.1471644147674,40.0425358392666,pm_peak,TRUE,60,39.311902,46.2333333333333,42.2333333333333,49.7166666666667,5.03315988348258,8,44.0354166666667,3.00097123828534,8
4824800201,14:08,848,-75.1690343341821,39.9653703786754,-75.3853835679745,40.0888177484524,off_peak,FALSE,112,64.13364,76,83,89.825,10.6491783720623,8,73.5625,8.05961788648758,8
4829410103,20:00,1200,-75.2182588102061,39.950471058218,-75.1655206281913,39.9477143701067,off_peak,FALSE,40,27.071579,29.8,44.3666666666667,34.7833333333333,5.64640635819853,8,38.3895833333333,4.93861475260049,8
4829410104,0:00,0,-75.1655206281913,39.9477143701067,-75.2182588102061,39.950471058218,off_peak,FALSE,40,28.888362,,,80.65,10.9734528142543,4,67.5666666666667,10.9734528142543,4
4829770101,10:00,600,-75.1601184429639,40.0511089560396,-75.2172676864572,40.0019340658936,off_peak,FALSE,60,37.810241,44,55.3333333333333,59.1375,12.2532915888713,8,54.9583333333333,8.11707488950944,8
4829770102,14:00,840,-75.2172676864572,40.0019340658936,-75.151228491791,40.0505524826181,off_peak,FALSE,52,50.595683,87.7833333333333,74.7833333333333,75.6,9.05028720056432,8,68.9604166666667,6.50515020323641,8
4831130101,8:15,495,-75.1521306030788,39.9429783145413,-75.1677276497158,39.9525760413027,am_peak,TRUE,32,19.973994,19.1166666666667,16.2666666666667,21.2145833333333,2.78705108848784,8,21.3854166666667,1.36972472903622,8
4832100204,13:10,790,-75.1648345113326,39.9541020155151,-75.1722093187508,39.9861472659912,off_peak,FALSE,5,30.705448,45.5333333333333,35.5333333333333,37.5291666666667,3.22716335708829,8,37.9666666666667,3.56885780492107,8
4851790102,10:05,605,-75.2074740441751,39.9601688794781,-75.1707168478523,39.9055458817612,off_peak,FALSE,,42.394584,55.6,54.6,65.0208333333333,9.31167022509669,8,58.96875,7.71909319814104,8
4851790103,10:45,645,-75.1707168478523,39.9055458817612,-75.1941152941134,39.9546263068532,off_peak,FALSE,,35.424046,28.3166666666667,28.0166666666667,34.2,1.98967573333182,8,31.225,2.66037949315864,8
4871620101,7:00,420,-75.292284771946,39.9595531624096,-75.1584725274299,39.950967187359,am_peak,TRUE,36,38.742718,45.6,46.6,50.6,9.24662100445346,8,51.1,9.29285439771563,8
4871620102,17:26,1046,-75.1584725274299,39.950967187359,-75.292284771946,39.9595531624096,pm_peak,TRUE,39,36.607722,40.8666666666667,40.8666666666667,43.5229166666667,2.77980154453229,8,41.6333333333333,3.52385295983525,8
4873700203,15:32,932,-75.162026191264,39.9785569548507,-75.1659426772114,39.9531940428398,off_peak,FALSE,3,17.320189,18.85,18.85,23.6,4.75093975666168,8,23.50625,3.62515393761818,8
4873700204,16:30,990,-75.1659426772114,39.9531940428398,-75.2105938294307,39.9999843465764,pm_peak,TRUE,450,28.258472,47.1833333333333,44.8833333333333,49.0708333333333,5.06188488326518,8,44.9583333333333,2.63966989278151,8
4874540102,14:30,870,-75.2414396306448,39.9567061667391,-75.1659426772114,39.9531940428398,off_peak,FALSE,,20.971699,26.45,27.45,29.45,4.63680924774785,8,25.95,2.73861278752583,8
4874540103,15:25,925,-75.1659426772114,39.9531940428398,-75.1659426772114,39.9531940428398,off_peak,FALSE,20,3.538889,6.23333333333333,5.6,8.54791666666667,2.61677187383282,8,8.26041666666667,1.61893403838295,8
4874540104,16:30,990,-75.1659426772114,39.9531940428398,-75.1541388337345,39.9522458625874,pm_peak,TRUE,30,9.391865,10.9833333333333,11.9833333333333,11.1041666666667,1.95108333765531,8,9.9375,2.54213305635061,8
4874540105,17:45,1065,-75.1541388337345,39.9522458625874,-75.1638872349499,39.9525548857932,pm_peak,TRUE,,8.355174,10.9666666666667,11.9666666666667,11.9145833333333,2.15202815929827,8,10.4729166666667,1.38858548273311,8
4875320101,6:45,405,-75.2341467351472,39.9457946759268,-75.1742868895805,39.952935291834,am_peak,TRUE,25,29.861776,28.1166666666667,30.1166666666667,31.9916666666667,1.06066017177982,8,28.5645833333333,1.6558802746959,8
4875320102,17:00,1020,-75.1742868895805,39.952935291834,-75.2341467351472,39.9457946759268,pm_peak,TRUE,30,28.795438,36.7833333333333,30,36.7666666666667,3.54419937452018,8,33.8354166666667,2.76100162265752,8
4875910102,9:10,550,-75.1662120144978,39.9238115855567,-75.1659426772114,39.9531940428398,am_peak,TRUE,10,15.244122,25.95,23.95,25.95,4.11443452111848,8,24.825,4.13823633931171,8
4875910110,19:17,1157,-75.1715947626354,39.9429517013451,-75.1738700412219,39.9219806989111,off_peak,FALSE,18,13.891549,19.05,18.05,23.55,6.81909084849293,8,22.4416666666667,6.21048141170066,8
4877260201,7:45,465,-74.9803458967999,40.078999865641,-75.1505658415867,39.9464361327538,am_peak,TRUE,75,66.198249,85.3666666666667,92.3666666666667,83.3666666666667,5.98211620463146,8,87.8666666666667,6.12372435695795,8
4916910101,6:55,415,-75.1822218287983,40.0542278772892,-75.133102374419,40.1732993084819,am_peak,TRUE,55,71.443523,81.15,62.0333333333333,85.3375,8.31995950654065,8,78.7791666666667,12.3646248795788,8
4916910102,17:00,1020,-75.133102374419,40.1732993084819,-75.1571977835929,40.0823045185899,pm_peak,TRUE,62,42.298743,69.4,63.2333333333333,70.35,9.08470719186396,8,64.9083333333333,11.8619740587909,8
4916910103,19:39,1179,-75.1571977835929,40.0823045185899,-75.1822218287983,40.0542278772892,off_peak,FALSE,23,25.517841,46.5166666666667,43.5166666666667,45.34375,6.5552168580113,8,43.45625,4.22485969993407,8
4925520402,15:20,920,-75.1665214095376,39.9615526212186,-75.1648345113326,39.9541020155151,off_peak,FALSE,6,13.28545,14.65,14.6,15.5833333333333,4.27291209572322,8,14.7375,3.95701857864555,8
4928930101,10:30,630,-75.1755490875517,39.9619810599662,-75.1561127285024,39.9506763018863,off_peak,FALSE,30,19.073708,29.85,18.85,27.64375,4.02520765016963,8,25.9958333333333,4.91988796813989,8
4928930103,13:30,810,-75.1580149724927,39.9493530835764,-75.1673585815214,39.9505151310837,off_peak,FALSE,30,10.447635,14.3666666666667,12.9833333333333,13.35625,2.33611972234791,8,11.3,1.65565409315789,8
4928930104,14:45,885,-75.1673585815214,39.9505151310837,-75.1625826795934,39.9513495936779,off_peak,FALSE,15,6.933333,6.26666666666667,4.5,9.26666666666667,2.01777812740365,8,8.2875,1.64311333406172,8
4928930105,16:30,990,-75.1625826795934,39.9513495936779,-75.1710325749335,39.9522008993665,pm_peak,TRUE,30,8.390712,13.5666666666667,11.9833333333333,14.6520833333333,3.09012042581381,8,12.4895833333333,1.16629033045834,8
4928930108,19:25,1165,-75.1688920883156,39.9546117755859,-75.1673759243643,39.9592890487195,off_peak,FALSE,5,7.232648,15.4,13.2833333333333,16.5145833333333,3.58600053005954,8,13.6125,2.41104847771768,8
4929160101,9:15,555,-75.1715947626354,39.9429517013451,-75.1629472849343,39.9666206906345,am_peak,TRUE,30,18.742538,26.65,24.65,29.9458333333333,4.9579241527843,8,29.8708333333333,4.87027548844348,8
4934560201,7:00,420,-75.2322455285086,39.963278945388,-75.1587064523297,39.9242097756251,am_peak,TRUE,60,33.968619,40.5833333333333,39.7833333333333,45.2583333333333,3.64738436395353,8,40.6916666666667,3.57618889100212,8
4934560202,18:00,1080,-75.1587064523297,39.9242097756251,-75.2322455285086,39.963278945388,pm_peak,TRUE,60,35.126402,46.9333333333333,43.9333333333333,44.8,3.76942587519259,8,40.8,3.7440746838298,8
4940770206,17:40,1060,-75.1752524766747,39.9659654913561,-75.1648345113326,39.9541020155151,pm_peak,TRUE,15,16.736524,17.9,27.3333333333333,21.6020833333333,3.31572058174245,8,22.7416666666667,3.77001536774267,8
4947090101,6:00,360,-75.3195257705183,40.0049815590517,-75.1583275844786,39.9602029183105,am_peak,TRUE,60,55.404768,60.15,61.15,62.8770833333333,7.18160092633107,8,64.5145833333333,7.0041169157747,8
4947090102,16:00,960,-75.1583275844786,39.9602029183105,-75.3195257705183,40.0049815590517,pm_peak,TRUE,60,51.708666,60.0666666666667,60.0666666666667,63.8166666666667,5.43796180304979,8,58.1916666666667,4.37321392113397,8
4948250101,12:00,720,-75.0648694032685,40.0546094774541,-75.0440576064122,40.055019358023,off_peak,FALSE,60,19.230657,20.7833333333333,38.8166666666667,31.7666666666667,10.7494112057285,8,32.5895833333333,11.1309269480229,8
4948250102,14:45,885,-75.0440576064122,40.055019358023,-75.056494328674,40.0598719909172,off_peak,FALSE,75,11.775041,15.7166666666667,11.7166666666667,22.5916666666667,9.81161847723693,8,21.7166666666667,5.53559907714216,8
4948250103,17:00,1020,-75.056494328674,40.0598719909172,-75.0648694032685,40.0546094774541,pm_peak,TRUE,420,8.12763,6.28333333333333,14.2833333333333,13.7833333333333,5.13392080744755,8,11.9083333333333,4.08612635284674,8
4952180201,8:30,510,-75.1785792243999,39.9689777214525,-75.1741319574651,39.9575333855516,am_peak,TRUE,24,10.610174,22.6166666666667,11.5,16.4333333333333,3.31767752004081,8,14.2041666666667,2.07013437950447,8
4952180301,8:30,510,-75.1785792243999,39.9689777214525,-75.1741319574651,39.9575333855516,am_peak,TRUE,24,10.610174,22.6166666666667,11.5,16.4333333333333,3.31767752004081,8,14.2041666666667,2.07013437950447,8
4954840101,9:30,570,-75.2240243087353,39.9622994543846,-75.4034335416342,40.0837100594333,off_peak,FALSE,75,63.555076,97.2333333333333,76.8666666666667,86.4645833333333,8.99170004186401,8,79.9166666666667,7.24246735120935,8
4954840102,20:15,1215,-75.4034335416342,40.0837100594333,-75.2240243087353,39.9622994543846,off_peak,FALSE,75,67.781328,103.383333333333,111.783333333333,85.3833333333333,13.2799526677298,8,96.2208333333333,11.7866071090394,8
4954840201,9:30,570,-75.2240243087353,39.9622994543846,-75.4034335416342,40.0837100594333,off_peak,FALSE,75,63.555076,97.2333333333333,76.8666666666667,86.4645833333333,8.99170004186401,8,79.9166666666667,7.24246735120935,8
4954840202,20:15,1215,-75.4034335416342,40.0837100594333,-75.2240243087353,39.9622994543846,off_peak,FALSE,75,67.781328,103.383333333333,111.783333333333,85.3833333333333,13.2799526677298,8,96.2208333333333,11.7866071090394,8
4964260101,10:26,626,-75.1536080135934,39.9890571718199,-75.1621985739407,40.0312108390649,off_peak,FALSE,34,27.951814,42.25,40.25,38.2416666666667,5.64718640437114,8,35.9333333333333,5.10343799463454,8
4964260102,11:26,686,-75.1621985739407,40.0312108390649,-75.1677276497158,39.9525760413027,off_peak,FALSE,34,32.308005,41.0166666666667,43.0166666666667,44.3916666666667,5.26273964503552,8,41.0354166666667,4.51921328225126,8
4964260103,13:30,810,-75.1677276497158,39.9525760413027,-75.1434979130601,39.9948625819814,off_peak,FALSE,45,27.106476,37.5666666666667,37.5666666666667,40.9854166666667,3.43281824037169,8,37.7291666666667,3.48993734878045,8
4964260104,15:20,920,-75.1434979130601,39.9948625819814,-75.1536080135934,39.9890571718199,off_peak,FALSE,25,14.8069,19.15,22.9666666666667,21.6833333333333,3.46600268366523,8,21.2416666666667,3.50268604413949,8
4964260107,19:08,1148,-75.1609354256761,39.9985787329005,-75.1637178548733,40.0728230078758,off_peak,FALSE,160,43.111973,63.7,63.3833333333333,67.2979166666667,7.56918584821128,8,62.0458333333333,9.66784372965101,8
4969920302,15:05,905,-75.3013723653597,39.9794510787381,-75.3195257705183,40.0049815590517,off_peak,FALSE,40,28.396062,55.0666666666667,40.0666666666667,43.8166666666667,8.12403840463596,8,43.8166666666667,4.58257569495584,8
4971940101,9:35,575,-75.3323323106212,40.128008599831,-75.3147109767587,40.1422852431983,off_peak,FALSE,30,15.285721,39.1833333333333,19.1833333333333,29.8714285714286,11.2437213519933,7,24.1833333333333,9.74312944738863,8
4971940105,13:32,812,-75.3277783169247,40.1402976717836,-75.3323323106212,40.128008599831,off_peak,FALSE,8,13.05,,,27.2666666666667,12.2341734498085,6,27.2666666666667,12.2341734498085,6
4985230101,8:00,480,-75.1804047012754,39.9816583790678,-75.1672929773502,39.9544153783527,am_peak,TRUE,60,26.670424,36.0333333333333,25.6333333333333,30.9604166666667,3.28262546756669,8,30.61875,3.28850134125388,8
4985230103,13:30,810,-75.1637714901797,39.9554388396102,-75.1541388337345,39.9522458625874,off_peak,FALSE,30,12.814581,25.05,18.35,18.0333333333333,4.0821718464718,8,17.5416666666667,3.61183020923153,8
4985230104,14:30,870,-75.1541388337345,39.9522458625874,-75.1804047012754,39.9816583790678,off_peak,FALSE,45,30.908288,43.5166666666667,31.65,38.725,6.76366341985931,8,35.4958333333333,2.59634587541065,8
4989420102,8:49,529,-75.2502288545764,40.0591812426166,-75.1649773922386,39.9502186753736,am_peak,TRUE,44,37.798029,,,,,0,,,0
4989420104,9:42,582,-75.1638872349499,39.9525548857932,-75.1545693550523,40.0111496191661,off_peak,FALSE,14,16.337594,23.3666666666667,23.6333333333333,20.9916666666667,2.18989381492229,8,20.2979166666667,2.67395488410374,8
4989420107,17:47,1067,-75.1553089348274,40.0036904586044,-75.1659426772114,39.9531940428398,pm_peak,TRUE,16,22.41538,33.8666666666667,30.85,30.7270833333333,5.13560507478203,8,30.6020833333333,3.87483166557051,8
4989420108,18:05,1085,-75.1659426772114,39.9531940428398,-75.1553089348274,40.0036904586044,pm_peak,TRUE,37,21.472868,30.9333333333333,29.3833333333333,31.4333333333333,2.80832096931007,8,28.1145833333333,2.35973898038651,8
4990450101,9:00,540,-75.1822218287983,40.0542278772892,-75.274466211559,40.2111841677703,am_peak,TRUE,60,62.272035,137.55,78.4833333333333,120.2,9.19142112092696,7,100.633333333333,17.0927442139027,8
4990450103,12:00,720,-75.1705068930163,39.9509065904554,-75.1466622121185,39.9478355374067,off_peak,FALSE,60,18.299819,21.3833333333333,13.0333333333333,21.2895833333333,2.72970051121957,8,17.4916666666667,3.1716126787688,8
4990450104,15:30,930,-75.1466622121185,39.9478355374067,-75.1760735539168,40.0604283093855,off_peak,FALSE,40,35.042316,65.1333333333334,61.1333333333333,60.0375,4.24747123648435,8,62.0958333333333,3.55826502666679,8
4990450105,17:30,1050,-75.1760735539168,40.0604283093855,-75.1822218287983,40.0542278772892,pm_peak,TRUE,15,7.683333,13.5333333333333,13.5333333333333,15.5333333333333,5.68833392630416,8,13.4083333333333,4.43806585929373,8
5002200201,7:45,465,-75.208260147084,39.9463603580681,-75.1661426003533,40.014873112626,am_peak,TRUE,50,42.699033,42.7833333333333,41.8166666666667,46.9145833333333,2.83788762124113,8,46.6916666666667,3.98503151687364,8
5002200202,16:15,975,-75.1661426003533,40.014873112626,-75.1869128860449,39.9502197402395,pm_peak,TRUE,45,35.961344,52.25,44.55,51.1729166666667,3.87732457157424,8,47.7479166666667,3.40824673891626,8
5003940201,8:30,510,-75.1766032234225,39.9460189303461,-75.1517226930339,39.9485721389241,am_peak,TRUE,30,19.812944,30.15,20.65,26.525,3.99141936802293,8,25.6333333333333,2.3202866544309,8
5003940202,17:30,1050,-75.1517226930339,39.9485721389241,-75.1766032234225,39.9460189303461,pm_peak,TRUE,50,22.14147,29.6333333333333,26.5333333333333,28.00625,2.01573054817779,8,25.2895833333333,2.48314856295677,8
5006430102,10:51,651,-75.1400970132193,39.9722367087517,-75.1608290378846,39.9512565309348,off_peak,FALSE,8,17.783333,31.95,28.95,29.11875,5.14010404980844,8,26.99375,3.96272250389264,8
5006430103,11:03,663,-75.1608290378846,39.9512565309348,-75.2143085167584,39.9408655334325,off_peak,FALSE,17,23.130303,29.15,27.15,31.16875,2.99197919179378,8,26.4083333333333,1.40155808990034,8
5006430105,11:32,692,-75.2032844122027,39.9507247552209,-75.1834073455283,39.9599979498596,off_peak,FALSE,5,16.130443,18.55,19.5,19.3,1.88982236504614,8,18.41875,1.35170196947615,8
5006430106,11:41,701,-75.1834073455283,39.9599979498596,-75.1400970132193,39.9722367087517,off_peak,FALSE,19,26.336258,51.2,32.2,41.2,5.88581830698648,8,37.56875,4.91411505621453,8
5006430110,14:38,878,-75.1400970132193,39.9722367087517,-75.1262221694671,39.9679483007659,off_peak,FALSE,5,16.997797,32.6,22.6,26.9666666666667,5.57253041607628,8,22.3270833333333,3.88714749843676,8
5009080101,6:50,410,-75.0448298513145,40.0439492220356,-75.1448779639192,40.0113597410072,am_peak,TRUE,50,50.927581,57.2166666666667,51.2833333333333,59.9916666666667,4.18386925043815,8,63.4166666666667,6.82907532842257,8
5009080102,14:40,880,-75.1448779639192,40.0113597410072,-75.0448298513145,40.0439492220356,off_peak,FALSE,50,50.533355,72.15,62.3666666666667,68.7625,5.97257455586758,8,66.4041666666667,7.32817865372784,8
5019750102,5:53,353,-75.254819970125,39.9161180335113,-75.2143085167584,39.9408655334325,off_peak,FALSE,14,23.614623,23.8666666666667,23.8666666666667,27.7416666666667,4.47013901988997,8,27.7416666666667,4.47013901988997,8
5019750103,6:19,379,-75.2143085167584,39.9408655334325,-75.1959402940889,39.9314017565807,am_peak,TRUE,21,19.446612,33.5666666666667,33.4,33.6916666666667,8.24512843181614,8,28.3083333333333,6.06775892836049,8
5019750105,15:11,911,-75.1935416868526,39.9389690550161,-75.2143085167584,39.9408655334325,off_peak,FALSE,7,10.368957,37.9166666666667,17.6,38.9979166666667,4.92945018908465,8,19.825,4.9993571015253,8
5019750201,12:00,720,-75.254819970125,39.9161180335113,-75.2241105378748,39.9212305887037,off_peak,FALSE,0,24.131559,27.4166666666667,30.8666666666667,23.6666666666667,4.58257569495584,8,26.8666666666667,2.96780342052117,8
5019750202,14:15,855,-75.2241105378748,39.9212305887037,-75.2629389868999,39.9545919335046,off_peak,FALSE,45,27.250362,45.7666666666667,49.4333333333333,48.5125,3.87260166435868,8,43.3854166666667,4.72985651565987,8
5019750203,17:00,1020,-75.2629389868999,39.9545919335046,-75.2079230580804,39.9646408013521,pm_peak,TRUE,60,32.367153,48.3166666666667,39.7666666666667,45.0416666666667,6.22407002041651,8,42.6625,6.66226491589188,8
5019750204,21:50,1310,-75.2079230580804,39.9646408013521,-75.254819970125,39.9161180335113,off_peak,FALSE,100,42.651578,64.4,64.4,55.4,8.11964108988639,8,78.2333333333333,12.3102261013625,6
5019750301,8:06,486,-75.254819970125,39.9161180335113,-75.1634808483634,39.9480403151119,am_peak,TRUE,61,30.607886,49.5166666666667,50.2666666666667,49.2541666666667,3.97157309603422,8,48.2708333333333,3.4477246925408,8
5019750302,9:18,558,-75.1634808483634,39.9480403151119,-75.1562910038297,39.9768159139408,am_peak,TRUE,21,17.68766,19.4833333333333,18.4833333333333,19.3770833333333,3.27658767404663,8,19.2083333333333,2.06033977780365,8
5019750304,16:01,961,-75.1804047012754,39.9816583790678,-75.0722007215537,40.1814590893573,pm_peak,TRUE,133,113.946619,,,,,0,,,0
5019750305,19:15,1155,-75.0722007215537,40.1814590893573,-75.254819970125,39.9161180335113,off_peak,FALSE,191,128.543558,,,,,0,,,0
5020830205,11:50,710,-75.2092872712104,40.0181516385401,-75.1834073455283,39.9599979498596,off_peak,FALSE,10,13.282802,39.25,33.9166666666667,40.35,8.20473150368853,8,43.2416666666667,5.60605539955298,8
5021380101,8:00,480,-75.1676557779857,39.9917901151344,-75.1673759243643,39.9592890487195,am_peak,TRUE,45,23.000626,31.1,33.1,31.6770833333333,5.05519485674712,8,30.5395833333333,2.98877446747999,8
5021380102,11:00,660,-75.1673759243643,39.9592890487195,-75.1539262084391,39.9844115630897,off_peak,FALSE,30,22.385064,27.8166666666667,40.6666666666667,42.9916666666667,8.97412948424525,8,34.175,4.21578665765443,8
5021380204,19:30,1170,-75.3591948488245,40.206024064853,-75.1676557779857,39.9917901151344,off_peak,FALSE,30,,,,,,0,,,0
5021380301,7:30,450,-75.1676557779857,39.9917901151344,-75.1758411443119,39.993060336458,am_peak,TRUE,30,11.116667,14.7166666666667,20.8166666666667,13.975,4.17556193347883,8,13.9166666666667,4.03006557904813,8
5021380303,16:15,975,-75.0593151476913,40.0302346423682,-75.1539262084391,39.9844115630897,pm_peak,TRUE,15,39.286545,53.35,46.35,52.1208333333333,5.56653656819744,8,48.85,6.19331436769868,8
5021380304,19:00,1140,-75.1539262084391,39.9844115630897,-75.1676557779857,39.9917901151344,off_peak,FALSE,30,17.095609,24.25,24.25,24.4833333333333,8.44314317459243,8,23.9375,7.61932458573968,8
5021380402,7:31,451,-75.1539262084391,39.9844115630897,-75.168489346328,40.1228453069335,am_peak,TRUE,29,50.369032,101.6,95.4666666666667,118.408333333333,15.8572976540421,8,121.416666666667,14.4532195567477,7
5021380403,16:00,960,-75.168489346328,40.1228453069335,-75.1676557779857,39.9917901151344,pm_peak,TRUE,60,53.780161,,85.1833333333333,118.143333333333,11.7359525959052,5,98.1395833333333,18.3156146790499,8
5032850101,8:55,535,-75.1498041127206,39.934304016358,-75.1550139436622,39.9445812882334,am_peak,TRUE,25,13.389732,21.8333333333333,18.8,22.525,5.26111069207688,8,20.2916666666667,4.50339378197772,8
5032850103,11:15,675,-75.1550139436622,39.9445812882334,-75.1403356095466,39.9391423334251,off_peak,FALSE,35,16.176392,45.1166666666667,21.2166666666667,32.8895833333333,5.81550293652767,8,22.89375,5.12409448059184,8
5032850104,16:15,975,-75.1403356095466,39.9391423334251,-75.1483144819563,39.9402627111676,pm_peak,TRUE,30,10.991573,38.65,20.1333333333333,24.65,9.03169023889928,8,19.3541666666667,4.16231916047422,8
5032850106,17:20,1040,-75.1590188241439,40.0700587039899,-75.1498041127206,39.934304016358,pm_peak,TRUE,15,62.239256,61.1,76.1833333333333,68.8104166666667,8.73570913476986,8,65.25625,6.65884027213758,8
5047750101,12:00,720,-75.1715947626354,39.9429517013451,-75.1717674832599,39.9564206302579,off_peak,FALSE,30,16.768586,42.6333333333333,25.3,34.2833333333333,4.19656889329729,8,31.0583333333333,5.45497442998095,8
5055370101,18:30,1110,-75.1634808483634,39.9480403151119,-75.1392078148453,39.9466654688148,pm_peak,TRUE,15,18.178391,29.45,20.0833333333333,27.2354166666667,3.72961589472994,8,24.3458333333333,3.60017360692509,8
5058720101,7:20,440,-75.0972035448796,39.9884463740478,-75.1677276497158,39.9525760413027,am_peak,TRUE,20,37.13241,45.4,44.4,51.4,8.96421457000795,8,53.4,9.47553240117485,8
5058720102,17:40,1060,-75.1677276497158,39.9525760413027,-75.0972035448796,39.9884463740478,pm_peak,TRUE,40,34.640309,45.2666666666667,47.7,49.4166666666667,5.82273867817247,8,45.9375,3.85184711410983,8
5062010101,7:20,440,-75.3077676290044,40.0078734461634,-75.2626735411038,39.9640057100153,am_peak,TRUE,15,30.333935,35.4833333333333,35.4833333333333,37.2,4.65590596097691,8,37.2,4.65590596097691,8
5062010102,7:37,457,-75.2626735411038,39.9640057100153,-75.1537481432666,39.9503794767793,am_peak,TRUE,34,26.438714,33.4666666666667,34.4666666666667,38.4666666666667,3.3487737627803,8,36.7166666666667,2.53546276418555,8
5067500103,19:00,1140,-75.1572994746159,39.95264251715,-75.1466622121185,39.9478355374067,off_peak,FALSE,30,11.433319,13.5,17.8166666666667,13.025,1.91286372202717,8,13.46875,1.8520567181654,8
5067500104,21:45,1305,-75.1466622121185,39.9478355374067,-75.1537481432666,39.9503794767793,off_peak,FALSE,35,9.884395,21.7,19.6333333333333,17.5895833333333,5.57672272123367,8,17.08125,4.14076173404064,8
5079600103,8:30,510,-75.1834073455283,39.9599979498596,-75.1537481432666,39.9503794767793,am_peak,TRUE,10,15.119871,28.4666666666667,28.0666666666667,25.49375,3.4802268843664,8,22.0604166666667,3.04784515995278,8
5086400101,8:00,480,-75.2916524455955,39.9377962945873,-75.2647018998912,39.9085205983673,am_peak,TRUE,0,38.911493,58.5,86.0166666666667,62.5714285714286,9.59336534956106,7,77.0357142857143,9.76299906758424,7
5086400102,16:00,960,-75.2647018998912,39.9085205983673,-75.2916524455955,39.9377962945873,pm_peak,TRUE,480,33.766839,88.1166666666667,92.1166666666667,80.4666666666667,22.9657353463807,5,80.6472222222222,12.4233222281798,6
5107440201,13:30,810,-75.1621985739407,40.0312108390649,-75.1392788470332,40.0429484652339,off_peak,FALSE,60,23.162827,36.0333333333333,42.3166666666667,40.2333333333333,4.98449978385375,8,37.325,3.1853334529291,8
5107440202,18:30,1110,-75.1392788470332,40.0429484652339,-75.1621985739407,40.0312108390649,pm_peak,TRUE,100,22.791692,45.95,37.7166666666667,40.3791666666667,4.29540867837808,8,38.975,5.62807587859635,8
5107840201,7:30,450,-75.2062968547165,39.9737371253413,-75.1612826317197,39.9532127364358,am_peak,TRUE,90,25.129328,31.1833333333333,28.6833333333333,32.3645833333333,3.42087937153638,8,32.0583333333333,3.52636329598045,8
5107840202,18:00,1080,-75.1612826317197,39.9532127364358,-75.2062968547165,39.9737371253413,pm_peak,TRUE,90,29.195441,24.35,26.35,24.3041666666667,3.99608687561473,8,31.2375,2.24952816922282,8
5111290201,9:00,540,-75.2181192513656,40.032241980928,-75.3460361638143,40.1143423687777,am_peak,TRUE,30,38.074768,102.883333333333,77.35,82.175,16.3401710663074,8,73.35,8.79529094783924,8
5111290202,13:30,810,-75.3460361638143,40.1143423687777,-75.2181192513656,40.032241980928,off_peak,FALSE,60,36,95.7166666666667,75.5666666666667,77.9770833333333,11.1003393967132,8,63.9416666666667,9.22632104362296,8
5111290203,15:00,900,-75.2181192513656,40.032241980928,-75.2436983741977,40.0509944084347,off_peak,FALSE,30,17.489328,27.4666666666667,39.4666666666667,32.9666666666667,4.83292280686779,8,35.0104166666667,5.06355588635948,8
5120320101,8:10,490,-75.0242936664932,40.0935720600163,-75.177201361549,39.9550054347417,am_peak,TRUE,70,68.509788,77.5833333333333,92.5833333333333,86.6125,9.91021899234273,8,77.8333333333333,7.60263112349929,6
5120320102,14:30,870,-75.177201361549,39.9550054347417,-75.0325978610195,40.0871418066782,off_peak,FALSE,90,64.288592,73.3833333333334,72.3166666666667,75.375,3.48373773000044,8,69.0083333333333,3.78550912891243,8
5121500102,17:30,1050,-75.2024327640643,39.9546329212277,-75.2354698649569,39.9579979858569,pm_peak,TRUE,15,14.300916,15.5333333333333,13.5333333333333,19.9083333333333,3.37797487937881,8,18.5333333333333,1.90862703084106,8
5151870101,11:52,712,-75.5988617101674,39.9607804869585,-75.7957120401474,40.0022270736992,off_peak,FALSE,0,93.136226,,,,,0,,,0
5156530101,6:28,388,-75.1515094031092,39.9207626635082,-75.1400970132193,39.9722367087517,am_peak,TRUE,9,30.798873,37.4833333333333,36.4833333333333,33.5166666666667,3.38889409315239,8,33.7666666666667,2.6120295581594,8
5156530102,6:47,407,-75.1400970132193,39.9722367087517,-75.1097816224041,40.116544124873,am_peak,TRUE,13,63.41036,,,,,0,,,0
5177060201,8:00,480,-75.2783533552924,39.9575793577259,-75.1840170635385,39.9534784074457,am_peak,TRUE,30,33.865815,39.6333333333333,38.6333333333333,39.6333333333333,4.18330013267038,8,38.6333333333333,4.00891862868637,8
5177060202,16:30,990,-75.1840170635385,39.9534784074457,-75.2783533552924,39.9575793577259,pm_peak,TRUE,30,33.332419,42.7666666666667,38.3333333333333,45.4604166666667,6.16004108353131,8,42.78125,3.05696495273044,8
5192500203,14:31,871,-75.4500381380104,39.9613999791314,-75.2494877628824,39.925101393977,off_peak,FALSE,119,61.498823,,,,,0,,,0
5201520201,7:10,430,-75.3144697816706,40.0155040903494,-75.1672929773502,39.9544153783527,am_peak,TRUE,,38.172362,69.35,92.35,75.35,7.95074120533965,8,69.85,9.83070990024917,8
5201520202,18:00,1080,-75.1672929773502,39.9544153783527,-75.3144697816706,40.0155040903494,pm_peak,TRUE,15,38.850606,54.65,54.65,59.775,6.70687280758648,8,54.9,4.97134646894438,8
5220560103,7:50,470,-75.1700384657366,39.9693644720962,-75.1489215256524,39.95458250175,am_peak,TRUE,25,21.147215,23.2,28.3166666666667,31.1395833333333,3.84638500144813,8,28.76875,1.73485367161175,8
5220560104,16:30,990,-75.1489215256524,39.95458250175,-75.1545851492175,39.9813757258968,pm_peak,TRUE,32,21.2074,25.4,28.65,29.4708333333333,2.77757102405155,8,29.25625,3.13029155166299,8
5220560105,17:40,1060,-75.1545851492175,39.9813757258968,-75.1700384657366,39.9693644720962,pm_peak,TRUE,17,22.336033,34.3,22.7,30.5020833333333,4.12192586268365,8,27.5875,2.59177193171617,8
5232980101,10:00,600,-75.1906300416804,39.958024348983,-75.1583275844786,39.9602029183105,off_peak,FALSE,,19.994903,45.2833333333333,29.3,38.9354166666667,8.41289843746183,8,35.2666666666667,6.35992537642155,8
5232980102,15:00,900,-75.1583275844786,39.9602029183105,-75.1906300416804,39.958024348983,off_peak,FALSE,30,20.888563,29.0166666666667,26.0166666666667,24.0166666666667,2.98807152333598,8,23.0166666666667,3.67423461417477,8
5232980301,9:00,540,-75.1906300416804,39.958024348983,-75.1701368511036,39.9488667930338,am_peak,TRUE,25,16.894335,36.5166666666667,29.5166666666667,32.2875,9.60104471002034,8,27.325,6.31982896091643,8
5232980303,13:30,810,-75.1742218041379,39.9513700637455,-75.1474545568906,39.9496085506464,off_peak,FALSE,15,19.14413,18.65,13.9166666666667,21.2125,2.95759380427927,8,16.28125,5.15237992089154,8
5232980304,16:00,960,-75.1474545568906,39.9496085506464,-75.1906300416804,39.958024348983,pm_peak,TRUE,90,14.185289,25.0166666666667,20.0166666666667,22.0166666666667,2.7902892835178,8,20.7666666666667,3.76069902316805,8
5233570202,10:11,611,-75.2263543044564,40.0477064501431,-75.1652507511981,39.9564326348413,off_peak,FALSE,49,39.580435,67.2166666666667,61.4833333333333,54.175,8.78750465691132,8,51.03125,8.62046493378421,8
5233570203,14:30,870,-75.1652507511981,39.9564326348413,-75.1652507511981,39.9564326348413,off_peak,FALSE,30,4.927778,8.18333333333333,11.8666666666667,10.6166666666667,4.73425544338015,8,10.3333333333333,3.66052515965188,8
5264720102,16:00,960,-74.9919645563739,40.0557019160434,-75.0334767058455,40.1004177520944,pm_peak,TRUE,480,37.077998,59.9,58.9166666666667,69.2104166666667,9.89760247343882,8,61,9.63103449255714,8
5269500301,4:55,295,-75.025951705377,40.0340975453938,-75.0242936664932,40.0935720600163,off_peak,FALSE,50,35.693354,,,70.65,,1,70.65,,1
5269500303,14:25,865,-75.0164718495484,40.1003470300558,-75.025951705377,40.0340975453938,off_peak,FALSE,50,34.906034,59.8166666666667,81.4333333333333,64.9645833333333,9.77075502557716,8,70.1354166666667,9.78035947946798,8
5269500501,7:00,420,-75.025951705377,40.0340975453938,-75.0589769417546,40.017025533914,am_peak,TRUE,25,18.760594,17.5833333333333,15.4,28.275,5.54610545466688,8,24.54375,4.77319680487776,8
5269500502,15:30,930,-75.0589769417546,40.017025533914,-75.025951705377,40.0340975453938,off_peak,FALSE,38,20.022349,23.4166666666667,16.4333333333333,26.575,4.12126694959709,8,25.48125,5.56451653300013,8
5270130101,9:15,555,-75.0589191747288,40.0341434174917,-75.1588750233838,39.9528401835985,am_peak,TRUE,60,40.607696,47.5833333333333,58.5833333333333,53.5833333333333,6.1702049051412,8,55.5833333333333,6.46418705528501,8
5278480101,10:00,600,-75.1446066576729,40.0233803729966,-75.1584725274299,39.950967187359,off_peak,FALSE,90,32.379671,54.5333333333333,52.6,47.3604166666667,10.4724314481647,8,44.3041666666667,9.47650708372745,8
5278480104,14:10,850,-75.1392788470332,40.0429484652339,-75.1381304513604,40.0251658128621,off_peak,FALSE,0,11.765591,32.5333333333333,32.3666666666667,29.3083333333333,6.53587171291015,8,24.1166666666667,4.56696210375594,8
5278480108,17:40,1060,-75.1491317030119,40.0304553583606,-75.1609354256761,39.9985787329005,pm_peak,TRUE,9,21.101329,39.1666666666667,40.6333333333333,37.5958333333333,8.50451210772706,8,39.1083333333333,9.23271873491742,8
5278480109,17:57,1077,-75.1609354256761,39.9985787329005,-75.1857519422656,39.9869713053535,pm_peak,TRUE,18,19.386363,41.8333333333333,43,39.7333333333333,4.74258820235774,8,38.7916666666667,5.35548228231506,8
5278480202,11:00,660,-75.1325211942729,40.0941668713503,-75.1446066576729,40.0233803729966,off_peak,FALSE,60,31.880173,73.85,78.3166666666667,67.85,9.87420882906575,8,69.6416666666667,9.04913834361619,8
5284800101,7:05,425,-75.1689771799637,39.9467826108977,-75.124494522152,40.1214440489086,am_peak,TRUE,56,63.876424,71.5166666666667,71.5166666666667,77.0166666666667,7.56401254059548,8,76.5833333333333,5.70054299836344,8
5284800102,15:30,930,-75.124494522152,40.1214440489086,-75.1608866949941,39.9837724999129,off_peak,FALSE,45,65.695486,65.1333333333334,66.1333333333333,68.8958333333333,5.70680984188439,8,67.3729166666667,4.36854682805265,8
5284800103,20:00,1200,-75.1608866949941,39.9837724999129,-75.1689771799637,39.9467826108977,off_peak,FALSE,35,22.779576,52.5166666666667,52.5166666666667,37.8854166666667,10.7313937817974,8,37.1979166666667,11.0967478343882,8
5285590101,9:34,574,-75.1845576169885,39.942839888606,-75.1692942790448,39.9527602328087,off_peak,FALSE,21,17.179463,45.7833333333333,36.9666666666667,39.1645833333333,9.00182273209154,8,29.9083333333333,9.12709641062747,8
5288670104,12:15,735,-75.1742218041379,39.9513700637455,-75.2092872712104,40.0181516385401,off_peak,FALSE,30,19.282533,34.5,44.55,43.6041666666667,10.3296373958701,8,35.6375,7.06087335530687,8
5288670105,12:55,775,-75.2092872712104,40.0181516385401,-75.2875138170096,40.0988652361305,off_peak,FALSE,35,37.083333,87.6333333333333,47.65,65.1333333333334,17.4622040827775,8,51.15,9.03564370384629,8
5291120103,13:36,816,-75.1553089348274,40.0036904586044,-75.1609354256761,39.9985787329005,off_peak,FALSE,3,10.58351,19.7333333333333,14.7333333333333,18.1270833333333,6.03498357791588,8,14.7791666666667,3.72368811457179,8
5291120104,13:49,829,-75.1609354256761,39.9985787329005,-75.1339173390945,39.9885141593941,off_peak,FALSE,11,20.614316,53.0666666666667,43.5666666666667,41.0354166666667,10.6018508323513,8,37.7979166666667,4.29708684542713,8
5291120106,15:10,910,-75.1370076336645,39.9947816699323,-75.1503604073933,39.9962218359028,off_peak,FALSE,13,16.620424,24.8,31.9833333333333,28.6291666666667,5.35254538173121,8,27.1854166666667,3.37868479037308,8
5291120107,15:28,928,-75.1503604073933,39.9962218359028,-75.1553089348274,40.0036904586044,off_peak,FALSE,2,12.823496,23.8666666666667,22.8666666666667,20.1520833333333,3.10858306797103,8,19.8604166666667,2.08621586298833,8
5291900101,17:50,1070,-75.2324370649115,40.0574839750067,-75.2324370649115,40.0574839750067,pm_peak,TRUE,65,12.164871,11.1833333333333,16.35,10.325,3.42301964529324,8,11.8145833333333,4.40526774765978,8
5305010101,7:50,470,-75.2344018743884,39.9529742315534,-75.1612826317197,39.9532127364358,am_peak,TRUE,37,26.143047,35.8,26.8,29.8,3.59563227104378,8,26.05,2.17124059336724,8
5305010103,19:36,1176,-75.1652643007328,39.9488899960486,-75.2024327640643,39.9546329212277,off_peak,FALSE,15,17.196002,26.9,22.9,23.8,4.64376181662279,8,22.6333333333333,2.67221149718998,8
5305010104,20:21,1221,-75.2024327640643,39.9546329212277,-75.2344018743884,39.9529742315534,off_peak,FALSE,6,17.836299,22.1,25.1,29.1,5.72588109252317,8,23.3208333333333,3.94028592548855,8
5314250103,11:21,681,-75.2087795541006,40.0727929276456,-75.1571977835929,40.0823045185899,off_peak,FALSE,9,23.916667,48.7333333333333,40.7333333333333,50.9416666666667,10.4170761824264,8,45.5416666666667,6.56522222450565,8
5314250104,11:35,695,-75.1571977835929,40.0823045185899,-75.1263233403386,40.1432542039051,off_peak,FALSE,20,36.2,67.6166666666667,67.6166666666667,61.9916666666667,6.30051018342392,8,64.3833333333333,9.0323404831292,8
5373010202,6:56,416,-75.1008734078827,40.0238583711636,-75.1536080135934,39.9890571718199,am_peak,TRUE,14,42.346991,43.3166666666667,44.3166666666667,48.3,3.18849618731275,8,45.5083333333333,2.90968552274466,8
5373010203,18:45,1125,-75.1536080135934,39.9890571718199,-75.1055945010731,40.0133259954788,pm_peak,TRUE,45,35.426119,35.7,55.6,48.6375,7.89546660161025,8,50.9541666666667,7.58378988683225,8
5374710101,9:25,565,-75.1470807570054,39.9513767444736,-75.1941152941134,39.9546263068532,am_peak,TRUE,25,15.701896,19.5166666666667,19.3166666666667,21.9583333333333,4.62571315823001,8,20.6229166666667,2.47296392922301,8
5374710102,16:50,1010,-75.1941152941134,39.9546263068532,-75.2626735411038,39.9640057100153,pm_peak,TRUE,20,23.648892,33.3166666666667,28.8166666666667,33.1958333333333,4.75703113696928,8,30.9083333333333,2.53005740571049,8
5374710103,17:30,1050,-75.2626735411038,39.9640057100153,-75.2898472832018,40.0026899156158,pm_peak,TRUE,30,29.631951,69.25,47.65,59.075,7.69409689204178,8,48.4041666666667,9.12179819887243,8
5374710105,18:50,1130,-75.2898472832018,40.0026899156158,-75.2626735411038,39.9640057100153,pm_peak,TRUE,50,29.248703,38.05,62.05,48.675,6.4240063155991,8,41.55,10.8265546557659,8
5374710106,19:55,1195,-75.2626735411038,39.9640057100153,-75.1446587384151,39.9502859178682,off_peak,FALSE,35,28.133333,41.5,51.5,45.75,4.91353814911995,8,43.25,5.05682000583653,8
5374710201,9:35,575,-75.1470807570054,39.9513767444736,-75.1957094473416,39.9494354858208,off_peak,FALSE,20,20.331103,31.15,27.15,26.775,4.79396942597081,8,24.15,2.52133751353183,8
5374710203,17:55,1075,-75.2032844122027,39.9507247552209,-75.2898472832018,40.0026899156158,pm_peak,TRUE,65,44.04655,56.5333333333333,60.65,63.33125,6.33039679728776,8,57.8083333333333,6.32521409387329,8
5374710205,20:50,1250,-75.2898472832018,40.0026899156158,-75.1470807570054,39.9513767444736,off_peak,FALSE,60,57.215962,79,,72.98125,10.9236289594098,8,48.75,,1
5420880202,7:45,465,-75.1662257986882,39.9519342771783,-75.2024327640643,39.9546329212277,am_peak,TRUE,4,12.722622,24.8833333333333,24.9,21.5,1.19711955881409,8,19.65,1.73205080756888,8
5420880205,17:06,1026,-75.2024327640643,39.9546329212277,-75.1662257986882,39.9519342771783,pm_peak,TRUE,6,13.562304,22.75,15.75,21.0833333333333,2.7851647809677,8,18.425,1.97683007435064,8
5423310201,12:00,720,-75.2322455285086,39.963278945388,-75.2316719358833,39.9680910426143,off_peak,FALSE,2,7.816667,10.95,8.95,12.46875,3.95834899746274,8,12.83125,2.85143291046048,8
5485730102,12:20,740,-75.0832986794972,40.0041401208179,-75.1673759243643,39.9592890487195,off_peak,FALSE,40,44.817815,58.3666666666667,45.0166666666667,57.125,6.86611185923242,8,52.6708333333333,4.70644399513742,8
5485730103,14:00,840,-75.1673759243643,39.9592890487195,-75.0832986794972,40.0041401208179,off_peak,FALSE,30,43.142204,55.3,62.0833333333333,66.625,8.58690864048291,8,58.9583333333333,7.79199833773327,8
5550880202,8:28,508,-75.2162654488479,39.9464660922369,-75.1834073455283,39.9599979498596,am_peak,TRUE,2,19.950349,23.5833333333333,26.5833333333333,25.2583333333333,1.45446766566885,8,25.7333333333333,1.25052369981921,8
5550880203,8:32,512,-75.1834073455283,39.9599979498596,-75.1537481432666,39.9503794767793,am_peak,TRUE,5,15.119871,26.4666666666667,26.0666666666667,24.49375,4.54109050517499,8,22.8458333333333,3.7436374595534,8
5550880210,17:53,1073,-75.1537481432666,39.9503794767793,-75.1834073455283,39.9599979498596,pm_peak,TRUE,20,15.572594,20.25,19.25,18.25,2.8908723349783,8,18.5,1.73205080756888,8
5550880211,18:17,1097,-75.1834073455283,39.9599979498596,-75.2162654488479,39.9464660922369,pm_peak,TRUE,0,21.18627,33.3833333333333,36.3833333333333,34.0854166666667,3.86226594297774,8,32.775,4.37134427763941,8
5561830101,12:00,720,-75.0515287201836,40.021097885328,-75.2538526622578,39.9589775244658,off_peak,FALSE,60,60.996225,65.3666666666667,66.3666666666667,72.3125,6.09270804075177,8,70.8416666666667,4.90531781408125,8
5561830102,21:00,1260,-75.2538526622578,39.9589775244658,-75.0515287201836,40.021097885328,off_peak,FALSE,60,62.035214,82.8333333333333,73.5,89.44375,19.3220409087899,8,83.3333333333333,12.3795498289822,8
5617700101,10:55,655,-75.1874482344911,40.0457370394131,-75.1530023621858,39.9760354383899,off_peak,FALSE,48,49.12717,49.1,55.1,52.3354166666667,2.97013491089023,8,51.7625,3.54398383582254,8
5617700102,21:03,1263,-75.1530023621858,39.9760354383899,-75.1874482344911,40.0457370394131,off_peak,FALSE,47,39.669138,42.6666666666667,40.6666666666667,49.6666666666667,5.76318364398409,8,46.4166666666667,4.67516233484388,8
5645340202,7:25,445,-75.1898605144712,40.0114702178942,-75.1583275844786,39.9602029183105,am_peak,TRUE,26,28.852518,50.4,45.9,47.4916666666667,4.35540168176528,8,42.85,2.63589387266189,8
5651420101,9:45,585,-75.2379157577435,39.9658789680729,-75.1545851492175,39.9813757258968,off_peak,FALSE,42,38.685548,57.1833333333333,57.1833333333333,52.1645833333333,6.8443200730171,8,51.7833333333333,5.55569206181501,8
5651420102,11:05,665,-75.1545851492175,39.9813757258968,-75.2379157577435,39.9658789680729,off_peak,FALSE,50,40.45777,51.6166666666667,44.6166666666667,50.6166666666667,4.11443452111848,8,46.0270833333333,3.69506253034703,8
5753200103,15:08,908,-75.1785792243999,39.9689777214525,-75.1541388337345,39.9522458625874,off_peak,FALSE,12,23.728964,30.8333333333333,28.35,27.9,3.94260408665732,8,26.55625,2.60239415868213,8
5753200106,16:58,1018,-75.1682068169821,39.957491721513,-75.1798114670555,39.9715794694621,pm_peak,TRUE,12,16.413313,25.8666666666667,20.8666666666667,22.23125,4.7041305515506,8,20.2416666666667,4.08612635284674,8
5753200202,6:40,400,-75.1785792243999,39.9689777214525,-75.177201361549,39.9550054347417,am_peak,TRUE,15,15.55563,13.2666666666667,23.8666666666667,19.5229166666667,4.49065994990873,8,17.40625,3.05675075830737,8
5753200204,6:59,419,-75.1779217463161,39.9533873770951,-75.2074740441751,39.9601688794781,am_peak,TRUE,6,20.810731,25.2833333333333,27.5333333333333,25.5833333333333,2.16734421640425,8,23.7458333333333,2.93623706386901,8
5753200207,17:26,1046,-75.2074740441751,39.9601688794781,-75.177201361549,39.9550054347417,pm_peak,TRUE,5,21.337359,22.2333333333333,31.2333333333333,30.575,3.09570875542463,8,28.9666666666667,3.61557477482916,8
5753200209,17:43,1063,-75.1741319574651,39.9575333855516,-75.1798114670555,39.9715794694621,pm_peak,TRUE,12,11.769898,21.0666666666667,17.1166666666667,18.9625,3.70252755796096,8,18.2333333333333,2.94887656843636,8
5759930103,6:28,388,-75.1588750233838,39.9528401835985,-75.1414393682529,39.9601471054741,am_peak,TRUE,6,12.505684,19.7,16.3333333333333,15.9083333333333,1.31460054890244,8,17.075,1.7268882005338,8
5759930106,17:08,1028,-75.1414393682529,39.9601471054741,-75.1648345113326,39.9541020155151,pm_peak,TRUE,4,14.594689,16.7166666666667,18.1166666666667,15.4020833333333,2.76586961410371,8,20.3625,2.76442465095246,8
5762440103,8:05,485,-75.1505658415867,39.9464361327538,-75.1708705877199,39.9529581159317,am_peak,TRUE,25,18.813692,24.65,21.5166666666667,22.6395833333333,2.73811917691399,8,21.1291666666667,1.52941398674693,8
5762440104,17:30,1050,-75.1708705877199,39.9529581159317,-75.1301600245386,39.9721857729433,pm_peak,TRUE,30,25.933224,32.2666666666667,25.6,27.7729166666667,1.61611275488684,8,26.0791666666667,1.42521928137392,8
5765380101,11:00,660,-75.1742868895805,39.952935291834,-75.2626735411038,39.9640057100153,off_peak,FALSE,20,29.127501,39.0833333333333,38.0333333333333,38.5104166666667,4.94811923144253,8,35.5729166666667,2.98367166876386,8
5765380102,11:45,705,-75.2626735411038,39.9640057100153,-75.3393886203709,40.0346462639254,off_peak,FALSE,30,25.457163,43.3333333333333,43.3333333333333,50.8333333333333,9.05932826270406,8,47.0833333333333,8.75866917483962,8
5765380104,21:15,1275,-75.1742868895805,39.952935291834,-75.2182588102061,39.950471058218,off_peak,FALSE,15,23.535973,25.2666666666667,26.2666666666667,31.4041666666667,4.27476677169421,8,29.4166666666667,3.97252468600919,8
5765380105,1:05,65,-75.2182588102061,39.950471058218,-75.1742868895805,39.952935291834,off_peak,FALSE,15,23.691334,,,,,0,,,0
5788060105,15:00,900,-75.1669894744938,39.9484799410289,-75.180637080064,39.9501303685435,off_peak,FALSE,20,12.676728,15.4666666666667,28.4666666666667,16.44375,1.85480794154004,8,25.4645833333333,5.65048415891583,8
5789840101,11:15,675,-75.2165947836222,39.9537421538695,-75.177201361549,39.9550054347417,off_peak,FALSE,5,23.997263,20.5833333333333,25.5833333333333,27.0916666666667,5.51407290484992,8,24.60625,2.59645572680719,8
5789840102,12:00,720,-75.177201361549,39.9550054347417,-75.2165947836222,39.9537421538695,off_peak,FALSE,15,23.367026,24.3666666666667,20.8833333333333,24.0520833333333,2.67936615194536,8,21.8604166666667,2.30776703557274,8
5789840103,15:00,900,-75.2165947836222,39.9537421538695,-75.1669894744938,39.9484799410289,off_peak,FALSE,30,24.875105,39.5166666666667,27.7833333333333,32.8666666666667,2.9277002188456,8,31.69375,3.87058440175526,8
5789840104,0:00,0,-75.1669894744938,39.9484799410289,-75.2165947836222,39.9537421538695,off_peak,FALSE,35,23.39226,,,,,0,,,0
5789840201,16:30,990,-75.2165947836222,39.9537421538695,-75.1742218041379,39.9513700637455,pm_peak,TRUE,15,24.927547,29.0833333333333,26.9333333333333,29.2,3.25566661059837,8,26.9583333333333,2.81049619976418,8
5789840202,0:15,15,-75.1742218041379,39.9513700637455,-75.2165947836222,39.9537421538695,off_peak,FALSE,15,19.021,52.55,52.55,45.6666666666667,10.1676229058495,5,46.3,10.7529065838033,5
5808780101,12:44,764,-74.914556913326,40.1553049086706,-74.971722014007,40.068261230225,off_peak,FALSE,56,67.59436,54.4,54.4,69.3666666666667,10.389387136851,8,69.3666666666667,10.389387136851,8
5808780103,14:27,867,-74.971722014007,40.068261230225,-74.914556913326,40.1553049086706,off_peak,FALSE,63,79.193302,90.7,90.7,79.0875,15.3054942671547,8,79.0875,15.3054942671547,8
5819950104,22:53,1373,-75.1725391195037,39.9527196860213,-75.2162654488479,39.9464660922369,off_peak,FALSE,22,18.989067,26.7666666666667,26.7666666666667,26.9166666666667,4.18204780096113,8,26.9166666666667,4.18204780096113,8
5852630102,8:45,525,-75.1779217463161,39.9533873770951,-75.1638872349499,39.9525548857932,am_peak,TRUE,5,6.955697,16.6666666666667,8.78333333333333,12.91875,2.70336999417335,8,10.1625,2.35996283936307,8
5852630103,8:51,531,-75.1638872349499,39.9525548857932,-75.1632627264191,39.9610182840982,am_peak,TRUE,4,9.261714,9.08333333333333,9.33333333333333,11.3958333333333,2.34044409705265,8,9.14583333333333,1.27300263718726,8
5852630106,12:54,774,-75.1662257986882,39.9519342771783,-75.2032844122027,39.9507247552209,off_peak,FALSE,16,15.842286,18.05,25.65,23.4291666666667,3.94909824949025,8,23.8,2.95199690282455,8
5852630107,17:10,1030,-75.2032844122027,39.9507247552209,-75.1698571868868,39.9452577603363,pm_peak,TRUE,20,25.693586,27.6333333333333,26.2666666666667,26.0229166666667,2.03329308117848,8,25.5875,1.84190097626045,8
5874480101,11:00,660,-74.9556787266959,40.0972989695419,-75.0675318693472,40.0381003553224,off_peak,FALSE,65,42.607141,55.3166666666667,57.3166666666667,77.8166666666667,17.4622040827775,8,57.3166666666667,9.17683418801308,8
5874480103,15:26,926,-75.0798260530761,40.0248633027149,-74.9556787266959,40.0972989695419,off_peak,FALSE,44,50.600921,66.4333333333333,66.4333333333333,76.2645833333333,5.15880690571727,8,73.0375,4.30972276573103,8
5904620101,11:00,660,-75.1392788470332,40.0429484652339,-75.1372598172641,40.0681528620105,off_peak,FALSE,30,21.373895,35.4,36.7666666666667,39.3,6.491092798157,8,38.5291666666667,6.06695283207861,8
5904620102,17:45,1065,-75.1372598172641,40.0681528620105,-75.1392788470332,40.0429484652339,pm_peak,TRUE,45,18.725821,30.9166666666667,30.9166666666667,26.9083333333333,4.79136955600611,8,26.9166666666667,4.78837878916982,8
5917530101,8:40,520,-75.1771789182756,39.976458493457,-75.1489215256524,39.95458250175,am_peak,TRUE,25,28.266518,37.2,27.2,32.23125,4.72160214182795,8,32.2229166666667,3.02519758635828,8
5917530102,17:05,1025,-75.1489215256524,39.95458250175,-75.1771789182756,39.976458493457,pm_peak,TRUE,35,27.356538,32.9833333333333,36.55,38.3645833333333,3.71663396846603,8,34.4666666666667,2.95987719607977,8
5931890101,12:00,720,-75.1400970132193,39.9722367087517,-75.2214787498032,39.9351931051192,off_peak,FALSE,60,38.749001,50.5666666666667,53.5666666666667,52.6083333333333,4.00684929462555,8,48.3833333333334,5.04336748170858,8
5931890102,14:52,892,-75.2214787498032,39.9351931051192,-75.2379157577435,39.9658789680729,off_peak,FALSE,18,30.852734,48.6166666666667,30.8166666666667,39.75,3.62963988768662,8,36.8729166666667,2.34436063473909,8
5931890103,15:40,940,-75.2379157577435,39.9658789680729,-75.1400970132193,39.9722367087517,off_peak,FALSE,20,36.770821,51.5,45.2,47.1125,4.50204318694777,8,45.0770833333333,6.06222978451967,8
5931890201,11:45,705,-75.1400970132193,39.9722367087517,-75.2214787498032,39.9351931051192,off_peak,FALSE,45,38.749001,48.8,47.1,53.4333333333333,5.04232876408108,8,48.3270833333333,3.85732592525584,8
5937570102,8:12,492,-75.1630984016405,39.9735438590113,-75.1634808483634,39.9480403151119,am_peak,TRUE,8,16.141574,23.6166666666667,28.1166666666667,27.1166666666667,3.37003603202441,8,27.0020833333333,4.65388076241685,8
5937570105,17:35,1055,-75.1634808483634,39.9480403151119,-75.1630984016405,39.9735438590113,pm_peak,TRUE,5,17.537769,23.3833333333333,16.3833333333333,19.25,1.25141190102689,8,17.6,1.44065130773418,8
5955100103,14:00,840,-75.1625826795934,39.9513495936779,-75.1788270506066,39.951932450125,off_peak,FALSE,30,11.553757,19.8333333333333,16.6,21.5333333333333,3.66520533650301,8,17.4375,1.97383178228589,8
6010880101,8:30,510,-75.1725391195037,39.9527196860213,-75.1541388337345,39.9522458625874,am_peak,TRUE,30,10.447997,13.35,12.35,14,1.52380580356689,8,12.3270833333333,0.813425907104763,8
6010880102,9:30,570,-75.1541388337345,39.9522458625874,-75.1725391195037,39.9527196860213,off_peak,FALSE,30,13.60605,13.9,14.35,15.7583333333333,2.72402596542644,8,16.2104166666667,2.19248242106218,8
6014790101,15:35,935,-75.1505658415867,39.9464361327538,-75.1489215256524,39.95458250175,off_peak,FALSE,25,13.017518,17.7166666666667,18.7166666666667,19.0958333333333,1.60361075710955,8,18.7375,1.19169580383959,8
6014790103,18:55,1135,-75.1941152941134,39.9546263068532,-75.1505658415867,39.9464361327538,pm_peak,TRUE,50,20.594211,18.7333333333333,23.45,22.73125,1.22524495445307,8,22.54375,2.61649131198907,8
6014790202,19:15,1155,-75.1665551812863,39.9452085642469,-75.1476427366842,39.9441226984079,off_peak,FALSE,15,17.26187,17.35,26.7333333333333,28.8958333333333,6.61060805742474,8,25.9291666666667,3.76479884156648,8
6016700102,8:05,485,-75.300281066518,40.0007168757721,-75.3460361638143,40.1143423687777,am_peak,TRUE,25,33.33046,77.8833333333333,59.6333333333333,72.8833333333333,12.9532125083206,8,65.85,8.67261700493488,8
6016700103,16:30,990,-75.3460361638143,40.1143423687777,-75.300281066518,40.0007168757721,pm_peak,TRUE,30,31.424227,44.6166666666667,44.6166666666667,38.84375,4.87822288664079,8,38.96875,4.80699257117848,8
6016700202,7:55,475,-75.2879225601409,40.0096184499998,-75.1659426772114,39.9531940428398,am_peak,TRUE,55,29.556552,68.0666666666667,56.45,61.8416666666667,6.05994525618314,8,58.2375,6.55126759817191,8
6017220202,15:20,920,-75.1561127285024,39.9506763018863,-75.1673585815214,39.9505151310837,off_peak,FALSE,10,11.512847,14.8166666666667,14.75,15.7145833333333,2.50951265584401,8,15.5958333333333,2.21561468055671,8
6017220203,16:00,960,-75.1673585815214,39.9505151310837,-75.1800070313661,39.946441631749,pm_peak,TRUE,10,10.643484,19.4,14.7833333333333,19.3666666666667,2.56329401171153,8,16.8520833333333,3.63262812618834,8
6019330101,9:20,560,-75.1773253490168,39.9478229139105,-75.2119692985922,40.025270412473,am_peak,TRUE,30,20.94194,65.4666666666667,47.0833333333333,59.8458333333333,7.30997768871587,8,46.0895833333333,6.82429679789165,8
6019330102,11:05,665,-75.2119692985922,40.025270412473,-75.1742218041379,39.9513700637455,off_peak,FALSE,35,19.25,49.55,42.55,49.55,8.57321409974112,8,46.3,8.75866917483962,8
6019330103,12:30,750,-75.1742218041379,39.9513700637455,-75.1553089348274,40.0036904586044,off_peak,FALSE,150,28.042475,39.3833333333333,35.3833333333333,38.2583333333333,4.74906005737677,8,34,3.19732030657817,8
6019330104,18:30,1110,-75.1553089348274,40.0036904586044,-75.1410924621013,39.9257396921949,pm_peak,TRUE,60,44.763914,57.1333333333333,52.1333333333333,59.5083333333333,8.82265751994748,8,50.2583333333333,4.83846197522666,8
6019330105,21:30,1290,-75.1410924621013,39.9257396921949,-75.1773253490168,39.9478229139105,off_peak,FALSE,60,33.48029,37.8333333333333,37.8333333333333,40.975,5.79156474730467,8,39.4979166666667,4.98201079360724,8
6022850101,7:00,420,-75.1655206281913,39.9477143701067,-75.1957094473416,39.9494354858208,am_peak,TRUE,20,19.44269,30.15,25.15,26.175,3.7476659402887,8,23.0375,2.9953767285655,8
6022850102,19:30,1170,-75.1957094473416,39.9494354858208,-75.1655206281913,39.9477143701067,off_peak,FALSE,40,21.020114,19.6666666666667,20.6666666666667,21.4291666666667,2.66264205225049,8,19.4604166666667,2.59004408707958,8
6022850201,8:15,495,-75.1957094473416,39.9494354858208,-75.1655206281913,39.9477143701067,am_peak,TRUE,30,22.226499,21.1166666666667,21.9166666666667,20.775,1.68831182706182,8,20.85625,2.14529639606841,8
6022850202,17:30,1050,-75.1655206281913,39.9477143701067,-75.1957094473416,39.9494354858208,pm_peak,TRUE,21,21.358247,25.15,25.15,25.9520833333333,4.49049646829235,8,23.6958333333333,4.01308128855764,8
6028260101,9:30,570,-75.2298442421393,39.9293235759694,-75.1858598621043,39.9165483287187,off_peak,FALSE,30,18.26684,24.5833333333333,27.5833333333333,26.4583333333333,4.37321392113398,8,24.8333333333333,3.48466026218585,8
6028260102,10:38,638,-75.1858598621043,39.9165483287187,-75.269943076881,39.9356820759347,off_peak,FALSE,52,45.823057,59.4333333333333,55.2666666666667,63.8416666666667,8.04085303063782,8,58.0041666666667,7.51145553709228,8
6028950101,14:00,840,-75.1722789942054,39.9539778646615,-75.1665551812863,39.9452085642469,off_peak,FALSE,15,12.045688,16.0333333333333,27.2,23.75625,3.79048450959245,8,22.0833333333333,3.8716818871029,8
6029500103,18:55,1135,-75.1662257986882,39.9519342771783,-75.1400970132193,39.9722367087517,pm_peak,TRUE,0,18.549475,24.2,24.2,29.1583333333333,3.59159070740582,8,26.9791666666667,2.13410979173392,8
6036250101,9:30,570,-75.2629389868999,39.9545919335046,-75.2797205011103,39.9629897065044,off_peak,FALSE,75,18.159187,24.2833333333333,27.2833333333333,28.65,6.15640072130379,8,25.9666666666667,6.55569545182987,8
6036250102,12:30,750,-75.2797205011103,39.9629897065044,-75.2629389868999,39.9545919335046,off_peak,FALSE,690,20.635784,21.7666666666667,27.6833333333333,36.81875,13.4693403684188,8,31.3395833333333,7.31852366877885,8
6043000102,7:20,440,-75.300281066518,40.0007168757721,-75.2626735411038,39.9640057100153,am_peak,TRUE,5,26.509675,62.4833333333333,35.4833333333333,49.6416666666667,8.84752229687221,8,48.1791666666667,11.4115499482858,8
6043000103,7:31,451,-75.2626735411038,39.9640057100153,-75.1662257986882,39.9519342771783,am_peak,TRUE,24,23.951639,37.75,38.75,37.75,4.44811356484008,8,34.25,1.79284291400159,8
6043000104,8:00,480,-75.1662257986882,39.9519342771783,-75.1634052023169,39.9571451807186,am_peak,TRUE,5,6.286928,9.7,12.1666666666667,11.3666666666667,2.54950975679639,8,12.1916666666667,2.68886593194975,8
6043710101,8:00,480,-75.1603362537134,39.9167023901516,-75.1592387852516,39.9217586458287,am_peak,TRUE,30,5.35001,9.43333333333333,10.4333333333333,11.3083333333333,3.13676357322093,8,8.43333333333333,1.71130693581585,8
6043710102,11:30,690,-75.1592387852516,39.9217586458287,-75.1603362537134,39.9167023901516,off_peak,FALSE,30,5.306896,15.9166666666667,7.91666666666667,11.4645833333333,3.81014141199052,8,9.54166666666667,3.18198051533946,8
6043710201,7:00,420,-75.1603362537134,39.9167023901516,-75.1829342839572,39.9329910377486,am_peak,TRUE,25,21.359242,31.5166666666667,24.1166666666667,23.3479166666667,3.90822735667061,8,23.6166666666667,3.71675741934898,8
6043710202,14:25,865,-75.1829342839572,39.9329910377486,-75.1870662747411,39.9335197790401,off_peak,FALSE,57,3.833333,9.41666666666667,10.4333333333333,12.4166666666667,5.80024630018908,8,8.91666666666667,3.43303281162798,8
6043710203,17:30,1050,-75.1870662747411,39.9335197790401,-75.1603362537134,39.9167023901516,pm_peak,TRUE,30,23.055643,37.35,25.35,33.7041666666667,6.06720791672429,8,33.8791666666667,5.87148577773082,8
6053730102,12:00,720,-75.1503604073933,39.9962218359028,-75.1562910038297,39.9768159139408,off_peak,FALSE,17,15.921575,22.8,18.5,22.3708333333333,3.75840592264394,8,21.1395833333333,2.16551136781292,8
6053730104,16:10,970,-75.1503604073933,39.9962218359028,-75.1804047012754,39.9816583790678,pm_peak,TRUE,470,25.202853,29.2,40.2166666666667,35.5354166666667,4.43842741258944,8,34.5916666666667,4.2907708265199,8
6053730302,12:24,744,-75.1446587384151,39.9502859178682,-75.1804047012754,39.9816583790678,off_peak,FALSE,696,33.587911,50.5166666666667,37.2166666666667,47.4125,5.30882576022052,8,39.8083333333333,4.59840379483114,8
6055520102,9:26,566,-75.1652643007328,39.9488899960486,-75.1410924621013,39.9257396921949,am_peak,TRUE,39,23.024688,23.1333333333333,29.1333333333333,30.0791666666667,7.62237074106775,8,29.35625,3.29301735398567,8
6066230101,14:30,870,-75.1701368511036,39.9488667930338,-75.1673585815214,39.9505151310837,off_peak,FALSE,30,5.783333,12.2666666666667,17.3333333333333,12.7458333333333,2.36095471003938,8,11.9,4.38634243989226,8
6066230102,15:30,930,-75.1673585815214,39.9505151310837,-75.1701368511036,39.9488667930338,off_peak,FALSE,20,5.538542,8.48333333333333,6.36666666666667,7.73333333333333,1.73205080756888,8,7.91041666666667,1.52515774619993,8
6079080201,7:28,448,-75.3077676290044,40.0078734461634,-75.1672929773502,39.9544153783527,am_peak,TRUE,52,46.022418,59.35,56.35,57.35,5.04975246918104,8,55.6,4.58257569495584,8
6079080202,17:50,1070,-75.1672929773502,39.9544153783527,-75.3077676290044,40.0078734461634,pm_peak,TRUE,60,43.53795,50.15,50.15,61.525,6.73874723414629,8,56.65,4.72833404669582,8
6080360101,7:20,440,-75.1560983260195,39.9553691545034,-75.1476427366842,39.9441226984079,am_peak,TRUE,100,18.659779,31.4,30.3666666666667,29.56875,3.20215004035607,8,28.8416666666667,3.73500175304351,8
6080360102,10:30,630,-75.1476427366842,39.9441226984079,-75.1550731760754,39.9469560187574,off_peak,FALSE,,9.700044,20.8333333333333,15.65,17.4979166666667,3.89491362966365,8,14.11875,3.09643211859704,8
6080360103,10:35,635,-75.1550731760754,39.9469560187574,-75.1584424033225,39.9474108270156,off_peak,FALSE,25,6.15,13.2166666666667,11.3833333333333,13.3625,3.98403311247156,8,10.5020833333333,2.77475063229627,8
6080360104,12:10,730,-75.1584424033225,39.9474108270156,-75.1560983260195,39.9553691545034,off_peak,FALSE,710,10.647348,16.2666666666667,14.2666666666667,14.5854166666667,2.73938698825642,8,13.6458333333333,3.73391523951375,8
6080870301,9:00,540,-75.5017110217195,39.9252280525618,-75.4217973167632,39.9247683828366,am_peak,TRUE,90,131.231971,,,,,0,,,0
6080870302,13:45,825,-75.4217973167632,39.9247683828366,-75.5326409377133,39.890085601028,off_peak,FALSE,75,50.3351,,,,,0,,,0
6081650102,14:20,860,-75.1706866571216,39.953785415184,-75.1957094473416,39.9494354858208,off_peak,FALSE,14,15.045947,14.15,13.15,14.2875,2.4085784189019,8,13.425,1.32638068226498,8
6081650201,6:56,416,-75.1845576169885,39.942839888606,-75.150623776162,39.9499928305521,am_peak,TRUE,39,28.57004,41.1166666666667,29.5333333333333,42.6333333333333,5.43918761441099,8,33.4145833333333,5.02687568641464,8
6104530103,11:40,700,-75.2203509863295,40.0410461667675,-75.1971342156818,40.0138387034349,off_peak,FALSE,5,30.86825,49.8833333333333,39,49.9761904761905,9.92777089384293,7,44.5375,8.51073901441165,8
6104530104,15:46,946,-75.1971342156818,40.0138387034349,-75.1588750233838,39.9528401835985,off_peak,FALSE,25,26.578276,53.6166666666667,44.55,48.375,6.72179586736608,8,42.6583333333333,5.89415906734041,8
6113870208,15:20,920,-75.2901773528481,40.2459664424297,-75.3243718638479,40.3286131053482,off_peak,FALSE,2,33.871431,71.5666666666667,71.5666666666667,54.5666666666667,10.9734528142543,4,54.5666666666667,10.9734528142543,4
6138920101,12:15,735,-75.3024393659454,39.9834631042535,-75.2626735411038,39.9640057100153,off_peak,FALSE,,23.559041,45.7166666666667,40.15,51.3738095238095,10.811250386548,7,46.1547619047619,11.306298286901,7
6138920103,17:00,1020,-75.2859011035678,39.9804280541513,-75.3024393659454,39.9834631042535,pm_peak,TRUE,30,17.580284,22.0833333333333,38.0833333333333,31.2083333333333,10.7495847095863,8,26.9666666666667,7.41003181022669,8
6144510101,11:30,690,-75.1630984016405,39.9735438590113,-75.1758411443119,39.993060336458,off_peak,FALSE,35,22.734085,31.9,31.6666666666667,30.4229166666667,5.34185284944085,8,31.0375,4.03278971149536,8
6144510102,14:45,885,-75.1758411443119,39.993060336458,-75.1578194556998,39.9904255905816,off_peak,FALSE,35,20.458556,39.15,38.15,36.5625,7.49455754912476,8,29.0625,4.64571615269687,8
6144510103,16:55,1015,-75.1578194556998,39.9904255905816,-75.1630984016405,39.9735438590113,pm_peak,TRUE,25,15.232925,25.5333333333333,21.5,19.3625,2.96556627532303,8,19.3520833333333,4.10502438463071,8
6144510201,7:15,435,-75.1630984016405,39.9735438590113,-75.1578194556998,39.9904255905816,am_peak,TRUE,40,10.885887,15.3666666666667,10.3666666666667,16.1166666666667,4.08831086321548,8,15.2416666666667,3.46152319898955,8
6144510202,9:45,585,-75.1578194556998,39.9904255905816,-75.1630984016405,39.9735438590113,off_peak,FALSE,30,14.719558,27.3166666666667,19.5166666666667,23.0354166666667,5.227464388073,8,18.64375,3.79942495126795,8
6144510203,12:15,735,-75.1630984016405,39.9735438590113,-75.1536080135934,39.9890571718199,off_peak,FALSE,40,17.681727,19.7,27.7,25.9625,8.01118637549128,8,22.725,4.4618221774133,8
6144510204,16:15,975,-75.1536080135934,39.9890571718199,-75.1630984016405,39.9735438590113,pm_peak,TRUE,45,17.830848,15.5333333333333,18.0166666666667,19.675,2.94774597772711,8,19.3916666666667,2.43000424586473,8
6144510205,18:45,1125,-75.1630984016405,39.9735438590113,-75.1758411443119,39.993060336458,pm_peak,TRUE,0,22.057785,26.85,26.8666666666667,31.38125,6.22110742387279,8,29.66875,5.22867124384298,8
6144510206,20:45,1245,-75.1758411443119,39.993060336458,-75.1630984016405,39.9735438590113,off_peak,FALSE,45,23.280427,31.3666666666667,31.3666666666667,44.1666666666667,11.7584822473781,8,41.5416666666667,9.74099095379442,8
6144510301,7:15,435,-75.1630984016405,39.9735438590113,-75.1578194556998,39.9904255905816,am_peak,TRUE,40,10.885887,15.3666666666667,10.3666666666667,16.1166666666667,4.08831086321548,8,15.2416666666667,3.46152319898955,8
6144510302,9:45,585,-75.1578194556998,39.9904255905816,-75.1630984016405,39.9735438590113,off_peak,FALSE,45,14.719558,27.3166666666667,19.5166666666667,23.0354166666667,5.227464388073,8,18.64375,3.79942495126795,8
6144510303,18:15,1095,-75.1630984016405,39.9735438590113,-75.1758411443119,39.993060336458,pm_peak,TRUE,30,22.057785,43.5666666666667,24.8666666666667,32.8916666666667,3.68070904142382,8,31.0270833333333,4.30528410562633,8
6144510304,20:45,1245,-75.1758411443119,39.993060336458,-75.1630984016405,39.9735438590113,off_peak,FALSE,45,23.280427,31.3666666666667,31.3666666666667,44.1666666666667,11.7584822473781,8,41.5416666666667,9.74099095379442,8
6145390201,7:00,420,-75.2165947836222,39.9537421538695,-75.1592387852516,39.9217586458287,am_peak,TRUE,60,38.395462,51.6333333333333,45.9333333333333,47.9583333333333,4.81419033394283,8,43.3083333333333,3.97986001189561,8
6145390202,17:00,1020,-75.1592387852516,39.9217586458287,-75.2165947836222,39.9537421538695,pm_peak,TRUE,420,41.225749,45.3333333333333,46.3333333333333,50.0708333333333,4.34665306381161,8,47.7645833333333,3.3164026875086,8
6147480101,6:30,390,-75.1732743609913,39.9456003211594,-75.1591175345241,39.9419118021734,am_peak,TRUE,90,9.719973,15,15,18.1833333333333,5.96719204922893,8,17.5,6.4309519401985,8
6147480102,18:00,1080,-75.1591175345241,39.9419118021734,-75.1732743609913,39.9456003211594,pm_peak,TRUE,60,11.25,11.9,23.2833333333333,21.5916666666667,8.56674541375702,8,18.5333333333333,4.29285120037621,8
6157560101,6:54,414,-75.1692193512515,40.0665021000576,-75.222409636121,39.8991472241574,am_peak,TRUE,60,81.917458,91.3666666666667,91.3666666666667,102.829166666667,10.7046968996925,8,103.883333333333,7.99412482677321,8
6158090101,7:30,450,-75.0750322611491,40.0214372944722,-75.1085340726583,39.9955139503969,am_peak,TRUE,20,19.39688,21.15,26.15,26.9041666666667,2.96937743996151,8,28.1208333333333,4.46326940812716,8
6158090102,9:00,540,-75.1085340726583,39.9955139503969,-75.1625826795934,39.9513495936779,am_peak,TRUE,30,24.909747,31.2666666666667,38.2666666666667,41.2666666666667,5.78791845139511,8,39.7666666666667,4.96415724396973,8
6158090103,10:45,645,-75.1625826795934,39.9513495936779,-75.0593151476913,40.0302346423682,off_peak,FALSE,45,40.585046,43.7333333333333,44.7333333333333,49.9020833333333,3.86141307201113,8,46.6708333333333,3.08148271361137,8
6158090104,11:45,705,-75.0593151476913,40.0302346423682,-75.1102184888777,39.9887849617672,off_peak,FALSE,,33.920378,56.1166666666667,49.1666666666667,50.4083333333333,4.94833626040427,8,41.6666666666667,6.08863109175031,8
6158090105,11:50,710,-75.1102184888777,39.9887849617672,-75.0943237154892,39.9860163349013,off_peak,FALSE,30,17.59557,27.95,22.1166666666667,22.3208333333333,5.09271772333042,8,23.5645833333333,4.36908727437563,8
6158090106,15:30,930,-75.0943237154892,39.9860163349013,-75.0750322611491,40.0214372944722,off_peak,FALSE,30,18.833587,54.0666666666667,36.6666666666667,42.8666666666667,7.97346790776702,8,31.4145833333333,6.61120043790526,8
6166360101,9:00,540,-75.1977262540913,39.9594259908695,-75.1941152941134,39.9546263068532,am_peak,TRUE,15,7.858231,12.2833333333333,15.2833333333333,14.4083333333333,4.2907708265199,8,12.6583333333333,2.94897076476329,8
6169070401,18:30,1110,-75.219114878266,39.9655052738952,-75.2376648010527,39.9482763035952,pm_peak,TRUE,90,28.803213,45.3333333333333,42.3333333333333,41.0520833333333,6.81660808858286,8,33.6458333333333,4.61063083174815,8
6169360101,19:00,1140,-75.2316719358833,39.9680910426143,-75.2232933759479,39.9448265734297,off_peak,FALSE,25,24.103779,30.1666666666667,30.7333333333333,33.6166666666667,4.54962060165984,8,33.8958333333333,5.43308318150411,8
6169360201,11:00,660,-75.2316719358833,39.9680910426143,-75.1524573152991,39.9708851261141,off_peak,FALSE,95,37.771864,38.7666666666667,35.3666666666667,40.8541666666667,2.61298269635078,8,40.4104166666667,3.54566510988116,8
6169360202,15:33,933,-75.1524573152991,39.9708851261141,-75.1638872349499,39.9525548857932,off_peak,FALSE,28,14.691694,18.6333333333333,22.3833333333333,18.2895833333333,3.44066412816728,8,17.2583333333333,2.87538817255291,8
6169360203,16:23,983,-75.1638872349499,39.9525548857932,-75.2316719358833,39.9680910426143,pm_peak,TRUE,15,23.025809,32.65,26.95,26.5,2.10984088770423,8,28.1208333333333,3.47731594631207,8
6169360401,8:19,499,-75.2316719358833,39.9680910426143,-75.2074740441751,39.9601688794781,am_peak,TRUE,8,22.973688,22.2833333333333,25.7833333333333,26.4,5.04902945254812,8,24.7416666666667,3.41582451874465,8
6169360402,15:30,930,-75.2074740441751,39.9601688794781,-75.2316719358833,39.9680910426143,off_peak,FALSE,40,14.573655,44.8666666666667,30.95,36.5666666666667,5.66013629315963,8,29.7916666666667,6.80815920392816,8
6169360501,8:19,499,-75.2316719358833,39.9680910426143,-75.2074740441751,39.9601688794781,am_peak,TRUE,8,22.973688,22.2833333333333,25.7833333333333,26.4,5.04902945254812,8,24.7416666666667,3.41582451874465,8
6169360502,15:30,930,-75.2074740441751,39.9601688794781,-75.2316719358833,39.9680910426143,off_peak,FALSE,40,14.573655,44.8666666666667,30.95,36.5666666666667,5.66013629315963,8,29.7916666666667,6.80815920392816,8
6174680102,13:28,808,-75.1560983260195,39.9553691545034,-75.1392078148453,39.9466654688148,off_peak,FALSE,12,18.358371,35.0833333333333,34.45,30.2666666666667,5.14044034924315,8,32.925,4.12725167020456,8
6174680103,14:18,858,-75.1392078148453,39.9466654688148,-75.1678754160498,39.9518178612404,off_peak,FALSE,7,15.943277,35.9166666666667,28.9166666666667,33.1166666666667,7.86983390639762,8,33.4166666666667,7.78735238337505,8
6174680104,14:50,890,-75.1678754160498,39.9518178612404,-75.1474545568906,39.9496085506464,off_peak,FALSE,25,12.579256,15.9,15.85,16.21875,2.15722185942792,8,13.9666666666667,2.92452682375408,8
6178970101,8:30,510,-75.1662120144978,39.9238115855567,-75.1588750233838,39.9528401835985,am_peak,TRUE,20,20.752222,22.25,30.4,27.0416666666667,4.31658852659557,8,25.60625,3.7918243033689,8
6178970102,11:05,665,-75.1588750233838,39.9528401835985,-75.1847348588828,39.9565152107181,off_peak,FALSE,40,13.015526,18.3333333333333,19.6,19.2125,1.83629090443597,8,18.6208333333333,2.10595810115243,8
6178970103,12:15,735,-75.1847348588828,39.9565152107181,-75.1977262540913,39.9594259908695,off_peak,FALSE,25,12.587779,22.4,19.2666666666667,22.9416666666667,5.32222056533096,8,18.9479166666667,2.43495440946858,8
6178970104,15:00,900,-75.1977262540913,39.9594259908695,-75.1662120144978,39.9238115855567,off_peak,FALSE,45,31.697194,38.05,38.6666666666667,38.8916666666667,4.09866412615716,8,34.28125,2.31726503920133,8
6178970105,18:20,1100,-75.1662120144978,39.9238115855567,-75.1466622121185,39.9478355374067,pm_peak,TRUE,30,26.62307,26.65,32.8,33.9729166666667,3.9331309219509,8,31.6541666666667,4.5608126364456,8
6193690201,6:00,360,-75.1798114670555,39.9715794694621,-75.1732743609913,39.9456003211594,am_peak,TRUE,45,22.766501,31.5166666666667,35.9833333333333,29.68125,3.68989866832948,8,30.6020833333333,4.3865001913338,8
6193690202,17:45,1065,-75.1732743609913,39.9456003211594,-75.1798114670555,39.9715794694621,pm_peak,TRUE,45,21.847316,27.2666666666667,30.25,34.9791666666667,5.18269977754133,8,32.8395833333333,4.36262933587329,8
6196050102,10:38,638,-75.208260147084,39.9463603580681,-75.1662257986882,39.9519342771783,off_peak,FALSE,13,17.446306,21.4833333333333,19.4833333333333,21.4166666666667,4.20638215021541,8,17.4625,1.99471026658486,8
6196050109,14:27,867,-75.1779217463161,39.9533873770951,-75.208260147084,39.9463603580681,off_peak,FALSE,13,14.580643,27.7,20.5,24.2,3.3487737627803,8,21.125,2.19983765634778,8
6207100302,8:12,492,-75.300281066518,40.0007168757721,-75.3393886203709,40.0346462639254,am_peak,TRUE,18,21.60739,46.3333333333333,46.3333333333333,46.9145833333333,12.388904526113,8,40.5395833333333,11.644171978781,8
6207100304,18:55,1135,-75.3393886203709,40.0346462639254,-75.3481112445716,39.9622069581314,pm_peak,TRUE,15,61.048047,,58.55,83.0166666666667,8.5,3,71.3,13.4396800557156,5
6213260104,7:20,440,-75.1537481432666,39.9503794767793,-75.1414393682529,39.9601471054741,am_peak,TRUE,4,10.22087,15.7,8.7,11.7,1.22474487139159,8,10.2,1.79284291400159,8
6213260107,17:29,1049,-75.1414393682529,39.9601471054741,-75.1537481432666,39.9503794767793,pm_peak,TRUE,4,10.087939,15.95,13.7666666666667,11.95,1.22474487139159,8,18.0291666666667,3.09609008420682,8
6214670101,12:20,740,-75.1692942790448,39.9527602328087,-75.2240243087353,39.9622994543846,off_peak,FALSE,40,18.308802,25.3,15.2833333333333,24.0458333333333,4.1761867432247,8,21.4229166666667,1.84923702628005,8
6214670401,12:20,740,-75.160283075871,39.954996353718,-75.2240243087353,39.9622994543846,off_peak,FALSE,40,20.564181,25.3,22.3,27.1708333333333,2.87394908328824,8,25.1729166666667,2.06718383506076,8
6220400101,15:21,921,-75.1446651012151,39.9539993897089,-75.1550139436622,39.9445812882334,off_peak,FALSE,,16.718374,19.2833333333333,21.8333333333333,20.2166666666667,2.66441869534932,8,20.66875,3.88107370902958,8
6244290101,12:40,760,-75.2275594367197,39.9835914617071,-75.1707168478523,39.9055458817612,off_peak,FALSE,59,61.739393,80.3333333333333,89.1666666666667,70.1729166666667,6.72756670497151,8,71.2375,7.74724093232501,8
6244290102,17:05,1025,-75.1707168478523,39.9055458817612,-75.2275594367197,39.9835914617071,pm_peak,TRUE,70,55.590144,59.3,55.2833333333333,60.66875,3.02453508824084,8,52.2416666666667,3.42074669283008,8
6244290201,10:15,615,-75.2275594367197,39.9835914617071,-75.2254301309782,39.9678366442723,off_peak,FALSE,45,16.920262,21.75,16.75,21.75,4.21731126260729,8,20.5,3.909694909544,8
6244290202,17:30,1050,-75.2254301309782,39.9678366442723,-75.2275594367197,39.9835914617071,pm_peak,TRUE,35,12.829981,20.2833333333333,22.2833333333333,19.0416666666667,4.29148289019371,8,19.53125,3.064614187634,8
6247010101,11:00,660,-75.5144011328819,40.1299061967057,-75.5259963128101,40.2029938519349,off_peak,FALSE,60,113.099306,56.8833333333333,56.8833333333333,52.6333333333333,8.5,3,52.6333333333333,8.5,3
6247010102,15:00,900,-75.5259963128101,40.2029938519349,-75.5144011328819,40.1299061967057,off_peak,FALSE,60,41.370385,,,53.5333333333333,7.10539700978535,4,53.5333333333333,7.10539700978535,4
6247010301,11:00,660,-75.5144011328819,40.1299061967057,-75.5259963128101,40.2029938519349,off_peak,FALSE,60,113.099306,56.8833333333333,56.8833333333333,52.6333333333333,8.5,3,52.6333333333333,8.5,3
6247010302,15:00,900,-75.5259963128101,40.2029938519349,-75.5144011328819,40.1299061967057,off_peak,FALSE,60,41.370385,,,53.5333333333333,7.10539700978535,4,53.5333333333333,7.10539700978535,4
6255070102,11:00,660,-75.1638872349499,39.9525548857932,-75.1451602820339,40.0625588015705,off_peak,FALSE,60,36.259766,41.0166666666667,44.0166666666667,50.71875,2.79475752845522,8,48.3375,4.66502309492574,8
6260000302,8:22,502,-75.2862320050127,39.9472873841357,-75.2626735411038,39.9640057100153,am_peak,TRUE,0,19.907777,20.4166666666667,21.4833333333333,24.5520833333333,3.45533217455398,8,22.575,2.8855276538737,8
6260000303,8:25,505,-75.2626735411038,39.9640057100153,-75.1608290378846,39.9512565309348,am_peak,TRUE,20,25.086664,40.4,39.4,36.4,1.22474487139159,8,34.9,2.8908723349783,8
6264470103,21:35,1295,-75.1608866949941,39.9837724999129,-75.1608866949941,39.9837724999129,off_peak,FALSE,15,7.261017,20.4333333333333,20.4333333333333,18.9380952380952,10.5299252322524,7,18.9380952380952,10.5299252322524,7
6264470202,9:00,540,-75.1804047012754,39.9816583790678,-75.1608866949941,39.9837724999129,am_peak,TRUE,60,17.394506,17.45,23.45,21.8458333333333,4.42342923425663,8,20.7,3.81725406168211,8
6264470203,13:00,780,-75.1608866949941,39.9837724999129,-75.1562910038297,39.9768159139408,off_peak,FALSE,,13.268469,28,27.5833333333333,24.2875,5.35383522227773,8,22.0770833333333,6.01892476752641,8
6264470204,14:30,870,-75.1562910038297,39.9768159139408,-75.1608866949941,39.9837724999129,off_peak,FALSE,60,12.843168,22.8,17.8,19.6125,3.27254997415369,8,15.9458333333333,3.3218701703365,8
6277200201,13:00,780,-75.1804047012754,39.9816583790678,-75.162026191264,39.9785569548507,off_peak,FALSE,30,11.962023,26.6166666666667,8.61666666666667,19.1166666666667,5.78791845139511,8,16.1166666666667,5.13392080744755,8
6277200202,14:30,870,-75.162026191264,39.9785569548507,-75.1541388337345,39.9522458625874,off_peak,FALSE,45,21.157368,29.35,28.05,27.8958333333333,5.63465573376894,8,28.40625,3.81854224553721,8
6277200203,16:30,990,-75.1541388337345,39.9522458625874,-75.1638872349499,39.9525548857932,pm_peak,TRUE,60,8.355174,12.9833333333333,10.9166666666667,12.1083333333333,2.57307486982293,8,10.9270833333333,2.16939274474503,8
6277200204,21:00,1260,-75.1638872349499,39.9525548857932,-75.1778185045084,39.9859426039642,off_peak,FALSE,180,24.635911,23.5833333333333,34.1666666666667,34.8104166666667,5.39507371928391,8,33.1895833333333,1.73065125598466,8
6277780201,7:30,450,-75.3195257705183,40.0049815590517,-75.1677276497158,39.9525760413027,am_peak,TRUE,53,45.779814,56.4,53.4,56.4,4.18330013267038,8,54.9,4.51188905638679,8
6277780202,19:10,1150,-75.1677276497158,39.9525760413027,-75.3195257705183,40.0049815590517,off_peak,FALSE,45,44.495048,60.0666666666667,60.0666666666667,57.5666666666667,8.57321409974112,8,55.0666666666667,8.23320801909646,8
6288980102,12:20,740,-75.1815493379532,39.9195932035454,-75.1752524766747,39.9659654913561,off_peak,FALSE,45,30.312548,31.05,44.6833333333333,41.2729166666667,8.2787207503276,8,42.1291666666667,7.07881788849047,8
6289970101,9:00,540,-75.168616297546,39.9994052579415,-75.1687160134156,39.9558364756335,am_peak,TRUE,45,30.79382,48.1,42.1,38.73125,4.96782055547788,8,37.7479166666667,4.3008898811573,8
6289970102,10:00,600,-75.1687160134156,39.9558364756335,-75.1815493379532,39.9195932035454,off_peak,FALSE,30,25.484711,29.25,42.1333333333333,36.66875,6.22720246942703,8,34.9541666666667,5.08328063985179,8
6289970103,12:00,720,-75.1815493379532,39.9195932035454,-75.168616297546,39.9994052579415,off_peak,FALSE,90,47.324748,78.8833333333334,70.5666666666667,68.2583333333334,6.18071758303758,8,61.5458333333333,5.44644015091145,8
6289970105,18:30,1110,-75.1768973037301,39.9372294658397,-75.1870662747411,39.9335197790401,pm_peak,TRUE,30,13.842281,40.45,24.4166666666667,30.675,8.40211141264362,8,24.63125,5.65226768300277,8
6289970106,20:30,1230,-75.1870662747411,39.9335197790401,-75.168616297546,39.9994052579415,off_peak,FALSE,75,53.875543,68.95,63.4833333333333,64.4333333333333,10.448877816256,8,67.5770833333333,9.45723850386822,8
6289970202,10:50,650,-75.1763265829253,40.002752967767,-75.162026191264,39.9785569548507,off_peak,FALSE,70,28.81364,36.6166666666667,33.0333333333333,35.65,6.47306384608985,8,32.4208333333333,3.16556058377088,8
6289970203,14:00,840,-75.162026191264,39.9785569548507,-75.1609354256761,39.9985787329005,off_peak,FALSE,60,14.598039,26.9833333333333,23.6,26.4625,7.29020189369222,8,22.7125,5.76168756969637,8
6291170101,7:45,465,-75.0747163919544,40.0131545687579,-75.1673759243643,39.9592890487195,am_peak,TRUE,45,45.772272,49.8,50.3,49.1354166666667,3.71264930756359,8,47.1208333333333,3.00252208799351,8
6291170102,17:00,1020,-75.1673759243643,39.9592890487195,-75.0747163919544,40.0131545687579,pm_peak,TRUE,60,44.984341,69.4,59.4666666666667,60.73125,7.47820344639769,8,56.2666666666667,5.0789794000401,8
6291170201,9:00,540,-75.0747163919544,40.0131545687579,-75.0465195441935,40.0283762827018,am_peak,TRUE,30,19.010869,23.6,21.95,25.76875,5.29493946410829,8,22.4354166666667,3.03260636893232,8
6291170202,11:00,660,-75.0465195441935,40.0283762827018,-75.0747163919544,40.0131545687579,off_peak,FALSE,30,19.198783,34.8833333333333,26.85,27.3833333333333,5.78791845139511,8,24.35,4.50396650583841,8
6291170302,17:30,1050,-75.6074734875017,39.9538603024119,-75.0747163919544,40.0131545687579,pm_peak,TRUE,70,119.499633,130.5,,142.45,12.8377048831427,4,146.35,9.05096679918782,2
6297650102,16:30,990,-75.1906300416804,39.958024348983,-75.1682068169821,39.957491721513,pm_peak,TRUE,20,17.936986,34.7833333333333,32.3166666666667,28.0291666666667,6.20801293516489,8,28.3479166666667,5.33321009902268,8
6308550102,8:30,510,-75.1661003080911,39.9138576581668,-75.1537481432666,39.9503794767793,am_peak,TRUE,10,27.903966,35.7333333333333,28.0666666666667,35.2875,3.4917675289444,8,30.0416666666667,3.60386697074922,8
6308550105,17:20,1040,-75.1537481432666,39.9503794767793,-75.1661003080911,39.9138576581668,pm_peak,TRUE,15,27.364701,34.0666666666667,30.3,32.5229166666667,2.08939000553705,8,29.4833333333333,1.82834820066013,8
6313810101,6:00,360,-75.2399779780059,39.9210924003411,-75.1509013014001,40.0025369261947,am_peak,TRUE,75,53.755711,53.4166666666667,53.05,56.3020833333333,4.84160570816473,8,56.03125,4.37625662225258,8
6345130202,18:15,1095,-75.1665214095376,39.9615526212186,-75.2125354511121,40.0348470330642,pm_peak,TRUE,80,39.083983,56.5,50.6,48.7458333333333,5.71104992710108,8,49.4645833333333,4.60515961066308,8
6347230106,13:30,810,-75.1742078313758,39.9986750681483,-75.1694605873533,39.9520071435649,off_peak,FALSE,45,36.220879,36.4833333333333,40.4833333333333,44.6833333333333,4.16276007338538,8,42.0958333333333,5.13397298117438,8
6347230107,14:30,870,-75.1694605873533,39.9520071435649,-75.1541388337345,39.9522458625874,off_peak,FALSE,20,12.654435,15.05,15.15,14.0208333333333,2.24788701489778,8,13.2770833333333,1.61881147612626,8
6347230108,15:15,915,-75.1541388337345,39.9522458625874,-75.1480724206306,39.9424699004001,off_peak,FALSE,30,16.129312,25.1333333333333,20.1166666666667,21.36875,2.51418890168049,8,18.3333333333333,1.43183753623054,8
6347230109,16:15,975,-75.1480724206306,39.9424699004001,-75.1572994746159,39.95264251715,pm_peak,TRUE,15,17.325076,17.3166666666667,22.0166666666667,21.1666666666667,2.765361137758,8,19.8479166666667,2.05222367782109,8
6347230110,17:15,1035,-75.1572994746159,39.95264251715,-75.1742078313758,39.9986750681483,pm_peak,TRUE,75,31.02423,40.7166666666667,37.4666666666667,39.2416666666667,3.56461890480707,8,36.6729166666667,3.4593780693911,8
6350840101,8:15,495,-75.1399338189646,40.0555332794609,-75.1398050137829,40.0366774270012,am_peak,TRUE,30,16.463537,28.7666666666667,23.0666666666667,24.43125,4.73554138220116,8,23.6229166666667,3.63826595601073,8
6350840102,10:45,645,-75.1398050137829,40.0366774270012,-75.1588750233838,39.9528401835985,off_peak,FALSE,45,30.262369,57.1833333333333,40.5833333333333,51.3666666666667,6.21610810716802,8,39.9083333333333,4.37713213351913,8
6350840103,14:05,845,-75.1588750233838,39.9528401835985,-75.1571977835929,40.0823045185899,off_peak,FALSE,55,46.330199,83.7333333333333,60.45,72.7729166666667,4.791824531561,8,71.5979166666667,5.35966296544611,8
6350840104,16:20,980,-75.1571977835929,40.0823045185899,-75.1399338189646,40.0555332794609,pm_peak,TRUE,25,21.775521,29.7166666666667,37.8666666666667,35.9875,7.72528701886276,8,36.8520833333333,6.99606713497969,8
6370220102,15:30,930,-75.208260147084,39.9463603580681,-75.1834073455283,39.9599979498596,off_peak,FALSE,15,18.588362,22.05,20.05,20.55,1.48804761828569,8,21.05,1.66904592079256,8
6371070102,7:05,425,-75.300281066518,40.0007168757721,-75.2626735411038,39.9640057100153,am_peak,TRUE,8,26.509675,57.05,50.4833333333333,49.1583333333333,8.06327654067678,8,47.4291666666667,10.9827633712942,8
6371070103,7:20,440,-75.2626735411038,39.9640057100153,-75.1648345113326,39.9541020155151,am_peak,TRUE,9,25.068592,41.85,38.85,39.85,4.18330013267038,8,36.6,2.53546276418555,8
6371070106,17:19,1039,-75.1648345113326,39.9541020155151,-75.2626735411038,39.9640057100153,pm_peak,TRUE,15,24.987011,36.0833333333333,37.4833333333333,39.7625,3.29789194332399,8,36.2854166666667,2.21064232387941,8
6371070107,17:36,1056,-75.2626735411038,39.9640057100153,-75.3002409178272,39.9964440900826,pm_peak,TRUE,7,17.638688,35.55,35.55,35.55,6.9127211925344,8,38.05,7.50713945901785,8
6372400104,14:15,855,-75.2182588102061,39.950471058218,-75.2024327640643,39.9546329212277,off_peak,FALSE,15,16.992648,23.55,19.7333333333333,26.6916666666667,5.83516977895299,8,23.25,5.09349102224111,8
6373320201,15:30,930,-75.1398050137829,40.0366774270012,-75.0885600859054,40.057337503014,off_peak,FALSE,30,25.019334,35.0166666666667,32.0166666666667,31.2666666666667,3.3166247903554,8,29.0166666666667,1.28173988892331,8
6376070201,8:15,495,-75.2533849746111,39.9972621864517,-75.1659426772114,39.9531940428398,am_peak,TRUE,25,20.906032,,,,,0,,,0
6376070202,18:40,1120,-75.1659426772114,39.9531940428398,-75.2533849746111,39.9972621864517,pm_peak,TRUE,65,19.482846,,,,,0,,,0
6381290201,10:00,600,-74.8425533248208,40.107487353509,-74.8195337694283,40.1462894061835,off_peak,FALSE,45,23.34506,53.5333333333333,53.5333333333333,36.5333333333333,10.9734528142543,4,36.5333333333333,10.9734528142543,4
6381290202,12:15,735,-74.8195337694283,40.1462894061835,-74.8425533248208,40.107487353509,off_peak,FALSE,35,27.099602,76.3833333333334,76.3833333333334,57.6333333333333,23.3666428910958,8,57.6333333333333,23.3666428910958,8
6381700101,6:30,390,-75.3090185538277,39.8994099281747,-75.2966603964201,39.9020047132286,am_peak,TRUE,30,11.077307,14.3333333333333,30.6666666666667,21.1458333333333,10.803782957394,8,23.9583333333333,9.09812033613502,8
6381700103,13:15,795,-75.3645056067957,39.8664827372068,-75.344117054956,39.8698461195226,off_peak,FALSE,20,24.533333,53.8666666666667,53.85,58.8666666666667,15.3739111112671,8,57.6,8.75866917483962,8
6394850101,10:00,600,-75.3793856687375,39.8793852847628,-75.368739005283,39.9143240988748,off_peak,FALSE,60,52.931139,52.5833333333333,42.5833333333333,60.2541666666667,13.7165198453058,8,57.05,17.6828228013013,8
6394850102,13:45,825,-75.368739005283,39.9143240988748,-75.3793856687375,39.8793852847628,off_peak,FALSE,45,37.041735,72.5666666666667,72.5666666666667,65.1916666666667,19.1605062563597,8,80.5666666666667,20.0374649095139,8
6423360201,7:45,465,-75.2182588102061,39.950471058218,-75.1720816011546,39.9549927124551,am_peak,TRUE,30,25.854663,27.2666666666667,26.2666666666667,27.5708333333333,1.80028106271268,8,27.6895833333333,2.28719585539857,8
6443950102,13:30,810,-75.1649773922386,39.9502186753736,-75.177201361549,39.9550054347417,off_peak,FALSE,10,11.322938,19.5,17.5,20.0416666666667,2.02033314870247,8,17.7291666666667,1.16974932872966,8
6443950104,14:15,855,-75.1779217463161,39.9533873770951,-75.1655206281913,39.9477143701067,off_peak,FALSE,15,15.058455,10.9166666666667,13.1166666666667,17.5291666666667,3.52728311742568,8,15.4666666666667,2.71717056384318,8
6453710102,15:00,900,-75.1722093187508,39.9861472659912,-75.2279540291491,39.9243565817628,off_peak,FALSE,540,52.977363,57.2,58.2,57.7,4.87706000431759,8,56.7,3.93700393700591,8
6453710201,13:10,790,-75.2279540291491,39.9243565817628,-75.2353363988571,39.9786635130042,off_peak,FALSE,,35.616667,49.75,50.75,47.9583333333333,4.1128428356158,8,45.875,3.11390888939105,8
6453710202,18:00,1080,-75.2353363988571,39.9786635130042,-75.2279540291491,39.9243565817628,pm_peak,TRUE,360,36.367228,34.7166666666667,41.7166666666667,45.2166666666667,5.40502411782646,8,39.9666666666667,3.48466026218585,8
6453710501,9:00,540,-75.2279540291491,39.9243565817628,-75.1652643007328,39.9488899960486,am_peak,TRUE,120,32.020455,39.4333333333333,33.9166666666667,33.9791666666667,3.50048466032103,8,32.8541666666667,2.31951264038135,8
6453710502,12:00,720,-75.1652643007328,39.9488899960486,-75.2279540291491,39.9243565817628,off_peak,FALSE,120,30.954025,41.1166666666667,41.35,40.6145833333333,2.833059335491,8,37.0083333333333,3.3450626966388,8
6465820401,8:45,525,-75.0904216746636,40.0215489899244,-75.151228491791,40.0505524826181,am_peak,TRUE,45,31.241187,48.9,46.85,43.725,6.05714847259398,8,40.63125,5.17139904238259,8
6465820402,18:00,1080,-75.151228491791,40.0505524826181,-75.0904216746636,40.0215489899244,pm_peak,TRUE,60,33.708687,46.8,39.8,43.3,6.9744431421338,8,41.1416666666667,4.03798433136106,8
6482360102,10:55,655,-75.1768973037301,39.9372294658397,-75.1779217463161,39.9533873770951,off_peak,FALSE,10,14.576034,28.9166666666667,26.5666666666667,26.2604166666667,6.46487418394865,8,22.5041666666667,4.52538475080928,8
6482360103,11:09,669,-75.1779217463161,39.9533873770951,-75.3922133622912,40.087943010321,off_peak,FALSE,37,44.852268,65.2166666666667,74.2166666666667,85.7166666666667,10.8265546557659,8,63.7166666666667,7.84219357067906,8
6482360105,16:25,985,-75.3853835679745,40.0888177484524,-75.2626735411038,39.9640057100153,pm_peak,TRUE,35,40.022878,78.4833333333333,70.3833333333333,71.8208333333333,8.04336831243751,8,65.5458333333333,7.3897813937639,8
6482360106,17:16,1036,-75.2626735411038,39.9640057100153,-75.1662257986882,39.9519342771783,pm_peak,TRUE,15,23.95,36.75,35.75,37.75,3.67423461417477,8,36.5,2.36038737740833,8
6482360107,17:41,1061,-75.1662257986882,39.9519342771783,-75.0593151476913,40.0302346423682,pm_peak,TRUE,0,38.864462,61.1333333333333,49.7333333333333,58.1125,5.64759922304398,8,54.5104166666667,2.30334362722529,8
6489220101,7:30,450,-75.2182588102061,39.950471058218,-75.162026191264,39.9785569548507,am_peak,TRUE,60,39.295972,43.4333333333333,44.3333333333333,46.3916666666667,2.40090921930944,8,43.9958333333333,3.44646989859258,8
6489220102,17:00,1020,-75.162026191264,39.9785569548507,-75.2074989674157,39.9516652307221,pm_peak,TRUE,45,34.003964,33.8333333333333,31,40.7291666666667,3.98677127988241,8,40.3895833333333,4.2061457067426,8
6514630102,8:12,492,-75.1142758205188,40.1491579177916,-75.1648345113326,39.9541020155151,am_peak,TRUE,33,48.934688,100.116666666667,103.616666666667,88.1166666666667,11.1771450482031,8,86.6166666666667,10.1594431793423,8
6514630108,17:33,1053,-75.1717674832599,39.9564206302579,-75.1717674832599,39.9564206302579,pm_peak,TRUE,42,4.208333,10.8166666666667,7.8,8.51666666666667,3.31274594774271,8,8.04375,2.26281075213991,8
6516010101,8:50,530,-75.1655746637264,39.9307064691021,-75.1540803782248,39.9488624668665,am_peak,TRUE,22,21.345204,33.5333333333333,29.5,33.6770833333333,5.58047857010746,8,29.1166666666667,3.98159455973298,8
6516010104,17:46,1066,-75.1725391195037,39.9527196860213,-75.1655746637264,39.9307064691021,pm_peak,TRUE,29,21.225431,21.4833333333333,19.4833333333333,25.3729166666667,1.075113043152,8,22.90625,2.48014236502537,8
6516350101,10:40,640,-75.1698571868868,39.9452577603363,-75.1941152941134,39.9546263068532,off_peak,FALSE,20,19.803223,27.9666666666667,19.8,27.7416666666667,6.70456489835026,8,25.1916666666667,5.4703965208418,8
6516350102,16:50,1010,-75.1941152941134,39.9546263068532,-75.1698571868868,39.9452577603363,pm_peak,TRUE,20,21.771558,25.0666666666667,25.05,23.2229166666667,1.86832276663254,8,22.7708333333333,1.89819776680533,8
6516350202,18:05,1085,-75.1941152941134,39.9546263068532,-75.1669894744938,39.9484799410289,pm_peak,TRUE,35,16.301941,17.5166666666667,16.5166666666667,18.5,0.969699675320901,8,17.35625,1.65993730757501,8
6519710107,19:08,1148,-75.1661003080911,39.9138576581668,-75.1634808483634,39.9480403151119,off_peak,FALSE,18,18.169605,20.2666666666667,21.7666666666667,30.2666666666667,6.14700856398576,8,28.0166666666667,4.73588127264308,8
6523030101,10:00,600,-74.8233302395014,40.1674501816603,-74.8919914252008,40.1764466474197,off_peak,FALSE,75,33.74691,,,,,0,,,0
6523030102,12:45,765,-74.8919914252008,40.1764466474197,-74.8920916919296,40.1431753369858,off_peak,FALSE,15,17.383333,18.4166666666667,18.4166666666667,49.9166666666667,18.5337529928506,8,49.9166666666667,18.5337529928506,8
6535060101,8:10,490,-75.2421801680258,39.9481308791093,-75.1941152941134,39.9546263068532,am_peak,TRUE,65,26.939887,28.5333333333333,28.9333333333333,29.95,4.15661645060743,8,30.7291666666667,3.39602650633737,8
6535060102,17:45,1065,-75.1941152941134,39.9546263068532,-75.1503604073933,39.9962218359028,pm_peak,TRUE,45,30.13944,35.9,28.4,34.8125,3.57328880125059,8,31.25,2.69814751264641,8
6535060103,20:15,1215,-75.1503604073933,39.9962218359028,-75.1638872349499,39.9525548857932,off_peak,FALSE,10,21.727838,24.3833333333333,29.3833333333333,33.3395833333333,7.6165439059608,8,31.7520833333333,3.90703920598999,8
6535060104,20:35,1235,-75.1638872349499,39.9525548857932,-75.2421801680258,39.9481308791093,off_peak,FALSE,30,27.919352,33.2,31.5166666666667,36.15,4.19974489021145,8,34.3583333333333,5.67640619596478,8
6551990205,15:35,935,-75.3314522326487,39.9229178354199,-75.1632627264191,39.9610182840982,off_peak,FALSE,20,62.798537,74.0833333333333,82.3333333333333,82.0083333333333,6.78690966914566,8,82.3333333333333,6.81909084849293,8
6554200101,10:00,600,-75.1546498738633,40.0261270665432,-75.1595117962634,39.9367714452714,off_peak,FALSE,75,41.366667,83.1333333333333,78.9833333333333,69.1958333333334,10.1683595389957,8,71.5020833333333,9.85534436232443,8
6554200102,11:35,695,-75.1595117962634,39.9367714452714,-75.1625826795934,39.9513495936779,off_peak,FALSE,22,18.0879,33.8833333333333,18.8833333333333,35.0083333333333,9.92021745153373,8,29.8166666666667,5.74488039855059,8
6558670101,6:10,370,-75.2181192513656,40.032241980928,-75.1446587384151,39.9502859178682,am_peak,TRUE,50,30.869824,42.5,39.5,43.5,5.43139024560011,8,43.0125,3.69475980274767,8
6560970101,8:30,510,-75.1827055398227,40.0389450998406,-75.1539262084391,39.9844115630897,am_peak,TRUE,40,34.746263,45.8833333333333,41.8833333333333,41.6333333333333,5.42481072744215,8,39.0854166666667,4.73304356507405,8
6560970102,18:15,1095,-75.1539262084391,39.9844115630897,-75.1827055398227,40.0389450998406,pm_peak,TRUE,40,38.146919,50.7333333333333,48.7333333333333,51.475,5.82811331066107,8,46.4770833333333,4.12918318434061,8
6564560102,10:40,640,-75.1701368511036,39.9488667930338,-75.1840170635385,39.9534784074457,off_peak,FALSE,25,13.529194,16.5166666666667,43.7666666666667,16.45,2.30895427439996,8,30.1708333333333,6.13107974902373,8
6564560103,13:10,790,-75.1840170635385,39.9534784074457,-75.1773253490168,39.9478229139105,off_peak,FALSE,20,10.91853,12.7333333333333,12.7333333333333,14.74375,1.82760875732233,8,14.24375,1.89790898932115,8
6564560208,15:35,935,-75.1742218041379,39.9513700637455,-75.1466622121185,39.9478355374067,off_peak,FALSE,15,21.191732,24.8,12.0333333333333,21.9729166666667,1.93376303722224,8,18.8708333333333,3.80701889372024,8
6564560211,18:48,1128,-75.1517226930339,39.9485721389241,-75.180637080064,39.9501303685435,pm_peak,TRUE,0,19.758765,24.35,19.7666666666667,24.2625,1.74384973686436,8,23.2270833333333,1.74653710669982,8
6577150102,6:35,395,-75.0798260530761,40.0248633027149,-75.1687160134156,39.9558364756335,am_peak,TRUE,35,37.400666,54.5,51.5,50.83125,1.38028745280864,8,46.7791666666667,2.04895927899608,8
6577150107,16:00,960,-75.1687160134156,39.9558364756335,-75.0798260530761,40.0248633027149,pm_peak,TRUE,30,37.889605,56.3333333333333,48.8333333333333,55.0895833333333,6.48864048604504,8,53.15,3.69263531310033,8
6578490102,7:49,469,-75.2626735411038,39.9640057100153,-75.1792803129236,39.9102291849896,am_peak,TRUE,43,48.901306,67.3,67.7166666666667,68.8416666666667,4.26686197469652,8,65.3270833333333,4.47856391293261,8
6578490105,16:38,998,-75.1629816913276,39.9348297671495,-75.2626735411038,39.9640057100153,pm_peak,TRUE,26,37.461131,50.6833333333333,45.55,47.5958333333333,5.78658650098081,8,44.4833333333333,3.81251073378661,8
6578490108,18:12,1092,-75.1599172675313,39.9309896846011,-75.1906300416804,39.958024348983,pm_peak,TRUE,16,26.918236,29.0166666666667,32.0166666666667,35.9833333333333,5.33847965991864,8,32.7666666666667,4.58257569495584,8
6578490111,21:27,1287,-75.1906300416804,39.958024348983,-75.2626735411038,39.9640057100153,off_peak,FALSE,0,22.900863,40.0333333333333,55.0333333333333,45.0690476190476,15.4727102313965,7,50.4041666666667,11.5086053034999,8
6578490202,18:12,1092,-75.2626735411038,39.9640057100153,-75.1906300416804,39.958024348983,pm_peak,TRUE,16,22.916667,35.8166666666667,32.8166666666667,33.8166666666667,3.59563227104378,8,32.0666666666667,2.85356919363403,8
6578490205,21:04,1264,-75.2035188845512,39.9258448958777,-75.2629389868999,39.9545919335046,off_peak,FALSE,23,45.005171,54.65,70.65,88.0916666666667,20.3017494750091,8,60.7375,9.72830002768066,8
6578490206,21:27,1287,-75.2629389868999,39.9545919335046,-75.2629389868999,39.9545919335046,off_peak,FALSE,0,6.877086,12.7166666666667,10.7166666666667,17.2833333333333,7.24498732019879,8,16.0333333333333,7.15736938462285,8
6581680101,9:00,540,-75.1774381258043,39.9578243101046,-75.1612826317197,39.9532127364358,am_peak,TRUE,45,13.598143,25.2666666666667,20.1666666666667,29.0208333333333,7.03360273688509,8,22.26875,5.30420196935845,8
6583630101,10:20,620,-75.1312859799465,39.9929590474227,-75.1018775098952,39.9927596244991,off_peak,FALSE,80,26.365749,35.1333333333333,36.6166666666667,39.4833333333333,6.23309141369101,8,36.0625,3.94758063339343,8
6583630104,12:49,769,-75.1102184888777,39.9887849617672,-75.1102184888777,39.9887849617672,off_peak,FALSE,671,9.827451,13.3166666666667,10.8166666666667,15.1875,3.54848223758781,8,12.5583333333333,1.71981911193526,8
6595380202,9:12,552,-75.216704781889,39.9569805572676,-75.1662257986882,39.9519342771783,am_peak,TRUE,9,14.586315,24.75,21.75,21.75,4.63680924774785,8,18.75,3.78908205996424,8
6595380205,17:36,1056,-75.1649773922386,39.9502186753736,-75.1779217463161,39.9533873770951,pm_peak,TRUE,11,11.623152,16.45,19.1833333333333,17.2,1.73205080756888,8,15.9666666666667,1.56985491190888,8
6595380206,18:32,1112,-75.1779217463161,39.9533873770951,-75.2165947836222,39.9537421538695,pm_peak,TRUE,20,22.050062,24.45,24.95,28.6416666666667,4.8075750413049,8,25.8145833333333,2.51117245588084,8
6604250201,18:05,1085,-75.3694946410526,40.0814481469734,-75.3694946410526,40.0814481469734,pm_peak,TRUE,60,18.543904,13.85,12.9333333333333,16.7354166666667,6.63802440908103,8,15.9895833333333,6.08494067154237,8
6611090102,8:40,520,-75.1840170635385,39.9534784074457,-75.1977262540913,39.9594259908695,am_peak,TRUE,,11.583021,21.4,25.2666666666667,21.8104166666667,2.41388078340831,8,21.0041666666667,1.04485701915439,8
6655580101,9:50,590,-75.2898472832018,40.0026899156158,-75.2984304981332,40.0094456354775,off_peak,FALSE,10,13.90321,15.05,43.0666666666667,25.45,9.58913075160771,8,27.4,13.9836213716858,6
6655580102,11:30,690,-75.2984304981332,40.0094456354775,-75.300281066518,40.0007168757721,off_peak,FALSE,8,14.803443,65.9166666666667,63.9166666666667,58.4166666666667,19.3261480900877,8,44.7541666666667,14.3259442471143,8
6660390201,8:00,480,-75.208260147084,39.9463603580681,-75.1545851492175,39.9813757258968,am_peak,TRUE,50,37.413835,36.1833333333333,36.1833333333333,37.7291666666667,3.26750171542686,8,36.6729166666667,2.6267539491783,8
6660390202,18:25,1105,-75.1545851492175,39.9813757258968,-75.1705068930163,39.9509065904554,pm_peak,TRUE,20,24.654265,28.1166666666667,34.2166666666667,35.2583333333333,4.22070670378375,8,31.0166666666667,2.92843205243254,8
6660390203,20:15,1215,-75.1705068930163,39.9509065904554,-75.208260147084,39.9463603580681,off_peak,FALSE,25,17.319933,32.5,22.5,28.5958333333333,3.28570436506439,8,25.9833333333333,4.0073741551105,8
6660390301,7:50,470,-75.208260147084,39.9463603580681,-75.1732743609913,39.9456003211594,am_peak,TRUE,40,28.020657,22.45,28.5166666666667,25.6895833333333,3.52576612748411,8,27.1020833333333,2.77820939107097,8
6660390302,17:10,1030,-75.1732743609913,39.9456003211594,-75.2100224563071,39.9560134286816,pm_peak,TRUE,35,24.514965,25.0666666666667,32.65,32.3270833333333,3.26866966652932,8,28.9583333333333,3.02839734450261,8
6661000401,7:00,420,-75.310429560097,39.9670567346169,-75.3938186136374,39.9651711354682,am_peak,TRUE,70,47.8624,47.6833333333333,44.6833333333333,46.9333333333333,8.76682056718072,8,45.8083333333333,8.14927691796728,8
6661000402,14:33,873,-75.3938186136374,39.9651711354682,-75.310429560097,39.9670567346169,off_peak,FALSE,42,41.596258,46.1666666666667,46.1666666666667,45.3375,9.59141791494081,8,45.3375,9.59141791494081,8
6691010101,8:17,497,-75.2143085167584,39.9408655334325,-75.1638872349499,39.9525548857932,am_peak,TRUE,31,21.662016,31.8833333333333,25.8833333333333,33.425,5.32085594021375,8,29.68125,2.5027038949333,8
6691010102,8:49,529,-75.1638872349499,39.9525548857932,-75.1562910038297,39.9768159139408,am_peak,TRUE,12,15.155953,15.5,19.4833333333333,16.25625,2.56155857658377,8,15.6895833333333,2.33042229125014,8
6691010103,17:30,1050,-75.1562910038297,39.9768159139408,-75.1669894744938,39.9484799410289,pm_peak,TRUE,29,17.962982,20.3,22.3,25.1583333333333,4.73473319340155,8,25.05,3.16227766016838,8
6691010106,19:42,1182,-75.1629816913276,39.9348297671495,-75.1603362537134,39.9167023901516,off_peak,FALSE,17,16.740098,26.4666666666667,17.4666666666667,26.2354166666667,6.9676602019958,8,23.1875,4.81619910401593,8
6691010108,21:18,1278,-75.1661003080911,39.9138576581668,-75.1629816913276,39.9348297671495,off_peak,FALSE,4,17.829824,22.4666666666667,19.4333333333333,31.4416666666667,5.76237798135457,8,26.0625,3.41159030551712,8
6691010109,21:23,1283,-75.1629816913276,39.9348297671495,-75.1603362537134,39.9167023901516,off_peak,FALSE,23,16.740098,22.85,20.85,25.8979166666667,6.66497858092035,8,23.0229166666667,4.80623716379073,8
6691010202,8:35,515,-75.1661003080911,39.9138576581668,-75.1612826317197,39.9532127364358,am_peak,TRUE,25,20.573194,22.1,25.1,28.1,3.43303281162798,8,28.6,4.30116263352131,8
6691010205,19:10,1150,-75.1711932833479,39.9327343433105,-75.1498041127206,39.934304016358,off_peak,FALSE,20,14.867484,36.1833333333333,36.2333333333333,26.9333333333333,7.82851929075443,8,33.275,10.618100000426,8
6691010206,21:30,1290,-75.1498041127206,39.934304016358,-75.2143085167584,39.9408655334325,off_peak,FALSE,30,24.731294,32.3,25.6,39.9895833333333,7.84863721615375,8,34.8,8.16061972436618,8
6701330102,5:55,355,-75.2172676864572,40.0019340658936,-75.2626735411038,39.9640057100153,off_peak,FALSE,20,30.448818,43.05,59.05,48.8,5.91607978309962,8,49.05,4.81812055829716,8
6701330103,6:30,390,-75.2626735411038,39.9640057100153,-75.3491600996336,40.1018802190178,am_peak,TRUE,17,33.104265,57.75,57.75,55.875,6.02228006180858,8,54,6.17599037749065,8
6701330104,6:50,410,-75.3491600996336,40.1018802190178,-75.3460361638143,40.1143423687777,am_peak,TRUE,8,12.816427,,32.35,47.3119047619048,14.0917486832678,7,31.1708333333333,11.0585266606706,8
6701330105,7:00,420,-75.3460361638143,40.1143423687777,-75.3147109767587,40.1422852431983,am_peak,TRUE,10,25.088549,33.1833333333333,53.1833333333333,43.8083333333333,11.7951261120854,8,32.5583333333333,9.70180395596613,8
6701330110,18:00,1080,-75.3147109767587,40.1422852431983,-75.3460361638143,40.1143423687777,pm_peak,TRUE,15,23.654335,37.35,37.35,41.725,14.171777789476,8,33.6,6.95906397646777,8
6722590301,14:00,840,-75.1164312191623,39.985904455443,-75.0877865211234,39.9940122620898,off_peak,FALSE,34,21.893496,48.5833333333333,27.5833333333333,46.1791666666667,10.4932924531787,8,30.6020833333333,6.59685734162217,8
6722590302,15:44,944,-75.0877865211234,39.9940122620898,-75.1164312191623,39.985904455443,off_peak,FALSE,46,19.317481,22.95,28.2333333333333,26.7,4.58257569495584,8,28.2333333333333,4.11443452111848,8
6736590101,16:30,990,-75.1722789942054,39.9539778646615,-75.1503604073933,39.9962218359028,pm_peak,TRUE,34,26.652471,38.9,33.4,39.9,3.51527279981837,8,36.9625,3.62715453213673,8
6736590202,14:40,880,-75.1638872349499,39.9525548857932,-75.1503604073933,39.9962218359028,off_peak,FALSE,20,20.799954,26.9,24.9,22.1708333333333,1.00962628635314,8,22.7541666666667,2.21276509487098,8
6736830102,16:50,1010,-75.1517226930339,39.9485721389241,-75.20297810328,40.0663780780388,pm_peak,TRUE,130,36.111939,75.0333333333333,70.0333333333333,72.2729166666667,3.23962247335106,8,67.9333333333333,3.75879920035261,8
6745010103,8:00,480,-75.1648345113326,39.9541020155151,-75.1632627264191,39.9610182840982,am_peak,TRUE,16,9.912763,14.9333333333333,15.5166666666667,15.39375,2.79134059929451,8,13.325,2.77995946070705,8
6745010105,17:50,1070,-75.1632627264191,39.9610182840982,-75.1632627264191,39.9610182840982,pm_peak,TRUE,50,6.052121,9.96666666666667,10.1833333333333,13.2270833333333,4.63043706583244,8,10.8,2.26666666666667,8
6752060104,18:20,1100,-75.2806454415887,40.2304601821381,-75.2328700667351,40.2335991500038,pm_peak,TRUE,55,26.659649,,,,,0,,,0
6754790401,7:35,455,-75.1962680244175,40.0724717157188,-75.175919233186,40.0332814777088,am_peak,TRUE,25,27.263917,74.3833333333333,74.3833333333333,51.7944444444445,12.3354127376188,6,49.9333333333333,14.5835866644663,6
6754790402,14:45,885,-75.175919233186,40.0332814777088,-75.1962680244175,40.0724717157188,off_peak,FALSE,30,29.343872,37.25,32.25,38.6958333333333,3.91591938159797,8,36.0020833333333,3.29827320742137,8
6756010101,8:18,498,-75.3475957675981,39.9012278289218,-75.1928742171467,39.9459041130135,am_peak,TRUE,42,30.786883,77.75,70.05,82.9166666666667,5.96067136945187,8,78.6916666666667,5.0512846079464,8
6756010102,17:00,1020,-75.1928742171467,39.9459041130135,-75.3475957675981,39.9012278289218,pm_peak,TRUE,60,31.908894,80.7333333333333,73.7333333333333,85.3583333333333,13.5692667451119,8,84.8583333333333,11.6120319373607,8
6779660101,8:00,480,-75.2182588102061,39.950471058218,-75.1701604201666,39.9562259742499,am_peak,TRUE,20,27.364038,32.8166666666667,28.8166666666667,29.9729166666667,2.36122677121012,8,29.96875,2.82219712759122,8
6779660102,18:00,1080,-75.1701604201666,39.9562259742499,-75.2182588102061,39.950471058218,pm_peak,TRUE,43,26.811566,31.3333333333333,29.3,33.1833333333333,4.18568990729127,8,31.03125,3.49304794249541,8
6808990101,9:00,540,-75.1722789942054,39.9539778646615,-75.1550731760754,39.9469560187574,am_peak,TRUE,30,11.731854,21.1833333333333,20.2666666666667,28.3708333333333,4.86972954824145,8,22.0833333333333,2.41664203599928,8
6808990201,9:00,540,-75.1722789942054,39.9539778646615,-75.1580149724927,39.9493530835764,am_peak,TRUE,35,10.911976,21.7333333333333,16.5666666666667,25.1520833333333,5.55462368176565,8,19.08125,1.69128103744441,8
6811760301,16:45,1005,-75.2697148355171,39.9862485416151,-75.2626735411038,39.9640057100153,pm_peak,TRUE,0,25.002805,39.05,58.05,41.175,7.31803057034961,8,48.1125,16.1509342940719,8
6811760302,16:46,1006,-75.2626735411038,39.9640057100153,-75.1608290378846,39.9512565309348,pm_peak,TRUE,44,25.083333,35.4,36.4,37.4,4.93529562003563,8,37.9,3.30583899011604,8
6819100103,9:35,575,-75.2709909238752,39.9451405536483,-75.253425532016,39.9533624584389,off_peak,FALSE,10,19.134977,34.7,25.8,31.0333333333333,5.17119617122285,8,30.3854166666667,6.69989005773336,8
6819100104,9:55,595,-75.253425532016,39.9533624584389,-75.1973968654904,39.9505033966507,off_peak,FALSE,20,24.450779,43.2333333333333,31.4666666666667,36.0645833333333,8.3629257312088,8,33.9,6.48154890365538,8
6821910102,8:15,495,-75.1601184429639,40.0511089560396,-75.1659426772114,39.9531940428398,am_peak,TRUE,30,34.308503,48.85,38.35,42.85,5.04975246918104,8,40.31875,4.80965825189275,8
6825030202,8:05,485,-75.1752524766747,39.9659654913561,-75.0593151476913,40.0302346423682,am_peak,TRUE,20,56.332533,68.7333333333333,67.5833333333333,65.78125,3.68165160379768,8,61.4583333333333,5.7059492762254,8
6825030203,8:26,506,-75.0593151476913,40.0302346423682,-75.1834073455283,39.9599979498596,am_peak,TRUE,4,47.07415,51.25,58.25,55.25,1.22474487139159,8,56,2.17124059336724,8
6825030206,17:45,1065,-75.0593151476913,40.0302346423682,-75.1842341091099,39.9772832258399,pm_peak,TRUE,40,53.887332,62.6166666666667,64.6166666666667,68.6770833333333,7.83368255300595,8,60.61875,2.3587802453878,8
6826830102,17:05,1025,-75.1706866571216,39.953785415184,-75.3128532544384,39.99398750657,pm_peak,TRUE,55,43.529662,54.4666666666667,54.4666666666667,48.1270833333333,4.68812191641542,8,49.5145833333333,5.09677331399835,8
6857600102,16:05,965,-75.1649773922386,39.9502186753736,-75.1592387852516,39.9217586458287,pm_peak,TRUE,25,20.339023,29.9333333333333,32.05,31.09375,1.94974433610935,8,28.8895833333333,2.73656802646893,8
6869210102,13:15,795,-75.150623776162,39.9499928305521,-75.1711932833479,39.9327343433105,off_peak,FALSE,25,27.572177,39.4333333333333,26.4333333333333,34.0458333333333,4.15461829469365,8,31.7,4.35244868135278,8
6869210103,14:50,890,-75.1711932833479,39.9327343433105,-75.1452853653063,39.9454993949884,off_peak,FALSE,25,30.007628,40.9333333333333,42.0166666666667,37.1104166666667,6.36917139399088,8,35.7833333333333,4.12248961610828,8
6869210201,11:00,660,-75.1452853653063,39.9454993949884,-75.1659426772114,39.9531940428398,off_peak,FALSE,,15.577016,23.35,20.35,22.35,3.17355141307472,8,21.5520833333333,3.48080265214427,8
6869210204,17:50,1070,-75.1659426772114,39.9531940428398,-75.1452853653063,39.9454993949884,pm_peak,TRUE,30,15.697718,21.0166666666667,23.3833333333333,20.20625,2.3016374002484,8,18.8854166666667,2.7200378951025,8
6870450301,7:30,450,-75.1906210349248,39.9616350467224,-75.1665214095376,39.9615526212186,am_peak,TRUE,20,14.916631,13.8333333333333,29.3666666666667,23.5125,5.40734912902566,8,21.2833333333333,4.43292157056649,8
6870450302,15:30,930,-75.1665214095376,39.9615526212186,-75.1906210349248,39.9616350467224,off_peak,FALSE,30,19.537127,28.5833333333333,32.4333333333333,31.1520833333333,4.65747766653644,8,32.0708333333333,2.64005696787982,8
6873890101,8:00,480,-75.2162654488479,39.9464660922369,-75.2189686457819,40.0081594134958,am_peak,TRUE,40,36.323943,55.2166666666667,47.95,52.1333333333333,6.98799991822717,8,49.7,4.11148217973588,8
6873890301,9:30,570,-75.2162654488479,39.9464660922369,-75.1665214095376,39.9615526212186,off_peak,FALSE,45,34.283709,38.7,38.1666666666667,38.85,4.46382283314586,8,34.84375,3.22860402164332,8
6873890302,19:20,1160,-75.1665214095376,39.9615526212186,-75.2162654488479,39.9464660922369,off_peak,FALSE,45,32.970073,52.3833333333333,48.1666666666667,41.5,6.20923531319302,8,39.775,5.63188907944525,8
6884110202,8:10,490,-74.8185831765262,40.1380262186048,-75.1984494658686,39.9539400028283,am_peak,TRUE,50,59.92436,,,,,0,,,0
6887190204,17:35,1055,-75.1937934209145,39.951852697735,-75.1774381258043,39.9578243101046,pm_peak,TRUE,19,16.682493,25.3,19.3,22.7875,3.34178393096709,8,21.925,1.45773797371133,8
6889290101,16:30,990,-75.1655746637264,39.9307064691021,-75.1630657978927,39.949981511781,pm_peak,TRUE,15,12.831072,29.4,23.4,23.4,5.27121563642717,8,20.775,2.85043856274785,8
6889290103,19:37,1177,-75.1630657978927,39.949981511781,-75.1655746637264,39.9307064691021,off_peak,FALSE,18,13.497769,19.6,15.4833333333333,25.8875,4.43579192478637,8,20.0604166666667,3.64935238329492,8
6889290104,20:10,1210,-75.1655746637264,39.9307064691021,-75.1715947626354,39.9429517013451,off_peak,FALSE,24,16.712664,26.6333333333333,26.6333333333333,24.5291666666667,5.47752080114573,8,26.8604166666667,7.34135350123931,8
6907450304,15:19,919,-75.1665214095376,39.9615526212186,-75.1669894744938,39.9484799410289,off_peak,FALSE,21,15.003562,18.0666666666667,18.0666666666667,18.7791666666667,3.80511091134267,8,17.25,3.50659243086368,8
6910820204,11:00,660,-75.1906300416804,39.958024348983,-75.2626735411038,39.9640057100153,off_peak,FALSE,7,22.76797,46.0333333333333,48.55,42.4791666666667,10.9112682035373,8,40.8916666666667,6.32712101334093,8
6910820205,11:20,680,-75.2626735411038,39.9640057100153,-75.3957727573062,39.9175856077195,off_peak,FALSE,,39.402553,71.6166666666667,61.6166666666667,57.3625,9.33223526703892,8,56.71875,6.28359818502056,8
6915610202,7:25,445,-75.2905107800841,39.950578704956,-75.2626735411038,39.9640057100153,am_peak,TRUE,11,20.487142,26.4166666666667,26.3833333333333,26.4166666666667,4.00891862868637,8,23.6583333333333,3.52545167656706,8
6915610203,7:36,456,-75.2626735411038,39.9640057100153,-75.1662257986882,39.9519342771783,am_peak,TRUE,16,23.951639,32.75,33.75,36.75,1.22474487139159,8,36,2.53546276418555,8
6915610206,16:36,996,-75.1662257986882,39.9519342771783,-75.1662257986882,39.9519342771783,pm_peak,TRUE,15,3.625,9.2,7.23333333333333,9.26458333333333,1.9504667227379,8,9.9875,2.81885305393569,8
6915610207,16:55,1015,-75.1662257986882,39.9519342771783,-75.1662257986882,39.9519342771783,pm_peak,TRUE,12,3.625,5.81666666666667,8.13333333333333,9.24375,2.89968440400971,8,7.66458333333333,2.49978471295252,8
6953780101,7:30,450,-75.2298442421393,39.9293235759694,-75.1665214095376,39.9615526212186,am_peak,TRUE,30,42.850171,41.9833333333333,43.7,40.8270833333333,2.85295638225466,8,41.08125,2.93197259428713,8
6953780201,7:30,450,-75.2298442421393,39.9293235759694,-75.1665214095376,39.9615526212186,am_peak,TRUE,30,42.850171,41.9833333333333,43.7,40.8270833333333,2.85295638225466,8,41.08125,2.93197259428713,8
6954690205,9:15,555,-75.1834073455283,39.9599979498596,-75.1965975232029,39.9477559566907,am_peak,TRUE,5,16.523793,30.5333333333333,28.1166666666667,27.0125,3.76548390616917,8,25.3583333333333,3.16954756172419,8
6955500103,16:00,960,-75.3460361638143,40.1143423687777,-75.3355469748377,40.1557053390204,pm_peak,TRUE,39,,46.9,46.9,72.3,13.5592878026202,8,69.275,15.0659265515647,8
6955500104,18:10,1090,-75.3355469748377,40.1557053390204,-75.3460361638143,40.1143423687777,pm_peak,TRUE,33,,48.35,51.35,71.1,20.0041662327293,7,59.9571428571429,9.18202177134882,7
6955500105,19:15,1155,-75.3460361638143,40.1143423687777,-75.4052300426958,40.1193891000713,off_peak,FALSE,35,128.056883,48.6833333333333,118.683333333333,86.1833333333333,24.1557446583623,8,81.1833333333333,24.1557446583623,8
6978890101,6:15,375,-75.1619465866814,40.0435075759518,-75.1675390627425,40.0396237479197,am_peak,TRUE,15,10.527587,12.9666666666667,13.95,12.9020833333333,2.31435200399868,8,13.5604166666667,2.80288878050361,8
6978890102,11:00,660,-75.1675390627425,40.0396237479197,-75.1431944251012,40.0284068368576,off_peak,FALSE,30,15.444056,28.55,28.55,29.3333333333333,7.16920220927408,8,31.2125,4.55735712538023,8
6978890103,15:45,945,-75.1431944251012,40.0284068368576,-75.1398050137829,40.0366774270012,off_peak,FALSE,10,15.497076,29.1,29.9333333333333,22.7208333333333,5.75409964272541,8,24.3354166666667,6.43379863540602,8
6978890104,16:00,960,-75.1398050137829,40.0366774270012,-75.1619465866814,40.0435075759518,pm_peak,TRUE,20,14.975079,19.9,18.9,21.025,3.60307408432617,8,20.275,2.61520280557469,8
6978890201,13:00,780,-75.1619465866814,40.0435075759518,-75.1398050137829,40.0366774270012,off_peak,FALSE,20,14.321544,18.7666666666667,17.1166666666667,16.43125,2.96696677856011,8,15.3145833333333,2.93029384598363,8
6978890202,15:55,955,-75.1398050137829,40.0366774270012,-75.1619465866814,40.0435075759518,off_peak,FALSE,25,14.975079,24.9,23.9,20.15,3.54562104171167,8,21.15,3.92792202424786,8
6991330101,8:00,480,-75.1752524766747,39.9659654913561,-75.1630657978927,39.949981511781,am_peak,TRUE,45,16.705869,21.4,23.7333333333333,24.9020833333333,4.58080395574318,8,20.60625,2.22280634684076,8
6991330102,17:30,1050,-75.1630657978927,39.949981511781,-75.1752524766747,39.9659654913561,pm_peak,TRUE,35,20.234354,27.9333333333333,24.85,29.8895833333333,2.96216803779377,8,28.25,2.0669738634973,8
6991330202,17:40,1060,-75.1705068930163,39.9509065904554,-75.1752524766747,39.9659654913561,pm_peak,TRUE,20,17.399995,27.45,30.2166666666667,28.19375,5.2066954567523,8,25.5020833333333,4.26950647216666,8
6992980106,18:25,1105,-75.1691139313301,39.9535949564727,-75.1845576169885,39.942839888606,pm_peak,TRUE,35,15.672719,34.1666666666667,32.2,31.1520833333333,5.41287733755611,8,24.2833333333333,3.53244598022031,8
7009600101,6:55,415,-75.1898142834651,40.0518717143354,-75.1213092333967,40.110417860785,am_peak,TRUE,80,58.086992,73.6,73.6,68.975,7.54865172445668,8,66.35,5.90399380564909,8
7009600102,8:40,520,-75.1213092333967,40.110417860785,-75.1571977835929,40.0823045185899,am_peak,TRUE,35,43.234643,69.1,62.6333333333333,65.43125,10.5009048646386,8,64.7666666666667,11.7702746390798,8
7009600104,9:45,585,-75.1571977835929,40.0823045185899,-75.1898142834651,40.0518717143354,off_peak,FALSE,45,26.401212,52.1166666666667,46.1166666666667,52.1166666666667,8.57321409974112,8,49.3666666666667,6.16441400296898,8
7018990101,16:00,960,-75.2162654488479,39.9464660922369,-75.1629472849343,39.9666206906345,pm_peak,TRUE,29,31.255098,34.65,32.65,37.43125,2.91681547239451,8,33.2333333333333,2.45717284957701,8
7018990102,20:00,1200,-75.1629472849343,39.9666206906345,-75.2162654488479,39.9464660922369,off_peak,FALSE,45,32.832984,56.25,49.1666666666667,51.175,7.31209587134537,8,46.9166666666667,9.16515138991168,8
7059570101,8:35,515,-75.1301600245386,39.9721857729433,-75.1704674139331,39.9548009865238,am_peak,TRUE,25,27.374892,28.3166666666667,37.3166666666667,31.3166666666667,4.75845112855614,8,31.8166666666667,5.40502411782646,8
7081300202,7:46,466,-75.1661426003533,40.014873112626,-75.1612826317197,39.9532127364358,am_peak,TRUE,34,30.180126,39.1833333333333,33.6833333333333,36.0041666666667,2.56219074788967,8,37.1833333333333,3.39116499156263,8
7081300203,17:20,1040,-75.1612826317197,39.9532127364358,-75.1697103405146,40.0285190426739,pm_peak,TRUE,40,32.500002,48.3333333333333,49.35,44.9770833333333,3.95400076173608,8,46.3875,4.98562019513708,8
7081300302,15:00,900,-75.1379390053678,40.0162879355525,-75.1697103405146,40.0285190426739,off_peak,FALSE,60,27.733835,41.6166666666667,43.6166666666667,37.8666666666667,8.75866917483962,8,36.3166666666667,11.7323727961811,8
7082240105,16:27,987,-75.1906300416804,39.958024348983,-75.1588750233838,39.9528401835985,pm_peak,TRUE,7,13.183358,15.4833333333333,14.4833333333333,23.4833333333333,6.70287784675892,8,21.9833333333333,4.51188905638679,8
7083360202,12:15,735,-75.1580149724927,39.9493530835764,-75.1858598621043,39.9165483287187,off_peak,FALSE,30,30.328418,36.25,43.25,39.3791666666667,5.88872173317722,8,35.35625,2.98490830334285,8
7083360203,13:09,789,-75.1858598621043,39.9165483287187,-75.2109035921265,39.9515172049363,off_peak,FALSE,51,40.972866,46.1,46.3833333333333,48.5416666666667,2.84999303814243,8,44.3833333333333,3.47905296363961,8
7093280101,12:30,750,-75.1550139436622,39.9445812882334,-75.1673759243643,39.9592890487195,off_peak,FALSE,150,25.802495,34.25,35.8333333333333,31.4916666666667,5.31718537550275,8,31.6208333333333,5.03333924629107,8
7093280102,16:30,990,-75.1673759243643,39.9592890487195,-75.2069459522751,39.9687555499558,pm_peak,TRUE,30,23.876497,31.9166666666667,41.9833333333333,37.0166666666667,3.99715176372154,8,34.8166666666667,4.17470652898795,8
7093280201,12:30,750,-75.1550139436622,39.9445812882334,-75.1673759243643,39.9592890487195,off_peak,FALSE,,25.802495,34.25,35.8333333333333,31.4916666666667,5.31718537550275,8,31.6208333333333,5.03333924629107,8
7093280202,16:30,990,-75.1673759243643,39.9592890487195,-75.2069459522751,39.9687555499558,pm_peak,TRUE,30,23.876497,31.9166666666667,41.9833333333333,37.0166666666667,3.99715176372154,8,34.8166666666667,4.17470652898795,8
7106040202,9:30,570,-75.1588750233838,39.9528401835985,-75.1399338189646,40.0555332794609,off_peak,FALSE,,33.959066,38.6666666666667,33.95,40.40625,6.40280777633023,8,40.9208333333333,6.1326458595043,8
7106040203,12:00,720,-75.1399338189646,40.0555332794609,-75.1638872349499,39.9525548857932,off_peak,FALSE,0,30.675832,47.3833333333333,46.3833333333333,45.1333333333333,6.77179022542362,8,44.6333333333333,6.48074069840786,8
7108500202,22:30,1350,-75.2404391377901,39.9919120806968,-75.2553953178008,39.8878418476806,off_peak,FALSE,60,69.619547,94.25,98.8,88.58125,17.2466961121751,8,83.96875,12.0401393412677,8
7108500402,14:35,875,-75.1742868895805,39.952935291834,-75.2553953178008,39.8878418476806,off_peak,FALSE,85,41.757831,75.55,67.3666666666667,69.45,5.42665379663853,8,68.7416666666667,6.2298245790483,8
7112300102,7:24,444,-75.3285784262649,39.9077335323186,-75.202230610969,39.9458213862922,am_peak,TRUE,27,32.504365,,,88.6866666666667,12.753008359686,5,78.88,14.3606058368023,5
7139750301,7:35,455,-75.0534528142384,40.0711126916022,-75.1612826317197,39.9532127364358,am_peak,TRUE,90,51.97947,68.1,63.1,60.1,3.9005494118503,8,57.85,3.76069902316805,8
7139750302,18:30,1110,-75.1612826317197,39.9532127364358,-75.0534528142384,40.0711126916022,pm_peak,TRUE,100,48.85465,72.75,69.75,71.7125,6.2613183230736,8,69.875,4.22365785952008,8
7155170102,16:30,990,-75.0798260530761,40.0248633027149,-75.0798260530761,40.0248633027149,pm_peak,TRUE,0,8.705571,9.05,8.05,9.17083333333333,2.01946382165765,8,8.77083333333333,2.25787422850478,8
7155170103,17:00,1020,-75.0798260530761,40.0248633027149,-75.1584725274299,39.950967187359,pm_peak,TRUE,0,30.248819,37.95,42.95,41.95,3.59563227104378,8,37.7,2.69920623252731,8
7155170104,18:00,1080,-75.1584725274299,39.950967187359,-75.1584725274299,39.950967187359,pm_peak,TRUE,30,4.272549,7.95,9.95,9.12291666666667,1.02248287523984,8,8.33958333333333,1.17766710134371,8
7155170105,19:00,1140,-75.1584725274299,39.950967187359,-75.1167543574063,39.9964550323616,off_peak,FALSE,30,21.066942,24.8166666666667,23.05,26.7916666666667,2.8644371174805,8,25.2895833333333,2.44801405581347,8
7155170106,21:30,1290,-75.1167543574063,39.9964550323616,-75.0972035448796,39.9884463740478,off_peak,FALSE,30,15.751776,37.2666666666667,26.2666666666667,33.05,8.28619046250763,8,30.0458333333333,9.92197237016339,8
7155170107,0:00,0,-75.0972035448796,39.9884463740478,-75.0750322611491,40.0214372944722,off_peak,FALSE,30,21.606563,,,,,0,49.7666666666667,6.01040764008565,2
7186030101,15:00,900,-75.5699866645082,39.9739865373802,-75.6074734875017,39.9538603024119,off_peak,FALSE,15,25.18195,42.3166666666667,42.3166666666667,41.0666666666667,8.96022958889527,8,41.0666666666667,8.96022958889527,8
7190080103,8:25,505,-75.1593108938158,39.9400078893569,-75.1545851492175,39.9813757258968,am_peak,TRUE,25,28.543781,37.2,30.6166666666667,36.6958333333333,3.77145450027162,8,35.5083333333333,2.57968252014892,8
7193950201,7:45,465,-74.9919645563739,40.0557019160434,-75.2268441409671,39.9506693986123,am_peak,TRUE,113,57.10683,77.8833333333333,94.8833333333334,86.8833333333333,3.73210013646089,8,89.8833333333334,4.54344111251121,8
7193950202,10:53,653,-75.2268441409671,39.9506693986123,-74.9919645563739,40.0557019160434,off_peak,FALSE,107,69.843187,89.5333333333333,91.4,94.0708333333333,7.33318046377462,8,92.825,5.17514665078613,8
7196350102,14:15,855,-75.1957094473416,39.9494354858208,-75.1625826795934,39.9513495936779,off_peak,FALSE,,18.77188,16.15,19.15,16.55,2.18893320396685,8,16.2479166666667,1.61371693343964,8
7196350104,16:15,975,-75.1588750233838,39.9528401835985,-75.2414396306448,39.9567061667391,pm_peak,TRUE,75,23.723231,30.4833333333333,27.4833333333333,34.1833333333333,2.53715250963415,8,30.0145833333333,2.36576839928333,8
7200840101,10:22,622,-75.0392105966606,40.0749172415666,-75.0120774331965,40.0817234736775,off_peak,FALSE,28,20.373907,,,,,0,,,0
7200840201,5:00,300,-75.0392105966606,40.0749172415666,-75.0798260530761,40.0248633027149,off_peak,FALSE,25,26.658341,37.0833333333333,,35.2708333333333,6.73576541413711,8,66.15,,1
7200840202,5:30,330,-75.0798260530761,40.0248633027149,-75.216704781889,39.9569805572676,off_peak,FALSE,45,43.004046,54.5333333333333,54.5333333333333,58.0333333333333,4.14901020898789,8,54.2833333333333,4.97134646894438,8
7200840205,15:20,920,-75.216704781889,39.9569805572676,-75.1662257986882,39.9519342771783,off_peak,FALSE,5,14.50493,22.4833333333333,19.75,23.4666666666667,3.91326600088095,8,21.25,3.30583899011604,8
7200840207,15:30,930,-75.1677276497158,39.9525760413027,-75.1815493379532,39.9195932035454,off_peak,FALSE,20,24.626065,27.25,26.1333333333333,32.0166666666667,4.70939621378502,8,30.11875,2.43148066294711,8
7200840210,23:11,1391,-75.1815493379532,39.9195932035454,-75.1662257986882,39.9519342771783,off_peak,FALSE,44,21.76301,34.85,34.6666666666667,30.85,6.84193999222025,8,30.66875,6.91616141298598,8
7200840211,0:05,5,-75.1662257986882,39.9519342771783,-75.0798260530761,40.0248633027149,off_peak,FALSE,0,33.433333,,93.95,97.9,10.9734528142543,4,81.2,13.4396800557156,5
7200840212,0:20,20,-75.0798260530761,40.0248633027149,-75.0392105966606,40.0749172415666,off_peak,FALSE,-20,28.076055,,126.45,,,0,117.95,15.9020438937892,6
7200840301,10:22,622,-75.0392105966606,40.0749172415666,-75.0245969202952,40.0722619717747,off_peak,FALSE,25,17.020753,,,,,0,36.6333333333333,12.6941587616772,6
7218350101,8:55,535,-75.1638872349499,39.9525548857932,-75.2984304981332,40.0094456354775,am_peak,TRUE,175,31.334246,70.05,60.0666666666667,64.7479166666667,10.0031917029532,8,60.2229166666667,5.08397683280598,8
7218350102,16:00,960,-75.2984304981332,40.0094456354775,-75.2626735411038,39.9640057100153,pm_peak,TRUE,60,31.037443,53.05,43.05,55.175,6.90626010018654,8,47.5666666666667,9.73877864641196,8
7218350201,6:55,415,-75.2538526622578,39.9589775244658,-75.3756545846891,40.0397732711601,am_peak,TRUE,,51.199439,96.1166666666667,124.083333333333,96.1166666666667,20.820662813657,8,88.5729166666667,22.424363057437,8
7218350202,12:00,720,-75.3756545846891,40.0397732711601,-75.2626735411038,39.9640057100153,off_peak,FALSE,90,58.624925,68.4833333333333,,83.5,39.1533452522827,4,65.0033333333333,9.9107643499379,5
7218350301,16:00,960,-75.2069459522751,39.9687555499558,-75.2626735411038,39.9640057100153,pm_peak,TRUE,0,29.120277,48.6166666666667,43.05,44.90625,5.80214750541583,8,46.0166666666667,5.20649777178662,8
7225010102,10:09,609,-75.1649773922386,39.9502186753736,-75.1593108938158,39.9400078893569,off_peak,FALSE,4,15.553871,26.3833333333333,23.4333333333333,23.5729166666667,4.42806648747061,8,19.1270833333333,2.98869480325177,8
7225010202,10:09,609,-75.1649773922386,39.9502186753736,-75.1550731760754,39.9469560187574,off_peak,FALSE,4,12.599956,17.85,14.0166666666667,13.7333333333333,2.18486859871499,8,12.9270833333333,1.39152586969547,8
7230170102,7:14,434,-75.3002409178272,39.9964440900826,-75.1672929773502,39.9544153783527,am_peak,TRUE,32,36.444762,65.35,64.35,65.35,7.27520250086356,8,68.85,8.42191020069505,8
7230170104,16:20,980,-75.1662257986882,39.9519342771783,-75.1672929773502,39.9544153783527,pm_peak,TRUE,36,4.05,12.2,12.65,8.25208333333333,3.04153049271173,8,10.275,3.2890149053507,8
7238160101,9:00,540,-75.2069459522751,39.9687555499558,-75.1840170635385,39.9534784074457,am_peak,TRUE,60,19.85563,26.7666666666667,29.0833333333333,30.7791666666667,5.57465032001795,8,31.0041666666667,3.32567871101357,8
7238160102,12:15,735,-75.1840170635385,39.9534784074457,-75.2165947836222,39.9537421538695,off_peak,FALSE,75,18.05345,26.3333333333333,25.3333333333333,26.25625,2.78909351917969,8,24.4875,1.81852788012547,8
7238160103,15:10,910,-75.2165947836222,39.9537421538695,-75.2069459522751,39.9687555499558,off_peak,FALSE,80,20.168932,27.25,32.25,31.38125,4.42000715990945,8,29.3958333333333,4.23272164684645,8
7238160104,19:00,1140,-75.2069459522751,39.9687555499558,-75.2024327640643,39.9546329212277,off_peak,FALSE,60,11.008541,23.5333333333333,35.8666666666667,30.4875,9.62878352764368,8,30.4520833333333,7.75917499654339,8
7238160105,21:30,1290,-75.2024327640643,39.9546329212277,-75.2069459522751,39.9687555499558,off_peak,FALSE,60,12.919618,20.3166666666667,30.1666666666667,26.4916666666667,6.29676787838695,8,29.4541666666667,5.59187867740862,8
7238160205,20:30,1230,-75.1834073455283,39.9599979498596,-75.2069459522751,39.9687555499558,off_peak,FALSE,30,20.568581,29.3166666666667,45.1666666666667,35.16875,6.21936579666274,8,40.1833333333333,8.1461696130807,8
7238160301,8:00,480,-75.2069459522751,39.9687555499558,-75.216704781889,39.9569805572676,am_peak,TRUE,40,15.668211,28.5333333333333,29.5333333333333,34.4770833333333,3.88652472071926,8,31.75625,5.22436247724551,8
7238160303,17:10,1030,-75.2285144184624,39.9571346571898,-75.2189630817448,39.9770601294518,pm_peak,TRUE,0,20.279368,39.2833333333333,31.65,33.1458333333333,4.76195863064769,8,32.4104166666667,3.55661620774668,8
7238160304,17:20,1040,-75.2189630817448,39.9770601294518,-75.2069459522751,39.9687555499558,pm_peak,TRUE,10,15.409131,16.2333333333333,13.2833333333333,17.8604166666667,4.54975960903431,8,18.1791666666667,4.93350023848936,8
7244310102,6:35,395,-75.4829079089365,40.0451966969818,-75.1779217463161,39.9533873770951,am_peak,TRUE,55,41.265516,94.6166666666667,125.85,99.0571428571429,11.1970517661556,7,103.1,17.7294481959629,8
7259750101,8:05,485,-75.1739067739298,39.9188306771315,-75.1673585815214,39.9505151310837,am_peak,TRUE,23,19.614284,27.7666666666667,24.6666666666667,26.81875,5.43253308085677,8,23.19375,3.86343191357032,8
7259750201,15:40,940,-75.1612826317197,39.9532127364358,-75.1674177927973,39.9189023781397,off_peak,FALSE,30,18.064088,33.25,32.25,33.25,3.43303281162798,8,33.0291666666667,2.00170066582283,8
7259750202,16:20,980,-75.1674177927973,39.9189023781397,-75.1543285653421,39.912135860101,pm_peak,TRUE,5,10.470137,15,19.2,15.4458333333333,2.88160215025963,8,17.8625,3.76946535302011,8
7259750203,16:50,1010,-75.1543285653421,39.912135860101,-75.1738700412219,39.9219806989111,pm_peak,TRUE,10,17.669271,24.4833333333333,24.4833333333333,22.3916666666667,3.4822794031022,8,23.4645833333333,2.80900532443397,8
7272680101,6:10,370,-75.1580149724927,39.9493530835764,-75.1580149724927,39.9493530835764,am_peak,TRUE,20,2.079165,6.08333333333333,8.75,7.91458333333333,1.21946636455694,8,8.69583333333333,1.89357204229601,8
7281760101,8:20,500,-75.2182588102061,39.950471058218,-75.1612826317197,39.9532127364358,am_peak,TRUE,21,22.758326,21.8,20.8,29.3916666666667,3.47168821290436,8,25.3,4.00891862868636,8
7281760102,16:41,1001,-75.1612826317197,39.9532127364358,-75.2182588102061,39.950471058218,pm_peak,TRUE,19,24.693771,28.1833333333333,31.6,25.5770833333333,4.19876150957466,8,30.5729166666667,3.53736223019626,8
7286230101,8:45,525,-75.1690343341821,39.9653703786754,-75.1550731760754,39.9469560187574,am_peak,TRUE,35,22.035241,35.9166666666667,32.9166666666667,34.4291666666667,5.60807772006467,8,28.3666666666667,3.07598222795039,8
7286230103,14:00,840,-75.1588750233838,39.9528401835985,-75.1690343341821,39.9653703786754,off_peak,FALSE,30,17.327966,18.0333333333333,28.0333333333333,23.85625,3.46074284965361,8,22.6583333333333,3.44499867532861,8
7294550301,6:00,360,-75.0242936664932,40.0935720600163,-75.1673759243643,39.9592890487195,am_peak,TRUE,90,72.102783,76.7166666666667,77.0166666666667,77.8145833333333,5.7217659993042,8,78.9479166666667,4.2000797186312,8
7296440110,18:38,1118,-75.1648345113326,39.9541020155151,-75.2070232144824,39.990493481725,pm_peak,TRUE,32,31.829861,,,,,0,,,0
7296440111,22:55,1375,-75.2070232144824,39.990493481725,-75.1648345113326,39.9541020155151,off_peak,FALSE,49,33.050632,,,,,0,,,0
7306590104,17:12,1032,-75.1537481432666,39.9503794767793,-75.23225882312,40.073293545902,pm_peak,TRUE,73,58.544828,,94.1333333333333,,,0,79.3645833333333,11.4725636743452,8
7318400101,9:15,555,-75.2859011035678,39.9804280541513,-75.1706866571216,39.953785415184,am_peak,TRUE,45,34.402082,41.75,37.9666666666667,41.20625,5.26692990225217,8,40.4354166666667,5.03884464506923,8
7318400102,18:00,1080,-75.1706866571216,39.953785415184,-75.2859011035678,39.9804280541513,pm_peak,TRUE,45,35.659477,41.7666666666667,41.7666666666667,35.7666666666667,6.50823653973508,8,37.6416666666667,6.37937524930369,8
7321150102,9:00,540,-75.1870662747411,39.9335197790401,-75.1655746637264,39.9307064691021,am_peak,TRUE,10,14.482562,41.4833333333333,23.4833333333333,27.7333333333333,9,8,20.4833333333333,3.67423461417477,8
7321150103,9:20,560,-75.1655746637264,39.9307064691021,-75.1392788470332,40.0429484652339,am_peak,TRUE,45,38.382054,45.0333333333333,43.0333333333333,47.3583333333333,5.46427793339004,8,47.1,3.23942724704367,8
7321150104,10:11,611,-75.1392788470332,40.0429484652339,-75.0602877916782,40.0432878262775,off_peak,FALSE,17,37.250966,65.0333333333333,46.0333333333333,55.0416666666667,5.78792530748967,8,48.6208333333333,6.05235589706702,8
7321150106,11:00,660,-75.0648694032685,40.0546094774541,-75.1322724324316,40.0400578246308,off_peak,FALSE,27,38.760794,57.55,47.55,55.48125,10.8663176890356,8,47.7541666666667,6.71140198964916,8
7321150108,12:04,724,-75.1392788470332,40.0429484652339,-75.1655746637264,39.9307064691021,off_peak,FALSE,51,38.499631,54.4833333333333,46.4833333333333,52.2333333333333,4.0355562548073,8,49.9833333333333,5.70087712549569,8
7321150109,12:57,777,-75.1655746637264,39.9307064691021,-75.1829342839572,39.9329910377486,off_peak,FALSE,10,9.359728,10.6166666666667,12.6166666666667,21.5479166666667,9.20752555172747,8,19.9666666666667,5.74008461858982,8
7327690103,15:30,930,-75.1655206281913,39.9477143701067,-75.1521306030788,39.9429783145413,off_peak,FALSE,20,11.292432,25.7,11.8833333333333,22.8166666666667,5.63539691705016,8,19.0625,3.77012851871379,8
7343290302,16:00,960,-75.177201361549,39.9550054347417,-75.1638872349499,39.9525548857932,pm_peak,TRUE,15,9.63883,6.96666666666667,6.96666666666667,9.34166666666667,1.45773797371133,8,8.4125,1.20803362457145,8
7347290102,9:17,557,-75.1392788470332,40.0429484652339,-75.1634808483634,39.9480403151119,am_peak,TRUE,8,25.862314,35.6166666666667,39.1166666666667,36.1791666666667,6.32984709813075,8,33.3666666666667,4.00891862868637,8
7347290105,12:12,732,-75.1634808483634,39.9480403151119,-75.1322724324316,40.0400578246308,off_peak,FALSE,18,30.482049,45.0333333333333,40.0333333333333,40.38125,1.19344896686366,8,39.9666666666667,1.87825907234789,8
7368370102,10:55,655,-75.1312859799465,39.9929590474227,-75.2605892193798,39.9589840265396,off_peak,FALSE,40,46.04028,69.1833333333333,59.45,66.175,5.03303373438214,8,61.9291666666667,5.01729350616287,8
7368370103,11:38,698,-75.2605892193798,39.9589840265396,-75.1662257986882,39.9519342771783,off_peak,FALSE,27,25.289635,30.75,25.75,31.75,4.11443452111848,8,28,3.1396087108337,8
7368370104,12:06,726,-75.1662257986882,39.9519342771783,-75.1673759243643,39.9592890487195,off_peak,FALSE,24,9.602065,9.71666666666667,17.7166666666667,15.6354166666667,5.46334421030905,8,18.2041666666667,4.82524569651599,8
7368370105,14:30,870,-75.1673759243643,39.9592890487195,-75.1339173390945,39.9885141593941,off_peak,FALSE,45,30.764958,36.0666666666667,39.0666666666667,43.0666666666667,7.84219357067906,8,42.8166666666667,5.43796180304979,8
7385020103,9:20,560,-75.1665551812863,39.9452085642469,-75.1977262540913,39.9594259908695,am_peak,TRUE,5,25.658141,27.2666666666667,34.4,32.0041666666667,4.53665625764174,8,27.825,2.89913780286485,8
7385020105,18:50,1130,-75.1906300416804,39.958024348983,-75.1642635478598,39.945554104478,pm_peak,TRUE,25,15.87485,23.1666666666667,45.15,33.9916666666667,9.61059682998779,8,29.9229166666667,8.05316135055639,8
7385840101,10:00,600,-75.1725391195037,39.9527196860213,-75.0108885726665,40.1294791274976,off_peak,FALSE,30,53.195095,98.8833333333334,83.8833333333333,91.7145833333333,11.2223502811725,8,89.7145833333333,9.66735809308831,8
7385840102,11:00,660,-75.0108885726665,40.1294791274976,-75.1561127285024,39.9506763018863,off_peak,FALSE,60,46.4,79.1166666666667,74.1166666666667,90.1166666666667,9.61026237192007,8,84.6166666666667,8.31951234834625,8
7385840103,13:30,810,-75.1561127285024,39.9506763018863,-75.1694605873533,39.9520071435649,off_peak,FALSE,30,11.297648,11.4833333333333,13.4166666666667,14.3125,1.87368472386484,8,14.6395833333333,2.29505917722923,8
7385840104,14:40,880,-75.1694605873533,39.9520071435649,-75.1619035045634,39.9912045729609,off_peak,FALSE,50,26.646325,38.4,32.7666666666667,34.525,2.99702233177246,8,32.1875,2.25278927638817,8
7385840202,14:45,885,-75.1541388337345,39.9522458625874,-75.1619035045634,39.9912045729609,off_peak,FALSE,45,21.139698,36.1166666666667,31.85,35.3666666666667,3.91663120551323,8,32.3229166666667,3.0192758710847,8
7413510101,14:00,840,-75.3612383019632,39.8509642790314,-75.3285784262649,39.9077335323186,off_peak,FALSE,120,36.917017,93.65,29.65,61.65,18.9830751686112,8,61.65,18.9830751686112,8
7413510201,18:00,1080,-75.3545812381306,39.8898706855614,-75.3285784262649,39.9077335323186,pm_peak,TRUE,45,18.593532,42.65,32.65,62.55,15.7730632348166,8,55.525,17.8640700849498,8
7422620101,7:00,420,-75.0698998938792,40.0651165277988,-75.1638872349499,39.9525548857932,am_peak,TRUE,74,51.881164,65.3833333333333,61.8833333333333,70.9145833333334,5.13236259760876,8,64.8104166666667,10.5437897824355,8
7430200101,14:15,855,-75.1719943253434,40.0385566769693,-75.0798260530761,40.0248633027149,off_peak,FALSE,75,40.840853,49.0333333333333,57.0166666666667,51.8770833333333,5.89930677592782,8,46.38125,4.02145473855988,8
7430200201,10:00,600,-75.2189630817448,39.9770601294518,-75.0798260530761,40.0248633027149,off_peak,FALSE,840,56.322414,68.6833333333333,59.2,72.8333333333333,10.3819899000969,8,62.2125,4.90886588589608,8
7433810103,14:15,855,-75.2316719358833,39.9680910426143,-75.2414396306448,39.9567061667391,off_peak,FALSE,45,18.37703,28.9833333333333,28.9833333333333,23.2333333333333,4.95875848517406,8,21.5229166666667,3.6949658750062,8
7454250102,7:45,465,-75.2404250735521,39.9429205622721,-75.1625826795934,39.9513495936779,am_peak,TRUE,30,33.637645,40.75,31.75,35.75,2.98807152333598,8,31.6,1.64055739656635,8
7454250106,9:23,563,-75.1584725274299,39.950967187359,-75.2354698649569,39.9579979858569,am_peak,TRUE,12,20.39307,22.4166666666667,23.4166666666667,22.2375,3.12296600472478,8,21.9166666666667,1.79284291400159,8
7454250107,9:40,580,-75.2354698649569,39.9579979858569,-75.2322455285086,39.963278945388,off_peak,FALSE,2,8.416739,10.3333333333333,11.3333333333333,12.1895833333333,4.09061971379119,8,9.81458333333333,3.57660428539218,8
7454250202,7:42,462,-75.2404250735521,39.9429205622721,-75.1588750233838,39.9528401835985,am_peak,TRUE,28,33.0495,36.4833333333333,35.4833333333333,35.4833333333333,3.67423461417477,8,34.7333333333333,2.17124059336724,8
7454250207,17:21,1041,-75.1584725274299,39.950967187359,-75.2354698649569,39.9579979858569,pm_peak,TRUE,11,20.366667,24.4166666666667,19.2,20.3895833333333,1.19519333296944,8,20.8625,1.76960111190011,8
7456980101,11:00,660,-75.2024327640643,39.9546329212277,-75.3195257705183,40.0049815590517,off_peak,FALSE,45,40.431106,60.0666666666667,60.0666666666667,67.45625,8.92794763693966,8,63.8166666666667,8.75866917483962,8
7456980102,19:45,1185,-75.3195257705183,40.0049815590517,-75.2024327640643,39.9546329212277,off_peak,FALSE,40,42.911806,45.55,45.55,49.5958333333333,6.26802638490815,8,48.3458333333333,6.20791065994871,8
7490830101,9:00,540,-74.9805169601034,40.0973234577003,-74.9965095266054,40.0731754234799,am_peak,TRUE,15,17.796402,39.8833333333333,26.8833333333333,31.3083333333333,5.68852227861381,8,39.7333333333333,13.5987131744147,5
7490830102,11:30,690,-74.9965095266054,40.0731754234799,-74.9805169601034,40.0973234577003,off_peak,FALSE,345,17.731288,29.8,31.8,31.3,6.39754417167802,8,29.05,4.58257569495584,8
7490830201,5:15,315,-74.9805169601034,40.0973234577003,-74.971722014007,40.068261230225,off_peak,FALSE,75,26.589132,68.7166666666667,46.1666666666667,62.8354166666667,9.31074408181983,8,60.102380952381,9.94475214563416,7
7490830202,15:15,915,-74.971722014007,40.068261230225,-74.9965095266054,40.0731754234799,off_peak,FALSE,45,25.823038,45.05,38.05,47.0375,9.84651960911562,8,33.7458333333333,7.14748679329437,8
7490830203,16:30,990,-74.9965095266054,40.0731754234799,-74.9805169601034,40.0973234577003,pm_peak,TRUE,30,17.186641,32.8,28.8,28.78125,6.6699006293019,8,27.3208333333333,3.90855543078969,8
10003630201,11:00,660,-75.1301600245386,39.9721857729433,-75.1662257986882,39.9519342771783,off_peak,FALSE,30,22.009543,31.85,26.85,29.85,5.16167193289705,8,30.6,6.2449979983984,8
10003630202,13:30,810,-75.1662257986882,39.9519342771783,-75.177201361549,39.9550054347417,off_peak,FALSE,30,8.262528,20.2333333333333,21.9833333333333,16.7354166666667,3.26051945296675,8,17.625,2.60673730266004,8
10003630203,15:00,900,-75.177201361549,39.9550054347417,-75.1301600245386,39.9721857729433,off_peak,FALSE,30,26.791286,30.2666666666667,27.2666666666667,31.04375,3.44427218911317,8,27.6,2.07593925959403,8
10024340103,10:40,640,-75.177201361549,39.9550054347417,-75.1638872349499,39.9525548857932,off_peak,FALSE,0,9.733399,6.96666666666667,8.85,8.4875,1.50714567817384,8,8.46875,1.49890005967339,8
10153090101,15:00,900,-75.1722093187508,39.9861472659912,-75.1074608568458,40.0361390710689,off_peak,FALSE,40,50.302866,59.8333333333333,65.6333333333333,62.575,5.70105114228807,8,59.8854166666667,5.96707525536377,8
10153090102,18:30,1110,-75.1074608568458,40.0361390710689,-75.1722093187508,39.9861472659912,pm_peak,TRUE,40,54.64744,51.8166666666667,58.2333333333333,60.375,5.18412564760527,8,58.6791666666667,6.55744306294835,8
10231310105,17:30,1050,-75.2823672331362,40.2208246075088,-75.2823672331362,40.2208246075088,pm_peak,TRUE,42,17.443993,65.5333333333333,60.1166666666667,64.825,15.6924212068544,6,59.275,10.7459220762967,8
10242350101,17:00,1020,-75.216704781889,39.9569805572676,-75.1608866949941,39.9837724999129,pm_peak,TRUE,90,35.588833,40.6666666666667,40.8,42.4666666666667,3.22711724520286,8,42.1291666666667,4.64696308065987,8
10242350201,5:00,300,-75.1431944251012,40.0284068368576,-75.0563940768372,40.2137895527483,off_peak,FALSE,40,,,,,,0,,,0
10242350202,14:30,870,-75.0563940768372,40.2137895527483,-75.1608866949941,39.9837724999129,off_peak,FALSE,570,,,,,,0,,,0
10283530301,16:45,1005,-75.1140625240641,39.9929319296134,-75.0854738945499,40.0094870178998,pm_peak,TRUE,30,16.249942,28.2666666666667,26.8666666666667,29.9666666666667,5.76912966944384,8,27.55,5.63453072650567,8
10283530302,20:45,1245,-75.0854738945499,40.0094870178998,-75.1140625240641,39.9929319296134,off_peak,FALSE,30,15.172652,33.0666666666667,17.5666666666667,29.4416666666667,6.69621428228561,8,27.7145833333333,6.35254253248132,8
10285100101,8:00,480,-75.214660746654,39.9308500106865,-75.1595117962634,39.9367714452714,am_peak,TRUE,60,28.410963,43.7333333333333,42.1333333333333,42.5729166666667,3.07844448325903,8,39.20625,3.09448995079246,8
10285100102,10:15,615,-75.1595117962634,39.9367714452714,-75.1701368511036,39.9488667930338,off_peak,FALSE,45,18.142603,23.7666666666667,22.7666666666667,34.7375,10.0905257701202,8,29.9958333333333,5.71039674211704,8
10285100103,12:20,740,-75.1701368511036,39.9488667930338,-75.2298442421393,39.9293235759694,off_peak,FALSE,70,32.708417,34.1166666666667,57.1166666666667,39.2958333333333,4.44727266164153,8,44.0916666666667,6.41911208813182,8
10285100104,13:50,830,-75.2298442421393,39.9293235759694,-75.2399779780059,39.9210924003411,off_peak,FALSE,25,5.35,9.15,12.15,13.65,4.92080132847138,8,12.525,2.85043856274785,8
10285100105,15:00,900,-75.2399779780059,39.9210924003411,-75.214660746654,39.9308500106865,off_peak,FALSE,60,16.072397,22.9333333333333,19.9333333333333,23.575,3.21285858970797,8,23.2166666666667,1.46839724740633,8
10293830102,13:20,800,-75.2024327640643,39.9546329212277,-75.2182588102061,39.950471058218,off_peak,FALSE,50,14.665845,15.2333333333333,19.3,19.65,3.92294835672404,8,17.9270833333333,1.65768861600092,8
10293830103,18:00,1080,-75.2182588102061,39.950471058218,-75.1928742171467,39.9459041130135,pm_peak,TRUE,60,21.206552,30.1666666666667,32.6333333333333,31.2666666666667,4.71793269228048,8,29.0145833333333,3.31576845339175,8
10303490101,8:00,480,-75.1401720521647,39.9668670569272,-75.1501439390544,39.9483766989707,am_peak,TRUE,18,16.307908,26.8666666666667,18.6166666666667,30,2.01872189645778,8,25.0625,3.95336655811944,8
10303490102,8:24,504,-75.1501439390544,39.9483766989707,-75.2361840313814,40.0659288695917,am_peak,TRUE,53,43.202467,78.2666666666667,61.6666666666667,74.8875,8.28242904903996,8,63.1666666666667,4.97852531235047,8
10303490103,11:07,667,-75.2361840313814,40.0659288695917,-75.1840170635385,39.9534784074457,off_peak,FALSE,28,32.340381,44.8166666666667,,61.4229166666667,8.89937547969358,8,,,0
10303490104,11:40,700,-75.1840170635385,39.9534784074457,-75.1400970132193,39.9722367087517,off_peak,FALSE,18,22.563951,28.2,33.2,30.1125,3.22664686633043,8,29.45,2.17124059336724,8
10303490105,12:00,720,-75.1400970132193,39.9722367087517,-75.1401720521647,39.9668670569272,off_peak,FALSE,10,8.301245,10.5833333333333,16.0333333333333,12.90625,2.88578807563208,8,12.80625,3.00810990464323,8
10303490106,15:30,930,-75.1401720521647,39.9668670569272,-75.1505658415867,39.9464361327538,off_peak,FALSE,25,17.879484,34.8666666666667,29.3666666666667,31.6166666666667,3.71291183381915,8,25.4645833333333,3.76206458747288,8
10308930204,13:05,785,-75.3045400928903,40.0162243322963,-75.1706866571216,39.953785415184,off_peak,FALSE,20,39.366042,,55.9166666666667,77.3166666666667,17.7412043935392,6,66.0104166666667,9.94155914403197,8
10308930205,16:35,995,-75.1706866571216,39.953785415184,-75.3045400928903,40.0162243322963,pm_peak,TRUE,15,37.085814,61.4833333333333,59.4833333333333,67.1229166666667,7.88880529661726,8,64.5583333333333,10.4626015763782,8
10308930206,18:15,1095,-75.3045400928903,40.0162243322963,-75.1560983260195,39.9553691545034,pm_peak,TRUE,20,50.007173,72.6,58.7333333333333,74.85,5.94017796751194,8,63.2333333333333,10.9446660198342,8
10308930207,19:50,1190,-75.1560983260195,39.9553691545034,-75.3045400928903,40.0162243322963,off_peak,FALSE,20,43.083333,,,73.5166666666667,,1,,,0
10381140103,11:40,700,-75.2065311183375,40.0264644764131,-75.1509013014001,40.0025369261947,off_peak,FALSE,80,28.028044,57.05,35.05,47.3645833333333,7.27063258694082,8,39.1541666666667,5.66350577107922,8
10381140104,15:30,930,-75.1509013014001,40.0025369261947,-75.177201361549,39.9550054347417,off_peak,FALSE,60,27.74279,41.9,26.5833333333333,37.7416666666667,3.95029635215401,8,33.9854166666667,3.38231203797376,8
10381140105,17:15,1035,-75.177201361549,39.9550054347417,-75.2065311183375,40.0264644764131,pm_peak,TRUE,65,14.727857,37.4333333333333,37.75,46.1833333333333,4.13414930501917,8,41.5333333333333,3.47560660458592,8
10416920101,6:50,410,-75.1483131665262,39.937767343598,-75.1509013014001,40.0025369261947,am_peak,TRUE,40,41.273181,42.4333333333333,42.4333333333333,39.6770833333333,3.68472756956396,8,39.2,3.72134554945019,8
10512930203,17:30,1050,-75.177201361549,39.9550054347417,-75.1785792243999,39.9689777214525,pm_peak,TRUE,15,11.359287,28.4333333333333,28.1166666666667,28.03125,3.43436689828904,8,23.5645833333333,3.09281601662602,8
10512930302,7:35,455,-75.1632627264191,39.9610182840982,-75.1398050137829,40.0366774270012,am_peak,TRUE,10,23.770789,29.2666666666667,30.2666666666667,30.5791666666667,3.2561754515733,8,28.58125,2.04171647169573,8
10516820202,7:49,469,-75.4500381380104,39.9613999791314,-75.5219531141482,39.9607510443511,am_peak,TRUE,9,26.19052,,,,,0,,,0
10516820203,12:20,740,-75.5219531141482,39.9607510443511,-75.4500381380104,39.9613999791314,off_peak,FALSE,8,23.923667,,,,,0,,,0
10541430105,15:15,915,-75.1638942692979,40.024836513729,-75.1545693550523,40.0111496191661,off_peak,FALSE,0,12.328213,12.7,33.6833333333333,20.5208333333333,6.68577469956424,8,23.2083333333333,7.2941757587818,8
10541430109,17:10,1030,-75.1719929709651,39.929072094888,-75.1661003080911,39.9138576581668,pm_peak,TRUE,0,17.216507,25.6166666666667,27.2833333333333,25.2208333333333,4.3813163021725,8,24.0354166666667,4.44767138556439,8
10541430110,17:17,1037,-75.1661003080911,39.9138576581668,-75.1543285653421,39.912135860101,pm_peak,TRUE,33,10.589132,17,15.8333333333333,16.5208333333333,3.09881889942419,8,15.325,3.11706771038281,8
10541430113,19:00,1140,-75.1543285653421,39.912135860101,-75.1516301589525,39.9168650559185,off_peak,FALSE,3,7.406299,14.1666666666667,14.5166666666667,14.46875,2.57827365492543,8,12.3229166666667,1.62987820900535,8
10541430114,19:19,1159,-75.1516301589525,39.9168650559185,-75.1661003080911,39.9138576581668,off_peak,FALSE,0,11.154613,34.3333333333333,36.3333333333333,33.125,5.93047684048725,8,29.0729166666667,7.87586698427343,8
10541430115,20:13,1213,-75.1661003080911,39.9138576581668,-75.1638942692979,40.024836513729,off_peak,FALSE,227,50.384212,58.65,54.6833333333333,68.775,10.4462912078881,8,60.2541666666667,7.013364509708,8
10716540102,7:38,458,-75.1191244525154,40.0364863338015,-75.0602877916782,40.0432878262775,am_peak,TRUE,8,31.459703,50.9,46.2166666666667,46.875,7.49400818855696,8,44.6083333333333,3.91208952408357,8
10716540103,7:52,472,-75.0602877916782,40.0432878262775,-75.1392788470332,40.0429484652339,am_peak,TRUE,19,35.345643,47.0833333333333,45,43.5104166666667,4.16415102630071,8,43.8895833333333,5.05645852523882,8
10716540105,11:08,668,-75.1601184429639,40.0511089560396,-75.1046013715564,40.0456485850198,off_peak,FALSE,10,31.321244,58.4833333333333,31.45,48.19375,7.37152359550233,8,42.4583333333333,4.64914226600174,8
10716540108,13:11,791,-75.222939243936,40.2183267533376,-75.0602877916782,40.0432878262775,off_peak,FALSE,7,,,,,,0,,,0
10716540202,6:21,381,-75.1046013715564,40.0456485850198,-75.0602877916782,40.0432878262775,am_peak,TRUE,9,33.071501,27.9,27.9,35.35625,5.31607279486629,8,35.1770833333333,4.29410760450267,8
10717170102,8:40,520,-75.2182588102061,39.950471058218,-75.1662257986882,39.9519342771783,am_peak,TRUE,20,21.986538,30.4833333333333,23.75,26.8083333333333,3.61046758612734,8,22.25,5.13392080744755,8
10717170105,17:10,1030,-75.1608290378846,39.9512565309348,-75.2162654488479,39.9464660922369,pm_peak,TRUE,20,23.865408,28.3833333333333,25.1666666666667,31.1791666666667,2.33479121122211,8,26.6895833333333,1.44524226287938,8
10728430104,16:10,970,-75.177201361549,39.9550054347417,-75.1700384657366,39.9693644720962,pm_peak,TRUE,35,15.037933,22.6666666666667,17.6666666666667,25.6604166666667,4.29884570608924,8,21.2958333333333,3.27234382774551,8
10733780301,7:40,460,-75.064739389944,39.9987906700722,-74.9919645563739,40.0557019160434,am_peak,TRUE,54,31.851304,71.4,64.5833333333333,65.3291666666667,7.25300567143314,8,59.1958333333333,10.1270529958598,8
10733780302,12:45,765,-74.9919645563739,40.0557019160434,-75.064739389944,39.9987906700722,off_peak,FALSE,49,34.912321,68.6333333333333,59.6333333333333,73.2458333333333,8.01000242752078,8,67.7729166666667,8.10427546138261,8
10767710306,9:27,567,-75.214650332805,40.1349579453564,-75.1889970534327,40.1395442243909,am_peak,TRUE,3,19.477069,,33.8333333333333,,,0,48.8333333333333,18.1835875762419,8
10767710309,17:49,1069,-75.1889970534327,40.1395442243909,-75.214650332805,40.1349579453564,pm_peak,TRUE,10,19.683333,,61.25,,,0,44.0833333333333,20.8120558010656,6
10767710314,22:17,1337,-75.1906300416804,39.958024348983,-75.1537481432666,39.9503794767793,off_peak,FALSE,23,12.691868,37.4666666666667,49.4666666666667,37.4666666666667,15.9020438937893,6,32.9666666666667,12.4125512515127,8
10886840101,5:30,330,-74.9907571215361,40.0991165357115,-75.1572994746159,39.95264251715,off_peak,FALSE,35,69.506076,80.6166666666667,72.6166666666667,96.9380952380952,7.71053700804172,7,79.9380952380952,8.27359540661622,7
10886840102,6:15,375,-75.1572994746159,39.95264251715,-75.0164718495484,40.1003470300558,am_peak,TRUE,30,63.897203,68.8666666666667,75.25,73.3333333333333,6.83661941893544,8,67.0291666666667,4.06208514365291,8
10886840103,15:00,900,-75.0164718495484,40.1003470300558,-75.1662257986882,39.9519342771783,off_peak,FALSE,30,66.086999,79.0833333333333,80.85,80.7791666666667,5.40373731635125,8,80.8125,4.10867983663853,8
10886840105,16:20,980,-75.1584725274299,39.950967187359,-74.9907571215361,40.0991165357115,pm_peak,TRUE,55,68.580697,89.5,85.5,107.63125,11.1952776236871,8,81.08125,7.03287877960167,8
10983270104,7:21,441,-75.1827055398227,40.0389450998406,-75.1545693550523,40.0111496191661,am_peak,TRUE,15,20.949344,26.8,31.8,26.8,4.21731126260729,8,26.7583333333333,4.36458510910295,8
10983270105,7:42,462,-75.1545693550523,40.0111496191661,-75.1537481432666,39.9503794767793,am_peak,TRUE,12,16.358269,34.2333333333333,22.4,27.4895833333333,3.88413477832457,8,24.775,2.94895730832937,8
10983270109,17:04,1024,-75.1537481432666,39.9503794767793,-75.1545693550523,40.0111496191661,pm_peak,TRUE,10,15.898881,22.6333333333333,20.2833333333333,19.55625,2.39108691330619,8,20.1479166666667,2.4440961828033,8
10983270110,17:20,1040,-75.1545693550523,40.0111496191661,-75.1827055398227,40.0389450998406,pm_peak,TRUE,22,23.61017,28.7,35.7,32.4541666666667,4.66041034708046,8,29.025,3.20724625986664,8
10983270202,5:54,354,-75.1827055398227,40.0389450998406,-75.1545693550523,40.0111496191661,off_peak,FALSE,14,19.056807,35.9166666666667,34.45,35.0452380952381,14.262056998949,7,38.4761904761905,10.5421019108341,7
10983270203,6:16,376,-75.1545693550523,40.0111496191661,-75.1634808483634,39.9480403151119,am_peak,TRUE,10,17.976477,30.3666666666667,30.3666666666667,30.9604166666667,6.63720237427961,8,29.9916666666667,4.87706000431759,8
10983270206,13:11,791,-75.1634808483634,39.9480403151119,-75.1545693550523,40.0111496191661,off_peak,FALSE,12,20.530366,26.7833333333333,24.0166666666667,29.85625,3.35494112620735,8,27.1291666666667,2.11237378696883,8
10983270207,13:27,807,-75.1545693550523,40.0111496191661,-75.1827055398227,40.0389450998406,off_peak,FALSE,26,24.462103,22.3333333333333,29.3166666666667,30.5,6.33395986875885,8,31.0020833333333,3.61369130958254,8
11028550101,9:00,540,-75.1710393335578,40.0215935498751,-75.1792803129236,39.9102291849896,am_peak,TRUE,30,56.916649,85.9833333333333,66.3,67.14375,9.39883873906012,8,62.08125,4.17605074221893,8
11028550102,9:45,585,-75.1792803129236,39.9102291849896,-75.214203546323,39.966573251699,off_peak,FALSE,15,46.904974,71.3166666666667,58.8833333333333,71.0666666666667,13.5909633843332,8,66.3095238095238,10.4446994227573,7
11028550103,10:15,615,-75.214203546323,39.966573251699,-75.1932965395644,39.9698350451223,off_peak,FALSE,420,20.838859,30.8833333333333,38.55,38.3833333333333,9.05932826270406,8,32.4083333333333,5.4934159725638,8
11056340101,9:10,550,-75.3147109767587,40.1422852431983,-75.283892350158,40.1787913892908,am_peak,TRUE,20,22.223293,37.3,56.3,56.925,21.526976431578,8,59.55,17.3740364583807,8
11056340102,18:15,1095,-75.283892350158,40.1787913892908,-75.3147109767587,40.1422852431983,pm_peak,TRUE,35,23.224736,35.5166666666667,35.5166666666667,41.9666666666667,20.5160564297472,8,33.6416666666667,7.87287386264653,8
11065170302,6:56,416,-75.2657692657726,39.9241817714539,-75.269943076881,39.9356820759347,am_peak,TRUE,4,12.296367,22.2666666666667,7.26666666666667,17.15,6.07357665081567,8,12.3125,5.23626510236277,8
11097420101,5:15,315,-75.1583891414117,40.0192666370153,-75.1612826317197,39.9532127364358,off_peak,FALSE,75,24.611579,35.6166666666667,35.0666666666667,33.0145833333333,4.8635952269639,8,32.2979166666667,4.72714583423182,8
11097420102,15:00,900,-75.1612826317197,39.9532127364358,-75.1583891414117,40.0192666370153,off_peak,FALSE,90,24.047017,35.2333333333333,37.25,42.6645833333333,5.88284051288151,8,42.3666666666667,3.19781671551572,8
11126420102,8:55,535,-75.1727947008017,39.9254003368501,-75.183199136493,39.9280075886022,am_peak,TRUE,0,8.200172,16.15,17.0166666666667,15.2854166666667,5.39472432986507,8,14.9229166666667,3.75012102979294,8
11126420104,14:00,840,-75.1779217463161,39.9533873770951,-75.1900612521521,39.9261972601751,off_peak,FALSE,60,24.588479,48.5333333333333,40.5333333333333,38.3895833333333,8.57396824974405,8,31.8875,5.72393159088601,8
11193150101,14:30,870,-75.1830900642771,39.9921503642697,-75.1830900642771,39.9921503642697,off_peak,FALSE,60,8.632493,11.0833333333333,6.35,9.825,3.68026698479405,8,8.20625,3.04823573094808,8
11193150301,18:00,1080,-75.1830900642771,39.9921503642697,-75.1804047012754,39.9816583790678,pm_peak,TRUE,60,12.254658,16.6333333333333,15.75,16.9729166666667,5.05040417603085,8,16.3666666666667,4.18933831953873,8
11193150302,23:00,1380,-75.1804047012754,39.9816583790678,-75.1830900642771,39.9921503642697,off_peak,FALSE,90,10.78171,13.05,30.9,18.38125,5.66877018030744,8,17.14375,4.86499431067058,8
11196660401,13:00,780,-75.0899078827828,40.1754087918635,-75.1545851492175,39.9813757258968,off_peak,FALSE,40,55.2,,,,,0,,,0
11203010101,8:15,495,-75.13315298552,40.0493311400039,-75.1638872349499,39.9525548857932,am_peak,TRUE,45,32.824934,38.3833333333333,42.8833333333333,45.3833333333333,3.97312399576382,8,42.6958333333333,4.18703355611106,8
11203010107,12:30,750,-75.1603747972298,39.949646258079,-75.1392788470332,40.0429484652339,off_peak,FALSE,0,29.908192,50.5666666666667,46.3166666666667,41.2666666666667,4.76684981333135,8,41.06875,3.92733034148022,8
11230090202,8:15,495,-75.0798260530761,40.0248633027149,-75.1612826317197,39.9532127364358,am_peak,TRUE,19,31.28346,44.1,35.1,46.8604166666667,5.08390658360219,8,40.35,3.64495737776374,8
11230090203,13:00,780,-75.1612826317197,39.9532127364358,-75.0589769417546,40.017025533914,off_peak,FALSE,50,36.29054,55.65,64.5333333333333,56.8041666666667,6.14317759407792,8,58.5145833333333,4.52592564854865,8
11313060201,7:45,465,-75.0673055651795,40.0442784991825,-75.1647675352254,39.9513827603519,am_peak,TRUE,45,43.505399,59.4,54.4,54.4,5.32514251989023,8,52.0583333333333,3.5844350465833,8
11313060202,20:00,1200,-75.1647675352254,39.9513827603519,-75.0673055651795,40.0442784991825,off_peak,FALSE,45,45.196552,53.15,60.15,61.5625,7.21985110649797,8,62.6645833333333,4.35155908477111,8
11374790102,7:48,468,-75.3393886203709,40.0346462639254,-75.2626735411038,39.9640057100153,am_peak,TRUE,14,25.884273,34.4833333333333,34.4833333333333,35.4666666666667,4.29240747189289,8,35.4666666666667,4.29240747189289,8
11374790103,8:04,484,-75.2626735411038,39.9640057100153,-75.150229373412,39.9517620658106,am_peak,TRUE,22,28.61965,40.85,39.85,39.85,3.67423461417477,8,38.35,3.03550419441083,8
11374790106,17:16,1036,-75.150229373412,39.9517620658106,-75.2626735411038,39.9640057100153,pm_peak,TRUE,21,28.409773,39.0833333333333,32.4833333333333,41,4.56446766659214,8,36.5583333333333,2.44313096024116,8
11374790107,17:47,1067,-75.2626735411038,39.9640057100153,-75.3393886203709,40.0346462639254,pm_peak,TRUE,12,23.889108,50.8,50.8,40.175,7.11010347523659,8,40.175,7.11010347523659,8
11470540108,18:23,1103,-75.2232933759479,39.9448265734297,-75.1858598621043,39.9165483287187,pm_peak,TRUE,16,36.007296,63.1166666666667,54.7333333333333,51.0020833333333,5.80809805153034,8,49.6020833333333,3.43801619500881,8
11470540109,19:32,1172,-75.1858598621043,39.9165483287187,-75.2302974929617,39.93947440453,off_peak,FALSE,31,21.978321,27.85,29.5,35.1833333333333,5.77418997273815,8,31.5,4.35616694769501,8
11662350104,10:30,630,-75.0589191747288,40.0341434174917,-75.0272886661161,40.0451130655592,off_peak,FALSE,18,15.264737,41.2666666666667,35.7166666666667,36.89375,7.68955144263233,8,31.9666666666667,8.75866917483962,8
11662350105,11:35,695,-75.0272886661161,40.0451130655592,-75.0521615628162,40.0286394093827,off_peak,FALSE,17,20.600363,29.15,45.15,39.5428571428571,10.7304639761222,7,38.04375,8.03347627564982,8
11712980102,18:10,1090,-75.1638872349499,39.9525548857932,-75.1584725274299,39.950967187359,pm_peak,TRUE,10,6.276623,7.6,6.6,9.6,2.8908723349783,8,7.35,1.73205080756888,8
11816680101,6:15,375,-75.2669034171152,39.9566940557434,-75.150229373412,39.9517620658106,am_peak,TRUE,40,34.518214,45.2333333333333,34.85,41.6958333333333,6.51595569133405,8,37.1,3.64495737776374,8
11816680102,17:30,1050,-75.150229373412,39.9517620658106,-75.2669034171152,39.9566940557434,pm_peak,TRUE,75,33.949449,43.1833333333333,48.1833333333333,43.6625,3.8747119708622,8,40.3604166666667,4.39909746786157,8
11928380302,7:04,424,-75.0272886661161,40.0451130655592,-75.0490199739364,40.069819370287,am_peak,TRUE,16,22.787389,46.8833333333333,42.8833333333333,42.0354166666667,8.05963111872009,8,37.5104166666667,9.44394043356365,8
11928380304,14:50,890,-75.0272886661161,40.0451130655592,-75.0440576064122,40.055019358023,off_peak,FALSE,15,10.25,34.1333333333333,15.1333333333333,26.6333333333333,9.05932826270406,8,22.1666666666667,7.41711876631693,8
11988050101,12:00,720,-75.1833128313549,39.9960562366823,-75.1732743609913,39.9456003211594,off_peak,FALSE,60,40.558533,43.9166666666667,45.8166666666667,50.625,6.4609633661744,8,49.3541666666667,5.10719030946986,8
11988050102,14:45,885,-75.1732743609913,39.9456003211594,-75.1833128313549,39.9960562366823,off_peak,FALSE,45,38.390124,43.8333333333333,44.5833333333333,47.79375,3.82067202494826,8,51.38125,3.95820864465268,8
11988050201,23:00,1380,-75.1833128313549,39.9960562366823,-75.1833128313549,39.9960562366823,off_peak,FALSE,45,8.982749,13.6,13.6,12.5916666666667,4.61748746356614,8,12.5916666666667,4.61748746356614,8
11988050501,14:00,840,-75.1938842464804,39.9345602638164,-75.1833128313549,39.9960562366823,off_peak,FALSE,90,47.955116,66.5833333333333,65.0666666666667,63.1958333333333,6.85749937069247,8,62.5104166666667,5.91809799923687,8
11988050601,14:00,840,-75.1938842464804,39.9345602638164,-75.1833128313549,39.9960562366823,off_peak,FALSE,90,47.955116,66.5833333333333,65.0666666666667,63.1958333333333,6.85749937069247,8,62.5104166666667,5.91809799923687,8
11988790201,5:00,300,-74.9537657364031,40.1342148390318,-75.1545851492175,39.9813757258968,off_peak,FALSE,180,68.433333,163.616666666667,123.566666666667,145.008333333333,12.6618009660436,4,106.566666666667,10.9734528142543,4
12010950302,9:00,540,-75.4245283894686,39.9086253629038,-75.1928742171467,39.9459041130135,am_peak,TRUE,33,77.575071,98.05,108.65,92.8229166666667,17.2231685447894,8,100.633333333333,20.0624580304165,8
12010950305,15:33,933,-75.1965975232029,39.9477559566907,-75.1965975232029,39.9477559566907,off_peak,FALSE,33,6.873948,7.7,7.7,9.76875,2.96098221450301,8,7.94791666666667,2.39641659566946,8
12024070101,2:50,170,-75.2341467351472,39.9457946759268,-75.2341467351472,39.9457946759268,off_peak,FALSE,,7.515555,,,,,0,,,0
12024100303,15:45,945,-75.1722288078707,39.9400534674801,-75.2300055470776,39.9884080077411,off_peak,FALSE,50,46.595822,75.1166666666667,69.2666666666667,63.5083333333333,4.77612282153099,8,60.4125,3.28933763294254,8
12091100102,10:30,630,-75.1672929773502,39.9544153783527,-75.2344133789046,40.0088074073246,off_peak,FALSE,50,34.232579,,132.2,,,0,123.7,15.9020438937892,6
12105620205,15:45,945,-75.1779217463161,39.9533873770951,-75.1584725274299,39.950967187359,off_peak,FALSE,15,13.452001,18.6333333333333,13.9666666666667,14.5916666666667,4.54206092653076,8,9.55625,1.0676311673625,8
12105620402,12:00,720,-75.1833908620653,39.9475606076449,-75.1628439188361,39.9457617844426,off_peak,FALSE,60,18.794178,29.3833333333333,31.3833333333333,26.3958333333333,5.78790302515267,8,26.7583333333333,5.7678295001549,8
12119850401,8:15,495,-75.1906210349248,39.9616350467224,-75.2859011035678,39.9804280541513,am_peak,TRUE,35,31.085682,46.7666666666667,46.7666666666667,48.2666666666667,9.29285439771564,8,40.0166666666667,4.81070235442364,8
12119850402,18:08,1088,-75.2859011035678,39.9804280541513,-75.1906210349248,39.9616350467224,pm_peak,TRUE,22,34.446452,54.2333333333333,46.4166666666667,48.1020833333333,5.26293898745884,8,41.7791666666667,5.13554953706213,8
12129060101,14:10,850,-75.175919233186,40.0332814777088,-75.1191244525154,40.0364863338015,off_peak,FALSE,25,30.99583,34.1,32.3833333333333,35.8604166666667,4.36817438074934,8,32.5645833333333,3.65129285104975,8
12129060102,17:25,1045,-75.1191244525154,40.0364863338015,-75.1710393335578,40.0215935498751,pm_peak,TRUE,20,19.968887,40.15,45.15,46.2083333333333,5.79298289257363,8,46.8166666666667,5.84799517946515,8
12237930101,7:15,435,-75.1498041127206,39.934304016358,-75.1541388337345,39.9522458625874,am_peak,TRUE,26,18.770056,25.0333333333333,22.0333333333333,24.5083333333333,3.7181771434187,8,24.8041666666667,4.53683119606486,8
12237930105,17:18,1038,-75.1541388337345,39.9522458625874,-75.1498041127206,39.934304016358,pm_peak,TRUE,26,18.525122,24.9833333333333,24.2666666666667,26.6666666666667,3.3583938905092,8,23.6416666666667,1.81225983630541,8
12237930201,6:55,415,-75.1498041127206,39.934304016358,-75.1461838934269,39.9589037110814,am_peak,TRUE,27,16.934334,19.7833333333333,23.7833333333333,23.2583333333333,2.94590110718831,8,23.2458333333333,3.43792746259941,8
12237930203,14:40,880,-75.1541388337345,39.9522458625874,-75.1611907875754,39.9477574019743,off_peak,FALSE,18,11.558189,15.9166666666667,14.15,14.9916666666667,2.24833271559171,8,13.85,2.6744677559802,8
12237930204,15:58,958,-75.1611907875754,39.9477574019743,-75.1498041127206,39.934304016358,off_peak,FALSE,17,17.3371,24.0833333333333,23.6166666666667,24.5875,6.0764687296342,8,25.6541666666667,4.53925339990746,8
12237930301,7:15,435,-75.1498041127206,39.934304016358,-75.1541388337345,39.9522458625874,am_peak,TRUE,26,18.770056,25.0333333333333,22.0333333333333,24.5083333333333,3.7181771434187,8,24.8041666666667,4.53683119606486,8
12237930302,14:40,880,-75.1541388337345,39.9522458625874,-75.1611907875754,39.9477574019743,off_peak,FALSE,18,11.558189,15.9166666666667,14.15,14.9916666666667,2.24833271559171,8,13.85,2.6744677559802,8
12237930303,15:56,956,-75.1611907875754,39.9477574019743,-75.1498041127206,39.934304016358,off_peak,FALSE,19,17.3371,26.0833333333333,25.6166666666667,24.0875,5.36253723115799,8,25.4270833333333,5.00175316486352,8
12289130103,10:00,600,-75.1720816011546,39.9549927124551,-75.177201361549,39.9550054347417,off_peak,FALSE,15,6.708558,14.6333333333333,6.16666666666667,10.84375,4.06004474035087,8,10.3979166666667,3.15129650189523,8
12425930102,7:25,445,-75.300281066518,40.0007168757721,-75.2626735411038,39.9640057100153,am_peak,TRUE,10,26.509675,57.4833333333333,59.05,50.4458333333333,9.20896625706759,8,46.875,9.62646401976393,8
12425930103,7:40,460,-75.2626735411038,39.9640057100153,-75.1662257986882,39.9519342771783,am_peak,TRUE,25,23.951639,36.75,35.75,37.75,4.11443452111848,8,35.75,3.55567956132961,8
12425930106,17:25,1045,-75.1662257986882,39.9519342771783,-75.2626735411038,39.9640057100153,pm_peak,TRUE,25,23.869646,38.8166666666667,40.3833333333333,37.6958333333333,3.38524752324713,8,36.8541666666667,2.33918908076187,8
12425930107,18:00,1080,-75.2626735411038,39.9640057100153,-75.300281066518,40.0007168757721,pm_peak,TRUE,10,23.85127,36.0666666666667,36.0666666666667,40.6916666666667,5.68048036198147,8,39.2083333333333,6.67370461837601,8
12583270202,15:54,954,-75.3235511564497,40.1219444180383,-75.2782358419767,40.1133698952466,off_peak,FALSE,26,48.722562,37.6166666666667,37.6166666666667,51.3666666666667,11.2768198826915,7,45.2416666666667,9.70180395596613,8
12583270203,17:15,1035,-75.2782358419767,40.1133698952466,-75.3235511564497,40.1219444180383,pm_peak,TRUE,35,37.326109,61.7333333333333,32.7333333333333,51.71875,12.8162113285269,8,48.925,10.9657077305455,8
12583270302,15:54,954,-75.3235511564497,40.1219444180383,-75.2782358419767,40.1133698952466,off_peak,FALSE,26,48.722562,37.6166666666667,37.6166666666667,51.3666666666667,11.2768198826915,7,45.2416666666667,9.70180395596613,8
12583270303,17:15,1035,-75.2782358419767,40.1133698952466,-75.3235511564497,40.1219444180383,pm_peak,TRUE,35,37.326109,61.7333333333333,32.7333333333333,51.71875,12.8162113285269,8,48.925,10.9657077305455,8
12583270402,15:54,954,-75.3235511564497,40.1219444180383,-75.2782358419767,40.1133698952466,off_peak,FALSE,26,48.722562,37.6166666666667,37.6166666666667,51.3666666666667,11.2768198826915,7,45.2416666666667,9.70180395596613,8
12583270403,17:15,1035,-75.2782358419767,40.1133698952466,-75.3235511564497,40.1219444180383,pm_peak,TRUE,35,37.326109,61.7333333333333,32.7333333333333,51.71875,12.8162113285269,8,48.925,10.9657077305455,8
12688310207,11:50,710,-75.0798260530761,40.0248633027149,-75.1400970132193,39.9722367087517,off_peak,FALSE,15,29.022495,58.0833333333333,39.0833333333333,47.0833333333333,6.82955760960087,8,40.5833333333333,4.51188905638679,8
12765360101,5:30,330,-75.1798114670555,39.9715794694621,-75.1638872349499,39.9525548857932,off_peak,FALSE,30,16.091007,22.2166666666667,22.2166666666667,28.4166666666667,9.35668846588466,8,30.8416666666667,11.9754212571297,8
12783680105,13:26,806,-75.1583891414117,40.0192666370153,-75.175919233186,40.0332814777088,off_peak,FALSE,23,14.88109,18.4833333333333,25.4833333333333,24.9770833333333,5.14006930887123,8,28.1895833333333,7.12820764610794,8
12783680108,19:40,1180,-75.1874482344911,40.0457370394131,-75.1874482344911,40.0457370394131,off_peak,FALSE,80,9.51848,18.0166666666667,22.45,20.7604166666667,3.92506129261616,8,18.7708333333333,2.26961905061634,8
12784730101,8:00,480,-75.3505492479473,40.1203018431899,-75.4109709119456,40.1265917475322,am_peak,TRUE,36,21.880141,26.4666666666667,26.4666666666667,48.8479166666667,17.2720446614092,8,32.8416666666667,9.45572389009505,8
12852100101,9:04,544,-75.1629816913276,39.9348297671495,-75.1661003080911,39.9138576581668,am_peak,TRUE,33,13.606034,14.0166666666667,13.0166666666667,18.1416666666667,4.38951673226759,8,16.8916666666667,3.15945293637092,8
12852100102,10:05,605,-75.1661003080911,39.9138576581668,-75.1655746637264,39.9307064691021,off_peak,FALSE,18,16.919866,29.1166666666667,20.1166666666667,24.6166666666667,6.22781777878209,8,21.2958333333333,4.17339219112611,8
12852100104,16:05,965,-75.1629816913276,39.9348297671495,-75.1611907875754,39.9477574019743,pm_peak,TRUE,23,13.256756,14.95,21.95,17.45,3.03550419441083,8,17.9895833333333,3.07089431030756,8
12852100106,18:30,1110,-75.1611907875754,39.9477574019743,-75.1629816913276,39.9348297671495,pm_peak,TRUE,15,11.059562,13.1,16.1,17.0666666666667,4.55070202154447,8,15.6,4.06201920231798,8
12904600101,6:35,395,-75.0806751855718,40.016348069306,-75.1675355693758,39.9533981752196,am_peak,TRUE,22,30.975616,34.4166666666667,35.4166666666667,44.4166666666667,4.93529562003563,8,42.7916666666667,3.52288437018791,8
12904600103,17:00,1020,-75.1672929773502,39.9544153783527,-75.0806751855718,40.016348069306,pm_peak,TRUE,40,32.163669,47.6166666666667,42.6166666666667,45.6166666666667,3.75119028728597,8,41.1166666666667,1.79284291400159,8
12918480301,8:00,480,-75.3264776780465,39.8728102528069,-75.3938186136374,39.9651711354682,am_peak,TRUE,95,76.919532,72.6833333333333,107.683333333333,92.0583333333333,8.8952234373286,8,95.6833333333333,10.8199551094923,8
12918480302,13:00,780,-75.3938186136374,39.9651711354682,-75.3264776780465,39.8728102528069,off_peak,FALSE,90,67.826421,106.883333333333,96.8833333333333,104.76875,7.73755240770004,8,100.264583333333,20.537641472718,8
12951000103,9:30,570,-75.1706866571216,39.953785415184,-75.1541388337345,39.9522458625874,off_peak,FALSE,20,9.200766,13.9666666666667,12.2333333333333,12.1041666666667,1.74314416710196,8,11.5041666666667,2.19459563473547,8
12951000104,11:00,660,-75.1541388337345,39.9522458625874,-75.1584725274299,39.950967187359,off_peak,FALSE,10,5.820182,6.6,5.15,8.82291666666667,3.50147290436468,8,7.91666666666667,2.39791576165636,8
12951000105,11:17,677,-75.1584725274299,39.950967187359,-75.1661426003533,40.014873112626,off_peak,FALSE,65,30.404858,40.8166666666667,42.8166666666667,47.4958333333333,5.34393848873924,8,38.95625,3.61543140524499,8
12951000106,12:44,764,-75.1661426003533,40.014873112626,-75.211934088646,40.0470512663366,off_peak,FALSE,-22,41.48002,70.6333333333333,72.2666666666667,71.8541666666667,9.17830754360952,8,72.3791666666667,8.64294716600106,8
12988510201,8:05,485,-75.3033644043198,39.9449510611518,-75.1692942790448,39.9527602328087,am_peak,TRUE,60,43.702994,,,67.4527777777778,6.73453303393674,6,64.7805555555556,8.46910999303197,6
12988510202,18:00,1080,-75.1692942790448,39.9527602328087,-75.3033644043198,39.9449510611518,pm_peak,TRUE,120,43.757699,51.9333333333333,51.9333333333333,56.1395833333333,6.44102018871457,8,50.6770833333333,4.00387646983699,8
13028350101,9:30,570,-75.1411591473044,40.2793198687386,-75.1477600680928,40.3266281579924,off_peak,FALSE,10,72.313455,,,,,0,,,0
13054210103,13:15,795,-75.2128647817132,40.0824469736708,-75.1962680244175,40.0724717157188,off_peak,FALSE,345,20.600137,28.05,39.05,38.275,11.1281888598993,8,33.7166666666667,5.7092239485974,8
13084440201,5:15,315,-75.1139704218066,40.0309825414845,-75.1859236878394,40.0056791510122,off_peak,FALSE,,28.305899,,,56.9833333333333,6.01040764008565,2,56.9833333333333,6.01040764008565,2
13084440202,14:00,840,-75.1859236878394,40.0056791510122,-75.1139704218066,40.0309825414845,off_peak,FALSE,600,29.215779,58.0666666666667,42.65,48.3770833333333,7.85027518221546,8,41.2125,5.93296380604244,8
13205640201,7:45,465,-75.1629816913276,39.9348297671495,-75.1446587384151,39.9502859178682,am_peak,TRUE,20,22.243986,25.6,22.5,25.2625,3.50323829783653,8,21.3958333333333,2.48397642679815,8
13205640202,17:20,1040,-75.1446587384151,39.9502859178682,-75.1629816913276,39.9348297671495,pm_peak,TRUE,21,22.243314,39.8333333333333,31.8333333333333,33.7791666666667,4.44548772477342,8,29.4,4.12683821475881,8
13249230101,8:00,480,-75.0589769417546,40.017025533914,-75.1018775098952,39.9927596244991,am_peak,TRUE,60,30.857729,36.75,45.4833333333333,35.375,4.51386752131695,8,36.6270833333333,5.50860753225754,8
13252800201,9:20,560,-75.1738700412219,39.9219806989111,-75.1691139313301,39.9535949564727,am_peak,TRUE,40,23.304787,21.6833333333333,20.6833333333333,33.3083333333333,9.22632104362297,8,27.59375,4.41645495898712,8
13255850102,12:00,720,-75.2065311183375,40.0264644764131,-75.1541388337345,39.9522458625874,off_peak,FALSE,60,27.146609,43.35,46.9833333333333,54.5916666666667,6.29319990778658,8,50.0041666666667,4.32183226502188,8
13271810402,9:55,595,-75.2626735411038,39.9640057100153,-75.3922133622912,40.087943010321,off_peak,FALSE,5,44.007047,59.2166666666667,39.2166666666667,58.4666666666667,12.4269292839612,8,50.4666666666667,9.68798961896341,8
13271810405,17:37,1057,-75.4050587593771,40.0953145055857,-75.4050587593771,40.0953145055857,pm_peak,TRUE,10,12.413864,13.8333333333333,17.3833333333333,15.2875,6.58859494378986,8,16.6416666666667,8.80277283154629,8
13277160201,8:00,480,-75.1738700412219,39.9219806989111,-75.1634808483634,39.9480403151119,am_peak,TRUE,20,15.361359,21.2666666666667,21,24.1083333333333,4.19983937712513,8,21.2333333333333,4.38007755240468,8
13277160202,16:30,990,-75.1634808483634,39.9480403151119,-75.1738700412219,39.9219806989111,pm_peak,TRUE,20,18.005271,22.1833333333333,30.1833333333333,18.1833333333333,1.22474487139159,8,24.9166666666667,2.83218464109772,8
13304030102,7:25,445,-75.0503988334115,40.0876996804033,-75.0851931466197,40.0437712425002,am_peak,TRUE,20,33.359542,68.7833333333333,49.3833333333333,60.2833333333333,10.9734528142543,4,36.275,6.92985833245792,8
13304030106,16:27,987,-75.0851931466197,40.0437712425002,-75.0503988334115,40.0876996804033,pm_peak,TRUE,21,27.130572,27.75,38.75,33.375,4.83846197522666,8,31.9291666666667,3.39012045017086,8
13304030302,7:15,435,-75.0575931303197,40.0979296280696,-75.0798260530761,40.0248633027149,am_peak,TRUE,25,41.474527,52.3666666666667,63.7,50.6166666666667,3.89749614374103,8,56.0595238095238,11.4535408448042,7
13304030303,7:52,472,-75.0798260530761,40.0248633027149,-75.1662257986882,39.9519342771783,am_peak,TRUE,18,32.520773,51.85,34.85,47.9083333333333,2.61811455240671,8,40.1,3.27326835353989,8
13304030306,15:25,925,-75.1662257986882,39.9519342771783,-75.0798260530761,40.0248633027149,off_peak,FALSE,40,32.87982,43.3333333333333,43.5833333333333,44.1083333333333,3.35122578853086,8,44.4520833333333,3.49647711025536,8
13304030307,16:17,977,-75.0798260530761,40.0248633027149,-75.0503988334115,40.0876996804033,pm_peak,TRUE,33,37.528199,67.75,48.75,58.375,6.53425042154252,8,51.4791666666667,3.44619355231247,8
13561360101,7:40,460,-75.233360759861,39.9720395071482,-75.1550731760754,39.9469560187574,am_peak,TRUE,25,40.953937,36.9166666666667,31.9166666666667,34.8666666666667,3.25748222960471,8,29.6708333333333,2.23891892137878,8
13561360102,11:45,705,-75.1550731760754,39.9469560187574,-75.1603747972298,39.949646258079,off_peak,FALSE,15,8.011987,22.1166666666667,15.6333333333333,18.6958333333333,4.27686420877697,8,14.4729166666667,2.3143948693149,8
13561360104,13:15,795,-75.1608290378846,39.9512565309348,-75.1085340726583,39.9955139503969,off_peak,FALSE,30,25.117882,28.25,29.25,30.25,2.8908723349783,8,28.5,1.73205080756888,8
13561360105,14:30,870,-75.1085340726583,39.9955139503969,-75.1550731760754,39.9469560187574,off_peak,FALSE,30,27.489503,48.8166666666667,45.95,44.80625,6.13334586890541,8,42.11875,6.57435154325396,8
13561360106,16:20,980,-75.1550731760754,39.9469560187574,-75.1634052023169,39.9571451807186,pm_peak,TRUE,25,17.885932,27.1166666666667,21.1666666666667,24.8458333333333,3.29399104190145,8,25.05,3.99422201734074,8
13561360107,17:00,1020,-75.1634052023169,39.9571451807186,-75.233360759861,39.9720395071482,pm_peak,TRUE,45,35.044701,38.4333333333333,34.8,33.6708333333333,5.80896782077997,8,34.5,4.60672386429931,8
13602530101,15:30,930,-74.9823583671564,40.110760248005,-75.1792803129236,39.9102291849896,off_peak,FALSE,95,103.449677,,113.6,124.35,7.60403401710785,6,115.945833333333,8.7693810300838,8
13629790101,7:00,420,-75.1647675352254,39.9513827603519,-75.1505658415867,39.9464361327538,am_peak,TRUE,0,12.59361,16.3166666666667,14.3166666666667,14.69375,2.01376094284318,8,13.75,1.76367671514809,8
13629790102,10:00,600,-75.1505658415867,39.9464361327538,-75.1647675352254,39.9513827603519,off_peak,FALSE,30,15.978487,18.0666666666667,20.0666666666667,19.9416666666667,2.32609421256197,8,18.4416666666667,1.64208056179609,8
13665150202,13:10,790,-75.1495939755084,40.0125900284939,-75.1634808483634,39.9480403151119,off_peak,FALSE,35,19.165346,25.6166666666667,35.6166666666667,34.2416666666667,5.34355419440764,8,31.3666666666667,3.89138242053607,8
13665150203,15:10,910,-75.1634808483634,39.9480403151119,-75.1971342156818,40.0138387034349,off_peak,FALSE,30,28.795487,42.6833333333333,45.8166666666667,51.4708333333333,5.50236421047916,8,46.6229166666667,3.85549430158103,8
13665150205,16:30,990,-75.1898605144712,40.0114702178942,-75.1859236878394,40.0056791510122,pm_peak,TRUE,45,10.66726,25.1,15.6333333333333,22.7520833333333,4.6337224699556,8,17.4,3.70718949721402,8
13701130101,12:40,760,-75.177201361549,39.9550054347417,-75.1722789942054,39.9539778646615,off_peak,FALSE,0,6.342676,7.3,9.9,8.375,1.99451629175979,8,7.15208333333333,1.70353128800335,8
13701130102,13:00,780,-75.1722789942054,39.9539778646615,-75.1603747972298,39.949646258079,off_peak,FALSE,0,12.251311,22.05,24.0666666666667,22.4604166666667,4.49085435273293,8,18.4791666666667,3.48080621476719,8
13701130103,13:30,810,-75.1603747972298,39.949646258079,-75.1648345113326,39.9541020155151,off_peak,FALSE,5,8.253871,18.1666666666667,13.8333333333333,15.0479166666667,2.28798513807749,8,14.2270833333333,1.6002464467938,8
13702340102,6:25,385,-75.099782195019,40.006355591222,-75.2322455285086,39.963278945388,am_peak,TRUE,,37.303742,53.3333333333333,42.9333333333333,46.775,4.36660305297175,8,48.275,3.22351233067779,8
13702340103,15:50,950,-75.2322455285086,39.963278945388,-75.0529627230323,40.0535132505067,off_peak,FALSE,22,55.209946,71.9833333333333,69.4,71.5291666666667,4.21739359440861,8,71.28125,4.04086700483865,8
13702340105,17:05,1025,-75.1840170635385,39.9534784074457,-75.099782195019,40.006355591222,pm_peak,TRUE,20,30.456666,39.8,40.8,37.8,3.08220700148449,8,36.7791666666667,2.30489041849495,8
13772340101,11:30,690,-75.1720816011546,39.9549927124551,-75.1779217463161,39.9533873770951,off_peak,FALSE,25,7.324358,12.4666666666667,9.78333333333333,13.0166666666667,3.9595073446956,8,13.0291666666667,2.5883093397226,8
13772340102,13:10,790,-75.1779217463161,39.9533873770951,-75.1720816011546,39.9549927124551,off_peak,FALSE,650,7.122217,7.56666666666667,7.56666666666667,10.2979166666667,3.54188584755958,8,10.0479166666667,2.19771594095844,8
13791240101,4:50,290,-75.1601043768351,40.0613309307968,-75.1471644147674,40.0425358392666,off_peak,FALSE,23,18.395248,,,47.4833333333333,,1,47.4833333333333,,1
13791240102,5:38,338,-75.1471644147674,40.0425358392666,-75.0798260530761,40.0248633027149,off_peak,FALSE,16,40.129723,56.2333333333333,43.05,52.6270833333333,5.95107658327466,8,50.625,10.0499269522734,8
13791240105,13:12,792,-75.0490199739364,40.069819370287,-75.0798260530761,40.0248633027149,off_peak,FALSE,39,27.269787,41.6833333333333,36.6833333333333,33.8729166666667,6.01847642944176,8,32.9979166666667,4.65014454033762,8
13791240106,14:03,843,-75.0798260530761,40.0248633027149,-75.1398050137829,40.0366774270012,off_peak,FALSE,19,26.442028,36.2333333333333,38.1666666666667,42.00625,4.72970969191993,8,35.2979166666667,5.9012470937849,8
13791240107,14:30,870,-75.1398050137829,40.0366774270012,-75.1601043768351,40.0613309307968,off_peak,FALSE,15,27.632218,54.5333333333333,37.5333333333333,42.5333333333333,7.27520250086356,8,39.6625,4.40050276709089,8
13835240103,15:00,900,-75.2322455285086,39.963278945388,-75.2240243087353,39.9622994543846,off_peak,FALSE,30,10.662495,14.3833333333333,15.2833333333333,16.3125,1.60702204131426,8,15.6291666666667,3.22708957775534,8
13835240104,16:00,960,-75.2240243087353,39.9622994543846,-75.2322455285086,39.963278945388,pm_peak,TRUE,30,11.342455,14.4,13.4,14.875,3.00433549159074,8,14.8833333333333,2.08178037357679,8
13835240106,21:30,1290,-75.214203546323,39.966573251699,-75.2322455285086,39.963278945388,off_peak,FALSE,60,16.251044,16.9333333333333,16.9333333333333,26.8333333333333,7.9665371577439,8,25.9,7.66631469171341,8
13861880101,10:34,634,-75.2226378551491,39.995965776317,-75.2093603571935,40.0074782230597,off_peak,FALSE,16,15.499971,17.7333333333333,24.7333333333333,23.6604166666667,5.05918101079612,8,27.225,5.60060229187415,8
13861880102,11:12,672,-75.2093603571935,40.0074782230597,-75.2226378551491,39.995965776317,off_peak,FALSE,21,14.978003,24.5333333333333,21.5666666666667,32.0333333333333,9.05932826270406,8,26.1291666666667,6.0647547353541,8
13861880103,12:14,734,-75.2226378551491,39.995965776317,-75.1672929773502,39.9544153783527,off_peak,FALSE,46,35.264633,45.35,49.1833333333333,47.4125,5.12475899549479,8,49.6625,6.15213055107418,8
13861880104,13:34,814,-75.1672929773502,39.9544153783527,-75.2226378551491,39.995965776317,off_peak,FALSE,37,30.941227,43.45,42.4833333333333,47.3270833333333,4.43608880981563,8,45.2833333333333,4.049965706302,8
13885570102,15:00,900,-75.1541388337345,39.9522458625874,-75.1630984016405,39.9735438590113,off_peak,FALSE,540,16.41674,31.6333333333333,23.3833333333333,27.375,1.9932823691526,8,23.51875,4.00419856535533,8
13888660105,16:31,991,-75.1742868895805,39.952935291834,-75.1717674832599,39.9564206302579,pm_peak,TRUE,23,6.681579,11.4166666666667,11.2333333333333,10.775,2.10859917390444,8,11.0479166666667,2.02882868506272,8
14027620104,6:55,415,-75.1018775098952,39.9927596244991,-75.103797227359,39.9987737258,am_peak,TRUE,5,11.463373,20.1166666666667,26.8,28.2958333333333,7.79197160085761,8,24,5.18558747494606,8
14082550201,8:30,510,-75.1800070313661,39.946441631749,-75.1584725274299,39.950967187359,am_peak,TRUE,20,18.185262,26.95,28.45,27.4395833333333,3.49450745331439,8,26.9395833333333,3.07871517084231,8
14082550203,18:15,1095,-75.1588750233838,39.9528401835985,-75.1800070313661,39.946441631749,pm_peak,TRUE,25,21.551501,24.2666666666667,19.6333333333333,26.9416666666667,3.9558174962316,8,25.1333333333333,3.24807635378234,8
14109230201,12:30,750,-75.1752524766747,39.9659654913561,-75.1706866571216,39.953785415184,off_peak,FALSE,25,13.509443,22.4166666666667,16.3,17.275,4.96585164293926,8,18.0020833333333,4.37399818461869,8
14109230203,14:41,881,-75.1704674139331,39.9548009865238,-75.1752524766747,39.9659654913561,off_peak,FALSE,24,11.163505,16.3,15.9,18.3208333333333,4.54914739962249,8,16.35,3.93705433355914,8
14197380101,8:50,530,-75.0325978610195,40.0871418066782,-75.0764572984039,40.1039681051157,am_peak,TRUE,45,40.217627,100.233333333333,52.6833333333333,92.8583333333333,19.1605062563597,8,63.1395833333333,13.5307437632125,8
14197380102,10:35,635,-75.0764572984039,40.1039681051157,-75.0721554762398,40.0826017949601,off_peak,FALSE,55,42.283728,73.3833333333334,66.3833333333334,96.4270833333333,27.7317048764973,8,79.775,16.0002157723546,8
14197380103,11:50,710,-75.0721554762398,40.0826017949601,-75.0325978610195,40.0871418066782,off_peak,FALSE,40,29.306402,56.8,38.9666666666667,51.925,10.0329813258928,8,47.4833333333333,6.46032457782066,8
14231890102,10:29,629,-75.1704674139331,39.9548009865238,-75.1724998481553,39.9491635804723,off_peak,FALSE,6,6.218606,17.8333333333333,14.8333333333333,14.96875,1.93754544237544,8,15.2916666666667,1.95200344782417,8
14259240301,6:50,410,-75.0534528142384,40.0711126916022,-75.1392078148453,39.9466654688148,am_peak,TRUE,70,51.862759,59.9666666666667,62.55,59.9666666666667,4.44811356484008,8,59.8104166666667,3.40938175166282,8
14259240303,17:45,1065,-75.1541388337345,39.9522458625874,-75.0798260530761,40.0248633027149,pm_peak,TRUE,0,30.675424,44.1666666666667,45.2,46.4041666666667,3.97117341021117,8,41.2020833333333,4.02108961680155,8
14292220102,15:00,900,-75.1578194556998,39.9904255905816,-75.1553089348274,40.0036904586044,off_peak,FALSE,60,13.206704,24.3833333333333,18.0333333333333,21.05,5.22530473023435,8,19.8166666666667,4.55402316464541,8
14292220202,15:00,900,-75.1578194556998,39.9904255905816,-75.1553089348274,40.0036904586044,off_peak,FALSE,60,13.206704,24.3833333333333,18.0333333333333,21.05,5.22530473023435,8,19.8166666666667,4.55402316464541,8
14409980107,16:36,996,-75.1603747972298,39.949646258079,-75.1569523625043,39.943116935689,pm_peak,TRUE,11,11.982005,13.45,16.95,14.8854166666667,2.12177743510647,8,15.0020833333333,1.79981122246416,8
14409980202,8:42,522,-75.1537481432666,39.9503794767793,-75.1906300416804,39.958024348983,am_peak,TRUE,3,12.45248,15.0166666666667,14.0166666666667,15.0166666666667,3.26233921333407,8,14.0166666666667,1.79284291400159,8
14409980205,15:50,950,-75.1941152941134,39.9546263068532,-75.1941152941134,39.9546263068532,off_peak,FALSE,5,5.618508,8.28333333333333,6.91666666666667,8.35625,1.90558780457694,8,6.31458333333333,2.3383693528095,8
14515470101,12:30,750,-75.1944243101308,40.0409483586041,-75.1894072133033,40.0670899916203,off_peak,FALSE,15,29.216457,50.1166666666667,41.1166666666667,55.2625,7.24017533550734,8,43.0125,8.94579687596537,8
14515470102,14:15,855,-75.1894072133033,40.0670899916203,-75.1474545568906,39.9496085506464,off_peak,FALSE,50,46.160672,69.65,64.65,65.6020833333334,5.64858064416636,8,62.1479166666667,4.17758984875783,8
14515470104,17:45,1065,-75.1466622121185,39.9478355374067,-75.1944243101308,40.0409483586041,pm_peak,TRUE,80,42.423977,65.0333333333333,58.5333333333333,64.5020833333333,8.01386911636855,8,61.025,8.86131238264723,8
14561950202,8:47,527,-75.3393898477744,40.011683172831,-75.2626735411038,39.9640057100153,am_peak,TRUE,15,44.090391,,,,,0,,,0
14561950203,9:06,546,-75.2626735411038,39.9640057100153,-75.1584725274299,39.950967187359,am_peak,TRUE,31,25.304342,39.6,34.6,39.6,5.16167193289705,8,36.1,3.17355141307472,8
14644900103,8:30,510,-75.1483131665262,39.937767343598,-75.1672929773502,39.9544153783527,am_peak,TRUE,25,21.901761,30.2666666666667,29.25,27.0020833333333,4.51927474779214,8,25.2020833333333,3.62482005574179,8
14644900104,17:40,1060,-75.1672929773502,39.9544153783527,-75.1483131665262,39.937767343598,pm_peak,TRUE,35,23.458897,42.0833333333333,30.3,35.35,3.47475019086105,8,29.2020833333333,3.42462415386537,8
14717270101,12:40,760,-75.233360759861,39.9720395071482,-75.2069459522751,39.9687555499558,off_peak,FALSE,53,19.659066,27.7166666666667,20.7166666666667,33.0625,4.93920781193946,8,28.44375,3.0764587132425,8
14717270102,15:45,945,-75.2069459522751,39.9687555499558,-75.233360759861,39.9720395071482,off_peak,FALSE,50,19.942563,33.5,26.3333333333333,29.9166666666667,4.84358518664816,8,28.4166666666667,4.24638034468723,8
14729440302,18:04,1084,-75.3612694227735,39.9438814885064,-75.2774149663199,39.9687743576991,pm_peak,TRUE,36,42.495142,56.15,56.15,57.9229166666667,10.9453039052995,8,58.8854166666667,9.82866490271396,8
14729440501,17:40,1060,-75.2784887557887,39.9397339356879,-75.3612694227735,39.9438814885064,pm_peak,TRUE,40,55.081312,61.95,61.95,65.825,8.34843869064321,8,60.325,10.0062480480948,8
14729440502,23:00,1380,-75.3612694227735,39.9438814885064,-75.2774149663199,39.9687743576991,off_peak,FALSE,19,41.603871,73.5833333333333,73.5833333333333,60.6904761904762,9.18202177134882,7,59.052380952381,9.33096908830932,7
14795400101,7:09,429,-75.1595117962634,39.9367714452714,-75.1446587384151,39.9502859178682,am_peak,TRUE,7,18.833743,31.75,25.6666666666667,29.6770833333333,4.15459143121408,8,24.8583333333333,2.47108677331854,8
14795400102,11:26,686,-75.1446587384151,39.9502859178682,-75.1595117962634,39.9367714452714,off_peak,FALSE,19,19.382696,42.1333333333333,24.1333333333333,34.23125,5.75424920633191,8,29.46875,5.20775091981722,8
14887230102,16:30,990,-75.1677276497158,39.9525760413027,-75.026451490852,40.0393341295038,pm_peak,TRUE,38,46.056004,71.3166666666667,62.3166666666667,66.1729166666667,6.37385493918039,8,61.7416666666667,3.8365721307289,8
14887230104,18:30,1110,-75.1815493379532,39.9195932035454,-75.1648345113326,39.9541020155151,pm_peak,TRUE,30,22.572731,31.1666666666667,38,33.2145833333333,6.68352889810062,8,30.3916666666667,2.65782761274083,8
14902100102,9:35,575,-75.1530023621858,39.9760354383899,-75.1941152941134,39.9546263068532,off_peak,FALSE,30,31.424232,42.3166666666667,33.3166666666667,32.0229166666667,3.45740449373997,8,33.2729166666667,3.64921102040271,8
14922300102,8:29,509,-75.3298869993221,39.9712666509447,-75.2626735411038,39.9640057100153,am_peak,TRUE,16,23.129528,27.8166666666667,27.8166666666667,33.4708333333333,3.95663748133818,8,33.3375,3.4946302345442,8
14922300103,8:48,528,-75.2626735411038,39.9640057100153,-75.1906300416804,39.958024348983,am_peak,TRUE,11,22.920065,31.8166666666667,26.8166666666667,36.8166666666667,2.34520787991172,8,34.3166666666667,3.43303281162798,8
14922300108,17:26,1046,-75.1906300416804,39.958024348983,-75.2626735411038,39.9640057100153,pm_peak,TRUE,11,22.836948,29.0833333333333,30.4833333333333,42.0916666666667,8.32752654830343,8,38.6375,5.24373208606963,8
14922300109,17:46,1066,-75.2626735411038,39.9640057100153,-75.3283478818808,39.9804431108819,pm_peak,TRUE,19,21.604407,31.6666666666667,31.65,32.1291666666667,5.11225379738613,8,28.4020833333333,3.09072392891405,8
16626740102,9:26,566,-75.1621989372444,39.9276530000056,-75.1516301589525,39.9168650559185,am_peak,TRUE,23,18.655667,38.6833333333333,25.7,36.6458333333333,4.38778743462221,8,24.24375,5.40439222828459,8
16626740103,10:05,605,-75.1516301589525,39.9168650559185,-75.3963715320328,40.0891211603589,off_peak,FALSE,62,85.011459,90.9,96.5666666666667,95.9,12.9532125083206,8,88.8166666666667,6.37330743170668,8
16626740104,19:22,1162,-75.3963715320328,40.0891211603589,-75.1612826317197,39.9532127364358,off_peak,FALSE,53,56.071776,71.8,59.9833333333333,80.3,12.0741755116328,8,68.7770833333333,10.2288610418895,8
16626740106,20:44,1244,-75.1638872349499,39.9525548857932,-75.1655746637264,39.9307064691021,off_peak,FALSE,13,12.638667,18.4833333333333,23.4833333333333,17.2333333333333,3.64495737776374,8,17.7958333333333,3.41673925590718,8
16626740202,11:35,695,-75.1655746637264,39.9307064691021,-75.1588750233838,39.9528401835985,off_peak,FALSE,20,18.778463,29.25,23.25,32.625,6.94750726108704,8,27.68125,3.06605114811497,8
16626740204,12:15,735,-75.150623776162,39.9499928305521,-75.2070232144824,39.990493481725,off_peak,FALSE,35,37.233779,,,,,0,,,0
16648230101,6:00,360,-75.0272886661161,40.0451130655592,-75.1725391195037,39.9527196860213,am_peak,TRUE,40,58.871651,86.4,77.4,76.85,9.78902446620704,5,75.18125,12.8439147394139,8
16649670102,4:48,288,-75.0675318693472,40.0381003553224,-75.0798260530761,40.0248633027149,off_peak,FALSE,2,13.668114,41.9833333333333,41.9833333333333,33.4833333333333,15.9020438937893,6,33.4833333333333,15.9020438937893,6
16649670103,5:50,350,-75.0798260530761,40.0248633027149,-75.1669894744938,39.9484799410289,off_peak,FALSE,0,38.363268,51.9,40.7666666666667,53.86875,4.41231535429125,8,48.3416666666667,3.5506985675301,8
16649670104,6:20,380,-75.1669894744938,39.9484799410289,-75.1957094473416,39.9494354858208,am_peak,TRUE,10,18.189905,26.2333333333333,35.8333333333333,21.9354166666667,2.34265887299839,8,25.5729166666667,6.04405740875428,8
16649670105,17:00,1020,-75.1957094473416,39.9494354858208,-75.1957094473416,39.9494354858208,pm_peak,TRUE,0,6.263009,13.3833333333333,11.45,10.2916666666667,2.51899135772981,8,10.1916666666667,1.98917706522707,8
16649670106,17:30,1050,-75.1957094473416,39.9494354858208,-75.0798260530761,40.0248633027149,pm_peak,TRUE,40,44.559262,45.2,45.2,53.5916666666667,2.86184533651956,8,49.1541666666667,2.96686395812679,8
16649670107,18:30,1110,-75.0798260530761,40.0248633027149,-75.0675318693472,40.0381003553224,pm_peak,TRUE,15,14.601377,33.5333333333333,38.3666666666667,30.1916666666667,8.55930293111925,8,27.3333333333333,4.54431443132995,8
16652140101,13:50,830,-75.1410924621013,39.9257396921949,-75.1829342839572,39.9329910377486,off_peak,FALSE,40,20.783989,39.95,22.6166666666667,31.6916666666667,7.52966092535339,8,24.1166666666667,3.9005494118503,8
16689570104,17:15,1035,-75.1766032234225,39.9460189303461,-75.1498041127206,39.934304016358,pm_peak,TRUE,35,21.95929,31.2666666666667,37.2666666666667,28.2666666666667,3.67423461417477,8,29.9416666666667,5.11964005431185,8
16704030202,16:30,990,-75.1580149724927,39.9493530835764,-75.0440576064122,40.055019358023,pm_peak,TRUE,60,45.626261,65.5,56.8666666666667,62.90625,4.23380141300485,8,55.7416666666667,4.44342746301182,8
16710320101,6:10,370,-75.1779589729157,39.9323508816088,-75.2297477143439,39.9955405987823,am_peak,TRUE,70,40.718934,56.3833333333333,59.65,55.0979166666667,4.76018071469014,8,53.5604166666667,4.13851381862911,8
16710320102,15:45,945,-75.2297477143439,39.9955405987823,-75.1779589729157,39.9323508816088,off_peak,FALSE,77,43.608641,64.7333333333333,69.5166666666667,74.1125,5.87625535389052,8,74.3895833333333,6.61017095989564,8
16741510101,8:00,480,-75.1499787429165,39.9261869529317,-75.173930383129,39.954707841715,am_peak,TRUE,30,33.307496,32.5833333333333,33.5833333333333,35.96875,2.46480685195825,8,32.45625,3.35599366095661,8
16741510102,17:00,1020,-75.173930383129,39.954707841715,-75.1499787429165,39.9261869529317,pm_peak,TRUE,35,32.257805,45.05,34.1166666666667,37.1020833333333,3.53019219653045,8,40.1916666666667,3.94396263545197,8
16753460201,8:20,500,-75.1560983260195,39.9553691545034,-75.1977262540913,39.9594259908695,am_peak,TRUE,30,24.772787,25.2666666666667,29.2666666666667,29.0916666666667,1.28529534620807,8,31.2604166666667,4.33502656936989,8
16753460208,19:05,1145,-75.1984494658686,39.9539400028283,-75.1560983260195,39.9553691545034,off_peak,FALSE,30,23.606578,38.3666666666667,29.8666666666667,27.2791666666667,5.04067384951088,8,25.6416666666667,4.36114700217766,8
16829010201,8:00,480,-75.2783533552924,39.9575793577259,-75.1941152941134,39.9546263068532,am_peak,TRUE,45,33.454409,39.9333333333333,38.9333333333333,39.9333333333333,4.18330013267038,8,38.9333333333333,4.00891862868637,8
16837500101,11:00,660,-75.1509013014001,40.0025369261947,-75.0490199739364,40.069819370287,off_peak,FALSE,30,53.074882,58.8833333333333,64.1,64.6625,8.18718874362925,8,59.1895833333333,3.72166477405961,8
16837500102,17:00,1020,-75.0490199739364,40.069819370287,-75.1509013014001,40.0025369261947,pm_peak,TRUE,60,50.271491,62.05,47.2833333333333,63.8583333333333,6.44364458637777,8,60.5604166666667,5.68370643587495,8
16842350103,11:40,700,-75.164306407762,40.0640308089852,-75.1673585815214,39.9505151310837,off_peak,FALSE,30,47.891438,81.7333333333333,57.7333333333333,67.1083333333333,10.2391057087172,8,64.7333333333333,7.3143694191639,8
16842350104,12:15,735,-75.1673585815214,39.9505151310837,-75.164306407762,40.0640308089852,off_peak,FALSE,23,44.706533,60.85,58.35,66.5354166666667,6.8250032705382,8,64.0604166666667,5.2464193193647,8
16850430301,14:10,850,-75.2470254533281,39.9098598374513,-75.1941152941134,39.9546263068532,off_peak,FALSE,38,30.103433,51.2166666666667,48.2166666666667,54.8416666666667,11.7951261120854,8,41.5916666666667,7.56755291642266,8
16850430302,22:36,1356,-75.1941152941134,39.9546263068532,-75.2470254533281,39.9098598374513,off_peak,FALSE,54,28.351852,51.1833333333333,44.2166666666667,50.3020833333333,7.13579417666639,8,49.7270833333333,6.25538458526123,8
16886390101,10:20,620,-75.2306181788506,40.0331480094283,-75.2387234054179,40.0409946008438,off_peak,FALSE,16,14.2,,,,,0,19.65,9.89065215241139,5
16886390103,12:20,740,-75.1541388337345,39.9522458625874,-75.2306181788506,40.0331480094283,off_peak,FALSE,55,31.267485,,60.1,,,0,58.3375,9.02262038276179,8
16886390201,7:45,465,-75.2306181788506,40.0331480094283,-75.1662257986882,39.9519342771783,am_peak,TRUE,45,30.691473,,46.9833333333333,,,0,70.2333333333333,18.2717580669497,8
16886390202,9:15,555,-75.1662257986882,39.9519342771783,-75.2306181788506,40.0331480094283,am_peak,TRUE,30,30.790388,,50.1,,,0,53.63125,5.04663519443542,8
16899100102,13:52,832,-75.1673759243643,39.9592890487195,-75.1677276497158,39.9525760413027,off_peak,FALSE,6,8.479594,14.45,7.45,19.5875,7.24380277005307,8,15.975,4.39179429650993,8
16899100103,14:10,850,-75.1677276497158,39.9525760413027,-75.1588750233838,39.9528401835985,off_peak,FALSE,6,9.601632,10.2833333333333,13.2833333333333,10.3333333333333,1.88990635528484,8,9.42916666666667,1.4845433801742,8
16899100104,14:58,898,-75.1588750233838,39.9528401835985,-75.1673759243643,39.9592890487195,off_peak,FALSE,44,14.534995,14.7833333333333,16.8833333333333,19.2104166666667,3.8335086657625,8,17.2458333333333,3.08358107112854,8
16899100202,13:45,825,-75.1673759243643,39.9592890487195,-75.1410924621013,39.9257396921949,off_peak,FALSE,15,38.644684,60.1333333333333,45.1333333333333,57.3125,8.4524193493427,8,44.5083333333333,5.68048036198147,8
16899100203,14:10,850,-75.1410924621013,39.9257396921949,-75.1424353043086,39.9181642204268,off_peak,FALSE,5,11.227439,21.5666666666667,12.5666666666667,18.2166666666667,6.7553153674929,8,17.525,3.62679621617355,8
16899100204,14:16,856,-75.1424353043086,39.9181642204268,-75.1673759243643,39.9592890487195,off_peak,FALSE,8,37.955536,44.5833333333333,38.3333333333333,46.6041666666667,5.42338960078517,8,38.8875,3.50810569332732,8
16915460101,8:50,530,-75.1629816913276,39.9348297671495,-75.1540803782248,39.9488624668665,am_peak,TRUE,31,18.644372,20.5333333333333,22.0166666666667,23.4583333333333,4.54577249970207,8,23.5354166666667,3.51621456696721,8
16915460103,18:22,1102,-75.1540803782248,39.9488624668665,-75.1603747972298,39.949646258079,pm_peak,TRUE,2,7.050825,7.41666666666667,7.41666666666667,10.0416666666667,1.92260983338497,8,7.90416666666667,1.52847963676328,8
16915460201,15:35,935,-75.1629816913276,39.9348297671495,-75.1727947008017,39.9254003368501,off_peak,FALSE,20,16.189527,15.4666666666667,25.0666666666667,19.3,3.97288428271068,8,19.4208333333333,4.05340098236154,8
16915460202,17:15,1035,-75.1727947008017,39.9254003368501,-75.1629816913276,39.9348297671495,pm_peak,TRUE,23,15.312098,21.1333333333333,27.4666666666667,22.05,5.38811154596358,8,19.925,2.33290812452191,8
16915460301,15:35,935,-75.1629816913276,39.9348297671495,-75.1727947008017,39.9254003368501,off_peak,FALSE,20,16.189527,15.4666666666667,25.0666666666667,19.3,3.97288428271068,8,19.4208333333333,4.05340098236154,8
16915460302,17:15,1035,-75.1727947008017,39.9254003368501,-75.1629816913276,39.9348297671495,pm_peak,TRUE,23,15.312098,21.1333333333333,27.4666666666667,22.05,5.38811154596358,8,19.925,2.33290812452191,8
16918300301,14:30,870,-75.2354698649569,39.9579979858569,-75.3054031466246,40.0948116936931,off_peak,FALSE,90,71.077815,114.316666666667,114.316666666667,107.445833333333,18.5458927768088,8,103.154166666667,11.3427263246625,8
16918300302,21:00,1260,-75.3054031466246,40.0948116936931,-75.2354698649569,39.9579979858569,off_peak,FALSE,120,78.325737,,,98.1611111111111,13.5673764488092,3,100.016666666667,10.5633012516605,3
16982370101,6:50,410,-75.1661003080911,39.9138576581668,-75.177201361549,39.9550054347417,am_peak,TRUE,40,30.040523,24.5833333333333,24.5833333333333,30.69375,2.94336673523624,8,29.94375,3.18483431953016,8
16982370102,13:15,795,-75.177201361549,39.9550054347417,-75.1661003080911,39.9138576581668,off_peak,FALSE,60,29.265591,36.2833333333333,31.7,31.4604166666667,1.45531149504807,8,31.4916666666667,2.27084698554219,8
17006980103,19:50,1190,-75.0548710138514,40.0392738731303,-75.064739389944,39.9987906700722,off_peak,FALSE,0,26.982511,74.6333333333334,57.7166666666667,61.1083333333333,8.52867711508258,8,63.6958333333334,11.4829713468414,8
17039520301,9:45,585,-75.2322110900897,39.9433969244803,-75.2298442421393,39.9293235759694,off_peak,FALSE,15,17.509704,22.9833333333333,19.9833333333333,20.9291666666667,4.20624771515776,8,18.2583333333333,3.66518368278746,8
17039520303,17:00,1020,-75.2322110900897,39.9433969244803,-75.1625826795934,39.9513495936779,pm_peak,TRUE,60,30.021338,37.15,34.75,33.225,2.75978777651989,8,33.6,3.07617573341595,8
17039520304,21:00,1260,-75.1625826795934,39.9513495936779,-75.2322110900897,39.9433969244803,off_peak,FALSE,60,27.726097,37.45,42.45,37.7520833333333,3.30899972297773,8,36.7,3.57689898504366,8
17064460105,15:00,900,-75.1634808483634,39.9480403151119,-75.1521306030788,39.9429783145413,off_peak,FALSE,10,10.910851,22.7,21.8833333333333,22.45,4.56696210375594,8,18.8833333333333,4.56109322734928,8
17141540101,14:15,855,-75.1720816011546,39.9549927124551,-75.1662257986882,39.9519342771783,off_peak,FALSE,15,6.917849,6.53333333333333,7.85,12.6020833333333,5.27623029736133,8,10.55,2.82084080677071,8
17141540102,14:40,880,-75.1662257986882,39.9519342771783,-75.1584725274299,39.950967187359,off_peak,FALSE,10,7.33113,7.4,10.5666666666667,9.79166666666667,1.09801408034456,8,9.7,1.56425853422788,8
17141540103,15:10,910,-75.1584725274299,39.950967187359,-75.1474545568906,39.9496085506464,off_peak,FALSE,15,8.103726,6.65,9.65,10.1666666666667,1.24170262012504,8,7.96666666666667,2.11070589260545,8
17141540104,15:35,935,-75.1474545568906,39.9496085506464,-75.1720816011546,39.9549927124551,off_peak,FALSE,0,13.689618,22.4166666666667,18.9166666666667,21.6541666666667,2.98167352071399,8,18.2541666666667,2.99466125492451,8
17141540105,18:00,1080,-75.1720816011546,39.9549927124551,-75.1710325749335,39.9522008993665,pm_peak,TRUE,10,4.939544,14.7666666666667,14.7666666666667,12.18125,3.9991907663569,8,10.6520833333333,3.33161190669403,8
17141540201,18:00,1080,-75.1720816011546,39.9549927124551,-75.1710325749335,39.9522008993665,pm_peak,TRUE,10,4.939544,14.7666666666667,14.7666666666667,12.18125,3.9991907663569,8,10.6520833333333,3.33161190669403,8
17159110101,16:00,960,-75.1845576169885,39.942839888606,-75.1845576169885,39.942839888606,pm_peak,TRUE,60,5.801711,16.1333333333333,17.6833333333333,14.8916666666667,2.79819953450797,8,8.60833333333333,4.53088169001232,8
17174020101,16:30,990,-75.2709909238752,39.9451405536483,-75.1676557779857,39.9917901151344,pm_peak,TRUE,30,62.307444,84.1833333333334,80.45,77.3770833333333,4.92627340317782,8,80.3541666666667,5.42750746674634,8
17212040102,13:07,787,-75.1906300416804,39.958024348983,-75.1662257986882,39.9519342771783,off_peak,FALSE,10,10.026084,21.75,25.6,25.3125,9.54539592334091,8,22.4708333333333,5.87578937621583,8
17259900202,17:05,1025,-75.1545851492175,39.9813757258968,-75.1630657978927,39.949981511781,pm_peak,TRUE,40,20.484539,22.7,25.7333333333333,24.5875,2.47901910325147,8,25.3291666666667,2.53595963489983,8
17259900203,19:45,1185,-75.1630657978927,39.949981511781,-75.3492309386474,40.0388695783485,off_peak,FALSE,45,49.364526,69.3333333333333,69.3333333333333,68.2770833333333,5.46853145821836,8,65.60625,6.6029871637106,8
17282950101,10:30,630,-75.0158258461997,40.0544020678718,-75.041057350286,40.0391573349906,off_peak,FALSE,45,25.738973,27.9833333333333,33.9833333333333,31.3020833333333,4.82944373460488,8,42.4190476190476,17.1923848036884,7
17282950102,13:00,780,-75.041057350286,40.0391573349906,-75.0158258461997,40.0544020678718,off_peak,FALSE,30,16.729886,36.55,39.9333333333333,37.8479166666667,4.31931282655596,8,35.2041666666667,7.04874608909779,8
17283810101,7:50,470,-75.1759814802506,40.079935638324,-75.1825340802128,40.0190281586366,am_peak,TRUE,0,44.602389,47.9333333333333,54.9333333333333,43.9333333333333,4.06201920231798,8,50.3791666666667,8.03813208776252,8
17366930104,9:50,590,-75.1541388337345,39.9522458625874,-75.1672929773502,39.9544153783527,off_peak,FALSE,10,10.071209,12.85,9.35,13.8145833333333,2.54334546430359,8,12.20625,2.35358452557957,8
17366930109,19:20,1160,-75.1652643007328,39.9488899960486,-75.1629816913276,39.9348297671495,off_peak,FALSE,25,12.173843,17.8333333333333,12.8333333333333,15.7583333333333,2.32759498467805,8,15.2083333333333,3.18198051533946,8
17366930207,18:00,1080,-75.1629816913276,39.9348297671495,-75.1630657978927,39.949981511781,pm_peak,TRUE,20,14.867626,27.4,19.1666666666667,23.1979166666667,3.35512445656605,8,21.4979166666667,4.16828004478418,8
17366930208,19:45,1185,-75.1630657978927,39.949981511781,-75.1629816913276,39.9348297671495,off_peak,FALSE,25,12.84844,19.3666666666667,17.8333333333333,24.6541666666667,4.35056783376498,8,22.0625,3.80016447012494,8
