record_id,person_id,journey_id,trip_num,mode,rr_role,depart_time,depart_min_of_day,depart_lon,depart_lat,dest_lon,dest_lat,o_county,d_county,peak_period,is_peak,survey_travtime,model_travtime,scenario,service_date,tt_1_min,tt_1_offset_min,tt_2_min,tt_2_offset_min,tt_3_min,tt_3_offset_min,tt_4_min,tt_4_offset_min,tt_5_min,tt_5_offset_min,tt_6_min,tt_6_offset_min,tt_7_min,tt_7_offset_min,tt_8_min,tt_8_offset_min,n_ok,tt_mean_min,tt_sd_min
1094870204,10948702,988,4,22,rail_leg,17:30,1050,-75.2885123046458,40.0829515339353,-75.2582617306911,39.9505465618713,42091,42045,pm_peak,TRUE,90,73.621258,restore,20251105,92.6166666666667,-29.75,84.1166666666667,-21.25,105.616666666667,-12.75,97.1166666666667,-4.25,88.6166666666667,4.25,116.9,12.75,108.4,21.25,99.9,29.75,8,99.1604166666667,10.8678787576268
1114230101,11142301,1182,1,22,rail_leg,9:30,570,-75.3793856687375,39.8793852847628,-75.1466622121185,39.9478355374067,42045,42101,off_peak,FALSE,90,98.431321,restore,20251105,94.0833333333333,-29.75,85.5833333333333,-21.25,113.55,-12.75,105.05,-4.25,96.55,4.25,,12.75,103.55,21.25,95.05,29.75,7,99.0595238095238,9.08082461351257
1114230103,11142301,1184,3,22,rail_leg,18:30,1110,-75.1611907875754,39.9477574019743,-75.3793856687375,39.8793852847628,42101,42045,pm_peak,TRUE,90,79.628151,restore,20251105,,-29.75,,-21.25,,-12.75,,-4.25,,4.25,,12.75,,21.25,,29.75,0,,
1115690201,11156902,1207,1,22,rail_leg,7:45,465,-75.1021904955652,40.1763831579957,-75.1896061471959,39.9540702600328,42091,42101,am_peak,TRUE,70,58.011613,restore,20251105,74.85,-29.75,66.35,-21.25,94.85,-12.75,86.35,-4.25,77.85,4.25,69.35,12.75,60.85,21.25,75.35,29.75,8,75.725,10.9144399764715
1115690202,11156902,1208,2,22,rail_leg,16:45,1005,-75.1896061471959,39.9540702600328,-75.1612826317197,39.9532127364358,42101,42101,pm_peak,TRUE,35,12.711605,restore,20251105,11.9166666666667,-29.75,11.4166666666667,-21.25,10.9166666666667,-12.75,10.4166666666667,-4.25,13.9166666666667,4.25,10.4166666666667,12.75,10.9166666666667,21.25,12.4166666666667,29.75,8,11.5416666666667,1.18773493916542
1115690203,11156902,1209,3,22,rail_leg,20:15,1215,-75.1612826317197,39.9532127364358,-75.1021904955652,40.1763831579957,42101,42091,off_peak,FALSE,47,46.383333,restore,20251105,71.4166666666667,-29.75,62.9166666666667,-21.25,54.4166666666667,-12.75,105.916666666667,-4.25,97.4166666666667,4.25,88.9166666666667,12.75,80.4166666666667,21.25,71.9166666666667,29.75,8,79.1666666666667,17.4622040827775
1128800201,11288002,1366,1,22,rail_leg,6:30,390,-75.3409244198258,40.1179073455375,-75.1505658415867,39.9464361327538,42091,42101,am_peak,TRUE,75,63.852249,restore,20251105,66.4666666666667,-29.75,69.9833333333333,-21.25,79.4833333333333,-12.75,70.9833333333333,-4.25,62.4833333333333,4.25,82.4,12.75,73.9,21.25,78.9833333333333,29.75,8,73.0854166666667,6.90131939018887
1128800202,11288002,1367,2,22,rail_leg,16:45,1005,-75.1505658415867,39.9464361327538,-75.3409244198258,40.1179073455375,42101,42091,pm_peak,TRUE,90,65.367516,restore,20251105,86.0833333333333,-29.75,81.35,-21.25,72.85,-12.75,69.5666666666667,-4.25,75.55,4.25,83.2,12.75,80.0666666666667,21.25,91.2,29.75,8,79.9833333333333,7.11428252693242
3000980104,30009801,2619,4,22,rail_leg,14:55,895,-75.1392788470332,40.0429484652339,-75.1588750233838,39.9528401835985,42101,42101,off_peak,FALSE,14,24.926883,restore,20251105,34.2333333333333,-29.75,40.4333333333333,-21.25,33.05,-12.75,24.55,-4.25,27.05,4.25,33.7333333333333,12.75,33.3333333333333,21.25,31.6833333333333,29.75,8,32.2583333333333,4.80423919946897
3000980105,30009801,2619,5,22,rail_leg,15:28,928,-75.1588750233838,39.9528401835985,-75.3548774564537,39.9036369389223,42101,42045,off_peak,FALSE,42,36.921641,restore,20251105,67.95,-29.75,59.45,-21.25,50.95,-12.75,71.45,-4.25,62.95,4.25,54.45,12.75,45.95,21.25,58.45,29.75,8,58.95,8.5104977192037
3038880104,30388801,3278,4,22,rail_leg,16:37,997,-75.1947508247048,40.0550864009275,-75.1648345113326,39.9541020155151,42101,42101,pm_peak,TRUE,33,42.670002,restore,20251105,57.8666666666667,-29.75,49.3666666666667,-21.25,54.8666666666667,-12.75,53.3666666666667,-4.25,57.8666666666667,4.25,49.3666666666667,12.75,40.8666666666667,21.25,61.3666666666667,29.75,8,53.1166666666667,6.48624919128371
3068390302,30683903,3753,2,22,rail_leg,8:41,521,-75.2227705952579,40.1527379939727,-75.1545851492175,39.9813757258968,42091,42101,am_peak,TRUE,23,39.996098,restore,20251105,46.9166666666667,-29.75,73.4166666666667,-21.25,64.9166666666667,-12.75,56.4166666666667,-4.25,47.9166666666667,4.25,97.4166666666667,12.75,88.9166666666667,21.25,80.4166666666667,29.75,8,69.5416666666667,18.7421412101941
3068390304,30683903,3754,4,22,rail_leg,19:30,1170,-75.1480260525691,39.9820906148628,-75.2227705952579,40.1527379939727,42101,42091,off_peak,FALSE,40,36.536966,restore,20251105,53.8833333333333,-29.75,45.3833333333333,-21.25,36.8833333333333,-12.75,88.3833333333334,-4.25,79.8833333333333,4.25,71.3833333333334,12.75,62.8833333333333,21.25,54.3833333333333,29.75,8,61.6333333333333,17.4622040827775
3125270202,31252702,4811,2,22,rail_leg,11:28,688,-75.112010204855,40.0551558806353,-75.1834073455283,39.9599979498596,42091,42101,off_peak,FALSE,31,46.191884,restore,20251105,67.25,-29.75,58.75,-21.25,71.6333333333333,-12.75,71.75,-4.25,63.25,4.25,73.1666666666667,12.75,64.6666666666667,21.25,67.75,29.75,8,67.2770833333333,4.92280841174326
3151800102,31518001,5336,2,22,rail_leg,17:30,1050,-75.2227705952579,40.1527379939727,-75.1704674139331,39.9548009865238,42091,42101,pm_peak,TRUE,45,50.672966,restore,20251105,71.85,-29.75,63.35,-21.25,54.85,-12.75,65.35,-4.25,56.85,4.25,48.35,12.75,49.85,21.25,96.3333333333333,29.75,8,63.3479166666667,15.5191137590095
3161510201,31615102,5431,1,22,rail_leg,6:30,390,-75.1894072133033,40.0670899916203,-75.1648345113326,39.9541020155151,42101,42101,am_peak,TRUE,40,40.553938,restore,20251105,39.8666666666667,-29.75,52.8666666666667,-21.25,58.3666666666667,-12.75,56.8666666666667,-4.25,54.8666666666667,4.25,53.0833333333333,12.75,48.8666666666667,21.25,40.3666666666667,29.75,8,50.64375,7.09140401561626
3185920104,31859201,5841,4,22,rail_leg,16:35,995,-75.1625826795934,39.9513495936779,-75.1588750233838,39.9528401835985,42101,42101,pm_peak,TRUE,10,7.666667,restore,20251105,6.23333333333333,-29.75,7.7,-21.25,7.23333333333333,-12.75,8.26666666666667,-4.25,8.23333333333333,4.25,5.73333333333333,12.75,8.76666666666667,21.25,6.73333333333333,29.75,8,7.3625,1.06925838414459
3212130101,32121301,6241,1,22,rail_leg,6:30,390,-75.061570967779,40.1151744640308,-75.1687160134156,39.9558364756335,42091,42101,am_peak,TRUE,45,43.381023,restore,20251105,63.5166666666667,-29.75,55.0166666666667,-21.25,99.25,-12.75,74.0166666666667,-4.25,65.5166666666667,4.25,57.0166666666667,12.75,73.5166666666667,21.25,65.0166666666667,29.75,8,69.1083333333333,13.9270406159191
3212130102,32121301,6242,2,22,rail_leg,16:47,1007,-75.1687160134156,39.9558364756335,-75.061570967779,40.1151744640308,42101,42091,pm_peak,TRUE,29,41.369717,restore,20251105,65.5333333333333,-29.75,57.0333333333333,-21.25,48.5333333333333,-12.75,85.0333333333333,-4.25,76.5333333333333,4.25,68.0333333333333,12.75,59.5333333333333,21.25,51.0333333333333,29.75,8,63.9083333333333,12.5007142653073
3271390101,32713901,7404,1,22,rail_leg,6:05,365,-75.1161007447157,40.1433714101826,-75.1694605873533,39.9520071435649,42091,42101,am_peak,TRUE,70,59.050805,restore,20251105,57.7333333333333,-29.75,70.3833333333333,-21.25,61.8833333333333,-12.75,58.15,-4.25,61.8833333333333,4.25,62.2333333333333,12.75,59.8833333333333,21.25,65.3833333333333,29.75,8,62.1916666666667,4.12349058482915
3271630304,32716303,7428,4,22,rail_leg,17:34,1054,-75.1648345113326,39.9541020155151,-75.3393886203709,40.0346462639254,42101,42045,pm_peak,TRUE,26,33.295487,restore,20251105,49.1333333333333,-29.75,65.05,-21.25,56.55,-12.75,48.05,-4.25,54.1333333333333,4.25,45.6333333333333,12.75,37.1333333333333,21.25,49.05,29.75,8,50.5916666666667,8.22681928545629
3282960102,32829601,7679,2,22,rail_leg,8:27,507,-75.2344133789046,40.0088074073246,-75.1648345113326,39.9541020155151,42091,42101,am_peak,TRUE,19,26.069263,restore,20251105,73.6,-29.75,65.1,-21.25,56.6,-12.75,48.1,-4.25,39.6,4.25,32.3666666666667,12.75,45.6333333333333,21.25,37.1333333333333,29.75,8,49.7666666666667,14.3199051162947
3282960105,32829601,7680,5,22,rail_leg,17:16,1036,-75.1677276497158,39.9525760413027,-75.1677276497158,39.9525760413027,42101,42101,pm_peak,TRUE,20,3.527778,restore,20251105,6.2,-29.75,9.45,-21.25,10.4666666666667,-12.75,7.45,-4.25,9.11666666666667,4.25,5.45,12.75,7.5,21.25,12.2666666666667,29.75,8,8.4875,2.26879714302325
3285590201,32855902,7717,1,22,rail_leg,7:00,420,-75.4182346685475,40.0646607683914,-75.1652507511981,39.9564326348413,42029,42101,am_peak,TRUE,42,71.138005,restore,20251105,,-29.75,111.05,-21.25,102.55,-12.75,94.05,-4.25,85.55,4.25,,12.75,,21.25,115.25,29.75,5,101.69,12.1561918379071
3285590202,32855902,7718,2,22,rail_leg,17:30,1050,-75.1652507511981,39.9564326348413,-75.4233197162045,40.0419674851349,42101,42029,pm_peak,TRUE,0,44.695535,restore,20251105,47.2833333333333,-29.75,64.7833333333333,-21.25,56.2833333333333,-12.75,47.7833333333333,-4.25,74.2833333333333,4.25,65.7833333333333,12.75,57.2833333333333,21.25,75.7833333333333,29.75,8,61.1583333333333,10.8947890558481
3301380302,33013803,7961,2,22,rail_leg,7:25,445,-75.3285784262649,39.9077335323186,-75.1612826317197,39.9532127364358,42045,42101,am_peak,TRUE,35,36.507748,restore,20251105,52.7333333333333,-29.75,44.2333333333333,-21.25,52.55,-12.75,44.05,-4.25,53.55,4.25,45.05,12.75,36.55,21.25,52.05,29.75,8,47.5958333333333,6.07806849802358
3301380303,33013803,7961,3,22,rail_leg,17:00,1020,-75.1612826317197,39.9532127364358,-75.1612826317197,39.9532127364358,42101,42101,pm_peak,TRUE,45,4.127778,restore,20251105,11.4333333333333,-29.75,13.9333333333333,-21.25,8.88333333333333,-12.75,9.36666666666667,-4.25,15.8666666666667,4.25,7.36666666666667,12.75,9.21666666666667,21.25,6.36666666666667,29.75,8,10.3041666666667,3.24258311197959
3364970201,33649702,9148,1,22,rail_leg,7:30,450,-75.1898142834651,40.0518717143354,-75.1562910038297,39.9768159139408,42101,42101,am_peak,TRUE,60,39.166338,restore,20251105,35.25,-29.75,45.7833333333333,-21.25,44.0666666666667,-12.75,39.75,-4.25,41.5666666666667,4.25,53.5666666666667,12.75,45.0666666666667,21.25,37.0666666666667,29.75,8,42.7645833333333,5.76009422803768
3383780101,33837801,9470,1,22,rail_leg,7:40,460,-75.1898142834651,40.0518717143354,-75.1941152941134,39.9546263068532,42101,42101,am_peak,TRUE,45,36.485688,restore,20251105,56.2666666666667,-29.75,52.05,-21.25,43.55,-12.75,62.5666666666667,-4.25,57.55,4.25,49.05,12.75,40.55,21.25,52.05,29.75,8,51.7041666666667,7.28181443244549
3383780103,33837801,9472,3,22,rail_leg,17:40,1060,-75.1708705877199,39.9529581159317,-75.1898142834651,40.0518717143354,42101,42101,pm_peak,TRUE,48,35.3169,restore,20251105,50.6166666666667,-29.75,50.85,-21.25,42.35,-12.75,51.85,-4.25,43.35,4.25,55.2666666666667,12.75,48.6166666666667,21.25,49.1166666666667,29.75,8,49.0020833333333,4.30506749665945
3418210201,34182102,10014,1,22,rail_leg,7:30,450,-75.3495216111157,39.8940079236362,-75.1545851492175,39.9813757258968,42045,42101,am_peak,TRUE,65,61.294052,restore,20251105,73.9166666666667,-29.75,65.4166666666667,-21.25,76.9166666666667,-12.75,68.4166666666667,-4.25,81.9166666666667,4.25,73.4166666666667,12.75,81.9166666666667,21.25,73.4166666666667,29.75,8,74.4166666666667,5.8309518948453
3418210202,34182102,10015,2,22,rail_leg,16:30,990,-75.1545851492175,39.9813757258968,-75.3495216111157,39.8940079236362,42101,42045,pm_peak,TRUE,40,59.874693,restore,20251105,61.75,-29.75,68.25,-21.25,87.6166666666667,-12.75,79.1166666666667,-4.25,70.6166666666667,4.25,76.1166666666667,12.75,67.6166666666667,21.25,76.6,29.75,8,73.4604166666667,8.06955348531633
3431120102,34311201,10223,2,22,rail_leg,8:20,500,-74.9063874745106,40.0959040743494,-75.1659426772114,39.9531940428398,42017,42101,am_peak,TRUE,40,42.897435,restore,20251105,55.6,-29.75,,-21.25,71.6,-12.75,63.1,-4.25,54.6,4.25,46.1,12.75,72.6,21.25,64.1,29.75,7,61.1,9.60034721594311
3431120103,34311201,10223,3,22,rail_leg,17:11,1031,-75.1659426772114,39.9531940428398,-74.9063874745106,40.0959040743494,42101,42017,pm_peak,TRUE,39,39.253532,restore,20251105,77.9166666666667,-29.75,69.4166666666667,-21.25,60.9166666666667,-12.75,52.4166666666667,-4.25,73.9166666666667,4.25,65.4166666666667,12.75,56.9166666666667,21.25,48.4166666666667,29.75,8,63.1666666666667,10.3819899000969
3444160104,34441601,10410,4,22,rail_leg,10:57,657,-75.2087795541006,40.0727929276456,-75.1834073455283,39.9599979498596,42101,42101,off_peak,FALSE,25,36.258583,restore,20251105,69.25,-29.75,60.75,-21.25,52.25,-12.75,43.75,-4.25,64.25,4.25,77.1333333333334,12.75,72,21.25,69.75,29.75,8,63.6416666666667,11.0507415538003
3444160108,34441601,10413,8,22,rail_leg,14:45,885,-75.1834073455283,39.9599979498596,-75.2087795541006,40.0727929276456,42101,42101,off_peak,FALSE,32,36.117323,restore,20251105,80.7333333333333,-29.75,74.4333333333333,-21.25,65.9333333333333,-12.75,57.4333333333333,-4.25,48.9333333333333,4.25,78.2333333333333,12.75,72.5833333333333,21.25,73.2,29.75,8,68.9354166666667,10.8808935407912
3485620201,34856202,11220,1,22,rail_leg,8:00,480,-75.2087795541006,40.0727929276456,-75.1659426772114,39.9531940428398,42101,42101,am_peak,TRUE,50,39.893614,restore,20251105,55.1,-29.75,59.1,-21.25,50.6,-12.75,57.6,-4.25,49.1,4.25,61.6,12.75,60.1,21.25,57.1,29.75,8,56.2875,4.4476117186643
3485620202,34856202,11221,2,22,rail_leg,18:00,1080,-75.1659426772114,39.9531940428398,-75.2087795541006,40.0727929276456,42101,42101,pm_peak,TRUE,50,37.770337,restore,20251105,49.9333333333333,-29.75,59.0833333333333,-21.25,50.9333333333333,-12.75,64.2,-4.25,65,4.25,56.5,12.75,57.1333333333333,21.25,58.6333333333333,29.75,8,57.6770833333333,5.42731873861083
3494880102,34948801,11338,2,22,rail_leg,4:37,277,-75.1297691436794,40.0713922682092,-75.1608290378846,39.9512565309348,42091,42101,off_peak,FALSE,23,26.21249,restore,20251105,47.2166666666667,-29.75,38.7166666666667,-21.25,60.2166666666667,-12.75,51.7166666666667,-4.25,43.2166666666667,4.25,34.7166666666667,12.75,56.2166666666667,21.25,47.7166666666667,29.75,8,47.4666666666667,8.57321409974112
3494880104,34948801,11339,4,22,rail_leg,15:40,940,-75.1541388337345,39.9522458625874,-75.1297691436794,40.0713922682092,42101,42091,off_peak,FALSE,20,25.106486,restore,20251105,34.5166666666667,-29.75,26.0166666666667,-21.25,40.5166666666667,-12.75,32.0166666666667,-4.25,47.5166666666667,4.25,39.0166666666667,12.75,30.5166666666667,21.25,34.0166666666667,29.75,8,35.5166666666667,6.67618368317024
3501660102,35016601,11431,2,22,rail_leg,14:35,875,-75.1648345113326,39.9541020155151,-75.1655206281913,39.9477143701067,42101,42101,off_peak,FALSE,100,7.159904,restore,20251105,12.2166666666667,-29.75,14.3,-21.25,15.6666666666667,-12.75,16.7166666666667,-4.25,10.1166666666667,4.25,14.9833333333333,12.75,10.4666666666667,21.25,12.9833333333333,29.75,8,13.43125,2.40255217309519
3501660103,35016601,11432,3,22,rail_leg,20:30,1230,-75.1655206281913,39.9477143701067,-75.1648345113326,39.9541020155151,42101,42101,off_peak,FALSE,120,7.652922,restore,20251105,10.5833333333333,-29.75,13.9166666666667,-21.25,16.5833333333333,-12.75,8.08333333333333,-4.25,7.58333333333333,4.25,20.0833333333333,12.75,11.5833333333333,21.25,11.0833333333333,29.75,8,12.4375,4.24865758444256
3521040203,35210402,11693,3,22,rail_leg,8:24,504,-75.1325211942729,40.0941668713503,-75.1648345113326,39.9541020155151,42091,42101,am_peak,TRUE,28,34.780763,restore,20251105,46.8666666666667,-29.75,38.3666666666667,-21.25,41.5833333333333,-12.75,40.0833333333333,-4.25,57.8666666666667,4.25,49.3666666666667,12.75,40.8666666666667,21.25,39.9666666666667,29.75,8,44.3708333333333,6.62466980309208
3521040208,35210402,11696,8,22,rail_leg,17:51,1071,-75.1648345113326,39.9541020155151,-75.1325211942729,40.0941668713503,42101,42091,pm_peak,TRUE,29,33.845095,restore,20251105,45.1166666666667,-29.75,55.6166666666667,-21.25,47.1166666666667,-12.75,38.6166666666667,-4.25,46.1166666666667,4.25,44.6166666666667,12.75,41.1166666666667,21.25,54.85,29.75,8,46.6458333333333,5.97352459036924
3531220101,35312201,11880,1,22,rail_leg,6:55,415,-75.4630660144789,40.0474160739304,-75.1779217463161,39.9533873770951,42029,42101,am_peak,TRUE,55,45.65507,restore,20251105,67.65,-29.75,73.15,-21.25,64.65,-12.75,56.15,-4.25,79.8833333333333,4.25,71.3833333333334,12.75,62.8833333333333,21.25,62.15,29.75,8,67.2375,7.43257389885259
3531220102,35312201,11881,2,22,rail_leg,17:25,1045,-75.1779217463161,39.9533873770951,-75.4630660144789,40.0474160739304,42101,42029,pm_peak,TRUE,110,46.637494,restore,20251105,57.3666666666667,-29.75,48.8666666666667,-21.25,66.3666666666667,-12.75,57.8666666666667,-4.25,49.3666666666667,4.25,75.8666666666667,12.75,67.3666666666667,21.25,58.8666666666667,29.75,8,60.2416666666667,9.22632104362296
3565060101,35650601,12536,1,22,rail_leg,9:30,570,-75.1813387898497,40.0295103180276,-75.173930383129,39.954707841715,42101,42101,off_peak,FALSE,60,30.031529,restore,20251105,39.0166666666667,-29.75,30.5166666666667,-21.25,53.3333333333333,-12.75,44.8333333333333,-4.25,49.0166666666667,4.25,54.1833333333333,12.75,45.6833333333333,21.25,41.5833333333333,29.75,8,44.7708333333333,7.81232618854272
3568880102,35688801,12619,2,22,rail_leg,9:16,556,-74.9853265543148,40.0477525065309,-75.1928742171467,39.9459041130135,42101,42101,am_peak,TRUE,50,42.914459,restore,20251105,81.0666666666667,-29.75,72.5666666666667,-21.25,64.0666666666667,-12.75,96.9,-4.25,88.4,4.25,98.5666666666667,12.75,90.0666666666667,21.25,81.5666666666667,29.75,8,84.15,11.8150428731866
3568880103,35688801,12619,3,14,feeder_leg,11:45,705,-75.1928742171467,39.9459041130135,-75.1588750233838,39.9528401835985,42101,42101,off_peak,FALSE,25,24.491364,restore,20251105,26.05,-29.75,28.4166666666667,-21.25,31.05,-12.75,22.55,-4.25,22.05,4.25,37.7333333333333,12.75,35.05,21.25,26.55,29.75,8,28.68125,5.62156023574657
3568880202,35688802,12623,2,22,rail_leg,9:16,556,-74.9853265543148,40.0477525065309,-75.1928742171467,39.9459041130135,42101,42101,am_peak,TRUE,48,42.914459,restore,20251105,81.0666666666667,-29.75,72.5666666666667,-21.25,64.0666666666667,-12.75,96.9,-4.25,88.4,4.25,98.5666666666667,12.75,90.0666666666667,21.25,81.5666666666667,29.75,8,84.15,11.8150428731866
3568880203,35688802,12623,3,14,feeder_leg,11:45,705,-75.1928742171467,39.9459041130135,-75.1588750233838,39.9528401835985,42101,42101,off_peak,FALSE,25,24.491364,restore,20251105,26.05,-29.75,28.4166666666667,-21.25,31.05,-12.75,22.55,-4.25,22.05,4.25,37.7333333333333,12.75,35.05,21.25,26.55,29.75,8,28.68125,5.62156023574657
3574140203,35741402,12735,3,22,rail_leg,6:58,418,-75.5182227312107,40.0361776802347,-75.1588750233838,39.9528401835985,42029,42101,am_peak,TRUE,48,52.859265,restore,20251105,68.05,-29.75,73.55,-21.25,65.05,-12.75,56.55,-4.25,81.05,4.25,72.55,12.75,71.05,21.25,62.55,29.75,8,68.8,7.51664818918645
3613500206,36135002,13374,6,22,rail_leg,16:00,960,-75.1612826317197,39.9532127364358,-75.1612826317197,39.9532127364358,42101,42101,pm_peak,TRUE,,4.127778,restore,20251105,7.7,-29.75,10.1666666666667,-21.25,11.6666666666667,-12.75,9.16666666666667,-4.25,6.7,4.25,9.38333333333333,12.75,9.66666666666667,21.25,11.9333333333333,29.75,8,9.54791666666667,1.7838214174088
3634880201,36348802,13657,1,22,rail_leg,8:05,485,-75.2784887557887,39.9397339356879,-75.1682068169821,39.957491721513,42045,42101,am_peak,TRUE,,42.453796,restore,20251105,60.0166666666667,-29.75,51.5166666666667,-21.25,53.3,-12.75,44.8,-4.25,53.3,4.25,44.8,12.75,63.5333333333333,21.25,55.0333333333333,29.75,8,53.2875,6.55218823256175
3637010102,36370101,13716,2,22,rail_leg,7:43,463,-75.4829079089365,40.0451966969818,-75.1834073455283,39.9599979498596,42029,42101,am_peak,TRUE,42,37.682509,restore,20251105,65.25,-29.75,63.75,-21.25,55.25,-12.75,69.75,-4.25,61.25,4.25,85.75,12.75,77.25,21.25,68.75,29.75,8,68.375,9.53845599964391
3664520104,36645201,14379,4,22,rail_leg,16:40,1000,-75.4829079089365,40.0451966969818,-75.1588750233838,39.9528401835985,42029,42101,pm_peak,TRUE,45,58.610662,restore,20251105,66.05,-29.75,76.55,-21.25,68.05,-12.75,82.55,-4.25,74.05,4.25,65.55,12.75,86.05,21.25,77.55,29.75,8,74.55,7.60638829255665
3703190201,37031902,15178,1,22,rail_leg,19:30,1170,-75.1268140035489,40.0819703941513,-75.1659426772114,39.9531940428398,42091,42101,off_peak,FALSE,,47.055049,restore,20251105,51.1,-29.75,42.6,-21.25,53.6,-12.75,45.1,-4.25,40.1,4.25,64.1,12.75,55.6,21.25,59.1,29.75,8,51.4125,8.34924076958926
3772110201,37721102,16231,1,22,rail_leg,7:18,438,-75.2997775853713,39.939031243255,-75.1632627264191,39.9610182840982,42045,42101,am_peak,TRUE,42,54.401493,restore,20251105,62.0833333333333,-29.75,53.5833333333333,-21.25,61.8333333333333,-12.75,53.3333333333333,-4.25,63.0833333333333,4.25,61.5833333333333,12.75,53.0833333333333,21.25,61.3333333333333,29.75,8,58.7395833333333,4.50780573006424
3772110202,37721102,16232,2,22,rail_leg,16:45,1005,-75.1632627264191,39.9610182840982,-75.2997775853713,39.939031243255,42101,42045,pm_peak,TRUE,45,47.925501,restore,20251105,56.6,-29.75,70.4333333333333,-21.25,61.9333333333333,-12.75,53.4333333333333,-4.25,64.9333333333333,4.25,56.4333333333333,12.75,65.6,21.25,57.1,29.75,8,60.8083333333333,5.84166072277396
3775560104,37755601,16293,4,22,rail_leg,12:35,755,-75.3170969015922,40.0208081125859,-75.263745391218,39.9965055434734,42091,42091,off_peak,FALSE,5,24.140791,restore,20251105,62.4833333333333,-29.75,53.9833333333333,-21.25,45.4833333333333,-12.75,36.9833333333333,-4.25,28.4833333333333,4.25,79.9833333333333,12.75,71.4833333333333,21.25,62.9833333333333,29.75,8,55.2333333333333,17.4622040827775
3782060202,37820602,16456,2,22,rail_leg,8:30,510,-75.3195257705183,40.0049815590517,-75.1648345113326,39.9541020155151,42045,42101,am_peak,TRUE,15,46.003463,restore,20251105,52.6,-29.75,62.1,-21.25,53.6,-12.75,57.1,-4.25,48.6,4.25,58.1,12.75,49.6,21.25,53.1,29.75,8,54.35,4.51188905638679
3782060205,37820602,16457,5,22,rail_leg,17:14,1034,-75.1634808483634,39.9480403151119,-75.1634808483634,39.9480403151119,42101,42101,pm_peak,TRUE,26,3.958333,restore,20251105,13.1833333333333,-29.75,12.4166666666667,-21.25,12.8,-12.75,7.68333333333333,-4.25,13.6333333333333,4.25,5.45,12.75,12.05,21.25,12.3,29.75,8,11.1895833333333,2.95818661608012
3797000102,37970001,16662,2,22,rail_leg,16:45,1005,-75.1648345113326,39.9541020155151,-75.6982311138271,40.0135155865065,42101,42029,pm_peak,TRUE,65,91.536477,restore,20251105,106.3,-29.75,97.8,-21.25,,-12.75,,-4.25,,4.25,,12.75,138.733333333333,21.25,130.233333333333,29.75,4,118.266666666667,19.3577814768042
3830520202,38305202,17383,2,22,rail_leg,6:51,411,-75.1531176077862,40.0998645962702,-75.1648345113326,39.9541020155151,42091,42101,am_peak,TRUE,151,35.407063,restore,20251105,48.4666666666667,-29.75,39.9666666666667,-21.25,47.5833333333333,-12.75,39.0833333333333,-4.25,40.5833333333333,4.25,53.8666666666667,12.75,51.4666666666667,21.25,42.9666666666667,29.75,8,45.4979166666667,5.62045186498974
3862330102,38623301,17935,2,22,rail_leg,16:30,990,-75.1517226930339,39.9485721389241,-74.9399477360023,40.1745544172025,42101,42017,pm_peak,TRUE,450,78.696143,restore,20251105,,-29.75,,-21.25,,-12.75,,-4.25,,4.25,,12.75,,21.25,,29.75,0,,
3884280202,38842802,18293,2,22,rail_leg,6:19,379,-75.2823535717739,40.2437347422191,-75.1941152941134,39.9546263068532,42091,42101,am_peak,TRUE,62,71.339909,restore,20251105,85.0666666666667,-29.75,76.5666666666667,-21.25,68.0666666666667,-12.75,89.05,-4.25,80.55,4.25,72.05,12.75,75.55,21.25,67.05,29.75,8,76.74375,7.81893782367376
3884280208,38842802,18297,8,22,rail_leg,16:29,989,-75.1928742171467,39.9459041130135,-75.1834073455283,39.9599979498596,42101,42101,pm_peak,TRUE,4,16.033201,restore,20251105,19.25,-29.75,18.75,-21.25,20.25,-12.75,16.75,-4.25,25.25,4.25,16.75,12.75,16.25,21.25,19.75,29.75,8,19.125,2.90012315009454
3884280209,38842802,18297,9,22,rail_leg,16:40,1000,-75.1834073455283,39.9599979498596,-75.2823535717739,40.2437347422191,42101,42091,pm_peak,TRUE,54,66.594024,restore,20251105,82.8166666666667,-29.75,74.3166666666667,-21.25,78.8166666666667,-12.75,70.3166666666667,-4.25,73.8166666666667,4.25,77.3166666666667,12.75,68.8166666666667,21.25,104.316666666667,29.75,8,78.8166666666667,11.2503968183984
3891190102,38911901,18520,2,22,rail_leg,7:50,470,-75.1944243101308,40.0409483586041,-75.1834073455283,39.9599979498596,42101,42101,am_peak,TRUE,25,26.583157,restore,20251105,46.25,-29.75,37.75,-21.25,58.25,-12.75,50.75,-4.25,42.25,4.25,45.75,12.75,61,21.25,52.5,29.75,8,49.3125,7.87712556348172
3891190103,38911901,18520,3,14,feeder_leg,8:30,510,-75.1834073455283,39.9599979498596,-75.202230610969,39.9458213862922,42101,42101,am_peak,TRUE,5,20.048522,restore,20251105,30.75,-29.75,28.9,-21.25,31.9666666666667,-12.75,28.25,-4.25,30.4,4.25,27.25,12.75,26.75,21.25,31.2333333333333,29.75,8,29.4375,1.92641928713384
3891190104,38911901,18520,4,14,feeder_leg,16:45,1005,-75.202230610969,39.9458213862922,-75.202230610969,39.9458213862922,42101,42101,pm_peak,TRUE,20,7.672936,restore,20251105,15.7,-29.75,17.2,-21.25,18.7,-12.75,19.8833333333333,-4.25,13.85,4.25,20.8833333333333,12.75,17.7,21.25,18.35,29.75,8,17.7833333333333,2.24690262997119
3891190105,38911901,18521,5,22,rail_leg,17:21,1041,-75.202230610969,39.9458213862922,-75.202230610969,39.9458213862922,42101,42101,pm_peak,TRUE,19,7.672936,restore,20251105,18.3833333333333,-29.75,18.8833333333333,-21.25,15.7,-12.75,16.35,-4.25,15.9,4.25,20.8833333333333,12.75,18.3833333333333,21.25,14.2,29.75,8,17.3354166666667,2.16190754798436
3892120102,38921201,18523,2,22,rail_leg,6:06,366,-75.1297691436794,40.0713922682092,-75.1588750233838,39.9528401835985,42091,42101,am_peak,TRUE,18,25.77019,restore,20251105,45.05,-29.75,36.55,-21.25,28.05,-12.75,44.55,-4.25,36.05,4.25,27.55,12.75,33.05,21.25,43.9333333333333,29.75,8,36.8479166666667,7.1294517560097
3892120103,38921201,18523,3,14,feeder_leg,6:29,389,-75.1588750233838,39.9528401835985,-75.1466622121185,39.9478355374067,42101,42101,am_peak,TRUE,10,11.803805,restore,20251105,13.25,-29.75,11.85,-21.25,17.35,-12.75,13.6333333333333,-4.25,13.25,4.25,12.0833333333333,12.75,13.1166666666667,21.25,15.8333333333333,29.75,8,13.7958333333333,1.87410825355201
3892120104,38921201,18523,4,21,feeder_leg,15:15,915,-75.1466622121185,39.9478355374067,-75.1588750233838,39.9528401835985,42101,42101,off_peak,FALSE,10,12.634956,restore,20251105,22.3333333333333,-29.75,18.3333333333333,-21.25,21.8333333333333,-12.75,15.65,-4.25,15.8333333333333,4.25,17.75,12.75,17.6166666666667,21.25,16.8333333333333,29.75,8,18.2729166666667,2.52911518344086
3892120105,38921201,18524,5,22,rail_leg,15:35,935,-75.1588750233838,39.9528401835985,-75.1256172805438,40.0721167066709,42101,42091,off_peak,FALSE,35,25.390223,restore,20251105,27.0333333333333,-29.75,31.5333333333333,-21.25,23.0333333333333,-12.75,37.5333333333333,-4.25,29.0333333333333,4.25,43.7333333333333,12.75,35.2333333333333,21.25,27.5333333333333,29.75,8,31.8333333333333,6.68217244400566
3892120201,38921202,18530,1,22,rail_leg,6:30,390,-75.1256172805438,40.0721167066709,-75.1691139313301,39.9535949564727,42091,42101,am_peak,TRUE,33,37.730184,restore,20251105,51.6833333333333,-29.75,43.1833333333333,-21.25,34.6833333333333,-12.75,36.1833333333333,-4.25,27.6833333333333,4.25,41.1833333333333,12.75,32.6833333333333,21.25,61.9833333333333,29.75,8,41.1583333333333,11.1396011726504
3892120202,38921202,18531,2,22,rail_leg,17:00,1020,-75.1691139313301,39.9535949564727,-75.1256172805438,40.0721167066709,42101,42091,pm_peak,TRUE,35,34.33498,restore,20251105,49.0333333333333,-29.75,40.5333333333333,-21.25,32.0333333333333,-12.75,36.5333333333333,-4.25,42.0333333333333,4.25,33.5333333333333,12.75,36.0333333333333,21.25,47.5333333333333,29.75,8,39.6583333333333,6.26640703616172
3898250104,38982501,18688,4,22,rail_leg,17:05,1025,-75.1588750233838,39.9528401835985,-75.1505658415867,39.9464361327538,42101,42101,pm_peak,TRUE,70,14.243982,restore,20251105,14.1,-29.75,15.6,-21.25,14.05,-12.75,15.5833333333333,-4.25,12.2333333333333,4.25,16.9333333333333,12.75,14.1,21.25,13.7833333333333,29.75,8,14.5479166666667,1.43727137588436
3947730201,39477302,19693,1,22,rail_leg,7:00,420,-75.3005464116087,40.0904763752531,-75.1706866571216,39.953785415184,42091,42101,am_peak,TRUE,50,70.058423,restore,20251105,123.5,-29.75,115,-21.25,106.5,-12.75,98,-4.25,89.5,4.25,84.3,12.75,75.8,21.25,67.3,29.75,8,94.9875,19.3987066947405
3947730202,39477302,19694,2,22,rail_leg,17:05,1025,-75.1706866571216,39.953785415184,-75.3005464116087,40.0904763752531,42101,42091,pm_peak,TRUE,65,69.131219,restore,20251105,88.3,-29.75,79.8,-21.25,71.3,-12.75,85.1,-4.25,76.6,4.25,68.8333333333333,12.75,84.6,21.25,76.1,29.75,8,78.8291666666667,6.88982312533585
3952890102,39528901,19775,2,22,rail_leg,7:15,435,-75.3862490558174,39.9062101361711,-75.1928742171467,39.9459041130135,42045,42101,am_peak,TRUE,23,32.38735,restore,20251105,55.0666666666667,-29.75,46.5666666666667,-21.25,53.0666666666667,-12.75,44.5666666666667,-4.25,55.0666666666667,4.25,46.5666666666667,12.75,38.0666666666667,21.25,52.5666666666667,29.75,8,48.9416666666667,6.02228006180858
3952890105,39528901,19776,5,22,rail_leg,17:28,1048,-75.1928742171467,39.9459041130135,-75.3862490558174,39.9062101361711,42101,42045,pm_peak,TRUE,25,32.963278,restore,20251105,40.05,-29.75,46.55,-21.25,38.05,-12.75,55.55,-4.25,47.05,4.25,57.55,12.75,49.05,21.25,40.55,29.75,8,46.8,7.15641570300983
3956070101,39560701,19836,1,22,rail_leg,7:30,450,-75.2473767570295,40.0956050286212,-75.1505658415867,39.9464361327538,42091,42101,am_peak,TRUE,60,79.000509,restore,20251105,,-29.75,,-21.25,,-12.75,,-4.25,,4.25,,12.75,,21.25,,29.75,0,,
3966570202,39665702,20014,2,22,rail_leg,11:40,700,-75.0970591119887,40.1962393455377,-75.2318795104928,39.8804695206274,42017,42101,off_peak,FALSE,80,110.429224,restore,20251105,111.883333333333,-29.75,,-21.25,150.033333333333,-12.75,141.533333333333,-4.25,133.033333333333,4.25,124.533333333333,12.75,116.033333333333,21.25,107.533333333333,29.75,7,126.369047619048,15.8597161146754
4004890302,40048903,20655,2,22,rail_leg,8:06,486,-75.3460361638143,40.1143423687777,-75.1480260525691,39.9820906148628,42091,42101,am_peak,TRUE,39,36.455461,restore,20251105,52.1,-29.75,43.6,-21.25,50.1,-12.75,41.6,-4.25,61.1,4.25,52.6,12.75,44.1,21.25,74.6,29.75,8,52.475,10.9340555800934
4004890304,40048903,20655,4,22,rail_leg,17:16,1036,-75.1446587384151,39.9502859178682,-75.2783533552924,39.9575793577259,42101,42045,pm_peak,TRUE,44,37.642814,restore,20251105,50.8,-29.75,42.3,-21.25,45.0833333333333,-12.75,46.0166666666667,-4.25,46.8,4.25,53.3,12.75,49.8,21.25,55.65,29.75,8,48.71875,4.47102166425328
4012760103,40127601,20788,3,22,rail_leg,7:46,466,-75.1947508247048,40.0550864009275,-75.1648345113326,39.9541020155151,42101,42101,am_peak,TRUE,32,40.20071,restore,20251105,48.3666666666667,-29.75,43.3666666666667,-21.25,45.3666666666667,-12.75,57.3666666666667,-4.25,48.8666666666667,4.25,42.3666666666667,12.75,46.3666666666667,21.25,51.8666666666667,29.75,8,47.9916666666667,4.87522893235355
4012760106,40127601,20789,6,22,rail_leg,17:18,1038,-75.1648345113326,39.9541020155151,-75.1947508247048,40.0550864009275,42101,42101,pm_peak,TRUE,32,37.838678,restore,20251105,43.1166666666667,-29.75,45.8333333333333,-21.25,60.5833333333333,-12.75,57.6833333333333,-4.25,49.1833333333333,4.25,42.6166666666667,12.75,52.1166666666667,21.25,43.6166666666667,29.75,8,49.34375,6.89455695999411
4012760203,40127602,20794,3,22,rail_leg,7:42,462,-75.1947508247048,40.0550864009275,-75.1648345113326,39.9541020155151,42101,42101,am_peak,TRUE,36,40.20071,restore,20251105,52.3666666666667,-29.75,47.3666666666667,-21.25,49.3666666666667,-12.75,47.8666666666667,-4.25,52.8666666666667,4.25,44.3666666666667,12.75,50.3666666666667,21.25,55.8666666666667,29.75,8,50.0541666666667,3.62469210515084
4012760206,40127602,20795,6,22,rail_leg,17:16,1036,-75.1648345113326,39.9541020155151,-75.1947508247048,40.0550864009275,42101,42101,pm_peak,TRUE,34,37.838678,restore,20251105,45.1166666666667,-29.75,47.8333333333333,-21.25,62.5833333333333,-12.75,59.6833333333333,-4.25,51.1833333333333,4.25,44.6166666666667,12.75,54.1166666666667,21.25,45.6166666666667,29.75,8,51.34375,6.89455695999411
4013690102,40136901,20851,2,22,rail_leg,8:06,486,-75.4630660144789,40.0474160739304,-75.1834073455283,39.9599979498596,42029,42101,am_peak,TRUE,32,41.533301,restore,20251105,49.25,-29.75,63.75,-21.25,88.25,-12.75,79.75,-4.25,71.25,4.25,62.75,12.75,76.25,21.25,67.75,29.75,8,69.875,11.9276090287558
4013690103,40136901,20851,3,14,feeder_leg,8:40,520,-75.1834073455283,39.9599979498596,-75.1834073455283,39.9599979498596,42101,42101,am_peak,TRUE,1,4.598742,restore,20251105,33.4,-29.75,24.9,-21.25,20.7,-12.75,24.15,-4.25,22.8666666666667,4.25,20.1,12.75,27.0166666666667,21.25,23.3166666666667,29.75,8,24.55625,4.20321057843485
4013690106,40136901,20852,6,21,feeder_leg,16:01,961,-75.1906300416804,39.958024348983,-75.1834073455283,39.9599979498596,42101,42101,pm_peak,TRUE,4,13.234685,restore,20251105,30.55,-29.75,22.05,-21.25,13.55,-12.75,25.05,-4.25,16.55,4.25,28.05,12.75,19.55,21.25,11.7333333333333,29.75,8,20.8854166666667,6.77794297059944
4013690108,40136901,20852,8,22,rail_leg,16:15,975,-75.1834073455283,39.9599979498596,-75.4630660144789,40.0474160739304,42101,42029,pm_peak,TRUE,35,42.752855,restore,20251105,84.3666666666667,-29.75,75.8666666666667,-21.25,67.3666666666667,-12.75,74.8666666666667,-4.25,66.3666666666667,4.25,57.8666666666667,12.75,76.3666666666667,21.25,67.8666666666667,29.75,8,71.3666666666667,8.12403840463596
4013690301,40136903,20866,1,22,rail_leg,12:00,720,-75.4630660144789,40.0474160739304,-75.1906300416804,39.958024348983,42029,42101,off_peak,FALSE,60,52.702052,restore,20251105,88.4833333333333,-29.75,79.9833333333333,-21.25,71.4833333333333,-12.75,115.066666666667,-4.25,106.566666666667,4.25,98.0666666666667,12.75,89.5666666666667,21.25,88.9833333333333,29.75,8,92.275,14.0060219474928
4020640202,40206402,21027,2,22,rail_leg,7:49,469,-75.1325211942729,40.0941668713503,-75.1928742171467,39.9459041130135,42091,42101,am_peak,TRUE,33,48.660586,restore,20251105,56.3833333333333,-29.75,56.9,-21.25,61.0666666666667,-12.75,52.5666666666667,-4.25,57.0666666666667,4.25,48.5666666666667,12.75,57.0666666666667,21.25,52.5666666666667,29.75,8,55.2729166666667,3.8453015806347
4020640205,40206402,21028,5,22,rail_leg,17:13,1033,-75.1834073455283,39.9599979498596,-75.7773113001476,39.9924677984963,42101,42029,pm_peak,TRUE,52,84.546441,restore,20251105,116.883333333333,-29.75,108.383333333333,-21.25,99.8833333333334,-12.75,145.666666666667,-4.25,137.166666666667,4.25,128.666666666667,12.75,,21.25,,29.75,6,122.775,17.5026878888168
4050800101,40508001,21622,1,22,rail_leg,8:35,515,-75.1822218287983,40.0542278772892,-75.2100224563071,39.9560134286816,42101,42101,am_peak,TRUE,10,53.723828,restore,20251105,56.8166666666667,-29.75,60.3166666666667,-21.25,69.8166666666667,-12.75,61.3166666666667,-4.25,64.8166666666667,4.25,56.3166666666667,12.75,59.8166666666667,21.25,63.3166666666667,29.75,8,61.5666666666667,4.41588043316392
4050800104,40508001,21625,4,22,rail_leg,16:35,995,-75.2100224563071,39.9560134286816,-75.1822218287983,40.0542278772892,42101,42101,pm_peak,TRUE,40,58.729375,restore,20251105,65.8,-29.75,57.3,-21.25,58.8,-12.75,59.3,-4.25,71.3666666666667,4.25,63.3,12.75,63.8,21.25,55.3,29.75,8,61.8708333333333,5.23014575353064
4056480101,40564801,21742,1,22,rail_leg,7:20,440,-75.180637080064,39.9501303685435,-75.2994747363044,40.2251091301749,42101,42091,am_peak,TRUE,90,93.493596,restore,20251105,,-29.75,,-21.25,,-12.75,,-4.25,,4.25,,12.75,,21.25,,29.75,0,,
4056480102,40564801,21743,2,22,rail_leg,18:00,1080,-75.2994747363044,40.2251091301749,-75.1611907875754,39.9477574019743,42091,42101,pm_peak,TRUE,105,82.481336,restore,20251105,,-29.75,,-21.25,,-12.75,,-4.25,,4.25,,12.75,,21.25,,29.75,0,,
4061050101,40610501,21772,1,22,rail_leg,8:25,505,-75.1827055398227,40.0389450998406,-75.1545851492175,39.9813757258968,42101,42101,am_peak,TRUE,51,34.286277,restore,20251105,40.9166666666667,-29.75,46.4166666666667,-21.25,37.9166666666667,-12.75,39.75,-4.25,45.25,4.25,45.4166666666667,12.75,41.7166666666667,21.25,38.4166666666667,29.75,8,41.975,3.32884221257038
4061050104,40610501,21775,4,22,rail_leg,15:15,915,-75.1545851492175,39.9813757258968,-75.1827055398227,40.0389450998406,42101,42101,off_peak,FALSE,55,39.121714,restore,20251105,43.2833333333333,-29.75,39.9666666666667,-21.25,47.8,-12.75,39.3,-4.25,40.2833333333333,4.25,41.9666666666667,12.75,42.8,21.25,41.1666666666667,29.75,8,42.0708333333333,2.6979820501362
4072680102,40726801,21995,2,22,rail_leg,7:48,468,-75.1898142834651,40.0518717143354,-75.1834073455283,39.9599979498596,42101,42101,am_peak,TRUE,21,28.394925,restore,20251105,48.25,-29.75,39.75,-21.25,60.25,-12.75,52.75,-4.25,44.25,4.25,35.75,12.75,55.25,21.25,60.5,29.75,8,49.59375,9.2068855250529
4072680105,40726801,21996,5,22,rail_leg,17:24,1044,-75.1834073455283,39.9599979498596,-75.1898142834651,40.0518717143354,42101,42101,pm_peak,TRUE,22,28.170533,restore,20251105,33.35,-29.75,66.85,-21.25,58.35,-12.75,49.85,-4.25,41.35,4.25,32.85,12.75,42.35,21.25,33.85,29.75,8,44.85,12.5754863581039
4094470101,40944701,22361,1,22,rail_leg,6:10,370,-75.3008610836775,39.9087719876414,-75.1917667584469,39.9649367058634,42045,42101,am_peak,TRUE,,67.634854,restore,20251105,83.6666666666667,-29.75,75.1666666666667,-21.25,66.6666666666667,-12.75,58.1666666666667,-4.25,83.5333333333333,4.25,75.0333333333333,12.75,66.5333333333333,21.25,96.2333333333333,29.75,8,75.625,12.0722658674585
4094470102,40944701,22362,2,22,rail_leg,16:00,960,-75.1917667584469,39.9649367058634,-75.3008610836775,39.9087719876414,42101,42045,pm_peak,TRUE,35,68.510736,restore,20251105,63.55,-29.75,80.6666666666667,-21.25,74.4833333333333,-12.75,95.4833333333333,-4.25,86.9833333333333,4.25,96.8,12.75,88.3,21.25,79.8,29.75,8,83.2583333333333,11.0596901417601
4100840202,41008402,22442,2,22,rail_leg,7:08,428,-75.1648345113326,39.9541020155151,-75.274466211559,40.2111841677703,42101,42091,am_peak,TRUE,55,58.23792,restore,20251105,87.3666666666667,-29.75,78.8666666666667,-21.25,70.3666666666667,-12.75,61.8666666666667,-4.25,115.366666666667,4.25,106.866666666667,12.75,98.3666666666667,21.25,89.8666666666667,29.75,8,88.6166666666667,18.0890653632045
4100840205,41008402,22444,5,22,rail_leg,17:26,1046,-75.274466211559,40.2111841677703,-75.1648345113326,39.9541020155151,42091,42101,pm_peak,TRUE,51,56.496517,restore,20251105,73.4666666666667,-29.75,64.9666666666667,-21.25,77.8666666666667,-12.75,69.3666666666667,-4.25,60.8666666666667,4.25,62.3666666666667,12.75,103.6,21.25,100.366666666667,29.75,8,76.6083333333333,16.6607203678173
4131100102,41311001,22922,2,22,rail_leg,7:05,425,-75.1588750233838,39.9528401835985,-75.4829079089365,40.0451966969818,42101,42029,am_peak,TRUE,57,49.482246,restore,20251105,84.3166666666667,-29.75,75.8166666666667,-21.25,67.3166666666667,-12.75,81.8166666666667,-4.25,73.3166666666667,4.25,64.8166666666667,12.75,81.3166666666667,21.25,72.8166666666667,29.75,8,75.1916666666667,7.00892288443809
4131100105,41311001,22923,5,22,rail_leg,17:40,1060,-75.4996994737956,40.0522494273571,-75.4996994737956,40.0522494273571,42029,42029,pm_peak,TRUE,65,16.012285,restore,20251105,28.9,-29.75,20.4,-21.25,11.9,-12.75,49.7166666666667,-4.25,35.9,4.25,27.4,12.75,18.9,21.25,,29.75,7,27.5880952380952,12.4752151109106
4184310104,41843101,23864,4,22,rail_leg,8:16,496,-75.1834073455283,39.9599979498596,-75.3045400928903,40.0162243322963,42101,42091,am_peak,TRUE,24,31.975394,restore,20251105,37.6833333333333,-29.75,40.25,-21.25,31.75,-12.75,74.25,-4.25,65.75,4.25,65.25,12.75,56.75,21.25,48.25,29.75,8,52.4916666666667,15.3412169174396
4184310106,41843101,23865,6,22,rail_leg,16:55,1015,-75.3195257705183,40.0049815590517,-75.1834073455283,39.9599979498596,42045,42101,pm_peak,TRUE,20,47.441317,restore,20251105,62.1333333333333,-29.75,53.6333333333333,-21.25,57.1333333333333,-12.75,48.6333333333333,-4.25,58.1333333333333,4.25,61.6333333333333,12.75,53.1333333333333,21.25,62.6333333333333,29.75,8,57.1333333333333,5.02849025908516
4195770402,41957704,24072,2,21,feeder_leg,14:40,880,-74.9853265543148,40.0477525065309,-75.1612826317197,39.9532127364358,42101,42101,off_peak,FALSE,20,52.235668,restore,20251105,75.85,-29.75,67.35,-21.25,82.85,-12.75,74.35,-4.25,65.85,4.25,80.8666666666667,12.75,72.3666666666667,21.25,63.8666666666667,29.75,8,72.91875,6.92472816210482
4195770403,41957704,24072,3,22,rail_leg,20:05,1205,-75.1612826317197,39.9532127364358,-75.1612826317197,39.9532127364358,42101,42101,off_peak,FALSE,30,4.127778,restore,20251105,8.86666666666667,-29.75,17.3666666666667,-21.25,8.86666666666667,-12.75,14.1666666666667,-4.25,6.86666666666667,4.25,13.3666666666667,12.75,10.6666666666667,21.25,11.1666666666667,29.75,8,11.4166666666667,3.40377941202339
4218280102,42182801,24369,2,22,rail_leg,16:30,990,-75.1619465866814,40.0435075759518,-74.9919645563739,40.0557019160434,42101,42101,pm_peak,TRUE,105,58.376659,restore,20251105,56.4666666666667,-29.75,87.7833333333333,-21.25,79.2833333333333,-12.75,82.7833333333333,-4.25,82.4666666666667,4.25,73.9666666666667,12.75,65.4666666666667,21.25,56.9666666666667,29.75,8,73.1479166666667,12.1378276523869
4218280202,42182802,24373,2,22,rail_leg,16:45,1005,-75.2239722514315,39.9735103886618,-75.1571977835929,40.0823045185899,42101,42091,pm_peak,TRUE,195,68.114512,restore,20251105,84.5833333333333,-29.75,84.9666666666667,-21.25,82.3333333333333,-12.75,87.9666666666667,-4.25,79.4666666666667,4.25,89.4833333333333,12.75,83.3333333333333,21.25,74.8333333333333,29.75,8,83.3708333333333,4.65541799054249
4222850102,42228501,24496,2,22,rail_leg,7:10,430,-75.1531176077862,40.0998645962702,-75.1612826317197,39.9532127364358,42091,42101,am_peak,TRUE,35,32.722228,restore,20251105,44.4166666666667,-29.75,35.9166666666667,-21.25,37.4166666666667,-12.75,52.9333333333333,-4.25,46.4166666666667,4.25,41.9166666666667,12.75,33.4166666666667,21.25,44.9166666666667,29.75,8,42.16875,6.379191354809
4222850103,42228501,24496,3,22,rail_leg,17:00,1020,-75.1612826317197,39.9532127364358,-75.1470888942105,40.1018399351912,42101,42091,pm_peak,TRUE,45,40.670869,restore,20251105,39.85,-29.75,46.35,-21.25,37.85,-12.75,41.35,-4.25,42.85,4.25,51.1666666666667,12.75,42.6666666666667,21.25,42.35,29.75,8,43.0541666666667,4.09907800318443
4238580101,42385801,24804,1,22,rail_leg,6:45,405,-74.9200693290363,40.2495112723629,-75.1470807570054,39.9513767444736,42017,42101,am_peak,TRUE,,164.461647,restore,20251105,,-29.75,,-21.25,,-12.75,,-4.25,,4.25,,12.75,,21.25,,29.75,0,,
4257160402,42571604,25190,2,22,rail_leg,10:26,626,-75.6088161729411,40.0119718537478,-75.3686666885444,40.0437004752317,42029,42045,off_peak,FALSE,22,61.993799,restore,20251105,,-29.75,,-21.25,,-12.75,114.6,-4.25,106.1,4.25,97.6,12.75,89.1,21.25,,29.75,4,101.85,10.9734528142543
4257160404,42571604,25191,4,22,rail_leg,22:48,1368,-75.3756545846891,40.0397732711601,-75.6337083421153,40.0217938558134,42045,42029,off_peak,FALSE,22,48.866667,restore,20251105,,-29.75,,-21.25,,-12.75,,-4.25,,4.25,,12.75,,21.25,,29.75,0,,
4265560201,42655602,25346,1,22,rail_leg,7:30,450,-75.1960123668417,40.1175958626256,-75.1840170635385,39.9534784074457,42091,42101,am_peak,TRUE,45,56.513476,restore,20251105,,-29.75,,-21.25,,-12.75,,-4.25,,4.25,,12.75,,21.25,,29.75,0,,
4265560202,42655602,25347,2,22,rail_leg,17:00,1020,-75.1840170635385,39.9534784074457,-75.1960123668417,40.1175958626256,42101,42091,pm_peak,TRUE,420,59.002455,restore,20251105,,-29.75,,-21.25,,-12.75,,-4.25,,4.25,,12.75,,21.25,,29.75,0,,
4274300202,42743002,25455,2,22,rail_leg,5:45,345,-75.3195257705183,40.0049815590517,-75.1572994746159,39.95264251715,42045,42101,off_peak,FALSE,26,47.679946,restore,20251105,62.25,-29.75,53.75,-21.25,63.25,-12.75,54.75,-4.25,64.25,4.25,55.75,12.75,65.25,21.25,56.75,29.75,8,59.5,4.69802390068724
4274300205,42743002,25456,5,22,rail_leg,15:39,939,-75.1550139436622,39.9445812882334,-75.1550139436622,39.9445812882334,42101,42101,off_peak,FALSE,43,4.963316,restore,20251105,4.3,-29.75,4.8,-21.25,6.3,-12.75,5.8,-4.25,5.3,4.25,4.8,12.75,4.3,21.25,3.8,29.75,8,4.925,0.83452296039628
4326800101,43268001,26414,1,22,rail_leg,9:00,540,-75.32300735391,39.8834623757826,-75.1634808483634,39.9480403151119,42045,42101,am_peak,TRUE,57,44.128499,restore,20251105,53.9166666666667,-29.75,77.3666666666667,-21.25,101.266666666667,-12.75,92.7666666666667,-4.25,84.2666666666667,4.25,104.866666666667,12.75,96.3666666666667,21.25,72.4166666666667,29.75,8,85.4041666666667,17.0328411773089
4326800104,43268001,26417,4,22,rail_leg,17:45,1065,-75.1634808483634,39.9480403151119,-75.32300735391,39.8834623757826,42101,42045,pm_peak,TRUE,57,41.609277,restore,20251105,81.1333333333334,-29.75,72.6333333333334,-21.25,64.1333333333333,-12.75,55.6333333333333,-4.25,76.1333333333333,4.25,67.6333333333334,12.75,59.1333333333333,21.25,50.6333333333333,29.75,8,65.8833333333334,10.5051008018554
4342350303,43423503,26742,3,22,rail_leg,17:58,1078,-75.1648345113326,39.9541020155151,-75.1840657845611,40.0625876496449,42101,42101,pm_peak,TRUE,27,29.301735,restore,20251105,54.8166666666667,-29.75,53.9833333333333,-21.25,45.4833333333333,-12.75,36.9833333333333,-4.25,54.9833333333333,4.25,52.3166666666667,12.75,59.9833333333333,21.25,57.7166666666667,29.75,8,52.0333333333333,7.41850966935312
4343900104,43439001,26760,4,22,rail_leg,17:11,1031,-75.1648345113326,39.9541020155151,-75.1701604201666,39.9562259742499,42101,42101,pm_peak,TRUE,29,6.655389,restore,20251105,10.15,-29.75,8.06666666666667,-21.25,8.41666666666667,-12.75,9.26666666666667,-4.25,6.95,4.25,8.03333333333333,12.75,6.75,21.25,9.03333333333333,29.75,8,8.33333333333333,1.14953406710222
4432040101,44320401,28012,1,22,rail_leg,5:45,345,-75.4146997575914,39.8197080832525,-75.1638872349499,39.9525548857932,42045,42101,off_peak,FALSE,45,47.853215,restore,20251105,66.6833333333333,-29.75,58.1833333333333,-21.25,,-12.75,,-4.25,83.6833333333333,4.25,75.1833333333333,12.75,66.6833333333333,21.25,58.1833333333333,29.75,6,68.1,9.93688415282511
4433830102,44338301,28041,2,22,rail_leg,6:10,370,-75.0108885726665,40.1294791274976,-75.1588750233838,39.9528401835985,42101,42101,am_peak,TRUE,36,41.906429,restore,20251105,73.05,-29.75,64.55,-21.25,63.05,-12.75,54.55,-4.25,46.05,4.25,72.55,12.75,64.05,21.25,55.55,29.75,8,61.675,9.22632104362297
4438760102,44387601,28191,2,22,rail_leg,8:12,492,-75.0826616926931,40.0770283629367,-75.1648345113326,39.9541020155151,42101,42101,am_peak,TRUE,39,39.079056,restore,20251105,45.8666666666667,-29.75,37.3666666666667,-21.25,56.8666666666667,-12.75,48.3666666666667,-4.25,39.8666666666667,4.25,63.3666666666667,12.75,54.8666666666667,21.25,46.3666666666667,29.75,8,49.1166666666667,8.77089342248391
4438760105,44387601,28192,5,22,rail_leg,17:37,1057,-75.1648345113326,39.9541020155151,-75.1701604201666,39.9562259742499,42101,42101,pm_peak,TRUE,13,6.655389,restore,20251105,8.76666666666667,-29.75,6.45,-21.25,7.53333333333333,-12.75,6.25,-4.25,8.53333333333333,4.25,7.91666666666667,12.75,9.21666666666667,21.25,10.1166666666667,29.75,8,8.09791666666667,1.33340587600278
4438760202,44387602,28194,2,22,rail_leg,6:17,377,-75.0826616926931,40.0770283629367,-75.1588750233838,39.9528401835985,42101,42101,am_peak,TRUE,26,33.451919,restore,20251105,36.05,-29.75,57.55,-21.25,49.05,-12.75,40.55,-4.25,32.05,4.25,53.55,12.75,45.05,21.25,36.55,29.75,8,43.8,9.05932826270406
4525240102,45252401,29572,2,22,rail_leg,7:49,469,-75.024985845551,40.0240077180509,-75.1588750233838,39.9528401835985,42101,42101,am_peak,TRUE,26,35.196632,restore,20251105,72.05,-29.75,63.55,-21.25,67.3333333333333,-12.75,88.8333333333333,-4.25,80.3333333333333,4.25,71.8333333333333,12.75,63.3333333333333,21.25,78.8333333333333,29.75,8,73.2625,8.90481744953392
4525240108,45252401,29576,8,22,rail_leg,18:14,1094,-75.1588750233838,39.9528401835985,-75.024985845551,40.0240077180509,42101,42101,pm_peak,TRUE,30,33.194113,restore,20251105,70.7166666666667,-29.75,96.3666666666667,-21.25,87.8666666666667,-12.75,79.3666666666667,-4.25,70.8666666666667,4.25,62.3666666666667,12.75,78.7166666666667,21.25,70.2166666666667,29.75,8,77.0604166666667,10.9473883871908
4525240202,45252402,29578,2,22,rail_leg,7:49,469,-75.024985845551,40.0240077180509,-75.1834073455283,39.9599979498596,42101,42101,am_peak,TRUE,18,26.723519,restore,20251105,67.25,-29.75,58.75,-21.25,70.25,-12.75,93.75,-4.25,85.25,4.25,76.75,12.75,68.25,21.25,89.5,29.75,8,76.21875,12.2492255586104
4525240205,45252402,29579,5,22,rail_leg,16:25,985,-75.1834073455283,39.9599979498596,-75.024985845551,40.0240077180509,42101,42101,pm_peak,TRUE,24,25.839392,restore,20251105,63.7166666666667,-29.75,55.2166666666667,-21.25,46.7166666666667,-12.75,67.0833333333333,-4.25,58.5833333333333,4.25,69.7666666666667,12.75,87.8666666666667,21.25,79.3666666666667,29.75,8,66.0395833333333,13.2045204426002
4539000101,45390001,29825,1,22,rail_leg,6:30,390,-75.264024817629,40.0095105446103,-75.1580149724927,39.9493530835764,42091,42101,am_peak,TRUE,20,41.610237,restore,20251105,59.75,-29.75,51.25,-21.25,72.45,-12.75,63.95,-4.25,55.45,4.25,46.95,12.75,47.7666666666667,21.25,59.8166666666667,29.75,8,57.1729166666667,8.65186894893374
4539000106,45390001,29830,6,22,rail_leg,17:00,1020,-75.1580149724927,39.9493530835764,-75.264024817629,40.0095105446103,42101,42091,pm_peak,TRUE,30,43.050427,restore,20251105,45.1666666666667,-29.75,60.6666666666667,-21.25,52.1666666666667,-12.75,43.6666666666667,-4.25,55.1333333333333,4.25,52.6666666666667,12.75,44.1666666666667,21.25,59.6333333333333,29.75,8,51.6583333333333,6.76371622282138
4543270101,45432701,29922,1,22,rail_leg,6:15,375,-75.1063906606918,40.0675372749466,-75.1550139436622,39.9445812882334,42091,42101,am_peak,TRUE,55,53.876913,restore,20251105,67.6833333333333,-29.75,59.1833333333333,-21.25,60.6833333333333,-12.75,62.6333333333333,-4.25,67.8,4.25,59.3,12.75,57.1333333333333,21.25,66.8333333333333,29.75,8,62.65625,4.25774679121425
4543270106,45432701,29927,6,22,rail_leg,14:00,840,-75.1550139436622,39.9445812882334,-75.1928742171467,39.9459041130135,42101,42101,off_peak,FALSE,45,29.124184,restore,20251105,24.05,-29.75,28.55,-21.25,35.05,-12.75,26.55,-4.25,33.05,4.25,24.55,12.75,31.05,21.25,22.55,29.75,8,28.175,4.53360468375568
4543270107,45432701,29928,7,22,rail_leg,16:17,977,-75.1928742171467,39.9459041130135,-75.1063906606918,40.0675372749466,42101,42091,pm_peak,TRUE,63,59.159629,restore,20251105,70.9833333333333,-29.75,73.15,-21.25,74.65,-12.75,70.0166666666667,-4.25,61.5166666666667,4.25,69.15,12.75,71.65,21.25,75.15,29.75,8,70.7833333333333,4.30178995598307
4589620101,45896201,30666,1,22,rail_leg,13:00,780,-75.2087795541006,40.0727929276456,-75.1572994746159,39.95264251715,42101,42101,off_peak,FALSE,90,34.289175,restore,20251105,60.85,-29.75,52.35,-21.25,48.85,-12.75,57.35,-4.25,64.5833333333333,4.25,68.35,12.75,69.85,21.25,61.35,29.75,8,60.4416666666667,7.35433680499267
4604430202,46044302,30929,2,22,rail_leg,7:00,420,-75.0970591119887,40.1962393455377,-75.1710325749335,39.9522008993665,42017,42101,am_peak,TRUE,75,62.869458,restore,20251105,95.5166666666667,-29.75,87.0166666666667,-21.25,78.5166666666667,-12.75,91.7166666666667,-4.25,83.2166666666667,4.25,74.7166666666667,12.75,100.216666666667,21.25,91.7166666666667,29.75,8,87.8291666666667,8.64678924721276
4604430204,46044302,30930,4,22,rail_leg,14:35,875,-75.1648345113326,39.9541020155151,-75.0970591119887,40.1962393455377,42101,42017,off_peak,FALSE,50,56.166667,restore,20251105,122.333333333333,-29.75,113.833333333333,-21.25,105.333333333333,-12.75,96.8333333333333,-4.25,88.3333333333333,4.25,79.8333333333333,12.75,77.85,21.25,128.183333333333,29.75,8,101.566666666667,19.0364458300721
4617410202,46174102,31146,2,22,rail_leg,6:35,395,-75.5182227312107,40.0361776802347,-75.1691139313301,39.9535949564727,42029,42101,am_peak,TRUE,55,48.505797,restore,20251105,84.6833333333333,-29.75,76.1833333333333,-21.25,67.6833333333333,-12.75,75.1833333333333,-4.25,66.6833333333333,4.25,58.1833333333333,12.75,82.6833333333333,21.25,74.1833333333333,29.75,8,73.1833333333333,8.73416935293302
4617410205,46174102,31148,5,22,rail_leg,16:36,996,-75.1691139313301,39.9535949564727,-75.1648345113326,39.9541020155151,42101,42101,pm_peak,TRUE,74,6.673416,restore,20251105,14.5833333333333,-29.75,9.61666666666667,-21.25,9.58333333333333,-12.75,10.5166666666667,-4.25,12.65,4.25,9.08333333333333,12.75,9.11666666666667,21.25,15.6166666666667,29.75,8,11.3458333333333,2.59929401281951
4625730202,46257302,31274,2,22,rail_leg,10:33,633,-75.1583891414117,40.0192666370153,-75.2227705952579,40.1527379939727,42101,42091,off_peak,FALSE,27,32.277034,restore,20251105,50.8833333333333,-29.75,42.3833333333333,-21.25,33.8833333333333,-12.75,82.4833333333333,-4.25,73.9833333333333,4.25,66.3833333333334,12.75,57.8833333333333,21.25,49.3833333333333,29.75,8,57.1583333333333,16.3441339411336
4625730205,46257302,31277,5,22,rail_leg,17:40,1060,-75.2227705952579,40.1527379939727,-75.1583891414117,40.0192666370153,42091,42101,pm_peak,TRUE,25,32.850174,restore,20251105,45.55,-29.75,37.05,-21.25,51.55,-12.75,43.05,-4.25,34.55,4.25,63.05,12.75,82.55,21.25,74.05,29.75,8,53.925,17.5738238785498
4627660101,46276601,31301,1,22,rail_leg,7:45,465,-75.1689771799637,39.9467826108977,-75.3170969015922,40.0208081125859,42101,42091,am_peak,TRUE,60,42.529164,restore,20251105,43.05,-29.75,52.2833333333333,-21.25,49.05,-12.75,53.55,-4.25,45.05,4.25,63.2833333333333,12.75,69.7833333333333,21.25,61.2833333333333,29.75,8,54.6666666666667,9.35370226336856
4627660102,46276601,31302,2,22,rail_leg,14:50,890,-75.3170969015922,40.0208081125859,-75.1689771799637,39.9467826108977,42091,42101,off_peak,FALSE,550,47.876665,restore,20251105,71.7166666666667,-29.75,63.2166666666667,-21.25,54.7166666666667,-12.75,68.5166666666667,-4.25,60.0166666666667,4.25,51.5166666666667,12.75,43.0166666666667,21.25,71.9166666666667,29.75,8,60.5791666666667,10.3357821599114
4646600101,46466001,31645,1,22,rail_leg,7:30,450,-75.6045986594792,39.9672377723841,-75.1541388337345,39.9522458625874,42029,42101,am_peak,TRUE,,93.886025,restore,20251105,132.1,-29.75,123.6,-21.25,115.1,-12.75,,-4.25,,4.25,143.6,12.75,135.1,21.25,126.6,29.75,6,129.35,9.8729428236975
4646600102,46466001,31646,2,22,rail_leg,17:00,1020,-75.1541388337345,39.9522458625874,-75.6045986594792,39.9672377723841,42101,42029,pm_peak,TRUE,63,92.381138,restore,20251105,103.366666666667,-29.75,94.8666666666667,-21.25,98.7166666666667,-12.75,90.2166666666667,-4.25,96.3666666666667,4.25,119.866666666667,12.75,111.366666666667,21.25,102.866666666667,29.75,8,102.204166666667,9.57290633581493
4670530101,46705301,32012,1,22,rail_leg,10:30,630,-75.1687160134156,39.9558364756335,-75.1539262084391,39.9844115630897,42101,42101,off_peak,FALSE,20,24.380537,restore,20251105,23.05,-29.75,23.55,-21.25,35.05,-12.75,26.55,-4.25,29.5666666666667,4.25,29.7166666666667,12.75,23.05,21.25,22.55,29.75,8,26.6354166666667,4.48520882616247
4670530104,46705301,32014,4,22,rail_leg,18:35,1115,-75.1539262084391,39.9844115630897,-75.1687160134156,39.9558364756335,42101,42101,pm_peak,TRUE,15,23.36428,restore,20251105,30.6166666666667,-29.75,27.0166666666667,-21.25,28.5166666666667,-12.75,20.0166666666667,-4.25,19.5166666666667,4.25,27.3666666666667,12.75,21.5166666666667,21.25,31.0166666666667,29.75,8,25.6979166666667,4.67393513464374
4671650102,46716501,32041,2,22,rail_leg,7:27,447,-75.4829079089365,40.0451966969818,-75.1648345113326,39.9541020155151,42029,42101,am_peak,TRUE,41,42.427505,restore,20251105,50.8666666666667,-29.75,75.3666666666667,-21.25,66.8666666666667,-12.75,65.3666666666667,-4.25,56.8666666666667,4.25,69.3666666666667,12.75,82.6,21.25,85.3666666666667,29.75,8,69.0833333333333,11.8757188587764
4671650107,46716501,32044,7,22,rail_leg,17:08,1028,-75.1662257986882,39.9519342771783,-75.1638872349499,39.9525548857932,42101,42101,pm_peak,TRUE,26,4.45,restore,20251105,9.41666666666667,-29.75,12.2,-21.25,6.31666666666667,-12.75,10.35,-4.25,8.65,4.25,7.93333333333333,12.75,6.65,21.25,4.81666666666667,29.75,8,8.29166666666667,2.38164275705283
4723780302,47237803,33176,2,22,rail_leg,15:15,915,-75.2232933759479,39.9448265734297,-75.1543285653421,39.912135860101,42101,42101,off_peak,FALSE,15,43.264752,restore,20251105,59.5666666666667,-29.75,56.4833333333333,-21.25,58.5833333333333,-12.75,57.25,-4.25,58.5833333333333,4.25,55.45,12.75,46.95,21.25,54.45,29.75,8,55.9145833333333,4.00737848739919
4723780303,47237803,33177,3,22,rail_leg,16:30,990,-75.1543285653421,39.912135860101,-75.2351116826331,39.934447396763,42101,42101,pm_peak,TRUE,30,33.186592,restore,20251105,45.2833333333333,-29.75,46.6833333333333,-21.25,48.2833333333333,-12.75,49.7833333333333,-4.25,41.2833333333333,4.25,42.6833333333333,12.75,44.1833333333333,21.25,45.6833333333333,29.75,8,45.4833333333333,2.80356915377524
4723780402,47237804,33180,2,22,rail_leg,15:00,900,-75.226838106978,39.9419345979354,-75.1858598621043,39.9165483287187,42101,42101,off_peak,FALSE,60,29.541556,restore,20251105,40.2,-29.75,42.5833333333333,-21.25,45.05,-12.75,45.5833333333333,-4.25,47.0833333333333,4.25,38.5833333333333,12.75,38.0833333333333,21.25,43.5833333333333,29.75,8,42.59375,3.34373303288975
4723780403,47237804,33181,3,22,rail_leg,19:00,1140,-75.1858598621043,39.9165483287187,-75.2351116826331,39.934447396763,42101,42101,off_peak,FALSE,60,22.648347,restore,20251105,35.1833333333333,-29.75,42.7833333333333,-21.25,34.2833333333333,-12.75,40.7833333333333,-4.25,32.2833333333333,4.25,38.7833333333333,12.75,30.2833333333333,21.25,35.6833333333333,29.75,8,36.2583333333333,4.24794067755189
4732510302,47325103,33370,2,22,rail_leg,6:41,401,-74.8976831541036,40.1863154165969,-75.1648345113326,39.9541020155151,42017,42101,am_peak,TRUE,50,64.126648,restore,20251105,,-29.75,,-21.25,,-12.75,,-4.25,,4.25,,12.75,,21.25,,29.75,0,,
4732510305,47325103,33371,5,22,rail_leg,17:39,1059,-75.1706866571216,39.953785415184,-75.1706866571216,39.953785415184,42101,42101,pm_peak,TRUE,50,3.23304,restore,20251105,8.58333333333333,-29.75,8.88333333333333,-21.25,8.38333333333333,-12.75,7.88333333333333,-4.25,9.26666666666667,4.25,8.08333333333333,12.75,6.5,21.25,8.85,29.75,8,8.30416666666667,0.855641873608939
4749130102,47491301,33616,2,22,rail_leg,7:47,467,-75.2227705952579,40.1527379939727,-75.1588750233838,39.9528401835985,42091,42101,am_peak,TRUE,31,40.607079,restore,20251105,44.05,-29.75,46.55,-21.25,38.05,-12.75,53.55,-4.25,45.05,4.25,58.55,12.75,50.05,21.25,74.8333333333333,29.75,8,51.3354166666667,11.3562144287079
4749130110,47491301,33621,10,22,rail_leg,21:55,1315,-75.1588750233838,39.9528401835985,-75.2432307347085,40.1697612664544,42101,42091,off_peak,FALSE,37,40.403546,restore,20251105,120.116666666667,-29.75,111.616666666667,-21.25,103.116666666667,-12.75,94.6166666666667,-4.25,86.1166666666667,4.25,77.6166666666667,12.75,69.1166666666667,21.25,60.6166666666667,29.75,8,90.3666666666667,20.820662813657
4749130302,47491303,33629,2,22,rail_leg,15:02,902,-75.2432307347085,40.1697612664544,-75.2610376834135,40.1872915522603,42091,42091,off_peak,FALSE,3,5.5,restore,20251105,30.1,-29.75,21.6,-21.25,13.1,-12.75,47.6,-4.25,39.1,4.25,30.6,12.75,22.1,21.25,13.6,29.75,8,27.225,12.0645584846098
4760500102,47605001,33771,2,22,rail_leg,17:25,1045,-75.1677276497158,39.9525760413027,-75.1851044302225,40.0817417999993,42101,42091,pm_peak,TRUE,60,53.085221,restore,20251105,60.1166666666667,-29.75,72.6166666666667,-21.25,67.1166666666667,-12.75,58.8833333333333,-4.25,65.1166666666667,4.25,56.6166666666667,12.75,62.9166666666667,21.25,65.5333333333333,29.75,8,63.6145833333333,5.11744943213669
4760500103,47605001,33772,3,22,rail_leg,19:55,1195,-75.1851044302225,40.0817417999993,-75.175827602964,39.9495803344789,42091,42101,off_peak,FALSE,63,66.874575,restore,20251105,,-29.75,,-21.25,,-12.75,,-4.25,,4.25,,12.75,,21.25,,29.75,0,,
4816200103,48162001,34958,3,22,rail_leg,8:33,513,-75.2092872712104,40.0181516385401,-75.1588750233838,39.9528401835985,42101,42101,am_peak,TRUE,17,21.96886,restore,20251105,30.05,-29.75,36.55,-21.25,39.05,-12.75,30.55,-4.25,22.05,4.25,30.55,12.75,41.2333333333333,21.25,35.5,29.75,8,33.1916666666667,6.13606305714583
4816200104,48162001,34958,4,22,rail_leg,8:53,533,-75.1588750233838,39.9528401835985,-75.1584725274299,39.950967187359,42101,42101,am_peak,TRUE,0,5.25,restore,20251105,7.46666666666667,-29.75,7.96666666666667,-21.25,5.85,-12.75,8.23333333333333,-4.25,7.76666666666667,4.25,8.23333333333333,12.75,10.6333333333333,21.25,6.96666666666667,29.75,8,7.88958333333333,1.36151577237015
4816200105,48162001,34958,5,21,feeder_leg,8:58,538,-75.1584725274299,39.950967187359,-75.150623776162,39.9499928305521,42101,42101,am_peak,TRUE,0,6.347995,restore,20251105,9.28333333333333,-29.75,6.78333333333333,-21.25,9.28333333333333,-12.75,5.15,-4.25,8.11666666666667,4.25,8.78333333333333,12.75,6.28333333333333,21.25,9.78333333333333,29.75,8,7.93333333333333,1.6739839372653
4816200106,48162001,34958,6,14,feeder_leg,16:15,975,-75.150623776162,39.9499928305521,-75.1588750233838,39.9528401835985,42101,42101,pm_peak,TRUE,15,9.069824,restore,20251105,10.3333333333333,-29.75,13.8333333333333,-21.25,11.3333333333333,-12.75,7.53333333333333,-4.25,9.86666666666667,4.25,10.05,12.75,10.8666666666667,21.25,10.3666666666667,29.75,8,10.5229166666667,1.74789981687775
4816200107,48162001,34959,7,22,rail_leg,16:50,1010,-75.1588750233838,39.9528401835985,-75.2092872712104,40.0181516385401,42101,42101,pm_peak,TRUE,0,20.448174,restore,20251105,26.7666666666667,-29.75,31.9833333333333,-21.25,34.4833333333333,-12.75,33.2666666666667,-4.25,24.7666666666667,4.25,29.2666666666667,12.75,20.7666666666667,21.25,32.2666666666667,29.75,8,29.1958333333333,4.75550432957131
4829560103,48295601,35208,3,22,rail_leg,10:30,630,-75.3852282333979,39.8947898143957,-75.1669894744938,39.9484799410289,42045,42101,off_peak,FALSE,90,67.283333,restore,20251105,93.5333333333333,-29.75,85.0333333333333,-21.25,109.6,-12.75,101.1,-4.25,92.6,4.25,,12.75,102.533333333333,21.25,94.0333333333333,29.75,7,96.9190476190476,8.05731453154942
4829560104,48295601,35209,4,22,rail_leg,14:00,840,-75.1669894744938,39.9484799410289,-75.3852282333979,39.8947898143957,42101,42045,off_peak,FALSE,90,67.074783,restore,20251105,87.1,-29.75,78.6,-21.25,70.1,-12.75,108.75,-4.25,100.25,4.25,91.75,12.75,100.1,21.25,91.6,29.75,8,91.03125,12.4792953527032
4830540102,48305401,35279,2,22,rail_leg,5:26,326,-75.1660693164429,40.3113817259184,-75.1722789942054,39.9539778646615,42017,42101,off_peak,FALSE,94,102.701394,restore,20251105,,-29.75,,-21.25,,-12.75,,-4.25,,4.25,,12.75,,21.25,,29.75,0,,
4830540104,48305401,35280,4,22,rail_leg,16:15,975,-75.1648345113326,39.9541020155151,-75.1722789942054,39.9539778646615,42101,42101,pm_peak,TRUE,80,5.330397,restore,20251105,6.46666666666667,-29.75,9.5,-21.25,8.66666666666667,-12.75,8.23333333333333,-4.25,9.9,4.25,6.25,12.75,8.03333333333333,21.25,8.16666666666667,29.75,8,8.15208333333333,1.28820773428305
4832100202,48321002,35322,2,22,rail_leg,7:08,428,-75.6088161729411,40.0119718537478,-75.1722093187508,39.9861472659912,42029,42101,am_peak,TRUE,57,117.466305,restore,20251105,138.633333333333,-29.75,130.133333333333,-21.25,121.633333333333,-12.75,113.133333333333,-4.25,,4.25,,12.75,,21.25,,29.75,4,125.883333333333,10.9734528142543
4864450202,48644502,36084,2,22,rail_leg,6:55,415,-75.7773113001476,39.9924677984963,-75.1691139313301,39.9535949564727,42029,42101,am_peak,TRUE,50,87.25591,restore,20251105,,-29.75,,-21.25,,-12.75,,-4.25,,4.25,,12.75,,21.25,,29.75,0,,
4864450203,48644502,36084,3,22,rail_leg,17:00,1020,-75.1691139313301,39.9535949564727,-75.1691139313301,39.9535949564727,42101,42101,pm_peak,TRUE,65,3.375,restore,20251105,4.98333333333333,-29.75,7.71666666666667,-21.25,6.51666666666667,-12.75,6.48333333333333,-4.25,3.91666666666667,4.25,4.48333333333333,12.75,7.33333333333333,21.25,6.01666666666667,29.75,8,5.93125,1.35551306692454
4868350201,48683502,36180,1,22,rail_leg,7:50,470,-75.1947508247048,40.0550864009275,-75.1665214095376,39.9615526212186,42101,42101,am_peak,TRUE,30,45.144616,restore,20251105,51.95,-29.75,50.45,-21.25,48.95,-12.75,53.1,-4.25,50.45,4.25,51.45,12.75,56.95,21.25,55.45,29.75,8,52.34375,2.70138026888901
4868350202,48683502,36181,2,22,rail_leg,17:20,1040,-75.1665214095376,39.9615526212186,-75.1947508247048,40.0550864009275,42101,42101,pm_peak,TRUE,40,48.824684,restore,20251105,52.3333333333333,-29.75,53.0833333333333,-21.25,44.5833333333333,-12.75,57.6166666666667,-4.25,49.1166666666667,4.25,58.6166666666667,12.75,56.5833333333333,21.25,65.75,29.75,8,54.7104166666667,6.4501503458545
4887310102,48873101,36646,2,22,rail_leg,6:23,383,-74.970687244567,40.1423429432466,-75.1648345113326,39.9541020155151,42017,42101,am_peak,TRUE,46,52.995066,restore,20251105,112.466666666667,-29.75,103.966666666667,-21.25,95.4666666666667,-12.75,86.9666666666667,-4.25,96.4666666666667,4.25,87.9666666666667,12.75,79.4666666666667,21.25,70.9666666666667,29.75,8,91.7166666666667,13.2799526677298
4887310105,48873101,36647,5,22,rail_leg,16:48,1008,-75.1705068930163,39.9509065904554,-75.1705068930163,39.9509065904554,42101,42101,pm_peak,TRUE,42,3.905556,restore,20251105,7.85,-29.75,8.9,-21.25,5.4,-12.75,5.9,-4.25,6.4,4.25,6.9,12.75,9.43333333333333,21.25,10.7166666666667,29.75,8,7.6875,1.8680001614493
4925520403,49255204,37504,3,22,rail_leg,15:31,931,-75.1648345113326,39.9541020155151,-75.1873495829861,40.0339940755705,42101,42101,off_peak,FALSE,20,28.293557,restore,20251105,49.05,-29.75,40.55,-21.25,49.15,-12.75,48.55,-4.25,40.05,4.25,39.65,12.75,31.15,21.25,42.65,29.75,8,42.6,6.21541861594443
4934700103,49347001,37666,3,22,rail_leg,7:55,475,-75.3548774564537,39.9036369389223,-75.1648345113326,39.9541020155151,42045,42101,am_peak,TRUE,31,33.270519,restore,20251105,55.8666666666667,-29.75,47.3666666666667,-21.25,38.8666666666667,-12.75,52.3666666666667,-4.25,43.8666666666667,4.25,52.3666666666667,12.75,43.8666666666667,21.25,76.1,29.75,8,51.3333333333333,11.4563076131441
4940770201,49407702,37775,1,22,rail_leg,8:00,480,-75.2963731187561,39.8881445622113,-75.1752524766747,39.9659654913561,42045,42101,am_peak,TRUE,60,58.579515,restore,20251105,71.3833333333334,-29.75,62.8833333333333,-21.25,83.05,-12.75,74.55,-4.25,81.05,4.25,72.55,12.75,64.05,21.25,55.55,29.75,8,70.6333333333333,9.35923277278849
4940770207,49407702,37781,7,22,rail_leg,18:08,1088,-75.1648345113326,39.9541020155151,-75.3010847747829,39.8935220159703,42101,42045,pm_peak,TRUE,23,26.650226,restore,20251105,52.2,-29.75,43.7,-21.25,35.2,-12.75,55.7,-4.25,47.2,4.25,38.7,12.75,83.6666666666667,21.25,75.1666666666667,29.75,8,53.9416666666667,17.213373815009
4940770302,49407703,37784,2,22,rail_leg,17:00,1020,-74.9919645563739,40.0557019160434,-75.2963731187561,39.8881445622113,42101,42045,pm_peak,TRUE,80,76.778881,restore,20251105,120.616666666667,-29.75,112.116666666667,-21.25,103.616666666667,-12.75,95.1166666666667,-4.25,92.5,4.25,84,12.75,,21.25,,29.75,6,101.327777777778,13.4941455069583
4942710204,49427102,37808,4,22,rail_leg,7:15,435,-75.1830863919108,40.1070307624765,-75.1648345113326,39.9541020155151,42091,42101,am_peak,TRUE,27,57.597874,restore,20251105,,-29.75,,-21.25,,-12.75,,-4.25,,4.25,,12.75,,21.25,,29.75,0,,
4970310202,49703102,38287,2,22,rail_leg,6:35,395,-75.2823535717739,40.2437347422191,-75.0970997143657,40.0327180482812,42091,42101,am_peak,TRUE,55,78.706659,restore,20251105,94,-29.75,98.35,-21.25,89.85,-12.75,81.35,-4.25,99.8666666666667,4.25,91.3666666666667,12.75,93.6833333333333,21.25,85.1833333333333,29.75,8,91.70625,6.24800880979705
4970310203,49703102,38287,3,22,rail_leg,11:30,690,-75.0970997143657,40.0327180482812,-75.274466211559,40.2111841677703,42101,42091,off_peak,FALSE,45,71.476652,restore,20251105,125.366666666667,-29.75,116.866666666667,-21.25,,-12.75,,-4.25,,4.25,141.866666666667,12.75,133.366666666667,21.25,124.866666666667,29.75,5,128.466666666667,9.49605181114763
4971340102,49713401,38337,2,22,rail_leg,18:43,1123,-75.3686666885444,40.0437004752317,-75.4829079089365,40.0451966969818,42045,42029,pm_peak,TRUE,19,21.118173,restore,20251105,40.3166666666667,-29.75,31.8166666666667,-21.25,48.3166666666667,-12.75,39.8166666666667,-4.25,31.3166666666667,4.25,38.45,12.75,29.95,21.25,34.8166666666667,29.75,8,36.85,6.12442417118307
4996200202,49962002,38711,2,22,rail_leg,7:03,423,-75.3393898477744,40.011683172831,-75.1659426772114,39.9531940428398,42045,42101,am_peak,TRUE,27,58.057687,restore,20251105,,-29.75,,-21.25,,-12.75,,-4.25,,4.25,,12.75,,21.25,,29.75,0,,
4996200203,49962002,38712,3,22,rail_leg,17:00,1020,-75.1659426772114,39.9531940428398,-75.4829079089365,40.0451966969818,42101,42029,pm_peak,TRUE,38,45.804768,restore,20251105,57.3166666666667,-29.75,73.8166666666667,-21.25,65.3166666666667,-12.75,56.8166666666667,-4.25,74.3166666666667,4.25,65.8166666666667,12.75,57.3166666666667,21.25,48.8166666666667,29.75,8,62.4416666666667,8.94327360965451
5023060101,50230601,39183,1,22,rail_leg,8:30,510,-75.1833908620653,39.9475606076449,-75.1261412370567,40.3135957992813,42101,42017,am_peak,TRUE,140,124.693296,restore,20251105,,-29.75,135.15,-21.25,126.65,-12.75,,-4.25,,4.25,,12.75,,21.25,,29.75,2,130.9,6.01040764008565
5028430201,50284302,39264,1,22,rail_leg,6:40,400,-75.1936158015564,40.0213231298423,-75.1612826317197,39.9532127364358,42101,42101,am_peak,TRUE,35,40.669437,restore,20251105,45.25,-29.75,39.9166666666667,-21.25,43.9,-12.75,44.3833333333333,-4.25,44.4166666666667,4.25,49.35,12.75,50.4333333333333,21.25,41.9333333333333,29.75,8,44.9479166666667,3.4981564022047
5028430203,50284302,39266,3,22,rail_leg,17:45,1065,-75.1665551812863,39.9452085642469,-75.1936158015564,40.0213231298423,42101,42101,pm_peak,TRUE,45,52.204469,restore,20251105,57.2333333333333,-29.75,48.7333333333333,-21.25,40.2333333333333,-12.75,61.7333333333333,-4.25,53.2333333333333,4.25,57.9833333333333,12.75,56.2333333333333,21.25,64.9833333333333,29.75,8,55.0458333333333,7.75374333559512
5035620502,50356205,39449,2,22,rail_leg,11:00,660,-75.4829079089365,40.0451966969818,-75.1840170635385,39.9534784074457,42029,42101,off_peak,FALSE,60,47.078766,restore,20251105,82.4,-29.75,73.9,-21.25,65.4,-12.75,114.883333333333,-4.25,106.383333333333,4.25,97.8833333333333,12.75,89.3833333333333,21.25,82.9,29.75,8,89.1416666666667,16.5476248715303
5040140102,50401401,39470,2,22,rail_leg,8:13,493,-75.3854291498663,40.0396308610676,-75.1687160134156,39.9558364756335,42045,42101,am_peak,TRUE,32,48.197569,restore,20251105,44.5166666666667,-29.75,57.0166666666667,-21.25,75.2,-12.75,73.0166666666667,-4.25,64.5166666666667,4.25,56.0166666666667,12.75,71.5166666666667,21.25,63.0166666666667,29.75,8,63.1020833333333,10.3518476132494
5040140104,50401401,39471,4,22,rail_leg,17:05,1025,-75.1638872349499,39.9525548857932,-75.42025058575,40.0287282649711,42101,42029,pm_peak,TRUE,45,69.107503,restore,20251105,,-29.75,,-21.25,,-12.75,,-4.25,,4.25,,12.75,,21.25,,29.75,0,,
5040390101,50403901,39480,1,22,rail_leg,6:45,405,-75.2020994755601,40.077187821998,-75.1662257986882,39.9519342771783,42101,42101,am_peak,TRUE,45,41.326165,restore,20251105,46.3333333333333,-29.75,51.8333333333333,-21.25,50.3333333333333,-12.75,48.8333333333333,-4.25,50.9,4.25,42.4,12.75,51.3333333333333,21.25,51.4,29.75,8,49.1708333333333,3.27513176761456
5040390102,50403901,39481,2,22,rail_leg,18:10,1090,-75.1662257986882,39.9519342771783,-75.2020994755601,40.077187821998,42101,42101,pm_peak,TRUE,50,38.531193,restore,20251105,55.5833333333333,-29.75,47.0833333333333,-21.25,57.8333333333333,-12.75,61.3333333333333,-4.25,62.4,4.25,62.2333333333333,12.75,60.9333333333333,21.25,57.0833333333333,29.75,8,58.0604166666667,5.11090444501086
5046350202,50463502,39642,2,22,rail_leg,6:18,378,-75.3548774564537,39.9036369389223,-75.1834073455283,39.9599979498596,42045,42101,am_peak,TRUE,32,29.40979,restore,20251105,45.25,-29.75,53.75,-21.25,45.25,-12.75,68.75,-4.25,60.25,4.25,51.75,12.75,43.25,21.25,56.75,29.75,8,53.125,8.71677364953013
5046350207,50463502,39643,7,22,rail_leg,18:25,1105,-75.1834073455283,39.9599979498596,-75.3475957675981,39.9012278289218,42101,42045,pm_peak,TRUE,25,32.52171,restore,20251105,38.6,-29.75,57.1,-21.25,48.6,-12.75,40.1,-4.25,64.6,4.25,56.1,12.75,47.6,21.25,39.1,29.75,8,48.975,9.61304916692484
5048230201,50482302,39705,1,22,rail_leg,8:30,510,-75.196250582134,40.0845531865234,-75.1652643007328,39.9488899960486,42091,42101,am_peak,TRUE,45,58.854566,restore,20251105,67.1666666666667,-29.75,72.6666666666667,-21.25,75.6666666666667,-12.75,75.1666666666667,-4.25,79.6666666666667,4.25,71.1666666666667,12.75,69.6666666666667,21.25,75.1666666666667,29.75,8,73.2916666666667,3.94380164670733
5048230202,50482302,39706,2,22,rail_leg,17:40,1060,-75.1652643007328,39.9488899960486,-75.196250582134,40.0845531865234,42101,42091,pm_peak,TRUE,75,52.670713,restore,20251105,58.3833333333333,-29.75,59.8833333333333,-21.25,61.3833333333333,-12.75,62.8833333333333,-4.25,64.3833333333333,4.25,55.8833333333333,12.75,59.3833333333333,21.25,62.8833333333333,29.75,8,60.6333333333333,2.7902892835178
5048570101,50485701,39722,1,22,rail_leg,5:00,300,-74.9853265543148,40.0477525065309,-75.1630657978927,39.949981511781,42101,42101,off_peak,FALSE,225,43.717357,restore,20251105,,-29.75,,-21.25,73.0666666666667,-12.75,64.5666666666667,-4.25,56.0666666666667,4.25,84.8833333333334,12.75,76.3833333333334,21.25,67.8833333333333,29.75,6,70.475,9.98449214198365
5048570103,50485701,39724,3,22,rail_leg,18:00,1080,-74.971722014007,40.068261230225,-74.9853265543148,40.0477525065309,42017,42101,pm_peak,TRUE,80,23.629175,restore,20251105,50.6166666666667,-29.75,42.1166666666667,-21.25,33.6166666666667,-12.75,25.1166666666667,-4.25,46.6166666666667,4.25,38.1166666666667,12.75,29.6166666666667,21.25,42.3,29.75,8,38.5145833333333,8.63740682305657
5090530101,50905301,40304,1,22,rail_leg,8:07,487,-75.1595117962634,39.9367714452714,-75.3170969015922,40.0208081125859,42101,42091,am_peak,TRUE,31,53.52039,restore,20251105,68.7833333333333,-29.75,75.2833333333333,-21.25,66.7833333333333,-12.75,73.2833333333333,-4.25,82.05,4.25,73.55,12.75,65.05,21.25,84.2833333333333,29.75,8,73.6333333333333,6.87888418415717
5090530104,50905301,40307,4,22,rail_leg,17:25,1045,-75.3170969015922,40.0208081125859,-75.1588750233838,39.9528401835985,42091,42101,pm_peak,TRUE,30,44.399699,restore,20251105,40.05,-29.75,54.55,-21.25,46.05,-12.75,62.7333333333333,-4.25,54.2333333333333,4.25,49.55,12.75,41.05,21.25,52.7333333333333,29.75,8,50.11875,7.58786331208313
5101750101,51017501,40521,1,22,rail_leg,8:00,480,-74.8931888156492,40.1226963892805,-75.1691139313301,39.9535949564727,42017,42101,am_peak,TRUE,60,103.984149,restore,20251105,,-29.75,,-21.25,,-12.75,,-4.25,108.683333333333,4.25,100.183333333333,12.75,91.6833333333333,21.25,,29.75,3,100.183333333333,8.5
5103110101,51031101,40607,1,22,rail_leg,7:15,435,-75.3417017450501,39.9005076012879,-75.1742868895805,39.952935291834,42045,42101,am_peak,TRUE,45,47.774367,restore,20251105,74.0833333333333,-29.75,84.25,-21.25,75.75,-12.75,80.0333333333333,-4.25,71.5333333333333,4.25,78.0333333333333,12.75,69.5333333333333,21.25,79.5333333333333,29.75,8,76.59375,4.83490071055781
5103110102,51031101,40608,2,22,rail_leg,17:20,1040,-75.1742868895805,39.952935291834,-75.3417017450501,39.9005076012879,42101,42045,pm_peak,TRUE,45,46.150461,restore,20251105,68.35,-29.75,73.85,-21.25,65.35,-12.75,80.1166666666667,-4.25,71.6166666666667,4.25,81.85,12.75,73.35,21.25,64.85,29.75,8,72.4166666666667,6.27436204307809
5105180101,51051801,40636,1,22,rail_leg,8:00,480,-75.1685656145409,39.9486706858777,-75.3045400928903,40.0162243322963,42101,42091,am_peak,TRUE,42,42.290696,restore,20251105,53.6833333333333,-29.75,45.1833333333333,-21.25,47.75,-12.75,77.4166666666667,-4.25,81.75,4.25,73.25,12.75,72.75,21.25,64.25,29.75,8,64.5041666666667,14.0396709758851
5105180102,51051801,40637,2,22,rail_leg,17:45,1065,-75.3045400928903,40.0162243322963,-75.1705068930163,39.9509065904554,42091,42101,pm_peak,TRUE,45,44.435303,restore,20251105,42.35,-29.75,61.85,-21.25,53.35,-12.75,44.85,-4.25,62.6166666666667,4.25,54.1166666666667,12.75,65.7666666666667,21.25,60.2333333333333,29.75,8,55.6416666666667,8.54817347983005
5111180202,51111802,40680,2,22,rail_leg,5:20,320,-75.0507457532838,40.1204447180279,-75.1840170635385,39.9534784074457,42091,42101,off_peak,FALSE,60,50.390888,restore,20251105,,-29.75,88.9,-21.25,80.4,-12.75,71.9,-4.25,63.4,4.25,,12.75,,21.25,82.0166666666667,29.75,5,77.3233333333333,9.85880599035987
5111180203,51111802,40681,3,22,rail_leg,15:45,945,-75.1840170635385,39.9534784074457,-75.1840170635385,39.9534784074457,42101,42101,off_peak,FALSE,85,6.982919,restore,20251105,5.76666666666667,-29.75,4.46666666666667,-21.25,4.96666666666667,-12.75,5.46666666666667,-4.25,5.96666666666667,4.25,8.26666666666667,12.75,6.66666666666667,21.25,7.16666666666667,29.75,8,6.09166666666667,1.23259308544455
5119280201,51192802,40858,1,22,rail_leg,6:20,380,-75.3385333435585,39.9979570494413,-75.600181420384,40.0334436556146,42045,42029,am_peak,TRUE,,,restore,20251105,,-29.75,,-21.25,,-12.75,,-4.25,,4.25,,12.75,,21.25,,29.75,0,,
5119280202,51192802,40859,2,22,rail_leg,18:00,1080,-75.600181420384,40.0334436556146,-75.3385333435585,39.9979570494413,42029,42045,pm_peak,TRUE,60,,restore,20251105,,-29.75,,-21.25,,-12.75,,-4.25,,4.25,,12.75,,21.25,,29.75,0,,
5122980102,51229801,40969,2,22,rail_leg,7:08,428,-75.3967642023521,39.912580844843,-75.1541388337345,39.9522458625874,42045,42101,am_peak,TRUE,38,48.767596,restore,20251105,74.35,-29.75,65.85,-21.25,71.1,-12.75,62.6,-4.25,72.1,4.25,63.6,12.75,55.1,21.25,70.6,29.75,8,66.9125,6.36501318593629
5122980105,51229801,40970,5,22,rail_leg,9:34,574,-75.1572994746159,39.95264251715,-75.3862490558174,39.9062101361711,42101,42045,off_peak,FALSE,37,40.803611,restore,20251105,94.05,-29.75,85.55,-21.25,77.05,-12.75,68.55,-4.25,60.05,4.25,51.55,12.75,100.616666666667,21.25,92.1166666666667,29.75,8,78.6916666666667,17.4584472663631
5127700101,51277001,41022,1,22,rail_leg,7:00,420,-75.2925201496869,39.9202228863396,-75.1588750233838,39.9528401835985,42045,42101,am_peak,TRUE,55,36.15068,restore,20251105,57.05,-29.75,48.55,-21.25,40.05,-12.75,53.55,-4.25,55.2333333333333,4.25,51.55,12.75,43.05,21.25,53.55,29.75,8,50.3229166666667,6.01511282864003
5127700202,51277002,41026,2,22,rail_leg,19:00,1140,-75.1588750233838,39.9528401835985,-75.2844606971503,39.9242462649883,42101,42045,off_peak,FALSE,85,28.25,restore,20251105,58.9666666666667,-29.75,50.4666666666667,-21.25,41.9666666666667,-12.75,51.4666666666667,-4.25,42.9666666666667,4.25,76.4666666666667,12.75,67.9666666666667,21.25,59.4666666666667,29.75,8,56.2166666666667,11.9552737914517
5129480207,51294802,41074,7,22,rail_leg,11:16,676,-75.3490077338315,40.0452635767863,-75.1588750233838,39.9528401835985,42045,42101,off_peak,FALSE,39,49.544105,restore,20251105,67.2333333333333,-29.75,58.7333333333333,-21.25,50.2333333333333,-12.75,71.7333333333333,-4.25,63.2333333333333,4.25,54.7333333333333,12.75,76.2333333333333,21.25,67.7333333333333,29.75,8,63.7333333333333,8.75866917483962
5129480213,51294802,41078,13,22,rail_leg,15:45,945,-75.1588750233838,39.9528401835985,-75.3490077338315,40.0452635767863,42101,42045,off_peak,FALSE,32,39.126898,restore,20251105,64.35,-29.75,55.85,-21.25,62.35,-12.75,68.1333333333333,-4.25,60.35,4.25,51.85,12.75,58.35,21.25,64.85,29.75,8,60.7604166666667,5.29126967014744
5171340102,51713401,41724,2,22,rail_leg,6:54,414,-75.214650332805,40.1349579453564,-75.1648345113326,39.9541020155151,42091,42101,am_peak,TRUE,36,42.869745,restore,20251105,45.4666666666667,-29.75,63.0833333333333,-21.25,54.5833333333333,-12.75,46.0833333333333,-4.25,53.4666666666667,4.25,44.9666666666667,12.75,50.8666666666667,21.25,53.0833333333333,29.75,8,51.45,6.08114442028122
5171340105,51713401,41725,5,22,rail_leg,16:40,1000,-75.1648345113326,39.9541020155151,-75.214650332805,40.1349579453564,42101,42091,pm_peak,TRUE,35,40.629544,restore,20251105,39.4833333333333,-29.75,52.9833333333333,-21.25,44.4833333333333,-12.75,51.9833333333333,-4.25,43.4833333333333,4.25,46.9833333333333,12.75,48.4833333333333,21.25,39.9833333333333,29.75,8,45.9833333333333,5.05682000583653
5174730101,51747301,41734,1,22,rail_leg,8:55,535,-75.3843009215246,39.9156678477591,-75.1704674139331,39.9548009865238,42045,42101,am_peak,TRUE,60,43.501685,restore,20251105,89.2833333333333,-29.75,80.7833333333333,-21.25,72.2833333333333,-12.75,69.35,-4.25,,4.25,84.7333333333333,12.75,76.2333333333333,21.25,67.7333333333333,29.75,7,77.2,8.08235389255163
5174730105,51747301,41738,5,22,rail_leg,16:54,1014,-75.1648345113326,39.9541020155151,-75.3862490558174,39.9062101361711,42101,42045,pm_peak,TRUE,31,36.357943,restore,20251105,51.05,-29.75,65.55,-21.25,57.05,-12.75,48.55,-4.25,55.05,4.25,46.55,12.75,64.05,21.25,55.55,29.75,8,55.425,6.81254095662656
5198430103,51984301,42211,3,22,rail_leg,7:39,459,-75.1531176077862,40.0998645962702,-75.1588750233838,39.9528401835985,42091,42101,am_peak,TRUE,26,30.091828,restore,20251105,48.05,-29.75,39.55,-21.25,35.05,-12.75,46.55,-4.25,38.05,4.25,44.55,12.75,36.05,21.25,46.55,29.75,8,41.8,5.20302110042123
5210970201,52109702,42409,1,22,rail_leg,8:44,524,-75.2533849746111,39.9972621864517,-75.1648345113326,39.9541020155151,42091,42101,am_peak,TRUE,24,21.280945,restore,20251105,34.8666666666667,-29.75,26.3666666666667,-21.25,50.8666666666667,-12.75,42.3666666666667,-4.25,33.8666666666667,4.25,25.3666666666667,12.75,40.8666666666667,21.25,32.3666666666667,29.75,8,35.8666666666667,8.53563956930837
5210970206,52109702,42413,6,22,rail_leg,16:41,1001,-75.1715947626354,39.9429517013451,-75.2621066880574,40.0038368776237,42101,42091,pm_peak,TRUE,27,41.840478,restore,20251105,56.6333333333333,-29.75,48.1333333333333,-21.25,63.6333333333333,-12.75,55.1333333333333,-4.25,46.6333333333333,4.25,64.1333333333333,12.75,55.6333333333333,21.25,47.1333333333333,29.75,8,54.6333333333333,6.95906397646777
5243500101,52435001,43039,1,22,rail_leg,8:48,528,-75.2306181788506,40.0331480094283,-75.1562910038297,39.9768159139408,42101,42101,am_peak,TRUE,42,30.020858,restore,20251105,35.3833333333333,-29.75,37.8833333333333,-21.25,46.3833333333333,-12.75,37.8833333333333,-4.25,53.3833333333333,4.25,44.8833333333333,12.75,51.3833333333333,21.25,42.8833333333333,29.75,8,43.7583333333333,6.53425042154252
5243500102,52435001,43040,2,22,rail_leg,11:39,699,-75.1562910038297,39.9768159139408,-75.2306181788506,40.0331480094283,42101,42101,off_peak,FALSE,42,31.954863,restore,20251105,64.05,-29.75,64.3666666666667,-21.25,55.8666666666667,-12.75,47.3666666666667,-4.25,38.8666666666667,4.25,71.55,12.75,63.05,21.25,71.35,29.75,8,59.5583333333333,11.5185599022717
5243500201,52435002,43044,1,22,rail_leg,9:18,558,-75.2306181788506,40.0331480094283,-75.1562910038297,39.9768159139408,42101,42101,am_peak,TRUE,33,30.020858,restore,20251105,57.3833333333333,-29.75,48.8833333333333,-21.25,40.3833333333333,-12.75,46.8833333333333,-4.25,,4.25,89.8833333333334,12.75,81.3833333333333,21.25,72.8833333333333,29.75,7,62.5261904761905,18.9686458085316
5243500202,52435002,43045,2,22,rail_leg,21:51,1311,-75.1562910038297,39.9768159139408,-75.2306181788506,40.0331480094283,42101,42101,off_peak,FALSE,36,31.716667,restore,20251105,58.05,-29.75,49.55,-21.25,49.8666666666667,-12.75,41.3666666666667,-4.25,83.1666666666667,4.25,74.6666666666667,12.75,66.1666666666667,21.25,57.6666666666667,29.75,8,60.0625,13.9290912601409
5247550203,52475502,43107,3,22,rail_leg,7:30,450,-74.9853265543148,40.0477525065309,-75.1638872349499,39.9525548857932,42101,42101,am_peak,TRUE,30,38.855257,restore,20251105,61.6333333333333,-29.75,53.1333333333333,-21.25,70.1333333333334,-12.75,61.6333333333333,-4.25,53.1333333333333,4.25,61.1333333333333,12.75,52.6333333333333,21.25,75.2166666666667,29.75,8,61.08125,8.2813782185342
5247550205,52475502,43108,5,22,rail_leg,16:55,1015,-75.1588750233838,39.9528401835985,-75.0798260530761,40.0248633027149,42101,42101,pm_peak,TRUE,25,31.790295,restore,20251105,38.0833333333333,-29.75,45.0833333333333,-21.25,41.5833333333333,-12.75,42.0333333333333,-4.25,43.5833333333333,4.25,41.4333333333333,12.75,46.5833333333333,21.25,38.45,29.75,8,42.1041666666667,2.96099980433465
5257730101,52577301,43201,1,22,rail_leg,7:00,420,-75.3329867932292,40.2272389657107,-75.1553089348274,40.0036904586044,42091,42101,am_peak,TRUE,60,,restore,20251105,,-29.75,,-21.25,,-12.75,,-4.25,,4.25,,12.75,,21.25,,29.75,0,,
5257730102,52577301,43202,2,22,rail_leg,15:00,900,-75.1553089348274,40.0036904586044,-75.3329867932292,40.2272389657107,42101,42091,off_peak,FALSE,60,,restore,20251105,,-29.75,,-21.25,,-12.75,,-4.25,,4.25,,12.75,,21.25,,29.75,0,,
5278380203,52783802,43502,3,22,rail_leg,16:00,960,-75.1612826317197,39.9532127364358,-75.1612826317197,39.9532127364358,42101,42101,pm_peak,TRUE,60,4.127778,restore,20251105,7.7,-29.75,10.1666666666667,-21.25,11.6666666666667,-12.75,9.16666666666667,-4.25,6.7,4.25,9.38333333333333,12.75,9.66666666666667,21.25,11.9333333333333,29.75,8,9.54791666666667,1.7838214174088
5278480104,52784801,43506,4,14,feeder_leg,14:10,850,-75.1392788470332,40.0429484652339,-75.1381304513604,40.0251658128621,42101,42101,off_peak,FALSE,0,11.765591,restore,20251105,29.1166666666667,-29.75,20.6166666666667,-21.25,28.1166666666667,-12.75,19.6166666666667,-4.25,28.1166666666667,4.25,19.6166666666667,12.75,28.1166666666667,21.25,19.6166666666667,29.75,8,24.1166666666667,4.56696210375594
5278790102,52787901,43516,2,22,rail_leg,7:51,471,-75.1297691436794,40.0713922682092,-75.1545851492175,39.9813757258968,42091,42101,am_peak,TRUE,19,23.11768,restore,20251105,34.9166666666667,-29.75,50.4166666666667,-21.25,41.9166666666667,-12.75,33.4166666666667,-4.25,43.3666666666667,4.25,42.75,12.75,42.9166666666667,21.25,34.4166666666667,29.75,8,40.5145833333333,5.82874947450205
5278790104,52787901,43517,4,22,rail_leg,17:32,1052,-75.1480260525691,39.9820906148628,-75.1297691436794,40.0713922682092,42101,42091,pm_peak,TRUE,18,18.801258,restore,20251105,29.5166666666667,-29.75,21.0166666666667,-21.25,26.5166666666667,-12.75,18.0166666666667,-4.25,20.5166666666667,4.25,32.0166666666667,12.75,23.5166666666667,21.25,30.0166666666667,29.75,8,25.1416666666667,5.12521776540833
5294130103,52941301,43770,3,22,rail_leg,7:25,445,-75.3170969015922,40.0208081125859,-75.1648345113326,39.9541020155151,42091,42101,am_peak,TRUE,25,27.304952,restore,20251105,36.8666666666667,-29.75,52.3666666666667,-21.25,43.8666666666667,-12.75,48.3666666666667,-4.25,45.0333333333333,4.25,43.3666666666667,12.75,34.8666666666667,21.25,37.3666666666667,29.75,8,42.7625,6.05460437410935
5315960101,53159601,43940,1,22,rail_leg,6:30,390,-74.887284717431,40.1994272915791,-75.1580149724927,39.9493530835764,42017,42101,am_peak,TRUE,65,71.943323,restore,20251105,99.45,-29.75,90.95,-21.25,82.45,-12.75,95.95,-4.25,87.45,4.25,78.95,12.75,96.45,21.25,87.95,29.75,8,89.95,7.14142842854285
5354930107,53549301,44089,7,22,rail_leg,16:41,1001,-75.1648345113326,39.9541020155151,-75.1648345113326,39.9541020155151,42101,42101,pm_peak,TRUE,29,4.017397,restore,20251105,5.3,-29.75,8.8,-21.25,7.65,-12.75,5.73333333333333,-4.25,12.5833333333333,4.25,5.73333333333333,12.75,8.65,21.25,5.73333333333333,29.75,8,7.52291666666667,2.48062232175207
5444280104,54442801,44197,4,22,rail_leg,13:25,805,-75.1588750233838,39.9528401835985,-75.2318795104928,39.8804695206274,42101,42101,off_peak,FALSE,33,35.250459,restore,20251105,62.0333333333333,-29.75,53.5333333333333,-21.25,45.0333333333333,-12.75,66.4666666666667,-4.25,57.9666666666667,4.25,49.4666666666667,12.75,45.8833333333333,21.25,62.45,29.75,8,55.3541666666667,8.10175735394626
5549720201,55497202,44418,1,22,rail_leg,7:15,435,-75.2240469261417,40.0283746179593,-75.177201361549,39.9550054347417,42101,42101,am_peak,TRUE,30,28.623512,restore,20251105,48.3333333333333,-29.75,39.8333333333333,-21.25,42.2,-12.75,42.8333333333333,-4.25,46.3333333333333,4.25,37.8333333333333,12.75,46.3333333333333,21.25,50.8333333333333,29.75,8,44.3166666666667,4.40046895047869
5549720202,55497202,44419,2,22,rail_leg,17:00,1020,-75.177201361549,39.9550054347417,-75.2240469261417,40.0283746179593,42101,42101,pm_peak,TRUE,45,19.786963,restore,20251105,40.5333333333333,-29.75,38.0166666666667,-21.25,34.6666666666667,-12.75,35.0166666666667,-4.25,44.3,4.25,42.1666666666667,12.75,48.5333333333333,21.25,45.7666666666667,29.75,8,41.125,5.02320014358772
5645340205,56453402,44565,5,22,rail_leg,16:40,1000,-75.1588750233838,39.9528401835985,-75.1898605144712,40.0114702178942,42101,42101,pm_peak,TRUE,13,16.924779,restore,20251105,34.6666666666667,-29.75,26.1666666666667,-21.25,17.6666666666667,-12.75,40.1666666666667,-4.25,31.6666666666667,4.25,23.1666666666667,12.75,28.6666666666667,21.25,20.1666666666667,29.75,8,27.7916666666667,7.56755291642266
5666250104,56662501,44619,4,22,rail_leg,13:00,780,-75.3195257705183,40.0049815590517,-75.1648345113326,39.9541020155151,42045,42101,off_peak,FALSE,20,45.984543,restore,20251105,52.6,-29.75,74.1,-21.25,65.6,-12.75,57.1,-4.25,48.6,4.25,70.1,12.75,61.6,21.25,53.1,29.75,8,60.35,9.05932826270406
5666250107,56662501,44620,7,22,rail_leg,14:15,855,-75.1648345113326,39.9541020155151,-75.3195257705183,40.0049815590517,42101,42045,off_peak,FALSE,30,43.69728,restore,20251105,73.9333333333333,-29.75,66.3166666666667,-21.25,57.8166666666667,-12.75,64.3166666666667,-4.25,55.8166666666667,4.25,62.3166666666667,12.75,53.8166666666667,21.25,60.3166666666667,29.75,8,61.83125,6.45657925488437
5679850201,56798502,44676,1,22,rail_leg,8:15,495,-75.2791809847499,39.9347542142195,-75.1638872349499,39.9525548857932,42045,42101,am_peak,TRUE,25,30.734642,restore,20251105,42.7,-29.75,51.1833333333333,-21.25,42.6833333333333,-12.75,34.1833333333333,-4.25,42.6833333333333,4.25,34.1833333333333,12.75,45.7,21.25,55.2,29.75,8,43.5645833333333,7.33197193802595
5679850202,56798502,44677,2,22,rail_leg,17:05,1025,-75.1638872349499,39.9525548857932,-75.2791809847499,39.9347542142195,42101,42045,pm_peak,TRUE,25,25.345046,restore,20251105,48.3,-29.75,39.8,-21.25,31.3,-12.75,48.4833333333333,-4.25,50.35,4.25,44.8,12.75,36.3,21.25,48.8,29.75,8,43.5166666666667,6.95848802223267
5757350102,57573501,44839,2,22,rail_leg,8:01,481,-75.1834073455283,39.9599979498596,-74.9187940367774,40.0802503935485,42101,42017,am_peak,TRUE,31,49.149659,restore,20251105,79.7,-29.75,132.2,-21.25,123.7,-12.75,115.2,-4.25,106.7,4.25,98.2,12.75,89.7,21.25,81.2,29.75,8,103.325,19.4967946083452
5757350105,57573501,44840,5,22,rail_leg,17:28,1048,-74.9063874745106,40.0959040743494,-74.9187940367774,40.0802503935485,42017,42017,pm_peak,TRUE,30,19.366667,restore,20251105,,-29.75,,-21.25,,-12.75,,-4.25,,4.25,,12.75,,21.25,,29.75,0,,
5759930102,57599301,44852,2,22,rail_leg,5:48,348,-75.3285784262649,39.9077335323186,-75.1588750233838,39.9528401835985,42045,42101,off_peak,FALSE,37,38.75,restore,20251105,47.05,-29.75,38.55,-21.25,63.05,-12.75,54.55,-4.25,46.05,4.25,54.55,12.75,46.05,21.25,37.55,29.75,8,48.425,8.60128727907299
5759930106,57599301,44854,6,21,feeder_leg,17:08,1028,-75.1414393682529,39.9601471054741,-75.1648345113326,39.9541020155151,42101,42101,pm_peak,TRUE,4,14.594689,restore,20251105,19.4666666666667,-29.75,20.7333333333333,-21.25,26.4666666666667,-12.75,17.9666666666667,-4.25,21.4666666666667,4.25,18.9666666666667,12.75,17.8666666666667,21.25,19.9666666666667,29.75,8,20.3625,2.76442465095246
5759930107,57599301,44854,7,22,rail_leg,17:22,1042,-75.1648345113326,39.9541020155151,-75.3285784262649,39.9077335323186,42101,42045,pm_peak,TRUE,23,30.937209,restore,20251105,34.2,-29.75,40.7,-21.25,32.2,-12.75,49.7,-4.25,41.2,4.25,51.7,12.75,43.2,21.25,34.7,29.75,8,40.95,7.15641570300983
5759930202,57599302,44857,2,22,rail_leg,7:10,430,-75.3285784262649,39.9077335323186,-75.1678754160498,39.9518178612404,42045,42101,am_peak,TRUE,40,35.181887,restore,20251105,43.5,-29.75,35,-21.25,47.5,-12.75,39,-4.25,45.5,4.25,37,12.75,49.5,21.25,41,29.75,8,42.25,5.13392080744755
5759930205,57599302,44858,5,22,rail_leg,17:22,1042,-75.1648345113326,39.9541020155151,-75.3285784262649,39.9077335323186,42101,42045,pm_peak,TRUE,23,30.937209,restore,20251105,34.2,-29.75,40.7,-21.25,32.2,-12.75,49.7,-4.25,41.2,4.25,51.7,12.75,43.2,21.25,34.7,29.75,8,40.95,7.15641570300983
5765380103,57653801,44880,3,22,rail_leg,16:45,1005,-75.3393886203709,40.0346462639254,-75.1742868895805,39.952935291834,42045,42101,pm_peak,TRUE,30,45.663725,restore,20251105,50.8666666666667,-29.75,42.3666666666667,-21.25,52.7166666666667,-12.75,55.3666666666667,-4.25,46.8666666666667,4.25,57.2166666666667,12.75,48.7166666666667,21.25,51.3666666666667,29.75,8,50.6854166666667,4.73368910047967
5864950102,58649501,45119,2,22,rail_leg,8:25,505,-75.1325211942729,40.0941668713503,-75.1834073455283,39.9599979498596,42091,42101,am_peak,TRUE,34,40.071384,restore,20251105,53.25,-29.75,44.75,-21.25,50.25,-12.75,48.75,-4.25,66.25,4.25,57.75,12.75,49.25,21.25,47.5,29.75,8,52.21875,6.8796250676493
6016700205,60167002,45555,5,22,rail_leg,12:45,765,-75.1648345113326,39.9541020155151,-75.1685656145409,39.9486706858777,42101,42101,off_peak,FALSE,20,9.573822,restore,20251105,15.7833333333333,-29.75,14.05,-21.25,13.9166666666667,-12.75,15.5833333333333,-4.25,13.7,4.25,14.8,12.75,12.45,21.25,14.25,29.75,8,14.3166666666667,1.0750046142389
6036180104,60361801,45865,4,22,rail_leg,9:00,540,-74.8976831541036,40.1863154165969,-75.1588750233838,39.9528401835985,42017,42101,am_peak,TRUE,55,58.77095,restore,20251105,,-29.75,,-21.25,,-12.75,,-4.25,,4.25,,12.75,,21.25,,29.75,0,,
6037250102,60372501,45888,2,22,rail_leg,7:55,475,-75.1297691436794,40.0713922682092,-75.1691139313301,39.9535949564727,42091,42101,am_peak,TRUE,25,34.26416,restore,20251105,38.6833333333333,-29.75,48.3666666666667,-21.25,41.6833333333333,-12.75,33.1833333333333,-4.25,43.8666666666667,4.25,50.1833333333333,12.75,41.6833333333333,21.25,33.1833333333333,29.75,8,41.3541666666667,6.26004430989947
6037250104,60372501,45889,4,22,rail_leg,17:50,1070,-75.1648345113326,39.9541020155151,-75.1297691436794,40.0713922682092,42101,42091,pm_peak,TRUE,30,29.347294,restore,20251105,36.5166666666667,-29.75,48.0166666666667,-21.25,39.5166666666667,-12.75,31.0166666666667,-4.25,37.5166666666667,4.25,42.0166666666667,12.75,33.5166666666667,21.25,44.7666666666667,29.75,8,39.1104166666667,5.68195373214933
6039800301,60398003,45968,1,22,rail_leg,7:00,420,-75.142252558114,39.9534656191866,-75.1531176077862,40.0998645962702,42101,42091,am_peak,TRUE,90,47.778109,restore,20251105,64.4833333333333,-29.75,62.1,-21.25,53.6,-12.75,46.1,-4.25,69.5333333333333,4.25,61.0333333333333,12.75,67.0166666666667,21.25,67.0333333333333,29.75,8,61.3625,7.87838488604729
6039800302,60398003,45969,2,22,rail_leg,17:00,1020,-75.1531176077862,40.0998645962702,-75.142252558114,39.9534656191866,42091,42101,pm_peak,TRUE,45,43.747012,restore,20251105,48.6666666666667,-29.75,57.8833333333333,-21.25,49.3833333333333,-12.75,53.1666666666667,-4.25,44.6666666666667,4.25,60.1666666666667,12.75,57.6666666666667,21.25,49.1666666666667,29.75,8,52.5958333333333,5.49939931784762
6083360201,60833602,46552,1,22,rail_leg,7:45,465,-75.5182227312107,40.0361776802347,-75.1941152941134,39.9546263068532,42029,42101,am_peak,TRUE,70,53.02561,restore,20251105,67.2666666666667,-29.75,66.7666666666667,-21.25,58.2666666666667,-12.75,72.05,-4.25,97.0666666666667,4.25,88.5666666666667,12.75,80.0666666666667,21.25,71.5666666666667,29.75,8,75.2020833333333,12.6740656256833
6083360202,60833602,46553,2,22,rail_leg,17:30,1050,-75.1941152941134,39.9546263068532,-75.5182227312107,40.0361776802347,42101,42029,pm_peak,TRUE,75,54.406957,restore,20251105,55.4833333333333,-29.75,72.9833333333333,-21.25,64.4833333333333,-12.75,55.9833333333333,-4.25,84.4833333333333,4.25,75.9833333333333,12.75,90.4833333333333,21.25,81.9833333333333,29.75,8,72.7333333333333,13.068500843085
6086660202,60866602,46615,2,22,rail_leg,6:34,394,-75.1493508294534,40.1224003405441,-75.1588750233838,39.9528401835985,42091,42101,am_peak,TRUE,26,31.735925,restore,20251105,,-29.75,,-21.25,,-12.75,,-4.25,,4.25,,12.75,,21.25,,29.75,0,,
6086660204,60866602,46616,4,22,rail_leg,15:55,955,-75.2300055470776,39.9884080077411,-75.2610376834135,40.1872915522603,42101,42091,off_peak,FALSE,45,70.500674,restore,20251105,97.1,-29.75,88.6,-21.25,80.1,-12.75,93.6,-4.25,100.1,4.25,91.6,12.75,83.1,21.25,86.6,29.75,8,90.1,6.83478497937468
6113870204,61138702,47041,4,22,rail_leg,11:55,715,-75.2823535717739,40.2437347422191,-75.2613179666323,40.2626114627708,42091,42091,off_peak,FALSE,5,11.116776,restore,20251105,30.4,-29.75,21.9,-21.25,37.5166666666667,-12.75,29.0166666666667,-4.25,20.5166666666667,4.25,53.9,12.75,45.4,21.25,36.9,29.75,8,34.44375,11.4091161597917
6113900201,61139002,47058,1,22,rail_leg,7:30,450,-75.2463901267165,40.0011528366318,-75.3393886203709,40.0346462639254,42091,42045,am_peak,TRUE,30,32.458275,restore,20251105,42.25,-29.75,33.75,-21.25,51.1333333333333,-12.75,42.6333333333333,-4.25,34.1333333333333,4.25,48.6333333333333,12.75,40.1333333333333,21.25,44.2333333333333,29.75,8,42.1125,6.16673584259785
6123020302,61230203,47253,2,22,rail_leg,7:18,438,-75.2621066880574,40.0038368776237,-75.1608290378846,39.9512565309348,42091,42101,am_peak,TRUE,25,30.358302,restore,20251105,49.6166666666667,-29.75,41.1166666666667,-21.25,32.6166666666667,-12.75,44.65,-4.25,36.15,4.25,43.6,12.75,35.1,21.25,48.1666666666667,29.75,8,41.3770833333333,6.24704970048402
6123020304,61230203,47254,4,22,rail_leg,16:16,976,-75.1588750233838,39.9528401835985,-75.2621066880574,40.0038368776237,42101,42091,pm_peak,TRUE,22,27.979348,restore,20251105,44.6333333333333,-29.75,36.1333333333333,-21.25,27.6333333333333,-12.75,56.1333333333333,-4.25,47.6333333333333,4.25,39.1333333333333,12.75,30.6333333333333,21.25,46.1333333333333,29.75,8,41.0083333333333,9.45572389009505
6158310201,61583102,47703,1,22,rail_leg,9:40,580,-75.2810698001446,40.2355243961341,-75.2823535717739,40.2437347422191,42091,42091,off_peak,FALSE,7,11.3,restore,20251105,29.4666666666667,-29.75,20.9666666666667,-21.25,30.8166666666667,-12.75,28.9666666666667,-4.25,20.4666666666667,4.25,25.3166666666667,12.75,38.4666666666667,21.25,29.9666666666667,29.75,8,28.0541666666667,5.8289149933757
6158310202,61583102,47704,2,22,rail_leg,15:05,905,-75.2823535717739,40.2437347422191,-75.2810698001446,40.2355243961341,42091,42091,off_peak,FALSE,47,10.522271,restore,20251105,21.8833333333333,-29.75,23.7833333333333,-21.25,69.8,-12.75,61.3,-4.25,41.2833333333333,4.25,32.7833333333333,12.75,24.2833333333333,21.25,27.3,29.75,8,37.8020833333333,18.3470823715276
6165450102,61654501,47852,2,22,rail_leg,9:21,561,-75.6088161729411,40.0119718537478,-75.1834073455283,39.9599979498596,42029,42101,am_peak,TRUE,49,75.363548,restore,20251105,132.133333333333,-29.75,123.633333333333,-21.25,,-12.75,155.75,-4.25,147.25,4.25,138.75,12.75,130.25,21.25,,29.75,6,137.961111111111,11.8495553909403
6165820105,61658201,47890,5,22,rail_leg,16:20,980,-75.2755312957965,40.0062174693429,-75.1779217463161,39.9533873770951,42091,42101,pm_peak,TRUE,30,27.383292,restore,20251105,33.65,-29.75,57.15,-21.25,48.65,-12.75,40.15,-4.25,64.7833333333333,4.25,56.2833333333333,12.75,52.65,21.25,44.15,29.75,8,49.6833333333333,10.1119448461425
6165820107,61658201,47891,7,22,rail_leg,22:35,1355,-75.1834073455283,39.9599979498596,-75.2755312957965,40.0062174693429,42101,42091,off_peak,FALSE,25,21.938999,restore,20251105,70.5,-29.75,62,-21.25,69.2666666666667,-12.75,60.7666666666667,-4.25,52.2666666666667,4.25,43.7666666666667,12.75,35.2666666666667,21.25,82.7666666666667,29.75,8,59.575,15.3653056932695
6174680101,61746801,47984,1,22,rail_leg,10:55,655,-75.1983373842282,40.059754922547,-75.1560983260195,39.9553691545034,42101,42101,off_peak,FALSE,63,52.105493,restore,20251105,50.6166666666667,-29.75,62.1166666666667,-21.25,53.6166666666667,-12.75,55.1166666666667,-4.25,58.6166666666667,4.25,70.8,12.75,62.9,21.25,54.4,29.75,8,58.5229166666667,6.52457465316797
6174680105,61746801,47988,5,22,rail_leg,17:15,1035,-75.1474545568906,39.9496085506464,-75.1983373842282,40.059754922547,42101,42101,pm_peak,TRUE,73,49.587826,restore,20251105,63.2333333333333,-29.75,55.9833333333333,-21.25,66.2333333333333,-12.75,64.7166666666667,-4.25,56.2166666666667,4.25,60.4333333333333,12.75,57.2166666666667,21.25,62.1333333333333,29.75,8,60.7708333333333,3.95935450487047
6175440202,61754402,48017,2,22,rail_leg,7:24,444,-75.1325211942729,40.0941668713503,-75.1648345113326,39.9541020155151,42091,42101,am_peak,TRUE,27,34.780763,restore,20251105,41.5833333333333,-29.75,37.3666666666667,-21.25,52.4666666666667,-12.75,43.9666666666667,-4.25,37.8666666666667,4.25,49.3666666666667,12.75,40.8666666666667,21.25,47.3666666666667,29.75,8,43.85625,5.4632897344203
6175750201,61757502,48035,1,22,rail_leg,7:30,450,-75.367791359298,39.8785149779787,-75.1687160134156,39.9558364756335,42045,42101,am_peak,TRUE,75,65.042295,restore,20251105,59.5166666666667,-29.75,72.0166666666667,-21.25,63.5166666666667,-12.75,77.0166666666667,-4.25,68.5166666666667,4.25,77.0166666666667,12.75,68.5166666666667,21.25,87.75,29.75,8,71.7333333333333,8.86321092700089
6189830203,61898302,48263,3,22,rail_leg,7:15,435,-75.2646195081271,40.0691085697051,-75.1588750233838,39.9528401835985,42091,42101,am_peak,TRUE,21,42.2573,restore,20251105,,-29.75,,-21.25,,-12.75,,-4.25,,4.25,,12.75,,21.25,,29.75,0,,
6189830208,61898302,48267,8,22,rail_leg,16:40,1000,-75.1588750233838,39.9528401835985,-75.2646195081271,40.0691085697051,42101,42091,pm_peak,TRUE,26,42.855614,restore,20251105,,-29.75,,-21.25,,-12.75,,-4.25,,4.25,,12.75,,21.25,,29.75,0,,
6194760201,61947602,48414,1,22,rail_leg,7:50,470,-75.3014852761322,40.0298307470534,-75.3014852761322,40.0298307470534,42091,42091,am_peak,TRUE,970,17.16611,restore,20251105,,-29.75,,-21.25,,-12.75,,-4.25,,4.25,,12.75,,21.25,,29.75,0,,
6221280101,62212801,48768,1,22,rail_leg,7:00,420,-75.1840657845611,40.0625876496449,-75.1588750233838,39.9528401835985,42101,42101,am_peak,TRUE,30,27.103521,restore,20251105,51.05,-29.75,52.55,-21.25,44.05,-12.75,40.55,-4.25,32.05,4.25,48.55,12.75,40.05,21.25,31.55,29.75,8,42.55,8.03563492024299
6224850102,62248501,48824,2,22,rail_leg,8:47,527,-75.1898142834651,40.0518717143354,-75.1779217463161,39.9533873770951,42101,42101,am_peak,TRUE,,31.994802,restore,20251105,54.6166666666667,-29.75,62.1166666666667,-21.25,61.25,-12.75,55.15,-4.25,46.65,4.25,38.15,12.75,57.4,21.25,62.1166666666667,29.75,8,54.68125,8.44408517275625
6224850105,62248501,48825,5,22,rail_leg,17:51,1071,-75.1648345113326,39.9541020155151,-75.1898142834651,40.0518717143354,42101,42101,pm_peak,TRUE,,31.826894,restore,20251105,48.35,-29.75,39.85,-21.25,49.35,-12.75,40.85,-4.25,54.6166666666667,4.25,55.1166666666667,12.75,56.6166666666667,21.25,58.1166666666667,29.75,8,50.3583333333333,7.03072057089682
6228560102,62285601,48872,2,22,rail_leg,6:59,419,-75.7140748628777,40.0039525762867,-75.1840170635385,39.9534784074457,42029,42101,am_peak,TRUE,47,58.985822,restore,20251105,76.4,-29.75,,-21.25,,-12.75,90.9,-4.25,82.4,4.25,73.9,12.75,143.4,21.25,134.9,29.75,6,100.316666666667,30.7626667677994
6228560105,62285601,48873,5,22,rail_leg,17:13,1033,-75.1834073455283,39.9599979498596,-75.7140748628777,40.0039525762867,42101,42029,pm_peak,TRUE,44,57.037813,restore,20251105,90.3333333333333,-29.75,81.8333333333333,-21.25,73.3333333333333,-12.75,90.8333333333333,-4.25,82.3333333333333,4.25,73.8333333333333,12.75,125.333333333333,21.25,116.833333333333,29.75,8,91.8333333333333,19.2984085206157
6257530303,62575303,49291,3,22,rail_leg,7:30,450,-75.4829079089365,40.0451966969818,-75.3170969015922,40.0208081125859,42029,42091,am_peak,TRUE,25,25.828562,restore,20251105,54.2333333333333,-29.75,45.7333333333333,-21.25,38.05,-12.75,53.55,-4.25,45.05,4.25,36.55,12.75,40.2333333333333,21.25,51.55,29.75,8,45.61875,6.98123014982044
6257530306,62575303,49292,6,22,rail_leg,15:32,932,-75.3130821241257,40.0233046462669,-75.6088161729411,40.0119718537478,42091,42029,off_peak,FALSE,33,77.998013,restore,20251105,142.433333333333,-29.75,133.933333333333,-21.25,125.433333333333,-12.75,116.933333333333,-4.25,108.433333333333,4.25,,12.75,,21.25,,29.75,5,125.433333333333,13.4396800557156
6307190102,63071901,49952,2,22,rail_leg,7:16,436,-74.957545923727,40.0684501210394,-75.1427276091799,39.9500099248171,42017,42101,am_peak,TRUE,36,52.265589,restore,20251105,81.2,-29.75,72.7,-21.25,64.2,-12.75,55.7,-4.25,73.6,4.25,65.1,12.75,56.6,21.25,62.9833333333333,29.75,8,66.5104166666667,8.77664169737645
6307190107,63071901,49955,7,22,rail_leg,16:16,976,-75.1580149724927,39.9493530835764,-75.1580149724927,39.9493530835764,42101,42101,pm_peak,TRUE,39,4.158333,restore,20251105,8.08333333333333,-29.75,4.68333333333333,-21.25,7.83333333333333,-12.75,4.6,-4.25,10.8333333333333,4.25,5.78333333333333,12.75,7.5,21.25,5.71666666666667,29.75,8,6.87916666666667,2.10271460977441
6312540103,63125401,50052,3,22,rail_leg,14:05,845,-75.3363995135418,40.0478797340604,-75.1446587384151,39.9502859178682,42091,42101,off_peak,FALSE,130,59.395222,restore,20251105,,-29.75,,-21.25,,-12.75,,-4.25,,4.25,,12.75,,21.25,,29.75,0,,
6319750201,63197502,50124,1,22,rail_leg,7:20,440,-75.1903469668287,40.1562830811359,-75.1634052023169,39.9571451807186,42091,42101,am_peak,TRUE,,107.20766,restore,20251105,,-29.75,,-21.25,,-12.75,,-4.25,,4.25,,12.75,,21.25,,29.75,0,,
6319750202,63197502,50125,2,22,rail_leg,16:30,990,-75.1634052023169,39.9571451807186,-75.1903469668287,40.1562830811359,42101,42091,pm_peak,TRUE,49,100.468468,restore,20251105,,-29.75,,-21.25,,-12.75,,-4.25,,4.25,,12.75,,21.25,,29.75,0,,
6339310104,63393101,50402,4,22,rail_leg,14:00,840,-75.1531176077862,40.0998645962702,-75.1648345113326,39.9541020155151,42091,42101,off_peak,FALSE,30,34.411213,restore,20251105,55.8666666666667,-29.75,47.3666666666667,-21.25,38.8666666666667,-12.75,42.0833333333333,-4.25,64.8666666666667,4.25,67.3666666666667,12.75,58.8666666666667,21.25,50.3666666666667,29.75,8,53.20625,10.3310056422095
6341280102,63412801,50438,2,22,rail_leg,12:25,745,-75.0826616926931,40.0770283629367,-75.1669894744938,39.9484799410289,42101,42101,off_peak,FALSE,30,51.238419,restore,20251105,68.6,-29.75,60.1,-21.25,51.6,-12.75,43.1,-4.25,85.05,4.25,76.55,12.75,68.05,21.25,69.1,29.75,8,65.26875,13.4008511856523
6341280107,63412801,50441,7,22,rail_leg,15:25,925,-75.1648345113326,39.9541020155151,-75.1673759243643,39.9592890487195,42101,42101,off_peak,FALSE,28,8.497998,restore,20251105,11.5166666666667,-29.75,17.8333333333333,-21.25,11.0166666666667,-12.75,12.8333333333333,-4.25,8.01666666666667,4.25,12.5166666666667,12.75,14.0166666666667,21.25,11.0166666666667,29.75,8,12.3458333333333,2.83180280790474
6349860101,63498601,50599,1,22,rail_leg,6:43,403,-75.1827055398227,40.0389450998406,-75.1873495829861,40.0339940755705,42101,42101,am_peak,TRUE,37,12.26685,restore,20251105,21.7166666666667,-29.75,13.2166666666667,-21.25,22.4666666666667,-12.75,13.9666666666667,-4.25,11.8833333333333,4.25,22.8333333333333,12.75,14.3333333333333,21.25,19.8333333333333,29.75,8,17.53125,4.60954356363831
6359590102,63595901,50723,2,22,rail_leg,7:18,438,-75.4245283894686,39.9086253629038,-75.1937934209145,39.951852697735,42045,42101,am_peak,TRUE,22,71.664526,restore,20251105,89.1833333333334,-29.75,80.6833333333333,-21.25,72.1833333333333,-12.75,70.8,-4.25,77.1666666666667,4.25,86.6833333333334,12.75,78.1833333333333,21.25,78.8,29.75,8,79.2104166666667,6.35821514275723
6359590104,63595901,50724,4,22,rail_leg,18:35,1115,-75.0593151476913,40.0302346423682,-75.1937934209145,39.951852697735,42101,42101,pm_peak,TRUE,,47.540091,restore,20251105,53.8833333333333,-29.75,57.3833333333333,-21.25,55.1,-12.75,53.2333333333333,-4.25,55.1,4.25,54.2333333333333,12.75,51.7333333333333,21.25,54.6,29.75,8,54.4083333333333,1.63386774541999
6403140202,64031402,51374,2,22,rail_leg,19:15,1155,-75.1568084005227,40.0959314583006,-75.1568084005227,40.0959314583006,42091,42091,off_peak,FALSE,55,9.52182,restore,20251105,11.55,-29.75,7.25,-21.25,23.75,-12.75,15.25,-4.25,6.75,4.25,26.25,12.75,17.75,21.25,9.25,29.75,8,14.725,7.3991794911907
6411900101,64119001,51443,1,22,rail_leg,17:30,1050,-75.1638872349499,39.9525548857932,-75.3105990244411,39.9111895443266,42101,42045,pm_peak,TRUE,70,38.398521,restore,20251105,46.2333333333333,-29.75,37.7333333333333,-21.25,55.2333333333333,-12.75,46.7333333333333,-4.25,58.2333333333333,4.25,49.7333333333333,12.75,41.2333333333333,21.25,60.7333333333333,29.75,8,49.4833333333333,8.11083930834006
6414030202,64140302,51471,2,22,rail_leg,6:30,390,-75.2610376834135,40.1872915522603,-75.1588750233838,39.9528401835985,42091,42101,am_peak,TRUE,42,44.52201,restore,20251105,63.05,-29.75,54.55,-21.25,74.05,-12.75,65.55,-4.25,57.05,4.25,61.55,12.75,53.05,21.25,61.55,29.75,8,61.3,6.71352579286239
6414030205,64140302,51473,5,22,rail_leg,11:50,710,-75.150623776162,39.9499928305521,-75.150623776162,39.9499928305521,42101,42101,off_peak,FALSE,42,3.924631,restore,20251105,5.51666666666667,-29.75,10.6333333333333,-21.25,6.81666666666667,-12.75,6.78333333333333,-4.25,8.51666666666667,4.25,9.58333333333333,12.75,11.0833333333333,21.25,6.01666666666667,29.75,8,8.11875,2.14088020579283
6433750203,64337502,51830,3,22,rail_leg,18:16,1096,-74.8523645854997,40.0987028986407,-74.9452110255043,40.1208986646202,42017,42017,pm_peak,TRUE,14,69.798567,restore,20251105,98.55,-29.75,90.05,-21.25,126.75,-12.75,118.25,-4.25,109.75,4.25,101.25,12.75,92.75,21.25,84.25,29.75,8,102.7,14.5830625825207
6501560101,65015601,52809,1,22,rail_leg,8:20,500,-75.1256172805438,40.0721167066709,-75.1541388337345,39.9522458625874,42091,42101,am_peak,TRUE,40,31.623679,restore,20251105,35.2333333333333,-29.75,47.3833333333333,-21.25,52.2333333333333,-12.75,43.7333333333333,-4.25,35.2333333333333,4.25,45.6,12.75,44.2333333333333,21.25,35.7333333333333,29.75,8,42.4229166666667,6.37034883236638
6501560102,65015601,52810,2,22,rail_leg,19:30,1170,-75.1541388337345,39.9522458625874,-75.1256172805438,40.0721167066709,42101,42091,off_peak,FALSE,30,26.4,restore,20251105,32.0333333333333,-29.75,36.5333333333333,-21.25,28.0333333333333,-12.75,57.9833333333333,-4.25,49.4833333333333,4.25,49.5333333333333,12.75,41.0333333333333,21.25,32.5333333333333,29.75,8,40.8958333333333,10.5105644132803
6513570101,65135701,52937,1,22,rail_leg,8:15,495,-75.2621066880574,40.0038368776237,-75.1427276091799,39.9500099248171,42091,42101,am_peak,TRUE,52,36.311444,restore,20251105,57.2333333333333,-29.75,48.7333333333333,-21.25,40.2333333333333,-12.75,44.7,-4.25,36.2,4.25,63.7,12.75,55.2,21.25,46.7,29.75,8,49.0875,9.15581067124146
6515270101,65152701,52978,1,22,rail_leg,6:00,360,-75.4004536142059,39.8980960293187,-75.1541388337345,39.9522458625874,42045,42101,am_peak,TRUE,72,81.027926,restore,20251105,88.6166666666667,-29.75,80.1166666666667,-21.25,103.1,-12.75,94.6,-4.25,86.1,4.25,77.6,12.75,99.1,21.25,90.6,29.75,8,89.9791666666667,8.81962435761999
6515270102,65152701,52979,2,22,rail_leg,16:35,995,-75.1541388337345,39.9522458625874,-75.4004536142059,39.8980960293187,42101,42045,pm_peak,TRUE,60,76.848023,restore,20251105,95.7666666666667,-29.75,87.2666666666667,-21.25,78.7666666666667,-12.75,99.2666666666667,-4.25,90.7666666666667,4.25,82.2666666666667,12.75,108.333333333333,21.25,99.8333333333333,29.75,8,92.7833333333333,9.88510182523367
6539400104,65394001,53375,4,22,rail_leg,7:30,450,-75.2823535717739,40.2437347422191,-75.1588750233838,39.9528401835985,42091,42101,am_peak,TRUE,55,56.053349,restore,20251105,61.05,-29.75,63.55,-21.25,55.05,-12.75,70.55,-4.25,62.05,4.25,75.55,12.75,67.05,21.25,93.55,29.75,8,68.55,11.8683251917506
6539400107,65394001,53376,7,22,rail_leg,16:49,1009,-75.1588750233838,39.9528401835985,-75.2823535717739,40.2437347422191,42101,42091,pm_peak,TRUE,51,54.917755,restore,20251105,73.8166666666667,-29.75,65.3166666666667,-21.25,56.8166666666667,-12.75,61.3166666666667,-4.25,52.8166666666667,4.25,56.3166666666667,12.75,59.8166666666667,21.25,95.3166666666667,29.75,8,65.1916666666667,13.7730326570232
6580550101,65805501,54042,1,22,rail_leg,7:56,476,-74.881760525447,40.1424498598935,-75.1541388337345,39.9522458625874,42017,42101,am_peak,TRUE,44,101.805925,restore,20251105,,-29.75,109.6,-21.25,101.1,-12.75,92.6,-4.25,,4.25,,12.75,,21.25,,29.75,3,101.1,8.5
6585800102,65858001,54213,2,22,rail_leg,8:53,533,-75.2844606971503,39.9242462649883,-75.1928742171467,39.9459041130135,42045,42101,am_peak,TRUE,14,24.000752,restore,20251105,31.0666666666667,-29.75,56.3,-21.25,64.2666666666667,-12.75,55.7666666666667,-4.25,57.0666666666667,4.25,48.5666666666667,12.75,40.0666666666667,21.25,31.5666666666667,29.75,8,48.0833333333333,12.5129393346907
6585800105,65858001,54214,5,22,rail_leg,17:15,1035,-75.1928742171467,39.9459041130135,-75.1928742171467,39.9459041130135,42101,42101,pm_peak,TRUE,16,6.998705,restore,20251105,10.3,-29.75,10.8,-21.25,11.3,-12.75,11.8,-4.25,12.3,4.25,12.8,12.75,13.3,21.25,16.6,29.75,8,12.4,1.96977156035922
6611090101,66110901,54556,1,22,rail_leg,8:10,490,-75.2621066880574,40.0038368776237,-75.1840170635385,39.9534784074457,42091,42101,am_peak,TRUE,30,26.099532,restore,20251105,28.4,-29.75,42.9,-21.25,34.4,-12.75,25.9,-4.25,34.4,4.25,25.9,12.75,50.4,21.25,41.9,29.75,8,35.525,8.90324980795536
6611090104,66110901,54558,4,22,rail_leg,19:51,1191,-75.1977262540913,39.9594259908695,-75.2755312957965,40.0062174693429,42101,42091,off_peak,FALSE,12,36.175618,restore,20251105,57.7833333333333,-29.75,69.7666666666667,-21.25,61.2666666666667,-12.75,52.7666666666667,-4.25,44.2666666666667,4.25,53,12.75,63.15,21.25,54.65,29.75,8,57.08125,7.75662767041582
6675770102,66757701,55330,2,22,rail_leg,6:53,413,-75.1962680244175,40.0724717157188,-75.1588750233838,39.9528401835985,42101,42101,am_peak,TRUE,32,32.274782,restore,20251105,68.05,-29.75,,-21.25,56.05,-12.75,47.55,-4.25,39.05,4.25,55.35,12.75,47.05,21.25,38.55,29.75,7,50.2357142857143,10.4590357381275
6675770105,66757701,55331,5,22,rail_leg,16:25,985,-75.1648345113326,39.9541020155151,-75.1962680244175,40.0724717157188,42101,42101,pm_peak,TRUE,27,35.217062,restore,20251105,48.4,-29.75,69.5,-21.25,61,-12.75,62.5,-4.25,64,4.25,56.9,12.75,48.4,21.25,58.5,29.75,8,58.65,7.36691445392361
6701750202,67017502,55699,2,22,rail_leg,6:40,400,-74.9173100833299,40.1657748846181,-75.1588750233838,39.9528401835985,42017,42101,am_peak,TRUE,60,64.052134,restore,20251105,85.05,-29.75,76.55,-21.25,68.05,-12.75,81.55,-4.25,73.05,4.25,64.55,12.75,82.05,21.25,73.55,29.75,8,75.55,7.14142842854285
6701750205,67017502,55700,5,22,rail_leg,16:55,1015,-75.1588750233838,39.9528401835985,-74.9173100833299,40.1657748846181,42101,42017,pm_peak,TRUE,40,58.442217,restore,20251105,72.4833333333333,-29.75,63.9833333333333,-21.25,55.4833333333333,-12.75,99.4166666666667,-4.25,90.9166666666667,4.25,82.4166666666667,12.75,73.9166666666667,21.25,95.25,29.75,8,79.2333333333333,15.4964921785954
6745010103,67450101,56300,3,14,feeder_leg,8:00,480,-75.1648345113326,39.9541020155151,-75.1632627264191,39.9610182840982,42101,42101,am_peak,TRUE,16,9.912763,restore,20251105,14.5333333333333,-29.75,10.8666666666667,-21.25,12.3666666666667,-12.75,13.8666666666667,-4.25,15.3666666666667,4.25,15.0333333333333,12.75,16.5333333333333,21.25,8.03333333333333,29.75,8,13.325,2.77995946070705
6752060104,67520601,56429,4,14,feeder_leg,18:20,1100,-75.2806454415887,40.2304601821381,-75.2328700667351,40.2335991500038,42091,42091,pm_peak,TRUE,55,26.659649,restore,20251105,,-29.75,,-21.25,,-12.75,,-4.25,,4.25,,12.75,,21.25,,29.75,0,,
6758480203,67584802,56525,3,22,rail_leg,13:10,790,-75.2092309433524,40.0570919862362,-75.1608866949941,39.9837724999129,42101,42101,off_peak,FALSE,50,48.810342,restore,20251105,,-29.75,,-21.25,,-12.75,,-4.25,,4.25,,12.75,,21.25,,29.75,0,,
6758480204,67584802,56526,4,22,rail_leg,18:00,1080,-75.1608866949941,39.9837724999129,-75.2092309433524,40.0570919862362,42101,42101,pm_peak,TRUE,75,48.71221,restore,20251105,,-29.75,,-21.25,,-12.75,,-4.25,,4.25,,12.75,,21.25,,29.75,0,,
6767900102,67679001,56640,2,22,rail_leg,9:59,599,-75.20297810328,40.0663780780388,-75.1834073455283,39.9599979498596,42101,42101,off_peak,FALSE,25,34.321153,restore,20251105,67.25,-29.75,58.75,-21.25,50.25,-12.75,41.75,-4.25,62.25,4.25,54.75,12.75,46.25,21.25,37.75,29.75,8,52.375,10.2391057087172
6767900202,67679002,56642,2,22,rail_leg,9:59,599,-75.20297810328,40.0663780780388,-75.1834073455283,39.9599979498596,42101,42101,off_peak,FALSE,25,34.321153,restore,20251105,67.25,-29.75,58.75,-21.25,50.25,-12.75,41.75,-4.25,62.25,4.25,54.75,12.75,46.25,21.25,37.75,29.75,8,52.375,10.2391057087172
6801200102,68012001,57052,2,22,rail_leg,8:20,500,-75.1531176077862,40.0998645962702,-75.1480260525691,39.9820906148628,42091,42101,am_peak,TRUE,20,24.225956,restore,20251105,41.1,-29.75,32.6,-21.25,43.1,-12.75,34.6,-4.25,29.1,4.25,42.6,12.75,34.1,21.25,38.6,29.75,8,36.975,5.12521776540833
6801200104,68012001,57053,4,22,rail_leg,17:30,1050,-75.1545851492175,39.9813757258968,-75.1531176077862,40.0998645962702,42101,42091,pm_peak,TRUE,45,30.449782,restore,20251105,30.6,-29.75,51.5833333333333,-21.25,43.0833333333333,-12.75,40.1,-4.25,51.6,4.25,43.1,12.75,34.6,21.25,41.1,29.75,8,41.9708333333333,7.32429502539648
6801200201,68012002,57055,1,22,rail_leg,8:10,490,-75.1470888942105,40.1018399351912,-75.1480260525691,39.9820906148628,42091,42101,am_peak,TRUE,30,29.598208,restore,20251105,35.1,-29.75,42.6,-21.25,34.1,-12.75,44.6,-4.25,36.1,4.25,52.6,12.75,44.1,21.25,35.6,29.75,8,40.6,6.48074069840786
6801200202,68012002,57056,2,22,rail_leg,15:30,930,-75.1480260525691,39.9820906148628,-75.1480260525691,39.9820906148628,42101,42101,off_peak,FALSE,45,7.308481,restore,20251105,8.73333333333333,-29.75,8.23333333333333,-21.25,7.73333333333333,-12.75,7.23333333333333,-4.25,6.73333333333333,4.25,6.23333333333333,12.75,5.73333333333333,21.25,5.23333333333333,29.75,8,6.98333333333333,1.22474487139159
6819100107,68191001,57262,7,22,rail_leg,20:15,1215,-75.1928742171467,39.9459041130135,-75.1928742171467,39.9459041130135,42101,42101,off_peak,FALSE,10,7.061755,restore,20251105,19.75,-29.75,11.25,-21.25,12.3666666666667,-12.75,15.8666666666667,-4.25,19.3666666666667,4.25,10.8666666666667,12.75,14.3666666666667,21.25,19.8666666666667,29.75,8,15.4625,3.83288558461662
6836580102,68365801,57462,2,22,rail_leg,16:36,996,-75.214650332805,40.1349579453564,-75.1588750233838,39.9528401835985,42091,42101,pm_peak,TRUE,,39.62973,restore,20251105,83.2333333333333,-29.75,74.7333333333333,-21.25,101.05,-12.75,63.55,-4.25,55.05,4.25,46.55,12.75,67.05,21.25,58.55,29.75,8,68.7208333333333,17.3343194545497
6852380101,68523801,57695,1,22,rail_leg,7:00,420,-75.4467598878094,40.0656220418655,-75.1834073455283,39.9599979498596,42029,42101,am_peak,TRUE,60,67.611639,restore,20251105,99.1666666666667,-29.75,90.6666666666667,-21.25,98.25,-12.75,89.75,-4.25,81.25,4.25,72.75,12.75,93.4333333333333,21.25,114.166666666667,29.75,8,92.4291666666667,12.3943015260022
6852380102,68523801,57696,2,22,rail_leg,18:00,1080,-75.1834073455283,39.9599979498596,-75.4467598878094,40.0656220418655,42101,42029,pm_peak,TRUE,60,66.534005,restore,20251105,100.4,-29.75,91.9,-21.25,83.4,-12.75,94.85,-4.25,86.35,4.25,90.9,12.75,82.4,21.25,127.9,29.75,8,94.7625,14.6663061373437
6857720102,68577201,57808,2,22,rail_leg,9:17,557,-75.7140748628777,40.0039525762867,-75.1834073455283,39.9599979498596,42029,42101,am_peak,TRUE,58,55.43613,restore,20251105,125.25,-29.75,116.75,-21.25,108.25,-12.75,99.75,-4.25,91.25,4.25,82.75,12.75,,21.25,,29.75,6,104,15.9020438937893
6857720104,68577201,57808,4,22,rail_leg,11:41,701,-75.1957094473416,39.9494354858208,-75.4829079089365,40.0451966969818,42101,42029,off_peak,FALSE,110,61.274082,restore,20251105,96.3166666666667,-29.75,87.8166666666667,-21.25,79.3166666666667,-12.75,70.8166666666667,-4.25,122.316666666667,4.25,113.816666666667,12.75,105.316666666667,21.25,96.8166666666667,29.75,8,96.5666666666667,17.2150266586242
6875310202,68753102,57943,2,22,rail_leg,8:15,495,-75.1531176077862,40.0998645962702,-75.1634808483634,39.9480403151119,42091,42101,am_peak,TRUE,35,41.293662,restore,20251105,45.8,-29.75,52.3,-21.25,43.8,-12.75,54.3,-4.25,45.8,4.25,40.3,12.75,54.8,21.25,46.3,29.75,8,47.925,5.26273964503552
6875310204,68753102,57944,4,22,rail_leg,17:28,1048,-75.1588750233838,39.9528401835985,-75.1470888942105,40.1018399351912,42101,42091,pm_peak,TRUE,19,36.475526,restore,20251105,38.85,-29.75,40.35,-21.25,48.6666666666667,-12.75,40.1666666666667,-4.25,39.85,4.25,51.35,12.75,42.85,21.25,49.35,29.75,8,43.9291666666667,5.0351207012534
6884110204,68841102,58028,4,22,rail_leg,16:00,960,-75.1834073455283,39.9599979498596,-74.8185831765262,40.1380262186048,42101,42017,pm_peak,TRUE,40,47.195471,restore,20251105,63.4166666666667,-29.75,54.9166666666667,-21.25,79.4166666666667,-12.75,70.9166666666667,-4.25,62.4166666666667,4.25,53.9166666666667,12.75,69.4166666666667,21.25,60.9166666666667,29.75,8,64.4166666666667,8.53563956930838
6891060202,68910602,58114,2,22,rail_leg,7:43,463,-75.1947508247048,40.0550864009275,-75.1834073455283,39.9599979498596,42101,42101,am_peak,TRUE,27,33.908461,restore,20251105,53.25,-29.75,44.75,-21.25,60,-12.75,56.75,-4.25,49.25,4.25,40.75,12.75,60.25,21.25,65.5,29.75,8,53.8125,8.44176479518015
6891060209,68910602,58119,9,22,rail_leg,16:22,982,-75.1834073455283,39.9599979498596,-75.1947508247048,40.0550864009275,42101,42101,pm_peak,TRUE,26,33.477091,restore,20251105,39.1166666666667,-29.75,76.8333333333333,-21.25,68.3333333333333,-12.75,68.6833333333333,-4.25,65.1166666666667,4.25,56.6166666666667,12.75,48.1166666666667,21.25,39.6166666666667,29.75,8,57.8041666666667,14.2431290870537
6894060101,68940601,58139,1,22,rail_leg,11:45,705,-74.8075608346683,40.1381467300113,-75.1580149724927,39.9493530835764,42017,42101,off_peak,FALSE,60,62.078286,restore,20251105,,-29.75,,-21.25,,-12.75,,-4.25,,4.25,,12.75,,21.25,,29.75,0,,
6901710202,69017102,58260,2,22,rail_leg,12:45,765,-75.3699826397027,39.9016921551522,-75.1928742171467,39.9459041130135,42045,42101,off_peak,FALSE,30,35.766667,restore,20251105,39.0666666666667,-29.75,90.5666666666667,-21.25,82.0666666666667,-12.75,,-4.25,65.0666666666667,4.25,56.5666666666667,12.75,48.0666666666667,21.25,39.5666666666667,29.75,7,60.1380952380952,20.2349297244241
6907450102,69074501,58352,2,22,rail_leg,7:01,421,-75.1962680244175,40.0724717157188,-75.1675355693758,39.9533981752196,42101,42101,am_peak,TRUE,44,37.599865,restore,20251105,,-29.75,57.2166666666667,-21.25,48.7166666666667,-12.75,40.2166666666667,-4.25,54.2833333333333,4.25,49.2166666666667,12.75,40.7166666666667,21.25,,29.75,6,48.3944444444445,6.91541488003164
6907450105,69074501,58353,5,22,rail_leg,16:25,985,-75.1648345113326,39.9541020155151,-75.1962680244175,40.0724717157188,42101,42101,pm_peak,TRUE,27,35.217062,restore,20251105,48.4,-29.75,69.5,-21.25,61,-12.75,62.5,-4.25,64,4.25,56.9,12.75,48.4,21.25,58.5,29.75,8,58.65,7.36691445392361
6907450302,69074503,58364,2,22,rail_leg,7:03,423,-75.1962680244175,40.0724717157188,-75.1648345113326,39.9541020155151,42101,42101,am_peak,TRUE,42,37.539304,restore,20251105,66.8666666666667,-29.75,58.3666666666667,-21.25,49.8666666666667,-12.75,41.3666666666667,-4.25,50.3666666666667,4.25,50.3666666666667,12.75,41.8666666666667,21.25,,29.75,7,51.2952380952381,8.97881103593608
6907450304,69074503,58364,4,14,feeder_leg,15:19,919,-75.1665214095376,39.9615526212186,-75.1669894744938,39.9484799410289,42101,42101,off_peak,FALSE,21,15.003562,restore,20251105,14.8166666666667,-29.75,20.55,-21.25,15.8166666666667,-12.75,22.3166666666667,-4.25,13.8166666666667,4.25,14.55,12.75,14.8166666666667,21.25,21.3166666666667,29.75,8,17.25,3.50659243086368
6907450306,69074503,58366,6,22,rail_leg,16:25,985,-75.1648345113326,39.9541020155151,-75.1962680244175,40.0724717157188,42101,42101,pm_peak,TRUE,27,35.217062,restore,20251105,48.4,-29.75,69.5,-21.25,61,-12.75,62.5,-4.25,64,4.25,56.9,12.75,48.4,21.25,58.5,29.75,8,58.65,7.36691445392361
6910820202,69108202,58422,2,22,rail_leg,9:04,544,-75.3967642023521,39.912580844843,-75.4107809447383,39.9415769413706,42045,42045,am_peak,TRUE,21,40.065963,restore,20251105,,-29.75,,-21.25,,-12.75,,-4.25,,4.25,,12.75,,21.25,,29.75,0,,
6947110103,69471101,58861,3,22,rail_leg,6:56,416,-75.3979310507909,39.9479406215178,-75.1688920883156,39.9546117755859,42045,42101,am_peak,TRUE,52,77.283789,restore,20251105,77.3666666666667,-29.75,68.8666666666667,-21.25,74.7833333333333,-12.75,66.2833333333333,-4.25,78.7833333333333,4.25,70.2833333333333,12.75,61.7833333333333,21.25,,29.75,7,71.1642857142857,6.15762421546135
6954690204,69546902,58961,4,22,rail_leg,8:46,526,-75.1947508247048,40.0550864009275,-75.1834073455283,39.9599979498596,42101,42101,am_peak,TRUE,24,33.908461,restore,20251105,62,-29.75,70.75,-21.25,63.25,-12.75,54.75,-4.25,46.25,4.25,66.75,12.75,71,21.25,62.5,29.75,8,62.15625,8.30118053136334
6954690205,69546902,58961,5,23,feeder_leg,9:15,555,-75.1834073455283,39.9599979498596,-75.1965975232029,39.9477559566907,42101,42101,am_peak,TRUE,5,16.523793,restore,20251105,23.2833333333333,-29.75,21.0666666666667,-21.25,22.65,-12.75,23.7833333333333,-4.25,21.5666666666667,4.25,26.0666666666667,12.75,22.3166666666667,21.25,26.0666666666667,29.75,8,23.35,1.88620724677268
6954690207,69546902,58962,7,22,rail_leg,18:52,1132,-75.1834073455283,39.9599979498596,-75.1947508247048,40.0550864009275,42101,42101,pm_peak,TRUE,24,33.477091,restore,20251105,62.0833333333333,-29.75,60.0833333333333,-21.25,52.1166666666667,-12.75,43.6166666666667,-4.25,71.0833333333333,4.25,62.5833333333333,12.75,65.0833333333333,21.25,56.5833333333333,29.75,8,59.1541666666667,8.4194679449589
6957850301,69578503,58997,1,22,rail_leg,7:20,440,-75.1944243101308,40.0409483586041,-75.1612826317197,39.9532127364358,42101,42101,am_peak,TRUE,90,34.876374,restore,20251105,49.4166666666667,-29.75,40.9166666666667,-21.25,53.4166666666667,-12.75,44.9166666666667,-4.25,36.4166666666667,4.25,51.9166666666667,12.75,43.4166666666667,21.25,49.9166666666667,29.75,8,46.2916666666667,5.87822859614794
6957850302,69578503,58998,2,22,rail_leg,16:00,960,-75.1612826317197,39.9532127364358,-75.1944243101308,40.0409483586041,42101,42101,pm_peak,TRUE,60,35.063539,restore,20251105,45,-29.75,36.5,-21.25,42.5166666666667,-12.75,39.5,-4.25,46.7166666666667,4.25,60.2166666666667,12.75,51.7166666666667,21.25,45.5,29.75,8,45.9583333333333,7.37928783073874
6975010102,69750101,59161,2,22,rail_leg,7:00,420,-75.4829079089365,40.0451966969818,-75.1638872349499,39.9525548857932,42029,42101,am_peak,TRUE,50,44.929181,restore,20251105,63.6833333333333,-29.75,71.1833333333333,-21.25,62.6833333333333,-12.75,54.1833333333333,-4.25,77.7,4.25,69.2,12.75,60.7,21.25,60.1833333333333,29.75,8,64.9395833333333,7.39619130589071
6975010104,69750101,59162,4,22,rail_leg,16:11,971,-75.1648345113326,39.9541020155151,-75.4829079089365,40.0451966969818,42101,42029,pm_peak,TRUE,44,46.19259,restore,20251105,88.3166666666667,-29.75,79.8166666666667,-21.25,71.3166666666667,-12.75,80.8166666666667,-4.25,72.3166666666667,4.25,63.8166666666667,12.75,80.3166666666667,21.25,71.8166666666667,29.75,8,76.0666666666667,7.64852927038918
6979160103,69791601,59190,3,22,rail_leg,8:29,509,-75.1834073455283,39.9599979498596,-75.1675355693758,39.9533981752196,42101,42101,am_peak,TRUE,5,11.860967,restore,20251105,18.5166666666667,-29.75,14.0833333333333,-21.25,12.7166666666667,-12.75,17.6666666666667,-4.25,10.7166666666667,4.25,16.0833333333333,12.75,22.4333333333333,21.25,13.9333333333333,29.75,8,15.76875,3.7170823758546
6979160106,69791601,59191,6,22,rail_leg,17:20,1040,-75.1648345113326,39.9541020155151,-75.1834073455283,39.9599979498596,42101,42101,pm_peak,TRUE,4,13.250399,restore,20251105,15.25,-29.75,15.75,-21.25,19.25,-12.75,19.6666666666667,-4.25,20.25,4.25,19.8166666666667,12.75,19.3166666666667,21.25,15.75,29.75,8,18.13125,2.13763401139359
6994350202,69943502,59400,2,22,rail_leg,7:41,461,-75.3686666885444,40.0437004752317,-75.1834073455283,39.9599979498596,42045,42101,am_peak,TRUE,39,30.438211,restore,20251105,57.25,-29.75,48.75,-21.25,50.25,-12.75,41.75,-4.25,63.25,4.25,54.75,12.75,46.25,21.25,64.6333333333334,29.75,8,53.3604166666667,8.09084794298521
6994350205,69943502,59401,5,22,rail_leg,17:17,1037,-75.1705068930163,39.9509065904554,-75.1705068930163,39.9509065904554,42101,42101,pm_peak,TRUE,35,3.905556,restore,20251105,6.4,-29.75,6.9,-21.25,7.18333333333333,-12.75,6.25,-4.25,8.43333333333333,4.25,5.25,12.75,9.51666666666667,21.25,5.93333333333333,29.75,8,6.98333333333333,1.39141357835539
7043820104,70438201,60018,4,22,rail_leg,17:13,1033,-75.1834073455283,39.9599979498596,-75.6421532507658,40.0027021296687,42101,42029,pm_peak,TRUE,42,67.334872,restore,20251105,,-29.75,,-21.25,,-12.75,,-4.25,,4.25,,12.75,,21.25,,29.75,0,,
7082240102,70822401,60475,2,22,rail_leg,5:02,302,-75.7140748628777,40.0039525762867,-75.1840170635385,39.9534784074457,42029,42101,off_peak,FALSE,62,61.792453,restore,20251105,83.4,-29.75,,-21.25,102.4,-12.75,93.9,-4.25,85.4,4.25,,12.75,,21.25,133.9,29.75,5,99.8,20.4981706500849
7082240106,70822401,60477,6,22,rail_leg,16:39,999,-75.1588750233838,39.9528401835985,-75.7140748628777,40.0039525762867,42101,42029,pm_peak,TRUE,86,67.101232,restore,20251105,99.3333333333333,-29.75,90.8333333333333,-21.25,82.3333333333333,-12.75,98.8333333333333,-4.25,90.3333333333333,4.25,81.8333333333333,12.75,73.3333333333333,21.25,90.8333333333333,29.75,8,88.4583333333333,8.87110075308744
7108500201,71085002,60864,1,22,rail_leg,16:00,960,-75.2553953178008,39.8878418476806,-75.2404391377901,39.9919120806968,42101,42101,pm_peak,TRUE,60,72.944618,restore,20251105,77.8166666666667,-29.75,77.3166666666667,-21.25,68.8166666666667,-12.75,87.6333333333333,-4.25,79.1333333333333,4.25,79.75,12.75,76.6833333333333,21.25,82.75,29.75,8,78.7375,5.37091483738815
7161730101,71617301,61513,1,22,rail_leg,7:50,470,-75.1470888942105,40.1018399351912,-75.1517226930339,39.9485721389241,42091,42101,am_peak,TRUE,45,46.502543,restore,20251105,49.15,-29.75,61.2166666666667,-21.25,52.7166666666667,-12.75,59.65,-4.25,51.15,4.25,60.65,12.75,52.15,21.25,47.2666666666667,29.75,8,54.24375,5.47464529183659
7161730102,71617301,61514,2,22,rail_leg,16:55,1015,-75.1517226930339,39.9485721389241,-75.1470888942105,40.1018399351912,42101,42091,pm_peak,TRUE,40,50.030924,restore,20251105,44.85,-29.75,51.35,-21.25,42.85,-12.75,46.35,-4.25,64.6666666666667,4.25,56.1666666666667,12.75,55.85,21.25,67.35,29.75,8,53.6791666666667,9.04657591104423
7190730301,71907303,61985,1,22,rail_leg,13:00,780,-74.9690074890698,40.0997091732993,-75.1659426772114,39.9531940428398,42101,42101,off_peak,FALSE,,67.459096,restore,20251105,74.1,-29.75,83.6,-21.25,75.1,-12.75,78.6,-4.25,70.1,4.25,79.6,12.75,83.1,21.25,74.6,29.75,8,77.35,4.69802390068724
7226600203,72266002,62420,3,22,rail_leg,16:46,1006,-75.1648345113326,39.9541020155151,-75.214650332805,40.1349579453564,42101,42091,pm_peak,TRUE,0,40.629544,restore,20251105,55.4833333333333,-29.75,46.9833333333333,-21.25,54.4833333333333,-12.75,45.9833333333333,-4.25,49.4833333333333,4.25,40.9833333333333,12.75,42.4833333333333,21.25,78.9833333333333,29.75,8,51.8583333333333,12.1059312499523
7229350202,72293502,62468,2,22,rail_leg,8:06,486,-75.3130821241257,40.0233046462669,-75.1648345113326,39.9541020155151,42091,42101,am_peak,TRUE,24,30.524213,restore,20251105,44.8666666666667,-29.75,36.3666666666667,-21.25,55.8666666666667,-12.75,47.3666666666667,-4.25,38.8666666666667,4.25,58.1,12.75,54.8666666666667,21.25,46.3666666666667,29.75,8,47.8333333333333,7.95040180675725
7229350205,72293502,62470,5,22,rail_leg,19:15,1155,-75.1648345113326,39.9541020155151,-75.3490077338315,40.0452635767863,42101,42045,off_peak,FALSE,30,37.462376,restore,20251105,69.35,-29.75,60.85,-21.25,52.35,-12.75,63.85,-4.25,64.6333333333334,4.25,56.1333333333333,12.75,58.35,21.25,69.85,29.75,8,61.9208333333333,6.18912737137051
7235440101,72354401,62507,1,22,rail_leg,5:45,345,-75.0448298513145,40.0439492220356,-75.1608290378846,39.9512565309348,42101,42101,off_peak,FALSE,55,47.10863,restore,20251105,79.7,-29.75,79.2,-21.25,70.7,-12.75,62.2,-4.25,53.7,4.25,70.2,12.75,61.7,21.25,71.2,29.75,8,68.575,8.94327360965451
7235440102,72354401,62508,2,22,rail_leg,16:00,960,-75.1608290378846,39.9512565309348,-75.0448298513145,40.0439492220356,42101,42101,pm_peak,TRUE,55,46.03887,restore,20251105,50.9,-29.75,54.5833333333333,-21.25,57.0833333333333,-12.75,57.6333333333333,-4.25,53.0833333333333,4.25,53.6166666666667,12.75,59.0833333333333,21.25,50.5833333333333,29.75,8,54.5708333333333,3.12941434249032
7244310104,72443101,62594,4,22,rail_leg,17:30,1050,-75.1834073455283,39.9599979498596,-75.4829079089365,40.0451966969818,42101,42029,pm_peak,TRUE,25,41.745172,restore,20251105,52.3166666666667,-29.75,69.8166666666667,-21.25,61.3166666666667,-12.75,52.8166666666667,-4.25,64.3166666666667,4.25,70.8166666666667,12.75,62.3166666666667,21.25,78.8166666666667,29.75,8,64.0666666666667,9.03564370384629
7269360102,72693601,62925,2,22,rail_leg,6:15,375,-75.0970591119887,40.1962393455377,-75.1588750233838,39.9528401835985,42017,42101,am_peak,TRUE,44,51.930585,restore,20251105,78.05,-29.75,69.55,-21.25,79.05,-12.75,70.55,-4.25,98.05,4.25,89.55,12.75,81.05,21.25,72.55,29.75,8,79.8,9.83070990024918
7269360105,72693601,62926,5,22,rail_leg,15:41,941,-75.1580149724927,39.9493530835764,-75.1580149724927,39.9493530835764,42101,42101,off_peak,FALSE,44,4.158333,restore,20251105,9.83333333333333,-29.75,7.68333333333333,-21.25,9.18333333333333,-12.75,6.68333333333333,-4.25,9.08333333333333,4.25,5.68333333333333,12.75,8.83333333333333,21.25,5.6,29.75,8,7.82291666666667,1.66215908307849
7287700102,72877001,63166,2,22,rail_leg,10:25,625,-75.6421532507658,40.0027021296687,-75.1588750233838,39.9528401835985,42029,42101,off_peak,FALSE,60,82.08799,restore,20251105,,-29.75,,-21.25,,-12.75,,-4.25,,4.25,,12.75,,21.25,,29.75,0,,
7296440109,72964401,63296,9,22,rail_leg,17:47,1067,-75.4245283894686,39.9086253629038,-75.1648345113326,39.9541020155151,42045,42101,pm_peak,TRUE,38,65.560865,restore,20251105,65.6,-29.75,87.1,-21.25,78.6,-12.75,70.1,-4.25,61.6,4.25,77.1,12.75,68.6,21.25,82.1,29.75,8,73.85,8.75459063251144
7296440110,72964401,63296,10,14,feeder_leg,18:38,1118,-75.1648345113326,39.9541020155151,-75.2070232144824,39.990493481725,42101,42101,pm_peak,TRUE,32,31.829861,restore,20251105,,-29.75,,-21.25,,-12.75,,-4.25,,4.25,,12.75,,21.25,,29.75,0,,
7296440111,72964401,63296,11,14,feeder_leg,22:55,1375,-75.2070232144824,39.990493481725,-75.1648345113326,39.9541020155151,42101,42101,off_peak,FALSE,49,33.050632,restore,20251105,,-29.75,,-21.25,,-12.75,,-4.25,,4.25,,12.75,,21.25,,29.75,0,,
7296440112,72964401,63297,12,22,rail_leg,23:50,1430,-75.1648345113326,39.9541020155151,-75.4245283894686,39.9086253629038,42101,42045,off_peak,FALSE,0,59.742459,restore,20251105,,-29.75,,-21.25,,-12.75,,-4.25,,4.25,,12.75,,21.25,,29.75,0,,
7299090202,72990902,63325,2,22,rail_leg,7:18,438,-74.957545923727,40.0684501210394,-75.1834073455283,39.9599979498596,42017,42101,am_peak,TRUE,26,38.735579,restore,20251105,72.25,-29.75,63.75,-21.25,55.25,-12.75,46.75,-4.25,64.25,4.25,55.75,12.75,67.25,21.25,58.75,29.75,8,60.5,8.02229037477096
7299090203,72990902,63325,3,22,rail_leg,8:13,493,-75.1834073455283,39.9599979498596,-75.4146997575914,39.8197080832525,42101,42045,am_peak,TRUE,32,40.400425,restore,20251105,97.1666666666667,-29.75,88.6666666666667,-21.25,89.2666666666667,-12.75,80.7666666666667,-4.25,72.2666666666667,4.25,63.7666666666667,12.75,55.2666666666667,21.25,97.6666666666667,29.75,8,80.6041666666667,15.5862519548479
7299660202,72996602,63334,2,22,rail_leg,7:59,479,-75.3285784262649,39.9077335323186,-75.1928742171467,39.9459041130135,42045,42101,am_peak,TRUE,16,26.129684,restore,20251105,45.0666666666667,-29.75,36.5666666666667,-21.25,28.0666666666667,-12.75,42.5666666666667,-4.25,34.0666666666667,4.25,42.5666666666667,12.75,34.0666666666667,21.25,,29.75,7,37.5666666666667,6.08276253029822
7299660205,72996602,63335,5,22,rail_leg,17:29,1049,-75.1941152941134,39.9546263068532,-75.1941152941134,39.9546263068532,42101,42101,pm_peak,TRUE,16,5.618508,restore,20251105,7.03333333333333,-29.75,9.16666666666667,-21.25,8.66666666666667,-12.75,5.53333333333333,-4.25,7.66666666666667,4.25,7.16666666666667,12.75,6.66666666666667,21.25,6.16666666666667,29.75,8,7.25833333333333,1.21704169040772
7310440102,73104401,63488,2,22,rail_leg,8:15,495,-75.2844606971503,39.9242462649883,-75.1648345113326,39.9541020155151,42045,42101,am_peak,TRUE,30,29.305703,restore,20251105,55.6,-29.75,49.3666666666667,-21.25,40.8666666666667,-12.75,49.3666666666667,-4.25,40.8666666666667,4.25,55.1,12.75,64.6,21.25,56.1,29.75,8,51.4833333333333,8.08681073950095
7310440105,73104401,63489,5,22,rail_leg,18:20,1100,-75.1648345113326,39.9541020155151,-75.2844606971503,39.9242462649883,42101,42045,pm_peak,TRUE,20,24.444153,restore,20251105,38.9666666666667,-29.75,58.4666666666667,-21.25,49.9666666666667,-12.75,41.4666666666667,-4.25,64.9666666666667,4.25,56.4666666666667,12.75,47.9666666666667,21.25,39.4666666666667,29.75,8,49.7166666666667,9.61026237192007
7364940102,73649401,64024,2,22,rail_leg,6:13,373,-75.4829079089365,40.0451966969818,-75.1588750233838,39.9528401835985,42029,42101,am_peak,TRUE,47,47.095751,restore,20251105,113.05,-29.75,104.55,-21.25,96.05,-12.75,87.55,-4.25,79.05,4.25,70.55,12.75,76.05,21.25,67.55,29.75,8,86.8,16.4772570532841
7364940105,73649401,64025,5,22,rail_leg,16:06,966,-75.1540803782248,39.9488624668665,-75.1537481432666,39.9503794767793,42101,42101,pm_peak,TRUE,44,3.883333,restore,20251105,9.31666666666667,-29.75,9.41666666666667,-21.25,8.31666666666667,-12.75,10.3666666666667,-4.25,8.28333333333333,4.25,7.63333333333333,12.75,7.15,21.25,7.85,29.75,8,8.54166666666667,1.07267652189974
7405870102,74058701,64425,2,22,rail_leg,7:35,455,-75.1531176077862,40.0998645962702,-75.1588750233838,39.9528401835985,42091,42101,am_peak,TRUE,27,30.091828,restore,20251105,52.05,-29.75,43.55,-21.25,39.05,-12.75,30.55,-4.25,42.05,4.25,33.55,12.75,40.05,21.25,31.55,29.75,8,39.05,7.15142343473361
7405870106,74058701,64427,6,22,rail_leg,18:22,1102,-75.1648345113326,39.9541020155151,-75.1638872349499,39.9525548857932,42101,42101,pm_peak,TRUE,23,4.716667,restore,20251105,13.2666666666667,-29.75,6.35,-21.25,10.5666666666667,-12.75,6.1,-4.25,11.7166666666667,4.25,6.1,12.75,12.3666666666667,21.25,8.35,29.75,8,9.35208333333333,2.9915812761391
7408990103,74089901,64449,3,22,rail_leg,8:30,510,-74.8185831765262,40.1380262186048,-75.1688920883156,39.9546117755859,42017,42101,am_peak,TRUE,0,54.219382,restore,20251105,77.7833333333333,-29.75,69.2833333333333,-21.25,60.7833333333333,-12.75,87.2833333333333,-4.25,78.7833333333333,4.25,70.2833333333333,12.75,61.7833333333333,21.25,53.2833333333333,29.75,8,69.9083333333333,11.1411399775786
7480490101,74804901,65114,1,22,rail_leg,8:00,480,-75.2134952610851,40.0930385375482,-75.1677276497158,39.9525760413027,42091,42101,am_peak,TRUE,55,61.598196,restore,20251105,67.1333333333334,-29.75,58.6333333333333,-21.25,50.1333333333333,-12.75,73.7666666666667,-4.25,65.2666666666667,4.25,73.6333333333333,12.75,65.1333333333334,21.25,56.6333333333333,29.75,8,63.7916666666667,8.24535944522447
7480490102,74804901,65115,2,22,rail_leg,17:01,1021,-75.1677276497158,39.9525760413027,-75.2134952610851,40.0930385375482,42101,42091,pm_peak,TRUE,64,56.201032,restore,20251105,69.1,-29.75,60.6,-21.25,60.7166666666667,-12.75,72.2166666666667,-4.25,63.7166666666667,4.25,75.2166666666667,12.75,66.7166666666667,21.25,63.7,29.75,8,66.4979166666667,5.33601448604088
9021800102,90218001,65289,2,22,rail_leg,7:08,428,-75.4233197162045,40.0419674851349,-75.1470807570054,39.9513767444736,42029,42101,am_peak,TRUE,52,51.814384,restore,20251105,77.75,-29.75,69.25,-21.25,60.75,-12.75,82.25,-4.25,73.75,4.25,65.25,12.75,68.75,21.25,60.25,29.75,8,69.75,7.82851929075443
9021800104,90218001,65290,4,22,rail_leg,15:10,910,-75.1588750233838,39.9528401835985,-75.4233197162045,40.0419674851349,42101,42029,off_peak,FALSE,37,46.200738,restore,20251105,64.2833333333333,-29.75,83.7833333333333,-21.25,75.2833333333333,-12.75,66.7833333333333,-4.25,82.2833333333333,4.25,73.7833333333333,12.75,65.2833333333333,21.25,85.7833333333333,29.75,8,74.6583333333333,8.65097021809032
10002050101,100020501,65297,1,22,rail_leg,6:23,383,-75.2089552381808,40.2894315326318,-75.1580149724927,39.9493530835764,42017,42101,am_peak,TRUE,61,83.998245,restore,20251105,102.45,-29.75,93.95,-21.25,85.45,-12.75,89.95,-4.25,81.45,4.25,72.95,12.75,92.45,21.25,83.95,29.75,8,87.825,8.94327360965451
10002050102,100020501,65298,2,22,rail_leg,16:45,1005,-75.1580149724927,39.9493530835764,-75.2089552381808,40.2894315326318,42101,42017,pm_peak,TRUE,75,74.731491,restore,20251105,105.933333333333,-29.75,97.4333333333333,-21.25,88.9333333333333,-12.75,80.4333333333334,-4.25,71.9333333333333,4.25,87.4333333333333,12.75,78.9333333333333,21.25,114.433333333333,29.75,8,90.6833333333333,14.3949395870315
10163010102,101630101,66021,2,22,rail_leg,15:54,954,-75.269943076881,39.9356820759347,-75.1588750233838,39.9528401835985,42045,42101,off_peak,FALSE,27,33.285004,restore,20251105,39.05,-29.75,30.55,-21.25,48.2333333333333,-12.75,51.7333333333333,-4.25,43.2333333333333,4.25,39.55,12.75,31.05,21.25,39.55,29.75,8,40.36875,7.42137858615552
10231310102,102313101,66204,2,22,rail_leg,7:48,468,-75.1648345113326,39.9541020155151,-75.274466211559,40.2111841677703,42101,42091,am_peak,TRUE,48,58.23792,restore,20251105,109.366666666667,-29.75,100.866666666667,-21.25,92.3666666666667,-12.75,83.8666666666667,-4.25,75.3666666666667,4.25,66.8666666666667,12.75,102.366666666667,21.25,93.8666666666667,29.75,8,90.6166666666667,14.3949395870315
10297340102,102973401,66459,2,22,rail_leg,7:05,425,-75.3967642023521,39.912580844843,-75.1847348588828,39.9565152107181,42045,42101,am_peak,TRUE,31,37.076368,restore,20251105,67.05,-29.75,58.55,-21.25,50.05,-12.75,56.55,-4.25,48.05,4.25,58.55,12.75,50.05,21.25,64.55,29.75,8,56.675,6.95778084490409
10297340105,102973401,66460,5,22,rail_leg,17:09,1029,-75.1847348588828,39.9565152107181,-75.1847348588828,39.9565152107181,42101,42101,pm_peak,TRUE,32,7.661414,restore,20251105,15.5833333333333,-29.75,10.7333333333333,-21.25,15.85,-12.75,8.73333333333333,-4.25,11.5833333333333,4.25,14.5333333333333,12.75,7.31666666666667,21.25,15.0333333333333,29.75,8,12.4208333333333,3.30038177204848
10358740202,103587402,66612,2,22,rail_leg,7:59,479,-75.3285784262649,39.9077335323186,-75.1648345113326,39.9541020155151,42045,42101,am_peak,TRUE,24,31.685991,restore,20251105,51.8666666666667,-29.75,43.3666666666667,-21.25,34.8666666666667,-12.75,48.3666666666667,-4.25,39.8666666666667,4.25,48.3666666666667,12.75,39.8666666666667,21.25,,29.75,7,43.7952380952381,6.02376246923086
10358740205,103587402,66613,5,22,rail_leg,14:51,891,-75.1648345113326,39.9541020155151,-75.3285784262649,39.9077335323186,42101,42045,off_peak,FALSE,36,33.166667,restore,20251105,65.2,-29.75,56.7,-21.25,48.2,-12.75,39.7,-4.25,62.2,4.25,53.7,12.75,45.2,21.25,36.7,29.75,8,50.95,10.285218242007
10548670102,105486701,67155,2,22,rail_leg,8:40,520,-75.0826616926931,40.0770283629367,-75.1648345113326,39.9541020155151,42101,42101,am_peak,TRUE,0,39.079056,restore,20251105,45.8666666666667,-29.75,37.3666666666667,-21.25,60.8666666666667,-12.75,52.3666666666667,-4.25,43.8666666666667,4.25,35.3666666666667,12.75,56.8666666666667,21.25,48.3666666666667,29.75,8,47.6166666666667,8.9162772500635
10548670105,105486701,67157,5,22,rail_leg,18:19,1099,-75.1648345113326,39.9541020155151,-75.1147737014025,40.1051323921927,42101,42091,pm_peak,TRUE,0,33.230875,restore,20251105,66.4333333333333,-29.75,60.5,-21.25,52,-12.75,43.5,-4.25,83,4.25,74.9333333333333,12.75,78,21.25,69.5,29.75,8,65.9833333333333,13.4043702894669
10767710304,107677103,67852,4,22,rail_leg,8:55,535,-75.1588750233838,39.9528401835985,-75.214650332805,40.1349579453564,42101,42091,am_peak,TRUE,30,40.717582,restore,20251105,71.4833333333333,-29.75,62.9833333333333,-21.25,54.4833333333333,-12.75,45.9833333333333,-4.25,37.4833333333333,4.25,49.9833333333333,12.75,41.4833333333333,21.25,81.5833333333333,29.75,8,55.6833333333333,15.2813611959145
10767710306,107677103,67852,6,14,feeder_leg,9:27,567,-75.214650332805,40.1349579453564,-75.1889970534327,40.1395442243909,42091,42091,am_peak,TRUE,3,19.477069,restore,20251105,63.5833333333333,-29.75,55.0833333333333,-21.25,46.5833333333333,-12.75,38.0833333333333,-4.25,29.5833333333333,4.25,21.0833333333333,12.75,72.5833333333333,21.25,64.0833333333333,29.75,8,48.8333333333333,18.1835875762419
10767710309,107677103,67853,9,14,feeder_leg,17:49,1069,-75.1889970534327,40.1395442243909,-75.214650332805,40.1349579453564,42091,42091,pm_peak,TRUE,10,19.683333,restore,20251105,31,-29.75,22.5,-21.25,74,-12.75,65.5,-4.25,,4.25,,12.75,40,21.25,31.5,29.75,6,44.0833333333333,20.8120558010656
10767710311,107677103,67853,11,22,rail_leg,19:00,1140,-75.214650332805,40.1349579453564,-75.1834073455283,39.9599979498596,42091,42101,off_peak,FALSE,12,49.168724,restore,20251105,75.25,-29.75,66.75,-21.25,58.25,-12.75,99.75,-4.25,91.25,4.25,142.5,12.75,134,21.25,75.75,29.75,8,92.9375,30.912535021065
10855270201,108552702,68162,1,22,rail_leg,7:04,424,-75.5545540103949,40.004757965586,-75.1608290378846,39.9512565309348,42029,42101,am_peak,TRUE,51,,restore,20251105,,-29.75,,-21.25,,-12.75,,-4.25,,4.25,,12.75,,21.25,,29.75,0,,
10957640101,109576401,68421,1,22,rail_leg,7:10,430,-75.1774882627443,40.0265904743566,-75.202230610969,39.9458213862922,42101,42101,am_peak,TRUE,45,36.641515,restore,20251105,59.75,-29.75,57.25,-21.25,51.75,-12.75,43.25,-4.25,61.75,4.25,53.25,12.75,47.75,21.25,55.25,29.75,8,53.75,6.15281584781658
10957640102,109576401,68422,2,22,rail_leg,16:00,960,-75.202230610969,39.9458213862922,-75.1774882627443,40.0265904743566,42101,42101,pm_peak,TRUE,70,34.766218,restore,20251105,53.7,-29.75,45.2,-21.25,66.3666666666667,-12.75,65.0666666666667,-4.25,63.9666666666667,4.25,60.8666666666667,12.75,62.7,21.25,54.2,29.75,8,59.0083333333333,7.31421208420281
11034830302,110348303,68755,2,22,rail_leg,6:47,407,-75.0970591119887,40.1962393455377,-75.1648345113326,39.9541020155151,42017,42101,am_peak,TRUE,51,58.276474,restore,20251105,106.466666666667,-29.75,97.9666666666667,-21.25,89.4666666666667,-12.75,80.9666666666667,-4.25,94.8666666666667,4.25,86.3666666666667,12.75,77.8666666666667,21.25,106.966666666667,29.75,8,92.6166666666667,10.9132946446066
11065170302,110651703,68841,2,14,feeder_leg,6:56,416,-75.2657692657726,39.9241817714539,-75.269943076881,39.9356820759347,42045,42045,am_peak,TRUE,4,12.296367,restore,20251105,21.9833333333333,-29.75,13.4833333333333,-21.25,8.76666666666667,-12.75,11.5166666666667,-4.25,17.9833333333333,4.25,9.48333333333333,12.75,7.76666666666667,21.25,7.51666666666667,29.75,8,12.3125,5.23626510236277
11065170303,110651703,68841,3,22,rail_leg,7:05,425,-75.269943076881,39.9356820759347,-75.1834073455283,39.9599979498596,42045,42101,am_peak,TRUE,13,22.007047,restore,20251105,47.25,-29.75,38.75,-21.25,30.25,-12.75,43.75,-4.25,35.25,4.25,41.75,12.75,33.25,21.25,58.6333333333333,29.75,8,41.1104166666667,9.03781270727304
11065170304,110651703,68841,4,22,rail_leg,7:29,449,-75.1834073455283,39.9599979498596,-75.3854291498663,40.0396308610676,42101,42045,am_peak,TRUE,32,47.344658,restore,20251105,54.1,-29.75,70.6,-21.25,62.1,-12.75,53.6,-4.25,68.1,4.25,59.6,12.75,64.1,21.25,55.6,29.75,8,60.975,6.40172967698128
11144220102,111442201,69108,2,22,rail_leg,6:55,415,-75.3460361638143,40.1143423687777,-75.1588750233838,39.9528401835985,42091,42101,am_peak,TRUE,44,45.380331,restore,20251105,58.2333333333333,-29.75,51.55,-21.25,59.2333333333333,-12.75,62.7333333333333,-4.25,56.05,4.25,63.7333333333333,12.75,67.2333333333333,21.25,58.7333333333333,29.75,8,59.6875,4.85896936945823
11144220105,111442201,69109,5,22,rail_leg,17:10,1030,-75.1588750233838,39.9528401835985,-75.1584725274299,39.950967187359,42101,42101,pm_peak,TRUE,44,5.25,restore,20251105,7.68333333333333,-29.75,8.18333333333333,-21.25,8.68333333333333,-12.75,8.01666666666667,-4.25,7.98333333333333,4.25,6.23333333333333,12.75,11.25,21.25,8.68333333333333,29.75,8,8.33958333333333,1.40557104420853
11146190201,111461902,69114,1,22,rail_leg,17:10,1030,-75.3010847747829,39.8935220159703,-75.1701604201666,39.9562259742499,42045,42101,pm_peak,TRUE,,34.111179,restore,20251105,40.1333333333333,-29.75,67.6333333333334,-21.25,59.1333333333333,-12.75,50.6333333333333,-4.25,42.1333333333333,4.25,57.6333333333333,12.75,49.1333333333333,21.25,40.6333333333333,29.75,8,50.8833333333333,9.96063681268852
11196660402,111966604,69270,2,22,rail_leg,17:00,1020,-75.1545851492175,39.9813757258968,-75.0899078827828,40.1754087918635,42101,42091,pm_peak,TRUE,50,58.299228,restore,20251105,,-29.75,,-21.25,,-12.75,,-4.25,,4.25,,12.75,,21.25,,29.75,0,,
11385120101,113851201,69857,1,22,rail_leg,7:00,420,-75.3105990244411,39.9111895443266,-75.1928742171467,39.9459041130135,42045,42101,am_peak,TRUE,30,31.896006,restore,20251105,48.0666666666667,-29.75,39.5666666666667,-21.25,53.0666666666667,-12.75,44.5666666666667,-4.25,51.0666666666667,4.25,42.5666666666667,12.75,34.0666666666667,21.25,44.5666666666667,29.75,8,44.6916666666667,6.16296542722275
11385120102,113851201,69858,2,22,rail_leg,16:30,990,-75.1928742171467,39.9459041130135,-75.3105990244411,39.9111895443266,42101,42045,pm_peak,TRUE,30,32.053478,restore,20251105,32.2333333333333,-29.75,42.7333333333333,-21.25,34.2333333333333,-12.75,42.7333333333333,-4.25,34.2333333333333,4.25,49.7333333333333,12.75,41.2333333333333,21.25,32.7333333333333,29.75,8,38.7333333333333,6.30192714288937
11430690102,114306901,69934,2,22,rail_leg,7:42,462,-75.3490077338315,40.0452635767863,-75.1691139313301,39.9535949564727,42045,42101,am_peak,TRUE,33,34.414253,restore,20251105,61.4,-29.75,64.9,-21.25,56.4,-12.75,65.9,-4.25,57.4,4.25,60.9,12.75,52.4,21.25,60.5,29.75,8,59.975,4.46118177808783
11430690202,114306902,69939,2,22,rail_leg,7:42,462,-75.3490077338315,40.0452635767863,-75.1648345113326,39.9541020155151,42045,42101,am_peak,TRUE,23,32.765745,restore,20251105,58.6,-29.75,62.1,-21.25,53.6,-12.75,63.1,-4.25,54.6,4.25,58.1,12.75,49.6,21.25,59.1,29.75,8,57.35,4.51188905638679
11470540102,114705401,70094,2,22,rail_leg,7:59,479,-75.2341467351472,39.9457946759268,-75.1957094473416,39.9494354858208,42101,42101,am_peak,TRUE,18,22.051421,restore,20251105,19.9333333333333,-29.75,22.9666666666667,-21.25,20.4666666666667,-12.75,17.9666666666667,-4.25,21.4666666666667,4.25,18.9666666666667,12.75,22.4666666666667,21.25,19.9666666666667,29.75,8,20.525,1.70114340632672
11472070101,114720701,70100,1,22,rail_leg,5:10,310,-75.0883325400662,40.3122285530705,-75.1692942790448,39.9527602328087,42017,42101,off_peak,FALSE,79,,restore,20251105,,-29.75,,-21.25,,-12.75,,-4.25,,4.25,,12.75,,21.25,,29.75,0,,
11472070102,114720701,70101,2,22,rail_leg,16:35,995,-75.1692942790448,39.9527602328087,-75.0883325400662,40.3122285530705,42101,42017,pm_peak,TRUE,85,,restore,20251105,,-29.75,,-21.25,,-12.75,,-4.25,,4.25,,12.75,,21.25,,29.75,0,,
11567710108,115677101,70341,8,22,rail_leg,18:28,1108,-75.1944243101308,40.0409483586041,-75.1638872349499,39.9525548857932,42101,42101,pm_peak,TRUE,0,34.323242,restore,20251105,41.7,-29.75,43.6333333333333,-21.25,56.1333333333333,-12.75,47.6333333333333,-4.25,39.1333333333333,4.25,57.1833333333333,12.75,48.6833333333333,21.25,40.1833333333333,29.75,8,46.7854166666667,6.9463273241081
11567710201,115677102,70344,1,22,rail_leg,7:45,465,-75.1827055398227,40.0389450998406,-75.1517226930339,39.9485721389241,42101,42101,am_peak,TRUE,75,41.096665,restore,20251105,45.55,-29.75,50.0833333333333,-21.25,41.5833333333333,-12.75,45.2166666666667,-4.25,52.7166666666667,4.25,44.2166666666667,12.75,51.1666666666667,21.25,42.6666666666667,29.75,8,46.65,4.13549290741764
11567710202,115677102,70345,2,22,rail_leg,16:00,960,-75.1517226930339,39.9485721389241,-75.1827055398227,40.0389450998406,42101,42101,pm_peak,TRUE,60,39.335485,restore,20251105,48.0666666666667,-29.75,51.1166666666667,-21.25,46.4666666666667,-12.75,46.9833333333333,-4.25,50.8,4.25,42.3,12.75,44.8,21.25,48.5666666666667,29.75,8,47.3875,2.95181878288355
11614380204,116143802,70454,4,22,rail_leg,18:30,1110,-75.6421532507658,40.0027021296687,-75.6421532507658,40.0027021296687,42029,42029,pm_peak,TRUE,35,20.09035,restore,20251105,,-29.75,,-21.25,,-12.75,,-4.25,,4.25,,12.75,,21.25,,29.75,0,,
11738310302,117383103,70749,2,22,rail_leg,7:57,477,-75.4245283894686,39.9086253629038,-75.4245283894686,39.9086253629038,42045,42045,am_peak,TRUE,0,8.62469,restore,20251105,54.0833333333333,-29.75,45.5833333333333,-21.25,37.0833333333333,-12.75,28.5833333333333,-4.25,38.3333333333333,4.25,32.9666666666667,12.75,34.0166666666667,21.25,40.8166666666667,29.75,8,38.9333333333333,7.99974701980959
11738310305,117383103,70751,5,22,rail_leg,15:17,917,-75.1648345113326,39.9541020155151,-75.4245283894686,39.9086253629038,42101,42045,off_peak,FALSE,43,64.423517,restore,20251105,88.3666666666667,-29.75,79.8666666666667,-21.25,104.366666666667,-12.75,95.8666666666667,-4.25,87.3666666666667,4.25,106.9,12.75,98.4,21.25,89.9,29.75,8,93.8791666666667,9.17217907847525
11787050201,117870502,70921,1,22,rail_leg,7:30,450,-75.0722007215537,40.1814590893573,-75.1662257986882,39.9519342771783,42017,42101,am_peak,TRUE,78,92.092935,restore,20251105,,-29.75,,-21.25,,-12.75,,-4.25,,4.25,,12.75,,21.25,,29.75,0,,
11904960102,119049601,71362,2,22,rail_leg,7:38,458,-75.7773113001476,39.9924677984963,-75.4829079089365,40.0451966969818,42029,42029,am_peak,TRUE,26,46.330763,restore,20251105,99.1166666666667,-29.75,90.6166666666667,-21.25,82.1166666666667,-12.75,122.616666666667,-4.25,114.116666666667,4.25,,12.75,123.316666666667,21.25,88.6166666666667,29.75,7,102.930952380952,16.9928836645843
11904960104,119049601,71362,4,22,rail_leg,16:50,1010,-75.5104228441983,40.0610199007386,-75.754099919673,40.0037026154246,42029,42029,pm_peak,TRUE,20,79.384285,restore,20251105,,-29.75,,-21.25,,-12.75,,-4.25,,4.25,,12.75,,21.25,,29.75,0,,
11972470101,119724701,71533,1,22,rail_leg,8:30,510,-75.0934334304665,40.2120992101032,-75.1840170635385,39.9534784074457,42017,42101,am_peak,TRUE,75,92.041671,restore,20251105,,-29.75,,-21.25,,-12.75,,-4.25,,4.25,,12.75,,21.25,,29.75,0,,
11972470102,119724701,71534,2,22,rail_leg,15:30,930,-75.1840170635385,39.9534784074457,-75.0934334304665,40.2120992101032,42101,42017,off_peak,FALSE,30,92.665079,restore,20251105,,-29.75,,-21.25,,-12.75,,-4.25,,4.25,,12.75,,21.25,,29.75,0,,
12046720204,120467202,71885,4,22,rail_leg,13:00,780,-75.2755312957965,40.0062174693429,-75.1648345113326,39.9541020155151,42091,42101,off_peak,FALSE,20,35.24377,restore,20251105,70.6,-29.75,62.1,-21.25,53.6,-12.75,59.3666666666667,-4.25,50.8666666666667,4.25,42.3666666666667,12.75,61.6,21.25,71.1,29.75,8,58.95,9.7792296901818
12046720207,120467202,71887,7,22,rail_leg,18:14,1094,-75.1648345113326,39.9541020155151,-75.2755312957965,40.0062174693429,42101,42091,pm_peak,TRUE,21,25.004584,restore,20251105,49.4666666666667,-29.75,56.7666666666667,-21.25,48.2666666666667,-12.75,39.7666666666667,-4.25,61.2666666666667,4.25,52.7666666666667,12.75,44.2666666666667,21.25,35.7666666666667,29.75,8,48.5416666666667,8.5091127622097
12091100101,120911001,71990,1,22,rail_leg,8:00,480,-75.2344133789046,40.0088074073246,-75.1672929773502,39.9544153783527,42091,42101,am_peak,TRUE,50,24.942049,restore,20251105,57.2,-29.75,48.7,-21.25,40.2,-12.75,73.4333333333333,-4.25,64.9333333333333,4.25,56.4333333333333,12.75,47.9333333333333,21.25,39.4333333333333,29.75,8,53.5333333333333,11.8269265016821
12105620303,121056203,72052,3,22,rail_leg,8:45,525,-75.1834073455283,39.9599979498596,-75.175919233186,40.0332814777088,42101,42101,am_peak,TRUE,30,32.907784,restore,20251105,43.0666666666667,-29.75,34.5666666666667,-21.25,45.6333333333333,-12.75,53.1333333333333,-4.25,52.6333333333333,4.25,53.1333333333333,12.75,52.8,21.25,44.3,29.75,8,47.4083333333333,6.74529230307837
12105620304,121056203,72052,4,22,rail_leg,12:00,720,-75.175919233186,40.0332814777088,-75.1588750233838,39.9528401835985,42101,42101,off_peak,FALSE,75,37.010862,restore,20251105,47.2333333333333,-29.75,40.8333333333333,-21.25,44.05,-12.75,35.55,-4.25,27.05,4.25,36.8333333333333,12.75,34.05,21.25,44.4333333333333,29.75,8,38.7541666666667,6.65035952005843
12140340302,121403403,72323,2,22,rail_leg,7:40,460,-75.2823535717739,40.2437347422191,-75.1834073455283,39.9599979498596,42091,42101,am_peak,TRUE,6,66.727888,restore,20251105,77.25,-29.75,68.75,-21.25,81.25,-12.75,72.75,-4.25,88,4.25,79.5,12.75,107,21.25,98.5,29.75,8,84.125,13.0253872988758
12140340305,121403403,72324,5,22,rail_leg,18:24,1104,-75.1612826317197,39.9532127364358,-75.1612826317197,39.9532127364358,42101,42101,pm_peak,TRUE,54,4.127778,restore,20251105,11.6666666666667,-29.75,9.6,-21.25,13.8666666666667,-12.75,16.1666666666667,-4.25,9.25,4.25,8.16666666666667,12.75,11.8666666666667,21.25,13.1666666666667,29.75,8,11.71875,2.66511022286134
12501440104,125014401,73289,4,22,rail_leg,14:12,852,-74.970687244567,40.1423429432466,-75.1480260525691,39.9820906148628,42017,42101,off_peak,FALSE,37,43.383333,restore,20251105,87.7333333333333,-29.75,90.6,-21.25,82.1,-12.75,73.6,-4.25,65.1,4.25,116.6,12.75,108.1,21.25,99.6,29.75,8,90.4291666666667,17.2491585946162
12501440107,125014401,73290,7,22,rail_leg,17:35,1055,-75.1480260525691,39.9820906148628,-74.970687244567,40.1423429432466,42101,42017,pm_peak,TRUE,40,42.28152,restore,20251105,89.7666666666667,-29.75,86.3333333333333,-21.25,77.8333333333333,-12.75,94.3333333333333,-4.25,85.8333333333333,4.25,77.3333333333333,12.75,68.8333333333333,21.25,86.3333333333333,29.75,8,83.325,8.13403100052245
12501440202,125014402,73293,2,22,rail_leg,7:18,438,-74.970687244567,40.1423429432466,-75.1480260525691,39.9820906148628,42017,42101,am_peak,TRUE,30,42.326247,restore,20251105,64.1,-29.75,81.6,-21.25,73.1,-12.75,64.6,-4.25,93.1,4.25,84.6,12.75,101.1,21.25,92.6,29.75,8,81.85,13.6774057690568
12501440205,125014402,73294,5,22,rail_leg,17:35,1055,-75.1480260525691,39.9820906148628,-74.970687244567,40.1423429432466,42101,42017,pm_peak,TRUE,40,42.28152,restore,20251105,89.7666666666667,-29.75,86.3333333333333,-21.25,77.8333333333333,-12.75,94.3333333333333,-4.25,85.8333333333333,4.25,77.3333333333333,12.75,68.8333333333333,21.25,86.3333333333333,29.75,8,83.325,8.13403100052245
12501730101,125017301,73296,1,22,rail_leg,11:30,690,-75.2265470108874,40.1161439705539,-75.1701604201666,39.9562259742499,42091,42101,off_peak,FALSE,15,76.417918,restore,20251105,,-29.75,,-21.25,,-12.75,,-4.25,,4.25,,12.75,,21.25,,29.75,0,,
12501730103,125017301,73298,3,22,rail_leg,16:00,960,-75.1691139313301,39.9535949564727,-75.2265470108874,40.1161439705539,42101,42091,pm_peak,TRUE,45,59.588078,restore,20251105,,-29.75,,-21.25,,-12.75,,-4.25,,4.25,,12.75,,21.25,,29.75,0,,
12545730101,125457301,73384,1,22,rail_leg,7:50,470,-75.112010204855,40.0551558806353,-75.1834073455283,39.9599979498596,42091,42101,am_peak,TRUE,44,48.092738,restore,20251105,64,-29.75,61.5,-21.25,53,-12.75,60.6666666666667,-4.25,57.6833333333333,4.25,63.5,12.75,61,21.25,58.5,29.75,8,59.98125,3.55685608345526
12545730102,125457301,73385,2,22,rail_leg,16:35,995,-75.1834073455283,39.9599979498596,-75.1372598172641,40.0681528620105,42101,42091,pm_peak,TRUE,45,46.271473,restore,20251105,58.7,-29.75,61.0166666666667,-21.25,64.15,-12.75,55.65,-4.25,54.7,4.25,61.2,12.75,58.15,21.25,59.2,29.75,8,59.0958333333333,3.06875899119363
12614390101,126143901,73535,1,22,rail_leg,7:40,460,-75.2398193832228,39.9150309622319,-75.1675355693758,39.9533981752196,42101,42101,am_peak,TRUE,62,35.49568,restore,20251105,35.8833333333333,-29.75,40.4166666666667,-21.25,37.0833333333333,-12.75,39.4166666666667,-4.25,39.2333333333333,4.25,36.7333333333333,12.75,38.7166666666667,21.25,39.2666666666667,29.75,8,38.34375,1.57960557413592
12614390102,126143901,73536,2,22,rail_leg,16:53,1013,-75.1675355693758,39.9533981752196,-75.2398193832228,39.9150309622319,42101,42101,pm_peak,TRUE,37,33.82534,restore,20251105,42.85,-29.75,38.4333333333333,-21.25,39.9333333333333,-12.75,36.4166666666667,-4.25,41.9333333333333,4.25,38.4166666666667,12.75,39.9166666666667,21.25,41.4166666666667,29.75,8,39.9145833333333,2.12542129343883
12783680101,127836801,73973,1,22,rail_leg,11:00,660,-75.1774882627443,40.0265904743566,-75.1847348588828,39.9565152107181,42101,42101,off_peak,FALSE,24,19.616667,restore,20251105,34.05,-29.75,55.0666666666667,-21.25,47.05,-12.75,38.55,-4.25,30.05,4.25,50.55,12.75,42.05,21.25,51.55,29.75,8,43.6145833333333,8.92508697881231
12783680102,127836801,73974,2,22,rail_leg,11:34,694,-75.1847348588828,39.9565152107181,-75.2318795104928,39.8804695206274,42101,42101,off_peak,FALSE,15,26.366667,restore,20251105,57.8833333333333,-29.75,49.3833333333333,-21.25,40.8833333333333,-12.75,62.3833333333333,-4.25,53.8833333333333,4.25,45.3833333333333,12.75,66.8833333333333,21.25,58.3833333333333,29.75,8,54.3833333333333,8.75866917483962
12783680104,127836801,73974,4,22,rail_leg,13:20,800,-75.2632929428866,39.8756040646847,-75.1583891414117,40.0192666370153,42045,42101,off_peak,FALSE,1,69.201116,restore,20251105,65.55,-29.75,88.05,-21.25,79.55,-12.75,71.05,-4.25,91.55,4.25,83.05,12.75,74.55,21.25,66.05,29.75,8,77.425,9.76784082004382
13172830102,131728301,74758,2,22,rail_leg,6:24,384,-75.274466211559,40.2111841677703,-75.1392078148453,39.9466654688148,42091,42101,am_peak,TRUE,49,63.162055,restore,20251105,84.6666666666667,-29.75,76.1666666666667,-21.25,93.2,-12.75,84.7,-4.25,76.2,4.25,67.7,12.75,70.8333333333333,21.25,62.3333333333333,29.75,8,76.975,10.1521715559572
13172830105,131728301,74759,5,22,rail_leg,15:55,955,-75.1588750233838,39.9528401835985,-75.274466211559,40.2111841677703,42101,42091,off_peak,FALSE,45,46.89438,restore,20251105,83.3666666666667,-29.75,74.8666666666667,-21.25,66.3666666666667,-12.75,57.8666666666667,-4.25,65.3666666666667,4.25,56.8666666666667,12.75,48.3666666666667,21.25,61.8666666666667,29.75,8,64.3666666666667,10.9348721332912
13277340102,132773401,75013,2,22,rail_leg,6:43,403,-74.9853265543148,40.0477525065309,-75.1648345113326,39.9541020155151,42101,42101,am_peak,TRUE,28,36.462687,restore,20251105,70.8666666666667,-29.75,62.3666666666667,-21.25,53.8666666666667,-12.75,72.9666666666667,-4.25,64.4666666666667,4.25,65.3666666666667,12.75,56.8666666666667,21.25,48.3666666666667,29.75,8,61.8916666666667,8.40675748600918
13277340108,132773401,75018,8,22,rail_leg,18:15,1095,-75.1588750233838,39.9528401835985,-74.9853265543148,40.0477525065309,42101,42101,pm_peak,TRUE,30,38.848917,restore,20251105,86.8,-29.75,87.9333333333334,-21.25,79.4333333333333,-12.75,70.9333333333333,-4.25,62.4333333333333,4.25,53.9333333333333,12.75,98.4333333333333,21.25,89.9333333333333,29.75,8,78.7291666666667,15.1436029503372
13308540102,133085401,75152,2,22,rail_leg,8:06,486,-75.4630660144789,40.0474160739304,-75.1588750233838,39.9528401835985,42029,42101,am_peak,TRUE,38,50.020951,restore,20251105,54.05,-29.75,66.55,-21.25,93.05,-12.75,84.55,-4.25,76.05,4.25,67.55,12.75,81.05,21.25,72.55,29.75,8,74.425,12.0941249019041
13543270102,135432701,75646,2,22,rail_leg,7:59,479,-75.2341467351472,39.9457946759268,-75.1588750233838,39.9528401835985,42101,42101,am_peak,TRUE,22,32.222629,restore,20251105,30.2333333333333,-29.75,33.7333333333333,-21.25,31.2333333333333,-12.75,28.7333333333333,-4.25,32.2333333333333,4.25,29.7333333333333,12.75,33.2333333333333,21.25,30.7333333333333,29.75,8,31.2333333333333,1.73205080756888
13543270107,135432701,75651,7,22,rail_leg,17:22,1042,-75.1588750233838,39.9528401835985,-75.2341467351472,39.9457946759268,42101,42101,pm_peak,TRUE,23,31.780559,restore,20251105,26.2666666666667,-29.75,35.35,-21.25,37.75,-12.75,36.35,-4.25,30.2666666666667,4.25,37.35,12.75,33.75,21.25,26.7666666666667,29.75,8,32.98125,4.63608549214488
13594110101,135941101,75816,1,22,rail_leg,5:40,340,-74.9969985810132,40.2042357012831,-75.1840170635385,39.9534784074457,42017,42101,off_peak,FALSE,,,restore,20251105,,-29.75,,-21.25,,-12.75,,-4.25,,4.25,,12.75,,21.25,,29.75,0,,
13629790103,136297901,75918,3,22,rail_leg,13:00,780,-75.1647675352254,39.9513827603519,-75.2318795104928,39.8804695206274,42101,42101,off_peak,FALSE,30,36.199896,restore,20251105,57.0666666666667,-29.75,48.5666666666667,-21.25,44.8833333333333,-12.75,61.5333333333333,-4.25,53.0333333333333,4.25,44.5333333333333,12.75,65.9666666666667,21.25,57.4666666666667,29.75,8,54.13125,7.78665136526139
13765230201,137652302,76200,1,22,rail_leg,11:00,660,-75.2089552381808,40.2894315326318,-75.1346109509137,40.3071295327499,42017,42017,off_peak,FALSE,59,27.333333,restore,20251105,,-29.75,,-21.25,,-12.75,49.4,-4.25,40.9,4.25,32.4,12.75,23.9,21.25,,29.75,4,36.65,10.9734528142543
13765230202,137652302,76201,2,22,rail_leg,14:00,840,-75.1346109509137,40.3071295327499,-75.2089552381808,40.2894315326318,42017,42017,off_peak,FALSE,60,25.333333,restore,20251105,52.9333333333333,-29.75,44.4333333333333,-21.25,35.9333333333333,-12.75,27.4333333333333,-4.25,18.9333333333333,4.25,70.4333333333333,12.75,61.9333333333333,21.25,53.4333333333333,29.75,8,45.6833333333333,17.4622040827775
13771870101,137718701,76262,1,22,rail_leg,11:15,675,-75.2354698649569,39.9579979858569,-75.2354698649569,39.9579979858569,42101,42101,off_peak,FALSE,135,7.151229,restore,20251105,6.08333333333333,-29.75,6.05,-21.25,4.18333333333333,-12.75,4.58333333333333,-4.25,4.55,4.25,8.05,12.75,10.1833333333333,21.25,3.05,29.75,8,5.84166666666667,2.31837039099478
13900780102,139007801,76574,2,22,rail_leg,9:15,555,-75.3460361638143,40.1143423687777,-75.1834073455283,39.9599979498596,42091,42101,am_peak,TRUE,47,50.851946,restore,20251105,72.1333333333334,-29.75,63.6333333333333,-21.25,63.25,-12.75,64.6333333333334,-4.25,74.1333333333333,4.25,65.6333333333333,12.75,81.1333333333334,21.25,72.6333333333334,29.75,8,69.6479166666667,6.38631620906938
14033150102,140331501,76866,2,22,rail_leg,7:49,469,-75.3170969015922,40.0208081125859,-75.1648345113326,39.9541020155151,42091,42101,am_peak,TRUE,21,27.304952,restore,20251105,49.8666666666667,-29.75,46.5333333333333,-21.25,44.8666666666667,-12.75,36.3666666666667,-4.25,38.8666666666667,4.25,47.3666666666667,12.75,38.8666666666667,21.25,58.1,29.75,8,45.1041666666667,7.10078103238237
14033150107,140331501,76871,7,22,rail_leg,17:15,1035,-75.1648345113326,39.9541020155151,-75.3170969015922,40.0208081125859,42101,42091,pm_peak,TRUE,27,28.619029,restore,20251105,58.05,-29.75,49.55,-21.25,41.05,-12.75,50.2833333333333,-4.25,49.05,4.25,53.2833333333333,12.75,46.05,21.25,37.55,29.75,8,48.1083333333333,6.53395891076911
14198050102,141980501,77205,2,22,rail_leg,6:41,401,-74.8976831541036,40.1863154165969,-75.1648345113326,39.9541020155151,42017,42101,am_peak,TRUE,49,64.126648,restore,20251105,,-29.75,,-21.25,,-12.75,,-4.25,,4.25,,12.75,,21.25,,29.75,0,,
14198050104,141980501,77206,4,22,rail_leg,16:47,1007,-75.1648345113326,39.9541020155151,-74.8976831541036,40.1863154165969,42101,42017,pm_peak,TRUE,53,61.302311,restore,20251105,,-29.75,,-21.25,,-12.75,,-4.25,,4.25,,12.75,,21.25,,29.75,0,,
14587770202,145877702,77857,2,22,rail_leg,7:02,422,-75.269943076881,39.9356820759347,-75.1392788470332,40.0429484652339,42045,42101,am_peak,TRUE,40,53.504653,restore,20251105,79.2166666666667,-29.75,70.7166666666667,-21.25,62.7833333333333,-12.75,54.2833333333333,-4.25,66.7833333333333,4.25,58.2833333333333,12.75,63.7833333333333,21.25,55.2833333333333,29.75,8,63.8916666666667,8.35733211018923
14587770203,145877702,77857,3,22,rail_leg,7:49,469,-75.1392788470332,40.0429484652339,-75.1471644147674,40.0425358392666,42101,42101,am_peak,TRUE,13,9.182213,restore,20251105,21.1166666666667,-29.75,16.1666666666667,-21.25,22.1666666666667,-12.75,16.6166666666667,-4.25,20.7833333333333,4.25,17.1166666666667,12.75,13.85,21.25,20.6666666666667,29.75,8,18.5604166666667,2.99279475348844
14587770205,145877702,77858,5,22,rail_leg,15:58,958,-75.1471644147674,40.0425358392666,-75.1480260525691,39.9820906148628,42101,42101,off_peak,FALSE,11,33.507331,restore,20251105,42.6166666666667,-29.75,44.2166666666667,-21.25,41.1,-12.75,32.6,-4.25,24.1,4.25,39.6,12.75,31.1,21.25,41.1166666666667,29.75,8,37.05625,7.01731383453676
14587770206,145877702,77859,6,22,rail_leg,16:25,985,-75.1480260525691,39.9820906148628,-75.1471644147674,40.0425358392666,42101,42101,pm_peak,TRUE,25,34.150613,restore,20251105,32.7166666666667,-29.75,34.2833333333333,-21.25,30.6166666666667,-12.75,35.2166666666667,-4.25,35.2166666666667,4.25,30.2833333333333,12.75,31.7833333333333,21.25,32.7166666666667,29.75,8,32.8541666666667,1.92744896788722
14729440201,147294402,78215,1,22,rail_leg,7:10,430,-75.2784887557887,39.9397339356879,-75.1957094473416,39.9494354858208,42045,42101,am_peak,TRUE,30,34.214502,restore,20251105,40.7166666666667,-29.75,32.2166666666667,-21.25,44.4333333333333,-12.75,35.9333333333333,-4.25,43.7166666666667,4.25,35.2166666666667,12.75,47.1333333333333,21.25,51.4833333333333,29.75,8,41.35625,6.5684970708558
14729440202,147294402,78216,2,22,rail_leg,16:30,990,-75.1957094473416,39.9494354858208,-75.2784887557887,39.9397339356879,42101,42045,pm_peak,TRUE,30,29.076944,restore,20251105,49.55,-29.75,54.65,-21.25,46.15,-12.75,37.65,-4.25,53.15,4.25,44.65,12.75,36.15,21.25,61.9666666666667,29.75,8,47.9895833333333,8.70471473006129
14887230101,148872301,78633,1,22,rail_leg,7:10,430,-75.269943076881,39.9356820759347,-75.1677276497158,39.9525760413027,42045,42101,am_peak,TRUE,40,26.931869,restore,20251105,42.1333333333333,-29.75,33.6333333333333,-21.25,25.1333333333333,-12.75,37.6333333333333,-4.25,29.1333333333333,4.25,35.6333333333333,12.75,27.1333333333333,21.25,49.65,29.75,8,35.0104166666667,8.17978992967734
14887230105,148872301,78637,5,22,rail_leg,19:05,1145,-75.1648345113326,39.9541020155151,-75.269943076881,39.9356820759347,42101,42045,off_peak,FALSE,35,21.166667,restore,20251105,44.2666666666667,-29.75,35.7666666666667,-21.25,27.2666666666667,-12.75,37.7666666666667,-4.25,29.2666666666667,4.25,52.8166666666667,12.75,44.3166666666667,21.25,44.7666666666667,29.75,8,39.5291666666667,8.63798711671715
14902100103,149021001,78666,3,22,rail_leg,15:20,920,-75.1941152941134,39.9546263068532,-75.1562910038297,39.9768159139408,42101,42101,off_peak,FALSE,40,25.396784,restore,20251105,29.2333333333333,-29.75,26.5166666666667,-21.25,33.0166666666667,-12.75,24.5166666666667,-4.25,30.2333333333333,4.25,28.7333333333333,12.75,27.2333333333333,21.25,25.7333333333333,29.75,8,28.1520833333333,2.72784637275147
16699930301,166999303,78872,1,22,rail_leg,7:15,435,-75.0778044811142,40.0783798762855,-75.1712542041449,40.055999502503,42101,42101,am_peak,TRUE,75,60.049459,restore,20251105,60.1833333333333,-29.75,67.6833333333333,-21.25,67.1833333333333,-12.75,63.1166666666667,-4.25,61.0166666666667,4.25,65.6,12.75,57.1,21.25,59.55,29.75,8,62.6791666666667,3.85382463089777
16723110102,167231101,78926,2,22,rail_leg,15:30,930,-75.1588750233838,39.9528401835985,-75.1944243101308,40.0409483586041,42101,42101,off_peak,FALSE,45,34.294573,restore,20251105,40.7166666666667,-29.75,41.5,-21.25,33,-12.75,49.5,-4.25,41,4.25,32.5,12.75,38.5166666666667,21.25,35.5,29.75,8,39.0291666666667,5.53138771015014
17068450101,170684501,79333,1,22,rail_leg,7:00,420,-75.0496128532966,40.0354238877738,-75.1634808483634,39.9480403151119,42101,42101,am_peak,TRUE,75,47.086422,restore,20251105,55.6833333333333,-29.75,58.3666666666667,-21.25,49.8666666666667,-12.75,54.3166666666667,-4.25,57.8166666666667,4.25,55.3166666666667,12.75,52.8166666666667,21.25,56.3166666666667,29.75,8,55.0625,2.75480460517591
