record_id,depart_time,depart_min_of_day,depart_lon,depart_lat,dest_lon,dest_lat,peak_period,is_peak,survey_travtime,model_travtime,gtfs_status,gtfs_total_min,gtfs_access_min,gtfs_wait_min,gtfs_ride_min,gtfs_egress_min,gtfs_transfers,access_stop_id,egress_stop_id
1079970102,15:40,940,-75.335420259149,40.0698383522223,-75.2626735411038,39.9640057100153,off_peak,FALSE,,34.879532,ok,73.6166666666667,9.7,11.3,50,2.61666666666667,2,1895,18639
1079970104,16:40,1000,-75.1470807570054,39.9513767444736,-75.2182588102061,39.950471058218,pm_peak,TRUE,20,26.610914,ok,29.1833333333333,2,0.916666666666667,24.8666666666667,1.4,2,14930,24627
1094120102,8:13,493,-75.7773113001476,39.9924677984963,-75.1588750233838,39.9528401835985,am_peak,TRUE,77,90.72718,unreachable,,,,,,,,
1094870204,17:30,1050,-75.2885123046458,40.0829515339353,-75.2582617306911,39.9505465618713,pm_peak,TRUE,90,73.621258,ok,93.6833333333333,10.2333333333333,9.76666666666667,65,8.68333333333333,2,27229,22187
1096380201,8:00,480,-75.2862320050127,39.9472873841357,-75.1638872349499,39.9525548857932,am_peak,TRUE,60,36.937359,ok,48.95,4.5,12.1666666666667,30.3333333333333,1.95,2,18629,1392
1096380202,17:00,1020,-75.1638872349499,39.9525548857932,-75.2862320050127,39.9472873841357,pm_peak,TRUE,60,35.700992,ok,37.05,1.85,0.15,30.2333333333333,4.81666666666667,2,283,18600
1109990102,15:30,930,-75.3987233993895,39.9261429188378,-75.3283478818808,39.9804431108819,off_peak,FALSE,19,83.86387,no_origin_stop,,,,,,,,
1111180102,7:24,444,-75.3286199019552,40.0309191057453,-75.1834073455283,39.9599979498596,am_peak,TRUE,21,23.235999,unreachable,,,,,,,,
1111180103,16:15,975,-75.1834073455283,39.9599979498596,-75.3335267105402,40.0257716741197,pm_peak,TRUE,25,35.109764,ok,58.6166666666667,7.26666666666667,7.73333333333333,38,5.61666666666667,2,32702,1927
1114230101,9:30,570,-75.3793856687375,39.8793852847628,-75.1466622121185,39.9478355374067,off_peak,FALSE,90,98.431321,ok,101.8,8.71666666666667,11.1833333333333,76.0833333333333,5.81666666666667,2,26237,2458
1114230103,18:30,1110,-75.1611907875754,39.9477574019743,-75.3793856687375,39.8793852847628,pm_peak,TRUE,90,79.628151,unreachable,,,,,,,,
1115690201,7:45,465,-75.1021904955652,40.1763831579957,-75.1896061471959,39.9540702600328,am_peak,TRUE,70,58.011613,ok,102.1,5.93333333333333,8.06666666666667,86.6333333333333,1.46666666666667,3,16945,20658
1115690202,16:45,1005,-75.1896061471959,39.9540702600328,-75.1612826317197,39.9532127364358,pm_peak,TRUE,35,12.711605,ok,11.1666666666667,1.3,0.966666666666667,6.73333333333333,2.16666666666667,0,20642,283
1115690203,20:15,1215,-75.1612826317197,39.9532127364358,-75.1021904955652,40.1763831579957,off_peak,FALSE,47,46.383333,ok,131.166666666667,1.83333333333333,10.85,112.833333333333,5.65,5,20968,15612
1122920103,9:24,564,-75.1176717363826,40.1313732890668,-75.2823672331362,40.2208246075088,am_peak,TRUE,31,57.216768,ok,117.116666666667,1.96666666666667,6.01666666666667,99.3666666666667,9.76666666666667,2,17459,27061
1128800201,6:30,390,-75.3409244198258,40.1179073455375,-75.1505658415867,39.9464361327538,am_peak,TRUE,75,63.852249,ok,75.7333333333333,2.31666666666667,7.81666666666667,57.85,7.75,2,27563,2458
1128800202,16:45,1005,-75.1505658415867,39.9464361327538,-75.3409244198258,40.1179073455375,pm_peak,TRUE,90,65.367516,ok,76.3333333333333,3.45,3.75,66.5166666666667,2.61666666666667,3,20973,27392
1143540102,10:55,655,-75.1741319574651,39.9575333855516,-75.1608290378846,39.9512565309348,off_peak,FALSE,35,14.506672,ok,24.35,0.433333333333333,11.8333333333333,8.73333333333333,3.35,1,3098,283
1143540103,11:45,705,-75.1608290378846,39.9512565309348,-75.1541388337345,39.9522458625874,off_peak,FALSE,8,7.866091,ok,10.35,1.7,5,1.43333333333333,2.21666666666667,0,2455,2457
1143540105,13:20,800,-75.1528356388386,39.9549263716921,-75.1741319574651,39.9575333855516,off_peak,FALSE,30,20.54996,ok,20.45,0.483333333333333,2.21666666666667,10.5833333333333,7.16666666666667,2,18442,20661
1145550101,6:15,375,-75.1516301589525,39.9168650559185,-75.1634808483634,39.9480403151119,am_peak,TRUE,45,23.088364,ok,36.2666666666667,1,11.0666666666667,22.4333333333333,1.76666666666667,2,17373,32140
1147360206,18:30,1110,-75.1845576169885,39.942839888606,-75.1707168478523,39.9055458817612,pm_peak,TRUE,30,35.943303,ok,40.6,5.11666666666667,5.95,25.9333333333333,3.6,2,25206,31487
1148770102,17:00,1020,-75.1595117962634,39.9367714452714,-75.1977262540913,39.9594259908695,pm_peak,TRUE,0,32.833769,ok,49.4,0.766666666666667,17.6666666666667,23.8,7.16666666666667,2,24674,32178
1149340203,18:42,1122,-75.1973968654904,39.9505033966507,-75.1638872349499,39.9525548857932,pm_peak,TRUE,12,14.850566,ok,14.95,1.45,3.15,8.4,1.95,1,20731,1392
1149340204,19:00,1140,-75.1638872349499,39.9525548857932,-75.1655746637264,39.9307064691021,off_peak,FALSE,8,12.638667,ok,17.4833333333333,0.383333333333333,5.61666666666667,7,4.48333333333333,0,1281,1285
1150140102,6:53,413,-75.1655746637264,39.9307064691021,-75.1649773922386,39.9502186753736,am_peak,TRUE,7,11.779301,ok,24.3166666666667,1.11666666666667,6.1,14.2833333333333,2.81666666666667,1,24220,32140
1150140109,17:46,1066,-75.1634808483634,39.9480403151119,-75.1655746637264,39.9307064691021,pm_peak,TRUE,9,12.628112,ok,13.4833333333333,1.86666666666667,1.88333333333333,5.25,4.48333333333333,0,1282,1285
1150140205,18:13,1093,-75.1655746637264,39.9307064691021,-75.1593108938158,39.9400078893569,pm_peak,TRUE,17,11.918324,ok,21.1,1.11666666666667,0.1,7.03333333333333,12.85,1,24220,32138
1150140206,21:15,1275,-75.1593108938158,39.9400078893569,-75.1655746637264,39.9307064691021,off_peak,FALSE,15,11.926381,ok,19.4333333333333,2.65,5.4,9.48333333333333,1.9,1,16834,16516
1152880202,4:03,243,-75.1662120144978,39.9238115855567,-75.1638872349499,39.9525548857932,off_peak,FALSE,15,14.632857,ok,60.8833333333333,0.15,20.7833333333333,36.2166666666667,3.73333333333333,3,24253,10264
1152880203,4:55,295,-75.1638872349499,39.9525548857932,-75.1847348588828,39.9565152107181,off_peak,FALSE,15,10.233063,ok,16.3333333333333,1.85,6.15,4.66666666666667,3.66666666666667,0,283,20662
1152910101,7:00,420,-75.1662120144978,39.9238115855567,-75.1583275844786,39.9602029183105,am_peak,TRUE,20,23.645837,ok,34.3,0.416666666666667,0.4,27.6833333333333,5.8,2,16577,32143
1152910102,8:00,480,-75.1583275844786,39.9602029183105,-75.1461838934269,39.9589037110814,am_peak,TRUE,25,13.491022,ok,27.3166666666667,2.7,4.16666666666667,8.88333333333333,11.5666666666667,1,16849,2440
1152910104,16:15,975,-75.1461838934269,39.9589037110814,-75.1583275844786,39.9602029183105,pm_peak,TRUE,15,13.533333,ok,24.6666666666667,1.58333333333333,2.45,14.05,6.58333333333333,2,24971,16847
1158850101,9:15,555,-75.2165947836222,39.9537421538695,-75.1489215256524,39.95458250175,am_peak,TRUE,32,25.852956,ok,30.3166666666667,2.13333333333333,0.766666666666667,20.0833333333333,7.33333333333333,1,24857,2458
1158850102,11:17,677,-75.1489215256524,39.95458250175,-75.2165947836222,39.9537421538695,off_peak,FALSE,28,25.634873,ok,36.3333333333333,3.43333333333333,3.01666666666667,20.2333333333333,9.65,1,4470,32179
1164850102,11:41,701,-75.1632627264191,39.9610182840982,-75.1869128860449,39.9502197402395,off_peak,FALSE,16,24.814879,ok,32.8666666666667,2.85,11.6666666666667,8.48333333333333,9.86666666666667,1,17169,32176
1164850105,17:41,1061,-75.1941152941134,39.9546263068532,-75.1673585815214,39.9505151310837,pm_peak,TRUE,16,14.35978,ok,18.45,1.51666666666667,5.18333333333333,7.2,4.55,0,20732,31140
1165490101,11:00,660,-75.1785792243999,39.9689777214525,-75.1553089348274,40.0036904586044,off_peak,FALSE,50,30.802029,ok,35.5,0.6,3.78333333333333,28.3333333333333,2.78333333333333,2,4550,2730
1165490102,19:30,1170,-75.1553089348274,40.0036904586044,-75.1785792243999,39.9689777214525,off_peak,FALSE,45,32.793718,ok,35.9,3.41666666666667,6.65,19.2666666666667,6.56666666666667,2,15019,21014
1165660101,7:45,465,-75.1798114670555,39.9715794694621,-75.2189686457819,40.0081594134958,am_peak,TRUE,34,38.547495,ok,60.7833333333333,0.533333333333333,10.7666666666667,38.4,11.0833333333333,4,16560,21575
1165660201,9:15,555,-75.1700384657366,39.9693644720962,-75.1941152941134,39.9546263068532,am_peak,TRUE,33,24.041388,ok,38.3166666666667,0.866666666666667,0.6,32.5166666666667,4.33333333333333,3,2801,32177
1169120102,10:40,640,-75.1619035045634,39.9912045729609,-75.1694605873533,39.9520071435649,off_peak,FALSE,0,29.347168,ok,27.2166666666667,2.58333333333333,0.05,23.35,1.23333333333333,0,2670,2666
1169120103,10:50,650,-75.1694605873533,39.9520071435649,-75.1564410395894,39.9491555327036,off_peak,FALSE,20,13.01829,ok,13.9333333333333,2.25,0.0666666666666667,7.21666666666667,4.4,0,10272,10255
1169120107,15:20,920,-75.1541388337345,39.9522458625874,-75.1584725274299,39.950967187359,off_peak,FALSE,8,5.804709,ok,10.0333333333333,1.95,4.73333333333333,1.78333333333333,1.56666666666667,0,10341,10258
1169120109,16:03,963,-75.1584725274299,39.950967187359,-75.1648345113326,39.9541020155151,pm_peak,TRUE,9,6.159001,ok,9.71666666666667,1.46666666666667,4.01666666666667,1.51666666666667,2.71666666666667,0,32173,32175
1175240102,7:30,450,-75.2092872712104,40.0181516385401,-75.1648345113326,39.9541020155151,am_peak,TRUE,25,19.639111,ok,28.4333333333333,3.21666666666667,1.71666666666667,21.25,2.25,0,17345,5131
1175240107,18:10,1090,-75.1648345113326,39.9541020155151,-75.2092872712104,40.0181516385401,pm_peak,TRUE,25,20.053637,ok,31.7333333333333,0.833333333333333,7.48333333333333,19.8166666666667,3.6,0,17842,14995
2023740101,9:10,550,-75.2316719358833,39.9680910426143,-75.2458322070382,39.9787834549805,am_peak,TRUE,40,16.530207,ok,27.05,1.01666666666667,3.83333333333333,21.1666666666667,1.03333333333333,2,24514,20693
2023740102,11:45,705,-75.2458322070382,39.9787834549805,-75.2316719358833,39.9680910426143,off_peak,FALSE,30,17.502539,ok,28.4,0.933333333333333,3.4,19.25,4.81666666666667,2,20612,21051
2064720101,8:45,525,-75.1798114670555,39.9715794694621,-75.1634808483634,39.9480403151119,am_peak,TRUE,35,18.998175,ok,20.6,0.533333333333333,0.766666666666667,17.6666666666667,1.63333333333333,0,16560,15187
2064720104,11:00,660,-75.1662257986882,39.9519342771783,-75.1541388337345,39.9522458625874,off_peak,FALSE,20,9.865521,ok,9.41666666666667,1.53333333333333,0.466666666666667,5.4,2.01666666666667,0,10266,18457
2064720105,12:45,765,-75.1541388337345,39.9522458625874,-75.1798114670555,39.9715794694621,off_peak,FALSE,60,23.384621,ok,31.3333333333333,1.95,2.73333333333333,25.05,1.6,1,10341,2880
2064720201,8:45,525,-75.1798114670555,39.9715794694621,-75.1630984016405,39.9735438590113,am_peak,TRUE,30,12.299124,ok,17.6,0.533333333333333,0.766666666666667,13.05,3.25,2,16560,21082
2064720202,17:15,1035,-75.1630984016405,39.9735438590113,-75.1798114670555,39.9715794694621,pm_peak,TRUE,30,17.484821,ok,20.6166666666667,2.98333333333333,8.86666666666667,5.01666666666667,3.75,0,21006,21014
2118520101,7:00,420,-75.0806751855718,40.016348069306,-75.1957094473416,39.9494354858208,am_peak,TRUE,,40.344785,ok,59.15,1.93333333333333,14.6833333333333,38.8666666666667,3.66666666666667,2,24572,20734
2118520102,16:30,990,-75.1957094473416,39.9494354858208,-75.0806751855718,40.016348069306,pm_peak,TRUE,450,41.188615,ok,45.6166666666667,3.08333333333333,2.51666666666667,35.65,4.36666666666667,1,20731,217
2297970201,8:30,510,-75.1800070313661,39.946441631749,-75.1941152941134,39.9546263068532,am_peak,TRUE,30,14.326086,ok,15.4166666666667,0.616666666666667,0.333333333333333,7.05,7.41666666666667,0,30639,30643
2350960102,9:15,555,-75.1941152941134,39.9546263068532,-75.1977262540913,39.9594259908695,am_peak,TRUE,13,6.95,ok,17.2666666666667,1.51666666666667,11.4833333333333,2.23333333333333,2.03333333333333,0,287,20663
2350960104,15:15,915,-75.216704781889,39.9569805572676,-75.2162654488479,39.9464660922369,off_peak,FALSE,25,12.204772,ok,29.1666666666667,1.38333333333333,6.96666666666667,17.5166666666667,3.3,1,30194,20811
2428050101,13:00,780,-75.1335381361008,40.3211737824194,-75.1346109509137,40.3071295327499,off_peak,FALSE,30,12.21407,unreachable,,,,,,,,
2435040101,8:16,496,-75.1724998481553,39.9491635804723,-75.175827602964,39.9495803344789,am_peak,TRUE,1,4.583333,ok,9.95,0.85,3.18333333333333,0.883333333333333,5.03333333333333,0,14929,14954
2435040102,8:29,509,-75.175827602964,39.9495803344789,-75.216704781889,39.9569805572676,am_peak,TRUE,15,16.40586,ok,21.9833333333333,2.26666666666667,4.56666666666667,13.05,2.1,0,14088,21372
2435040103,15:16,916,-75.216704781889,39.9569805572676,-75.1724998481553,39.9491635804723,off_peak,FALSE,23,23.072828,ok,30.95,1.38333333333333,5.96666666666667,18.25,5.35,0,30194,6064
2526520102,14:00,840,-75.1491317030119,40.0304553583606,-75.1571977835929,40.0823045185899,off_peak,FALSE,60,34.180643,ok,68.7333333333333,1.3,21.1666666666667,33.3333333333333,12.9333333333333,3,24406,16930
2526520103,15:30,930,-75.1571977835929,40.0823045185899,-75.1659426772114,39.9531940428398,off_peak,FALSE,30,51.767852,ok,48.85,6.06666666666667,2.01666666666667,37.9166666666667,2.85,1,31633,1281
2526520104,17:20,1040,-75.1659426772114,39.9531940428398,-75.1525134507185,40.0198296932081,pm_peak,TRUE,45,26.076231,ok,33.7333333333333,1.35,1.41666666666667,24.2333333333333,6.73333333333333,3,10266,32153
2579920102,8:10,490,-75.2162654488479,39.9464660922369,-75.1608290378846,39.9512565309348,am_peak,TRUE,20,25.871289,ok,23.35,3.01666666666667,0.516666666666667,16.4666666666667,3.35,0,20789,283
2579920105,17:45,1065,-75.1608290378846,39.9512565309348,-75.2162654488479,39.9464660922369,pm_peak,TRUE,20,23.865408,ok,30.1666666666667,1.73333333333333,2.05,23.0833333333333,3.3,1,10264,20811
2672010201,9:30,570,-75.1669894744938,39.9484799410289,-75.1662120144978,39.9238115855567,off_peak,FALSE,27,15.590835,ok,29.4333333333333,1,4.38333333333333,23.9,0.15,2,3042,24253
2688810102,14:55,895,-75.1941152941134,39.9546263068532,-75.150229373412,39.9517620658106,off_peak,FALSE,35,15.35,ok,21.85,1.28333333333333,6.71666666666667,10.9833333333333,2.86666666666667,1,20641,2458
2688810103,17:30,1050,-75.150229373412,39.9517620658106,-75.2165947836222,39.9537421538695,pm_peak,TRUE,30,23.31013,ok,31.3333333333333,1.73333333333333,3.26666666666667,16.6833333333333,9.65,1,359,32179
2774350204,10:13,613,-75.2162654488479,39.9464660922369,-75.1725391195037,39.9527196860213,off_peak,FALSE,18,21.749239,ok,23.0833333333333,3.01666666666667,5.51666666666667,12.8666666666667,1.68333333333333,0,20789,20646
2920170201,8:00,480,-75.1722288078707,39.9400534674801,-75.1725391195037,39.9527196860213,am_peak,TRUE,15,12.527511,ok,26.2166666666667,1.26666666666667,0.9,22.2,1.85,1,2663,21316
2966540202,8:03,483,-75.1611907875754,39.9477574019743,-75.1984494658686,39.9539400028283,am_peak,TRUE,27,19.191247,ok,25.4166666666667,2.35,2.48333333333333,15.3833333333333,5.2,3,14886,20733
2966540203,17:00,1020,-75.1984494658686,39.9539400028283,-75.1584424033225,39.9474108270156,pm_peak,TRUE,35,23.412371,ok,27.9,2.13333333333333,1.75,13.1166666666667,10.9,1,622,283
3000980104,14:55,895,-75.1392788470332,40.0429484652339,-75.1588750233838,39.9528401835985,off_peak,FALSE,14,24.926883,ok,43.5833333333333,1.58333333333333,6.95,32.95,2.1,2,28695,32173
3000980105,15:28,928,-75.1588750233838,39.9528401835985,-75.3548774564537,39.9036369389223,off_peak,FALSE,42,36.921641,ok,79.05,1.86666666666667,1.43333333333333,67.6333333333334,8.11666666666667,3,10262,19930
3006050101,6:30,390,-75.2399779780059,39.9210924003411,-75.202230610969,39.9458213862922,am_peak,TRUE,35,23.344439,ok,25.9833333333333,0.7,3.06666666666667,15.2333333333333,6.98333333333333,1,20708,20729
3006050102,16:00,960,-75.202230610969,39.9458213862922,-75.2399779780059,39.9210924003411,pm_peak,TRUE,105,20.273254,ok,32.4333333333333,6.85,0.85,17.2833333333333,7.45,0,20736,20915
3024870101,8:30,510,-75.2143085167584,39.9408655334325,-75.1708705877199,39.9529581159317,am_peak,TRUE,32,19.371312,ok,30.6666666666667,1.16666666666667,5.48333333333333,22.75,1.26666666666667,2,21720,20646
3024870102,12:00,720,-75.1708705877199,39.9529581159317,-75.2143085167584,39.9408655334325,off_peak,FALSE,150,19.096302,ok,17.2333333333333,1.2,1.01666666666667,13.4166666666667,1.6,0,20660,317
3032020102,13:38,818,-75.1262221694671,39.9679483007659,-75.1752524766747,39.9659654913561,off_peak,FALSE,22,26.312437,ok,43.9833333333333,6.28333333333333,5.06666666666667,20.8666666666667,11.7666666666667,1,20988,30791
3032020104,14:25,865,-75.1755490875517,39.9619810599662,-75.1262221694671,39.9679483007659,off_peak,FALSE,25,28.557489,ok,45.6,1.16666666666667,5.86666666666667,32.4333333333333,6.13333333333333,1,15952,21101
3033290201,10:00,600,-75.1550394779574,40.0672050029827,-75.1550394779574,40.0672050029827,off_peak,FALSE,,7.625119,ok,10.2666666666667,1.23333333333333,7.13333333333333,0.366666666666667,1.53333333333333,0,18172,18173
3033290202,20:00,1200,-75.1550394779574,40.0672050029827,-75.1503212753435,40.0647775996619,off_peak,FALSE,240,8.180767,ok,17.7166666666667,1.7,4.21666666666667,0.583333333333333,11.2166666666667,0,3939,14900
3038880104,16:37,997,-75.1947508247048,40.0550864009275,-75.1648345113326,39.9541020155151,pm_peak,TRUE,33,42.670002,ok,63.1166666666667,1.61666666666667,14.45,43.9333333333333,3.11666666666667,1,17016,1281
3038950101,10:00,600,-75.3128532544384,39.99398750657,-75.3490077338315,40.0452635767863,off_peak,FALSE,75,29.984811,ok,95.6,7.16666666666667,27.85,51.9833333333333,8.6,2,18897,1930
3038950102,19:00,1140,-75.3490077338315,40.0452635767863,-75.3037399105563,39.9880925237514,off_peak,FALSE,30,29.716667,ok,45.2166666666667,8.65,14.35,10,12.2166666666667,0,32192,32201
3049580106,13:42,822,-75.2376648010527,39.9482763035952,-75.2232933759479,39.9448265734297,off_peak,FALSE,38,13.907832,ok,39.5833333333333,0.7,14.3,18.55,6.03333333333333,2,180,20868
3049580107,14:35,875,-75.2232933759479,39.9448265734297,-75.2376648010527,39.9482763035952,off_peak,FALSE,32,18.631738,ok,26.2666666666667,5.81666666666667,6.55,1.18333333333333,12.7166666666667,0,21733,21735
3049580407,14:35,875,-75.2232933759479,39.9448265734297,-75.2376648010527,39.9482763035952,off_peak,FALSE,32,18.631738,ok,26.2666666666667,5.81666666666667,6.55,1.18333333333333,12.7166666666667,0,21733,21735
3049580506,13:42,822,-75.2143085167584,39.9408655334325,-75.2232933759479,39.9448265734297,off_peak,FALSE,38,13.231894,ok,19.9666666666667,1.6,2.03333333333333,10.1833333333333,6.15,1,317,21732
3049580507,14:35,875,-75.2232933759479,39.9448265734297,-75.2376648010527,39.9482763035952,off_peak,FALSE,32,18.631738,ok,26.2666666666667,5.81666666666667,6.55,1.18333333333333,12.7166666666667,0,21733,21735
3068390302,8:41,521,-75.2227705952579,40.1527379939727,-75.1545851492175,39.9813757258968,am_peak,TRUE,23,39.996098,ok,109.5,2.28333333333333,7.71666666666667,92.75,6.75,3,1687,1277
3068390304,19:30,1170,-75.1480260525691,39.9820906148628,-75.2227705952579,40.1527379939727,off_peak,FALSE,40,36.536966,ok,87.2333333333333,2.96666666666667,1.5,80.1666666666667,2.6,4,18532,27029
3070050301,7:45,465,-75.1324048029212,40.0556045453464,-75.1561127285024,39.9506763018863,am_peak,TRUE,45,35.271343,ok,52.45,5.65,7.21666666666667,37.5166666666667,2.06666666666667,4,24704,10341
3070050302,17:00,1020,-75.1561127285024,39.9506763018863,-75.1324048029212,40.0556045453464,pm_peak,TRUE,35,34.849995,ok,48.0166666666667,1.31666666666667,4.95,33.0833333333333,8.66666666666667,2,10340,22727
3121680202,8:20,500,-75.1792803129236,39.9102291849896,-75.1792803129236,39.9102291849896,am_peak,TRUE,,5.835977,ok,16.1,6.66666666666667,2.33333333333333,0.216666666666667,6.88333333333333,0,988,29433
3125270202,11:28,688,-75.112010204855,40.0551558806353,-75.1834073455283,39.9599979498596,off_peak,FALSE,31,46.191884,ok,68.9166666666667,8.98333333333333,5.65,45.0333333333333,9.25,2,26508,20662
3127840106,8:46,526,-75.1630984016405,39.9735438590113,-75.162026191264,39.9785569548507,am_peak,TRUE,2,6.650289,ok,6.43333333333333,1.15,1.58333333333333,1.7,2,0,3068,3053
3127840109,14:00,840,-75.1659426772114,39.9531940428398,-75.1398050137829,40.0366774270012,off_peak,FALSE,15,25.438692,ok,39.1,1.21666666666667,7.45,28.25,2.18333333333333,2,3040,15798
3127840110,14:20,860,-75.1398050137829,40.0366774270012,-75.1571977835929,40.0823045185899,off_peak,FALSE,60,30.391026,ok,50.45,1.26666666666667,8.53333333333333,27.7166666666667,12.9333333333333,2,17396,16930
3127840111,15:30,930,-75.1571977835929,40.0823045185899,-75.1546939106137,40.0587336087499,off_peak,FALSE,29,26.155549,ok,39.3666666666667,6.06666666666667,2.01666666666667,24.5166666666667,6.76666666666667,2,31633,11121
3127840112,16:02,962,-75.1546939106137,40.0587336087499,-75.1398050137829,40.0366774270012,pm_peak,TRUE,28,26.296332,ok,34.8,6.56666666666667,9.75,10.8833333333333,7.6,0,77,11623
3127840113,16:40,1000,-75.1398050137829,40.0366774270012,-75.1537481432666,39.9503794767793,pm_peak,TRUE,5,24.682169,ok,32.7,1.26666666666667,5.51666666666667,23.95,1.96666666666667,3,17396,31178
3127840114,16:50,1010,-75.1537481432666,39.9503794767793,-75.1662257986882,39.9519342771783,pm_peak,TRUE,0,8.067412,ok,9.85,1.46666666666667,4.01666666666667,2.51666666666667,1.85,0,32172,32175
3127840116,19:44,1184,-75.1659426772114,39.9531940428398,-75.1537481432666,39.9503794767793,off_peak,FALSE,0,8.431547,ok,14.1833333333333,1.35,7.3,3.95,1.58333333333333,0,10266,18457
3127840118,20:48,1248,-75.1398050137829,40.0366774270012,-75.1546939106137,40.0587336087499,off_peak,FALSE,12,24.933338,ok,35.2,2.18333333333333,6.41666666666667,18.45,8.15,2,15798,15546
3129140101,6:10,370,-75.2240469261417,40.0283746179593,-75.2240469261417,40.0283746179593,am_peak,TRUE,12,4.504478,ok,16.4833333333333,7.56666666666667,0.15,0.5,8.26666666666667,0,18586,10205
3129140102,6:28,388,-75.2240469261417,40.0283746179593,-75.1847348588828,39.9565152107181,am_peak,TRUE,21,23.870865,ok,44.3833333333333,7.23333333333333,3.31666666666667,31.1,2.73333333333333,0,16193,1537
3129140104,17:47,1067,-75.1634808483634,39.9480403151119,-75.2240469261417,40.0283746179593,pm_peak,TRUE,13,33.460577,ok,49.7666666666667,1.36666666666667,1.3,39.55,7.55,1,5229,16024
3141440301,13:30,810,-75.0806751855718,40.016348069306,-75.1178467415517,39.9766815618422,off_peak,FALSE,60,34.271184,ok,52.35,1.93333333333333,13.85,32.8333333333333,3.73333333333333,3,24572,20984
3141440302,21:15,1275,-75.1178467415517,39.9766815618422,-75.0806751855718,40.016348069306,off_peak,FALSE,60,29.321162,ok,51.8166666666667,2.45,25.85,21.5833333333333,1.93333333333333,1,17811,24572
3141440402,19:00,1140,-75.1142758205188,40.1491579177916,-75.0806751855718,40.016348069306,off_peak,FALSE,90,57.786353,ok,74.25,1.2,3.23333333333333,65.2,4.61666666666667,2,16952,892
3144080101,7:45,465,-75.1495939755084,40.0125900284939,-75.1466622121185,39.9478355374067,am_peak,TRUE,55,24.994031,ok,42.2333333333333,1.46666666666667,17.15,19.3666666666667,4.25,2,15985,21318
3144080103,10:30,630,-75.1638872349499,39.9525548857932,-75.1528356388386,39.9549263716921,off_peak,FALSE,30,10.157097,ok,16.7,0.3,5.7,10.5,0.2,1,32141,2440
3144080104,13:00,780,-75.1528356388386,39.9549263716921,-75.1495939755084,40.0125900284939,off_peak,FALSE,40,14.842763,ok,30.45,0.266666666666667,15.4833333333333,8.25,6.45,0,32145,32152
3144080105,16:30,990,-75.1495939755084,40.0125900284939,-75.162026191264,39.9785569548507,pm_peak,TRUE,40,16.716886,ok,35.4666666666667,1.46666666666667,17.0666666666667,11.2166666666667,5.71666666666667,1,15985,1277
3144080107,19:00,1140,-75.162026191264,39.9785569548507,-75.1495939755084,40.0125900284939,off_peak,FALSE,75,16.860236,ok,29.45,1.43333333333333,9.5,12.0666666666667,6.45,1,25384,32152
3151800102,17:30,1050,-75.2227705952579,40.1527379939727,-75.1704674139331,39.9548009865238,pm_peak,TRUE,45,50.672966,ok,122.083333333333,2.6,3.91666666666667,112.7,2.86666666666667,4,27029,20660
3158360102,17:10,1030,-75.1414393682529,39.9601471054741,-75.1614771099584,39.9569042938645,pm_peak,TRUE,30,18.017641,ok,19.7666666666667,1.55,2.45,7.13333333333333,8.63333333333333,0,32169,32174
3161510201,6:30,390,-75.1894072133033,40.0670899916203,-75.1648345113326,39.9541020155151,am_peak,TRUE,40,40.553938,ok,56.6166666666667,8.46666666666667,1.8,43.2333333333333,3.11666666666667,1,15440,1281
3164640101,10:00,600,-75.1778185045084,39.9859426039642,-75.1612826317197,39.9532127364358,off_peak,FALSE,0,32.46511,ok,35.1,1.96666666666667,9.73333333333333,21.4333333333333,1.96666666666667,2,18415,32174
3164640201,9:00,540,-75.1778185045084,39.9859426039642,-75.1673759243643,39.9592890487195,am_peak,TRUE,0,23.219201,ok,30.6833333333333,1.96666666666667,9.73333333333333,18.75,0.233333333333333,1,18415,24172
3164640202,12:00,720,-75.1673759243643,39.9592890487195,-75.1400970132193,39.9722367087517,off_peak,FALSE,0,28.530069,ok,32.2,0.233333333333333,0.216666666666667,23.55,8.2,2,24172,353
3168910102,11:02,662,-75.1859236878394,40.0056791510122,-75.1553089348274,40.0036904586044,off_peak,FALSE,10,15.73424,ok,26.1666666666667,1.01666666666667,5.43333333333333,16.3,3.41666666666667,1,22386,15019
3168910103,11:13,673,-75.1553089348274,40.0036904586044,-75.1553089348274,40.0036904586044,off_peak,FALSE,0,9.343538,ok,15.9166666666667,3.41666666666667,8.33333333333333,0.566666666666667,3.6,0,15019,15020
3168910104,11:15,675,-75.1553089348274,40.0036904586044,-75.1322724324316,40.0400578246308,off_peak,FALSE,11,26.901152,ok,38.35,3.41666666666667,6.33333333333333,22.2,6.4,3,15019,15814
3168910105,11:30,690,-75.1322724324316,40.0400578246308,-75.1257038337522,40.0616781641169,off_peak,FALSE,15,16.766375,ok,51.2,3.4,8.75,27.45,11.6,2,16240,22728
3168910109,16:57,1017,-75.1392788470332,40.0429484652339,-75.1495939755084,40.0125900284939,pm_peak,TRUE,8,18.946487,ok,25.6166666666667,2.08333333333333,3.81666666666667,11.85,7.86666666666667,1,17716,1274
3168910112,17:50,1070,-75.1495939755084,40.0125900284939,-75.1859236878394,40.0056791510122,pm_peak,TRUE,0,20.172615,ok,32.5333333333333,1.46666666666667,4.76666666666667,25.5,0.8,3,15985,4350
3185920104,16:35,995,-75.1625826795934,39.9513495936779,-75.1588750233838,39.9528401835985,pm_peak,TRUE,10,7.666667,ok,7.48333333333333,2.05,2.65,0.566666666666667,2.21666666666667,0,2455,2456
3200660201,5:20,320,-75.3525624514966,39.9737875295276,-75.1701604201666,39.9562259742499,off_peak,FALSE,60,52.615924,ok,62.6166666666667,11.8,7.16666666666667,38.25,5.4,2,18805,20660
3200660202,14:30,870,-75.1701604201666,39.9562259742499,-75.3525624514966,39.9737875295276,off_peak,FALSE,75,54.087793,ok,68.85,1.85,0.433333333333333,54.1166666666667,12.45,4,4464,18665
3212130101,6:30,390,-75.061570967779,40.1151744640308,-75.1687160134156,39.9558364756335,am_peak,TRUE,45,43.381023,unreachable,,,,,,,,
3212130102,16:47,1007,-75.1687160134156,39.9558364756335,-75.061570967779,40.1151744640308,pm_peak,TRUE,29,41.369717,ok,108.95,1.26666666666667,7.68333333333333,89.5,10.5,7,3078,23634
3215440103,7:21,441,-75.1541388337345,39.9522458625874,-75.1906300416804,39.958024348983,am_peak,TRUE,6,13.758427,ok,16.0166666666667,1.95,3,7.03333333333333,4.03333333333333,1,10341,32177
3215440106,16:12,972,-75.1906300416804,39.958024348983,-75.1541388337345,39.9522458625874,pm_peak,TRUE,6,13.735541,ok,31.35,1.35,15.7166666666667,12.0666666666667,2.21666666666667,1,21525,2457
3219110102,8:15,495,-75.1483144819563,39.9402627111676,-75.1708705877199,39.9529581159317,am_peak,TRUE,15,23.596833,ok,30.65,0.9,11.3666666666667,17.1833333333333,1.2,2,17552,20660
3219110106,17:05,1025,-75.1741319574651,39.9575333855516,-75.1642635478598,39.945554104478,pm_peak,TRUE,30,12.870606,ok,18.1666666666667,0.433333333333333,0.716666666666667,13.85,3.16666666666667,2,3098,1283
3229950101,11:15,675,-75.2182588102061,39.950471058218,-75.1630657978927,39.949981511781,off_peak,FALSE,60,25.330641,ok,39.5833333333333,3.66666666666667,1.93333333333333,28.4,5.58333333333333,1,20884,31140
3229950102,20:00,1200,-75.1630657978927,39.949981511781,-75.2182588102061,39.950471058218,off_peak,FALSE,60,26.46016,ok,35.7333333333333,1.48333333333333,7.51666666666667,25.3333333333333,1.4,1,130,24627
3240320104,17:45,1065,-75.1669894744938,39.9484799410289,-75.1834073455283,39.9599979498596,pm_peak,TRUE,20,18.073922,ok,28.25,1,8.11666666666667,9.88333333333333,9.25,1,3042,32176
3240320105,19:55,1195,-75.1834073455283,39.9599979498596,-75.1605199473912,39.9452698186476,off_peak,FALSE,30,23.748785,ok,40.8333333333333,7.98333333333333,16.45,4.53333333333333,11.8666666666667,0,1537,10259
3249440105,16:39,999,-75.2862320050127,39.9472873841357,-75.2538526622578,39.9589775244658,pm_peak,TRUE,11,23.142038,ok,28.95,4.5,5.16666666666667,9.33333333333333,9.95,0,18629,15497
3249440106,16:55,1015,-75.2538526622578,39.9589775244658,-75.1834073455283,39.9599979498596,pm_peak,TRUE,12,30.005674,ok,39.3833333333333,6.15,5.55,18.3,9.38333333333333,1,19611,21532
3250340201,6:00,360,-75.1612826317197,39.9532127364358,-75.025951705377,40.0340975453938,am_peak,TRUE,85,35.608485,ok,64.4166666666667,1.83333333333333,3.88333333333333,57.6333333333333,1.06666666666667,2,20968,22541
3250340202,12:30,750,-75.025951705377,40.0340975453938,-75.1612826317197,39.9532127364358,off_peak,FALSE,60,48.778787,ok,53.1,1.35,4.3,45.4833333333333,1.96666666666667,2,22702,32174
3250340203,22:00,1320,-75.1612826317197,39.9532127364358,-75.025951705377,40.0340975453938,off_peak,FALSE,85,40.199019,ok,72.8333333333333,1.83333333333333,14.3333333333333,55.6,1.06666666666667,2,4461,22541
3257740101,8:00,480,-75.246585427285,39.957753586195,-75.173930383129,39.954707841715,am_peak,TRUE,40,28.963957,ok,41.0333333333333,1.56666666666667,8.2,27.1333333333333,4.13333333333333,1,22136,20645
3260280101,9:25,565,-75.1611907875754,39.9477574019743,-75.1984494658686,39.9539400028283,am_peak,TRUE,34,19.191247,ok,26.9333333333333,0.5,1.15,24.5333333333333,0.75,1,16495,22284
3260280102,11:02,662,-75.1984494658686,39.9539400028283,-75.177201361549,39.9550054347417,off_peak,FALSE,18,13.668361,ok,15.6166666666667,2.13333333333333,2.28333333333333,9.2,2,1,622,20645
3260280105,15:30,930,-75.1611907875754,39.9477574019743,-75.1363742198001,39.9574637751164,off_peak,FALSE,15,21.576761,ok,27.8333333333333,2.33333333333333,2.98333333333333,14.6833333333333,7.83333333333333,1,16132,2459
3260280106,16:40,1000,-75.1363742198001,39.9574637751164,-75.1611907875754,39.9477574019743,pm_peak,TRUE,0,22.202226,ok,39.6333333333333,3.48333333333333,10.9333333333333,20.3333333333333,4.88333333333333,2,23988,1282
3260280204,15:45,945,-75.1611907875754,39.9477574019743,-75.1363742198001,39.9574637751164,off_peak,FALSE,1,21.576761,ok,26.5,2.33333333333333,2.05,18.95,3.16666666666667,3,16132,30599
3260280205,16:40,1000,-75.1363742198001,39.9574637751164,-75.1611907875754,39.9477574019743,pm_peak,TRUE,20,22.202226,ok,39.6333333333333,3.48333333333333,10.9333333333333,20.3333333333333,4.88333333333333,2,23988,1282
3269980103,13:00,780,-75.2879225601409,40.0096184499998,-75.1634808483634,39.9480403151119,off_peak,FALSE,40,45.894192,ok,83.5166666666667,1.4,21.05,53.25,7.81666666666667,1,18884,2455
3269980302,7:13,433,-75.2859011035678,39.9804280541513,-75.2626735411038,39.9640057100153,am_peak,TRUE,12,16.408661,ok,25.4166666666667,2.8,9.06666666666667,10.9333333333333,2.61666666666667,1,32203,18639
3269980306,16:40,1000,-75.1662257986882,39.9519342771783,-75.2626735411038,39.9640057100153,pm_peak,TRUE,16,23.869646,ok,38.8166666666667,1.53333333333333,1.46666666666667,33.2,2.61666666666667,2,10266,18639
3269980307,17:01,1021,-75.2626735411038,39.9640057100153,-75.2859011035678,39.9804280541513,pm_peak,TRUE,3,15.453362,ok,30.7666666666667,2.61666666666667,2.45,22.7666666666667,2.93333333333333,2,18639,1919
3271390101,6:05,365,-75.1161007447157,40.1433714101826,-75.1694605873533,39.9520071435649,am_peak,TRUE,70,59.050805,ok,77.9833333333333,1.1,4.86666666666667,64.5333333333333,7.48333333333333,3,16663,1281
3271630304,17:34,1054,-75.1648345113326,39.9541020155151,-75.3393886203709,40.0346462639254,pm_peak,TRUE,26,33.295487,ok,63.8,0.833333333333333,0.166666666666667,58.8,4,5,17842,1900
3271890101,8:10,490,-75.2354698649569,39.9579979858569,-75.2250001549737,39.9381660242818,am_peak,TRUE,33,21.785076,ok,23.7,2.66666666666667,2.65,17.1333333333333,1.25,1,24518,20792
3271890102,16:45,1005,-75.2250001549737,39.9381660242818,-75.2354698649569,39.9579979858569,pm_peak,TRUE,45,19.052766,ok,24.1,1.03333333333333,5.46666666666667,17.4833333333333,0.116666666666667,1,20819,24461
3271890201,7:45,465,-75.2268441409671,39.9506693986123,-75.1495939755084,40.0125900284939,am_peak,TRUE,60,38.841446,ok,51.45,0.166666666666667,10.55,34.2833333333333,6.45,2,21738,32152
3271890202,16:35,995,-75.1495939755084,40.0125900284939,-75.2354698649569,39.9579979858569,pm_peak,TRUE,40,36.091772,ok,54.4166666666667,1.46666666666667,12.0666666666667,34.2666666666667,6.61666666666667,3,15985,32181
3279280103,10:00,600,-75.1742868895805,39.952935291834,-75.1984494658686,39.9539400028283,off_peak,FALSE,20,14.750895,ok,19.4166666666667,1.55,1.35,11.3166666666667,5.2,1,18447,20733
3279280104,12:00,720,-75.1984494658686,39.9539400028283,-75.1742868895805,39.952935291834,off_peak,FALSE,20,15.233414,ok,18.65,2.13333333333333,4.28333333333333,10.1,2.13333333333333,0,622,6065
3279280105,14:30,870,-75.1742868895805,39.952935291834,-75.1984494658686,39.9539400028283,off_peak,FALSE,20,14.750895,ok,20.2666666666667,1.55,6.35,11.7833333333333,0.583333333333333,2,18447,21363
3279280106,22:15,1335,-75.1984494658686,39.9539400028283,-75.1742868895805,39.952935291834,off_peak,FALSE,25,13.544059,ok,16.4666666666667,2.13333333333333,4.96666666666667,7.23333333333333,2.13333333333333,0,622,6065
3282960102,8:27,507,-75.2344133789046,40.0088074073246,-75.1648345113326,39.9541020155151,am_peak,TRUE,19,26.069263,no_origin_stop,,,,,,,,
3282960105,17:16,1036,-75.1677276497158,39.9525760413027,-75.1677276497158,39.9525760413027,pm_peak,TRUE,20,3.527778,ok,5.45,1.45,0.55,0.983333333333333,2.46666666666667,0,34,2666
3285590201,7:00,420,-75.4182346685475,40.0646607683914,-75.1652507511981,39.9564326348413,am_peak,TRUE,42,71.138005,ok,121.75,12.4666666666667,8.68333333333333,97.3666666666667,3.23333333333333,3,26908,17170
3285590202,17:30,1050,-75.1652507511981,39.9564326348413,-75.4233197162045,40.0419674851349,pm_peak,TRUE,0,44.695535,ok,126.783333333333,0.983333333333333,8.46666666666667,110.2,7.13333333333333,5,3057,19366
3286990104,18:35,1115,-74.9919645563739,40.0557019160434,-75.0141443812668,40.0424987630183,pm_peak,TRUE,35,23.043398,ok,25.3166666666667,7.1,0.633333333333333,7.13333333333333,10.45,0,22687,22697
3286990204,18:35,1115,-74.9919645563739,40.0557019160434,-75.0272886661161,40.0451130655592,pm_peak,TRUE,20,26.974753,ok,37.6666666666667,7.08333333333333,17.0333333333333,8.06666666666667,5.48333333333333,0,21911,21931
3289040101,13:00,780,-75.0482968493561,40.0672130084675,-74.9537657364031,40.1342148390318,off_peak,FALSE,73,44.305505,ok,62.3,4.15,7.38333333333333,47.2333333333333,3.53333333333333,1,23269,30759
3289040102,18:59,1139,-74.9537657364031,40.1342148390318,-75.0482968493561,40.0672130084675,pm_peak,TRUE,44,47.675051,ok,51.9833333333333,3.53333333333333,0.0833333333333333,38.5166666666667,9.85,0,30759,25960
3289040201,13:00,780,-75.0482968493561,40.0672130084675,-74.9537657364031,40.1342148390318,off_peak,FALSE,73,44.305505,ok,62.3,4.15,7.38333333333333,47.2333333333333,3.53333333333333,1,23269,30759
3289040202,18:59,1139,-74.9537657364031,40.1342148390318,-75.0482968493561,40.0672130084675,pm_peak,TRUE,44,47.675051,ok,51.9833333333333,3.53333333333333,0.0833333333333333,38.5166666666667,9.85,0,30759,25960
3290420201,7:30,450,-75.2806312780087,39.994902663922,-75.1505658415867,39.9464361327538,am_peak,TRUE,45,53.816329,ok,87.7333333333333,13.0333333333333,20.3333333333333,46.6166666666667,7.75,2,19450,2458
3298740201,10:00,600,-75.1332215384763,40.011965414652,-75.1638872349499,39.9525548857932,off_peak,FALSE,30,30.739643,ok,41.3833333333333,3.76666666666667,4.91666666666667,32.3166666666667,0.383333333333333,2,16257,1281
3298740202,12:30,750,-75.1638872349499,39.9525548857932,-75.1398050137829,40.0366774270012,off_peak,FALSE,15,23.751764,ok,28.7666666666667,0.3,2.7,23.5833333333333,2.18333333333333,1,32141,15798
3298740203,12:55,775,-75.1398050137829,40.0366774270012,-75.1638872349499,39.9525548857932,off_peak,FALSE,5,25.816385,ok,37.3833333333333,0.7,1.53333333333333,34.7666666666667,0.383333333333333,1,30304,1281
3298740204,15:00,900,-75.1638872349499,39.9525548857932,-75.1314420393667,40.0218288499157,off_peak,FALSE,30,30.013904,ok,38.5833333333333,0.3,5.7,28.4666666666667,4.11666666666667,1,32141,5
3298740205,16:30,990,-75.1314420393667,40.0218288499157,-75.1332215384763,40.011965414652,pm_peak,TRUE,30,12.780483,ok,27.4,3.13333333333333,9.86666666666667,10.05,4.35,1,742,16256
3301380302,7:25,445,-75.3285784262649,39.9077335323186,-75.1612826317197,39.9532127364358,am_peak,TRUE,35,36.507748,unreachable,,,,,,,,
3301380303,17:00,1020,-75.1612826317197,39.9532127364358,-75.1612826317197,39.9532127364358,pm_peak,TRUE,45,4.127778,ok,6.11666666666667,1.83333333333333,0.15,1.01666666666667,3.11666666666667,0,4461,4474
3321170103,12:15,735,-75.2189686457819,40.0081594134958,-75.1859834521487,39.9698807322002,off_peak,FALSE,45,39.413321,ok,70.55,5.13333333333333,20.2,34.9333333333333,10.2833333333333,2,6252,636
3321170104,16:30,990,-75.1859834521487,39.9698807322002,-75.2256894030556,40.0047186865197,pm_peak,TRUE,60,38.705046,ok,50.45,3.68333333333333,1.11666666666667,40.2,5.45,1,2902,952
3334970102,6:14,374,-75.4829079089365,40.0451966969818,-75.1834073455283,39.9599979498596,am_peak,TRUE,36,37.682509,ok,106.366666666667,5.83333333333333,2.86666666666667,89.6833333333333,7.98333333333333,2,19377,1537
3334970103,7:05,425,-75.1834073455283,39.9599979498596,-75.2074989674157,39.9516652307221,am_peak,TRUE,13,20.441392,ok,24.6333333333333,7.26666666666667,2.73333333333333,11.2666666666667,3.36666666666667,1,32702,20879
3334970105,15:07,907,-75.1941152941134,39.9546263068532,-75.1834073455283,39.9599979498596,off_peak,FALSE,7,13.3945,ok,14.05,1.51666666666667,0.183333333333333,2.96666666666667,9.38333333333333,0,20732,20643
3364970201,7:30,450,-75.1898142834651,40.0518717143354,-75.1562910038297,39.9768159139408,am_peak,TRUE,60,39.166338,ok,47.4833333333333,5.61666666666667,1.86666666666667,36.0166666666667,3.98333333333333,2,15466,32148
3369580108,16:40,1000,-75.1569523625043,39.943116935689,-75.1550731760754,39.9469560187574,pm_peak,TRUE,10,8.436711,ok,19.5833333333333,1,10.8166666666667,0.566666666666667,7.2,0,22264,22265
3369580109,16:55,1015,-75.1550731760754,39.9469560187574,-75.1611907875754,39.9477574019743,pm_peak,TRUE,9,8.519117,ok,12.3666666666667,1.91666666666667,0.566666666666667,0.55,9.33333333333333,0,30992,16292
3369580111,19:55,1195,-75.1608290378846,39.9512565309348,-75.1840170635385,39.9534784074457,off_peak,FALSE,-5,11.516666,ok,17.6833333333333,1.53333333333333,3.31666666666667,10.1166666666667,2.71666666666667,0,30082,19025
3382110105,9:06,546,-75.368739005283,39.9143240988748,-75.2626735411038,39.9640057100153,am_peak,TRUE,27,42.525595,ok,50.4166666666667,1.93333333333333,16.7166666666667,25.9333333333333,5.83333333333333,0,15366,15348
3382110106,9:40,580,-75.2626735411038,39.9640057100153,-75.1638872349499,39.9525548857932,off_peak,FALSE,16,24.135069,ok,36.95,2.61666666666667,3.2,29.1833333333333,1.95,2,18639,1392
3382110107,10:00,600,-75.1638872349499,39.9525548857932,-75.1545693550523,40.0111496191661,off_peak,FALSE,8,18.603211,ok,23.6333333333333,0.3,7.7,9.75,5.88333333333333,0,32141,32152
3382110112,22:13,1333,-75.2626735411038,39.9640057100153,-75.3925245649585,39.9189589188966,off_peak,FALSE,0,34.699724,ok,44.5833333333333,5.33333333333333,7.66666666666667,30.1666666666667,1.41666666666667,0,15497,18613
3383780101,7:40,460,-75.1898142834651,40.0518717143354,-75.1941152941134,39.9546263068532,am_peak,TRUE,45,36.485688,ok,60.8,5.61666666666667,1.86666666666667,51.7333333333333,1.58333333333333,3,15466,20733
3383780102,11:10,670,-75.1941152941134,39.9546263068532,-75.1708705877199,39.9529581159317,off_peak,FALSE,20,11.429238,ok,7.93333333333333,1.28333333333333,0.716666666666667,4.66666666666667,1.26666666666667,0,20641,20646
3383780103,17:40,1060,-75.1708705877199,39.9529581159317,-75.1898142834651,40.0518717143354,pm_peak,TRUE,48,35.3169,ok,54.8666666666667,1.01666666666667,6.56666666666667,41.4166666666667,5.86666666666667,2,10272,1190
3418210201,7:30,450,-75.3495216111157,39.8940079236362,-75.1545851492175,39.9813757258968,am_peak,TRUE,65,61.294052,ok,90.1833333333333,3.48333333333333,12.4166666666667,67.6,6.68333333333333,2,19986,32148
3418210202,16:30,990,-75.1545851492175,39.9813757258968,-75.3495216111157,39.8940079236362,pm_peak,TRUE,40,59.874693,ok,95.7,1.55,5.83333333333333,84.5166666666667,3.8,7,16111,19933
3422520101,10:00,600,-75.1546939106137,40.0587336087499,-75.2032844122027,39.9507247552209,off_peak,FALSE,45,52.971734,ok,86.0833333333333,6.56666666666667,18.75,58.95,1.81666666666667,3,77,672
3422520102,11:15,675,-75.2032844122027,39.9507247552209,-75.2024327640643,39.9546329212277,off_peak,FALSE,,7.25,ok,11.7333333333333,2,3,0.533333333333333,6.2,0,674,22147
3422520104,11:30,690,-75.2024327640643,39.9546329212277,-75.1840170635385,39.9534784074457,off_peak,FALSE,45,11.197636,ok,12.25,1.73333333333333,3.26666666666667,6.83333333333333,0.416666666666667,0,421,20976
3422520105,12:30,750,-75.1840170635385,39.9534784074457,-75.1669894744938,39.9484799410289,off_peak,FALSE,30,15.275732,ok,20.4333333333333,0.416666666666667,3.31666666666667,10.8166666666667,5.88333333333333,0,20976,6061
3422520106,14:30,870,-75.1669894744938,39.9484799410289,-75.1584424033225,39.9474108270156,off_peak,FALSE,15,6.624648,ok,14.6166666666667,1,0.116666666666667,8.48333333333333,5.01666666666667,1,3042,6057
3422520107,15:00,900,-75.1584424033225,39.9474108270156,-75.1588750233838,39.9528401835985,off_peak,FALSE,30,8.554834,ok,12.4,1.03333333333333,6.05,2.91666666666667,2.4,1,16842,32331
3422520108,16:00,960,-75.1588750233838,39.9528401835985,-75.1648345113326,39.9541020155151,pm_peak,TRUE,30,6.572394,ok,11.8333333333333,1.86666666666667,6.13333333333333,3,0.833333333333333,0,10262,17842
3422520109,16:50,1010,-75.1648345113326,39.9541020155151,-75.1398050137829,40.0366774270012,pm_peak,TRUE,30,24.490754,ok,38.2666666666667,0.833333333333333,3.68333333333333,25.7333333333333,8.01666666666667,1,17842,32156
3422520110,17:30,1050,-75.1398050137829,40.0366774270012,-75.1546939106137,40.0587336087499,pm_peak,TRUE,20,25.643284,ok,29.4833333333333,0.7,0.533333333333333,20.1,8.15,1,30304,15546
3429820201,12:00,720,-75.4829079089365,40.0451966969818,-75.1612826317197,39.9532127364358,off_peak,FALSE,,54.16782,unreachable,,,,,,,,
3431120102,8:20,500,-74.9063874745106,40.0959040743494,-75.1659426772114,39.9531940428398,am_peak,TRUE,40,42.897435,ok,127.35,4.1,19.9,102,1.35,3,31251,32175
3431120103,17:11,1031,-75.1659426772114,39.9531940428398,-74.9063874745106,40.0959040743494,pm_peak,TRUE,39,39.253532,unreachable,,,,,,,,
3444160104,10:57,657,-75.2087795541006,40.0727929276456,-75.1834073455283,39.9599979498596,off_peak,FALSE,25,36.258583,ok,81.8833333333333,6.61666666666667,1.26666666666667,64.75,9.25,3,15427,20662
3444160108,14:45,885,-75.1834073455283,39.9599979498596,-75.2087795541006,40.0727929276456,off_peak,FALSE,32,36.117323,ok,77.8333333333333,7.6,1.4,61.4833333333333,7.35,3,28325,241
3451130101,8:57,537,-75.0433688624618,40.023440833582,-75.1435480547611,40.0048596231255,am_peak,TRUE,43,38.307483,ok,40.2833333333333,3.8,2.05,28.05,6.38333333333333,0,17951,18152
3451130102,9:44,584,-75.1435480547611,40.0048596231255,-75.1524573152991,39.9708851261141,off_peak,FALSE,38,24.927208,ok,39.7666666666667,3.66666666666667,14.3333333333333,19.3,2.46666666666667,2,16159,21087
3469170201,7:30,450,-75.2980139860381,39.9634906864851,-75.2980139860381,39.9634906864851,am_peak,TRUE,25,7.332438,ok,28.6833333333333,5.13333333333333,17.2,0.583333333333333,5.76666666666667,0,20064,20065
3469170202,17:15,1035,-75.2980139860381,39.9634906864851,-75.2626735411038,39.9640057100153,pm_peak,TRUE,30,17.361336,ok,38.1666666666667,5.13333333333333,17.5333333333333,10.6666666666667,4.83333333333333,0,20064,18830
3469170203,17:50,1070,-75.2626735411038,39.9640057100153,-75.2980139860381,39.9634906864851,pm_peak,TRUE,20,17.104922,ok,21.6166666666667,2.61666666666667,1.25,7.2,10.55,0,18639,18650
3471800101,7:30,450,-75.1067113574988,39.9836424590543,-75.202230610969,39.9458213862922,am_peak,TRUE,30,49.942541,ok,55,5.26666666666667,4.98333333333333,37.75,7,3,21113,301
3471800102,10:00,600,-75.202230610969,39.9458213862922,-75.1067113574988,39.9836424590543,off_peak,FALSE,0,42.58729,ok,59.9,5.85,2.38333333333333,46.4,5.26666666666667,3,31743,21113
3473810202,15:33,933,-75.1588750233838,39.9528401835985,-75.2806454415887,40.2304601821381,off_peak,FALSE,38,47.521966,unreachable,,,,,,,,
3478450201,3:10,190,-75.1829342839572,39.9329910377486,-75.2537661165936,40.1153802483396,off_peak,FALSE,180,,no_dest_stop,,,,,,,,
3478450202,19:15,1155,-75.2537661165936,40.1153802483396,-75.1829342839572,39.9329910377486,off_peak,FALSE,165,,no_origin_stop,,,,,,,,
3478450301,8:00,480,-75.1829342839572,39.9329910377486,-75.2351116826331,39.934447396763,am_peak,TRUE,30,31.62238,ok,40.4333333333333,0.95,1.93333333333333,32.3333333333333,5.21666666666667,3,25214,20822
3478450302,17:00,1020,-75.2351116826331,39.934447396763,-75.1829342839572,39.9329910377486,pm_peak,TRUE,60,35.124822,ok,44.0333333333333,5.38333333333333,0.633333333333333,36.7,1.31666666666667,2,20787,25213
3482100101,12:00,720,-75.1900612521521,39.9261972601751,-75.1632627264191,39.9610182840982,off_peak,FALSE,45,30.001757,ok,40.0833333333333,1.43333333333333,9.35,25.7166666666667,3.58333333333333,1,24241,32143
3482100102,13:15,795,-75.1632627264191,39.9610182840982,-75.1900612521521,39.9261972601751,off_peak,FALSE,120,28.701356,ok,39.95,2.78333333333333,4.5,30.8833333333333,1.78333333333333,2,22022,32284
3483550101,7:10,430,-75.1662120144978,39.9238115855567,-75.1591175345241,39.9419118021734,am_peak,TRUE,35,15.642321,ok,16.7833333333333,0.15,1.01666666666667,13.9,1.71666666666667,1,24253,16837
3483550105,16:30,990,-75.1580149724927,39.9493530835764,-75.1662120144978,39.9238115855567,pm_peak,TRUE,30,20.265733,ok,28.05,1.63333333333333,2.85,18.5166666666667,5.05,1,14885,1286
3485620201,8:00,480,-75.2087795541006,40.0727929276456,-75.1659426772114,39.9531940428398,am_peak,TRUE,50,39.893614,ok,63.85,6.61666666666667,10.1666666666667,44.2166666666667,2.85,1,15427,1281
3485620202,18:00,1080,-75.1659426772114,39.9531940428398,-75.2087795541006,40.0727929276456,pm_peak,TRUE,50,37.770337,ok,68.25,1.1,4.9,55.25,7,2,515,17776
3490040101,8:15,495,-75.2458322070382,39.9787834549805,-75.1545851492175,39.9813757258968,am_peak,TRUE,51,49.165754,ok,51.9666666666667,0.933333333333333,1.88333333333333,45.55,3.6,4,20612,17279
3490040103,14:40,880,-75.1741319574651,39.9575333855516,-75.1545851492175,39.9813757258968,off_peak,FALSE,46,28.421915,ok,32.1833333333333,0.433333333333333,2.3,22.7666666666667,6.68333333333333,2,3098,32148
3490040104,16:48,1008,-75.1545851492175,39.9813757258968,-75.2458322070382,39.9787834549805,pm_peak,TRUE,64,50.110264,ok,68.55,1.55,9.23333333333333,56.7333333333333,1.03333333333333,7,16111,20693
3494880102,4:37,277,-75.1297691436794,40.0713922682092,-75.1608290378846,39.9512565309348,off_peak,FALSE,23,26.21249,ok,107.95,3.91666666666667,16.2,86.0166666666667,1.81666666666667,4,16622,32174
3494880104,15:40,940,-75.1541388337345,39.9522458625874,-75.1297691436794,40.0713922682092,off_peak,FALSE,20,25.106486,ok,61,1.4,14.6,41.0833333333333,3.91666666666667,2,915,16622
3501660102,14:35,875,-75.1648345113326,39.9541020155151,-75.1655206281913,39.9477143701067,off_peak,FALSE,100,7.159904,ok,13.4666666666667,0.833333333333333,0.55,0.333333333333333,11.75,0,17842,14934
3501660103,20:30,1230,-75.1655206281913,39.9477143701067,-75.1648345113326,39.9541020155151,off_peak,FALSE,120,7.652922,ok,16.2333333333333,1.63333333333333,8.35,3.73333333333333,2.51666666666667,0,5229,17261
3501890104,9:20,560,-75.259257848951,39.9196161877979,-75.1941152941134,39.9546263068532,am_peak,TRUE,34,32.050757,ok,47.2166666666667,2.98333333333333,14.0833333333333,28.6333333333333,1.51666666666667,0,24568,20732
3501890107,17:45,1065,-75.1906300416804,39.958024348983,-75.2626735411038,39.9640057100153,pm_peak,TRUE,15,22.836948,ok,33.4333333333333,1.55,8,21.2666666666667,2.61666666666667,2,21524,18639
3501890108,18:05,1085,-75.2626735411038,39.9640057100153,-75.1937934209145,39.951852697735,pm_peak,TRUE,27,26.76929,ok,38.55,2.61666666666667,3.45,24.6,7.88333333333333,2,18639,2453
3501890202,11:47,707,-75.2833403981327,39.9123740495544,-75.2966603964201,39.9020047132286,off_peak,FALSE,3,15.590718,ok,25.2166666666667,4.21666666666667,3.78333333333333,14.55,2.66666666666667,1,4726,31402
3501890205,12:31,751,-75.2966603964201,39.9020047132286,-75.2833403981327,39.9123740495544,off_peak,FALSE,2,12.572461,ok,19.0833333333333,2.26666666666667,8.1,3.13333333333333,5.58333333333333,0,9948,20345
3516490101,6:15,375,-75.1599172675313,39.9309896846011,-75.1550139436622,39.9445812882334,am_peak,TRUE,25,16.532926,ok,17.15,2.13333333333333,3.48333333333333,7.43333333333333,4.1,1,16608,22251
3521040203,8:24,504,-75.1325211942729,40.0941668713503,-75.1648345113326,39.9541020155151,am_peak,TRUE,28,34.780763,ok,56.1166666666667,6.85,1.6,44.55,3.11666666666667,2,1053,1281
3521040208,17:51,1071,-75.1648345113326,39.9541020155151,-75.1325211942729,40.0941668713503,pm_peak,TRUE,29,33.845095,ok,58.2333333333333,2.25,3.3,42.3833333333333,10.3,3,5131,17456
3523090102,6:33,393,-75.2632015381214,39.9505426932584,-75.2626735411038,39.9640057100153,am_peak,TRUE,0,12.279288,ok,33.6666666666667,1.66666666666667,15.6166666666667,8.76666666666667,7.61666666666667,1,19620,19612
3523090104,14:56,896,-75.1612826317197,39.9532127364358,-75.1662257986882,39.9519342771783,off_peak,FALSE,2,5.546592,ok,11.85,1.96666666666667,7.16666666666667,0.866666666666667,1.85,0,32174,32175
3523090105,15:06,906,-75.1662257986882,39.9519342771783,-75.2626735411038,39.9640057100153,off_peak,FALSE,15,23.869646,ok,40.55,1.05,9.95,26.9333333333333,2.61666666666667,2,30320,18639
3523090106,15:25,925,-75.2626735411038,39.9640057100153,-75.2730699476355,39.952783790568,off_peak,FALSE,18,14.941881,ok,21.5166666666667,2.61666666666667,3.31666666666667,10.7333333333333,4.85,2,18639,18599
3526370204,9:00,540,-75.2134011763507,40.0130658815662,-75.175919233186,40.0332814777088,am_peak,TRUE,35,31.740063,ok,34.0333333333333,7.3,7.66666666666667,15.0333333333333,4.03333333333333,0,14995,5805
3531220101,6:55,415,-75.4630660144789,40.0474160739304,-75.1779217463161,39.9533873770951,am_peak,TRUE,55,45.65507,ok,122.4,9.1,26.4166666666667,85.6,1.28333333333333,4,19373,10283
3531220102,17:25,1045,-75.1779217463161,39.9533873770951,-75.4630660144789,40.0474160739304,pm_peak,TRUE,110,46.637494,unreachable,,,,,,,,
3546240301,8:00,480,-75.0465195441935,40.0283762827018,-75.0612157075945,40.0086516088368,am_peak,TRUE,45,24.792815,ok,35.55,6.16666666666667,10.6833333333333,6.43333333333333,12.2666666666667,0,17951,17981
3554480101,8:30,510,-75.1782289254393,39.9273662256759,-75.1937934209145,39.951852697735,am_peak,TRUE,35,25.276286,ok,38.7333333333333,1.2,12.3333333333333,22.1,3.1,1,21297,21360
3554480102,17:15,1035,-75.1937934209145,39.951852697735,-75.1782289254393,39.9273662256759,pm_peak,TRUE,25,32.185683,ok,38.2666666666667,2.41666666666667,2.58333333333333,24.9166666666667,8.35,2,30643,25217
3554480201,10:00,600,-75.1782289254393,39.9273662256759,-75.1611907875754,39.9477574019743,off_peak,FALSE,45,22.724146,ok,30.85,1.2,1.83333333333333,18.9666666666667,8.85,1,21297,283
3554480202,18:00,1080,-75.1611907875754,39.9477574019743,-75.1782289254393,39.9273662256759,pm_peak,TRUE,60,22.721886,ok,29.9333333333333,2.35,4.7,19.2833333333333,3.6,2,14886,24292
3565060101,9:30,570,-75.1813387898497,40.0295103180276,-75.173930383129,39.954707841715,off_peak,FALSE,60,30.031529,ok,64.35,0.283333333333333,14.9666666666667,46.9,2.2,2,31669,18447
3568880102,9:16,556,-74.9853265543148,40.0477525065309,-75.1928742171467,39.9459041130135,am_peak,TRUE,50,42.914459,ok,96.65,5.46666666666667,11.9333333333333,68.0833333333333,11.1666666666667,2,22692,20734
3568880103,11:45,705,-75.1928742171467,39.9459041130135,-75.1588750233838,39.9528401835985,off_peak,FALSE,25,24.491364,ok,33.4833333333333,3.98333333333333,6.93333333333333,20.35,2.21666666666667,2,31744,2456
3568880202,9:16,556,-74.9853265543148,40.0477525065309,-75.1928742171467,39.9459041130135,am_peak,TRUE,48,42.914459,ok,96.65,5.46666666666667,11.9333333333333,68.0833333333333,11.1666666666667,2,22692,20734
3568880203,11:45,705,-75.1928742171467,39.9459041130135,-75.1588750233838,39.9528401835985,off_peak,FALSE,25,24.491364,ok,33.4833333333333,3.98333333333333,6.93333333333333,20.35,2.21666666666667,2,31744,2456
3574140203,6:58,418,-75.5182227312107,40.0361776802347,-75.1588750233838,39.9528401835985,am_peak,TRUE,48,52.859265,unreachable,,,,,,,,
3574140206,16:46,1006,-75.1427276091799,39.9500099248171,-75.1584725274299,39.950967187359,pm_peak,TRUE,3,7.253304,ok,11.95,1.45,5.95,3.08333333333333,1.46666666666667,0,32170,32173
3577750301,7:10,430,-75.1781614636911,39.9498663111966,-75.1612826317197,39.9532127364358,am_peak,TRUE,24,13.409997,ok,27.1,0.933333333333333,3.2,18.8666666666667,4.1,2,22235,32141
3579640101,5:54,354,-75.274466211559,40.2111841677703,-75.1647675352254,39.9513827603519,off_peak,FALSE,46,56.61263,ok,103.283333333333,3.11666666666667,13.5,84.3833333333333,2.28333333333333,2,27519,1392
3579640102,15:30,930,-75.1647675352254,39.9513827603519,-75.274466211559,40.2111841677703,off_peak,FALSE,70,52.446211,unreachable,,,,,,,,
3588880101,10:35,635,-75.2697148355171,39.9862485416151,-75.1509013014001,40.0025369261947,off_peak,FALSE,55,61.68193,ok,71.4333333333333,10.0166666666667,11.55,46.6833333333333,3.18333333333333,2,32720,32151
3588880102,14:30,870,-75.1509013014001,40.0025369261947,-75.1495939755084,40.0125900284939,off_peak,FALSE,40,11.450578,ok,26.2166666666667,1.8,9.01666666666667,4.06666666666667,11.3333333333333,0,30065,17368
3588880103,15:50,950,-75.1495939755084,40.0125900284939,-75.1379390053678,40.0162879355525,off_peak,FALSE,40,18.600063,ok,34.0166666666667,3.35,5.51666666666667,16.55,8.6,1,16886,22406
3588880201,7:00,420,-75.1379390053678,40.0162879355525,-75.2697148355171,39.9862485416151,am_peak,TRUE,60,74.416215,ok,80.5833333333333,2.05,1.88333333333333,65.5666666666667,11.0833333333333,3,32314,2002
3588880202,10:35,635,-75.2697148355171,39.9862485416151,-75.1509013014001,40.0025369261947,off_peak,FALSE,55,61.68193,ok,71.4333333333333,10.0166666666667,11.55,46.6833333333333,3.18333333333333,2,32720,32151
3588880203,14:30,870,-75.1509013014001,40.0025369261947,-75.1495939755084,40.0125900284939,off_peak,FALSE,40,11.450578,ok,26.2166666666667,1.8,9.01666666666667,4.06666666666667,11.3333333333333,0,30065,17368
3588880204,15:40,940,-75.1495939755084,40.0125900284939,-75.1379390053678,40.0162879355525,off_peak,FALSE,50,18.600063,ok,19.1,1.41666666666667,3.23333333333333,9.86666666666667,4.58333333333333,2,17302,16146
3593950101,14:24,864,-75.1742218041379,39.9513700637455,-75.1957094473416,39.9494354858208,off_peak,FALSE,26,15.487689,ok,23.3333333333333,1.65,7.7,10.0166666666667,3.96666666666667,0,14086,31393
3593950105,18:26,1106,-75.2024327640643,39.9546329212277,-75.1742218041379,39.9513700637455,pm_peak,TRUE,10,17.113547,ok,24.4833333333333,0.883333333333333,4.11666666666667,17.1166666666667,2.36666666666667,1,433,6065
3596790101,11:00,660,-75.1603362537134,39.9167023901516,-75.1543285653421,39.912135860101,off_peak,FALSE,15,6.724507,ok,22.5833333333333,1.26666666666667,13.3833333333333,2.23333333333333,5.7,0,16314,24347
3604970202,17:30,1050,-75.1632627264191,39.9610182840982,-75.150229373412,39.9517620658106,pm_peak,TRUE,15,18.096997,ok,15.6,2.85,1.11666666666667,9.66666666666667,1.96666666666667,1,17169,10329
3604970203,19:15,1155,-75.150229373412,39.9517620658106,-75.1768973037301,39.9372294658397,off_peak,FALSE,30,20.786151,ok,39.2,1.73333333333333,13.2666666666667,21.8,2.4,0,359,21325
3605510104,15:38,938,-75.2376648010527,39.9482763035952,-75.2351116826331,39.934447396763,off_peak,FALSE,9,14.864683,ok,18.7833333333333,2.98333333333333,0.0166666666666667,7.46666666666667,8.31666666666667,0,198,24532
3605510201,6:00,360,-75.1612826317197,39.9532127364358,-75.2351116826331,39.934447396763,am_peak,TRUE,60,29.486761,ok,32.1166666666667,1.91666666666667,0.233333333333333,24.75,5.21666666666667,1,10264,20822
3605510204,20:30,1230,-75.2351116826331,39.934447396763,-75.1612826317197,39.9532127364358,off_peak,FALSE,90,27.363237,ok,37.1666666666667,5.38333333333333,10.6333333333333,18.9833333333333,2.16666666666667,0,20787,283
3607950102,10:15,615,-75.1515094031092,39.9207626635082,-75.150229373412,39.9517620658106,off_peak,FALSE,15,24.701409,ok,29.85,2.41666666666667,1.13333333333333,23.4333333333333,2.86666666666667,2,17385,2458
3613500206,16:00,960,-75.1612826317197,39.9532127364358,-75.1612826317197,39.9532127364358,pm_peak,TRUE,,4.127778,ok,6.11666666666667,1.83333333333333,0.15,1.01666666666667,3.11666666666667,0,4461,4474
3633010101,8:30,510,-75.1247882287306,39.9802857304346,-75.2626735411038,39.9640057100153,am_peak,TRUE,30,44.687846,ok,55.95,1.75,2.53333333333333,42.5166666666667,9.15,3,16333,30632
3633010102,9:30,570,-75.2626735411038,39.9640057100153,-75.3967642023521,39.912580844843,off_peak,FALSE,30,45.224822,ok,68.4666666666667,4.83333333333333,2.23333333333333,48.9666666666667,12.4333333333333,2,18830,18613
3633010103,16:30,990,-75.3967642023521,39.912580844843,-75.1247882287306,39.9802857304346,pm_peak,TRUE,30,72.557907,ok,120.75,9.18333333333333,21.35,77.8,12.4166666666667,2,20032,2460
3633010104,17:10,1030,-75.1247882287306,39.9802857304346,-75.1247882287306,39.9802857304346,pm_peak,TRUE,30,6.798726,ok,7.43333333333333,2.45,0.716666666666667,0.533333333333333,3.73333333333333,0,32704,32705
3634880201,8:05,485,-75.2784887557887,39.9397339356879,-75.1682068169821,39.957491721513,am_peak,TRUE,,42.453796,ok,67.7833333333333,4.83333333333333,2.93333333333333,50.2333333333333,9.78333333333333,2,19902,1392
3637010102,7:43,463,-75.4829079089365,40.0451966969818,-75.1834073455283,39.9599979498596,am_peak,TRUE,42,37.682509,ok,103.383333333333,6.05,7.11666666666667,80.8333333333333,9.38333333333333,2,19391,21532
3637010107,13:05,785,-75.1779217463161,39.9533873770951,-75.1941152941134,39.9546263068532,off_peak,FALSE,5,10.861325,ok,12.0166666666667,1.28333333333333,0.9,8.25,1.58333333333333,1,10283,20733
3637010110,13:49,829,-75.2024327640643,39.9546329212277,-75.1834073455283,39.9599979498596,off_peak,FALSE,2,16.851033,ok,33.3833333333333,0.883333333333333,1.11666666666667,22,9.38333333333333,2,433,21532
3657130106,21:15,1275,-75.1445453348899,39.9427167473736,-75.1480724206306,39.9424699004001,off_peak,FALSE,45,3.35,ok,7.43333333333333,2.61666666666667,3.38333333333333,0.283333333333333,1.15,0,21249,22258
3657130207,21:30,1290,-75.1591175345241,39.9419118021734,-75.1480724206306,39.9424699004001,off_peak,FALSE,30,10.819844,ok,18.0833333333333,1.61666666666667,10.7666666666667,3.33333333333333,2.36666666666667,0,22249,22255
3661170103,8:36,516,-75.1584725274299,39.950967187359,-75.2626735411038,39.9640057100153,am_peak,TRUE,15,25.090802,ok,27.4166666666667,1.46666666666667,3.01666666666667,20.3166666666667,2.61666666666667,1,32173,18639
3664520104,16:40,1000,-75.4829079089365,40.0451966969818,-75.1588750233838,39.9528401835985,pm_peak,TRUE,45,58.610662,ok,106.483333333333,5.36666666666667,0.633333333333333,98.2666666666667,2.21666666666667,5,1874,2456
3673860201,10:00,600,-75.1213011404462,39.9783266828423,-75.1427276091799,39.9500099248171,off_peak,FALSE,20,22.445479,ok,50.3666666666667,0.683333333333333,26.2333333333333,21.0333333333333,2.41666666666667,1,16336,24043
3673860203,11:40,700,-75.1977262540913,39.9594259908695,-75.1213011404462,39.9783266828423,off_peak,FALSE,20,38.58122,ok,50.3166666666667,1.81666666666667,11.8,36.0166666666667,0.683333333333333,2,20638,16336
3678950301,8:00,480,-75.1662120144978,39.9238115855567,-75.1545851492175,39.9813757258968,am_peak,TRUE,45,27.943671,ok,36.1833333333333,0.416666666666667,1.76666666666667,27.3166666666667,6.68333333333333,2,16577,32148
3679490104,15:20,920,-75.2774149663199,39.9687743576991,-75.1541388337345,39.9522458625874,off_peak,FALSE,20,32.751294,ok,43.35,6.38333333333333,5.05,29.7,2.21666666666667,1,18824,2457
3698530101,9:30,570,-75.1697103405146,40.0285190426739,-75.1537481432666,39.9503794767793,off_peak,FALSE,30,31.050788,ok,49.0166666666667,2.01666666666667,11.8666666666667,26.6166666666667,8.51666666666667,1,17128,2440
3698530102,12:00,720,-75.1537481432666,39.9503794767793,-75.1697103405146,40.0285190426739,off_peak,FALSE,60,30.597312,ok,33.3333333333333,1.41666666666667,0.833333333333333,27.95,3.13333333333333,1,32144,18227
3703190201,19:30,1170,-75.1268140035489,40.0819703941513,-75.1659426772114,39.9531940428398,off_peak,FALSE,,47.055049,ok,49.35,0.566666666666667,5.26666666666667,40.6666666666667,2.85,1,17517,1281
3712900101,15:40,940,-75.3461204046108,39.9094203303953,-75.3461204046108,39.9094203303953,off_peak,FALSE,20,12.692349,ok,27.9166666666667,4.96666666666667,13.35,1.61666666666667,7.98333333333333,0,30415,19930
3745500102,10:20,620,-75.208260147084,39.9463603580681,-75.1537481432666,39.9503794767793,off_peak,FALSE,3,21.030085,ok,30.4666666666667,1.7,8.96666666666667,18.4666666666667,1.33333333333333,1,20729,2457
3769830102,11:30,690,-75.1668204811424,39.9566224991973,-75.1937934209145,39.951852697735,off_peak,FALSE,45,19.099344,ok,25.6,1.33333333333333,0.833333333333333,20.9833333333333,2.45,3,2707,21449
3772110201,7:18,438,-75.2997775853713,39.939031243255,-75.1632627264191,39.9610182840982,am_peak,TRUE,42,54.401493,ok,60.5166666666667,5.91666666666667,4.08333333333333,47.4333333333333,3.08333333333333,2,19256,17264
3772110202,16:45,1005,-75.1632627264191,39.9610182840982,-75.2997775853713,39.939031243255,pm_peak,TRUE,45,47.925501,ok,56.1833333333333,2.85,5.28333333333333,43.1166666666667,4.93333333333333,3,17169,15327
3775560104,12:35,755,-75.3170969015922,40.0208081125859,-75.263745391218,39.9965055434734,off_peak,FALSE,5,24.140791,ok,26.7,0.483333333333333,4.51666666666667,16,5.7,0,2018,19455
3777160101,12:40,760,-75.1571353154683,39.9662123143604,-75.1705068930163,39.9509065904554,off_peak,FALSE,35,19.55865,ok,24.95,0.433333333333333,0.366666666666667,17.5,6.65,1,16121,8936
3777160102,13:34,814,-75.1705068930163,39.9509065904554,-75.1569523625043,39.943116935689,off_peak,FALSE,24,17.956833,ok,14.7833333333333,2.38333333333333,0.483333333333333,10.85,1.06666666666667,1,15399,22250
3777160104,14:25,865,-75.1591175345241,39.9419118021734,-75.1571353154683,39.9662123143604,off_peak,FALSE,32,21.381213,ok,26.1833333333333,1.71666666666667,2.68333333333333,18.8833333333333,2.9,1,16837,16854
3777160201,12:30,750,-75.1571353154683,39.9662123143604,-75.1584725274299,39.950967187359,off_peak,FALSE,,12.933255,ok,22.0166666666667,0.433333333333333,10.3666666666667,8.2,3.01666666666667,0,16121,756
3777160203,15:30,930,-75.1560983260195,39.9553691545034,-75.1571353154683,39.9662123143604,off_peak,FALSE,30,11.553389,ok,15.1833333333333,1.9,0.466666666666667,9.91666666666667,2.9,0,16846,16854
3779200101,10:30,630,-75.07263574168,40.0408416566457,-75.0593151476913,40.0302346423682,off_peak,FALSE,12,12.733217,ok,52.2166666666667,0.416666666666667,20.4166666666667,26.15,5.23333333333333,2,15859,15760
3782060202,8:30,510,-75.3195257705183,40.0049815590517,-75.1648345113326,39.9541020155151,am_peak,TRUE,15,46.003463,ok,51.85,10.5666666666667,8.05,30.3833333333333,2.85,1,32198,1392
3782060205,17:14,1034,-75.1634808483634,39.9480403151119,-75.1634808483634,39.9480403151119,pm_peak,TRUE,26,3.958333,ok,5.8,1.36666666666667,1.3,0.783333333333333,2.35,0,5229,15941
3784140203,6:35,395,-75.1638872349499,39.9525548857932,-75.2134011763507,40.0130658815662,am_peak,TRUE,24,31.82924,ok,31.2,1.85,2.15,18,9.2,1,283,28
3797000102,16:45,1005,-75.1648345113326,39.9541020155151,-75.6982311138271,40.0135155865065,pm_peak,TRUE,65,91.536477,unreachable,,,,,,,,
3811460204,21:40,1300,-75.1540803782248,39.9488624668665,-75.1491478561502,39.9298438746743,off_peak,FALSE,43,16.265365,ok,33.0666666666667,1.33333333333333,4.51666666666667,22.2666666666667,4.95,2,14882,30881
3825960201,7:30,450,-75.3024393659454,39.9834631042535,-75.1659426772114,39.9531940428398,am_peak,TRUE,45,43.136595,ok,70.45,5.61666666666667,21,42.3833333333333,1.45,2,18863,1392
3825960202,17:05,1025,-75.1659426772114,39.9531940428398,-75.3024393659454,39.9834631042535,pm_peak,TRUE,55,39.843902,ok,53.0833333333333,1.1,2.9,43,6.08333333333333,3,515,18860
3828300105,8:05,485,-75.0798260530761,40.0248633027149,-75.1678754160498,39.9518178612404,am_peak,TRUE,25,34.485307,ok,48.9166666666667,2.65,2.35,40,3.91666666666667,1,21211,32175
3828300106,19:00,1140,-75.1678754160498,39.9518178612404,-75.041057350286,40.0391573349906,off_peak,FALSE,60,50.178886,ok,60.5166666666667,1.6,1.6,52.8,4.51666666666667,2,6061,961
3828300302,6:57,417,-75.0548710138514,40.0392738731303,-75.1448779639192,40.0113597410072,am_peak,TRUE,40,40.971962,ok,62.9166666666667,5.25,3.86666666666667,44.1333333333333,9.66666666666667,3,22487,140
3828300303,14:39,879,-75.1448779639192,40.0113597410072,-75.0798260530761,40.0248633027149,off_peak,FALSE,26,33.46788,ok,50.3333333333333,1.65,10.1333333333333,33.2166666666667,5.33333333333333,1,16396,30388
3828300304,15:15,915,-75.0798260530761,40.0248633027149,-75.041057350286,40.0391573349906,off_peak,FALSE,20,23.596679,ok,34.5166666666667,2.06666666666667,0.233333333333333,27.7,4.51666666666667,2,30219,961
3830520202,6:51,411,-75.1531176077862,40.0998645962702,-75.1648345113326,39.9541020155151,am_peak,TRUE,151,35.407063,ok,69.1166666666667,1.2,5.3,59.5,3.11666666666667,2,1052,1281
3840300101,10:30,630,-75.2421801680258,39.9481308791093,-75.2503777426564,39.9710914282717,off_peak,FALSE,60,28.181371,ok,37.7166666666667,2.23333333333333,2.48333333333333,20.6,12.4,2,21821,32184
3840300102,12:00,720,-75.2503777426564,39.9710914282717,-75.2421801680258,39.9481308791093,off_peak,FALSE,0,24.069068,ok,57.1666666666667,6.9,24.6833333333333,23.2833333333333,2.3,2,20583,21820
3854510101,8:08,488,-75.124494522152,40.1214440489086,-75.1962680244175,40.0724717157188,am_peak,TRUE,79,51.241705,ok,75.4,8.36666666666667,16.7,46.9333333333333,3.4,2,27533,1066
3862330102,16:30,990,-75.1517226930339,39.9485721389241,-74.9399477360023,40.1745544172025,pm_peak,TRUE,450,78.696143,no_dest_stop,,,,,,,,
3863520105,15:25,925,-75.1742218041379,39.9513700637455,-75.1652643007328,39.9488899960486,off_peak,FALSE,20,12.196044,ok,14.4666666666667,1.46666666666667,3.13333333333333,4.8,5.06666666666667,0,6064,14907
3863520106,16:15,975,-75.1652643007328,39.9488899960486,-75.1742218041379,39.9513700637455,pm_peak,TRUE,20,7.948627,ok,14,1.46666666666667,5.11666666666667,5.76666666666667,1.65,0,14079,14086
3881100104,17:50,1070,-75.1545693550523,40.0111496191661,-75.1546498738633,40.0261270665432,pm_peak,TRUE,40,17.347881,ok,24.1833333333333,1.8,4.1,8.35,9.93333333333333,1,12058,32154
3884280202,6:19,379,-75.2823535717739,40.2437347422191,-75.1941152941134,39.9546263068532,am_peak,TRUE,62,71.339909,unreachable,,,,,,,,
3884280208,16:29,989,-75.1928742171467,39.9459041130135,-75.1834073455283,39.9599979498596,pm_peak,TRUE,4,16.033201,ok,23.6,3.98333333333333,1.93333333333333,10.0833333333333,7.6,0,31744,28325
3884280209,16:40,1000,-75.1834073455283,39.9599979498596,-75.2823535717739,40.2437347422191,pm_peak,TRUE,54,66.594024,ok,139.866666666667,7.26666666666667,12.7333333333333,115.066666666667,4.8,3,32702,27461
3891190102,7:50,470,-75.1944243101308,40.0409483586041,-75.1834073455283,39.9599979498596,am_peak,TRUE,25,26.583157,ok,70.3166666666667,1.16666666666667,17.5666666666667,40.45,11.1333333333333,2,16462,20440
3891190103,8:30,510,-75.1834073455283,39.9599979498596,-75.202230610969,39.9458213862922,am_peak,TRUE,5,20.048522,ok,34.65,7.6,6.4,14.5833333333333,6.06666666666667,0,28325,21230
3891190104,16:45,1005,-75.202230610969,39.9458213862922,-75.202230610969,39.9458213862922,pm_peak,TRUE,20,7.672936,ok,15.2833333333333,6.71666666666667,2.08333333333333,0.633333333333333,5.85,0,21435,31743
3891190105,17:21,1041,-75.202230610969,39.9458213862922,-75.202230610969,39.9458213862922,pm_peak,TRUE,19,7.672936,ok,15.6333333333333,6.06666666666667,1.56666666666667,0.766666666666667,7.23333333333333,0,21230,21451
3892120102,6:06,366,-75.1297691436794,40.0713922682092,-75.1588750233838,39.9528401835985,am_peak,TRUE,18,25.77019,ok,52.4833333333333,3.91666666666667,3.43333333333333,42.9166666666667,2.21666666666667,3,16622,2456
3892120103,6:29,389,-75.1588750233838,39.9528401835985,-75.1466622121185,39.9478355374067,am_peak,TRUE,10,11.803805,ok,15.5,2.03333333333333,2.63333333333333,4.33333333333333,6.5,0,10259,638
3892120104,15:15,915,-75.1466622121185,39.9478355374067,-75.1588750233838,39.9528401835985,off_peak,FALSE,10,12.634956,ok,15.5833333333333,1.58333333333333,1.48333333333333,10.4166666666667,2.1,2,17564,32173
3892120105,15:35,935,-75.1588750233838,39.9528401835985,-75.1256172805438,40.0721167066709,off_peak,FALSE,35,25.390223,ok,69.6,1.86666666666667,2.41666666666667,58.3666666666667,6.95,4,10262,16623
3892120201,6:30,390,-75.1256172805438,40.0721167066709,-75.1691139313301,39.9535949564727,am_peak,TRUE,33,37.730184,ok,44.7333333333333,1.26666666666667,1.18333333333333,35.05,7.23333333333333,1,23561,1281
3892120202,17:00,1020,-75.1691139313301,39.9535949564727,-75.1256172805438,40.0721167066709,pm_peak,TRUE,35,34.33498,ok,57.4833333333333,1.35,0,54.9,1.23333333333333,3,8938,23439
3893490101,8:50,530,-75.292284771946,39.9595531624096,-75.1957094473416,39.9494354858208,am_peak,TRUE,70,41.539176,ok,60.7666666666667,2.96666666666667,13.8166666666667,41.6333333333333,2.35,3,13377,22232
3893490102,13:30,810,-75.1957094473416,39.9494354858208,-75.292284771946,39.9595531624096,off_peak,FALSE,60,41.297545,ok,39.75,3.08333333333333,2.36666666666667,31.3333333333333,2.96666666666667,2,20731,13377
3898250104,17:05,1025,-75.1588750233838,39.9528401835985,-75.1505658415867,39.9464361327538,pm_peak,TRUE,70,14.243982,ok,20.35,2.03333333333333,6.55,3.43333333333333,8.33333333333333,0,10259,10331
3900760203,8:00,480,-75.0589191747288,40.0341434174917,-75.1612826317197,39.9532127364358,am_peak,TRUE,570,40.456281,ok,51.1,6.96666666666667,0.433333333333333,41.7333333333333,1.96666666666667,2,15758,32174
3904970101,8:26,506,-75.0529627230323,40.0535132505067,-75.0529627230323,40.0535132505067,am_peak,TRUE,4,5.372656,ok,15.0166666666667,2.85,9,0.35,2.81666666666667,0,23281,23282
3904970102,11:00,660,-75.0529627230323,40.0535132505067,-75.0392105966606,40.0749172415666,off_peak,FALSE,30,19.313766,ok,25.7833333333333,2.76666666666667,8.58333333333333,7.76666666666667,6.66666666666667,0,23103,23117
3904970103,13:00,780,-75.0392105966606,40.0749172415666,-75.0529627230323,40.0535132505067,off_peak,FALSE,0,13.852442,ok,25.0833333333333,6.1,8.75,6.96666666666667,3.26666666666667,0,22898,22909
3905510101,8:30,510,-75.1483131665262,39.937767343598,-75.1691139313301,39.9535949564727,am_peak,TRUE,,22.370401,ok,30.7166666666667,0.166666666666667,7.85,21,1.7,1,17546,8936
3923520101,14:15,855,-75.159777549525,39.9192696273914,-75.1722288078707,39.9400534674801,off_peak,FALSE,15,29.534345,ok,41.9666666666667,1.2,10.9,26.9,2.96666666666667,3,18493,24760
3923520103,15:35,935,-75.1722288078707,39.9400534674801,-75.159777549525,39.9192696273914,off_peak,FALSE,15,21.572144,ok,31.3333333333333,1.26666666666667,2.9,25.95,1.21666666666667,2,2663,16312
3923520501,7:40,460,-75.159777549525,39.9192696273914,-75.1722288078707,39.9400534674801,am_peak,TRUE,20,26.940069,ok,30.2833333333333,1.21666666666667,0.9,18.1333333333333,10.0333333333333,2,16312,32138
3923520503,15:30,930,-75.1722288078707,39.9400534674801,-75.159777549525,39.9192696273914,off_peak,FALSE,510,21.572144,ok,36.3333333333333,1.26666666666667,7.9,25.95,1.21666666666667,2,2663,16312
3929400102,9:15,555,-75.2414396306448,39.9567061667391,-75.1603747972298,39.949646258079,am_peak,TRUE,,24.272818,ok,25.3333333333333,0.716666666666667,1.28333333333333,18.7,4.63333333333333,1,715,2455
3929400104,17:45,1065,-75.1662257986882,39.9519342771783,-75.2414396306448,39.9567061667391,pm_peak,TRUE,10,21.068062,ok,29.2833333333333,1.53333333333333,0.233333333333333,17.8333333333333,9.68333333333333,1,10266,32182
3936810103,8:02,482,-75.1537481432666,39.9503794767793,-75.1834073455283,39.9599979498596,am_peak,TRUE,8,15.271516,ok,19.25,1.46666666666667,4.01666666666667,4.51666666666667,9.25,0,32172,32176
3941850105,13:50,830,-75.2782358419767,40.1133698952466,-74.9452110255043,40.1208986646202,off_peak,FALSE,170,56.066667,unreachable,,,,,,,,
3947730201,7:00,420,-75.3005464116087,40.0904763752531,-75.1706866571216,39.953785415184,am_peak,TRUE,50,70.058423,ok,89.75,11.95,4.38333333333333,72.1166666666667,1.3,2,27302,20660
3947730202,17:05,1025,-75.1706866571216,39.953785415184,-75.3005464116087,40.0904763752531,pm_peak,TRUE,65,69.131219,ok,90.3833333333333,1.41666666666667,1.05,75.95,11.9666666666667,3,10272,29496
3949980102,16:30,990,-75.1569523625043,39.943116935689,-75.1655206281913,39.9477143701067,pm_peak,TRUE,15,10.27426,ok,16.4833333333333,1,6.81666666666667,3.18333333333333,5.48333333333333,0,22264,663
3952890102,7:15,435,-75.3862490558174,39.9062101361711,-75.1928742171467,39.9459041130135,am_peak,TRUE,23,32.38735,unreachable,,,,,,,,
3952890105,17:28,1048,-75.1928742171467,39.9459041130135,-75.3862490558174,39.9062101361711,pm_peak,TRUE,25,32.963278,ok,97.05,3.83333333333333,6.56666666666667,80.7333333333333,5.91666666666667,6,21439,2174
3956070101,7:30,450,-75.2473767570295,40.0956050286212,-75.1505658415867,39.9464361327538,am_peak,TRUE,60,79.000509,no_origin_stop,,,,,,,,
3966570202,11:40,700,-75.0970591119887,40.1962393455377,-75.2318795104928,39.8804695206274,off_peak,FALSE,80,110.429224,unreachable,,,,,,,,
3966890102,9:00,540,-75.0746518061582,39.9953315333685,-75.2335550889088,39.9485225505081,am_peak,TRUE,60,64.095456,ok,77.5333333333333,2.3,13.4,59.45,2.38333333333333,2,23783,20890
3966890103,13:15,795,-75.2335550889088,39.9485225505081,-75.0746518061582,39.9953315333685,off_peak,FALSE,75,68.306777,ok,82.9166666666667,2.33333333333333,11.4333333333333,66.6166666666667,2.53333333333333,3,20864,23782
3966890104,16:30,990,-75.0746518061582,39.9953315333685,-75.2335550889088,39.9485225505081,pm_peak,TRUE,120,64.071138,ok,66.7333333333333,2.3,3.4,57.35,3.68333333333333,3,23783,24524
3998300101,9:45,585,-75.1722789942054,39.9539778646615,-75.1662257986882,39.9519342771783,off_peak,FALSE,15,5.708835,ok,14.4333333333333,1.38333333333333,1.28333333333333,0.65,11.1166666666667,0,8941,14916
3998560101,8:00,480,-75.1773253490168,39.9478229139105,-75.2240469261417,40.0283746179593,am_peak,TRUE,47,29.961394,ok,61.9833333333333,1.45,5.55,47.4333333333333,7.55,4,22278,16024
4004890302,8:06,486,-75.3460361638143,40.1143423687777,-75.1480260525691,39.9820906148628,am_peak,TRUE,39,36.455461,ok,97.8666666666667,1.95,8.05,74.8666666666667,13,4,32185,17158
4004890304,17:16,1036,-75.1446587384151,39.9502859178682,-75.2783533552924,39.9575793577259,pm_peak,TRUE,44,37.642814,ok,43.3333333333333,1.18333333333333,3.15,32.3333333333333,6.66666666666667,2,30079,18599
4004890307,19:01,1141,-75.2783533552924,39.9575793577259,-75.2626735411038,39.9640057100153,off_peak,FALSE,29,12.463426,ok,21.3833333333333,6.21666666666667,7.55,2.78333333333333,4.83333333333333,0,15102,18830
4004890308,19:40,1180,-75.2626735411038,39.9640057100153,-75.2783533552924,39.9575793577259,off_peak,FALSE,20,12.870081,ok,21.4,2.61666666666667,0.0666666666666667,12.1166666666667,6.6,1,18639,13414
4005130103,17:30,1050,-75.1711863712317,39.9750643402378,-75.1815493379532,39.9195932035454,pm_peak,TRUE,40,40.342011,ok,35.1166666666667,4.21666666666667,0.233333333333333,27.7833333333333,2.88333333333333,2,21078,21346
4005130104,21:40,1300,-75.1815493379532,39.9195932035454,-75.1711863712317,39.9750643402378,off_peak,FALSE,15,38.922496,ok,50.9,2.68333333333333,0.866666666666667,34.45,12.9,1,24369,108
4012760103,7:46,466,-75.1947508247048,40.0550864009275,-75.1648345113326,39.9541020155151,am_peak,TRUE,32,40.20071,ok,54.1166666666667,1.61666666666667,2.31666666666667,47.0666666666667,3.11666666666667,1,17016,1281
4012760106,17:18,1038,-75.1648345113326,39.9541020155151,-75.1947508247048,40.0550864009275,pm_peak,TRUE,32,37.838678,ok,63.5833333333333,0.833333333333333,0.683333333333333,51.5833333333333,10.4833333333333,2,17842,17228
4012760203,7:42,462,-75.1947508247048,40.0550864009275,-75.1648345113326,39.9541020155151,am_peak,TRUE,36,40.20071,ok,58.1166666666667,1.61666666666667,6.31666666666667,47.0666666666667,3.11666666666667,1,17016,1281
4012760206,17:16,1036,-75.1648345113326,39.9541020155151,-75.1947508247048,40.0550864009275,pm_peak,TRUE,34,37.838678,ok,65.5833333333333,0.833333333333333,2.68333333333333,51.5833333333333,10.4833333333333,2,17842,17228
4013690102,8:06,486,-75.4630660144789,40.0474160739304,-75.1834073455283,39.9599979498596,am_peak,TRUE,32,41.533301,ok,152,9.1,27.4166666666667,107.5,7.98333333333333,2,19373,1537
4013690103,8:40,520,-75.1834073455283,39.9599979498596,-75.1834073455283,39.9599979498596,am_peak,TRUE,1,4.598742,ok,18.5166666666667,7.26666666666667,0.733333333333333,1.13333333333333,9.38333333333333,0,32702,21528
4013690106,16:01,961,-75.1906300416804,39.958024348983,-75.1834073455283,39.9599979498596,pm_peak,TRUE,4,13.234685,ok,14.2,2.41666666666667,2.8,0.683333333333333,8.3,0,21537,21538
4013690108,16:15,975,-75.1834073455283,39.9599979498596,-75.4630660144789,40.0474160739304,pm_peak,TRUE,35,42.752855,ok,93.3,7.26666666666667,7.73333333333333,69.2,9.1,3,32702,19373
4013690301,12:00,720,-75.4630660144789,40.0474160739304,-75.1906300416804,39.958024348983,off_peak,FALSE,60,52.702052,unreachable,,,,,,,,
4020640202,7:49,469,-75.1325211942729,40.0941668713503,-75.1928742171467,39.9459041130135,am_peak,TRUE,33,48.660586,unreachable,,,,,,,,
4020640205,17:13,1033,-75.1834073455283,39.9599979498596,-75.7773113001476,39.9924677984963,pm_peak,TRUE,52,84.546441,unreachable,,,,,,,,
4032620102,8:09,489,-75.1662120144978,39.9238115855567,-75.162026191264,39.9785569548507,am_peak,TRUE,21,25.324189,ok,26.3333333333333,0.5,0.166666666666667,19.8333333333333,5.83333333333333,1,24287,32148
4032620105,17:17,1037,-75.162026191264,39.9785569548507,-75.1662120144978,39.9238115855567,pm_peak,TRUE,30,26.074297,ok,37.05,1.43333333333333,9.15,21.4166666666667,5.05,1,25384,1286
4032620202,7:09,429,-75.1662120144978,39.9238115855567,-75.1662257986882,39.9519342771783,am_peak,TRUE,8,14.949555,ok,19.1666666666667,0.5,0.166666666666667,15.3333333333333,3.16666666666667,1,24287,32141
4032620203,7:18,438,-75.1662257986882,39.9519342771783,-75.1427276091799,39.9500099248171,am_peak,TRUE,6,9.335163,ok,13.25,1.53333333333333,0.15,9.98333333333333,1.58333333333333,0,10266,10288
4032620206,16:15,975,-75.1427276091799,39.9500099248171,-75.1662257986882,39.9519342771783,pm_peak,TRUE,5,9.688468,ok,12.85,1.45,4.95,4.6,1.85,0,32170,32175
4032620207,16:28,988,-75.1662257986882,39.9519342771783,-75.1662120144978,39.9238115855567,pm_peak,TRUE,7,15.773465,ok,37.9833333333333,1.53333333333333,2.35,31.4833333333333,2.61666666666667,2,10266,16576
4046210101,7:30,450,-75.0602877916782,40.0432878262775,-75.0648694032685,40.0546094774541,am_peak,TRUE,,16.952245,ok,24.7833333333333,2.65,6.8,2.36666666666667,12.9666666666667,0,23044,23100
4046210401,7:00,420,-75.0602877916782,40.0432878262775,-75.1665214095376,39.9615526212186,am_peak,TRUE,72,49.616616,ok,57.6833333333333,2.83333333333333,3.56666666666667,48.3166666666667,2.96666666666667,3,23288,20412
4048490102,10:40,640,-75.180637080064,39.9501303685435,-75.2250001549737,39.9381660242818,off_peak,FALSE,80,26.016503,ok,32.4666666666667,2.6,1.15,20.6166666666667,8.1,1,19542,20745
4048490103,12:30,750,-75.2250001549737,39.9381660242818,-75.1833908620653,39.9475606076449,off_peak,FALSE,20,28.987227,ok,28.45,1.25,1.2,22.8833333333333,3.11666666666667,1,20792,30649
4048490104,15:45,945,-75.1833908620653,39.9475606076449,-75.1569523625043,39.943116935689,off_peak,FALSE,30,18.701376,ok,23.3166666666667,1.51666666666667,1.45,17.9,2.45,1,30641,32132
4048490105,16:45,1005,-75.1569523625043,39.943116935689,-75.1773253490168,39.9478229139105,pm_peak,TRUE,30,12.99817,ok,18.4333333333333,1,5.81666666666667,8.4,3.21666666666667,0,22264,22275
4048490204,15:58,958,-75.1773253490168,39.9478229139105,-75.1634808483634,39.9480403151119,off_peak,FALSE,,11.637686,ok,25.6166666666667,2.98333333333333,1.01666666666667,20.25,1.36666666666667,2,664,5229
4050800101,8:35,515,-75.1822218287983,40.0542278772892,-75.2100224563071,39.9560134286816,am_peak,TRUE,10,53.723828,ok,60.0666666666667,2.95,1.56666666666667,48.1666666666667,7.38333333333333,2,15519,32179
4050800104,16:35,995,-75.2100224563071,39.9560134286816,-75.1822218287983,40.0542278772892,pm_peak,TRUE,40,58.729375,ok,68.05,0.9,11.75,52.2,3.2,3,516,17499
4056480101,7:20,440,-75.180637080064,39.9501303685435,-75.2994747363044,40.2251091301749,am_peak,TRUE,90,93.493596,no_dest_stop,,,,,,,,
4056480102,18:00,1080,-75.2994747363044,40.2251091301749,-75.1611907875754,39.9477574019743,pm_peak,TRUE,105,82.481336,no_origin_stop,,,,,,,,
4056480103,20:50,1250,-75.1611907875754,39.9477574019743,-75.180637080064,39.9501303685435,off_peak,FALSE,25,13.871435,ok,21.2833333333333,2.35,6.2,10.1333333333333,2.6,0,14886,19542
4061050101,8:25,505,-75.1827055398227,40.0389450998406,-75.1545851492175,39.9813757258968,am_peak,TRUE,51,34.286277,ok,37.5,1.68333333333333,3.38333333333333,25.6833333333333,6.75,1,17084,1277
4061050102,12:29,749,-75.1545851492175,39.9813757258968,-75.1509013014001,40.0025369261947,off_peak,FALSE,16,16.378346,ok,25.9666666666667,1.55,2.83333333333333,18.5,3.08333333333333,1,16111,16882
4061050103,14:26,866,-75.1509013014001,40.0025369261947,-75.1545851492175,39.9813757258968,off_peak,FALSE,22,16.154286,ok,23.3833333333333,2.13333333333333,0.15,17.2,3.9,1,4327,17160
4061050104,15:15,915,-75.1545851492175,39.9813757258968,-75.1827055398227,40.0389450998406,off_peak,FALSE,55,39.121714,ok,45.5333333333333,3.6,2.11666666666667,36.65,3.16666666666667,2,17279,18237
4063470105,13:45,825,-75.175827602964,39.9495803344789,-75.1937934209145,39.951852697735,off_peak,FALSE,10,11.777591,ok,14.0666666666667,2.26666666666667,2.31666666666667,7.03333333333333,2.45,0,14088,21449
4071630201,12:30,750,-75.1599172675313,39.9309896846011,-75.1595117962634,39.9367714452714,off_peak,FALSE,30,7.914577,ok,14.2,2.13333333333333,7.23333333333333,4.06666666666667,0.766666666666667,1,16608,24674
4071630202,15:00,900,-75.1595117962634,39.9367714452714,-75.1599172675313,39.9309896846011,off_peak,FALSE,40,10.076219,ok,25.6,0.766666666666667,14.4833333333333,0.516666666666667,9.83333333333333,0,24674,24675
4071860201,6:30,390,-75.1692193512515,40.0665021000576,-75.1595117962634,39.9367714452714,am_peak,TRUE,65,51.936755,ok,65.85,2.71666666666667,6.41666666666667,55.95,0.766666666666667,2,15488,24674
4071860202,15:35,935,-75.1595117962634,39.9367714452714,-75.1692193512515,40.0665021000576,off_peak,FALSE,100,53.257876,ok,64.9166666666667,0.433333333333333,3.6,53.5166666666667,7.36666666666667,2,24754,15581
4072680102,7:48,468,-75.1898142834651,40.0518717143354,-75.1834073455283,39.9599979498596,am_peak,TRUE,21,28.394925,ok,65.25,5.61666666666667,3.86666666666667,46.5166666666667,9.25,2,15466,32176
4072680105,17:24,1044,-75.1834073455283,39.9599979498596,-75.1898142834651,40.0518717143354,pm_peak,TRUE,22,28.170533,ok,70.8666666666667,7.98333333333333,2.21666666666667,54.8,5.86666666666667,3,1537,1190
4074350302,11:35,695,-75.3038980358657,39.8649089631855,-75.7107281119047,39.840918603114,off_peak,FALSE,15,,no_dest_stop,,,,,,,,
4074350303,12:00,720,-75.7107281119047,39.840918603114,-75.3938186136374,39.9651711354682,off_peak,FALSE,230,127.75,no_origin_stop,,,,,,,,
4090670101,13:30,810,-75.1655206281913,39.9477143701067,-75.1564410395894,39.9491555327036,off_peak,FALSE,20,11.199544,ok,21.1,1.91666666666667,6.7,1.68333333333333,10.8,0,5318,15941
4090670103,16:30,990,-75.1584424033225,39.9474108270156,-75.1655206281913,39.9477143701067,pm_peak,TRUE,30,10.505802,ok,11.8833333333333,2.4,2.08333333333333,3.51666666666667,3.88333333333333,0,14885,130
4094470101,6:10,370,-75.3008610836775,39.9087719876414,-75.1917667584469,39.9649367058634,am_peak,TRUE,,67.634854,ok,100.666666666667,4.45,28.2333333333333,65.1666666666667,2.81666666666667,3,19235,32680
4094470102,16:00,960,-75.1917667584469,39.9649367058634,-75.3008610836775,39.9087719876414,pm_peak,TRUE,35,68.510736,ok,91.2333333333333,0.65,4.95,81.4666666666667,4.16666666666667,4,22323,19148
4100840202,7:08,428,-75.1648345113326,39.9541020155151,-75.274466211559,40.2111841677703,am_peak,TRUE,55,58.23792,ok,130.55,0.833333333333333,8.41666666666667,118.683333333333,2.61666666666667,3,17842,27445
4100840205,17:26,1046,-75.274466211559,40.2111841677703,-75.1648345113326,39.9541020155151,pm_peak,TRUE,51,56.496517,ok,123.85,3.11666666666667,28.8,89.0833333333333,2.85,2,27519,1392
4110250303,12:30,750,-75.3113581658174,39.9560679168148,-75.2881050359287,39.9667946055376,off_peak,FALSE,93,20.36607,ok,46.4166666666667,7.48333333333333,27.65,9.88333333333333,1.4,1,20056,18820
4110640102,8:54,534,-75.1953653714048,40.0470985479323,-75.1898142834651,40.0518717143354,am_peak,TRUE,4,10.116667,ok,19.3666666666667,1.76666666666667,7.18333333333333,0.333333333333333,10.0833333333333,0,17023,17024
4120580201,8:30,510,-75.1247882287306,39.9802857304346,-75.1677276497158,39.9525760413027,am_peak,TRUE,25,26.543994,ok,31.4,1.75,2.53333333333333,23.7166666666667,3.4,2,16333,32175
4120580206,16:54,1014,-75.1625826795934,39.9513495936779,-75.1247882287306,39.9802857304346,pm_peak,TRUE,36,24.223394,ok,32.75,1.76666666666667,1.53333333333333,17.0333333333333,12.4166666666667,1,6059,2460
4120580301,8:30,510,-75.1247882287306,39.9802857304346,-75.1677276497158,39.9525760413027,am_peak,TRUE,25,26.543994,ok,31.4,1.75,2.53333333333333,23.7166666666667,3.4,2,16333,32175
4120580302,16:30,990,-75.1677276497158,39.9525760413027,-75.1247882287306,39.9802857304346,pm_peak,TRUE,30,25.418882,ok,32.75,1,0,19.3333333333333,12.4166666666667,1,18451,2460
4120860101,8:10,490,-75.0283305468631,40.0570508001269,-75.1561127285024,39.9506763018863,am_peak,TRUE,70,45.969998,ok,57.1166666666667,0.35,5.38333333333333,47.75,3.63333333333333,2,23341,32172
4120860107,17:05,1025,-75.1608290378846,39.9512565309348,-75.0750322611491,40.0214372944722,pm_peak,TRUE,25,30.640007,ok,44.1333333333333,1.7,5,33.3,4.13333333333333,1,2455,30388
4120860108,18:10,1090,-75.0750322611491,40.0214372944722,-75.0283305468631,40.0570508001269,pm_peak,TRUE,0,25.690393,ok,35.75,0.233333333333333,0.45,34.7166666666667,0.35,3,15804,23341
4122150101,7:19,439,-75.2232933759479,39.9448265734297,-75.1701604201666,39.9562259742499,am_peak,TRUE,35,29.544799,ok,29.0333333333333,5.51666666666667,0.633333333333333,17.25,5.63333333333333,0,20869,20646
4122150103,8:11,491,-75.1662257986882,39.9519342771783,-75.1937934209145,39.951852697735,am_peak,TRUE,13,13.756261,ok,25.9833333333333,1.53333333333333,3.16666666666667,13.2833333333333,8,1,10266,32177
4122150106,16:32,992,-75.1937934209145,39.951852697735,-75.2232933759479,39.9448265734297,pm_peak,TRUE,37,18.37228,ok,31.5166666666667,2.41666666666667,6.58333333333333,15.2333333333333,7.28333333333333,1,30643,20814
4122150201,8:15,495,-75.2232933759479,39.9448265734297,-75.1608290378846,39.9512565309348,am_peak,TRUE,47,29.802983,ok,34.4,5.51666666666667,7.63333333333333,19.55,1.7,1,20869,2455
4122150202,17:02,1022,-75.1608290378846,39.9512565309348,-75.2232933759479,39.9448265734297,pm_peak,TRUE,28,28.787092,ok,35.7333333333333,1.56666666666667,0.166666666666667,25.3,8.7,2,16131,24630
4122150301,7:30,450,-75.2232933759479,39.9448265734297,-75.1665214095376,39.9615526212186,am_peak,TRUE,42,39.803304,ok,41.9833333333333,5.51666666666667,4.65,24.6666666666667,7.15,1,20869,2802
4122150401,7:19,439,-75.2232933759479,39.9448265734297,-75.1717674832599,39.9564206302579,am_peak,TRUE,35,29.07502,ok,29,5.51666666666667,0.633333333333333,17.25,5.6,0,20869,20646
4131100102,7:05,425,-75.1588750233838,39.9528401835985,-75.4829079089365,40.0451966969818,am_peak,TRUE,57,49.482246,ok,107.183333333333,1.86666666666667,1.01666666666667,98.4666666666667,5.83333333333333,3,10262,19377
4131100105,17:40,1060,-75.4996994737956,40.0522494273571,-75.4996994737956,40.0522494273571,pm_peak,TRUE,65,16.012285,no_origin_stop,,,,,,,,
4135390101,12:00,720,-75.1609354256761,39.9985787329005,-75.1339173390945,39.9885141593941,off_peak,FALSE,60,20.614316,ok,44.5666666666667,3.38333333333333,7.96666666666667,27.7666666666667,5.45,1,2661,17647
4135390102,15:00,900,-75.1339173390945,39.9885141593941,-75.1609354256761,39.9985787329005,off_peak,FALSE,120,25.004741,ok,39.9833333333333,4.15,1.46666666666667,22.1333333333333,12.2333333333333,2,16319,32150
4151420401,8:30,510,-75.129379590646,40.0985420675764,-75.1256172805438,40.0721167066709,am_peak,TRUE,30,16.703283,ok,21.6666666666667,4.81666666666667,3.2,6.25,7.4,0,17477,17524
4151420402,17:40,1060,-75.1256172805438,40.0721167066709,-75.129379590646,40.0985420675764,pm_peak,TRUE,20,18.253168,ok,45.3833333333333,1.26666666666667,8.18333333333333,30.95,4.98333333333333,2,23561,16638
4156900102,8:16,496,-75.1962680244175,40.0724717157188,-75.1437069495727,40.0908743802349,am_peak,TRUE,22,31.70825,ok,83.8166666666667,3.4,0.6,71.55,8.26666666666667,5,1066,8165
4156900105,18:00,1080,-75.1437069495727,40.0908743802349,-75.1962680244175,40.0724717157188,pm_peak,TRUE,21,29.750791,ok,82.4,7.53333333333333,27.4666666666667,44,3.4,1,8159,1066
4161520201,10:05,605,-75.0769909306507,40.0311101522267,-74.9795376136262,40.1272335892217,off_peak,FALSE,45,49.601288,ok,56.6,4.98333333333333,4.6,42.3,4.71666666666667,1,338,23059
4161520202,14:05,845,-74.9795376136262,40.1272335892217,-75.0769909306507,40.0311101522267,off_peak,FALSE,150,50.324361,ok,46.35,4.46666666666667,0.0333333333333333,36.3833333333333,5.46666666666667,0,25952,22468
4165810101,9:30,570,-75.2165947836222,39.9537421538695,-75.1583275844786,39.9602029183105,off_peak,FALSE,30,29.424943,ok,32.9166666666667,0.916666666666667,0,29.3,2.7,3,22122,16849
4165810102,15:00,900,-75.1583275844786,39.9602029183105,-75.1698571868868,39.9452577603363,off_peak,FALSE,20,19.278363,ok,31.2166666666667,0.366666666666667,7.01666666666667,14.2,9.63333333333333,1,16126,14079
4165810105,21:30,1290,-75.1773253490168,39.9478229139105,-75.1630657978927,39.949981511781,off_peak,FALSE,30,13.594292,ok,46.4,2.93333333333333,17.2,23.3666666666667,2.9,2,22236,32140
4166930101,7:30,450,-75.1661003080911,39.9138576581668,-75.1541388337345,39.9522458625874,am_peak,TRUE,60,28.701108,ok,37.2666666666667,1.4,6.53333333333333,27.3166666666667,2.01666666666667,2,759,18457
4166930104,17:30,1050,-75.1541388337345,39.9522458625874,-75.1661003080911,39.9138576581668,pm_peak,TRUE,30,29.556428,ok,29.6166666666667,1.73333333333333,0,18.7666666666667,9.11666666666667,1,31178,20967
4166930201,15:00,900,-75.1661003080911,39.9138576581668,-75.1593108938158,39.9400078893569,off_peak,FALSE,20,22.181638,ok,24.1,1.88333333333333,5.9,14.2666666666667,2.05,1,24617,16835
4169530401,6:45,405,-74.8592732788772,40.2475559050292,-75.1638872349499,39.9525548857932,am_peak,TRUE,75,110.700288,no_origin_stop,,,,,,,,
4169530402,16:30,990,-75.1638872349499,39.9525548857932,-74.8592732788772,40.2475559050292,pm_peak,TRUE,90,108.626724,no_dest_stop,,,,,,,,
4182700101,9:15,555,-75.105165712328,40.1276279762693,-75.1213092333967,40.110417860785,am_peak,TRUE,10,22.788658,no_origin_stop,,,,,,,,
4182700105,15:05,905,-75.1303917234572,40.1051385654962,-75.105165712328,40.1276279762693,off_peak,FALSE,20,29.189776,no_dest_stop,,,,,,,,
4184310104,8:16,496,-75.1834073455283,39.9599979498596,-75.3045400928903,40.0162243322963,am_peak,TRUE,24,31.975394,ok,79.9833333333333,7.6,6.4,63.55,2.43333333333333,3,28325,30685
4184310106,16:55,1015,-75.3195257705183,40.0049815590517,-75.1834073455283,39.9599979498596,pm_peak,TRUE,20,47.441317,ok,63.3833333333333,10.5666666666667,12.05,31.3833333333333,9.38333333333333,1,32198,21532
4195770402,14:40,880,-74.9853265543148,40.0477525065309,-75.1612826317197,39.9532127364358,off_peak,FALSE,20,52.235668,ok,75.1,5.3,0.183333333333333,67.65,1.96666666666667,3,22559,32174
4195770403,20:05,1205,-75.1612826317197,39.9532127364358,-75.1612826317197,39.9532127364358,off_peak,FALSE,30,4.127778,ok,7.11666666666667,1.83333333333333,1.25,0.916666666666667,3.11666666666667,0,4461,4474
4212940101,3:45,225,-75.3673834571287,40.1080902731022,-75.1461838934269,39.9589037110814,off_peak,FALSE,186,87.294782,no_origin_stop,,,,,,,,
4212940102,15:36,936,-75.1461838934269,39.9589037110814,-75.3673834571287,40.1080902731022,off_peak,FALSE,69,82.889388,no_dest_stop,,,,,,,,
4218280101,6:30,390,-75.1727947008017,39.9254003368501,-75.1619465866814,40.0435075759518,am_peak,TRUE,60,44.042432,ok,48.2666666666667,1.03333333333333,2.4,43.7666666666667,1.06666666666667,2,3045,15919
4218280102,16:30,990,-75.1619465866814,40.0435075759518,-74.9919645563739,40.0557019160434,pm_peak,TRUE,105,58.376659,ok,83.5333333333333,0.85,1.1,74.8333333333333,6.75,2,15587,21869
4218280103,21:00,1260,-74.9919645563739,40.0557019160434,-75.1727947008017,39.9254003368501,off_peak,FALSE,75,61.323722,ok,88.6166666666667,6.75,2.56666666666667,74.6833333333333,4.61666666666667,3,21869,1286
4218280201,6:00,360,-75.1727947008017,39.9254003368501,-75.2239722514315,39.9735103886618,am_peak,TRUE,45,45.440448,ok,54.9,1.03333333333333,8.4,41.65,3.81666666666667,4,3045,20679
4218280202,16:45,1005,-75.2239722514315,39.9735103886618,-75.1571977835929,40.0823045185899,pm_peak,TRUE,195,68.114512,ok,83.7166666666667,3.03333333333333,1.73333333333333,66.0166666666667,12.9333333333333,3,21056,16930
4218890201,10:00,600,-75.1748164256956,39.9150535108662,-75.1612826317197,39.9532127364358,off_peak,FALSE,30,19.127612,ok,31.1,1.43333333333333,5.56666666666667,20,4.1,1,24615,32141
4218890202,16:00,960,-75.1612826317197,39.9532127364358,-75.1748164256956,39.9150535108662,pm_peak,TRUE,30,19.008815,ok,28.1833333333333,1.83333333333333,0.15,20.5166666666667,5.68333333333333,2,4461,20967
4222850102,7:10,430,-75.1531176077862,40.0998645962702,-75.1612826317197,39.9532127364358,am_peak,TRUE,35,32.722228,ok,67.1833333333333,1.2,4.35,57.45,4.18333333333333,2,1052,1281
4222850103,17:00,1020,-75.1612826317197,39.9532127364358,-75.1470888942105,40.1018399351912,pm_peak,TRUE,45,40.670869,ok,73.6666666666667,1.83333333333333,3.61666666666667,62.1,6.11666666666667,3,20968,15543
4226400104,17:05,1025,-75.3460361638143,40.1143423687777,-75.2626735411038,39.9640057100153,pm_peak,TRUE,23,33.942327,ok,50.0833333333333,1.95,8.05,34.2333333333333,5.85,1,32185,15319
4226400105,17:33,1053,-75.2626735411038,39.9640057100153,-75.1414393682529,39.9601471054741,pm_peak,TRUE,25,32.548835,ok,42.7,4.83333333333333,0.466666666666667,35.7,1.7,1,18830,2459
4226400202,8:35,515,-75.1414393682529,39.9601471054741,-75.1701604201666,39.9562259742499,am_peak,TRUE,30,18.911922,ok,21.6333333333333,1.1,0.233333333333333,9.66666666666667,10.6333333333333,1,25795,1280
4226400203,17:10,1030,-75.1701604201666,39.9562259742499,-75.1701604201666,39.9562259742499,pm_peak,TRUE,30,4.251208,ok,10.2833333333333,1.25,6.46666666666667,0.583333333333333,1.98333333333333,0,14911,14912
4237420101,6:00,360,-75.5452592499028,40.203087602511,-75.1677276497158,39.9525760413027,am_peak,TRUE,90,133.333258,no_origin_stop,,,,,,,,
4238580101,6:45,405,-74.9200693290363,40.2495112723629,-75.1470807570054,39.9513767444736,am_peak,TRUE,,164.461647,no_origin_stop,,,,,,,,
4247090101,9:00,540,-75.1781614636911,39.9498663111966,-75.1984494658686,39.9539400028283,am_peak,TRUE,15,9.966146,ok,27.4166666666667,0.95,11.85,9.41666666666667,5.2,1,22279,20733
4257160402,10:26,626,-75.6088161729411,40.0119718537478,-75.3686666885444,40.0437004752317,off_peak,FALSE,22,61.993799,ok,123.983333333333,10.6833333333333,21.3166666666667,87.2166666666667,4.76666666666667,1,31235,19417
4257160404,22:48,1368,-75.3756545846891,40.0397732711601,-75.6337083421153,40.0217938558134,off_peak,FALSE,22,48.866667,unreachable,,,,,,,,
4265560201,7:30,450,-75.1960123668417,40.1175958626256,-75.1840170635385,39.9534784074457,am_peak,TRUE,45,56.513476,no_origin_stop,,,,,,,,
4265560202,17:00,1020,-75.1840170635385,39.9534784074457,-75.1960123668417,40.1175958626256,pm_peak,TRUE,420,59.002455,no_dest_stop,,,,,,,,
4274300202,5:45,345,-75.3195257705183,40.0049815590517,-75.1572994746159,39.95264251715,off_peak,FALSE,26,47.679946,ok,49.5,10.5666666666667,3.05,33.65,2.23333333333333,1,32198,2456
4274300205,15:39,939,-75.1550139436622,39.9445812882334,-75.1550139436622,39.9445812882334,off_peak,FALSE,43,4.963316,ok,3.55,0.35,0.583333333333333,0.633333333333333,1.98333333333333,0,16294,16295
4275100401,6:35,395,-75.2203509863295,40.0410461667675,-75.1595117962634,39.9367714452714,am_peak,TRUE,45,46.809493,ok,58,5.9,1.38333333333333,44.9,5.81666666666667,2,16180,16506
4275100402,10:30,630,-75.1595117962634,39.9367714452714,-75.1516301589525,39.9168650559185,off_peak,FALSE,45,19.053418,ok,34.6833333333333,0.766666666666667,12.4833333333333,17.2166666666667,4.21666666666667,1,24674,18132
4276150101,8:35,515,-75.1628439188361,39.9457617844426,-75.1937934209145,39.951852697735,am_peak,TRUE,30,21.445981,ok,25.4166666666667,2.41666666666667,3.61666666666667,16.9666666666667,2.41666666666667,0,22268,30643
4276150102,17:00,1020,-75.1937934209145,39.951852697735,-75.1537481432666,39.9503794767793,pm_peak,TRUE,25,16.56589,ok,22.4666666666667,2.41666666666667,5.58333333333333,13.1333333333333,1.33333333333333,2,30643,2457
4302550101,9:00,540,-75.2774149663199,39.9687743576991,-75.3024393659454,39.9834631042535,am_peak,TRUE,30,19.508835,ok,59.3333333333333,3.7,11.1833333333333,38.3666666666667,6.08333333333333,2,1917,18860
4310310101,11:30,690,-75.177201361549,39.9550054347417,-75.1906300416804,39.958024348983,off_peak,FALSE,30,12.364913,ok,11.9166666666667,1.95,1.33333333333333,2.71666666666667,5.91666666666667,0,20661,20658
4312300101,9:10,550,-75.2119692985922,40.025270412473,-75.1659426772114,39.9531940428398,am_peak,TRUE,15,21.146886,ok,37.85,3.6,6.81666666666667,26.3333333333333,1.1,0,10201,515
4320260101,15:30,930,-75.1102184888777,39.9887849617672,-75.1621989372444,39.9276530000056,off_peak,FALSE,60,46.937114,ok,60.8166666666667,3.3,12.7,41.0333333333333,3.78333333333333,3,17775,24217
4320260102,21:00,1260,-75.1621989372444,39.9276530000056,-75.1102184888777,39.9887849617672,off_peak,FALSE,65,45.038301,ok,89.2333333333333,1.3,20.65,63.15,4.13333333333333,4,24198,15039
4322080101,7:20,440,-75.1393249025147,40.0100834581765,-75.1691139313301,39.9535949564727,am_peak,TRUE,55,27.685963,ok,35.9166666666667,4.18333333333333,5.25,24.7833333333333,1.7,2,18151,8936
4322080102,12:30,750,-75.1691139313301,39.9535949564727,-75.1393249025147,40.0100834581765,off_peak,FALSE,45,29.525072,ok,45.55,1.23333333333333,3.76666666666667,35.8666666666667,4.68333333333333,3,34,17425
4322080104,19:00,1140,-75.1509013014001,40.0025369261947,-75.1393249025147,40.0100834581765,off_peak,FALSE,60,10.453227,ok,20.9833333333333,1.8,10.2166666666667,4.61666666666667,4.35,0,30065,17368
4326800101,9:00,540,-75.32300735391,39.8834623757826,-75.1634808483634,39.9480403151119,am_peak,TRUE,57,44.128499,ok,75.5166666666667,11.05,1.96666666666667,54.6833333333333,7.81666666666667,1,31533,2455
4326800104,17:45,1065,-75.1634808483634,39.9480403151119,-75.32300735391,39.8834623757826,pm_peak,TRUE,57,41.609277,ok,82.1166666666667,1.36666666666667,3.3,65.8833333333334,11.5666666666667,4,5229,20159
4333730103,14:00,840,-75.1191244525154,40.0364863338015,-75.1074608568458,40.0361390710689,off_peak,FALSE,15,9.627913,ok,22.1166666666667,1.38333333333333,1.61666666666667,14.7,4.41666666666667,1,27715,15727
4342350302,17:30,1050,-75.1629472849343,39.9666206906345,-75.1648345113326,39.9541020155151,pm_peak,TRUE,20,12.02212,ok,34.1166666666667,1.26666666666667,14.7,15.0333333333333,3.11666666666667,1,3031,1281
4342350303,17:58,1078,-75.1648345113326,39.9541020155151,-75.1840657845611,40.0625876496449,pm_peak,TRUE,27,29.301735,ok,58.0666666666667,0.833333333333333,4.48333333333333,52.3333333333333,0.416666666666667,2,17842,18294
4343900104,17:11,1031,-75.1648345113326,39.9541020155151,-75.1701604201666,39.9562259742499,pm_peak,TRUE,29,6.655389,ok,9.73333333333333,0.833333333333333,2.16666666666667,3.06666666666667,3.66666666666667,0,17842,8938
4352930302,15:00,900,-74.9706843838361,40.0810152002897,-75.0733744933994,40.0711402892958,off_peak,FALSE,45,43.691773,ok,64.75,6.68333333333333,3.91666666666667,52.4833333333333,1.66666666666667,1,1524,23527
4364010101,12:25,745,-75.1505658415867,39.9464361327538,-75.1630657978927,39.949981511781,off_peak,FALSE,15,13.731081,ok,15.95,2.38333333333333,2.61666666666667,8.75,2.2,0,14880,14887
4369530101,7:00,420,-75.2240469261417,40.0283746179593,-75.2361840313814,40.0659288695917,am_peak,TRUE,30,26.560449,ok,36.2666666666667,7.55,9.88333333333333,12.5666666666667,6.26666666666667,0,16024,19281
4369530102,17:15,1035,-75.2361840313814,40.0659288695917,-75.2240469261417,40.0283746179593,pm_peak,TRUE,15,25.348863,ok,29.2833333333333,6.26666666666667,2.73333333333333,12.7166666666667,7.56666666666667,0,19281,18586
4381540101,8:15,495,-75.1700384657366,39.9693644720962,-75.1588750233838,39.9528401835985,am_peak,TRUE,35,21.33371,ok,25.15,2.55,3.71666666666667,16.85,2.03333333333333,0,2742,10259
4381540102,17:30,1050,-75.1588750233838,39.9528401835985,-75.1700384657366,39.9693644720962,pm_peak,TRUE,30,17.952199,ok,19.15,1.86666666666667,0.133333333333333,16.2833333333333,0.866666666666667,0,10262,2801
4384840102,8:40,520,-75.1655746637264,39.9307064691021,-75.1638872349499,39.9525548857932,am_peak,TRUE,3,11.813283,ok,29.3,1.61666666666667,7.41666666666667,19.9666666666667,0.3,1,16518,32141
4384840103,8:46,526,-75.1638872349499,39.9525548857932,-75.1708705877199,39.9529581159317,am_peak,TRUE,2,7.183058,ok,6.65,1.85,1.15,2.45,1.2,0,283,20660
4384840107,18:10,1090,-75.1638872349499,39.9525548857932,-75.1655746637264,39.9307064691021,pm_peak,TRUE,3,11.905431,ok,13.4833333333333,0.383333333333333,1.61666666666667,7,4.48333333333333,0,1281,1285
4384840202,8:42,522,-75.1655746637264,39.9307064691021,-75.1638872349499,39.9525548857932,am_peak,TRUE,8,11.813283,ok,27.3,1.61666666666667,5.41666666666667,19.9666666666667,0.3,1,16518,32141
4384840203,8:52,532,-75.1638872349499,39.9525548857932,-75.1708705877199,39.9529581159317,am_peak,TRUE,2,7.183058,ok,6.65,1.85,1.15,2.45,1.2,0,283,20660
4384840206,18:15,1095,-75.1638872349499,39.9525548857932,-75.1655746637264,39.9307064691021,pm_peak,TRUE,8,11.905431,ok,16.4833333333333,0.383333333333333,1.61666666666667,10,4.48333333333333,0,1281,1285
4387350101,11:25,685,-75.2426068713605,39.9822769709651,-75.2862320050127,39.9472873841357,off_peak,FALSE,15,37.797493,ok,50.05,2.38333333333333,11.45,31.4,4.81666666666667,2,21802,18600
4387350102,13:10,790,-75.2862320050127,39.9472873841357,-75.2354698649569,39.9579979858569,off_peak,FALSE,35,30.047359,ok,45.1,4.5,10.1666666666667,23.95,6.48333333333333,1,18629,2449
4398290101,6:52,412,-75.1505658415867,39.9464361327538,-75.1629816913276,39.9348297671495,am_peak,TRUE,28,19.234006,ok,22.2,3.23333333333333,5.08333333333333,8.95,4.93333333333333,1,18098,24755
4398290102,15:30,930,-75.1629816913276,39.9348297671495,-75.1505658415867,39.9464361327538,off_peak,FALSE,40,20.307047,ok,28.6,1.46666666666667,7.31666666666667,7.45,12.3666666666667,0,16832,16841
4408390102,10:11,611,-75.1712542041449,40.055999502503,-75.1398050137829,40.0366774270012,off_peak,FALSE,7,26.761107,ok,52.8,3.9,16.0666666666667,25.2333333333333,7.6,1,18250,11623
4408390103,10:25,625,-75.1398050137829,40.0366774270012,-75.2024327640643,39.9546329212277,off_peak,FALSE,22,40.373061,ok,49.9,0.7,3.28333333333333,41.25,4.66666666666667,4,30304,32178
4408390105,11:10,670,-75.2024327640643,39.9546329212277,-75.0593151476913,40.0302346423682,off_peak,FALSE,10,48.637724,ok,75.1833333333333,0.733333333333333,2.26666666666667,59.2166666666667,12.9666666666667,3,21426,22483
4408390108,11:40,700,-75.1471644147674,40.0425358392666,-75.1571977835929,40.0823045185899,off_peak,FALSE,25,26.725085,ok,45.5833333333333,1.33333333333333,15.2333333333333,16.0833333333333,12.9333333333333,1,18486,16930
4408390111,1:00,60,-75.1571977835929,40.0823045185899,-75.1775196297924,40.0491886937231,off_peak,FALSE,-615,29.469078,unreachable,,,,,,,,
4409010201,9:00,540,-75.1722093187508,39.9861472659912,-75.1541388337345,39.9522458625874,am_peak,TRUE,45,29.964168,ok,36.9833333333333,3.56666666666667,1.45,29.95,2.01666666666667,0,3121,18457
4409010202,12:00,720,-75.1541388337345,39.9522458625874,-75.1722093187508,39.9861472659912,off_peak,FALSE,30,35.148436,ok,42.4666666666667,1.73333333333333,2,29.9166666666667,8.81666666666667,1,31178,30104
4409010301,9:00,540,-75.1722093187508,39.9861472659912,-75.1541388337345,39.9522458625874,am_peak,TRUE,45,29.964168,ok,36.9833333333333,3.56666666666667,1.45,29.95,2.01666666666667,0,3121,18457
4409010302,12:00,720,-75.1541388337345,39.9522458625874,-75.1742078313758,39.9986750681483,off_peak,FALSE,60,31.49157,ok,45.7166666666667,1.73333333333333,2,36.4333333333333,5.55,2,31178,14947
4424980102,11:30,690,-75.1588750233838,39.9528401835985,-75.1505658415867,39.9464361327538,off_peak,FALSE,25,14.486447,ok,14.35,2.03333333333333,0.55,3.43333333333333,8.33333333333333,0,10259,10331
4432040101,5:45,345,-75.4146997575914,39.8197080832525,-75.1638872349499,39.9525548857932,off_peak,FALSE,45,47.853215,unreachable,,,,,,,,
4433830102,6:10,370,-75.0108885726665,40.1294791274976,-75.1588750233838,39.9528401835985,am_peak,TRUE,36,41.906429,ok,72.5833333333333,3.93333333333333,4.46666666666667,62.0833333333333,2.1,1,23231,32173
4438760102,8:12,492,-75.0826616926931,40.0770283629367,-75.1648345113326,39.9541020155151,am_peak,TRUE,39,39.079056,ok,52.1166666666667,0.916666666666667,3.26666666666667,44.8166666666667,3.11666666666667,1,23532,1281
4438760105,17:37,1057,-75.1648345113326,39.9541020155151,-75.1701604201666,39.9562259742499,pm_peak,TRUE,13,6.655389,ok,6.2,0.833333333333333,0.166666666666667,3.05,2.15,0,17842,15947
4438760202,6:17,377,-75.0826616926931,40.0770283629367,-75.1588750233838,39.9528401835985,am_peak,TRUE,26,33.451919,ok,65.5833333333333,1.13333333333333,10.8666666666667,51.4833333333333,2.1,2,23468,32173
4439730101,8:03,483,-75.2322455285086,39.963278945388,-75.177201361549,39.9550054347417,am_peak,TRUE,23,18.436765,ok,30.9,1.26666666666667,8.78333333333333,18.85,2,2,24517,20645
4440130101,11:00,660,-75.2344018743884,39.9529742315534,-75.1528356388386,39.9549263716921,off_peak,FALSE,45,32.949828,ok,44.1333333333333,0.383333333333333,5.56666666666667,31.1833333333333,7,2,24522,2457
4450080101,11:30,690,-75.1774381258043,39.9578243101046,-75.1724998481553,39.9491635804723,off_peak,FALSE,30,16.300433,ok,26.6333333333333,2.35,5.5,10.9166666666667,7.86666666666667,1,3155,10272
4450080102,13:00,780,-75.1724998481553,39.9491635804723,-75.1588750233838,39.9528401835985,off_peak,FALSE,20,16.369159,ok,27.1666666666667,0.85,4.18333333333333,16.9666666666667,5.16666666666667,2,14929,283
4450080103,14:50,890,-75.1588750233838,39.9528401835985,-75.1774381258043,39.9578243101046,off_peak,FALSE,25,14.736952,ok,22.4166666666667,1.86666666666667,5.13333333333333,7.61666666666667,7.8,0,10262,14916
4476210102,9:30,570,-75.177201361549,39.9550054347417,-75.1785792243999,39.9689777214525,off_peak,FALSE,30,11.29454,ok,26.85,1.95,0.683333333333333,21.45,2.76666666666667,2,20661,30102
4476210103,13:30,810,-75.1785792243999,39.9689777214525,-75.1673585815214,39.9505151310837,off_peak,FALSE,30,20.48011,ok,23.7333333333333,1.98333333333333,5.5,12.2,4.05,1,16562,18451
4476210104,14:30,870,-75.1673585815214,39.9505151310837,-75.1785792243999,39.9689777214525,off_peak,FALSE,45,20.980782,ok,33.6,1.18333333333333,1.71666666666667,30.1,0.6,3,2660,4550
4479380102,7:35,455,-75.2074989674157,39.9516652307221,-75.1732743609913,39.9456003211594,am_peak,TRUE,25,25.065674,ok,33.2333333333333,1.16666666666667,9.48333333333333,20.7,1.88333333333333,1,22126,22241
4479380103,17:00,1020,-75.1732743609913,39.9456003211594,-75.2162654488479,39.9464660922369,pm_peak,TRUE,45,29.589872,ok,33.1666666666667,0.233333333333333,3.41666666666667,26.2166666666667,3.3,2,14958,20811
4483410101,9:30,570,-75.1516301589525,39.9168650559185,-75.1977262540913,39.9594259908695,off_peak,FALSE,30,42.12106,ok,51.4,1,8.01666666666667,35.2166666666667,7.16666666666667,3,17373,32178
4483410102,12:15,735,-75.1977262540913,39.9594259908695,-75.1516301589525,39.9168650559185,off_peak,FALSE,705,38.757952,ok,49.8166666666667,1.81666666666667,6.8,36.3166666666667,4.88333333333333,2,20638,18136
4500900102,8:10,490,-75.4233197162045,40.0419674851349,-75.1840170635385,39.9534784074457,am_peak,TRUE,30,42.087041,ok,141.633333333333,7.13333333333333,17.8333333333333,114.033333333333,2.63333333333333,4,19366,21532
4500900105,17:47,1067,-75.1742868895805,39.952935291834,-75.1677276497158,39.9525760413027,pm_peak,TRUE,3,7.781714,ok,12.8,1.55,8.18333333333333,2.06666666666667,1,0,18447,18451
4502380101,8:05,485,-75.1829342839572,39.9329910377486,-75.1668204811424,39.9566224991973,am_peak,TRUE,15,27.745266,ok,31.9333333333333,1.01666666666667,0.483333333333333,24.5,5.93333333333333,2,24228,32142
4502380102,16:50,1010,-75.1668204811424,39.9566224991973,-75.1829342839572,39.9329910377486,pm_peak,TRUE,15,25.316308,ok,31.6166666666667,1.33333333333333,4.06666666666667,25.2,1.01666666666667,1,2707,24228
4502380103,17:55,1075,-75.1829342839572,39.9329910377486,-75.1649773922386,39.9502186753736,pm_peak,TRUE,10,24.048984,ok,32.3166666666667,0.95,6.93333333333333,21.6166666666667,2.81666666666667,2,25214,32140
4502380104,21:15,1275,-75.1649773922386,39.9502186753736,-75.1829342839572,39.9329910377486,off_peak,FALSE,10,19.430769,ok,33.9333333333333,1.65,4.61666666666667,18.1833333333333,9.48333333333333,1,14079,21328
4505960202,15:30,930,-75.1977262540913,39.9594259908695,-75.2182588102061,39.950471058218,off_peak,FALSE,30,23.297955,ok,29.8,2.91666666666667,3.66666666666667,12.9166666666667,10.3,1,32666,21371
4505960302,16:33,993,-75.1690343341821,39.9653703786754,-75.2182588102061,39.950471058218,pm_peak,TRUE,42,34.773595,ok,34,0.933333333333333,1.66666666666667,27.7333333333333,3.66666666666667,1,2754,20884
4522480102,8:38,518,-75.1715947626354,39.9429517013451,-75.1489215256524,39.95458250175,am_peak,TRUE,20,27.576123,ok,27.3166666666667,2.66666666666667,2.4,14.9166666666667,7.33333333333333,2,22242,2458
4522480202,9:06,546,-75.1715947626354,39.9429517013451,-75.1588750233838,39.9528401835985,am_peak,TRUE,14,20.379804,ok,18.4,2.66666666666667,1.4,11.9333333333333,2.4,1,22242,32331
4522560101,7:30,450,-75.2062968547165,39.9737371253413,-75.1705068930163,39.9509065904554,am_peak,TRUE,90,27.857043,ok,33.7,0.1,0.05,28.8833333333333,4.66666666666667,2,22298,20646
4522560102,13:30,810,-75.1705068930163,39.9509065904554,-75.1540803782248,39.9488624668665,off_peak,FALSE,90,14.705303,ok,17.2,1.26666666666667,4.3,10.35,1.28333333333333,0,6062,6113
4522560103,16:30,990,-75.1540803782248,39.9488624668665,-75.2074740441751,39.9601688794781,pm_peak,TRUE,60,21.20082,ok,33.6166666666667,1.2,8.21666666666667,14.8166666666667,9.38333333333333,2,16291,32178
4522560104,18:10,1090,-75.2074740441751,39.9601688794781,-75.2062968547165,39.9737371253413,pm_peak,TRUE,20,15.826609,ok,14.35,3.1,5.08333333333333,6.06666666666667,0.1,0,30823,22298
4525240102,7:49,469,-75.024985845551,40.0240077180509,-75.1588750233838,39.9528401835985,am_peak,TRUE,26,35.196632,ok,101.583333333333,8.9,27.0833333333333,63.5,2.1,2,26386,32173
4525240108,18:14,1094,-75.1588750233838,39.9528401835985,-75.024985845551,40.0240077180509,pm_peak,TRUE,30,33.194113,ok,75.1166666666667,1.91666666666667,3.08333333333333,59.9333333333333,10.1833333333333,3,756,31196
4525240202,7:49,469,-75.024985845551,40.0240077180509,-75.1834073455283,39.9599979498596,am_peak,TRUE,18,26.723519,ok,112.25,8.9,27.0833333333333,67.0166666666667,9.25,2,26386,32176
4525240205,16:25,985,-75.1834073455283,39.9599979498596,-75.024985845551,40.0240077180509,pm_peak,TRUE,24,25.839392,ok,83.5166666666667,7.98333333333333,1.21666666666667,64.55,9.76666666666667,4,1537,22530
4527120101,9:00,540,-75.2109035921265,39.9515172049363,-75.1957094473416,39.9494354858208,am_peak,TRUE,15,13.328026,ok,17.45,2.01666666666667,5.55,3.7,6.18333333333333,0,22124,22129
4527120102,17:15,1035,-75.1957094473416,39.9494354858208,-75.2109035921265,39.9515172049363,pm_peak,TRUE,30,12.992782,ok,19.0833333333333,3.08333333333333,0.516666666666667,9.35,6.13333333333333,1,20731,20808
4533550101,9:00,540,-75.1621985739407,40.0312108390649,-75.1719943253434,40.0385566769693,am_peak,TRUE,60,12.605163,ok,23.15,4.05,8.15,4.16666666666667,6.78333333333333,0,17048,17055
4533550102,12:15,735,-75.1719943253434,40.0385566769693,-75.1398050137829,40.0366774270012,off_peak,FALSE,105,19.833085,ok,20.2666666666667,0.566666666666667,1.43333333333333,10.25,8.01666666666667,1,213,32156
4533550103,17:30,1050,-75.1398050137829,40.0366774270012,-75.1571977835929,40.0823045185899,pm_peak,TRUE,60,32.589507,ok,51.5833333333333,0.7,0.533333333333333,40.0333333333333,10.3166666666667,1,30304,31817
4533550104,20:30,1230,-75.1571977835929,40.0823045185899,-75.1621985739407,40.0312108390649,off_peak,FALSE,210,36.079631,ok,50.3,10.3166666666667,0.0333333333333333,31.3833333333333,8.56666666666667,1,31817,17130
4533550201,9:00,540,-75.1621985739407,40.0312108390649,-75.1894072133033,40.0670899916203,am_peak,TRUE,132,27.850878,ok,38.1166666666667,4.05,8.15,17.7666666666667,8.15,0,17048,17407
4533550202,12:27,747,-75.1894072133033,40.0670899916203,-75.1621985739407,40.0312108390649,off_peak,FALSE,68,30.437739,ok,44.25,8.15,6.81666666666667,25.0333333333333,4.25,1,17407,15706
4539000101,6:30,390,-75.264024817629,40.0095105446103,-75.1580149724927,39.9493530835764,am_peak,TRUE,20,41.610237,ok,51.0666666666667,5.23333333333333,3.71666666666667,38.05,4.06666666666667,0,29582,10255
4539000106,17:00,1020,-75.1580149724927,39.9493530835764,-75.264024817629,40.0095105446103,pm_peak,TRUE,30,43.050427,ok,63.3833333333333,1.58333333333333,3.8,52.5333333333333,5.46666666666667,2,14908,29579
4539300101,8:45,525,-75.2162654488479,39.9464660922369,-75.1648345113326,39.9541020155151,am_peak,TRUE,20,23.572339,ok,26.9,3.01666666666667,6.51666666666667,14.3666666666667,3,0,20789,31140
4539300106,15:45,945,-75.1648345113326,39.9541020155151,-75.2162654488479,39.9464660922369,off_peak,FALSE,45,23.057422,ok,29.75,0.833333333333333,1.16666666666667,24.7666666666667,2.98333333333333,2,17842,24848
4543270101,6:15,375,-75.1063906606918,40.0675372749466,-75.1550139436622,39.9445812882334,am_peak,TRUE,55,53.876913,ok,62.1,10.2166666666667,0.816666666666667,39.1,11.9666666666667,2,26505,2457
4543270106,14:00,840,-75.1550139436622,39.9445812882334,-75.1928742171467,39.9459041130135,off_peak,FALSE,45,29.124184,ok,26.3,2.05,1.2,15.9666666666667,7.08333333333333,0,22263,30652
4543270107,16:17,977,-75.1928742171467,39.9459041130135,-75.1063906606918,40.0675372749466,pm_peak,TRUE,63,59.159629,ok,74.9,3.98333333333333,2.93333333333333,55.85,12.1333333333333,5,31744,22733
4555970203,11:37,697,-75.1655746637264,39.9307064691021,-75.1537481432666,39.9503794767793,off_peak,FALSE,38,21.625032,ok,49.4666666666667,1.11666666666667,21.1,25.9166666666667,1.33333333333333,2,24220,2457
4555970204,13:45,825,-75.1537481432666,39.9503794767793,-75.1655746637264,39.9307064691021,off_peak,FALSE,35,21.919727,ok,25.4833333333333,1.41666666666667,3.83333333333333,15.75,4.48333333333333,1,32144,1285
4557310101,8:30,510,-75.1824371554093,39.9245363175742,-75.1665214095376,39.9615526212186,am_peak,TRUE,15,29.558659,ok,33.8,2.53333333333333,1.88333333333333,22.0833333333333,7.3,2,24923,32143
4557310102,10:15,615,-75.1665214095376,39.9615526212186,-75.1824371554093,39.9245363175742,off_peak,FALSE,15,29.17866,ok,37.55,2.51666666666667,3.8,28.0833333333333,3.15,3,22020,24294
4557310202,15:30,930,-75.1959402940889,39.9314017565807,-75.1824371554093,39.9245363175742,off_peak,FALSE,60,15.138128,ok,19.6,2.53333333333333,0.0666666666666667,13.5833333333333,3.41666666666667,1,24179,25220
4557310301,8:30,510,-75.1824371554093,39.9245363175742,-75.1938842464804,39.9345602638164,am_peak,TRUE,60,14.782794,ok,20.3333333333333,0.85,3.61666666666667,14.4833333333333,1.38333333333333,1,25137,24235
4557310302,15:30,930,-75.1938842464804,39.9345602638164,-75.1824371554093,39.9245363175742,off_peak,FALSE,75,20.96718,ok,23.4,2.08333333333333,4.05,14.5333333333333,2.73333333333333,1,32485,24245
4561260201,11:50,710,-75.320477487343,40.0191471912447,-75.1652507511981,39.9564326348413,off_peak,FALSE,80,45.09206,ok,69.85,4.58333333333333,22.4166666666667,41.8666666666667,0.983333333333333,2,32197,3057
4566930101,9:30,570,-75.0529627230323,40.0535132505067,-75.0503988334115,40.0876996804033,off_peak,FALSE,60,31.563665,ok,53.75,2.81666666666667,2.38333333333333,39.7333333333333,8.81666666666667,3,23282,1495
4566930102,12:00,720,-75.0503988334115,40.0876996804033,-75.0529627230323,40.0535132505067,off_peak,FALSE,45,27.329899,unreachable,,,,,,,,
4566930103,17:00,1020,-75.0529627230323,40.0535132505067,-74.9483992946146,40.1048194394571,pm_peak,TRUE,80,43.193383,ok,77.2333333333333,2.76666666666667,11.5833333333333,60.35,2.53333333333333,4,23103,21129
4587730102,8:30,510,-75.0348471683492,40.0693397630959,-74.9537657364031,40.1342148390318,am_peak,TRUE,20,39.256622,ok,40.6833333333333,5.01666666666667,4.6,27.5333333333333,3.53333333333333,0,22511,30759
4587730103,9:15,555,-74.9537657364031,40.1342148390318,-74.8785375008296,40.1842810109394,am_peak,TRUE,20,31.297603,ok,74.5833333333333,3.53333333333333,15.6166666666667,51.85,3.58333333333333,2,30759,332
4587730106,17:30,1050,-74.8785375008296,40.1842810109394,-74.9537657364031,40.1342148390318,pm_peak,TRUE,25,32.464149,ok,72.6,3.58333333333333,26.4166666666667,39.0666666666667,3.53333333333333,1,332,30759
4589620101,13:00,780,-75.2087795541006,40.0727929276456,-75.1572994746159,39.95264251715,off_peak,FALSE,90,34.289175,ok,70.6166666666667,6.61666666666667,5.38333333333333,56.4833333333333,2.13333333333333,2,15427,32173
4598650201,5:20,320,-75.0975410994108,40.0114613114797,-74.9823583671564,40.110760248005,off_peak,FALSE,85,58.849759,ok,83.1166666666667,2.48333333333333,22.4833333333333,48.7666666666667,9.38333333333333,3,32695,30293
4598650202,15:30,930,-74.9823583671564,40.110760248005,-75.0975410994108,40.0114613114797,off_peak,FALSE,75,66.517407,ok,101.2,6.55,6.16666666666667,78.2833333333333,10.2,2,23058,32161
4604430202,7:00,420,-75.0970591119887,40.1962393455377,-75.1710325749335,39.9522008993665,am_peak,TRUE,75,62.869458,ok,103.766666666667,6.76666666666667,14.05,80.6333333333333,2.31666666666667,3,16941,20660
4604430204,14:35,875,-75.1648345113326,39.9541020155151,-75.0970591119887,40.1962393455377,off_peak,FALSE,50,56.166667,unreachable,,,,,,,,
4605070108,19:22,1162,-75.1705068930163,39.9509065904554,-75.1788270506066,39.951932450125,off_peak,FALSE,10,7.159287,ok,11.95,1.38333333333333,4.1,4.86666666666667,1.6,0,14084,131
4607140201,6:15,375,-75.1898142834651,40.0518717143354,-75.1509013014001,40.0025369261947,am_peak,TRUE,30,29.716791,ok,38.4166666666667,5.61666666666667,6.9,23.1,2.8,0,15466,16085
4607140202,7:30,450,-75.1509013014001,40.0025369261947,-75.1898142834651,40.0518717143354,am_peak,TRUE,760,31.175573,ok,37.8666666666667,2.56666666666667,3.35,26.0833333333333,5.86666666666667,1,28696,1190
4617410202,6:35,395,-75.5182227312107,40.0361776802347,-75.1691139313301,39.9535949564727,am_peak,TRUE,55,48.505797,unreachable,,,,,,,,
4617410205,16:36,996,-75.1691139313301,39.9535949564727,-75.1648345113326,39.9541020155151,pm_peak,TRUE,74,6.673416,ok,10.2666666666667,1.23333333333333,0.766666666666667,0.983333333333333,7.28333333333333,0,34,2666
4624200101,11:35,695,-75.1578194556998,39.9904255905816,-75.1578194556998,39.9904255905816,off_peak,FALSE,0,8.347736,ok,10.75,3.63333333333333,2.58333333333333,0.733333333333333,3.8,0,17135,17136
4624200102,12:35,755,-75.1578194556998,39.9904255905816,-75.1517475799141,39.9595908415173,off_peak,FALSE,79,22.577222,ok,25.0333333333333,3.63333333333333,2.58333333333333,15.5666666666667,3.25,2,17135,18439
4624200103,21:30,1290,-75.1517475799141,39.9595908415173,-75.1578194556998,39.9904255905816,off_peak,FALSE,0,25.350441,ok,37.9,0.333333333333333,0.15,30.7666666666667,6.65,2,24339,32149
4625730202,10:33,633,-75.1583891414117,40.0192666370153,-75.2227705952579,40.1527379939727,off_peak,FALSE,27,32.277034,ok,78.2333333333333,2.93333333333333,6.35,66.35,2.6,2,15713,27029
4625730205,17:40,1060,-75.2227705952579,40.1527379939727,-75.1583891414117,40.0192666370153,pm_peak,TRUE,25,32.850174,ok,108.55,2.28333333333333,11.7166666666667,91.6166666666667,2.93333333333333,2,1687,15713
4627660101,7:45,465,-75.1689771799637,39.9467826108977,-75.3170969015922,40.0208081125859,am_peak,TRUE,60,42.529164,ok,61.0333333333333,1.73333333333333,7.28333333333333,41.9833333333333,10.0333333333333,2,3064,1925
4627660102,14:50,890,-75.3170969015922,40.0208081125859,-75.1689771799637,39.9467826108977,off_peak,FALSE,550,47.876665,ok,88.6666666666667,0.483333333333333,19.5166666666667,57,11.6666666666667,2,2018,1392
4637520102,16:30,990,-75.1648345113326,39.9541020155151,-75.1834073455283,39.9599979498596,pm_peak,TRUE,10,13.250399,ok,21.8666666666667,0.833333333333333,1.16666666666667,10.6166666666667,9.25,1,17842,20662
4641950101,8:00,480,-75.0678029951053,40.0159609385718,-75.1673759243643,39.9592890487195,am_peak,TRUE,60,47.029906,ok,66.3666666666667,1.7,13.15,46.1333333333333,5.38333333333333,4,27722,3057
4641950102,18:00,1080,-75.1673759243643,39.9592890487195,-75.0678029951053,40.0159609385718,pm_peak,TRUE,95,45.310844,ok,66.1166666666667,0.233333333333333,13.55,48.35,3.98333333333333,3,24172,17858
4641950202,11:55,715,-75.0678029951053,40.0159609385718,-75.2128647817132,40.0824469736708,off_peak,FALSE,125,78.163771,ok,91.9166666666667,1.7,5.18333333333333,79.8,5.23333333333333,4,27722,19054
4641950203,15:40,940,-75.2128647817132,40.0824469736708,-75.0678029951053,40.0159609385718,off_peak,FALSE,100,74.974414,ok,93.1166666666667,5.23333333333333,0.5,83.4,3.98333333333333,4,19054,17858
4644560206,11:05,665,-75.2626735411038,39.9640057100153,-75.1588750233838,39.9528401835985,off_peak,FALSE,15,26.85,ok,33.4833333333333,2.61666666666667,3.2,25.45,2.21666666666667,2,18639,2456
4646600101,7:30,450,-75.6045986594792,39.9672377723841,-75.1541388337345,39.9522458625874,am_peak,TRUE,,93.886025,unreachable,,,,,,,,
4646600102,17:00,1020,-75.1541388337345,39.9522458625874,-75.6045986594792,39.9672377723841,pm_peak,TRUE,63,92.381138,ok,104.616666666667,1.73333333333333,6.71666666666667,85.7333333333333,10.4333333333333,2,31178,18725
4648060101,15:50,950,-75.1732743609913,39.9456003211594,-75.1603747972298,39.949646258079,off_peak,FALSE,30,18.082854,ok,20.6666666666667,0.233333333333333,2.98333333333333,14.6333333333333,2.81666666666667,2,14958,16843
4648060103,17:15,1035,-75.1584725274299,39.950967187359,-75.1782289254393,39.9273662256759,pm_peak,TRUE,15,25.962277,ok,29.6,1.46666666666667,4.01666666666667,22.2666666666667,1.85,2,32173,21332
4651940101,12:15,735,-75.1139704218066,40.0309825414845,-75.1614771099584,39.9569042938645,off_peak,FALSE,45,32.120653,ok,40.5833333333333,2.81666666666667,6.73333333333333,29.45,1.58333333333333,1,15894,1280
4651940102,14:30,870,-75.1614771099584,39.9569042938645,-75.1139704218066,40.0309825414845,off_peak,FALSE,30,34.653627,ok,40.1666666666667,1.56666666666667,0.433333333333333,31.5166666666667,6.65,1,32142,118
4668800101,7:00,420,-75.0972035448796,39.9884463740478,-75.1672929773502,39.9544153783527,am_peak,TRUE,45,39.050599,ok,66.25,2.6,23.8833333333333,35.5166666666667,4.25,1,32687,32175
4668800102,17:20,1040,-75.1672929773502,39.9544153783527,-75.0972035448796,39.9884463740478,pm_peak,TRUE,20,36.596423,ok,53.2666666666667,1.25,2.35,41.4,8.26666666666667,3,8936,341
4668800201,7:00,420,-75.0972035448796,39.9884463740478,-75.1561127285024,39.9506763018863,am_peak,TRUE,45,34.940007,ok,63.1166666666667,2.6,23.8833333333333,33,3.63333333333333,1,32687,32172
4668800202,17:45,1065,-75.1561127285024,39.9506763018863,-75.0972035448796,39.9884463740478,pm_peak,TRUE,45,32.769576,ok,40.2666666666667,1.31666666666667,0.05,30.6333333333333,8.26666666666667,2,10340,341
4670530101,10:30,630,-75.1687160134156,39.9558364756335,-75.1539262084391,39.9844115630897,off_peak,FALSE,20,24.380537,ok,30.8166666666667,1.26666666666667,1.48333333333333,22.5,5.56666666666667,2,3078,32149
4670530104,18:35,1115,-75.1539262084391,39.9844115630897,-75.1687160134156,39.9558364756335,pm_peak,TRUE,15,23.36428,ok,32.3333333333333,1.43333333333333,7.2,20.0833333333333,3.61666666666667,2,16109,3024
4671530104,13:25,805,-75.1662120144978,39.9238115855567,-75.1424353043086,39.9181642204268,off_peak,FALSE,16,17.441679,ok,28.4166666666667,0.15,14.25,8.31666666666667,5.7,0,24253,24268
4671650102,7:27,447,-75.4829079089365,40.0451966969818,-75.1648345113326,39.9541020155151,am_peak,TRUE,41,42.427505,ok,90.85,5.83333333333333,2.76666666666667,79.4,2.85,3,19377,1392
4671650107,17:08,1028,-75.1662257986882,39.9519342771783,-75.1638872349499,39.9525548857932,pm_peak,TRUE,26,4.45,ok,9.5,1.53333333333333,2.46666666666667,1.73333333333333,3.76666666666667,0,10266,15185
4673630101,7:25,445,-75.1509880355394,39.9232020928335,-75.1637714901797,39.9554388396102,am_peak,TRUE,40,25.616636,ok,29.3166666666667,2.13333333333333,1.41666666666667,22.45,3.31666666666667,1,17385,32142
4673630102,16:30,990,-75.1637714901797,39.9554388396102,-75.1561127285024,39.9506763018863,pm_peak,TRUE,30,12.973769,ok,13.5666666666667,1.78333333333333,1.4,9.06666666666667,1.31666666666667,2,5131,10340
4673630103,18:30,1110,-75.1561127285024,39.9506763018863,-75.1509880355394,39.9232020928335,pm_peak,TRUE,15,24.146898,ok,30.5666666666667,1.31666666666667,4.55,22.3333333333333,2.36666666666667,1,10340,18127
4674930101,8:27,507,-75.2162654488479,39.9464660922369,-75.1937934209145,39.951852697735,am_peak,TRUE,15,14.552281,ok,14.95,3.01666666666667,1.51666666666667,6.21666666666667,4.2,0,20789,20731
4674930201,4:54,294,-75.2162654488479,39.9464660922369,-75.1498041127206,39.934304016358,off_peak,FALSE,40,25.203722,ok,40.1333333333333,3.01666666666667,2.41666666666667,33.9833333333333,0.716666666666667,2,20789,24681
4674930202,12:08,728,-75.1498041127206,39.934304016358,-75.2162654488479,39.9464660922369,off_peak,FALSE,34,30.857532,ok,42.75,1.03333333333333,5.41666666666667,33.3166666666667,2.98333333333333,0,24746,24848
4675660104,11:10,670,-75.2226378551491,39.995965776317,-75.7389669372766,39.8455410550777,off_peak,FALSE,10,,no_dest_stop,,,,,,,,
4683680202,10:04,604,-75.1792803129236,39.9102291849896,-75.1545851492175,39.9813757258968,off_peak,FALSE,11,38.209279,ok,83.1833333333333,6.66666666666667,18.3333333333333,51.5,6.68333333333333,2,988,32148
4687340102,8:06,486,-75.1546939106137,40.0587336087499,-75.1398050137829,40.0366774270012,am_peak,TRUE,,25.29774,ok,25.7666666666667,6.56666666666667,1.41666666666667,15.6,2.18333333333333,1,77,15798
4687340106,11:30,690,-75.1957094473416,39.9494354858208,-75.1634808483634,39.9480403151119,off_peak,FALSE,,22.812247,ok,21.5,3.08333333333333,2.36666666666667,7.55,8.5,0,20731,31140
4687340202,8:06,486,-75.1546939106137,40.0587336087499,-75.1398050137829,40.0366774270012,am_peak,TRUE,,25.29774,ok,25.7666666666667,6.56666666666667,1.41666666666667,15.6,2.18333333333333,1,77,15798
4687340209,15:36,936,-75.2181192513656,40.032241980928,-75.1898605144712,40.0114702178942,off_peak,FALSE,,19.272252,ok,21.7166666666667,1.4,2.66666666666667,8.85,8.8,0,19694,16533
4687340210,15:48,948,-75.1898605144712,40.0114702178942,-75.1479154657996,40.0549550312452,off_peak,FALSE,28,33.244868,ok,35.9666666666667,4.15,3.08333333333333,27.6833333333333,1.05,0,24778,24801
4691160203,10:30,630,-75.2756219131213,39.8861130712424,-75.2647018998912,39.9085205983673,off_peak,FALSE,47,17.952475,unreachable,,,,,,,,
4691160204,18:22,1102,-75.2647018998912,39.9085205983673,-75.2354698649569,39.9579979858569,pm_peak,TRUE,46,39.638793,ok,75.5833333333333,4.41666666666667,8.4,58.65,4.11666666666667,3,30341,22113
4691160302,12:10,730,-75.235101972058,39.9049328264187,-75.2647018998912,39.9085205983673,off_peak,FALSE,63,36.967553,ok,76.1,3.08333333333333,0.916666666666667,63.8833333333333,8.21666666666667,3,24897,20368
4697870202,7:21,441,-75.162026191264,39.9785569548507,-75.1410429415748,40.0324712216091,am_peak,TRUE,0,25.187383,ok,31.7833333333333,1.43333333333333,6.5,15.5666666666667,8.28333333333333,1,25384,32155
4708490205,18:20,1100,-75.1669894744938,39.9484799410289,-75.2070232144824,39.990493481725,pm_peak,TRUE,50,38.340644,no_dest_stop,,,,,,,,
4708490206,23:00,1380,-75.2070232144824,39.990493481725,-75.0593151476913,40.0302346423682,off_peak,FALSE,41,73.126331,no_origin_stop,,,,,,,,
4719420102,12:10,730,-75.1661003080911,39.9138576581668,-75.1584725274299,39.950967187359,off_peak,FALSE,30,25.99543,ok,27.45,1.88333333333333,1.18333333333333,22.8166666666667,1.56666666666667,1,24617,16844
4719420104,16:15,975,-75.1691139313301,39.9535949564727,-75.1588750233838,39.9528401835985,pm_peak,TRUE,10,11.900733,ok,17.9,1.53333333333333,0.683333333333333,10.7333333333333,4.95,1,2687,6058
4719420105,16:30,990,-75.1588750233838,39.9528401835985,-75.1661003080911,39.9138576581668,pm_peak,TRUE,30,25.541021,ok,30.7,1.91666666666667,0.0833333333333333,27.3,1.4,1,756,759
4723780101,10:00,600,-75.2351116826331,39.934447396763,-75.1941152941134,39.9546263068532,off_peak,FALSE,0,19.416667,ok,30.2166666666667,5.38333333333333,8.63333333333333,14.6833333333333,1.51666666666667,0,20787,20732
4723780102,16:00,960,-75.1941152941134,39.9546263068532,-75.2351116826331,39.934447396763,pm_peak,TRUE,210,19.795246,ok,35.4333333333333,0.633333333333333,5.25,24.3333333333333,5.21666666666667,1,21353,20822
4723780302,15:15,915,-75.2232933759479,39.9448265734297,-75.1543285653421,39.912135860101,off_peak,FALSE,15,43.264752,ok,57.5,5.51666666666667,1.65,45.2666666666667,5.06666666666667,2,20869,853
4723780303,16:30,990,-75.1543285653421,39.912135860101,-75.2351116826331,39.934447396763,pm_peak,TRUE,30,33.186592,ok,45.4333333333333,3.48333333333333,3.51666666666667,33.2166666666667,5.21666666666667,2,24973,20822
4723780402,15:00,900,-75.226838106978,39.9419345979354,-75.1858598621043,39.9165483287187,off_peak,FALSE,60,29.541556,ok,35.3333333333333,1.65,0.983333333333333,28.8333333333333,3.86666666666667,2,21713,24549
4723780403,19:00,1140,-75.1858598621043,39.9165483287187,-75.2351116826331,39.934447396763,off_peak,FALSE,60,22.648347,ok,43.4333333333333,4.28333333333333,5.23333333333333,28.7,5.21666666666667,1,24408,20822
4731730201,6:30,390,-75.2322455285086,39.963278945388,-75.1648345113326,39.9541020155151,am_peak,TRUE,43,17.083412,ok,19.85,1.66666666666667,2.8,12.5333333333333,2.85,1,24516,1392
4731730202,19:15,1155,-75.1648345113326,39.9541020155151,-75.2322455285086,39.963278945388,off_peak,FALSE,45,17.410302,ok,27.9333333333333,0.833333333333333,0.166666666666667,22.8,4.13333333333333,1,17842,32181
4732510302,6:41,401,-74.8976831541036,40.1863154165969,-75.1648345113326,39.9541020155151,am_peak,TRUE,50,64.126648,no_origin_stop,,,,,,,,
4732510305,17:39,1059,-75.1706866571216,39.953785415184,-75.1706866571216,39.953785415184,pm_peak,TRUE,50,3.23304,ok,14.85,1.3,4.15,1.18333333333333,8.21666666666667,0,20660,20661
4749130102,7:47,467,-75.2227705952579,40.1527379939727,-75.1588750233838,39.9528401835985,am_peak,TRUE,31,40.607079,ok,113.183333333333,2.31666666666667,29.8833333333333,71.8,9.18333333333333,2,27122,1280
4749130105,8:36,516,-75.150623776162,39.9499928305521,-75.1470807570054,39.9513767444736,am_peak,TRUE,2,4.936379,ok,5.23333333333333,1.3,0.7,1.23333333333333,2,0,10329,14930
4749130110,21:55,1315,-75.1588750233838,39.9528401835985,-75.2432307347085,40.1697612664544,off_peak,FALSE,37,40.403546,unreachable,,,,,,,,
4749130302,15:02,902,-75.2432307347085,40.1697612664544,-75.2610376834135,40.1872915522603,off_peak,FALSE,3,5.5,ok,95.3333333333333,0.65,7.35,78.75,8.58333333333333,1,1627,29529
4754790101,9:30,570,-75.1870662747411,39.9335197790401,-75.1578194556998,39.9904255905816,off_peak,FALSE,390,43.559499,ok,64.9,1.53333333333333,5.5,51.2166666666667,6.65,3,24231,32149
4754790102,18:00,1080,-75.1578194556998,39.9904255905816,-75.1870662747411,39.9335197790401,pm_peak,TRUE,60,33.254479,ok,51.2666666666667,3.63333333333333,3.3,38.4666666666667,5.86666666666667,2,17135,25213
4754790202,15:30,930,-75.1870662747411,39.9335197790401,-75.1578194556998,39.9904255905816,off_peak,FALSE,30,41.34798,ok,40.9,3.61666666666667,2.86666666666667,27.7666666666667,6.65,1,24185,32149
4754790203,18:00,1080,-75.1578194556998,39.9904255905816,-75.1870662747411,39.9335197790401,pm_peak,TRUE,60,33.254479,ok,51.2666666666667,3.63333333333333,3.3,38.4666666666667,5.86666666666667,2,17135,25213
4754790302,15:30,930,-75.1870662747411,39.9335197790401,-75.1578194556998,39.9904255905816,off_peak,FALSE,30,41.34798,ok,40.9,3.61666666666667,2.86666666666667,27.7666666666667,6.65,1,24185,32149
4754790303,18:00,1080,-75.1578194556998,39.9904255905816,-75.1870662747411,39.9335197790401,pm_peak,TRUE,60,33.254479,ok,51.2666666666667,3.63333333333333,3.3,38.4666666666667,5.86666666666667,2,17135,25213
4754790402,15:30,930,-75.1870662747411,39.9335197790401,-75.1578194556998,39.9904255905816,off_peak,FALSE,30,41.34798,ok,40.9,3.61666666666667,2.86666666666667,27.7666666666667,6.65,1,24185,32149
4754790403,19:00,1140,-75.1578194556998,39.9904255905816,-75.1870662747411,39.9335197790401,off_peak,FALSE,0,31.287787,ok,53.4166666666667,3.63333333333333,8.88333333333333,39.2666666666667,1.63333333333333,2,17135,24230
4754790502,15:30,930,-75.1870662747411,39.9335197790401,-75.1578194556998,39.9904255905816,off_peak,FALSE,30,41.34798,ok,40.9,3.61666666666667,2.86666666666667,27.7666666666667,6.65,1,24185,32149
4754790503,18:00,1080,-75.1578194556998,39.9904255905816,-75.1870662747411,39.9335197790401,pm_peak,TRUE,60,33.254479,ok,51.2666666666667,3.63333333333333,3.3,38.4666666666667,5.86666666666667,2,17135,25213
4760500102,17:25,1045,-75.1677276497158,39.9525760413027,-75.1851044302225,40.0817417999993,pm_peak,TRUE,60,53.085221,ok,73.2833333333333,1,3.15,58.45,10.6833333333333,3,18451,15431
4760500103,19:55,1195,-75.1851044302225,40.0817417999993,-75.175827602964,39.9495803344789,off_peak,FALSE,63,66.874575,unreachable,,,,,,,,
4765250101,14:30,870,-75.1833128313549,39.9960562366823,-75.2324370649115,40.0574839750067,off_peak,FALSE,30,40.991705,ok,63.35,2.7,8.58333333333333,50.45,1.61666666666667,2,19701,519
4765250102,16:00,960,-75.2324370649115,40.0574839750067,-75.1833128313549,39.9960562366823,pm_peak,TRUE,30,34.488234,ok,42.75,2.03333333333333,4.73333333333333,29.7833333333333,6.2,1,514,18406
4765250301,7:30,450,-75.1833128313549,39.9960562366823,-75.1857519422656,39.9869713053535,am_peak,TRUE,15,9.09982,ok,14.3666666666667,3,2.06666666666667,4.4,4.9,1,16546,18411
4765250302,15:05,905,-75.1857519422656,39.9869713053535,-75.1833128313549,39.9960562366823,off_peak,FALSE,55,9.82617,ok,15.8833333333333,2.23333333333333,7.25,3.58333333333333,2.81666666666667,0,15990,15996
4767700201,13:00,780,-75.0785466096524,40.0422576693535,-75.1150975874125,40.0236637387111,off_peak,FALSE,60,27.638801,ok,50.8666666666667,2.7,7.6,34.2833333333333,6.28333333333333,3,15747,22146
4767700202,0:00,0,-75.1150975874125,40.0236637387111,-75.0785466096524,40.0422576693535,off_peak,FALSE,60,24.59928,unreachable,,,,,,,,
4768820102,8:46,526,-75.099782195019,40.006355591222,-75.1692942790448,39.9527602328087,am_peak,TRUE,4,29.042198,ok,33.5833333333333,1.46666666666667,0.566666666666667,25.9666666666667,5.58333333333333,1,17600,32175
4778050203,13:15,795,-75.1476427366842,39.9441226984079,-75.1625826795934,39.9513495936779,off_peak,FALSE,25,16.093688,ok,24.2666666666667,1.55,6.75,13.8333333333333,2.13333333333333,1,17560,32174
4778050205,16:05,965,-75.1705068930163,39.9509065904554,-75.1476427366842,39.9441226984079,pm_peak,TRUE,30,19.725168,ok,23.4,1.26666666666667,2.3,17.7666666666667,2.06666666666667,1,6062,18099
4783650101,9:00,540,-75.2165947836222,39.9537421538695,-75.1937934209145,39.951852697735,am_peak,TRUE,30,17.042953,ok,19.2833333333333,0.916666666666667,5,5.35,8.01666666666667,0,22122,22129
4783650102,18:00,1080,-75.1937934209145,39.951852697735,-75.177201361549,39.9550054347417,pm_peak,TRUE,0,12.188574,ok,19.2333333333333,2.41666666666667,5.58333333333333,9.23333333333333,2,1,30643,20645
4783650103,18:30,1110,-75.177201361549,39.9550054347417,-75.2165947836222,39.9537421538695,pm_peak,TRUE,30,23.181981,ok,24.5333333333333,1.95,1.68333333333333,11.8833333333333,9.01666666666667,0,20661,20883
4791470101,8:15,495,-75.1445453348899,39.9427167473736,-75.1584725274299,39.950967187359,am_peak,TRUE,30,15.744803,ok,19.5833333333333,3.28333333333333,4.15,7.36666666666667,4.78333333333333,0,673,14884
4805360101,7:00,420,-75.2926189071885,40.2045297698944,-75.1541388337345,39.9522458625874,am_peak,TRUE,58,73.095357,ok,138.183333333333,9.28333333333333,3.25,119.733333333333,5.91666666666667,4,27059,2456
4805360102,17:00,1020,-75.1541388337345,39.9522458625874,-75.2926189071885,40.2045297698944,pm_peak,TRUE,60,72.056381,ok,134.966666666667,1.73333333333333,6.71666666666667,117.233333333333,9.28333333333333,4,31178,27059
4816200103,8:33,513,-75.2092872712104,40.0181516385401,-75.1588750233838,39.9528401835985,am_peak,TRUE,17,21.96886,ok,47.9,2.95,2.6,35.45,6.9,1,12319,5131
4816200104,8:53,533,-75.1588750233838,39.9528401835985,-75.1584725274299,39.950967187359,am_peak,TRUE,0,5.25,ok,7.71666666666667,1.91666666666667,2.08333333333333,1.03333333333333,2.68333333333333,0,756,16131
4816200105,8:58,538,-75.1584725274299,39.950967187359,-75.150623776162,39.9499928305521,am_peak,TRUE,0,6.347995,ok,9.36666666666667,1.51666666666667,2.23333333333333,4.1,1.51666666666667,0,6057,6111
4816200106,16:15,975,-75.150623776162,39.9499928305521,-75.1588750233838,39.9528401835985,pm_peak,TRUE,15,9.069824,ok,14.6666666666667,1.58333333333333,6.41666666666667,4.46666666666667,2.2,0,359,10258
4816200107,16:50,1010,-75.1588750233838,39.9528401835985,-75.2092872712104,40.0181516385401,pm_peak,TRUE,0,20.448174,ok,36.55,1.86666666666667,0.433333333333333,27.7,6.55,2,10262,28
4816460101,7:15,435,-75.1471644147674,40.0425358392666,-75.1983373842282,40.059754922547,am_peak,TRUE,0,41.5992,ok,39.8833333333333,1.53333333333333,0.966666666666667,27.8166666666667,9.56666666666667,2,19061,17405
4816460102,17:30,1050,-75.1983373842282,40.059754922547,-75.1471644147674,40.0425358392666,pm_peak,TRUE,60,39.311902,ok,46.2333333333333,9.28333333333333,5.25,30.3666666666667,1.33333333333333,1,17406,18486
4824800201,14:08,848,-75.1690343341821,39.9653703786754,-75.3853835679745,40.0888177484524,off_peak,FALSE,112,64.13364,ok,76,0.933333333333333,9.66666666666667,61.5166666666667,3.88333333333333,2,2754,14953
4829410103,20:00,1200,-75.2182588102061,39.950471058218,-75.1655206281913,39.9477143701067,off_peak,FALSE,40,27.071579,ok,29.8,1.05,7.86666666666667,12.0833333333333,8.8,1,24855,1392
4829410104,0:00,0,-75.1655206281913,39.9477143701067,-75.2182588102061,39.950471058218,off_peak,FALSE,40,28.888362,unreachable,,,,,,,,
4829560103,10:30,630,-75.3852282333979,39.8947898143957,-75.1669894744938,39.9484799410289,off_peak,FALSE,90,67.283333,ok,104.783333333333,10.35,6.65,80,7.78333333333333,2,2176,1392
4829560104,14:00,840,-75.1669894744938,39.9484799410289,-75.3852282333979,39.8947898143957,off_peak,FALSE,90,67.074783,ok,121.35,1,4.11666666666667,105.883333333333,10.35,4,3042,2176
4829770101,10:00,600,-75.1601184429639,40.0511089560396,-75.2172676864572,40.0019340658936,off_peak,FALSE,60,37.810241,ok,44,1.55,5.3,31,6.15,0,24717,6255
4829770102,14:00,840,-75.2172676864572,40.0019340658936,-75.151228491791,40.0505524826181,off_peak,FALSE,52,50.595683,ok,87.7833333333333,2.21666666666667,3.03333333333333,73.6333333333333,8.9,4,25776,24795
4830540102,5:26,326,-75.1660693164429,40.3113817259184,-75.1722789942054,39.9539778646615,off_peak,FALSE,94,102.701394,no_origin_stop,,,,,,,,
4830540104,16:15,975,-75.1648345113326,39.9541020155151,-75.1722789942054,39.9539778646615,pm_peak,TRUE,80,5.330397,ok,11.1166666666667,1.03333333333333,3.05,3.83333333333333,3.2,0,4462,4464
4831130101,8:15,495,-75.1521306030788,39.9429783145413,-75.1677276497158,39.9525760413027,am_peak,TRUE,32,19.973994,ok,19.1166666666667,0.266666666666667,1.13333333333333,12.6,5.11666666666667,1,22261,32141
4832100202,7:08,428,-75.6088161729411,40.0119718537478,-75.1722093187508,39.9861472659912,am_peak,TRUE,57,117.466305,unreachable,,,,,,,,
4832100204,13:10,790,-75.1648345113326,39.9541020155151,-75.1722093187508,39.9861472659912,off_peak,FALSE,5,30.705448,ok,45.5333333333333,0.833333333333333,0.166666666666667,38.5,6.03333333333333,1,17842,6770
4851790102,10:05,605,-75.2074740441751,39.9601688794781,-75.1707168478523,39.9055458817612,off_peak,FALSE,,42.394584,ok,55.6,3.1,4.33333333333333,44.5666666666667,3.6,3,30823,31487
4851790103,10:45,645,-75.1707168478523,39.9055458817612,-75.1941152941134,39.9546263068532,off_peak,FALSE,,35.424046,ok,28.3166666666667,4.31666666666667,1.93333333333333,17.7333333333333,4.33333333333333,1,32134,32177
4864450202,6:55,415,-75.7773113001476,39.9924677984963,-75.1691139313301,39.9535949564727,am_peak,TRUE,50,87.25591,unreachable,,,,,,,,
4864450203,17:00,1020,-75.1691139313301,39.9535949564727,-75.1691139313301,39.9535949564727,pm_peak,TRUE,65,3.375,ok,8.36666666666667,1.35,0,1.56666666666667,5.45,0,8938,8941
4868350201,7:50,470,-75.1947508247048,40.0550864009275,-75.1665214095376,39.9615526212186,am_peak,TRUE,30,45.144616,ok,57.6833333333333,1.61666666666667,13.3166666666667,39.7833333333333,2.96666666666667,2,17016,20412
4868350202,17:20,1040,-75.1665214095376,39.9615526212186,-75.1947508247048,40.0550864009275,pm_peak,TRUE,40,48.824684,ok,61.5833333333333,2.28333333333333,0.133333333333333,48.6833333333333,10.4833333333333,2,3036,17228
4871620101,7:00,420,-75.292284771946,39.9595531624096,-75.1584725274299,39.950967187359,am_peak,TRUE,36,38.742718,ok,45.6,2.96666666666667,4.81666666666667,36.4833333333333,1.33333333333333,2,13377,2456
4871620102,17:26,1046,-75.1584725274299,39.950967187359,-75.292284771946,39.9595531624096,pm_peak,TRUE,39,36.607722,ok,40.8666666666667,1.46666666666667,1.01666666666667,35.4166666666667,2.96666666666667,3,32173,13377
4873700203,15:32,932,-75.162026191264,39.9785569548507,-75.1659426772114,39.9531940428398,off_peak,FALSE,3,17.320189,ok,18.85,1.43333333333333,4.15,10.4166666666667,2.85,1,25384,1281
4873700204,16:30,990,-75.1659426772114,39.9531940428398,-75.2105938294307,39.9999843465764,pm_peak,TRUE,450,28.258472,ok,47.1833333333333,1.26666666666667,0.816666666666667,43.7666666666667,1.33333333333333,2,20659,21578
4874540102,14:30,870,-75.2414396306448,39.9567061667391,-75.1659426772114,39.9531940428398,off_peak,FALSE,,20.971699,ok,26.45,0.716666666666667,3.28333333333333,21,1.45,1,715,1392
4874540103,15:25,925,-75.1659426772114,39.9531940428398,-75.1659426772114,39.9531940428398,off_peak,FALSE,20,3.538889,ok,6.23333333333333,1.1,2.7,0.2,2.23333333333333,0,515,30320
4874540104,16:30,990,-75.1659426772114,39.9531940428398,-75.1541388337345,39.9522458625874,pm_peak,TRUE,30,9.391865,ok,10.9833333333333,1.35,0.533333333333333,6.35,2.75,0,10266,10340
4874540105,17:45,1065,-75.1541388337345,39.9522458625874,-75.1638872349499,39.9525548857932,pm_peak,TRUE,,8.355174,ok,10.9666666666667,1.73333333333333,2.71666666666667,4.55,1.96666666666667,1,31178,32175
4875320101,6:45,405,-75.2341467351472,39.9457946759268,-75.1742868895805,39.952935291834,am_peak,TRUE,25,29.861776,ok,28.1166666666667,2.68333333333333,2.08333333333333,19.4666666666667,3.88333333333333,0,20864,20645
4875320102,17:00,1020,-75.1742868895805,39.952935291834,-75.2341467351472,39.9457946759268,pm_peak,TRUE,30,28.795438,ok,36.7833333333333,1.86666666666667,3.83333333333333,27.9666666666667,3.11666666666667,1,21317,20891
4875910102,9:10,550,-75.1662120144978,39.9238115855567,-75.1659426772114,39.9531940428398,am_peak,TRUE,10,15.244122,ok,25.95,0.416666666666667,1.11666666666667,21.4666666666667,2.95,1,16577,32141
4875910110,19:17,1157,-75.1715947626354,39.9429517013451,-75.1738700412219,39.9219806989111,off_peak,FALSE,18,13.891549,ok,19.05,1.35,7.4,8.23333333333333,2.06666666666667,0,2679,2732
4877260201,7:45,465,-74.9803458967999,40.078999865641,-75.1505658415867,39.9464361327538,am_peak,TRUE,75,66.198249,ok,85.3666666666667,3.06666666666667,13.8,60.6333333333333,7.86666666666667,2,22672,32171
4887310102,6:23,383,-74.970687244567,40.1423429432466,-75.1648345113326,39.9541020155151,am_peak,TRUE,46,52.995066,ok,101.716666666667,8.6,7.13333333333333,83.2666666666667,2.71666666666667,1,23189,32175
4887310105,16:48,1008,-75.1705068930163,39.9509065904554,-75.1705068930163,39.9509065904554,pm_peak,TRUE,42,3.905556,ok,6.35,1.26666666666667,1.3,1.33333333333333,2.45,0,6062,6061
4916910101,6:55,415,-75.1822218287983,40.0542278772892,-75.133102374419,40.1732993084819,am_peak,TRUE,55,71.443523,ok,81.15,3.1,6.68333333333333,64.2166666666667,7.15,2,17500,16681
4916910102,17:00,1020,-75.133102374419,40.1732993084819,-75.1571977835929,40.0823045185899,pm_peak,TRUE,62,42.298743,ok,69.4,2.75,16.8166666666667,43.7666666666667,6.06666666666667,1,16420,31633
4916910103,19:39,1179,-75.1571977835929,40.0823045185899,-75.1822218287983,40.0542278772892,off_peak,FALSE,23,25.517841,ok,46.5166666666667,12.2666666666667,12.7333333333333,18.5166666666667,3,0,25973,15518
4925520402,15:20,920,-75.1665214095376,39.9615526212186,-75.1648345113326,39.9541020155151,off_peak,FALSE,6,13.28545,ok,14.65,0.283333333333333,5.55,3.95,4.86666666666667,0,2682,3076
4925520403,15:31,931,-75.1648345113326,39.9541020155151,-75.1873495829861,40.0339940755705,off_peak,FALSE,20,28.293557,ok,47.3166666666667,0.833333333333333,1.16666666666667,41.3,4.01666666666667,3,17842,16450
4928930101,10:30,630,-75.1755490875517,39.9619810599662,-75.1561127285024,39.9506763018863,off_peak,FALSE,30,19.073708,ok,29.85,3.11666666666667,6.88333333333333,16.2666666666667,3.58333333333333,1,16566,2456
4928930103,13:30,810,-75.1580149724927,39.9493530835764,-75.1673585815214,39.9505151310837,off_peak,FALSE,30,10.447635,ok,14.3666666666667,1.63333333333333,4.85,6.53333333333333,1.35,0,14885,14080
4928930104,14:45,885,-75.1673585815214,39.9505151310837,-75.1625826795934,39.9513495936779,off_peak,FALSE,15,6.933333,ok,6.26666666666667,1.25,0.15,2.6,2.26666666666667,0,14907,6115
4928930105,16:30,990,-75.1625826795934,39.9513495936779,-75.1710325749335,39.9522008993665,pm_peak,TRUE,30,8.390712,ok,13.5666666666667,1.6,2.4,5.33333333333333,4.23333333333333,0,20414,8938
4928930108,19:25,1165,-75.1688920883156,39.9546117755859,-75.1673759243643,39.9592890487195,off_peak,FALSE,5,7.232648,ok,15.4,1.15,3.91666666666667,3.76666666666667,6.56666666666667,0,8938,2799
4929160101,9:15,555,-75.1715947626354,39.9429517013451,-75.1629472849343,39.9666206906345,am_peak,TRUE,30,18.742538,ok,26.65,2.66666666666667,7.4,12.9333333333333,3.65,1,22242,32146
4934560201,7:00,420,-75.2322455285086,39.963278945388,-75.1587064523297,39.9242097756251,am_peak,TRUE,60,33.968619,ok,40.5833333333333,1.66666666666667,0.8,36.9166666666667,1.2,2,24516,16309
4934560202,18:00,1080,-75.1587064523297,39.9242097756251,-75.2322455285086,39.963278945388,pm_peak,TRUE,60,35.126402,ok,46.9333333333333,1.2,1.18333333333333,40.4166666666667,4.13333333333333,4,16309,32181
4934700103,7:55,475,-75.3548774564537,39.9036369389223,-75.1648345113326,39.9541020155151,am_peak,TRUE,31,33.270519,ok,70.85,7.43333333333333,5.56666666666667,55,2.85,1,14840,1392
4940770201,8:00,480,-75.2963731187561,39.8881445622113,-75.1752524766747,39.9659654913561,am_peak,TRUE,60,58.579515,ok,103.4,4.66666666666667,25.7833333333333,70.95,2,2,25433,3129
4940770206,17:40,1060,-75.1752524766747,39.9659654913561,-75.1648345113326,39.9541020155151,pm_peak,TRUE,15,16.736524,ok,17.9,0.916666666666667,0.7,13.2833333333333,3,1,2863,31140
4940770207,18:08,1088,-75.1648345113326,39.9541020155151,-75.3010847747829,39.8935220159703,pm_peak,TRUE,23,26.650226,ok,68.8333333333333,0.833333333333333,0.166666666666667,61.45,6.38333333333333,4,17842,32304
4940770302,17:00,1020,-74.9919645563739,40.0557019160434,-75.2963731187561,39.8881445622113,pm_peak,TRUE,80,76.778881,ok,135.866666666667,6.75,10.0333333333333,114.366666666667,4.71666666666667,4,21869,25060
4942710204,7:15,435,-75.1830863919108,40.1070307624765,-75.1648345113326,39.9541020155151,am_peak,TRUE,27,57.597874,no_origin_stop,,,,,,,,
4947090101,6:00,360,-75.3195257705183,40.0049815590517,-75.1583275844786,39.9602029183105,am_peak,TRUE,60,55.404768,ok,60.15,10.5666666666667,4.05,38.95,6.58333333333333,2,32198,16847
4947090102,16:00,960,-75.1583275844786,39.9602029183105,-75.3195257705183,40.0049815590517,pm_peak,TRUE,60,51.708666,ok,60.0666666666667,0.366666666666667,7.41666666666667,41.5666666666667,10.7166666666667,2,16126,1924
4948250101,12:00,720,-75.0648694032685,40.0546094774541,-75.0440576064122,40.055019358023,off_peak,FALSE,60,19.230657,ok,20.7833333333333,2.56666666666667,3.65,13.4166666666667,1.15,2,20452,23490
4948250102,14:45,885,-75.0440576064122,40.055019358023,-75.056494328674,40.0598719909172,off_peak,FALSE,75,11.775041,ok,15.7166666666667,2.21666666666667,5.36666666666667,4.4,3.73333333333333,0,23515,23520
4948250103,17:00,1020,-75.056494328674,40.0598719909172,-75.0648694032685,40.0546094774541,pm_peak,TRUE,420,8.12763,ok,6.28333333333333,1.86666666666667,0.0166666666666667,2.05,2.35,0,20468,20473
4952180201,8:30,510,-75.1785792243999,39.9689777214525,-75.1741319574651,39.9575333855516,am_peak,TRUE,24,10.610174,ok,22.6166666666667,2.05,10.95,9.18333333333333,0.433333333333333,0,5371,3098
4952180301,8:30,510,-75.1785792243999,39.9689777214525,-75.1741319574651,39.9575333855516,am_peak,TRUE,24,10.610174,ok,22.6166666666667,2.05,10.95,9.18333333333333,0.433333333333333,0,5371,3098
4954840101,9:30,570,-75.2240243087353,39.9622994543846,-75.4034335416342,40.0837100594333,off_peak,FALSE,75,63.555076,ok,97.2333333333333,1.21666666666667,6.85,77.4666666666667,11.7,3,21744,28979
4954840102,20:15,1215,-75.4034335416342,40.0837100594333,-75.2240243087353,39.9622994543846,off_peak,FALSE,75,67.781328,ok,103.383333333333,3.1,14.1,81.8,4.38333333333333,4,7742,2450
4954840201,9:30,570,-75.2240243087353,39.9622994543846,-75.4034335416342,40.0837100594333,off_peak,FALSE,75,63.555076,ok,97.2333333333333,1.21666666666667,6.85,77.4666666666667,11.7,3,21744,28979
4954840202,20:15,1215,-75.4034335416342,40.0837100594333,-75.2240243087353,39.9622994543846,off_peak,FALSE,75,67.781328,ok,103.383333333333,3.1,14.1,81.8,4.38333333333333,4,7742,2450
4964260101,10:26,626,-75.1536080135934,39.9890571718199,-75.1621985739407,40.0312108390649,off_peak,FALSE,34,27.951814,ok,42.25,2.63333333333333,6,29.5666666666667,4.05,3,17284,17048
4964260102,11:26,686,-75.1621985739407,40.0312108390649,-75.1677276497158,39.9525760413027,off_peak,FALSE,34,32.308005,ok,41.0166666666667,4.25,7.43333333333333,24.3166666666667,5.01666666666667,1,15706,1281
4964260103,13:30,810,-75.1677276497158,39.9525760413027,-75.1434979130601,39.9948625819814,off_peak,FALSE,45,27.106476,ok,37.5666666666667,1,0.15,30.9,5.51666666666667,2,18451,16876
4964260104,15:20,920,-75.1434979130601,39.9948625819814,-75.1536080135934,39.9890571718199,off_peak,FALSE,25,14.8069,ok,19.15,3.98333333333333,2.68333333333333,3.43333333333333,9.05,0,30807,20521
4964260107,19:08,1148,-75.1609354256761,39.9985787329005,-75.1637178548733,40.0728230078758,off_peak,FALSE,160,43.111973,ok,63.7,2.93333333333333,8.48333333333333,44.8,7.48333333333333,0,2684,18316
4969920302,15:05,905,-75.3013723653597,39.9794510787381,-75.3195257705183,40.0049815590517,off_peak,FALSE,40,28.396062,ok,55.0666666666667,2.41666666666667,24.25,17.6833333333333,10.7166666666667,1,18861,1924
4970310202,6:35,395,-75.2823535717739,40.2437347422191,-75.0970997143657,40.0327180482812,am_peak,TRUE,55,78.706659,unreachable,,,,,,,,
4970310203,11:30,690,-75.0970997143657,40.0327180482812,-75.274466211559,40.2111841677703,off_peak,FALSE,45,71.476652,unreachable,,,,,,,,
4971340102,18:43,1123,-75.3686666885444,40.0437004752317,-75.4829079089365,40.0451966969818,pm_peak,TRUE,19,21.118173,unreachable,,,,,,,,
4971940101,9:35,575,-75.3323323106212,40.128008599831,-75.3147109767587,40.1422852431983,off_peak,FALSE,30,15.285721,ok,39.1833333333333,2.13333333333333,26.5333333333333,6.33333333333333,4.18333333333333,0,27401,1651
4971940105,13:32,812,-75.3277783169247,40.1402976717836,-75.3323323106212,40.128008599831,off_peak,FALSE,8,13.05,unreachable,,,,,,,,
4985230101,8:00,480,-75.1804047012754,39.9816583790678,-75.1672929773502,39.9544153783527,am_peak,TRUE,60,26.670424,ok,36.0333333333333,0.25,10,19.4666666666667,6.31666666666667,1,25373,14911
4985230103,13:30,810,-75.1637714901797,39.9554388396102,-75.1541388337345,39.9522458625874,off_peak,FALSE,30,12.814581,ok,25.05,1.78333333333333,11.85,9.4,2.01666666666667,1,5131,18457
4985230104,14:30,870,-75.1541388337345,39.9522458625874,-75.1804047012754,39.9816583790678,off_peak,FALSE,45,30.908288,ok,43.5166666666667,1.78333333333333,3.21666666666667,36.4833333333333,2.03333333333333,3,728,2886
4989420102,8:49,529,-75.2502288545764,40.0591812426166,-75.1649773922386,39.9502186753736,am_peak,TRUE,44,37.798029,no_origin_stop,,,,,,,,
4989420104,9:42,582,-75.1638872349499,39.9525548857932,-75.1545693550523,40.0111496191661,off_peak,FALSE,14,16.337594,ok,23.3666666666667,0.3,7.95,12.4333333333333,2.68333333333333,1,32141,18211
4989420107,17:47,1067,-75.1553089348274,40.0036904586044,-75.1659426772114,39.9531940428398,pm_peak,TRUE,16,22.41538,ok,33.8666666666667,2.96666666666667,1.13333333333333,26.1166666666667,3.65,0,2729,2687
4989420108,18:05,1085,-75.1659426772114,39.9531940428398,-75.1553089348274,40.0036904586044,pm_peak,TRUE,37,21.472868,ok,30.9333333333333,1.26666666666667,0.733333333333333,24.5,4.43333333333333,3,20659,17120
4990450101,9:00,540,-75.1822218287983,40.0542278772892,-75.274466211559,40.2111841677703,am_peak,TRUE,60,62.272035,ok,137.55,2.95,17.05,114.933333333333,2.61666666666667,5,15519,27445
4990450103,12:00,720,-75.1705068930163,39.9509065904554,-75.1466622121185,39.9478355374067,off_peak,FALSE,60,18.299819,ok,21.3833333333333,1.26666666666667,4.3,14.2666666666667,1.55,0,6062,20970
4990450104,15:30,930,-75.1466622121185,39.9478355374067,-75.1760735539168,40.0604283093855,off_peak,FALSE,40,35.042316,ok,65.1333333333334,1.13333333333333,7,54.75,2.25,3,20972,17519
4990450105,17:30,1050,-75.1760735539168,40.0604283093855,-75.1822218287983,40.0542278772892,pm_peak,TRUE,15,7.683333,ok,13.5333333333333,2.25,0.633333333333333,7.65,3,1,17519,15518
4996200202,7:03,423,-75.3393898477744,40.011683172831,-75.1659426772114,39.9531940428398,am_peak,TRUE,27,58.057687,no_origin_stop,,,,,,,,
4996200203,17:00,1020,-75.1659426772114,39.9531940428398,-75.4829079089365,40.0451966969818,pm_peak,TRUE,38,45.804768,ok,105.816666666667,1.1,7.9,90.9833333333333,5.83333333333333,4,515,19377
5002200201,7:45,465,-75.208260147084,39.9463603580681,-75.1661426003533,40.014873112626,am_peak,TRUE,50,42.699033,ok,42.7833333333333,1.7,0.966666666666667,32.3166666666667,7.8,3,20729,18217
5002200202,16:15,975,-75.1661426003533,40.014873112626,-75.1869128860449,39.9502197402395,pm_peak,TRUE,45,35.961344,ok,52.25,5.35,3.88333333333333,33.0833333333333,9.93333333333333,2,28584,20662
5003940201,8:30,510,-75.1766032234225,39.9460189303461,-75.1517226930339,39.9485721389241,am_peak,TRUE,30,19.812944,ok,30.15,1.91666666666667,8.81666666666667,17.6,1.81666666666667,2,22239,6112
5003940202,17:30,1050,-75.1517226930339,39.9485721389241,-75.1766032234225,39.9460189303461,pm_peak,TRUE,50,22.14147,ok,29.6333333333333,1.58333333333333,0.883333333333333,22.5833333333333,4.58333333333333,3,6111,22236
5006430102,10:51,651,-75.1400970132193,39.9722367087517,-75.1608290378846,39.9512565309348,off_peak,FALSE,8,17.783333,ok,31.95,0.85,12.25,17.0333333333333,1.81666666666667,1,18082,32174
5006430103,11:03,663,-75.1608290378846,39.9512565309348,-75.2143085167584,39.9408655334325,off_peak,FALSE,17,23.130303,ok,29.15,1.53333333333333,1.38333333333333,24.6333333333333,1.6,1,30082,317
5006430105,11:32,692,-75.2032844122027,39.9507247552209,-75.1834073455283,39.9599979498596,off_peak,FALSE,5,16.130443,ok,18.55,2.16666666666667,1.83333333333333,5.16666666666667,9.38333333333333,0,20804,20643
5006430106,11:41,701,-75.1834073455283,39.9599979498596,-75.1400970132193,39.9722367087517,off_peak,FALSE,19,26.336258,ok,51.2,7.6,11.4,24,8.2,1,28325,353
5006430110,14:38,878,-75.1400970132193,39.9722367087517,-75.1262221694671,39.9679483007659,off_peak,FALSE,5,16.997797,ok,32.6,0.85,9.25,16.3666666666667,6.13333333333333,1,18082,21101
5009080101,6:50,410,-75.0448298513145,40.0439492220356,-75.1448779639192,40.0113597410072,am_peak,TRUE,50,50.927581,ok,57.2166666666667,7.11666666666667,0.233333333333333,44.4,5.46666666666667,3,22454,829
5009080102,14:40,880,-75.1448779639192,40.0113597410072,-75.0448298513145,40.0439492220356,off_peak,FALSE,50,50.533355,ok,72.15,1.65,9.13333333333333,54.25,7.11666666666667,1,16396,22454
5019750102,5:53,353,-75.254819970125,39.9161180335113,-75.2143085167584,39.9408655334325,off_peak,FALSE,14,23.614623,ok,23.8666666666667,2.53333333333333,2.96666666666667,16.5,1.86666666666667,0,20699,20725
5019750103,6:19,379,-75.2143085167584,39.9408655334325,-75.1959402940889,39.9314017565807,am_peak,TRUE,21,19.446612,ok,33.5666666666667,1.16666666666667,13.6166666666667,14.35,4.43333333333333,2,21720,32486
5019750105,15:11,911,-75.1935416868526,39.9389690550161,-75.2143085167584,39.9408655334325,off_peak,FALSE,7,10.368957,ok,37.9166666666667,0.433333333333333,6.03333333333333,24.5333333333333,6.91666666666667,1,25921,322
5019750201,12:00,720,-75.254819970125,39.9161180335113,-75.2241105378748,39.9212305887037,off_peak,FALSE,0,24.131559,ok,27.4166666666667,2.53333333333333,10.9666666666667,13.5,0.416666666666667,1,20699,201
5019750202,14:15,855,-75.2241105378748,39.9212305887037,-75.2629389868999,39.9545919335046,off_peak,FALSE,45,27.250362,ok,45.7666666666667,0.65,3.83333333333333,38.2333333333333,3.05,2,24905,19607
5019750203,17:00,1020,-75.2629389868999,39.9545919335046,-75.2079230580804,39.9646408013521,pm_peak,TRUE,60,32.367153,ok,48.3166666666667,1.68333333333333,13.9833333333333,29.2166666666667,3.43333333333333,2,19275,567
5019750204,21:50,1310,-75.2079230580804,39.9646408013521,-75.254819970125,39.9161180335113,off_peak,FALSE,100,42.651578,ok,64.4,3.2,3.61666666666667,54.9166666666667,2.66666666666667,5,20633,20765
5019750301,8:06,486,-75.254819970125,39.9161180335113,-75.1634808483634,39.9480403151119,am_peak,TRUE,61,30.607886,ok,49.5166666666667,2.53333333333333,5.46666666666667,33.7,7.81666666666667,1,20699,2455
5019750302,9:18,558,-75.1634808483634,39.9480403151119,-75.1562910038297,39.9768159139408,am_peak,TRUE,21,17.68766,ok,19.4833333333333,1.76666666666667,3.73333333333333,10,3.98333333333333,0,32140,32148
5019750304,16:01,961,-75.1804047012754,39.9816583790678,-75.0722007215537,40.1814590893573,pm_peak,TRUE,133,113.946619,no_dest_stop,,,,,,,,
5019750305,19:15,1155,-75.0722007215537,40.1814590893573,-75.254819970125,39.9161180335113,off_peak,FALSE,191,128.543558,no_origin_stop,,,,,,,,
5020830205,11:50,710,-75.2092872712104,40.0181516385401,-75.1834073455283,39.9599979498596,off_peak,FALSE,10,13.282802,ok,39.25,3.21666666666667,4.05,22.7333333333333,9.25,1,17345,32176
5021380101,8:00,480,-75.1676557779857,39.9917901151344,-75.1673759243643,39.9592890487195,am_peak,TRUE,45,23.000626,ok,31.1,1.76666666666667,6.71666666666667,18.1,4.51666666666667,0,2852,2743
5021380102,11:00,660,-75.1673759243643,39.9592890487195,-75.1539262084391,39.9844115630897,off_peak,FALSE,30,22.385064,ok,27.8166666666667,0.233333333333333,0.216666666666667,21.8,5.56666666666667,2,24172,32149
5021380204,19:30,1170,-75.3591948488245,40.206024064853,-75.1676557779857,39.9917901151344,off_peak,FALSE,30,,no_origin_stop,,,,,,,,
5021380301,7:30,450,-75.1676557779857,39.9917901151344,-75.1758411443119,39.993060336458,am_peak,TRUE,30,11.116667,ok,14.7166666666667,1.76666666666667,0.716666666666667,0.833333333333333,11.4,0,2852,3120
5021380303,16:15,975,-75.0593151476913,40.0302346423682,-75.1539262084391,39.9844115630897,pm_peak,TRUE,15,39.286545,ok,53.35,3.58333333333333,1.6,44.75,3.41666666666667,3,1138,16370
5021380304,19:00,1140,-75.1539262084391,39.9844115630897,-75.1676557779857,39.9917901151344,off_peak,FALSE,30,17.095609,ok,24.25,1.43333333333333,2.2,18.9833333333333,1.63333333333333,2,16109,14752
5021380402,7:31,451,-75.1539262084391,39.9844115630897,-75.168489346328,40.1228453069335,am_peak,TRUE,29,50.369032,ok,101.6,1.43333333333333,5.2,87.8333333333333,7.13333333333333,7,16109,1076
5021380403,16:00,960,-75.168489346328,40.1228453069335,-75.1676557779857,39.9917901151344,pm_peak,TRUE,60,53.780161,unreachable,,,,,,,,
5023060101,8:30,510,-75.1833908620653,39.9475606076449,-75.1261412370567,40.3135957992813,am_peak,TRUE,140,124.693296,unreachable,,,,,,,,
5028430201,6:40,400,-75.1936158015564,40.0213231298423,-75.1612826317197,39.9532127364358,am_peak,TRUE,35,40.669437,ok,44.1833333333333,2.13333333333333,4.86666666666667,33,4.18333333333333,2,16530,1281
5028430203,17:45,1065,-75.1665551812863,39.9452085642469,-75.1936158015564,40.0213231298423,pm_peak,TRUE,45,52.204469,ok,62.4833333333333,0.716666666666667,11.0666666666667,48.2166666666667,2.48333333333333,6,22269,16011
5032850101,8:55,535,-75.1498041127206,39.934304016358,-75.1550139436622,39.9445812882334,am_peak,TRUE,25,13.389732,ok,21.8333333333333,1.4,5.6,12.7833333333333,2.05,1,856,22263
5032850103,11:15,675,-75.1550139436622,39.9445812882334,-75.1403356095466,39.9391423334251,off_peak,FALSE,35,16.176392,ok,45.1166666666667,0.35,14.15,18,12.6166666666667,1,16294,24684
5032850104,16:15,975,-75.1403356095466,39.9391423334251,-75.1483144819563,39.9402627111676,pm_peak,TRUE,30,10.991573,ok,38.65,3.9,25.55,0.566666666666667,8.63333333333333,0,30901,24046
5032850106,17:20,1040,-75.1590188241439,40.0700587039899,-75.1498041127206,39.934304016358,pm_peak,TRUE,15,62.239256,ok,61.1,2.48333333333333,5.58333333333333,52.3166666666667,0.716666666666667,2,11112,24681
5035620502,11:00,660,-75.4829079089365,40.0451966969818,-75.1840170635385,39.9534784074457,off_peak,FALSE,60,47.078766,ok,137.6,5.83333333333333,21.8333333333333,105.333333333333,4.6,2,19377,32702
5040140102,8:13,493,-75.3854291498663,40.0396308610676,-75.1687160134156,39.9558364756335,am_peak,TRUE,32,48.197569,unreachable,,,,,,,,
5040140104,17:05,1025,-75.1638872349499,39.9525548857932,-75.42025058575,40.0287282649711,pm_peak,TRUE,45,69.107503,no_dest_stop,,,,,,,,
5040390101,6:45,405,-75.2020994755601,40.077187821998,-75.1662257986882,39.9519342771783,am_peak,TRUE,45,41.326165,ok,59.5833333333333,0.8,8.38333333333333,47.3166666666667,3.08333333333333,1,17528,1281
5040390102,18:10,1090,-75.1662257986882,39.9519342771783,-75.2020994755601,40.077187821998,pm_peak,TRUE,50,38.531193,ok,63.1833333333333,1.53333333333333,3.23333333333333,53.3833333333333,5.03333333333333,3,10266,15620
5046350202,6:18,378,-75.3548774564537,39.9036369389223,-75.1834073455283,39.9599979498596,am_peak,TRUE,32,29.40979,ok,68.3833333333334,7.43333333333333,0.566666666666667,51,9.38333333333333,2,14840,21532
5046350207,18:25,1105,-75.1834073455283,39.9599979498596,-75.3475957675981,39.9012278289218,pm_peak,TRUE,25,32.52171,ok,95.7333333333333,7.26666666666667,19.7333333333333,64,4.73333333333333,4,32702,14837
5047750101,12:00,720,-75.1715947626354,39.9429517013451,-75.1717674832599,39.9564206302579,off_peak,FALSE,30,16.768586,ok,42.6333333333333,1.35,10.1333333333333,25.7166666666667,5.43333333333333,3,2679,20660
5048230201,8:30,510,-75.196250582134,40.0845531865234,-75.1652643007328,39.9488899960486,am_peak,TRUE,45,58.854566,ok,81.9166666666667,10.5833333333333,10.4666666666667,59.7,1.16666666666667,2,15620,1282
5048230202,17:40,1060,-75.1652643007328,39.9488899960486,-75.196250582134,40.0845531865234,pm_peak,TRUE,75,52.670713,ok,62.6333333333333,1.16666666666667,0.583333333333333,50.3,10.5833333333333,3,1282,15620
5048570101,5:00,300,-74.9853265543148,40.0477525065309,-75.1630657978927,39.949981511781,off_peak,FALSE,225,43.717357,unreachable,,,,,,,,
5048570103,18:00,1080,-74.971722014007,40.068261230225,-74.9853265543148,40.0477525065309,pm_peak,TRUE,80,23.629175,ok,50.8666666666667,1.53333333333333,22.2666666666667,21.6,5.46666666666667,2,28506,22692
5055370101,18:30,1110,-75.1634808483634,39.9480403151119,-75.1392078148453,39.9466654688148,pm_peak,TRUE,15,18.178391,ok,29.45,1.36666666666667,8.3,11.2833333333333,8.5,1,5229,428
5058720101,7:20,440,-75.0972035448796,39.9884463740478,-75.1677276497158,39.9525760413027,am_peak,TRUE,20,37.13241,ok,45.4,2.6,3.88333333333333,35.5166666666667,3.4,1,32687,32175
5058720102,17:40,1060,-75.1677276497158,39.9525760413027,-75.0972035448796,39.9884463740478,pm_peak,TRUE,40,34.640309,ok,45.2666666666667,1,0.0833333333333333,35.9166666666667,8.26666666666667,2,18451,341
5062010101,7:20,440,-75.3077676290044,40.0078734461634,-75.2626735411038,39.9640057100153,am_peak,TRUE,15,30.333935,ok,35.4833333333333,10.8666666666667,2.75,19.25,2.61666666666667,1,32198,18639
5062010102,7:37,457,-75.2626735411038,39.9640057100153,-75.1537481432666,39.9503794767793,am_peak,TRUE,34,26.438714,ok,33.4666666666667,2.61666666666667,1.25,28.2666666666667,1.33333333333333,2,18639,2457
5067500103,19:00,1140,-75.1572994746159,39.95264251715,-75.1466622121185,39.9478355374067,off_peak,FALSE,30,11.433319,ok,13.5,2.05,0.933333333333333,4.01666666666667,6.5,0,10255,638
5067500104,21:45,1305,-75.1466622121185,39.9478355374067,-75.1537481432666,39.9503794767793,off_peak,FALSE,35,9.884395,ok,21.7,1.58333333333333,8.21666666666667,0.55,11.35,0,17564,17567
5079600103,8:30,510,-75.1834073455283,39.9599979498596,-75.1537481432666,39.9503794767793,am_peak,TRUE,10,15.119871,ok,28.4666666666667,7.26666666666667,10.7333333333333,9.13333333333333,1.33333333333333,1,32702,2457
5086400101,8:00,480,-75.2916524455955,39.9377962945873,-75.2647018998912,39.9085205983673,am_peak,TRUE,0,38.911493,ok,58.5,1.2,13.7666666666667,35.3166666666667,8.21666666666667,3,19118,20368
5086400102,16:00,960,-75.2647018998912,39.9085205983673,-75.2916524455955,39.9377962945873,pm_peak,TRUE,480,33.766839,ok,88.1166666666667,5.3,27.9,48.0333333333333,6.88333333333333,2,30363,15339
5090530101,8:07,487,-75.1595117962634,39.9367714452714,-75.3170969015922,40.0208081125859,am_peak,TRUE,31,53.52039,ok,69.0333333333333,0.433333333333333,2.21666666666667,56.35,10.0333333333333,3,24754,1925
5090530104,17:25,1045,-75.3170969015922,40.0208081125859,-75.1588750233838,39.9528401835985,pm_peak,TRUE,30,44.399699,ok,77.4833333333333,0.483333333333333,14.5166666666667,60.2666666666667,2.21666666666667,4,2018,2456
5101750101,8:00,480,-74.8931888156492,40.1226963892805,-75.1691139313301,39.9535949564727,am_peak,TRUE,60,103.984149,ok,151.6,6.6,29.1833333333333,110.216666666667,5.6,2,28461,32175
5103110101,7:15,435,-75.3417017450501,39.9005076012879,-75.1742868895805,39.952935291834,am_peak,TRUE,45,47.774367,ok,90.4666666666667,12.6,19.4,54.45,4.01666666666667,2,14840,20660
5103110102,17:20,1040,-75.1742868895805,39.952935291834,-75.3417017450501,39.9005076012879,pm_peak,TRUE,45,46.150461,ok,86.8666666666667,1.55,5.46666666666667,66.9833333333333,12.8666666666667,4,18447,14837
5105180101,8:00,480,-75.1685656145409,39.9486706858777,-75.3045400928903,40.0162243322963,am_peak,TRUE,42,42.290696,ok,95.9833333333333,1.23333333333333,5.15,87.1666666666667,2.43333333333333,5,3042,30685
5105180102,17:45,1065,-75.3045400928903,40.0162243322963,-75.1705068930163,39.9509065904554,pm_peak,TRUE,45,44.435303,ok,77.8666666666667,2.61666666666667,15.5666666666667,51.8166666666667,7.86666666666667,2,29758,1392
5107440201,13:30,810,-75.1621985739407,40.0312108390649,-75.1392788470332,40.0429484652339,off_peak,FALSE,60,23.162827,ok,36.0333333333333,4.25,2.75,25,4.03333333333333,1,15706,20965
5107440202,18:30,1110,-75.1392788470332,40.0429484652339,-75.1621985739407,40.0312108390649,pm_peak,TRUE,100,22.791692,ok,45.95,1.5,0,40.4,4.05,4,17718,17048
5107840201,7:30,450,-75.2062968547165,39.9737371253413,-75.1612826317197,39.9532127364358,am_peak,TRUE,90,25.129328,ok,31.1833333333333,0.366666666666667,1.85,24.7833333333333,4.18333333333333,1,21062,1281
5107840202,18:00,1080,-75.1612826317197,39.9532127364358,-75.2062968547165,39.9737371253413,pm_peak,TRUE,90,29.195441,ok,24.35,1.83333333333333,1.06666666666667,21.35,0.1,2,20968,22298
5111180202,5:20,320,-75.0507457532838,40.1204447180279,-75.1840170635385,39.9534784074457,off_peak,FALSE,60,50.390888,no_origin_stop,,,,,,,,
5111180203,15:45,945,-75.1840170635385,39.9534784074457,-75.1840170635385,39.9534784074457,off_peak,FALSE,85,6.982919,ok,3.01666666666667,1.88333333333333,0.1,0.616666666666667,0.416666666666667,0,21357,20976
5111290201,9:00,540,-75.2181192513656,40.032241980928,-75.3460361638143,40.1143423687777,am_peak,TRUE,30,38.074768,ok,102.883333333333,1.4,1.9,94.7833333333333,4.8,4,19694,27391
5111290202,13:30,810,-75.3460361638143,40.1143423687777,-75.2181192513656,40.032241980928,off_peak,FALSE,60,36,ok,95.7166666666667,1.95,28.05,62.8666666666667,2.85,2,32185,16023
5111290203,15:00,900,-75.2181192513656,40.032241980928,-75.2436983741977,40.0509944084347,off_peak,FALSE,30,17.489328,ok,27.4666666666667,2.61666666666667,0.733333333333333,13.2666666666667,10.85,1,16022,16079
5119280201,6:20,380,-75.3385333435585,39.9979570494413,-75.600181420384,40.0334436556146,am_peak,TRUE,,,no_origin_stop,,,,,,,,
5119280202,18:00,1080,-75.600181420384,40.0334436556146,-75.3385333435585,39.9979570494413,pm_peak,TRUE,60,,no_dest_stop,,,,,,,,
5120320101,8:10,490,-75.0242936664932,40.0935720600163,-75.177201361549,39.9550054347417,am_peak,TRUE,70,68.509788,ok,77.5833333333333,4.48333333333333,8.55,62.6,1.95,2,23333,20661
5120320102,14:30,870,-75.177201361549,39.9550054347417,-75.0325978610195,40.0871418066782,off_peak,FALSE,90,64.288592,ok,73.3833333333334,2,1.23333333333333,58.5,11.65,2,20645,22520
5121500102,17:30,1050,-75.2024327640643,39.9546329212277,-75.2354698649569,39.9579979858569,pm_peak,TRUE,15,14.300916,ok,15.5333333333333,0.883333333333333,2.11666666666667,12.1,0.433333333333333,0,433,21381
5122980102,7:08,428,-75.3967642023521,39.912580844843,-75.1541388337345,39.9522458625874,am_peak,TRUE,38,48.767596,ok,111.35,9.18333333333333,29.9666666666667,69.9833333333333,2.21666666666667,1,20032,2457
5122980105,9:34,574,-75.1572994746159,39.95264251715,-75.3862490558174,39.9062101361711,off_peak,FALSE,37,40.803611,ok,121.866666666667,1.81666666666667,20.25,93.6666666666667,6.13333333333333,4,17833,31901
5127700101,7:00,420,-75.2925201496869,39.9202228863396,-75.1588750233838,39.9528401835985,am_peak,TRUE,55,36.15068,ok,62.4833333333333,6.18333333333333,5.88333333333333,48.2,2.21666666666667,1,18844,2456
5127700202,19:00,1140,-75.1588750233838,39.9528401835985,-75.2844606971503,39.9242462649883,off_peak,FALSE,85,28.25,ok,63.3333333333333,1.86666666666667,3.71666666666667,49.3666666666667,8.38333333333333,3,10262,18636
5129480207,11:16,676,-75.3490077338315,40.0452635767863,-75.1588750233838,39.9528401835985,off_peak,FALSE,39,49.544105,ok,70.4833333333333,8.6,2.4,57.2666666666667,2.21666666666667,2,1930,2456
5129480213,15:45,945,-75.1588750233838,39.9528401835985,-75.3490077338315,40.0452635767863,off_peak,FALSE,32,39.126898,ok,64.6,1.86666666666667,1.41666666666667,52.7166666666667,8.6,3,10262,1930
5151870101,11:52,712,-75.5988617101674,39.9607804869585,-75.7957120401474,40.0022270736992,off_peak,FALSE,0,93.136226,no_dest_stop,,,,,,,,
5156530101,6:28,388,-75.1515094031092,39.9207626635082,-75.1400970132193,39.9722367087517,am_peak,TRUE,9,30.798873,ok,37.4833333333333,1.98333333333333,10.5666666666667,23.2,1.73333333333333,0,17380,17617
5156530102,6:47,407,-75.1400970132193,39.9722367087517,-75.1097816224041,40.116544124873,am_peak,TRUE,13,63.41036,no_dest_stop,,,,,,,,
5171340102,6:54,414,-75.214650332805,40.1349579453564,-75.1648345113326,39.9541020155151,am_peak,TRUE,36,42.869745,ok,74.1166666666667,3.38333333333333,7.61666666666667,60,3.11666666666667,2,27136,1281
5171340105,16:40,1000,-75.1648345113326,39.9541020155151,-75.214650332805,40.1349579453564,pm_peak,TRUE,35,40.629544,ok,124.333333333333,0.833333333333333,1.68333333333333,118.483333333333,3.33333333333333,4,17842,27016
5174730101,8:55,535,-75.3843009215246,39.9156678477591,-75.1704674139331,39.9548009865238,am_peak,TRUE,60,43.501685,ok,84.4833333333333,0.9,1.35,79.1,3.13333333333333,4,4638,20646
5174730105,16:54,1014,-75.1648345113326,39.9541020155151,-75.3862490558174,39.9062101361711,pm_peak,TRUE,31,36.357943,ok,125.266666666667,0.833333333333333,0.166666666666667,118.133333333333,6.13333333333333,4,17842,31901
5177060201,8:00,480,-75.2783533552924,39.9575793577259,-75.1840170635385,39.9534784074457,am_peak,TRUE,30,33.865815,ok,39.6333333333333,6.21666666666667,6.45,24.3333333333333,2.63333333333333,1,15102,21532
5177060202,16:30,990,-75.1840170635385,39.9534784074457,-75.2783533552924,39.9575793577259,pm_peak,TRUE,30,33.332419,ok,42.7666666666667,1.88333333333333,2.53333333333333,31.75,6.6,2,21357,13414
5192500203,14:31,871,-75.4500381380104,39.9613999791314,-75.2494877628824,39.925101393977,off_peak,FALSE,119,61.498823,no_origin_stop,,,,,,,,
5198430103,7:39,459,-75.1531176077862,40.0998645962702,-75.1588750233838,39.9528401835985,am_peak,TRUE,26,30.091828,ok,73.1833333333333,1.76666666666667,15.2333333333333,47,9.18333333333333,1,16744,1280
5201520201,7:10,430,-75.3144697816706,40.0155040903494,-75.1672929773502,39.9544153783527,am_peak,TRUE,,38.172362,ok,69.35,6.15,9.15,49.7,4.35,2,19439,1392
5201520202,18:00,1080,-75.1672929773502,39.9544153783527,-75.3144697816706,40.0155040903494,pm_peak,TRUE,15,38.850606,ok,54.65,1.25,9.26666666666667,33.8333333333333,10.3,3,8936,1924
5210970201,8:44,524,-75.2533849746111,39.9972621864517,-75.1648345113326,39.9541020155151,am_peak,TRUE,24,21.280945,no_origin_stop,,,,,,,,
5210970206,16:41,1001,-75.1715947626354,39.9429517013451,-75.2621066880574,40.0038368776237,pm_peak,TRUE,27,41.840478,no_dest_stop,,,,,,,,
5220560103,7:50,470,-75.1700384657366,39.9693644720962,-75.1489215256524,39.95458250175,am_peak,TRUE,25,21.147215,ok,23.2,0.866666666666667,2.75,14.1333333333333,5.45,2,2801,2440
5220560104,16:30,990,-75.1489215256524,39.95458250175,-75.1545851492175,39.9813757258968,pm_peak,TRUE,32,21.2074,ok,25.4,3.4,0.0833333333333333,16.1,5.81666666666667,1,18518,25473
5220560105,17:40,1060,-75.1545851492175,39.9813757258968,-75.1700384657366,39.9693644720962,pm_peak,TRUE,17,22.336033,ok,34.3,1.55,7.23333333333333,19.2333333333333,6.28333333333333,1,16111,21009
5232980101,10:00,600,-75.1906300416804,39.958024348983,-75.1583275844786,39.9602029183105,off_peak,FALSE,,19.994903,ok,45.2833333333333,1.35,18.7166666666667,12.7,12.5166666666667,2,21525,3057
5232980102,15:00,900,-75.1583275844786,39.9602029183105,-75.1906300416804,39.958024348983,off_peak,FALSE,30,20.888563,ok,29.0166666666667,0.366666666666667,7.01666666666667,17.6,4.03333333333333,2,16126,32177
5232980301,9:00,540,-75.1906300416804,39.958024348983,-75.1701368511036,39.9488667930338,am_peak,TRUE,25,16.894335,ok,36.5166666666667,1.35,18.7166666666667,6.93333333333333,9.51666666666667,1,21525,1392
5232980303,13:30,810,-75.1742218041379,39.9513700637455,-75.1474545568906,39.9496085506464,off_peak,FALSE,15,19.14413,ok,18.65,1.55,5.43333333333333,9,2.66666666666667,1,21316,2458
5232980304,16:00,960,-75.1474545568906,39.9496085506464,-75.1906300416804,39.958024348983,pm_peak,TRUE,90,14.185289,ok,25.0166666666667,1.28333333333333,3.33333333333333,16.3666666666667,4.03333333333333,2,14930,32177
5233570202,10:11,611,-75.2263543044564,40.0477064501431,-75.1652507511981,39.9564326348413,off_peak,FALSE,49,39.580435,ok,67.2166666666667,6.78333333333333,27.0333333333333,30.1666666666667,3.23333333333333,0,8525,17170
5233570203,14:30,870,-75.1652507511981,39.9564326348413,-75.1652507511981,39.9564326348413,off_peak,FALSE,30,4.927778,ok,8.18333333333333,1.93333333333333,5.08333333333333,0.183333333333333,0.983333333333333,0,3024,3057
5243500101,8:48,528,-75.2306181788506,40.0331480094283,-75.1562910038297,39.9768159139408,am_peak,TRUE,42,30.020858,no_origin_stop,,,,,,,,
5243500102,11:39,699,-75.1562910038297,39.9768159139408,-75.2306181788506,40.0331480094283,off_peak,FALSE,42,31.954863,no_dest_stop,,,,,,,,
5243500201,9:18,558,-75.2306181788506,40.0331480094283,-75.1562910038297,39.9768159139408,am_peak,TRUE,33,30.020858,no_origin_stop,,,,,,,,
5243500202,21:51,1311,-75.1562910038297,39.9768159139408,-75.2306181788506,40.0331480094283,off_peak,FALSE,36,31.716667,no_dest_stop,,,,,,,,
5247550203,7:30,450,-74.9853265543148,40.0477525065309,-75.1638872349499,39.9525548857932,am_peak,TRUE,30,38.855257,ok,89.9666666666667,5.3,16.1833333333333,66.5166666666667,1.96666666666667,2,22559,32175
5247550205,16:55,1015,-75.1588750233838,39.9528401835985,-75.0798260530761,40.0248633027149,pm_peak,TRUE,25,31.790295,ok,44.7833333333333,2.03333333333333,4.28333333333333,31.0166666666667,7.45,2,10259,22335
5257730101,7:00,420,-75.3329867932292,40.2272389657107,-75.1553089348274,40.0036904586044,am_peak,TRUE,60,,no_origin_stop,,,,,,,,
5257730102,15:00,900,-75.1553089348274,40.0036904586044,-75.3329867932292,40.2272389657107,off_peak,FALSE,60,,no_dest_stop,,,,,,,,
5264720102,16:00,960,-74.9919645563739,40.0557019160434,-75.0334767058455,40.1004177520944,pm_peak,TRUE,480,37.077998,ok,59.9,6.75,1.48333333333333,43.75,7.91666666666667,2,21869,22951
5269500301,4:55,295,-75.025951705377,40.0340975453938,-75.0242936664932,40.0935720600163,off_peak,FALSE,50,35.693354,unreachable,,,,,,,,
5269500303,14:25,865,-75.0164718495484,40.1003470300558,-75.025951705377,40.0340975453938,off_peak,FALSE,50,34.906034,ok,59.8166666666667,4.58333333333333,13.3,40.5833333333333,1.35,1,23026,22702
5269500501,7:00,420,-75.025951705377,40.0340975453938,-75.0589769417546,40.017025533914,am_peak,TRUE,25,18.760594,ok,17.5833333333333,1.35,0.733333333333333,14.1333333333333,1.36666666666667,1,22702,17975
5269500502,15:30,930,-75.0589769417546,40.017025533914,-75.025951705377,40.0340975453938,off_peak,FALSE,38,20.022349,ok,23.4166666666667,1.05,5.55,15.75,1.06666666666667,1,17914,22541
5270130101,9:15,555,-75.0589191747288,40.0341434174917,-75.1588750233838,39.9528401835985,am_peak,TRUE,60,40.607696,ok,47.5833333333333,6.53333333333333,4.41666666666667,34.5333333333333,2.1,2,15844,32173
5278380203,16:00,960,-75.1612826317197,39.9532127364358,-75.1612826317197,39.9532127364358,pm_peak,TRUE,60,4.127778,ok,6.11666666666667,1.83333333333333,0.15,1.01666666666667,3.11666666666667,0,4461,4474
5278480101,10:00,600,-75.1446066576729,40.0233803729966,-75.1584725274299,39.950967187359,off_peak,FALSE,90,32.379671,ok,54.5333333333333,1.28333333333333,18.0333333333333,33.65,1.56666666666667,3,22066,10258
5278480104,14:10,850,-75.1392788470332,40.0429484652339,-75.1381304513604,40.0251658128621,off_peak,FALSE,0,11.765591,ok,32.5333333333333,2.08333333333333,4.96666666666667,21.8,3.68333333333333,2,17716,22069
5278480108,17:40,1060,-75.1491317030119,40.0304553583606,-75.1609354256761,39.9985787329005,pm_peak,TRUE,9,21.101329,ok,39.1666666666667,1.3,13.1666666666667,12.2833333333333,12.4166666666667,1,24406,142
5278480109,17:57,1077,-75.1609354256761,39.9985787329005,-75.1857519422656,39.9869713053535,pm_peak,TRUE,18,19.386363,ok,41.8333333333333,2.93333333333333,0.983333333333333,30.6,7.31666666666667,2,2684,3196
5278480202,11:00,660,-75.1325211942729,40.0941668713503,-75.1446066576729,40.0233803729966,off_peak,FALSE,60,31.880173,ok,73.85,6.85,24.6,37.2166666666667,5.18333333333333,2,1053,15973
5278790102,7:51,471,-75.1297691436794,40.0713922682092,-75.1545851492175,39.9813757258968,am_peak,TRUE,19,23.11768,ok,51.6166666666667,3.91666666666667,0.166666666666667,43.9333333333333,3.6,4,16622,17279
5278790104,17:32,1052,-75.1480260525691,39.9820906148628,-75.1297691436794,40.0713922682092,pm_peak,TRUE,18,18.801258,ok,57.4333333333333,0.75,8.48333333333333,43.3,4.9,2,16273,23438
5284800101,7:05,425,-75.1689771799637,39.9467826108977,-75.124494522152,40.1214440489086,am_peak,TRUE,56,63.876424,ok,71.5166666666667,1.71666666666667,3.48333333333333,57.6,8.71666666666667,3,35,16648
5284800102,15:30,930,-75.124494522152,40.1214440489086,-75.1608866949941,39.9837724999129,off_peak,FALSE,45,65.695486,ok,65.1333333333334,8.36666666666667,6.1,41.7833333333333,8.88333333333333,1,27533,1276
5284800103,20:00,1200,-75.1608866949941,39.9837724999129,-75.1689771799637,39.9467826108977,off_peak,FALSE,35,22.779576,ok,52.5166666666667,1.2,21.7333333333333,27.6333333333333,1.95,1,3051,15401
5285590101,9:34,574,-75.1845576169885,39.942839888606,-75.1692942790448,39.9527602328087,off_peak,FALSE,21,17.179463,ok,45.7833333333333,5.08333333333333,24.0833333333333,13.1833333333333,3.43333333333333,2,25922,20646
5288670104,12:15,735,-75.1742218041379,39.9513700637455,-75.2092872712104,40.0181516385401,off_peak,FALSE,30,19.282533,ok,34.5,1.55,0.616666666666667,29.3833333333333,2.95,1,21316,12319
5288670105,12:55,775,-75.2092872712104,40.0181516385401,-75.2875138170096,40.0988652361305,off_peak,FALSE,35,37.083333,ok,87.6333333333333,2.95,13.6,62.9166666666667,8.16666666666667,3,12319,19045
5291120103,13:36,816,-75.1553089348274,40.0036904586044,-75.1609354256761,39.9985787329005,off_peak,FALSE,3,10.58351,ok,19.7333333333333,3.41666666666667,5.33333333333333,0.566666666666667,10.4166666666667,0,15019,15020
5291120104,13:49,829,-75.1609354256761,39.9985787329005,-75.1339173390945,39.9885141593941,off_peak,FALSE,11,20.614316,ok,53.0666666666667,2.93333333333333,10.7333333333333,33.3,6.1,4,2684,2461
5291120106,15:10,910,-75.1370076336645,39.9947816699323,-75.1503604073933,39.9962218359028,off_peak,FALSE,13,16.620424,ok,24.8,3.81666666666667,0.983333333333333,14.5333333333333,5.46666666666667,1,18063,20520
5291120107,15:28,928,-75.1503604073933,39.9962218359028,-75.1553089348274,40.0036904586044,off_peak,FALSE,2,12.823496,ok,23.8666666666667,4.65,5.38333333333333,4.4,9.43333333333333,0,16877,16882
5291900101,17:50,1070,-75.2324370649115,40.0574839750067,-75.2324370649115,40.0574839750067,pm_peak,TRUE,65,12.164871,ok,11.1833333333333,2.03333333333333,6.28333333333333,0.45,2.41666666666667,0,514,8546
5294130103,7:25,445,-75.3170969015922,40.0208081125859,-75.1648345113326,39.9541020155151,am_peak,TRUE,25,27.304952,ok,84.85,0.483333333333333,28.5166666666667,53,2.85,2,2018,1392
5305010101,7:50,470,-75.2344018743884,39.9529742315534,-75.1612826317197,39.9532127364358,am_peak,TRUE,37,26.143047,ok,35.8,2.91666666666667,8.33333333333333,22.45,2.1,1,24457,2455
5305010103,19:36,1176,-75.1652643007328,39.9488899960486,-75.2024327640643,39.9546329212277,off_peak,FALSE,15,17.196002,ok,26.9,1.16666666666667,0.583333333333333,20.4833333333333,4.66666666666667,2,1282,32178
5305010104,20:21,1221,-75.2024327640643,39.9546329212277,-75.2344018743884,39.9529742315534,off_peak,FALSE,6,17.836299,ok,22.1,0.883333333333333,3.11666666666667,8.46666666666667,9.63333333333333,0,433,21379
5314250103,11:21,681,-75.2087795541006,40.0727929276456,-75.1571977835929,40.0823045185899,off_peak,FALSE,9,23.916667,ok,48.7333333333333,6.61666666666667,4.16666666666667,27.6333333333333,10.3166666666667,1,15427,31817
5314250104,11:35,695,-75.1571977835929,40.0823045185899,-75.1263233403386,40.1432542039051,off_peak,FALSE,20,36.2,ok,67.6166666666667,10.3166666666667,14.1,37.5833333333333,5.61666666666667,2,31817,809
5315960101,6:30,390,-74.887284717431,40.1994272915791,-75.1580149724927,39.9493530835764,am_peak,TRUE,65,71.943323,no_origin_stop,,,,,,,,
5354930107,16:41,1001,-75.1648345113326,39.9541020155151,-75.1648345113326,39.9541020155151,pm_peak,TRUE,29,4.017397,ok,4.08333333333333,0.833333333333333,0.683333333333333,0.366666666666667,2.2,0,17842,14934
5373010202,6:56,416,-75.1008734078827,40.0238583711636,-75.1536080135934,39.9890571718199,am_peak,TRUE,14,42.346991,ok,43.3166666666667,6.75,0.45,31.05,5.06666666666667,2,24576,1276
5373010203,18:45,1125,-75.1536080135934,39.9890571718199,-75.1055945010731,40.0133259954788,pm_peak,TRUE,45,35.426119,ok,35.7,2.63333333333333,3,26.1666666666667,3.9,4,17284,17902
5374710101,9:25,565,-75.1470807570054,39.9513767444736,-75.1941152941134,39.9546263068532,am_peak,TRUE,25,15.701896,ok,19.5166666666667,1.76666666666667,0.45,15.7833333333333,1.51666666666667,2,10311,287
5374710102,16:50,1010,-75.1941152941134,39.9546263068532,-75.2626735411038,39.9640057100153,pm_peak,TRUE,20,23.648892,ok,33.3166666666667,1.28333333333333,0.716666666666667,23.6666666666667,7.65,2,20641,19613
5374710103,17:30,1050,-75.2626735411038,39.9640057100153,-75.2898472832018,40.0026899156158,pm_peak,TRUE,30,29.631951,ok,69.25,2.61666666666667,8.45,50.5833333333333,7.6,4,18639,30683
5374710105,18:50,1130,-75.2898472832018,40.0026899156158,-75.2626735411038,39.9640057100153,pm_peak,TRUE,50,29.248703,ok,38.05,6.38333333333333,2.56666666666667,23.05,6.05,0,18891,2024
5374710106,19:55,1195,-75.2626735411038,39.9640057100153,-75.1446587384151,39.9502859178682,off_peak,FALSE,35,28.133333,ok,41.5,2.61666666666667,3.06666666666667,34.2666666666667,1.55,2,18639,428
5374710201,9:35,575,-75.1470807570054,39.9513767444736,-75.1957094473416,39.9494354858208,off_peak,FALSE,20,20.331103,ok,31.15,1.76666666666667,10.45,15.2666666666667,3.66666666666667,2,10311,20734
5374710203,17:55,1075,-75.2032844122027,39.9507247552209,-75.2898472832018,40.0026899156158,pm_peak,TRUE,65,44.04655,ok,56.5333333333333,2.16666666666667,0.833333333333333,43,10.5333333333333,2,20804,18880
5374710205,20:50,1250,-75.2898472832018,40.0026899156158,-75.1470807570054,39.9513767444736,off_peak,FALSE,60,57.215962,ok,79,7,14.5166666666667,54.4666666666667,3.01666666666667,3,19446,2458
5420880202,7:45,465,-75.1662257986882,39.9519342771783,-75.2024327640643,39.9546329212277,am_peak,TRUE,4,12.722622,ok,24.8833333333333,1.05,5.95,17,0.883333333333333,2,30320,433
5420880205,17:06,1026,-75.2024327640643,39.9546329212277,-75.1662257986882,39.9519342771783,pm_peak,TRUE,6,13.562304,ok,22.75,0.883333333333333,2.11666666666667,18,1.75,2,433,1392
5423310201,12:00,720,-75.2322455285086,39.963278945388,-75.2316719358833,39.9680910426143,off_peak,FALSE,2,7.816667,ok,10.95,1.23333333333333,4.3,2.63333333333333,2.78333333333333,0,24464,24468
5444280104,13:25,805,-75.1588750233838,39.9528401835985,-75.2318795104928,39.8804695206274,off_peak,FALSE,33,35.250459,ok,62.2166666666667,1.86666666666667,5.41666666666667,50.5166666666667,4.41666666666667,2,10262,29440
5485730102,12:20,740,-75.0832986794972,40.0041401208179,-75.1673759243643,39.9592890487195,off_peak,FALSE,40,44.817815,ok,58.3666666666667,7.43333333333333,7.95,30.6166666666667,12.3666666666667,1,17993,32175
5485730103,14:00,840,-75.1673759243643,39.9592890487195,-75.0832986794972,40.0041401208179,off_peak,FALSE,30,43.142204,ok,55.3,0.233333333333333,0.216666666666667,47.5166666666667,7.33333333333333,3,24172,17613
5549720201,7:15,435,-75.2240469261417,40.0283746179593,-75.177201361549,39.9550054347417,am_peak,TRUE,30,28.623512,ok,47.5833333333333,7.56666666666667,6.35,31.7166666666667,1.95,1,18586,20661
5549720202,17:00,1020,-75.177201361549,39.9550054347417,-75.2240469261417,40.0283746179593,pm_peak,TRUE,45,19.786963,ok,43.7666666666667,2,0.233333333333333,33.9833333333333,7.55,1,20645,16024
5550880202,8:28,508,-75.2162654488479,39.9464660922369,-75.1834073455283,39.9599979498596,am_peak,TRUE,2,19.950349,ok,23.5833333333333,3.01666666666667,0.516666666666667,10.6666666666667,9.38333333333333,0,20789,20643
5550880203,8:32,512,-75.1834073455283,39.9599979498596,-75.1537481432666,39.9503794767793,am_peak,TRUE,5,15.119871,ok,26.4666666666667,7.26666666666667,8.73333333333333,9.13333333333333,1.33333333333333,1,32702,2457
5550880210,17:53,1073,-75.1537481432666,39.9503794767793,-75.1834073455283,39.9599979498596,pm_peak,TRUE,20,15.572594,ok,20.25,1.46666666666667,5.01666666666667,4.51666666666667,9.25,0,32172,32176
5550880211,18:17,1097,-75.1834073455283,39.9599979498596,-75.2162654488479,39.9464660922369,pm_peak,TRUE,0,21.18627,ok,33.3833333333333,7.98333333333333,4.33333333333333,16.2,4.86666666666667,1,1537,20883
5561830101,12:00,720,-75.0515287201836,40.021097885328,-75.2538526622578,39.9589775244658,off_peak,FALSE,60,60.996225,ok,65.3666666666667,1,5.08333333333333,49.2333333333333,10.05,1,17971,32184
5561830102,21:00,1260,-75.2538526622578,39.9589775244658,-75.0515287201836,40.021097885328,off_peak,FALSE,60,62.035214,ok,82.8333333333333,6.15,7.26666666666667,68.7,0.716666666666667,2,19611,17918
5617700101,10:55,655,-75.1874482344911,40.0457370394131,-75.1530023621858,39.9760354383899,off_peak,FALSE,48,49.12717,ok,49.1,7.08333333333333,1.6,32.0666666666667,8.35,1,17025,1277
5617700102,21:03,1263,-75.1530023621858,39.9760354383899,-75.1874482344911,40.0457370394131,off_peak,FALSE,47,39.669138,ok,42.6666666666667,0.883333333333333,3.33333333333333,31,7.45,0,16864,17208
5645340202,7:25,445,-75.1898605144712,40.0114702178942,-75.1583275844786,39.9602029183105,am_peak,TRUE,26,28.852518,ok,50.4,4.36666666666667,10.4666666666667,29.6666666666667,5.9,3,24731,1279
5645340205,16:40,1000,-75.1588750233838,39.9528401835985,-75.1898605144712,40.0114702178942,pm_peak,TRUE,13,16.924779,ok,56.1333333333333,1.86666666666667,2.13333333333333,44.7166666666667,7.41666666666667,2,10262,18008
5651420101,9:45,585,-75.2379157577435,39.9658789680729,-75.1545851492175,39.9813757258968,off_peak,FALSE,42,38.685548,ok,57.1833333333333,2.8,11.3833333333333,36.3166666666667,6.68333333333333,3,21645,32148
5651420102,11:05,665,-75.1545851492175,39.9813757258968,-75.2379157577435,39.9658789680729,off_peak,FALSE,50,40.45777,ok,51.6166666666667,1.55,11.8333333333333,30.2166666666667,8.01666666666667,1,16111,32182
5666250104,13:00,780,-75.3195257705183,40.0049815590517,-75.1648345113326,39.9541020155151,off_peak,FALSE,20,45.984543,ok,53.85,10.5666666666667,8.05,32.3833333333333,2.85,1,32198,1392
5666250107,14:15,855,-75.1648345113326,39.9541020155151,-75.3195257705183,40.0049815590517,off_peak,FALSE,30,43.69728,ok,60.0666666666667,0.833333333333333,1.16666666666667,47.35,10.7166666666667,3,17842,1924
5679850201,8:15,495,-75.2791809847499,39.9347542142195,-75.1638872349499,39.9525548857932,am_peak,TRUE,25,30.734642,ok,49.95,3.53333333333333,8.91666666666667,35.55,1.95,1,20009,1392
5679850202,17:05,1025,-75.1638872349499,39.9525548857932,-75.2791809847499,39.9347542142195,pm_peak,TRUE,25,25.345046,ok,54.2333333333333,0.3,0.7,49.0666666666667,4.16666666666667,5,32141,19903
5753200103,15:08,908,-75.1785792243999,39.9689777214525,-75.1541388337345,39.9522458625874,off_peak,FALSE,12,23.728964,ok,30.8333333333333,1.98333333333333,4.23333333333333,21.8666666666667,2.75,2,16562,10340
5753200106,16:58,1018,-75.1682068169821,39.957491721513,-75.1798114670555,39.9715794694621,pm_peak,TRUE,12,16.413313,ok,25.8666666666667,1.9,12.25,10.1166666666667,1.6,0,15948,2880
5753200202,6:40,400,-75.1785792243999,39.9689777214525,-75.177201361549,39.9550054347417,am_peak,TRUE,15,15.55563,ok,13.2666666666667,1.98333333333333,0.5,8.81666666666667,1.96666666666667,0,16562,10281
5753200204,6:59,419,-75.1779217463161,39.9533873770951,-75.2074740441751,39.9601688794781,am_peak,TRUE,6,20.810731,ok,25.2833333333333,1.28333333333333,2.78333333333333,11.9333333333333,9.28333333333333,2,10283,20669
5753200207,17:26,1046,-75.2074740441751,39.9601688794781,-75.177201361549,39.9550054347417,pm_peak,TRUE,5,21.337359,ok,22.2333333333333,3.1,1.33333333333333,15.8,2,1,30823,20645
5753200209,17:43,1063,-75.1741319574651,39.9575333855516,-75.1798114670555,39.9715794694621,pm_peak,TRUE,12,11.769898,ok,21.0666666666667,2.53333333333333,3.35,9.71666666666667,5.46666666666667,0,2836,15955
5757350102,8:01,481,-75.1834073455283,39.9599979498596,-74.9187940367774,40.0802503935485,am_peak,TRUE,31,49.149659,no_dest_stop,,,,,,,,
5757350105,17:28,1048,-74.9063874745106,40.0959040743494,-74.9187940367774,40.0802503935485,pm_peak,TRUE,30,19.366667,no_dest_stop,,,,,,,,
5759930102,5:48,348,-75.3285784262649,39.9077335323186,-75.1588750233838,39.9528401835985,off_peak,FALSE,37,38.75,unreachable,,,,,,,,
5759930103,6:28,388,-75.1588750233838,39.9528401835985,-75.1414393682529,39.9601471054741,am_peak,TRUE,6,12.505684,ok,19.7,1.86666666666667,0.233333333333333,15.9,1.7,1,10262,2459
5759930106,17:08,1028,-75.1414393682529,39.9601471054741,-75.1648345113326,39.9541020155151,pm_peak,TRUE,4,14.594689,ok,16.7166666666667,1.55,4.45,8,2.71666666666667,0,32169,32175
5759930107,17:22,1042,-75.1648345113326,39.9541020155151,-75.3285784262649,39.9077335323186,pm_peak,TRUE,23,30.937209,ok,78.1833333333333,0.833333333333333,0.166666666666667,75,2.18333333333333,5,17842,2074
5759930202,7:10,430,-75.3285784262649,39.9077335323186,-75.1678754160498,39.9518178612404,am_peak,TRUE,40,35.181887,ok,76.8666666666667,1.65,1.35,70,3.86666666666667,3,2075,1392
5759930205,17:22,1042,-75.1648345113326,39.9541020155151,-75.3285784262649,39.9077335323186,pm_peak,TRUE,23,30.937209,ok,78.1833333333333,0.833333333333333,0.166666666666667,75,2.18333333333333,5,17842,2074
5762440103,8:05,485,-75.1505658415867,39.9464361327538,-75.1708705877199,39.9529581159317,am_peak,TRUE,25,18.813692,ok,24.65,2.45,4.5,16.5,1.2,2,22140,20660
5762440104,17:30,1050,-75.1708705877199,39.9529581159317,-75.1301600245386,39.9721857729433,pm_peak,TRUE,30,25.933224,ok,32.2666666666667,1.01666666666667,1.33333333333333,19.65,10.2666666666667,1,10272,353
5765380101,11:00,660,-75.1742868895805,39.952935291834,-75.2626735411038,39.9640057100153,off_peak,FALSE,20,29.127501,ok,39.0833333333333,1.55,5.6,26.0833333333333,5.85,3,18447,15319
5765380102,11:45,705,-75.2626735411038,39.9640057100153,-75.3393886203709,40.0346462639254,off_peak,FALSE,30,25.457163,ok,43.3333333333333,2.61666666666667,3.2,33.5166666666667,4,2,18639,1900
5765380103,16:45,1005,-75.3393886203709,40.0346462639254,-75.1742868895805,39.952935291834,pm_peak,TRUE,30,45.663725,ok,55.55,4.11666666666667,9.06666666666667,38.4833333333333,3.88333333333333,2,32194,20645
5765380104,21:15,1275,-75.1742868895805,39.952935291834,-75.2182588102061,39.950471058218,off_peak,FALSE,15,23.535973,ok,25.2666666666667,1.96666666666667,1.3,18.3333333333333,3.66666666666667,1,6064,20884
5765380105,1:05,65,-75.2182588102061,39.950471058218,-75.1742868895805,39.952935291834,off_peak,FALSE,15,23.691334,unreachable,,,,,,,,
5788060105,15:00,900,-75.1669894744938,39.9484799410289,-75.180637080064,39.9501303685435,off_peak,FALSE,20,12.676728,ok,15.4666666666667,2.41666666666667,2.33333333333333,8.11666666666667,2.6,0,14080,19542
5789840101,11:15,675,-75.2165947836222,39.9537421538695,-75.177201361549,39.9550054347417,off_peak,FALSE,5,23.997263,ok,20.5833333333333,0.916666666666667,0,17.6666666666667,2,1,22122,20645
5789840102,12:00,720,-75.177201361549,39.9550054347417,-75.2165947836222,39.9537421538695,off_peak,FALSE,15,23.367026,ok,24.3666666666667,1.95,1.33333333333333,20.0833333333333,1,1,20661,22190
5789840103,15:00,900,-75.2165947836222,39.9537421538695,-75.1669894744938,39.9484799410289,off_peak,FALSE,30,24.875105,ok,39.5166666666667,0.916666666666667,10.5833333333333,20.4,7.61666666666667,1,22122,31140
5789840104,0:00,0,-75.1669894744938,39.9484799410289,-75.2165947836222,39.9537421538695,off_peak,FALSE,35,23.39226,unreachable,,,,,,,,
5789840201,16:30,990,-75.2165947836222,39.9537421538695,-75.1742218041379,39.9513700637455,pm_peak,TRUE,15,24.927547,ok,29.0833333333333,0.916666666666667,4,18.3166666666667,5.85,1,22122,20645
5789840202,0:15,15,-75.1742218041379,39.9513700637455,-75.2165947836222,39.9537421538695,off_peak,FALSE,15,19.021,ok,52.55,1.55,24.0333333333333,17.1166666666667,9.85,1,21316,19027
5808780101,12:44,764,-74.914556913326,40.1553049086706,-74.971722014007,40.068261230225,off_peak,FALSE,56,67.59436,ok,54.4,3.53333333333333,2.6,46.7333333333333,1.53333333333333,1,28655,28506
5808780103,14:27,867,-74.971722014007,40.068261230225,-74.914556913326,40.1553049086706,off_peak,FALSE,63,79.193302,ok,90.7,1.53333333333333,9.33333333333333,74.6666666666667,5.16666666666667,6,28506,23085
5819950104,22:53,1373,-75.1725391195037,39.9527196860213,-75.2162654488479,39.9464660922369,off_peak,FALSE,22,18.989067,ok,26.7666666666667,1.58333333333333,3.4,16.9166666666667,4.86666666666667,1,10275,20883
5852630102,8:45,525,-75.1779217463161,39.9533873770951,-75.1638872349499,39.9525548857932,am_peak,TRUE,5,6.955697,ok,16.6666666666667,1.53333333333333,3.46666666666667,7.88333333333333,3.78333333333333,0,6067,6060
5852630103,8:51,531,-75.1638872349499,39.9525548857932,-75.1632627264191,39.9610182840982,am_peak,TRUE,4,9.261714,ok,9.08333333333333,0.3,1.7,3.5,3.58333333333333,0,32141,32143
5852630106,12:54,774,-75.1662257986882,39.9519342771783,-75.2032844122027,39.9507247552209,off_peak,FALSE,16,15.842286,ok,18.05,1.05,1.95,13,2.05,1,30320,301
5852630107,17:10,1030,-75.2032844122027,39.9507247552209,-75.1698571868868,39.9452577603363,pm_peak,TRUE,20,25.693586,ok,27.6333333333333,2.16666666666667,0.833333333333333,18.0333333333333,6.6,1,20804,15189
5864950102,8:25,505,-75.1325211942729,40.0941668713503,-75.1834073455283,39.9599979498596,am_peak,TRUE,34,40.071384,ok,68.25,6.85,0.6,51.55,9.25,3,1053,32176
5874480101,11:00,660,-74.9556787266959,40.0972989695419,-75.0675318693472,40.0381003553224,off_peak,FALSE,65,42.607141,ok,55.3166666666667,3.31666666666667,6.55,41.35,4.1,2,17061,22920
5874480103,15:26,926,-75.0798260530761,40.0248633027149,-74.9556787266959,40.0972989695419,off_peak,FALSE,44,50.600921,ok,66.4333333333333,2.06666666666667,2.2,57.1666666666667,5,3,30219,30704
5904620101,11:00,660,-75.1392788470332,40.0429484652339,-75.1372598172641,40.0681528620105,off_peak,FALSE,30,21.373895,ok,35.4,1.5,1,23.5,9.4,2,17718,17334
5904620102,17:45,1065,-75.1372598172641,40.0681528620105,-75.1392788470332,40.0429484652339,pm_peak,TRUE,45,18.725821,ok,30.9166666666667,4.03333333333333,11.3,10.55,5.03333333333333,0,17534,10940
5917530101,8:40,520,-75.1771789182756,39.976458493457,-75.1489215256524,39.95458250175,am_peak,TRUE,25,28.266518,ok,37.2,5.25,8.91666666666667,17.5833333333333,5.45,1,21071,2440
5917530102,17:05,1025,-75.1489215256524,39.95458250175,-75.1771789182756,39.976458493457,pm_peak,TRUE,35,27.356538,ok,32.9833333333333,3.43333333333333,3.55,21.0166666666667,4.98333333333333,2,4470,21016
5931890101,12:00,720,-75.1400970132193,39.9722367087517,-75.2214787498032,39.9351931051192,off_peak,FALSE,60,38.749001,ok,50.5666666666667,0.85,3.25,44.7166666666667,1.75,2,18082,20745
5931890102,14:52,892,-75.2214787498032,39.9351931051192,-75.2379157577435,39.9658789680729,off_peak,FALSE,18,30.852734,ok,48.6166666666667,1.45,8.16666666666667,30.9833333333333,8.01666666666667,2,20721,32182
5931890103,15:40,940,-75.2379157577435,39.9658789680729,-75.1400970132193,39.9722367087517,off_peak,FALSE,20,36.770821,ok,51.5,3.13333333333333,11.6,31.7333333333333,5.03333333333333,2,21812,20993
5931890201,11:45,705,-75.1400970132193,39.9722367087517,-75.2214787498032,39.9351931051192,off_peak,FALSE,45,38.749001,ok,48.8,0.85,3.25,37.0666666666667,7.63333333333333,2,18082,20818
5937570102,8:12,492,-75.1630984016405,39.9735438590113,-75.1634808483634,39.9480403151119,am_peak,TRUE,8,16.141574,ok,23.6166666666667,1.38333333333333,1.75,18.6166666666667,1.86666666666667,2,2721,1282
5937570105,17:35,1055,-75.1634808483634,39.9480403151119,-75.1630984016405,39.9735438590113,pm_peak,TRUE,5,17.537769,ok,23.3833333333333,1.76666666666667,7.73333333333333,7.5,6.38333333333333,0,32140,32147
5955100103,14:00,840,-75.1625826795934,39.9513495936779,-75.1788270506066,39.951932450125,off_peak,FALSE,30,11.553757,ok,19.8333333333333,1.85,2.45,10.85,4.68333333333333,2,10263,20645
6010880101,8:30,510,-75.1725391195037,39.9527196860213,-75.1541388337345,39.9522458625874,am_peak,TRUE,30,10.447997,ok,13.35,1.68333333333333,1.5,7.95,2.21666666666667,1,20646,2457
6010880102,9:30,570,-75.1541388337345,39.9522458625874,-75.1725391195037,39.9527196860213,off_peak,FALSE,30,13.60605,ok,13.9,1.73333333333333,2,7.8,2.36666666666667,0,31178,2821
6014790101,15:35,935,-75.1505658415867,39.9464361327538,-75.1489215256524,39.95458250175,off_peak,FALSE,25,13.017518,ok,17.7166666666667,3.45,0.75,0.8,12.7166666666667,0,20973,14880
6014790103,18:55,1135,-75.1941152941134,39.9546263068532,-75.1505658415867,39.9464361327538,pm_peak,TRUE,50,20.594211,ok,18.7333333333333,1.28333333333333,0.716666666666667,8.98333333333333,7.75,1,20641,2458
6014790202,19:15,1155,-75.1665551812863,39.9452085642469,-75.1476427366842,39.9441226984079,off_peak,FALSE,15,17.26187,ok,17.35,2.13333333333333,0.883333333333333,9.16666666666667,5.16666666666667,1,15189,22255
6016700102,8:05,485,-75.300281066518,40.0007168757721,-75.3460361638143,40.1143423687777,am_peak,TRUE,25,33.33046,ok,77.8833333333333,3.95,23.8,45.3333333333333,4.8,3,18896,27391
6016700103,16:30,990,-75.3460361638143,40.1143423687777,-75.300281066518,40.0007168757721,pm_peak,TRUE,30,31.424227,ok,44.6166666666667,1.95,13.05,20.1833333333333,9.43333333333333,0,32185,32200
6016700202,7:55,475,-75.2879225601409,40.0096184499998,-75.1659426772114,39.9531940428398,am_peak,TRUE,55,29.556552,ok,68.0666666666667,3.83333333333333,11.1666666666667,51.7166666666667,1.35,0,18880,10266
6016700205,12:45,765,-75.1648345113326,39.9541020155151,-75.1685656145409,39.9486706858777,off_peak,FALSE,20,9.573822,ok,19.2166666666667,1.03333333333333,4.91666666666667,1.68333333333333,11.5833333333333,0,4462,4463
6017220202,15:20,920,-75.1561127285024,39.9506763018863,-75.1673585815214,39.9505151310837,off_peak,FALSE,10,11.512847,ok,14.8166666666667,1.31666666666667,1.38333333333333,7.3,4.81666666666667,1,10340,32175
6017220203,16:00,960,-75.1673585815214,39.9505151310837,-75.1800070313661,39.946441631749,pm_peak,TRUE,10,10.643484,ok,19.4,1.35,3.4,13.75,0.9,2,14080,30638
6019330101,9:20,560,-75.1773253490168,39.9478229139105,-75.2119692985922,40.025270412473,am_peak,TRUE,30,20.94194,ok,65.4666666666667,1.45,20.55,40.0166666666667,3.45,2,22278,19034
6019330102,11:05,665,-75.2119692985922,40.025270412473,-75.1742218041379,39.9513700637455,off_peak,FALSE,35,19.25,ok,49.55,3.45,13.5666666666667,27.2,5.33333333333333,2,19034,20660
6019330103,12:30,750,-75.1742218041379,39.9513700637455,-75.1553089348274,40.0036904586044,off_peak,FALSE,150,28.042475,ok,39.3833333333333,1.46666666666667,1.8,30.9833333333333,5.13333333333333,3,6064,32151
6019330104,18:30,1110,-75.1553089348274,40.0036904586044,-75.1410924621013,39.9257396921949,pm_peak,TRUE,60,44.763914,ok,57.1333333333333,3.41666666666667,7.5,45.0833333333333,1.13333333333333,3,15019,101
6019330105,21:30,1290,-75.1410924621013,39.9257396921949,-75.1773253490168,39.9478229139105,off_peak,FALSE,60,33.48029,ok,37.8333333333333,1.13333333333333,9.86666666666667,25.1833333333333,1.65,1,101,22277
6022850101,7:00,420,-75.1655206281913,39.9477143701067,-75.1957094473416,39.9494354858208,am_peak,TRUE,20,19.44269,ok,30.15,1.63333333333333,10.9833333333333,13.8666666666667,3.66666666666667,1,5229,20734
6022850102,19:30,1170,-75.1957094473416,39.9494354858208,-75.1655206281913,39.9477143701067,off_peak,FALSE,40,21.020114,ok,19.6666666666667,3.08333333333333,0.366666666666667,7.55,8.66666666666667,0,20731,31140
6022850201,8:15,495,-75.1957094473416,39.9494354858208,-75.1655206281913,39.9477143701067,am_peak,TRUE,30,22.226499,ok,21.1166666666667,3.08333333333333,1.66666666666667,14,2.36666666666667,1,20731,1282
6022850202,17:30,1050,-75.1655206281913,39.9477143701067,-75.1957094473416,39.9494354858208,pm_peak,TRUE,21,21.358247,ok,25.15,1.63333333333333,1.03333333333333,18.8166666666667,3.66666666666667,1,5229,20734
6028260101,9:30,570,-75.2298442421393,39.9293235759694,-75.1858598621043,39.9165483287187,off_peak,FALSE,30,18.26684,ok,24.5833333333333,0.916666666666667,6.15,13.65,3.86666666666667,0,20750,24549
6028260102,10:38,638,-75.1858598621043,39.9165483287187,-75.269943076881,39.9356820759347,off_peak,FALSE,52,45.823057,ok,59.4333333333333,4.28333333333333,5.05,47.4666666666667,2.63333333333333,2,24408,19788
6028950101,14:00,840,-75.1722789942054,39.9539778646615,-75.1665551812863,39.9452085642469,off_peak,FALSE,15,12.045688,ok,16.0333333333333,1.13333333333333,0.116666666666667,4.66666666666667,10.1166666666667,0,21319,14954
6029500103,18:55,1135,-75.1662257986882,39.9519342771783,-75.1400970132193,39.9722367087517,pm_peak,TRUE,0,18.549475,ok,24.2,1.53333333333333,1.85,15.7833333333333,5.03333333333333,2,10266,20993
6036180104,9:00,540,-74.8976831541036,40.1863154165969,-75.1588750233838,39.9528401835985,am_peak,TRUE,55,58.77095,no_origin_stop,,,,,,,,
6036250101,9:30,570,-75.2629389868999,39.9545919335046,-75.2797205011103,39.9629897065044,off_peak,FALSE,75,18.159187,ok,24.2833333333333,1.68333333333333,6.35,11.1666666666667,5.08333333333333,1,19275,18651
6036250102,12:30,750,-75.2797205011103,39.9629897065044,-75.2629389868999,39.9545919335046,off_peak,FALSE,690,20.635784,ok,21.7666666666667,3.95,0.116666666666667,15.45,2.25,1,15102,19194
6037250102,7:55,475,-75.1297691436794,40.0713922682092,-75.1691139313301,39.9535949564727,am_peak,TRUE,25,34.26416,ok,49.2333333333333,4.33333333333333,5.51666666666667,32.15,7.23333333333333,1,17526,1281
6037250104,17:50,1070,-75.1648345113326,39.9541020155151,-75.1297691436794,40.0713922682092,pm_peak,TRUE,30,29.347294,ok,47.7333333333333,0.833333333333333,0.166666666666667,42.8166666666667,3.91666666666667,3,17842,16622
6039800301,7:00,420,-75.142252558114,39.9534656191866,-75.1531176077862,40.0998645962702,am_peak,TRUE,90,47.778109,ok,73.8,2.98333333333333,10.7666666666667,58.85,1.2,3,14931,1052
6039800302,17:00,1020,-75.1531176077862,40.0998645962702,-75.142252558114,39.9534656191866,pm_peak,TRUE,45,43.747012,ok,72.25,1.2,6.33333333333333,57.8666666666667,6.85,4,1052,32170
6043000102,7:20,440,-75.300281066518,40.0007168757721,-75.2626735411038,39.9640057100153,am_peak,TRUE,5,26.509675,ok,62.4833333333333,3.95,27.9,28.0166666666667,2.61666666666667,2,18896,18639
6043000103,7:31,451,-75.2626735411038,39.9640057100153,-75.1662257986882,39.9519342771783,am_peak,TRUE,24,23.951639,ok,37.75,2.61666666666667,2.25,31.1333333333333,1.75,2,18639,1392
6043000104,8:00,480,-75.1662257986882,39.9519342771783,-75.1634052023169,39.9571451807186,am_peak,TRUE,5,6.286928,ok,9.7,1.05,2.95,1.98333333333333,3.71666666666667,0,30320,3057
6043710101,8:00,480,-75.1603362537134,39.9167023901516,-75.1592387852516,39.9217586458287,am_peak,TRUE,30,5.35001,ok,9.43333333333333,1.21666666666667,4.1,2.91666666666667,1.2,0,18491,18495
6043710102,11:30,690,-75.1592387852516,39.9217586458287,-75.1603362537134,39.9167023901516,off_peak,FALSE,30,5.306896,ok,15.9166666666667,1.23333333333333,11.3,2.11666666666667,1.26666666666667,0,16310,16314
6043710201,7:00,420,-75.1603362537134,39.9167023901516,-75.1829342839572,39.9329910377486,am_peak,TRUE,25,21.359242,ok,31.5166666666667,1.21666666666667,4.1,25.1833333333333,1.01666666666667,1,18491,24228
6043710202,14:25,865,-75.1829342839572,39.9329910377486,-75.1870662747411,39.9335197790401,off_peak,FALSE,57,3.833333,ok,9.41666666666667,1.01666666666667,5.58333333333333,1.18333333333333,1.63333333333333,0,24228,24230
6043710203,17:30,1050,-75.1870662747411,39.9335197790401,-75.1603362537134,39.9167023901516,pm_peak,TRUE,30,23.055643,ok,37.35,1.53333333333333,5.86666666666667,28.6833333333333,1.26666666666667,2,24231,16314
6053730102,12:00,720,-75.1503604073933,39.9962218359028,-75.1562910038297,39.9768159139408,off_peak,FALSE,17,15.921575,ok,22.8,4.46666666666667,5.76666666666667,10.1,2.46666666666667,0,16099,16114
6053730104,16:10,970,-75.1503604073933,39.9962218359028,-75.1804047012754,39.9816583790678,pm_peak,TRUE,470,25.202853,ok,29.2,4.9,0.2,23.7,0.4,3,20521,25487
6053730302,12:24,744,-75.1446587384151,39.9502859178682,-75.1804047012754,39.9816583790678,off_peak,FALSE,696,33.587911,ok,50.5166666666667,1.33333333333333,10.1166666666667,37.0333333333333,2.03333333333333,1,10288,2886
6055520102,9:26,566,-75.1652643007328,39.9488899960486,-75.1410924621013,39.9257396921949,am_peak,TRUE,39,23.024688,ok,23.1333333333333,1.16666666666667,2.58333333333333,18.25,1.13333333333333,1,1282,101
6066230101,14:30,870,-75.1701368511036,39.9488667930338,-75.1673585815214,39.9505151310837,off_peak,FALSE,30,5.783333,ok,12.2666666666667,2.56666666666667,4.3,0.883333333333333,4.51666666666667,0,15399,15400
6066230102,15:30,930,-75.1673585815214,39.9505151310837,-75.1701368511036,39.9488667930338,off_peak,FALSE,20,5.538542,ok,8.48333333333333,1.35,3.4,1.15,2.58333333333333,0,14080,14081
6079080201,7:28,448,-75.3077676290044,40.0078734461634,-75.1672929773502,39.9544153783527,am_peak,TRUE,52,46.022418,ok,59.35,10.8666666666667,9.75,34.3833333333333,4.35,2,32198,1392
6079080202,17:50,1070,-75.1672929773502,39.9544153783527,-75.3077676290044,40.0078734461634,pm_peak,TRUE,60,43.53795,ok,50.15,1.25,1.36666666666667,36.7333333333333,10.8,3,8936,1924
6080360101,7:20,440,-75.1560983260195,39.9553691545034,-75.1476427366842,39.9441226984079,am_peak,TRUE,100,18.659779,ok,31.4,1.9,1.46666666666667,25.9666666666667,2.06666666666667,3,16846,18099
6080360102,10:30,630,-75.1476427366842,39.9441226984079,-75.1550731760754,39.9469560187574,off_peak,FALSE,,9.700044,ok,20.8333333333333,1.71666666666667,6.3,0.6,12.2166666666667,0,17558,17560
6080360103,10:35,635,-75.1550731760754,39.9469560187574,-75.1584424033225,39.9474108270156,off_peak,FALSE,25,6.15,ok,13.2166666666667,1.91666666666667,5.35,0.5,5.45,0,30992,16292
6080360104,12:10,730,-75.1584424033225,39.9474108270156,-75.1560983260195,39.9553691545034,off_peak,FALSE,710,10.647348,ok,16.2666666666667,1.03333333333333,8.05,5.28333333333333,1.9,0,16842,16846
6080870301,9:00,540,-75.5017110217195,39.9252280525618,-75.4217973167632,39.9247683828366,am_peak,TRUE,90,131.231971,no_origin_stop,,,,,,,,
6080870302,13:45,825,-75.4217973167632,39.9247683828366,-75.5326409377133,39.890085601028,off_peak,FALSE,75,50.3351,no_origin_stop,,,,,,,,
6081650102,14:20,860,-75.1706866571216,39.953785415184,-75.1957094473416,39.9494354858208,off_peak,FALSE,14,15.045947,ok,14.15,1.3,1.23333333333333,7.95,3.66666666666667,0,20660,20734
6081650201,6:56,416,-75.1845576169885,39.942839888606,-75.150623776162,39.9499928305521,am_peak,TRUE,39,28.57004,ok,41.1166666666667,5.08333333333333,6.31666666666667,28.2,1.51666666666667,2,25922,6111
6083360201,7:45,465,-75.5182227312107,40.0361776802347,-75.1941152941134,39.9546263068532,am_peak,TRUE,70,53.02561,ok,94.9333333333333,2.78333333333333,1.7,86.1833333333333,4.26666666666667,2,26976,2453
6083360202,17:30,1050,-75.1941152941134,39.9546263068532,-75.5182227312107,40.0361776802347,pm_peak,TRUE,75,54.406957,ok,128.033333333333,0.633333333333333,5.25,119.633333333333,2.51666666666667,4,21353,26833
6086660202,6:34,394,-75.1493508294534,40.1224003405441,-75.1588750233838,39.9528401835985,am_peak,TRUE,26,31.735925,no_origin_stop,,,,,,,,
6086660204,15:55,955,-75.2300055470776,39.9884080077411,-75.2610376834135,40.1872915522603,off_peak,FALSE,45,70.500674,ok,121.966666666667,3.76666666666667,9.58333333333333,100.033333333333,8.58333333333333,3,21764,29529
6104530103,11:40,700,-75.2203509863295,40.0410461667675,-75.1971342156818,40.0138387034349,off_peak,FALSE,5,30.86825,ok,49.8833333333333,5.9,17.6666666666667,20.2833333333333,6.03333333333333,1,16180,24117
6104530104,15:46,946,-75.1971342156818,40.0138387034349,-75.1588750233838,39.9528401835985,off_peak,FALSE,25,26.578276,ok,53.6166666666667,6.03333333333333,7.76666666666667,37.7833333333333,2.03333333333333,1,24117,10259
6113870204,11:55,715,-75.2823535717739,40.2437347422191,-75.2613179666323,40.2626114627708,off_peak,FALSE,5,11.116776,unreachable,,,,,,,,
6113870208,15:20,920,-75.2901773528481,40.2459664424297,-75.3243718638479,40.3286131053482,off_peak,FALSE,2,33.871431,ok,71.5666666666667,3.66666666666667,27.95,35.3,4.65,0,28723,28772
6113900201,7:30,450,-75.2463901267165,40.0011528366318,-75.3393886203709,40.0346462639254,am_peak,TRUE,30,32.458275,ok,45.9666666666667,8.5,1.41666666666667,34.25,1.8,1,21980,19342
6123020302,7:18,438,-75.2621066880574,40.0038368776237,-75.1608290378846,39.9512565309348,am_peak,TRUE,25,30.358302,no_origin_stop,,,,,,,,
6123020304,16:16,976,-75.1588750233838,39.9528401835985,-75.2621066880574,40.0038368776237,pm_peak,TRUE,22,27.979348,no_dest_stop,,,,,,,,
6138920101,12:15,735,-75.3024393659454,39.9834631042535,-75.2626735411038,39.9640057100153,off_peak,FALSE,,23.559041,ok,45.7166666666667,6.1,17.0166666666667,19.9833333333333,2.61666666666667,1,18900,18639
6138920103,17:00,1020,-75.2859011035678,39.9804280541513,-75.3024393659454,39.9834631042535,pm_peak,TRUE,30,17.580284,ok,22.0833333333333,7.43333333333333,5.9,2.66666666666667,6.08333333333333,0,18855,18860
6144510101,11:30,690,-75.1630984016405,39.9735438590113,-75.1758411443119,39.993060336458,off_peak,FALSE,35,22.734085,ok,31.9,2.98333333333333,7.55,16.0833333333333,5.28333333333333,2,21006,2910
6144510102,14:45,885,-75.1758411443119,39.993060336458,-75.1578194556998,39.9904255905816,off_peak,FALSE,35,20.458556,ok,39.15,2.06666666666667,14.0833333333333,18.6,4.4,2,16389,16223
6144510103,16:55,1015,-75.1578194556998,39.9904255905816,-75.1630984016405,39.9735438590113,pm_peak,TRUE,25,15.232925,ok,25.5333333333333,1.88333333333333,0.483333333333333,17.7666666666667,5.4,1,3074,5328
6144510201,7:15,435,-75.1630984016405,39.9735438590113,-75.1578194556998,39.9904255905816,am_peak,TRUE,40,10.885887,ok,15.3666666666667,1.15,5.58333333333333,6.75,1.88333333333333,0,3068,3074
6144510202,9:45,585,-75.1578194556998,39.9904255905816,-75.1630984016405,39.9735438590113,off_peak,FALSE,30,14.719558,ok,27.3166666666667,3.63333333333333,9.01666666666667,9.26666666666667,5.4,0,17135,5328
6144510203,12:15,735,-75.1630984016405,39.9735438590113,-75.1536080135934,39.9890571718199,off_peak,FALSE,40,17.681727,ok,19.7,1.15,4.58333333333333,6.08333333333333,7.88333333333333,0,3068,3027
6144510204,16:15,975,-75.1536080135934,39.9890571718199,-75.1630984016405,39.9735438590113,pm_peak,TRUE,45,17.830848,ok,15.5333333333333,2.95,1,6.18333333333333,5.4,0,17136,5328
6144510205,18:45,1125,-75.1630984016405,39.9735438590113,-75.1758411443119,39.993060336458,pm_peak,TRUE,0,22.057785,ok,26.85,1.15,2.58333333333333,16.2666666666667,6.85,1,3068,20532
6144510206,20:45,1245,-75.1758411443119,39.993060336458,-75.1630984016405,39.9735438590113,off_peak,FALSE,45,23.280427,ok,31.3666666666667,2.06666666666667,6.35,17.5833333333333,5.36666666666667,1,16389,913
6144510301,7:15,435,-75.1630984016405,39.9735438590113,-75.1578194556998,39.9904255905816,am_peak,TRUE,40,10.885887,ok,15.3666666666667,1.15,5.58333333333333,6.75,1.88333333333333,0,3068,3074
6144510302,9:45,585,-75.1578194556998,39.9904255905816,-75.1630984016405,39.9735438590113,off_peak,FALSE,45,14.719558,ok,27.3166666666667,3.63333333333333,9.01666666666667,9.26666666666667,5.4,0,17135,5328
6144510303,18:15,1095,-75.1630984016405,39.9735438590113,-75.1758411443119,39.993060336458,pm_peak,TRUE,30,22.057785,ok,43.5666666666667,1.15,12.5833333333333,27.25,2.58333333333333,2,3068,16388
6144510304,20:45,1245,-75.1758411443119,39.993060336458,-75.1630984016405,39.9735438590113,off_peak,FALSE,45,23.280427,ok,31.3666666666667,2.06666666666667,6.35,17.5833333333333,5.36666666666667,1,16389,913
6145390201,7:00,420,-75.2165947836222,39.9537421538695,-75.1592387852516,39.9217586458287,am_peak,TRUE,60,38.395462,ok,51.6333333333333,0.916666666666667,8,40.2333333333333,2.48333333333333,4,22122,24257
6145390202,17:00,1020,-75.1592387852516,39.9217586458287,-75.2165947836222,39.9537421538695,pm_peak,TRUE,420,41.225749,ok,45.3333333333333,1.2,2.15,32.3333333333333,9.65,4,18495,32179
6147480101,6:30,390,-75.1732743609913,39.9456003211594,-75.1591175345241,39.9419118021734,am_peak,TRUE,90,9.719973,ok,15,0.233333333333333,1.05,12.1,1.61666666666667,1,14958,22249
6147480102,18:00,1080,-75.1591175345241,39.9419118021734,-75.1732743609913,39.9456003211594,pm_peak,TRUE,60,11.25,ok,11.9,1.71666666666667,2.35,7.56666666666667,0.266666666666667,1,16837,22273
6157560101,6:54,414,-75.1692193512515,40.0665021000576,-75.222409636121,39.8991472241574,am_peak,TRUE,60,81.917458,ok,91.3666666666667,2.71666666666667,5.41666666666667,72.4666666666667,10.7666666666667,5,15488,24933
6158090101,7:30,450,-75.0750322611491,40.0214372944722,-75.1085340726583,39.9955139503969,am_peak,TRUE,20,19.39688,ok,21.15,0.25,0.683333333333333,13.0666666666667,7.15,1,15787,32163
6158090102,9:00,540,-75.1085340726583,39.9955139503969,-75.1625826795934,39.9513495936779,am_peak,TRUE,30,24.909747,ok,31.2666666666667,2.45,0.366666666666667,26.3166666666667,2.13333333333333,1,24142,32174
6158090103,10:45,645,-75.1625826795934,39.9513495936779,-75.0593151476913,40.0302346423682,off_peak,FALSE,45,40.585046,ok,43.7333333333333,2.05,0.65,37.3,3.73333333333333,1,2455,21607
6158090104,11:45,705,-75.0593151476913,40.0302346423682,-75.1102184888777,39.9887849617672,off_peak,FALSE,,33.920378,ok,56.1166666666667,3.58333333333333,11.6,34.3333333333333,6.6,3,1138,24144
6158090105,11:50,710,-75.1102184888777,39.9887849617672,-75.0943237154892,39.9860163349013,off_peak,FALSE,30,17.59557,ok,27.95,3.3,2.26666666666667,14.4333333333333,7.95,2,17775,341
6158090106,15:30,930,-75.0943237154892,39.9860163349013,-75.0750322611491,40.0214372944722,off_peak,FALSE,30,18.833587,ok,54.0666666666667,3.85,21.9333333333333,28.05,0.233333333333333,2,32688,15804
6158310201,9:40,580,-75.2810698001446,40.2355243961341,-75.2823535717739,40.2437347422191,off_peak,FALSE,7,11.3,ok,40.7166666666667,6.55,10.0333333333333,19.3333333333333,4.8,1,31427,27461
6158310202,15:05,905,-75.2823535717739,40.2437347422191,-75.2810698001446,40.2355243961341,off_peak,FALSE,47,10.522271,unreachable,,,,,,,,
6165450102,9:21,561,-75.6088161729411,40.0119718537478,-75.1834073455283,39.9599979498596,am_peak,TRUE,49,75.363548,ok,133.383333333333,10.6833333333333,26.3166666666667,87,9.38333333333333,1,31235,21532
6165820105,16:20,980,-75.2755312957965,40.0062174693429,-75.1779217463161,39.9533873770951,pm_peak,TRUE,30,27.383292,ok,76.9333333333333,6.63333333333333,16.5166666666667,52.5,1.28333333333333,1,31209,10283
6165820107,22:35,1355,-75.1834073455283,39.9599979498596,-75.2755312957965,40.0062174693429,off_peak,FALSE,25,21.938999,unreachable,,,,,,,,
6166360101,9:00,540,-75.1977262540913,39.9594259908695,-75.1941152941134,39.9546263068532,am_peak,TRUE,15,7.858231,ok,12.2833333333333,1.81666666666667,5.8,3.38333333333333,1.28333333333333,0,20638,20641
6169070401,18:30,1110,-75.219114878266,39.9655052738952,-75.2376648010527,39.9482763035952,pm_peak,TRUE,90,28.803213,ok,45.3333333333333,3.5,13.2333333333333,24.75,3.85,1,25595,20892
6169360101,19:00,1140,-75.2316719358833,39.9680910426143,-75.2232933759479,39.9448265734297,off_peak,FALSE,25,24.103779,ok,30.1666666666667,1.01666666666667,6.06666666666667,14.3833333333333,8.7,2,24514,24630
6169360201,11:00,660,-75.2316719358833,39.9680910426143,-75.1524573152991,39.9708851261141,off_peak,FALSE,95,37.771864,ok,38.7666666666667,4.81666666666667,3.76666666666667,27.7166666666667,2.46666666666667,0,21051,21087
6169360202,15:33,933,-75.1524573152991,39.9708851261141,-75.1638872349499,39.9525548857932,off_peak,FALSE,28,14.691694,ok,18.6333333333333,2.18333333333333,7.25,8.81666666666667,0.383333333333333,1,21001,1281
6169360203,16:23,983,-75.1638872349499,39.9525548857932,-75.2316719358833,39.9680910426143,pm_peak,TRUE,15,23.025809,ok,32.65,1.85,0.15,17.8,12.85,1,283,32181
6169360401,8:19,499,-75.2316719358833,39.9680910426143,-75.2074740441751,39.9601688794781,am_peak,TRUE,8,22.973688,ok,22.2833333333333,1.01666666666667,0.833333333333333,17.3333333333333,3.1,2,24514,30823
6169360402,15:30,930,-75.2074740441751,39.9601688794781,-75.2316719358833,39.9680910426143,off_peak,FALSE,40,14.573655,ok,44.8666666666667,3.1,15.5666666666667,25.1833333333333,1.01666666666667,2,30823,24514
6169360501,8:19,499,-75.2316719358833,39.9680910426143,-75.2074740441751,39.9601688794781,am_peak,TRUE,8,22.973688,ok,22.2833333333333,1.01666666666667,0.833333333333333,17.3333333333333,3.1,2,24514,30823
6169360502,15:30,930,-75.2074740441751,39.9601688794781,-75.2316719358833,39.9680910426143,off_peak,FALSE,40,14.573655,ok,44.8666666666667,3.1,15.5666666666667,25.1833333333333,1.01666666666667,2,30823,24514
6174680101,10:55,655,-75.1983373842282,40.059754922547,-75.1560983260195,39.9553691545034,off_peak,FALSE,63,52.105493,ok,65.55,9.13333333333333,1.6,45.2666666666667,9.55,1,15441,1280
6174680102,13:28,808,-75.1560983260195,39.9553691545034,-75.1392078148453,39.9466654688148,off_peak,FALSE,12,18.358371,ok,35.0833333333333,1.9,2.86666666666667,23.2333333333333,7.08333333333333,3,16846,69
6174680103,14:18,858,-75.1392078148453,39.9466654688148,-75.1678754160498,39.9518178612404,off_peak,FALSE,7,15.943277,ok,35.9166666666667,3.25,15.5166666666667,13.2333333333333,3.91666666666667,1,23984,32175
6174680104,14:50,890,-75.1678754160498,39.9518178612404,-75.1474545568906,39.9496085506464,off_peak,FALSE,25,12.579256,ok,15.9,1.36666666666667,1.03333333333333,12.2166666666667,1.28333333333333,2,14907,14930
6174680105,17:15,1035,-75.1474545568906,39.9496085506464,-75.1983373842282,40.059754922547,pm_peak,TRUE,73,49.587826,ok,68.1833333333333,1.53333333333333,4.68333333333333,52.4,9.56666666666667,3,10311,17405
6175440202,7:24,444,-75.1325211942729,40.0941668713503,-75.1648345113326,39.9541020155151,am_peak,TRUE,27,34.780763,ok,60.1166666666667,6.85,3.6,46.55,3.11666666666667,2,1053,1281
6175750201,7:30,450,-75.367791359298,39.8785149779787,-75.1687160134156,39.9558364756335,am_peak,TRUE,75,65.042295,ok,76.6,8.65,4.36666666666667,55.9833333333333,7.6,1,19977,1392
6178970101,8:30,510,-75.1662120144978,39.9238115855567,-75.1588750233838,39.9528401835985,am_peak,TRUE,20,20.752222,ok,22.25,0.5,3.16666666666667,11.3333333333333,7.25,1,24287,32141
6178970102,11:05,665,-75.1588750233838,39.9528401835985,-75.1847348588828,39.9565152107181,off_peak,FALSE,40,13.015526,ok,18.3333333333333,1.86666666666667,1.98333333333333,10.8166666666667,3.66666666666667,1,10262,20662
6178970103,12:15,735,-75.1847348588828,39.9565152107181,-75.1977262540913,39.9594259908695,off_peak,FALSE,25,12.587779,ok,22.4,2.6,7.31666666666667,5.31666666666667,7.16666666666667,1,32508,32178
6178970104,15:00,900,-75.1977262540913,39.9594259908695,-75.1662120144978,39.9238115855567,off_peak,FALSE,45,31.697194,ok,38.05,1.81666666666667,7.8,23.3833333333333,5.05,1,20638,1286
6178970105,18:20,1100,-75.1662120144978,39.9238115855567,-75.1466622121185,39.9478355374067,pm_peak,TRUE,30,26.62307,ok,26.65,0.15,0.133333333333333,24.7833333333333,1.58333333333333,1,24253,17564
6189830203,7:15,435,-75.2646195081271,40.0691085697051,-75.1588750233838,39.9528401835985,am_peak,TRUE,21,42.2573,no_origin_stop,,,,,,,,
6189830208,16:40,1000,-75.1588750233838,39.9528401835985,-75.2646195081271,40.0691085697051,pm_peak,TRUE,26,42.855614,no_dest_stop,,,,,,,,
6193690201,6:00,360,-75.1798114670555,39.9715794694621,-75.1732743609913,39.9456003211594,am_peak,TRUE,45,22.766501,ok,31.5166666666667,0.533333333333333,11.1166666666667,19.6333333333333,0.233333333333333,1,16560,14958
6193690202,17:45,1065,-75.1732743609913,39.9456003211594,-75.1798114670555,39.9715794694621,pm_peak,TRUE,45,21.847316,ok,27.2666666666667,0.266666666666667,1.36666666666667,24.0333333333333,1.6,1,22273,2880
6194760201,7:50,470,-75.3014852761322,40.0298307470534,-75.3014852761322,40.0298307470534,am_peak,TRUE,970,17.16611,no_origin_stop,,,,,,,,
6196050102,10:38,638,-75.208260147084,39.9463603580681,-75.1662257986882,39.9519342771783,off_peak,FALSE,13,17.446306,ok,21.4833333333333,1.7,5.96666666666667,12.2333333333333,1.58333333333333,0,20729,31140
6196050109,14:27,867,-75.1779217463161,39.9533873770951,-75.208260147084,39.9463603580681,off_peak,FALSE,13,14.580643,ok,27.7,1.28333333333333,8.9,13.1166666666667,4.4,1,10283,20807
6207100302,8:12,492,-75.300281066518,40.0007168757721,-75.3393886203709,40.0346462639254,am_peak,TRUE,18,21.60739,ok,46.3333333333333,3.95,16.8,21.5833333333333,4,2,18896,1900
6207100304,18:55,1135,-75.3393886203709,40.0346462639254,-75.3481112445716,39.9622069581314,pm_peak,TRUE,15,61.048047,unreachable,,,,,,,,
6213260104,7:20,440,-75.1537481432666,39.9503794767793,-75.1414393682529,39.9601471054741,am_peak,TRUE,4,10.22087,ok,15.7,1.33333333333333,7.8,4.86666666666667,1.7,0,2457,2459
6213260107,17:29,1049,-75.1414393682529,39.9601471054741,-75.1537481432666,39.9503794767793,pm_peak,TRUE,4,10.087939,ok,15.95,1.55,7.45,5.48333333333333,1.46666666666667,0,32169,32172
6214670101,12:20,740,-75.1692942790448,39.9527602328087,-75.2240243087353,39.9622994543846,off_peak,FALSE,40,18.308802,ok,25.3,1.4,6.06666666666667,13.5333333333333,4.3,2,10272,32180
6214670401,12:20,740,-75.160283075871,39.954996353718,-75.2240243087353,39.9622994543846,off_peak,FALSE,40,20.564181,ok,25.3,1.98333333333333,0.333333333333333,18.6833333333333,4.3,1,16130,32180
6220400101,15:21,921,-75.1446651012151,39.9539993897089,-75.1550139436622,39.9445812882334,off_peak,FALSE,,16.718374,ok,19.2833333333333,3.3,1.53333333333333,14.1,0.35,1,4467,16294
6221280101,7:00,420,-75.1840657845611,40.0625876496449,-75.1588750233838,39.9528401835985,am_peak,TRUE,30,27.103521,ok,56.1833333333333,0.416666666666667,10.2333333333333,36.35,9.18333333333333,2,18294,1280
6224850102,8:47,527,-75.1898142834651,40.0518717143354,-75.1779217463161,39.9533873770951,am_peak,TRUE,,31.994802,ok,53.8666666666667,5.61666666666667,1.86666666666667,44.15,2.23333333333333,2,15466,20661
6224850105,17:51,1071,-75.1648345113326,39.9541020155151,-75.1898142834651,40.0518717143354,pm_peak,TRUE,,31.826894,ok,54.8666666666667,2.25,3.3,43.45,5.86666666666667,3,5131,1190
6228560102,6:59,419,-75.7140748628777,40.0039525762867,-75.1840170635385,39.9534784074457,am_peak,TRUE,47,58.985822,unreachable,,,,,,,,
6228560105,17:13,1033,-75.1834073455283,39.9599979498596,-75.7140748628777,40.0039525762867,pm_peak,TRUE,44,57.037813,unreachable,,,,,,,,
6244290101,12:40,760,-75.2275594367197,39.9835914617071,-75.1707168478523,39.9055458817612,off_peak,FALSE,59,61.739393,ok,80.3333333333333,4.75,1.33333333333333,67.95,6.3,4,21761,31309
6244290102,17:05,1025,-75.1707168478523,39.9055458817612,-75.2275594367197,39.9835914617071,pm_peak,TRUE,70,55.590144,ok,59.3,4.31666666666667,0.933333333333333,48.3333333333333,5.71666666666667,3,32134,22290
6244290201,10:15,615,-75.2275594367197,39.9835914617071,-75.2254301309782,39.9678366442723,off_peak,FALSE,45,16.920262,ok,21.75,4.75,0.75,15.8666666666667,0.383333333333333,1,21761,21697
6244290202,17:30,1050,-75.2254301309782,39.9678366442723,-75.2275594367197,39.9835914617071,pm_peak,TRUE,35,12.829981,ok,20.2833333333333,0.95,6.51666666666667,6.53333333333333,6.28333333333333,0,21747,21722
6247010101,11:00,660,-75.5144011328819,40.1299061967057,-75.5259963128101,40.2029938519349,off_peak,FALSE,60,113.099306,ok,56.8833333333333,0.9,19.3833333333333,28.7166666666667,7.88333333333333,0,28876,32047
6247010102,15:00,900,-75.5259963128101,40.2029938519349,-75.5144011328819,40.1299061967057,off_peak,FALSE,60,41.370385,unreachable,,,,,,,,
6247010301,11:00,660,-75.5144011328819,40.1299061967057,-75.5259963128101,40.2029938519349,off_peak,FALSE,60,113.099306,ok,56.8833333333333,0.9,19.3833333333333,28.7166666666667,7.88333333333333,0,28876,32047
6247010302,15:00,900,-75.5259963128101,40.2029938519349,-75.5144011328819,40.1299061967057,off_peak,FALSE,60,41.370385,unreachable,,,,,,,,
6255070102,11:00,660,-75.1638872349499,39.9525548857932,-75.1451602820339,40.0625588015705,off_peak,FALSE,60,36.259766,ok,41.0166666666667,0.3,2.7,30.1166666666667,7.9,1,32141,15471
6257530303,7:30,450,-75.4829079089365,40.0451966969818,-75.3170969015922,40.0208081125859,am_peak,TRUE,25,25.828562,ok,44.4833333333333,6.05,6.11666666666667,31.8333333333333,0.483333333333333,0,19391,2018
6257530306,15:32,932,-75.3130821241257,40.0233046462669,-75.6088161729411,40.0119718537478,off_peak,FALSE,33,77.998013,unreachable,,,,,,,,
6260000302,8:22,502,-75.2862320050127,39.9472873841357,-75.2626735411038,39.9640057100153,am_peak,TRUE,0,19.907777,ok,20.4166666666667,4.5,2.16666666666667,7.91666666666667,5.83333333333333,0,18629,15348
6260000303,8:25,505,-75.2626735411038,39.9640057100153,-75.1608290378846,39.9512565309348,am_peak,TRUE,20,25.086664,ok,40.4,2.61666666666667,3.18333333333333,32.9,1.7,2,18639,2455
6264470103,21:35,1295,-75.1608866949941,39.9837724999129,-75.1608866949941,39.9837724999129,off_peak,FALSE,15,7.261017,ok,20.4333333333333,1.3,15.5833333333333,0.633333333333333,2.91666666666667,0,2701,3079
6264470202,9:00,540,-75.1804047012754,39.9816583790678,-75.1608866949941,39.9837724999129,am_peak,TRUE,60,17.394506,ok,17.45,0.25,2,6.03333333333333,9.16666666666667,0,25373,25382
6264470203,13:00,780,-75.1608866949941,39.9837724999129,-75.1562910038297,39.9768159139408,off_peak,FALSE,,13.268469,ok,28,1.3,14.5833333333333,1.93333333333333,10.1833333333333,0,2701,2665
6264470204,14:30,870,-75.1562910038297,39.9768159139408,-75.1608866949941,39.9837724999129,off_peak,FALSE,60,12.843168,ok,22.8,2.6,11.8833333333333,2.51666666666667,5.8,0,17276,17280
6277200201,13:00,780,-75.1804047012754,39.9816583790678,-75.162026191264,39.9785569548507,off_peak,FALSE,30,11.962023,ok,26.6166666666667,0.25,18,6.68333333333333,1.68333333333333,0,25373,25383
6277200202,14:30,870,-75.162026191264,39.9785569548507,-75.1541388337345,39.9522458625874,off_peak,FALSE,45,21.157368,ok,29.35,1.43333333333333,6.15,19.55,2.21666666666667,2,25384,2457
6277200203,16:30,990,-75.1541388337345,39.9522458625874,-75.1638872349499,39.9525548857932,pm_peak,TRUE,60,8.355174,ok,12.9833333333333,1.95,3.73333333333333,3.56666666666667,3.73333333333333,0,10341,10264
6277200204,21:00,1260,-75.1638872349499,39.9525548857932,-75.1778185045084,39.9859426039642,off_peak,FALSE,180,24.635911,ok,23.5833333333333,0.3,2.7,18.8666666666667,1.71666666666667,1,32141,25801
6277780201,7:30,450,-75.3195257705183,40.0049815590517,-75.1677276497158,39.9525760413027,am_peak,TRUE,53,45.779814,ok,56.4,10.5666666666667,8.05,34.3833333333333,3.4,2,32198,1392
6277780202,19:10,1150,-75.1677276497158,39.9525760413027,-75.3195257705183,40.0049815590517,off_peak,FALSE,45,44.495048,ok,60.0666666666667,1,1,47.35,10.7166666666667,4,18451,1924
6288980102,12:20,740,-75.1815493379532,39.9195932035454,-75.1752524766747,39.9659654913561,off_peak,FALSE,45,30.312548,ok,31.05,2.68333333333333,0.666666666666667,25.7,2,0,24369,3129
6289970101,9:00,540,-75.168616297546,39.9994052579415,-75.1687160134156,39.9558364756335,am_peak,TRUE,45,30.79382,ok,48.1,2.58333333333333,16.4,25.7333333333333,3.38333333333333,0,3110,14911
6289970102,10:00,600,-75.1687160134156,39.9558364756335,-75.1815493379532,39.9195932035454,off_peak,FALSE,30,25.484711,ok,29.25,1.26666666666667,1.48333333333333,18.2166666666667,8.28333333333333,0,3078,2706
6289970103,12:00,720,-75.1815493379532,39.9195932035454,-75.168616297546,39.9994052579415,off_peak,FALSE,90,47.324748,ok,78.8833333333334,1.56666666666667,15.95,58.5,2.86666666666667,4,21290,3109
6289970105,18:30,1110,-75.1768973037301,39.9372294658397,-75.1870662747411,39.9335197790401,pm_peak,TRUE,30,13.842281,ok,40.45,0.366666666666667,19.6166666666667,7.55,12.9166666666667,1,21304,24766
6289970106,20:30,1230,-75.1870662747411,39.9335197790401,-75.168616297546,39.9994052579415,off_peak,FALSE,75,53.875543,ok,68.95,1.53333333333333,0.866666666666667,63.9666666666667,2.58333333333333,4,24231,3110
6289970202,10:50,650,-75.1763265829253,40.002752967767,-75.162026191264,39.9785569548507,off_peak,FALSE,70,28.81364,ok,36.6166666666667,1.6,10.1166666666667,23.2166666666667,1.68333333333333,3,2889,25383
6289970203,14:00,840,-75.162026191264,39.9785569548507,-75.1609354256761,39.9985787329005,off_peak,FALSE,60,14.598039,ok,26.9833333333333,1.43333333333333,4.15,9.16666666666667,12.2333333333333,1,25384,32150
6291170101,7:45,465,-75.0747163919544,40.0131545687579,-75.1673759243643,39.9592890487195,am_peak,TRUE,45,45.772272,ok,49.8,2.26666666666667,1.06666666666667,38.6666666666667,7.8,2,17847,1280
6291170102,17:00,1020,-75.1673759243643,39.9592890487195,-75.0747163919544,40.0131545687579,pm_peak,TRUE,60,44.984341,ok,69.4,0.233333333333333,13.55,53.35,2.26666666666667,3,24172,17847
6291170201,9:00,540,-75.0747163919544,40.0131545687579,-75.0465195441935,40.0283762827018,am_peak,TRUE,30,19.010869,ok,23.6,2.26666666666667,6.96666666666667,7.88333333333333,6.48333333333333,0,17847,17924
6291170202,11:00,660,-75.0465195441935,40.0283762827018,-75.0747163919544,40.0131545687579,off_peak,FALSE,30,19.198783,ok,34.8833333333333,6.16666666666667,17.6833333333333,8.76666666666667,2.26666666666667,0,17951,17984
6291170302,17:30,1050,-75.6074734875017,39.9538603024119,-75.0747163919544,40.0131545687579,pm_peak,TRUE,70,119.499633,ok,130.5,7.31666666666667,4.68333333333333,116.233333333333,2.26666666666667,3,1990,17847
6297650102,16:30,990,-75.1906300416804,39.958024348983,-75.1682068169821,39.957491721513,pm_peak,TRUE,20,17.936986,ok,34.7833333333333,1.55,16.9,6.55,9.78333333333333,1,21524,1392
6307190102,7:16,436,-74.957545923727,40.0684501210394,-75.1427276091799,39.9500099248171,am_peak,TRUE,36,52.265589,ok,98.85,12.5,22.0833333333333,62.8166666666667,1.45,2,17071,32170
6307190107,16:16,976,-75.1580149724927,39.9493530835764,-75.1580149724927,39.9493530835764,pm_peak,TRUE,39,4.158333,ok,5.76666666666667,1.58333333333333,0.0166666666666667,0.8,3.36666666666667,0,14908,6114
6308550102,8:30,510,-75.1661003080911,39.9138576581668,-75.1537481432666,39.9503794767793,am_peak,TRUE,10,27.903966,ok,35.7333333333333,1.4,5.21666666666667,27.5833333333333,1.53333333333333,2,759,6113
6308550105,17:20,1040,-75.1537481432666,39.9503794767793,-75.1661003080911,39.9138576581668,pm_peak,TRUE,15,27.364701,ok,34.0666666666667,1.26666666666667,5,20.45,7.35,0,16290,21253
6312540103,14:05,845,-75.3363995135418,40.0478797340604,-75.1446587384151,39.9502859178682,off_peak,FALSE,130,59.395222,no_origin_stop,,,,,,,,
6313810101,6:00,360,-75.2399779780059,39.9210924003411,-75.1509013014001,40.0025369261947,am_peak,TRUE,75,53.755711,ok,53.4166666666667,0.7,3.06666666666667,46.85,2.8,2,20708,16085
6319750201,7:20,440,-75.1903469668287,40.1562830811359,-75.1634052023169,39.9571451807186,am_peak,TRUE,,107.20766,no_origin_stop,,,,,,,,
6319750202,16:30,990,-75.1634052023169,39.9571451807186,-75.1903469668287,40.1562830811359,pm_peak,TRUE,49,100.468468,no_dest_stop,,,,,,,,
6339310104,14:00,840,-75.1531176077862,40.0998645962702,-75.1648345113326,39.9541020155151,off_peak,FALSE,30,34.411213,ok,68.1166666666667,1.76666666666667,4.23333333333333,59,3.11666666666667,1,16744,1281
6341280102,12:25,745,-75.0826616926931,40.0770283629367,-75.1669894744938,39.9484799410289,off_peak,FALSE,30,51.238419,ok,80.9,1.13333333333333,14.8666666666667,57,7.9,2,23468,32175
6341280107,15:25,925,-75.1648345113326,39.9541020155151,-75.1673759243643,39.9592890487195,off_peak,FALSE,28,8.497998,ok,11.7833333333333,0.833333333333333,4.68333333333333,0.883333333333333,5.38333333333333,0,17842,3057
6345130202,18:15,1095,-75.1665214095376,39.9615526212186,-75.2125354511121,40.0348470330642,pm_peak,TRUE,80,39.083983,ok,56.5,2.51666666666667,3.8,45.6833333333333,4.5,2,22020,12302
6347230106,13:30,810,-75.1742078313758,39.9986750681483,-75.1694605873533,39.9520071435649,off_peak,FALSE,45,36.220879,ok,36.4833333333333,4.16666666666667,3.56666666666667,21.2666666666667,7.48333333333333,1,9356,1281
6347230107,14:30,870,-75.1694605873533,39.9520071435649,-75.1541388337345,39.9522458625874,off_peak,FALSE,20,12.654435,ok,15.05,1.4,1.8,9.83333333333333,2.01666666666667,1,6061,18457
6347230108,15:15,915,-75.1541388337345,39.9522458625874,-75.1480724206306,39.9424699004001,off_peak,FALSE,30,16.129312,ok,25.1333333333333,1.78333333333333,8.21666666666667,3.93333333333333,11.2,0,728,16293
6347230109,16:15,975,-75.1480724206306,39.9424699004001,-75.1572994746159,39.95264251715,pm_peak,TRUE,15,17.325076,ok,17.3166666666667,1.15,3.18333333333333,10.6666666666667,2.31666666666667,1,22258,32331
6347230110,17:15,1035,-75.1572994746159,39.95264251715,-75.1742078313758,39.9986750681483,pm_peak,TRUE,75,31.02423,ok,40.7166666666667,1.93333333333333,0.533333333333333,32.7,5.55,0,10258,14947
6349860101,6:43,403,-75.1827055398227,40.0389450998406,-75.1873495829861,40.0339940755705,am_peak,TRUE,37,12.26685,ok,14.9666666666667,1.68333333333333,2.76666666666667,0.683333333333333,9.83333333333333,0,17084,17085
6350840101,8:15,495,-75.1399338189646,40.0555332794609,-75.1398050137829,40.0366774270012,am_peak,TRUE,30,16.463537,ok,28.7666666666667,1.53333333333333,0.883333333333333,24.1666666666667,2.18333333333333,2,15465,15798
6350840102,10:45,645,-75.1398050137829,40.0366774270012,-75.1588750233838,39.9528401835985,off_peak,FALSE,45,30.262369,ok,57.1833333333333,0.7,13.2833333333333,34.0166666666667,9.18333333333333,1,30304,1280
6350840103,14:05,845,-75.1588750233838,39.9528401835985,-75.1571977835929,40.0823045185899,off_peak,FALSE,55,46.330199,ok,83.7333333333333,1.86666666666667,6.41666666666667,62.5166666666667,12.9333333333333,3,10262,16930
6350840104,16:20,980,-75.1571977835929,40.0823045185899,-75.1399338189646,40.0555332794609,pm_peak,TRUE,25,21.775521,ok,29.7166666666667,10.3166666666667,2.95,14.5333333333333,1.91666666666667,1,31817,15573
6359590102,7:18,438,-75.4245283894686,39.9086253629038,-75.1937934209145,39.951852697735,am_peak,TRUE,22,71.664526,ok,101.55,11.5166666666667,10.2333333333333,71.9166666666667,7.88333333333333,1,18984,2453
6359590104,18:35,1115,-75.0593151476913,40.0302346423682,-75.1937934209145,39.951852697735,pm_peak,TRUE,,47.540091,ok,73.9833333333333,3.58333333333333,18.6,43.8,8,1,1138,32177
6370220102,15:30,930,-75.208260147084,39.9463603580681,-75.1834073455283,39.9599979498596,off_peak,FALSE,15,18.588362,ok,22.05,1.7,3.46666666666667,7.5,9.38333333333333,0,20729,20643
6371070102,7:05,425,-75.300281066518,40.0007168757721,-75.2626735411038,39.9640057100153,am_peak,TRUE,8,26.509675,ok,57.05,4.05,14.0333333333333,32.9166666666667,6.05,2,18869,2024
6371070103,7:20,440,-75.2626735411038,39.9640057100153,-75.1648345113326,39.9541020155151,am_peak,TRUE,9,25.068592,ok,41.85,2.61666666666667,3.31666666666667,33.0666666666667,2.85,2,18639,1392
6371070106,17:19,1039,-75.1648345113326,39.9541020155151,-75.2626735411038,39.9640057100153,pm_peak,TRUE,15,24.987011,ok,36.0833333333333,2.25,0.9,27.0833333333333,5.85,3,5131,15319
6371070107,17:36,1056,-75.2626735411038,39.9640057100153,-75.3002409178272,39.9964440900826,pm_peak,TRUE,7,17.638688,ok,35.55,2.61666666666667,7.25,20.9166666666667,4.76666666666667,2,18639,30519
6372400104,14:15,855,-75.2182588102061,39.950471058218,-75.2024327640643,39.9546329212277,off_peak,FALSE,15,16.992648,ok,23.55,1.05,8.08333333333333,9.86666666666667,4.55,1,24855,2452
6373320201,15:30,930,-75.1398050137829,40.0366774270012,-75.0885600859054,40.057337503014,off_peak,FALSE,30,25.019334,ok,35.0166666666667,2.18333333333333,3.75,28.1666666666667,0.916666666666667,0,15798,15870
6376070201,8:15,495,-75.2533849746111,39.9972621864517,-75.1659426772114,39.9531940428398,am_peak,TRUE,25,20.906032,no_origin_stop,,,,,,,,
6376070202,18:40,1120,-75.1659426772114,39.9531940428398,-75.2533849746111,39.9972621864517,pm_peak,TRUE,65,19.482846,no_dest_stop,,,,,,,,
6381290201,10:00,600,-74.8425533248208,40.107487353509,-74.8195337694283,40.1462894061835,off_peak,FALSE,45,23.34506,ok,53.5333333333333,4.7,29.9833333333333,16.1666666666667,2.68333333333333,1,31838,28077
6381290202,12:15,735,-74.8195337694283,40.1462894061835,-74.8425533248208,40.107487353509,off_peak,FALSE,35,27.099602,ok,76.3833333333334,2.68333333333333,12,57,4.7,1,28077,31838
6381700101,6:30,390,-75.3090185538277,39.8994099281747,-75.2966603964201,39.9020047132286,am_peak,TRUE,30,11.077307,ok,14.3333333333333,2.2,7.33333333333333,2.11666666666667,2.68333333333333,0,20333,9933
6381700103,13:15,795,-75.3645056067957,39.8664827372068,-75.344117054956,39.8698461195226,off_peak,FALSE,20,24.533333,ok,53.8666666666667,1.35,6.1,39.1166666666667,7.3,3,26018,25366
6394850101,10:00,600,-75.3793856687375,39.8793852847628,-75.368739005283,39.9143240988748,off_peak,FALSE,60,52.931139,ok,52.5833333333333,6.46666666666667,15.4333333333333,28.75,1.93333333333333,1,26029,15366
6394850102,13:45,825,-75.368739005283,39.9143240988748,-75.3793856687375,39.8793852847628,off_peak,FALSE,45,37.041735,ok,72.5666666666667,1.93333333333333,3.71666666666667,58.15,8.76666666666667,2,15366,26234
6403140202,19:15,1155,-75.1568084005227,40.0959314583006,-75.1568084005227,40.0959314583006,off_peak,FALSE,55,9.52182,ok,11,2.25,6.73333333333333,0.266666666666667,1.75,0,16956,16957
6411900101,17:30,1050,-75.1638872349499,39.9525548857932,-75.3105990244411,39.9111895443266,pm_peak,TRUE,70,38.398521,ok,66.5,1.85,0.15,61.7666666666667,2.73333333333333,4,283,19163
6414030202,6:30,390,-75.2610376834135,40.1872915522603,-75.1588750233838,39.9528401835985,am_peak,TRUE,42,44.52201,ok,132.483333333333,8.85,21.4666666666667,99.95,2.21666666666667,2,29515,2456
6414030205,11:50,710,-75.150623776162,39.9499928305521,-75.150623776162,39.9499928305521,off_peak,FALSE,42,3.924631,ok,5.68333333333333,1.3,1.7,0.333333333333333,2.35,0,10329,14913
6423360201,7:45,465,-75.2182588102061,39.950471058218,-75.1720816011546,39.9549927124551,am_peak,TRUE,30,25.854663,ok,27.2666666666667,1.4,1.8,20.9833333333333,3.08333333333333,1,24627,20646
6433750203,18:16,1096,-74.8523645854997,40.0987028986407,-74.9452110255043,40.1208986646202,pm_peak,TRUE,14,69.798567,ok,114.033333333333,3.2,13.9333333333333,86.8,10.1,2,29655,18973
6443950102,13:30,810,-75.1649773922386,39.9502186753736,-75.177201361549,39.9550054347417,off_peak,FALSE,10,11.322938,ok,19.5,1.65,2.08333333333333,6.33333333333333,9.43333333333333,0,14079,14086
6443950104,14:15,855,-75.1779217463161,39.9533873770951,-75.1655206281913,39.9477143701067,off_peak,FALSE,15,15.058455,ok,10.9166666666667,1.28333333333333,0.9,7.06666666666667,1.66666666666667,0,10283,15187
6453710102,15:00,900,-75.1722093187508,39.9861472659912,-75.2279540291491,39.9243565817628,off_peak,FALSE,540,52.977363,ok,57.2,3.56666666666667,8.06666666666667,45.0166666666667,0.55,1,3121,20909
6453710201,13:10,790,-75.2279540291491,39.9243565817628,-75.2353363988571,39.9786635130042,off_peak,FALSE,,35.616667,ok,49.75,0.55,0.0166666666666667,47.15,2.03333333333333,4,20909,24474
6453710202,18:00,1080,-75.2353363988571,39.9786635130042,-75.2279540291491,39.9243565817628,pm_peak,TRUE,360,36.367228,ok,34.7166666666667,1.71666666666667,0.183333333333333,30.6833333333333,2.13333333333333,0,24506,24541
6453710501,9:00,540,-75.2279540291491,39.9243565817628,-75.1652643007328,39.9488899960486,am_peak,TRUE,120,32.020455,ok,39.4333333333333,0.55,0.933333333333333,31.4166666666667,6.53333333333333,1,20909,31140
6453710502,12:00,720,-75.1652643007328,39.9488899960486,-75.2279540291491,39.9243565817628,off_peak,FALSE,120,30.954025,ok,41.1166666666667,1.16666666666667,2.58333333333333,36.8166666666667,0.55,3,1282,20909
6465820401,8:45,525,-75.0904216746636,40.0215489899244,-75.151228491791,40.0505524826181,am_peak,TRUE,45,31.241187,ok,48.9,1.65,2.9,31.8166666666667,12.5333333333333,2,17622,17324
6465820402,18:00,1080,-75.151228491791,40.0505524826181,-75.0904216746636,40.0215489899244,pm_peak,TRUE,60,33.708687,ok,46.8,1.23333333333333,3.55,40.7333333333333,1.28333333333333,4,25288,24832
6482360102,10:55,655,-75.1768973037301,39.9372294658397,-75.1779217463161,39.9533873770951,off_peak,FALSE,10,14.576034,ok,28.9166666666667,0.366666666666667,12.5833333333333,8.05,7.91666666666667,0,21304,358
6482360103,11:09,669,-75.1779217463161,39.9533873770951,-75.3922133622912,40.087943010321,off_peak,FALSE,37,44.852268,ok,65.2166666666667,1.28333333333333,2.65,58.0666666666667,3.21666666666667,2,10283,1827
6482360105,16:25,985,-75.3853835679745,40.0888177484524,-75.2626735411038,39.9640057100153,pm_peak,TRUE,35,40.022878,ok,78.4833333333333,1.9,9.46666666666667,64.5,2.61666666666667,3,27928,18639
6482360106,17:16,1036,-75.2626735411038,39.9640057100153,-75.1662257986882,39.9519342771783,pm_peak,TRUE,15,23.95,ok,36.75,2.61666666666667,2.31666666666667,30.0666666666667,1.75,2,18639,1392
6482360107,17:41,1061,-75.1662257986882,39.9519342771783,-75.0593151476913,40.0302346423682,pm_peak,TRUE,0,38.864462,ok,61.1333333333333,1.05,1.95,52.9,5.23333333333333,3,30320,15760
6489220101,7:30,450,-75.2182588102061,39.950471058218,-75.162026191264,39.9785569548507,am_peak,TRUE,60,39.295972,ok,43.4333333333333,1.4,1.8,38.2333333333333,2,4,24627,3053
6489220102,17:00,1020,-75.162026191264,39.9785569548507,-75.2074989674157,39.9516652307221,pm_peak,TRUE,45,34.003964,ok,33.8333333333333,1.43333333333333,2.15,26.8833333333333,3.36666666666667,2,25384,20879
6501560101,8:20,500,-75.1256172805438,40.0721167066709,-75.1541388337345,39.9522458625874,am_peak,TRUE,40,31.623679,ok,49.1333333333333,1.26666666666667,9.21666666666667,33.2666666666667,5.38333333333333,2,23561,2440
6501560102,19:30,1170,-75.1541388337345,39.9522458625874,-75.1256172805438,40.0721167066709,off_peak,FALSE,30,26.4,ok,53.7333333333333,1.4,0.6,44.7833333333333,6.95,2,915,16623
6513570101,8:15,495,-75.2621066880574,40.0038368776237,-75.1427276091799,39.9500099248171,am_peak,TRUE,52,36.311444,no_origin_stop,,,,,,,,
6514630102,8:12,492,-75.1142758205188,40.1491579177916,-75.1648345113326,39.9541020155151,am_peak,TRUE,33,48.934688,ok,100.116666666667,1.1,20,75.9,3.11666666666667,3,15595,1281
6514630108,17:33,1053,-75.1717674832599,39.9564206302579,-75.1717674832599,39.9564206302579,pm_peak,TRUE,42,4.208333,ok,10.8166666666667,1.83333333333333,4.01666666666667,1.1,3.86666666666667,0,4465,14928
6515270101,6:00,360,-75.4004536142059,39.8980960293187,-75.1541388337345,39.9522458625874,am_peak,TRUE,72,81.027926,ok,107.35,8.48333333333333,20.0833333333333,76.5666666666667,2.21666666666667,2,30023,2457
6515270102,16:35,995,-75.1541388337345,39.9522458625874,-75.4004536142059,39.8980960293187,pm_peak,TRUE,60,76.848023,ok,133.516666666667,1.4,21.6,100.966666666667,9.55,5,915,25692
6516010101,8:50,530,-75.1655746637264,39.9307064691021,-75.1540803782248,39.9488624668665,am_peak,TRUE,22,21.345204,ok,33.5333333333333,1.88333333333333,6.8,23.5666666666667,1.28333333333333,2,24219,6113
6516010104,17:46,1066,-75.1725391195037,39.9527196860213,-75.1655746637264,39.9307064691021,pm_peak,TRUE,29,21.225431,ok,21.4833333333333,1.68333333333333,0.35,14.9666666666667,4.48333333333333,1,20646,1285
6516350101,10:40,640,-75.1698571868868,39.9452577603363,-75.1941152941134,39.9546263068532,off_peak,FALSE,20,19.803223,ok,27.9666666666667,0.216666666666667,9.36666666666667,16.8666666666667,1.51666666666667,1,22271,20732
6516350102,16:50,1010,-75.1941152941134,39.9546263068532,-75.1698571868868,39.9452577603363,pm_peak,TRUE,20,21.771558,ok,25.0666666666667,1.28333333333333,0.716666666666667,11.9,11.1666666666667,1,20641,6061
6516350202,18:05,1085,-75.1941152941134,39.9546263068532,-75.1669894744938,39.9484799410289,pm_peak,TRUE,35,16.301941,ok,17.5166666666667,1.51666666666667,1.18333333333333,7.2,7.61666666666667,0,20732,31140
6519710107,19:08,1148,-75.1661003080911,39.9138576581668,-75.1634808483634,39.9480403151119,off_peak,FALSE,18,18.169605,ok,20.2666666666667,1.88333333333333,1.9,14.7166666666667,1.76666666666667,1,24617,32140
6523030101,10:00,600,-74.8233302395014,40.1674501816603,-74.8919914252008,40.1764466474197,off_peak,FALSE,75,33.74691,no_origin_stop,,,,,,,,
6523030102,12:45,765,-74.8919914252008,40.1764466474197,-74.8920916919296,40.1431753369858,off_peak,FALSE,15,17.383333,ok,18.4166666666667,6.48333333333333,1.2,9.26666666666667,1.46666666666667,0,29589,28412
6535060101,8:10,490,-75.2421801680258,39.9481308791093,-75.1941152941134,39.9546263068532,am_peak,TRUE,65,26.939887,ok,28.5333333333333,1.13333333333333,0.1,26.6666666666667,0.633333333333333,1,21848,21353
6535060102,17:45,1065,-75.1941152941134,39.9546263068532,-75.1503604073933,39.9962218359028,pm_peak,TRUE,45,30.13944,ok,35.9,1.28333333333333,5.71666666666667,21.75,7.15,2,20641,32150
6535060103,20:15,1215,-75.1503604073933,39.9962218359028,-75.1638872349499,39.9525548857932,off_peak,FALSE,10,21.727838,ok,24.3833333333333,4.9,5.81666666666667,13.2833333333333,0.383333333333333,1,20521,1281
6535060104,20:35,1235,-75.1638872349499,39.9525548857932,-75.2421801680258,39.9481308791093,off_peak,FALSE,30,27.919352,ok,33.2,1.95,4.05,24.9,2.3,2,1392,21820
6539400104,7:30,450,-75.2823535717739,40.2437347422191,-75.1588750233838,39.9528401835985,am_peak,TRUE,55,56.053349,ok,144.483333333333,2.18333333333333,20.1,119.983333333333,2.21666666666667,4,28718,2456
6539400107,16:49,1009,-75.1588750233838,39.9528401835985,-75.2823535717739,40.2437347422191,pm_peak,TRUE,51,54.917755,ok,130.866666666667,2.03333333333333,4.13333333333333,119.9,4.8,4,10259,27461
6551990205,15:35,935,-75.3314522326487,39.9229178354199,-75.1632627264191,39.9610182840982,off_peak,FALSE,20,62.798537,ok,74.0833333333333,8.45,3.81666666666667,58.2333333333333,3.58333333333333,3,31501,32143
6554200101,10:00,600,-75.1546498738633,40.0261270665432,-75.1595117962634,39.9367714452714,off_peak,FALSE,75,41.366667,ok,83.1333333333333,4.2,28.8,46.0833333333333,4.05,4,22199,16300
6554200102,11:35,695,-75.1595117962634,39.9367714452714,-75.1625826795934,39.9513495936779,off_peak,FALSE,22,18.0879,ok,33.8833333333333,0.433333333333333,12.2166666666667,18.35,2.88333333333333,1,24754,32141
6558670101,6:10,370,-75.2181192513656,40.032241980928,-75.1446587384151,39.9502859178682,am_peak,TRUE,50,30.869824,ok,42.5,2.43333333333333,4.76666666666667,33.75,1.55,2,9899,428
6560970101,8:30,510,-75.1827055398227,40.0389450998406,-75.1539262084391,39.9844115630897,am_peak,TRUE,40,34.746263,ok,45.8833333333333,1.33333333333333,2.2,36.7166666666667,5.63333333333333,2,18267,1276
6560970102,18:15,1095,-75.1539262084391,39.9844115630897,-75.1827055398227,40.0389450998406,pm_peak,TRUE,40,38.146919,ok,50.7333333333333,1.43333333333333,9.2,33.65,6.45,3,16109,17200
6564560102,10:40,640,-75.1701368511036,39.9488667930338,-75.1840170635385,39.9534784074457,off_peak,FALSE,25,13.529194,ok,16.5166666666667,2.36666666666667,4.11666666666667,7.11666666666667,2.91666666666667,0,14084,432
6564560103,13:10,790,-75.1840170635385,39.9534784074457,-75.1773253490168,39.9478229139105,off_peak,FALSE,20,10.91853,ok,12.7333333333333,0.416666666666667,1.41666666666667,2.16666666666667,8.73333333333333,0,20976,6067
6564560208,15:35,935,-75.1742218041379,39.9513700637455,-75.1466622121185,39.9478355374067,off_peak,FALSE,15,21.191732,ok,24.8,1.55,7.61666666666667,9.81666666666667,5.81666666666667,2,21316,2458
6564560211,18:48,1128,-75.1517226930339,39.9485721389241,-75.180637080064,39.9501303685435,pm_peak,TRUE,0,19.758765,ok,24.35,1.61666666666667,3.96666666666667,16.1666666666667,2.6,0,14881,19542
6577150102,6:35,395,-75.0798260530761,40.0248633027149,-75.1687160134156,39.9558364756335,am_peak,TRUE,35,37.400666,ok,54.5,2.06666666666667,7.06666666666667,37.8666666666667,7.5,2,30219,32175
6577150107,16:00,960,-75.1687160134156,39.9558364756335,-75.0798260530761,40.0248633027149,pm_peak,TRUE,30,37.889605,ok,56.3333333333333,1.26666666666667,14.6833333333333,38.3166666666667,2.06666666666667,3,3078,30219
6578490102,7:49,469,-75.2626735411038,39.9640057100153,-75.1792803129236,39.9102291849896,am_peak,TRUE,43,48.901306,ok,67.3,2.61666666666667,1.25,56.05,7.38333333333333,7,18639,21212
6578490105,16:38,998,-75.1629816913276,39.9348297671495,-75.2626735411038,39.9640057100153,pm_peak,TRUE,26,37.461131,ok,50.6833333333333,1.46666666666667,9.31666666666667,37.2833333333333,2.61666666666667,2,16832,18639
6578490108,18:12,1092,-75.1599172675313,39.9309896846011,-75.1906300416804,39.958024348983,pm_peak,TRUE,16,26.918236,ok,29.0166666666667,2.13333333333333,3.23333333333333,19.6166666666667,4.03333333333333,1,16608,32177
6578490111,21:27,1287,-75.1906300416804,39.958024348983,-75.2626735411038,39.9640057100153,off_peak,FALSE,0,22.900863,ok,40.0333333333333,1.55,15.15,16.3,7.03333333333333,2,21524,1148
6578490202,18:12,1092,-75.2626735411038,39.9640057100153,-75.1906300416804,39.958024348983,pm_peak,TRUE,16,22.916667,ok,35.8166666666667,2.61666666666667,1.2,27.85,4.15,2,18639,2453
6578490205,21:04,1264,-75.2035188845512,39.9258448958777,-75.2629389868999,39.9545919335046,off_peak,FALSE,23,45.005171,ok,54.65,11.85,1.15,38.9166666666667,2.73333333333333,1,32481,22186
6578490206,21:27,1287,-75.2629389868999,39.9545919335046,-75.2629389868999,39.9545919335046,off_peak,FALSE,0,6.877086,ok,12.7166666666667,2,8.6,0.433333333333333,1.68333333333333,0,19274,19275
6580550101,7:56,476,-74.881760525447,40.1424498598935,-75.1541388337345,39.9522458625874,am_peak,TRUE,44,101.805925,ok,109.583333333333,8.35,1.8,97.3333333333333,2.1,2,28541,32172
6581680101,9:00,540,-75.1774381258043,39.9578243101046,-75.1612826317197,39.9532127364358,am_peak,TRUE,45,13.598143,ok,25.2666666666667,2.35,5.5,15.2166666666667,2.2,1,3155,10263
6583630101,10:20,620,-75.1312859799465,39.9929590474227,-75.1018775098952,39.9927596244991,off_peak,FALSE,80,26.365749,ok,35.1333333333333,1.5,8.15,15.9,9.58333333333333,1,17650,15039
6583630104,12:49,769,-75.1102184888777,39.9887849617672,-75.1102184888777,39.9887849617672,off_peak,FALSE,671,9.827451,ok,13.3166666666667,3.3,3.7,0.8,5.51666666666667,0,17775,17782
6585800102,8:53,533,-75.2844606971503,39.9242462649883,-75.1928742171467,39.9459041130135,am_peak,TRUE,14,24.000752,ok,75.05,7.26666666666667,18.8,45.15,3.83333333333333,2,18844,21439
6585800105,17:15,1035,-75.1928742171467,39.9459041130135,-75.1928742171467,39.9459041130135,pm_peak,TRUE,16,6.998705,ok,15.2333333333333,5.36666666666667,5,1.03333333333333,3.83333333333333,0,31393,21439
6595380202,9:12,552,-75.216704781889,39.9569805572676,-75.1662257986882,39.9519342771783,am_peak,TRUE,9,14.586315,ok,24.75,1.11666666666667,6.3,15.5833333333333,1.75,1,25587,1392
6595380205,17:36,1056,-75.1649773922386,39.9502186753736,-75.1779217463161,39.9533873770951,pm_peak,TRUE,11,11.623152,ok,16.45,1.65,1.93333333333333,8.41666666666667,4.45,0,14079,14089
6595380206,18:32,1112,-75.1779217463161,39.9533873770951,-75.2165947836222,39.9537421538695,pm_peak,TRUE,20,22.050062,ok,24.45,0.966666666666667,1.03333333333333,18.5,3.95,1,93,21371
6604250201,18:05,1085,-75.3694946410526,40.0814481469734,-75.3694946410526,40.0814481469734,pm_peak,TRUE,60,18.543904,ok,13.85,4.11666666666667,6.6,0.3,2.83333333333333,0,8356,14977
6611090101,8:10,490,-75.2621066880574,40.0038368776237,-75.1840170635385,39.9534784074457,am_peak,TRUE,30,26.099532,no_origin_stop,,,,,,,,
6611090102,8:40,520,-75.1840170635385,39.9534784074457,-75.1977262540913,39.9594259908695,am_peak,TRUE,,11.583021,ok,21.4,2.53333333333333,0.666666666666667,11.0333333333333,7.16666666666667,1,20643,32178
6611090104,19:51,1191,-75.1977262540913,39.9594259908695,-75.2755312957965,40.0062174693429,off_peak,FALSE,12,36.175618,ok,53.7166666666667,1.81666666666667,0.366666666666667,44.6666666666667,6.86666666666667,1,20638,21999
6655580101,9:50,590,-75.2898472832018,40.0026899156158,-75.2984304981332,40.0094456354775,off_peak,FALSE,10,13.90321,ok,15.05,7.28333333333333,1.68333333333333,2.63333333333333,3.45,0,19319,19323
6655580102,11:30,690,-75.2984304981332,40.0094456354775,-75.300281066518,40.0007168757721,off_peak,FALSE,8,14.803443,ok,65.9166666666667,3.16666666666667,8.91666666666667,48.9333333333333,4.9,1,19445,1975
6660390201,8:00,480,-75.208260147084,39.9463603580681,-75.1545851492175,39.9813757258968,am_peak,TRUE,50,37.413835,ok,36.1833333333333,1.7,2.08333333333333,25.7166666666667,6.68333333333333,3,20729,32148
6660390202,18:25,1105,-75.1545851492175,39.9813757258968,-75.1705068930163,39.9509065904554,pm_peak,TRUE,20,24.654265,ok,28.1166666666667,1.55,0.233333333333333,19.6833333333333,6.65,2,16111,8936
6660390203,20:15,1215,-75.1705068930163,39.9509065904554,-75.208260147084,39.9463603580681,off_peak,FALSE,25,17.319933,ok,32.5,1.26666666666667,4.63333333333333,25.5166666666667,1.08333333333333,2,6062,20737
6660390301,7:50,470,-75.208260147084,39.9463603580681,-75.1732743609913,39.9456003211594,am_peak,TRUE,40,28.020657,ok,22.45,1.7,0.0833333333333333,20.4333333333333,0.233333333333333,1,20729,14958
6660390302,17:10,1030,-75.1732743609913,39.9456003211594,-75.2100224563071,39.9560134286816,pm_peak,TRUE,35,24.514965,ok,25.0666666666667,0.266666666666667,0.366666666666667,17.05,7.38333333333333,3,22273,32179
6661000401,7:00,420,-75.310429560097,39.9670567346169,-75.3938186136374,39.9651711354682,am_peak,TRUE,70,47.8624,ok,47.6833333333333,8.1,8.4,26.5,4.68333333333333,1,18655,2168
6661000402,14:33,873,-75.3938186136374,39.9651711354682,-75.310429560097,39.9670567346169,off_peak,FALSE,42,41.596258,ok,46.1666666666667,4.68333333333333,14.3166666666667,19.6166666666667,7.55,0,2168,18814
6675770102,6:53,413,-75.1962680244175,40.0724717157188,-75.1588750233838,39.9528401835985,am_peak,TRUE,32,32.274782,ok,76.1,3.06666666666667,15.9333333333333,47.75,9.35,2,1051,2440
6675770105,16:25,985,-75.1648345113326,39.9541020155151,-75.1962680244175,40.0724717157188,pm_peak,TRUE,27,35.217062,ok,69.25,0.833333333333333,4.68333333333333,56.6,7.13333333333333,2,17842,26524
6691010101,8:17,497,-75.2143085167584,39.9408655334325,-75.1638872349499,39.9525548857932,am_peak,TRUE,31,21.662016,ok,31.8833333333333,1.6,0.883333333333333,27.3333333333333,2.06666666666667,2,317,31140
6691010102,8:49,529,-75.1638872349499,39.9525548857932,-75.1562910038297,39.9768159139408,am_peak,TRUE,12,15.155953,ok,15.5,0.3,3.7,8.9,2.6,1,32141,17276
6691010103,17:30,1050,-75.1562910038297,39.9768159139408,-75.1669894744938,39.9484799410289,pm_peak,TRUE,29,17.962982,ok,20.3,2.88333333333333,0.733333333333333,13.1333333333333,3.55,1,5273,1282
6691010106,19:42,1182,-75.1629816913276,39.9348297671495,-75.1603362537134,39.9167023901516,off_peak,FALSE,17,16.740098,ok,26.4666666666667,1.08333333333333,9.93333333333333,9.21666666666667,6.23333333333333,0,16509,16591
6691010108,21:18,1278,-75.1661003080911,39.9138576581668,-75.1629816913276,39.9348297671495,off_peak,FALSE,4,17.829824,ok,22.4666666666667,1.4,2.21666666666667,12.6333333333333,6.21666666666667,1,759,32138
6691010109,21:23,1283,-75.1629816913276,39.9348297671495,-75.1603362537134,39.9167023901516,off_peak,FALSE,23,16.740098,ok,22.85,1.08333333333333,6.86666666666667,8.66666666666667,6.23333333333333,0,16509,16591
6691010202,8:35,515,-75.1661003080911,39.9138576581668,-75.1612826317197,39.9532127364358,am_peak,TRUE,25,20.573194,ok,22.1,1.4,0.216666666666667,16.3833333333333,4.1,1,759,32141
6691010205,19:10,1150,-75.1711932833479,39.9327343433105,-75.1498041127206,39.934304016358,off_peak,FALSE,20,14.867484,ok,36.1833333333333,0.883333333333333,20.8333333333333,13.75,0.716666666666667,1,3058,24681
6691010206,21:30,1290,-75.1498041127206,39.934304016358,-75.2143085167584,39.9408655334325,off_peak,FALSE,30,24.731294,ok,32.3,1.03333333333333,3.41666666666667,25.55,2.3,0,24746,31280
6701330102,5:55,355,-75.2172676864572,40.0019340658936,-75.2626735411038,39.9640057100153,off_peak,FALSE,20,30.448818,ok,43.05,2.21666666666667,1.88333333333333,32.9,6.05,2,25776,2024
6701330103,6:30,390,-75.2626735411038,39.9640057100153,-75.3491600996336,40.1018802190178,am_peak,TRUE,17,33.104265,ok,57.75,2.61666666666667,3.25,46.1333333333333,5.75,2,18639,1892
6701330104,6:50,410,-75.3491600996336,40.1018802190178,-75.3460361638143,40.1143423687777,am_peak,TRUE,8,12.816427,unreachable,,,,,,,,
6701330105,7:00,420,-75.3460361638143,40.1143423687777,-75.3147109767587,40.1422852431983,am_peak,TRUE,10,25.088549,ok,33.1833333333333,2.35,12.65,14,4.18333333333333,0,1649,1651
6701330110,18:00,1080,-75.3147109767587,40.1422852431983,-75.3460361638143,40.1143423687777,pm_peak,TRUE,15,23.654335,ok,37.35,3.85,18.15,13,2.35,0,1668,1649
6701750202,6:40,400,-74.9173100833299,40.1657748846181,-75.1588750233838,39.9528401835985,am_peak,TRUE,60,64.052134,ok,106.583333333333,3.51666666666667,20.6333333333333,80.3333333333333,2.1,1,23589,32173
6701750205,16:55,1015,-75.1588750233838,39.9528401835985,-74.9173100833299,40.1657748846181,pm_peak,TRUE,40,58.442217,ok,125,1.86666666666667,1.41666666666667,117.85,3.86666666666667,2,10262,23092
6722590301,14:00,840,-75.1164312191623,39.985904455443,-75.0877865211234,39.9940122620898,off_peak,FALSE,34,21.893496,ok,48.5833333333333,1.85,7.58333333333333,31.1333333333333,8.01666666666667,3,13114,24106
6722590302,15:44,944,-75.0877865211234,39.9940122620898,-75.1164312191623,39.985904455443,off_peak,FALSE,46,19.317481,ok,22.95,5.96666666666667,3.41666666666667,8.93333333333333,4.63333333333333,0,23788,17783
6736590101,16:30,990,-75.1722789942054,39.9539778646615,-75.1503604073933,39.9962218359028,pm_peak,TRUE,34,26.652471,ok,38.9,1.28333333333333,7.63333333333333,22.8333333333333,7.15,2,2821,32150
6736590202,14:40,880,-75.1638872349499,39.9525548857932,-75.1503604073933,39.9962218359028,off_peak,FALSE,20,20.799954,ok,26.9,0.3,7.7,11.75,7.15,0,32141,32150
6736830102,16:50,1010,-75.1517226930339,39.9485721389241,-75.20297810328,40.0663780780388,pm_peak,TRUE,130,36.111939,ok,75.0333333333333,1.38333333333333,8.51666666666667,57.8333333333333,7.3,4,18516,17410
6745010103,8:00,480,-75.1648345113326,39.9541020155151,-75.1632627264191,39.9610182840982,am_peak,TRUE,16,9.912763,ok,14.9333333333333,0.833333333333333,4.41666666666667,0.733333333333333,8.95,0,17842,3057
6745010105,17:50,1070,-75.1632627264191,39.9610182840982,-75.1632627264191,39.9610182840982,pm_peak,TRUE,50,6.052121,ok,9.96666666666667,2.85,1.11666666666667,0.75,5.25,0,17169,31123
6752060104,18:20,1100,-75.2806454415887,40.2304601821381,-75.2328700667351,40.2335991500038,pm_peak,TRUE,55,26.659649,no_dest_stop,,,,,,,,
6754790401,7:35,455,-75.1962680244175,40.0724717157188,-75.175919233186,40.0332814777088,am_peak,TRUE,25,27.263917,ok,74.3833333333333,4.2,29.9166666666667,38.8833333333333,1.38333333333333,1,17145,1341
6754790402,14:45,885,-75.175919233186,40.0332814777088,-75.1962680244175,40.0724717157188,off_peak,FALSE,30,29.343872,ok,37.25,0.85,3.38333333333333,25.8833333333333,7.13333333333333,1,18234,26524
6756010101,8:18,498,-75.3475957675981,39.9012278289218,-75.1928742171467,39.9459041130135,am_peak,TRUE,42,30.786883,ok,77.75,4.35,6.65,62.9166666666667,3.83333333333333,2,14840,21439
6756010102,17:00,1020,-75.1928742171467,39.9459041130135,-75.3475957675981,39.9012278289218,pm_peak,TRUE,60,31.908894,ok,80.7333333333333,3.98333333333333,6.93333333333333,65.0833333333333,4.73333333333333,3,31744,14837
6758480203,13:10,790,-75.2092309433524,40.0570919862362,-75.1608866949941,39.9837724999129,off_peak,FALSE,50,48.810342,no_origin_stop,,,,,,,,
6758480204,18:00,1080,-75.1608866949941,39.9837724999129,-75.2092309433524,40.0570919862362,pm_peak,TRUE,75,48.71221,no_dest_stop,,,,,,,,
6767900102,9:59,599,-75.20297810328,40.0663780780388,-75.1834073455283,39.9599979498596,off_peak,FALSE,25,34.321153,ok,86.25,7.03333333333333,12.0166666666667,57.95,9.25,3,15437,32176
6767900202,9:59,599,-75.20297810328,40.0663780780388,-75.1834073455283,39.9599979498596,off_peak,FALSE,25,34.321153,ok,86.25,7.03333333333333,12.0166666666667,57.95,9.25,3,15437,32176
6779660101,8:00,480,-75.2182588102061,39.950471058218,-75.1701604201666,39.9562259742499,am_peak,TRUE,20,27.364038,ok,32.8166666666667,1.4,2.38333333333333,23.4,5.63333333333333,1,24627,20646
6779660102,18:00,1080,-75.1701604201666,39.9562259742499,-75.2182588102061,39.950471058218,pm_peak,TRUE,43,26.811566,ok,31.3333333333333,1.25,3.65,16.4166666666667,10.0166666666667,1,14911,20810
6801200102,8:20,500,-75.1531176077862,40.0998645962702,-75.1480260525691,39.9820906148628,am_peak,TRUE,20,24.225956,ok,62.8666666666667,1.76666666666667,4.23333333333333,50.3666666666667,6.5,2,16744,16105
6801200104,17:30,1050,-75.1545851492175,39.9813757258968,-75.1531176077862,40.0998645962702,pm_peak,TRUE,45,30.449782,ok,56.75,3.6,0.783333333333333,51.1666666666667,1.2,3,17279,1052
6801200201,8:10,490,-75.1470888942105,40.1018399351912,-75.1480260525691,39.9820906148628,am_peak,TRUE,30,29.598208,ok,81.75,6.18333333333333,11.8166666666667,51.0333333333333,12.7166666666667,3,8164,17279
6801200202,15:30,930,-75.1480260525691,39.9820906148628,-75.1480260525691,39.9820906148628,off_peak,FALSE,45,7.308481,ok,8.98333333333333,2.91666666666667,4.66666666666667,0.65,0.75,0,30192,16273
6808990101,9:00,540,-75.1722789942054,39.9539778646615,-75.1550731760754,39.9469560187574,am_peak,TRUE,30,11.731854,ok,21.1833333333333,1.13333333333333,0.116666666666667,14.8166666666667,5.11666666666667,1,21319,32132
6808990201,9:00,540,-75.1722789942054,39.9539778646615,-75.1580149724927,39.9493530835764,am_peak,TRUE,35,10.911976,ok,21.7333333333333,1.13333333333333,0.116666666666667,18.6,1.88333333333333,2,21319,16843
6811760301,16:45,1005,-75.2697148355171,39.9862485416151,-75.2626735411038,39.9640057100153,pm_peak,TRUE,0,25.002805,ok,39.05,10.0166666666667,11.0833333333333,11.9,6.05,0,32720,2024
6811760302,16:46,1006,-75.2626735411038,39.9640057100153,-75.1608290378846,39.9512565309348,pm_peak,TRUE,44,25.083333,ok,35.4,2.61666666666667,2.38333333333333,28.7,1.7,2,18639,2455
6819100103,9:35,575,-75.2709909238752,39.9451405536483,-75.253425532016,39.9533624584389,off_peak,FALSE,10,19.134977,ok,34.7,3.8,0.05,25.65,5.2,2,19896,19722
6819100104,9:55,595,-75.253425532016,39.9533624584389,-75.1973968654904,39.9505033966507,off_peak,FALSE,20,24.450779,ok,43.2333333333333,2.6,0.133333333333333,33.8333333333333,6.66666666666667,3,22181,21450
6819100107,20:15,1215,-75.1928742171467,39.9459041130135,-75.1928742171467,39.9459041130135,off_peak,FALSE,10,7.061755,ok,23.4,5.36666666666667,13.3833333333333,0.816666666666667,3.83333333333333,0,31393,21439
6821910102,8:15,495,-75.1601184429639,40.0511089560396,-75.1659426772114,39.9531940428398,am_peak,TRUE,30,34.308503,ok,48.85,1.5,6.91666666666667,37.5833333333333,2.85,2,24794,1281
6825030202,8:05,485,-75.1752524766747,39.9659654913561,-75.0593151476913,40.0302346423682,am_peak,TRUE,20,56.332533,ok,68.7333333333333,0.916666666666667,9.48333333333333,54.6,3.73333333333333,3,2863,21607
6825030203,8:26,506,-75.0593151476913,40.0302346423682,-75.1834073455283,39.9599979498596,am_peak,TRUE,4,47.07415,ok,51.25,3.58333333333333,0.6,37.8166666666667,9.25,1,1138,32176
6825030206,17:45,1065,-75.0593151476913,40.0302346423682,-75.1842341091099,39.9772832258399,pm_peak,TRUE,40,53.887332,ok,62.6166666666667,3.58333333333333,8.6,45.3833333333333,5.05,2,1138,21019
6826830102,17:05,1025,-75.1706866571216,39.953785415184,-75.3128532544384,39.99398750657,pm_peak,TRUE,55,43.529662,ok,54.4666666666667,1.26666666666667,0.6,40.8166666666667,11.7833333333333,3,21319,1923
6836580102,16:36,996,-75.214650332805,40.1349579453564,-75.1588750233838,39.9528401835985,pm_peak,TRUE,,39.62973,unreachable,,,,,,,,
6852380101,7:00,420,-75.4467598878094,40.0656220418655,-75.1834073455283,39.9599979498596,am_peak,TRUE,60,67.611639,ok,122.266666666667,7.1,26.5166666666667,81.3833333333333,7.26666666666667,1,19094,32702
6852380102,18:00,1080,-75.1834073455283,39.9599979498596,-75.4467598878094,40.0656220418655,pm_peak,TRUE,60,66.534005,ok,111.65,7.6,7.4,89.45,7.2,4,28325,19087
6857600102,16:05,965,-75.1649773922386,39.9502186753736,-75.1592387852516,39.9217586458287,pm_peak,TRUE,25,20.339023,ok,29.9333333333333,1.68333333333333,0.316666666666667,26.7,1.23333333333333,1,6115,16310
6857720102,9:17,557,-75.7140748628777,40.0039525762867,-75.1834073455283,39.9599979498596,am_peak,TRUE,58,55.43613,ok,137.383333333333,5.8,9.2,113,9.38333333333333,1,31219,21532
6857720104,11:41,701,-75.1957094473416,39.9494354858208,-75.4829079089365,40.0451966969818,off_peak,FALSE,110,61.274082,ok,127.183333333333,2.35,5.06666666666667,113.933333333333,5.83333333333333,3,22232,19377
6869210102,13:15,795,-75.150623776162,39.9499928305521,-75.1711932833479,39.9327343433105,off_peak,FALSE,25,27.572177,ok,39.4333333333333,1.3,6.85,24.85,6.43333333333333,2,10329,1285
6869210103,14:50,890,-75.1711932833479,39.9327343433105,-75.1452853653063,39.9454993949884,off_peak,FALSE,25,30.007628,ok,40.9333333333333,0.883333333333333,13.8333333333333,20.2833333333333,5.93333333333333,1,3058,21249
6869210201,11:00,660,-75.1452853653063,39.9454993949884,-75.1659426772114,39.9531940428398,off_peak,FALSE,,15.577016,ok,23.35,2.58333333333333,5.71666666666667,13.7,1.35,1,17560,32175
6869210204,17:50,1070,-75.1659426772114,39.9531940428398,-75.1452853653063,39.9454993949884,pm_peak,TRUE,30,15.697718,ok,21.0166666666667,1.26666666666667,0.733333333333333,10.95,8.06666666666667,1,20659,428
6870450301,7:30,450,-75.1906210349248,39.9616350467224,-75.1665214095376,39.9615526212186,am_peak,TRUE,20,14.916631,ok,13.8333333333333,2.66666666666667,0.333333333333333,8.31666666666667,2.51666666666667,0,679,22020
6870450302,15:30,930,-75.1665214095376,39.9615526212186,-75.1906210349248,39.9616350467224,off_peak,FALSE,30,19.537127,ok,28.5833333333333,0.283333333333333,1.46666666666667,19.6666666666667,7.16666666666667,1,2682,20665
6873890101,8:00,480,-75.2162654488479,39.9464660922369,-75.2189686457819,40.0081594134958,am_peak,TRUE,40,36.323943,ok,55.2166666666667,2.98333333333333,4.78333333333333,36.3666666666667,11.0833333333333,0,24848,21575
6873890301,9:30,570,-75.2162654488479,39.9464660922369,-75.1665214095376,39.9615526212186,off_peak,FALSE,45,34.283709,ok,38.7,3.01666666666667,3.51666666666667,24.9666666666667,7.2,3,20789,1279
6873890302,19:20,1160,-75.1665214095376,39.9615526212186,-75.2162654488479,39.9464660922369,off_peak,FALSE,45,32.970073,ok,52.3833333333333,0.283333333333333,20.3666666666667,26.8666666666667,4.86666666666667,2,2682,20883
6875310202,8:15,495,-75.1531176077862,40.0998645962702,-75.1634808483634,39.9480403151119,am_peak,TRUE,35,41.293662,ok,65.6166666666667,1.2,10.8666666666667,51.6833333333333,1.86666666666667,2,1052,1282
6875310204,17:28,1048,-75.1588750233838,39.9528401835985,-75.1470888942105,40.1018399351912,pm_peak,TRUE,19,36.475526,ok,64.6666666666667,1.86666666666667,0.983333333333333,55.7,6.11666666666667,2,10262,15543
6884110202,8:10,490,-74.8185831765262,40.1380262186048,-75.1984494658686,39.9539400028283,am_peak,TRUE,50,59.92436,unreachable,,,,,,,,
6884110204,16:00,960,-75.1834073455283,39.9599979498596,-74.8185831765262,40.1380262186048,pm_peak,TRUE,40,47.195471,unreachable,,,,,,,,
6887190204,17:35,1055,-75.1937934209145,39.951852697735,-75.1774381258043,39.9578243101046,pm_peak,TRUE,19,16.682493,ok,25.3,2.41666666666667,6.58333333333333,9.23333333333333,7.06666666666667,1,30643,20645
6889290101,16:30,990,-75.1655746637264,39.9307064691021,-75.1630657978927,39.949981511781,pm_peak,TRUE,15,12.831072,ok,29.4,1.11666666666667,12.9333333333333,12.45,2.9,1,24220,32140
6889290103,19:37,1177,-75.1630657978927,39.949981511781,-75.1655746637264,39.9307064691021,off_peak,FALSE,18,13.497769,ok,19.6,2.01666666666667,0.1,15.5833333333333,1.9,2,15186,16516
6889290104,20:10,1210,-75.1655746637264,39.9307064691021,-75.1715947626354,39.9429517013451,off_peak,FALSE,24,16.712664,ok,26.6333333333333,1.11666666666667,13.1,8.65,3.76666666666667,1,24220,3033
6891060202,7:43,463,-75.1947508247048,40.0550864009275,-75.1834073455283,39.9599979498596,am_peak,TRUE,27,33.908461,ok,70.25,1.61666666666667,5.31666666666667,54.0666666666667,9.25,2,17016,32176
6891060209,16:22,982,-75.1834073455283,39.9599979498596,-75.1947508247048,40.0550864009275,pm_peak,TRUE,26,33.477091,ok,71.6666666666667,7.26666666666667,0.733333333333333,53.1833333333333,10.4833333333333,3,32702,17228
6894060101,11:45,705,-74.8075608346683,40.1381467300113,-75.1580149724927,39.9493530835764,off_peak,FALSE,60,62.078286,no_origin_stop,,,,,,,,
6901710202,12:45,765,-75.3699826397027,39.9016921551522,-75.1928742171467,39.9459041130135,off_peak,FALSE,30,35.766667,unreachable,,,,,,,,
6907450102,7:01,421,-75.1962680244175,40.0724717157188,-75.1675355693758,39.9533981752196,am_peak,TRUE,44,37.599865,ok,69.0333333333333,3.06666666666667,7.93333333333333,53,5.03333333333333,2,1051,1281
6907450105,16:25,985,-75.1648345113326,39.9541020155151,-75.1962680244175,40.0724717157188,pm_peak,TRUE,27,35.217062,ok,69.25,0.833333333333333,4.68333333333333,56.6,7.13333333333333,2,17842,26524
6907450302,7:03,423,-75.1962680244175,40.0724717157188,-75.1648345113326,39.9541020155151,am_peak,TRUE,42,37.539304,ok,65.1166666666667,3.06666666666667,5.93333333333333,53,3.11666666666667,2,1051,1281
6907450304,15:19,919,-75.1665214095376,39.9615526212186,-75.1669894744938,39.9484799410289,off_peak,FALSE,21,15.003562,ok,18.0666666666667,0.283333333333333,6.55,7.03333333333333,4.2,0,2682,15399
6907450306,16:25,985,-75.1648345113326,39.9541020155151,-75.1962680244175,40.0724717157188,pm_peak,TRUE,27,35.217062,ok,69.25,0.833333333333333,4.68333333333333,56.6,7.13333333333333,2,17842,26524
6910820202,9:04,544,-75.3967642023521,39.912580844843,-75.4107809447383,39.9415769413706,am_peak,TRUE,21,40.065963,no_dest_stop,,,,,,,,
6910820204,11:00,660,-75.1906300416804,39.958024348983,-75.2626735411038,39.9640057100153,off_peak,FALSE,7,22.76797,ok,46.0333333333333,1.35,17.7666666666667,19.8833333333333,7.03333333333333,2,21525,1148
6910820205,11:20,680,-75.2626735411038,39.9640057100153,-75.3957727573062,39.9175856077195,off_peak,FALSE,,39.402553,ok,71.6166666666667,2.61666666666667,3.18333333333333,60.2333333333333,5.58333333333333,1,18639,18613
6915610202,7:25,445,-75.2905107800841,39.950578704956,-75.2626735411038,39.9640057100153,am_peak,TRUE,11,20.487142,ok,26.4166666666667,3.95,8.06666666666667,8.56666666666667,5.83333333333333,0,18628,15348
6915610203,7:36,456,-75.2626735411038,39.9640057100153,-75.1662257986882,39.9519342771783,am_peak,TRUE,16,23.951639,ok,32.75,2.61666666666667,2.25,26.1333333333333,1.75,2,18639,1392
6915610206,16:36,996,-75.1662257986882,39.9519342771783,-75.1662257986882,39.9519342771783,pm_peak,TRUE,15,3.625,ok,9.2,1.05,3.95,0.583333333333333,3.61666666666667,0,30320,20414
6915610207,16:55,1015,-75.1662257986882,39.9519342771783,-75.1662257986882,39.9519342771783,pm_peak,TRUE,12,3.625,ok,5.81666666666667,1.46666666666667,0.533333333333333,0.666666666666667,3.15,0,21213,3040
6947110103,6:56,416,-75.3979310507909,39.9479406215178,-75.1688920883156,39.9546117755859,am_peak,TRUE,52,77.283789,ok,101.233333333333,5.46666666666667,19.7,69.8333333333333,6.23333333333333,2,26104,1392
6953780101,7:30,450,-75.2298442421393,39.9293235759694,-75.1665214095376,39.9615526212186,am_peak,TRUE,30,42.850171,ok,41.9833333333333,0.916666666666667,0.85,33.0666666666667,7.15,2,20750,2802
6953780201,7:30,450,-75.2298442421393,39.9293235759694,-75.1665214095376,39.9615526212186,am_peak,TRUE,30,42.850171,ok,41.9833333333333,0.916666666666667,0.85,33.0666666666667,7.15,2,20750,2802
6954690204,8:46,526,-75.1947508247048,40.0550864009275,-75.1834073455283,39.9599979498596,am_peak,TRUE,24,33.908461,ok,71.25,1.61666666666667,12.2,48.1833333333333,9.25,2,17016,32176
6954690205,9:15,555,-75.1834073455283,39.9599979498596,-75.1965975232029,39.9477559566907,am_peak,TRUE,5,16.523793,ok,30.5333333333333,7.26666666666667,9.73333333333333,7.48333333333333,6.05,1,32702,20734
6954690207,18:52,1132,-75.1834073455283,39.9599979498596,-75.1947508247048,40.0550864009275,pm_peak,TRUE,24,33.477091,ok,81.3333333333333,7.6,0.4,63.3666666666667,9.96666666666667,4,28325,17402
6955500103,16:00,960,-75.3460361638143,40.1143423687777,-75.3355469748377,40.1557053390204,pm_peak,TRUE,39,,ok,46.9,2.83333333333333,0.0333333333333333,31.9666666666667,12.0666666666667,2,18304,31468
6955500104,18:10,1090,-75.3355469748377,40.1557053390204,-75.3460361638143,40.1143423687777,pm_peak,TRUE,33,,ok,48.35,11.1,6.73333333333333,28.1666666666667,2.35,1,31473,1649
6955500105,19:15,1155,-75.3460361638143,40.1143423687777,-75.4052300426958,40.1193891000713,off_peak,FALSE,35,128.056883,ok,48.6833333333333,2.35,2.65,34.2666666666667,9.41666666666667,0,1649,31009
6957850301,7:20,440,-75.1944243101308,40.0409483586041,-75.1612826317197,39.9532127364358,am_peak,TRUE,90,34.876374,ok,57.1833333333333,1.16666666666667,17.5666666666667,34.2666666666667,4.18333333333333,1,16462,1281
6957850302,16:00,960,-75.1612826317197,39.9532127364358,-75.1944243101308,40.0409483586041,pm_peak,TRUE,60,35.063539,ok,48.2833333333333,1.83333333333333,2.61666666666667,42.6833333333333,1.15,2,20968,16456
6975010102,7:00,420,-75.4829079089365,40.0451966969818,-75.1638872349499,39.9525548857932,am_peak,TRUE,50,44.929181,ok,116.95,5.36666666666667,7.63333333333333,102,1.95,3,1874,1392
6975010104,16:11,971,-75.1648345113326,39.9541020155151,-75.4829079089365,40.0451966969818,pm_peak,TRUE,44,46.19259,ok,97.5166666666667,0.833333333333333,0.166666666666667,90.6833333333333,5.83333333333333,3,17842,19377
6978890101,6:15,375,-75.1619465866814,40.0435075759518,-75.1675390627425,40.0396237479197,am_peak,TRUE,15,10.527587,ok,12.9666666666667,1.7,0,0.45,10.8166666666667,0,15586,15587
6978890102,11:00,660,-75.1675390627425,40.0396237479197,-75.1431944251012,40.0284068368576,off_peak,FALSE,30,15.444056,ok,28.55,3.7,2.93333333333333,18.9666666666667,2.95,1,15923,24412
6978890103,15:45,945,-75.1431944251012,40.0284068368576,-75.1398050137829,40.0366774270012,off_peak,FALSE,10,15.497076,ok,29.1,3.23333333333333,13.3666666666667,10.3166666666667,2.18333333333333,2,24592,15798
6978890104,16:00,960,-75.1398050137829,40.0366774270012,-75.1619465866814,40.0435075759518,pm_peak,TRUE,20,14.975079,ok,19.9,2.18333333333333,1.6,15.05,1.06666666666667,1,15798,15919
6978890201,13:00,780,-75.1619465866814,40.0435075759518,-75.1398050137829,40.0366774270012,off_peak,FALSE,20,14.321544,ok,18.7666666666667,0.85,6.9,8.83333333333333,2.18333333333333,0,15587,15798
6978890202,15:55,955,-75.1398050137829,40.0366774270012,-75.1619465866814,40.0435075759518,off_peak,FALSE,25,14.975079,ok,24.9,2.18333333333333,4.73333333333333,16.9166666666667,1.06666666666667,1,15798,15919
6979160103,8:29,509,-75.1834073455283,39.9599979498596,-75.1675355693758,39.9533981752196,am_peak,TRUE,5,11.860967,ok,13.7166666666667,7.98333333333333,0.116666666666667,4.23333333333333,1.38333333333333,0,1537,18451
6979160106,17:20,1040,-75.1648345113326,39.9541020155151,-75.1834073455283,39.9599979498596,pm_peak,TRUE,4,13.250399,ok,23.15,0.833333333333333,1.16666666666667,9.03333333333333,12.1166666666667,0,17842,15952
6991330101,8:00,480,-75.1752524766747,39.9659654913561,-75.1630657978927,39.949981511781,am_peak,TRUE,45,16.705869,ok,21.4,0.916666666666667,1.7,13.2,5.58333333333333,1,2863,31140
6991330102,17:30,1050,-75.1630657978927,39.949981511781,-75.1752524766747,39.9659654913561,pm_peak,TRUE,35,20.234354,ok,27.9333333333333,1.73333333333333,0,22.7,3.5,2,15185,690
6991330202,17:40,1060,-75.1705068930163,39.9509065904554,-75.1752524766747,39.9659654913561,pm_peak,TRUE,20,17.399995,ok,27.45,1.26666666666667,2.3,21.8833333333333,2,2,6062,3129
6992980106,18:25,1105,-75.1691139313301,39.9535949564727,-75.1845576169885,39.942839888606,pm_peak,TRUE,35,15.672719,ok,34.1666666666667,1.23333333333333,11.7666666666667,15.2666666666667,5.9,1,34,30642
6994350202,7:41,461,-75.3686666885444,40.0437004752317,-75.1834073455283,39.9599979498596,am_peak,TRUE,39,30.438211,ok,81.3833333333333,4.76666666666667,14.3833333333333,52.85,9.38333333333333,2,19417,21532
6994350205,17:17,1037,-75.1705068930163,39.9509065904554,-75.1705068930163,39.9509065904554,pm_peak,TRUE,35,3.905556,ok,5.65,1.38333333333333,0.616666666666667,1.21666666666667,2.43333333333333,0,14084,14085
7009600101,6:55,415,-75.1898142834651,40.0518717143354,-75.1213092333967,40.110417860785,am_peak,TRUE,80,58.086992,ok,73.6,5.61666666666667,0.866666666666667,64.2333333333333,2.88333333333333,3,15466,31020
7009600102,8:40,520,-75.1213092333967,40.110417860785,-75.1571977835929,40.0823045185899,am_peak,TRUE,35,43.234643,ok,69.1,2.88333333333333,3.83333333333333,56.5333333333333,5.85,3,31020,442
7009600104,9:45,585,-75.1571977835929,40.0823045185899,-75.1898142834651,40.0518717143354,off_peak,FALSE,45,26.401212,ok,52.1166666666667,10.3166666666667,4.1,29.9833333333333,7.71666666666667,3,31817,17011
7018990101,16:00,960,-75.2162654488479,39.9464660922369,-75.1629472849343,39.9666206906345,pm_peak,TRUE,29,31.255098,ok,34.65,3.01666666666667,2.51666666666667,25.4666666666667,3.65,2,20789,32146
7018990102,20:00,1200,-75.1629472849343,39.9666206906345,-75.2162654488479,39.9464660922369,off_peak,FALSE,45,32.832984,ok,56.25,1.26666666666667,14.45,37.55,2.98333333333333,5,3031,24848
7043820104,17:13,1033,-75.1834073455283,39.9599979498596,-75.6421532507658,40.0027021296687,pm_peak,TRUE,42,67.334872,no_dest_stop,,,,,,,,
7059570101,8:35,515,-75.1301600245386,39.9721857729433,-75.1704674139331,39.9548009865238,am_peak,TRUE,25,27.374892,ok,28.3166666666667,3.28333333333333,4.35,17.8166666666667,2.86666666666667,2,20988,20660
7081300202,7:46,466,-75.1661426003533,40.014873112626,-75.1612826317197,39.9532127364358,am_peak,TRUE,34,30.180126,ok,39.1833333333333,5.11666666666667,4.3,25.5833333333333,4.18333333333333,2,1347,1281
7081300203,17:20,1040,-75.1612826317197,39.9532127364358,-75.1697103405146,40.0285190426739,pm_peak,TRUE,40,32.500002,ok,48.3333333333333,1.83333333333333,9.16666666666667,34.2,3.13333333333333,2,20968,18227
7081300302,15:00,900,-75.1379390053678,40.0162879355525,-75.1697103405146,40.0285190426739,off_peak,FALSE,60,27.733835,ok,41.6166666666667,1.68333333333333,19.1333333333333,17.9333333333333,2.86666666666667,0,32328,16443
7082240102,5:02,302,-75.7140748628777,40.0039525762867,-75.1840170635385,39.9534784074457,off_peak,FALSE,62,61.792453,unreachable,,,,,,,,
7082240105,16:27,987,-75.1906300416804,39.958024348983,-75.1588750233838,39.9528401835985,pm_peak,TRUE,7,13.183358,ok,15.4833333333333,1.35,0.716666666666667,11.2,2.21666666666667,1,21525,2456
7082240106,16:39,999,-75.1588750233838,39.9528401835985,-75.7140748628777,40.0039525762867,pm_peak,TRUE,86,67.101232,unreachable,,,,,,,,
7083360202,12:15,735,-75.1580149724927,39.9493530835764,-75.1858598621043,39.9165483287187,off_peak,FALSE,30,30.328418,ok,36.25,1.63333333333333,4.85,25.4166666666667,4.35,2,14885,24407
7083360203,13:09,789,-75.1858598621043,39.9165483287187,-75.2109035921265,39.9515172049363,off_peak,FALSE,51,40.972866,ok,46.1,4.28333333333333,4.05,33.5,4.26666666666667,1,24408,20874
7093280101,12:30,750,-75.1550139436622,39.9445812882334,-75.1673759243643,39.9592890487195,off_peak,FALSE,150,25.802495,ok,34.25,2.05,12.2,14.6166666666667,5.38333333333333,1,22263,3057
7093280102,16:30,990,-75.1673759243643,39.9592890487195,-75.2069459522751,39.9687555499558,pm_peak,TRUE,30,23.876497,ok,31.9166666666667,0.233333333333333,3.55,23.8,4.33333333333333,1,24172,20672
7093280201,12:30,750,-75.1550139436622,39.9445812882334,-75.1673759243643,39.9592890487195,off_peak,FALSE,,25.802495,ok,34.25,2.05,12.2,14.6166666666667,5.38333333333333,1,22263,3057
7093280202,16:30,990,-75.1673759243643,39.9592890487195,-75.2069459522751,39.9687555499558,pm_peak,TRUE,30,23.876497,ok,31.9166666666667,0.233333333333333,3.55,23.8,4.33333333333333,1,24172,20672
7106040202,9:30,570,-75.1588750233838,39.9528401835985,-75.1399338189646,40.0555332794609,off_peak,FALSE,,33.959066,ok,38.6666666666667,2.03333333333333,0.55,30.75,5.33333333333333,3,10259,23425
7106040203,12:00,720,-75.1399338189646,40.0555332794609,-75.1638872349499,39.9525548857932,off_peak,FALSE,0,30.675832,ok,47.3833333333333,1.35,11.7,33.95,0.383333333333333,1,31343,1281
7108500201,16:00,960,-75.2553953178008,39.8878418476806,-75.2404391377901,39.9919120806968,pm_peak,TRUE,60,72.944618,ok,92.5,8.91666666666667,11.6833333333333,65.4166666666667,6.48333333333333,2,19549,24482
7108500202,22:30,1350,-75.2404391377901,39.9919120806968,-75.2553953178008,39.8878418476806,off_peak,FALSE,60,69.619547,ok,94.25,0.55,15.2166666666667,70,8.48333333333333,3,24492,19675
7108500402,14:35,875,-75.1742868895805,39.952935291834,-75.2553953178008,39.8878418476806,off_peak,FALSE,85,41.757831,ok,75.55,1.55,1.35,63.7333333333333,8.91666666666667,2,18447,19549
7112300102,7:24,444,-75.3285784262649,39.9077335323186,-75.202230610969,39.9458213862922,am_peak,TRUE,27,32.504365,unreachable,,,,,,,,
7139750301,7:35,455,-75.0534528142384,40.0711126916022,-75.1612826317197,39.9532127364358,am_peak,TRUE,90,51.97947,ok,68.1,4.71666666666667,12.2833333333333,49.1333333333333,1.96666666666667,1,26165,32174
7139750302,18:30,1110,-75.1612826317197,39.9532127364358,-75.0534528142384,40.0711126916022,pm_peak,TRUE,100,48.85465,ok,72.75,1.91666666666667,2.63333333333333,63.1333333333333,5.06666666666667,3,10264,23112
7155170102,16:30,990,-75.0798260530761,40.0248633027149,-75.0798260530761,40.0248633027149,pm_peak,TRUE,0,8.705571,ok,9.05,2.4,1.23333333333333,1.36666666666667,4.05,0,23775,111
7155170103,17:00,1020,-75.0798260530761,40.0248633027149,-75.1584725274299,39.950967187359,pm_peak,TRUE,0,30.248819,ok,37.95,2.06666666666667,4.2,30.2166666666667,1.46666666666667,2,30219,32173
7155170104,18:00,1080,-75.1584725274299,39.950967187359,-75.1584725274299,39.950967187359,pm_peak,TRUE,30,4.272549,ok,7.95,1.2,0.8,0.966666666666667,4.98333333333333,0,32331,16845
7155170105,19:00,1140,-75.1584725274299,39.950967187359,-75.1167543574063,39.9964550323616,off_peak,FALSE,30,21.066942,ok,24.8166666666667,1.33333333333333,2.93333333333333,15.9333333333333,4.61666666666667,0,2456,60
7155170106,21:30,1290,-75.1167543574063,39.9964550323616,-75.0972035448796,39.9884463740478,off_peak,FALSE,30,15.751776,ok,37.2666666666667,1.41666666666667,19.45,8.13333333333333,8.26666666666667,0,15033,341
7155170107,0:00,0,-75.0972035448796,39.9884463740478,-75.0750322611491,40.0214372944722,off_peak,FALSE,30,21.606563,unreachable,,,,,,,,
7161730101,7:50,470,-75.1470888942105,40.1018399351912,-75.1517226930339,39.9485721389241,am_peak,TRUE,45,46.502543,ok,76.7166666666667,5.96666666666667,4.18333333333333,59.7666666666667,6.8,3,17736,10341
7161730102,16:55,1015,-75.1517226930339,39.9485721389241,-75.1470888942105,40.1018399351912,pm_peak,TRUE,40,50.030924,ok,78.6666666666667,1.38333333333333,3.51666666666667,67.65,6.11666666666667,3,18516,15543
7186030101,15:00,900,-75.5699866645082,39.9739865373802,-75.6074734875017,39.9538603024119,off_peak,FALSE,15,25.18195,ok,42.3166666666667,8.48333333333333,15.1833333333333,11.3333333333333,7.31666666666667,0,18716,1990
7190080103,8:25,505,-75.1593108938158,39.9400078893569,-75.1545851492175,39.9813757258968,am_peak,TRUE,25,28.543781,ok,37.2,2.05,6,25.2666666666667,3.88333333333333,1,16835,16867
7190730301,13:00,780,-74.9690074890698,40.0997091732993,-75.1659426772114,39.9531940428398,off_peak,FALSE,,67.459096,ok,95.35,2.35,15.5833333333333,76.0666666666667,1.35,2,979,32175
7193950201,7:45,465,-74.9919645563739,40.0557019160434,-75.2268441409671,39.9506693986123,am_peak,TRUE,113,57.10683,ok,77.8833333333333,7.08333333333333,0.566666666666667,70,0.233333333333333,2,21911,21707
7193950202,10:53,653,-75.2268441409671,39.9506693986123,-74.9919645563739,40.0557019160434,off_peak,FALSE,107,69.843187,ok,89.5333333333333,0.166666666666667,7.55,75.0666666666667,6.75,2,21738,21869
7196350102,14:15,855,-75.1957094473416,39.9494354858208,-75.1625826795934,39.9513495936779,off_peak,FALSE,,18.77188,ok,16.15,3.08333333333333,1.51666666666667,9.4,2.15,0,20731,283
7196350104,16:15,975,-75.1588750233838,39.9528401835985,-75.2414396306448,39.9567061667391,pm_peak,TRUE,75,23.723231,ok,30.4833333333333,1.86666666666667,1.41666666666667,26.7166666666667,0.483333333333333,3,10262,676
7200840101,10:22,622,-75.0392105966606,40.0749172415666,-75.0120774331965,40.0817234736775,off_peak,FALSE,28,20.373907,no_dest_stop,,,,,,,,
7200840201,5:00,300,-75.0392105966606,40.0749172415666,-75.0798260530761,40.0248633027149,off_peak,FALSE,25,26.658341,ok,37.0833333333333,6.1,11.4166666666667,17.5,2.06666666666667,1,22898,30219
7200840202,5:30,330,-75.0798260530761,40.0248633027149,-75.216704781889,39.9569805572676,off_peak,FALSE,45,43.004046,ok,54.5333333333333,2.06666666666667,2.95,44.6666666666667,4.85,2,30219,32179
7200840205,15:20,920,-75.216704781889,39.9569805572676,-75.1662257986882,39.9519342771783,off_peak,FALSE,5,14.50493,ok,22.4833333333333,1.38333333333333,1.96666666666667,17.55,1.58333333333333,1,30194,31140
7200840207,15:30,930,-75.1677276497158,39.9525760413027,-75.1815493379532,39.9195932035454,off_peak,FALSE,20,24.626065,ok,27.25,1.45,1.55,15.9666666666667,8.28333333333333,0,34,2706
7200840210,23:11,1391,-75.1815493379532,39.9195932035454,-75.1662257986882,39.9519342771783,off_peak,FALSE,44,21.76301,ok,34.85,1.56666666666667,15.3666666666667,16.0666666666667,1.85,0,21290,18451
7200840211,0:05,5,-75.1662257986882,39.9519342771783,-75.0798260530761,40.0248633027149,off_peak,FALSE,0,33.433333,unreachable,,,,,,,,
7200840212,0:20,20,-75.0798260530761,40.0248633027149,-75.0392105966606,40.0749172415666,off_peak,FALSE,-20,28.076055,unreachable,,,,,,,,
7200840301,10:22,622,-75.0392105966606,40.0749172415666,-75.0245969202952,40.0722619717747,off_peak,FALSE,25,17.020753,no_dest_stop,,,,,,,,
7218350101,8:55,535,-75.1638872349499,39.9525548857932,-75.2984304981332,40.0094456354775,am_peak,TRUE,175,31.334246,ok,70.05,0.3,5.7,60.6,3.45,4,32141,19323
7218350102,16:00,960,-75.2984304981332,40.0094456354775,-75.2626735411038,39.9640057100153,pm_peak,TRUE,60,31.037443,ok,53.05,3.16666666666667,11.9166666666667,31.9166666666667,6.05,1,19445,2024
7218350201,6:55,415,-75.2538526622578,39.9589775244658,-75.3756545846891,40.0397732711601,am_peak,TRUE,,51.199439,ok,96.1166666666667,6.15,5.96666666666667,77.7666666666667,6.23333333333333,3,19611,19354
7218350202,12:00,720,-75.3756545846891,40.0397732711601,-75.2626735411038,39.9640057100153,off_peak,FALSE,90,58.624925,ok,68.4833333333333,5.86666666666667,18.5833333333333,41.4166666666667,2.61666666666667,2,19416,18639
7218350301,16:00,960,-75.2069459522751,39.9687555499558,-75.2626735411038,39.9640057100153,pm_peak,TRUE,0,29.120277,ok,48.6166666666667,1.83333333333333,7.78333333333333,36.3833333333333,2.61666666666667,3,21560,18639
7225010102,10:09,609,-75.1649773922386,39.9502186753736,-75.1593108938158,39.9400078893569,off_peak,FALSE,4,15.553871,ok,26.3833333333333,1.68333333333333,6.31666666666667,13.5166666666667,4.86666666666667,1,6115,16503
7225010202,10:09,609,-75.1649773922386,39.9502186753736,-75.1550731760754,39.9469560187574,off_peak,FALSE,4,12.599956,ok,17.85,1.68333333333333,6.31666666666667,4.7,5.15,0,6115,6114
7226600203,16:46,1006,-75.1648345113326,39.9541020155151,-75.214650332805,40.1349579453564,pm_peak,TRUE,0,40.629544,ok,118.333333333333,0.833333333333333,7.68333333333333,106.483333333333,3.33333333333333,5,17842,27016
7229350202,8:06,486,-75.3130821241257,40.0233046462669,-75.1648345113326,39.9541020155151,am_peak,TRUE,24,30.524213,ok,67.85,7.35,0.65,57,2.85,4,2018,1392
7229350205,19:15,1155,-75.1648345113326,39.9541020155151,-75.3490077338315,40.0452635767863,off_peak,FALSE,30,37.462376,ok,59.6,0.833333333333333,0.166666666666667,50,8.6,2,17842,1930
7230170102,7:14,434,-75.3002409178272,39.9964440900826,-75.1672929773502,39.9544153783527,am_peak,TRUE,32,36.444762,ok,65.35,3.63333333333333,4.36666666666667,53,4.35,3,31556,1392
7230170104,16:20,980,-75.1662257986882,39.9519342771783,-75.1672929773502,39.9544153783527,pm_peak,TRUE,36,4.05,ok,12.2,1.05,7.95,1.88333333333333,1.31666666666667,0,30320,14934
7235440101,5:45,345,-75.0448298513145,40.0439492220356,-75.1608290378846,39.9512565309348,off_peak,FALSE,55,47.10863,ok,57.95,7.11666666666667,1.55,47.4666666666667,1.81666666666667,2,22454,32174
7235440102,16:00,960,-75.1608290378846,39.9512565309348,-75.0448298513145,40.0439492220356,pm_peak,TRUE,55,46.03887,ok,58.3833333333333,1.7,6,39.8833333333333,10.8,1,2455,22490
7238160101,9:00,540,-75.2069459522751,39.9687555499558,-75.1840170635385,39.9534784074457,am_peak,TRUE,60,19.85563,ok,26.7666666666667,1.83333333333333,0.4,22.0166666666667,2.51666666666667,1,21560,18996
7238160102,12:15,735,-75.1840170635385,39.9534784074457,-75.2165947836222,39.9537421538695,off_peak,FALSE,75,18.05345,ok,26.3333333333333,0.416666666666667,3.31666666666667,12.95,9.65,2,20976,32179
7238160103,15:10,910,-75.2165947836222,39.9537421538695,-75.2069459522751,39.9687555499558,off_peak,FALSE,80,20.168932,ok,27.25,0.916666666666667,0.583333333333333,23.5166666666667,2.23333333333333,1,22122,22289
7238160104,19:00,1140,-75.2069459522751,39.9687555499558,-75.2024327640643,39.9546329212277,off_peak,FALSE,60,11.008541,ok,23.5333333333333,2.23333333333333,7.51666666666667,13.05,0.733333333333333,1,22289,21426
7238160105,21:30,1290,-75.2024327640643,39.9546329212277,-75.2069459522751,39.9687555499558,off_peak,FALSE,60,12.919618,ok,20.3166666666667,1.73333333333333,7.26666666666667,9.08333333333333,2.23333333333333,1,421,22289
7238160205,20:30,1230,-75.1834073455283,39.9599979498596,-75.2069459522751,39.9687555499558,off_peak,FALSE,30,20.568581,ok,29.3166666666667,7.26666666666667,5.73333333333333,14.0833333333333,2.23333333333333,2,32702,22289
7238160301,8:00,480,-75.2069459522751,39.9687555499558,-75.216704781889,39.9569805572676,am_peak,TRUE,40,15.668211,ok,28.5333333333333,1.83333333333333,1.06666666666667,20.7833333333333,4.85,3,21560,32179
7238160303,17:10,1030,-75.2285144184624,39.9571346571898,-75.2189630817448,39.9770601294518,pm_peak,TRUE,0,20.279368,ok,39.2833333333333,1.08333333333333,8.08333333333333,22.7,7.41666666666667,2,21378,21058
7238160304,17:20,1040,-75.2189630817448,39.9770601294518,-75.2069459522751,39.9687555499558,pm_peak,TRUE,10,15.409131,ok,16.2333333333333,2.3,1.7,7.28333333333333,4.95,0,30771,22223
7244310102,6:35,395,-75.4829079089365,40.0451966969818,-75.1779217463161,39.9533873770951,am_peak,TRUE,55,41.265516,ok,94.6166666666667,6.05,14.1166666666667,72.5,1.95,3,19391,20645
7244310104,17:30,1050,-75.1834073455283,39.9599979498596,-75.4829079089365,40.0451966969818,pm_peak,TRUE,25,41.745172,ok,126.5,7.26666666666667,26.7333333333333,86.6666666666667,5.83333333333333,1,32702,19377
7259750101,8:05,485,-75.1739067739298,39.9188306771315,-75.1673585815214,39.9505151310837,am_peak,TRUE,23,19.614284,ok,27.7666666666667,2.85,2.6,17.05,5.26666666666667,2,2713,32140
7259750201,15:40,940,-75.1612826317197,39.9532127364358,-75.1674177927973,39.9189023781397,off_peak,FALSE,30,18.064088,ok,33.25,1.83333333333333,0.2,24.4666666666667,6.75,2,20968,20967
7259750202,16:20,980,-75.1674177927973,39.9189023781397,-75.1543285653421,39.912135860101,pm_peak,TRUE,5,10.470137,ok,15,0.433333333333333,5.61666666666667,4.43333333333333,4.51666666666667,0,16588,11468
7259750203,16:50,1010,-75.1543285653421,39.912135860101,-75.1738700412219,39.9219806989111,pm_peak,TRUE,10,17.669271,ok,24.4833333333333,3.48333333333333,4.51666666666667,7.6,8.88333333333333,1,24973,24363
7269360102,6:15,375,-75.0970591119887,40.1962393455377,-75.1588750233838,39.9528401835985,am_peak,TRUE,44,51.930585,ok,109.183333333333,6.76666666666667,25.5,67.7333333333333,9.18333333333333,2,16941,1280
7269360105,15:41,941,-75.1580149724927,39.9493530835764,-75.1580149724927,39.9493530835764,off_peak,FALSE,44,4.158333,ok,10.0166666666667,1.63333333333333,3.85,1.11666666666667,3.41666666666667,0,14885,14886
7272680101,6:10,370,-75.1580149724927,39.9493530835764,-75.1580149724927,39.9493530835764,am_peak,TRUE,20,2.079165,ok,6.08333333333333,1.58333333333333,0.633333333333333,0.5,3.36666666666667,0,14908,6114
7281760101,8:20,500,-75.2182588102061,39.950471058218,-75.1612826317197,39.9532127364358,am_peak,TRUE,21,22.758326,ok,21.8,1.05,3.96666666666667,14.6833333333333,2.1,1,24855,2455
7281760102,16:41,1001,-75.1612826317197,39.9532127364358,-75.2182588102061,39.950471058218,pm_peak,TRUE,19,24.693771,ok,28.1833333333333,1.96666666666667,6.16666666666667,18.65,1.4,1,32174,24627
7286230101,8:45,525,-75.1690343341821,39.9653703786754,-75.1550731760754,39.9469560187574,am_peak,TRUE,35,22.035241,ok,35.9166666666667,0.933333333333333,11.95,15.25,7.78333333333333,1,2754,2457
7286230103,14:00,840,-75.1588750233838,39.9528401835985,-75.1690343341821,39.9653703786754,off_peak,FALSE,30,17.327966,ok,18.0333333333333,1.86666666666667,0.416666666666667,13.3833333333333,2.36666666666667,0,10262,2811
7287700102,10:25,625,-75.6421532507658,40.0027021296687,-75.1588750233838,39.9528401835985,off_peak,FALSE,60,82.08799,no_origin_stop,,,,,,,,
7294550301,6:00,360,-75.0242936664932,40.0935720600163,-75.1673759243643,39.9592890487195,am_peak,TRUE,90,72.102783,ok,76.7166666666667,4.23333333333333,2.35,66.9666666666667,3.16666666666667,3,23127,2657
7296440109,17:47,1067,-75.4245283894686,39.9086253629038,-75.1648345113326,39.9541020155151,pm_peak,TRUE,38,65.560865,ok,70.85,11.5166666666667,5.3,51.1833333333333,2.85,1,18984,1392
7296440110,18:38,1118,-75.1648345113326,39.9541020155151,-75.2070232144824,39.990493481725,pm_peak,TRUE,32,31.829861,no_dest_stop,,,,,,,,
7296440111,22:55,1375,-75.2070232144824,39.990493481725,-75.1648345113326,39.9541020155151,off_peak,FALSE,49,33.050632,no_origin_stop,,,,,,,,
7296440112,23:50,1430,-75.1648345113326,39.9541020155151,-75.4245283894686,39.9086253629038,off_peak,FALSE,0,59.742459,unreachable,,,,,,,,
7299090202,7:18,438,-74.957545923727,40.0684501210394,-75.1834073455283,39.9599979498596,am_peak,TRUE,26,38.735579,ok,111.25,12.5,20.0833333333333,69.4166666666667,9.25,2,17071,32176
7299090203,8:13,493,-75.1834073455283,39.9599979498596,-75.4146997575914,39.8197080832525,am_peak,TRUE,32,40.400425,ok,127.416666666667,7.26666666666667,27.7333333333333,90.5,1.91666666666667,4,32702,31923
7299660202,7:59,479,-75.3285784262649,39.9077335323186,-75.1928742171467,39.9459041130135,am_peak,TRUE,16,26.129684,ok,96.75,1.65,23.35,67.9166666666667,3.83333333333333,4,2075,21439
7299660205,17:29,1049,-75.1941152941134,39.9546263068532,-75.1941152941134,39.9546263068532,pm_peak,TRUE,16,5.618508,ok,10.6333333333333,1.28333333333333,1.71666666666667,1.23333333333333,6.4,0,20641,20642
7306590104,17:12,1032,-75.1537481432666,39.9503794767793,-75.23225882312,40.073293545902,pm_peak,TRUE,73,58.544828,no_dest_stop,,,,,,,,
7310440102,8:15,495,-75.2844606971503,39.9242462649883,-75.1648345113326,39.9541020155151,am_peak,TRUE,30,29.305703,ok,58.85,7.26666666666667,5.8,42.9333333333333,2.85,1,18844,1392
7310440105,18:20,1100,-75.1648345113326,39.9541020155151,-75.2844606971503,39.9242462649883,pm_peak,TRUE,20,24.444153,ok,71.3333333333333,0.833333333333333,4.16666666666667,57.95,8.38333333333333,3,17842,18636
7318400101,9:15,555,-75.2859011035678,39.9804280541513,-75.1706866571216,39.953785415184,am_peak,TRUE,45,34.402082,ok,41.75,2.8,6.35,31.3,1.3,2,32203,20660
7318400102,18:00,1080,-75.1706866571216,39.953785415184,-75.2859011035678,39.9804280541513,pm_peak,TRUE,45,35.659477,ok,41.7666666666667,1.3,0.15,37.3833333333333,2.93333333333333,2,20660,1919
7321150102,9:00,540,-75.1870662747411,39.9335197790401,-75.1655746637264,39.9307064691021,am_peak,TRUE,10,14.482562,ok,41.4833333333333,1.53333333333333,5.5,30.9166666666667,3.53333333333333,1,24231,24195
7321150103,9:20,560,-75.1655746637264,39.9307064691021,-75.1392788470332,40.0429484652339,am_peak,TRUE,45,38.382054,ok,45.0333333333333,1.11666666666667,8.1,31.7833333333333,4.03333333333333,1,24220,20965
7321150104,10:11,611,-75.1392788470332,40.0429484652339,-75.0602877916782,40.0432878262775,off_peak,FALSE,17,37.250966,ok,65.0333333333333,1.5,21,35.7833333333333,6.75,3,17718,22751
7321150106,11:00,660,-75.0648694032685,40.0546094774541,-75.1322724324316,40.0400578246308,off_peak,FALSE,27,38.760794,ok,57.55,2.35,11.5833333333333,37.6,6.01666666666667,1,20473,16963
7321150108,12:04,724,-75.1392788470332,40.0429484652339,-75.1655746637264,39.9307064691021,off_peak,FALSE,51,38.499631,ok,54.4833333333333,2.08333333333333,4.96666666666667,42.95,4.48333333333333,1,17716,1285
7321150109,12:57,777,-75.1655746637264,39.9307064691021,-75.1829342839572,39.9329910377486,off_peak,FALSE,10,9.359728,ok,10.6166666666667,1.11666666666667,1.1,7.38333333333333,1.01666666666667,0,24220,24228
7327690103,15:30,930,-75.1655206281913,39.9477143701067,-75.1521306030788,39.9429783145413,off_peak,FALSE,20,11.292432,ok,25.7,1.45,0.55,21.8,1.9,2,15188,22253
7343290302,16:00,960,-75.177201361549,39.9550054347417,-75.1638872349499,39.9525548857932,pm_peak,TRUE,15,9.63883,ok,6.96666666666667,2,0.233333333333333,2.66666666666667,2.06666666666667,0,20645,31140
7347290102,9:17,557,-75.1392788470332,40.0429484652339,-75.1634808483634,39.9480403151119,am_peak,TRUE,8,25.862314,ok,35.6166666666667,2.08333333333333,8.96666666666667,22.7,1.86666666666667,1,17716,1282
7347290105,12:12,732,-75.1634808483634,39.9480403151119,-75.1322724324316,40.0400578246308,off_peak,FALSE,18,30.482049,ok,45.0333333333333,1.36666666666667,1.63333333333333,35,7.03333333333333,1,5229,20965
7364940102,6:13,373,-75.4829079089365,40.0451966969818,-75.1588750233838,39.9528401835985,am_peak,TRUE,47,47.095751,ok,109.15,5.83333333333333,3.86666666666667,97.4166666666667,2.03333333333333,3,19377,10259
7364940105,16:06,966,-75.1540803782248,39.9488624668665,-75.1537481432666,39.9503794767793,pm_peak,TRUE,44,3.883333,ok,7.16666666666667,1.2,1.21666666666667,2.11666666666667,2.63333333333333,0,16291,24121
7368370102,10:55,655,-75.1312859799465,39.9929590474227,-75.2605892193798,39.9589840265396,off_peak,FALSE,40,46.04028,ok,69.1833333333333,1.5,3.15,61.5833333333333,2.95,4,17650,19614
7368370103,11:38,698,-75.2605892193798,39.9589840265396,-75.1662257986882,39.9519342771783,off_peak,FALSE,27,25.289635,ok,30.75,2.95,0.3,25.75,1.75,2,19614,1392
7368370104,12:06,726,-75.1662257986882,39.9519342771783,-75.1673759243643,39.9592890487195,off_peak,FALSE,24,9.602065,ok,9.71666666666667,1.46666666666667,0.533333333333333,4.55,3.16666666666667,0,21213,2657
7368370105,14:30,870,-75.1673759243643,39.9592890487195,-75.1339173390945,39.9885141593941,off_peak,FALSE,45,30.764958,ok,36.0666666666667,0.233333333333333,0.216666666666667,29.5166666666667,6.1,2,24172,2461
7385020103,9:20,560,-75.1665551812863,39.9452085642469,-75.1977262540913,39.9594259908695,am_peak,TRUE,5,25.658141,ok,27.2666666666667,2.13333333333333,3.31666666666667,19.7833333333333,2.03333333333333,3,15189,20663
7385020105,18:50,1130,-75.1906300416804,39.958024348983,-75.1642635478598,39.945554104478,pm_peak,TRUE,25,15.87485,ok,23.1666666666667,1.35,2.86666666666667,15.7833333333333,3.16666666666667,2,21525,1283
7385840101,10:00,600,-75.1725391195037,39.9527196860213,-75.0108885726665,40.1294791274976,off_peak,FALSE,30,53.195095,ok,98.8833333333334,1.53333333333333,16.7666666666667,76.3666666666667,4.21666666666667,2,21317,23154
7385840102,11:00,660,-75.0108885726665,40.1294791274976,-75.1561127285024,39.9506763018863,off_peak,FALSE,60,46.4,ok,79.1166666666667,3.93333333333333,6.25,65.3,3.63333333333333,1,23231,32172
7385840103,13:30,810,-75.1561127285024,39.9506763018863,-75.1694605873533,39.9520071435649,off_peak,FALSE,30,11.297648,ok,11.4833333333333,1.5,0.833333333333333,4.95,4.2,0,30081,8936
7385840104,14:40,880,-75.1694605873533,39.9520071435649,-75.1619035045634,39.9912045729609,off_peak,FALSE,50,26.646325,ok,38.4,1.4,3.8,22.05,11.15,1,6061,32149
7385840202,14:45,885,-75.1541388337345,39.9522458625874,-75.1619035045634,39.9912045729609,off_peak,FALSE,45,21.139698,ok,36.1166666666667,1.73333333333333,2.31666666666667,20.7,11.3666666666667,1,31178,32150
7405870102,7:35,455,-75.1531176077862,40.0998645962702,-75.1588750233838,39.9528401835985,am_peak,TRUE,27,30.091828,ok,57.2666666666667,1.76666666666667,0.233333333333333,53.0666666666667,2.2,2,16744,10258
7405870106,18:22,1102,-75.1648345113326,39.9541020155151,-75.1638872349499,39.9525548857932,pm_peak,TRUE,23,4.716667,ok,12.05,2.25,0.3,7.45,2.05,1,5131,20414
7408990103,8:30,510,-74.8185831765262,40.1380262186048,-75.1688920883156,39.9546117755859,am_peak,TRUE,0,54.219382,unreachable,,,,,,,,
7413510101,14:00,840,-75.3612383019632,39.8509642790314,-75.3285784262649,39.9077335323186,off_peak,FALSE,120,36.917017,ok,93.65,0.6,3.51666666666667,87.8833333333333,1.65,3,25135,2075
7413510201,18:00,1080,-75.3545812381306,39.8898706855614,-75.3285784262649,39.9077335323186,pm_peak,TRUE,45,18.593532,ok,42.65,0.583333333333333,2.21666666666667,38.2,1.65,2,19935,2075
7422620101,7:00,420,-75.0698998938792,40.0651165277988,-75.1638872349499,39.9525548857932,am_peak,TRUE,74,51.881164,ok,65.3833333333333,7.51666666666667,2.1,55.3833333333333,0.383333333333333,4,30218,1281
7430200101,14:15,855,-75.1719943253434,40.0385566769693,-75.0798260530761,40.0248633027149,off_peak,FALSE,75,40.840853,ok,49.0333333333333,0.283333333333333,2.71666666666667,43.6333333333333,2.4,2,209,23775
7430200201,10:00,600,-75.2189630817448,39.9770601294518,-75.0798260530761,40.0248633027149,off_peak,FALSE,840,56.322414,ok,68.6833333333333,1.3,0.45,59.4833333333333,7.45,2,30767,22335
7433810103,14:15,855,-75.2316719358833,39.9680910426143,-75.2414396306448,39.9567061667391,off_peak,FALSE,45,18.37703,ok,28.9833333333333,1.01666666666667,11.8333333333333,4.9,11.2333333333333,0,24514,24518
7454250102,7:45,465,-75.2404250735521,39.9429205622721,-75.1625826795934,39.9513495936779,am_peak,TRUE,30,33.637645,ok,40.75,3.81666666666667,4.68333333333333,30.2,2.05,2,24527,2455
7454250106,9:23,563,-75.1584725274299,39.950967187359,-75.2354698649569,39.9579979858569,am_peak,TRUE,12,20.39307,ok,22.4166666666667,1.46666666666667,4.01666666666667,10.3166666666667,6.61666666666667,0,32173,32181
7454250107,9:40,580,-75.2354698649569,39.9579979858569,-75.2322455285086,39.963278945388,off_peak,FALSE,2,8.416739,ok,10.3333333333333,0.116666666666667,5.56666666666667,3.03333333333333,1.61666666666667,0,24461,24463
7454250202,7:42,462,-75.2404250735521,39.9429205622721,-75.1588750233838,39.9528401835985,am_peak,TRUE,28,33.0495,ok,36.4833333333333,4.6,2.55,27.1166666666667,2.21666666666667,1,20860,2456
7454250207,17:21,1041,-75.1584725274299,39.950967187359,-75.2354698649569,39.9579979858569,pm_peak,TRUE,11,20.366667,ok,24.4166666666667,1.46666666666667,6.01666666666667,10.3166666666667,6.61666666666667,0,32173,32181
7456980101,11:00,660,-75.2024327640643,39.9546329212277,-75.3195257705183,40.0049815590517,off_peak,FALSE,45,40.431106,ok,60.0666666666667,0.733333333333333,1.5,47.1166666666667,10.7166666666667,3,21426,1924
7456980102,19:45,1185,-75.3195257705183,40.0049815590517,-75.2024327640643,39.9546329212277,off_peak,FALSE,40,42.911806,ok,45.55,10.5666666666667,7.05,23.3833333333333,4.55,1,32198,2452
7480490101,8:00,480,-75.2134952610851,40.0930385375482,-75.1677276497158,39.9525760413027,am_peak,TRUE,55,61.598196,ok,82.0166666666667,1.98333333333333,8.8,66.2166666666667,5.01666666666667,3,31199,1281
7480490102,17:01,1021,-75.1677276497158,39.9525760413027,-75.2134952610851,40.0930385375482,pm_peak,TRUE,64,56.201032,ok,74.9666666666667,1,0.0833333333333333,71.9,1.98333333333333,4,18451,31199
7490830101,9:00,540,-74.9805169601034,40.0973234577003,-74.9965095266054,40.0731754234799,am_peak,TRUE,15,17.796402,ok,39.8833333333333,5.08333333333333,20.5166666666667,6.16666666666667,8.11666666666667,0,23387,23396
7490830102,11:30,690,-74.9965095266054,40.0731754234799,-74.9805169601034,40.0973234577003,off_peak,FALSE,345,17.731288,ok,29.8,7.33333333333333,8.65,8.38333333333333,5.43333333333333,0,23704,23365
7490830201,5:15,315,-74.9805169601034,40.0973234577003,-74.971722014007,40.068261230225,off_peak,FALSE,75,26.589132,ok,68.7166666666667,5.08333333333333,24.15,37.7,1.78333333333333,2,23387,21122
7490830202,15:15,915,-74.971722014007,40.068261230225,-74.9965095266054,40.0731754234799,off_peak,FALSE,45,25.823038,ok,45.05,1.78333333333333,0.483333333333333,35.2833333333333,7.5,2,21122,23913
7490830203,16:30,990,-74.9965095266054,40.0731754234799,-74.9805169601034,40.0973234577003,pm_peak,TRUE,30,17.186641,ok,32.8,7.33333333333333,11.2,8.83333333333333,5.43333333333333,0,23704,23365
9021800102,7:08,428,-75.4233197162045,40.0419674851349,-75.1470807570054,39.9513767444736,am_peak,TRUE,52,51.814384,ok,113,7.13333333333333,8.51666666666667,94.3333333333333,3.01666666666667,3,19366,2458
9021800104,15:10,910,-75.1588750233838,39.9528401835985,-75.4233197162045,40.0419674851349,off_peak,FALSE,37,46.200738,ok,90.4333333333333,1.86666666666667,7.13333333333333,74.3,7.13333333333333,4,10262,19366
10002050101,6:23,383,-75.2089552381808,40.2894315326318,-75.1580149724927,39.9493530835764,am_peak,TRUE,61,83.998245,no_origin_stop,,,,,,,,
10002050102,16:45,1005,-75.1580149724927,39.9493530835764,-75.2089552381808,40.2894315326318,pm_peak,TRUE,75,74.731491,no_dest_stop,,,,,,,,
10003630201,11:00,660,-75.1301600245386,39.9721857729433,-75.1662257986882,39.9519342771783,off_peak,FALSE,30,22.009543,ok,31.85,3.28333333333333,7.9,18.8166666666667,1.85,1,20988,32175
10003630202,13:30,810,-75.1662257986882,39.9519342771783,-75.177201361549,39.9550054347417,off_peak,FALSE,30,8.262528,ok,20.2333333333333,1.53333333333333,0.466666666666667,16.2833333333333,1.95,1,10266,20661
10003630203,15:00,900,-75.177201361549,39.9550054347417,-75.1301600245386,39.9721857729433,off_peak,FALSE,30,26.791286,ok,30.2666666666667,2,2.23333333333333,15.7666666666667,10.2666666666667,1,20645,353
10024340103,10:40,640,-75.177201361549,39.9550054347417,-75.1638872349499,39.9525548857932,off_peak,FALSE,0,9.733399,ok,6.96666666666667,2,0.233333333333333,2.66666666666667,2.06666666666667,0,20645,31140
10153090101,15:00,900,-75.1722093187508,39.9861472659912,-75.1074608568458,40.0361390710689,off_peak,FALSE,40,50.302866,ok,59.8333333333333,3.56666666666667,8.06666666666667,46.1666666666667,2.03333333333333,4,3121,24688
10153090102,18:30,1110,-75.1074608568458,40.0361390710689,-75.1722093187508,39.9861472659912,pm_peak,TRUE,40,54.64744,ok,51.8166666666667,2.03333333333333,1.5,44.7166666666667,3.56666666666667,5,24688,3121
10163010102,15:54,954,-75.269943076881,39.9356820759347,-75.1588750233838,39.9528401835985,off_peak,FALSE,27,33.285004,ok,40.4833333333333,2.63333333333333,0.616666666666667,35.0166666666667,2.21666666666667,1,19788,2456
10231310102,7:48,468,-75.1648345113326,39.9541020155151,-75.274466211559,40.2111841677703,am_peak,TRUE,48,58.23792,unreachable,,,,,,,,
10231310105,17:30,1050,-75.2823672331362,40.2208246075088,-75.2823672331362,40.2208246075088,pm_peak,TRUE,42,17.443993,ok,65.5333333333333,9.76666666666667,20.9833333333333,22.5666666666667,12.2166666666667,1,27061,27514
10242350101,17:00,1020,-75.216704781889,39.9569805572676,-75.1608866949941,39.9837724999129,pm_peak,TRUE,90,35.588833,ok,40.6666666666667,2.1,0.75,27.65,10.1666666666667,3,21372,32148
10242350201,5:00,300,-75.1431944251012,40.0284068368576,-75.0563940768372,40.2137895527483,off_peak,FALSE,40,,no_dest_stop,,,,,,,,
10242350202,14:30,870,-75.0563940768372,40.2137895527483,-75.1608866949941,39.9837724999129,off_peak,FALSE,570,,no_origin_stop,,,,,,,,
10283530301,16:45,1005,-75.1140625240641,39.9929319296134,-75.0854738945499,40.0094870178998,pm_peak,TRUE,30,16.249942,ok,28.2666666666667,2.8,9.41666666666667,10.7833333333333,5.26666666666667,0,23948,23961
10283530302,20:45,1245,-75.0854738945499,40.0094870178998,-75.1140625240641,39.9929319296134,off_peak,FALSE,30,15.172652,ok,33.0666666666667,2.75,16.0666666666667,11.5833333333333,2.66666666666667,1,17993,24144
10285100101,8:00,480,-75.214660746654,39.9308500106865,-75.1595117962634,39.9367714452714,am_peak,TRUE,60,28.410963,ok,43.7333333333333,4.3,3.3,33.4,2.73333333333333,2,20902,1183
10285100102,10:15,615,-75.1595117962634,39.9367714452714,-75.1701368511036,39.9488667930338,off_peak,FALSE,45,18.142603,ok,23.7666666666667,0.433333333333333,2.21666666666667,16.9833333333333,4.13333333333333,1,24754,3064
10285100103,12:20,740,-75.1701368511036,39.9488667930338,-75.2298442421393,39.9293235759694,off_peak,FALSE,70,32.708417,ok,34.1166666666667,2.36666666666667,0.116666666666667,30.7166666666667,0.916666666666667,1,14084,20750
10285100104,13:50,830,-75.2298442421393,39.9293235759694,-75.2399779780059,39.9210924003411,off_peak,FALSE,25,5.35,ok,9.15,0.916666666666667,2.28333333333333,4.95,1,0,20750,20757
10285100105,15:00,900,-75.2399779780059,39.9210924003411,-75.214660746654,39.9308500106865,off_peak,FALSE,60,16.072397,ok,22.9333333333333,0.7,3.66666666666667,6.78333333333333,11.7833333333333,0,20708,20720
10293830102,13:20,800,-75.2024327640643,39.9546329212277,-75.2182588102061,39.950471058218,off_peak,FALSE,50,14.665845,ok,15.2333333333333,0.883333333333333,0.116666666666667,3.93333333333333,10.3,0,433,21371
10293830103,18:00,1080,-75.2182588102061,39.950471058218,-75.1928742171467,39.9459041130135,pm_peak,TRUE,60,21.206552,ok,30.1666666666667,3.66666666666667,2.66666666666667,13.2666666666667,10.5666666666667,1,20884,20731
10297340102,7:05,425,-75.3967642023521,39.912580844843,-75.1847348588828,39.9565152107181,am_peak,TRUE,31,37.076368,ok,111.7,9.51666666666667,14.55,83.9333333333333,3.7,2,4614,21532
10297340105,17:09,1029,-75.1847348588828,39.9565152107181,-75.1847348588828,39.9565152107181,pm_peak,TRUE,32,7.661414,ok,11.6166666666667,2.73333333333333,2.46666666666667,0.716666666666667,5.7,0,1537,21529
10303490101,8:00,480,-75.1401720521647,39.9668670569272,-75.1501439390544,39.9483766989707,am_peak,TRUE,18,16.307908,ok,26.8666666666667,2.76666666666667,0.3,19.4333333333333,4.36666666666667,2,17608,32171
10303490102,8:24,504,-75.1501439390544,39.9483766989707,-75.2361840313814,40.0659288695917,am_peak,TRUE,53,43.202467,ok,78.2666666666667,1.55,5.45,65,6.26666666666667,2,14880,19281
10303490103,11:07,667,-75.2361840313814,40.0659288695917,-75.1840170635385,39.9534784074457,off_peak,FALSE,28,32.340381,ok,44.8166666666667,6.26666666666667,1.73333333333333,32.8166666666667,4,0,19281,1537
10303490104,11:40,700,-75.1840170635385,39.9534784074457,-75.1400970132193,39.9722367087517,off_peak,FALSE,18,22.563951,ok,28.2,2.53333333333333,1.68333333333333,15.7833333333333,8.2,2,20643,353
10303490105,12:00,720,-75.1400970132193,39.9722367087517,-75.1401720521647,39.9668670569272,off_peak,FALSE,10,8.301245,ok,10.5833333333333,0.85,3.25,1.21666666666667,5.26666666666667,0,18082,21190
10303490106,15:30,930,-75.1401720521647,39.9668670569272,-75.1505658415867,39.9464361327538,off_peak,FALSE,25,17.879484,ok,34.8666666666667,2.76666666666667,6.3,21.8166666666667,3.98333333333333,1,17608,18095
10308930204,13:05,785,-75.3045400928903,40.0162243322963,-75.1706866571216,39.953785415184,off_peak,FALSE,20,39.366042,unreachable,,,,,,,,
10308930205,16:35,995,-75.1706866571216,39.953785415184,-75.3045400928903,40.0162243322963,pm_peak,TRUE,15,37.085814,ok,61.4833333333333,1.26666666666667,0.6,57.1833333333333,2.43333333333333,4,21319,30685
10308930206,18:15,1095,-75.3045400928903,40.0162243322963,-75.1560983260195,39.9553691545034,pm_peak,TRUE,20,50.007173,ok,72.6,2.61666666666667,5.56666666666667,57.0833333333333,7.33333333333333,3,29758,2456
10308930207,19:50,1190,-75.1560983260195,39.9553691545034,-75.3045400928903,40.0162243322963,off_peak,FALSE,20,43.083333,unreachable,,,,,,,,
10358740202,7:59,479,-75.3285784262649,39.9077335323186,-75.1648345113326,39.9541020155151,am_peak,TRUE,24,31.685991,ok,90.85,1.65,23.35,63,2.85,3,2075,1392
10358740205,14:51,891,-75.1648345113326,39.9541020155151,-75.3285784262649,39.9077335323186,off_peak,FALSE,36,33.166667,ok,114.183333333333,0.833333333333333,0.166666666666667,111,2.18333333333333,6,17842,2074
10381140103,11:40,700,-75.2065311183375,40.0264644764131,-75.1509013014001,40.0025369261947,off_peak,FALSE,80,28.028044,ok,57.05,2.76666666666667,17.6666666666667,33.3166666666667,3.3,2,14061,142
10381140104,15:30,930,-75.1509013014001,40.0025369261947,-75.177201361549,39.9550054347417,off_peak,FALSE,60,27.74279,ok,41.9,2.13333333333333,9.15,28.6666666666667,1.95,3,4327,20661
10381140105,17:15,1035,-75.177201361549,39.9550054347417,-75.2065311183375,40.0264644764131,pm_peak,TRUE,65,14.727857,ok,37.4333333333333,1.96666666666667,3.58333333333333,28.4666666666667,3.41666666666667,2,10281,14891
10416920101,6:50,410,-75.1483131665262,39.937767343598,-75.1509013014001,40.0025369261947,am_peak,TRUE,40,41.273181,ok,42.4333333333333,0.166666666666667,11.1,27.9833333333333,3.18333333333333,2,17546,32151
10512930203,17:30,1050,-75.177201361549,39.9550054347417,-75.1785792243999,39.9689777214525,pm_peak,TRUE,15,11.359287,ok,28.4333333333333,2,0.233333333333333,19.6333333333333,6.56666666666667,2,20645,21014
10512930302,7:35,455,-75.1632627264191,39.9610182840982,-75.1398050137829,40.0366774270012,am_peak,TRUE,10,23.770789,ok,29.2666666666667,2.85,0.283333333333333,18.1166666666667,8.01666666666667,1,17169,32156
10516820202,7:49,469,-75.4500381380104,39.9613999791314,-75.5219531141482,39.9607510443511,am_peak,TRUE,9,26.19052,no_origin_stop,,,,,,,,
10516820203,12:20,740,-75.5219531141482,39.9607510443511,-75.4500381380104,39.9613999791314,off_peak,FALSE,8,23.923667,no_dest_stop,,,,,,,,
10541430105,15:15,915,-75.1638942692979,40.024836513729,-75.1545693550523,40.0111496191661,off_peak,FALSE,0,12.328213,ok,12.7,2.35,2.35,6.2,1.8,0,16477,12058
10541430109,17:10,1030,-75.1719929709651,39.929072094888,-75.1661003080911,39.9138576581668,pm_peak,TRUE,0,17.216507,ok,25.6166666666667,1.01666666666667,7.96666666666667,7.51666666666667,9.11666666666667,1,24193,20967
10541430110,17:17,1037,-75.1661003080911,39.9138576581668,-75.1543285653421,39.912135860101,pm_peak,TRUE,33,10.589132,ok,17,1.4,0.9,10.1833333333333,4.51666666666667,1,759,11468
10541430113,19:00,1140,-75.1543285653421,39.912135860101,-75.1516301589525,39.9168650559185,off_peak,FALSE,3,7.406299,ok,14.1666666666667,4.51666666666667,4.38333333333333,0.383333333333333,4.88333333333333,0,11468,18136
10541430114,19:19,1159,-75.1516301589525,39.9168650559185,-75.1661003080911,39.9138576581668,off_peak,FALSE,0,11.154613,ok,34.3333333333333,4.21666666666667,11.25,9.46666666666667,9.4,1,18132,30864
10541430115,20:13,1213,-75.1661003080911,39.9138576581668,-75.1638942692979,40.024836513729,off_peak,FALSE,227,50.384212,ok,58.65,1.4,8.21666666666667,46.8666666666667,2.16666666666667,3,759,16440
10548670102,8:40,520,-75.0826616926931,40.0770283629367,-75.1648345113326,39.9541020155151,am_peak,TRUE,0,39.079056,ok,56.1166666666667,0.916666666666667,4.26666666666667,47.8166666666667,3.11666666666667,1,23532,1281
10548670105,18:19,1099,-75.1648345113326,39.9541020155151,-75.1147737014025,40.1051323921927,pm_peak,TRUE,0,33.230875,ok,87.6833333333333,0.833333333333333,5.16666666666667,69,12.6833333333333,4,17842,807
10716540102,7:38,458,-75.1191244525154,40.0364863338015,-75.0602877916782,40.0432878262775,am_peak,TRUE,8,31.459703,ok,50.9,2.7,7.03333333333333,34.4166666666667,6.75,2,17672,22751
10716540103,7:52,472,-75.0602877916782,40.0432878262775,-75.1392788470332,40.0429484652339,am_peak,TRUE,19,35.345643,ok,47.0833333333333,2.83333333333333,4.56666666666667,30.6,9.08333333333333,1,23288,15907
10716540105,11:08,668,-75.1601184429639,40.0511089560396,-75.1046013715564,40.0456485850198,off_peak,FALSE,10,31.321244,ok,58.4833333333333,1.5,23.9166666666667,21.4666666666667,11.6,0,24794,24969
10716540108,13:11,791,-75.222939243936,40.2183267533376,-75.0602877916782,40.0432878262775,off_peak,FALSE,7,,no_origin_stop,,,,,,,,
10716540202,6:21,381,-75.1046013715564,40.0456485850198,-75.0602877916782,40.0432878262775,am_peak,TRUE,9,33.071501,ok,27.9,4.11666666666667,0.75,16.2833333333333,6.75,1,15841,22751
10717170102,8:40,520,-75.2182588102061,39.950471058218,-75.1662257986882,39.9519342771783,am_peak,TRUE,20,21.986538,ok,30.4833333333333,1.4,7.38333333333333,20.1166666666667,1.58333333333333,1,24627,31140
10717170105,17:10,1030,-75.1608290378846,39.9512565309348,-75.2162654488479,39.9464660922369,pm_peak,TRUE,20,23.865408,ok,28.3833333333333,1.53333333333333,1.38333333333333,20.6,4.86666666666667,1,30082,20883
10728430104,16:10,970,-75.177201361549,39.9550054347417,-75.1700384657366,39.9693644720962,pm_peak,TRUE,35,15.037933,ok,22.6666666666667,1.95,4.7,11.7333333333333,4.28333333333333,1,10283,32502
10733780301,7:40,460,-75.064739389944,39.9987906700722,-74.9919645563739,40.0557019160434,am_peak,TRUE,54,31.851304,ok,71.4,8.78333333333333,18.1,37.2166666666667,7.3,1,23804,22562
10733780302,12:45,765,-74.9919645563739,40.0557019160434,-75.064739389944,39.9987906700722,off_peak,FALSE,49,34.912321,ok,68.6333333333333,7.08333333333333,2.56666666666667,46.35,12.6333333333333,3,21911,488
10767710304,8:55,535,-75.1588750233838,39.9528401835985,-75.214650332805,40.1349579453564,am_peak,TRUE,30,40.717582,ok,111.333333333333,1.86666666666667,4.71666666666667,101.416666666667,3.33333333333333,4,10262,27016
10767710306,9:27,567,-75.214650332805,40.1349579453564,-75.1889970534327,40.1395442243909,am_peak,TRUE,3,19.477069,no_dest_stop,,,,,,,,
10767710309,17:49,1069,-75.1889970534327,40.1395442243909,-75.214650332805,40.1349579453564,pm_peak,TRUE,10,19.683333,no_origin_stop,,,,,,,,
10767710311,19:00,1140,-75.214650332805,40.1349579453564,-75.1834073455283,39.9599979498596,off_peak,FALSE,12,49.168724,ok,102.133333333333,3.38333333333333,6.61666666666667,84.15,7.98333333333333,4,27136,1537
10767710314,22:17,1337,-75.1906300416804,39.958024348983,-75.1537481432666,39.9503794767793,off_peak,FALSE,23,12.691868,ok,37.4666666666667,1.35,24.9333333333333,9.85,1.33333333333333,1,21525,2457
10855270201,7:04,424,-75.5545540103949,40.004757965586,-75.1608290378846,39.9512565309348,am_peak,TRUE,51,,no_origin_stop,,,,,,,,
10886840101,5:30,330,-74.9907571215361,40.0991165357115,-75.1572994746159,39.95264251715,off_peak,FALSE,35,69.506076,ok,80.6166666666667,6.06666666666667,2.18333333333333,70.2333333333333,2.13333333333333,2,22546,32173
10886840102,6:15,375,-75.1572994746159,39.95264251715,-75.0164718495484,40.1003470300558,am_peak,TRUE,30,63.897203,ok,68.8666666666667,1.93333333333333,4.03333333333333,57.0333333333333,5.86666666666667,2,10258,870
10886840103,15:00,900,-75.0164718495484,40.1003470300558,-75.1662257986882,39.9519342771783,off_peak,FALSE,30,66.086999,ok,79.0833333333333,4.33333333333333,4.6,67.0666666666667,3.08333333333333,2,22946,1281
10886840105,16:20,980,-75.1584725274299,39.950967187359,-74.9907571215361,40.0991165357115,pm_peak,TRUE,55,68.580697,ok,89.5,1.33333333333333,2.93333333333333,79.7166666666667,5.51666666666667,3,2456,22892
10957640101,7:10,430,-75.1774882627443,40.0265904743566,-75.202230610969,39.9458213862922,am_peak,TRUE,45,36.641515,ok,59,1.86666666666667,9.48333333333333,40.65,7,3,24722,301
10957640102,16:00,960,-75.202230610969,39.9458213862922,-75.1774882627443,40.0265904743566,pm_peak,TRUE,70,34.766218,ok,67.8166666666667,5.85,0.583333333333333,50.8666666666667,10.5166666666667,3,31743,18223
10983270104,7:21,441,-75.1827055398227,40.0389450998406,-75.1545693550523,40.0111496191661,am_peak,TRUE,15,20.949344,ok,26.8,1.68333333333333,7.21666666666667,17.2,0.7,0,17084,18167
10983270105,7:42,462,-75.1545693550523,40.0111496191661,-75.1537481432666,39.9503794767793,am_peak,TRUE,12,16.358269,ok,34.2333333333333,0.7,4.4,27.1666666666667,1.96666666666667,2,18167,31178
10983270109,17:04,1024,-75.1537481432666,39.9503794767793,-75.1545693550523,40.0111496191661,pm_peak,TRUE,10,15.898881,ok,22.6333333333333,1.41666666666667,5.58333333333333,9.75,5.88333333333333,0,32144,32152
10983270110,17:20,1040,-75.1545693550523,40.0111496191661,-75.1827055398227,40.0389450998406,pm_peak,TRUE,22,23.61017,ok,28.7,1.5,7.56666666666667,18.3,1.33333333333333,1,16410,18267
10983270202,5:54,354,-75.1827055398227,40.0389450998406,-75.1545693550523,40.0111496191661,off_peak,FALSE,14,19.056807,ok,35.9166666666667,1.33333333333333,7.51666666666667,25.2666666666667,1.8,1,18267,12058
10983270203,6:16,376,-75.1545693550523,40.0111496191661,-75.1634808483634,39.9480403151119,am_peak,TRUE,10,17.976477,ok,30.3666666666667,0.7,7.48333333333333,20.3166666666667,1.86666666666667,1,18167,1282
10983270206,13:11,791,-75.1634808483634,39.9480403151119,-75.1545693550523,40.0111496191661,off_peak,FALSE,12,20.530366,ok,26.7833333333333,1.36666666666667,0.116666666666667,22.6166666666667,2.68333333333333,2,5229,18211
10983270207,13:27,807,-75.1545693550523,40.0111496191661,-75.1827055398227,40.0389450998406,off_peak,FALSE,26,24.462103,ok,22.3333333333333,1.5,0.366666666666667,12.8333333333333,7.63333333333333,0,16410,16449
11028550101,9:00,540,-75.1710393335578,40.0215935498751,-75.1792803129236,39.9102291849896,am_peak,TRUE,30,56.916649,ok,85.9833333333333,2.63333333333333,10.0833333333333,65.9,7.36666666666667,5,28682,38
11028550102,9:45,585,-75.1792803129236,39.9102291849896,-75.214203546323,39.966573251699,off_peak,FALSE,15,46.904974,ok,71.3166666666667,6.18333333333333,13.8166666666667,45.5833333333333,5.73333333333333,4,998,20674
11028550103,10:15,615,-75.214203546323,39.966573251699,-75.1932965395644,39.9698350451223,off_peak,FALSE,420,20.838859,ok,30.8833333333333,3.36666666666667,6.3,10.9666666666667,10.25,1,24863,30292
11034830302,6:47,407,-75.0970591119887,40.1962393455377,-75.1648345113326,39.9541020155151,am_peak,TRUE,51,58.276474,ok,113.116666666667,6.76666666666667,27.05,76.1833333333333,3.11666666666667,2,16941,1281
11056340101,9:10,550,-75.3147109767587,40.1422852431983,-75.283892350158,40.1787913892908,am_peak,TRUE,20,22.223293,ok,37.3,3.85,6.15,20.85,6.45,1,1668,27431
11056340102,18:15,1095,-75.283892350158,40.1787913892908,-75.3147109767587,40.1422852431983,pm_peak,TRUE,35,23.224736,ok,35.5166666666667,6.5,15.4333333333333,9.13333333333333,4.45,0,27541,27546
11065170302,6:56,416,-75.2657692657726,39.9241817714539,-75.269943076881,39.9356820759347,am_peak,TRUE,4,12.296367,ok,22.2666666666667,0.933333333333333,15.1333333333333,3.56666666666667,2.63333333333333,0,19782,19788
11065170303,7:05,425,-75.269943076881,39.9356820759347,-75.1834073455283,39.9599979498596,am_peak,TRUE,13,22.007047,ok,53.3833333333333,2.63333333333333,8,33.3666666666667,9.38333333333333,2,19788,21532
11065170304,7:29,449,-75.1834073455283,39.9599979498596,-75.3854291498663,40.0396308610676,am_peak,TRUE,32,47.344658,ok,117.183333333333,7.26666666666667,9.73333333333333,92.5833333333333,7.6,2,32702,19413
11097420101,5:15,315,-75.1583891414117,40.0192666370153,-75.1612826317197,39.9532127364358,off_peak,FALSE,75,24.611579,ok,35.6166666666667,2.53333333333333,8.46666666666667,20.9166666666667,3.7,2,16479,5131
11097420102,15:00,900,-75.1612826317197,39.9532127364358,-75.1583891414117,40.0192666370153,off_peak,FALSE,90,24.047017,ok,35.2333333333333,1.83333333333333,2.61666666666667,28.5666666666667,2.21666666666667,2,20968,31724
11126420102,8:55,535,-75.1727947008017,39.9254003368501,-75.183199136493,39.9280075886022,am_peak,TRUE,0,8.200172,ok,16.15,1.03333333333333,0.483333333333333,12.8166666666667,1.81666666666667,2,3045,25217
11126420104,14:00,840,-75.1779217463161,39.9533873770951,-75.1900612521521,39.9261972601751,off_peak,FALSE,60,24.588479,ok,48.5333333333333,0.966666666666667,25.0333333333333,14.6666666666667,7.86666666666667,0,93,25219
11144220102,6:55,415,-75.3460361638143,40.1143423687777,-75.1588750233838,39.9528401835985,am_peak,TRUE,44,45.380331,ok,59.4833333333333,1.95,4.05,51.2666666666667,2.21666666666667,1,32185,2456
11144220105,17:10,1030,-75.1588750233838,39.9528401835985,-75.1584725274299,39.950967187359,pm_peak,TRUE,44,5.25,ok,6.4,1.86666666666667,0.7,0.35,3.48333333333333,0,10262,30082
11146190201,17:10,1030,-75.3010847747829,39.8935220159703,-75.1701604201666,39.9562259742499,pm_peak,TRUE,,34.111179,ok,88.0333333333333,6.38333333333333,11.35,64.6666666666667,5.63333333333333,2,32304,20646
11193150101,14:30,870,-75.1830900642771,39.9921503642697,-75.1830900642771,39.9921503642697,off_peak,FALSE,60,8.632493,ok,11.0833333333333,1.53333333333333,6.61666666666667,0.533333333333333,2.4,0,16393,16394
11193150301,18:00,1080,-75.1830900642771,39.9921503642697,-75.1804047012754,39.9816583790678,pm_peak,TRUE,60,12.254658,ok,16.6333333333333,1.4,4.65,8.36666666666667,2.21666666666667,1,16210,2887
11193150302,23:00,1380,-75.1804047012754,39.9816583790678,-75.1830900642771,39.9921503642697,off_peak,FALSE,90,10.78171,ok,13.05,2.03333333333333,2.56666666666667,3.4,5.05,0,2886,752
11196660401,13:00,780,-75.0899078827828,40.1754087918635,-75.1545851492175,39.9813757258968,off_peak,FALSE,40,55.2,no_origin_stop,,,,,,,,
11196660402,17:00,1020,-75.1545851492175,39.9813757258968,-75.0899078827828,40.1754087918635,pm_peak,TRUE,50,58.299228,no_dest_stop,,,,,,,,
11203010101,8:15,495,-75.13315298552,40.0493311400039,-75.1638872349499,39.9525548857932,am_peak,TRUE,45,32.824934,ok,38.3833333333333,5.88333333333333,0.466666666666667,31.65,0.383333333333333,2,24702,1281
11203010107,12:30,750,-75.1603747972298,39.949646258079,-75.1392788470332,40.0429484652339,off_peak,FALSE,0,29.908192,ok,50.5666666666667,1.28333333333333,4.95,34.0166666666667,10.3166666666667,2,6058,32156
11230090202,8:15,495,-75.0798260530761,40.0248633027149,-75.1612826317197,39.9532127364358,am_peak,TRUE,19,31.28346,ok,44.1,2.06666666666667,0.533333333333333,39.5333333333333,1.96666666666667,3,23594,32174
11230090203,13:00,780,-75.1612826317197,39.9532127364358,-75.0589769417546,40.017025533914,off_peak,FALSE,50,36.29054,ok,55.65,1.83333333333333,3.15,49.6166666666667,1.05,3,4461,17914
11313060201,7:45,465,-75.0673055651795,40.0442784991825,-75.1647675352254,39.9513827603519,am_peak,TRUE,45,43.505399,ok,59.4,6.13333333333333,9.31666666666667,41.55,2.4,1,23291,32175
11313060202,20:00,1200,-75.1647675352254,39.9513827603519,-75.0673055651795,40.0442784991825,off_peak,FALSE,45,45.196552,ok,53.15,1.46666666666667,0.783333333333333,44.5333333333333,6.36666666666667,2,20414,23042
11374790102,7:48,468,-75.3393886203709,40.0346462639254,-75.2626735411038,39.9640057100153,am_peak,TRUE,14,25.884273,ok,34.4833333333333,4.11666666666667,7.06666666666667,20.6833333333333,2.61666666666667,1,32194,18639
11374790103,8:04,484,-75.2626735411038,39.9640057100153,-75.150229373412,39.9517620658106,am_peak,TRUE,22,28.61965,ok,40.85,2.61666666666667,4.25,31.1166666666667,2.86666666666667,2,18639,2458
11374790106,17:16,1036,-75.150229373412,39.9517620658106,-75.2626735411038,39.9640057100153,pm_peak,TRUE,21,28.409773,ok,39.0833333333333,1.73333333333333,5.26666666666667,26.2333333333333,5.85,2,359,15319
11374790107,17:47,1067,-75.2626735411038,39.9640057100153,-75.3393886203709,40.0346462639254,pm_peak,TRUE,12,23.889108,ok,50.8,2.61666666666667,4.25,39.9333333333333,4,3,18639,1900
11385120101,7:00,420,-75.3105990244411,39.9111895443266,-75.1928742171467,39.9459041130135,am_peak,TRUE,30,31.896006,ok,74.3166666666667,2.5,3.5,57.75,10.5666666666667,2,19224,20731
11385120102,16:30,990,-75.1928742171467,39.9459041130135,-75.3105990244411,39.9111895443266,pm_peak,TRUE,30,32.053478,ok,80.9333333333333,3.83333333333333,4.56666666666667,68.8833333333334,3.65,2,21439,19222
11430690102,7:42,462,-75.3490077338315,40.0452635767863,-75.1691139313301,39.9535949564727,am_peak,TRUE,33,34.414253,ok,62.65,8.65,6.35,42,5.65,1,32192,1392
11430690202,7:42,462,-75.3490077338315,40.0452635767863,-75.1648345113326,39.9541020155151,am_peak,TRUE,23,32.765745,ok,59.85,8.65,6.35,42,2.85,1,32192,1392
11470540102,7:59,479,-75.2341467351472,39.9457946759268,-75.1957094473416,39.9494354858208,am_peak,TRUE,18,22.051421,ok,26.8333333333333,2.68333333333333,6.61666666666667,14.45,3.08333333333333,0,20864,20731
11470540108,18:23,1103,-75.2232933759479,39.9448265734297,-75.1858598621043,39.9165483287187,pm_peak,TRUE,16,36.007296,ok,63.1166666666667,5.51666666666667,9.78333333333333,43.95,3.86666666666667,3,20869,24549
11470540109,19:32,1172,-75.1858598621043,39.9165483287187,-75.2302974929617,39.93947440453,off_peak,FALSE,31,21.978321,ok,27.85,4.28333333333333,1.23333333333333,19.3833333333333,2.95,0,24408,24441
11472070101,5:10,310,-75.0883325400662,40.3122285530705,-75.1692942790448,39.9527602328087,off_peak,FALSE,79,,no_origin_stop,,,,,,,,
11472070102,16:35,995,-75.1692942790448,39.9527602328087,-75.0883325400662,40.3122285530705,pm_peak,TRUE,85,,no_dest_stop,,,,,,,,
11567710108,18:28,1108,-75.1944243101308,40.0409483586041,-75.1638872349499,39.9525548857932,pm_peak,TRUE,0,34.323242,ok,58.3833333333333,1.16666666666667,17.5666666666667,39.2666666666667,0.383333333333333,2,16462,1281
11567710201,7:45,465,-75.1827055398227,40.0389450998406,-75.1517226930339,39.9485721389241,am_peak,TRUE,75,41.096665,ok,54.8333333333333,1.33333333333333,1.03333333333333,48.7,3.76666666666667,3,18267,16290
11567710202,16:00,960,-75.1517226930339,39.9485721389241,-75.1827055398227,40.0389450998406,pm_peak,TRUE,60,39.335485,ok,49.05,1.61666666666667,4.36666666666667,41.7333333333333,1.33333333333333,4,14881,18267
11614380204,18:30,1110,-75.6421532507658,40.0027021296687,-75.6421532507658,40.0027021296687,pm_peak,TRUE,35,20.09035,no_origin_stop,,,,,,,,
11662350104,10:30,630,-75.0589191747288,40.0341434174917,-75.0272886661161,40.0451130655592,off_peak,FALSE,18,15.264737,ok,41.2666666666667,6.86666666666667,5.88333333333333,22.8666666666667,5.65,2,22484,21836
11662350105,11:35,695,-75.0272886661161,40.0451130655592,-75.0521615628162,40.0286394093827,off_peak,FALSE,17,20.600363,ok,29.15,4.75,8.7,9.75,5.95,1,23497,1081
11712980102,18:10,1090,-75.1638872349499,39.9525548857932,-75.1584725274299,39.950967187359,pm_peak,TRUE,10,6.276623,ok,7.6,1.95,3.05,1.26666666666667,1.33333333333333,0,1392,2456
11738310302,7:57,477,-75.4245283894686,39.9086253629038,-75.4245283894686,39.9086253629038,am_peak,TRUE,0,8.62469,ok,42.5833333333333,11.9166666666667,12.7333333333333,6.41666666666667,11.5166666666667,1,29800,18984
11738310305,15:17,917,-75.1648345113326,39.9541020155151,-75.4245283894686,39.9086253629038,off_peak,FALSE,43,64.423517,ok,91.6166666666667,0.833333333333333,3.16666666666667,75.7,11.9166666666667,4,17842,29800
11787050201,7:30,450,-75.0722007215537,40.1814590893573,-75.1662257986882,39.9519342771783,am_peak,TRUE,78,92.092935,no_origin_stop,,,,,,,,
11816680101,6:15,375,-75.2669034171152,39.9566940557434,-75.150229373412,39.9517620658106,am_peak,TRUE,40,34.518214,ok,45.2333333333333,3.33333333333333,8.68333333333333,31.25,1.96666666666667,2,1957,10329
11816680102,17:30,1050,-75.150229373412,39.9517620658106,-75.2669034171152,39.9566940557434,pm_peak,TRUE,75,33.949449,ok,43.1833333333333,1.73333333333333,3.26666666666667,34.2666666666667,3.91666666666667,2,359,18597
11904960102,7:38,458,-75.7773113001476,39.9924677984963,-75.4829079089365,40.0451966969818,am_peak,TRUE,26,46.330763,unreachable,,,,,,,,
11904960104,16:50,1010,-75.5104228441983,40.0610199007386,-75.754099919673,40.0037026154246,pm_peak,TRUE,20,79.384285,no_origin_stop,,,,,,,,
11928380302,7:04,424,-75.0272886661161,40.0451130655592,-75.0490199739364,40.069819370287,am_peak,TRUE,16,22.787389,ok,46.8833333333333,4.58333333333333,19.0833333333333,21.3833333333333,1.83333333333333,1,23508,23113
11928380304,14:50,890,-75.0272886661161,40.0451130655592,-75.0440576064122,40.055019358023,off_peak,FALSE,15,10.25,ok,34.1333333333333,4.58333333333333,22.8,4.51666666666667,2.23333333333333,0,23508,23514
11972470101,8:30,510,-75.0934334304665,40.2120992101032,-75.1840170635385,39.9534784074457,am_peak,TRUE,75,92.041671,no_origin_stop,,,,,,,,
11972470102,15:30,930,-75.1840170635385,39.9534784074457,-75.0934334304665,40.2120992101032,off_peak,FALSE,30,92.665079,no_dest_stop,,,,,,,,
11988050101,12:00,720,-75.1833128313549,39.9960562366823,-75.1732743609913,39.9456003211594,off_peak,FALSE,60,40.558533,ok,43.9166666666667,3,2.06666666666667,34.1333333333333,4.71666666666667,2,16546,35
11988050102,14:45,885,-75.1732743609913,39.9456003211594,-75.1833128313549,39.9960562366823,off_peak,FALSE,45,38.390124,ok,43.8333333333333,0.266666666666667,3.98333333333333,36.7666666666667,2.81666666666667,2,22273,15996
11988050201,23:00,1380,-75.1833128313549,39.9960562366823,-75.1833128313549,39.9960562366823,off_peak,FALSE,45,8.982749,ok,13.6,3,3.33333333333333,1.06666666666667,6.2,0,16546,16548
11988050501,14:00,840,-75.1938842464804,39.9345602638164,-75.1833128313549,39.9960562366823,off_peak,FALSE,90,47.955116,ok,66.5833333333333,1.68333333333333,14.9166666666667,47.1666666666667,2.81666666666667,1,32514,15996
11988050601,14:00,840,-75.1938842464804,39.9345602638164,-75.1833128313549,39.9960562366823,off_peak,FALSE,90,47.955116,ok,66.5833333333333,1.68333333333333,14.9166666666667,47.1666666666667,2.81666666666667,1,32514,15996
11988790201,5:00,300,-74.9537657364031,40.1342148390318,-75.1545851492175,39.9813757258968,off_peak,FALSE,180,68.433333,ok,163.616666666667,3.53333333333333,29.75,119.566666666667,10.7666666666667,5,30759,25470
12010950302,9:00,540,-75.4245283894686,39.9086253629038,-75.1928742171467,39.9459041130135,am_peak,TRUE,33,77.575071,ok,98.05,11.9166666666667,4.6,77.7,3.83333333333333,3,29800,21439
12010950305,15:33,933,-75.1965975232029,39.9477559566907,-75.1965975232029,39.9477559566907,off_peak,FALSE,33,6.873948,ok,7.7,2.65,2.75,0.5,1.8,0,21439,30313
12024070101,2:50,170,-75.2341467351472,39.9457946759268,-75.2341467351472,39.9457946759268,off_peak,FALSE,,7.515555,unreachable,,,,,,,,
12024100303,15:45,945,-75.1722288078707,39.9400534674801,-75.2300055470776,39.9884080077411,off_peak,FALSE,50,46.595822,ok,75.1166666666667,2.7,16.95,51.7,3.76666666666667,3,24761,21764
12046720204,13:00,780,-75.2755312957965,40.0062174693429,-75.1648345113326,39.9541020155151,off_peak,FALSE,20,35.24377,ok,77.85,6.86666666666667,2.76666666666667,65.3666666666667,2.85,2,21999,1392
12046720207,18:14,1094,-75.1648345113326,39.9541020155151,-75.2755312957965,40.0062174693429,pm_peak,TRUE,21,25.004584,ok,50.7166666666667,0.833333333333333,0.166666666666667,42.85,6.86666666666667,1,17842,21999
12091100101,8:00,480,-75.2344133789046,40.0088074073246,-75.1672929773502,39.9544153783527,am_peak,TRUE,50,24.942049,no_origin_stop,,,,,,,,
12091100102,10:30,630,-75.1672929773502,39.9544153783527,-75.2344133789046,40.0088074073246,off_peak,FALSE,50,34.232579,no_dest_stop,,,,,,,,
12105620205,15:45,945,-75.1779217463161,39.9533873770951,-75.1584725274299,39.950967187359,off_peak,FALSE,15,13.452001,ok,18.6333333333333,1.28333333333333,10.3666666666667,5.23333333333333,1.75,0,10283,10259
12105620303,8:45,525,-75.1834073455283,39.9599979498596,-75.175919233186,40.0332814777088,am_peak,TRUE,30,32.907784,ok,57.8833333333333,7.98333333333333,4.11666666666667,41.2666666666667,4.51666666666667,2,1537,17055
12105620304,12:00,720,-75.175919233186,40.0332814777088,-75.1588750233838,39.9528401835985,off_peak,FALSE,75,37.010862,ok,54.1833333333333,0.85,3.38333333333333,40.7666666666667,9.18333333333333,2,18234,1280
12105620402,12:00,720,-75.1833908620653,39.9475606076449,-75.1628439188361,39.9457617844426,off_peak,FALSE,60,18.794178,ok,29.3833333333333,3.11666666666667,12.2166666666667,9.58333333333333,4.46666666666667,0,30649,22246
12119850401,8:15,495,-75.1906210349248,39.9616350467224,-75.2859011035678,39.9804280541513,am_peak,TRUE,35,31.085682,ok,46.7666666666667,2.51666666666667,1.3,40.0166666666667,2.93333333333333,2,21523,1919
12119850402,18:08,1088,-75.2859011035678,39.9804280541513,-75.1906210349248,39.9616350467224,pm_peak,TRUE,22,34.446452,ok,54.2333333333333,2.8,13.35,27.5166666666667,10.5666666666667,1,32203,2453
12129060101,14:10,850,-75.175919233186,40.0332814777088,-75.1191244525154,40.0364863338015,off_peak,FALSE,25,30.99583,ok,34.1,1.58333333333333,0.35,20.6,11.5666666666667,0,21954,24427
12129060102,17:25,1045,-75.1191244525154,40.0364863338015,-75.1710393335578,40.0215935498751,pm_peak,TRUE,20,19.968887,ok,40.15,2.93333333333333,1.65,32.7166666666667,2.85,3,17958,18223
12140340302,7:40,460,-75.2823535717739,40.2437347422191,-75.1834073455283,39.9599979498596,am_peak,TRUE,6,66.727888,ok,137.266666666667,2.18333333333333,10.1,117.716666666667,7.26666666666667,4,28718,32702
12140340305,18:24,1104,-75.1612826317197,39.9532127364358,-75.1612826317197,39.9532127364358,pm_peak,TRUE,54,4.127778,ok,7.11666666666667,1.83333333333333,1.25,0.916666666666667,3.11666666666667,0,4461,4474
12237930101,7:15,435,-75.1498041127206,39.934304016358,-75.1541388337345,39.9522458625874,am_peak,TRUE,26,18.770056,ok,25.0333333333333,1.03333333333333,4.41666666666667,15.55,4.03333333333333,1,24746,735
12237930105,17:18,1038,-75.1541388337345,39.9522458625874,-75.1498041127206,39.934304016358,pm_peak,TRUE,26,18.525122,ok,24.9833333333333,1.78333333333333,5.21666666666667,17.2666666666667,0.716666666666667,1,728,24681
12237930201,6:55,415,-75.1498041127206,39.934304016358,-75.1461838934269,39.9589037110814,am_peak,TRUE,27,16.934334,ok,19.7833333333333,1.4,2.6,12.3833333333333,3.4,0,856,17602
12237930203,14:40,880,-75.1541388337345,39.9522458625874,-75.1611907875754,39.9477574019743,off_peak,FALSE,18,11.558189,ok,15.9166666666667,1.95,3.73333333333333,1.78333333333333,8.45,0,10341,10258
12237930204,15:58,958,-75.1611907875754,39.9477574019743,-75.1498041127206,39.934304016358,off_peak,FALSE,17,17.3371,ok,24.0833333333333,0.5,1.71666666666667,21.15,0.716666666666667,2,16495,24681
12237930301,7:15,435,-75.1498041127206,39.934304016358,-75.1541388337345,39.9522458625874,am_peak,TRUE,26,18.770056,ok,25.0333333333333,1.03333333333333,4.41666666666667,15.55,4.03333333333333,1,24746,735
12237930302,14:40,880,-75.1541388337345,39.9522458625874,-75.1611907875754,39.9477574019743,off_peak,FALSE,18,11.558189,ok,15.9166666666667,1.95,3.73333333333333,1.78333333333333,8.45,0,10341,10258
12237930303,15:56,956,-75.1611907875754,39.9477574019743,-75.1498041127206,39.934304016358,off_peak,FALSE,19,17.3371,ok,26.0833333333333,0.5,3.71666666666667,21.15,0.716666666666667,2,16495,24681
12289130103,10:00,600,-75.1720816011546,39.9549927124551,-75.177201361549,39.9550054347417,off_peak,FALSE,15,6.708558,ok,14.6333333333333,1.18333333333333,6.48333333333333,0.65,6.31666666666667,0,8941,14916
12425930102,7:25,445,-75.300281066518,40.0007168757721,-75.2626735411038,39.9640057100153,am_peak,TRUE,10,26.509675,ok,57.4833333333333,3.95,22.9,28.0166666666667,2.61666666666667,2,18896,18639
12425930103,7:40,460,-75.2626735411038,39.9640057100153,-75.1662257986882,39.9519342771783,am_peak,TRUE,25,23.951639,ok,36.75,2.61666666666667,3.18333333333333,29.2,1.75,2,18639,1392
12425930106,17:25,1045,-75.1662257986882,39.9519342771783,-75.2626735411038,39.9640057100153,pm_peak,TRUE,25,23.869646,ok,38.8166666666667,1.05,3.95,31.2,2.61666666666667,3,30320,18639
12425930107,18:00,1080,-75.2626735411038,39.9640057100153,-75.300281066518,40.0007168757721,pm_peak,TRUE,10,23.85127,ok,36.0666666666667,2.61666666666667,8.45,15.7166666666667,9.28333333333333,2,18639,30519
12501440104,14:12,852,-74.970687244567,40.1423429432466,-75.1480260525691,39.9820906148628,off_peak,FALSE,37,43.383333,ok,111.433333333333,8.58333333333333,5.55,91.2666666666667,6.03333333333333,3,23187,25465
12501440107,17:35,1055,-75.1480260525691,39.9820906148628,-74.970687244567,40.1423429432466,pm_peak,TRUE,40,42.28152,ok,95.0166666666667,0.75,5.48333333333333,76.4666666666667,12.3166666666667,4,16273,23065
12501440202,7:18,438,-74.970687244567,40.1423429432466,-75.1480260525691,39.9820906148628,am_peak,TRUE,30,42.326247,ok,110.866666666667,8.58333333333333,1.68333333333333,94.8,5.8,3,23187,27966
12501440205,17:35,1055,-75.1480260525691,39.9820906148628,-74.970687244567,40.1423429432466,pm_peak,TRUE,40,42.28152,ok,95.0166666666667,0.75,5.48333333333333,76.4666666666667,12.3166666666667,4,16273,23065
12501730101,11:30,690,-75.2265470108874,40.1161439705539,-75.1701604201666,39.9562259742499,off_peak,FALSE,15,76.417918,no_origin_stop,,,,,,,,
12501730103,16:00,960,-75.1691139313301,39.9535949564727,-75.2265470108874,40.1161439705539,pm_peak,TRUE,45,59.588078,no_dest_stop,,,,,,,,
12545730101,7:50,470,-75.112010204855,40.0551558806353,-75.1834073455283,39.9599979498596,am_peak,TRUE,44,48.092738,ok,63.25,8.98333333333333,3.65,41.3666666666667,9.25,3,26508,32176
12545730102,16:35,995,-75.1834073455283,39.9599979498596,-75.1372598172641,40.0681528620105,pm_peak,TRUE,45,46.271473,ok,57.4,7.93333333333333,6.56666666666667,33.5,9.4,2,22014,17334
12583270202,15:54,954,-75.3235511564497,40.1219444180383,-75.2782358419767,40.1133698952466,off_peak,FALSE,26,48.722562,ok,37.6166666666667,9.88333333333333,6.63333333333333,10.4833333333333,10.6166666666667,0,31985,246
12583270203,17:15,1035,-75.2782358419767,40.1133698952466,-75.3235511564497,40.1219444180383,pm_peak,TRUE,35,37.326109,ok,61.7333333333333,9.71666666666667,23.1833333333333,18.7333333333333,10.1,1,31455,27801
12583270302,15:54,954,-75.3235511564497,40.1219444180383,-75.2782358419767,40.1133698952466,off_peak,FALSE,26,48.722562,ok,37.6166666666667,9.88333333333333,6.63333333333333,10.4833333333333,10.6166666666667,0,31985,246
12583270303,17:15,1035,-75.2782358419767,40.1133698952466,-75.3235511564497,40.1219444180383,pm_peak,TRUE,35,37.326109,ok,61.7333333333333,9.71666666666667,23.1833333333333,18.7333333333333,10.1,1,31455,27801
12583270402,15:54,954,-75.3235511564497,40.1219444180383,-75.2782358419767,40.1133698952466,off_peak,FALSE,26,48.722562,ok,37.6166666666667,9.88333333333333,6.63333333333333,10.4833333333333,10.6166666666667,0,31985,246
12583270403,17:15,1035,-75.2782358419767,40.1133698952466,-75.3235511564497,40.1219444180383,pm_peak,TRUE,35,37.326109,ok,61.7333333333333,9.71666666666667,23.1833333333333,18.7333333333333,10.1,1,31455,27801
12614390101,7:40,460,-75.2398193832228,39.9150309622319,-75.1675355693758,39.9533981752196,am_peak,TRUE,62,35.49568,ok,38.4833333333333,0.833333333333333,3.88333333333333,30.2833333333333,3.48333333333333,2,20933,1392
12614390102,16:53,1013,-75.1675355693758,39.9533981752196,-75.2398193832228,39.9150309622319,pm_peak,TRUE,37,33.82534,ok,40.1833333333333,1.41666666666667,1.71666666666667,36.15,0.9,1,8936,20918
12688310207,11:50,710,-75.0798260530761,40.0248633027149,-75.1400970132193,39.9722367087517,off_peak,FALSE,15,29.022495,ok,58.0833333333333,2.06666666666667,17.0666666666667,30.8666666666667,8.08333333333333,2,30219,32168
12765360101,5:30,330,-75.1798114670555,39.9715794694621,-75.1638872349499,39.9525548857932,off_peak,FALSE,30,16.091007,ok,22.2166666666667,0.533333333333333,8.11666666666667,11.35,2.21666666666667,0,16560,10266
12783680101,11:00,660,-75.1774882627443,40.0265904743566,-75.1847348588828,39.9565152107181,off_peak,FALSE,24,19.616667,ok,50.55,1.86666666666667,18.4833333333333,27.4666666666667,2.73333333333333,2,24722,1537
12783680102,11:34,694,-75.1847348588828,39.9565152107181,-75.2318795104928,39.8804695206274,off_peak,FALSE,15,26.366667,ok,59.3166666666667,2.41666666666667,8.58333333333333,43.9,4.41666666666667,3,28325,29440
12783680104,13:20,800,-75.2632929428866,39.8756040646847,-75.1583891414117,40.0192666370153,off_peak,FALSE,1,69.201116,ok,87.7166666666667,3.86666666666667,3.55,67.3333333333333,12.9666666666667,2,19677,1274
12783680105,13:26,806,-75.1583891414117,40.0192666370153,-75.175919233186,40.0332814777088,off_peak,FALSE,23,14.88109,ok,18.4833333333333,2.21666666666667,4.23333333333333,6.86666666666667,5.16666666666667,0,31724,16446
12783680108,19:40,1180,-75.1874482344911,40.0457370394131,-75.1874482344911,40.0457370394131,off_peak,FALSE,80,9.51848,ok,18.0166666666667,7.11666666666667,2.03333333333333,0.316666666666667,8.55,0,18278,18279
12784730101,8:00,480,-75.3505492479473,40.1203018431899,-75.4109709119456,40.1265917475322,am_peak,TRUE,36,21.880141,ok,26.4666666666667,1.33333333333333,5.06666666666667,12.8,7.26666666666667,0,18358,1715
12852100101,9:04,544,-75.1629816913276,39.9348297671495,-75.1661003080911,39.9138576581668,am_peak,TRUE,33,13.606034,ok,14.0166666666667,1.08333333333333,1.86666666666667,9.66666666666667,1.4,0,16509,759
12852100102,10:05,605,-75.1661003080911,39.9138576581668,-75.1655746637264,39.9307064691021,off_peak,FALSE,18,16.919866,ok,29.1166666666667,1.4,7.21666666666667,16.1333333333333,4.36666666666667,2,759,32137
12852100104,16:05,965,-75.1629816913276,39.9348297671495,-75.1611907875754,39.9477574019743,pm_peak,TRUE,23,13.256756,ok,14.95,1.46666666666667,2.31666666666667,7.45,3.71666666666667,0,16832,16841
12852100106,18:30,1110,-75.1611907875754,39.9477574019743,-75.1629816913276,39.9348297671495,pm_peak,TRUE,15,11.059562,ok,13.1,0.5,3.41666666666667,8.1,1.08333333333333,0,16495,16509
12904600101,6:35,395,-75.0806751855718,40.016348069306,-75.1675355693758,39.9533981752196,am_peak,TRUE,22,30.975616,ok,34.4166666666667,1.93333333333333,2.85,26.2166666666667,3.41666666666667,1,24572,32175
12904600103,17:00,1020,-75.1672929773502,39.9544153783527,-75.0806751855718,40.016348069306,pm_peak,TRUE,40,32.163669,ok,47.6166666666667,1.25,3.05,38.95,4.36666666666667,2,8936,217
12918480301,8:00,480,-75.3264776780465,39.8728102528069,-75.3938186136374,39.9651711354682,am_peak,TRUE,95,76.919532,ok,72.6833333333333,2.06666666666667,0.733333333333333,65.2,4.68333333333333,2,25076,2168
12918480302,13:00,780,-75.3938186136374,39.9651711354682,-75.3264776780465,39.8728102528069,off_peak,FALSE,90,67.826421,ok,106.883333333333,4.68333333333333,20.3166666666667,80.1333333333333,1.75,2,2168,25416
12951000103,9:30,570,-75.1706866571216,39.953785415184,-75.1541388337345,39.9522458625874,off_peak,FALSE,20,9.200766,ok,13.9666666666667,1.41666666666667,1.76666666666667,8.76666666666667,2.01666666666667,0,10272,18457
12951000104,11:00,660,-75.1541388337345,39.9522458625874,-75.1584725274299,39.950967187359,off_peak,FALSE,10,5.820182,ok,6.6,1.73333333333333,2,1.23333333333333,1.63333333333333,0,31178,17833
12951000105,11:17,677,-75.1584725274299,39.950967187359,-75.1661426003533,40.014873112626,off_peak,FALSE,65,30.404858,ok,40.8166666666667,1.46666666666667,2.01666666666667,32.1666666666667,5.16666666666667,2,32173,1346
12951000106,12:44,764,-75.1661426003533,40.014873112626,-75.211934088646,40.0470512663366,off_peak,FALSE,-22,41.48002,ok,70.6333333333333,5.11666666666667,4.41666666666667,52.65,8.45,4,1347,8534
12988510201,8:05,485,-75.3033644043198,39.9449510611518,-75.1692942790448,39.9527602328087,am_peak,TRUE,60,43.702994,unreachable,,,,,,,,
12988510202,18:00,1080,-75.1692942790448,39.9527602328087,-75.3033644043198,39.9449510611518,pm_peak,TRUE,120,43.757699,ok,51.9333333333333,1.4,1.45,40.6,8.48333333333333,3,10272,18602
13028350101,9:30,570,-75.1411591473044,40.2793198687386,-75.1477600680928,40.3266281579924,off_peak,FALSE,10,72.313455,no_origin_stop,,,,,,,,
13054210103,13:15,795,-75.2128647817132,40.0824469736708,-75.1962680244175,40.0724717157188,off_peak,FALSE,345,20.600137,ok,28.05,5.23333333333333,1.5,14.15,7.16666666666667,1,19054,17992
13084440201,5:15,315,-75.1139704218066,40.0309825414845,-75.1859236878394,40.0056791510122,off_peak,FALSE,,28.305899,unreachable,,,,,,,,
13084440202,14:00,840,-75.1859236878394,40.0056791510122,-75.1139704218066,40.0309825414845,off_peak,FALSE,600,29.215779,ok,58.0666666666667,1.25,13.3666666666667,40.1166666666667,3.33333333333333,3,15005,15722
13172830102,6:24,384,-75.274466211559,40.2111841677703,-75.1392078148453,39.9466654688148,am_peak,TRUE,49,63.162055,ok,147.45,3.11666666666667,26.8,109.033333333333,8.5,2,27519,428
13172830105,15:55,955,-75.1588750233838,39.9528401835985,-75.274466211559,40.2111841677703,off_peak,FALSE,45,46.89438,ok,124.383333333333,1.86666666666667,1.41666666666667,118.483333333333,2.61666666666667,4,10262,27445
13205640201,7:45,465,-75.1629816913276,39.9348297671495,-75.1446587384151,39.9502859178682,am_peak,TRUE,20,22.243986,ok,25.6,1.46666666666667,3.31666666666667,19.0833333333333,1.73333333333333,1,16832,21318
13205640202,17:20,1040,-75.1446587384151,39.9502859178682,-75.1629816913276,39.9348297671495,pm_peak,TRUE,21,22.243314,ok,39.8333333333333,1.18333333333333,11.15,21.1666666666667,6.33333333333333,1,30079,1284
13249230101,8:00,480,-75.0589769417546,40.017025533914,-75.1018775098952,39.9927596244991,am_peak,TRUE,60,30.857729,ok,36.75,1.05,2.55,30.1166666666667,3.03333333333333,2,17914,17769
13252800201,9:20,560,-75.1738700412219,39.9219806989111,-75.1691139313301,39.9535949564727,am_peak,TRUE,40,23.304787,ok,21.6833333333333,0.783333333333333,1.08333333333333,16.1333333333333,3.68333333333333,0,3073,21213
13255850102,12:00,720,-75.2065311183375,40.0264644764131,-75.1541388337345,39.9522458625874,off_peak,FALSE,60,27.146609,ok,43.35,3,1,37.1333333333333,2.21666666666667,2,20557,2457
13271810402,9:55,595,-75.2626735411038,39.9640057100153,-75.3922133622912,40.087943010321,off_peak,FALSE,5,44.007047,ok,59.2166666666667,2.61666666666667,3.05,50.3333333333333,3.21666666666667,2,18639,1827
13271810405,17:37,1057,-75.4050587593771,40.0953145055857,-75.4050587593771,40.0953145055857,pm_peak,TRUE,10,12.413864,ok,13.8333333333333,1.56666666666667,10.1833333333333,0.45,1.63333333333333,0,7363,14983
13277160201,8:00,480,-75.1738700412219,39.9219806989111,-75.1634808483634,39.9480403151119,am_peak,TRUE,20,15.361359,ok,21.2666666666667,0.783333333333333,3.98333333333333,14.7333333333333,1.76666666666667,1,3073,32140
13277160202,16:30,990,-75.1634808483634,39.9480403151119,-75.1738700412219,39.9219806989111,pm_peak,TRUE,20,18.005271,ok,22.1833333333333,1.63333333333333,0.733333333333333,12.6333333333333,7.18333333333333,1,15187,1286
13277340102,6:43,403,-74.9853265543148,40.0477525065309,-75.1648345113326,39.9541020155151,am_peak,TRUE,28,36.462687,ok,73.7166666666667,5.46666666666667,4.93333333333333,60.6,2.71666666666667,2,22692,32175
13277340108,18:15,1095,-75.1588750233838,39.9528401835985,-74.9853265543148,40.0477525065309,pm_peak,TRUE,30,38.848917,ok,79.9666666666667,1.91666666666667,2.08333333333333,70.6666666666667,5.3,4,756,22559
13304030102,7:25,445,-75.0503988334115,40.0876996804033,-75.0851931466197,40.0437712425002,am_peak,TRUE,20,33.359542,ok,68.7833333333333,6.45,23.8,38.0333333333333,0.5,2,401,15739
13304030106,16:27,987,-75.0851931466197,40.0437712425002,-75.0503988334115,40.0876996804033,pm_peak,TRUE,21,27.130572,ok,27.75,0.333333333333333,1.41666666666667,17.1833333333333,8.81666666666667,0,22850,1495
13304030302,7:15,435,-75.0575931303197,40.0979296280696,-75.0798260530761,40.0248633027149,am_peak,TRUE,25,41.474527,ok,52.3666666666667,10.7666666666667,7.41666666666667,28.1166666666667,6.06666666666667,0,22967,23014
13304030303,7:52,472,-75.0798260530761,40.0248633027149,-75.1662257986882,39.9519342771783,am_peak,TRUE,18,32.520773,ok,51.85,2.06666666666667,9.2,38.7333333333333,1.85,2,30219,32175
13304030306,15:25,925,-75.1662257986882,39.9519342771783,-75.0798260530761,40.0248633027149,off_peak,FALSE,40,32.87982,ok,43.3333333333333,1.05,2.95,37.2666666666667,2.06666666666667,3,30320,30219
13304030307,16:17,977,-75.0798260530761,40.0248633027149,-75.0503988334115,40.0876996804033,pm_peak,TRUE,33,37.528199,ok,67.75,2.06666666666667,11.2,45.6666666666667,8.81666666666667,3,30219,1495
13308540102,8:06,486,-75.4630660144789,40.0474160739304,-75.1588750233838,39.9528401835985,am_peak,TRUE,38,50.020951,ok,148.483333333333,9.1,27.4166666666667,109.75,2.21666666666667,4,19373,2456
13543270102,7:59,479,-75.2341467351472,39.9457946759268,-75.1588750233838,39.9528401835985,am_peak,TRUE,22,32.222629,ok,35.4833333333333,2.68333333333333,6.61666666666667,23.9666666666667,2.21666666666667,1,20864,2456
13543270107,17:22,1042,-75.1588750233838,39.9528401835985,-75.2341467351472,39.9457946759268,pm_peak,TRUE,23,31.780559,ok,38.7833333333333,1.86666666666667,4.41666666666667,29.3833333333333,3.11666666666667,1,10262,20891
13561360101,7:40,460,-75.233360759861,39.9720395071482,-75.1550731760754,39.9469560187574,am_peak,TRUE,25,40.953937,ok,36.9166666666667,0.75,8.45,19.9333333333333,7.78333333333333,1,24511,2457
13561360102,11:45,705,-75.1550731760754,39.9469560187574,-75.1603747972298,39.949646258079,off_peak,FALSE,15,8.011987,ok,22.1166666666667,1.91666666666667,10.35,0.5,9.35,0,30992,16292
13561360104,13:15,795,-75.1608290378846,39.9512565309348,-75.1085340726583,39.9955139503969,off_peak,FALSE,30,25.117882,ok,28.25,1.7,3,16.5,7.05,0,2455,60
13561360105,14:30,870,-75.1085340726583,39.9955139503969,-75.1550731760754,39.9469560187574,off_peak,FALSE,30,27.489503,ok,48.8166666666667,2.45,9.95,35.6333333333333,0.783333333333333,2,24142,16292
13561360106,16:20,980,-75.1550731760754,39.9469560187574,-75.1634052023169,39.9571451807186,pm_peak,TRUE,25,17.885932,ok,27.1166666666667,2.4,5.83333333333333,15.1666666666667,3.71666666666667,2,18514,3057
13561360107,17:00,1020,-75.1634052023169,39.9571451807186,-75.233360759861,39.9720395071482,pm_peak,TRUE,45,35.044701,ok,38.4333333333333,1.56666666666667,4.56666666666667,30.8666666666667,1.43333333333333,3,17170,24470
13594110101,5:40,340,-74.9969985810132,40.2042357012831,-75.1840170635385,39.9534784074457,off_peak,FALSE,,,no_origin_stop,,,,,,,,
13602530101,15:30,930,-74.9823583671564,40.110760248005,-75.1792803129236,39.9102291849896,off_peak,FALSE,95,103.449677,unreachable,,,,,,,,
13629790101,7:00,420,-75.1647675352254,39.9513827603519,-75.1505658415867,39.9464361327538,am_peak,TRUE,0,12.59361,ok,16.3166666666667,1.46666666666667,3.53333333333333,6.31666666666667,5,0,6115,6111
13629790102,10:00,600,-75.1505658415867,39.9464361327538,-75.1647675352254,39.9513827603519,off_peak,FALSE,30,15.978487,ok,18.0666666666667,2.38333333333333,1.61666666666667,10,4.06666666666667,0,14880,130
13629790103,13:00,780,-75.1647675352254,39.9513827603519,-75.2318795104928,39.8804695206274,off_peak,FALSE,30,36.199896,ok,57.2833333333333,1.46666666666667,2.53333333333333,48.8666666666667,4.41666666666667,4,6115,29440
13665150202,13:10,790,-75.1495939755084,40.0125900284939,-75.1634808483634,39.9480403151119,off_peak,FALSE,35,19.165346,ok,25.6166666666667,1.46666666666667,3.88333333333333,18.4,1.86666666666667,1,15985,1282
13665150203,15:10,910,-75.1634808483634,39.9480403151119,-75.1971342156818,40.0138387034349,off_peak,FALSE,30,28.795487,ok,42.6833333333333,1.76666666666667,0.733333333333333,33.8666666666667,6.31666666666667,1,32140,18014
13665150205,16:30,990,-75.1898605144712,40.0114702178942,-75.1859236878394,40.0056791510122,pm_peak,TRUE,45,10.66726,ok,25.1,4.36666666666667,7.46666666666667,0.5,12.7666666666667,0,24731,27755
13701130101,12:40,760,-75.177201361549,39.9550054347417,-75.1722789942054,39.9539778646615,off_peak,FALSE,0,6.342676,ok,7.3,1.95,0.983333333333333,3.08333333333333,1.28333333333333,0,10283,32501
13701130102,13:00,780,-75.1722789942054,39.9539778646615,-75.1603747972298,39.949646258079,off_peak,FALSE,0,12.251311,ok,22.05,1.38333333333333,8.71666666666667,5.9,6.05,1,8941,283
13701130103,13:30,810,-75.1603747972298,39.949646258079,-75.1648345113326,39.9541020155151,off_peak,FALSE,5,8.253871,ok,18.1666666666667,1.36666666666667,6.23333333333333,7.4,3.16666666666667,1,14886,32141
13702340102,6:25,385,-75.099782195019,40.006355591222,-75.2322455285086,39.963278945388,am_peak,TRUE,,37.303742,ok,53.3333333333333,1.46666666666667,9.56666666666667,40.6833333333333,1.61666666666667,2,17600,24463
13702340103,15:50,950,-75.2322455285086,39.963278945388,-75.0529627230323,40.0535132505067,off_peak,FALSE,22,55.209946,ok,71.9833333333333,1.26666666666667,4.78333333333333,61.35,4.58333333333333,2,24517,22494
13702340105,17:05,1025,-75.1840170635385,39.9534784074457,-75.099782195019,40.006355591222,pm_peak,TRUE,20,30.456666,ok,39.8,0.416666666666667,0.183333333333333,34.4,4.8,2,20976,838
13765230201,11:00,660,-75.2089552381808,40.2894315326318,-75.1346109509137,40.3071295327499,off_peak,FALSE,59,27.333333,no_origin_stop,,,,,,,,
13765230202,14:00,840,-75.1346109509137,40.3071295327499,-75.2089552381808,40.2894315326318,off_peak,FALSE,60,25.333333,no_dest_stop,,,,,,,,
13771870101,11:15,675,-75.2354698649569,39.9579979858569,-75.2354698649569,39.9579979858569,off_peak,FALSE,135,7.151229,ok,4.43333333333333,0.433333333333333,0.666666666666667,0.6,2.73333333333333,0,21381,21382
13772340101,11:30,690,-75.1720816011546,39.9549927124551,-75.1779217463161,39.9533873770951,off_peak,FALSE,25,7.324358,ok,12.4666666666667,1.4,3.7,1.9,5.46666666666667,0,4465,107
13772340102,13:10,790,-75.1779217463161,39.9533873770951,-75.1720816011546,39.9549927124551,off_peak,FALSE,650,7.122217,ok,7.56666666666667,1.28333333333333,1.65,3.08333333333333,1.55,0,10283,32501
13791240101,4:50,290,-75.1601043768351,40.0613309307968,-75.1471644147674,40.0425358392666,off_peak,FALSE,23,18.395248,unreachable,,,,,,,,
13791240102,5:38,338,-75.1471644147674,40.0425358392666,-75.0798260530761,40.0248633027149,off_peak,FALSE,16,40.129723,ok,56.2333333333333,1.33333333333333,11.5666666666667,40.9333333333333,2.4,3,18486,23775
13791240105,13:12,792,-75.0490199739364,40.069819370287,-75.0798260530761,40.0248633027149,off_peak,FALSE,39,27.269787,ok,41.6833333333333,1.83333333333333,5.43333333333333,27.1,7.31666666666667,1,23113,22470
13791240106,14:03,843,-75.0798260530761,40.0248633027149,-75.1398050137829,40.0366774270012,off_peak,FALSE,19,26.442028,ok,36.2333333333333,2.06666666666667,2.06666666666667,29.7666666666667,2.33333333333333,2,30219,15907
13791240107,14:30,870,-75.1398050137829,40.0366774270012,-75.1601043768351,40.0613309307968,off_peak,FALSE,15,27.632218,ok,54.5333333333333,1.26666666666667,28.5333333333333,17.6833333333333,7.05,2,17396,15556
13835240103,15:00,900,-75.2322455285086,39.963278945388,-75.2240243087353,39.9622994543846,off_peak,FALSE,30,10.662495,ok,14.3833333333333,1.66666666666667,3.7,4.63333333333333,4.38333333333333,1,24516,2450
13835240104,16:00,960,-75.2240243087353,39.9622994543846,-75.2322455285086,39.963278945388,pm_peak,TRUE,30,11.342455,ok,14.4,1.6,1.08333333333333,10.1,1.61666666666667,2,21699,24463
13835240106,21:30,1290,-75.214203546323,39.966573251699,-75.2322455285086,39.963278945388,off_peak,FALSE,60,16.251044,ok,16.9333333333333,3.56666666666667,2,7.23333333333333,4.13333333333333,1,25594,32181
13861880101,10:34,634,-75.2226378551491,39.995965776317,-75.2093603571935,40.0074782230597,off_peak,FALSE,16,15.499971,ok,17.7333333333333,6.01666666666667,0.566666666666667,10.4166666666667,0.733333333333333,0,21572,643
13861880102,11:12,672,-75.2093603571935,40.0074782230597,-75.2226378551491,39.995965776317,off_peak,FALSE,21,14.978003,ok,24.5333333333333,0.966666666666667,7.03333333333333,10.9,5.63333333333333,0,634,25979
13861880103,12:14,734,-75.2226378551491,39.995965776317,-75.1672929773502,39.9544153783527,off_peak,FALSE,46,35.264633,ok,45.35,5.63333333333333,11.2666666666667,24.1,4.35,1,25979,1392
13861880104,13:34,814,-75.1672929773502,39.9544153783527,-75.2226378551491,39.995965776317,off_peak,FALSE,37,30.941227,ok,43.45,1.25,2.03333333333333,34.15,6.01666666666667,2,8936,21572
13885570102,15:00,900,-75.1541388337345,39.9522458625874,-75.1630984016405,39.9735438590113,off_peak,FALSE,540,16.41674,ok,31.6333333333333,1.73333333333333,7.31666666666667,16.2,6.38333333333333,1,31178,32147
13888660105,16:31,991,-75.1742868895805,39.952935291834,-75.1717674832599,39.9564206302579,pm_peak,TRUE,23,6.681579,ok,11.4166666666667,1.86666666666667,2.83333333333333,1.1,5.61666666666667,0,21317,10275
13900780102,9:15,555,-75.3460361638143,40.1143423687777,-75.1834073455283,39.9599979498596,am_peak,TRUE,47,50.851946,ok,83.3833333333334,1.95,19.05,53,9.38333333333333,1,32185,21532
14027620104,6:55,415,-75.1018775098952,39.9927596244991,-75.103797227359,39.9987737258,am_peak,TRUE,5,11.463373,ok,20.1166666666667,3.25,0.516666666666667,6.91666666666667,9.43333333333333,0,32685,31489
14033150102,7:49,469,-75.3170969015922,40.0208081125859,-75.1648345113326,39.9541020155151,am_peak,TRUE,21,27.304952,ok,60.85,0.483333333333333,4.51666666666667,53,2.85,2,2018,1392
14033150107,17:15,1035,-75.1648345113326,39.9541020155151,-75.3170969015922,40.0208081125859,pm_peak,TRUE,27,28.619029,ok,66.0333333333333,0.833333333333333,3.68333333333333,51.4833333333333,10.0333333333333,2,17842,1925
14082550201,8:30,510,-75.1800070313661,39.946441631749,-75.1584725274299,39.950967187359,am_peak,TRUE,20,18.185262,ok,26.95,0.616666666666667,0.333333333333333,24.4833333333333,1.51666666666667,3,30639,6057
14082550203,18:15,1095,-75.1588750233838,39.9528401835985,-75.1800070313661,39.946441631749,pm_peak,TRUE,25,21.551501,ok,24.2666666666667,2.03333333333333,1.51666666666667,20.05,0.666666666666667,3,10259,22237
14109230201,12:30,750,-75.1752524766747,39.9659654913561,-75.1706866571216,39.953785415184,off_peak,FALSE,25,13.509443,ok,22.4166666666667,0.916666666666667,10.4833333333333,9.33333333333333,1.68333333333333,0,2863,10275
14109230203,14:41,881,-75.1704674139331,39.9548009865238,-75.1752524766747,39.9659654913561,off_peak,FALSE,24,11.163505,ok,16.3,1.21666666666667,0.933333333333333,6.61666666666667,7.53333333333333,0,8939,14920
14197380101,8:50,530,-75.0325978610195,40.0871418066782,-75.0764572984039,40.1039681051157,am_peak,TRUE,45,40.217627,ok,100.233333333333,3.35,1.41666666666667,84.7833333333333,10.6833333333333,5,23123,1117
14197380102,10:35,635,-75.0764572984039,40.1039681051157,-75.0721554762398,40.0826017949601,off_peak,FALSE,55,42.283728,ok,73.3833333333334,11.1,3.4,52,6.88333333333333,2,23740,22869
14197380103,11:50,710,-75.0721554762398,40.0826017949601,-75.0325978610195,40.0871418066782,off_peak,FALSE,40,29.306402,ok,56.8,6.88333333333333,15.6166666666667,30.7166666666667,3.58333333333333,1,22869,23253
14198050102,6:41,401,-74.8976831541036,40.1863154165969,-75.1648345113326,39.9541020155151,am_peak,TRUE,49,64.126648,no_origin_stop,,,,,,,,
14198050104,16:47,1007,-75.1648345113326,39.9541020155151,-74.8976831541036,40.1863154165969,pm_peak,TRUE,53,61.302311,no_dest_stop,,,,,,,,
14231890102,10:29,629,-75.1704674139331,39.9548009865238,-75.1724998481553,39.9491635804723,off_peak,FALSE,6,6.218606,ok,17.8333333333333,1.43333333333333,3.85,0.816666666666667,11.7333333333333,0,4464,4465
14259240301,6:50,410,-75.0534528142384,40.0711126916022,-75.1392078148453,39.9466654688148,am_peak,TRUE,70,51.862759,ok,59.9666666666667,4.71666666666667,4.28333333333333,42.4,8.56666666666667,1,26165,32170
14259240303,17:45,1065,-75.1541388337345,39.9522458625874,-75.0798260530761,40.0248633027149,pm_peak,TRUE,0,30.675424,ok,44.1666666666667,1.73333333333333,2.71666666666667,37.3166666666667,2.4,3,31178,23775
14292220102,15:00,900,-75.1578194556998,39.9904255905816,-75.1553089348274,40.0036904586044,off_peak,FALSE,60,13.206704,ok,24.3833333333333,3.63333333333333,4.58333333333333,11.0333333333333,5.13333333333333,2,17135,32151
14292220202,15:00,900,-75.1578194556998,39.9904255905816,-75.1553089348274,40.0036904586044,off_peak,FALSE,60,13.206704,ok,24.3833333333333,3.63333333333333,4.58333333333333,11.0333333333333,5.13333333333333,2,17135,32151
14409980107,16:36,996,-75.1603747972298,39.949646258079,-75.1569523625043,39.943116935689,pm_peak,TRUE,11,11.982005,ok,13.45,1.28333333333333,2.1,2.8,7.26666666666667,0,16132,16499
14409980202,8:42,522,-75.1537481432666,39.9503794767793,-75.1906300416804,39.958024348983,am_peak,TRUE,3,12.45248,ok,15.0166666666667,1.46666666666667,4.01666666666667,5.5,4.03333333333333,0,32172,32177
14409980205,15:50,950,-75.1941152941134,39.9546263068532,-75.1941152941134,39.9546263068532,off_peak,FALSE,5,5.618508,ok,8.28333333333333,0.633333333333333,3.25,1.3,3.1,0,21353,21354
14515470101,12:30,750,-75.1944243101308,40.0409483586041,-75.1894072133033,40.0670899916203,off_peak,FALSE,15,29.216457,ok,50.1166666666667,1.16666666666667,8.56666666666667,32.2333333333333,8.15,2,16462,17407
14515470102,14:15,855,-75.1894072133033,40.0670899916203,-75.1474545568906,39.9496085506464,off_peak,FALSE,50,46.160672,ok,69.65,8.46666666666667,5.53333333333333,52.9833333333333,2.66666666666667,2,15440,2458
14515470104,17:45,1065,-75.1466622121185,39.9478355374067,-75.1944243101308,40.0409483586041,pm_peak,TRUE,80,42.423977,ok,65.0333333333333,1.13333333333333,7,53.15,3.75,5,20972,18276
14561950202,8:47,527,-75.3393898477744,40.011683172831,-75.2626735411038,39.9640057100153,am_peak,TRUE,15,44.090391,no_origin_stop,,,,,,,,
14561950203,9:06,546,-75.2626735411038,39.9640057100153,-75.1584725274299,39.950967187359,am_peak,TRUE,31,25.304342,ok,39.6,2.61666666666667,4.18333333333333,31.4666666666667,1.33333333333333,2,18639,2456
14587770202,7:02,422,-75.269943076881,39.9356820759347,-75.1392788470332,40.0429484652339,am_peak,TRUE,40,53.504653,ok,77.0333333333333,2.63333333333333,11,59.3666666666667,4.03333333333333,4,19788,20965
14587770203,7:49,469,-75.1392788470332,40.0429484652339,-75.1471644147674,40.0425358392666,am_peak,TRUE,13,9.182213,ok,23.4166666666667,2.08333333333333,8.96666666666667,0.45,11.9166666666667,0,17716,17718
14587770205,15:58,958,-75.1471644147674,40.0425358392666,-75.1480260525691,39.9820906148628,off_peak,FALSE,11,33.507331,ok,37.4,1.33333333333333,4.23333333333333,26.9,4.93333333333333,3,18486,16868
14587770206,16:25,985,-75.1480260525691,39.9820906148628,-75.1471644147674,40.0425358392666,pm_peak,TRUE,25,34.150613,ok,35.2166666666667,0.75,2.48333333333333,24.7666666666667,7.21666666666667,3,16273,32156
14644900103,8:30,510,-75.1483131665262,39.937767343598,-75.1672929773502,39.9544153783527,am_peak,TRUE,25,21.901761,ok,30.2666666666667,0.166666666666667,7.85,21,1.25,1,17546,8936
14644900104,17:40,1060,-75.1672929773502,39.9544153783527,-75.1483131665262,39.937767343598,pm_peak,TRUE,35,23.458897,ok,42.0833333333333,1.25,5.05,25.4,10.3833333333333,1,8936,25094
14717270101,12:40,760,-75.233360759861,39.9720395071482,-75.2069459522751,39.9687555499558,off_peak,FALSE,53,19.659066,ok,27.7166666666667,0.75,0.0166666666666667,22.45,4.5,2,24511,20632
14717270102,15:45,945,-75.2069459522751,39.9687555499558,-75.233360759861,39.9720395071482,off_peak,FALSE,50,19.942563,ok,33.5,1.83333333333333,6.78333333333333,22.25,2.63333333333333,1,21560,21037
14729440201,7:10,430,-75.2784887557887,39.9397339356879,-75.1957094473416,39.9494354858208,am_peak,TRUE,30,34.214502,ok,56.3333333333333,5.1,10.9333333333333,36.3333333333333,3.96666666666667,2,20011,31393
14729440202,16:30,990,-75.1957094473416,39.9494354858208,-75.2784887557887,39.9397339356879,pm_peak,TRUE,30,29.076944,ok,51.6,3.08333333333333,2.51666666666667,41.1666666666667,4.83333333333333,3,20731,19902
14729440302,18:04,1084,-75.3612694227735,39.9438814885064,-75.2774149663199,39.9687743576991,pm_peak,TRUE,36,42.495142,ok,56.15,11.95,14.05,24.2,5.95,1,2052,18651
14729440501,17:40,1060,-75.2784887557887,39.9397339356879,-75.3612694227735,39.9438814885064,pm_peak,TRUE,40,55.081312,ok,61.95,4.83333333333333,9.93333333333333,35.2333333333333,11.95,1,19902,2052
14729440502,23:00,1380,-75.3612694227735,39.9438814885064,-75.2774149663199,39.9687743576991,off_peak,FALSE,19,41.603871,ok,73.5833333333333,11.95,24.05,33.8833333333333,3.7,1,2052,1917
14795400101,7:09,429,-75.1595117962634,39.9367714452714,-75.1446587384151,39.9502859178682,am_peak,TRUE,7,18.833743,ok,31.75,0.766666666666667,9.31666666666667,16.1,5.56666666666667,1,24674,23985
14795400102,11:26,686,-75.1446587384151,39.9502859178682,-75.1595117962634,39.9367714452714,off_peak,FALSE,19,19.382696,ok,42.1333333333333,1.18333333333333,17.15,19.75,4.05,1,30079,16300
14887230101,7:10,430,-75.269943076881,39.9356820759347,-75.1677276497158,39.9525760413027,am_peak,TRUE,40,26.931869,ok,44.4,2.63333333333333,3,35.3666666666667,3.4,2,19788,1392
14887230102,16:30,990,-75.1677276497158,39.9525760413027,-75.026451490852,40.0393341295038,pm_peak,TRUE,38,46.056004,ok,71.3166666666667,1,0,66,4.31666666666667,4,18451,964
14887230104,18:30,1110,-75.1815493379532,39.9195932035454,-75.1648345113326,39.9541020155151,pm_peak,TRUE,30,22.572731,ok,31.1666666666667,2.68333333333333,5.91666666666667,19.4,3.16666666666667,2,24369,32141
14887230105,19:05,1145,-75.1648345113326,39.9541020155151,-75.269943076881,39.9356820759347,off_peak,FALSE,35,21.166667,ok,50.5666666666667,0.833333333333333,2.16666666666667,44.6,2.96666666666667,3,17842,19834
14902100102,9:35,575,-75.1530023621858,39.9760354383899,-75.1941152941134,39.9546263068532,off_peak,FALSE,30,31.424232,ok,42.3166666666667,0.883333333333333,2.6,34.5,4.33333333333333,4,16864,32177
14902100103,15:20,920,-75.1941152941134,39.9546263068532,-75.1562910038297,39.9768159139408,off_peak,FALSE,40,25.396784,ok,30.4833333333333,1.28333333333333,1.71666666666667,23.5,3.98333333333333,2,20641,32148
14922300102,8:29,509,-75.3298869993221,39.9712666509447,-75.2626735411038,39.9640057100153,am_peak,TRUE,16,23.129528,ok,27.8166666666667,6.45,0.9,15.6333333333333,4.83333333333333,0,18808,18830
14922300103,8:48,528,-75.2626735411038,39.9640057100153,-75.1906300416804,39.958024348983,am_peak,TRUE,11,22.920065,ok,31.8166666666667,2.61666666666667,0.25,24.8,4.15,2,18639,2453
14922300108,17:26,1046,-75.1906300416804,39.958024348983,-75.2626735411038,39.9640057100153,pm_peak,TRUE,11,22.836948,ok,29.0833333333333,1.55,0,21.6833333333333,5.85,2,21524,15319
14922300109,17:46,1066,-75.2626735411038,39.9640057100153,-75.3283478818808,39.9804431108819,pm_peak,TRUE,19,21.604407,ok,31.6666666666667,2.61666666666667,5.25,14.9,8.9,0,18639,18662
16626740102,9:26,566,-75.1621989372444,39.9276530000056,-75.1516301589525,39.9168650559185,am_peak,TRUE,23,18.655667,ok,38.6833333333333,1.3,12.65,20.5166666666667,4.21666666666667,1,24198,18132
16626740103,10:05,605,-75.1516301589525,39.9168650559185,-75.3963715320328,40.0891211603589,off_peak,FALSE,62,85.011459,ok,90.9,1,5.01666666666667,79.9833333333333,4.9,4,17373,1827
16626740104,19:22,1162,-75.3963715320328,40.0891211603589,-75.1612826317197,39.9532127364358,off_peak,FALSE,53,56.071776,ok,71.8,3.93333333333333,16.0166666666667,49.75,2.1,1,28981,2455
16626740106,20:44,1244,-75.1638872349499,39.9525548857932,-75.1655746637264,39.9307064691021,off_peak,FALSE,13,12.638667,ok,18.4833333333333,0.383333333333333,6.61666666666667,7,4.48333333333333,0,1281,1285
16626740202,11:35,695,-75.1655746637264,39.9307064691021,-75.1588750233838,39.9528401835985,off_peak,FALSE,20,18.778463,ok,29.25,1.61666666666667,0.416666666666667,19.9666666666667,7.25,1,16518,32141
16626740204,12:15,735,-75.150623776162,39.9499928305521,-75.2070232144824,39.990493481725,off_peak,FALSE,35,37.233779,no_dest_stop,,,,,,,,
16648230101,6:00,360,-75.0272886661161,40.0451130655592,-75.1725391195037,39.9527196860213,am_peak,TRUE,40,58.871651,ok,86.4,4.58333333333333,22.4833333333333,57.3833333333333,1.95,3,23508,20660
16649670102,4:48,288,-75.0675318693472,40.0381003553224,-75.0798260530761,40.0248633027149,off_peak,FALSE,2,13.668114,ok,41.9833333333333,0.783333333333333,12.0333333333333,21.85,7.31666666666667,1,21956,22470
16649670103,5:50,350,-75.0798260530761,40.0248633027149,-75.1669894744938,39.9484799410289,off_peak,FALSE,0,38.363268,ok,51.9,2.06666666666667,2.06666666666667,39.8666666666667,7.9,2,30219,32175
16649670104,6:20,380,-75.1669894744938,39.9484799410289,-75.1957094473416,39.9494354858208,am_peak,TRUE,10,18.189905,ok,26.2333333333333,2.41666666666667,6.5,14.9666666666667,2.35,2,14080,22232
16649670105,17:00,1020,-75.1957094473416,39.9494354858208,-75.1957094473416,39.9494354858208,pm_peak,TRUE,0,6.263009,ok,13.3833333333333,2.65,6.26666666666667,0.9,3.56666666666667,0,22573,15230
16649670106,17:30,1050,-75.1957094473416,39.9494354858208,-75.0798260530761,40.0248633027149,pm_peak,TRUE,40,44.559262,ok,45.2,3.08333333333333,2.51666666666667,37.5333333333333,2.06666666666667,2,20731,30219
16649670107,18:30,1110,-75.0798260530761,40.0248633027149,-75.0675318693472,40.0381003553224,pm_peak,TRUE,15,14.601377,ok,33.5333333333333,2.06666666666667,1.06666666666667,17.5,12.9,1,30219,5626
16652140101,13:50,830,-75.1410924621013,39.9257396921949,-75.1829342839572,39.9329910377486,off_peak,FALSE,40,20.783989,ok,39.95,1.13333333333333,7.86666666666667,28.1666666666667,2.78333333333333,0,101,25143
16689570104,17:15,1035,-75.1766032234225,39.9460189303461,-75.1498041127206,39.934304016358,pm_peak,TRUE,35,21.95929,ok,31.2666666666667,1.91666666666667,7.81666666666667,20.8166666666667,0.716666666666667,1,22239,24681
16699930301,7:15,435,-75.0778044811142,40.0783798762855,-75.1712542041449,40.055999502503,am_peak,TRUE,75,60.049459,ok,89.4333333333333,6.1,24.6166666666667,49.4166666666667,9.3,2,23531,17483
16704030202,16:30,990,-75.1580149724927,39.9493530835764,-75.0440576064122,40.055019358023,pm_peak,TRUE,60,45.626261,ok,65.5,1.58333333333333,7.3,52.4166666666667,4.2,2,16844,22498
16710320101,6:10,370,-75.1779589729157,39.9323508816088,-75.2297477143439,39.9955405987823,am_peak,TRUE,70,40.718934,ok,56.3833333333333,0.983333333333333,2.88333333333333,45.6833333333333,6.83333333333333,2,21301,20561
16710320102,15:45,945,-75.2297477143439,39.9955405987823,-75.1779589729157,39.9323508816088,off_peak,FALSE,77,43.608641,ok,64.7333333333333,2.6,0.266666666666667,60.7666666666667,1.1,4,3566,24226
16723110102,15:30,930,-75.1588750233838,39.9528401835985,-75.1944243101308,40.0409483586041,off_peak,FALSE,45,34.294573,ok,48.2833333333333,1.91666666666667,0.0833333333333333,45.1333333333333,1.15,2,756,16456
16741510101,8:00,480,-75.1499787429165,39.9261869529317,-75.173930383129,39.954707841715,am_peak,TRUE,30,33.307496,ok,32.5833333333333,1.31666666666667,1.41666666666667,25.7166666666667,4.13333333333333,3,24205,20660
16741510102,17:00,1020,-75.173930383129,39.954707841715,-75.1499787429165,39.9261869529317,pm_peak,TRUE,35,32.257805,ok,45.05,1.6,1.31666666666667,40.8166666666667,1.31666666666667,3,8941,24205
16753460201,8:20,500,-75.1560983260195,39.9553691545034,-75.1977262540913,39.9594259908695,am_peak,TRUE,30,24.772787,ok,25.2666666666667,3.66666666666667,0.15,19.4166666666667,2.03333333333333,1,14933,20663
16753460208,19:05,1145,-75.1984494658686,39.9539400028283,-75.1560983260195,39.9553691545034,off_peak,FALSE,30,23.606578,ok,38.3666666666667,2.13333333333333,11.2833333333333,14.5833333333333,10.3666666666667,1,622,283
16829010201,8:00,480,-75.2783533552924,39.9575793577259,-75.1941152941134,39.9546263068532,am_peak,TRUE,45,33.454409,ok,39.9333333333333,6.21666666666667,6.45,23,4.26666666666667,1,15102,2453
16837500101,11:00,660,-75.1509013014001,40.0025369261947,-75.0490199739364,40.069819370287,off_peak,FALSE,30,53.074882,ok,58.8833333333333,2.26666666666667,4.55,50.2333333333333,1.83333333333333,2,15021,23113
16837500102,17:00,1020,-75.0490199739364,40.069819370287,-75.1509013014001,40.0025369261947,pm_peak,TRUE,60,50.271491,ok,62.05,2.4,1.83333333333333,54.5166666666667,3.3,2,23264,142
16842350103,11:40,700,-75.164306407762,40.0640308089852,-75.1673585815214,39.9505151310837,off_peak,FALSE,30,47.891438,ok,81.7333333333333,3.55,27.25,45.2,5.73333333333333,2,18177,1281
16842350104,12:15,735,-75.1673585815214,39.9505151310837,-75.164306407762,40.0640308089852,off_peak,FALSE,23,44.706533,ok,60.85,1.25,7.71666666666667,44.4166666666667,7.46666666666667,2,14907,15558
16850430301,14:10,850,-75.2470254533281,39.9098598374513,-75.1941152941134,39.9546263068532,off_peak,FALSE,38,30.103433,ok,51.2166666666667,0.816666666666667,18.8333333333333,30.05,1.51666666666667,2,30538,20732
16850430302,22:36,1356,-75.1941152941134,39.9546263068532,-75.2470254533281,39.9098598374513,off_peak,FALSE,54,28.351852,ok,51.1833333333333,1.28333333333333,1.71666666666667,35.9666666666667,12.2166666666667,2,20641,20761
16886390101,10:20,620,-75.2306181788506,40.0331480094283,-75.2387234054179,40.0409946008438,off_peak,FALSE,16,14.2,no_origin_stop,,,,,,,,
16886390103,12:20,740,-75.1541388337345,39.9522458625874,-75.2306181788506,40.0331480094283,off_peak,FALSE,55,31.267485,no_dest_stop,,,,,,,,
16886390201,7:45,465,-75.2306181788506,40.0331480094283,-75.1662257986882,39.9519342771783,am_peak,TRUE,45,30.691473,no_origin_stop,,,,,,,,
16886390202,9:15,555,-75.1662257986882,39.9519342771783,-75.2306181788506,40.0331480094283,am_peak,TRUE,30,30.790388,no_dest_stop,,,,,,,,
16899100102,13:52,832,-75.1673759243643,39.9592890487195,-75.1677276497158,39.9525760413027,off_peak,FALSE,6,8.479594,ok,14.45,0.233333333333333,8.21666666666667,4.55,1.45,0,24172,34
16899100103,14:10,850,-75.1677276497158,39.9525760413027,-75.1588750233838,39.9528401835985,off_peak,FALSE,6,9.601632,ok,10.2833333333333,1,2,5.25,2.03333333333333,0,18451,10259
16899100104,14:58,898,-75.1588750233838,39.9528401835985,-75.1673759243643,39.9592890487195,off_peak,FALSE,44,14.534995,ok,14.7833333333333,1.86666666666667,1.43333333333333,6.1,5.38333333333333,1,10262,3057
16899100202,13:45,825,-75.1673759243643,39.9592890487195,-75.1410924621013,39.9257396921949,off_peak,FALSE,15,38.644684,ok,60.1333333333333,0.233333333333333,15.2166666666667,43.55,1.13333333333333,2,24172,101
16899100203,14:10,850,-75.1410924621013,39.9257396921949,-75.1424353043086,39.9181642204268,off_peak,FALSE,5,11.227439,ok,21.5666666666667,1.13333333333333,4.86666666666667,14,1.56666666666667,0,101,30090
16899100204,14:16,856,-75.1424353043086,39.9181642204268,-75.1673759243643,39.9592890487195,off_peak,FALSE,8,37.955536,ok,44.5833333333333,1.56666666666667,8.43333333333333,29.2,5.38333333333333,2,30090,3057
16915460101,8:50,530,-75.1629816913276,39.9348297671495,-75.1540803782248,39.9488624668665,am_peak,TRUE,31,18.644372,ok,20.5333333333333,1.46666666666667,4.31666666666667,13.4666666666667,1.28333333333333,1,16832,6113
16915460103,18:22,1102,-75.1540803782248,39.9488624668665,-75.1603747972298,39.949646258079,pm_peak,TRUE,2,7.050825,ok,7.41666666666667,1.33333333333333,1.13333333333333,3.58333333333333,1.36666666666667,0,14882,14886
16915460201,15:35,935,-75.1629816913276,39.9348297671495,-75.1727947008017,39.9254003368501,off_peak,FALSE,20,16.189527,ok,15.4666666666667,1.08333333333333,2.93333333333333,10.4166666666667,1.03333333333333,1,16509,24290
16915460202,17:15,1035,-75.1727947008017,39.9254003368501,-75.1629816913276,39.9348297671495,pm_peak,TRUE,23,15.312098,ok,21.1333333333333,1.03333333333333,5.48333333333333,3.78333333333333,10.8333333333333,0,3045,3072
16915460301,15:35,935,-75.1629816913276,39.9348297671495,-75.1727947008017,39.9254003368501,off_peak,FALSE,20,16.189527,ok,15.4666666666667,1.08333333333333,2.93333333333333,10.4166666666667,1.03333333333333,1,16509,24290
16915460302,17:15,1035,-75.1727947008017,39.9254003368501,-75.1629816913276,39.9348297671495,pm_peak,TRUE,23,15.312098,ok,21.1333333333333,1.03333333333333,5.48333333333333,3.78333333333333,10.8333333333333,0,3045,3072
16918300301,14:30,870,-75.2354698649569,39.9579979858569,-75.3054031466246,40.0948116936931,off_peak,FALSE,90,71.077815,ok,114.316666666667,0.116666666666667,1.56666666666667,102.316666666667,10.3166666666667,3,24461,27325
16918300302,21:00,1260,-75.3054031466246,40.0948116936931,-75.2354698649569,39.9579979858569,off_peak,FALSE,120,78.325737,unreachable,,,,,,,,
16982370101,6:50,410,-75.1661003080911,39.9138576581668,-75.177201361549,39.9550054347417,am_peak,TRUE,40,30.040523,ok,24.5833333333333,1.88333333333333,0.533333333333333,20.2166666666667,1.95,2,24617,20661
16982370102,13:15,795,-75.177201361549,39.9550054347417,-75.1661003080911,39.9138576581668,off_peak,FALSE,60,29.265591,ok,36.2833333333333,1.95,1.33333333333333,28.15,4.85,3,20661,21794
17006980103,19:50,1190,-75.0548710138514,40.0392738731303,-75.064739389944,39.9987906700722,off_peak,FALSE,0,26.982511,ok,74.6333333333334,5.25,8.86666666666667,47.8833333333333,12.6333333333333,4,22487,488
17039520301,9:45,585,-75.2322110900897,39.9433969244803,-75.2298442421393,39.9293235759694,off_peak,FALSE,15,17.509704,ok,22.9833333333333,5.16666666666667,1.61666666666667,15.2833333333333,0.916666666666667,1,24444,20750
17039520303,17:00,1020,-75.2322110900897,39.9433969244803,-75.1625826795934,39.9513495936779,pm_peak,TRUE,60,30.021338,ok,37.15,4.91666666666667,7.78333333333333,22.3,2.15,1,21710,283
17039520304,21:00,1260,-75.1625826795934,39.9513495936779,-75.2322110900897,39.9433969244803,off_peak,FALSE,60,27.726097,ok,37.45,1.76666666666667,4.36666666666667,26.4,4.91666666666667,2,6059,21710
17064460105,15:00,900,-75.1634808483634,39.9480403151119,-75.1521306030788,39.9429783145413,off_peak,FALSE,10,10.910851,ok,22.7,1.63333333333333,3.41666666666667,15.75,1.9,1,15187,22253
17068450101,7:00,420,-75.0496128532966,40.0354238877738,-75.1634808483634,39.9480403151119,am_peak,TRUE,75,47.086422,ok,52.6166666666667,4.56666666666667,2.38333333333333,43.8,1.86666666666667,2,21940,1282
17141540101,14:15,855,-75.1720816011546,39.9549927124551,-75.1662257986882,39.9519342771783,off_peak,FALSE,15,6.917849,ok,6.53333333333333,1.21666666666667,1.18333333333333,2.28333333333333,1.85,1,31348,18451
17141540102,14:40,880,-75.1662257986882,39.9519342771783,-75.1584725274299,39.950967187359,off_peak,FALSE,10,7.33113,ok,7.4,1.53333333333333,0.25,3.86666666666667,1.75,0,10266,10259
17141540103,15:10,910,-75.1584725274299,39.950967187359,-75.1474545568906,39.9496085506464,off_peak,FALSE,15,8.103726,ok,6.65,1.33333333333333,0.933333333333333,1.71666666666667,2.66666666666667,0,2456,2458
17141540104,15:35,935,-75.1474545568906,39.9496085506464,-75.1720816011546,39.9549927124551,off_peak,FALSE,0,13.689618,ok,22.4166666666667,1.53333333333333,4.68333333333333,13.2333333333333,2.96666666666667,1,10311,20660
17141540105,18:00,1080,-75.1720816011546,39.9549927124551,-75.1710325749335,39.9522008993665,pm_peak,TRUE,10,4.939544,ok,14.7666666666667,1.21666666666667,4.88333333333333,6.35,2.31666666666667,1,31348,20660
17141540201,18:00,1080,-75.1720816011546,39.9549927124551,-75.1710325749335,39.9522008993665,pm_peak,TRUE,10,4.939544,ok,14.7666666666667,1.21666666666667,4.88333333333333,6.35,2.31666666666667,1,31348,20660
17159110101,16:00,960,-75.1845576169885,39.942839888606,-75.1845576169885,39.942839888606,pm_peak,TRUE,60,5.801711,ok,16.1333333333333,5.08333333333333,4.31666666666667,1,5.73333333333333,0,25922,24663
17174020101,16:30,990,-75.2709909238752,39.9451405536483,-75.1676557779857,39.9917901151344,pm_peak,TRUE,30,62.307444,ok,84.1833333333334,5.66666666666667,16.0666666666667,60.8166666666667,1.63333333333333,3,20019,14752
17212040102,13:07,787,-75.1906300416804,39.958024348983,-75.1662257986882,39.9519342771783,off_peak,FALSE,10,10.026084,ok,21.75,1.35,10.7666666666667,7.88333333333333,1.75,1,21525,1392
17259900202,17:05,1025,-75.1545851492175,39.9813757258968,-75.1630657978927,39.949981511781,pm_peak,TRUE,40,20.484539,ok,22.7,1.55,2.23333333333333,14.95,3.96666666666667,0,16111,16131
17259900203,19:45,1185,-75.1630657978927,39.949981511781,-75.3492309386474,40.0388695783485,off_peak,FALSE,45,49.364526,ok,69.3333333333333,1.48333333333333,2.51666666666667,57,8.33333333333333,2,130,1930
17282950101,10:30,630,-75.0158258461997,40.0544020678718,-75.041057350286,40.0391573349906,off_peak,FALSE,45,25.738973,ok,27.9833333333333,10.35,4.08333333333333,8.63333333333333,4.91666666666667,0,21921,21937
17282950102,13:00,780,-75.041057350286,40.0391573349906,-75.0158258461997,40.0544020678718,off_peak,FALSE,30,16.729886,ok,36.55,4.08333333333333,4.91666666666667,16.5,11.05,1,958,21844
17283810101,7:50,470,-75.1759814802506,40.079935638324,-75.1825340802128,40.0190281586366,am_peak,TRUE,0,44.602389,ok,47.9333333333333,0.4,5.9,40.8666666666667,0.766666666666667,2,15432,24726
17366930104,9:50,590,-75.1541388337345,39.9522458625874,-75.1672929773502,39.9544153783527,off_peak,FALSE,10,10.071209,ok,12.85,1.73333333333333,2.71666666666667,7.15,1.25,0,31178,8936
17366930109,19:20,1160,-75.1652643007328,39.9488899960486,-75.1629816913276,39.9348297671495,off_peak,FALSE,25,12.173843,ok,17.8333333333333,1.16666666666667,6.58333333333333,3.75,6.33333333333333,0,1282,1284
17366930207,18:00,1080,-75.1629816913276,39.9348297671495,-75.1630657978927,39.949981511781,pm_peak,TRUE,20,14.867626,ok,27.4,1.08333333333333,7.93333333333333,15.4833333333333,2.9,1,16509,32140
17366930208,19:45,1185,-75.1630657978927,39.949981511781,-75.1629816913276,39.9348297671495,off_peak,FALSE,25,12.84844,ok,19.3666666666667,1.73333333333333,3.85,6.98333333333333,6.8,0,15185,17177
