record_id,person_id,journey_id,trip_num,mode,rr_role,depart_time,depart_min_of_day,depart_lon,depart_lat,dest_lon,dest_lat,o_county,d_county,peak_period,is_peak,survey_travtime,model_travtime,tt_cut_mean_min,tt_cut_sd_min,tt_cut_n_ok,tt_restore_mean_min,tt_restore_sd_min,tt_restore_n_ok
1094870204,10948702,988,4,22,rail_leg,17:30,1050,-75.2885123046458,40.0829515339353,-75.2582617306911,39.9505465618713,42091,42045,pm_peak,TRUE,90,73.621258,103.4875,12.7327435353308,8,99.1604166666667,10.8678787576268,8
1114230101,11142301,1182,1,22,rail_leg,9:30,570,-75.3793856687375,39.8793852847628,-75.1466622121185,39.9478355374067,42045,42101,off_peak,FALSE,90,98.431321,99.05,10.352133435513,7,99.0595238095238,9.08082461351257,7
1114230103,11142301,1184,3,22,rail_leg,18:30,1110,-75.1611907875754,39.9477574019743,-75.3793856687375,39.8793852847628,42101,42045,pm_peak,TRUE,90,79.628151,,,0,,,0
1115690201,11156902,1207,1,22,rail_leg,7:45,465,-75.1021904955652,40.1763831579957,-75.1896061471959,39.9540702600328,42091,42101,am_peak,TRUE,70,58.011613,91.6,17.3060682998768,8,75.725,10.9144399764715,8
1115690202,11156902,1208,2,22,rail_leg,16:45,1005,-75.1896061471959,39.9540702600328,-75.1612826317197,39.9532127364358,42101,42101,pm_peak,TRUE,35,12.711605,11.7916666666667,0.916125381312904,8,11.5416666666667,1.18773493916542,8
1115690203,11156902,1209,3,22,rail_leg,20:15,1215,-75.1612826317197,39.9532127364358,-75.1021904955652,40.1763831579957,42101,42091,off_peak,FALSE,47,46.383333,83.9041666666667,16.050161325402,8,79.1666666666667,17.4622040827775,8
1128800201,11288002,1366,1,22,rail_leg,6:30,390,-75.3409244198258,40.1179073455375,-75.1505658415867,39.9464361327538,42091,42101,am_peak,TRUE,75,63.852249,78.6895833333333,8.57139918149723,8,73.0854166666667,6.90131939018887,8
1128800202,11288002,1367,2,22,rail_leg,16:45,1005,-75.1505658415867,39.9464361327538,-75.3409244198258,40.1179073455375,42101,42091,pm_peak,TRUE,90,65.367516,82.4020833333333,6.68665122191161,8,79.9833333333333,7.11428252693242,8
3000980104,30009801,2619,4,22,rail_leg,14:55,895,-75.1392788470332,40.0429484652339,-75.1588750233838,39.9528401835985,42101,42101,off_peak,FALSE,14,24.926883,31.3708333333333,4.07671231917747,8,32.2583333333333,4.80423919946897,8
3000980105,30009801,2619,5,22,rail_leg,15:28,928,-75.1588750233838,39.9528401835985,-75.3548774564537,39.9036369389223,42101,42045,off_peak,FALSE,42,36.921641,68.7,10.1734949746879,8,58.95,8.5104977192037,8
3038880104,30388801,3278,4,22,rail_leg,16:37,997,-75.1947508247048,40.0550864009275,-75.1648345113326,39.9541020155151,42101,42101,pm_peak,TRUE,33,42.670002,51.6166666666667,6.72415687757846,8,53.1166666666667,6.48624919128371,8
3068390302,30683903,3753,2,22,rail_leg,8:41,521,-75.2227705952579,40.1527379939727,-75.1545851492175,39.9813757258968,42091,42101,am_peak,TRUE,23,39.996098,69.2916666666667,19.6355181095018,8,69.5416666666667,18.7421412101941,8
3068390304,30683903,3754,4,22,rail_leg,19:30,1170,-75.1480260525691,39.9820906148628,-75.2227705952579,40.1527379939727,42101,42091,off_peak,FALSE,40,36.536966,60.1333333333333,18.1835875762419,8,61.6333333333333,17.4622040827775,8
3125270202,31252702,4811,2,22,rail_leg,11:28,688,-75.112010204855,40.0551558806353,-75.1834073455283,39.9599979498596,42091,42101,off_peak,FALSE,31,46.191884,75.4395833333333,5.9317810803935,8,67.2770833333333,4.92280841174326,8
3151800102,31518001,5336,2,22,rail_leg,17:30,1050,-75.2227705952579,40.1527379939727,-75.1704674139331,39.9548009865238,42091,42101,pm_peak,TRUE,45,50.672966,82.5375,17.3965051909038,8,63.3479166666667,15.5191137590095,8
3161510201,31615102,5431,1,22,rail_leg,6:30,390,-75.1894072133033,40.0670899916203,-75.1648345113326,39.9541020155151,42101,42101,am_peak,TRUE,40,40.553938,56.01875,6.46137140524424,8,50.64375,7.09140401561626,8
3185920104,31859201,5841,4,22,rail_leg,16:35,995,-75.1625826795934,39.9513495936779,-75.1588750233838,39.9528401835985,42101,42101,pm_peak,TRUE,10,7.666667,8.18958333333333,1.56904423187726,8,7.3625,1.06925838414459,8
3212130101,32121301,6241,1,22,rail_leg,6:30,390,-75.061570967779,40.1151744640308,-75.1687160134156,39.9558364756335,42091,42101,am_peak,TRUE,45,43.381023,75.7666666666667,12.2341734498085,6,69.1083333333333,13.9270406159191,8
3212130102,32121301,6242,2,22,rail_leg,16:47,1007,-75.1687160134156,39.9558364756335,-75.061570967779,40.1151744640308,42101,42091,pm_peak,TRUE,29,41.369717,69.7729166666667,10.3696976793115,8,63.9083333333333,12.5007142653073,8
3271390101,32713901,7404,1,22,rail_leg,6:05,365,-75.1161007447157,40.1433714101826,-75.1694605873533,39.9520071435649,42091,42101,am_peak,TRUE,70,59.050805,64.0458333333333,6.44689386264351,8,62.1916666666667,4.12349058482915,8
3271630304,32716303,7428,4,22,rail_leg,17:34,1054,-75.1648345113326,39.9541020155151,-75.3393886203709,40.0346462639254,42101,42045,pm_peak,TRUE,26,33.295487,49.5916666666667,3.32588453445214,8,50.5916666666667,8.22681928545629,8
3282960102,32829601,7679,2,22,rail_leg,8:27,507,-75.2344133789046,40.0088074073246,-75.1648345113326,39.9541020155151,42091,42101,am_peak,TRUE,19,26.069263,,,0,49.7666666666667,14.3199051162947,8
3282960105,32829601,7680,5,22,rail_leg,17:16,1036,-75.1677276497158,39.9525760413027,-75.1677276497158,39.9525760413027,42101,42101,pm_peak,TRUE,20,3.527778,10.5583333333333,3.73639330379377,8,8.4875,2.26879714302325,8
3285590201,32855902,7717,1,22,rail_leg,7:00,420,-75.4182346685475,40.0646607683914,-75.1652507511981,39.9564326348413,42029,42101,am_peak,TRUE,42,71.138005,127.446666666667,11.3844582167483,5,101.69,12.1561918379071,5
3285590202,32855902,7718,2,22,rail_leg,17:30,1050,-75.1652507511981,39.9564326348413,-75.4233197162045,40.0419674851349,42101,42029,pm_peak,TRUE,0,44.695535,74.7833333333333,10.1910324725782,8,61.1583333333333,10.8947890558481,8
3301380302,33013803,7961,2,22,rail_leg,7:25,445,-75.3285784262649,39.9077335323186,-75.1612826317197,39.9532127364358,42045,42101,am_peak,TRUE,35,36.507748,58.6625,10.5391626049083,8,47.5958333333333,6.07806849802358,8
3301380303,33013803,7961,3,22,rail_leg,17:00,1020,-75.1612826317197,39.9532127364358,-75.1612826317197,39.9532127364358,42101,42101,pm_peak,TRUE,45,4.127778,10.0958333333333,2.48458341818196,8,10.3041666666667,3.24258311197959,8
3364970201,33649702,9148,1,22,rail_leg,7:30,450,-75.1898142834651,40.0518717143354,-75.1562910038297,39.9768159139408,42101,42101,am_peak,TRUE,60,39.166338,48.5791666666667,3.56265629008326,8,42.7645833333333,5.76009422803768,8
3383780101,33837801,9470,1,22,rail_leg,7:40,460,-75.1898142834651,40.0518717143354,-75.1941152941134,39.9546263068532,42101,42101,am_peak,TRUE,45,36.485688,55.6791666666667,9.16658333295454,8,51.7041666666667,7.28181443244549,8
3383780103,33837801,9472,3,22,rail_leg,17:40,1060,-75.1708705877199,39.9529581159317,-75.1898142834651,40.0518717143354,42101,42101,pm_peak,TRUE,48,35.3169,49.6416666666667,9.24230696824327,8,49.0020833333333,4.30506749665945,8
3418210201,34182102,10014,1,22,rail_leg,7:30,450,-75.3495216111157,39.8940079236362,-75.1545851492175,39.9813757258968,42045,42101,am_peak,TRUE,65,61.294052,86.6666666666667,6.48624919128371,8,74.4166666666667,5.8309518948453,8
3418210202,34182102,10015,2,22,rail_leg,16:30,990,-75.1545851492175,39.9813757258968,-75.3495216111157,39.8940079236362,42101,42045,pm_peak,TRUE,40,59.874693,83.05,9.77751307361754,8,73.4604166666667,8.06955348531633,8
3431120102,34311201,10223,2,22,rail_leg,8:20,500,-74.9063874745106,40.0959040743494,-75.1659426772114,39.9531940428398,42017,42101,am_peak,TRUE,40,42.897435,78.6,18.4932420089069,8,61.1,9.60034721594311,7
3431120103,34311201,10223,3,22,rail_leg,17:11,1031,-75.1659426772114,39.9531940428398,-74.9063874745106,40.0959040743494,42101,42017,pm_peak,TRUE,39,39.253532,78.6666666666667,17.4622040827775,8,63.1666666666667,10.3819899000969,8
3444160104,34441601,10410,4,22,rail_leg,10:57,657,-75.2087795541006,40.0727929276456,-75.1834073455283,39.9599979498596,42101,42101,off_peak,FALSE,25,36.258583,67.9125,13.5255248115765,8,63.6416666666667,11.0507415538003,8
3444160108,34441601,10413,8,22,rail_leg,14:45,885,-75.1834073455283,39.9599979498596,-75.2087795541006,40.0727929276456,42101,42101,off_peak,FALSE,32,36.117323,66.9208333333333,9.22205237460729,8,68.9354166666667,10.8808935407912,8
3485620201,34856202,11220,1,22,rail_leg,8:00,480,-75.2087795541006,40.0727929276456,-75.1659426772114,39.9531940428398,42101,42101,am_peak,TRUE,50,39.893614,57.1,7.97316929278619,8,56.2875,4.4476117186643,8
3485620202,34856202,11221,2,22,rail_leg,18:00,1080,-75.1659426772114,39.9531940428398,-75.2087795541006,40.0727929276456,42101,42101,pm_peak,TRUE,50,37.770337,61.3145833333333,5.38728984416835,8,57.6770833333333,5.42731873861083,8
3494880102,34948801,11338,2,22,rail_leg,4:37,277,-75.1297691436794,40.0713922682092,-75.1608290378846,39.9512565309348,42091,42101,off_peak,FALSE,23,26.21249,67.4666666666667,22.1504595244175,8,47.4666666666667,8.57321409974112,8
3494880104,34948801,11339,4,22,rail_leg,15:40,940,-75.1541388337345,39.9522458625874,-75.1297691436794,40.0713922682092,42101,42091,off_peak,FALSE,20,25.106486,44.2291666666667,7.55458312486375,8,35.5166666666667,6.67618368317024,8
3501660102,35016601,11431,2,22,rail_leg,14:35,875,-75.1648345113326,39.9541020155151,-75.1655206281913,39.9477143701067,42101,42101,off_peak,FALSE,100,7.159904,16.73125,4.3828529294955,8,13.43125,2.40255217309519,8
3501660103,35016601,11432,3,22,rail_leg,20:30,1230,-75.1655206281913,39.9477143701067,-75.1648345113326,39.9541020155151,42101,42101,off_peak,FALSE,120,7.652922,15.0083333333333,4.63395850527078,8,12.4375,4.24865758444256,8
3521040203,35210402,11693,3,22,rail_leg,8:24,504,-75.1325211942729,40.0941668713503,-75.1648345113326,39.9541020155151,42091,42101,am_peak,TRUE,28,34.780763,46.45625,4.72958383937221,8,44.3708333333333,6.62466980309208,8
3521040208,35210402,11696,8,22,rail_leg,17:51,1071,-75.1648345113326,39.9541020155151,-75.1325211942729,40.0941668713503,42101,42091,pm_peak,TRUE,29,33.845095,48.3666666666667,10.285218242007,8,46.6458333333333,5.97352459036924,8
3531220101,35312201,11880,1,22,rail_leg,6:55,415,-75.4630660144789,40.0474160739304,-75.1779217463161,39.9533873770951,42029,42101,am_peak,TRUE,55,45.65507,76.15,9.68798961896341,8,67.2375,7.43257389885259,8
3531220102,35312201,11881,2,22,rail_leg,17:25,1045,-75.1779217463161,39.9533873770951,-75.4630660144789,40.0474160739304,42101,42029,pm_peak,TRUE,110,46.637494,71.7416666666667,8.6178800840379,8,60.2416666666667,9.22632104362296,8
3565060101,35650601,12536,1,22,rail_leg,9:30,570,-75.1813387898497,40.0295103180276,-75.173930383129,39.954707841715,42101,42101,off_peak,FALSE,60,30.031529,52.11875,10.8351479707302,8,44.7708333333333,7.81232618854272,8
3568880102,35688801,12619,2,22,rail_leg,9:16,556,-74.9853265543148,40.0477525065309,-75.1928742171467,39.9459041130135,42101,42101,am_peak,TRUE,50,42.914459,85.0666666666667,12.6603994520597,8,84.15,11.8150428731866,8
3568880103,35688801,12619,3,14,feeder_leg,11:45,705,-75.1928742171467,39.9459041130135,-75.1588750233838,39.9528401835985,42101,42101,off_peak,FALSE,25,24.491364,31.1145833333333,5.67994548864408,8,28.68125,5.62156023574657,8
3568880202,35688802,12623,2,22,rail_leg,9:16,556,-74.9853265543148,40.0477525065309,-75.1928742171467,39.9459041130135,42101,42101,am_peak,TRUE,48,42.914459,85.0666666666667,12.6603994520597,8,84.15,11.8150428731866,8
3568880203,35688802,12623,3,14,feeder_leg,11:45,705,-75.1928742171467,39.9459041130135,-75.1588750233838,39.9528401835985,42101,42101,off_peak,FALSE,25,24.491364,31.1145833333333,5.67994548864408,8,28.68125,5.62156023574657,8
3574140203,35741402,12735,3,22,rail_leg,6:58,418,-75.5182227312107,40.0361776802347,-75.1588750233838,39.9528401835985,42029,42101,am_peak,TRUE,48,52.859265,84.05,9.68798961896341,8,68.8,7.51664818918645,8
3613500206,36135002,13374,6,22,rail_leg,16:00,960,-75.1612826317197,39.9532127364358,-75.1612826317197,39.9532127364358,42101,42101,pm_peak,TRUE,,4.127778,9.33333333333333,2.10260609267461,8,9.54791666666667,1.7838214174088,8
3634880201,36348802,13657,1,22,rail_leg,8:05,485,-75.2784887557887,39.9397339356879,-75.1682068169821,39.957491721513,42045,42101,am_peak,TRUE,,42.453796,55.3375,7.48167470217774,8,53.2875,6.55218823256175,8
3637010102,36370101,13716,2,22,rail_leg,7:43,463,-75.4829079089365,40.0451966969818,-75.1834073455283,39.9599979498596,42029,42101,am_peak,TRUE,42,37.682509,75.5,8.57321409974112,8,68.375,9.53845599964391,8
3664520104,36645201,14379,4,22,rail_leg,16:40,1000,-75.4829079089365,40.0451966969818,-75.1588750233838,39.9528401835985,42029,42101,pm_peak,TRUE,45,58.610662,94.8916666666667,15.0685760484189,8,74.55,7.60638829255665,8
3703190201,37031902,15178,1,22,rail_leg,19:30,1170,-75.1268140035489,40.0819703941513,-75.1659426772114,39.9531940428398,42091,42101,off_peak,FALSE,,47.055049,53.6,6.76123403782813,8,51.4125,8.34924076958926,8
3772110201,37721102,16231,1,22,rail_leg,7:18,438,-75.2997775853713,39.939031243255,-75.1632627264191,39.9610182840982,42045,42101,am_peak,TRUE,42,54.401493,65.8708333333333,7.921748995194,8,58.7395833333333,4.50780573006424,8
3772110202,37721102,16232,2,22,rail_leg,16:45,1005,-75.1632627264191,39.9610182840982,-75.2997775853713,39.939031243255,42101,42045,pm_peak,TRUE,45,47.925501,62.0583333333333,8.97516414493749,8,60.8083333333333,5.84166072277396,8
3775560104,37755601,16293,4,22,rail_leg,12:35,755,-75.3170969015922,40.0208081125859,-75.263745391218,39.9965055434734,42091,42091,off_peak,FALSE,5,24.140791,63.5020833333333,36.3571606421667,8,55.2333333333333,17.4622040827775,8
3782060202,37820602,16456,2,22,rail_leg,8:30,510,-75.3195257705183,40.0049815590517,-75.1648345113326,39.9541020155151,42045,42101,am_peak,TRUE,15,46.003463,54.85,5.8370736308041,8,54.35,4.51188905638679,8
3782060205,37820602,16457,5,22,rail_leg,17:14,1034,-75.1634808483634,39.9480403151119,-75.1634808483634,39.9480403151119,42101,42101,pm_peak,TRUE,26,3.958333,10.6270833333333,3.33977873875045,8,11.1895833333333,2.95818661608012,8
3797000102,37970001,16662,2,22,rail_leg,16:45,1005,-75.1648345113326,39.9541020155151,-75.6982311138271,40.0135155865065,42101,42029,pm_peak,TRUE,65,91.536477,115.777777777778,24.1540503466427,3,118.266666666667,19.3577814768042,4
3830520202,38305202,17383,2,22,rail_leg,6:51,411,-75.1531176077862,40.0998645962702,-75.1648345113326,39.9541020155151,42091,42101,am_peak,TRUE,151,35.407063,52.08125,9.00419407346923,8,45.4979166666667,5.62045186498974,8
3862330102,38623301,17935,2,22,rail_leg,16:30,990,-75.1517226930339,39.9485721389241,-74.9399477360023,40.1745544172025,42101,42017,pm_peak,TRUE,450,78.696143,,,0,,,0
3884280202,38842802,18293,2,22,rail_leg,6:19,379,-75.2823535717739,40.2437347422191,-75.1941152941134,39.9546263068532,42091,42101,am_peak,TRUE,62,71.339909,89.8166666666667,7.64689479462089,6,76.74375,7.81893782367376,8
3884280208,38842802,18297,8,22,rail_leg,16:29,989,-75.1928742171467,39.9459041130135,-75.1834073455283,39.9599979498596,42101,42101,pm_peak,TRUE,4,16.033201,24.925,3.80028194442766,8,19.125,2.90012315009454,8
3884280209,38842802,18297,9,22,rail_leg,16:40,1000,-75.1834073455283,39.9599979498596,-75.2823535717739,40.2437347422191,42101,42091,pm_peak,TRUE,54,66.594024,90.8166666666667,8.75866917483962,8,78.8166666666667,11.2503968183984,8
3891190102,38911901,18520,2,22,rail_leg,7:50,470,-75.1944243101308,40.0409483586041,-75.1834073455283,39.9599979498596,42101,42101,am_peak,TRUE,25,26.583157,50.6875,12.5148126519851,8,49.3125,7.87712556348172,8
3891190103,38911901,18520,3,14,feeder_leg,8:30,510,-75.1834073455283,39.9599979498596,-75.202230610969,39.9458213862922,42101,42101,am_peak,TRUE,5,20.048522,30.39375,2.09371579574051,8,29.4375,1.92641928713384,8
3891190104,38911901,18520,4,14,feeder_leg,16:45,1005,-75.202230610969,39.9458213862922,-75.202230610969,39.9458213862922,42101,42101,pm_peak,TRUE,20,7.672936,16.3604166666667,1.55537821409742,8,17.7833333333333,2.24690262997119,8
3891190105,38911901,18521,5,22,rail_leg,17:21,1041,-75.202230610969,39.9458213862922,-75.202230610969,39.9458213862922,42101,42101,pm_peak,TRUE,19,7.672936,16.5291666666667,1.37560232117853,8,17.3354166666667,2.16190754798436,8
3892120102,38921201,18523,2,22,rail_leg,6:06,366,-75.1297691436794,40.0713922682092,-75.1588750233838,39.9528401835985,42091,42101,am_peak,TRUE,18,25.77019,38.05,7.16140449113959,8,36.8479166666667,7.1294517560097,8
3892120103,38921201,18523,3,14,feeder_leg,6:29,389,-75.1588750233838,39.9528401835985,-75.1466622121185,39.9478355374067,42101,42101,am_peak,TRUE,10,11.803805,13.65625,1.92592870815326,8,13.7958333333333,1.87410825355201,8
3892120104,38921201,18523,4,21,feeder_leg,15:15,915,-75.1466622121185,39.9478355374067,-75.1588750233838,39.9528401835985,42101,42101,off_peak,FALSE,10,12.634956,18.58125,1.63227462043246,8,18.2729166666667,2.52911518344086,8
3892120105,38921201,18524,5,22,rail_leg,15:35,935,-75.1588750233838,39.9528401835985,-75.1256172805438,40.0721167066709,42101,42091,off_peak,FALSE,35,25.390223,39.5833333333333,11.1371963643074,8,31.8333333333333,6.68217244400566,8
3892120201,38921202,18530,1,22,rail_leg,6:30,390,-75.1256172805438,40.0721167066709,-75.1691139313301,39.9535949564727,42091,42101,am_peak,TRUE,33,37.730184,44.1833333333333,8.04451898588633,8,41.1583333333333,11.1396011726504,8
3892120202,38921202,18531,2,22,rail_leg,17:00,1020,-75.1691139313301,39.9535949564727,-75.1256172805438,40.0721167066709,42101,42091,pm_peak,TRUE,35,34.33498,40.0875,9.3023113273931,8,39.6583333333333,6.26640703616172,8
3898250104,38982501,18688,4,22,rail_leg,17:05,1025,-75.1588750233838,39.9528401835985,-75.1505658415867,39.9464361327538,42101,42101,pm_peak,TRUE,70,14.243982,15.4375,1.8699535262878,8,14.5479166666667,1.43727137588436,8
3947730201,39477302,19693,1,22,rail_leg,7:00,420,-75.3005464116087,40.0904763752531,-75.1706866571216,39.953785415184,42091,42101,am_peak,TRUE,50,70.058423,91.7041666666667,13.930800493186,8,94.9875,19.3987066947405,8
3947730202,39477302,19694,2,22,rail_leg,17:05,1025,-75.1706866571216,39.953785415184,-75.3005464116087,40.0904763752531,42101,42091,pm_peak,TRUE,65,69.131219,84.9354166666667,6.23669019300238,8,78.8291666666667,6.88982312533585,8
3952890102,39528901,19775,2,22,rail_leg,7:15,435,-75.3862490558174,39.9062101361711,-75.1928742171467,39.9459041130135,42045,42101,am_peak,TRUE,23,32.38735,57.8166666666667,10.5458183994551,8,48.9416666666667,6.02228006180858,8
3952890105,39528901,19776,5,22,rail_leg,17:28,1048,-75.1928742171467,39.9459041130135,-75.3862490558174,39.9062101361711,42101,42045,pm_peak,TRUE,25,32.963278,57.76875,15.4292379568328,8,46.8,7.15641570300983,8
3956070101,39560701,19836,1,22,rail_leg,7:30,450,-75.2473767570295,40.0956050286212,-75.1505658415867,39.9464361327538,42091,42101,am_peak,TRUE,60,79.000509,,,0,,,0
3966570202,39665702,20014,2,22,rail_leg,11:40,700,-75.0970591119887,40.1962393455377,-75.2318795104928,39.8804695206274,42017,42101,off_peak,FALSE,80,110.429224,127.628571428571,13.5187754016327,7,126.369047619048,15.8597161146754,7
4004890302,40048903,20655,2,22,rail_leg,8:06,486,-75.3460361638143,40.1143423687777,-75.1480260525691,39.9820906148628,42091,42101,am_peak,TRUE,39,36.455461,65.475,14.7351620282914,8,52.475,10.9340555800934,8
4004890304,40048903,20655,4,22,rail_leg,17:16,1036,-75.1446587384151,39.9502859178682,-75.2783533552924,39.9575793577259,42101,42045,pm_peak,TRUE,44,37.642814,51.3166666666667,6.88921978211968,8,48.71875,4.47102166425328,8
4012760103,40127601,20788,3,22,rail_leg,7:46,466,-75.1947508247048,40.0550864009275,-75.1648345113326,39.9541020155151,42101,42101,am_peak,TRUE,32,40.20071,49.3666666666667,8.28940804365943,8,47.9916666666667,4.87522893235355,8
4012760106,40127601,20789,6,22,rail_leg,17:18,1038,-75.1648345113326,39.9541020155151,-75.1947508247048,40.0550864009275,42101,42101,pm_peak,TRUE,32,37.838678,57.39375,7.09137044034665,8,49.34375,6.89455695999411,8
4012760203,40127602,20794,3,22,rail_leg,7:42,462,-75.1947508247048,40.0550864009275,-75.1648345113326,39.9541020155151,42101,42101,am_peak,TRUE,36,40.20071,49.4916666666667,5.22186337841743,8,50.0541666666667,3.62469210515084,8
4012760206,40127602,20795,6,22,rail_leg,17:16,1036,-75.1648345113326,39.9541020155151,-75.1947508247048,40.0550864009275,42101,42101,pm_peak,TRUE,34,37.838678,55.78125,5.41279669445986,8,51.34375,6.89455695999411,8
4013690102,40136901,20851,2,22,rail_leg,8:06,486,-75.4630660144789,40.0474160739304,-75.1834073455283,39.9599979498596,42029,42101,am_peak,TRUE,32,41.533301,78.75,8.75866917483962,8,69.875,11.9276090287558,8
4013690103,40136901,20851,3,14,feeder_leg,8:40,520,-75.1834073455283,39.9599979498596,-75.1834073455283,39.9599979498596,42101,42101,am_peak,TRUE,1,4.598742,29.0520833333333,4.49246668818417,8,24.55625,4.20321057843485,8
4013690106,40136901,20852,6,21,feeder_leg,16:01,961,-75.1906300416804,39.958024348983,-75.1834073455283,39.9599979498596,42101,42101,pm_peak,TRUE,4,13.234685,20.1354166666667,4.99340388325137,8,20.8854166666667,6.77794297059944,8
4013690108,40136901,20852,8,22,rail_leg,16:15,975,-75.1834073455283,39.9599979498596,-75.4630660144789,40.0474160739304,42101,42029,pm_peak,TRUE,35,42.752855,72.8666666666667,8.75866917483962,8,71.3666666666667,8.12403840463596,8
4013690301,40136903,20866,1,22,rail_leg,12:00,720,-75.4630660144789,40.0474160739304,-75.1906300416804,39.958024348983,42029,42101,off_peak,FALSE,60,52.702052,93.4104166666667,13.9927303617339,8,92.275,14.0060219474928,8
4020640202,40206402,21027,2,22,rail_leg,7:49,469,-75.1325211942729,40.0941668713503,-75.1928742171467,39.9459041130135,42091,42101,am_peak,TRUE,33,48.660586,61.5770833333333,4.4582359802455,8,55.2729166666667,3.8453015806347,8
4020640205,40206402,21028,5,22,rail_leg,17:13,1033,-75.1834073455283,39.9599979498596,-75.7773113001476,39.9924677984963,42101,42029,pm_peak,TRUE,52,84.546441,121.060416666667,15.2989286311789,8,122.775,17.5026878888168,6
4050800101,40508001,21622,1,22,rail_leg,8:35,515,-75.1822218287983,40.0542278772892,-75.2100224563071,39.9560134286816,42101,42101,am_peak,TRUE,10,53.723828,64.0666666666667,5.68833392630415,8,61.5666666666667,4.41588043316392,8
4050800104,40508001,21625,4,22,rail_leg,16:35,995,-75.2100224563071,39.9560134286816,-75.1822218287983,40.0542278772892,42101,42101,pm_peak,TRUE,40,58.729375,67.1208333333333,4.78784630311189,8,61.8708333333333,5.23014575353064,8
4056480101,40564801,21742,1,22,rail_leg,7:20,440,-75.180637080064,39.9501303685435,-75.2994747363044,40.2251091301749,42101,42091,am_peak,TRUE,90,93.493596,,,0,,,0
4056480102,40564801,21743,2,22,rail_leg,18:00,1080,-75.2994747363044,40.2251091301749,-75.1611907875754,39.9477574019743,42091,42101,pm_peak,TRUE,105,82.481336,,,0,,,0
4061050101,40610501,21772,1,22,rail_leg,8:25,505,-75.1827055398227,40.0389450998406,-75.1545851492175,39.9813757258968,42101,42101,am_peak,TRUE,51,34.286277,43.51875,4.99946376092731,8,41.975,3.32884221257038,8
4061050104,40610501,21775,4,22,rail_leg,15:15,915,-75.1545851492175,39.9813757258968,-75.1827055398227,40.0389450998406,42101,42101,off_peak,FALSE,55,39.121714,47.5208333333333,3.75663170220768,8,42.0708333333333,2.6979820501362,8
4072680102,40726801,21995,2,22,rail_leg,7:48,468,-75.1898142834651,40.0518717143354,-75.1834073455283,39.9599979498596,42101,42101,am_peak,TRUE,21,28.394925,54.1083333333333,13.3252743501939,8,49.59375,9.2068855250529,8
4072680105,40726801,21996,5,22,rail_leg,17:24,1044,-75.1834073455283,39.9599979498596,-75.1898142834651,40.0518717143354,42101,42101,pm_peak,TRUE,22,28.170533,54.4833333333333,10.8215540356287,8,44.85,12.5754863581039,8
4094470101,40944701,22361,1,22,rail_leg,6:10,370,-75.3008610836775,39.9087719876414,-75.1917667584469,39.9649367058634,42045,42101,am_peak,TRUE,,67.634854,87.5333333333333,10.1207001451763,8,75.625,12.0722658674585,8
4094470102,40944701,22362,2,22,rail_leg,16:00,960,-75.1917667584469,39.9649367058634,-75.3008610836775,39.9087719876414,42101,42045,pm_peak,TRUE,35,68.510736,76.7958333333333,12.4037364762167,8,83.2583333333333,11.0596901417601,8
4100840202,41008402,22442,2,22,rail_leg,7:08,428,-75.1648345113326,39.9541020155151,-75.274466211559,40.2111841677703,42101,42091,am_peak,TRUE,55,58.23792,89.1166666666667,17.4622040827775,8,88.6166666666667,18.0890653632045,8
4100840205,41008402,22444,5,22,rail_leg,17:26,1046,-75.274466211559,40.2111841677703,-75.1648345113326,39.9541020155151,42091,42101,pm_peak,TRUE,51,56.496517,95.7666666666667,19.4341378580506,8,76.6083333333333,16.6607203678173,8
4131100102,41311001,22922,2,22,rail_leg,7:05,425,-75.1588750233838,39.9528401835985,-75.4829079089365,40.0451966969818,42101,42029,am_peak,TRUE,57,49.482246,83.6729166666667,13.1038463319163,8,75.1916666666667,7.00892288443809,8
4131100105,41311001,22923,5,22,rail_leg,17:40,1060,-75.4996994737956,40.0522494273571,-75.4996994737956,40.0522494273571,42029,42029,pm_peak,TRUE,65,16.012285,,,0,27.5880952380952,12.4752151109106,7
4184310104,41843101,23864,4,22,rail_leg,8:16,496,-75.1834073455283,39.9599979498596,-75.3045400928903,40.0162243322963,42101,42091,am_peak,TRUE,24,31.975394,57.8583333333333,17.0665713352992,8,52.4916666666667,15.3412169174396,8
4184310106,41843101,23865,6,22,rail_leg,16:55,1015,-75.3195257705183,40.0049815590517,-75.1834073455283,39.9599979498596,42045,42101,pm_peak,TRUE,20,47.441317,59.3833333333333,5.37852874200477,8,57.1333333333333,5.02849025908516,8
4195770402,41957704,24072,2,21,feeder_leg,14:40,880,-74.9853265543148,40.0477525065309,-75.1612826317197,39.9532127364358,42101,42101,off_peak,FALSE,20,52.235668,72.1083333333333,7.86645984393173,8,72.91875,6.92472816210482,8
4195770403,41957704,24072,3,22,rail_leg,20:05,1205,-75.1612826317197,39.9532127364358,-75.1612826317197,39.9532127364358,42101,42101,off_peak,FALSE,30,4.127778,11.9916666666667,3.59612887104215,8,11.4166666666667,3.40377941202339,8
4218280102,42182801,24369,2,22,rail_leg,16:30,990,-75.1619465866814,40.0435075759518,-74.9919645563739,40.0557019160434,42101,42101,pm_peak,TRUE,105,58.376659,72.8020833333333,9.75619639283443,8,73.1479166666667,12.1378276523869,8
4218280202,42182802,24373,2,22,rail_leg,16:45,1005,-75.2239722514315,39.9735103886618,-75.1571977835929,40.0823045185899,42101,42091,pm_peak,TRUE,195,68.114512,85.9145833333333,5.0996688151104,8,83.3708333333333,4.65541799054249,8
4222850102,42228501,24496,2,22,rail_leg,7:10,430,-75.1531176077862,40.0998645962702,-75.1612826317197,39.9532127364358,42091,42101,am_peak,TRUE,35,32.722228,48.8479166666667,8.8754451598618,8,42.16875,6.379191354809,8
4222850103,42228501,24496,3,22,rail_leg,17:00,1020,-75.1612826317197,39.9532127364358,-75.1470888942105,40.1018399351912,42101,42091,pm_peak,TRUE,45,40.670869,51.35,9.68798961896341,8,43.0541666666667,4.09907800318443,8
4238580101,42385801,24804,1,22,rail_leg,6:45,405,-74.9200693290363,40.2495112723629,-75.1470807570054,39.9513767444736,42017,42101,am_peak,TRUE,,164.461647,,,0,,,0
4257160402,42571604,25190,2,22,rail_leg,10:26,626,-75.6088161729411,40.0119718537478,-75.3686666885444,40.0437004752317,42029,42045,off_peak,FALSE,22,61.993799,88.0083333333333,12.0222132368009,4,101.85,10.9734528142543,4
4257160404,42571604,25191,4,22,rail_leg,22:48,1368,-75.3756545846891,40.0397732711601,-75.6337083421153,40.0217938558134,42045,42029,off_peak,FALSE,22,48.866667,,,0,,,0
4265560201,42655602,25346,1,22,rail_leg,7:30,450,-75.1960123668417,40.1175958626256,-75.1840170635385,39.9534784074457,42091,42101,am_peak,TRUE,45,56.513476,,,0,,,0
4265560202,42655602,25347,2,22,rail_leg,17:00,1020,-75.1840170635385,39.9534784074457,-75.1960123668417,40.1175958626256,42101,42091,pm_peak,TRUE,420,59.002455,,,0,,,0
4274300202,42743002,25455,2,22,rail_leg,5:45,345,-75.3195257705183,40.0049815590517,-75.1572994746159,39.95264251715,42045,42101,off_peak,FALSE,26,47.679946,59.5,5.37852874200477,8,59.5,4.69802390068724,8
4274300205,42743002,25456,5,22,rail_leg,15:39,939,-75.1550139436622,39.9445812882334,-75.1550139436622,39.9445812882334,42101,42101,off_peak,FALSE,43,4.963316,6.87708333333333,2.75636258903328,8,4.925,0.83452296039628,8
4326800101,43268001,26414,1,22,rail_leg,9:00,540,-75.32300735391,39.8834623757826,-75.1634808483634,39.9480403151119,42045,42101,am_peak,TRUE,57,44.128499,72.1729166666667,16.4292517328088,8,85.4041666666667,17.0328411773089,8
4326800104,43268001,26417,4,22,rail_leg,17:45,1065,-75.1634808483634,39.9480403151119,-75.32300735391,39.8834623757826,42101,42045,pm_peak,TRUE,57,41.609277,80.1729166666667,13.8796926498952,8,65.8833333333334,10.5051008018554,8
4342350303,43423503,26742,3,22,rail_leg,17:58,1078,-75.1648345113326,39.9541020155151,-75.1840657845611,40.0625876496449,42101,42101,pm_peak,TRUE,27,29.301735,51.9708333333333,6.50723498445055,8,52.0333333333333,7.41850966935312,8
4343900104,43439001,26760,4,22,rail_leg,17:11,1031,-75.1648345113326,39.9541020155151,-75.1701604201666,39.9562259742499,42101,42101,pm_peak,TRUE,29,6.655389,9.6,2.42819091323378,8,8.33333333333333,1.14953406710222,8
4432040101,44320401,28012,1,22,rail_leg,5:45,345,-75.4146997575914,39.8197080832525,-75.1638872349499,39.9525548857932,42045,42101,off_peak,FALSE,45,47.853215,71.2833333333333,11.1993303371228,5,68.1,9.93688415282511,6
4433830102,44338301,28041,2,22,rail_leg,6:10,370,-75.0108885726665,40.1294791274976,-75.1588750233838,39.9528401835985,42101,42101,am_peak,TRUE,36,41.906429,68.78125,11.2341720666816,8,61.675,9.22632104362297,8
4438760102,44387601,28191,2,22,rail_leg,8:12,492,-75.0826616926931,40.0770283629367,-75.1648345113326,39.9541020155151,42101,42101,am_peak,TRUE,39,39.079056,57.8666666666667,9.39604780137448,8,49.1166666666667,8.77089342248391,8
4438760105,44387601,28192,5,22,rail_leg,17:37,1057,-75.1648345113326,39.9541020155151,-75.1701604201666,39.9562259742499,42101,42101,pm_peak,TRUE,13,6.655389,9.22916666666667,2.55101520407633,8,8.09791666666667,1.33340587600278,8
4438760202,44387602,28194,2,22,rail_leg,6:17,377,-75.0826616926931,40.0770283629367,-75.1588750233838,39.9528401835985,42101,42101,am_peak,TRUE,26,33.451919,60.1625,12.0401337795131,8,43.8,9.05932826270406,8
4525240102,45252401,29572,2,22,rail_leg,7:49,469,-75.024985845551,40.0240077180509,-75.1588750233838,39.9528401835985,42101,42101,am_peak,TRUE,26,35.196632,77.5833333333333,10.2155343892105,8,73.2625,8.90481744953392,8
4525240108,45252401,29576,8,22,rail_leg,18:14,1094,-75.1588750233838,39.9528401835985,-75.024985845551,40.0240077180509,42101,42101,pm_peak,TRUE,30,33.194113,72.0958333333333,13.9942866743471,8,77.0604166666667,10.9473883871908,8
4525240202,45252402,29578,2,22,rail_leg,7:49,469,-75.024985845551,40.0240077180509,-75.1834073455283,39.9599979498596,42101,42101,am_peak,TRUE,18,26.723519,84.375,10.6141751580476,8,76.21875,12.2492255586104,8
4525240205,45252402,29579,5,22,rail_leg,16:25,985,-75.1834073455283,39.9599979498596,-75.024985845551,40.0240077180509,42101,42101,pm_peak,TRUE,24,25.839392,71.8979166666667,15.0057355106068,8,66.0395833333333,13.2045204426002,8
4539000101,45390001,29825,1,22,rail_leg,6:30,390,-75.264024817629,40.0095105446103,-75.1580149724927,39.9493530835764,42091,42101,am_peak,TRUE,20,41.610237,56.0666666666667,6.46921893668731,8,57.1729166666667,8.65186894893374,8
4539000106,45390001,29830,6,22,rail_leg,17:00,1020,-75.1580149724927,39.9493530835764,-75.264024817629,40.0095105446103,42101,42091,pm_peak,TRUE,30,43.050427,50.0375,8.60454729355264,8,51.6583333333333,6.76371622282138,8
4543270101,45432701,29922,1,22,rail_leg,6:15,375,-75.1063906606918,40.0675372749466,-75.1550139436622,39.9445812882334,42091,42101,am_peak,TRUE,55,53.876913,63.9854166666667,6.31939843869527,8,62.65625,4.25774679121425,8
4543270106,45432701,29927,6,22,rail_leg,14:00,840,-75.1550139436622,39.9445812882334,-75.1928742171467,39.9459041130135,42101,42101,off_peak,FALSE,45,29.124184,36,5.5428203238836,8,28.175,4.53360468375568,8
4543270107,45432701,29928,7,22,rail_leg,16:17,977,-75.1928742171467,39.9459041130135,-75.1063906606918,40.0675372749466,42101,42091,pm_peak,TRUE,63,59.159629,76.8625,4.68475872225179,8,70.7833333333333,4.30178995598307,8
4589620101,45896201,30666,1,22,rail_leg,13:00,780,-75.2087795541006,40.0727929276456,-75.1572994746159,39.95264251715,42101,42101,off_peak,FALSE,90,34.289175,61.6020833333333,8.47468423113571,8,60.4416666666667,7.35433680499267,8
4604430202,46044302,30929,2,22,rail_leg,7:00,420,-75.0970591119887,40.1962393455377,-75.1710325749335,39.9522008993665,42017,42101,am_peak,TRUE,75,62.869458,93.4666666666667,10.7071404746019,8,87.8291666666667,8.64678924721276,8
4604430204,46044302,30930,4,22,rail_leg,14:35,875,-75.1648345113326,39.9541020155151,-75.0970591119887,40.1962393455377,42101,42017,off_peak,FALSE,50,56.166667,91.35,11.0194633003868,8,101.566666666667,19.0364458300721,8
4617410202,46174102,31146,2,22,rail_leg,6:35,395,-75.5182227312107,40.0361776802347,-75.1691139313301,39.9535949564727,42029,42101,am_peak,TRUE,55,48.505797,79.5583333333333,8.74948978104275,8,73.1833333333333,8.73416935293302,8
4617410205,46174102,31148,5,22,rail_leg,16:36,996,-75.1691139313301,39.9535949564727,-75.1648345113326,39.9541020155151,42101,42101,pm_peak,TRUE,74,6.673416,12.1229166666667,2.36887786541853,8,11.3458333333333,2.59929401281951,8
4625730202,46257302,31274,2,22,rail_leg,10:33,633,-75.1583891414117,40.0192666370153,-75.2227705952579,40.1527379939727,42101,42091,off_peak,FALSE,27,32.277034,57.1333333333333,18.1835875762419,8,57.1583333333333,16.3441339411336,8
4625730205,46257302,31277,5,22,rail_leg,17:40,1060,-75.2227705952579,40.1527379939727,-75.1583891414117,40.0192666370153,42091,42101,pm_peak,TRUE,25,32.850174,65.3,17.4622040827775,8,53.925,17.5738238785498,8
4627660101,46276601,31301,1,22,rail_leg,7:45,465,-75.1689771799637,39.9467826108977,-75.3170969015922,40.0208081125859,42101,42091,am_peak,TRUE,60,42.529164,58.8833333333333,7.4826784102002,8,54.6666666666667,9.35370226336856,8
4627660102,46276601,31302,2,22,rail_leg,14:50,890,-75.3170969015922,40.0208081125859,-75.1689771799637,39.9467826108977,42091,42101,off_peak,FALSE,550,47.876665,66.1666666666667,14.3790522238826,8,60.5791666666667,10.3357821599114,8
4646600101,46466001,31645,1,22,rail_leg,7:30,450,-75.6045986594792,39.9672377723841,-75.1541388337345,39.9522458625874,42029,42101,am_peak,TRUE,,93.886025,125.116666666667,10.7851904634704,6,129.35,9.8729428236975,6
4646600102,46466001,31646,2,22,rail_leg,17:00,1020,-75.1541388337345,39.9522458625874,-75.6045986594792,39.9672377723841,42101,42029,pm_peak,TRUE,63,92.381138,106.9,9.16546312445336,8,102.204166666667,9.57290633581493,8
4670530101,46705301,32012,1,22,rail_leg,10:30,630,-75.1687160134156,39.9558364756335,-75.1539262084391,39.9844115630897,42101,42101,off_peak,FALSE,20,24.380537,30.3645833333333,3.75864545742255,8,26.6354166666667,4.48520882616247,8
4670530104,46705301,32014,4,22,rail_leg,18:35,1115,-75.1539262084391,39.9844115630897,-75.1687160134156,39.9558364756335,42101,42101,pm_peak,TRUE,15,23.36428,26.8166666666667,3.16815754378191,8,25.6979166666667,4.67393513464374,8
4671650102,46716501,32041,2,22,rail_leg,7:27,447,-75.4829079089365,40.0451966969818,-75.1648345113326,39.9541020155151,42029,42101,am_peak,TRUE,41,42.427505,81.8333333333333,9.33040770473123,8,69.0833333333333,11.8757188587764,8
4671650107,46716501,32044,7,22,rail_leg,17:08,1028,-75.1662257986882,39.9519342771783,-75.1638872349499,39.9525548857932,42101,42101,pm_peak,TRUE,26,4.45,8.28333333333333,2.26932617088009,8,8.29166666666667,2.38164275705283,8
4723780302,47237803,33176,2,22,rail_leg,15:15,915,-75.2232933759479,39.9448265734297,-75.1543285653421,39.912135860101,42101,42101,off_peak,FALSE,15,43.264752,58.0270833333333,3.00189011225124,8,55.9145833333333,4.00737848739919,8
4723780303,47237803,33177,3,22,rail_leg,16:30,990,-75.1543285653421,39.912135860101,-75.2351116826331,39.934447396763,42101,42101,pm_peak,TRUE,30,33.186592,45.4958333333333,2.79055592686339,8,45.4833333333333,2.80356915377524,8
4723780402,47237804,33180,2,22,rail_leg,15:00,900,-75.226838106978,39.9419345979354,-75.1858598621043,39.9165483287187,42101,42101,off_peak,FALSE,60,29.541556,41.3479166666667,4.27985719146855,8,42.59375,3.34373303288975,8
4723780403,47237804,33181,3,22,rail_leg,19:00,1140,-75.1858598621043,39.9165483287187,-75.2351116826331,39.934447396763,42101,42101,off_peak,FALSE,60,22.648347,39.0791666666667,5.99813959252605,8,36.2583333333333,4.24794067755189,8
4732510302,47325103,33370,2,22,rail_leg,6:41,401,-74.8976831541036,40.1863154165969,-75.1648345113326,39.9541020155151,42017,42101,am_peak,TRUE,50,64.126648,,,0,,,0
4732510305,47325103,33371,5,22,rail_leg,17:39,1059,-75.1706866571216,39.953785415184,-75.1706866571216,39.953785415184,42101,42101,pm_peak,TRUE,50,3.23304,9.53125,1.12166392485337,8,8.30416666666667,0.855641873608939,8
4749130102,47491301,33616,2,22,rail_leg,7:47,467,-75.2227705952579,40.1527379939727,-75.1588750233838,39.9528401835985,42091,42101,am_peak,TRUE,31,40.607079,63.175,10.3432172391932,8,51.3354166666667,11.3562144287079,8
4749130110,47491301,33621,10,22,rail_leg,21:55,1315,-75.1588750233838,39.9528401835985,-75.2432307347085,40.1697612664544,42101,42091,off_peak,FALSE,37,40.403546,73.8666666666667,17.4622040827775,8,90.3666666666667,20.820662813657,8
4749130302,47491303,33629,2,22,rail_leg,15:02,902,-75.2432307347085,40.1697612664544,-75.2610376834135,40.1872915522603,42091,42091,off_peak,FALSE,3,5.5,33.5520833333333,14.507856211897,8,27.225,12.0645584846098,8
4760500102,47605001,33771,2,22,rail_leg,17:25,1045,-75.1677276497158,39.9525760413027,-75.1851044302225,40.0817417999993,42101,42091,pm_peak,TRUE,60,53.085221,69.1791666666667,4.02711789887366,8,63.6145833333333,5.11744943213669,8
4760500103,47605001,33772,3,22,rail_leg,19:55,1195,-75.1851044302225,40.0817417999993,-75.175827602964,39.9495803344789,42091,42101,off_peak,FALSE,63,66.874575,,,0,,,0
4816200103,48162001,34958,3,22,rail_leg,8:33,513,-75.2092872712104,40.0181516385401,-75.1588750233838,39.9528401835985,42101,42101,am_peak,TRUE,17,21.96886,39.9854166666667,6.94383040936112,8,33.1916666666667,6.13606305714583,8
4816200104,48162001,34958,4,22,rail_leg,8:53,533,-75.1588750233838,39.9528401835985,-75.1584725274299,39.950967187359,42101,42101,am_peak,TRUE,0,5.25,8.35208333333333,1.75008928343671,8,7.88958333333333,1.36151577237015,8
4816200105,48162001,34958,5,21,feeder_leg,8:58,538,-75.1584725274299,39.950967187359,-75.150623776162,39.9499928305521,42101,42101,am_peak,TRUE,0,6.347995,8.08541666666667,2.32905113011,8,7.93333333333333,1.6739839372653,8
4816200106,48162001,34958,6,14,feeder_leg,16:15,975,-75.150623776162,39.9499928305521,-75.1588750233838,39.9528401835985,42101,42101,pm_peak,TRUE,15,9.069824,13.0479166666667,2.45905255822786,8,10.5229166666667,1.74789981687775,8
4816200107,48162001,34959,7,22,rail_leg,16:50,1010,-75.1588750233838,39.9528401835985,-75.2092872712104,40.0181516385401,42101,42101,pm_peak,TRUE,0,20.448174,38,8.81923403073583,8,29.1958333333333,4.75550432957131,8
4829560103,48295601,35208,3,22,rail_leg,10:30,630,-75.3852282333979,39.8947898143957,-75.1669894744938,39.9484799410289,42045,42101,off_peak,FALSE,90,67.283333,104.061904761905,8.06853579289761,7,96.9190476190476,8.05731453154942,7
4829560104,48295601,35209,4,22,rail_leg,14:00,840,-75.1669894744938,39.9484799410289,-75.3852282333979,39.8947898143957,42101,42045,off_peak,FALSE,90,67.074783,116.4625,14.4752683172763,8,91.03125,12.4792953527032,8
4830540102,48305401,35279,2,22,rail_leg,5:26,326,-75.1660693164429,40.3113817259184,-75.1722789942054,39.9539778646615,42017,42101,off_peak,FALSE,94,102.701394,,,0,,,0
4830540104,48305401,35280,4,22,rail_leg,16:15,975,-75.1648345113326,39.9541020155151,-75.1722789942054,39.9539778646615,42101,42101,pm_peak,TRUE,80,5.330397,8.49791666666667,1.73716238012474,8,8.15208333333333,1.28820773428305,8
4832100202,48321002,35322,2,22,rail_leg,7:08,428,-75.6088161729411,40.0119718537478,-75.1722093187508,39.9861472659912,42029,42101,am_peak,TRUE,57,117.466305,151.093333333333,10.2027610642087,5,125.883333333333,10.9734528142543,4
4864450202,48644502,36084,2,22,rail_leg,6:55,415,-75.7773113001476,39.9924677984963,-75.1691139313301,39.9535949564727,42029,42101,am_peak,TRUE,50,87.25591,135.933333333333,10.9734528142543,4,,,0
4864450203,48644502,36084,3,22,rail_leg,17:00,1020,-75.1691139313301,39.9535949564727,-75.1691139313301,39.9535949564727,42101,42101,pm_peak,TRUE,65,3.375,8.29791666666667,1.85541758231453,8,5.93125,1.35551306692454,8
4868350201,48683502,36180,1,22,rail_leg,7:50,470,-75.1947508247048,40.0550864009275,-75.1665214095376,39.9615526212186,42101,42101,am_peak,TRUE,30,45.144616,54.1375,4.06355023054847,8,52.34375,2.70138026888901,8
4868350202,48683502,36181,2,22,rail_leg,17:20,1040,-75.1665214095376,39.9615526212186,-75.1947508247048,40.0550864009275,42101,42101,pm_peak,TRUE,40,48.824684,60.0270833333333,6.41735579169044,8,54.7104166666667,6.4501503458545,8
4887310102,48873101,36646,2,22,rail_leg,6:23,383,-74.970687244567,40.1423429432466,-75.1648345113326,39.9541020155151,42017,42101,am_peak,TRUE,46,52.995066,110.52380952381,9.71027928586628,7,91.7166666666667,13.2799526677298,8
4887310105,48873101,36647,5,22,rail_leg,16:48,1008,-75.1705068930163,39.9509065904554,-75.1705068930163,39.9509065904554,42101,42101,pm_peak,TRUE,42,3.905556,6.7875,1.19933017019621,8,7.6875,1.8680001614493,8
4925520403,49255204,37504,3,22,rail_leg,15:31,931,-75.1648345113326,39.9541020155151,-75.1873495829861,40.0339940755705,42101,42101,off_peak,FALSE,20,28.293557,45.3166666666667,7.09348012737474,8,42.6,6.21541861594443,8
4934700103,49347001,37666,3,22,rail_leg,7:55,475,-75.3548774564537,39.9036369389223,-75.1648345113326,39.9541020155151,42045,42101,am_peak,TRUE,31,33.270519,68.3,10.2834124408472,8,51.3333333333333,11.4563076131441,8
4940770201,49407702,37775,1,22,rail_leg,8:00,480,-75.2963731187561,39.8881445622113,-75.1752524766747,39.9659654913561,42045,42101,am_peak,TRUE,60,58.579515,66.6791666666667,8.99580038702364,8,70.6333333333333,9.35923277278849,8
4940770207,49407702,37781,7,22,rail_leg,18:08,1088,-75.1648345113326,39.9541020155151,-75.3010847747829,39.8935220159703,42101,42045,pm_peak,TRUE,23,26.650226,61.0583333333333,15.1181773277828,8,53.9416666666667,17.213373815009,8
4940770302,49407703,37784,2,22,rail_leg,17:00,1020,-74.9919645563739,40.0557019160434,-75.2963731187561,39.8881445622113,42101,42045,pm_peak,TRUE,80,76.778881,129.37380952381,13.0600247331981,7,101.327777777778,13.4941455069583,6
4942710204,49427102,37808,4,22,rail_leg,7:15,435,-75.1830863919108,40.1070307624765,-75.1648345113326,39.9541020155151,42091,42101,am_peak,TRUE,27,57.597874,,,0,,,0
4970310202,49703102,38287,2,22,rail_leg,6:35,395,-75.2823535717739,40.2437347422191,-75.0970997143657,40.0327180482812,42091,42101,am_peak,TRUE,55,78.706659,102.154166666667,10.4130326994589,8,91.70625,6.24800880979705,8
4970310203,49703102,38287,3,22,rail_leg,11:30,690,-75.0970997143657,40.0327180482812,-75.274466211559,40.2111841677703,42101,42091,off_peak,FALSE,45,71.476652,123.066666666667,9.89065215241139,5,128.466666666667,9.49605181114763,5
4971340102,49713401,38337,2,22,rail_leg,18:43,1123,-75.3686666885444,40.0437004752317,-75.4829079089365,40.0451966969818,42045,42029,pm_peak,TRUE,19,21.118173,37.2229166666667,8.97012651208762,8,36.85,6.12442417118307,8
4996200202,49962002,38711,2,22,rail_leg,7:03,423,-75.3393898477744,40.011683172831,-75.1659426772114,39.9531940428398,42045,42101,am_peak,TRUE,27,58.057687,,,0,,,0
4996200203,49962002,38712,3,22,rail_leg,17:00,1020,-75.1659426772114,39.9531940428398,-75.4829079089365,40.0451966969818,42101,42029,pm_peak,TRUE,38,45.804768,73.8166666666667,9.68798961896341,8,62.4416666666667,8.94327360965451,8
5023060101,50230601,39183,1,22,rail_leg,8:30,510,-75.1833908620653,39.9475606076449,-75.1261412370567,40.3135957992813,42101,42017,am_peak,TRUE,140,124.693296,130.9,6.01040764008565,2,130.9,6.01040764008565,2
5028430201,50284302,39264,1,22,rail_leg,6:40,400,-75.1936158015564,40.0213231298423,-75.1612826317197,39.9532127364358,42101,42101,am_peak,TRUE,35,40.669437,43.625,5.13935948081236,8,44.9479166666667,3.4981564022047,8
5028430203,50284302,39266,3,22,rail_leg,17:45,1065,-75.1665551812863,39.9452085642469,-75.1936158015564,40.0213231298423,42101,42101,pm_peak,TRUE,45,52.204469,58.4083333333333,7.63857690560599,8,55.0458333333333,7.75374333559512,8
5035620502,50356205,39449,2,22,rail_leg,11:00,660,-75.4829079089365,40.0451966969818,-75.1840170635385,39.9534784074457,42029,42101,off_peak,FALSE,60,47.078766,99.00625,23.6284196945522,8,89.1416666666667,16.5476248715303,8
5040140102,50401401,39470,2,22,rail_leg,8:13,493,-75.3854291498663,40.0396308610676,-75.1687160134156,39.9558364756335,42045,42101,am_peak,TRUE,32,48.197569,73.2458333333333,8.48478446752288,8,63.1020833333333,10.3518476132494,8
5040140104,50401401,39471,4,22,rail_leg,17:05,1025,-75.1638872349499,39.9525548857932,-75.42025058575,40.0287282649711,42101,42029,pm_peak,TRUE,45,69.107503,,,0,,,0
5040390101,50403901,39480,1,22,rail_leg,6:45,405,-75.2020994755601,40.077187821998,-75.1662257986882,39.9519342771783,42101,42101,am_peak,TRUE,45,41.326165,55.5375,5.71829249405966,8,49.1708333333333,3.27513176761456,8
5040390102,50403901,39481,2,22,rail_leg,18:10,1090,-75.1662257986882,39.9519342771783,-75.2020994755601,40.077187821998,42101,42101,pm_peak,TRUE,50,38.531193,57.9708333333333,5.13056318267581,8,58.0604166666667,5.11090444501086,8
5046350202,50463502,39642,2,22,rail_leg,6:18,378,-75.3548774564537,39.9036369389223,-75.1834073455283,39.9599979498596,42045,42101,am_peak,TRUE,32,29.40979,60.9854166666667,10.5249380253049,8,53.125,8.71677364953013,8
5046350207,50463502,39643,7,22,rail_leg,18:25,1105,-75.1834073455283,39.9599979498596,-75.3475957675981,39.9012278289218,42101,42045,pm_peak,TRUE,25,32.52171,69.3208333333333,12.2304484401685,8,48.975,9.61304916692484,8
5048230201,50482302,39705,1,22,rail_leg,8:30,510,-75.196250582134,40.0845531865234,-75.1652643007328,39.9488899960486,42091,42101,am_peak,TRUE,45,58.854566,72.8895833333333,5.24494418312788,8,73.2916666666667,3.94380164670733,8
5048230202,50482302,39706,2,22,rail_leg,17:40,1060,-75.1652643007328,39.9488899960486,-75.196250582134,40.0845531865234,42101,42091,pm_peak,TRUE,75,52.670713,63.6583333333333,7.84050836544235,8,60.6333333333333,2.7902892835178,8
5048570101,50485701,39722,1,22,rail_leg,5:00,300,-74.9853265543148,40.0477525065309,-75.1630657978927,39.949981511781,42101,42101,off_peak,FALSE,225,43.717357,69.7738095238095,11.0687282933382,7,70.475,9.98449214198365,6
5048570103,50485701,39724,3,22,rail_leg,18:00,1080,-74.971722014007,40.068261230225,-74.9853265543148,40.0477525065309,42017,42101,pm_peak,TRUE,80,23.629175,43.46875,9.16313974357684,8,38.5145833333333,8.63740682305657,8
5090530101,50905301,40304,1,22,rail_leg,8:07,487,-75.1595117962634,39.9367714452714,-75.3170969015922,40.0208081125859,42101,42091,am_peak,TRUE,31,53.52039,77.8166666666667,10.2566741724287,8,73.6333333333333,6.87888418415717,8
5090530104,50905301,40307,4,22,rail_leg,17:25,1045,-75.3170969015922,40.0208081125859,-75.1588750233838,39.9528401835985,42091,42101,pm_peak,TRUE,30,44.399699,65.74375,10.901619719106,8,50.11875,7.58786331208313,8
5101750101,51017501,40521,1,22,rail_leg,8:00,480,-74.8931888156492,40.1226963892805,-75.1691139313301,39.9535949564727,42017,42101,am_peak,TRUE,60,103.984149,100.183333333333,8.5,3,100.183333333333,8.5,3
5103110101,51031101,40607,1,22,rail_leg,7:15,435,-75.3417017450501,39.9005076012879,-75.1742868895805,39.952935291834,42045,42101,am_peak,TRUE,45,47.774367,81.5875,6.84779393279557,8,76.59375,4.83490071055781,8
5103110102,51031101,40608,2,22,rail_leg,17:20,1040,-75.1742868895805,39.952935291834,-75.3417017450501,39.9005076012879,42101,42045,pm_peak,TRUE,45,46.150461,87.3583333333333,12.9288375838604,8,72.4166666666667,6.27436204307809,8
5105180101,51051801,40636,1,22,rail_leg,8:00,480,-75.1685656145409,39.9486706858777,-75.3045400928903,40.0162243322963,42101,42091,am_peak,TRUE,42,42.290696,73.8583333333333,17.0665713352992,8,64.5041666666667,14.0396709758851,8
5105180102,51051801,40637,2,22,rail_leg,17:45,1065,-75.3045400928903,40.0162243322963,-75.1705068930163,39.9509065904554,42091,42101,pm_peak,TRUE,45,44.435303,64.7291666666667,12.4554340470972,8,55.6416666666667,8.54817347983005,8
5111180202,51111802,40680,2,22,rail_leg,5:20,320,-75.0507457532838,40.1204447180279,-75.1840170635385,39.9534784074457,42091,42101,off_peak,FALSE,60,50.390888,71.5166666666667,8.5,3,77.3233333333333,9.85880599035987,5
5111180203,51111802,40681,3,22,rail_leg,15:45,945,-75.1840170635385,39.9534784074457,-75.1840170635385,39.9534784074457,42101,42101,off_peak,FALSE,85,6.982919,5.67916666666667,1.99387454828174,8,6.09166666666667,1.23259308544455,8
5119280201,51192802,40858,1,22,rail_leg,6:20,380,-75.3385333435585,39.9979570494413,-75.600181420384,40.0334436556146,42045,42029,am_peak,TRUE,,,,,0,,,0
5119280202,51192802,40859,2,22,rail_leg,18:00,1080,-75.600181420384,40.0334436556146,-75.3385333435585,39.9979570494413,42029,42045,pm_peak,TRUE,60,,,,0,,,0
5122980102,51229801,40969,2,22,rail_leg,7:08,428,-75.3967642023521,39.912580844843,-75.1541388337345,39.9522458625874,42045,42101,am_peak,TRUE,38,48.767596,77.35,7.50713945901785,8,66.9125,6.36501318593629,8
5122980105,51229801,40970,5,22,rail_leg,9:34,574,-75.1572994746159,39.95264251715,-75.3862490558174,39.9062101361711,42101,42045,off_peak,FALSE,37,40.803611,78.3,17.2150266586242,8,78.6916666666667,17.4584472663631,8
5127700101,51277001,41022,1,22,rail_leg,7:00,420,-75.2925201496869,39.9202228863396,-75.1588750233838,39.9528401835985,42045,42101,am_peak,TRUE,55,36.15068,58.6875,9.02457293541731,8,50.3229166666667,6.01511282864003,8
5127700202,51277002,41026,2,22,rail_leg,19:00,1140,-75.1588750233838,39.9528401835985,-75.2844606971503,39.9242462649883,42101,42045,off_peak,FALSE,85,28.25,60.275,15.2842615390359,8,56.2166666666667,11.9552737914517,8
5129480207,51294802,41074,7,22,rail_leg,11:16,676,-75.3490077338315,40.0452635767863,-75.1588750233838,39.9528401835985,42045,42101,off_peak,FALSE,39,49.544105,66.4833333333333,9.87420882906575,8,63.7333333333333,8.75866917483962,8
5129480213,51294802,41078,13,22,rail_leg,15:45,945,-75.1588750233838,39.9528401835985,-75.3490077338315,40.0452635767863,42101,42045,off_peak,FALSE,32,39.126898,61.8333333333333,4.13260362222324,8,60.7604166666667,5.29126967014744,8
5171340102,51713401,41724,2,22,rail_leg,6:54,414,-75.214650332805,40.1349579453564,-75.1648345113326,39.9541020155151,42091,42101,am_peak,TRUE,36,42.869745,61.2604166666667,10.2116916244731,8,51.45,6.08114442028122,8
5171340105,51713401,41725,5,22,rail_leg,16:40,1000,-75.1648345113326,39.9541020155151,-75.214650332805,40.1349579453564,42101,42091,pm_peak,TRUE,35,40.629544,62.7333333333333,8.57321409974112,8,45.9833333333333,5.05682000583653,8
5174730101,51747301,41734,1,22,rail_leg,8:55,535,-75.3843009215246,39.9156678477591,-75.1704674139331,39.9548009865238,42045,42101,am_peak,TRUE,60,43.501685,82.3527777777778,7.75929132407412,6,77.2,8.08235389255163,7
5174730105,51747301,41738,5,22,rail_leg,16:54,1014,-75.1648345113326,39.9541020155151,-75.3862490558174,39.9062101361711,42101,42045,pm_peak,TRUE,31,36.357943,60.8,8.98013681092093,8,55.425,6.81254095662656,8
5198430103,51984301,42211,3,22,rail_leg,7:39,459,-75.1531176077862,40.0998645962702,-75.1588750233838,39.9528401835985,42091,42101,am_peak,TRUE,26,30.091828,43.7958333333333,8.72258403354317,8,41.8,5.20302110042123,8
5210970201,52109702,42409,1,22,rail_leg,8:44,524,-75.2533849746111,39.9972621864517,-75.1648345113326,39.9541020155151,42091,42101,am_peak,TRUE,24,21.280945,42.9916666666667,8.79833588161502,8,35.8666666666667,8.53563956930837,8
5210970206,52109702,42413,6,22,rail_leg,16:41,1001,-75.1715947626354,39.9429517013451,-75.2621066880574,40.0038368776237,42101,42091,pm_peak,TRUE,27,41.840478,57.7583333333333,8.60958767886128,8,54.6333333333333,6.95906397646777,8
5243500101,52435001,43039,1,22,rail_leg,8:48,528,-75.2306181788506,40.0331480094283,-75.1562910038297,39.9768159139408,42101,42101,am_peak,TRUE,42,30.020858,69.8833333333333,40.7142583542097,5,43.7583333333333,6.53425042154252,8
5243500102,52435001,43040,2,22,rail_leg,11:39,699,-75.1562910038297,39.9768159139408,-75.2306181788506,40.0331480094283,42101,42101,off_peak,FALSE,42,31.954863,60.4916666666667,18.2790864104309,8,59.5583333333333,11.5185599022717,8
5243500201,52435002,43044,1,22,rail_leg,9:18,558,-75.2306181788506,40.0331480094283,-75.1562910038297,39.9768159139408,42101,42101,am_peak,TRUE,33,30.020858,70.7733333333334,42.7499766081807,5,62.5261904761905,18.9686458085316,7
5243500202,52435002,43045,2,22,rail_leg,21:51,1311,-75.1562910038297,39.9768159139408,-75.2306181788506,40.0331480094283,42101,42101,off_peak,FALSE,36,31.716667,70.1166666666667,18.1835875762419,8,60.0625,13.9290912601409,8
5247550203,52475502,43107,3,22,rail_leg,7:30,450,-74.9853265543148,40.0477525065309,-75.1638872349499,39.9525548857932,42101,42101,am_peak,TRUE,30,38.855257,62.6583333333333,8.99924600016183,8,61.08125,8.2813782185342,8
5247550205,52475502,43108,5,22,rail_leg,16:55,1015,-75.1588750233838,39.9528401835985,-75.0798260530761,40.0248633027149,42101,42101,pm_peak,TRUE,25,31.790295,46.63125,3.73921133247225,8,42.1041666666667,2.96099980433465,8
5257730101,52577301,43201,1,22,rail_leg,7:00,420,-75.3329867932292,40.2272389657107,-75.1553089348274,40.0036904586044,42091,42101,am_peak,TRUE,60,,,,0,,,0
5257730102,52577301,43202,2,22,rail_leg,15:00,900,-75.1553089348274,40.0036904586044,-75.3329867932292,40.2272389657107,42101,42091,off_peak,FALSE,60,,,,0,,,0
5278380203,52783802,43502,3,22,rail_leg,16:00,960,-75.1612826317197,39.9532127364358,-75.1612826317197,39.9532127364358,42101,42101,pm_peak,TRUE,60,4.127778,9.33333333333333,2.10260609267461,8,9.54791666666667,1.7838214174088,8
5278480104,52784801,43506,4,14,feeder_leg,14:10,850,-75.1392788470332,40.0429484652339,-75.1381304513604,40.0251658128621,42101,42101,off_peak,FALSE,0,11.765591,29.3083333333333,6.53587171291015,8,24.1166666666667,4.56696210375594,8
5278790102,52787901,43516,2,22,rail_leg,7:51,471,-75.1297691436794,40.0713922682092,-75.1545851492175,39.9813757258968,42091,42101,am_peak,TRUE,19,23.11768,37.2083333333333,7.43957137355521,8,40.5145833333333,5.82874947450205,8
5278790104,52787901,43517,4,22,rail_leg,17:32,1052,-75.1480260525691,39.9820906148628,-75.1297691436794,40.0713922682092,42101,42091,pm_peak,TRUE,18,18.801258,35.7666666666667,11.5665774663776,8,25.1416666666667,5.12521776540833,8
5294130103,52941301,43770,3,22,rail_leg,7:25,445,-75.3170969015922,40.0208081125859,-75.1648345113326,39.9541020155151,42091,42101,am_peak,TRUE,25,27.304952,53.5833333333333,8.85407268857689,8,42.7625,6.05460437410935,8
5315960101,53159601,43940,1,22,rail_leg,6:30,390,-74.887284717431,40.1994272915791,-75.1580149724927,39.9493530835764,42017,42101,am_peak,TRUE,65,71.943323,83.65,10.5510662968252,5,89.95,7.14142842854285,8
5354930107,53549301,44089,7,22,rail_leg,16:41,1001,-75.1648345113326,39.9541020155151,-75.1648345113326,39.9541020155151,42101,42101,pm_peak,TRUE,29,4.017397,8.34791666666667,1.88025322298346,8,7.52291666666667,2.48062232175207,8
5444280104,54442801,44197,4,22,rail_leg,13:25,805,-75.1588750233838,39.9528401835985,-75.2318795104928,39.8804695206274,42101,42101,off_peak,FALSE,33,35.250459,59.0958333333333,9.45364106390122,8,55.3541666666667,8.10175735394626,8
5549720201,55497202,44418,1,22,rail_leg,7:15,435,-75.2240469261417,40.0283746179593,-75.177201361549,39.9550054347417,42101,42101,am_peak,TRUE,30,28.623512,44.8854166666667,3.56504677833911,8,44.3166666666667,4.40046895047869,8
5549720202,55497202,44419,2,22,rail_leg,17:00,1020,-75.177201361549,39.9550054347417,-75.2240469261417,40.0283746179593,42101,42101,pm_peak,TRUE,45,19.786963,45.9854166666667,6.61226876452294,8,41.125,5.02320014358772,8
5645340205,56453402,44565,5,22,rail_leg,16:40,1000,-75.1588750233838,39.9528401835985,-75.1898605144712,40.0114702178942,42101,42101,pm_peak,TRUE,13,16.924779,35.9166666666667,10.2015404999161,8,27.7916666666667,7.56755291642266,8
5666250104,56662501,44619,4,22,rail_leg,13:00,780,-75.3195257705183,40.0049815590517,-75.1648345113326,39.9541020155151,42045,42101,off_peak,FALSE,20,45.984543,61.85,9.52065423922417,8,60.35,9.05932826270406,8
5666250107,56662501,44620,7,22,rail_leg,14:15,855,-75.1648345113326,39.9541020155151,-75.3195257705183,40.0049815590517,42101,42045,off_peak,FALSE,30,43.69728,60.0666666666667,7.92374370393908,8,61.83125,6.45657925488437,8
5679850201,56798502,44676,1,22,rail_leg,8:15,495,-75.2791809847499,39.9347542142195,-75.1638872349499,39.9525548857932,42045,42101,am_peak,TRUE,25,30.734642,48.6833333333333,7.70191689188632,8,43.5645833333333,7.33197193802595,8
5679850202,56798502,44677,2,22,rail_leg,17:05,1025,-75.1638872349499,39.9525548857932,-75.2791809847499,39.9347542142195,42101,42045,pm_peak,TRUE,25,25.345046,48.80625,7.86554137179562,8,43.5166666666667,6.95848802223267,8
5757350102,57573501,44839,2,22,rail_leg,8:01,481,-75.1834073455283,39.9599979498596,-74.9187940367774,40.0802503935485,42101,42017,am_peak,TRUE,31,49.149659,,,0,103.325,19.4967946083452,8
5757350105,57573501,44840,5,22,rail_leg,17:28,1048,-74.9063874745106,40.0959040743494,-74.9187940367774,40.0802503935485,42017,42017,pm_peak,TRUE,30,19.366667,,,0,,,0
5759930102,57599301,44852,2,22,rail_leg,5:48,348,-75.3285784262649,39.9077335323186,-75.1588750233838,39.9528401835985,42045,42101,off_peak,FALSE,37,38.75,55.8,8.27143679578504,4,48.425,8.60128727907299,8
5759930106,57599301,44854,6,21,feeder_leg,17:08,1028,-75.1414393682529,39.9601471054741,-75.1648345113326,39.9541020155151,42101,42101,pm_peak,TRUE,4,14.594689,15.4020833333333,2.76586961410371,8,20.3625,2.76442465095246,8
5759930107,57599301,44854,7,22,rail_leg,17:22,1042,-75.1648345113326,39.9541020155151,-75.3285784262649,39.9077335323186,42101,42045,pm_peak,TRUE,23,30.937209,64.7,19.8997487421324,8,40.95,7.15641570300983,8
5759930202,57599302,44857,2,22,rail_leg,7:10,430,-75.3285784262649,39.9077335323186,-75.1678754160498,39.9518178612404,42045,42101,am_peak,TRUE,40,35.181887,55,10.8693540352156,8,42.25,5.13392080744755,8
5759930205,57599302,44858,5,22,rail_leg,17:22,1042,-75.1648345113326,39.9541020155151,-75.3285784262649,39.9077335323186,42101,42045,pm_peak,TRUE,23,30.937209,64.7,19.8997487421324,8,40.95,7.15641570300983,8
5765380103,57653801,44880,3,22,rail_leg,16:45,1005,-75.3393886203709,40.0346462639254,-75.1742868895805,39.952935291834,42045,42101,pm_peak,TRUE,30,45.663725,52.3166666666667,4.81409966198827,8,50.6854166666667,4.73368910047967,8
5864950102,58649501,45119,2,22,rail_leg,8:25,505,-75.1325211942729,40.0941668713503,-75.1834073455283,39.9599979498596,42091,42101,am_peak,TRUE,34,40.071384,55.0625,4.90034619768266,8,52.21875,6.8796250676493,8
6016700205,60167002,45555,5,22,rail_leg,12:45,765,-75.1648345113326,39.9541020155151,-75.1685656145409,39.9486706858777,42101,42101,off_peak,FALSE,20,9.573822,15.8958333333333,2.9161394081249,8,14.3166666666667,1.0750046142389,8
6036180104,60361801,45865,4,22,rail_leg,9:00,540,-74.8976831541036,40.1863154165969,-75.1588750233838,39.9528401835985,42017,42101,am_peak,TRUE,55,58.77095,,,0,,,0
6037250102,60372501,45888,2,22,rail_leg,7:55,475,-75.1297691436794,40.0713922682092,-75.1691139313301,39.9535949564727,42091,42101,am_peak,TRUE,25,34.26416,42.0458333333333,5.23612111068053,8,41.3541666666667,6.26004430989947,8
6037250104,60372501,45889,4,22,rail_leg,17:50,1070,-75.1648345113326,39.9541020155151,-75.1297691436794,40.0713922682092,42101,42091,pm_peak,TRUE,30,29.347294,42.0125,9.17217042566591,8,39.1104166666667,5.68195373214933,8
6039800301,60398003,45968,1,22,rail_leg,7:00,420,-75.142252558114,39.9534656191866,-75.1531176077862,40.0998645962702,42101,42091,am_peak,TRUE,90,47.778109,60.70625,7.89558816681822,8,61.3625,7.87838488604729,8
6039800302,60398003,45969,2,22,rail_leg,17:00,1020,-75.1531176077862,40.0998645962702,-75.142252558114,39.9534656191866,42091,42101,pm_peak,TRUE,45,43.747012,60.2083333333333,7.98299283496952,8,52.5958333333333,5.49939931784762,8
6083360201,60833602,46552,1,22,rail_leg,7:45,465,-75.5182227312107,40.0361776802347,-75.1941152941134,39.9546263068532,42029,42101,am_peak,TRUE,70,53.02561,82.8729166666667,9.99928940927685,8,75.2020833333333,12.6740656256833,8
6083360202,60833602,46553,2,22,rail_leg,17:30,1050,-75.1941152941134,39.9546263068532,-75.5182227312107,40.0361776802347,42101,42029,pm_peak,TRUE,75,54.406957,81.7333333333333,10.5051008018554,8,72.7333333333333,13.068500843085,8
6086660202,60866602,46615,2,22,rail_leg,6:34,394,-75.1493508294534,40.1224003405441,-75.1588750233838,39.9528401835985,42091,42101,am_peak,TRUE,26,31.735925,,,0,,,0
6086660204,60866602,46616,4,22,rail_leg,15:55,955,-75.2300055470776,39.9884080077411,-75.2610376834135,40.1872915522603,42101,42091,off_peak,FALSE,45,70.500674,105.35,10.5863793891693,8,90.1,6.83478497937468,8
6113870204,61138702,47041,4,22,rail_leg,11:55,715,-75.2823535717739,40.2437347422191,-75.2613179666323,40.2626114627708,42091,42091,off_peak,FALSE,5,11.116776,38.6791666666667,14.1728466912379,8,34.44375,11.4091161597917,8
6113900201,61139002,47058,1,22,rail_leg,7:30,450,-75.2463901267165,40.0011528366318,-75.3393886203709,40.0346462639254,42091,42045,am_peak,TRUE,30,32.458275,53.0291666666667,11.0022319164276,8,42.1125,6.16673584259785,8
6123020302,61230203,47253,2,22,rail_leg,7:18,438,-75.2621066880574,40.0038368776237,-75.1608290378846,39.9512565309348,42091,42101,am_peak,TRUE,25,30.358302,47.7,8.22371715281623,8,41.3770833333333,6.24704970048402,8
6123020304,61230203,47254,4,22,rail_leg,16:16,976,-75.1588750233838,39.9528401835985,-75.2621066880574,40.0038368776237,42101,42091,pm_peak,TRUE,22,27.979348,39.8833333333333,8.57321409974112,8,41.0083333333333,9.45572389009505,8
6158310201,61583102,47703,1,22,rail_leg,9:40,580,-75.2810698001446,40.2355243961341,-75.2823535717739,40.2437347422191,42091,42091,off_peak,FALSE,7,11.3,30.3479166666667,10.5918073966897,8,28.0541666666667,5.8289149933757,8
6158310202,61583102,47704,2,22,rail_leg,15:05,905,-75.2823535717739,40.2437347422191,-75.2810698001446,40.2355243961341,42091,42091,off_peak,FALSE,47,10.522271,38.8875,18.2144516799161,8,37.8020833333333,18.3470823715276,8
6165450102,61654501,47852,2,22,rail_leg,9:21,561,-75.6088161729411,40.0119718537478,-75.1834073455283,39.9599979498596,42029,42101,am_peak,TRUE,49,75.363548,123.133333333333,7.54155156449917,5,137.961111111111,11.8495553909403,6
6165820105,61658201,47890,5,22,rail_leg,16:20,980,-75.2755312957965,40.0062174693429,-75.1779217463161,39.9533873770951,42091,42101,pm_peak,TRUE,30,27.383292,56.88125,13.2692610453814,8,49.6833333333333,10.1119448461425,8
6165820107,61658201,47891,7,22,rail_leg,22:35,1355,-75.1834073455283,39.9599979498596,-75.2755312957965,40.0062174693429,42101,42091,off_peak,FALSE,25,21.938999,62.7666666666667,18.3620986454889,7,59.575,15.3653056932695,8
6174680101,61746801,47984,1,22,rail_leg,10:55,655,-75.1983373842282,40.059754922547,-75.1560983260195,39.9553691545034,42101,42101,off_peak,FALSE,63,52.105493,60.8125,8.06996562806157,8,58.5229166666667,6.52457465316797,8
6174680105,61746801,47988,5,22,rail_leg,17:15,1035,-75.1474545568906,39.9496085506464,-75.1983373842282,40.059754922547,42101,42101,pm_peak,TRUE,73,49.587826,66.5395833333334,4.23366081879163,8,60.7708333333333,3.95935450487047,8
6175440202,61754402,48017,2,22,rail_leg,7:24,444,-75.1325211942729,40.0941668713503,-75.1648345113326,39.9541020155151,42091,42101,am_peak,TRUE,27,34.780763,46.33125,4.78395497453861,8,43.85625,5.4632897344203,8
6175750201,61757502,48035,1,22,rail_leg,7:30,450,-75.367791359298,39.8785149779787,-75.1687160134156,39.9558364756335,42045,42101,am_peak,TRUE,75,65.042295,75.8291666666667,7.38533376103645,8,71.7333333333333,8.86321092700089,8
6189830203,61898302,48263,3,22,rail_leg,7:15,435,-75.2646195081271,40.0691085697051,-75.1588750233838,39.9528401835985,42091,42101,am_peak,TRUE,21,42.2573,,,0,,,0
6189830208,61898302,48267,8,22,rail_leg,16:40,1000,-75.1588750233838,39.9528401835985,-75.2646195081271,40.0691085697051,42101,42091,pm_peak,TRUE,26,42.855614,,,0,,,0
6194760201,61947602,48414,1,22,rail_leg,7:50,470,-75.3014852761322,40.0298307470534,-75.3014852761322,40.0298307470534,42091,42091,am_peak,TRUE,970,17.16611,,,0,,,0
6221280101,62212801,48768,1,22,rail_leg,7:00,420,-75.1840657845611,40.0625876496449,-75.1588750233838,39.9528401835985,42101,42101,am_peak,TRUE,30,27.103521,48.6604166666667,10.5701696818535,8,42.55,8.03563492024299,8
6224850102,62248501,48824,2,22,rail_leg,8:47,527,-75.1898142834651,40.0518717143354,-75.1779217463161,39.9533873770951,42101,42101,am_peak,TRUE,,31.994802,51.7625,9.47956762626611,8,54.68125,8.44408517275625,8
6224850105,62248501,48825,5,22,rail_leg,17:51,1071,-75.1648345113326,39.9541020155151,-75.1898142834651,40.0518717143354,42101,42101,pm_peak,TRUE,,31.826894,52.2083333333333,5.24818184692687,8,50.3583333333333,7.03072057089682,8
6228560102,62285601,48872,2,22,rail_leg,6:59,419,-75.7140748628777,40.0039525762867,-75.1840170635385,39.9534784074457,42029,42101,am_peak,TRUE,47,58.985822,108.4,18.8490242263549,8,100.316666666667,30.7626667677994,6
6228560105,62285601,48873,5,22,rail_leg,17:13,1033,-75.1834073455283,39.9599979498596,-75.7140748628777,40.0039525762867,42101,42029,pm_peak,TRUE,44,57.037813,107.083333333333,17.4622040827775,8,91.8333333333333,19.2984085206157,8
6257530303,62575303,49291,3,22,rail_leg,7:30,450,-75.4829079089365,40.0451966969818,-75.3170969015922,40.0208081125859,42029,42091,am_peak,TRUE,25,25.828562,46.1979166666667,9.57421072009063,8,45.61875,6.98123014982044,8
6257530306,62575303,49292,6,22,rail_leg,15:32,932,-75.3130821241257,40.0233046462669,-75.6088161729411,40.0119718537478,42091,42029,off_peak,FALSE,33,77.998013,121.183333333333,20.820662813657,8,125.433333333333,13.4396800557156,5
6307190102,63071901,49952,2,22,rail_leg,7:16,436,-74.957545923727,40.0684501210394,-75.1427276091799,39.9500099248171,42017,42101,am_peak,TRUE,36,52.265589,67.45,8.9909478286298,8,66.5104166666667,8.77664169737645,8
6307190107,63071901,49955,7,22,rail_leg,16:16,976,-75.1580149724927,39.9493530835764,-75.1580149724927,39.9493530835764,42101,42101,pm_peak,TRUE,39,4.158333,8.49375,1.80528187791551,8,6.87916666666667,2.10271460977441,8
6312540103,63125401,50052,3,22,rail_leg,14:05,845,-75.3363995135418,40.0478797340604,-75.1446587384151,39.9502859178682,42091,42101,off_peak,FALSE,130,59.395222,,,0,,,0
6319750201,63197502,50124,1,22,rail_leg,7:20,440,-75.1903469668287,40.1562830811359,-75.1634052023169,39.9571451807186,42091,42101,am_peak,TRUE,,107.20766,,,0,,,0
6319750202,63197502,50125,2,22,rail_leg,16:30,990,-75.1634052023169,39.9571451807186,-75.1903469668287,40.1562830811359,42101,42091,pm_peak,TRUE,49,100.468468,,,0,,,0
6339310104,63393101,50402,4,22,rail_leg,14:00,840,-75.1531176077862,40.0998645962702,-75.1648345113326,39.9541020155151,42091,42101,off_peak,FALSE,30,34.411213,51.3666666666667,7.14142842854285,8,53.20625,10.3310056422095,8
6341280102,63412801,50438,2,22,rail_leg,12:25,745,-75.0826616926931,40.0770283629367,-75.1669894744938,39.9484799410289,42101,42101,off_peak,FALSE,30,51.238419,69.225,12.7625848255191,8,65.26875,13.4008511856523,8
6341280107,63412801,50441,7,22,rail_leg,15:25,925,-75.1648345113326,39.9541020155151,-75.1673759243643,39.9592890487195,42101,42101,off_peak,FALSE,28,8.497998,12.35,3.17952277541223,8,12.3458333333333,2.83180280790474,8
6349860101,63498601,50599,1,22,rail_leg,6:43,403,-75.1827055398227,40.0389450998406,-75.1873495829861,40.0339940755705,42101,42101,am_peak,TRUE,37,12.26685,16.0291666666667,3.90558970609829,8,17.53125,4.60954356363831,8
6359590102,63595901,50723,2,22,rail_leg,7:18,438,-75.4245283894686,39.9086253629038,-75.1937934209145,39.951852697735,42045,42101,am_peak,TRUE,22,71.664526,84.8875,8.48848309405722,8,79.2104166666667,6.35821514275723,8
6359590104,63595901,50724,4,22,rail_leg,18:35,1115,-75.0593151476913,40.0302346423682,-75.1937934209145,39.951852697735,42101,42101,pm_peak,TRUE,,47.540091,63.825,5.67997736414001,8,54.4083333333333,1.63386774541999,8
6403140202,64031402,51374,2,22,rail_leg,19:15,1155,-75.1568084005227,40.0959314583006,-75.1568084005227,40.0959314583006,42091,42091,off_peak,FALSE,55,9.52182,14.725,7.3991794911907,8,14.725,7.3991794911907,8
6411900101,64119001,51443,1,22,rail_leg,17:30,1050,-75.1638872349499,39.9525548857932,-75.3105990244411,39.9111895443266,42101,42045,pm_peak,TRUE,70,38.398521,67.9520833333333,14.4237140427046,8,49.4833333333333,8.11083930834006,8
6414030202,64140302,51471,2,22,rail_leg,6:30,390,-75.2610376834135,40.1872915522603,-75.1588750233838,39.9528401835985,42091,42101,am_peak,TRUE,42,44.52201,72.675,12.0645584846098,8,61.3,6.71352579286239,8
6414030205,64140302,51473,5,22,rail_leg,11:50,710,-75.150623776162,39.9499928305521,-75.150623776162,39.9499928305521,42101,42101,off_peak,FALSE,42,3.924631,9.77291666666667,1.83032084749147,8,8.11875,2.14088020579283,8
6433750203,64337502,51830,3,22,rail_leg,18:16,1096,-74.8523645854997,40.0987028986407,-74.9452110255043,40.1208986646202,42017,42017,pm_peak,TRUE,14,69.798567,109.964285714286,18.659114118375,7,102.7,14.5830625825207,8
6501560101,65015601,52809,1,22,rail_leg,8:20,500,-75.1256172805438,40.0721167066709,-75.1541388337345,39.9522458625874,42091,42101,am_peak,TRUE,40,31.623679,43.8625,4.88140909593785,8,42.4229166666667,6.37034883236638,8
6501560102,65015601,52810,2,22,rail_leg,19:30,1170,-75.1541388337345,39.9522458625874,-75.1256172805438,40.0721167066709,42101,42091,off_peak,FALSE,30,26.4,48.8270833333333,12.274056190076,8,40.8958333333333,10.5105644132803,8
6513570101,65135701,52937,1,22,rail_leg,8:15,495,-75.2621066880574,40.0038368776237,-75.1427276091799,39.9500099248171,42091,42101,am_peak,TRUE,52,36.311444,49.45,9.87420882906575,8,49.0875,9.15581067124146,8
6515270101,65152701,52978,1,22,rail_leg,6:00,360,-75.4004536142059,39.8980960293187,-75.1541388337345,39.9522458625874,42045,42101,am_peak,TRUE,72,81.027926,100.45,11.4350755301814,8,89.9791666666667,8.81962435761999,8
6515270102,65152701,52979,2,22,rail_leg,16:35,995,-75.1541388337345,39.9522458625874,-75.4004536142059,39.8980960293187,42101,42045,pm_peak,TRUE,60,76.848023,113.008333333333,12.6918515291543,8,92.7833333333333,9.88510182523367,8
6539400104,65394001,53375,4,22,rail_leg,7:30,450,-75.2823535717739,40.2437347422191,-75.1588750233838,39.9528401835985,42091,42101,am_peak,TRUE,55,56.053349,80.175,10.3432172391932,8,68.55,11.8683251917506,8
6539400107,65394001,53376,7,22,rail_leg,16:49,1009,-75.1588750233838,39.9528401835985,-75.2823535717739,40.2437347422191,42101,42091,pm_peak,TRUE,51,54.917755,78.0666666666667,8.57321409974112,8,65.1916666666667,13.7730326570232,8
6580550101,65805501,54042,1,22,rail_leg,7:56,476,-74.881760525447,40.1424498598935,-75.1541388337345,39.9522458625874,42017,42101,am_peak,TRUE,44,101.805925,122.333333333333,8.50000000000001,3,101.1,8.5,3
6585800102,65858001,54213,2,22,rail_leg,8:53,533,-75.2844606971503,39.9242462649883,-75.1928742171467,39.9459041130135,42045,42101,am_peak,TRUE,14,24.000752,60.25625,17.138193996229,8,48.0833333333333,12.5129393346907,8
6585800105,65858001,54214,5,22,rail_leg,17:15,1035,-75.1928742171467,39.9459041130135,-75.1928742171467,39.9459041130135,42101,42101,pm_peak,TRUE,16,6.998705,14.7458333333333,3.82523730978752,8,12.4,1.96977156035922,8
6611090101,66110901,54556,1,22,rail_leg,8:10,490,-75.2621066880574,40.0038368776237,-75.1840170635385,39.9534784074457,42091,42101,am_peak,TRUE,30,26.099532,41.15,9.05932826270406,8,35.525,8.90324980795536,8
6611090104,66110901,54558,4,22,rail_leg,19:51,1191,-75.1977262540913,39.9594259908695,-75.2755312957965,40.0062174693429,42101,42091,off_peak,FALSE,12,36.175618,68.7875,13.1738580421335,8,57.08125,7.75662767041582,8
6675770102,66757701,55330,2,22,rail_leg,6:53,413,-75.1962680244175,40.0724717157188,-75.1588750233838,39.9528401835985,42101,42101,am_peak,TRUE,32,32.274782,59.6928571428571,16.6826114205637,7,50.2357142857143,10.4590357381275,7
6675770105,66757701,55331,5,22,rail_leg,16:25,985,-75.1648345113326,39.9541020155151,-75.1962680244175,40.0724717157188,42101,42101,pm_peak,TRUE,27,35.217062,57.1333333333333,6.69465553246862,8,58.65,7.36691445392361,8
6701750202,67017502,55699,2,22,rail_leg,6:40,400,-74.9173100833299,40.1657748846181,-75.1588750233838,39.9528401835985,42017,42101,am_peak,TRUE,60,64.052134,95.5854166666667,19.044947747952,8,75.55,7.14142842854285,8
6701750205,67017502,55700,5,22,rail_leg,16:55,1015,-75.1588750233838,39.9528401835985,-74.9173100833299,40.1657748846181,42101,42017,pm_peak,TRUE,40,58.442217,80.1666666666667,10.3819899000969,8,79.2333333333333,15.4964921785954,8
6745010103,67450101,56300,3,14,feeder_leg,8:00,480,-75.1648345113326,39.9541020155151,-75.1632627264191,39.9610182840982,42101,42101,am_peak,TRUE,16,9.912763,15.39375,2.79134059929451,8,13.325,2.77995946070705,8
6752060104,67520601,56429,4,14,feeder_leg,18:20,1100,-75.2806454415887,40.2304601821381,-75.2328700667351,40.2335991500038,42091,42091,pm_peak,TRUE,55,26.659649,,,0,,,0
6758480203,67584802,56525,3,22,rail_leg,13:10,790,-75.2092309433524,40.0570919862362,-75.1608866949941,39.9837724999129,42101,42101,off_peak,FALSE,50,48.810342,,,0,,,0
6758480204,67584802,56526,4,22,rail_leg,18:00,1080,-75.1608866949941,39.9837724999129,-75.2092309433524,40.0570919862362,42101,42101,pm_peak,TRUE,75,48.71221,,,0,,,0
6767900102,67679001,56640,2,22,rail_leg,9:59,599,-75.20297810328,40.0663780780388,-75.1834073455283,39.9599979498596,42101,42101,off_peak,FALSE,25,34.321153,65.7354166666667,13.6650592478054,8,52.375,10.2391057087172,8
6767900202,67679002,56642,2,22,rail_leg,9:59,599,-75.20297810328,40.0663780780388,-75.1834073455283,39.9599979498596,42101,42101,off_peak,FALSE,25,34.321153,65.7354166666667,13.6650592478054,8,52.375,10.2391057087172,8
6801200102,68012001,57052,2,22,rail_leg,8:20,500,-75.1531176077862,40.0998645962702,-75.1480260525691,39.9820906148628,42091,42101,am_peak,TRUE,20,24.225956,37.475,9.23405962417707,8,36.975,5.12521776540833,8
6801200104,68012001,57053,4,22,rail_leg,17:30,1050,-75.1545851492175,39.9813757258968,-75.1531176077862,40.0998645962702,42101,42091,pm_peak,TRUE,45,30.449782,41.35,9.05932826270406,8,41.9708333333333,7.32429502539648,8
6801200201,68012002,57055,1,22,rail_leg,8:10,490,-75.1470888942105,40.1018399351912,-75.1480260525691,39.9820906148628,42091,42101,am_peak,TRUE,30,29.598208,47.475,9.23405962417707,8,40.6,6.48074069840786,8
6801200202,68012002,57056,2,22,rail_leg,15:30,930,-75.1480260525691,39.9820906148628,-75.1480260525691,39.9820906148628,42101,42101,off_peak,FALSE,45,7.308481,7.1375,2.16807188863416,8,6.98333333333333,1.22474487139159,8
6819100107,68191001,57262,7,22,rail_leg,20:15,1215,-75.1928742171467,39.9459041130135,-75.1928742171467,39.9459041130135,42101,42101,off_peak,FALSE,10,7.061755,19.8166666666667,5.72680275906809,8,15.4625,3.83288558461662,8
6836580102,68365801,57462,2,22,rail_leg,16:36,996,-75.214650332805,40.1349579453564,-75.1588750233838,39.9528401835985,42091,42101,pm_peak,TRUE,,39.62973,72.3,18.1835875762419,8,68.7208333333333,17.3343194545497,8
6852380101,68523801,57695,1,22,rail_leg,7:00,420,-75.4467598878094,40.0656220418655,-75.1834073455283,39.9599979498596,42029,42101,am_peak,TRUE,60,67.611639,109.675,14.0196517403477,8,92.4291666666667,12.3943015260022,8
6852380102,68523801,57696,2,22,rail_leg,18:00,1080,-75.1834073455283,39.9599979498596,-75.4467598878094,40.0656220418655,42101,42029,pm_peak,TRUE,60,66.534005,97.675,14.689865311062,8,94.7625,14.6663061373437,8
6857720102,68577201,57808,2,22,rail_leg,9:17,557,-75.7140748628777,40.0039525762867,-75.1834073455283,39.9599979498596,42029,42101,am_peak,TRUE,58,55.43613,110.603333333333,25.3534333638135,5,104,15.9020438937893,6
6857720104,68577201,57808,4,22,rail_leg,11:41,701,-75.1957094473416,39.9494354858208,-75.4829079089365,40.0451966969818,42101,42029,off_peak,FALSE,110,61.274082,91.5979166666667,14.2913461369026,8,96.5666666666667,17.2150266586242,8
6875310202,68753102,57943,2,22,rail_leg,8:15,495,-75.1531176077862,40.0998645962702,-75.1634808483634,39.9480403151119,42091,42101,am_peak,TRUE,35,41.293662,55.9583333333333,7.22973906749939,8,47.925,5.26273964503552,8
6875310204,68753102,57944,4,22,rail_leg,17:28,1048,-75.1588750233838,39.9528401835985,-75.1470888942105,40.1018399351912,42101,42091,pm_peak,TRUE,19,36.475526,49.6,9.05932826270406,8,43.9291666666667,5.0351207012534,8
6884110204,68841102,58028,4,22,rail_leg,16:00,960,-75.1834073455283,39.9599979498596,-74.8185831765262,40.1380262186048,42101,42017,pm_peak,TRUE,40,47.195471,72.9166666666667,11.3200201918043,8,64.4166666666667,8.53563956930838,8
6891060202,68910602,58114,2,22,rail_leg,7:43,463,-75.1947508247048,40.0550864009275,-75.1834073455283,39.9599979498596,42101,42101,am_peak,TRUE,27,33.908461,55.5145833333333,10.3642832871142,8,53.8125,8.44176479518015,8
6891060209,68910602,58119,9,22,rail_leg,16:22,982,-75.1834073455283,39.9599979498596,-75.1947508247048,40.0550864009275,42101,42101,pm_peak,TRUE,26,33.477091,58.5833333333333,9.08593890108698,8,57.8041666666667,14.2431290870537,8
6894060101,68940601,58139,1,22,rail_leg,11:45,705,-74.8075608346683,40.1381467300113,-75.1580149724927,39.9493530835764,42017,42101,off_peak,FALSE,60,62.078286,,,0,,,0
6901710202,69017102,58260,2,22,rail_leg,12:45,765,-75.3699826397027,39.9016921551522,-75.1928742171467,39.9459041130135,42045,42101,off_peak,FALSE,30,35.766667,62.1380952380952,20.2349297244241,7,60.1380952380952,20.2349297244241,7
6907450102,69074501,58352,2,22,rail_leg,7:01,421,-75.1962680244175,40.0724717157188,-75.1675355693758,39.9533981752196,42101,42101,am_peak,TRUE,44,37.599865,64.9666666666667,15.9020438937893,6,48.3944444444445,6.91541488003164,6
6907450105,69074501,58353,5,22,rail_leg,16:25,985,-75.1648345113326,39.9541020155151,-75.1962680244175,40.0724717157188,42101,42101,pm_peak,TRUE,27,35.217062,57.1333333333333,6.69465553246862,8,58.65,7.36691445392361,8
6907450302,69074503,58364,2,22,rail_leg,7:03,423,-75.1962680244175,40.0724717157188,-75.1648345113326,39.9541020155151,42101,42101,am_peak,TRUE,42,37.539304,65.45,15.4771336708923,6,51.2952380952381,8.97881103593608,7
6907450304,69074503,58364,4,14,feeder_leg,15:19,919,-75.1665214095376,39.9615526212186,-75.1669894744938,39.9484799410289,42101,42101,off_peak,FALSE,21,15.003562,18.7791666666667,3.80511091134267,8,17.25,3.50659243086368,8
6907450306,69074503,58366,6,22,rail_leg,16:25,985,-75.1648345113326,39.9541020155151,-75.1962680244175,40.0724717157188,42101,42101,pm_peak,TRUE,27,35.217062,57.1333333333333,6.69465553246862,8,58.65,7.36691445392361,8
6910820202,69108202,58422,2,22,rail_leg,9:04,544,-75.3967642023521,39.912580844843,-75.4107809447383,39.9415769413706,42045,42045,am_peak,TRUE,21,40.065963,,,0,,,0
6947110103,69471101,58861,3,22,rail_leg,6:56,416,-75.3979310507909,39.9479406215178,-75.1688920883156,39.9546117755859,42045,42101,am_peak,TRUE,52,77.283789,89.0833333333333,11.1954072215861,8,71.1642857142857,6.15762421546135,7
6954690204,69546902,58961,4,22,rail_leg,8:46,526,-75.1947508247048,40.0550864009275,-75.1834073455283,39.9599979498596,42101,42101,am_peak,TRUE,24,33.908461,52.84375,10.8709454674901,8,62.15625,8.30118053136334,8
6954690205,69546902,58961,5,23,feeder_leg,9:15,555,-75.1834073455283,39.9599979498596,-75.1965975232029,39.9477559566907,42101,42101,am_peak,TRUE,5,16.523793,26.0833333333333,3.36995360525739,8,23.35,1.88620724677268,8
6954690207,69546902,58962,7,22,rail_leg,18:52,1132,-75.1834073455283,39.9599979498596,-75.1947508247048,40.0550864009275,42101,42101,pm_peak,TRUE,24,33.477091,59.7958333333333,13.1149489103326,8,59.1541666666667,8.4194679449589,8
6957850301,69578503,58997,1,22,rail_leg,7:20,440,-75.1944243101308,40.0409483586041,-75.1612826317197,39.9532127364358,42101,42101,am_peak,TRUE,90,34.876374,50.0166666666667,7.54792623680111,8,46.2916666666667,5.87822859614794,8
6957850302,69578503,58998,2,22,rail_leg,16:00,960,-75.1612826317197,39.9532127364358,-75.1944243101308,40.0409483586041,42101,42101,pm_peak,TRUE,60,35.063539,52.125,6.12450840268859,8,45.9583333333333,7.37928783073874,8
6975010102,69750101,59161,2,22,rail_leg,7:00,420,-75.4829079089365,40.0451966969818,-75.1638872349499,39.9525548857932,42029,42101,am_peak,TRUE,50,44.929181,80.5604166666667,8.92105115834683,8,64.9395833333333,7.39619130589071,8
6975010104,69750101,59162,4,22,rail_leg,16:11,971,-75.1648345113326,39.9541020155151,-75.4829079089365,40.0451966969818,42101,42029,pm_peak,TRUE,44,46.19259,77.8166666666667,8.75866917483962,8,76.0666666666667,7.64852927038918,8
6979160103,69791601,59190,3,22,rail_leg,8:29,509,-75.1834073455283,39.9599979498596,-75.1675355693758,39.9533981752196,42101,42101,am_peak,TRUE,5,11.860967,17.8770833333333,4.60058603496113,8,15.76875,3.7170823758546,8
6979160106,69791601,59191,6,22,rail_leg,17:20,1040,-75.1648345113326,39.9541020155151,-75.1834073455283,39.9599979498596,42101,42101,pm_peak,TRUE,4,13.250399,19.4541666666667,3.62925448201667,8,18.13125,2.13763401139359,8
6994350202,69943502,59400,2,22,rail_leg,7:41,461,-75.3686666885444,40.0437004752317,-75.1834073455283,39.9599979498596,42045,42101,am_peak,TRUE,39,30.438211,58.75,9.68798961896341,8,53.3604166666667,8.09084794298521,8
6994350205,69943502,59401,5,22,rail_leg,17:17,1037,-75.1705068930163,39.9509065904554,-75.1705068930163,39.9509065904554,42101,42101,pm_peak,TRUE,35,3.905556,7.67708333333333,1.69955497209552,8,6.98333333333333,1.39141357835539,8
7043820104,70438201,60018,4,22,rail_leg,17:13,1033,-75.1834073455283,39.9599979498596,-75.6421532507658,40.0027021296687,42101,42029,pm_peak,TRUE,42,67.334872,,,0,,,0
7082240102,70822401,60475,2,22,rail_leg,5:02,302,-75.7140748628777,40.0039525762867,-75.1840170635385,39.9534784074457,42029,42101,off_peak,FALSE,62,61.792453,95.2571428571429,9.18202177134883,7,99.8,20.4981706500849,5
7082240106,70822401,60477,6,22,rail_leg,16:39,999,-75.1588750233838,39.9528401835985,-75.7140748628777,40.0039525762867,42101,42029,pm_peak,TRUE,86,67.101232,94.9761904761905,9.18202177134883,7,88.4583333333333,8.87110075308744,8
7108500201,71085002,60864,1,22,rail_leg,16:00,960,-75.2553953178008,39.8878418476806,-75.2404391377901,39.9919120806968,42101,42101,pm_peak,TRUE,60,72.944618,82.7541666666667,7.54299185936696,8,78.7375,5.37091483738815,8
7161730101,71617301,61513,1,22,rail_leg,7:50,470,-75.1470888942105,40.1018399351912,-75.1517226930339,39.9485721389241,42091,42101,am_peak,TRUE,45,46.502543,57.8729166666667,9.66061771949507,8,54.24375,5.47464529183659,8
7161730102,71617301,61514,2,22,rail_leg,16:55,1015,-75.1517226930339,39.9485721389241,-75.1470888942105,40.1018399351912,42101,42091,pm_peak,TRUE,40,50.030924,58.1,7.70435869213933,8,53.6791666666667,9.04657591104423,8
7190730301,71907303,61985,1,22,rail_leg,13:00,780,-74.9690074890698,40.0997091732993,-75.1659426772114,39.9531940428398,42101,42101,off_peak,FALSE,,67.459096,84.35,6.39754417167802,8,77.35,4.69802390068724,8
7226600203,72266002,62420,3,22,rail_leg,16:46,1006,-75.1648345113326,39.9541020155151,-75.214650332805,40.1349579453564,42101,42091,pm_peak,TRUE,0,40.629544,60.4833333333333,8.75866917483962,8,51.8583333333333,12.1059312499523,8
7229350202,72293502,62468,2,22,rail_leg,8:06,486,-75.3130821241257,40.0233046462669,-75.1648345113326,39.9541020155151,42091,42101,am_peak,TRUE,24,30.524213,54.6166666666667,8.58986113308674,8,47.8333333333333,7.95040180675725,8
7229350205,72293502,62470,5,22,rail_leg,19:15,1155,-75.1648345113326,39.9541020155151,-75.3490077338315,40.0452635767863,42101,42045,off_peak,FALSE,30,37.462376,65.7604166666667,8.10951301798627,8,61.9208333333333,6.18912737137051,8
7235440101,72354401,62507,1,22,rail_leg,5:45,345,-75.0448298513145,40.0439492220356,-75.1608290378846,39.9512565309348,42101,42101,off_peak,FALSE,55,47.10863,63.45,6.28490254498827,8,68.575,8.94327360965451,8
7235440102,72354401,62508,2,22,rail_leg,16:00,960,-75.1608290378846,39.9512565309348,-75.0448298513145,40.0439492220356,42101,42101,pm_peak,TRUE,55,46.03887,59.7145833333333,5.1978279766267,8,54.5708333333333,3.12941434249032,8
7244310104,72443101,62594,4,22,rail_leg,17:30,1050,-75.1834073455283,39.9599979498596,-75.4829079089365,40.0451966969818,42101,42029,pm_peak,TRUE,25,41.745172,68.5666666666667,8.08437646681195,8,64.0666666666667,9.03564370384629,8
7269360102,72693601,62925,2,22,rail_leg,6:15,375,-75.0970591119887,40.1962393455377,-75.1588750233838,39.9528401835985,42017,42101,am_peak,TRUE,44,51.930585,86.3,13.9104277432436,8,79.8,9.83070990024918,8
7269360105,72693601,62926,5,22,rail_leg,15:41,941,-75.1580149724927,39.9493530835764,-75.1580149724927,39.9493530835764,42101,42101,off_peak,FALSE,44,4.158333,7.93125,1.71409741856099,8,7.82291666666667,1.66215908307849,8
7287700102,72877001,63166,2,22,rail_leg,10:25,625,-75.6421532507658,40.0027021296687,-75.1588750233838,39.9528401835985,42029,42101,off_peak,FALSE,60,82.08799,,,0,,,0
7296440109,72964401,63296,9,22,rail_leg,17:47,1067,-75.4245283894686,39.9086253629038,-75.1648345113326,39.9541020155151,42045,42101,pm_peak,TRUE,38,65.560865,76.85,10.2713192920871,8,73.85,8.75459063251144,8
7296440110,72964401,63296,10,14,feeder_leg,18:38,1118,-75.1648345113326,39.9541020155151,-75.2070232144824,39.990493481725,42101,42101,pm_peak,TRUE,32,31.829861,,,0,,,0
7296440111,72964401,63296,11,14,feeder_leg,22:55,1375,-75.2070232144824,39.990493481725,-75.1648345113326,39.9541020155151,42101,42101,off_peak,FALSE,49,33.050632,,,0,,,0
7296440112,72964401,63297,12,22,rail_leg,23:50,1430,-75.1648345113326,39.9541020155151,-75.4245283894686,39.9086253629038,42101,42045,off_peak,FALSE,0,59.742459,,,0,,,0
7299090202,72990902,63325,2,22,rail_leg,7:18,438,-74.957545923727,40.0684501210394,-75.1834073455283,39.9599979498596,42017,42101,am_peak,TRUE,26,38.735579,61.75,8.75866917483962,8,60.5,8.02229037477096,8
7299090203,72990902,63325,3,22,rail_leg,8:13,493,-75.1834073455283,39.9599979498596,-75.4146997575914,39.8197080832525,42101,42045,am_peak,TRUE,32,40.400425,111.504166666667,14.3875131872845,8,80.6041666666667,15.5862519548479,8
7299660202,72996602,63334,2,22,rail_leg,7:59,479,-75.3285784262649,39.9077335323186,-75.1928742171467,39.9459041130135,42045,42101,am_peak,TRUE,16,26.129684,46.1380952380952,9.76997343662617,7,37.5666666666667,6.08276253029822,7
7299660205,72996602,63335,5,22,rail_leg,17:29,1049,-75.1941152941134,39.9546263068532,-75.1941152941134,39.9546263068532,42101,42101,pm_peak,TRUE,16,5.618508,8.42708333333333,2.05393423296203,8,7.25833333333333,1.21704169040772,8
7310440102,73104401,63488,2,22,rail_leg,8:15,495,-75.2844606971503,39.9242462649883,-75.1648345113326,39.9541020155151,42045,42101,am_peak,TRUE,30,29.305703,55.2333333333333,8.98577358851908,8,51.4833333333333,8.08681073950095,8
7310440105,73104401,63489,5,22,rail_leg,18:20,1100,-75.1648345113326,39.9541020155151,-75.2844606971503,39.9242462649883,42101,42045,pm_peak,TRUE,20,24.444153,62.0395833333333,14.1967074695575,8,49.7166666666667,9.61026237192007,8
7364940102,73649401,64024,2,22,rail_leg,6:13,373,-75.4829079089365,40.0451966969818,-75.1588750233838,39.9528401835985,42029,42101,am_peak,TRUE,47,47.095751,80.3,8.57321409974112,8,86.8,16.4772570532841,8
7364940105,73649401,64025,5,22,rail_leg,16:06,966,-75.1540803782248,39.9488624668665,-75.1537481432666,39.9503794767793,42101,42101,pm_peak,TRUE,44,3.883333,8.6,1.7,8,8.54166666666667,1.07267652189974,8
7405870102,74058701,64425,2,22,rail_leg,7:35,455,-75.1531176077862,40.0998645962702,-75.1588750233838,39.9528401835985,42091,42101,am_peak,TRUE,27,30.091828,45.5458333333333,8.90372558904863,8,39.05,7.15142343473361,8
7405870106,74058701,64427,6,22,rail_leg,18:22,1102,-75.1648345113326,39.9541020155151,-75.1638872349499,39.9525548857932,42101,42101,pm_peak,TRUE,23,4.716667,10.6145833333333,3.29377042477327,8,9.35208333333333,2.9915812761391,8
7408990103,74089901,64449,3,22,rail_leg,8:30,510,-74.8185831765262,40.1380262186048,-75.1688920883156,39.9546117755859,42017,42101,am_peak,TRUE,0,54.219382,90.4083333333333,19.1605062563597,8,69.9083333333333,11.1411399775786,8
7480490101,74804901,65114,1,22,rail_leg,8:00,480,-75.2134952610851,40.0930385375482,-75.1677276497158,39.9525760413027,42091,42101,am_peak,TRUE,55,61.598196,72.1208333333333,5.99684937120755,8,63.7916666666667,8.24535944522447,8
7480490102,74804901,65115,2,22,rail_leg,17:01,1021,-75.1677276497158,39.9525760413027,-75.2134952610851,40.0930385375482,42101,42091,pm_peak,TRUE,64,56.201032,73.9625,5.8959277714126,8,66.4979166666667,5.33601448604088,8
9021800102,90218001,65289,2,22,rail_leg,7:08,428,-75.4233197162045,40.0419674851349,-75.1470807570054,39.9513767444736,42029,42101,am_peak,TRUE,52,51.814384,83,8.96421457000795,8,69.75,7.82851929075443,8
9021800104,90218001,65290,4,22,rail_leg,15:10,910,-75.1588750233838,39.9528401835985,-75.4233197162045,40.0419674851349,42101,42029,off_peak,FALSE,37,46.200738,74.7833333333333,8.75866917483962,8,74.6583333333333,8.65097021809032,8
10002050101,100020501,65297,1,22,rail_leg,6:23,383,-75.2089552381808,40.2894315326318,-75.1580149724927,39.9493530835764,42017,42101,am_peak,TRUE,61,83.998245,104.7,7.14726054746386,4,87.825,8.94327360965451,8
10002050102,100020501,65298,2,22,rail_leg,16:45,1005,-75.1580149724927,39.9493530835764,-75.2089552381808,40.2894315326318,42101,42017,pm_peak,TRUE,75,74.731491,114.183333333333,18.1835875762419,8,90.6833333333333,14.3949395870315,8
10163010102,101630101,66021,2,22,rail_leg,15:54,954,-75.269943076881,39.9356820759347,-75.1588750233838,39.9528401835985,42045,42101,off_peak,FALSE,27,33.285004,46.7895833333333,7.9089357615897,8,40.36875,7.42137858615552,8
10231310102,102313101,66204,2,22,rail_leg,7:48,468,-75.1648345113326,39.9541020155151,-75.274466211559,40.2111841677703,42101,42091,am_peak,TRUE,48,58.23792,94.1,17.43524982637,8,90.6166666666667,14.3949395870315,8
10297340102,102973401,66459,2,22,rail_leg,7:05,425,-75.3967642023521,39.912580844843,-75.1847348588828,39.9565152107181,42045,42101,am_peak,TRUE,31,37.076368,64.3,12.2736651878262,8,56.675,6.95778084490409,8
10297340105,102973401,66460,5,22,rail_leg,17:09,1029,-75.1847348588828,39.9565152107181,-75.1847348588828,39.9565152107181,42101,42101,pm_peak,TRUE,32,7.661414,11.3083333333333,2.91404644209159,8,12.4208333333333,3.30038177204848,8
10358740202,103587402,66612,2,22,rail_leg,7:59,479,-75.3285784262649,39.9077335323186,-75.1648345113326,39.9541020155151,42045,42101,am_peak,TRUE,24,31.685991,53.7952380952381,9.45792688449117,7,43.7952380952381,6.02376246923086,7
10358740205,103587402,66613,5,22,rail_leg,14:51,891,-75.1648345113326,39.9541020155151,-75.3285784262649,39.9077335323186,42101,42045,off_peak,FALSE,36,33.166667,64.45,18.1835875762419,8,50.95,10.285218242007,8
10548670102,105486701,67155,2,22,rail_leg,8:40,520,-75.0826616926931,40.0770283629367,-75.1648345113326,39.9541020155151,42101,42101,am_peak,TRUE,0,39.079056,54.0541666666667,8.51443102704377,8,47.6166666666667,8.9162772500635,8
10548670105,105486701,67157,5,22,rail_leg,18:19,1099,-75.1648345113326,39.9541020155151,-75.1147737014025,40.1051323921927,42101,42091,pm_peak,TRUE,0,33.230875,64.2166666666667,13.1459330424111,8,65.9833333333333,13.4043702894669,8
10767710304,107677103,67852,4,22,rail_leg,8:55,535,-75.1588750233838,39.9528401835985,-75.214650332805,40.1349579453564,42101,42091,am_peak,TRUE,30,40.717582,70.2333333333333,17.4622040827775,8,55.6833333333333,15.2813611959145,8
10767710306,107677103,67852,6,14,feeder_leg,9:27,567,-75.214650332805,40.1349579453564,-75.1889970534327,40.1395442243909,42091,42091,am_peak,TRUE,3,19.477069,,,0,48.8333333333333,18.1835875762419,8
10767710309,107677103,67853,9,14,feeder_leg,17:49,1069,-75.1889970534327,40.1395442243909,-75.214650332805,40.1349579453564,42091,42091,pm_peak,TRUE,10,19.683333,,,0,44.0833333333333,20.8120558010656,6
10767710311,107677103,67853,11,22,rail_leg,19:00,1140,-75.214650332805,40.1349579453564,-75.1834073455283,39.9599979498596,42091,42101,off_peak,FALSE,12,49.168724,81.5,18.7863932522603,8,92.9375,30.912535021065,8
10855270201,108552702,68162,1,22,rail_leg,7:04,424,-75.5545540103949,40.004757965586,-75.1608290378846,39.9512565309348,42029,42101,am_peak,TRUE,51,,,,0,,,0
10957640101,109576401,68421,1,22,rail_leg,7:10,430,-75.1774882627443,40.0265904743566,-75.202230610969,39.9458213862922,42101,42101,am_peak,TRUE,45,36.641515,55.75,6.6975475255606,8,53.75,6.15281584781658,8
10957640102,109576401,68422,2,22,rail_leg,16:00,960,-75.202230610969,39.9458213862922,-75.1774882627443,40.0265904743566,42101,42101,pm_peak,TRUE,70,34.766218,64.9666666666667,5.86828981874834,8,59.0083333333333,7.31421208420281,8
11034830302,110348303,68755,2,22,rail_leg,6:47,407,-75.0970591119887,40.1962393455377,-75.1648345113326,39.9541020155151,42017,42101,am_peak,TRUE,51,58.276474,92.3666666666667,10.816653826392,8,92.6166666666667,10.9132946446066,8
11065170302,110651703,68841,2,14,feeder_leg,6:56,416,-75.2657692657726,39.9241817714539,-75.269943076881,39.9356820759347,42045,42045,am_peak,TRUE,4,12.296367,17.15,6.07357665081567,8,12.3125,5.23626510236277,8
11065170303,110651703,68841,3,22,rail_leg,7:05,425,-75.269943076881,39.9356820759347,-75.1834073455283,39.9599979498596,42045,42101,am_peak,TRUE,13,22.007047,45.9708333333333,8.02692270395312,8,41.1104166666667,9.03781270727304,8
11065170304,110651703,68841,4,22,rail_leg,7:29,449,-75.1834073455283,39.9599979498596,-75.3854291498663,40.0396308610676,42101,42045,am_peak,TRUE,32,47.344658,73.8666666666667,13.4006396435821,8,60.975,6.40172967698128,8
11144220102,111442201,69108,2,22,rail_leg,6:55,415,-75.3460361638143,40.1143423687777,-75.1588750233838,39.9528401835985,42091,42101,am_peak,TRUE,44,45.380331,58.1416666666667,7.71949192340763,8,59.6875,4.85896936945823,8
11144220105,111442201,69109,5,22,rail_leg,17:10,1030,-75.1588750233838,39.9528401835985,-75.1584725274299,39.950967187359,42101,42101,pm_peak,TRUE,44,5.25,8.20416666666667,1.84439842646744,8,8.33958333333333,1.40557104420853,8
11146190201,111461902,69114,1,22,rail_leg,17:10,1030,-75.3010847747829,39.8935220159703,-75.1701604201666,39.9562259742499,42045,42101,pm_peak,TRUE,,34.111179,68.7083333333333,15.6318356476226,8,50.8833333333333,9.96063681268852,8
11196660402,111966604,69270,2,22,rail_leg,17:00,1020,-75.1545851492175,39.9813757258968,-75.0899078827828,40.1754087918635,42101,42091,pm_peak,TRUE,50,58.299228,,,0,,,0
11385120101,113851201,69857,1,22,rail_leg,7:00,420,-75.3105990244411,39.9111895443266,-75.1928742171467,39.9459041130135,42045,42101,am_peak,TRUE,30,31.896006,53.3166666666667,9.15345368075429,8,44.6916666666667,6.16296542722275,8
11385120102,113851201,69858,2,22,rail_leg,16:30,990,-75.1928742171467,39.9459041130135,-75.3105990244411,39.9111895443266,42101,42045,pm_peak,TRUE,30,32.053478,52.3583333333333,9.01486867030558,8,38.7333333333333,6.30192714288937,8
11430690102,114306901,69934,2,22,rail_leg,7:42,462,-75.3490077338315,40.0452635767863,-75.1691139313301,39.9535949564727,42045,42101,am_peak,TRUE,33,34.414253,62.6416666666667,4.18848572856739,8,59.975,4.46118177808783,8
11430690202,114306902,69939,2,22,rail_leg,7:42,462,-75.3490077338315,40.0452635767863,-75.1648345113326,39.9541020155151,42045,42101,am_peak,TRUE,23,32.765745,59.85,4.18330013267038,8,57.35,4.51188905638679,8
11470540102,114705401,70094,2,22,rail_leg,7:59,479,-75.2341467351472,39.9457946759268,-75.1957094473416,39.9494354858208,42101,42101,am_peak,TRUE,18,22.051421,22.8333333333333,1.22474487139159,8,20.525,1.70114340632672,8
11472070101,114720701,70100,1,22,rail_leg,5:10,310,-75.0883325400662,40.3122285530705,-75.1692942790448,39.9527602328087,42017,42101,off_peak,FALSE,79,,,,0,,,0
11472070102,114720701,70101,2,22,rail_leg,16:35,995,-75.1692942790448,39.9527602328087,-75.0883325400662,40.3122285530705,42101,42017,pm_peak,TRUE,85,,,,0,,,0
11567710108,115677101,70341,8,22,rail_leg,18:28,1108,-75.1944243101308,40.0409483586041,-75.1638872349499,39.9525548857932,42101,42101,pm_peak,TRUE,0,34.323242,52.0979166666667,9.91119872260907,8,46.7854166666667,6.9463273241081,8
11567710201,115677102,70344,1,22,rail_leg,7:45,465,-75.1827055398227,40.0389450998406,-75.1517226930339,39.9485721389241,42101,42101,am_peak,TRUE,75,41.096665,48.7708333333333,4.37674001679368,8,46.65,4.13549290741764,8
11567710202,115677102,70345,2,22,rail_leg,16:00,960,-75.1517226930339,39.9485721389241,-75.1827055398227,40.0389450998406,42101,42101,pm_peak,TRUE,60,39.335485,53.6979166666667,4.83047072453968,8,47.3875,2.95181878288355,8
11614380204,116143802,70454,4,22,rail_leg,18:30,1110,-75.6421532507658,40.0027021296687,-75.6421532507658,40.0027021296687,42029,42029,pm_peak,TRUE,35,20.09035,,,0,,,0
11738310302,117383103,70749,2,22,rail_leg,7:57,477,-75.4245283894686,39.9086253629038,-75.4245283894686,39.9086253629038,42045,42045,am_peak,TRUE,0,8.62469,35.9583333333333,5.96944601401887,8,38.9333333333333,7.99974701980959,8
11738310305,117383103,70751,5,22,rail_leg,15:17,917,-75.1648345113326,39.9541020155151,-75.4245283894686,39.9086253629038,42101,42045,off_peak,FALSE,43,64.423517,94.7229166666667,10.3706351977476,8,93.8791666666667,9.17217907847525,8
11787050201,117870502,70921,1,22,rail_leg,7:30,450,-75.0722007215537,40.1814590893573,-75.1662257986882,39.9519342771783,42017,42101,am_peak,TRUE,78,92.092935,,,0,,,0
11904960102,119049601,71362,2,22,rail_leg,7:38,458,-75.7773113001476,39.9924677984963,-75.4829079089365,40.0451966969818,42029,42029,am_peak,TRUE,26,46.330763,93.2333333333333,20.0883465388933,6,102.930952380952,16.9928836645843,7
11904960104,119049601,71362,4,22,rail_leg,16:50,1010,-75.5104228441983,40.0610199007386,-75.754099919673,40.0037026154246,42029,42029,pm_peak,TRUE,20,79.384285,,,0,,,0
11972470101,119724701,71533,1,22,rail_leg,8:30,510,-75.0934334304665,40.2120992101032,-75.1840170635385,39.9534784074457,42017,42101,am_peak,TRUE,75,92.041671,,,0,,,0
11972470102,119724701,71534,2,22,rail_leg,15:30,930,-75.1840170635385,39.9534784074457,-75.0934334304665,40.2120992101032,42101,42017,off_peak,FALSE,30,92.665079,,,0,,,0
12046720204,120467202,71885,4,22,rail_leg,13:00,780,-75.2755312957965,40.0062174693429,-75.1648345113326,39.9541020155151,42091,42101,off_peak,FALSE,20,35.24377,60.3083333333333,10.9200158439329,8,58.95,9.7792296901818,8
12046720207,120467202,71887,7,22,rail_leg,18:14,1094,-75.1648345113326,39.9541020155151,-75.2755312957965,40.0062174693429,42101,42091,pm_peak,TRUE,21,25.004584,49.1541666666667,7.99918522636614,8,48.5416666666667,8.5091127622097,8
12091100101,120911001,71990,1,22,rail_leg,8:00,480,-75.2344133789046,40.0088074073246,-75.1672929773502,39.9544153783527,42091,42101,am_peak,TRUE,50,24.942049,,,0,53.5333333333333,11.8269265016821,8
12105620303,121056203,72052,3,22,rail_leg,8:45,525,-75.1834073455283,39.9599979498596,-75.175919233186,40.0332814777088,42101,42101,am_peak,TRUE,30,32.907784,46.125,4.16832348012011,8,47.4083333333333,6.74529230307837,8
12105620304,121056203,72052,4,22,rail_leg,12:00,720,-75.175919233186,40.0332814777088,-75.1588750233838,39.9528401835985,42101,42101,off_peak,FALSE,75,37.010862,44.4958333333333,6.14647111299298,8,38.7541666666667,6.65035952005843,8
12140340302,121403403,72323,2,22,rail_leg,7:40,460,-75.2823535717739,40.2437347422191,-75.1834073455283,39.9599979498596,42091,42101,am_peak,TRUE,6,66.727888,92.875,9.24951736192605,8,84.125,13.0253872988758,8
12140340305,121403403,72324,5,22,rail_leg,18:24,1104,-75.1612826317197,39.9532127364358,-75.1612826317197,39.9532127364358,42101,42101,pm_peak,TRUE,54,4.127778,10.8104166666667,2.24967259522676,8,11.71875,2.66511022286134,8
12501440104,125014401,73289,4,22,rail_leg,14:12,852,-74.970687244567,40.1423429432466,-75.1480260525691,39.9820906148628,42017,42101,off_peak,FALSE,37,43.383333,100.885714285714,15.991813381793,7,90.4291666666667,17.2491585946162,8
12501440107,125014401,73290,7,22,rail_leg,17:35,1055,-75.1480260525691,39.9820906148628,-74.970687244567,40.1423429432466,42101,42017,pm_peak,TRUE,40,42.28152,89.30625,13.2629988274457,8,83.325,8.13403100052245,8
12501440202,125014402,73293,2,22,rail_leg,7:18,438,-74.970687244567,40.1423429432466,-75.1480260525691,39.9820906148628,42017,42101,am_peak,TRUE,30,42.326247,109.545833333333,9.63961629842975,8,81.85,13.6774057690568,8
12501440205,125014402,73294,5,22,rail_leg,17:35,1055,-75.1480260525691,39.9820906148628,-74.970687244567,40.1423429432466,42101,42017,pm_peak,TRUE,40,42.28152,89.30625,13.2629988274457,8,83.325,8.13403100052245,8
12501730101,125017301,73296,1,22,rail_leg,11:30,690,-75.2265470108874,40.1161439705539,-75.1701604201666,39.9562259742499,42091,42101,off_peak,FALSE,15,76.417918,,,0,,,0
12501730103,125017301,73298,3,22,rail_leg,16:00,960,-75.1691139313301,39.9535949564727,-75.2265470108874,40.1161439705539,42101,42091,pm_peak,TRUE,45,59.588078,,,0,,,0
12545730101,125457301,73384,1,22,rail_leg,7:50,470,-75.112010204855,40.0551558806353,-75.1834073455283,39.9599979498596,42091,42101,am_peak,TRUE,44,48.092738,61.9,3.86559919583719,8,59.98125,3.55685608345526,8
12545730102,125457301,73385,2,22,rail_leg,16:35,995,-75.1834073455283,39.9599979498596,-75.1372598172641,40.0681528620105,42101,42091,pm_peak,TRUE,45,46.271473,61.94375,7.10709425085078,8,59.0958333333333,3.06875899119363,8
12614390101,126143901,73535,1,22,rail_leg,7:40,460,-75.2398193832228,39.9150309622319,-75.1675355693758,39.9533981752196,42101,42101,am_peak,TRUE,62,35.49568,38.9666666666667,2.1047376641569,8,38.34375,1.57960557413592,8
12614390102,126143901,73536,2,22,rail_leg,16:53,1013,-75.1675355693758,39.9533981752196,-75.2398193832228,39.9150309622319,42101,42101,pm_peak,TRUE,37,33.82534,41.3041666666667,3.25065011812656,8,39.9145833333333,2.12542129343883,8
12783680101,127836801,73973,1,22,rail_leg,11:00,660,-75.1774882627443,40.0265904743566,-75.1847348588828,39.9565152107181,42101,42101,off_peak,FALSE,24,19.616667,49.1625,10.4154332603114,8,43.6145833333333,8.92508697881231,8
12783680102,127836801,73974,2,22,rail_leg,11:34,694,-75.1847348588828,39.9565152107181,-75.2318795104928,39.8804695206274,42101,42101,off_peak,FALSE,15,26.366667,71.9291666666667,16.7911559062105,8,54.3833333333333,8.75866917483962,8
12783680104,127836801,73974,4,22,rail_leg,13:20,800,-75.2632929428866,39.8756040646847,-75.1583891414117,40.0192666370153,42045,42101,off_peak,FALSE,1,69.201116,98.89375,15.81172946551,8,77.425,9.76784082004382,8
13172830102,131728301,74758,2,22,rail_leg,6:24,384,-75.274466211559,40.2111841677703,-75.1392078148453,39.9466654688148,42091,42101,am_peak,TRUE,49,63.162055,92.3125,12.3548838425096,8,76.975,10.1521715559572,8
13172830105,131728301,74759,5,22,rail_leg,15:55,955,-75.1588750233838,39.9528401835985,-75.274466211559,40.2111841677703,42101,42091,off_peak,FALSE,45,46.89438,75.8666666666667,11.3200201918043,8,64.3666666666667,10.9348721332912,8
13277340102,132773401,75013,2,22,rail_leg,6:43,403,-74.9853265543148,40.0477525065309,-75.1648345113326,39.9541020155151,42101,42101,am_peak,TRUE,28,36.462687,64.6166666666667,9.24662100445346,8,61.8916666666667,8.40675748600918,8
13277340108,132773401,75018,8,22,rail_leg,18:15,1095,-75.1588750233838,39.9528401835985,-74.9853265543148,40.0477525065309,42101,42101,pm_peak,TRUE,30,38.848917,75.0166666666667,11.6601886777187,8,78.7291666666667,15.1436029503372,8
13308540102,133085401,75152,2,22,rail_leg,8:06,486,-75.4630660144789,40.0474160739304,-75.1588750233838,39.9528401835985,42029,42101,am_peak,TRUE,38,50.020951,82.9479166666667,8.64856368247591,8,74.425,12.0941249019041,8
13543270102,135432701,75646,2,22,rail_leg,7:59,479,-75.2341467351472,39.9457946759268,-75.1588750233838,39.9528401835985,42101,42101,am_peak,TRUE,22,32.222629,31.4833333333333,1.22474487139159,8,31.2333333333333,1.73205080756888,8
13543270107,135432701,75651,7,22,rail_leg,17:22,1042,-75.1588750233838,39.9528401835985,-75.2341467351472,39.9457946759268,42101,42101,pm_peak,TRUE,23,31.780559,36.5604166666667,2.5829406383558,8,32.98125,4.63608549214488,8
13594110101,135941101,75816,1,22,rail_leg,5:40,340,-74.9969985810132,40.2042357012831,-75.1840170635385,39.9534784074457,42017,42101,off_peak,FALSE,,,,,0,,,0
13629790103,136297901,75918,3,22,rail_leg,13:00,780,-75.1647675352254,39.9513827603519,-75.2318795104928,39.8804695206274,42101,42101,off_peak,FALSE,30,36.199896,54.13125,7.78665136526139,8,54.13125,7.78665136526139,8
13765230201,137652302,76200,1,22,rail_leg,11:00,660,-75.2089552381808,40.2894315326318,-75.1346109509137,40.3071295327499,42017,42017,off_peak,FALSE,59,27.333333,34.9,8.5,3,36.65,10.9734528142543,4
13765230202,137652302,76201,2,22,rail_leg,14:00,840,-75.1346109509137,40.3071295327499,-75.2089552381808,40.2894315326318,42017,42017,off_peak,FALSE,60,25.333333,42.5047619047619,14.8139252378423,7,45.6833333333333,17.4622040827775,8
13771870101,137718701,76262,1,22,rail_leg,11:15,675,-75.2354698649569,39.9579979858569,-75.2354698649569,39.9579979858569,42101,42101,off_peak,FALSE,135,7.151229,8.11666666666667,4.01797548326604,8,5.84166666666667,2.31837039099478,8
13900780102,139007801,76574,2,22,rail_leg,9:15,555,-75.3460361638143,40.1143423687777,-75.1834073455283,39.9599979498596,42091,42101,am_peak,TRUE,47,50.851946,70.8208333333333,8.25139117659601,8,69.6479166666667,6.38631620906938,8
14033150102,140331501,76866,2,22,rail_leg,7:49,469,-75.3170969015922,40.0208081125859,-75.1648345113326,39.9541020155151,42091,42101,am_peak,TRUE,21,27.304952,49.1166666666667,9.0118968987825,8,45.1041666666667,7.10078103238237,8
14033150107,140331501,76871,7,22,rail_leg,17:15,1035,-75.1648345113326,39.9541020155151,-75.3170969015922,40.0208081125859,42101,42091,pm_peak,TRUE,27,28.619029,46.9833333333333,6.83311265613473,8,48.1083333333333,6.53395891076911,8
14198050102,141980501,77205,2,22,rail_leg,6:41,401,-74.8976831541036,40.1863154165969,-75.1648345113326,39.9541020155151,42017,42101,am_peak,TRUE,49,64.126648,,,0,,,0
14198050104,141980501,77206,4,22,rail_leg,16:47,1007,-75.1648345113326,39.9541020155151,-74.8976831541036,40.1863154165969,42101,42017,pm_peak,TRUE,53,61.302311,,,0,,,0
14587770202,145877702,77857,2,22,rail_leg,7:02,422,-75.269943076881,39.9356820759347,-75.1392788470332,40.0429484652339,42045,42101,am_peak,TRUE,40,53.504653,68.5270833333333,8.4514765193511,8,63.8916666666667,8.35733211018923,8
14587770203,145877702,77857,3,22,rail_leg,7:49,469,-75.1392788470332,40.0429484652339,-75.1471644147674,40.0425358392666,42101,42101,am_peak,TRUE,13,9.182213,19.16875,2.31203609675507,8,18.5604166666667,2.99279475348844,8
14587770205,145877702,77858,5,22,rail_leg,15:58,958,-75.1471644147674,40.0425358392666,-75.1480260525691,39.9820906148628,42101,42101,off_peak,FALSE,11,33.507331,39.48125,5.32393097921344,8,37.05625,7.01731383453676,8
14587770206,145877702,77859,6,22,rail_leg,16:25,985,-75.1480260525691,39.9820906148628,-75.1471644147674,40.0425358392666,42101,42101,pm_peak,TRUE,25,34.150613,35.675,3.27982045579056,8,32.8541666666667,1.92744896788722,8
14729440201,147294402,78215,1,22,rail_leg,7:10,430,-75.2784887557887,39.9397339356879,-75.1957094473416,39.9494354858208,42045,42101,am_peak,TRUE,30,34.214502,43.175,6.60071544943762,8,41.35625,6.5684970708558,8
14729440202,147294402,78216,2,22,rail_leg,16:30,990,-75.1957094473416,39.9494354858208,-75.2784887557887,39.9397339356879,42101,42045,pm_peak,TRUE,30,29.076944,45.925,8.363483553093,8,47.9895833333333,8.70471473006129,8
14887230101,148872301,78633,1,22,rail_leg,7:10,430,-75.269943076881,39.9356820759347,-75.1677276497158,39.9525760413027,42045,42101,am_peak,TRUE,40,26.931869,41.0104166666667,7.79312343142724,8,35.0104166666667,8.17978992967734,8
14887230105,148872301,78637,5,22,rail_leg,19:05,1145,-75.1648345113326,39.9541020155151,-75.269943076881,39.9356820759347,42101,42045,off_peak,FALSE,35,21.166667,50.0770833333333,8.44099472011915,8,39.5291666666667,8.63798711671715,8
14902100103,149021001,78666,3,22,rail_leg,15:20,920,-75.1941152941134,39.9546263068532,-75.1562910038297,39.9768159139408,42101,42101,off_peak,FALSE,40,25.396784,28.3854166666667,3.87135837589381,8,28.1520833333333,2.72784637275147,8
16699930301,166999303,78872,1,22,rail_leg,7:15,435,-75.0778044811142,40.0783798762855,-75.1712542041449,40.055999502503,42101,42101,am_peak,TRUE,75,60.049459,73.0729166666667,10.827760242316,8,62.6791666666667,3.85382463089777,8
16723110102,167231101,78926,2,22,rail_leg,15:30,930,-75.1588750233838,39.9528401835985,-75.1944243101308,40.0409483586041,42101,42101,off_peak,FALSE,45,34.294573,48.6645833333333,6.06586492282055,8,39.0291666666667,5.53138771015014,8
17068450101,170684501,79333,1,22,rail_leg,7:00,420,-75.0496128532966,40.0354238877738,-75.1634808483634,39.9480403151119,42101,42101,am_peak,TRUE,75,47.086422,55.4583333333333,2.32385831330515,8,55.0625,2.75480460517591,8
