"ID","HH_ID","PERSON_NUM","PERSON_ID","HH_WEIGHT","P_WEIGHT","TOUR_NUM","WKSUB_NUM","WKSUB_ID","TRIP_NUM","TRIP_ID","RECORD_ID","NOGO","WHYNO","TOUR_TYPE","TOUR_STOPS","START_TRAV","O_LOC_TYPE","O_GEO_ACC","O_STATE","O_REGION","O_COUNTY","O_CPA","O_MCD","O_TRACT","O_TAZ","ARRIVE","ACTIV1","ACTIV2","ACTIV3","ACTIV4","ACT_DUR1","ACT_DUR2","ACT_DUR3","ACT_DUR4","DEPART","MODE","MODE_AGG","PARTY","HH_MEM","HH_PER_NUM1","HH_PER_NUM2","HH_PER_NUM3","HH_PER_NUM4","HH_PER_NUM5","HH_PER_NUM6","DRVER","VEH_NUM","USE_TOLL","TOLL_RD1","TOLL_RD2","TOLL_RD3","TOLL_RD4","TOLL_RD5","TOLL_B1","TOLL_B2","TOLL_B3","TOLL_B4","TOLL_B5","TOLL_B6","TOLL_B7","TOLL_B8","TOLL_B9","PARK_AT","PARK_TRAV","PARK_PAY","PARK_COST","PARK_UNIT","D_LOC_TYPE","D_GEO_ACC","D_STATE","D_REGION","D_COUNTY","D_CPA","D_MCD","D_TRACT","D_TAZ","TripFactor","Survey_TravTime","Model_TravTime","Model_TravDist","CompositeWeight","DEPART_HOUR","DEPART_MIN","DEPART_MIN_OF_DAY","TRAV_DOW","TRAV_DATE","HOLIDAY","HOL_TYPE","depart_lon","depart_lat","dest_lon","dest_lat","depart_point","dest_point"
815,107997,1,10799701,118.4558804,80.46393599,1,NA,1.07997e+11,2,1.07997e+13,1079970102,NA,NA,2,NA,NA,4,1,42,1,42091,"091_402",4209179136,42091205906,10205,"15:22",19,NA,NA,NA,"0:00","","","","15:40",23,5,NA,NA,NA,NA,NA,NA,NA,NA,NA,NA,NA,NA,NA,NA,NA,NA,NA,NA,NA,NA,NA,NA,NA,NA,NA,NA,NA,NA,NA,NA,4,1,42,1,42045,"045_203",4204579000,42045400500,4459,1.12,NA,34.879532,10.845145,90.11960831,15,40,940,2,"7/31/2012","",0,-75.335420259149,40.0698383522223,-75.2626735411038,39.9640057100153,"POINT (-75.335420 40.069838)","POINT (-75.262674 39.964006)"
817,107997,1,10799701,118.4558804,80.46393599,1,NA,1.07997e+11,4,1.07997e+13,1079970104,NA,NA,2,NA,NA,4,1,42,1,42101,"101_103",4210160000,42101000100,86,"16:30",6,NA,NA,NA,"0:00","","","","16:40",21,5,NA,NA,NA,NA,NA,NA,NA,NA,NA,NA,NA,NA,NA,NA,NA,NA,NA,NA,NA,NA,NA,NA,NA,NA,NA,NA,NA,NA,NA,NA,4,1,42,1,42101,"101_110",4210160000,42101007900,1021,1.12,20,26.610914,4.392355,90.11960831,16,40,1000,2,"7/31/2012","",0,-75.1470807570054,39.9513767444736,-75.2182588102061,39.950471058218,"POINT (-75.147081 39.951377)","POINT (-75.218259 39.950471)"
1008,109412,1,10941201,193.1562522,82.41667612,1,NA,1.09412e+11,2,1.09412e+13,1094120102,NA,NA,2,NA,NA,4,1,42,1,42029,"029_308",4202910824,42029311401,7401,"8:00",18,19,NA,NA,"0:10","","","","8:13",21,5,NA,NA,NA,NA,NA,NA,NA,NA,NA,NA,NA,NA,NA,NA,NA,NA,NA,NA,NA,NA,NA,NA,NA,NA,NA,NA,NA,NA,NA,NA,4,1,42,1,42101,"101_103",4210160000,42101000500,90,1.13,77,90.72718,36.535519,93.13084402,8,13,493,4,"8/2/2012","",0,-75.7773113001476,39.9924677984963,-75.1588750233838,39.9528401835985,"POINT (-75.777311 39.992468)","POINT (-75.158875 39.952840)"
1073,109638,2,10963802,123.6681131,81.52012115,1,NA,1.09638e+11,1,1.09638e+13,1096380201,NA,NA,1,1,2,1,1,42,1,42045,"045_203",4204579000,42045400802,4440,"",6,NA,NA,NA,"0:00","","","","8:00",14,5,NA,NA,NA,NA,NA,NA,NA,NA,NA,NA,NA,NA,NA,NA,NA,NA,NA,NA,NA,NA,NA,NA,NA,NA,NA,NA,NA,NA,NA,NA,2,1,42,1,42101,"101_103",4210160000,42101000500,74,1.12,60,36.937359,7.425166,91.30253569,8,0,480,4,"8/2/2012","",0,-75.2862320050127,39.9472873841357,-75.1638872349499,39.9525548857932,"POINT (-75.286232 39.947287)","POINT (-75.163887 39.952555)"
1074,109638,2,10963802,123.6681131,81.52012115,1,NA,1.09638e+11,2,1.09638e+13,1096380202,NA,NA,1,NA,NA,2,1,42,1,42101,"101_103",4210160000,42101000500,74,"9:00",5,NA,NA,NA,"8:00","","","","17:00",14,5,NA,NA,NA,NA,NA,NA,NA,NA,NA,NA,NA,NA,NA,NA,NA,NA,NA,NA,NA,NA,NA,NA,NA,NA,NA,NA,NA,NA,NA,NA,1,1,42,1,42045,"045_203",4204579000,42045400802,4440,1.12,60,35.700992,7.170394,91.30253569,17,0,1020,4,"8/2/2012","",0,-75.1638872349499,39.9525548857932,-75.2862320050127,39.9472873841357,"POINT (-75.163887 39.952555)","POINT (-75.286232 39.947287)"
1171,110999,1,11099901,125.5299342,114.8389391,1,NA,1.10999e+11,2,1.10999e+13,1109990102,NA,NA,1,NA,NA,2,1,42,1,42045,"045_205",4204579248,42045407902,4830,"8:11",5,NA,NA,NA,"7:15","","","","15:30",21,5,NA,NA,NA,NA,NA,NA,NA,NA,NA,NA,NA,NA,NA,NA,NA,NA,NA,NA,NA,NA,NA,NA,NA,NA,NA,NA,NA,NA,NA,NA,4,1,42,1,42045,"045_206",4204533144,42045408500,5010,1.12,19,83.86387,15.784854,128.6196118,15,30,930,4,"8/2/2012","",0,-75.3987233993895,39.9261429188378,-75.3283478818808,39.9804431108819,"POINT (-75.398723 39.926143)","POINT (-75.328348 39.980443)"
1180,111118,1,11111801,211.9343458,206.7851236,1,NA,1.11118e+11,2,1.11118e+13,1111180102,NA,NA,1,NA,NA,4,1,42,1,42091,"091_401",4209144976,42091204900,10028,"7:20",19,NA,NA,NA,"0:00","","","","7:24",21,5,NA,NA,NA,NA,NA,NA,NA,NA,NA,NA,NA,NA,NA,NA,NA,NA,NA,NA,NA,NA,NA,NA,NA,NA,NA,NA,NA,NA,NA,NA,2,1,42,1,42101,"101_110",4210160000,42101980000,1040,1.17,21,23.235999,10.696279,241.9385946,7,24,444,3,"8/8/2012","",0,-75.3286199019552,40.0309191057453,-75.1834073455283,39.9599979498596,"POINT (-75.328620 40.030919)","POINT (-75.183407 39.959998)"
1181,111118,1,11111801,211.9343458,206.7851236,1,NA,1.11118e+11,3,1.11118e+13,1111180103,NA,NA,1,NA,NA,2,1,42,1,42101,"101_110",4210160000,42101980000,1040,"7:45",5,NA,NA,NA,"8:30","","","","16:15",21,5,NA,NA,NA,NA,NA,NA,NA,NA,NA,NA,NA,NA,NA,NA,NA,NA,NA,NA,NA,NA,NA,NA,NA,NA,NA,NA,NA,NA,NA,NA,1,1,42,1,42045,"045_206",4204563264,42045409602,5047,1.17,25,35.109764,10.870188,241.9385946,16,15,975,3,"8/8/2012","",0,-75.1834073455283,39.9599979498596,-75.3335267105402,40.0257716741197,"POINT (-75.183407 39.959998)","POINT (-75.333527 40.025772)"
1350,112292,1,11229201,174.9047129,219.286354,1,NA,1.12292e+11,3,1.12292e+13,1122920103,NA,NA,1,NA,NA,4,1,42,1,42091,"091_412",4209100156,42091201607,12222,"9:23",6,NA,NA,NA,"0:01","","","","9:24",21,5,NA,NA,NA,NA,NA,NA,NA,NA,NA,NA,NA,NA,NA,NA,NA,NA,NA,NA,NA,NA,NA,NA,NA,NA,NA,NA,NA,NA,NA,NA,2,1,42,1,42091,"091_409",4209179056,42091201003,11646,1.17,31,57.216768,14.52237,256.5650341,9,24,564,4,"8/9/2012","",0,-75.1176717363826,40.1313732890668,-75.2823672331362,40.2208246075088,"POINT (-75.117672 40.131373)","POINT (-75.282367 40.220825)"
1543,114354,1,11435401,264.8909442,105.5642029,1,NA,1.14354e+11,2,1.14354e+13,1143540102,NA,NA,2,NA,NA,4,1,42,1,42101,"101_103",4210160000,42101000300,121,"10:25",19,NA,NA,NA,"0:30","","","","10:55",14,5,NA,NA,NA,NA,NA,NA,NA,NA,NA,NA,NA,NA,NA,NA,NA,NA,NA,NA,NA,NA,NA,NA,NA,NA,NA,NA,NA,NA,NA,NA,4,1,42,1,42101,"101_103",4210160000,42101000500,72,1.17,35,14.506672,1.047142,123.5101174,10,55,655,3,"8/1/2012","",0,-75.1741319574651,39.9575333855516,-75.1608290378846,39.9512565309348,"POINT (-75.174132 39.957533)","POINT (-75.160829 39.951257)"
1544,114354,1,11435401,264.8909442,105.5642029,1,NA,1.14354e+11,3,1.14354e+13,1143540103,NA,NA,2,NA,NA,4,1,42,1,42101,"101_103",4210160000,42101000500,72,"11:30",6,NA,NA,NA,"0:25","","","","11:45",14,5,NA,NA,NA,NA,NA,NA,NA,NA,NA,NA,NA,NA,NA,NA,NA,NA,NA,NA,NA,NA,NA,NA,NA,NA,NA,NA,NA,NA,NA,NA,4,1,42,1,42101,"101_103",4210160000,42101000500,88,1.17,8,7.866091,0.491512,123.5101174,11,45,705,3,"8/1/2012","",0,-75.1608290378846,39.9512565309348,-75.1541388337345,39.9522458625874,"POINT (-75.160829 39.951257)","POINT (-75.154139 39.952246)"
1546,114354,1,11435401,264.8909442,105.5642029,1,NA,1.14354e+11,5,1.14354e+13,1143540105,NA,NA,2,NA,NA,4,1,42,1,42101,"101_103",4210160000,42101000200,107,"13:10",19,NA,NA,NA,"0:10","","","","13:20",14,5,NA,NA,NA,NA,NA,NA,NA,NA,NA,NA,NA,NA,NA,NA,NA,NA,NA,NA,NA,NA,NA,NA,NA,NA,NA,NA,NA,NA,NA,NA,4,1,42,1,42101,"101_103",4210160000,42101000300,121,1.17,30,20.54996,1.646136,123.5101174,13,20,800,3,"8/1/2012","",0,-75.1528356388386,39.9549263716921,-75.1741319574651,39.9575333855516,"POINT (-75.152836 39.954926)","POINT (-75.174132 39.957533)"
1559,114555,1,11455501,318.6405375,100.9488062,1,NA,1.14555e+11,1,1.14555e+13,1145550101,NA,NA,3,1,2,4,1,42,1,42101,"101_112",4210160000,42101004202,808,"",1,NA,NA,NA,"3:00","","","","6:15",14,5,NA,NA,NA,NA,NA,NA,NA,NA,NA,NA,NA,NA,NA,NA,NA,NA,NA,NA,NA,NA,NA,NA,NA,NA,NA,NA,NA,NA,NA,NA,4,1,42,1,42101,"101_103",4210160000,42101000901,41,1.17,45,23.088364,3.476749,118.1101033,6,15,375,3,"10/10/2012","",0,-75.1516301589525,39.9168650559185,-75.1634808483634,39.9480403151119,"POINT (-75.151630 39.916865)","POINT (-75.163481 39.948040)"
1586,114736,2,11473602,143.4174285,139.0558463,2,NA,1.14736e+11,6,1.14736e+13,1147360206,NA,NA,2,1,NA,1,1,42,1,42101,"101_103",4210160000,42101001300,9,"17:00",1,14,NA,NA,"1:00","0:30","","","18:30",21,5,NA,NA,NA,NA,NA,NA,NA,NA,NA,NA,NA,NA,NA,NA,NA,NA,NA,NA,NA,NA,NA,NA,NA,NA,NA,NA,NA,NA,NA,NA,4,1,42,1,42101,"101_105",4210160000,42101980600,1814,1.12,30,35.943303,3.933781,155.7425479,18,30,1110,5,"8/10/2012","",0,-75.1845576169885,39.942839888606,-75.1707168478523,39.9055458817612,"POINT (-75.184558 39.942840)","POINT (-75.170717 39.905546)"
1590,114877,1,11487701,157.1925661,87.21632598,1,NA,1.14877e+11,2,1.14877e+13,1148770102,NA,NA,1,NA,NA,2,1,42,1,42101,"101_112",4210160000,42101002400,846,"9:00",5,NA,NA,NA,"8:00","","","","17:00",21,5,NA,NA,NA,NA,NA,NA,NA,NA,NA,NA,NA,NA,NA,NA,NA,NA,NA,NA,NA,NA,NA,NA,NA,NA,NA,NA,NA,NA,NA,NA,4,1,42,1,42101,"101_110",4210160000,42101009100,1037,1.17,0,32.833769,3.714676,102.0431014,17,0,1020,3,"8/1/2012","",0,-75.1595117962634,39.9367714452714,-75.1977262540913,39.9594259908695,"POINT (-75.159512 39.936771)","POINT (-75.197726 39.959426)"
1601,114934,2,11493402,213.7295021,113.7275455,1,NA,1.14934e+11,3,1.14934e+13,1149340203,NA,NA,1,NA,NA,4,1,42,1,42101,"101_110",4210160000,42101036900,1020,"18:37",19,NA,NA,NA,"0:05","","","","18:42",23,5,NA,NA,NA,NA,NA,NA,NA,NA,NA,NA,NA,NA,NA,NA,NA,NA,NA,NA,NA,NA,NA,NA,NA,NA,NA,NA,NA,NA,NA,NA,4,1,42,1,42101,"101_103",4210160000,42101000500,74,1.17,12,14.850566,1.999399,133.0612283,18,42,1122,2,"9/11/2012","",0,-75.1973968654904,39.9505033966507,-75.1638872349499,39.9525548857932,"POINT (-75.197397 39.950503)","POINT (-75.163887 39.952555)"
1602,114934,2,11493402,213.7295021,113.7275455,1,NA,1.14934e+11,4,1.14934e+13,1149340204,NA,NA,1,NA,NA,4,1,42,1,42101,"101_103",4210160000,42101000500,74,"18:54",19,NA,NA,NA,"0:06","","","","19:00",21,5,NA,NA,NA,NA,NA,NA,NA,NA,NA,NA,NA,NA,NA,NA,NA,NA,NA,NA,NA,NA,NA,NA,NA,NA,NA,NA,NA,NA,NA,NA,4,1,42,1,42101,"101_112",4210160000,42101002900,834,1.17,8,12.638667,1.796862,133.0612283,19,0,1140,2,"9/11/2012","",0,-75.1638872349499,39.9525548857932,-75.1655746637264,39.9307064691021,"POINT (-75.163887 39.952555)","POINT (-75.165575 39.930706)"
1614,115014,1,11501401,191.4884327,96.92038715,1,NA,1.15014e+11,2,1.15014e+13,1150140102,NA,NA,1,NA,NA,4,1,42,1,42101,"101_112",4210160000,42101002900,834,"6:50",19,NA,NA,NA,"0:03","","","","6:53",21,5,NA,NA,NA,NA,NA,NA,NA,NA,NA,NA,NA,NA,NA,NA,NA,NA,NA,NA,NA,NA,NA,NA,NA,NA,NA,NA,NA,NA,NA,NA,4,1,42,1,42101,"101_103",4210160000,42101000700,59,1.12,7,11.779301,1.611714,108.5508336,6,53,413,4,"9/27/2012","",0,-75.1655746637264,39.9307064691021,-75.1649773922386,39.9502186753736,"POINT (-75.165575 39.930706)","POINT (-75.164977 39.950219)"
1621,115014,1,11501401,191.4884327,96.92038715,1,NA,1.15014e+11,9,1.15014e+13,1150140109,NA,NA,1,NA,NA,4,1,42,1,42101,"101_103",4210160000,42101000901,41,"17:35",19,NA,NA,NA,"0:11","","","","17:46",21,5,NA,NA,NA,NA,NA,NA,NA,NA,NA,NA,NA,NA,NA,NA,NA,NA,NA,NA,NA,NA,NA,NA,NA,NA,NA,NA,NA,NA,NA,NA,1,1,42,1,42101,"101_112",4210160000,42101002900,834,1.12,9,12.628112,1.53922,108.5508336,17,46,1066,4,"9/27/2012","",0,-75.1634808483634,39.9480403151119,-75.1655746637264,39.9307064691021,"POINT (-75.163481 39.948040)","POINT (-75.165575 39.930706)"
1627,115014,2,11501402,191.4884327,100.3896759,2,NA,1.15014e+11,5,1.15014e+13,1150140205,NA,NA,2,1,NA,1,1,42,1,42101,"101_112",4210160000,42101002900,834,"13:13",1,2,7,NA,"3:30","0:30","1:00","","18:13",14,5,NA,NA,NA,NA,NA,NA,NA,NA,NA,NA,NA,NA,NA,NA,NA,NA,NA,NA,NA,NA,NA,NA,NA,NA,NA,NA,NA,NA,NA,NA,4,1,42,1,42101,"101_103",4210160000,42101001800,5,1.12,17,11.918324,1.022542,112.436437,18,13,1093,4,"9/27/2012","",0,-75.1655746637264,39.9307064691021,-75.1593108938158,39.9400078893569,"POINT (-75.165575 39.930706)","POINT (-75.159311 39.940008)"
1628,115014,2,11501402,191.4884327,100.3896759,2,NA,1.15014e+11,6,1.15014e+13,1150140206,NA,NA,2,NA,NA,4,1,42,1,42101,"101_103",4210160000,42101001800,5,"18:30",13,NA,NA,NA,"2:45","","","","21:15",14,5,NA,NA,NA,NA,NA,NA,NA,NA,NA,NA,NA,NA,NA,NA,NA,NA,NA,NA,NA,NA,NA,NA,NA,NA,NA,NA,NA,NA,NA,NA,1,1,42,1,42101,"101_112",4210160000,42101002900,834,1.12,15,11.926381,0.969401,112.436437,21,15,1275,4,"9/27/2012","",0,-75.1593108938158,39.9400078893569,-75.1655746637264,39.9307064691021,"POINT (-75.159311 39.940008)","POINT (-75.165575 39.930706)"
1634,115288,2,11528802,202.8848881,408.3766311,1,NA,1.15288e+11,2,1.15288e+13,1152880202,NA,NA,3,NA,NA,4,1,42,1,42101,"101_112",4210160000,42101004001,819,"3:45",19,NA,NA,NA,"0:18","","","","4:03",14,5,NA,NA,NA,NA,NA,NA,NA,NA,NA,NA,NA,NA,NA,NA,NA,NA,NA,NA,NA,NA,NA,NA,NA,NA,NA,NA,NA,NA,NA,NA,4,1,42,1,42101,"101_103",4210160000,42101000500,74,1.17,15,14.632857,2.230739,477.8006584,4,3,243,4,"8/9/2012","",0,-75.1662120144978,39.9238115855567,-75.1638872349499,39.9525548857932,"POINT (-75.166212 39.923812)","POINT (-75.163887 39.952555)"
1635,115288,2,11528802,202.8848881,408.3766311,1,NA,1.15288e+11,3,1.15288e+13,1152880203,NA,NA,3,NA,NA,4,1,42,1,42101,"101_103",4210160000,42101000500,74,"4:18",19,NA,NA,NA,"0:37","","","","4:55",14,5,NA,NA,NA,NA,NA,NA,NA,NA,NA,NA,NA,NA,NA,NA,NA,NA,NA,NA,NA,NA,NA,NA,NA,NA,NA,NA,NA,NA,NA,NA,4,1,42,1,42101,"101_110",4210160000,42101980000,1034,1.17,15,10.233063,1.324396,477.8006584,4,55,295,4,"8/9/2012","",0,-75.1638872349499,39.9525548857932,-75.1847348588828,39.9565152107181,"POINT (-75.163887 39.952555)","POINT (-75.184735 39.956515)"
1644,115291,1,11529101,249.0046337,102.331662,1,NA,1.15291e+11,1,1.15291e+13,1152910101,NA,NA,1,6,2,1,1,42,1,42101,"101_112",4210160000,42101004001,819,"",1,NA,NA,NA,"0:00","","","","7:00",14,5,NA,NA,NA,NA,NA,NA,NA,NA,NA,NA,NA,NA,NA,NA,NA,NA,NA,NA,NA,NA,NA,NA,NA,NA,NA,NA,NA,NA,NA,NA,4,1,42,1,42101,"101_103",4210160000,42101037600,131,1.17,20,23.645837,2.849743,119.7280445,7,0,420,5,"8/3/2012","",0,-75.1662120144978,39.9238115855567,-75.1583275844786,39.9602029183105,"POINT (-75.166212 39.923812)","POINT (-75.158328 39.960203)"
1645,115291,1,11529101,249.0046337,102.331662,1,NA,1.15291e+11,2,1.15291e+13,1152910102,NA,NA,1,NA,NA,4,1,42,1,42101,"101_103",4210160000,42101037600,131,"7:20",19,NA,NA,NA,"0:15","","","","8:00",14,5,NA,NA,NA,NA,NA,NA,NA,NA,NA,NA,NA,NA,NA,NA,NA,NA,NA,NA,NA,NA,NA,NA,NA,NA,NA,NA,NA,NA,NA,NA,2,1,42,1,42101,"101_103",4210160000,42101036700,126,1.17,25,13.491022,0.937333,119.7280445,8,0,480,5,"8/3/2012","",0,-75.1583275844786,39.9602029183105,-75.1461838934269,39.9589037110814,"POINT (-75.158328 39.960203)","POINT (-75.146184 39.958904)"
1647,115291,1,11529101,249.0046337,102.331662,1,NA,1.15291e+11,4,1.15291e+13,1152910104,NA,NA,1,NA,NA,4,1,42,1,42101,"101_103",4210160000,42101036700,126,"15:35",19,NA,NA,NA,"0:40","","","","16:15",14,5,NA,NA,NA,NA,NA,NA,NA,NA,NA,NA,NA,NA,NA,NA,NA,NA,NA,NA,NA,NA,NA,NA,NA,NA,NA,NA,NA,NA,NA,NA,4,1,42,1,42101,"101_103",4210160000,42101037600,131,1.17,15,13.533333,0.941377,119.7280445,16,15,975,5,"8/3/2012","",0,-75.1461838934269,39.9589037110814,-75.1583275844786,39.9602029183105,"POINT (-75.146184 39.958904)","POINT (-75.158328 39.960203)"
1664,115885,1,11588501,200.8865098,139.4509172,1,NA,1.15885e+11,1,1.15885e+13,1158850101,NA,NA,2,1,2,1,1,42,1,42101,"101_110",4210160000,42101008601,1027,"",1,NA,NA,NA,"6:15","","","","9:15",21,5,NA,NA,NA,NA,NA,NA,NA,NA,NA,NA,NA,NA,NA,NA,NA,NA,NA,NA,NA,NA,NA,NA,NA,NA,NA,NA,NA,NA,NA,NA,4,1,42,1,42101,"101_103",4210160000,42101000100,106,1.12,32,25.852956,4.19364,156.1850273,9,15,555,3,"8/1/2012","",0,-75.2165947836222,39.9537421538695,-75.1489215256524,39.95458250175,"POINT (-75.216595 39.953742)","POINT (-75.148922 39.954583)"
1665,115885,1,11588501,200.8865098,139.4509172,1,NA,1.15885e+11,2,1.15885e+13,1158850102,NA,NA,2,NA,NA,4,1,42,1,42101,"101_103",4210160000,42101000100,106,"9:47",13,NA,NA,NA,"1:30","","","","11:17",21,5,NA,NA,NA,NA,NA,NA,NA,NA,NA,NA,NA,NA,NA,NA,NA,NA,NA,NA,NA,NA,NA,NA,NA,NA,NA,NA,NA,NA,NA,NA,1,1,42,1,42101,"101_110",4210160000,42101008601,1027,1.12,28,25.634873,4.175721,156.1850273,11,17,677,3,"8/1/2012","",0,-75.1489215256524,39.95458250175,-75.2165947836222,39.9537421538695,"POINT (-75.148922 39.954583)","POINT (-75.216595 39.953742)"
1706,116485,1,11648501,92.10524045,88.10434009,1,NA,1.16485e+11,2,1.16485e+13,1164850102,NA,NA,2,NA,NA,4,1,42,1,42101,"101_103",4210160000,42101012500,134,"11:36",19,NA,NA,NA,"0:05","","","","11:41",21,5,NA,NA,NA,NA,NA,NA,NA,NA,NA,NA,NA,NA,NA,NA,NA,NA,NA,NA,NA,NA,NA,NA,NA,NA,NA,NA,NA,NA,NA,NA,4,1,42,1,42101,"101_110",4210160000,42101036900,1019,1.13,16,24.814879,2.097378,99.5579043,11,41,701,4,"9/20/2012","",0,-75.1632627264191,39.9610182840982,-75.1869128860449,39.9502197402395,"POINT (-75.163263 39.961018)","POINT (-75.186913 39.950220)"
1709,116485,1,11648501,92.10524045,88.10434009,1,NA,1.16485e+11,5,1.16485e+13,1164850105,NA,NA,2,NA,NA,4,1,42,1,42101,"101_110",4210160000,42101036900,1030,"17:01",2,NA,NA,NA,"0:40","","","","17:41",21,5,NA,NA,NA,NA,NA,NA,NA,NA,NA,NA,NA,NA,NA,NA,NA,NA,NA,NA,NA,NA,NA,NA,NA,NA,NA,NA,NA,NA,NA,NA,4,1,42,1,42101,"101_103",4210160000,42101000700,60,1.13,16,14.35978,1.764623,99.5579043,17,41,1061,4,"9/20/2012","",0,-75.1941152941134,39.9546263068532,-75.1673585815214,39.9505151310837,"POINT (-75.194115 39.954626)","POINT (-75.167359 39.950515)"
1716,116549,1,11654901,443.9604921,114.4519886,1,NA,1.16549e+11,1,1.16549e+13,1165490101,NA,NA,2,1,2,1,1,42,1,42101,"101_103",4210160000,42101013601,141,"",1,2,NA,NA,"5:00","","","","11:00",14,5,NA,NA,NA,NA,NA,NA,NA,NA,NA,NA,NA,NA,NA,NA,NA,NA,NA,NA,NA,NA,NA,NA,NA,NA,NA,NA,NA,NA,NA,NA,1,1,42,1,42101,"101_101",4210160000,42101020101,1418,1.17,50,30.802029,3.729637,133.9088266,11,0,660,3,"9/12/2012","",0,-75.1785792243999,39.9689777214525,-75.1553089348274,40.0036904586044,"POINT (-75.178579 39.968978)","POINT (-75.155309 40.003690)"
1717,116549,1,11654901,443.9604921,114.4519886,1,NA,1.16549e+11,2,1.16549e+13,1165490102,NA,NA,2,NA,NA,1,1,42,1,42101,"101_101",4210160000,42101020101,1418,"11:50",11,12,2,3,"0:00","2:00","0:45","","19:30",14,5,NA,NA,NA,NA,NA,NA,NA,NA,NA,NA,NA,NA,NA,NA,NA,NA,NA,NA,NA,NA,NA,NA,NA,NA,NA,NA,NA,NA,NA,NA,1,1,42,1,42101,"101_103",4210160000,42101013601,141,1.17,45,32.793718,4.092017,133.9088266,19,30,1170,3,"9/12/2012","",0,-75.1553089348274,40.0036904586044,-75.1785792243999,39.9689777214525,"POINT (-75.155309 40.003690)","POINT (-75.178579 39.968978)"
1719,116566,1,11656601,172.1268987,100.3896759,1,NA,1.16566e+11,1,1.16566e+13,1165660101,NA,NA,1,1,2,1,1,42,1,42101,"101_103",4210160000,42101013602,142,"",1,NA,NA,NA,"4:45","","","","7:45",14,5,NA,NA,NA,NA,NA,NA,NA,NA,NA,NA,NA,NA,NA,NA,NA,NA,NA,NA,NA,NA,NA,NA,NA,NA,NA,NA,NA,NA,NA,NA,2,1,42,1,42091,"091_401",4209144976,42091204300,10010,1.12,34,38.547495,7.262314,112.436437,7,45,465,2,"9/18/2012","",0,-75.1798114670555,39.9715794694621,-75.2189686457819,40.0081594134958,"POINT (-75.179811 39.971579)","POINT (-75.218969 40.008159)"
1722,116566,2,11656602,172.1268987,96.92038715,1,NA,1.16566e+11,1,1.16566e+13,1165660201,NA,NA,1,1,2,1,1,42,1,42101,"101_103",4210160000,42101013500,140,"",1,NA,NA,NA,"6:15","","","","9:15",14,5,NA,NA,NA,NA,NA,NA,NA,NA,NA,NA,NA,NA,NA,NA,NA,NA,NA,NA,NA,NA,NA,NA,NA,NA,NA,NA,NA,NA,NA,NA,2,1,42,1,42101,"101_110",4210160000,42101036900,1030,1.12,33,24.041388,3.134558,108.5508336,9,15,555,2,"9/18/2012","",0,-75.1700384657366,39.9693644720962,-75.1941152941134,39.9546263068532,"POINT (-75.170038 39.969364)","POINT (-75.194115 39.954626)"
1734,116912,1,11691201,228.4384878,97.7935925,1,NA,1.16912e+11,2,1.16912e+13,1169120102,NA,NA,3,NA,NA,4,1,42,1,42101,"101_107",4210160000,42101016701,431,"10:13",19,NA,NA,NA,"0:00","","","","10:40",14,5,NA,NA,NA,NA,NA,NA,NA,NA,NA,NA,NA,NA,NA,NA,NA,NA,NA,NA,NA,NA,NA,NA,NA,NA,NA,NA,NA,NA,NA,NA,4,1,42,1,42101,"101_103",4210160000,42101000402,78,1.17,0,29.347168,3.300307,114.4185032,10,40,640,2,"8/7/2012","",0,-75.1619035045634,39.9912045729609,-75.1694605873533,39.9520071435649,"POINT (-75.161904 39.991205)","POINT (-75.169461 39.952007)"
1735,116912,1,11691201,228.4384878,97.7935925,1,NA,1.16912e+11,3,1.16912e+13,1169120103,NA,NA,3,NA,NA,4,1,42,1,42101,"101_103",4210160000,42101000402,78,"10:40",19,NA,NA,NA,"0:00","","","","10:50",14,5,NA,NA,NA,NA,NA,NA,NA,NA,NA,NA,NA,NA,NA,NA,NA,NA,NA,NA,NA,NA,NA,NA,NA,NA,NA,NA,NA,NA,NA,NA,4,1,42,1,42101,"101_103",4210160000,42101000600,55,1.17,20,13.01829,0.897831,114.4185032,10,50,650,2,"8/7/2012","",0,-75.1694605873533,39.9520071435649,-75.1564410395894,39.9491555327036,"POINT (-75.169461 39.952007)","POINT (-75.156441 39.949156)"
1739,116912,1,11691201,228.4384878,97.7935925,1,NA,1.16912e+11,7,1.16912e+13,1169120107,NA,NA,3,NA,NA,4,1,42,1,42101,"101_103",4210160000,42101000500,88,"15:10",19,NA,NA,NA,"0:00","","","","15:20",14,5,NA,NA,NA,NA,NA,NA,NA,NA,NA,NA,NA,NA,NA,NA,NA,NA,NA,NA,NA,NA,NA,NA,NA,NA,NA,NA,NA,NA,NA,NA,4,1,42,1,42101,"101_103",4210160000,42101000500,71,1.17,8,5.804709,0.308934,114.4185032,15,20,920,2,"8/7/2012","",0,-75.1541388337345,39.9522458625874,-75.1584725274299,39.950967187359,"POINT (-75.154139 39.952246)","POINT (-75.158473 39.950967)"
1741,116912,1,11691201,228.4384878,97.7935925,1,NA,1.16912e+11,9,1.16912e+13,1169120109,NA,NA,3,NA,NA,4,1,42,1,42101,"101_103",4210160000,42101000500,71,"16:00",19,NA,NA,NA,"0:00","","","","16:03",14,5,NA,NA,NA,NA,NA,NA,NA,NA,NA,NA,NA,NA,NA,NA,NA,NA,NA,NA,NA,NA,NA,NA,NA,NA,NA,NA,NA,NA,NA,NA,4,1,42,1,42101,"101_103",4210160000,42101000402,92,1.17,9,6.159001,0.522824,114.4185032,16,3,963,2,"8/7/2012","",0,-75.1584725274299,39.950967187359,-75.1648345113326,39.9541020155151,"POINT (-75.158473 39.950967)","POINT (-75.164835 39.954102)"
1747,117524,1,11752401,75.17606806,181.9808893,1,NA,1.17524e+11,2,1.17524e+13,1175240102,NA,NA,1,NA,NA,4,1,42,1,42101,"101_108",4210160000,42101020900,3203,"9999",19,NA,NA,NA,"0:01","","","","7:30",14,5,NA,NA,NA,NA,NA,NA,NA,NA,NA,NA,NA,NA,NA,NA,NA,NA,NA,NA,NA,NA,NA,NA,NA,NA,NA,NA,NA,NA,NA,NA,4,1,42,1,42101,"101_103",4210160000,42101000402,92,1.15,25,19.639111,7.058301,209.2780226,7,30,450,2,"10/9/2012","",0,-75.2092872712104,40.0181516385401,-75.1648345113326,39.9541020155151,"POINT (-75.209287 40.018152)","POINT (-75.164835 39.954102)"
1752,117524,1,11752401,75.17606806,181.9808893,1,NA,1.17524e+11,7,1.17524e+13,1175240107,NA,NA,1,NA,NA,4,1,42,1,42101,"101_103",4210160000,42101000402,92,"18:10",19,NA,NA,NA,"0:00","","","","18:10",14,5,NA,NA,NA,NA,NA,NA,NA,NA,NA,NA,NA,NA,NA,NA,NA,NA,NA,NA,NA,NA,NA,NA,NA,NA,NA,NA,NA,NA,NA,NA,4,1,42,1,42101,"101_108",4210160000,42101020900,3203,1.15,25,20.053637,7.199382,209.2780226,18,10,1090,2,"10/9/2012","",0,-75.1648345113326,39.9541020155151,-75.2092872712104,40.0181516385401,"POINT (-75.164835 39.954102)","POINT (-75.209287 40.018152)"
1770,202374,1,20237401,269.8869014,227.7763884,1,NA,2.02374e+11,1,2.02374e+13,2023740101,NA,NA,2,1,2,1,1,42,1,42101,"101_111",4210160000,42101010200,1224,"",6,NA,NA,NA,"0:00","","","","9:10",14,5,NA,NA,NA,NA,NA,NA,NA,NA,NA,NA,NA,NA,NA,NA,NA,NA,NA,NA,NA,NA,NA,NA,NA,NA,NA,NA,NA,NA,NA,NA,4,1,42,1,42101,"101_111",4210160000,42101011400,1236,1.17,40,16.530207,1.456574,266.4983744,9,10,550,1,"8/6/2012","",0,-75.2316719358833,39.9680910426143,-75.2458322070382,39.9787834549805,"POINT (-75.231672 39.968091)","POINT (-75.245832 39.978783)"
1771,202374,1,20237401,269.8869014,227.7763884,1,NA,2.02374e+11,2,2.02374e+13,2023740102,NA,NA,2,NA,NA,4,1,42,1,42101,"101_111",4210160000,42101011400,1236,"9:50",6,NA,NA,NA,"1:40","","","","11:45",14,5,NA,NA,NA,NA,NA,NA,NA,NA,NA,NA,NA,NA,NA,NA,NA,NA,NA,NA,NA,NA,NA,NA,NA,NA,NA,NA,NA,NA,NA,NA,1,1,42,1,42101,"101_111",4210160000,42101010200,1224,1.17,30,17.502539,1.531608,266.4983744,11,45,705,1,"8/6/2012","",0,-75.2458322070382,39.9787834549805,-75.2316719358833,39.9680910426143,"POINT (-75.245832 39.978783)","POINT (-75.231672 39.968091)"
1809,206472,1,20647201,202.8848881,92.72187755,1,NA,2.06472e+11,1,2.06472e+13,2064720101,NA,NA,2,4,2,1,1,42,1,42101,"101_103",4210160000,42101013602,142,"",1,NA,NA,NA,"5:45","","","","8:45",14,5,NA,NA,NA,NA,NA,NA,NA,NA,NA,NA,NA,NA,NA,NA,NA,NA,NA,NA,NA,NA,NA,NA,NA,NA,NA,NA,NA,NA,NA,NA,4,1,42,1,42101,"101_103",4210160000,42101000901,41,1.17,35,18.998175,0.648863,108.4845967,8,45,525,3,"8/8/2012","",0,-75.1798114670555,39.9715794694621,-75.1634808483634,39.9480403151119,"POINT (-75.179811 39.971579)","POINT (-75.163481 39.948040)"
1812,206472,1,20647201,202.8848881,92.72187755,1,NA,2.06472e+11,4,2.06472e+13,2064720104,NA,NA,2,NA,NA,4,1,42,1,42101,"101_103",4210160000,42101000402,76,"10:55",6,NA,NA,NA,"0:00","","","","11:00",14,5,NA,NA,NA,NA,NA,NA,NA,NA,NA,NA,NA,NA,NA,NA,NA,NA,NA,NA,NA,NA,NA,NA,NA,NA,NA,NA,NA,NA,NA,NA,4,1,42,1,42101,"101_103",4210160000,42101000500,88,1.17,20,9.865521,0.782305,108.4845967,11,0,660,3,"8/8/2012","",0,-75.1662257986882,39.9519342771783,-75.1541388337345,39.9522458625874,"POINT (-75.166226 39.951934)","POINT (-75.154139 39.952246)"
1813,206472,1,20647201,202.8848881,92.72187755,1,NA,2.06472e+11,5,2.06472e+13,2064720105,NA,NA,2,NA,NA,4,1,42,1,42101,"101_103",4210160000,42101000500,88,"11:20",8,NA,NA,NA,"1:25","","","","12:45",14,5,NA,NA,NA,NA,NA,NA,NA,NA,NA,NA,NA,NA,NA,NA,NA,NA,NA,NA,NA,NA,NA,NA,NA,NA,NA,NA,NA,NA,NA,NA,1,1,42,1,42101,"101_103",4210160000,42101013602,142,1.17,60,23.384621,2.439108,108.4845967,12,45,765,3,"8/8/2012","",0,-75.1541388337345,39.9522458625874,-75.1798114670555,39.9715794694621,"POINT (-75.154139 39.952246)","POINT (-75.179811 39.971579)"
1815,206472,2,20647202,202.8848881,88.23081906,1,NA,2.06472e+11,1,2.06472e+13,2064720201,NA,NA,1,1,2,1,1,42,1,42101,"101_103",4210160000,42101013602,142,"",1,NA,NA,NA,"5:45","","","","8:45",14,5,NA,NA,NA,NA,NA,NA,NA,NA,NA,NA,NA,NA,NA,NA,NA,NA,NA,NA,NA,NA,NA,NA,NA,NA,NA,NA,NA,NA,NA,NA,2,1,42,1,42101,"101_107",4210160000,42101014000,403,1.17,30,12.299124,1.010969,103.2300583,8,45,525,3,"8/8/2012","",0,-75.1798114670555,39.9715794694621,-75.1630984016405,39.9735438590113,"POINT (-75.179811 39.971579)","POINT (-75.163098 39.973544)"
1816,206472,2,20647202,202.8848881,88.23081906,1,NA,2.06472e+11,2,2.06472e+13,2064720202,NA,NA,1,NA,NA,2,1,42,1,42101,"101_107",4210160000,42101014000,403,"9:15",5,NA,NA,NA,"7:00","","","","17:15",14,5,NA,NA,NA,NA,NA,NA,NA,NA,NA,NA,NA,NA,NA,NA,NA,NA,NA,NA,NA,NA,NA,NA,NA,NA,NA,NA,NA,NA,NA,NA,1,1,42,1,42101,"101_103",4210160000,42101013602,142,1.17,30,17.484821,1.619863,103.2300583,17,15,1035,3,"8/8/2012","",0,-75.1630984016405,39.9735438590113,-75.1798114670555,39.9715794694621,"POINT (-75.163098 39.973544)","POINT (-75.179811 39.971579)"
1869,211852,1,21185201,170.33356,201.3929169,1,NA,2.11852e+11,1,2.11852e+13,2118520101,NA,NA,1,1,2,1,1,42,1,42101,"101_114",4210160000,42101030000,1605,"",1,NA,NA,NA,"0:00","","","","7:00",21,5,NA,NA,NA,NA,NA,NA,NA,NA,NA,NA,NA,NA,NA,NA,NA,NA,NA,NA,NA,NA,NA,NA,NA,NA,NA,NA,NA,NA,NA,NA,2,1,42,1,42101,"101_110",4210160000,42101036900,1018,1.17,NA,40.344785,9.413291,235.6297128,7,0,420,2,"8/7/2012","",0,-75.0806751855718,40.016348069306,-75.1957094473416,39.9494354858208,"POINT (-75.080675 40.016348)","POINT (-75.195709 39.949435)"
1870,211852,1,21185201,170.33356,201.3929169,1,NA,2.11852e+11,2,2.11852e+13,2118520102,NA,NA,1,NA,NA,2,1,42,1,42101,"101_110",4210160000,42101036900,1018,"9999",5,NA,NA,NA,"8:00","","","","16:30",21,5,NA,NA,NA,NA,NA,NA,NA,NA,NA,NA,NA,NA,NA,NA,NA,NA,NA,NA,NA,NA,NA,NA,NA,NA,NA,NA,NA,NA,NA,NA,1,1,42,1,42101,"101_114",4210160000,42101030000,1605,1.17,450,41.188615,9.355238,235.6297128,16,30,990,2,"8/7/2012","",0,-75.1957094473416,39.9494354858208,-75.0806751855718,40.016348069306,"POINT (-75.195709 39.949435)","POINT (-75.080675 40.016348)"
2029,229797,2,22979702,110.80041,98.27548944,1,NA,2.29797e+11,1,2.29797e+13,2297970201,NA,NA,1,1,2,1,1,42,1,42101,"101_103",4210160000,42101001201,27,"",1,NA,NA,NA,"5:30","","","","8:30",14,5,NA,NA,NA,NA,NA,NA,NA,NA,NA,NA,NA,NA,NA,NA,NA,NA,NA,NA,NA,NA,NA,NA,NA,NA,NA,NA,NA,NA,NA,NA,2,1,42,1,42101,"101_110",4210160000,42101036900,1030,1.15,30,14.326086,1.304311,113.0168129,8,30,510,4,"8/9/2012","",0,-75.1800070313661,39.946441631749,-75.1941152941134,39.9546263068532,"POINT (-75.180007 39.946442)","POINT (-75.194115 39.954626)"
2124,235096,1,23509601,132.4337962,89.08436621,1,NA,2.35096e+11,2,2.35096e+13,2350960102,NA,NA,1,NA,NA,4,1,42,1,42101,"101_110",4210160000,42101036900,1030,"7:50",5,NA,NA,NA,"1:10","","","","9:15",21,5,NA,NA,NA,NA,NA,NA,NA,NA,NA,NA,NA,NA,NA,NA,NA,NA,NA,NA,NA,NA,NA,NA,NA,NA,NA,NA,NA,NA,NA,NA,4,1,42,1,42101,"101_110",4210160000,42101009100,1037,1.12,13,6.95,0.5437,99.77449015,9,15,555,5,"8/10/2012","",0,-75.1941152941134,39.9546263068532,-75.1977262540913,39.9594259908695,"POINT (-75.194115 39.954626)","POINT (-75.197726 39.959426)"
2126,235096,1,23509601,132.4337962,89.08436621,1,NA,2.35096e+11,4,2.35096e+13,2350960104,NA,NA,1,NA,NA,2,1,42,1,42101,"101_110",4210160000,42101008602,1035,"11:19",5,NA,NA,NA,"3:54","","","","15:15",23,5,NA,NA,NA,NA,NA,NA,NA,NA,NA,NA,NA,NA,NA,NA,NA,NA,NA,NA,NA,NA,NA,NA,NA,NA,NA,NA,NA,NA,NA,NA,4,1,42,1,42101,"101_110",4210160000,42101007800,1016,1.12,25,12.204772,0.997145,99.77449015,15,15,915,5,"8/10/2012","",0,-75.216704781889,39.9569805572676,-75.2162654488479,39.9464660922369,"POINT (-75.216705 39.956981)","POINT (-75.216265 39.946466)"
2173,242805,1,24280501,303.4396083,3407.043646,1,NA,2.42805e+11,1,2.42805e+13,2428050101,NA,NA,1,1,2,1,1,42,1,42017,"017_504",4201719784,42017104701,14618,"",1,14,7,NA,"1:00","0:15","1:00","","13:00",14,5,NA,NA,NA,NA,NA,NA,NA,NA,NA,NA,NA,NA,NA,NA,NA,NA,NA,NA,NA,NA,NA,NA,NA,NA,NA,NA,NA,NA,NA,NA,4,1,42,1,42017,"017_504",4201719784,42017104702,14613,1.17,30,12.21407,1.427993,3986.241065,13,0,780,2,"9/11/2012","",0,-75.1335381361008,40.3211737824194,-75.1346109509137,40.3071295327499,"POINT (-75.133538 40.321174)","POINT (-75.134611 40.307130)"
2178,243504,1,24350401,190.4720163,91.43282236,1,NA,2.43504e+11,1,2.43504e+13,2435040101,NA,NA,2,2,2,1,1,42,1,42101,"101_103",4210160000,42101000803,47,"",1,NA,NA,NA,"0:00","","","","8:16",14,5,NA,NA,NA,NA,NA,NA,NA,NA,NA,NA,NA,NA,NA,NA,NA,NA,NA,NA,NA,NA,NA,NA,NA,NA,NA,NA,NA,NA,NA,NA,4,1,42,1,42101,"101_103",4210160000,42101000803,48,1.17,1,4.583333,0.178334,106.9764022,8,16,496,2,"8/7/2012","",0,-75.1724998481553,39.9491635804723,-75.175827602964,39.9495803344789,"POINT (-75.172500 39.949164)","POINT (-75.175828 39.949580)"
2179,243504,1,24350401,190.4720163,91.43282236,1,NA,2.43504e+11,2,2.43504e+13,2435040102,NA,NA,2,NA,NA,4,1,42,1,42101,"101_103",4210160000,42101000803,48,"8:17",19,NA,NA,NA,"0:00","","","","8:29",14,5,NA,NA,NA,NA,NA,NA,NA,NA,NA,NA,NA,NA,NA,NA,NA,NA,NA,NA,NA,NA,NA,NA,NA,NA,NA,NA,NA,NA,NA,NA,4,1,42,1,42101,"101_110",4210160000,42101008602,1035,1.17,15,16.40586,2.425092,106.9764022,8,29,509,2,"8/7/2012","",0,-75.175827602964,39.9495803344789,-75.216704781889,39.9569805572676,"POINT (-75.175828 39.949580)","POINT (-75.216705 39.956981)"
2180,243504,1,24350401,190.4720163,91.43282236,1,NA,2.43504e+11,3,2.43504e+13,2435040103,NA,NA,2,NA,NA,4,1,42,1,42101,"101_110",4210160000,42101008602,1035,"8:44",12,NA,NA,NA,"6:02","","","","15:16",14,5,NA,NA,NA,NA,NA,NA,NA,NA,NA,NA,NA,NA,NA,NA,NA,NA,NA,NA,NA,NA,NA,NA,NA,NA,NA,NA,NA,NA,NA,NA,1,1,42,1,42101,"101_103",4210160000,42101000803,47,1.17,23,23.072828,2.766038,106.9764022,15,16,916,2,"8/7/2012","",0,-75.216704781889,39.9569805572676,-75.1724998481553,39.9491635804723,"POINT (-75.216705 39.956981)","POINT (-75.172500 39.949164)"
2321,252652,1,25265201,228.4384878,126.9053947,1,NA,2.52652e+11,2,2.52652e+13,2526520102,NA,NA,2,NA,NA,4,1,42,1,42101,"101_115",4210160000,42101028100,2609,"13:45",8,NA,NA,NA,"0:15","","","","14:00",14,5,NA,NA,NA,NA,NA,NA,NA,NA,NA,NA,NA,NA,NA,NA,NA,NA,NA,NA,NA,NA,NA,NA,NA,NA,NA,NA,NA,NA,NA,NA,4,1,42,1,42091,"091_412",4209112968,42091202500,12238,1.17,60,34.180643,4.793441,148.4793118,14,0,840,2,"8/7/2012","",0,-75.1491317030119,40.0304553583606,-75.1571977835929,40.0823045185899,"POINT (-75.149132 40.030455)","POINT (-75.157198 40.082305)"
2322,252652,1,25265201,228.4384878,126.9053947,1,NA,2.52652e+11,3,2.52652e+13,2526520103,NA,NA,2,NA,NA,4,1,42,1,42091,"091_412",4209112968,42091202500,12238,"15:00",8,NA,NA,NA,"0:00","","","","15:30",14,5,NA,NA,NA,NA,NA,NA,NA,NA,NA,NA,NA,NA,NA,NA,NA,NA,NA,NA,NA,NA,NA,NA,NA,NA,NA,NA,NA,NA,NA,NA,4,1,42,1,42101,"101_103",4210160000,42101000402,93,1.17,30,51.767852,11.647501,148.4793118,15,30,930,2,"8/7/2012","",0,-75.1571977835929,40.0823045185899,-75.1659426772114,39.9531940428398,"POINT (-75.157198 40.082305)","POINT (-75.165943 39.953194)"
2323,252652,1,25265201,228.4384878,126.9053947,1,NA,2.52652e+11,4,2.52652e+13,2526520104,NA,NA,2,NA,NA,4,1,42,1,42101,"101_103",4210160000,42101000402,93,"16:00",6,NA,NA,NA,"0:00","","","","17:20",14,5,NA,NA,NA,NA,NA,NA,NA,NA,NA,NA,NA,NA,NA,NA,NA,NA,NA,NA,NA,NA,NA,NA,NA,NA,NA,NA,NA,NA,NA,NA,4,1,42,1,42101,"101_101",4210160000,42101020400,1441,1.17,45,26.076231,5.246729,148.4793118,17,20,1040,2,"8/7/2012","",0,-75.1659426772114,39.9531940428398,-75.1525134507185,40.0198296932081,"POINT (-75.165943 39.953194)","POINT (-75.152513 40.019830)"
2373,257992,1,25799201,254.7502371,192.8580113,1,NA,2.57992e+11,2,2.57992e+13,2579920102,NA,NA,1,NA,NA,4,1,42,1,42101,"101_110",4210160000,42101007800,1016,"8:07",19,NA,NA,NA,"0:03","","","","8:10",23,5,NA,NA,NA,NA,NA,NA,NA,NA,NA,NA,NA,NA,NA,NA,NA,NA,NA,NA,NA,NA,NA,NA,NA,NA,NA,NA,NA,NA,NA,NA,4,1,42,1,42101,"101_103",4210160000,42101000500,72,1.12,20,25.871289,3.581841,216.0009726,8,10,490,3,"10/3/2012","",0,-75.2162654488479,39.9464660922369,-75.1608290378846,39.9512565309348,"POINT (-75.216265 39.946466)","POINT (-75.160829 39.951257)"
2376,257992,1,25799201,254.7502371,192.8580113,1,NA,2.57992e+11,5,2.57992e+13,2579920105,NA,NA,1,NA,NA,4,1,42,1,42101,"101_103",4210160000,42101000500,72,"17:40",19,NA,NA,NA,"0:05","","","","17:45",23,5,NA,NA,NA,NA,NA,NA,NA,NA,NA,NA,NA,NA,NA,NA,NA,NA,NA,NA,NA,NA,NA,NA,NA,NA,NA,NA,NA,NA,NA,NA,4,1,42,1,42101,"101_110",4210160000,42101007800,1016,1.12,20,23.865408,3.493883,216.0009726,17,45,1065,3,"10/3/2012","",0,-75.1608290378846,39.9512565309348,-75.2162654488479,39.9464660922369,"POINT (-75.160829 39.951257)","POINT (-75.216265 39.946466)"
2447,267201,2,26720102,182.3521785,92.72187755,1,NA,2.67201e+11,1,2.67201e+13,2672010201,NA,NA,3,0,2,4,1,42,1,42101,"101_103",4210160000,42101000804,44,"",14,NA,NA,NA,"1:28","","","","9:30",14,5,NA,NA,NA,NA,NA,NA,NA,NA,NA,NA,NA,NA,NA,NA,NA,NA,NA,NA,NA,NA,NA,NA,NA,NA,NA,NA,NA,NA,NA,NA,1,1,42,1,42101,"101_112",4210160000,42101004001,819,1.17,27,15.590835,2.034701,108.4845967,9,30,570,1,"8/6/2012","",0,-75.1669894744938,39.9484799410289,-75.1662120144978,39.9238115855567,"POINT (-75.166989 39.948480)","POINT (-75.166212 39.923812)"
2528,268881,1,26888101,374.5286473,550.905223,1,NA,2.68881e+11,2,2.68881e+13,2688810102,NA,NA,1,NA,NA,3,1,42,1,42101,"101_110",4210160000,42101036900,1030,"8:55",3,NA,NA,NA,"6:00","","","","14:55",21,5,NA,NA,NA,NA,NA,NA,NA,NA,NA,NA,NA,NA,NA,NA,NA,NA,NA,NA,NA,NA,NA,NA,NA,NA,NA,NA,NA,NA,NA,NA,4,1,42,1,42101,"101_103",4210160000,42101000100,87,1.17,35,15.35,2.561292,644.559111,14,55,895,3,"9/12/2012","",0,-75.1941152941134,39.9546263068532,-75.150229373412,39.9517620658106,"POINT (-75.194115 39.954626)","POINT (-75.150229 39.951762)"
2529,268881,1,26888101,374.5286473,550.905223,1,NA,2.68881e+11,3,2.68881e+13,2688810103,NA,NA,1,NA,NA,4,1,42,1,42101,"101_103",4210160000,42101000100,87,"15:30",4,NA,NA,NA,"2:00","","","","17:30",21,5,NA,NA,NA,NA,NA,NA,NA,NA,NA,NA,NA,NA,NA,NA,NA,NA,NA,NA,NA,NA,NA,NA,NA,NA,NA,NA,NA,NA,NA,NA,1,1,42,1,42101,"101_110",4210160000,42101008601,1027,1.17,30,23.31013,4.060675,644.559111,17,30,1050,3,"9/12/2012","",0,-75.150229373412,39.9517620658106,-75.2165947836222,39.9537421538695,"POINT (-75.150229 39.951762)","POINT (-75.216595 39.953742)"
2646,277435,2,27743502,312.7658348,141.1913006,2,NA,2.77435e+11,4,2.77435e+13,2774350204,NA,NA,3,NA,NA,4,1,42,1,42101,"101_110",4210160000,42101007800,1016,"10:08",19,NA,NA,NA,"0:05","","","","10:13",23,5,NA,NA,NA,NA,NA,NA,NA,NA,NA,NA,NA,NA,NA,NA,NA,NA,NA,NA,NA,NA,NA,NA,NA,NA,NA,NA,NA,NA,NA,NA,4,1,42,1,42101,"101_103",4210160000,42101000402,83,1.12,18,21.749239,2.89747,158.1342566,10,13,613,3,"8/8/2012","",0,-75.2162654488479,39.9464660922369,-75.1725391195037,39.9527196860213,"POINT (-75.216265 39.946466)","POINT (-75.172539 39.952720)"
2856,292017,2,29201702,48.06144616,86.29584154,1,NA,2.92017e+11,1,2.92017e+13,2920170201,NA,NA,1,2,2,1,1,42,1,42101,"101_103",4210160000,42101001900,7,"",1,7,NA,NA,"0:00","","","","8:00",14,5,NA,NA,NA,NA,NA,NA,NA,NA,NA,NA,NA,NA,NA,NA,NA,NA,NA,NA,NA,NA,NA,NA,NA,NA,NA,NA,NA,NA,NA,NA,2,1,42,1,42101,"101_103",4210160000,42101000402,83,1.15,15,12.527511,1.096132,99.24021778,8,0,480,2,"8/7/2012","",0,-75.1722288078707,39.9400534674801,-75.1725391195037,39.9527196860213,"POINT (-75.172229 39.940053)","POINT (-75.172539 39.952720)"
2890,296654,2,29665402,172.1824722,96.92038715,1,NA,2.96654e+11,2,2.96654e+13,2966540202,NA,NA,1,NA,NA,4,1,42,1,42101,"101_103",4210160000,42101000901,40,"8:02",19,NA,NA,NA,"0:00","","","","8:03",14,5,NA,NA,NA,NA,NA,NA,NA,NA,NA,NA,NA,NA,NA,NA,NA,NA,NA,NA,NA,NA,NA,NA,NA,NA,NA,NA,NA,NA,NA,NA,2,1,42,1,42101,"101_110",4210160000,42101008801,1028,1.12,27,19.191247,2.19202,108.5508336,8,3,483,3,"9/12/2012","",0,-75.1611907875754,39.9477574019743,-75.1984494658686,39.9539400028283,"POINT (-75.161191 39.947757)","POINT (-75.198449 39.953940)"
2891,296654,2,29665402,172.1824722,96.92038715,1,NA,2.96654e+11,3,2.96654e+13,2966540203,NA,NA,1,NA,NA,2,1,42,1,42101,"101_110",4210160000,42101008801,1028,"8:30",5,NA,NA,NA,"8:00","","","","17:00",14,5,NA,NA,NA,NA,NA,NA,NA,NA,NA,NA,NA,NA,NA,NA,NA,NA,NA,NA,NA,NA,NA,NA,NA,NA,NA,NA,NA,NA,NA,NA,1,1,42,1,42101,"101_103",4210160000,42101000902,39,1.12,35,23.412371,2.602185,108.5508336,17,0,1020,3,"9/12/2012","",0,-75.1984494658686,39.9539400028283,-75.1584424033225,39.9474108270156,"POINT (-75.198449 39.953940)","POINT (-75.158442 39.947411)"
3028,300605,1,30060501,192.0349668,1502.032712,1,NA,3.00605e+11,1,3.00605e+13,3006050101,NA,NA,1,1,2,1,1,42,1,42101,"101_102",4210160000,42101006300,2018,"",1,NA,NA,NA,"3:30","","","","6:30",14,5,NA,NA,NA,NA,NA,NA,NA,NA,NA,NA,NA,NA,NA,NA,NA,NA,NA,NA,NA,NA,NA,NA,NA,NA,NA,NA,NA,NA,NA,NA,2,1,42,1,42101,"101_110",4210160000,42101036900,1012,1.17,35,23.344439,2.998404,1757.378273,6,30,390,4,"10/11/2012","",0,-75.2399779780059,39.9210924003411,-75.202230610969,39.9458213862922,"POINT (-75.239978 39.921092)","POINT (-75.202231 39.945821)"
3029,300605,1,30060501,192.0349668,1502.032712,1,NA,3.00605e+11,2,3.00605e+13,3006050102,NA,NA,1,NA,NA,2,1,42,1,42101,"101_110",4210160000,42101036900,1012,"7:05",5,NA,NA,NA,"7:30","","","","16:00",14,5,NA,NA,NA,NA,NA,NA,NA,NA,NA,NA,NA,NA,NA,NA,NA,NA,NA,NA,NA,NA,NA,NA,NA,NA,NA,NA,NA,NA,NA,NA,1,1,42,1,42101,"101_102",4210160000,42101006300,2018,1.17,105,20.273254,3.103321,1757.378273,16,0,960,4,"10/11/2012","",0,-75.202230610969,39.9458213862922,-75.2399779780059,39.9210924003411,"POINT (-75.202231 39.945821)","POINT (-75.239978 39.921092)"
3274,302487,1,30248701,90.35209581,103.8984472,1,NA,3.02487e+11,1,3.02487e+13,3024870101,NA,NA,2,1,2,1,1,42,1,42101,"101_110",4210160000,42101007400,1007,"",1,6,7,NA,"1:00","0:30","1:00","","8:30",14,5,NA,NA,NA,NA,NA,NA,NA,NA,NA,NA,NA,NA,NA,NA,NA,NA,NA,NA,NA,NA,NA,NA,NA,NA,NA,NA,NA,NA,NA,NA,4,1,42,1,42101,"101_103",4210160000,42101000402,82,1.13,32,19.371312,2.830745,117.4052454,8,30,510,2,"11/27/2012","",0,-75.2143085167584,39.9408655334325,-75.1708705877199,39.9529581159317,"POINT (-75.214309 39.940866)","POINT (-75.170871 39.952958)"
3275,302487,1,30248701,90.35209581,103.8984472,1,NA,3.02487e+11,2,3.02487e+13,3024870102,NA,NA,2,NA,NA,4,1,42,1,42101,"101_103",4210160000,42101000402,82,"9:02",4,NA,NA,NA,"2:00","","","","12:00",23,5,NA,NA,NA,NA,NA,NA,NA,NA,NA,NA,NA,NA,NA,NA,NA,NA,NA,NA,NA,NA,NA,NA,NA,NA,NA,NA,NA,NA,NA,NA,1,1,42,1,42101,"101_110",4210160000,42101007400,1007,1.13,150,19.096302,2.820684,117.4052454,12,0,720,2,"11/27/2012","",0,-75.1708705877199,39.9529581159317,-75.2143085167584,39.9408655334325,"POINT (-75.170871 39.952958)","POINT (-75.214309 39.940866)"
3450,303202,1,30320201,249.0046337,112.242227,1,NA,3.03202e+11,2,3.03202e+13,3032020102,NA,NA,1,NA,NA,4,1,42,1,42101,"101_109",4210160000,42101014300,601,"13:35",19,NA,NA,NA,"0:00","","","","13:38",14,5,NA,NA,NA,NA,NA,NA,NA,NA,NA,NA,NA,NA,NA,NA,NA,NA,NA,NA,NA,NA,NA,NA,NA,NA,NA,NA,NA,NA,NA,NA,4,1,42,1,42101,"101_103",4210160000,42101013401,139,1.17,22,26.312437,3.019362,131.3234056,13,38,818,5,"3/22/2013","",0,-75.1262221694671,39.9679483007659,-75.1752524766747,39.9659654913561,"POINT (-75.126222 39.967948)","POINT (-75.175252 39.965965)"
3452,303202,1,30320201,249.0046337,112.242227,1,NA,3.03202e+11,4,3.03202e+13,3032020104,NA,NA,1,NA,NA,4,1,42,1,42101,"101_103",4210160000,42101012500,136,"14:10",19,NA,NA,NA,"0:00","","","","14:25",14,5,NA,NA,NA,NA,NA,NA,NA,NA,NA,NA,NA,NA,NA,NA,NA,NA,NA,NA,NA,NA,NA,NA,NA,NA,NA,NA,NA,NA,NA,NA,1,1,42,1,42101,"101_109",4210160000,42101014300,601,1.17,25,28.557489,3.355106,131.3234056,14,25,865,5,"3/22/2013","",0,-75.1755490875517,39.9619810599662,-75.1262221694671,39.9679483007659,"POINT (-75.175549 39.961981)","POINT (-75.126222 39.967948)"
3510,303329,2,30332902,393.0130441,246.6503618,1,NA,3.03329e+11,1,3.03329e+13,3033290201,NA,NA,1,1,2,1,1,42,1,42101,"101_115",4210160000,42101026302,2640,"",1,NA,NA,NA,"7:00","","","","10:00",14,5,NA,NA,NA,NA,NA,NA,NA,NA,NA,NA,NA,NA,NA,NA,NA,NA,NA,NA,NA,NA,NA,NA,NA,NA,NA,NA,NA,NA,NA,NA,1,1,42,1,42101,"101_115",4210160000,42101026302,2640,1.17,NA,7.625119,0.248292,288.5809233,10,0,600,3,"9/19/2012","",0,-75.1550394779574,40.0672050029827,-75.1550394779574,40.0672050029827,"POINT (-75.155039 40.067205)","POINT (-75.155039 40.067205)"
3511,303329,2,30332902,393.0130441,246.6503618,1,NA,3.03329e+11,2,3.03329e+13,3033290202,NA,NA,1,NA,NA,1,1,42,1,42101,"101_115",4210160000,42101026302,2640,"9999",5,8,NA,NA,"8:00","1:00","","","20:00",14,5,NA,NA,NA,NA,NA,NA,NA,NA,NA,NA,NA,NA,NA,NA,NA,NA,NA,NA,NA,NA,NA,NA,NA,NA,NA,NA,NA,NA,NA,NA,1,1,42,1,42101,"101_115",4210160000,42101026600,2638,1.17,240,8.180767,0.414649,288.5809233,20,0,1200,3,"9/19/2012","",0,-75.1550394779574,40.0672050029827,-75.1503212753435,40.0647775996619,"POINT (-75.155039 40.067205)","POINT (-75.150321 40.064778)"
3589,303895,1,30389501,249.8544938,316.5567004,1,NA,3.03895e+11,1,3.03895e+13,3038950101,NA,NA,1,2,2,1,1,42,1,42045,"045_206",4204533144,42045408700,5016,"",1,NA,NA,NA,"0:00","","","","10:00",14,5,NA,NA,NA,NA,NA,NA,NA,NA,NA,NA,NA,NA,NA,NA,NA,NA,NA,NA,NA,NA,NA,NA,NA,NA,NA,NA,NA,NA,NA,NA,2,1,42,1,42045,"045_206",4204563264,42045409701,5057,1.17,75,29.984811,6.056869,370.3713395,10,0,600,4,"10/4/2012","",0,-75.3128532544384,39.99398750657,-75.3490077338315,40.0452635767863,"POINT (-75.312853 39.993988)","POINT (-75.349008 40.045264)"
3590,303895,1,30389501,249.8544938,316.5567004,1,NA,3.03895e+11,2,3.03895e+13,3038950102,NA,NA,1,NA,NA,2,1,42,1,42045,"045_206",4204563264,42045409701,5057,"11:15",5,NA,NA,NA,"0:00","","","","19:00",21,5,NA,NA,NA,NA,NA,NA,NA,NA,NA,NA,NA,NA,NA,NA,NA,NA,NA,NA,NA,NA,NA,NA,NA,NA,NA,NA,NA,NA,NA,NA,3,1,42,1,42045,"045_206",4204533144,42045408700,5013,1.17,30,29.716667,5.92953,370.3713395,19,0,1140,4,"10/4/2012","",0,-75.3490077338315,40.0452635767863,-75.3037399105563,39.9880925237514,"POINT (-75.349008 40.045264)","POINT (-75.303740 39.988093)"
3776,304958,1,30495801,668.6753665,125.9556218,3,NA,3.04958e+11,6,3.04958e+13,3049580106,NA,NA,2,NA,NA,4,1,42,1,42101,"101_111",4210160000,42101008101,1202,"13:35",1,NA,NA,NA,"0:00","","","","13:42",14,5,NA,NA,NA,NA,NA,NA,NA,NA,NA,NA,NA,NA,NA,NA,NA,NA,NA,NA,NA,NA,NA,NA,NA,NA,NA,NA,NA,NA,NA,NA,4,1,42,1,42101,"101_110",4210160000,42101007300,1011,1.17,38,13.907832,0.931448,147.3680775,13,42,822,5,"10/12/2012","",0,-75.2376648010527,39.9482763035952,-75.2232933759479,39.9448265734297,"POINT (-75.237665 39.948276)","POINT (-75.223293 39.944827)"
3777,304958,1,30495801,668.6753665,125.9556218,3,NA,3.04958e+11,7,3.04958e+13,3049580107,NA,NA,2,NA,NA,4,1,42,1,42101,"101_110",4210160000,42101007300,1011,"14:20",17,NA,NA,NA,"0:00","","","","14:35",14,5,NA,NA,NA,NA,NA,NA,NA,NA,NA,NA,NA,NA,NA,NA,NA,NA,NA,NA,NA,NA,NA,NA,NA,NA,NA,NA,NA,NA,NA,NA,1,1,42,1,42101,"101_111",4210160000,42101008101,1202,1.17,32,18.631738,0.939048,147.3680775,14,35,875,5,"10/12/2012","",0,-75.2232933759479,39.9448265734297,-75.2376648010527,39.9482763035952,"POINT (-75.223293 39.944827)","POINT (-75.237665 39.948276)"
3795,304958,4,30495804,668.6753665,84.30299267,3,NA,3.04958e+11,7,3.04958e+13,3049580407,NA,NA,2,NA,NA,4,1,42,1,42101,"101_110",4210160000,42101007300,1011,"14:20",16,NA,NA,NA,"0:00","","","","14:35",14,5,NA,NA,NA,NA,NA,NA,NA,NA,NA,NA,NA,NA,NA,NA,NA,NA,NA,NA,NA,NA,NA,NA,NA,NA,NA,NA,NA,NA,NA,NA,1,1,42,1,42101,"101_111",4210160000,42101008101,1202,1.17,32,18.631738,0.939048,98.63450143,14,35,875,5,"10/12/2012","",0,-75.2232933759479,39.9448265734297,-75.2376648010527,39.9482763035952,"POINT (-75.223293 39.944827)","POINT (-75.237665 39.948276)"
3802,304958,5,30495805,668.6753665,225.5464313,3,NA,3.04958e+11,6,3.04958e+13,3049580506,NA,NA,2,NA,NA,3,6,42,1,42101,"101_110",4210160000,42101007400,1007,"13:37",17,NA,NA,NA,"0:00","","","","13:42",14,5,NA,NA,NA,NA,NA,NA,NA,NA,NA,NA,NA,NA,NA,NA,NA,NA,NA,NA,NA,NA,NA,NA,NA,NA,NA,NA,NA,NA,NA,NA,4,1,42,1,42101,"101_110",4210160000,42101007300,1011,1.17,38,13.231894,0.451189,263.8893246,13,42,822,5,"10/12/2012","",0,-75.2143085167584,39.9408655334325,-75.2232933759479,39.9448265734297,"POINT (-75.214309 39.940866)","POINT (-75.223293 39.944827)"
3803,304958,5,30495805,668.6753665,225.5464313,3,NA,3.04958e+11,7,3.04958e+13,3049580507,NA,NA,2,NA,NA,4,1,42,1,42101,"101_110",4210160000,42101007300,1011,"14:20",16,NA,NA,NA,"0:00","","","","14:35",14,5,NA,NA,NA,NA,NA,NA,NA,NA,NA,NA,NA,NA,NA,NA,NA,NA,NA,NA,NA,NA,NA,NA,NA,NA,NA,NA,NA,NA,NA,NA,1,1,42,1,42101,"101_111",4210160000,42101008101,1202,1.17,32,18.631738,0.939048,263.8893246,14,35,875,5,"10/12/2012","",0,-75.2232933759479,39.9448265734297,-75.2376648010527,39.9482763035952,"POINT (-75.223293 39.944827)","POINT (-75.237665 39.948276)"
4173,307005,3,30700503,283.1759128,394.8600031,1,NA,3.07005e+11,1,3.07005e+13,3070050301,NA,NA,1,1,2,1,1,42,1,42101,"101_115",4210160000,42101026900,2633,"",1,NA,NA,NA,"4:45","","","","7:45",21,5,NA,NA,NA,NA,NA,NA,NA,NA,NA,NA,NA,NA,NA,NA,NA,NA,NA,NA,NA,NA,NA,NA,NA,NA,NA,NA,NA,NA,NA,NA,2,1,42,1,42101,"101_103",4210160000,42101000500,70,1.12,45,35.271343,8.667527,442.2432035,7,45,465,4,"9/20/2012","",0,-75.1324048029212,40.0556045453464,-75.1561127285024,39.9506763018863,"POINT (-75.132405 40.055605)","POINT (-75.156113 39.950676)"
4174,307005,3,30700503,283.1759128,394.8600031,1,NA,3.07005e+11,2,3.07005e+13,3070050302,NA,NA,1,NA,NA,2,1,42,1,42101,"101_103",4210160000,42101000500,70,"8:30",5,NA,NA,NA,"8:30","","","","17:00",21,5,NA,NA,NA,NA,NA,NA,NA,NA,NA,NA,NA,NA,NA,NA,NA,NA,NA,NA,NA,NA,NA,NA,NA,NA,NA,NA,NA,NA,NA,NA,1,1,42,1,42101,"101_115",4210160000,42101026900,2633,1.12,35,34.849995,8.789477,442.2432035,17,0,1020,4,"9/20/2012","",0,-75.1561127285024,39.9506763018863,-75.1324048029212,40.0556045453464,"POINT (-75.156113 39.950676)","POINT (-75.132405 40.055605)"
5204,312168,2,31216802,167.8496459,153.6376731,1,NA,3.12168e+11,2,3.12168e+13,3121680202,NA,NA,2,NA,NA,4,3,42,1,42101,"101_105",4210160000,42101037300,1816,"8:10",19,NA,NA,NA,"0:10","","","","8:20",21,5,NA,NA,NA,NA,NA,NA,NA,NA,NA,NA,NA,NA,NA,NA,NA,NA,NA,NA,NA,NA,NA,NA,NA,NA,NA,NA,NA,NA,NA,NA,4,3,42,1,42101,"101_105",4210160000,42101037300,1816,1.17,NA,5.835977,0.35169,179.7560775,8,20,500,3,"10/10/2012","",0,-75.1792803129236,39.9102291849896,-75.1792803129236,39.9102291849896,"POINT (-75.179280 39.910229)","POINT (-75.179280 39.910229)"
5329,312784,1,31278401,422.9128024,103.7405364,1,NA,3.12784e+11,6,3.12784e+13,3127840106,NA,NA,2,NA,NA,4,1,42,1,42101,"101_107",4210160000,42101014000,403,"8:45",19,NA,NA,NA,"0:00","","","","8:46",21,5,NA,NA,NA,NA,NA,NA,NA,NA,NA,NA,NA,NA,NA,NA,NA,NA,NA,NA,NA,NA,NA,NA,NA,NA,NA,NA,NA,NA,NA,NA,4,1,42,1,42101,"101_107",4210160000,42101014700,411,1.17,2,6.650289,0.546193,121.3764275,8,46,526,2,"10/2/2012","",0,-75.1630984016405,39.9735438590113,-75.162026191264,39.9785569548507,"POINT (-75.163098 39.973544)","POINT (-75.162026 39.978557)"
5332,312784,1,31278401,422.9128024,103.7405364,1,NA,3.12784e+11,9,3.12784e+13,3127840109,NA,NA,2,NA,NA,3,1,42,1,42101,"101_103",4210160000,42101000402,93,"13:36",11,NA,NA,NA,"0:00","","","","14:00",21,5,NA,NA,NA,NA,NA,NA,NA,NA,NA,NA,NA,NA,NA,NA,NA,NA,NA,NA,NA,NA,NA,NA,NA,NA,NA,NA,NA,NA,NA,NA,4,1,42,1,42101,"101_115",4210160000,42101028200,2615,1.17,15,25.438692,6.583901,121.3764275,14,0,840,2,"10/2/2012","",0,-75.1659426772114,39.9531940428398,-75.1398050137829,40.0366774270012,"POINT (-75.165943 39.953194)","POINT (-75.139805 40.036677)"
5333,312784,1,31278401,422.9128024,103.7405364,1,NA,3.12784e+11,10,3.12784e+13,3127840110,NA,NA,2,NA,NA,4,1,42,1,42101,"101_115",4210160000,42101028200,2615,"14:15",19,NA,NA,NA,"0:00","","","","14:20",14,5,NA,NA,NA,NA,NA,NA,NA,NA,NA,NA,NA,NA,NA,NA,NA,NA,NA,NA,NA,NA,NA,NA,NA,NA,NA,NA,NA,NA,NA,NA,4,1,42,1,42091,"091_412",4209112968,42091202500,12238,1.17,60,30.391026,4.508828,121.3764275,14,20,860,2,"10/2/2012","",0,-75.1398050137829,40.0366774270012,-75.1571977835929,40.0823045185899,"POINT (-75.139805 40.036677)","POINT (-75.157198 40.082305)"
5334,312784,1,31278401,422.9128024,103.7405364,1,NA,3.12784e+11,11,3.12784e+13,3127840111,NA,NA,2,NA,NA,4,1,42,1,42091,"091_412",4209112968,42091202500,12238,"15:20",9,1,NA,NA,"0:00","","","","15:30",14,5,NA,NA,NA,NA,NA,NA,NA,NA,NA,NA,NA,NA,NA,NA,NA,NA,NA,NA,NA,NA,NA,NA,NA,NA,NA,NA,NA,NA,NA,NA,4,1,42,1,42101,"101_115",4210160000,42101026500,2634,1.17,29,26.155549,2.379528,121.3764275,15,30,930,2,"10/2/2012","",0,-75.1571977835929,40.0823045185899,-75.1546939106137,40.0587336087499,"POINT (-75.157198 40.082305)","POINT (-75.154694 40.058734)"
5335,312784,1,31278401,422.9128024,103.7405364,1,NA,3.12784e+11,12,3.12784e+13,3127840112,NA,NA,2,NA,NA,4,1,42,1,42101,"101_115",4210160000,42101026500,2634,"15:59",1,NA,NA,NA,"","","","","16:02",14,5,NA,NA,NA,NA,NA,NA,NA,NA,NA,NA,NA,NA,NA,NA,NA,NA,NA,NA,NA,NA,NA,NA,NA,NA,NA,NA,NA,NA,NA,NA,4,1,42,1,42101,"101_115",4210160000,42101028200,2615,1.17,28,26.296332,2.527747,121.3764275,16,2,962,2,"10/2/2012","",0,-75.1546939106137,40.0587336087499,-75.1398050137829,40.0366774270012,"POINT (-75.154694 40.058734)","POINT (-75.139805 40.036677)"
5336,312784,1,31278401,422.9128024,103.7405364,1,NA,3.12784e+11,13,3.12784e+13,3127840113,NA,NA,2,NA,NA,4,1,42,1,42101,"101_115",4210160000,42101028200,2615,"16:30",19,NA,NA,NA,"","","","","16:40",21,5,NA,NA,NA,NA,NA,NA,NA,NA,NA,NA,NA,NA,NA,NA,NA,NA,NA,NA,NA,NA,NA,NA,NA,NA,NA,NA,NA,NA,NA,NA,4,1,42,1,42101,"101_103",4210160000,42101000500,69,1.17,5,24.682169,6.723414,121.3764275,16,40,1000,2,"10/2/2012","",0,-75.1398050137829,40.0366774270012,-75.1537481432666,39.9503794767793,"POINT (-75.139805 40.036677)","POINT (-75.153748 39.950379)"
5337,312784,1,31278401,422.9128024,103.7405364,1,NA,3.12784e+11,14,3.12784e+13,3127840114,NA,NA,2,NA,NA,4,1,42,1,42101,"101_103",4210160000,42101000500,69,"16:45",19,NA,NA,NA,"","","","","16:50",21,5,NA,NA,NA,NA,NA,NA,NA,NA,NA,NA,NA,NA,NA,NA,NA,NA,NA,NA,NA,NA,NA,NA,NA,NA,NA,NA,NA,NA,NA,NA,4,1,42,1,42101,"101_103",4210160000,42101000402,76,1.17,0,8.067412,0.746344,121.3764275,16,50,1010,2,"10/2/2012","",0,-75.1537481432666,39.9503794767793,-75.1662257986882,39.9519342771783,"POINT (-75.153748 39.950379)","POINT (-75.166226 39.951934)"
5339,312784,1,31278401,422.9128024,103.7405364,1,NA,3.12784e+11,16,3.12784e+13,3127840116,NA,NA,2,NA,NA,3,1,42,1,42101,"101_103",4210160000,42101000402,93,"19:40",3,NA,NA,NA,"","","","","19:44",21,5,NA,NA,NA,NA,NA,NA,NA,NA,NA,NA,NA,NA,NA,NA,NA,NA,NA,NA,NA,NA,NA,NA,NA,NA,NA,NA,NA,NA,NA,NA,4,1,42,1,42101,"101_103",4210160000,42101000500,69,1.17,0,8.431547,0.81888,121.3764275,19,44,1184,2,"10/2/2012","",0,-75.1659426772114,39.9531940428398,-75.1537481432666,39.9503794767793,"POINT (-75.165943 39.953194)","POINT (-75.153748 39.950379)"
5341,312784,1,31278401,422.9128024,103.7405364,1,NA,3.12784e+11,18,3.12784e+13,3127840118,NA,NA,2,NA,NA,4,1,42,1,42101,"101_115",4210160000,42101028200,2615,"20:09",19,NA,NA,NA,"","","","","20:48",14,5,NA,NA,NA,NA,NA,NA,NA,NA,NA,NA,NA,NA,NA,NA,NA,NA,NA,NA,NA,NA,NA,NA,NA,NA,NA,NA,NA,NA,NA,NA,4,1,42,1,42101,"101_115",4210160000,42101026500,2634,1.17,12,24.933338,2.525545,121.3764275,20,48,1248,2,"10/2/2012","",0,-75.1398050137829,40.0366774270012,-75.1546939106137,40.0587336087499,"POINT (-75.139805 40.036677)","POINT (-75.154694 40.058734)"
5362,312914,1,31291401,143.4174285,105.9960991,1,NA,3.12914e+11,1,3.12914e+13,3129140101,NA,NA,1,3,2,1,1,42,1,42101,"101_108",4210160000,42101021400,3209,"",1,10,6,NA,"0:00","","","","6:10",14,5,NA,NA,NA,NA,NA,NA,NA,NA,NA,NA,NA,NA,NA,NA,NA,NA,NA,NA,NA,NA,NA,NA,NA,NA,NA,NA,NA,NA,NA,NA,4,1,42,1,42101,"101_108",4210160000,42101021400,3209,1.12,12,4.504478,0.326095,118.715631,6,10,370,4,"3/14/2013","",0,-75.2240469261417,40.0283746179593,-75.2240469261417,40.0283746179593,"POINT (-75.224047 40.028375)","POINT (-75.224047 40.028375)"
5363,312914,1,31291401,143.4174285,105.9960991,1,NA,3.12914e+11,2,3.12914e+13,3129140102,NA,NA,1,NA,NA,4,1,42,1,42101,"101_108",4210160000,42101021400,3209,"6:22",19,NA,NA,NA,"0:00","","","","6:28",14,5,NA,NA,NA,NA,NA,NA,NA,NA,NA,NA,NA,NA,NA,NA,NA,NA,NA,NA,NA,NA,NA,NA,NA,NA,NA,NA,NA,NA,NA,NA,2,1,42,1,42101,"101_110",4210160000,42101980000,1034,1.12,21,23.870865,7.721691,118.715631,6,28,388,4,"3/14/2013","",0,-75.2240469261417,40.0283746179593,-75.1847348588828,39.9565152107181,"POINT (-75.224047 40.028375)","POINT (-75.184735 39.956515)"
5365,312914,1,31291401,143.4174285,105.9960991,1,NA,3.12914e+11,4,3.12914e+13,3129140104,NA,NA,1,NA,NA,4,1,42,1,42101,"101_103",4210160000,42101000901,41,"17:10",19,NA,NA,NA,"0:00","","","","17:47",14,5,NA,NA,NA,NA,NA,NA,NA,NA,NA,NA,NA,NA,NA,NA,NA,NA,NA,NA,NA,NA,NA,NA,NA,NA,NA,NA,NA,NA,NA,NA,1,1,42,1,42101,"101_108",4210160000,42101021400,3209,1.12,13,33.460577,8.39672,118.715631,17,47,1067,4,"3/14/2013","",0,-75.1634808483634,39.9480403151119,-75.2240469261417,40.0283746179593,"POINT (-75.163481 39.948040)","POINT (-75.224047 40.028375)"
5609,314144,3,31414403,611.5678652,2441.939862,1,NA,3.14144e+11,1,3.14144e+13,3141440301,NA,NA,1,1,2,1,1,42,1,42101,"101_114",4210160000,42101030000,1605,"",1,15,NA,NA,"5:00","5:30","","","13:30",14,5,NA,NA,NA,NA,NA,NA,NA,NA,NA,NA,NA,NA,NA,NA,NA,NA,NA,NA,NA,NA,NA,NA,NA,NA,NA,NA,NA,NA,NA,NA,2,1,42,1,42101,"101_109",4210160000,42101037800,606,1.17,60,34.271184,5.836645,2857.069638,13,30,810,4,"12/20/2012","",0,-75.0806751855718,40.016348069306,-75.1178467415517,39.9766815618422,"POINT (-75.080675 40.016348)","POINT (-75.117847 39.976682)"
5610,314144,3,31414403,611.5678652,2441.939862,1,NA,3.14144e+11,2,3.14144e+13,3141440302,NA,NA,1,NA,NA,2,1,42,1,42101,"101_109",4210160000,42101037800,606,"14:30",5,NA,NA,NA,"6:00","","","","21:15",14,5,NA,NA,NA,NA,NA,NA,NA,NA,NA,NA,NA,NA,NA,NA,NA,NA,NA,NA,NA,NA,NA,NA,NA,NA,NA,NA,NA,NA,NA,NA,1,1,42,1,42101,"101_114",4210160000,42101030000,1605,1.17,60,29.321162,5.367058,2857.069638,21,15,1275,4,"12/20/2012","",0,-75.1178467415517,39.9766815618422,-75.0806751855718,40.016348069306,"POINT (-75.117847 39.976682)","POINT (-75.080675 40.016348)"
5613,314144,4,31414404,611.5678652,2864.664215,1,NA,3.14144e+11,2,3.14144e+13,3141440402,NA,NA,1,NA,NA,2,1,42,1,42091,"091_410",4209179176,42091200307,11835,"15:30",5,NA,NA,NA,"3:30","","","","19:00",14,5,NA,NA,NA,NA,NA,NA,NA,NA,NA,NA,NA,NA,NA,NA,NA,NA,NA,NA,NA,NA,NA,NA,NA,NA,NA,NA,NA,NA,NA,NA,1,1,42,1,42101,"101_114",4210160000,42101030000,1605,1.17,90,57.786353,15.000258,3351.657131,19,0,1140,4,"12/20/2012","",0,-75.1142758205188,40.1491579177916,-75.0806751855718,40.016348069306,"POINT (-75.114276 40.149158)","POINT (-75.080675 40.016348)"
5675,314408,1,31440801,228.5125741,128.8901503,1,NA,3.14408e+11,1,3.14408e+13,3144080101,NA,NA,2,3,2,1,1,42,1,42101,"101_101",4210160000,42101020300,1432,"",1,NA,NA,NA,"3:45","","","","7:45",21,5,NA,NA,NA,NA,NA,NA,NA,NA,NA,NA,NA,NA,NA,NA,NA,NA,NA,NA,NA,NA,NA,NA,NA,NA,NA,NA,NA,NA,NA,NA,4,1,42,1,42101,"101_103",4210160000,42101001002,51,1.17,55,24.994031,4.96241,150.8014758,7,45,465,4,"9/13/2012","",0,-75.1495939755084,40.0125900284939,-75.1466622121185,39.9478355374067,"POINT (-75.149594 40.012590)","POINT (-75.146662 39.947836)"
5677,314408,1,31440801,228.5125741,128.8901503,1,NA,3.14408e+11,3,3.14408e+13,3144080103,NA,NA,2,NA,NA,4,1,42,1,42101,"101_103",4210160000,42101000500,74,"9:30",13,NA,NA,NA,"1:00","","","","10:30",14,5,NA,NA,NA,NA,NA,NA,NA,NA,NA,NA,NA,NA,NA,NA,NA,NA,NA,NA,NA,NA,NA,NA,NA,NA,NA,NA,NA,NA,NA,NA,4,1,42,1,42101,"101_103",4210160000,42101000200,107,1.17,30,10.157097,1.059137,150.8014758,10,30,630,4,"9/13/2012","",0,-75.1638872349499,39.9525548857932,-75.1528356388386,39.9549263716921,"POINT (-75.163887 39.952555)","POINT (-75.152836 39.954926)"
5678,314408,1,31440801,228.5125741,128.8901503,1,NA,3.14408e+11,4,3.14408e+13,3144080104,NA,NA,2,NA,NA,4,1,42,1,42101,"101_103",4210160000,42101000200,107,"11:00",13,NA,NA,NA,"2:00","","","","13:00",14,5,NA,NA,NA,NA,NA,NA,NA,NA,NA,NA,NA,NA,NA,NA,NA,NA,NA,NA,NA,NA,NA,NA,NA,NA,NA,NA,NA,NA,NA,NA,1,1,42,1,42101,"101_101",4210160000,42101020300,1432,1.17,40,14.842763,4.068949,150.8014758,13,0,780,4,"9/13/2012","",0,-75.1528356388386,39.9549263716921,-75.1495939755084,40.0125900284939,"POINT (-75.152836 39.954926)","POINT (-75.149594 40.012590)"
5679,314408,1,31440801,228.5125741,128.8901503,2,NA,3.14408e+11,5,3.14408e+13,3144080105,NA,NA,2,2,NA,1,1,42,1,42101,"101_101",4210160000,42101020300,1432,"13:40",1,NA,NA,NA,"2:50","","","","16:30",21,5,NA,NA,NA,NA,NA,NA,NA,NA,NA,NA,NA,NA,NA,NA,NA,NA,NA,NA,NA,NA,NA,NA,NA,NA,NA,NA,NA,NA,NA,NA,4,1,42,1,42101,"101_107",4210160000,42101014700,411,1.17,40,16.716886,2.739574,150.8014758,16,30,990,4,"9/13/2012","",0,-75.1495939755084,40.0125900284939,-75.162026191264,39.9785569548507,"POINT (-75.149594 40.012590)","POINT (-75.162026 39.978557)"
5681,314408,1,31440801,228.5125741,128.8901503,2,NA,3.14408e+11,7,3.14408e+13,3144080107,NA,NA,2,NA,NA,4,1,42,1,42101,"101_107",4210160000,42101014700,411,"17:50",13,NA,NA,NA,"1:10","","","","19:00",14,5,NA,NA,NA,NA,NA,NA,NA,NA,NA,NA,NA,NA,NA,NA,NA,NA,NA,NA,NA,NA,NA,NA,NA,NA,NA,NA,NA,NA,NA,NA,1,1,42,1,42101,"101_101",4210160000,42101020300,1432,1.17,75,16.860236,2.56681,150.8014758,19,0,1140,4,"9/13/2012","",0,-75.162026191264,39.9785569548507,-75.1495939755084,40.0125900284939,"POINT (-75.162026 39.978557)","POINT (-75.149594 40.012590)"
5859,315836,1,31583601,251.5217165,536.7593283,1,NA,3.15836e+11,2,3.15836e+13,3158360102,NA,NA,1,NA,NA,2,1,42,1,42101,"101_103",4210160000,42101036700,125,"8:40",11,5,7,8,"6:45","0:30","0:30","0:45","17:10",21,5,NA,NA,NA,NA,NA,NA,NA,NA,NA,NA,NA,NA,NA,NA,NA,NA,NA,NA,NA,NA,NA,NA,NA,NA,NA,NA,NA,NA,NA,NA,4,1,42,1,42101,"101_103",4210160000,42101000200,111,1.12,30,18.017641,2.062241,601.1704477,17,10,1030,3,"10/3/2012","",0,-75.1414393682529,39.9601471054741,-75.1614771099584,39.9569042938645,"POINT (-75.141439 39.960147)","POINT (-75.161477 39.956904)"
5949,316464,1,31646401,516.6316157,251.0806029,1,NA,3.16464e+11,1,3.16464e+13,3164640101,NA,NA,1,2,2,1,1,42,1,42101,"101_107",4210160000,42101015102,421,"",1,11,12,7,"0:00","","","","10:00",14,5,NA,NA,NA,NA,NA,NA,NA,NA,NA,NA,NA,NA,NA,NA,NA,NA,NA,NA,NA,NA,NA,NA,NA,NA,NA,NA,NA,NA,NA,NA,2,1,42,1,42101,"101_103",4210160000,42101000500,91,1.17,0,32.46511,3.620237,293.7643054,10,0,600,2,"10/2/2012","",0,-75.1778185045084,39.9859426039642,-75.1612826317197,39.9532127364358,"POINT (-75.177819 39.985943)","POINT (-75.161283 39.953213)"
5953,316464,2,31646402,516.6316157,177.3003828,1,NA,3.16464e+11,1,3.16464e+13,3164640201,NA,NA,2,2,2,1,1,42,1,42101,"101_107",4210160000,42101015102,421,"",2,3,NA,NA,"0:00","","","","9:00",14,5,NA,NA,NA,NA,NA,NA,NA,NA,NA,NA,NA,NA,NA,NA,NA,NA,NA,NA,NA,NA,NA,NA,NA,NA,NA,NA,NA,NA,NA,NA,4,1,42,1,42101,"101_103",4210160000,42101012500,133,1.17,0,23.219201,2.368943,207.4414478,9,0,540,2,"10/2/2012","",0,-75.1778185045084,39.9859426039642,-75.1673759243643,39.9592890487195,"POINT (-75.177819 39.985943)","POINT (-75.167376 39.959289)"
5954,316464,2,31646402,516.6316157,177.3003828,1,NA,3.16464e+11,2,3.16464e+13,3164640202,NA,NA,2,NA,NA,4,1,42,1,42101,"101_103",4210160000,42101012500,133,"9:00",3,6,NA,NA,"0:00","","","","12:00",14,5,NA,NA,NA,NA,NA,NA,NA,NA,NA,NA,NA,NA,NA,NA,NA,NA,NA,NA,NA,NA,NA,NA,NA,NA,NA,NA,NA,NA,NA,NA,4,1,42,1,42101,"101_107",4210160000,42101014400,401,1.17,0,28.530069,3.197179,207.4414478,12,0,720,2,"10/2/2012","",0,-75.1673759243643,39.9592890487195,-75.1400970132193,39.9722367087517,"POINT (-75.167376 39.959289)","POINT (-75.140097 39.972237)"
6026,316891,1,31689101,559.3292714,257.3654622,1,NA,3.16891e+11,2,3.16891e+13,3168910102,NA,NA,1,NA,NA,4,1,42,1,42101,"101_101",4210160000,42101017000,1420,"10:54",19,NA,NA,NA,"0:07","","","","11:02",14,5,NA,NA,NA,NA,NA,NA,NA,NA,NA,NA,NA,NA,NA,NA,NA,NA,NA,NA,NA,NA,NA,NA,NA,NA,NA,NA,NA,NA,NA,NA,4,1,42,1,42101,"101_101",4210160000,42101020101,1418,1.17,10,15.73424,1.755373,301.1175908,11,2,662,1,"10/15/2012","",0,-75.1859236878394,40.0056791510122,-75.1553089348274,40.0036904586044,"POINT (-75.185924 40.005679)","POINT (-75.155309 40.003690)"
6027,316891,1,31689101,559.3292714,257.3654622,1,NA,3.16891e+11,3,3.16891e+13,3168910103,NA,NA,1,NA,NA,4,1,42,1,42101,"101_101",4210160000,42101020101,1418,"11:12",19,NA,NA,NA,"0:01","","","","11:13",14,5,NA,NA,NA,NA,NA,NA,NA,NA,NA,NA,NA,NA,NA,NA,NA,NA,NA,NA,NA,NA,NA,NA,NA,NA,NA,NA,NA,NA,NA,NA,4,1,42,1,42101,"101_101",4210160000,42101020101,1418,1.17,0,9.343538,0.27424,301.1175908,11,13,673,1,"10/15/2012","",0,-75.1553089348274,40.0036904586044,-75.1553089348274,40.0036904586044,"POINT (-75.155309 40.003690)","POINT (-75.155309 40.003690)"
6028,316891,1,31689101,559.3292714,257.3654622,1,NA,3.16891e+11,4,3.16891e+13,3168910104,NA,NA,1,NA,NA,4,1,42,1,42101,"101_101",4210160000,42101020101,1418,"11:13",19,NA,NA,NA,"0:01","","","","11:15",21,5,NA,NA,NA,NA,NA,NA,NA,NA,NA,NA,NA,NA,NA,NA,NA,NA,NA,NA,NA,NA,NA,NA,NA,NA,NA,NA,NA,NA,NA,NA,4,1,42,1,42101,"101_115",4210160000,42101027500,2618,1.17,11,26.901152,3.544263,301.1175908,11,15,675,1,"10/15/2012","",0,-75.1553089348274,40.0036904586044,-75.1322724324316,40.0400578246308,"POINT (-75.155309 40.003690)","POINT (-75.132272 40.040058)"
6029,316891,1,31689101,559.3292714,257.3654622,1,NA,3.16891e+11,5,3.16891e+13,3168910105,NA,NA,1,NA,NA,4,1,42,1,42101,"101_115",4210160000,42101027500,2618,"11:26",19,NA,NA,NA,"0:01","","","","11:30",14,5,NA,NA,NA,NA,NA,NA,NA,NA,NA,NA,NA,NA,NA,NA,NA,NA,NA,NA,NA,NA,NA,NA,NA,NA,NA,NA,NA,NA,NA,NA,4,1,42,1,42091,"091_412",4209112968,42091202402,12229,1.17,15,16.766375,2.033523,301.1175908,11,30,690,1,"10/15/2012","",0,-75.1322724324316,40.0400578246308,-75.1257038337522,40.0616781641169,"POINT (-75.132272 40.040058)","POINT (-75.125704 40.061678)"
6033,316891,1,31689101,559.3292714,257.3654622,1,NA,3.16891e+11,9,3.16891e+13,3168910109,NA,NA,1,NA,NA,4,1,42,1,42101,"101_115",4210160000,42101027600,2622,"16:50",19,NA,NA,NA,"0:01","","","","16:57",21,5,NA,NA,NA,NA,NA,NA,NA,NA,NA,NA,NA,NA,NA,NA,NA,NA,NA,NA,NA,NA,NA,NA,NA,NA,NA,NA,NA,NA,NA,NA,4,1,42,1,42101,"101_101",4210160000,42101020300,1432,1.17,8,18.946487,2.822983,301.1175908,16,57,1017,1,"10/15/2012","",0,-75.1392788470332,40.0429484652339,-75.1495939755084,40.0125900284939,"POINT (-75.139279 40.042948)","POINT (-75.149594 40.012590)"
6036,316891,1,31689101,559.3292714,257.3654622,1,NA,3.16891e+11,12,3.16891e+13,3168910112,NA,NA,1,NA,NA,4,1,42,1,42101,"101_101",4210160000,42101020300,1432,"17:36",19,NA,NA,NA,"","","","","17:50",14,5,NA,NA,NA,NA,NA,NA,NA,NA,NA,NA,NA,NA,NA,NA,NA,NA,NA,NA,NA,NA,NA,NA,NA,NA,NA,NA,NA,NA,NA,NA,4,1,42,1,42101,"101_101",4210160000,42101017000,1420,1.17,0,20.172615,2.500595,301.1175908,17,50,1070,1,"10/15/2012","",0,-75.1495939755084,40.0125900284939,-75.1859236878394,40.0056791510122,"POINT (-75.149594 40.012590)","POINT (-75.185924 40.005679)"
6632,320066,2,32006602,89.58189729,113.3153992,1,NA,3.20066e+11,1,3.20066e+13,3200660201,NA,NA,1,1,2,1,1,42,1,42045,"045_206",4204547616,42045408102,5031,"",1,NA,NA,NA,"2:00","","","","5:20",21,5,NA,NA,NA,NA,NA,NA,NA,NA,NA,NA,NA,NA,NA,NA,NA,NA,NA,NA,NA,NA,NA,NA,NA,NA,NA,NA,NA,NA,NA,NA,2,1,42,1,42101,"101_103",4210160000,42101000300,117,1.17,60,52.615924,10.84608,132.5790171,5,20,320,3,"9/19/2012","",0,-75.3525624514966,39.9737875295276,-75.1701604201666,39.9562259742499,"POINT (-75.352562 39.973788)","POINT (-75.170160 39.956226)"
6633,320066,2,32006602,89.58189729,113.3153992,1,NA,3.20066e+11,2,3.20066e+13,3200660202,NA,NA,1,NA,NA,2,1,42,1,42101,"101_103",4210160000,42101000300,117,"6:20",5,NA,NA,NA,"8:00","","","","14:30",21,5,NA,NA,NA,NA,NA,NA,NA,NA,NA,NA,NA,NA,NA,NA,NA,NA,NA,NA,NA,NA,NA,NA,NA,NA,NA,NA,NA,NA,NA,NA,1,1,42,1,42045,"045_206",4204547616,42045408102,5031,1.17,75,54.087793,10.889151,132.5790171,14,30,870,3,"9/19/2012","",0,-75.1701604201666,39.9562259742499,-75.3525624514966,39.9737875295276,"POINT (-75.170160 39.956226)","POINT (-75.352562 39.973788)"
6849,321544,1,32154401,120.1967841,121.7070917,1,NA,3.21544e+11,3,3.21544e+13,3215440103,NA,NA,1,NA,NA,4,1,42,1,42101,"101_103",4210160000,42101000500,88,"7:19",19,NA,NA,NA,"0:00","","","","7:21",21,5,NA,NA,NA,NA,NA,NA,NA,NA,NA,NA,NA,NA,NA,NA,NA,NA,NA,NA,NA,NA,NA,NA,NA,NA,NA,NA,NA,NA,NA,NA,4,3,42,1,42101,"101_110",4210160000,42101009000,1036,1.12,6,13.758427,2.288483,136.3119428,7,21,441,2,"9/18/2012","",0,-75.1541388337345,39.9522458625874,-75.1906300416804,39.958024348983,"POINT (-75.154139 39.952246)","POINT (-75.190630 39.958024)"
6852,321544,1,32154401,120.1967841,121.7070917,1,NA,3.21544e+11,6,3.21544e+13,3215440106,NA,NA,1,NA,NA,4,3,42,1,42101,"101_110",4210160000,42101009000,1036,"16:04",19,NA,NA,NA,"0:00","","","","16:12",21,5,NA,NA,NA,NA,NA,NA,NA,NA,NA,NA,NA,NA,NA,NA,NA,NA,NA,NA,NA,NA,NA,NA,NA,NA,NA,NA,NA,NA,NA,NA,4,1,42,1,42101,"101_103",4210160000,42101000500,88,1.12,6,13.735541,2.287895,136.3119428,16,12,972,2,"9/18/2012","",0,-75.1906300416804,39.958024348983,-75.1541388337345,39.9522458625874,"POINT (-75.190630 39.958024)","POINT (-75.154139 39.952246)"
6873,321911,1,32191101,318.6405375,104.3594307,1,NA,3.21911e+11,2,3.21911e+13,3219110102,NA,NA,1,NA,NA,4,1,42,1,42101,"101_103",4210160000,42101001600,4,"7:15",13,NA,NA,NA,"1:00","","","","8:15",14,5,NA,NA,NA,NA,NA,NA,NA,NA,NA,NA,NA,NA,NA,NA,NA,NA,NA,NA,NA,NA,NA,NA,NA,NA,NA,NA,NA,NA,NA,NA,4,1,42,1,42101,"101_103",4210160000,42101000402,82,1.17,15,23.596833,2.173408,122.1005339,8,15,495,4,"10/4/2012","",0,-75.1483144819563,39.9402627111676,-75.1708705877199,39.9529581159317,"POINT (-75.148314 39.940263)","POINT (-75.170871 39.952958)"
6877,321911,1,32191101,318.6405375,104.3594307,1,NA,3.21911e+11,6,3.21911e+13,3219110106,NA,NA,1,NA,NA,4,1,42,1,42101,"101_103",4210160000,42101000300,121,"13:05",5,NA,NA,NA,"4:00","","","","17:05",14,5,NA,NA,NA,NA,NA,NA,NA,NA,NA,NA,NA,NA,NA,NA,NA,NA,NA,NA,NA,NA,NA,NA,NA,NA,NA,NA,NA,NA,NA,NA,1,1,42,1,42101,"101_103",4210160000,42101001101,22,1.17,30,12.870606,0.161451,122.1005339,17,5,1025,4,"10/4/2012","",0,-75.1741319574651,39.9575333855516,-75.1642635478598,39.945554104478,"POINT (-75.174132 39.957533)","POINT (-75.164264 39.945554)"
7175,322995,1,32299501,443.9604921,91.27132267,1,NA,3.22995e+11,1,3.22995e+13,3229950101,NA,NA,1,1,2,1,1,42,1,42101,"101_110",4210160000,42101007900,1021,"",1,NA,NA,NA,"0:00","","","","11:15",23,5,NA,NA,NA,NA,NA,NA,NA,NA,NA,NA,NA,NA,NA,NA,NA,NA,NA,NA,NA,NA,NA,NA,NA,NA,NA,NA,NA,NA,NA,NA,2,1,42,1,42101,"101_103",4210160000,42101000600,58,1.17,60,25.330641,3.709537,106.7874475,11,15,675,2,"11/20/2012","",0,-75.2182588102061,39.950471058218,-75.1630657978927,39.949981511781,"POINT (-75.218259 39.950471)","POINT (-75.163066 39.949982)"
7176,322995,1,32299501,443.9604921,91.27132267,1,NA,3.22995e+11,2,3.22995e+13,3229950102,NA,NA,1,NA,NA,2,1,42,1,42101,"101_103",4210160000,42101000600,58,"12:15",11,6,NA,NA,"0:00","","","","20:00",23,5,NA,NA,NA,NA,NA,NA,NA,NA,NA,NA,NA,NA,NA,NA,NA,NA,NA,NA,NA,NA,NA,NA,NA,NA,NA,NA,NA,NA,NA,NA,1,1,42,1,42101,"101_110",4210160000,42101007900,1021,1.17,60,26.46016,3.759475,106.7874475,20,0,1200,2,"11/20/2012","",0,-75.1630657978927,39.949981511781,-75.2182588102061,39.950471058218,"POINT (-75.163066 39.949982)","POINT (-75.218259 39.950471)"
7335,324032,1,32403201,92.4566566,94.0585363,1,NA,3.24032e+11,4,3.24032e+13,3240320104,NA,NA,1,NA,NA,2,1,42,1,42101,"101_103",4210160000,42101000804,44,"11:33",5,NA,NA,NA,"0:00","","","","17:45",21,5,NA,NA,NA,NA,NA,NA,NA,NA,NA,NA,NA,NA,NA,NA,NA,NA,NA,NA,NA,NA,NA,NA,NA,NA,NA,NA,NA,NA,NA,NA,4,1,42,1,42101,"101_110",4210160000,42101980000,1040,1.13,20,18.073922,1.672687,106.286146,17,45,1065,1,"9/24/2012","",0,-75.1669894744938,39.9484799410289,-75.1834073455283,39.9599979498596,"POINT (-75.166989 39.948480)","POINT (-75.183407 39.959998)"
7336,324032,1,32403201,92.4566566,94.0585363,1,NA,3.24032e+11,5,3.24032e+13,3240320105,NA,NA,1,NA,NA,4,1,42,1,42101,"101_110",4210160000,42101980000,1040,"18:05",19,NA,NA,NA,"0:00","","","","19:55",21,5,NA,NA,NA,NA,NA,NA,NA,NA,NA,NA,NA,NA,NA,NA,NA,NA,NA,NA,NA,NA,NA,NA,NA,NA,NA,NA,NA,NA,NA,NA,1,1,42,1,42101,"101_103",4210160000,42101001101,19,1.13,30,23.748785,1.83088,106.286146,19,55,1195,1,"9/24/2012","",0,-75.1834073455283,39.9599979498596,-75.1605199473912,39.9452698186476,"POINT (-75.183407 39.959998)","POINT (-75.160520 39.945270)"
7500,324944,1,32494401,86.30698458,540.9567001,2,NA,3.24944e+11,5,3.24944e+13,3249440105,NA,NA,2,NA,NA,4,1,42,1,42045,"045_203",4204579000,42045400802,4440,"16:29",19,NA,NA,NA,"0:10","","","","16:39",23,5,NA,NA,NA,NA,NA,NA,NA,NA,NA,NA,NA,NA,NA,NA,NA,NA,NA,NA,NA,NA,NA,NA,NA,NA,NA,NA,NA,NA,NA,NA,4,1,42,1,42045,"045_203",4204579000,42045410500,4453,1.15,11,23.142038,2.586759,622.1002051,16,39,999,4,"10/25/2012","",0,-75.2862320050127,39.9472873841357,-75.2538526622578,39.9589775244658,"POINT (-75.286232 39.947287)","POINT (-75.253853 39.958978)"
7501,324944,1,32494401,86.30698458,540.9567001,2,NA,3.24944e+11,6,3.24944e+13,3249440106,NA,NA,2,NA,NA,4,1,42,1,42045,"045_203",4204579000,42045410500,4453,"16:50",16,NA,NA,NA,"0:05","","","","16:55",21,5,NA,NA,NA,NA,NA,NA,NA,NA,NA,NA,NA,NA,NA,NA,NA,NA,NA,NA,NA,NA,NA,NA,NA,NA,NA,NA,NA,NA,NA,NA,4,1,42,1,42101,"101_110",4210160000,42101980000,1040,1.15,12,30.005674,4.494866,622.1002051,16,55,1015,4,"10/25/2012","",0,-75.2538526622578,39.9589775244658,-75.1834073455283,39.9599979498596,"POINT (-75.253853 39.958978)","POINT (-75.183407 39.959998)"
7549,325034,2,32503402,102.0890196,108.545663,1,NA,3.25034e+11,1,3.25034e+13,3250340201,NA,NA,3,0,2,2,1,42,1,42101,"101_103",4210160000,42101000500,91,"",5,NA,NA,NA,"0:00","","","","6:00",14,5,NA,NA,NA,NA,NA,NA,NA,NA,NA,NA,NA,NA,NA,NA,NA,NA,NA,NA,NA,NA,NA,NA,NA,NA,NA,NA,NA,NA,NA,NA,1,1,42,1,42101,"101_104",4210160000,42101032900,3020,1.13,85,35.608485,13.492424,122.6565992,6,0,360,3,"11/21/2012","",0,-75.1612826317197,39.9532127364358,-75.025951705377,40.0340975453938,"POINT (-75.161283 39.953213)","POINT (-75.025952 40.034098)"
7550,325034,2,32503402,102.0890196,108.545663,2,NA,3.25034e+11,2,3.25034e+13,3250340202,NA,NA,1,1,NA,1,1,42,1,42101,"101_104",4210160000,42101032900,3020,"7:25",5,NA,NA,NA,"0:00","","","","12:30",14,5,NA,NA,NA,NA,NA,NA,NA,NA,NA,NA,NA,NA,NA,NA,NA,NA,NA,NA,NA,NA,NA,NA,NA,NA,NA,NA,NA,NA,NA,NA,2,1,42,1,42101,"101_103",4210160000,42101000500,91,1.13,60,48.778787,13.08884,122.6565992,12,30,750,3,"11/21/2012","",0,-75.025951705377,40.0340975453938,-75.1612826317197,39.9532127364358,"POINT (-75.025952 40.034098)","POINT (-75.161283 39.953213)"
7551,325034,2,32503402,102.0890196,108.545663,2,NA,3.25034e+11,3,3.25034e+13,3250340203,NA,NA,1,NA,NA,2,1,42,1,42101,"101_103",4210160000,42101000500,91,"13:30",5,NA,NA,NA,"0:00","","","","22:00",14,5,NA,NA,NA,NA,NA,NA,NA,NA,NA,NA,NA,NA,NA,NA,NA,NA,NA,NA,NA,NA,NA,NA,NA,NA,NA,NA,NA,NA,NA,NA,1,1,42,1,42101,"101_104",4210160000,42101032900,3020,1.13,85,40.199019,13.341997,122.6565992,22,0,1320,3,"11/21/2012","",0,-75.1612826317197,39.9532127364358,-75.025951705377,40.0340975453938,"POINT (-75.161283 39.953213)","POINT (-75.025952 40.034098)"
7709,325774,1,32577401,275.1567124,2817.667506,1,NA,3.25774e+11,1,3.25774e+13,3257740101,NA,NA,1,2,2,1,1,42,1,42101,"101_111",4210160000,42101008301,1212,"",1,NA,NA,NA,"0:00","","","","8:00",23,5,NA,NA,NA,NA,NA,NA,NA,NA,NA,NA,NA,NA,NA,NA,NA,NA,NA,NA,NA,NA,NA,NA,NA,NA,NA,NA,NA,NA,NA,NA,2,1,42,1,42101,"101_103",4210160000,42101000401,102,1.12,40,28.963957,4.315897,3155.787606,8,0,480,5,"10/26/2012","",0,-75.246585427285,39.957753586195,-75.173930383129,39.954707841715,"POINT (-75.246585 39.957754)","POINT (-75.173930 39.954708)"
7807,326028,1,32602801,219.7470872,101.2499595,1,NA,3.26028e+11,1,3.26028e+13,3260280101,NA,NA,2,3,2,1,1,42,1,42101,"101_103",4210160000,42101000901,40,"",1,7,NA,NA,"1:00","1:00","","","9:25",23,5,NA,NA,NA,NA,NA,NA,NA,NA,NA,NA,NA,NA,NA,NA,NA,NA,NA,NA,NA,NA,NA,NA,NA,NA,NA,NA,NA,NA,NA,NA,4,1,42,1,42101,"101_110",4210160000,42101008801,1028,1.17,34,19.191247,2.19202,118.4624526,9,25,565,2,"9/25/2012","",0,-75.1611907875754,39.9477574019743,-75.1984494658686,39.9539400028283,"POINT (-75.161191 39.947757)","POINT (-75.198449 39.953940)"
7808,326028,1,32602801,219.7470872,101.2499595,1,NA,3.26028e+11,2,3.26028e+13,3260280102,NA,NA,2,NA,NA,4,1,42,1,42101,"101_110",4210160000,42101008801,1028,"9:59",14,NA,NA,NA,"1:00","","","","11:02",23,5,NA,NA,NA,NA,NA,NA,NA,NA,NA,NA,NA,NA,NA,NA,NA,NA,NA,NA,NA,NA,NA,NA,NA,NA,NA,NA,NA,NA,NA,NA,4,1,42,1,42101,"101_103",4210160000,42101000401,103,1.17,18,13.668361,1.309062,118.4624526,11,2,662,2,"9/25/2012","",0,-75.1984494658686,39.9539400028283,-75.177201361549,39.9550054347417,"POINT (-75.198449 39.953940)","POINT (-75.177201 39.955005)"
7811,326028,1,32602801,219.7470872,101.2499595,2,NA,3.26028e+11,5,3.26028e+13,3260280105,NA,NA,2,1,NA,1,1,42,1,42101,"101_103",4210160000,42101000901,40,"12:30",1,NA,NA,NA,"3:00","","","","15:30",21,5,NA,NA,NA,NA,NA,NA,NA,NA,NA,NA,NA,NA,NA,NA,NA,NA,NA,NA,NA,NA,NA,NA,NA,NA,NA,NA,NA,NA,NA,NA,4,1,42,1,42101,"101_103",4210160000,42101036600,123,1.17,15,21.576761,2.305499,118.4624526,15,30,930,2,"9/25/2012","",0,-75.1611907875754,39.9477574019743,-75.1363742198001,39.9574637751164,"POINT (-75.161191 39.947757)","POINT (-75.136374 39.957464)"
7812,326028,1,32602801,219.7470872,101.2499595,2,NA,3.26028e+11,6,3.26028e+13,3260280106,NA,NA,2,NA,NA,4,1,42,1,42101,"101_103",4210160000,42101036600,123,"15:45",3,NA,NA,NA,"0:30","","","","16:40",21,5,NA,NA,NA,NA,NA,NA,NA,NA,NA,NA,NA,NA,NA,NA,NA,NA,NA,NA,NA,NA,NA,NA,NA,NA,NA,NA,NA,NA,NA,NA,1,1,42,1,42101,"101_103",4210160000,42101000901,40,1.17,0,22.202226,2.231759,118.4624526,16,40,1000,2,"9/25/2012","",0,-75.1363742198001,39.9574637751164,-75.1611907875754,39.9477574019743,"POINT (-75.136374 39.957464)","POINT (-75.161191 39.947757)"
7817,326028,2,32602802,219.7470872,92.20959126,2,NA,3.26028e+11,4,3.26028e+13,3260280204,NA,NA,2,1,NA,1,1,42,1,42101,"101_103",4210160000,42101000901,40,"13:15",1,NA,NA,NA,"2:30","","","","15:45",21,5,NA,NA,NA,NA,NA,NA,NA,NA,NA,NA,NA,NA,NA,NA,NA,NA,NA,NA,NA,NA,NA,NA,NA,NA,NA,NA,NA,NA,NA,NA,4,1,42,1,42101,"101_103",4210160000,42101036600,123,1.17,1,21.576761,2.305499,107.8852218,15,45,945,2,"9/25/2012","",0,-75.1611907875754,39.9477574019743,-75.1363742198001,39.9574637751164,"POINT (-75.161191 39.947757)","POINT (-75.136374 39.957464)"
7818,326028,2,32602802,219.7470872,92.20959126,2,NA,3.26028e+11,5,3.26028e+13,3260280205,NA,NA,2,NA,NA,4,1,42,1,42101,"101_103",4210160000,42101036600,123,"15:46",3,NA,NA,NA,"0:30","","","","16:40",21,5,NA,NA,NA,NA,NA,NA,NA,NA,NA,NA,NA,NA,NA,NA,NA,NA,NA,NA,NA,NA,NA,NA,NA,NA,NA,NA,NA,NA,NA,NA,1,1,42,1,42101,"101_103",4210160000,42101000901,40,1.17,20,22.202226,2.231759,107.8852218,16,40,1000,2,"9/25/2012","",0,-75.1363742198001,39.9574637751164,-75.1611907875754,39.9477574019743,"POINT (-75.136374 39.957464)","POINT (-75.161191 39.947757)"
7969,326998,1,32699801,191.9053632,363.4790504,1,1,3.26998e+11,3,3.26998e+13,3269980103,NA,NA,1,NA,NA,4,1,42,1,42091,"091_401",4209144976,42091205400,10013,"12:50",19,NA,NA,NA,"0:00","","","","13:00",14,5,NA,NA,NA,NA,NA,NA,NA,NA,NA,NA,NA,NA,NA,NA,NA,NA,NA,NA,NA,NA,NA,NA,NA,NA,NA,NA,NA,NA,NA,NA,2,1,42,1,42101,"101_103",4210160000,42101000901,41,1.13,40,45.894192,10.16726,410.7313269,13,0,780,4,"9/6/2012","",0,-75.2879225601409,40.0096184499998,-75.1634808483634,39.9480403151119,"POINT (-75.287923 40.009618)","POINT (-75.163481 39.948040)"
7978,326998,3,32699803,191.9053632,369.1796185,1,NA,3.26998e+11,2,3.26998e+13,3269980302,NA,NA,1,NA,NA,4,1,42,1,42045,"045_206",4204533144,42045408900,5009,"7:11",19,NA,NA,NA,"0:00","","","","7:13",21,5,NA,NA,NA,NA,NA,NA,NA,NA,NA,NA,NA,NA,NA,NA,NA,NA,NA,NA,NA,NA,NA,NA,NA,NA,NA,NA,NA,NA,NA,NA,4,1,42,1,42045,"045_203",4204579000,42045400500,4459,1.13,12,16.408661,2.359659,417.1729689,7,13,433,4,"9/6/2012","",0,-75.2859011035678,39.9804280541513,-75.2626735411038,39.9640057100153,"POINT (-75.285901 39.980428)","POINT (-75.262674 39.964006)"
7982,326998,3,32699803,191.9053632,369.1796185,1,NA,3.26998e+11,6,3.26998e+13,3269980306,NA,NA,1,NA,NA,4,1,42,1,42101,"101_103",4210160000,42101000402,76,"16:37",19,NA,NA,NA,"0:00","","","","16:40",21,5,NA,NA,NA,NA,NA,NA,NA,NA,NA,NA,NA,NA,NA,NA,NA,NA,NA,NA,NA,NA,NA,NA,NA,NA,NA,NA,NA,NA,NA,NA,4,1,42,1,42045,"045_203",4204579000,42045400500,4459,1.13,16,23.869646,5.437457,417.1729689,16,40,1000,4,"9/6/2012","",0,-75.1662257986882,39.9519342771783,-75.2626735411038,39.9640057100153,"POINT (-75.166226 39.951934)","POINT (-75.262674 39.964006)"
7983,326998,3,32699803,191.9053632,369.1796185,1,NA,3.26998e+11,7,3.26998e+13,3269980307,NA,NA,1,NA,NA,4,1,42,1,42045,"045_203",4204579000,42045400500,4459,"16:56",19,NA,NA,NA,"0:00","","","","17:01",21,5,NA,NA,NA,NA,NA,NA,NA,NA,NA,NA,NA,NA,NA,NA,NA,NA,NA,NA,NA,NA,NA,NA,NA,NA,NA,NA,NA,NA,NA,NA,4,1,42,1,42045,"045_206",4204533144,42045408900,5009,1.13,3,15.453362,2.40062,417.1729689,17,1,1021,4,"9/6/2012","",0,-75.2626735411038,39.9640057100153,-75.2859011035678,39.9804280541513,"POINT (-75.262674 39.964006)","POINT (-75.285901 39.980428)"
8039,327189,1,32718901,642.3994229,208.1979,1,NA,3.27189e+11,1,3.27189e+13,3271890101,NA,NA,1,1,2,1,1,42,1,42101,"101_111",4210160000,42101008400,1213,"",1,NA,NA,NA,"0:00","","","","8:10",14,5,NA,NA,NA,NA,NA,NA,NA,NA,NA,NA,NA,NA,NA,NA,NA,NA,NA,NA,NA,NA,NA,NA,NA,NA,NA,NA,NA,NA,NA,NA,2,1,42,1,42101,"101_110",4210160000,42101007101,1005,1.17,33,21.785076,1.807639,243.591543,8,10,490,2,"9/18/2012","",0,-75.2354698649569,39.9579979858569,-75.2250001549737,39.9381660242818,"POINT (-75.235470 39.957998)","POINT (-75.225000 39.938166)"
8040,327189,1,32718901,642.3994229,208.1979,1,NA,3.27189e+11,2,3.27189e+13,3271890102,NA,NA,1,NA,NA,2,1,42,1,42101,"101_110",4210160000,42101007101,1005,"8:43",5,5,NA,NA,"0:00","","","","16:45",14,5,NA,NA,NA,NA,NA,NA,NA,NA,NA,NA,NA,NA,NA,NA,NA,NA,NA,NA,NA,NA,NA,NA,NA,NA,NA,NA,NA,NA,NA,NA,1,1,42,1,42101,"101_111",4210160000,42101008400,1213,1.17,45,19.052766,2.034375,243.591543,16,45,1005,2,"9/18/2012","",0,-75.2250001549737,39.9381660242818,-75.2354698649569,39.9579979858569,"POINT (-75.225000 39.938166)","POINT (-75.235470 39.957998)"
8042,327189,2,32718902,642.3994229,148.3492831,1,NA,3.27189e+11,1,3.27189e+13,3271890201,NA,NA,2,1,2,1,1,42,1,42101,"101_111",4210160000,42101008000,1206,"",1,NA,NA,NA,"0:00","","","","7:45",14,5,NA,NA,NA,NA,NA,NA,NA,NA,NA,NA,NA,NA,NA,NA,NA,NA,NA,NA,NA,NA,NA,NA,NA,NA,NA,NA,NA,NA,NA,NA,3,1,42,1,42101,"101_101",4210160000,42101020300,1432,1.17,60,38.841446,7.697756,173.5686613,7,45,465,2,"9/18/2012","",0,-75.2268441409671,39.9506693986123,-75.1495939755084,40.0125900284939,"POINT (-75.226844 39.950669)","POINT (-75.149594 40.012590)"
8043,327189,2,32718902,642.3994229,148.3492831,1,NA,3.27189e+11,2,3.27189e+13,3271890202,NA,NA,2,NA,NA,3,1,42,1,42101,"101_101",4210160000,42101020300,1432,"8:45",14,3,NA,NA,"0:00","","","","16:35",14,5,NA,NA,NA,NA,NA,NA,NA,NA,NA,NA,NA,NA,NA,NA,NA,NA,NA,NA,NA,NA,NA,NA,NA,NA,NA,NA,NA,NA,NA,NA,1,1,42,1,42101,"101_111",4210160000,42101008400,1213,1.17,40,36.091772,8.272397,173.5686613,16,35,995,2,"9/18/2012","",0,-75.1495939755084,40.0125900284939,-75.2354698649569,39.9579979858569,"POINT (-75.149594 40.012590)","POINT (-75.235470 39.957998)"
8217,327928,1,32792801,211.7301447,96.92038715,2,NA,3.27928e+11,3,3.27928e+13,3279280103,NA,NA,2,1,NA,1,1,42,1,42101,"101_103",4210160000,42101000401,84,"9:00",1,NA,NA,NA,"1:00","","","","10:00",23,5,NA,NA,NA,NA,NA,NA,NA,NA,NA,NA,NA,NA,NA,NA,NA,NA,NA,NA,NA,NA,NA,NA,NA,NA,NA,NA,NA,NA,NA,NA,3,1,42,1,42101,"101_110",4210160000,42101008801,1028,1.12,20,14.750895,1.390157,108.5508336,10,0,600,1,"12/3/2012","",0,-75.1742868895805,39.952935291834,-75.1984494658686,39.9539400028283,"POINT (-75.174287 39.952935)","POINT (-75.198449 39.953940)"
8218,327928,1,32792801,211.7301447,96.92038715,2,NA,3.27928e+11,4,3.27928e+13,3279280104,NA,NA,2,NA,NA,3,1,42,1,42101,"101_110",4210160000,42101008801,1028,"10:20",3,NA,NA,NA,"1:20","","","","12:00",23,5,NA,NA,NA,NA,NA,NA,NA,NA,NA,NA,NA,NA,NA,NA,NA,NA,NA,NA,NA,NA,NA,NA,NA,NA,NA,NA,NA,NA,NA,NA,1,1,42,1,42101,"101_103",4210160000,42101000401,84,1.12,20,15.233414,1.370489,108.5508336,12,0,720,1,"12/3/2012","",0,-75.1984494658686,39.9539400028283,-75.1742868895805,39.952935291834,"POINT (-75.198449 39.953940)","POINT (-75.174287 39.952935)"
8219,327928,1,32792801,211.7301447,96.92038715,3,NA,3.27928e+11,5,3.27928e+13,3279280105,NA,NA,2,1,NA,1,1,42,1,42101,"101_103",4210160000,42101000401,84,"12:20",1,2,1,NA,"0:15","1:30","0:15","","14:30",23,5,NA,NA,NA,NA,NA,NA,NA,NA,NA,NA,NA,NA,NA,NA,NA,NA,NA,NA,NA,NA,NA,NA,NA,NA,NA,NA,NA,NA,NA,NA,3,1,42,1,42101,"101_110",4210160000,42101008801,1028,1.12,20,14.750895,1.390157,108.5508336,14,30,870,1,"12/3/2012","",0,-75.1742868895805,39.952935291834,-75.1984494658686,39.9539400028283,"POINT (-75.174287 39.952935)","POINT (-75.198449 39.953940)"
8220,327928,1,32792801,211.7301447,96.92038715,3,NA,3.27928e+11,6,3.27928e+13,3279280106,NA,NA,2,NA,NA,3,1,42,1,42101,"101_110",4210160000,42101008801,1028,"14:50",11,2,3,NA,"4:00","2:40","0:30","","22:15",23,5,NA,NA,NA,NA,NA,NA,NA,NA,NA,NA,NA,NA,NA,NA,NA,NA,NA,NA,NA,NA,NA,NA,NA,NA,NA,NA,NA,NA,NA,NA,1,1,42,1,42101,"101_103",4210160000,42101000401,84,1.12,25,13.544059,1.438192,108.5508336,22,15,1335,1,"12/3/2012","",0,-75.1984494658686,39.9539400028283,-75.1742868895805,39.952935291834,"POINT (-75.198449 39.953940)","POINT (-75.174287 39.952935)"
8385,328699,1,32869901,462.6770969,112.8895526,1,NA,3.28699e+11,4,3.28699e+13,3286990104,NA,NA,1,NA,NA,4,3,42,1,42101,"101_104",4210160000,42101035200,3034,"18:15",18,NA,NA,NA,"0:00","","","","18:35",14,5,NA,NA,NA,NA,NA,NA,NA,NA,NA,NA,NA,NA,NA,NA,NA,NA,NA,NA,NA,NA,NA,NA,NA,NA,NA,NA,NA,NA,NA,NA,1,1,42,1,42101,"101_104",4210160000,42101034900,3029,1.17,35,23.043398,2.666815,132.0807766,18,35,1115,5,"9/21/2012","",0,-74.9919645563739,40.0557019160434,-75.0141443812668,40.0424987630183,"POINT (-74.991965 40.055702)","POINT (-75.014144 40.042499)"
8390,328699,2,32869902,462.6770969,116.7908489,1,NA,3.28699e+11,4,3.28699e+13,3286990204,NA,NA,1,NA,NA,4,3,42,1,42101,"101_104",4210160000,42101035200,3034,"18:15",19,NA,NA,NA,"0:00","","","","18:35",14,5,NA,NA,NA,NA,NA,NA,NA,NA,NA,NA,NA,NA,NA,NA,NA,NA,NA,NA,NA,NA,NA,NA,NA,NA,NA,NA,NA,NA,NA,NA,4,1,42,1,42101,"101_104",4210160000,42101033102,3031,1.17,20,26.974753,3.478244,136.6452932,18,35,1115,5,"9/21/2012","",0,-74.9919645563739,40.0557019160434,-75.0272886661161,40.0451130655592,"POINT (-74.991965 40.055702)","POINT (-75.027289 40.045113)"
8413,328904,1,32890401,256.679678,103.7916646,1,NA,3.28904e+11,1,3.28904e+13,3289040101,NA,NA,2,1,2,1,1,42,1,42101,"101_118",4210160000,42101033701,2816,"",1,10,12,7,"8:15","0:15","1:00","0:30","13:00",14,5,NA,NA,NA,NA,NA,NA,NA,NA,NA,NA,NA,NA,NA,NA,NA,NA,NA,NA,NA,NA,NA,NA,NA,NA,NA,NA,NA,NA,NA,NA,4,1,42,1,42017,"017_509",4201705616,42017100206,15624,1.17,73,44.305505,8.947076,121.4362475,13,0,780,5,"9/7/2012","",0,-75.0482968493561,40.0672130084675,-74.9537657364031,40.1342148390318,"POINT (-75.048297 40.067213)","POINT (-74.953766 40.134215)"
8414,328904,1,32890401,256.679678,103.7916646,1,NA,3.28904e+11,2,3.28904e+13,3289040102,NA,NA,2,NA,NA,4,1,42,1,42017,"017_509",4201705616,42017100206,15624,"14:13",11,12,9,NA,"2:15","0:45","1:30","","18:59",14,5,NA,NA,NA,NA,NA,NA,NA,NA,NA,NA,NA,NA,NA,NA,NA,NA,NA,NA,NA,NA,NA,NA,NA,NA,NA,NA,NA,NA,NA,NA,1,1,42,1,42101,"101_118",4210160000,42101033701,2816,1.17,44,47.675051,9.796444,121.4362475,18,59,1139,5,"9/7/2012","",0,-74.9537657364031,40.1342148390318,-75.0482968493561,40.0672130084675,"POINT (-74.953766 40.134215)","POINT (-75.048297 40.067213)"
8416,328904,2,32890402,256.679678,183.8585975,1,NA,3.28904e+11,1,3.28904e+13,3289040201,NA,NA,2,1,2,1,1,42,1,42101,"101_118",4210160000,42101033701,2816,"",1,10,12,7,"8:15","0:15","1:00","0:30","13:00",14,5,NA,NA,NA,NA,NA,NA,NA,NA,NA,NA,NA,NA,NA,NA,NA,NA,NA,NA,NA,NA,NA,NA,NA,NA,NA,NA,NA,NA,NA,NA,4,1,42,1,42017,"017_509",4201705616,42017100206,15624,1.17,73,44.305505,8.947076,215.1145591,13,0,780,5,"9/7/2012","",0,-75.0482968493561,40.0672130084675,-74.9537657364031,40.1342148390318,"POINT (-75.048297 40.067213)","POINT (-74.953766 40.134215)"
8417,328904,2,32890402,256.679678,183.8585975,1,NA,3.28904e+11,2,3.28904e+13,3289040202,NA,NA,2,NA,NA,4,1,42,1,42017,"017_509",4201705616,42017100206,15624,"14:13",11,12,9,NA,"2:15","0:45","1:30","","18:59",14,5,NA,NA,NA,NA,NA,NA,NA,NA,NA,NA,NA,NA,NA,NA,NA,NA,NA,NA,NA,NA,NA,NA,NA,NA,NA,NA,NA,NA,NA,NA,1,1,42,1,42101,"101_118",4210160000,42101033701,2816,1.17,44,47.675051,9.796444,215.1145591,18,59,1139,5,"9/7/2012","",0,-74.9537657364031,40.1342148390318,-75.0482968493561,40.0672130084675,"POINT (-74.953766 40.134215)","POINT (-75.048297 40.067213)"
8449,329042,2,32904202,199.7312102,103.3720676,1,NA,3.29042e+11,1,3.29042e+13,3290420201,NA,NA,1,2,2,1,1,42,1,42091,"091_401",4209144976,42091205502,10002,"",1,NA,NA,NA,"4:30","","","","7:30",21,5,NA,NA,NA,NA,NA,NA,NA,NA,NA,NA,NA,NA,NA,NA,NA,NA,NA,NA,NA,NA,NA,NA,NA,NA,NA,NA,NA,NA,NA,NA,2,1,42,1,42101,"101_103",4210160000,42101001001,36,1.12,45,53.816329,10.476692,115.7767157,7,30,450,3,"9/19/2012","",0,-75.2806312780087,39.994902663922,-75.1505658415867,39.9464361327538,"POINT (-75.280631 39.994903)","POINT (-75.150566 39.946436)"
8542,329874,2,32987402,331.6047336,395.2760429,1,NA,3.29874e+11,1,3.29874e+13,3298740201,NA,NA,3,5,2,4,1,42,1,42101,"101_101",4210160000,42101038300,1431,"",16,NA,NA,NA,"0:00","","","","10:00",14,5,NA,NA,NA,NA,NA,NA,NA,NA,NA,NA,NA,NA,NA,NA,NA,NA,NA,NA,NA,NA,NA,NA,NA,NA,NA,NA,NA,NA,NA,NA,4,3,42,1,42101,"101_103",4210160000,42101000500,74,1.17,30,30.739643,5.205919,462.4729702,10,0,600,3,"9/19/2012","",0,-75.1332215384763,40.011965414652,-75.1638872349499,39.9525548857932,"POINT (-75.133222 40.011965)","POINT (-75.163887 39.952555)"
8543,329874,2,32987402,331.6047336,395.2760429,1,NA,3.29874e+11,2,3.29874e+13,3298740202,NA,NA,3,NA,NA,4,3,42,1,42101,"101_103",4210160000,42101000500,74,"10:30",16,NA,NA,NA,"0:00","","","","12:30",14,5,NA,NA,NA,NA,NA,NA,NA,NA,NA,NA,NA,NA,NA,NA,NA,NA,NA,NA,NA,NA,NA,NA,NA,NA,NA,NA,NA,NA,NA,NA,4,1,42,1,42101,"101_115",4210160000,42101028200,2615,1.17,15,23.751764,6.497634,462.4729702,12,30,750,3,"9/19/2012","",0,-75.1638872349499,39.9525548857932,-75.1398050137829,40.0366774270012,"POINT (-75.163887 39.952555)","POINT (-75.139805 40.036677)"
8544,329874,2,32987402,331.6047336,395.2760429,1,NA,3.29874e+11,3,3.29874e+13,3298740203,NA,NA,3,NA,NA,4,1,42,1,42101,"101_115",4210160000,42101028200,2615,"12:45",11,NA,NA,NA,"0:00","","","","12:55",14,5,NA,NA,NA,NA,NA,NA,NA,NA,NA,NA,NA,NA,NA,NA,NA,NA,NA,NA,NA,NA,NA,NA,NA,NA,NA,NA,NA,NA,NA,NA,4,3,42,1,42101,"101_103",4210160000,42101000500,74,1.17,5,25.816385,6.50764,462.4729702,12,55,775,3,"9/19/2012","",0,-75.1398050137829,40.0366774270012,-75.1638872349499,39.9525548857932,"POINT (-75.139805 40.036677)","POINT (-75.163887 39.952555)"
8545,329874,2,32987402,331.6047336,395.2760429,1,NA,3.29874e+11,4,3.29874e+13,3298740204,NA,NA,3,NA,NA,4,3,42,1,42101,"101_103",4210160000,42101000500,74,"13:00",16,NA,NA,NA,"0:00","","","","15:00",14,5,NA,NA,NA,NA,NA,NA,NA,NA,NA,NA,NA,NA,NA,NA,NA,NA,NA,NA,NA,NA,NA,NA,NA,NA,NA,NA,NA,NA,NA,NA,4,1,42,1,42101,"101_101",4210160000,42101028700,1443,1.17,30,30.013904,5.800067,462.4729702,15,0,900,3,"9/19/2012","",0,-75.1638872349499,39.9525548857932,-75.1314420393667,40.0218288499157,"POINT (-75.163887 39.952555)","POINT (-75.131442 40.021829)"
8546,329874,2,32987402,331.6047336,395.2760429,1,NA,3.29874e+11,5,3.29874e+13,3298740205,NA,NA,3,NA,NA,4,1,42,1,42101,"101_101",4210160000,42101028700,1443,"15:30",8,NA,NA,NA,"0:00","","","","16:30",14,5,NA,NA,NA,NA,NA,NA,NA,NA,NA,NA,NA,NA,NA,NA,NA,NA,NA,NA,NA,NA,NA,NA,NA,NA,NA,NA,NA,NA,NA,NA,4,1,42,1,42101,"101_101",4210160000,42101038300,1431,1.17,30,12.780483,0.983857,462.4729702,16,30,990,3,"9/19/2012","",0,-75.1314420393667,40.0218288499157,-75.1332215384763,40.011965414652,"POINT (-75.131442 40.021829)","POINT (-75.133222 40.011965)"
9052,332117,1,33211701,108.3006129,88.52964242,1,NA,3.32117e+11,3,3.32117e+13,3321170103,NA,NA,2,NA,NA,4,1,42,1,42091,"091_401",4209144976,42091204300,10010,"11:15",9,NA,NA,NA,"1:00","","","","12:15",14,5,NA,NA,NA,NA,NA,NA,NA,NA,NA,NA,NA,NA,NA,NA,NA,NA,NA,NA,NA,NA,NA,NA,NA,NA,NA,NA,NA,NA,NA,NA,4,1,42,1,42101,"101_103",4210160000,42101980000,143,1.17,45,39.413321,6.842079,103.5796816,12,15,735,4,"10/18/2012","",0,-75.2189686457819,40.0081594134958,-75.1859834521487,39.9698807322002,"POINT (-75.218969 40.008159)","POINT (-75.185983 39.969881)"
9053,332117,1,33211701,108.3006129,88.52964242,1,NA,3.32117e+11,4,3.32117e+13,3321170104,NA,NA,2,NA,NA,4,1,42,1,42101,"101_103",4210160000,42101980000,143,"13:00",15,NA,NA,NA,"3:30","","","","16:30",14,5,NA,NA,NA,NA,NA,NA,NA,NA,NA,NA,NA,NA,NA,NA,NA,NA,NA,NA,NA,NA,NA,NA,NA,NA,NA,NA,NA,NA,NA,NA,4,1,42,1,42091,"091_401",4209144976,42091204300,10008,1.17,60,38.705046,5.528774,103.5796816,16,30,990,4,"10/18/2012","",0,-75.1859834521487,39.9698807322002,-75.2256894030556,40.0047186865197,"POINT (-75.185983 39.969881)","POINT (-75.225689 40.004719)"
9322,333497,1,33349701,80.42660443,520.5624653,1,NA,3.33497e+11,2,3.33497e+13,3334970102,NA,NA,1,NA,NA,4,1,42,1,42029,"029_311",4202977344,42029300103,8009,"6:10",19,NA,NA,NA,"0:04","","","","6:14",21,5,NA,NA,NA,NA,NA,NA,NA,NA,NA,NA,NA,NA,NA,NA,NA,NA,NA,NA,NA,NA,NA,NA,NA,NA,NA,NA,NA,NA,NA,NA,4,1,42,1,42101,"101_110",4210160000,42101980000,1040,1.12,36,37.682509,19.543683,583.0299612,6,14,374,2,"10/23/2012","",0,-75.4829079089365,40.0451966969818,-75.1834073455283,39.9599979498596,"POINT (-75.482908 40.045197)","POINT (-75.183407 39.959998)"
9323,333497,1,33349701,80.42660443,520.5624653,1,NA,3.33497e+11,3,3.33497e+13,3334970103,NA,NA,1,NA,NA,4,1,42,1,42101,"101_110",4210160000,42101980000,1040,"6:50",19,NA,NA,NA,"0:15","","","","7:05",14,5,NA,NA,NA,NA,NA,NA,NA,NA,NA,NA,NA,NA,NA,NA,NA,NA,NA,NA,NA,NA,NA,NA,NA,NA,NA,NA,NA,NA,NA,NA,2,1,42,1,42101,"101_110",4210160000,42101008702,1024,1.12,13,20.441392,1.940594,583.0299612,7,5,425,2,"10/23/2012","",0,-75.1834073455283,39.9599979498596,-75.2074989674157,39.9516652307221,"POINT (-75.183407 39.959998)","POINT (-75.207499 39.951665)"
9325,333497,1,33349701,80.42660443,520.5624653,1,NA,3.33497e+11,5,3.33497e+13,3334970105,NA,NA,1,NA,NA,4,1,42,1,42101,"101_110",4210160000,42101036900,1030,"15:02",19,NA,NA,NA,"0:05","","","","15:07",14,5,NA,NA,NA,NA,NA,NA,NA,NA,NA,NA,NA,NA,NA,NA,NA,NA,NA,NA,NA,NA,NA,NA,NA,NA,NA,NA,NA,NA,NA,NA,4,1,42,1,42101,"101_110",4210160000,42101980000,1040,1.12,7,13.3945,0.962939,583.0299612,15,7,907,2,"10/23/2012","",0,-75.1941152941134,39.9546263068532,-75.1834073455283,39.9599979498596,"POINT (-75.194115 39.954626)","POINT (-75.183407 39.959998)"
9933,336958,1,33695801,434.9062452,143.8121126,2,NA,3.36958e+11,8,3.36958e+13,3369580108,NA,NA,3,NA,NA,4,1,42,1,42101,"101_103",4210160000,42101001102,15,"16:25",19,8,96,NA,"0:00","","","","16:40",14,5,NA,NA,NA,NA,NA,NA,NA,NA,NA,NA,NA,NA,NA,NA,NA,NA,NA,NA,NA,NA,NA,NA,NA,NA,NA,NA,NA,NA,NA,NA,4,1,42,1,42101,"101_103",4210160000,42101000902,38,1.17,10,8.436711,0.321486,168.2601717,16,40,1000,2,"10/23/2012","",0,-75.1569523625043,39.943116935689,-75.1550731760754,39.9469560187574,"POINT (-75.156952 39.943117)","POINT (-75.155073 39.946956)"
9934,336958,1,33695801,434.9062452,143.8121126,2,NA,3.36958e+11,9,3.36958e+13,3369580109,NA,NA,3,NA,NA,4,1,42,1,42101,"101_103",4210160000,42101000902,38,"16:50",19,NA,NA,NA,"0:00","","","","16:55",14,5,NA,NA,NA,NA,NA,NA,NA,NA,NA,NA,NA,NA,NA,NA,NA,NA,NA,NA,NA,NA,NA,NA,NA,NA,NA,NA,NA,NA,NA,NA,4,1,42,1,42101,"101_103",4210160000,42101000901,40,1.17,9,8.519117,0.469533,168.2601717,16,55,1015,2,"10/23/2012","",0,-75.1550731760754,39.9469560187574,-75.1611907875754,39.9477574019743,"POINT (-75.155073 39.946956)","POINT (-75.161191 39.947757)"
9936,336958,1,33695801,434.9062452,143.8121126,2,NA,3.36958e+11,11,3.36958e+13,3369580111,NA,NA,3,NA,NA,4,1,42,1,42101,"101_103",4210160000,42101000500,72,"19:38",19,NA,NA,NA,"0:00","","","","19:55",21,5,NA,NA,NA,NA,NA,NA,NA,NA,NA,NA,NA,NA,NA,NA,NA,NA,NA,NA,NA,NA,NA,NA,NA,NA,NA,NA,NA,NA,NA,NA,4,1,42,1,42101,"101_110",4210160000,42101036900,1026,1.17,-5,11.516666,1.372909,168.2601717,19,55,1195,2,"10/23/2012","",0,-75.1608290378846,39.9512565309348,-75.1840170635385,39.9534784074457,"POINT (-75.160829 39.951257)","POINT (-75.184017 39.953478)"
10197,338211,1,33821101,646.9041207,77.31250438,2,NA,3.38211e+11,5,3.38211e+13,3382110105,NA,NA,1,NA,NA,4,1,42,1,42045,"045_205",4204553104,42045407401,4826,"8:46",19,NA,NA,NA,"0:20","","","","9:06",14,5,NA,NA,NA,NA,NA,NA,NA,NA,NA,NA,NA,NA,NA,NA,NA,NA,NA,NA,NA,NA,NA,NA,NA,NA,NA,NA,NA,NA,NA,NA,4,1,42,1,42045,"045_203",4204579000,42045400500,4459,1.17,27,42.525595,8.953528,90.45563013,9,6,546,4,"10/11/2012","",0,-75.368739005283,39.9143240988748,-75.2626735411038,39.9640057100153,"POINT (-75.368739 39.914324)","POINT (-75.262674 39.964006)"
10198,338211,1,33821101,646.9041207,77.31250438,2,NA,3.38211e+11,6,3.38211e+13,3382110106,NA,NA,1,NA,NA,4,1,42,1,42045,"045_203",4204579000,42045400500,4459,"9:33",19,NA,NA,NA,"0:07","","","","9:40",21,5,NA,NA,NA,NA,NA,NA,NA,NA,NA,NA,NA,NA,NA,NA,NA,NA,NA,NA,NA,NA,NA,NA,NA,NA,NA,NA,NA,NA,NA,NA,4,1,42,1,42101,"101_103",4210160000,42101000500,74,1.17,16,24.135069,5.440684,90.45563013,9,40,580,4,"10/11/2012","",0,-75.2626735411038,39.9640057100153,-75.1638872349499,39.9525548857932,"POINT (-75.262674 39.964006)","POINT (-75.163887 39.952555)"
10199,338211,1,33821101,646.9041207,77.31250438,2,NA,3.38211e+11,7,3.38211e+13,3382110107,NA,NA,1,NA,NA,4,1,42,1,42101,"101_103",4210160000,42101000500,74,"9:56",19,NA,NA,NA,"0:04","","","","10:00",21,5,NA,NA,NA,NA,NA,NA,NA,NA,NA,NA,NA,NA,NA,NA,NA,NA,NA,NA,NA,NA,NA,NA,NA,NA,NA,NA,NA,NA,NA,NA,4,1,42,1,42101,"101_101",4210160000,42101020102,1428,1.17,8,18.603211,4.23531,90.45563013,10,0,600,4,"10/11/2012","",0,-75.1638872349499,39.9525548857932,-75.1545693550523,40.0111496191661,"POINT (-75.163887 39.952555)","POINT (-75.154569 40.011150)"
10204,338211,1,33821101,646.9041207,77.31250438,2,NA,3.38211e+11,12,3.38211e+13,3382110112,NA,NA,1,NA,NA,4,1,42,1,42045,"045_203",4204579000,42045400500,4459,"22:12",19,NA,NA,NA,"","","","","22:13",14,5,NA,NA,NA,NA,NA,NA,NA,NA,NA,NA,NA,NA,NA,NA,NA,NA,NA,NA,NA,NA,NA,NA,NA,NA,NA,NA,NA,NA,NA,NA,4,1,42,1,42045,"045_205",4204548480,42045407502,4808,1.17,0,34.699724,9.443174,90.45563013,22,13,1333,4,"10/11/2012","",0,-75.2626735411038,39.9640057100153,-75.3925245649585,39.9189589188966,"POINT (-75.262674 39.964006)","POINT (-75.392525 39.918959)"
10236,338378,1,33837801,203.0774267,201.4054409,1,NA,3.38378e+11,2,3.38378e+13,3383780102,NA,NA,1,NA,NA,4,1,42,1,42101,"101_110",4210160000,42101036900,1030,"8:25",5,NA,NA,NA,"0:00","","","","11:10",14,5,NA,NA,NA,NA,NA,NA,NA,NA,NA,NA,NA,NA,NA,NA,NA,NA,NA,NA,NA,NA,NA,NA,NA,NA,NA,NA,NA,NA,NA,NA,2,1,42,1,42101,"101_103",4210160000,42101000402,82,1.13,20,11.429238,1.388884,227.5881482,11,10,670,2,"9/11/2012","",0,-75.1941152941134,39.9546263068532,-75.1708705877199,39.9529581159317,"POINT (-75.194115 39.954626)","POINT (-75.170871 39.952958)"
10887,342252,1,34225201,228.4384878,123.0144602,1,NA,3.42252e+11,1,3.42252e+13,3422520101,NA,NA,2,9,2,1,1,42,1,42101,"101_115",4210160000,42101026500,2634,"",1,NA,NA,NA,"0:00","","","","10:00",14,5,NA,NA,NA,NA,NA,NA,NA,NA,NA,NA,NA,NA,NA,NA,NA,NA,NA,NA,NA,NA,NA,NA,NA,NA,NA,NA,NA,NA,NA,NA,4,1,42,1,42101,"101_110",4210160000,42101008802,1022,1.17,45,52.971734,11.422357,143.9269185,10,0,600,1,"9/24/2012","",0,-75.1546939106137,40.0587336087499,-75.2032844122027,39.9507247552209,"POINT (-75.154694 40.058734)","POINT (-75.203284 39.950725)"
10888,342252,1,34225201,228.4384878,123.0144602,1,NA,3.42252e+11,2,3.42252e+13,3422520102,NA,NA,2,NA,NA,4,1,42,1,42101,"101_110",4210160000,42101008802,1022,"10:45",6,NA,NA,NA,"0:00","","","","11:15",14,5,NA,NA,NA,NA,NA,NA,NA,NA,NA,NA,NA,NA,NA,NA,NA,NA,NA,NA,NA,NA,NA,NA,NA,NA,NA,NA,NA,NA,NA,NA,4,1,42,1,42101,"101_110",4210160000,42101008802,1031,1.17,NA,7.25,0.656168,143.9269185,11,15,675,1,"9/24/2012","",0,-75.2032844122027,39.9507247552209,-75.2024327640643,39.9546329212277,"POINT (-75.203284 39.950725)","POINT (-75.202433 39.954633)"
10890,342252,1,34225201,228.4384878,123.0144602,1,NA,3.42252e+11,4,3.42252e+13,3422520104,NA,NA,2,NA,NA,4,1,42,1,42101,"101_110",4210160000,42101008802,1031,"11:15",8,NA,NA,NA,"0:00","","","","11:30",23,5,NA,NA,NA,NA,NA,NA,NA,NA,NA,NA,NA,NA,NA,NA,NA,NA,NA,NA,NA,NA,NA,NA,NA,NA,NA,NA,NA,NA,NA,NA,4,1,42,1,42101,"101_110",4210160000,42101036900,1026,1.17,45,11.197636,1.206174,143.9269185,11,30,690,1,"9/24/2012","",0,-75.2024327640643,39.9546329212277,-75.1840170635385,39.9534784074457,"POINT (-75.202433 39.954633)","POINT (-75.184017 39.953478)"
10891,342252,1,34225201,228.4384878,123.0144602,1,NA,3.42252e+11,5,3.42252e+13,3422520105,NA,NA,2,NA,NA,4,1,42,1,42101,"101_110",4210160000,42101036900,1026,"12:15",6,NA,NA,NA,"0:00","","","","12:30",14,5,NA,NA,NA,NA,NA,NA,NA,NA,NA,NA,NA,NA,NA,NA,NA,NA,NA,NA,NA,NA,NA,NA,NA,NA,NA,NA,NA,NA,NA,NA,4,1,42,1,42101,"101_103",4210160000,42101000804,44,1.17,30,15.275732,1.314765,143.9269185,12,30,750,1,"9/24/2012","",0,-75.1840170635385,39.9534784074457,-75.1669894744938,39.9484799410289,"POINT (-75.184017 39.953478)","POINT (-75.166989 39.948480)"
10892,342252,1,34225201,228.4384878,123.0144602,1,NA,3.42252e+11,6,3.42252e+13,3422520106,NA,NA,2,NA,NA,4,1,42,1,42101,"101_103",4210160000,42101000804,44,"13:00",16,NA,NA,NA,"0:00","","","","14:30",14,5,NA,NA,NA,NA,NA,NA,NA,NA,NA,NA,NA,NA,NA,NA,NA,NA,NA,NA,NA,NA,NA,NA,NA,NA,NA,NA,NA,NA,NA,NA,4,1,42,1,42101,"101_103",4210160000,42101000902,39,1.17,15,6.624648,0.456708,143.9269185,14,30,870,1,"9/24/2012","",0,-75.1669894744938,39.9484799410289,-75.1584424033225,39.9474108270156,"POINT (-75.166989 39.948480)","POINT (-75.158442 39.947411)"
10893,342252,1,34225201,228.4384878,123.0144602,1,NA,3.42252e+11,7,3.42252e+13,3422520107,NA,NA,2,NA,NA,4,1,42,1,42101,"101_103",4210160000,42101000902,39,"14:45",6,NA,NA,NA,"0:00","","","","15:00",14,5,NA,NA,NA,NA,NA,NA,NA,NA,NA,NA,NA,NA,NA,NA,NA,NA,NA,NA,NA,NA,NA,NA,NA,NA,NA,NA,NA,NA,NA,NA,4,1,42,1,42101,"101_103",4210160000,42101000500,90,1.17,30,8.554834,0.42505,143.9269185,15,0,900,1,"9/24/2012","",0,-75.1584424033225,39.9474108270156,-75.1588750233838,39.9528401835985,"POINT (-75.158442 39.947411)","POINT (-75.158875 39.952840)"
10894,342252,1,34225201,228.4384878,123.0144602,1,NA,3.42252e+11,8,3.42252e+13,3422520108,NA,NA,2,NA,NA,4,1,42,1,42101,"101_103",4210160000,42101000500,90,"15:30",8,NA,NA,NA,"0:00","","","","16:00",14,5,NA,NA,NA,NA,NA,NA,NA,NA,NA,NA,NA,NA,NA,NA,NA,NA,NA,NA,NA,NA,NA,NA,NA,NA,NA,NA,NA,NA,NA,NA,4,1,42,1,42101,"101_103",4210160000,42101000402,92,1.17,30,6.572394,0.445076,143.9269185,16,0,960,1,"9/24/2012","",0,-75.1588750233838,39.9528401835985,-75.1648345113326,39.9541020155151,"POINT (-75.158875 39.952840)","POINT (-75.164835 39.954102)"
10895,342252,1,34225201,228.4384878,123.0144602,1,NA,3.42252e+11,9,3.42252e+13,3422520109,NA,NA,2,NA,NA,4,1,42,1,42101,"101_103",4210160000,42101000402,92,"16:30",19,NA,NA,NA,"0:00","","","","16:50",21,5,NA,NA,NA,NA,NA,NA,NA,NA,NA,NA,NA,NA,NA,NA,NA,NA,NA,NA,NA,NA,NA,NA,NA,NA,NA,NA,NA,NA,NA,NA,4,1,42,1,42101,"101_115",4210160000,42101028200,2615,1.17,30,24.490754,6.656292,143.9269185,16,50,1010,1,"9/24/2012","",0,-75.1648345113326,39.9541020155151,-75.1398050137829,40.0366774270012,"POINT (-75.164835 39.954102)","POINT (-75.139805 40.036677)"
10896,342252,1,34225201,228.4384878,123.0144602,1,NA,3.42252e+11,10,3.42252e+13,3422520110,NA,NA,2,NA,NA,4,1,42,1,42101,"101_115",4210160000,42101028200,2615,"17:20",19,NA,NA,NA,"0:00","","","","17:30",14,5,NA,NA,NA,NA,NA,NA,NA,NA,NA,NA,NA,NA,NA,NA,NA,NA,NA,NA,NA,NA,NA,NA,NA,NA,NA,NA,NA,NA,NA,NA,1,1,42,1,42101,"101_115",4210160000,42101026500,2634,1.17,20,25.643284,2.48831,143.9269185,17,30,1050,1,"9/24/2012","",0,-75.1398050137829,40.0366774270012,-75.1546939106137,40.0587336087499,"POINT (-75.139805 40.036677)","POINT (-75.154694 40.058734)"
11030,342982,2,34298202,41.2074292,79.57758027,1,NA,3.42982e+11,1,3.42982e+13,3429820201,NA,NA,1,2,2,1,1,42,1,42029,"029_311",4202977344,42029300103,8009,"",1,14,6,NA,"4:00","1:00","1:00","","12:00",14,5,NA,NA,NA,NA,NA,NA,NA,NA,NA,NA,NA,NA,NA,NA,NA,NA,NA,NA,NA,NA,NA,NA,NA,NA,NA,NA,NA,NA,NA,NA,2,1,42,1,42101,"101_103",4210160000,42101000500,91,1.15,NA,54.16782,20.301049,91.51421731,12,0,720,4,"10/11/2012","",0,-75.4829079089365,40.0451966969818,-75.1612826317197,39.9532127364358,"POINT (-75.482908 40.045197)","POINT (-75.161283 39.953213)"
11383,345113,1,34511301,393.0130441,134.8389857,1,NA,3.45113e+11,1,3.45113e+13,3451130101,NA,NA,2,2,2,1,1,42,1,42101,"101_104",4210160000,42101032500,3007,"",1,NA,NA,NA,"0:00","","","","8:57",14,5,NA,NA,NA,NA,NA,NA,NA,NA,NA,NA,NA,NA,NA,NA,NA,NA,NA,NA,NA,NA,NA,NA,NA,NA,NA,NA,NA,NA,NA,NA,4,1,42,1,42101,"101_101",4210160000,42101019900,1419,1.17,43,38.307483,6.976966,157.7616132,8,57,537,3,"10/3/2012","",0,-75.0433688624618,40.023440833582,-75.1435480547611,40.0048596231255,"POINT (-75.043369 40.023441)","POINT (-75.143548 40.004860)"
11384,345113,1,34511301,393.0130441,134.8389857,1,NA,3.45113e+11,2,3.45113e+13,3451130102,NA,NA,2,NA,NA,4,1,42,1,42101,"101_101",4210160000,42101019900,1419,"9:40",19,NA,NA,NA,"0:00","","","","9:44",14,5,NA,NA,NA,NA,NA,NA,NA,NA,NA,NA,NA,NA,NA,NA,NA,NA,NA,NA,NA,NA,NA,NA,NA,NA,NA,NA,NA,NA,NA,NA,4,1,42,1,42101,"101_107",4210160000,42101014100,402,1.17,38,24.927208,3.100586,157.7616132,9,44,584,3,"10/3/2012","",0,-75.1435480547611,40.0048596231255,-75.1524573152991,39.9708851261141,"POINT (-75.143548 40.004860)","POINT (-75.152457 39.970885)"
11712,346917,2,34691702,134.7192336,93.16478175,1,NA,3.46917e+11,1,3.46917e+13,3469170201,NA,NA,1,2,2,1,1,42,1,42045,"045_203",4204579000,42045401104,4458,"",1,NA,NA,NA,"4:30","","","","7:30",14,5,NA,NA,NA,NA,NA,NA,NA,NA,NA,NA,NA,NA,NA,NA,NA,NA,NA,NA,NA,NA,NA,NA,NA,NA,NA,NA,NA,NA,NA,NA,4,1,42,1,42045,"045_203",4204579000,42045401104,4458,1.17,25,7.332438,0.464675,109.0027946,7,30,450,2,"4/9/2013","",0,-75.2980139860381,39.9634906864851,-75.2980139860381,39.9634906864851,"POINT (-75.298014 39.963491)","POINT (-75.298014 39.963491)"
11713,346917,2,34691702,134.7192336,93.16478175,1,NA,3.46917e+11,2,3.46917e+13,3469170202,NA,NA,1,NA,NA,4,1,42,1,42045,"045_203",4204579000,42045401104,4458,"7:55",5,19,NA,NA,"8:30","0:50","","","17:15",21,5,NA,NA,NA,NA,NA,NA,NA,NA,NA,NA,NA,NA,NA,NA,NA,NA,NA,NA,NA,NA,NA,NA,NA,NA,NA,NA,NA,NA,NA,NA,4,1,42,1,42045,"045_203",4204579000,42045400500,4459,1.17,30,17.361336,2.288673,109.0027946,17,15,1035,2,"4/9/2013","",0,-75.2980139860381,39.9634906864851,-75.2626735411038,39.9640057100153,"POINT (-75.298014 39.963491)","POINT (-75.262674 39.964006)"
11714,346917,2,34691702,134.7192336,93.16478175,1,NA,3.46917e+11,3,3.46917e+13,3469170203,NA,NA,1,NA,NA,4,1,42,1,42045,"045_203",4204579000,42045400500,4459,"17:45",19,NA,NA,NA,"0:00","","","","17:50",14,5,NA,NA,NA,NA,NA,NA,NA,NA,NA,NA,NA,NA,NA,NA,NA,NA,NA,NA,NA,NA,NA,NA,NA,NA,NA,NA,NA,NA,NA,NA,1,1,42,1,42045,"045_203",4204579000,42045401104,4458,1.17,20,17.104922,2.508359,109.0027946,17,50,1070,2,"4/9/2013","",0,-75.2626735411038,39.9640057100153,-75.2980139860381,39.9634906864851,"POINT (-75.262674 39.964006)","POINT (-75.298014 39.963491)"
11747,347180,1,34718001,264.8909442,117.0871648,1,NA,3.4718e+11,1,3.4718e+13,3471800101,NA,NA,2,1,2,1,1,42,1,42101,"101_109",4210160000,42101018002,613,"",1,NA,NA,NA,"3:30","","","","7:30",14,5,NA,NA,NA,NA,NA,NA,NA,NA,NA,NA,NA,NA,NA,NA,NA,NA,NA,NA,NA,NA,NA,NA,NA,NA,NA,NA,NA,NA,NA,NA,4,1,42,1,42101,"101_110",4210160000,42101036900,1012,1.17,30,49.942541,7.591613,136.9919828,7,30,450,2,"9/25/2012","",0,-75.1067113574988,39.9836424590543,-75.202230610969,39.9458213862922,"POINT (-75.106711 39.983642)","POINT (-75.202231 39.945821)"
11748,347180,1,34718001,264.8909442,117.0871648,1,NA,3.4718e+11,2,3.4718e+13,3471800102,NA,NA,2,NA,NA,4,1,42,1,42101,"101_110",4210160000,42101036900,1012,"8:00",16,NA,NA,NA,"2:00","","","","10:00",14,5,NA,NA,NA,NA,NA,NA,NA,NA,NA,NA,NA,NA,NA,NA,NA,NA,NA,NA,NA,NA,NA,NA,NA,NA,NA,NA,NA,NA,NA,NA,1,1,42,1,42101,"101_109",4210160000,42101018002,613,1.17,0,42.58729,7.671416,136.9919828,10,0,600,2,"9/25/2012","",0,-75.202230610969,39.9458213862922,-75.1067113574988,39.9836424590543,"POINT (-75.202231 39.945821)","POINT (-75.106711 39.983642)"
11808,347381,2,34738102,191.9367835,136.80538,1,NA,3.47381e+11,2,3.47381e+13,3473810202,NA,NA,3,NA,NA,4,1,42,1,42101,"101_103",4210160000,42101000500,90,"15:31",19,NA,NA,NA,"0:00","","","","15:33",14,5,NA,NA,NA,NA,NA,NA,NA,NA,NA,NA,NA,NA,NA,NA,NA,NA,NA,NA,NA,NA,NA,NA,NA,NA,NA,NA,NA,NA,NA,NA,4,1,42,1,42091,"091_409",4209141432,42091200903,11613,1.17,38,47.521966,23.750275,160.0622946,15,33,933,3,"10/17/2012","",0,-75.1588750233838,39.9528401835985,-75.2806454415887,40.2304601821381,"POINT (-75.158875 39.952840)","POINT (-75.280645 40.230460)"
11880,347845,2,34784502,772.5995024,280.9838329,1,NA,3.47845e+11,1,3.47845e+13,3478450201,NA,NA,1,1,2,1,1,42,1,42101,"101_112",4210160000,42101003200,840,"",1,NA,NA,NA,"0:00","","","","3:10",14,5,NA,NA,NA,NA,NA,NA,NA,NA,NA,NA,NA,NA,NA,NA,NA,NA,NA,NA,NA,NA,NA,NA,NA,NA,NA,NA,NA,NA,NA,NA,2,1,42,1,42091,"091_413",4209184624,42091203000,12426,1.17,180,NA,NA,328.7510845,3,10,190,3,"9/12/2012","",0,-75.1829342839572,39.9329910377486,-75.2537661165936,40.1153802483396,"POINT (-75.182934 39.932991)","POINT (-75.253766 40.115380)"
11881,347845,2,34784502,772.5995024,280.9838329,1,NA,3.47845e+11,2,3.47845e+13,3478450202,NA,NA,1,NA,NA,2,1,42,1,42091,"091_413",4209184624,42091203000,12426,"6:10",5,NA,NA,NA,"12:15","","","","19:15",14,5,NA,NA,NA,NA,NA,NA,NA,NA,NA,NA,NA,NA,NA,NA,NA,NA,NA,NA,NA,NA,NA,NA,NA,NA,NA,NA,NA,NA,NA,NA,1,1,42,1,42101,"101_112",4210160000,42101003200,840,1.17,165,NA,NA,328.7510845,19,15,1155,3,"9/12/2012","",0,-75.2537661165936,40.1153802483396,-75.1829342839572,39.9329910377486,"POINT (-75.253766 40.115380)","POINT (-75.182934 39.932991)"
11883,347845,3,34784503,772.5995024,182.5834247,1,NA,3.47845e+11,1,3.47845e+13,3478450301,NA,NA,1,1,2,1,1,42,1,42101,"101_112",4210160000,42101003200,840,"",1,NA,NA,NA,"4:00","","","","8:00",14,5,NA,NA,NA,NA,NA,NA,NA,NA,NA,NA,NA,NA,NA,NA,NA,NA,NA,NA,NA,NA,NA,NA,NA,NA,NA,NA,NA,NA,NA,NA,2,1,42,1,42101,"101_110",4210160000,42101006500,1002,1.17,30,31.62238,4.762843,213.6226069,8,0,480,3,"9/12/2012","",0,-75.1829342839572,39.9329910377486,-75.2351116826331,39.934447396763,"POINT (-75.182934 39.932991)","POINT (-75.235112 39.934447)"
11884,347845,3,34784503,772.5995024,182.5834247,1,NA,3.47845e+11,2,3.47845e+13,3478450302,NA,NA,1,NA,NA,2,1,42,1,42101,"101_110",4210160000,42101006500,1002,"8:30",5,NA,NA,NA,"7:00","","","","17:00",14,5,NA,NA,NA,NA,NA,NA,NA,NA,NA,NA,NA,NA,NA,NA,NA,NA,NA,NA,NA,NA,NA,NA,NA,NA,NA,NA,NA,NA,NA,NA,1,1,42,1,42101,"101_112",4210160000,42101003200,840,1.17,60,35.124822,4.83976,213.6226069,17,0,1020,3,"9/12/2012","",0,-75.2351116826331,39.934447396763,-75.1829342839572,39.9329910377486,"POINT (-75.235112 39.934447)","POINT (-75.182934 39.932991)"
12040,348210,1,34821001,860.4556576,221.967171,1,NA,3.4821e+11,1,3.4821e+13,3482100101,NA,NA,2,1,2,1,1,42,1,42101,"101_112",4210160000,42101003600,825,"",1,NA,NA,NA,"9:00","","","","12:00",14,5,NA,NA,NA,NA,NA,NA,NA,NA,NA,NA,NA,NA,NA,NA,NA,NA,NA,NA,NA,NA,NA,NA,NA,NA,NA,NA,NA,NA,NA,NA,4,1,42,1,42101,"101_103",4210160000,42101012500,134,1.17,45,30.001757,4.189847,259.70159,12,0,720,5,"9/21/2012","",0,-75.1900612521521,39.9261972601751,-75.1632627264191,39.9610182840982,"POINT (-75.190061 39.926197)","POINT (-75.163263 39.961018)"
12041,348210,1,34821001,860.4556576,221.967171,1,NA,3.4821e+11,2,3.4821e+13,3482100102,NA,NA,2,NA,NA,4,1,42,1,42101,"101_103",4210160000,42101012500,134,"12:45",18,NA,NA,NA,"0:30","","","","13:15",14,5,NA,NA,NA,NA,NA,NA,NA,NA,NA,NA,NA,NA,NA,NA,NA,NA,NA,NA,NA,NA,NA,NA,NA,NA,NA,NA,NA,NA,NA,NA,1,1,42,1,42101,"101_112",4210160000,42101003600,825,1.17,120,28.701356,4.24108,259.70159,13,15,795,5,"9/21/2012","",0,-75.1632627264191,39.9610182840982,-75.1900612521521,39.9261972601751,"POINT (-75.163263 39.961018)","POINT (-75.190061 39.926197)"
12083,348355,1,34835501,215.7116496,175.0663849,1,NA,3.48355e+11,1,3.48355e+13,3483550101,NA,NA,1,4,2,1,1,42,1,42101,"101_112",4210160000,42101004001,819,"",1,NA,NA,NA,"0:00","","","","7:10",14,5,NA,NA,NA,NA,NA,NA,NA,NA,NA,NA,NA,NA,NA,NA,NA,NA,NA,NA,NA,NA,NA,NA,NA,NA,NA,NA,NA,NA,NA,NA,4,1,42,1,42101,"101_103",4210160000,42101001500,6,1.12,35,15.642321,1.61793,196.0743511,7,10,430,3,"10/3/2012","",0,-75.1662120144978,39.9238115855567,-75.1591175345241,39.9419118021734,"POINT (-75.166212 39.923812)","POINT (-75.159118 39.941912)"
12087,348355,1,34835501,215.7116496,175.0663849,1,NA,3.48355e+11,5,3.48355e+13,3483550105,NA,NA,1,NA,NA,4,1,42,1,42101,"101_103",4210160000,42101000600,56,"13:05",1,NA,NA,NA,"0:00","","","","16:30",14,5,NA,NA,NA,NA,NA,NA,NA,NA,NA,NA,NA,NA,NA,NA,NA,NA,NA,NA,NA,NA,NA,NA,NA,NA,NA,NA,NA,NA,NA,NA,1,1,42,1,42101,"101_112",4210160000,42101004001,819,1.12,30,20.265733,2.070728,196.0743511,16,30,990,3,"10/3/2012","",0,-75.1580149724927,39.9493530835764,-75.1662120144978,39.9238115855567,"POINT (-75.158015 39.949353)","POINT (-75.166212 39.923812)"
12197,349004,1,34900401,374.2320168,2513.964896,1,NA,3.49004e+11,1,3.49004e+13,3490040101,NA,NA,2,3,2,1,1,42,1,42101,"101_111",4210160000,42101011400,1236,"",1,NA,NA,NA,"4:00","","","","8:15",14,5,NA,NA,NA,NA,NA,NA,NA,NA,NA,NA,NA,NA,NA,NA,NA,NA,NA,NA,NA,NA,NA,NA,NA,NA,NA,NA,NA,NA,NA,NA,4,1,42,1,42101,"101_107",4210160000,42101037700,414,1.17,51,49.165754,7.572231,2941.338928,8,15,495,1,"9/10/2012","",0,-75.2458322070382,39.9787834549805,-75.1545851492175,39.9813757258968,"POINT (-75.245832 39.978783)","POINT (-75.154585 39.981376)"
12199,349004,1,34900401,374.2320168,2513.964896,1,NA,3.49004e+11,3,3.49004e+13,3490040103,NA,NA,2,NA,NA,4,1,42,1,42101,"101_103",4210160000,42101000300,121,"12:37",4,NA,NA,NA,"1:30","","","","14:40",14,5,NA,NA,NA,NA,NA,NA,NA,NA,NA,NA,NA,NA,NA,NA,NA,NA,NA,NA,NA,NA,NA,NA,NA,NA,NA,NA,NA,NA,NA,NA,4,1,42,1,42101,"101_107",4210160000,42101037700,414,1.17,46,28.421915,2.85754,2941.338928,14,40,880,1,"9/10/2012","",0,-75.1741319574651,39.9575333855516,-75.1545851492175,39.9813757258968,"POINT (-75.174132 39.957533)","POINT (-75.154585 39.981376)"
12200,349004,1,34900401,374.2320168,2513.964896,1,NA,3.49004e+11,4,3.49004e+13,3490040104,NA,NA,2,NA,NA,4,1,42,1,42101,"101_107",4210160000,42101037700,414,"15:26",10,11,12,2,"0:00","","","","16:48",14,5,NA,NA,NA,NA,NA,NA,NA,NA,NA,NA,NA,NA,NA,NA,NA,NA,NA,NA,NA,NA,NA,NA,NA,NA,NA,NA,NA,NA,NA,NA,1,1,42,1,42101,"101_111",4210160000,42101011400,1236,1.17,64,50.110264,7.789169,2941.338928,16,48,1008,1,"9/10/2012","",0,-75.1545851492175,39.9813757258968,-75.2458322070382,39.9787834549805,"POINT (-75.154585 39.981376)","POINT (-75.245832 39.978783)"
12363,350189,1,35018901,318.9645827,1692.932866,2,NA,3.50189e+11,4,3.50189e+13,3501890104,NA,NA,1,NA,NA,4,1,42,1,42045,"045_203",4204518152,42045402500,4413,"9:18",19,NA,NA,NA,"0:02","","","","9:20",14,5,NA,NA,NA,NA,NA,NA,NA,NA,NA,NA,NA,NA,NA,NA,NA,NA,NA,NA,NA,NA,NA,NA,NA,NA,NA,NA,NA,NA,NA,NA,4,1,42,1,42101,"101_110",4210160000,42101036900,1030,1.12,34,32.050757,4.819944,1896.08481,9,20,560,4,"10/25/2012","",0,-75.259257848951,39.9196161877979,-75.1941152941134,39.9546263068532,"POINT (-75.259258 39.919616)","POINT (-75.194115 39.954626)"
12366,350189,1,35018901,318.9645827,1692.932866,2,1,3.50189e+11,7,3.50189e+13,3501890107,NA,NA,1,NA,NA,4,1,42,1,42101,"101_110",4210160000,42101009000,1036,"17:40",19,NA,NA,NA,"0:05","","","","17:45",21,5,NA,NA,NA,NA,NA,NA,NA,NA,NA,NA,NA,NA,NA,NA,NA,NA,NA,NA,NA,NA,NA,NA,NA,NA,NA,NA,NA,NA,NA,NA,4,1,42,1,42045,"045_203",4204579000,42045400500,4459,1.12,15,22.836948,4.122064,1896.08481,17,45,1065,4,"10/25/2012","",0,-75.1906300416804,39.958024348983,-75.2626735411038,39.9640057100153,"POINT (-75.190630 39.958024)","POINT (-75.262674 39.964006)"
12367,350189,1,35018901,318.9645827,1692.932866,2,1,3.50189e+11,8,3.50189e+13,3501890108,NA,NA,1,NA,NA,4,1,42,1,42045,"045_203",4204579000,42045400500,4459,"18:00",19,NA,NA,NA,"0:05","","","","18:05",14,5,NA,NA,NA,NA,NA,NA,NA,NA,NA,NA,NA,NA,NA,NA,NA,NA,NA,NA,NA,NA,NA,NA,NA,NA,NA,NA,NA,NA,NA,NA,4,1,42,1,42101,"101_110",4210160000,42101036900,1025,1.12,27,26.76929,4.261851,1896.08481,18,5,1085,4,"10/25/2012","",0,-75.2626735411038,39.9640057100153,-75.1937934209145,39.951852697735,"POINT (-75.262674 39.964006)","POINT (-75.193793 39.951853)"
12371,350189,2,35018902,318.9645827,317.5836533,1,NA,3.50189e+11,2,3.50189e+13,3501890202,NA,NA,2,NA,NA,4,1,42,1,42045,"045_203",4204515232,42045403101,4405,"11:40",19,NA,NA,NA,"0:07","","","","11:47",14,5,NA,NA,NA,NA,NA,NA,NA,NA,NA,NA,NA,NA,NA,NA,NA,NA,NA,NA,NA,NA,NA,NA,NA,NA,NA,NA,NA,NA,NA,NA,4,1,42,1,42045,"045_202",4204529720,42045403502,4206,1.12,3,15.590718,1.51568,355.6936916,11,47,707,4,"10/25/2012","",0,-75.2833403981327,39.9123740495544,-75.2966603964201,39.9020047132286,"POINT (-75.283340 39.912374)","POINT (-75.296660 39.902005)"
12374,350189,2,35018902,318.9645827,317.5836533,1,NA,3.50189e+11,5,3.50189e+13,3501890205,NA,NA,2,NA,NA,4,1,42,1,42045,"045_202",4204529720,42045403502,4206,"12:21",19,NA,NA,NA,"0:10","","","","12:31",14,5,NA,NA,NA,NA,NA,NA,NA,NA,NA,NA,NA,NA,NA,NA,NA,NA,NA,NA,NA,NA,NA,NA,NA,NA,NA,NA,NA,NA,NA,NA,4,1,42,1,42045,"045_203",4204515232,42045403101,4405,1.12,2,12.572461,1.235559,355.6936916,12,31,751,4,"10/25/2012","",0,-75.2966603964201,39.9020047132286,-75.2833403981327,39.9123740495544,"POINT (-75.296660 39.902005)","POINT (-75.283340 39.912374)"
12571,351649,1,35164901,202.8848881,96.4352758,1,NA,3.51649e+11,1,3.51649e+13,3516490101,NA,NA,3,1,2,1,1,42,1,42101,"101_112",4210160000,42101002802,836,"",1,NA,NA,NA,"0:00","","","","6:15",14,5,NA,NA,NA,NA,NA,NA,NA,NA,NA,NA,NA,NA,NA,NA,NA,NA,NA,NA,NA,NA,NA,NA,NA,NA,NA,NA,NA,NA,NA,NA,4,1,42,1,42101,"101_103",4210160000,42101001102,17,1.17,25,16.532926,1.278694,112.8292727,6,15,375,5,"9/28/2012","",0,-75.1599172675313,39.9309896846011,-75.1550139436622,39.9445812882334,"POINT (-75.159917 39.930990)","POINT (-75.155014 39.944581)"
12685,352309,1,35230901,1024.377182,3186.664682,1,NA,3.52309e+11,2,3.52309e+13,3523090102,NA,NA,1,NA,NA,4,1,42,1,42045,"045_203",4204579000,42045400301,4443,"6:17",19,NA,NA,NA,"0:06","","","","6:33",14,5,NA,NA,NA,NA,NA,NA,NA,NA,NA,NA,NA,NA,NA,NA,NA,NA,NA,NA,NA,NA,NA,NA,NA,NA,NA,NA,NA,NA,NA,NA,4,1,42,1,42045,"045_203",4204579000,42045400500,4459,1.17,0,12.279288,1.10537,3728.397678,6,33,393,5,"10/5/2012","",0,-75.2632015381214,39.9505426932584,-75.2626735411038,39.9640057100153,"POINT (-75.263202 39.950543)","POINT (-75.262674 39.964006)"
12687,352309,1,35230901,1024.377182,3186.664682,1,NA,3.52309e+11,4,3.52309e+13,3523090104,NA,NA,1,NA,NA,2,1,42,1,42101,"101_103",4210160000,42101000500,91,"6:58",5,NA,NA,NA,"7:58","","","","14:56",14,5,NA,NA,NA,NA,NA,NA,NA,NA,NA,NA,NA,NA,NA,NA,NA,NA,NA,NA,NA,NA,NA,NA,NA,NA,NA,NA,NA,NA,NA,NA,4,1,42,1,42101,"101_103",4210160000,42101000402,76,1.17,2,5.546592,0.348847,3728.397678,14,56,896,5,"10/5/2012","",0,-75.1612826317197,39.9532127364358,-75.1662257986882,39.9519342771783,"POINT (-75.161283 39.953213)","POINT (-75.166226 39.951934)"
12688,352309,1,35230901,1024.377182,3186.664682,1,NA,3.52309e+11,5,3.52309e+13,3523090105,NA,NA,1,NA,NA,4,1,42,1,42101,"101_103",4210160000,42101000402,76,"14:58",19,NA,NA,NA,"0:08","","","","15:06",14,5,NA,NA,NA,NA,NA,NA,NA,NA,NA,NA,NA,NA,NA,NA,NA,NA,NA,NA,NA,NA,NA,NA,NA,NA,NA,NA,NA,NA,NA,NA,4,1,42,1,42045,"045_203",4204579000,42045400500,4459,1.17,15,23.869646,5.437457,3728.397678,15,6,906,5,"10/5/2012","",0,-75.1662257986882,39.9519342771783,-75.2626735411038,39.9640057100153,"POINT (-75.166226 39.951934)","POINT (-75.262674 39.964006)"
12689,352309,1,35230901,1024.377182,3186.664682,1,NA,3.52309e+11,6,3.52309e+13,3523090106,NA,NA,1,NA,NA,4,1,42,1,42045,"045_203",4204579000,42045400500,4459,"15:21",19,NA,NA,NA,"0:04","","","","15:25",14,5,NA,NA,NA,NA,NA,NA,NA,NA,NA,NA,NA,NA,NA,NA,NA,NA,NA,NA,NA,NA,NA,NA,NA,NA,NA,NA,NA,NA,NA,NA,1,1,42,1,42045,"045_203",4204579000,42045400801,4445,1.17,18,14.941881,1.416776,3728.397678,15,25,925,5,"10/5/2012","",0,-75.2626735411038,39.9640057100153,-75.2730699476355,39.952783790568,"POINT (-75.262674 39.964006)","POINT (-75.273070 39.952784)"
12755,352637,2,35263702,345.4591821,308.5340297,2,NA,3.52637e+11,4,3.52637e+13,3526370204,NA,NA,2,NA,NA,4,1,42,1,42091,"091_401",4209144976,42091204300,10014,"8:30",16,NA,NA,NA,"0:00","","","","9:00",14,5,NA,NA,NA,NA,NA,NA,NA,NA,NA,NA,NA,NA,NA,NA,NA,NA,NA,NA,NA,NA,NA,NA,NA,NA,NA,NA,NA,NA,NA,NA,1,1,42,1,42101,"101_117",4210160000,42101024100,2407,1.17,35,31.740063,0.693966,360.9848148,9,0,540,2,"9/4/2012","",0,-75.2134011763507,40.0130658815662,-75.175919233186,40.0332814777088,"POINT (-75.213401 40.013066)","POINT (-75.175919 40.033281)"
13132,354624,3,35462403,755.4895811,686.1068388,1,NA,3.54624e+11,1,3.54624e+13,3546240301,NA,NA,2,1,2,1,1,42,1,42101,"101_104",4210160000,42101032500,3011,"",1,12,14,2,"0:00","","","","8:00",14,5,NA,NA,NA,NA,NA,NA,NA,NA,NA,NA,NA,NA,NA,NA,NA,NA,NA,NA,NA,NA,NA,NA,NA,NA,NA,NA,NA,NA,NA,NA,3,6,42,1,42101,"101_104",4210160000,42101038100,3001,1.17,45,24.792815,2.591944,802.7450014,8,0,480,2,"9/25/2012","",0,-75.0465195441935,40.0283762827018,-75.0612157075945,40.0086516088368,"POINT (-75.046520 40.028376)","POINT (-75.061216 40.008652)"
13285,355448,1,35544801,246.5390777,112.2625211,1,NA,3.55448e+11,1,3.55448e+13,3554480101,NA,NA,1,1,2,1,1,42,1,42101,"101_112",4210160000,42101003701,828,"",1,NA,NA,NA,"5:00","","","","8:30",21,5,NA,NA,NA,NA,NA,NA,NA,NA,NA,NA,NA,NA,NA,NA,NA,NA,NA,NA,NA,NA,NA,NA,NA,NA,NA,NA,NA,NA,NA,NA,2,1,42,1,42101,"101_110",4210160000,42101036900,1025,1.17,35,25.276286,2.961805,131.3471497,8,30,510,3,"10/3/2012","",0,-75.1782289254393,39.9273662256759,-75.1937934209145,39.951852697735,"POINT (-75.178229 39.927366)","POINT (-75.193793 39.951853)"
13286,355448,1,35544801,246.5390777,112.2625211,1,NA,3.55448e+11,2,3.55448e+13,3554480102,NA,NA,1,NA,NA,2,1,42,1,42101,"101_110",4210160000,42101036900,1025,"9:05",5,NA,NA,NA,"8:00","","","","17:15",21,5,NA,NA,NA,NA,NA,NA,NA,NA,NA,NA,NA,NA,NA,NA,NA,NA,NA,NA,NA,NA,NA,NA,NA,NA,NA,NA,NA,NA,NA,NA,1,1,42,1,42101,"101_112",4210160000,42101003701,828,1.17,25,32.185683,3.492957,131.3471497,17,15,1035,3,"10/3/2012","",0,-75.1937934209145,39.951852697735,-75.1782289254393,39.9273662256759,"POINT (-75.193793 39.951853)","POINT (-75.178229 39.927366)"
13288,355448,2,35544802,246.5390777,128.4232128,1,NA,3.55448e+11,1,3.55448e+13,3554480201,NA,NA,1,1,2,1,1,42,1,42101,"101_112",4210160000,42101003701,828,"",1,NA,NA,NA,"7:00","","","","10:00",21,5,NA,NA,NA,NA,NA,NA,NA,NA,NA,NA,NA,NA,NA,NA,NA,NA,NA,NA,NA,NA,NA,NA,NA,NA,NA,NA,NA,NA,NA,NA,2,1,42,1,42101,"101_103",4210160000,42101000901,40,1.17,45,22.724146,2.46671,150.255159,10,0,600,3,"10/3/2012","",0,-75.1782289254393,39.9273662256759,-75.1611907875754,39.9477574019743,"POINT (-75.178229 39.927366)","POINT (-75.161191 39.947757)"
13289,355448,2,35544802,246.5390777,128.4232128,1,NA,3.55448e+11,2,3.55448e+13,3554480202,NA,NA,1,NA,NA,2,1,42,1,42101,"101_103",4210160000,42101000901,40,"10:45",5,NA,NA,NA,"7:00","","","","18:00",21,5,NA,NA,NA,NA,NA,NA,NA,NA,NA,NA,NA,NA,NA,NA,NA,NA,NA,NA,NA,NA,NA,NA,NA,NA,NA,NA,NA,NA,NA,NA,1,1,42,1,42101,"101_112",4210160000,42101003701,828,1.17,60,22.721886,2.438574,150.255159,18,0,1080,3,"10/3/2012","",0,-75.1611907875754,39.9477574019743,-75.1782289254393,39.9273662256759,"POINT (-75.161191 39.947757)","POINT (-75.178229 39.927366)"
13629,356888,1,35688801,166.9192693,146.3162721,1,NA,3.56888e+11,3,3.56888e+13,3568880103,NA,NA,2,NA,NA,4,1,42,1,42101,"101_110",4210160000,42101036900,1014,"10:06",16,NA,NA,NA,"1:30","","","","11:45",14,5,NA,NA,NA,NA,NA,NA,NA,NA,NA,NA,NA,NA,NA,NA,NA,NA,NA,NA,NA,NA,NA,NA,NA,NA,NA,NA,NA,NA,NA,NA,4,1,42,1,42101,"101_103",4210160000,42101000500,90,1.17,25,24.491364,2.569037,171.1900384,11,45,705,2,"10/16/2012","",0,-75.1928742171467,39.9459041130135,-75.1588750233838,39.9528401835985,"POINT (-75.192874 39.945904)","POINT (-75.158875 39.952840)"
13635,356888,2,35688802,166.9192693,146.3162721,1,NA,3.56888e+11,3,3.56888e+13,3568880203,NA,NA,2,NA,NA,4,1,42,1,42101,"101_110",4210160000,42101036900,1014,"10:04",16,NA,NA,NA,"1:30","","","","11:45",14,5,NA,NA,NA,NA,NA,NA,NA,NA,NA,NA,NA,NA,NA,NA,NA,NA,NA,NA,NA,NA,NA,NA,NA,NA,NA,NA,NA,NA,NA,NA,4,1,42,1,42101,"101_103",4210160000,42101000500,90,1.17,25,24.491364,2.569037,171.1900384,11,45,705,2,"10/16/2012","",0,-75.1928742171467,39.9459041130135,-75.1588750233838,39.9528401835985,"POINT (-75.192874 39.945904)","POINT (-75.158875 39.952840)"
13752,357414,2,35741402,195.3440029,78.86055791,1,NA,3.57414e+11,6,3.57414e+13,3574140206,NA,NA,1,NA,NA,4,1,42,1,42101,"101_103",4210160000,42101000100,65,"16:45",19,NA,NA,NA,"0:00","","","","16:46",21,5,NA,NA,NA,NA,NA,NA,NA,NA,NA,NA,NA,NA,NA,NA,NA,NA,NA,NA,NA,NA,NA,NA,NA,NA,NA,NA,NA,NA,NA,NA,4,1,42,1,42101,"101_103",4210160000,42101000500,71,1.12,3,7.253304,0.890994,88.32382486,16,46,1006,2,"9/11/2012","",0,-75.1427276091799,39.9500099248171,-75.1584725274299,39.950967187359,"POINT (-75.142728 39.950010)","POINT (-75.158473 39.950967)"
13864,357775,3,35777503,129.8152217,103.6732168,1,NA,3.57775e+11,1,3.57775e+13,3577750301,NA,NA,2,1,2,1,1,42,1,42101,"101_103",4210160000,42101000801,49,"",1,NA,NA,NA,"4:10","","","","7:10",14,5,NA,NA,NA,NA,NA,NA,NA,NA,NA,NA,NA,NA,NA,NA,NA,NA,NA,NA,NA,NA,NA,NA,NA,NA,NA,NA,NA,NA,NA,NA,3,6,42,1,42101,"101_103",4210160000,42101000500,91,1.15,24,13.409997,1.239621,119.2241993,7,10,430,4,"9/13/2012","",0,-75.1781614636911,39.9498663111966,-75.1612826317197,39.9532127364358,"POINT (-75.178161 39.949866)","POINT (-75.161283 39.953213)"
13910,357964,1,35796401,175.6427398,139.6164443,1,NA,3.57964e+11,1,3.57964e+13,3579640101,NA,NA,3,3,2,4,1,42,1,42091,"091_409",4209155512,42091201100,11633,"",20,NA,NA,NA,"0:00","","","","5:54",21,5,NA,NA,NA,NA,NA,NA,NA,NA,NA,NA,NA,NA,NA,NA,NA,NA,NA,NA,NA,NA,NA,NA,NA,NA,NA,NA,NA,NA,NA,NA,2,1,42,1,42101,"101_103",4210160000,42101000402,75,1.12,46,56.61263,23.048552,156.3704176,5,54,354,5,"10/12/2012","",0,-75.274466211559,40.2111841677703,-75.1647675352254,39.9513827603519,"POINT (-75.274466 40.211184)","POINT (-75.164768 39.951383)"
13911,357964,1,35796401,175.6427398,139.6164443,1,NA,3.57964e+11,2,3.57964e+13,3579640102,NA,NA,3,NA,NA,2,1,42,1,42101,"101_103",4210160000,42101000402,75,"6:40",5,NA,NA,NA,"0:00","","","","15:30",21,5,NA,NA,NA,NA,NA,NA,NA,NA,NA,NA,NA,NA,NA,NA,NA,NA,NA,NA,NA,NA,NA,NA,NA,NA,NA,NA,NA,NA,NA,NA,4,1,42,1,42091,"091_409",4209155512,42091201100,11633,1.12,70,52.446211,23.093914,156.3704176,15,30,930,5,"10/12/2012","",0,-75.1647675352254,39.9513827603519,-75.274466211559,40.2111841677703,"POINT (-75.164768 39.951383)","POINT (-75.274466 40.211184)"
14122,358888,1,35888801,325.7135624,889.9999086,1,NA,3.58888e+11,1,3.58888e+13,3588880101,NA,NA,3,2,2,4,1,42,1,42091,"091_401",4209144976,42091205503,10001,"",16,NA,NA,NA,"2:25","","","","10:35",21,5,NA,NA,NA,NA,NA,NA,NA,NA,NA,NA,NA,NA,NA,NA,NA,NA,NA,NA,NA,NA,NA,NA,NA,NA,NA,NA,NA,NA,NA,NA,4,1,42,1,42101,"101_101",4210160000,42101020000,1415,1.17,55,61.68193,11.444159,1041.299893,10,35,635,1,"10/15/2012","",0,-75.2697148355171,39.9862485416151,-75.1509013014001,40.0025369261947,"POINT (-75.269715 39.986249)","POINT (-75.150901 40.002537)"
14123,358888,1,35888801,325.7135624,889.9999086,1,NA,3.58888e+11,2,3.58888e+13,3588880102,NA,NA,3,NA,NA,4,1,42,1,42101,"101_101",4210160000,42101020000,1415,"11:30",16,NA,NA,NA,"3:00","","","","14:30",21,5,NA,NA,NA,NA,NA,NA,NA,NA,NA,NA,NA,NA,NA,NA,NA,NA,NA,NA,NA,NA,NA,NA,NA,NA,NA,NA,NA,NA,NA,NA,4,1,42,1,42101,"101_101",4210160000,42101020300,1432,1.17,40,11.450578,0.761206,1041.299893,14,30,870,1,"10/15/2012","",0,-75.1509013014001,40.0025369261947,-75.1495939755084,40.0125900284939,"POINT (-75.150901 40.002537)","POINT (-75.149594 40.012590)"
14124,358888,1,35888801,325.7135624,889.9999086,1,NA,3.58888e+11,3,3.58888e+13,3588880103,NA,NA,3,NA,NA,4,1,42,1,42101,"101_101",4210160000,42101020300,1432,"15:10",6,NA,NA,NA,"0:00","","","","15:50",21,5,NA,NA,NA,NA,NA,NA,NA,NA,NA,NA,NA,NA,NA,NA,NA,NA,NA,NA,NA,NA,NA,NA,NA,NA,NA,NA,NA,NA,NA,NA,1,1,42,1,42101,"101_101",4210160000,42101019700,1437,1.17,40,18.600063,1.322947,1041.299893,15,50,950,1,"10/15/2012","",0,-75.1495939755084,40.0125900284939,-75.1379390053678,40.0162879355525,"POINT (-75.149594 40.012590)","POINT (-75.137939 40.016288)"
14128,358888,2,35888802,325.7135624,559.0923894,1,NA,3.58888e+11,1,3.58888e+13,3588880201,NA,NA,2,3,2,1,1,42,1,42101,"101_101",4210160000,42101019700,1437,"",1,NA,NA,NA,"0:00","","","","7:00",14,5,NA,NA,NA,NA,NA,NA,NA,NA,NA,NA,NA,NA,NA,NA,NA,NA,NA,NA,NA,NA,NA,NA,NA,NA,NA,NA,NA,NA,NA,NA,4,1,42,1,42091,"091_401",4209144976,42091205503,10001,1.17,60,74.416215,12.716451,654.1380955,7,0,420,1,"10/15/2012","",0,-75.1379390053678,40.0162879355525,-75.2697148355171,39.9862485416151,"POINT (-75.137939 40.016288)","POINT (-75.269715 39.986249)"
14129,358888,2,35888802,325.7135624,559.0923894,1,NA,3.58888e+11,2,3.58888e+13,3588880202,NA,NA,2,NA,NA,4,1,42,1,42091,"091_401",4209144976,42091205503,10001,"8:00",16,NA,NA,NA,"2:25","","","","10:35",14,5,NA,NA,NA,NA,NA,NA,NA,NA,NA,NA,NA,NA,NA,NA,NA,NA,NA,NA,NA,NA,NA,NA,NA,NA,NA,NA,NA,NA,NA,NA,4,1,42,1,42101,"101_101",4210160000,42101020000,1415,1.17,55,61.68193,11.444159,654.1380955,10,35,635,1,"10/15/2012","",0,-75.2697148355171,39.9862485416151,-75.1509013014001,40.0025369261947,"POINT (-75.269715 39.986249)","POINT (-75.150901 40.002537)"
14130,358888,2,35888802,325.7135624,559.0923894,1,NA,3.58888e+11,3,3.58888e+13,3588880203,NA,NA,2,NA,NA,4,1,42,1,42101,"101_101",4210160000,42101020000,1415,"11:30",16,NA,NA,NA,"3:00","","","","14:30",14,5,NA,NA,NA,NA,NA,NA,NA,NA,NA,NA,NA,NA,NA,NA,NA,NA,NA,NA,NA,NA,NA,NA,NA,NA,NA,NA,NA,NA,NA,NA,4,1,42,1,42101,"101_101",4210160000,42101020300,1432,1.17,40,11.450578,0.761206,654.1380955,14,30,870,1,"10/15/2012","",0,-75.1509013014001,40.0025369261947,-75.1495939755084,40.0125900284939,"POINT (-75.150901 40.002537)","POINT (-75.149594 40.012590)"
14131,358888,2,35888802,325.7135624,559.0923894,1,NA,3.58888e+11,4,3.58888e+13,3588880204,NA,NA,2,NA,NA,4,1,42,1,42101,"101_101",4210160000,42101020300,1432,"15:10",6,NA,NA,NA,"0:00","","","","15:40",14,5,NA,NA,NA,NA,NA,NA,NA,NA,NA,NA,NA,NA,NA,NA,NA,NA,NA,NA,NA,NA,NA,NA,NA,NA,NA,NA,NA,NA,NA,NA,1,1,42,1,42101,"101_101",4210160000,42101019700,1437,1.17,50,18.600063,1.322947,654.1380955,15,40,940,1,"10/15/2012","",0,-75.1495939755084,40.0125900284939,-75.1379390053678,40.0162879355525,"POINT (-75.149594 40.012590)","POINT (-75.137939 40.016288)"
14166,359395,1,35939501,264.8909442,100.7673131,1,NA,3.59395e+11,1,3.59395e+13,3593950101,NA,NA,2,4,2,1,1,42,1,42101,"101_103",4210160000,42101000700,62,"",1,NA,NA,NA,"11:24","","","","14:24",14,5,NA,NA,NA,NA,NA,NA,NA,NA,NA,NA,NA,NA,NA,NA,NA,NA,NA,NA,NA,NA,NA,NA,NA,NA,NA,NA,NA,NA,NA,NA,4,1,42,1,42101,"101_110",4210160000,42101036900,1018,1.17,26,15.487689,1.413841,117.8977564,14,24,864,5,"9/21/2012","",0,-75.1742218041379,39.9513700637455,-75.1957094473416,39.9494354858208,"POINT (-75.174222 39.951370)","POINT (-75.195709 39.949435)"
14170,359395,1,35939501,264.8909442,100.7673131,1,NA,3.59395e+11,5,3.59395e+13,3593950105,NA,NA,2,NA,NA,4,1,42,1,42101,"101_110",4210160000,42101008802,1031,"18:22",19,NA,NA,NA,"0:04","","","","18:26",14,5,NA,NA,NA,NA,NA,NA,NA,NA,NA,NA,NA,NA,NA,NA,NA,NA,NA,NA,NA,NA,NA,NA,NA,NA,NA,NA,NA,NA,NA,NA,1,1,42,1,42101,"101_103",4210160000,42101000700,62,1.17,10,17.113547,1.769859,117.8977564,18,26,1106,5,"9/21/2012","",0,-75.2024327640643,39.9546329212277,-75.1742218041379,39.9513700637455,"POINT (-75.202433 39.954633)","POINT (-75.174222 39.951370)"
14226,359679,1,35967901,352.520661,131.8726875,1,NA,3.59679e+11,1,3.59679e+13,3596790101,NA,NA,2,2,2,1,1,42,1,42101,"101_112",4210160000,42101004102,807,"",1,NA,NA,NA,"3:45","","","","11:00",14,5,NA,NA,NA,NA,NA,NA,NA,NA,NA,NA,NA,NA,NA,NA,NA,NA,NA,NA,NA,NA,NA,NA,NA,NA,NA,NA,NA,NA,NA,NA,4,1,42,1,42101,"101_112",4210160000,42101037200,803,1.17,15,6.724507,0.545029,154.2910443,11,0,660,4,"12/27/2012","",0,-75.1603362537134,39.9167023901516,-75.1543285653421,39.912135860101,"POINT (-75.160336 39.916702)","POINT (-75.154329 39.912136)"
14283,360497,2,36049702,140.0677812,127.8768106,1,NA,3.60497e+11,2,3.60497e+13,3604970202,NA,NA,1,NA,NA,4,1,42,1,42101,"101_103",4210160000,42101012500,134,"15:00",5,NA,NA,NA,"2:30","","","","17:30",14,5,NA,NA,NA,NA,NA,NA,NA,NA,NA,NA,NA,NA,NA,NA,NA,NA,NA,NA,NA,NA,NA,NA,NA,NA,NA,NA,NA,NA,NA,NA,2,1,42,1,42101,"101_103",4210160000,42101000100,87,1.12,15,18.096997,1.634286,143.2220279,17,30,1050,4,"10/25/2012","",0,-75.1632627264191,39.9610182840982,-75.150229373412,39.9517620658106,"POINT (-75.163263 39.961018)","POINT (-75.150229 39.951762)"
14284,360497,2,36049702,140.0677812,127.8768106,1,NA,3.60497e+11,3,3.60497e+13,3604970203,NA,NA,1,NA,NA,2,1,42,1,42101,"101_103",4210160000,42101000100,87,"17:45",5,NA,NA,NA,"1:30","","","","19:15",14,5,NA,NA,NA,NA,NA,NA,NA,NA,NA,NA,NA,NA,NA,NA,NA,NA,NA,NA,NA,NA,NA,NA,NA,NA,NA,NA,NA,NA,NA,NA,1,1,42,1,42101,"101_112",4210160000,42101002100,847,1.12,30,20.786151,2.611997,143.2220279,19,15,1155,4,"10/25/2012","",0,-75.150229373412,39.9517620658106,-75.1768973037301,39.9372294658397,"POINT (-75.150229 39.951762)","POINT (-75.176897 39.937229)"
14291,360551,1,36055101,386.0206682,189.3609971,1,NA,3.60551e+11,4,3.60551e+13,3605510104,NA,NA,2,NA,NA,4,1,42,1,42101,"101_111",4210160000,42101008101,1202,"15:36",19,NA,NA,NA,"0:01","","","","15:38",14,5,NA,NA,NA,NA,NA,NA,NA,NA,NA,NA,NA,NA,NA,NA,NA,NA,NA,NA,NA,NA,NA,NA,NA,NA,NA,NA,NA,NA,NA,NA,1,1,42,1,42101,"101_110",4210160000,42101006500,1002,1.17,9,14.864683,1.563563,221.5523666,15,38,938,2,"10/9/2012","",0,-75.2376648010527,39.9482763035952,-75.2351116826331,39.934447396763,"POINT (-75.237665 39.948276)","POINT (-75.235112 39.934447)"
14295,360551,2,36055102,386.0206682,117.1287933,1,NA,3.60551e+11,1,3.60551e+13,3605510201,NA,NA,3,0,2,2,1,42,1,42101,"101_103",4210160000,42101000500,91,"",5,NA,NA,NA,"0:00","","","","6:00",14,5,NA,NA,NA,NA,NA,NA,NA,NA,NA,NA,NA,NA,NA,NA,NA,NA,NA,NA,NA,NA,NA,NA,NA,NA,NA,NA,NA,NA,NA,NA,1,1,42,1,42101,"101_110",4210160000,42101006500,1002,1.17,60,29.486761,4.559898,137.0406882,6,0,360,2,"10/9/2012","",0,-75.1612826317197,39.9532127364358,-75.2351116826331,39.934447396763,"POINT (-75.161283 39.953213)","POINT (-75.235112 39.934447)"
14298,360551,2,36055102,386.0206682,117.1287933,3,NA,3.60551e+11,4,3.60551e+13,3605510204,NA,NA,3,0,NA,1,1,42,1,42101,"101_110",4210160000,42101006500,1002,"19:31",1,NA,NA,NA,"0:00","","","","20:30",14,5,NA,NA,NA,NA,NA,NA,NA,NA,NA,NA,NA,NA,NA,NA,NA,NA,NA,NA,NA,NA,NA,NA,NA,NA,NA,NA,NA,NA,NA,NA,2,1,42,1,42101,"101_103",4210160000,42101000500,91,1.17,90,27.363237,4.592957,137.0406882,20,30,1230,2,"10/9/2012","",0,-75.2351116826331,39.934447396763,-75.1612826317197,39.9532127364358,"POINT (-75.235112 39.934447)","POINT (-75.161283 39.953213)"
14309,360795,1,36079501,187.1299238,85.27867211,1,NA,3.60795e+11,2,3.60795e+13,3607950102,NA,NA,2,NA,NA,4,1,42,1,42101,"101_112",4210160000,42101004201,815,"10:04",19,NA,NA,NA,"0:00","","","","10:15",14,5,NA,NA,NA,NA,NA,NA,NA,NA,NA,NA,NA,NA,NA,NA,NA,NA,NA,NA,NA,NA,NA,NA,NA,NA,NA,NA,NA,NA,NA,NA,4,1,42,1,42101,"101_103",4210160000,42101000100,87,1.17,15,24.701409,2.491256,99.77604637,10,15,615,4,"10/11/2012","",0,-75.1515094031092,39.9207626635082,-75.150229373412,39.9517620658106,"POINT (-75.151509 39.920763)","POINT (-75.150229 39.951762)"
14685,363301,1,36330101,214.4895483,88.50133782,1,NA,3.63301e+11,1,3.63301e+13,3633010101,NA,NA,1,3,2,1,1,42,1,42101,"101_109",4210160000,42101016000,608,"",1,NA,NA,NA,"5:00","","","","8:30",21,5,NA,NA,NA,NA,NA,NA,NA,NA,NA,NA,NA,NA,NA,NA,NA,NA,NA,NA,NA,NA,NA,NA,NA,NA,NA,NA,NA,NA,NA,NA,4,1,42,1,42045,"045_203",4204579000,42045400500,4459,1.17,30,44.687846,9.313176,103.5465653,8,30,510,3,"9/12/2012","",0,-75.1247882287306,39.9802857304346,-75.2626735411038,39.9640057100153,"POINT (-75.124788 39.980286)","POINT (-75.262674 39.964006)"
14686,363301,1,36330101,214.4895483,88.50133782,1,NA,3.63301e+11,2,3.63301e+13,3633010102,NA,NA,1,NA,NA,4,1,42,1,42045,"045_203",4204579000,42045400500,4459,"9:00",19,NA,NA,NA,"0:30","","","","9:30",23,5,NA,NA,NA,NA,NA,NA,NA,NA,NA,NA,NA,NA,NA,NA,NA,NA,NA,NA,NA,NA,NA,NA,NA,NA,NA,NA,NA,NA,NA,NA,4,1,42,1,42045,"045_205",4204579248,42045407902,4829,1.17,30,45.224822,9.888889,103.5465653,9,30,570,3,"9/12/2012","",0,-75.2626735411038,39.9640057100153,-75.3967642023521,39.912580844843,"POINT (-75.262674 39.964006)","POINT (-75.396764 39.912581)"
14687,363301,1,36330101,214.4895483,88.50133782,1,NA,3.63301e+11,3,3.63301e+13,3633010103,NA,NA,1,NA,NA,4,1,42,1,42045,"045_205",4204579248,42045407902,4829,"10:00",5,NA,NA,NA,"6:00","","","","16:30",23,5,NA,NA,NA,NA,NA,NA,NA,NA,NA,NA,NA,NA,NA,NA,NA,NA,NA,NA,NA,NA,NA,NA,NA,NA,NA,NA,NA,NA,NA,NA,2,1,42,1,42101,"101_109",4210160000,42101016000,608,1.17,30,72.557907,18.042141,103.5465653,16,30,990,3,"9/12/2012","",0,-75.3967642023521,39.912580844843,-75.1247882287306,39.9802857304346,"POINT (-75.396764 39.912581)","POINT (-75.124788 39.980286)"
14688,363301,1,36330101,214.4895483,88.50133782,1,NA,3.63301e+11,4,3.63301e+13,3633010104,NA,NA,1,NA,NA,2,1,42,1,42101,"101_109",4210160000,42101016000,608,"17:00",19,NA,NA,NA,"0:10","","","","17:10",21,5,NA,NA,NA,NA,NA,NA,NA,NA,NA,NA,NA,NA,NA,NA,NA,NA,NA,NA,NA,NA,NA,NA,NA,NA,NA,NA,NA,NA,NA,NA,1,1,42,1,42101,"101_109",4210160000,42101016000,608,1.17,30,6.798726,0.185594,103.5465653,17,10,1030,3,"9/12/2012","",0,-75.1247882287306,39.9802857304346,-75.1247882287306,39.9802857304346,"POINT (-75.124788 39.980286)","POINT (-75.124788 39.980286)"
14777,363701,1,36370101,85.01081176,86.76954776,1,NA,3.63701e+11,7,3.63701e+13,3637010107,NA,NA,3,NA,NA,4,1,42,1,42101,"101_103",4210160000,42101000401,85,"13:03",19,NA,NA,NA,"0:02","","","","13:05",23,5,NA,NA,NA,NA,NA,NA,NA,NA,NA,NA,NA,NA,NA,NA,NA,NA,NA,NA,NA,NA,NA,NA,NA,NA,NA,NA,NA,NA,NA,NA,4,1,42,1,42101,"101_110",4210160000,42101036900,1030,1.15,5,10.861325,1.168778,99.78497993,13,5,785,3,"10/17/2012","",0,-75.1779217463161,39.9533873770951,-75.1941152941134,39.9546263068532,"POINT (-75.177922 39.953387)","POINT (-75.194115 39.954626)"
14780,363701,1,36370101,85.01081176,86.76954776,1,NA,3.63701e+11,10,3.63701e+13,3637010110,NA,NA,3,NA,NA,4,1,42,1,42101,"101_110",4210160000,42101008802,1031,"13:48",19,NA,NA,NA,"0:01","","","","13:49",21,5,NA,NA,NA,NA,NA,NA,NA,NA,NA,NA,NA,NA,NA,NA,NA,NA,NA,NA,NA,NA,NA,NA,NA,NA,NA,NA,NA,NA,NA,NA,4,1,42,1,42101,"101_110",4210160000,42101980000,1040,1.15,2,16.851033,1.65143,99.78497993,13,49,829,3,"10/17/2012","",0,-75.2024327640643,39.9546329212277,-75.1834073455283,39.9599979498596,"POINT (-75.202433 39.954633)","POINT (-75.183407 39.959998)"
15275,365713,1,36571301,158.192898,89.96330309,2,NA,3.65713e+11,6,3.65713e+13,3657130106,NA,NA,2,NA,NA,4,1,42,1,42101,"101_103",4210160000,42101001002,10,"18:25",11,12,NA,NA,"0:00","","","","21:15",14,5,NA,NA,NA,NA,NA,NA,NA,NA,NA,NA,NA,NA,NA,NA,NA,NA,NA,NA,NA,NA,NA,NA,NA,NA,NA,NA,NA,NA,NA,NA,1,1,42,1,42101,"101_103",4210160000,42101001002,11,1.17,45,3.35,0.176469,105.2570646,21,15,1275,2,"10/23/2012","",0,-75.1445453348899,39.9427167473736,-75.1480724206306,39.9424699004001,"POINT (-75.144545 39.942717)","POINT (-75.148072 39.942470)"
15283,365713,2,36571302,158.192898,96.4352758,2,NA,3.65713e+11,7,3.65713e+13,3657130207,NA,NA,2,NA,NA,4,1,42,1,42101,"101_103",4210160000,42101001500,6,"18:30",11,NA,NA,NA,"2:00","","","","21:30",14,5,NA,NA,NA,NA,NA,NA,NA,NA,NA,NA,NA,NA,NA,NA,NA,NA,NA,NA,NA,NA,NA,NA,NA,NA,NA,NA,NA,NA,NA,NA,1,1,42,1,42101,"101_103",4210160000,42101001002,11,1.17,30,10.819844,0.75468,112.8292727,21,30,1290,2,"10/23/2012","",0,-75.1591175345241,39.9419118021734,-75.1480724206306,39.9424699004001,"POINT (-75.159118 39.941912)","POINT (-75.148072 39.942470)"
15381,366117,1,36611701,340.3264668,91.98441287,1,NA,3.66117e+11,3,3.66117e+13,3661170103,NA,NA,1,NA,NA,4,1,42,1,42101,"101_103",4210160000,42101000500,71,"8:35",19,NA,NA,NA,"0:00","","","","8:36",21,5,NA,NA,NA,NA,NA,NA,NA,NA,NA,NA,NA,NA,NA,NA,NA,NA,NA,NA,NA,NA,NA,NA,NA,NA,NA,NA,NA,NA,NA,NA,4,1,42,1,42045,"045_203",4204579000,42045400500,4459,1.17,15,25.090802,5.803486,107.6217631,8,36,516,4,"9/20/2012","",0,-75.1584725274299,39.950967187359,-75.2626735411038,39.9640057100153,"POINT (-75.158473 39.950967)","POINT (-75.262674 39.964006)"
15703,367386,2,36738602,201.0406376,169.3614914,1,NA,3.67386e+11,1,3.67386e+13,3673860201,NA,NA,1,2,2,1,1,42,1,42101,"101_109",4210160000,42101016000,607,"",1,5,NA,NA,"0:00","","","","10:00",14,5,NA,NA,NA,NA,NA,NA,NA,NA,NA,NA,NA,NA,NA,NA,NA,NA,NA,NA,NA,NA,NA,NA,NA,NA,NA,NA,NA,NA,NA,NA,4,1,42,1,42101,"101_103",4210160000,42101000100,65,1.17,20,22.445479,3.222854,198.1529449,10,0,600,2,"9/11/2012","",0,-75.1213011404462,39.9783266828423,-75.1427276091799,39.9500099248171,"POINT (-75.121301 39.978327)","POINT (-75.142728 39.950010)"
15705,367386,2,36738602,201.0406376,169.3614914,1,NA,3.67386e+11,3,3.67386e+13,3673860203,NA,NA,1,NA,NA,4,1,42,1,42101,"101_110",4210160000,42101009100,1037,"11:20",16,NA,NA,NA,"0:00","","","","11:40",14,5,NA,NA,NA,NA,NA,NA,NA,NA,NA,NA,NA,NA,NA,NA,NA,NA,NA,NA,NA,NA,NA,NA,NA,NA,NA,NA,NA,NA,NA,NA,1,1,42,1,42101,"101_109",4210160000,42101016000,607,1.17,20,38.58122,5.556861,198.1529449,11,40,700,2,"9/11/2012","",0,-75.1977262540913,39.9594259908695,-75.1213011404462,39.9783266828423,"POINT (-75.197726 39.959426)","POINT (-75.121301 39.978327)"
15802,367895,3,36789503,212.6459498,752.7664895,1,NA,3.67895e+11,1,3.67895e+13,3678950301,NA,NA,2,1,2,1,1,42,1,42101,"101_112",4210160000,42101004001,819,"",1,NA,NA,NA,"0:00","","","","8:00",21,5,NA,NA,NA,NA,NA,NA,NA,NA,NA,NA,NA,NA,NA,NA,NA,NA,NA,NA,NA,NA,NA,NA,NA,NA,NA,NA,NA,NA,NA,NA,3,6,42,1,42101,"101_107",4210160000,42101037700,414,1.12,45,27.943671,4.32265,843.0984683,8,0,480,4,"10/4/2012","",0,-75.1662120144978,39.9238115855567,-75.1545851492175,39.9813757258968,"POINT (-75.166212 39.923812)","POINT (-75.154585 39.981376)"
15820,367949,1,36794901,432.8589286,77.31250438,2,NA,3.67949e+11,4,3.67949e+13,3679490104,NA,NA,1,NA,NA,4,1,42,1,42045,"045_203",4204579000,42045400500,4461,"15:05",4,NA,NA,NA,"0:00","","","","15:20",14,5,NA,NA,NA,NA,NA,NA,NA,NA,NA,NA,NA,NA,NA,NA,NA,NA,NA,NA,NA,NA,NA,NA,NA,NA,NA,NA,NA,NA,NA,NA,4,1,42,1,42101,"101_103",4210160000,42101000500,88,1.17,20,32.751294,7.059347,90.45563013,15,20,920,2,"10/16/2012","",0,-75.2774149663199,39.9687743576991,-75.1541388337345,39.9522458625874,"POINT (-75.277415 39.968774)","POINT (-75.154139 39.952246)"
16244,369853,1,36985301,317.9730521,114.0394022,1,NA,3.69853e+11,1,3.69853e+13,3698530101,NA,NA,2,1,2,1,1,42,1,42101,"101_117",4210160000,42101024200,2404,"",1,NA,NA,NA,"4:00","","","","9:30",14,5,NA,NA,NA,NA,NA,NA,NA,NA,NA,NA,NA,NA,NA,NA,NA,NA,NA,NA,NA,NA,NA,NA,NA,NA,NA,NA,NA,NA,NA,NA,4,1,42,1,42101,"101_103",4210160000,42101000500,69,1.17,30,31.050788,6.468483,133.4261006,9,30,570,2,"10/16/2012","",0,-75.1697103405146,40.0285190426739,-75.1537481432666,39.9503794767793,"POINT (-75.169710 40.028519)","POINT (-75.153748 39.950379)"
16245,369853,1,36985301,317.9730521,114.0394022,1,NA,3.69853e+11,2,3.69853e+13,3698530102,NA,NA,2,NA,NA,4,1,42,1,42101,"101_103",4210160000,42101000500,69,"10:00",16,6,NA,NA,"1:45","0:15","","","12:00",14,5,NA,NA,NA,NA,NA,NA,NA,NA,NA,NA,NA,NA,NA,NA,NA,NA,NA,NA,NA,NA,NA,NA,NA,NA,NA,NA,NA,NA,NA,NA,1,1,42,1,42101,"101_117",4210160000,42101024200,2404,1.17,60,30.597312,6.233466,133.4261006,12,0,720,2,"10/16/2012","",0,-75.1537481432666,39.9503794767793,-75.1697103405146,40.0285190426739,"POINT (-75.153748 39.950379)","POINT (-75.169710 40.028519)"
16408,371290,1,37129001,153.0072485,744.8715468,1,NA,3.7129e+11,1,3.7129e+13,3712900101,NA,NA,2,4,2,1,1,42,1,42045,"045_202",4204575648,42045407600,4251,"",1,NA,NA,NA,"0:00","","","","15:40",14,5,NA,NA,NA,NA,NA,NA,NA,NA,NA,NA,NA,NA,NA,NA,NA,NA,NA,NA,NA,NA,NA,NA,NA,NA,NA,NA,NA,NA,NA,NA,4,3,42,1,42045,"045_202",4204575648,42045407801,4251,1.12,20,12.692349,0.443193,834.2561324,15,40,940,4,"10/25/2012","",0,-75.3461204046108,39.9094203303953,-75.3461204046108,39.9094203303953,"POINT (-75.346120 39.909420)","POINT (-75.346120 39.909420)"
16989,374550,1,37455001,305.7923578,159.7622168,1,NA,3.7455e+11,2,3.7455e+13,3745500102,NA,NA,2,NA,NA,4,1,42,1,42101,"101_110",4210160000,42101007700,1015,"10:05",19,NA,NA,NA,"0:15","","","","10:20",21,5,NA,NA,NA,NA,NA,NA,NA,NA,NA,NA,NA,NA,NA,NA,NA,NA,NA,NA,NA,NA,NA,NA,NA,NA,NA,NA,NA,NA,NA,NA,4,1,42,1,42101,"101_103",4210160000,42101000500,69,1.17,3,21.030085,3.392987,186.9217936,10,20,620,2,"9/11/2012","",0,-75.208260147084,39.9463603580681,-75.1537481432666,39.9503794767793,"POINT (-75.208260 39.946360)","POINT (-75.153748 39.950379)"
17442,376983,1,37698301,271.848135,99.58873313,1,NA,3.76983e+11,2,3.76983e+13,3769830102,NA,NA,1,NA,NA,4,1,42,1,42101,"101_103",4210160000,42101000300,115,"8:30",3,NA,NA,NA,"3:00","","","","11:30",21,5,NA,NA,NA,NA,NA,NA,NA,NA,NA,NA,NA,NA,NA,NA,NA,NA,NA,NA,NA,NA,NA,NA,NA,NA,NA,NA,NA,NA,NA,NA,2,1,42,1,42101,"101_110",4210160000,42101036900,1025,1.12,45,19.099344,2.092513,111.5393811,11,30,690,3,"10/3/2012","",0,-75.1668204811424,39.9566224991973,-75.1937934209145,39.951852697735,"POINT (-75.166820 39.956622)","POINT (-75.193793 39.951853)"
17595,377716,1,37771601,193.2614659,1111.42827,1,NA,3.77716e+11,1,3.77716e+13,3777160101,NA,NA,2,3,2,1,1,42,1,42101,"101_103",4210160000,42101013200,132,"",1,NA,NA,NA,"4:30","","","","12:40",14,5,NA,NA,NA,NA,NA,NA,NA,NA,NA,NA,NA,NA,NA,NA,NA,NA,NA,NA,NA,NA,NA,NA,NA,NA,NA,NA,NA,NA,NA,NA,4,1,42,1,42101,"101_103",4210160000,42101000700,61,1.17,35,19.55865,1.631883,1300.371076,12,40,760,2,"9/4/2012","",0,-75.1571353154683,39.9662123143604,-75.1705068930163,39.9509065904554,"POINT (-75.157135 39.966212)","POINT (-75.170507 39.950907)"
17596,377716,1,37771601,193.2614659,1111.42827,1,NA,3.77716e+11,2,3.77716e+13,3777160102,NA,NA,2,NA,NA,4,1,42,1,42101,"101_103",4210160000,42101000700,61,"13:15",19,8,NA,NA,"0:15","0:04","","","13:34",14,5,NA,NA,NA,NA,NA,NA,NA,NA,NA,NA,NA,NA,NA,NA,NA,NA,NA,NA,NA,NA,NA,NA,NA,NA,NA,NA,NA,NA,NA,NA,4,1,42,1,42101,"101_103",4210160000,42101001102,15,1.17,24,17.956833,1.232819,1300.371076,13,34,814,2,"9/4/2012","",0,-75.1705068930163,39.9509065904554,-75.1569523625043,39.943116935689,"POINT (-75.170507 39.950907)","POINT (-75.156952 39.943117)"
17598,377716,1,37771601,193.2614659,1111.42827,1,NA,3.77716e+11,4,3.77716e+13,3777160104,NA,NA,2,NA,NA,4,1,42,1,42101,"101_103",4210160000,42101001500,6,"14:20",11,NA,NA,NA,"0:05","","","","14:25",14,5,NA,NA,NA,NA,NA,NA,NA,NA,NA,NA,NA,NA,NA,NA,NA,NA,NA,NA,NA,NA,NA,NA,NA,NA,NA,NA,NA,NA,NA,NA,1,1,42,1,42101,"101_103",4210160000,42101013200,132,1.17,32,21.381213,1.841329,1300.371076,14,25,865,2,"9/4/2012","",0,-75.1591175345241,39.9419118021734,-75.1571353154683,39.9662123143604,"POINT (-75.159118 39.941912)","POINT (-75.157135 39.966212)"
17600,377716,2,37771602,193.2614659,1169.777712,1,NA,3.77716e+11,1,3.77716e+13,3777160201,NA,NA,2,2,2,1,1,42,1,42101,"101_103",4210160000,42101013200,132,"",1,7,NA,NA,"7:30","2:00","","","12:30",14,5,NA,NA,NA,NA,NA,NA,NA,NA,NA,NA,NA,NA,NA,NA,NA,NA,NA,NA,NA,NA,NA,NA,NA,NA,NA,NA,NA,NA,NA,NA,4,1,42,1,42101,"101_103",4210160000,42101000500,71,1.17,NA,12.933255,1.159696,1368.639923,12,30,750,2,"9/4/2012","",0,-75.1571353154683,39.9662123143604,-75.1584725274299,39.950967187359,"POINT (-75.157135 39.966212)","POINT (-75.158473 39.950967)"
17602,377716,2,37771602,193.2614659,1169.777712,1,NA,3.77716e+11,3,3.77716e+13,3777160203,NA,NA,2,NA,NA,4,1,42,1,42101,"101_103",4210160000,42101000200,108,"15:00",6,NA,NA,NA,"0:30","","","","15:30",14,5,NA,NA,NA,NA,NA,NA,NA,NA,NA,NA,NA,NA,NA,NA,NA,NA,NA,NA,NA,NA,NA,NA,NA,NA,NA,NA,NA,NA,NA,NA,1,1,42,1,42101,"101_103",4210160000,42101013200,132,1.17,30,11.553389,1.021617,1368.639923,15,30,930,2,"9/4/2012","",0,-75.1560983260195,39.9553691545034,-75.1571353154683,39.9662123143604,"POINT (-75.156098 39.955369)","POINT (-75.157135 39.966212)"
17665,377920,1,37792001,67.27115359,93.57981743,1,NA,3.7792e+11,1,3.7792e+13,3779200101,NA,NA,2,2,2,1,1,42,1,42101,"101_114",4210160000,42101031300,1620,"",1,NA,NA,NA,"7:30","","","","10:30",14,5,NA,NA,NA,NA,NA,NA,NA,NA,NA,NA,NA,NA,NA,NA,NA,NA,NA,NA,NA,NA,NA,NA,NA,NA,NA,NA,NA,NA,NA,NA,4,1,42,1,42101,"101_104",4210160000,42101031600,3014,1.13,12,12.733217,1.490885,105.7451937,10,30,630,5,"10/12/2012","",0,-75.07263574168,40.0408416566457,-75.0593151476913,40.0302346423682,"POINT (-75.072636 40.040842)","POINT (-75.059315 40.030235)"
17755,378414,2,37841402,466.2165315,437.4487254,1,NA,3.78414e+11,3,3.78414e+13,3784140203,NA,NA,1,NA,NA,4,3,42,1,42101,"101_103",4210160000,42101000500,74,"6:19",19,NA,NA,NA,"0:00","","","","6:35",14,5,NA,NA,NA,NA,NA,NA,NA,NA,NA,NA,NA,NA,NA,NA,NA,NA,NA,NA,NA,NA,NA,NA,NA,NA,NA,NA,NA,NA,NA,NA,2,1,42,1,42091,"091_401",4209144976,42091204300,10014,1.12,24,31.82924,7.452369,489.9425724,6,35,395,5,"10/12/2012","",0,-75.1638872349499,39.9525548857932,-75.2134011763507,40.0130658815662,"POINT (-75.163887 39.952555)","POINT (-75.213401 40.013066)"
18287,381146,2,38114602,409.2983371,177.4717151,1,NA,3.81146e+11,4,3.81146e+13,3811460204,NA,NA,1,NA,NA,4,1,42,1,42101,"101_103",4210160000,42101000600,54,"19:45",11,12,NA,NA,"0:55","1:00","","","21:40",21,5,NA,NA,NA,NA,NA,NA,NA,NA,NA,NA,NA,NA,NA,NA,NA,NA,NA,NA,NA,NA,NA,NA,NA,NA,NA,NA,NA,NA,NA,NA,1,1,42,1,42101,"101_112",4210160000,42101002702,832,1.12,43,16.265365,1.695306,198.7683209,21,40,1300,2,"9/18/2012","",0,-75.1540803782248,39.9488624668665,-75.1491478561502,39.9298438746743,"POINT (-75.154080 39.948862)","POINT (-75.149148 39.929844)"
18618,382596,2,38259602,274.1580544,109.9904919,1,NA,3.82596e+11,1,3.82596e+13,3825960201,NA,NA,1,1,2,1,1,42,1,42045,"045_206",4204533144,42045409100,5011,"",1,NA,NA,NA,"4:30","","","","7:30",21,5,NA,NA,NA,NA,NA,NA,NA,NA,NA,NA,NA,NA,NA,NA,NA,NA,NA,NA,NA,NA,NA,NA,NA,NA,NA,NA,NA,NA,NA,NA,2,1,42,1,42101,"101_103",4210160000,42101000402,93,1.12,45,43.136595,8.548566,123.1893509,7,30,450,3,"10/17/2012","",0,-75.3024393659454,39.9834631042535,-75.1659426772114,39.9531940428398,"POINT (-75.302439 39.983463)","POINT (-75.165943 39.953194)"
18619,382596,2,38259602,274.1580544,109.9904919,1,NA,3.82596e+11,2,3.82596e+13,3825960202,NA,NA,1,NA,NA,2,1,42,1,42101,"101_103",4210160000,42101000402,93,"8:15",5,NA,NA,NA,"8:50","","","","17:05",21,5,NA,NA,NA,NA,NA,NA,NA,NA,NA,NA,NA,NA,NA,NA,NA,NA,NA,NA,NA,NA,NA,NA,NA,NA,NA,NA,NA,NA,NA,NA,1,1,42,1,42045,"045_206",4204533144,42045409100,5011,1.12,55,39.843902,8.705935,123.1893509,17,5,1025,3,"10/17/2012","",0,-75.1659426772114,39.9531940428398,-75.3024393659454,39.9834631042535,"POINT (-75.165943 39.953194)","POINT (-75.302439 39.983463)"
18659,382830,1,38283001,409.1648356,177.4717151,2,NA,3.8283e+11,5,3.8283e+13,3828300105,NA,NA,1,NA,NA,4,1,42,1,42101,"101_114",4210160000,42101030200,1610,"8:00",18,NA,NA,NA,"0:00","","","","8:05",21,5,NA,NA,NA,NA,NA,NA,NA,NA,NA,NA,NA,NA,NA,NA,NA,NA,NA,NA,NA,NA,NA,NA,NA,NA,NA,NA,NA,NA,NA,NA,2,1,42,1,42101,"101_103",4210160000,42101000402,77,1.12,25,34.485307,8.057792,198.7683209,8,5,485,5,"11/30/2012","",0,-75.0798260530761,40.0248633027149,-75.1678754160498,39.9518178612404,"POINT (-75.079826 40.024863)","POINT (-75.167875 39.951818)"
18660,382830,1,38283001,409.1648356,177.4717151,2,NA,3.8283e+11,6,3.8283e+13,3828300106,NA,NA,1,NA,NA,2,1,42,1,42101,"101_103",4210160000,42101000402,77,"8:30",5,NA,NA,NA,"10:30","","","","19:00",14,5,NA,NA,NA,NA,NA,NA,NA,NA,NA,NA,NA,NA,NA,NA,NA,NA,NA,NA,NA,NA,NA,NA,NA,NA,NA,NA,NA,NA,NA,NA,1,1,42,1,42101,"101_104",4210160000,42101033101,3025,1.12,60,50.178886,11.21914,198.7683209,19,0,1140,5,"11/30/2012","",0,-75.1678754160498,39.9518178612404,-75.041057350286,40.0391573349906,"POINT (-75.167875 39.951818)","POINT (-75.041057 40.039157)"
18676,382830,3,38283003,409.1648356,205.658969,1,NA,3.8283e+11,2,3.8283e+13,3828300302,NA,NA,2,NA,NA,4,1,42,1,42101,"101_104",4210160000,42101031502,3026,"6:52",19,NA,NA,NA,"0:00","","","","6:57",14,5,NA,NA,NA,NA,NA,NA,NA,NA,NA,NA,NA,NA,NA,NA,NA,NA,NA,NA,NA,NA,NA,NA,NA,NA,NA,NA,NA,NA,NA,NA,3,1,42,1,42101,"101_101",4210160000,42101019800,1429,1.12,40,40.971962,6.317397,230.3380452,6,57,417,5,"11/30/2012","",0,-75.0548710138514,40.0392738731303,-75.1448779639192,40.0113597410072,"POINT (-75.054871 40.039274)","POINT (-75.144878 40.011360)"
18677,382830,3,38283003,409.1648356,205.658969,1,NA,3.8283e+11,3,3.8283e+13,3828300303,NA,NA,2,NA,NA,3,1,42,1,42101,"101_101",4210160000,42101019800,1429,"7:37",3,NA,NA,NA,"7:02","","","","14:39",14,5,NA,NA,NA,NA,NA,NA,NA,NA,NA,NA,NA,NA,NA,NA,NA,NA,NA,NA,NA,NA,NA,NA,NA,NA,NA,NA,NA,NA,NA,NA,4,1,42,1,42101,"101_114",4210160000,42101030200,1610,1.12,26,33.46788,4.895785,230.3380452,14,39,879,5,"11/30/2012","",0,-75.1448779639192,40.0113597410072,-75.0798260530761,40.0248633027149,"POINT (-75.144878 40.011360)","POINT (-75.079826 40.024863)"
18678,382830,3,38283003,409.1648356,205.658969,1,NA,3.8283e+11,4,3.8283e+13,3828300304,NA,NA,2,NA,NA,4,1,42,1,42101,"101_114",4210160000,42101030200,1610,"15:05",19,NA,NA,NA,"0:00","","","","15:15",14,5,NA,NA,NA,NA,NA,NA,NA,NA,NA,NA,NA,NA,NA,NA,NA,NA,NA,NA,NA,NA,NA,NA,NA,NA,NA,NA,NA,NA,NA,NA,1,1,42,1,42101,"101_104",4210160000,42101033101,3025,1.12,20,23.596679,2.763763,230.3380452,15,15,915,5,"11/30/2012","",0,-75.0798260530761,40.0248633027149,-75.041057350286,40.0391573349906,"POINT (-75.079826 40.024863)","POINT (-75.041057 40.039157)"
18859,384030,1,38403001,282.3252531,154.6616617,1,NA,3.8403e+11,1,3.8403e+13,3840300101,NA,NA,2,1,2,1,1,42,1,42101,"101_111",4210160000,42101008200,1201,"",1,NA,NA,NA,"7:30","","","","10:30",14,5,NA,NA,NA,NA,NA,NA,NA,NA,NA,NA,NA,NA,NA,NA,NA,NA,NA,NA,NA,NA,NA,NA,NA,NA,NA,NA,NA,NA,NA,NA,4,1,42,1,42101,"101_111",4210160000,42101010000,1227,1.17,60,28.181371,2.364927,180.9541442,10,30,630,5,"9/14/2012","",0,-75.2421801680258,39.9481308791093,-75.2503777426564,39.9710914282717,"POINT (-75.242180 39.948131)","POINT (-75.250378 39.971091)"
18860,384030,1,38403001,282.3252531,154.6616617,1,NA,3.8403e+11,2,3.8403e+13,3840300102,NA,NA,2,NA,NA,4,1,42,1,42101,"101_111",4210160000,42101010000,1227,"11:30",10,9,NA,NA,"0:00","","","","12:00",14,5,NA,NA,NA,NA,NA,NA,NA,NA,NA,NA,NA,NA,NA,NA,NA,NA,NA,NA,NA,NA,NA,NA,NA,NA,NA,NA,NA,NA,NA,NA,1,1,42,1,42101,"101_111",4210160000,42101008200,1201,1.17,0,24.069068,2.218355,180.9541442,12,0,720,5,"9/14/2012","",0,-75.2503777426564,39.9710914282717,-75.2421801680258,39.9481308791093,"POINT (-75.250378 39.971091)","POINT (-75.242180 39.948131)"
19117,385451,1,38545101,155.282038,85.98456203,1,NA,3.85451e+11,1,3.85451e+13,3854510101,NA,NA,1,1,2,1,1,42,1,42091,"091_412",4209100156,42091201607,12217,"",1,NA,NA,NA,"5:08","","","","8:08",14,5,NA,NA,NA,NA,NA,NA,NA,NA,NA,NA,NA,NA,NA,NA,NA,NA,NA,NA,NA,NA,NA,NA,NA,NA,NA,NA,NA,NA,NA,NA,2,1,42,1,42101,"101_117",4210160000,42101025700,2436,1.17,79,51.241705,8.225743,100.6019376,8,8,488,1,"10/1/2012","",0,-75.124494522152,40.1214440489086,-75.1962680244175,40.0724717157188,"POINT (-75.124495 40.121444)","POINT (-75.196268 40.072472)"
19290,386352,1,38635201,142.8656295,87.11846755,3,NA,3.86352e+11,5,3.86352e+13,3863520105,NA,NA,2,1,NA,1,1,42,1,42101,"101_103",4210160000,42101000700,62,"15:10",1,NA,NA,NA,"0:00","","","","15:25",14,5,NA,NA,NA,NA,NA,NA,NA,NA,NA,NA,NA,NA,NA,NA,NA,NA,NA,NA,NA,NA,NA,NA,NA,NA,NA,NA,NA,NA,NA,NA,4,1,42,1,42101,"101_103",4210160000,42101000804,43,1.12,20,12.196044,0.876165,97.57268366,15,25,925,4,"9/13/2012","",0,-75.1742218041379,39.9513700637455,-75.1652643007328,39.9488899960486,"POINT (-75.174222 39.951370)","POINT (-75.165264 39.948890)"
19291,386352,1,38635201,142.8656295,87.11846755,3,NA,3.86352e+11,6,3.86352e+13,3863520106,NA,NA,2,NA,NA,4,1,42,1,42101,"101_103",4210160000,42101000804,43,"15:45",16,NA,NA,NA,"0:00","","","","16:15",14,5,NA,NA,NA,NA,NA,NA,NA,NA,NA,NA,NA,NA,NA,NA,NA,NA,NA,NA,NA,NA,NA,NA,NA,NA,NA,NA,NA,NA,NA,NA,1,1,42,1,42101,"101_103",4210160000,42101000700,62,1.12,20,7.948627,0.54279,97.57268366,16,15,975,4,"9/13/2012","",0,-75.1652643007328,39.9488899960486,-75.1742218041379,39.9513700637455,"POINT (-75.165264 39.948890)","POINT (-75.174222 39.951370)"
19653,388110,1,38811001,269.8869014,290.7543577,1,NA,3.8811e+11,4,3.8811e+13,3881100104,NA,NA,3,NA,NA,4,1,42,1,42101,"101_101",4210160000,42101020102,1428,"16:45",14,NA,NA,NA,"1:00","","","","17:50",21,5,NA,NA,NA,NA,NA,NA,NA,NA,NA,NA,NA,NA,NA,NA,NA,NA,NA,NA,NA,NA,NA,NA,NA,NA,NA,NA,NA,NA,NA,NA,4,1,42,1,42101,"101_115",4210160000,42101028000,2603,1.17,40,17.347881,1.547714,340.1825985,17,50,1070,2,"9/11/2012","",0,-75.1545693550523,40.0111496191661,-75.1546498738633,40.0261270665432,"POINT (-75.154569 40.011150)","POINT (-75.154650 40.026127)"
19918,389119,1,38911901,190.1257082,133.8077509,1,NA,3.89119e+11,3,3.89119e+13,3891190103,NA,NA,1,NA,NA,4,1,42,1,42101,"101_110",4210160000,42101980000,1040,"8:15",19,NA,NA,NA,"0:00","","","","8:30",14,5,NA,NA,NA,NA,NA,NA,NA,NA,NA,NA,NA,NA,NA,NA,NA,NA,NA,NA,NA,NA,NA,NA,NA,NA,NA,NA,NA,NA,NA,NA,2,1,42,1,42101,"101_110",4210160000,42101036900,1012,1.17,5,20.048522,2.003695,156.5550686,8,30,510,4,"9/13/2012","",0,-75.1834073455283,39.9599979498596,-75.202230610969,39.9458213862922,"POINT (-75.183407 39.959998)","POINT (-75.202231 39.945821)"
19919,389119,1,38911901,190.1257082,133.8077509,1,NA,3.89119e+11,4,3.89119e+13,3891190104,NA,NA,1,NA,NA,2,1,42,1,42101,"101_110",4210160000,42101036900,1012,"8:35",5,NA,NA,NA,"8:00","","","","16:45",14,5,NA,NA,NA,NA,NA,NA,NA,NA,NA,NA,NA,NA,NA,NA,NA,NA,NA,NA,NA,NA,NA,NA,NA,NA,NA,NA,NA,NA,NA,NA,2,1,42,1,42101,"101_110",4210160000,42101036900,1012,1.17,20,7.672936,0.221659,156.5550686,16,45,1005,4,"9/13/2012","",0,-75.202230610969,39.9458213862922,-75.202230610969,39.9458213862922,"POINT (-75.202231 39.945821)","POINT (-75.202231 39.945821)"
19925,389212,1,38921201,97.91940843,90.37868658,1,NA,3.89212e+11,3,3.89212e+13,3892120103,NA,NA,1,NA,NA,4,1,42,1,42101,"101_103",4210160000,42101000500,90,"6:24",19,NA,NA,NA,"0:00","","","","6:29",14,5,NA,NA,NA,NA,NA,NA,NA,NA,NA,NA,NA,NA,NA,NA,NA,NA,NA,NA,NA,NA,NA,NA,NA,NA,NA,NA,NA,NA,NA,NA,2,1,42,1,42101,"101_103",4210160000,42101001002,51,1.15,10,11.803805,1.06032,103.9354896,6,29,389,4,"10/18/2012","",0,-75.1588750233838,39.9528401835985,-75.1466622121185,39.9478355374067,"POINT (-75.158875 39.952840)","POINT (-75.146662 39.947836)"
19926,389212,1,38921201,97.91940843,90.37868658,1,NA,3.89212e+11,4,3.89212e+13,3892120104,NA,NA,1,NA,NA,2,1,42,1,42101,"101_103",4210160000,42101001002,51,"6:39",5,NA,NA,NA,"8:30","","","","15:15",21,5,NA,NA,NA,NA,NA,NA,NA,NA,NA,NA,NA,NA,NA,NA,NA,NA,NA,NA,NA,NA,NA,NA,NA,NA,NA,NA,NA,NA,NA,NA,4,1,42,1,42101,"101_103",4210160000,42101000500,90,1.15,10,12.634956,1.080515,103.9354896,15,15,915,4,"10/18/2012","",0,-75.1466622121185,39.9478355374067,-75.1588750233838,39.9528401835985,"POINT (-75.146662 39.947836)","POINT (-75.158875 39.952840)"
19980,389349,1,38934901,272.969932,78.70829343,1,NA,3.89349e+11,1,3.89349e+13,3893490101,NA,NA,2,1,2,1,1,42,1,42045,"045_203",4204579000,42045401101,4455,"",1,NA,NA,NA,"0:00","","","","8:50",21,5,NA,NA,NA,NA,NA,NA,NA,NA,NA,NA,NA,NA,NA,NA,NA,NA,NA,NA,NA,NA,NA,NA,NA,NA,NA,NA,NA,NA,NA,NA,4,1,42,1,42101,"101_110",4210160000,42101036900,1018,1.17,70,41.539176,6.324216,92.08870332,8,50,530,3,"10/3/2012","",0,-75.292284771946,39.9595531624096,-75.1957094473416,39.9494354858208,"POINT (-75.292285 39.959553)","POINT (-75.195709 39.949435)"
19981,389349,1,38934901,272.969932,78.70829343,1,NA,3.89349e+11,2,3.89349e+13,3893490102,NA,NA,2,NA,NA,4,1,42,1,42101,"101_110",4210160000,42101036900,1018,"10:00",13,NA,NA,NA,"0:00","","","","13:30",21,5,NA,NA,NA,NA,NA,NA,NA,NA,NA,NA,NA,NA,NA,NA,NA,NA,NA,NA,NA,NA,NA,NA,NA,NA,NA,NA,NA,NA,NA,NA,1,1,42,1,42045,"045_203",4204579000,42045401101,4455,1.17,60,41.297545,6.294351,92.08870332,13,30,810,3,"10/3/2012","",0,-75.1957094473416,39.9494354858208,-75.292284771946,39.9595531624096,"POINT (-75.195709 39.949435)","POINT (-75.292285 39.959553)"
20109,390076,2,39007602,159.8994346,393.3659689,1,NA,3.90076e+11,3,3.90076e+13,3900760203,NA,NA,1,NA,NA,4,1,42,1,42101,"101_104",4210160000,42101031600,3019,"7:45",19,NA,NA,NA,"0:00","","","","8:00",14,5,NA,NA,NA,NA,NA,NA,NA,NA,NA,NA,NA,NA,NA,NA,NA,NA,NA,NA,NA,NA,NA,NA,NA,NA,NA,NA,NA,NA,NA,NA,2,1,42,1,42101,"101_103",4210160000,42101000500,91,1.12,570,40.456281,9.316108,440.5698852,8,0,480,2,"12/4/2012","",0,-75.0589191747288,40.0341434174917,-75.1612826317197,39.9532127364358,"POINT (-75.058919 40.034143)","POINT (-75.161283 39.953213)"
20193,390497,1,39049701,167.2017771,101.0490496,1,NA,3.90497e+11,1,3.90497e+13,3904970101,NA,NA,2,2,2,1,1,42,1,42101,"101_118",4210160000,42101033400,2806,"",1,NA,NA,NA,"5:26","","","","8:26",14,5,NA,NA,NA,NA,NA,NA,NA,NA,NA,NA,NA,NA,NA,NA,NA,NA,NA,NA,NA,NA,NA,NA,NA,NA,NA,NA,NA,NA,NA,NA,4,1,42,1,42101,"101_118",4210160000,42101033400,2806,1.17,4,5.372656,0.342489,118.227388,8,26,506,4,"9/13/2012","",0,-75.0529627230323,40.0535132505067,-75.0529627230323,40.0535132505067,"POINT (-75.052963 40.053513)","POINT (-75.052963 40.053513)"
20194,390497,1,39049701,167.2017771,101.0490496,1,NA,3.90497e+11,2,3.90497e+13,3904970102,NA,NA,2,NA,NA,4,1,42,1,42101,"101_118",4210160000,42101033400,2806,"8:30",16,NA,NA,NA,"2:00","","","","11:00",14,5,NA,NA,NA,NA,NA,NA,NA,NA,NA,NA,NA,NA,NA,NA,NA,NA,NA,NA,NA,NA,NA,NA,NA,NA,NA,NA,NA,NA,NA,NA,4,1,42,1,42101,"101_113",4210160000,42101034501,3401,1.17,30,19.313766,2.064264,118.227388,11,0,660,4,"9/13/2012","",0,-75.0529627230323,40.0535132505067,-75.0392105966606,40.0749172415666,"POINT (-75.052963 40.053513)","POINT (-75.039211 40.074917)"
20195,390497,1,39049701,167.2017771,101.0490496,1,NA,3.90497e+11,3,3.90497e+13,3904970103,NA,NA,2,NA,NA,4,1,42,1,42101,"101_113",4210160000,42101034501,3401,"11:30",11,NA,NA,NA,"1:30","","","","13:00",14,5,NA,NA,NA,NA,NA,NA,NA,NA,NA,NA,NA,NA,NA,NA,NA,NA,NA,NA,NA,NA,NA,NA,NA,NA,NA,NA,NA,NA,NA,NA,1,1,42,1,42101,"101_118",4210160000,42101033400,2806,1.17,0,13.852442,1.821266,118.227388,13,0,780,4,"9/13/2012","",0,-75.0392105966606,40.0749172415666,-75.0529627230323,40.0535132505067,"POINT (-75.039211 40.074917)","POINT (-75.052963 40.053513)"
20205,390551,1,39055101,101.8948412,133.7051419,1,NA,3.90551e+11,1,3.90551e+13,3905510101,NA,NA,1,1,2,1,1,42,1,42101,"101_103",4210160000,42101001700,3,"",1,NA,NA,NA,"0:00","","","","8:30",14,5,NA,NA,NA,NA,NA,NA,NA,NA,NA,NA,NA,NA,NA,NA,NA,NA,NA,NA,NA,NA,NA,NA,NA,NA,NA,NA,NA,NA,NA,NA,2,1,42,1,42101,"101_103",4210160000,42101000402,95,1.15,NA,22.370401,2.208477,153.7609132,8,30,510,3,"9/19/2012","",0,-75.1483131665262,39.937767343598,-75.1691139313301,39.9535949564727,"POINT (-75.148313 39.937767)","POINT (-75.169114 39.953595)"
20566,392352,1,39235201,430.8675256,433.7236936,1,NA,3.92352e+11,1,3.92352e+13,3923520101,NA,NA,2,2,2,1,1,42,1,42101,"101_112",4210160000,42101004102,813,"",1,NA,NA,NA,"8:00","","","","14:15",14,5,NA,NA,NA,NA,NA,NA,NA,NA,NA,NA,NA,NA,NA,NA,NA,NA,NA,NA,NA,NA,NA,NA,NA,NA,NA,NA,NA,NA,NA,NA,4,1,42,1,42101,"101_103",4210160000,42101001900,7,1.17,15,29.534345,2.375723,507.4567215,14,15,855,4,"9/27/2012","",0,-75.159777549525,39.9192696273914,-75.1722288078707,39.9400534674801,"POINT (-75.159778 39.919270)","POINT (-75.172229 39.940053)"
20568,392352,1,39235201,430.8675256,433.7236936,1,NA,3.92352e+11,3,3.92352e+13,3923520103,NA,NA,2,NA,NA,4,1,42,1,42101,"101_103",4210160000,42101001900,7,"15:20",19,NA,NA,NA,"0:00","","","","15:35",14,5,NA,NA,NA,NA,NA,NA,NA,NA,NA,NA,NA,NA,NA,NA,NA,NA,NA,NA,NA,NA,NA,NA,NA,NA,NA,NA,NA,NA,NA,NA,1,1,42,1,42101,"101_112",4210160000,42101004102,813,1.17,15,21.572144,2.381775,507.4567215,15,35,935,4,"9/27/2012","",0,-75.1722288078707,39.9400534674801,-75.159777549525,39.9192696273914,"POINT (-75.172229 39.940053)","POINT (-75.159778 39.919270)"
20578,392352,5,39235205,430.8675256,510.1224945,1,NA,3.92352e+11,1,3.92352e+13,3923520501,NA,NA,2,2,2,1,1,42,1,42101,"101_112",4210160000,42101004102,813,"",1,NA,NA,NA,"0:00","","","","7:40",14,5,NA,NA,NA,NA,NA,NA,NA,NA,NA,NA,NA,NA,NA,NA,NA,NA,NA,NA,NA,NA,NA,NA,NA,NA,NA,NA,NA,NA,NA,NA,3,1,42,1,42101,"101_103",4210160000,42101001900,7,1.17,20,26.940069,2.333413,596.8433186,7,40,460,4,"9/27/2012","",0,-75.159777549525,39.9192696273914,-75.1722288078707,39.9400534674801,"POINT (-75.159778 39.919270)","POINT (-75.172229 39.940053)"
20580,392352,5,39235205,430.8675256,510.1224945,1,NA,3.92352e+11,3,3.92352e+13,3923520503,NA,NA,2,NA,NA,4,1,42,1,42101,"101_103",4210160000,42101001900,7,"15:15",19,NA,NA,NA,"0:00","","","","15:30",14,5,NA,NA,NA,NA,NA,NA,NA,NA,NA,NA,NA,NA,NA,NA,NA,NA,NA,NA,NA,NA,NA,NA,NA,NA,NA,NA,NA,NA,NA,NA,1,1,42,1,42101,"101_112",4210160000,42101004102,813,1.17,510,21.572144,2.381775,596.8433186,15,30,930,4,"9/27/2012","",0,-75.1722288078707,39.9400534674801,-75.159777549525,39.9192696273914,"POINT (-75.172229 39.940053)","POINT (-75.159778 39.919270)"
20688,392940,1,39294001,403.8795995,394.707317,1,NA,3.9294e+11,2,3.9294e+13,3929400102,NA,NA,1,NA,NA,4,1,42,1,42101,"101_111",4210160000,42101008302,1210,"9:00",19,NA,NA,NA,"0:07","","","","9:15",21,5,NA,NA,NA,NA,NA,NA,NA,NA,NA,NA,NA,NA,NA,NA,NA,NA,NA,NA,NA,NA,NA,NA,NA,NA,NA,NA,NA,NA,NA,NA,2,1,42,1,42101,"101_103",4210160000,42101000600,57,1.17,NA,24.272818,4.799563,461.8075608,9,15,555,4,"10/4/2012","",0,-75.2414396306448,39.9567061667391,-75.1603747972298,39.949646258079,"POINT (-75.241440 39.956706)","POINT (-75.160375 39.949646)"
20690,392940,1,39294001,403.8795995,394.707317,1,NA,3.9294e+11,4,3.9294e+13,3929400104,NA,NA,1,NA,NA,4,1,42,1,42101,"101_103",4210160000,42101000402,76,"17:35",1,NA,NA,NA,"0:07","","","","17:45",21,5,NA,NA,NA,NA,NA,NA,NA,NA,NA,NA,NA,NA,NA,NA,NA,NA,NA,NA,NA,NA,NA,NA,NA,NA,NA,NA,NA,NA,NA,NA,4,1,42,1,42101,"101_111",4210160000,42101008302,1210,1.17,10,21.068062,4.458791,461.8075608,17,45,1065,4,"10/4/2012","",0,-75.1662257986882,39.9519342771783,-75.2414396306448,39.9567061667391,"POINT (-75.166226 39.951934)","POINT (-75.241440 39.956706)"
20871,393681,1,39368101,139.1904107,134.8783096,1,NA,3.93681e+11,3,3.93681e+13,3936810103,NA,NA,1,NA,NA,4,1,42,1,42101,"101_103",4210160000,42101000500,69,"7:58",19,NA,NA,NA,"0:00","","","","8:02",21,5,NA,NA,NA,NA,NA,NA,NA,NA,NA,NA,NA,NA,NA,NA,NA,NA,NA,NA,NA,NA,NA,NA,NA,NA,NA,NA,NA,NA,NA,NA,4,1,42,1,42101,"101_110",4210160000,42101980000,1040,1.12,8,15.271516,1.867853,151.0637068,8,2,482,5,"2/1/2013","",0,-75.1537481432666,39.9503794767793,-75.1834073455283,39.9599979498596,"POINT (-75.153748 39.950379)","POINT (-75.183407 39.959998)"
20967,394185,1,39418501,114.3827195,79.52339263,2,NA,3.94185e+11,5,3.94185e+13,3941850105,NA,NA,2,NA,NA,4,1,42,1,42091,"091_413",4209161664,42091204009,12411,"13:10",19,NA,NA,NA,"0:40","","","","13:50",14,5,NA,NA,NA,NA,NA,NA,NA,NA,NA,NA,NA,NA,NA,NA,NA,NA,NA,NA,NA,NA,NA,NA,NA,NA,NA,NA,NA,NA,NA,NA,4,1,42,1,42017,"017_509",4201705616,42017100207,15618,1.17,170,56.066667,21.817585,93.04236937,13,50,830,5,"9/14/2012","",0,-75.2782358419767,40.1133698952466,-74.9452110255043,40.1208986646202,"POINT (-75.278236 40.113370)","POINT (-74.945211 40.120899)"
21197,394998,1,39499801,148.9647419,125.0257654,1,NA,3.94998e+11,2,3.94998e+13,3949980102,NA,NA,2,NA,NA,4,1,42,1,42101,"101_103",4210160000,42101001102,15,"15:45",8,NA,NA,NA,"0:45","","","","16:30",14,5,NA,NA,NA,NA,NA,NA,NA,NA,NA,NA,NA,NA,NA,NA,NA,NA,NA,NA,NA,NA,NA,NA,NA,NA,NA,NA,NA,NA,NA,NA,1,1,42,1,42101,"101_103",4210160000,42101000804,42,1.12,15,10.27426,0.639158,140.0288573,16,30,990,1,"9/24/2012","",0,-75.1569523625043,39.943116935689,-75.1655206281913,39.9477143701067,"POINT (-75.156952 39.943117)","POINT (-75.165521 39.947714)"
21514,396689,1,39668901,933.5652095,365.3803201,1,NA,3.96689e+11,2,3.96689e+13,3966890102,NA,NA,1,NA,NA,2,1,42,1,42101,"101_109",4210160000,42101018300,624,"6:00",5,NA,NA,NA,"0:00","","","","9:00",14,5,NA,NA,NA,NA,NA,NA,NA,NA,NA,NA,NA,NA,NA,NA,NA,NA,NA,NA,NA,NA,NA,NA,NA,NA,NA,NA,NA,NA,NA,NA,1,1,42,1,42101,"101_111",4210160000,42101008101,1203,1.17,60,64.095456,13.35665,427.4949746,9,0,540,4,"10/25/2012","",0,-75.0746518061582,39.9953315333685,-75.2335550889088,39.9485225505081,"POINT (-75.074652 39.995332)","POINT (-75.233555 39.948523)"
21515,396689,1,39668901,933.5652095,365.3803201,2,NA,3.96689e+11,3,3.96689e+13,3966890103,NA,NA,1,1,NA,1,1,42,1,42101,"101_111",4210160000,42101008101,1203,"10:00",1,NA,NA,NA,"0:00","","","","13:15",14,5,NA,NA,NA,NA,NA,NA,NA,NA,NA,NA,NA,NA,NA,NA,NA,NA,NA,NA,NA,NA,NA,NA,NA,NA,NA,NA,NA,NA,NA,NA,2,1,42,1,42101,"101_109",4210160000,42101018300,624,1.17,75,68.306777,13.642814,427.4949746,13,15,795,4,"10/25/2012","",0,-75.2335550889088,39.9485225505081,-75.0746518061582,39.9953315333685,"POINT (-75.233555 39.948523)","POINT (-75.074652 39.995332)"
21516,396689,1,39668901,933.5652095,365.3803201,2,NA,3.96689e+11,4,3.96689e+13,3966890104,NA,NA,1,NA,NA,2,1,42,1,42101,"101_109",4210160000,42101018300,624,"14:30",5,NA,NA,NA,"0:00","","","","16:30",14,5,NA,NA,NA,NA,NA,NA,NA,NA,NA,NA,NA,NA,NA,NA,NA,NA,NA,NA,NA,NA,NA,NA,NA,NA,NA,NA,NA,NA,NA,NA,1,1,42,1,42101,"101_111",4210160000,42101008101,1203,1.17,120,64.071138,13.595053,427.4949746,16,30,990,4,"10/25/2012","",0,-75.0746518061582,39.9953315333685,-75.2335550889088,39.9485225505081,"POINT (-75.074652 39.995332)","POINT (-75.233555 39.948523)"
22065,399830,1,39983001,369.0836306,227.7763884,1,NA,3.9983e+11,1,3.9983e+13,3998300101,NA,NA,1,1,2,1,1,42,1,42101,"101_103",4210160000,42101000402,97,"",1,NA,NA,NA,"3:00","","","","9:45",14,5,NA,NA,NA,NA,NA,NA,NA,NA,NA,NA,NA,NA,NA,NA,NA,NA,NA,NA,NA,NA,NA,NA,NA,NA,NA,NA,NA,NA,NA,NA,2,1,42,1,42101,"101_103",4210160000,42101000402,76,1.17,15,5.708835,0.43191,266.4983744,9,45,585,1,"1/14/2013","",0,-75.1722789942054,39.9539778646615,-75.1662257986882,39.9519342771783,"POINT (-75.172279 39.953978)","POINT (-75.166226 39.951934)"
22069,399856,1,39985601,401.2987738,113.3319046,1,NA,3.99856e+11,1,3.99856e+13,3998560101,NA,NA,1,1,2,1,1,42,1,42101,"101_103",4210160000,42101001201,30,"",1,NA,NA,NA,"4:55","","","","8:00",14,5,NA,NA,NA,NA,NA,NA,NA,NA,NA,NA,NA,NA,NA,NA,NA,NA,NA,NA,NA,NA,NA,NA,NA,NA,NA,NA,NA,NA,NA,NA,2,1,42,1,42101,"101_108",4210160000,42101021400,3209,1.17,47,29.961394,8.02819,132.5983284,8,0,480,4,"9/13/2012","",0,-75.1773253490168,39.9478229139105,-75.2240469261417,40.0283746179593,"POINT (-75.177325 39.947823)","POINT (-75.224047 40.028375)"
22250,400489,3,40048903,321.1171779,73.81519135,2,NA,4.00489e+11,7,4.00489e+13,4004890307,NA,NA,3,NA,NA,4,1,42,1,42045,"045_203",4204579000,42045400700,4451,"19:00",19,NA,NA,NA,"0:00","","","","19:01",21,5,NA,NA,NA,NA,NA,NA,NA,NA,NA,NA,NA,NA,NA,NA,NA,NA,NA,NA,NA,NA,NA,NA,NA,NA,NA,NA,NA,NA,NA,NA,4,1,42,1,42045,"045_203",4204579000,42045400500,4459,1.12,29,12.463426,1.149512,82.67301432,19,1,1141,4,"1/17/2013","",0,-75.2783533552924,39.9575793577259,-75.2626735411038,39.9640057100153,"POINT (-75.278353 39.957579)","POINT (-75.262674 39.964006)"
22251,400489,3,40048903,321.1171779,73.81519135,2,NA,4.00489e+11,8,4.00489e+13,4004890308,NA,NA,3,NA,NA,4,1,42,1,42045,"045_203",4204579000,42045400500,4459,"19:30",19,NA,NA,NA,"0:00","","","","19:40",14,5,NA,NA,NA,NA,NA,NA,NA,NA,NA,NA,NA,NA,NA,NA,NA,NA,NA,NA,NA,NA,NA,NA,NA,NA,NA,NA,NA,NA,NA,NA,2,1,42,1,42045,"045_203",4204579000,42045400700,4451,1.12,20,12.870081,1.254898,82.67301432,19,40,1180,4,"1/17/2013","",0,-75.2626735411038,39.9640057100153,-75.2783533552924,39.9575793577259,"POINT (-75.262674 39.964006)","POINT (-75.278353 39.957579)"
22267,400513,1,40051301,422.9128024,157.6664028,2,NA,4.00513e+11,3,4.00513e+13,4005130103,NA,NA,2,1,NA,1,1,42,1,42101,"101_107",4210160000,42101013900,404,"13:30",1,15,NA,NA,"1:00","2:30","","","17:30",14,5,NA,NA,NA,NA,NA,NA,NA,NA,NA,NA,NA,NA,NA,NA,NA,NA,NA,NA,NA,NA,NA,NA,NA,NA,NA,NA,NA,NA,NA,NA,4,1,42,1,42101,"101_112",4210160000,42101003800,814,1.17,40,40.342011,4.549334,184.4696912,17,30,1050,5,"1/11/2013","",0,-75.1711863712317,39.9750643402378,-75.1815493379532,39.9195932035454,"POINT (-75.171186 39.975064)","POINT (-75.181549 39.919593)"
22268,400513,1,40051301,422.9128024,157.6664028,2,NA,4.00513e+11,4,4.00513e+13,4005130104,NA,NA,2,NA,NA,4,1,42,1,42101,"101_112",4210160000,42101003800,814,"18:10",12,NA,NA,NA,"3:30","","","","21:40",14,5,NA,NA,NA,NA,NA,NA,NA,NA,NA,NA,NA,NA,NA,NA,NA,NA,NA,NA,NA,NA,NA,NA,NA,NA,NA,NA,NA,NA,NA,NA,1,1,42,1,42101,"101_107",4210160000,42101013900,404,1.17,15,38.922496,5.145129,184.4696912,21,40,1300,5,"1/11/2013","",0,-75.1815493379532,39.9195932035454,-75.1711863712317,39.9750643402378,"POINT (-75.181549 39.919593)","POINT (-75.171186 39.975064)"
22460,401369,1,40136901,152.9869213,212.6587582,1,NA,4.01369e+11,3,4.01369e+13,4013690103,NA,NA,1,NA,NA,4,1,42,1,42101,"101_110",4210160000,42101980000,1040,"8:38",19,NA,NA,NA,"0:00","","","","8:40",14,5,NA,NA,NA,NA,NA,NA,NA,NA,NA,NA,NA,NA,NA,NA,NA,NA,NA,NA,NA,NA,NA,NA,NA,NA,NA,NA,NA,NA,NA,NA,4,1,42,1,42101,"101_110",4210160000,42101980000,1040,1.15,1,4.598742,0.235787,244.5575719,8,40,520,4,"1/31/2013","",0,-75.1834073455283,39.9599979498596,-75.1834073455283,39.9599979498596,"POINT (-75.183407 39.959998)","POINT (-75.183407 39.959998)"
22463,401369,1,40136901,152.9869213,212.6587582,1,NA,4.01369e+11,6,4.01369e+13,4013690106,NA,NA,1,NA,NA,4,1,42,1,42101,"101_110",4210160000,42101009000,1036,"16:00",19,NA,NA,NA,"0:01","","","","16:01",21,5,NA,NA,NA,NA,NA,NA,NA,NA,NA,NA,NA,NA,NA,NA,NA,NA,NA,NA,NA,NA,NA,NA,NA,NA,NA,NA,NA,NA,NA,NA,4,1,42,1,42101,"101_110",4210160000,42101980000,1040,1.15,4,13.234685,0.84064,244.5575719,16,1,961,4,"1/31/2013","",0,-75.1906300416804,39.958024348983,-75.1834073455283,39.9599979498596,"POINT (-75.190630 39.958024)","POINT (-75.183407 39.959998)"
22927,403262,1,40326201,246.5390777,113.7275455,1,NA,4.03262e+11,2,4.03262e+13,4032620102,NA,NA,1,NA,NA,4,1,42,1,42101,"101_112",4210160000,42101004001,819,"8:04",19,NA,NA,NA,"0:00","","","","8:09",21,5,NA,NA,NA,NA,NA,NA,NA,NA,NA,NA,NA,NA,NA,NA,NA,NA,NA,NA,NA,NA,NA,NA,NA,NA,NA,NA,NA,NA,NA,NA,4,1,42,1,42101,"101_107",4210160000,42101014700,411,1.17,21,25.324189,4.271911,133.0612283,8,9,489,3,"1/23/2013","",0,-75.1662120144978,39.9238115855567,-75.162026191264,39.9785569548507,"POINT (-75.166212 39.923812)","POINT (-75.162026 39.978557)"
22930,403262,1,40326201,246.5390777,113.7275455,1,NA,4.03262e+11,5,4.03262e+13,4032620105,NA,NA,1,NA,NA,4,1,42,1,42101,"101_107",4210160000,42101014700,411,"17:12",19,NA,NA,NA,"0:00","","","","17:17",21,5,NA,NA,NA,NA,NA,NA,NA,NA,NA,NA,NA,NA,NA,NA,NA,NA,NA,NA,NA,NA,NA,NA,NA,NA,NA,NA,NA,NA,NA,NA,4,1,42,1,42101,"101_112",4210160000,42101004001,819,1.17,30,26.074297,4.272781,133.0612283,17,17,1037,3,"1/23/2013","",0,-75.162026191264,39.9785569548507,-75.1662120144978,39.9238115855567,"POINT (-75.162026 39.978557)","POINT (-75.166212 39.923812)"
22934,403262,2,40326202,246.5390777,107.3817831,1,NA,4.03262e+11,2,4.03262e+13,4032620202,NA,NA,1,NA,NA,4,1,42,1,42101,"101_112",4210160000,42101004001,819,"7:06",19,NA,NA,NA,"0:02","","","","7:09",21,5,NA,NA,NA,NA,NA,NA,NA,NA,NA,NA,NA,NA,NA,NA,NA,NA,NA,NA,NA,NA,NA,NA,NA,NA,NA,NA,NA,NA,NA,NA,4,1,42,1,42101,"101_103",4210160000,42101000402,76,1.17,8,14.949555,2.293218,125.6366862,7,9,429,3,"1/23/2013","",0,-75.1662120144978,39.9238115855567,-75.1662257986882,39.9519342771783,"POINT (-75.166212 39.923812)","POINT (-75.166226 39.951934)"
22935,403262,2,40326202,246.5390777,107.3817831,1,NA,4.03262e+11,3,4.03262e+13,4032620203,NA,NA,1,NA,NA,4,1,42,1,42101,"101_103",4210160000,42101000402,76,"7:17",19,NA,NA,NA,"0:01","","","","7:18",21,5,NA,NA,NA,NA,NA,NA,NA,NA,NA,NA,NA,NA,NA,NA,NA,NA,NA,NA,NA,NA,NA,NA,NA,NA,NA,NA,NA,NA,NA,NA,4,1,42,1,42101,"101_103",4210160000,42101000100,65,1.17,6,9.335163,1.273915,125.6366862,7,18,438,3,"1/23/2013","",0,-75.1662257986882,39.9519342771783,-75.1427276091799,39.9500099248171,"POINT (-75.166226 39.951934)","POINT (-75.142728 39.950010)"
22938,403262,2,40326202,246.5390777,107.3817831,1,NA,4.03262e+11,6,4.03262e+13,4032620206,NA,NA,1,NA,NA,4,1,42,1,42101,"101_103",4210160000,42101000100,65,"16:13",19,NA,NA,NA,"0:02","","","","16:15",21,5,NA,NA,NA,NA,NA,NA,NA,NA,NA,NA,NA,NA,NA,NA,NA,NA,NA,NA,NA,NA,NA,NA,NA,NA,NA,NA,NA,NA,NA,NA,4,1,42,1,42101,"101_103",4210160000,42101000402,76,1.17,5,9.688468,1.273202,125.6366862,16,15,975,3,"1/23/2013","",0,-75.1427276091799,39.9500099248171,-75.1662257986882,39.9519342771783,"POINT (-75.142728 39.950010)","POINT (-75.166226 39.951934)"
22939,403262,2,40326202,246.5390777,107.3817831,1,NA,4.03262e+11,7,4.03262e+13,4032620207,NA,NA,1,NA,NA,4,1,42,1,42101,"101_103",4210160000,42101000402,76,"16:20",19,NA,NA,NA,"0:06","","","","16:28",21,5,NA,NA,NA,NA,NA,NA,NA,NA,NA,NA,NA,NA,NA,NA,NA,NA,NA,NA,NA,NA,NA,NA,NA,NA,NA,NA,NA,NA,NA,NA,4,1,42,1,42101,"101_112",4210160000,42101004001,819,1.17,7,15.773465,2.296531,125.6366862,16,28,988,3,"1/23/2013","",0,-75.1662257986882,39.9519342771783,-75.1662120144978,39.9238115855567,"POINT (-75.166226 39.951934)","POINT (-75.166212 39.923812)"
23185,404621,1,40462101,689.0697941,365.3803201,1,NA,4.04621e+11,1,4.04621e+13,4046210101,NA,NA,3,1,2,1,1,42,1,42101,"101_118",4210160000,42101031402,2801,"",1,NA,NA,NA,"4:05","","","","7:30",14,5,NA,NA,NA,NA,NA,NA,NA,NA,NA,NA,NA,NA,NA,NA,NA,NA,NA,NA,NA,NA,NA,NA,NA,NA,NA,NA,NA,NA,NA,NA,3,1,42,1,42101,"101_118",4210160000,42101033500,2807,1.17,NA,16.952245,1.126596,427.4949746,7,30,450,2,"1/22/2013","",0,-75.0602877916782,40.0432878262775,-75.0648694032685,40.0546094774541,"POINT (-75.060288 40.043288)","POINT (-75.064869 40.054609)"
23190,404621,4,40462104,689.0697941,415.7774924,1,NA,4.04621e+11,1,4.04621e+13,4046210401,NA,NA,2,2,2,1,1,42,1,42101,"101_118",4210160000,42101031402,2801,"",1,NA,NA,NA,"3:10","","","","7:00",14,5,NA,NA,NA,NA,NA,NA,NA,NA,NA,NA,NA,NA,NA,NA,NA,NA,NA,NA,NA,NA,NA,NA,NA,NA,NA,NA,NA,NA,NA,NA,3,1,42,1,42101,"101_103",4210160000,42101012500,135,1.17,72,49.616616,9.721556,486.4596661,7,0,420,2,"1/22/2013","",0,-75.0602877916782,40.0432878262775,-75.1665214095376,39.9615526212186,"POINT (-75.060288 40.043288)","POINT (-75.166521 39.961553)"
23232,404849,1,40484901,115.0018813,87.51767714,1,NA,4.04849e+11,2,4.04849e+13,4048490102,NA,NA,2,NA,NA,4,1,42,1,42101,"101_103",4210160000,42101000801,50,"9999",14,NA,NA,NA,"0:00","","","","10:40",14,5,NA,NA,NA,NA,NA,NA,NA,NA,NA,NA,NA,NA,NA,NA,NA,NA,NA,NA,NA,NA,NA,NA,NA,NA,NA,NA,NA,NA,NA,NA,4,1,42,1,42101,"101_110",4210160000,42101007101,1005,1.12,80,26.016503,3.029306,98.0197984,10,40,640,1,"10/22/2012","",0,-75.180637080064,39.9501303685435,-75.2250001549737,39.9381660242818,"POINT (-75.180637 39.950130)","POINT (-75.225000 39.938166)"
23233,404849,1,40484901,115.0018813,87.51767714,1,NA,4.04849e+11,3,4.04849e+13,4048490103,NA,NA,2,NA,NA,4,1,42,1,42101,"101_110",4210160000,42101007101,1005,"12:00",8,NA,NA,NA,"0:00","","","","12:30",14,5,NA,NA,NA,NA,NA,NA,NA,NA,NA,NA,NA,NA,NA,NA,NA,NA,NA,NA,NA,NA,NA,NA,NA,NA,NA,NA,NA,NA,NA,NA,1,1,42,1,42101,"101_103",4210160000,42101001201,31,1.12,20,28.987227,3.168891,98.0197984,12,30,750,1,"10/22/2012","",0,-75.2250001549737,39.9381660242818,-75.1833908620653,39.9475606076449,"POINT (-75.225000 39.938166)","POINT (-75.183391 39.947561)"
23234,404849,1,40484901,115.0018813,87.51767714,2,NA,4.04849e+11,4,4.04849e+13,4048490104,NA,NA,2,2,NA,1,1,42,1,42101,"101_103",4210160000,42101001201,31,"12:50",1,NA,NA,NA,"0:00","","","","15:45",14,5,NA,NA,NA,NA,NA,NA,NA,NA,NA,NA,NA,NA,NA,NA,NA,NA,NA,NA,NA,NA,NA,NA,NA,NA,NA,NA,NA,NA,NA,NA,4,1,42,1,42101,"101_103",4210160000,42101001102,15,1.12,30,18.701376,1.756431,98.0197984,15,45,945,1,"10/22/2012","",0,-75.1833908620653,39.9475606076449,-75.1569523625043,39.943116935689,"POINT (-75.183391 39.947561)","POINT (-75.156952 39.943117)"
23235,404849,1,40484901,115.0018813,87.51767714,2,NA,4.04849e+11,5,4.04849e+13,4048490105,NA,NA,2,NA,NA,4,1,42,1,42101,"101_103",4210160000,42101001102,15,"16:15",8,NA,NA,NA,"0:00","","","","16:45",14,5,NA,NA,NA,NA,NA,NA,NA,NA,NA,NA,NA,NA,NA,NA,NA,NA,NA,NA,NA,NA,NA,NA,NA,NA,NA,NA,NA,NA,NA,NA,4,1,42,1,42101,"101_103",4210160000,42101001201,30,1.12,30,12.99817,1.316698,98.0197984,16,45,1005,1,"10/22/2012","",0,-75.1569523625043,39.943116935689,-75.1773253490168,39.9478229139105,"POINT (-75.156952 39.943117)","POINT (-75.177325 39.947823)"
23241,404849,2,40484902,115.0018813,95.17596962,2,NA,4.04849e+11,4,4.04849e+13,4048490204,NA,NA,2,NA,NA,4,1,42,1,42101,"101_103",4210160000,42101001201,30,"15:55",19,NA,NA,NA,"0:00","","","","15:58",14,5,NA,NA,NA,NA,NA,NA,NA,NA,NA,NA,NA,NA,NA,NA,NA,NA,NA,NA,NA,NA,NA,NA,NA,NA,NA,NA,NA,NA,NA,NA,4,1,42,1,42101,"101_103",4210160000,42101000901,41,1.12,NA,11.637686,0.968182,106.597086,15,58,958,1,"10/22/2012","",0,-75.1773253490168,39.9478229139105,-75.1634808483634,39.9480403151119,"POINT (-75.177325 39.947823)","POINT (-75.163481 39.948040)"
23422,405648,1,40564801,345.5485017,211.2666896,1,NA,4.05648e+11,3,4.05648e+13,4056480103,NA,NA,1,NA,NA,4,1,42,1,42101,"101_103",4210160000,42101000901,40,"19:45",11,12,NA,NA,"1:00","","","","20:50",14,5,NA,NA,NA,NA,NA,NA,NA,NA,NA,NA,NA,NA,NA,NA,NA,NA,NA,NA,NA,NA,NA,NA,NA,NA,NA,NA,NA,NA,NA,NA,1,1,42,1,42101,"101_103",4210160000,42101000801,50,1.17,25,13.871435,1.191957,247.1820269,20,50,1250,4,"1/24/2013","",0,-75.1611907875754,39.9477574019743,-75.180637080064,39.9501303685435,"POINT (-75.161191 39.947757)","POINT (-75.180637 39.950130)"
23451,406105,1,40610501,58.23014861,103.822468,1,1,4.06105e+11,2,4.06105e+13,4061050102,NA,NA,1,NA,NA,2,1,42,1,42101,"101_107",4210160000,42101037700,414,"9:16",5,NA,NA,NA,"3:13","","","","12:29",21,5,NA,NA,NA,NA,NA,NA,NA,NA,NA,NA,NA,NA,NA,NA,NA,NA,NA,NA,NA,NA,NA,NA,NA,NA,NA,NA,NA,NA,NA,NA,4,1,42,1,42101,"101_101",4210160000,42101020000,1415,1.15,16,16.378346,1.811394,119.3958382,12,29,749,4,"1/17/2013","",0,-75.1545851492175,39.9813757258968,-75.1509013014001,40.0025369261947,"POINT (-75.154585 39.981376)","POINT (-75.150901 40.002537)"
23452,406105,1,40610501,58.23014861,103.822468,1,1,4.06105e+11,3,4.06105e+13,4061050103,NA,NA,1,NA,NA,4,1,42,1,42101,"101_101",4210160000,42101020000,1415,"12:45",16,NA,NA,NA,"1:41","","","","14:26",21,5,NA,NA,NA,NA,NA,NA,NA,NA,NA,NA,NA,NA,NA,NA,NA,NA,NA,NA,NA,NA,NA,NA,NA,NA,NA,NA,NA,NA,NA,NA,2,1,42,1,42101,"101_107",4210160000,42101037700,414,1.15,22,16.154286,1.85389,119.3958382,14,26,866,4,"1/17/2013","",0,-75.1509013014001,40.0025369261947,-75.1545851492175,39.9813757258968,"POINT (-75.150901 40.002537)","POINT (-75.154585 39.981376)"
23522,406347,1,40634701,92.98155407,86.45345935,4,NA,4.06347e+11,5,4.06347e+13,4063470105,NA,NA,2,2,NA,1,1,42,1,42101,"101_103",4210160000,42101000803,48,"9:45",1,2,NA,NA,"0:30","2:30","","","13:45",14,5,NA,NA,NA,NA,NA,NA,NA,NA,NA,NA,NA,NA,NA,NA,NA,NA,NA,NA,NA,NA,NA,NA,NA,NA,NA,NA,NA,NA,NA,NA,3,1,42,1,42101,"101_110",4210160000,42101036900,1025,1.15,10,11.777591,1.077143,99.42147825,13,45,825,2,"1/22/2013","",0,-75.175827602964,39.9495803344789,-75.1937934209145,39.951852697735,"POINT (-75.175828 39.949580)","POINT (-75.193793 39.951853)"
23651,407163,2,40716302,414.5095097,333.8619304,1,NA,4.07163e+11,1,4.07163e+13,4071630201,NA,NA,2,1,2,1,1,42,1,42101,"101_112",4210160000,42101002802,836,"",1,14,15,NA,"8:00","1:00","0:30","","12:30",14,5,NA,NA,NA,NA,NA,NA,NA,NA,NA,NA,NA,NA,NA,NA,NA,NA,NA,NA,NA,NA,NA,NA,NA,NA,NA,NA,NA,NA,NA,NA,4,4,42,1,42101,"101_112",4210160000,42101002400,846,1.17,30,7.914577,0.469964,390.6184586,12,30,750,5,"1/25/2013","",0,-75.1599172675313,39.9309896846011,-75.1595117962634,39.9367714452714,"POINT (-75.159917 39.930990)","POINT (-75.159512 39.936771)"
23652,407163,2,40716302,414.5095097,333.8619304,1,NA,4.07163e+11,2,4.07163e+13,4071630202,NA,NA,2,NA,NA,4,4,42,1,42101,"101_112",4210160000,42101002400,846,"13:00",16,NA,NA,NA,"2:00","","","","15:00",14,5,NA,NA,NA,NA,NA,NA,NA,NA,NA,NA,NA,NA,NA,NA,NA,NA,NA,NA,NA,NA,NA,NA,NA,NA,NA,NA,NA,NA,NA,NA,1,1,42,1,42101,"101_112",4210160000,42101002802,836,1.17,40,10.076219,0.763856,390.6184586,15,0,900,5,"1/25/2013","",0,-75.1595117962634,39.9367714452714,-75.1599172675313,39.9309896846011,"POINT (-75.159512 39.936771)","POINT (-75.159917 39.930990)"
23664,407186,2,40718602,403.8795995,555.7417512,1,NA,4.07186e+11,1,4.07186e+13,4071860201,NA,NA,2,2,2,1,1,42,1,42101,"101_115",4210160000,42101026200,2639,"",1,2,NA,NA,"3:00","0:30","","","6:30",14,5,NA,NA,NA,NA,NA,NA,NA,NA,NA,NA,NA,NA,NA,NA,NA,NA,NA,NA,NA,NA,NA,NA,NA,NA,NA,NA,NA,NA,NA,NA,3,1,42,1,42101,"101_112",4210160000,42101002400,846,1.17,65,51.936755,10.434205,650.2178489,6,30,390,5,"1/4/2013","",0,-75.1692193512515,40.0665021000576,-75.1595117962634,39.9367714452714,"POINT (-75.169219 40.066502)","POINT (-75.159512 39.936771)"
23665,407186,2,40718602,403.8795995,555.7417512,1,NA,4.07186e+11,2,4.07186e+13,4071860202,NA,NA,2,NA,NA,3,1,42,1,42101,"101_112",4210160000,42101002400,846,"7:35",3,4,NA,NA,"7:05","","","","15:35",14,5,NA,NA,NA,NA,NA,NA,NA,NA,NA,NA,NA,NA,NA,NA,NA,NA,NA,NA,NA,NA,NA,NA,NA,NA,NA,NA,NA,NA,NA,NA,4,1,42,1,42101,"101_115",4210160000,42101026200,2639,1.17,100,53.257876,10.36274,650.2178489,15,35,935,5,"1/4/2013","",0,-75.1595117962634,39.9367714452714,-75.1692193512515,40.0665021000576,"POINT (-75.159512 39.936771)","POINT (-75.169219 40.066502)"
23724,407435,3,40743503,240.374327,97.0003093,1,NA,4.07435e+11,2,4.07435e+13,4074350302,NA,NA,2,NA,NA,4,1,42,1,42045,"045_202",4204576792,42045403702,4254,"11:25",19,NA,NA,NA,"0:00","","","","11:35",14,5,NA,NA,NA,NA,NA,NA,NA,NA,NA,NA,NA,NA,NA,NA,NA,NA,NA,NA,NA,NA,NA,NA,NA,NA,NA,NA,NA,NA,NA,NA,4,1,42,1,42029,"029_301",4202939352,42029303401,6007,1.17,15,NA,NA,113.4903619,11,35,695,3,"1/23/2013","",0,-75.3038980358657,39.8649089631855,-75.7107281119047,39.840918603114,"POINT (-75.303898 39.864909)","POINT (-75.710728 39.840919)"
23725,407435,3,40743503,240.374327,97.0003093,1,NA,4.07435e+11,3,4.07435e+13,4074350303,NA,NA,2,NA,NA,4,1,42,1,42029,"029_301",4202939352,42029303401,6007,"11:50",19,NA,NA,NA,"0:00","","","","12:00",14,5,NA,NA,NA,NA,NA,NA,NA,NA,NA,NA,NA,NA,NA,NA,NA,NA,NA,NA,NA,NA,NA,NA,NA,NA,NA,NA,NA,NA,NA,NA,3,1,42,1,42045,"045_206",4204547616,42045408001,5029,1.17,230,127.75,31.170706,113.4903619,12,0,720,3,"1/23/2013","",0,-75.7107281119047,39.840918603114,-75.3938186136374,39.9651711354682,"POINT (-75.710728 39.840919)","POINT (-75.393819 39.965171)"
24013,409067,1,40906701,248.0558183,97.73504187,1,NA,4.09067e+11,1,4.09067e+13,4090670101,NA,NA,2,2,2,1,1,42,1,42101,"101_103",4210160000,42101000804,42,"",1,NA,NA,NA,"10:30","","","","13:30",14,5,NA,NA,NA,NA,NA,NA,NA,NA,NA,NA,NA,NA,NA,NA,NA,NA,NA,NA,NA,NA,NA,NA,NA,NA,NA,NA,NA,NA,NA,NA,4,1,42,1,42101,"101_103",4210160000,42101000600,55,1.17,20,11.199544,0.702876,114.349999,13,30,810,2,"1/29/2013","",0,-75.1655206281913,39.9477143701067,-75.1564410395894,39.9491555327036,"POINT (-75.165521 39.947714)","POINT (-75.156441 39.949156)"
24015,409067,1,40906701,248.0558183,97.73504187,1,NA,4.09067e+11,3,4.09067e+13,4090670103,NA,NA,2,NA,NA,4,1,42,1,42101,"101_103",4210160000,42101000902,39,"16:20",8,NA,NA,NA,"0:10","","","","16:30",14,5,NA,NA,NA,NA,NA,NA,NA,NA,NA,NA,NA,NA,NA,NA,NA,NA,NA,NA,NA,NA,NA,NA,NA,NA,NA,NA,NA,NA,NA,NA,1,1,42,1,42101,"101_103",4210160000,42101000804,42,1.17,30,10.505802,0.568461,114.349999,16,30,990,2,"1/29/2013","",0,-75.1584424033225,39.9474108270156,-75.1655206281913,39.9477143701067,"POINT (-75.158442 39.947411)","POINT (-75.165521 39.947714)"
24342,411025,3,41102503,433.6318411,2721.525975,1,NA,4.11025e+11,3,4.11025e+13,4110250303,NA,NA,2,NA,NA,4,1,42,1,42045,"045_203",4204579000,42045401103,4449,"9999",12,NA,NA,NA,"0:00","","","","12:30",14,5,NA,NA,NA,NA,NA,NA,NA,NA,NA,NA,NA,NA,NA,NA,NA,NA,NA,NA,NA,NA,NA,NA,NA,NA,NA,NA,NA,NA,NA,NA,4,3,42,1,42045,"045_203",4204579000,42045400600,4460,1.17,93,20.36607,2.112086,3184.185391,12,30,750,2,"4/2/2013","",0,-75.3113581658174,39.9560679168148,-75.2881050359287,39.9667946055376,"POINT (-75.311358 39.956068)","POINT (-75.288105 39.966795)"
24360,411064,1,41106401,345.3436582,94.34491078,1,NA,4.11064e+11,2,4.11064e+13,4110640102,NA,NA,2,NA,NA,4,1,42,1,42101,"101_117",4210160000,42101023600,2419,"8:48",19,NA,NA,NA,"0:06","","","","8:54",14,5,NA,NA,NA,NA,NA,NA,NA,NA,NA,NA,NA,NA,NA,NA,NA,NA,NA,NA,NA,NA,NA,NA,NA,NA,NA,NA,NA,NA,NA,NA,4,1,42,1,42101,"101_117",4210160000,42101023700,2424,1.17,4,10.116667,0.328084,110.3835456,8,54,534,4,"1/3/2013","",0,-75.1953653714048,40.0470985479323,-75.1898142834651,40.0518717143354,"POINT (-75.195365 40.047099)","POINT (-75.189814 40.051872)"
24518,412058,2,41205802,149.3680069,142.1352167,1,NA,4.12058e+11,1,4.12058e+13,4120580201,NA,NA,1,5,2,1,1,42,1,42101,"101_109",4210160000,42101016000,608,"",1,NA,NA,NA,"5:30","","","","8:30",14,5,NA,NA,NA,NA,NA,NA,NA,NA,NA,NA,NA,NA,NA,NA,NA,NA,NA,NA,NA,NA,NA,NA,NA,NA,NA,NA,NA,NA,NA,NA,4,1,42,1,42101,"101_103",4210160000,42101000402,80,1.15,25,26.543994,4.102408,163.4554993,8,30,510,1,"1/7/2013","",0,-75.1247882287306,39.9802857304346,-75.1677276497158,39.9525760413027,"POINT (-75.124788 39.980286)","POINT (-75.167728 39.952576)"
24523,412058,2,41205802,149.3680069,142.1352167,1,NA,4.12058e+11,6,4.12058e+13,4120580206,NA,NA,1,NA,NA,2,1,42,1,42101,"101_103",4210160000,42101000500,73,"16:40",17,NA,NA,NA,"0:00","","","","16:54",14,5,NA,NA,NA,NA,NA,NA,NA,NA,NA,NA,NA,NA,NA,NA,NA,NA,NA,NA,NA,NA,NA,NA,NA,NA,NA,NA,NA,NA,NA,NA,1,1,42,1,42101,"101_109",4210160000,42101016000,608,1.15,36,24.223394,3.754819,163.4554993,16,54,1014,1,"1/7/2013","",0,-75.1625826795934,39.9513495936779,-75.1247882287306,39.9802857304346,"POINT (-75.162583 39.951350)","POINT (-75.124788 39.980286)"
24525,412058,3,41205803,149.3680069,110.6087774,1,NA,4.12058e+11,1,4.12058e+13,4120580301,NA,NA,2,1,2,1,1,42,1,42101,"101_109",4210160000,42101016000,608,"",1,NA,NA,NA,"5:00","","","","8:30",14,5,NA,NA,NA,NA,NA,NA,NA,NA,NA,NA,NA,NA,NA,NA,NA,NA,NA,NA,NA,NA,NA,NA,NA,NA,NA,NA,NA,NA,NA,NA,4,1,42,1,42101,"101_103",4210160000,42101000402,80,1.15,25,26.543994,4.102408,127.200094,8,30,510,1,"1/7/2013","",0,-75.1247882287306,39.9802857304346,-75.1677276497158,39.9525760413027,"POINT (-75.124788 39.980286)","POINT (-75.167728 39.952576)"
24526,412058,3,41205803,149.3680069,110.6087774,1,NA,4.12058e+11,2,4.12058e+13,4120580302,NA,NA,2,NA,NA,4,1,42,1,42101,"101_103",4210160000,42101000402,80,"8:55",3,NA,NA,NA,"7:30","","","","16:30",14,5,NA,NA,NA,NA,NA,NA,NA,NA,NA,NA,NA,NA,NA,NA,NA,NA,NA,NA,NA,NA,NA,NA,NA,NA,NA,NA,NA,NA,NA,NA,1,1,42,1,42101,"101_109",4210160000,42101016000,608,1.15,30,25.418882,3.992426,127.200094,16,30,990,1,"1/7/2013","",0,-75.1677276497158,39.9525760413027,-75.1247882287306,39.9802857304346,"POINT (-75.167728 39.952576)","POINT (-75.124788 39.980286)"
24528,412086,1,41208601,278.3041239,223.2860741,1,NA,4.12086e+11,1,4.12086e+13,4120860101,NA,NA,2,7,2,1,1,42,1,42101,"101_116",4210160000,42101034702,3602,"",1,NA,NA,NA,"5:10","","","","8:10",14,5,NA,NA,NA,NA,NA,NA,NA,NA,NA,NA,NA,NA,NA,NA,NA,NA,NA,NA,NA,NA,NA,NA,NA,NA,NA,NA,NA,NA,NA,NA,4,1,42,1,42101,"101_103",4210160000,42101000500,70,1.17,70,45.969998,11.626339,261.2447067,8,10,490,3,"4/17/2013","",0,-75.0283305468631,40.0570508001269,-75.1561127285024,39.9506763018863,"POINT (-75.028331 40.057051)","POINT (-75.156113 39.950676)"
24534,412086,1,41208601,278.3041239,223.2860741,1,NA,4.12086e+11,7,4.12086e+13,4120860107,NA,NA,2,NA,NA,4,1,42,1,42101,"101_103",4210160000,42101000500,72,"17:00",19,NA,NA,NA,"0:00","","","","17:05",21,5,NA,NA,NA,NA,NA,NA,NA,NA,NA,NA,NA,NA,NA,NA,NA,NA,NA,NA,NA,NA,NA,NA,NA,NA,NA,NA,NA,NA,NA,NA,4,1,42,1,42101,"101_114",4210160000,42101030000,1607,1.17,25,30.640007,7.823647,261.2447067,17,5,1025,3,"4/17/2013","",0,-75.1608290378846,39.9512565309348,-75.0750322611491,40.0214372944722,"POINT (-75.160829 39.951257)","POINT (-75.075032 40.021437)"
24535,412086,1,41208601,278.3041239,223.2860741,1,NA,4.12086e+11,8,4.12086e+13,4120860108,NA,NA,2,NA,NA,4,1,42,1,42101,"101_114",4210160000,42101030000,1607,"17:30",19,NA,NA,NA,"0:00","","","","18:10",14,5,NA,NA,NA,NA,NA,NA,NA,NA,NA,NA,NA,NA,NA,NA,NA,NA,NA,NA,NA,NA,NA,NA,NA,NA,NA,NA,NA,NA,NA,NA,1,1,42,1,42101,"101_116",4210160000,42101034702,3602,1.17,0,25.690393,4.438083,261.2447067,18,10,1090,3,"4/17/2013","",0,-75.0750322611491,40.0214372944722,-75.0283305468631,40.0570508001269,"POINT (-75.075032 40.021437)","POINT (-75.028331 40.057051)"
24575,412215,1,41221501,184.8813335,89.03981601,1,NA,4.12215e+11,1,4.12215e+13,4122150101,NA,NA,1,5,2,1,1,42,1,42101,"101_110",4210160000,42101007300,1011,"",1,NA,NA,NA,"3:00","","","","7:19",14,5,NA,NA,NA,NA,NA,NA,NA,NA,NA,NA,NA,NA,NA,NA,NA,NA,NA,NA,NA,NA,NA,NA,NA,NA,NA,NA,NA,NA,NA,NA,4,1,42,1,42101,"101_103",4210160000,42101000300,117,1.13,35,29.544799,3.521966,100.6149921,7,19,439,1,"11/26/2012","",0,-75.2232933759479,39.9448265734297,-75.1701604201666,39.9562259742499,"POINT (-75.223293 39.944827)","POINT (-75.170160 39.956226)"
24577,412215,1,41221501,184.8813335,89.03981601,1,NA,4.12215e+11,3,4.12215e+13,4122150103,NA,NA,1,NA,NA,4,1,42,1,42101,"101_103",4210160000,42101000402,76,"8:06",6,NA,NA,NA,"0:05","","","","8:11",14,5,NA,NA,NA,NA,NA,NA,NA,NA,NA,NA,NA,NA,NA,NA,NA,NA,NA,NA,NA,NA,NA,NA,NA,NA,NA,NA,NA,NA,NA,NA,2,1,42,1,42101,"101_110",4210160000,42101036900,1025,1.13,13,13.756261,1.805097,100.6149921,8,11,491,1,"11/26/2012","",0,-75.1662257986882,39.9519342771783,-75.1937934209145,39.951852697735,"POINT (-75.166226 39.951934)","POINT (-75.193793 39.951853)"
24580,412215,1,41221501,184.8813335,89.03981601,1,NA,4.12215e+11,6,4.12215e+13,4122150106,NA,NA,1,NA,NA,2,1,42,1,42101,"101_110",4210160000,42101036900,1025,"12:40",5,NA,NA,NA,"3:50","","","","16:32",14,5,NA,NA,NA,NA,NA,NA,NA,NA,NA,NA,NA,NA,NA,NA,NA,NA,NA,NA,NA,NA,NA,NA,NA,NA,NA,NA,NA,NA,NA,NA,1,1,42,1,42101,"101_110",4210160000,42101007300,1011,1.13,37,18.37228,1.881867,100.6149921,16,32,992,1,"11/26/2012","",0,-75.1937934209145,39.951852697735,-75.2232933759479,39.9448265734297,"POINT (-75.193793 39.951853)","POINT (-75.223293 39.944827)"
24582,412215,2,41221502,184.8813335,89.03981601,1,NA,4.12215e+11,1,4.12215e+13,4122150201,NA,NA,1,1,2,1,1,42,1,42101,"101_110",4210160000,42101007300,1011,"",1,NA,NA,NA,"5:15","","","","8:15",14,5,NA,NA,NA,NA,NA,NA,NA,NA,NA,NA,NA,NA,NA,NA,NA,NA,NA,NA,NA,NA,NA,NA,NA,NA,NA,NA,NA,NA,NA,NA,2,1,42,1,42101,"101_103",4210160000,42101000500,72,1.13,47,29.802983,3.913455,100.6149921,8,15,495,1,"11/26/2012","",0,-75.2232933759479,39.9448265734297,-75.1608290378846,39.9512565309348,"POINT (-75.223293 39.944827)","POINT (-75.160829 39.951257)"
24583,412215,2,41221502,184.8813335,89.03981601,1,NA,4.12215e+11,2,4.12215e+13,4122150202,NA,NA,1,NA,NA,2,1,42,1,42101,"101_103",4210160000,42101000500,72,"9:02",5,NA,NA,NA,"8:00","","","","17:02",14,5,NA,NA,NA,NA,NA,NA,NA,NA,NA,NA,NA,NA,NA,NA,NA,NA,NA,NA,NA,NA,NA,NA,NA,NA,NA,NA,NA,NA,NA,NA,1,1,42,1,42101,"101_110",4210160000,42101007300,1011,1.13,28,28.787092,3.907192,100.6149921,17,2,1022,1,"11/26/2012","",0,-75.1608290378846,39.9512565309348,-75.2232933759479,39.9448265734297,"POINT (-75.160829 39.951257)","POINT (-75.223293 39.944827)"
24588,412215,3,41221503,184.8813335,90.63331102,1,NA,4.12215e+11,1,4.12215e+13,4122150301,NA,NA,2,2,2,1,1,42,1,42101,"101_110",4210160000,42101007300,1011,"",1,NA,NA,NA,"4:00","","","","7:30",14,5,NA,NA,NA,NA,NA,NA,NA,NA,NA,NA,NA,NA,NA,NA,NA,NA,NA,NA,NA,NA,NA,NA,NA,NA,NA,NA,NA,NA,NA,NA,3,1,42,1,42101,"101_103",4210160000,42101012500,135,1.13,42,39.803304,4.401601,102.4156415,7,30,450,1,"11/26/2012","",0,-75.2232933759479,39.9448265734297,-75.1665214095376,39.9615526212186,"POINT (-75.223293 39.944827)","POINT (-75.166521 39.961553)"
24592,412215,4,41221504,184.8813335,88.31258937,1,NA,4.12215e+11,1,4.12215e+13,4122150401,NA,NA,2,1,2,1,1,42,1,42101,"101_110",4210160000,42101007300,1011,"",1,NA,NA,NA,"4:19","","","","7:19",14,5,NA,NA,NA,NA,NA,NA,NA,NA,NA,NA,NA,NA,NA,NA,NA,NA,NA,NA,NA,NA,NA,NA,NA,NA,NA,NA,NA,NA,NA,NA,3,1,42,1,42101,"101_103",4210160000,42101000300,118,1.13,35,29.07502,3.515423,99.79322598,7,19,439,1,"11/26/2012","",0,-75.2232933759479,39.9448265734297,-75.1717674832599,39.9564206302579,"POINT (-75.223293 39.944827)","POINT (-75.171767 39.956421)"
24852,413539,1,41353901,317.9730521,182.5834247,1,NA,4.13539e+11,1,4.13539e+13,4135390101,NA,NA,2,1,2,1,1,42,1,42101,"101_101",4210160000,42101017300,1408,"",1,NA,NA,NA,"3:00","","","","12:00",14,5,NA,NA,NA,NA,NA,NA,NA,NA,NA,NA,NA,NA,NA,NA,NA,NA,NA,NA,NA,NA,NA,NA,NA,NA,NA,NA,NA,NA,NA,NA,4,1,42,1,42101,"101_107",4210160000,42101016300,426,1.17,60,20.614316,2.028179,213.6226069,12,0,720,1,"10/22/2012","",0,-75.1609354256761,39.9985787329005,-75.1339173390945,39.9885141593941,"POINT (-75.160935 39.998579)","POINT (-75.133917 39.988514)"
24853,413539,1,41353901,317.9730521,182.5834247,1,NA,4.13539e+11,2,4.13539e+13,4135390102,NA,NA,2,NA,NA,4,1,42,1,42101,"101_107",4210160000,42101016300,426,"13:00",16,NA,NA,NA,"2:00","","","","15:00",14,5,NA,NA,NA,NA,NA,NA,NA,NA,NA,NA,NA,NA,NA,NA,NA,NA,NA,NA,NA,NA,NA,NA,NA,NA,NA,NA,NA,NA,NA,NA,1,1,42,1,42101,"101_101",4210160000,42101017300,1408,1.17,120,25.004741,2.736088,213.6226069,15,0,900,1,"10/22/2012","",0,-75.1339173390945,39.9885141593941,-75.1609354256761,39.9985787329005,"POINT (-75.133917 39.988514)","POINT (-75.160935 39.998579)"
25084,415142,4,41514204,279.9583392,671.3722277,1,NA,4.15142e+11,1,4.15142e+13,4151420401,NA,NA,1,1,2,1,1,42,1,42091,"091_412",4209138000,42091202100,12246,"",1,15,20,7,"1:00","0:30","2:30","1:00","8:30",14,5,NA,NA,NA,NA,NA,NA,NA,NA,NA,NA,NA,NA,NA,NA,NA,NA,NA,NA,NA,NA,NA,NA,NA,NA,NA,NA,NA,NA,NA,NA,2,1,42,1,42091,"091_412",4209112968,42091202301,12233,1.17,30,16.703283,2.041884,785.5055064,8,30,510,2,"1/22/2013","",0,-75.129379590646,40.0985420675764,-75.1256172805438,40.0721167066709,"POINT (-75.129380 40.098542)","POINT (-75.125617 40.072117)"
25085,415142,4,41514204,279.9583392,671.3722277,1,NA,4.15142e+11,2,4.15142e+13,4151420402,NA,NA,1,NA,NA,2,1,42,1,42091,"091_412",4209112968,42091202301,12233,"9:00",11,5,NA,NA,"7:40","1:00","","","17:40",14,5,NA,NA,NA,NA,NA,NA,NA,NA,NA,NA,NA,NA,NA,NA,NA,NA,NA,NA,NA,NA,NA,NA,NA,NA,NA,NA,NA,NA,NA,NA,1,1,42,1,42091,"091_412",4209138000,42091202100,12246,1.17,20,18.253168,2.087267,785.5055064,17,40,1060,2,"1/22/2013","",0,-75.1256172805438,40.0721167066709,-75.129379590646,40.0985420675764,"POINT (-75.125617 40.072117)","POINT (-75.129380 40.098542)"
25172,415690,1,41569001,318.6405375,97.35893424,1,NA,4.1569e+11,2,4.1569e+13,4156900102,NA,NA,1,NA,NA,4,1,42,1,42101,"101_117",4210160000,42101025700,2436,"8:12",96,NA,NA,NA,"0:04","","","","8:16",14,5,NA,NA,NA,NA,NA,NA,NA,NA,NA,NA,NA,NA,NA,NA,NA,NA,NA,NA,NA,NA,NA,NA,NA,NA,NA,NA,NA,NA,NA,NA,4,1,42,1,42091,"091_412",4209112968,42091202602,12239,1.17,22,31.70825,5.7107,113.9099531,8,16,496,4,"2/14/2013","",0,-75.1962680244175,40.0724717157188,-75.1437069495727,40.0908743802349,"POINT (-75.196268 40.072472)","POINT (-75.143707 40.090874)"
25175,415690,1,41569001,318.6405375,97.35893424,1,NA,4.1569e+11,5,4.1569e+13,4156900105,NA,NA,1,NA,NA,4,1,42,1,42091,"091_412",4209112968,42091202602,12239,"17:55",96,NA,NA,NA,"0:05","","","","18:00",14,5,NA,NA,NA,NA,NA,NA,NA,NA,NA,NA,NA,NA,NA,NA,NA,NA,NA,NA,NA,NA,NA,NA,NA,NA,NA,NA,NA,NA,NA,NA,4,1,42,1,42101,"101_117",4210160000,42101025700,2436,1.17,21,29.750791,5.680575,113.9099531,18,0,1080,4,"2/14/2013","",0,-75.1437069495727,40.0908743802349,-75.1962680244175,40.0724717157188,"POINT (-75.143707 40.090874)","POINT (-75.196268 40.072472)"
25327,416152,2,41615202,331.6047336,489.3577914,1,NA,4.16152e+11,1,4.16152e+13,4161520201,NA,NA,2,1,2,1,1,42,1,42101,"101_114",4210160000,42101031800,1613,"",1,NA,NA,NA,"0:00","","","","10:05",14,5,NA,NA,NA,NA,NA,NA,NA,NA,NA,NA,NA,NA,NA,NA,NA,NA,NA,NA,NA,NA,NA,NA,NA,NA,NA,NA,NA,NA,NA,NA,4,1,42,1,42017,"017_509",4201705616,42017100201,15620,1.17,45,49.601288,9.307715,572.5486159,10,5,605,1,"12/17/2012","",0,-75.0769909306507,40.0311101522267,-74.9795376136262,40.1272335892217,"POINT (-75.076991 40.031110)","POINT (-74.979538 40.127234)"
25328,416152,2,41615202,331.6047336,489.3577914,1,NA,4.16152e+11,2,4.16152e+13,4161520202,NA,NA,2,NA,NA,4,1,42,1,42017,"017_509",4201705616,42017100201,15620,"10:50",2,NA,NA,NA,"3:15","","","","14:05",14,5,NA,NA,NA,NA,NA,NA,NA,NA,NA,NA,NA,NA,NA,NA,NA,NA,NA,NA,NA,NA,NA,NA,NA,NA,NA,NA,NA,NA,NA,NA,1,1,42,1,42101,"101_114",4210160000,42101031800,1613,1.17,150,50.324361,9.129877,572.5486159,14,5,845,1,"12/17/2012","",0,-74.9795376136262,40.1272335892217,-75.0769909306507,40.0311101522267,"POINT (-74.979538 40.127234)","POINT (-75.076991 40.031110)"
25380,416581,1,41658101,443.9604921,114.4519886,1,NA,4.16581e+11,1,4.16581e+13,4165810101,NA,NA,1,2,2,1,1,42,1,42101,"101_110",4210160000,42101008601,1027,"",1,NA,NA,NA,"4:00","","","","9:30",21,5,NA,NA,NA,NA,NA,NA,NA,NA,NA,NA,NA,NA,NA,NA,NA,NA,NA,NA,NA,NA,NA,NA,NA,NA,NA,NA,NA,NA,NA,NA,2,1,42,1,42101,"101_103",4210160000,42101037600,131,1.17,30,29.424943,3.902781,133.9088266,9,30,570,2,"1/15/2013","",0,-75.2165947836222,39.9537421538695,-75.1583275844786,39.9602029183105,"POINT (-75.216595 39.953742)","POINT (-75.158328 39.960203)"
25381,416581,1,41658101,443.9604921,114.4519886,1,NA,4.16581e+11,2,4.16581e+13,4165810102,NA,NA,1,NA,NA,2,1,42,1,42101,"101_103",4210160000,42101037600,131,"10:00",5,NA,NA,NA,"5:00","","","","15:00",21,5,NA,NA,NA,NA,NA,NA,NA,NA,NA,NA,NA,NA,NA,NA,NA,NA,NA,NA,NA,NA,NA,NA,NA,NA,NA,NA,NA,NA,NA,NA,4,1,42,1,42101,"101_103",4210160000,42101001202,24,1.17,20,19.278363,1.52401,133.9088266,15,0,900,2,"1/15/2013","",0,-75.1583275844786,39.9602029183105,-75.1698571868868,39.9452577603363,"POINT (-75.158328 39.960203)","POINT (-75.169857 39.945258)"
25384,416581,1,41658101,443.9604921,114.4519886,2,NA,4.16581e+11,5,4.16581e+13,4165810105,NA,NA,2,NA,NA,3,6,42,1,42101,"101_103",4210160000,42101001201,30,"18:20",3,NA,NA,NA,"3:00","","","","21:30",14,5,NA,NA,NA,NA,NA,NA,NA,NA,NA,NA,NA,NA,NA,NA,NA,NA,NA,NA,NA,NA,NA,NA,NA,NA,NA,NA,NA,NA,NA,NA,4,1,42,1,42101,"101_103",4210160000,42101000600,58,1.17,30,13.594292,1.127699,133.9088266,21,30,1290,2,"1/15/2013","",0,-75.1773253490168,39.9478229139105,-75.1630657978927,39.949981511781,"POINT (-75.177325 39.947823)","POINT (-75.163066 39.949982)"
25393,416693,1,41669301,234.0848624,462.1928786,1,NA,4.16693e+11,1,4.16693e+13,4166930101,NA,NA,1,3,2,1,1,42,1,42101,"101_112",4210160000,42101037200,804,"",1,NA,NA,NA,"3:30","","","","7:30",21,5,NA,NA,NA,NA,NA,NA,NA,NA,NA,NA,NA,NA,NA,NA,NA,NA,NA,NA,NA,NA,NA,NA,NA,NA,NA,NA,NA,NA,NA,NA,2,1,42,1,42101,"101_103",4210160000,42101000500,88,1.12,60,28.701108,3.432676,517.656024,7,30,450,4,"1/10/2013","",0,-75.1661003080911,39.9138576581668,-75.1541388337345,39.9522458625874,"POINT (-75.166100 39.913858)","POINT (-75.154139 39.952246)"
25396,416693,1,41669301,234.0848624,462.1928786,1,NA,4.16693e+11,4,4.16693e+13,4166930104,NA,NA,1,NA,NA,2,1,42,1,42101,"101_103",4210160000,42101000500,88,"11:45",5,NA,NA,NA,"5:45","","","","17:30",21,5,NA,NA,NA,NA,NA,NA,NA,NA,NA,NA,NA,NA,NA,NA,NA,NA,NA,NA,NA,NA,NA,NA,NA,NA,NA,NA,NA,NA,NA,NA,1,1,42,1,42101,"101_112",4210160000,42101037200,804,1.12,30,29.556428,3.243739,517.656024,17,30,1050,4,"1/10/2013","",0,-75.1541388337345,39.9522458625874,-75.1661003080911,39.9138576581668,"POINT (-75.154139 39.952246)","POINT (-75.166100 39.913858)"
25400,416693,2,41669302,234.0848624,462.1928786,1,NA,4.16693e+11,1,4.16693e+13,4166930201,NA,NA,2,2,2,1,1,42,1,42101,"101_112",4210160000,42101037200,804,"",1,NA,NA,NA,"12:00","","","","15:00",21,5,NA,NA,NA,NA,NA,NA,NA,NA,NA,NA,NA,NA,NA,NA,NA,NA,NA,NA,NA,NA,NA,NA,NA,NA,NA,NA,NA,NA,NA,NA,4,1,42,1,42101,"101_103",4210160000,42101001800,5,1.12,20,22.181638,2.266596,517.656024,15,0,900,4,"1/10/2013","",0,-75.1661003080911,39.9138576581668,-75.1593108938158,39.9400078893569,"POINT (-75.166100 39.913858)","POINT (-75.159311 39.940008)"
25528,416953,4,41695304,187.5678974,521.9697858,1,NA,4.16953e+11,1,4.16953e+13,4169530401,NA,NA,1,1,2,1,1,42,1,42017,"017_511",4201744968,42017105509,16037,"",1,NA,NA,NA,"0:00","","","","6:45",21,5,NA,NA,NA,NA,NA,NA,NA,NA,NA,NA,NA,NA,NA,NA,NA,NA,NA,NA,NA,NA,NA,NA,NA,NA,NA,NA,NA,NA,NA,NA,2,1,42,1,42101,"101_103",4210160000,42101000500,74,1.12,75,110.700288,32.273412,584.6061601,6,45,405,4,"10/25/2012","",0,-74.8592732788772,40.2475559050292,-75.1638872349499,39.9525548857932,"POINT (-74.859273 40.247556)","POINT (-75.163887 39.952555)"
25529,416953,4,41695304,187.5678974,521.9697858,1,NA,4.16953e+11,2,4.16953e+13,4169530402,NA,NA,1,NA,NA,2,1,42,1,42101,"101_103",4210160000,42101000500,74,"8:00",5,NA,NA,NA,"0:00","","","","16:30",21,5,NA,NA,NA,NA,NA,NA,NA,NA,NA,NA,NA,NA,NA,NA,NA,NA,NA,NA,NA,NA,NA,NA,NA,NA,NA,NA,NA,NA,NA,NA,1,1,42,1,42017,"017_511",4201744968,42017105509,16037,1.12,90,108.626724,32.293125,584.6061601,16,30,990,4,"10/25/2012","",0,-75.1638872349499,39.9525548857932,-74.8592732788772,40.2475559050292,"POINT (-75.163887 39.952555)","POINT (-74.859273 40.247556)"
25808,418270,1,41827001,97.34688475,83.98679561,1,NA,4.1827e+11,1,4.1827e+13,4182700101,NA,NA,2,4,2,1,1,42,1,42091,"091_412",4209100156,42091201608,12219,"",1,NA,NA,NA,"0:00","","","","9:15",14,5,NA,NA,NA,NA,NA,NA,NA,NA,NA,NA,NA,NA,NA,NA,NA,NA,NA,NA,NA,NA,NA,NA,NA,NA,NA,NA,NA,NA,NA,NA,4,1,42,1,42091,"091_412",4209100156,42091201800,12211,1.17,10,22.788658,2.021942,98.26455087,9,15,555,2,"3/5/2013","",0,-75.105165712328,40.1276279762693,-75.1213092333967,40.110417860785,"POINT (-75.105166 40.127628)","POINT (-75.121309 40.110418)"
25812,418270,1,41827001,97.34688475,83.98679561,1,NA,4.1827e+11,5,4.1827e+13,4182700105,NA,NA,2,NA,NA,4,1,42,1,42091,"091_412",4209100156,42091201800,12208,"9999",8,NA,NA,NA,"0:00","","","","15:05",14,5,NA,NA,NA,NA,NA,NA,NA,NA,NA,NA,NA,NA,NA,NA,NA,NA,NA,NA,NA,NA,NA,NA,NA,NA,NA,NA,NA,NA,NA,NA,1,1,42,1,42091,"091_412",4209100156,42091201608,12219,1.17,20,29.189776,2.702965,98.26455087,15,5,905,2,"3/5/2013","",0,-75.1303917234572,40.1051385654962,-75.105165712328,40.1276279762693,"POINT (-75.130392 40.105139)","POINT (-75.105166 40.127628)"
26078,419577,4,41957704,366.605881,1107.265586,1,NA,4.19577e+11,2,4.19577e+13,4195770402,NA,NA,1,NA,NA,4,1,42,1,42101,"101_104",4210160000,42101035100,3032,"14:30",19,NA,NA,NA,"0:10","","","","14:40",21,5,NA,NA,NA,NA,NA,NA,NA,NA,NA,NA,NA,NA,NA,NA,NA,NA,NA,NA,NA,NA,NA,NA,NA,NA,NA,NA,NA,NA,NA,NA,2,1,42,1,42101,"101_103",4210160000,42101000500,91,1.12,20,52.235668,15.855093,1240.137457,14,40,880,1,"10/22/2012","",0,-74.9853265543148,40.0477525065309,-75.1612826317197,39.9532127364358,"POINT (-74.985327 40.047753)","POINT (-75.161283 39.953213)"
26370,421294,1,42129401,91.07796866,126.0841182,1,NA,4.21294e+11,1,4.21294e+13,4212940101,NA,NA,3,1,2,2,1,42,1,42091,"091_402",4209179136,42091205809,10226,"",1,NA,NA,NA,"0:00","","","","3:45",21,5,NA,NA,NA,NA,NA,NA,NA,NA,NA,NA,NA,NA,NA,NA,NA,NA,NA,NA,NA,NA,NA,NA,NA,NA,NA,NA,NA,NA,NA,NA,2,1,42,1,42101,"101_103",4210160000,42101036700,126,1.12,186,87.294782,20.287039,141.2142124,3,45,225,5,"12/28/2012","",0,-75.3673834571287,40.1080902731022,-75.1461838934269,39.9589037110814,"POINT (-75.367383 40.108090)","POINT (-75.146184 39.958904)"
26371,421294,1,42129401,91.07796866,126.0841182,1,NA,4.21294e+11,2,4.21294e+13,4212940102,NA,NA,3,NA,NA,2,1,42,1,42101,"101_103",4210160000,42101036700,126,"6:51",5,NA,NA,NA,"8:45","","","","15:36",21,5,NA,NA,NA,NA,NA,NA,NA,NA,NA,NA,NA,NA,NA,NA,NA,NA,NA,NA,NA,NA,NA,NA,NA,NA,NA,NA,NA,NA,NA,NA,1,1,42,1,42091,"091_402",4209179136,42091205809,10226,1.12,69,82.889388,20.045443,141.2142124,15,36,936,5,"12/28/2012","",0,-75.1461838934269,39.9589037110814,-75.3673834571287,40.1080902731022,"POINT (-75.146184 39.958904)","POINT (-75.367383 40.108090)"
26396,421828,1,42182801,172.1268987,96.92038715,1,NA,4.21828e+11,1,4.21828e+13,4218280101,NA,NA,1,2,2,1,1,42,1,42101,"101_112",4210160000,42101003901,822,"",2,7,NA,NA,"1:00","1:00","","","6:30",21,5,NA,NA,NA,NA,NA,NA,NA,NA,NA,NA,NA,NA,NA,NA,NA,NA,NA,NA,NA,NA,NA,NA,NA,NA,NA,NA,NA,NA,NA,NA,2,1,42,1,42101,"101_117",4210160000,42101024700,2415,1.12,60,44.042432,9.325362,108.5508336,6,30,390,4,"8/1/2013","",0,-75.1727947008017,39.9254003368501,-75.1619465866814,40.0435075759518,"POINT (-75.172795 39.925400)","POINT (-75.161947 40.043508)"
26398,421828,1,42182801,172.1268987,96.92038715,1,NA,4.21828e+11,3,4.21828e+13,4218280103,NA,NA,1,NA,NA,4,1,42,1,42101,"101_104",4210160000,42101035200,3034,"18:15",3,NA,NA,NA,"2:30","","","","21:00",21,5,NA,NA,NA,NA,NA,NA,NA,NA,NA,NA,NA,NA,NA,NA,NA,NA,NA,NA,NA,NA,NA,NA,NA,NA,NA,NA,NA,NA,NA,NA,1,1,42,1,42101,"101_112",4210160000,42101003901,822,1.12,75,61.323722,15.694458,108.5508336,21,0,1260,4,"8/1/2013","",0,-74.9919645563739,40.0557019160434,-75.1727947008017,39.9254003368501,"POINT (-74.991965 40.055702)","POINT (-75.172795 39.925400)"
26400,421828,2,42182802,172.1268987,100.3896759,1,NA,4.21828e+11,1,4.21828e+13,4218280201,NA,NA,1,2,2,1,1,42,1,42101,"101_112",4210160000,42101003901,822,"",1,2,NA,NA,"1:00","2:00","","","6:00",14,5,NA,NA,NA,NA,NA,NA,NA,NA,NA,NA,NA,NA,NA,NA,NA,NA,NA,NA,NA,NA,NA,NA,NA,NA,NA,NA,NA,NA,NA,NA,2,1,42,1,42101,"101_106",4210160000,42101011100,1229,1.12,45,45.440448,6.539293,112.436437,6,0,360,4,"8/1/2013","",0,-75.1727947008017,39.9254003368501,-75.2239722514315,39.9735103886618,"POINT (-75.172795 39.925400)","POINT (-75.223972 39.973510)"
26408,421889,2,42188902,287.1623204,178.1439768,1,NA,4.21889e+11,1,4.21889e+13,4218890201,NA,NA,1,1,2,1,1,42,1,42101,"101_112",4210160000,42101003902,805,"",1,NA,NA,NA,"7:00","","","","10:00",21,5,NA,NA,NA,NA,NA,NA,NA,NA,NA,NA,NA,NA,NA,NA,NA,NA,NA,NA,NA,NA,NA,NA,NA,NA,NA,NA,NA,NA,NA,NA,2,1,42,1,42101,"101_103",4210160000,42101000500,91,1.12,30,19.127612,2.908477,199.5212541,10,0,600,2,"1/22/2013","",0,-75.1748164256956,39.9150535108662,-75.1612826317197,39.9532127364358,"POINT (-75.174816 39.915054)","POINT (-75.161283 39.953213)"
26409,421889,2,42188902,287.1623204,178.1439768,1,NA,4.21889e+11,2,4.21889e+13,4218890202,NA,NA,1,NA,NA,2,1,42,1,42101,"101_103",4210160000,42101000500,91,"10:30",5,NA,NA,NA,"0:05","","","","16:00",21,5,NA,NA,NA,NA,NA,NA,NA,NA,NA,NA,NA,NA,NA,NA,NA,NA,NA,NA,NA,NA,NA,NA,NA,NA,NA,NA,NA,NA,NA,NA,1,1,42,1,42101,"101_112",4210160000,42101003902,805,1.12,30,19.008815,2.935062,199.5212541,16,0,960,2,"1/22/2013","",0,-75.1612826317197,39.9532127364358,-75.1748164256956,39.9150535108662,"POINT (-75.161283 39.953213)","POINT (-75.174816 39.915054)"
26636,422640,1,42264001,149.3680069,117.0082663,1,NA,4.2264e+11,4,4.2264e+13,4226400104,NA,NA,1,NA,NA,4,1,42,1,42091,"091_403",4209154656,42091203902,10422,"16:40",19,NA,NA,NA,"0:00","","","","17:05",21,5,NA,NA,NA,NA,NA,NA,NA,NA,NA,NA,NA,NA,NA,NA,NA,NA,NA,NA,NA,NA,NA,NA,NA,NA,NA,NA,NA,NA,NA,NA,4,1,42,1,42045,"045_203",4204579000,42045400500,4459,1.15,23,33.942327,13.660449,134.5595063,17,5,1025,1,"2/4/2013","",0,-75.3460361638143,40.1143423687777,-75.2626735411038,39.9640057100153,"POINT (-75.346036 40.114342)","POINT (-75.262674 39.964006)"
26637,422640,1,42264001,149.3680069,117.0082663,1,NA,4.2264e+11,5,4.2264e+13,4226400105,NA,NA,1,NA,NA,4,1,42,1,42045,"045_203",4204579000,42045400500,4459,"17:28",19,NA,NA,NA,"0:00","","","","17:33",21,5,NA,NA,NA,NA,NA,NA,NA,NA,NA,NA,NA,NA,NA,NA,NA,NA,NA,NA,NA,NA,NA,NA,NA,NA,NA,NA,NA,NA,NA,NA,1,1,42,1,42101,"101_103",4210160000,42101036700,125,1.15,25,32.548835,7.426563,134.5595063,17,33,1053,1,"2/4/2013","",0,-75.2626735411038,39.9640057100153,-75.1414393682529,39.9601471054741,"POINT (-75.262674 39.964006)","POINT (-75.141439 39.960147)"
26642,422640,2,42264002,149.3680069,109.9549766,1,NA,4.2264e+11,2,4.2264e+13,4226400202,NA,NA,1,NA,NA,4,1,42,1,42101,"101_103",4210160000,42101036700,125,"8:25",18,NA,NA,NA,"0:10","","","","8:35",21,5,NA,NA,NA,NA,NA,NA,NA,NA,NA,NA,NA,NA,NA,NA,NA,NA,NA,NA,NA,NA,NA,NA,NA,NA,NA,NA,NA,NA,NA,NA,2,1,42,1,42101,"101_103",4210160000,42101000300,117,1.15,30,18.911922,2.350882,126.448223,8,35,515,1,"2/4/2013","",0,-75.1414393682529,39.9601471054741,-75.1701604201666,39.9562259742499,"POINT (-75.141439 39.960147)","POINT (-75.170160 39.956226)"
26643,422640,2,42264002,149.3680069,109.9549766,1,NA,4.2264e+11,3,4.2264e+13,4226400203,NA,NA,1,NA,NA,2,1,42,1,42101,"101_103",4210160000,42101000300,117,"9:05",5,NA,NA,NA,"8:00","","","","17:10",21,5,NA,NA,NA,NA,NA,NA,NA,NA,NA,NA,NA,NA,NA,NA,NA,NA,NA,NA,NA,NA,NA,NA,NA,NA,NA,NA,NA,NA,NA,NA,2,1,42,1,42101,"101_103",4210160000,42101000300,117,1.15,30,4.251208,0.067703,126.448223,17,10,1030,1,"2/4/2013","",0,-75.1701604201666,39.9562259742499,-75.1701604201666,39.9562259742499,"POINT (-75.170160 39.956226)","POINT (-75.170160 39.956226)"
26860,423742,1,42374201,153.7090146,73.81519135,1,NA,4.23742e+11,1,4.23742e+13,4237420101,NA,NA,1,1,2,1,1,42,1,42091,"091_404",4209143312,42091208604,10602,"",1,NA,NA,NA,"0:00","","","","6:00",14,5,NA,NA,NA,NA,NA,NA,NA,NA,NA,NA,NA,NA,NA,NA,NA,NA,NA,NA,NA,NA,NA,NA,NA,NA,NA,NA,NA,NA,NA,NA,2,1,42,1,42101,"101_103",4210160000,42101000402,80,1.12,90,133.333258,37.665381,82.67301432,6,0,360,1,"3/25/2013","",0,-75.5452592499028,40.203087602511,-75.1677276497158,39.9525760413027,"POINT (-75.545259 40.203088)","POINT (-75.167728 39.952576)"
27023,424709,1,42470901,318.6405375,103.1176435,1,NA,4.24709e+11,1,4.24709e+13,4247090101,NA,NA,1,1,2,1,1,42,1,42101,"101_103",4210160000,42101000801,49,"",1,7,NA,NA,"1:00","0:30","","","9:00",14,5,NA,NA,NA,NA,NA,NA,NA,NA,NA,NA,NA,NA,NA,NA,NA,NA,NA,NA,NA,NA,NA,NA,NA,NA,NA,NA,NA,NA,NA,NA,2,1,42,1,42101,"101_110",4210160000,42101008801,1028,1.17,15,9.966146,1.277857,120.6476429,9,0,540,5,"1/4/2013","",0,-75.1781614636911,39.9498663111966,-75.1984494658686,39.9539400028283,"POINT (-75.178161 39.949866)","POINT (-75.198449 39.953940)"
27615,427510,4,42751004,469.9974671,278.9805222,1,NA,4.2751e+11,1,4.2751e+13,4275100401,NA,NA,2,5,2,1,1,42,1,42101,"101_108",4210160000,42101021700,3215,"",1,NA,NA,NA,"3:35","","","","6:35",14,5,NA,NA,NA,NA,NA,NA,NA,NA,NA,NA,NA,NA,NA,NA,NA,NA,NA,NA,NA,NA,NA,NA,NA,NA,NA,NA,NA,NA,NA,NA,3,6,42,1,42101,"101_112",4210160000,42101002400,846,1.17,45,46.809493,10.794756,326.4072109,6,35,395,3,"12/5/2012","",0,-75.2203509863295,40.0410461667675,-75.1595117962634,39.9367714452714,"POINT (-75.220351 40.041046)","POINT (-75.159512 39.936771)"
27616,427510,4,42751004,469.9974671,278.9805222,1,NA,4.2751e+11,2,4.2751e+13,4275100402,NA,NA,2,NA,NA,3,6,42,1,42101,"101_112",4210160000,42101002400,846,"7:20",3,NA,NA,NA,"3:10","","","","10:30",14,5,NA,NA,NA,NA,NA,NA,NA,NA,NA,NA,NA,NA,NA,NA,NA,NA,NA,NA,NA,NA,NA,NA,NA,NA,NA,NA,NA,NA,NA,NA,4,1,42,1,42101,"101_112",4210160000,42101004202,808,1.17,45,19.053418,2.261182,326.4072109,10,30,630,3,"12/5/2012","",0,-75.1595117962634,39.9367714452714,-75.1516301589525,39.9168650559185,"POINT (-75.159512 39.936771)","POINT (-75.151630 39.916865)"
27647,427615,1,42761501,312.7658348,166.2835719,1,NA,4.27615e+11,1,4.27615e+13,4276150101,NA,NA,1,3,2,1,1,42,1,42101,"101_103",4210160000,42101001101,21,"",1,NA,NA,NA,"5:35","","","","8:35",14,5,NA,NA,NA,NA,NA,NA,NA,NA,NA,NA,NA,NA,NA,NA,NA,NA,NA,NA,NA,NA,NA,NA,NA,NA,NA,NA,NA,NA,NA,NA,2,1,42,1,42101,"101_110",4210160000,42101036900,1025,1.12,30,21.445981,2.154644,186.2376005,8,35,515,3,"1/16/2013","",0,-75.1628439188361,39.9457617844426,-75.1937934209145,39.951852697735,"POINT (-75.162844 39.945762)","POINT (-75.193793 39.951853)"
27648,427615,1,42761501,312.7658348,166.2835719,1,NA,4.27615e+11,2,4.27615e+13,4276150102,NA,NA,1,NA,NA,2,1,42,1,42101,"101_110",4210160000,42101036900,1025,"9:05",5,NA,NA,NA,"7:00","","","","17:00",21,5,NA,NA,NA,NA,NA,NA,NA,NA,NA,NA,NA,NA,NA,NA,NA,NA,NA,NA,NA,NA,NA,NA,NA,NA,NA,NA,NA,NA,NA,NA,4,1,42,1,42101,"101_103",4210160000,42101000500,69,1.12,25,16.56589,2.389062,186.2376005,17,0,1020,3,"1/16/2013","",0,-75.1937934209145,39.951852697735,-75.1537481432666,39.9503794767793,"POINT (-75.193793 39.951853)","POINT (-75.153748 39.950379)"
28056,430255,1,43025501,221.0071427,367.672867,1,NA,4.30255e+11,1,4.30255e+13,4302550101,NA,NA,2,4,2,1,1,42,1,42045,"045_203",4204579000,42045400500,4461,"",1,NA,NA,NA,"0:00","","","","9:00",14,5,NA,NA,NA,NA,NA,NA,NA,NA,NA,NA,NA,NA,NA,NA,NA,NA,NA,NA,NA,NA,NA,NA,NA,NA,NA,NA,NA,NA,NA,NA,4,3,42,1,42045,"045_206",4204533144,42045409100,5011,1.17,30,19.508835,2.48631,430.1772544,9,0,540,5,"12/21/2012","",0,-75.2774149663199,39.9687743576991,-75.3024393659454,39.9834631042535,"POINT (-75.277415 39.968774)","POINT (-75.302439 39.983463)"
28253,431031,1,43103101,318.6405375,97.35893424,1,NA,4.31031e+11,1,4.31031e+13,4310310101,NA,NA,1,2,2,1,1,42,1,42101,"101_103",4210160000,42101000401,103,"",1,NA,NA,NA,"3:00","","","","11:30",23,5,NA,NA,NA,NA,NA,NA,NA,NA,NA,NA,NA,NA,NA,NA,NA,NA,NA,NA,NA,NA,NA,NA,NA,NA,NA,NA,NA,NA,NA,NA,2,1,42,1,42101,"101_110",4210160000,42101009000,1036,1.17,30,12.364913,0.904474,113.9099531,11,30,690,5,"2/1/2013","",0,-75.177201361549,39.9550054347417,-75.1906300416804,39.958024348983,"POINT (-75.177201 39.955005)","POINT (-75.190630 39.958024)"
28316,431230,1,43123001,210.3458359,481.9935663,1,NA,4.3123e+11,1,4.3123e+13,4312300101,NA,NA,3,2,2,1,1,42,1,42101,"101_108",4210160000,42101021000,3207,"",1,NA,NA,NA,"6:00","","","","9:10",14,5,NA,NA,NA,NA,NA,NA,NA,NA,NA,NA,NA,NA,NA,NA,NA,NA,NA,NA,NA,NA,NA,NA,NA,NA,NA,NA,NA,NA,NA,NA,2,1,42,1,42101,"101_103",4210160000,42101000402,93,1.12,15,21.146886,7.683325,539.8327943,9,10,550,2,"1/15/2013","",0,-75.2119692985922,40.025270412473,-75.1659426772114,39.9531940428398,"POINT (-75.211969 40.025270)","POINT (-75.165943 39.953194)"
28447,432026,1,43202601,379.4674862,424.2472913,1,NA,4.32026e+11,1,4.32026e+13,4320260101,NA,NA,1,1,2,1,1,42,1,42101,"101_109",4210160000,42101017900,619,"",1,NA,NA,NA,"10:00","","","","15:30",14,5,NA,NA,NA,NA,NA,NA,NA,NA,NA,NA,NA,NA,NA,NA,NA,NA,NA,NA,NA,NA,NA,NA,NA,NA,NA,NA,NA,NA,NA,NA,2,1,42,1,42101,"101_112",4210160000,42101002802,829,1.17,60,46.937114,6.939465,496.3693308,15,30,930,4,"1/17/2013","",0,-75.1102184888777,39.9887849617672,-75.1621989372444,39.9276530000056,"POINT (-75.110218 39.988785)","POINT (-75.162199 39.927653)"
28448,432026,1,43202601,379.4674862,424.2472913,1,NA,4.32026e+11,2,4.32026e+13,4320260102,NA,NA,1,NA,NA,2,1,42,1,42101,"101_112",4210160000,42101002802,829,"16:30",5,NA,NA,NA,"4:00","","","","21:00",14,5,NA,NA,NA,NA,NA,NA,NA,NA,NA,NA,NA,NA,NA,NA,NA,NA,NA,NA,NA,NA,NA,NA,NA,NA,NA,NA,NA,NA,NA,NA,1,1,42,1,42101,"101_109",4210160000,42101017900,619,1.17,65,45.038301,7.184285,496.3693308,21,0,1260,4,"1/17/2013","",0,-75.1621989372444,39.9276530000056,-75.1102184888777,39.9887849617672,"POINT (-75.162199 39.927653)","POINT (-75.110218 39.988785)"
28519,432208,1,43220801,616.7457714,288.2863846,1,NA,4.32208e+11,1,4.32208e+13,4322080101,NA,NA,1,1,2,1,1,42,1,42101,"101_101",4210160000,42101019800,1425,"",1,NA,NA,NA,"0:00","","","","7:20",14,5,NA,NA,NA,NA,NA,NA,NA,NA,NA,NA,NA,NA,NA,NA,NA,NA,NA,NA,NA,NA,NA,NA,NA,NA,NA,NA,NA,NA,NA,NA,2,1,42,1,42101,"101_103",4210160000,42101000402,95,1.17,55,27.685963,4.966957,337.29507,7,20,440,4,"1/24/2013","",0,-75.1393249025147,40.0100834581765,-75.1691139313301,39.9535949564727,"POINT (-75.139325 40.010083)","POINT (-75.169114 39.953595)"
28520,432208,1,43220801,616.7457714,288.2863846,1,NA,4.32208e+11,2,4.32208e+13,4322080102,NA,NA,1,NA,NA,2,1,42,1,42101,"101_103",4210160000,42101000402,95,"8:15",5,NA,NA,NA,"0:00","","","","12:30",14,5,NA,NA,NA,NA,NA,NA,NA,NA,NA,NA,NA,NA,NA,NA,NA,NA,NA,NA,NA,NA,NA,NA,NA,NA,NA,NA,NA,NA,NA,NA,1,1,42,1,42101,"101_101",4210160000,42101019800,1425,1.17,45,29.525072,4.973575,337.29507,12,30,750,4,"1/24/2013","",0,-75.1691139313301,39.9535949564727,-75.1393249025147,40.0100834581765,"POINT (-75.169114 39.953595)","POINT (-75.139325 40.010083)"
28522,432208,1,43220801,616.7457714,288.2863846,2,NA,4.32208e+11,4,4.32208e+13,4322080104,NA,NA,2,NA,NA,4,1,42,1,42101,"101_101",4210160000,42101020000,1415,"15:00",12,NA,NA,NA,"0:00","","","","19:00",14,5,NA,NA,NA,NA,NA,NA,NA,NA,NA,NA,NA,NA,NA,NA,NA,NA,NA,NA,NA,NA,NA,NA,NA,NA,NA,NA,NA,NA,NA,NA,1,1,42,1,42101,"101_101",4210160000,42101019800,1425,1.17,60,10.453227,0.906985,337.29507,19,0,1140,4,"1/24/2013","",0,-75.1509013014001,40.0025369261947,-75.1393249025147,40.0100834581765,"POINT (-75.150901 40.002537)","POINT (-75.139325 40.010083)"
28835,433373,1,43337301,256.8845842,201.6404851,2,NA,4.33373e+11,3,4.33373e+13,4333730103,NA,NA,2,NA,NA,4,3,42,1,42101,"101_115",4210160000,42101027300,2614,"12:25",6,8,NA,NA,"0:00","","","","14:00",14,5,NA,NA,NA,NA,NA,NA,NA,NA,NA,NA,NA,NA,NA,NA,NA,NA,NA,NA,NA,NA,NA,NA,NA,NA,NA,NA,NA,NA,NA,NA,4,1,42,1,42101,"101_114",4210160000,42101029100,1616,1.17,15,9.627913,0.573126,235.9193675,14,0,840,3,"1/16/2013","",0,-75.1191244525154,40.0364863338015,-75.1074608568458,40.0361390710689,"POINT (-75.119124 40.036486)","POINT (-75.107461 40.036139)"
29022,434235,3,43423503,295.2216189,269.9681989,1,NA,4.34235e+11,2,4.34235e+13,4342350302,NA,NA,2,NA,NA,3,6,42,1,42101,"101_103",4210160000,42101013300,137,"7:50",3,4,NA,NA,"6:30","3:00","","","17:30",14,5,NA,NA,NA,NA,NA,NA,NA,NA,NA,NA,NA,NA,NA,NA,NA,NA,NA,NA,NA,NA,NA,NA,NA,NA,NA,NA,NA,NA,NA,NA,4,1,42,1,42101,"101_103",4210160000,42101000402,92,1.12,20,12.02212,1.270445,302.3643828,17,30,1050,5,"1/18/2013","",0,-75.1629472849343,39.9666206906345,-75.1648345113326,39.9541020155151,"POINT (-75.162947 39.966621)","POINT (-75.164835 39.954102)"
29160,435293,3,43529303,251.3888522,201.9025439,1,NA,4.35293e+11,2,4.35293e+13,4352930302,NA,NA,2,NA,NA,3,6,42,1,42101,"101_116",4210160000,42101036203,3615,"7:05",3,NA,NA,NA,"7:55","","","","15:00",14,5,NA,NA,NA,NA,NA,NA,NA,NA,NA,NA,NA,NA,NA,NA,NA,NA,NA,NA,NA,NA,NA,NA,NA,NA,NA,NA,NA,NA,NA,NA,1,1,42,1,42101,"101_118",4210160000,42101034000,2821,1.12,45,43.691773,11.188608,226.1308492,15,0,900,2,"11/20/2012","",0,-74.9706843838361,40.0810152002897,-75.0733744933994,40.0711402892958,"POINT (-74.970684 40.081015)","POINT (-75.073374 40.071140)"
29343,436401,1,43640101,164.381274,106.8804314,1,NA,4.36401e+11,1,4.36401e+13,4364010101,NA,NA,2,1,2,1,1,42,1,42101,"101_103",4210160000,42101001001,36,"",1,NA,NA,NA,"8:00","","","","12:25",14,5,NA,NA,NA,NA,NA,NA,NA,NA,NA,NA,NA,NA,NA,NA,NA,NA,NA,NA,NA,NA,NA,NA,NA,NA,NA,NA,NA,NA,NA,NA,4,1,42,1,42101,"101_103",4210160000,42101000600,58,1.17,15,13.731081,0.918371,125.0501048,12,25,745,5,"4/5/2013","",0,-75.1505658415867,39.9464361327538,-75.1630657978927,39.949981511781,"POINT (-75.150566 39.946436)","POINT (-75.163066 39.949982)"
29431,436953,1,43695301,293.3707508,114.9809934,1,NA,4.36953e+11,1,4.36953e+13,4369530101,NA,NA,1,1,2,1,1,42,1,42101,"101_108",4210160000,42101021400,3209,"",1,NA,NA,NA,"4:00","","","","7:00",14,5,NA,NA,NA,NA,NA,NA,NA,NA,NA,NA,NA,NA,NA,NA,NA,NA,NA,NA,NA,NA,NA,NA,NA,NA,NA,NA,NA,NA,NA,NA,2,1,42,1,42101,"101_108",4210160000,42101038400,3221,1.17,30,26.560449,4.020012,134.5277623,7,0,420,4,"10/18/2012","",0,-75.2240469261417,40.0283746179593,-75.2361840313814,40.0659288695917,"POINT (-75.224047 40.028375)","POINT (-75.236184 40.065929)"
29432,436953,1,43695301,293.3707508,114.9809934,1,NA,4.36953e+11,2,4.36953e+13,4369530102,NA,NA,1,NA,NA,2,1,42,1,42101,"101_108",4210160000,42101038400,3221,"7:30",5,8,NA,NA,"8:30","1:15","","","17:15",14,5,NA,NA,NA,NA,NA,NA,NA,NA,NA,NA,NA,NA,NA,NA,NA,NA,NA,NA,NA,NA,NA,NA,NA,NA,NA,NA,NA,NA,NA,NA,1,1,42,1,42101,"101_108",4210160000,42101021400,3209,1.17,15,25.348863,4.121336,134.5277623,17,15,1035,4,"10/18/2012","",0,-75.2361840313814,40.0659288695917,-75.2240469261417,40.0283746179593,"POINT (-75.236184 40.065929)","POINT (-75.224047 40.028375)"
29560,438154,1,43815401,186.541371,169.4468022,1,NA,4.38154e+11,1,4.38154e+13,4381540101,NA,NA,1,1,2,1,1,42,1,42101,"101_103",4210160000,42101013500,140,"",1,NA,NA,NA,"4:00","","","","8:15",14,5,NA,NA,NA,NA,NA,NA,NA,NA,NA,NA,NA,NA,NA,NA,NA,NA,NA,NA,NA,NA,NA,NA,NA,NA,NA,NA,NA,NA,NA,NA,2,1,42,1,42101,"101_103",4210160000,42101000500,90,1.12,35,21.33371,1.973263,189.7804184,8,15,495,2,"1/8/2013","",0,-75.1700384657366,39.9693644720962,-75.1588750233838,39.9528401835985,"POINT (-75.170038 39.969364)","POINT (-75.158875 39.952840)"
29561,438154,1,43815401,186.541371,169.4468022,1,NA,4.38154e+11,2,4.38154e+13,4381540102,NA,NA,1,NA,NA,2,1,42,1,42101,"101_103",4210160000,42101000500,90,"8:50",5,NA,NA,NA,"8:30","","","","17:30",14,5,NA,NA,NA,NA,NA,NA,NA,NA,NA,NA,NA,NA,NA,NA,NA,NA,NA,NA,NA,NA,NA,NA,NA,NA,NA,NA,NA,NA,NA,NA,1,1,42,1,42101,"101_103",4210160000,42101013500,140,1.12,30,17.952199,1.937098,189.7804184,17,30,1050,2,"1/8/2013","",0,-75.1588750233838,39.9528401835985,-75.1700384657366,39.9693644720962,"POINT (-75.158875 39.952840)","POINT (-75.170038 39.969364)"
29581,438484,1,43848401,66.89625544,102.8047484,1,NA,4.38484e+11,2,4.38484e+13,4384840102,NA,NA,1,NA,NA,4,1,42,1,42101,"101_112",4210160000,42101002900,834,"8:37",19,NA,NA,NA,"0:03","","","","8:40",21,5,NA,NA,NA,NA,NA,NA,NA,NA,NA,NA,NA,NA,NA,NA,NA,NA,NA,NA,NA,NA,NA,NA,NA,NA,NA,NA,NA,NA,NA,NA,4,1,42,1,42101,"101_103",4210160000,42101000500,74,1.15,3,11.813283,1.812381,118.2254606,8,40,520,2,"5/7/2013","",0,-75.1655746637264,39.9307064691021,-75.1638872349499,39.9525548857932,"POINT (-75.165575 39.930706)","POINT (-75.163887 39.952555)"
29582,438484,1,43848401,66.89625544,102.8047484,1,NA,4.38484e+11,3,4.38484e+13,4384840103,NA,NA,1,NA,NA,4,1,42,1,42101,"101_103",4210160000,42101000500,74,"8:43",19,NA,NA,NA,"0:03","","","","8:46",23,5,NA,NA,NA,NA,NA,NA,NA,NA,NA,NA,NA,NA,NA,NA,NA,NA,NA,NA,NA,NA,NA,NA,NA,NA,NA,NA,NA,NA,NA,NA,4,1,42,1,42101,"101_103",4210160000,42101000402,82,1.15,2,7.183058,0.637351,118.2254606,8,46,526,2,"5/7/2013","",0,-75.1638872349499,39.9525548857932,-75.1708705877199,39.9529581159317,"POINT (-75.163887 39.952555)","POINT (-75.170871 39.952958)"
29586,438484,1,43848401,66.89625544,102.8047484,1,NA,4.38484e+11,7,4.38484e+13,4384840107,NA,NA,1,NA,NA,4,1,42,1,42101,"101_103",4210160000,42101000500,74,"18:07",19,NA,NA,NA,"0:00","","","","18:10",21,5,NA,NA,NA,NA,NA,NA,NA,NA,NA,NA,NA,NA,NA,NA,NA,NA,NA,NA,NA,NA,NA,NA,NA,NA,NA,NA,NA,NA,NA,NA,4,1,42,1,42101,"101_112",4210160000,42101002900,834,1.15,3,11.905431,1.798604,118.2254606,18,10,1090,2,"5/7/2013","",0,-75.1638872349499,39.9525548857932,-75.1655746637264,39.9307064691021,"POINT (-75.163887 39.952555)","POINT (-75.165575 39.930706)"
29592,438484,2,43848402,66.89625544,105.2154024,1,NA,4.38484e+11,2,4.38484e+13,4384840202,NA,NA,1,NA,NA,4,1,42,1,42101,"101_112",4210160000,42101002900,834,"8:37",19,NA,NA,NA,"0:00","","","","8:42",21,5,NA,NA,NA,NA,NA,NA,NA,NA,NA,NA,NA,NA,NA,NA,NA,NA,NA,NA,NA,NA,NA,NA,NA,NA,NA,NA,NA,NA,NA,NA,4,1,42,1,42101,"101_103",4210160000,42101000500,74,1.15,8,11.813283,1.812381,120.9977128,8,42,522,2,"5/7/2013","",0,-75.1655746637264,39.9307064691021,-75.1638872349499,39.9525548857932,"POINT (-75.165575 39.930706)","POINT (-75.163887 39.952555)"
29593,438484,2,43848402,66.89625544,105.2154024,1,NA,4.38484e+11,3,4.38484e+13,4384840203,NA,NA,1,NA,NA,4,1,42,1,42101,"101_103",4210160000,42101000500,74,"8:50",19,NA,NA,NA,"0:00","","","","8:52",23,5,NA,NA,NA,NA,NA,NA,NA,NA,NA,NA,NA,NA,NA,NA,NA,NA,NA,NA,NA,NA,NA,NA,NA,NA,NA,NA,NA,NA,NA,NA,4,1,42,1,42101,"101_103",4210160000,42101000402,82,1.15,2,7.183058,0.637351,120.9977128,8,52,532,2,"5/7/2013","",0,-75.1638872349499,39.9525548857932,-75.1708705877199,39.9529581159317,"POINT (-75.163887 39.952555)","POINT (-75.170871 39.952958)"
29596,438484,2,43848402,66.89625544,105.2154024,1,NA,4.38484e+11,6,4.38484e+13,4384840206,NA,NA,1,NA,NA,4,1,42,1,42101,"101_103",4210160000,42101000500,74,"18:12",19,NA,NA,NA,"0:00","","","","18:15",21,5,NA,NA,NA,NA,NA,NA,NA,NA,NA,NA,NA,NA,NA,NA,NA,NA,NA,NA,NA,NA,NA,NA,NA,NA,NA,NA,NA,NA,NA,NA,4,1,42,1,42101,"101_112",4210160000,42101002900,834,1.15,8,11.905431,1.798604,120.9977128,18,15,1095,2,"5/7/2013","",0,-75.1638872349499,39.9525548857932,-75.1655746637264,39.9307064691021,"POINT (-75.163887 39.952555)","POINT (-75.165575 39.930706)"
29612,438735,1,43873501,228.5125741,232.4840339,1,NA,4.38735e+11,1,4.38735e+13,4387350101,NA,NA,3,2,2,4,1,42,1,42101,"101_111",4210160000,42101011400,1237,"",16,NA,NA,NA,"2:15","","","","11:25",14,5,NA,NA,NA,NA,NA,NA,NA,NA,NA,NA,NA,NA,NA,NA,NA,NA,NA,NA,NA,NA,NA,NA,NA,NA,NA,NA,NA,NA,NA,NA,4,1,42,1,42045,"045_203",4204579000,42045400802,4440,1.17,15,37.797493,4.098627,272.0063197,11,25,685,5,"10/19/2012","",0,-75.2426068713605,39.9822769709651,-75.2862320050127,39.9472873841357,"POINT (-75.242607 39.982277)","POINT (-75.286232 39.947287)"
29613,438735,1,43873501,228.5125741,232.4840339,1,NA,4.38735e+11,2,4.38735e+13,4387350102,NA,NA,3,NA,NA,4,1,42,1,42045,"045_203",4204579000,42045400802,4440,"11:40",19,NA,NA,NA,"1:30","","","","13:10",14,5,NA,NA,NA,NA,NA,NA,NA,NA,NA,NA,NA,NA,NA,NA,NA,NA,NA,NA,NA,NA,NA,NA,NA,NA,NA,NA,NA,NA,NA,NA,4,1,42,1,42101,"101_111",4210160000,42101008400,1213,1.17,35,30.047359,3.70537,272.0063197,13,10,790,5,"10/19/2012","",0,-75.2862320050127,39.9472873841357,-75.2354698649569,39.9579979858569,"POINT (-75.286232 39.947287)","POINT (-75.235470 39.957998)"
29826,439829,1,43982901,125.9905753,119.6593235,1,NA,4.39829e+11,1,4.39829e+13,4398290101,NA,NA,1,1,2,1,1,42,1,42101,"101_103",4210160000,42101001001,36,"",1,NA,NA,NA,"0:00","","","","6:52",21,5,NA,NA,NA,NA,NA,NA,NA,NA,NA,NA,NA,NA,NA,NA,NA,NA,NA,NA,NA,NA,NA,NA,NA,NA,NA,NA,NA,NA,NA,NA,2,1,42,1,42101,"101_112",4210160000,42101002300,844,1.12,28,19.234006,1.629065,134.0184423,6,52,412,5,"1/18/2013","",0,-75.1505658415867,39.9464361327538,-75.1629816913276,39.9348297671495,"POINT (-75.150566 39.946436)","POINT (-75.162982 39.934830)"
29827,439829,1,43982901,125.9905753,119.6593235,1,NA,4.39829e+11,2,4.39829e+13,4398290102,NA,NA,1,NA,NA,2,1,42,1,42101,"101_112",4210160000,42101002300,844,"7:20",5,NA,NA,NA,"0:00","","","","15:30",21,5,NA,NA,NA,NA,NA,NA,NA,NA,NA,NA,NA,NA,NA,NA,NA,NA,NA,NA,NA,NA,NA,NA,NA,NA,NA,NA,NA,NA,NA,NA,1,1,42,1,42101,"101_103",4210160000,42101001001,36,1.12,40,20.307047,1.402196,134.0184423,15,30,930,5,"1/18/2013","",0,-75.1629816913276,39.9348297671495,-75.1505658415867,39.9464361327538,"POINT (-75.162982 39.934830)","POINT (-75.150566 39.946436)"
29989,440839,1,44083901,181.6613454,130.3015665,1,NA,4.40839e+11,2,4.40839e+13,4408390102,NA,NA,2,NA,NA,4,1,42,1,42101,"101_117",4210160000,42101038900,2428,"10:05",19,NA,NA,NA,"0:00","","","","10:11",14,5,NA,NA,NA,NA,NA,NA,NA,NA,NA,NA,NA,NA,NA,NA,NA,NA,NA,NA,NA,NA,NA,NA,NA,NA,NA,NA,NA,NA,NA,NA,4,1,42,1,42101,"101_115",4210160000,42101028200,2615,1.17,7,26.761107,2.849314,152.4528328,10,11,611,4,"12/27/2012","",0,-75.1712542041449,40.055999502503,-75.1398050137829,40.0366774270012,"POINT (-75.171254 40.056000)","POINT (-75.139805 40.036677)"
29990,440839,1,44083901,181.6613454,130.3015665,1,NA,4.40839e+11,3,4.40839e+13,4408390103,NA,NA,2,NA,NA,4,1,42,1,42101,"101_115",4210160000,42101028200,2615,"10:18",19,NA,NA,NA,"0:00","","","","10:25",21,5,NA,NA,NA,NA,NA,NA,NA,NA,NA,NA,NA,NA,NA,NA,NA,NA,NA,NA,NA,NA,NA,NA,NA,NA,NA,NA,NA,NA,NA,NA,4,1,42,1,42101,"101_110",4210160000,42101008802,1031,1.17,22,40.373061,8.962175,152.4528328,10,25,625,4,"12/27/2012","",0,-75.1398050137829,40.0366774270012,-75.2024327640643,39.9546329212277,"POINT (-75.139805 40.036677)","POINT (-75.202433 39.954633)"
29992,440839,1,44083901,181.6613454,130.3015665,1,NA,4.40839e+11,5,4.40839e+13,4408390105,NA,NA,2,NA,NA,4,1,42,1,42101,"101_110",4210160000,42101008802,1031,"11:05",19,NA,NA,NA,"0:00","","","","11:10",21,5,NA,NA,NA,NA,NA,NA,NA,NA,NA,NA,NA,NA,NA,NA,NA,NA,NA,NA,NA,NA,NA,NA,NA,NA,NA,NA,NA,NA,NA,NA,4,1,42,1,42101,"101_104",4210160000,42101031600,3014,1.17,10,48.637724,11.261119,152.4528328,11,10,670,4,"12/27/2012","",0,-75.2024327640643,39.9546329212277,-75.0593151476913,40.0302346423682,"POINT (-75.202433 39.954633)","POINT (-75.059315 40.030235)"
29995,440839,1,44083901,181.6613454,130.3015665,1,NA,4.40839e+11,8,4.40839e+13,4408390108,NA,NA,2,NA,NA,4,1,42,1,42101,"101_115",4210160000,42101027800,2620,"11:38",19,NA,NA,NA,"0:00","","","","11:40",14,5,NA,NA,NA,NA,NA,NA,NA,NA,NA,NA,NA,NA,NA,NA,NA,NA,NA,NA,NA,NA,NA,NA,NA,NA,NA,NA,NA,NA,NA,NA,4,1,42,1,42091,"091_412",4209112968,42091202500,12238,1.17,25,26.725085,3.81826,152.4528328,11,40,700,4,"12/27/2012","",0,-75.1471644147674,40.0425358392666,-75.1571977835929,40.0823045185899,"POINT (-75.147164 40.042536)","POINT (-75.157198 40.082305)"
29998,440839,1,44083901,181.6613454,130.3015665,1,NA,4.40839e+11,11,4.40839e+13,4408390111,NA,NA,2,NA,NA,4,1,42,1,42091,"091_412",4209112968,42091202500,12238,"12:25",96,NA,NA,NA,"0:00","","","","1:00",14,5,NA,NA,NA,NA,NA,NA,NA,NA,NA,NA,NA,NA,NA,NA,NA,NA,NA,NA,NA,NA,NA,NA,NA,NA,NA,NA,NA,NA,NA,NA,1,1,42,1,42101,"101_117",4210160000,42101025200,2420,1.17,-615,29.469078,3.751145,152.4528328,1,0,60,4,"12/27/2012","",0,-75.1571977835929,40.0823045185899,-75.1775196297924,40.0491886937231,"POINT (-75.157198 40.082305)","POINT (-75.177520 40.049189)"
30011,440901,2,44090102,1019.897822,2090.194213,1,NA,4.40901e+11,1,4.40901e+13,4409010201,NA,NA,2,1,2,1,1,42,1,42101,"101_107",4210160000,42101015200,422,"",1,NA,NA,NA,"0:00","","","","9:00",14,5,NA,NA,NA,NA,NA,NA,NA,NA,NA,NA,NA,NA,NA,NA,NA,NA,NA,NA,NA,NA,NA,NA,NA,NA,NA,NA,NA,NA,NA,NA,4,1,42,1,42101,"101_103",4210160000,42101000500,88,1.17,45,29.964168,3.287325,2445.527229,9,0,540,4,"12/27/2012","",0,-75.1722093187508,39.9861472659912,-75.1541388337345,39.9522458625874,"POINT (-75.172209 39.986147)","POINT (-75.154139 39.952246)"
30012,440901,2,44090102,1019.897822,2090.194213,1,NA,4.40901e+11,2,4.40901e+13,4409010202,NA,NA,2,NA,NA,4,1,42,1,42101,"101_103",4210160000,42101000500,88,"9:45",9,NA,NA,NA,"0:00","","","","12:00",21,5,NA,NA,NA,NA,NA,NA,NA,NA,NA,NA,NA,NA,NA,NA,NA,NA,NA,NA,NA,NA,NA,NA,NA,NA,NA,NA,NA,NA,NA,NA,1,1,42,1,42101,"101_107",4210160000,42101015200,422,1.17,30,35.148436,3.990766,2445.527229,12,0,720,4,"12/27/2012","",0,-75.1541388337345,39.9522458625874,-75.1722093187508,39.9861472659912,"POINT (-75.154139 39.952246)","POINT (-75.172209 39.986147)"
30014,440901,3,44090103,1019.897822,1189.667574,1,NA,4.40901e+11,1,4.40901e+13,4409010301,NA,NA,3,1,2,1,1,42,1,42101,"101_107",4210160000,42101015200,422,"",1,NA,NA,NA,"0:00","","","","9:00",21,5,NA,NA,NA,NA,NA,NA,NA,NA,NA,NA,NA,NA,NA,NA,NA,NA,NA,NA,NA,NA,NA,NA,NA,NA,NA,NA,NA,NA,NA,NA,4,1,42,1,42101,"101_103",4210160000,42101000500,88,1.17,45,29.964168,3.287325,1391.911062,9,0,540,4,"12/27/2012","",0,-75.1722093187508,39.9861472659912,-75.1541388337345,39.9522458625874,"POINT (-75.172209 39.986147)","POINT (-75.154139 39.952246)"
30015,440901,3,44090103,1019.897822,1189.667574,1,NA,4.40901e+11,2,4.40901e+13,4409010302,NA,NA,3,NA,NA,4,1,42,1,42101,"101_103",4210160000,42101000500,88,"9:45",20,9,NA,NA,"0:00","","","","12:00",14,5,NA,NA,NA,NA,NA,NA,NA,NA,NA,NA,NA,NA,NA,NA,NA,NA,NA,NA,NA,NA,NA,NA,NA,NA,NA,NA,NA,NA,NA,NA,4,1,42,1,42101,"101_101",4210160000,42101017202,1409,1.17,60,31.49157,4.50009,1391.911062,12,0,720,4,"12/27/2012","",0,-75.1541388337345,39.9522458625874,-75.1742078313758,39.9986750681483,"POINT (-75.154139 39.952246)","POINT (-75.174208 39.998675)"
30263,442498,1,44249801,228.4384878,97.7935925,1,NA,4.42498e+11,2,4.42498e+13,4424980102,NA,NA,2,NA,NA,4,1,42,1,42101,"101_103",4210160000,42101000500,90,"10:55",8,NA,NA,NA,"0:00","","","","11:30",14,5,NA,NA,NA,NA,NA,NA,NA,NA,NA,NA,NA,NA,NA,NA,NA,NA,NA,NA,NA,NA,NA,NA,NA,NA,NA,NA,NA,NA,NA,NA,1,1,42,1,42101,"101_103",4210160000,42101001001,36,1.17,25,14.486447,0.869124,114.4185032,11,30,690,4,"2/7/2013","",0,-75.1588750233838,39.9528401835985,-75.1505658415867,39.9464361327538,"POINT (-75.158875 39.952840)","POINT (-75.150566 39.946436)"
30594,443973,1,44397301,246.4304971,549.4336346,1,NA,4.43973e+11,1,4.43973e+13,4439730101,NA,NA,1,1,2,1,1,42,1,42101,"101_111",4210160000,42101009400,1215,"",1,NA,NA,NA,"5:00","","","","8:03",21,5,NA,NA,NA,NA,NA,NA,NA,NA,NA,NA,NA,NA,NA,NA,NA,NA,NA,NA,NA,NA,NA,NA,NA,NA,NA,NA,NA,NA,NA,NA,2,1,42,1,42101,"101_103",4210160000,42101000401,103,1.17,23,18.436765,3.152229,642.8373525,8,3,483,4,"1/10/2013","",0,-75.2322455285086,39.963278945388,-75.177201361549,39.9550054347417,"POINT (-75.232246 39.963279)","POINT (-75.177201 39.955005)"
30611,444013,1,44401301,374.2320168,2513.964896,1,NA,4.44013e+11,1,4.44013e+13,4440130101,NA,NA,2,1,2,1,1,42,1,42101,"101_111",4210160000,42101008102,1208,"",1,12,15,8,"2:00","1:00","1:00","3:30","11:00",14,5,NA,NA,NA,NA,NA,NA,NA,NA,NA,NA,NA,NA,NA,NA,NA,NA,NA,NA,NA,NA,NA,NA,NA,NA,NA,NA,NA,NA,NA,NA,4,1,42,1,42101,"101_103",4210160000,42101000200,107,1.17,45,32.949828,5.128412,2941.338928,11,0,660,2,"10/23/2012","",0,-75.2344018743884,39.9529742315534,-75.1528356388386,39.9549263716921,"POINT (-75.234402 39.952974)","POINT (-75.152836 39.954926)"
30742,445008,1,44500801,215.8618035,89.96330309,1,NA,4.45008e+11,1,4.45008e+13,4450080101,NA,NA,2,2,2,1,1,42,1,42101,"101_103",4210160000,42101000300,122,"",1,NA,NA,NA,"8:30","","","","11:30",23,5,NA,NA,NA,NA,NA,NA,NA,NA,NA,NA,NA,NA,NA,NA,NA,NA,NA,NA,NA,NA,NA,NA,NA,NA,NA,NA,NA,NA,NA,NA,4,1,42,1,42101,"101_103",4210160000,42101000803,47,1.17,30,16.300433,0.873634,105.2570646,11,30,690,5,"12/21/2012","",0,-75.1774381258043,39.9578243101046,-75.1724998481553,39.9491635804723,"POINT (-75.177438 39.957824)","POINT (-75.172500 39.949164)"
30743,445008,1,44500801,215.8618035,89.96330309,1,NA,4.45008e+11,2,4.45008e+13,4450080102,NA,NA,2,NA,NA,4,1,42,1,42101,"101_103",4210160000,42101000803,47,"12:00",6,NA,NA,NA,"1:00","","","","13:00",14,5,NA,NA,NA,NA,NA,NA,NA,NA,NA,NA,NA,NA,NA,NA,NA,NA,NA,NA,NA,NA,NA,NA,NA,NA,NA,NA,NA,NA,NA,NA,4,1,42,1,42101,"101_103",4210160000,42101000500,90,1.17,20,16.369159,1.055961,105.2570646,13,0,780,5,"12/21/2012","",0,-75.1724998481553,39.9491635804723,-75.1588750233838,39.9528401835985,"POINT (-75.172500 39.949164)","POINT (-75.158875 39.952840)"
30744,445008,1,44500801,215.8618035,89.96330309,1,NA,4.45008e+11,3,4.45008e+13,4450080103,NA,NA,2,NA,NA,4,1,42,1,42101,"101_103",4210160000,42101000500,90,"13:20",11,8,NA,NA,"1:00","","","","14:50",14,5,NA,NA,NA,NA,NA,NA,NA,NA,NA,NA,NA,NA,NA,NA,NA,NA,NA,NA,NA,NA,NA,NA,NA,NA,NA,NA,NA,NA,NA,NA,1,1,42,1,42101,"101_103",4210160000,42101000300,122,1.17,25,14.736952,1.265775,105.2570646,14,50,890,5,"12/21/2012","",0,-75.1588750233838,39.9528401835985,-75.1774381258043,39.9578243101046,"POINT (-75.158875 39.952840)","POINT (-75.177438 39.957824)"
31138,447621,1,44762101,164.381274,96.4352758,1,NA,4.47621e+11,2,4.47621e+13,4476210102,NA,NA,2,NA,NA,4,1,42,1,42101,"101_103",4210160000,42101000401,103,"9999",8,NA,NA,NA,"0:00","","","","9:30",14,5,NA,NA,NA,NA,NA,NA,NA,NA,NA,NA,NA,NA,NA,NA,NA,NA,NA,NA,NA,NA,NA,NA,NA,NA,NA,NA,NA,NA,NA,NA,1,1,42,1,42101,"101_103",4210160000,42101013601,141,1.17,30,11.29454,1.332058,112.8292727,9,30,570,3,"12/19/2012","",0,-75.177201361549,39.9550054347417,-75.1785792243999,39.9689777214525,"POINT (-75.177201 39.955005)","POINT (-75.178579 39.968978)"
31139,447621,1,44762101,164.381274,96.4352758,2,NA,4.47621e+11,3,4.47621e+13,4476210103,NA,NA,2,1,NA,1,1,42,1,42101,"101_103",4210160000,42101013601,141,"10:00",14,NA,NA,NA,"0:00","","","","13:30",14,5,NA,NA,NA,NA,NA,NA,NA,NA,NA,NA,NA,NA,NA,NA,NA,NA,NA,NA,NA,NA,NA,NA,NA,NA,NA,NA,NA,NA,NA,NA,4,1,42,1,42101,"101_103",4210160000,42101000700,60,1.17,30,20.48011,1.075133,112.8292727,13,30,810,3,"12/19/2012","",0,-75.1785792243999,39.9689777214525,-75.1673585815214,39.9505151310837,"POINT (-75.178579 39.968978)","POINT (-75.167359 39.950515)"
31140,447621,1,44762101,164.381274,96.4352758,2,NA,4.47621e+11,4,4.47621e+13,4476210104,NA,NA,2,NA,NA,4,1,42,1,42101,"101_103",4210160000,42101000700,60,"14:00",8,NA,NA,NA,"0:00","","","","14:30",14,5,NA,NA,NA,NA,NA,NA,NA,NA,NA,NA,NA,NA,NA,NA,NA,NA,NA,NA,NA,NA,NA,NA,NA,NA,NA,NA,NA,NA,NA,NA,1,1,42,1,42101,"101_103",4210160000,42101013601,141,1.17,45,20.980782,1.342767,112.8292727,14,30,870,3,"12/19/2012","",0,-75.1673585815214,39.9505151310837,-75.1785792243999,39.9689777214525,"POINT (-75.167359 39.950515)","POINT (-75.178579 39.968978)"
31155,447938,1,44793801,1019.897822,134.1629431,1,NA,4.47938e+11,2,4.47938e+13,4479380102,NA,NA,1,NA,NA,4,1,42,1,42101,"101_110",4210160000,42101008702,1024,"7:30",18,NA,NA,NA,"0:00","","","","7:35",14,5,NA,NA,NA,NA,NA,NA,NA,NA,NA,NA,NA,NA,NA,NA,NA,NA,NA,NA,NA,NA,NA,NA,NA,NA,NA,NA,NA,NA,NA,NA,2,1,42,1,42101,"101_103",4210160000,42101001202,25,1.17,25,25.065674,2.855864,156.9706434,7,35,455,4,"1/3/2013","",0,-75.2074989674157,39.9516652307221,-75.1732743609913,39.9456003211594,"POINT (-75.207499 39.951665)","POINT (-75.173274 39.945600)"
31156,447938,1,44793801,1019.897822,134.1629431,1,NA,4.47938e+11,3,4.47938e+13,4479380103,NA,NA,1,NA,NA,2,1,42,1,42101,"101_103",4210160000,42101001202,25,"8:00",5,NA,NA,NA,"9:00","","","","17:00",14,5,NA,NA,NA,NA,NA,NA,NA,NA,NA,NA,NA,NA,NA,NA,NA,NA,NA,NA,NA,NA,NA,NA,NA,NA,NA,NA,NA,NA,NA,NA,4,1,42,1,42101,"101_110",4210160000,42101007800,1016,1.17,45,29.589872,3.492266,156.9706434,17,0,1020,4,"1/3/2013","",0,-75.1732743609913,39.9456003211594,-75.2162654488479,39.9464660922369,"POINT (-75.173274 39.945600)","POINT (-75.216265 39.946466)"
31204,448341,1,44834101,164.381274,103.447772,1,NA,4.48341e+11,1,4.48341e+13,4483410101,NA,NA,2,1,2,1,1,42,1,42101,"101_112",4210160000,42101004202,808,"",1,NA,NA,NA,"5:00","","","","9:30",14,5,NA,NA,NA,NA,NA,NA,NA,NA,NA,NA,NA,NA,NA,NA,NA,NA,NA,NA,NA,NA,NA,NA,NA,NA,NA,NA,NA,NA,NA,NA,4,1,42,1,42101,"101_110",4210160000,42101009100,1037,1.17,30,42.12106,6.033575,121.0338932,9,30,570,4,"1/17/2013","",0,-75.1516301589525,39.9168650559185,-75.1977262540913,39.9594259908695,"POINT (-75.151630 39.916865)","POINT (-75.197726 39.959426)"
31205,448341,1,44834101,164.381274,103.447772,1,NA,4.48341e+11,2,4.48341e+13,4483410102,NA,NA,2,NA,NA,4,1,42,1,42101,"101_110",4210160000,42101009100,1037,"10:00",16,NA,NA,NA,"1:15","","","","12:15",14,5,NA,NA,NA,NA,NA,NA,NA,NA,NA,NA,NA,NA,NA,NA,NA,NA,NA,NA,NA,NA,NA,NA,NA,NA,NA,NA,NA,NA,NA,NA,1,1,42,1,42101,"101_112",4210160000,42101004202,808,1.17,705,38.757952,5.948095,121.0338932,12,15,735,4,"1/17/2013","",0,-75.1977262540913,39.9594259908695,-75.1516301589525,39.9168650559185,"POINT (-75.197726 39.959426)","POINT (-75.151630 39.916865)"
31537,450090,1,45009001,85.01081176,81.6560099,1,NA,4.5009e+11,2,4.5009e+13,4500900102,NA,NA,1,NA,NA,4,1,42,1,42029,"029_311",4202921928,42029300201,8006,"8:08",19,NA,NA,NA,"0:00","","","","8:10",23,5,NA,NA,NA,NA,NA,NA,NA,NA,NA,NA,NA,NA,NA,NA,NA,NA,NA,NA,NA,NA,NA,NA,NA,NA,NA,NA,NA,NA,NA,NA,2,1,42,1,42101,"101_110",4210160000,42101036900,1026,1.15,30,42.087041,16.330745,93.90441139,8,10,490,1,"3/18/2013","",0,-75.4233197162045,40.0419674851349,-75.1840170635385,39.9534784074457,"POINT (-75.423320 40.041967)","POINT (-75.184017 39.953478)"
31540,450090,1,45009001,85.01081176,81.6560099,1,NA,4.5009e+11,5,4.5009e+13,4500900105,NA,NA,1,NA,NA,4,1,42,1,42101,"101_103",4210160000,42101000401,84,"17:45",19,NA,NA,NA,"0:00","","","","17:47",14,5,NA,NA,NA,NA,NA,NA,NA,NA,NA,NA,NA,NA,NA,NA,NA,NA,NA,NA,NA,NA,NA,NA,NA,NA,NA,NA,NA,NA,NA,NA,4,1,42,1,42101,"101_103",4210160000,42101000402,80,1.15,3,7.781714,0.474224,93.90441139,17,47,1067,1,"3/18/2013","",0,-75.1742868895805,39.952935291834,-75.1677276497158,39.9525760413027,"POINT (-75.174287 39.952935)","POINT (-75.167728 39.952576)"
31559,450238,1,45023801,58.49587084,92.45700687,1,NA,4.50238e+11,1,4.50238e+13,4502380101,NA,NA,1,1,2,1,1,42,1,42101,"101_112",4210160000,42101003200,840,"",1,14,NA,NA,"0:00","","","","8:05",14,5,NA,NA,NA,NA,NA,NA,NA,NA,NA,NA,NA,NA,NA,NA,NA,NA,NA,NA,NA,NA,NA,NA,NA,NA,NA,NA,NA,NA,NA,NA,2,1,42,1,42101,"101_103",4210160000,42101000300,115,1.15,15,27.745266,2.352002,106.3255579,8,5,485,1,"12/17/2012","",0,-75.1829342839572,39.9329910377486,-75.1668204811424,39.9566224991973,"POINT (-75.182934 39.932991)","POINT (-75.166820 39.956622)"
31560,450238,1,45023801,58.49587084,92.45700687,1,NA,4.50238e+11,2,4.50238e+13,4502380102,NA,NA,1,NA,NA,2,1,42,1,42101,"101_103",4210160000,42101000300,115,"8:20",5,NA,NA,NA,"0:00","","","","16:50",14,5,NA,NA,NA,NA,NA,NA,NA,NA,NA,NA,NA,NA,NA,NA,NA,NA,NA,NA,NA,NA,NA,NA,NA,NA,NA,NA,NA,NA,NA,NA,1,1,42,1,42101,"101_112",4210160000,42101003200,840,1.15,15,25.316308,2.538476,106.3255579,16,50,1010,1,"12/17/2012","",0,-75.1668204811424,39.9566224991973,-75.1829342839572,39.9329910377486,"POINT (-75.166820 39.956622)","POINT (-75.182934 39.932991)"
31561,450238,1,45023801,58.49587084,92.45700687,2,NA,4.50238e+11,3,4.50238e+13,4502380103,NA,NA,2,1,NA,1,1,42,1,42101,"101_112",4210160000,42101003200,840,"17:05",1,10,NA,NA,"0:00","","","","17:55",14,5,NA,NA,NA,NA,NA,NA,NA,NA,NA,NA,NA,NA,NA,NA,NA,NA,NA,NA,NA,NA,NA,NA,NA,NA,NA,NA,NA,NA,NA,NA,4,1,42,1,42101,"101_103",4210160000,42101000700,59,1.15,10,24.048984,2.395619,106.3255579,17,55,1075,1,"12/17/2012","",0,-75.1829342839572,39.9329910377486,-75.1649773922386,39.9502186753736,"POINT (-75.182934 39.932991)","POINT (-75.164977 39.950219)"
31562,450238,1,45023801,58.49587084,92.45700687,2,NA,4.50238e+11,4,4.50238e+13,4502380104,NA,NA,2,NA,NA,4,1,42,1,42101,"101_103",4210160000,42101000700,59,"18:05",11,NA,NA,NA,"0:00","","","","21:15",14,5,NA,NA,NA,NA,NA,NA,NA,NA,NA,NA,NA,NA,NA,NA,NA,NA,NA,NA,NA,NA,NA,NA,NA,NA,NA,NA,NA,NA,NA,NA,1,1,42,1,42101,"101_112",4210160000,42101003200,840,1.15,10,19.430769,2.274881,106.3255579,21,15,1275,1,"12/17/2012","",0,-75.1649773922386,39.9502186753736,-75.1829342839572,39.9329910377486,"POINT (-75.164977 39.950219)","POINT (-75.182934 39.932991)"
31625,450596,2,45059602,124.777043,286.6454982,1,NA,4.50596e+11,2,4.50596e+13,4505960202,NA,NA,2,NA,NA,4,1,42,1,42101,"101_110",4210160000,42101009100,1037,"11:00",14,NA,NA,NA,"4:05","","","","15:30",14,5,NA,NA,NA,NA,NA,NA,NA,NA,NA,NA,NA,NA,NA,NA,NA,NA,NA,NA,NA,NA,NA,NA,NA,NA,NA,NA,NA,NA,NA,NA,4,1,42,1,42101,"101_110",4210160000,42101007900,1021,1.15,30,23.297955,1.98072,329.6423229,15,30,930,5,"12/28/2012","",0,-75.1977262540913,39.9594259908695,-75.2182588102061,39.950471058218,"POINT (-75.197726 39.959426)","POINT (-75.218259 39.950471)"
31631,450596,3,45059603,124.777043,162.0470014,1,NA,4.50596e+11,2,4.50596e+13,4505960302,NA,NA,1,NA,NA,4,1,42,1,42101,"101_103",4210160000,42101013402,138,"14:03",5,NA,NA,NA,"2:30","","","","16:33",14,5,NA,NA,NA,NA,NA,NA,NA,NA,NA,NA,NA,NA,NA,NA,NA,NA,NA,NA,NA,NA,NA,NA,NA,NA,NA,NA,NA,NA,NA,NA,4,1,42,1,42101,"101_110",4210160000,42101007900,1021,1.15,42,34.773595,4.622201,186.3540516,16,33,993,5,"12/28/2012","",0,-75.1690343341821,39.9653703786754,-75.2182588102061,39.950471058218,"POINT (-75.169034 39.965370)","POINT (-75.218259 39.950471)"
31987,452248,1,45224801,172.1268987,99.58873313,1,NA,4.52248e+11,2,4.52248e+13,4522480102,NA,NA,1,NA,NA,4,1,42,1,42101,"101_103",4210160000,42101001400,8,"8:34",96,NA,NA,NA,"0:00","","","","8:38",14,5,NA,NA,NA,NA,NA,NA,NA,NA,NA,NA,NA,NA,NA,NA,NA,NA,NA,NA,NA,NA,NA,NA,NA,NA,NA,NA,NA,NA,NA,NA,2,1,42,1,42101,"101_103",4210160000,42101000100,106,1.12,20,27.576123,2.30821,111.5393811,8,38,518,1,"7/29/2013","",0,-75.1715947626354,39.9429517013451,-75.1489215256524,39.95458250175,"POINT (-75.171595 39.942952)","POINT (-75.148922 39.954583)"
31992,452248,2,45224802,172.1268987,96.92038715,1,NA,4.52248e+11,2,4.52248e+13,4522480202,NA,NA,1,NA,NA,4,1,42,1,42101,"101_103",4210160000,42101001400,8,"9:03",96,NA,NA,NA,"0:00","","","","9:06",14,5,NA,NA,NA,NA,NA,NA,NA,NA,NA,NA,NA,NA,NA,NA,NA,NA,NA,NA,NA,NA,NA,NA,NA,NA,NA,NA,NA,NA,NA,NA,2,1,42,1,42101,"101_103",4210160000,42101000500,90,1.12,14,20.379804,1.282394,108.5508336,9,6,546,1,"7/29/2013","",0,-75.1715947626354,39.9429517013451,-75.1588750233838,39.9528401835985,"POINT (-75.171595 39.942952)","POINT (-75.158875 39.952840)"
31998,452256,1,45225601,345.3436582,216.4897783,1,NA,4.52256e+11,1,4.52256e+13,4522560101,NA,NA,2,3,2,1,1,42,1,42101,"101_106",4210160000,42101011000,1230,"",1,NA,NA,NA,"0:00","","","","7:30",14,5,NA,NA,NA,NA,NA,NA,NA,NA,NA,NA,NA,NA,NA,NA,NA,NA,NA,NA,NA,NA,NA,NA,NA,NA,NA,NA,NA,NA,NA,NA,4,1,42,1,42101,"101_103",4210160000,42101000700,61,1.17,90,27.857043,3.878111,253.2930406,7,30,450,3,"7/24/2013","",0,-75.2062968547165,39.9737371253413,-75.1705068930163,39.9509065904554,"POINT (-75.206297 39.973737)","POINT (-75.170507 39.950907)"
31999,452256,1,45225601,345.3436582,216.4897783,1,NA,4.52256e+11,2,4.52256e+13,4522560102,NA,NA,2,NA,NA,4,1,42,1,42101,"101_103",4210160000,42101000700,61,"9:00",13,NA,NA,NA,"0:00","","","","13:30",14,5,NA,NA,NA,NA,NA,NA,NA,NA,NA,NA,NA,NA,NA,NA,NA,NA,NA,NA,NA,NA,NA,NA,NA,NA,NA,NA,NA,NA,NA,NA,4,1,42,1,42101,"101_103",4210160000,42101000600,54,1.17,90,14.705303,1.062962,253.2930406,13,30,810,3,"7/24/2013","",0,-75.1705068930163,39.9509065904554,-75.1540803782248,39.9488624668665,"POINT (-75.170507 39.950907)","POINT (-75.154080 39.948862)"
32000,452256,1,45225601,345.3436582,216.4897783,1,NA,4.52256e+11,3,4.52256e+13,4522560103,NA,NA,2,NA,NA,4,1,42,1,42101,"101_103",4210160000,42101000600,54,"15:00",16,NA,NA,NA,"0:00","","","","16:30",14,5,NA,NA,NA,NA,NA,NA,NA,NA,NA,NA,NA,NA,NA,NA,NA,NA,NA,NA,NA,NA,NA,NA,NA,NA,NA,NA,NA,NA,NA,NA,4,1,42,1,42101,"101_110",4210160000,42101009200,1038,1.17,60,21.20082,3.204171,253.2930406,16,30,990,3,"7/24/2013","",0,-75.1540803782248,39.9488624668665,-75.2074740441751,39.9601688794781,"POINT (-75.154080 39.948862)","POINT (-75.207474 39.960169)"
32001,452256,1,45225601,345.3436582,216.4897783,1,NA,4.52256e+11,4,4.52256e+13,4522560104,NA,NA,2,NA,NA,4,1,42,1,42101,"101_110",4210160000,42101009200,1038,"17:30",8,NA,NA,NA,"0:00","","","","18:10",14,5,NA,NA,NA,NA,NA,NA,NA,NA,NA,NA,NA,NA,NA,NA,NA,NA,NA,NA,NA,NA,NA,NA,NA,NA,NA,NA,NA,NA,NA,NA,1,1,42,1,42101,"101_106",4210160000,42101011000,1230,1.17,20,15.826609,1.495237,253.2930406,18,10,1090,3,"7/24/2013","",0,-75.2074740441751,39.9601688794781,-75.2062968547165,39.9737371253413,"POINT (-75.207474 39.960169)","POINT (-75.206297 39.973737)"
32092,452712,1,45271201,443.9604921,122.7417803,1,NA,4.52712e+11,1,4.52712e+13,4527120101,NA,NA,1,1,2,1,1,42,1,42101,"101_110",4210160000,42101008701,1023,"",1,NA,NA,NA,"6:00","","","","9:00",14,5,NA,NA,NA,NA,NA,NA,NA,NA,NA,NA,NA,NA,NA,NA,NA,NA,NA,NA,NA,NA,NA,NA,NA,NA,NA,NA,NA,NA,NA,NA,2,1,42,1,42101,"101_110",4210160000,42101036900,1018,1.17,15,13.328026,1.283892,143.607883,9,0,540,3,"7/31/2013","",0,-75.2109035921265,39.9515172049363,-75.1957094473416,39.9494354858208,"POINT (-75.210904 39.951517)","POINT (-75.195709 39.949435)"
32093,452712,1,45271201,443.9604921,122.7417803,1,NA,4.52712e+11,2,4.52712e+13,4527120102,NA,NA,1,NA,NA,2,1,42,1,42101,"101_110",4210160000,42101036900,1018,"9:15",5,NA,NA,NA,"8:00","","","","17:15",14,5,NA,NA,NA,NA,NA,NA,NA,NA,NA,NA,NA,NA,NA,NA,NA,NA,NA,NA,NA,NA,NA,NA,NA,NA,NA,NA,NA,NA,NA,NA,1,1,42,1,42101,"101_110",4210160000,42101008701,1023,1.17,30,12.992782,1.08889,143.607883,17,15,1035,3,"7/31/2013","",0,-75.1957094473416,39.9494354858208,-75.2109035921265,39.9515172049363,"POINT (-75.195709 39.949435)","POINT (-75.210904 39.951517)"
32212,453355,1,45335501,87.21865688,106.1766986,1,NA,4.53355e+11,1,4.53355e+13,4533550101,NA,NA,2,3,2,1,1,42,1,42101,"101_117",4210160000,42101024500,2406,"",1,12,16,9,"0:00","","","","9:00",14,5,NA,NA,NA,NA,NA,NA,NA,NA,NA,NA,NA,NA,NA,NA,NA,NA,NA,NA,NA,NA,NA,NA,NA,NA,NA,NA,NA,NA,NA,NA,4,1,42,1,42101,"101_117",4210160000,42101024600,2410,1.13,60,12.605163,1.169644,119.9796695,9,0,540,4,"8/1/2013","",0,-75.1621985739407,40.0312108390649,-75.1719943253434,40.0385566769693,"POINT (-75.162199 40.031211)","POINT (-75.171994 40.038557)"
32213,453355,1,45335501,87.21865688,106.1766986,1,NA,4.53355e+11,2,4.53355e+13,4533550102,NA,NA,2,NA,NA,4,1,42,1,42101,"101_117",4210160000,42101024600,2410,"10:00",1,12,NA,NA,"0:00","","","","12:15",14,5,NA,NA,NA,NA,NA,NA,NA,NA,NA,NA,NA,NA,NA,NA,NA,NA,NA,NA,NA,NA,NA,NA,NA,NA,NA,NA,NA,NA,NA,NA,4,1,42,1,42101,"101_115",4210160000,42101028200,2615,1.13,105,19.833085,2.431851,119.9796695,12,15,735,4,"8/1/2013","",0,-75.1719943253434,40.0385566769693,-75.1398050137829,40.0366774270012,"POINT (-75.171994 40.038557)","POINT (-75.139805 40.036677)"
32214,453355,1,45335501,87.21865688,106.1766986,1,NA,4.53355e+11,3,4.53355e+13,4533550103,NA,NA,2,NA,NA,4,1,42,1,42101,"101_115",4210160000,42101028200,2615,"14:00",16,NA,NA,NA,"0:00","","","","17:30",14,5,NA,NA,NA,NA,NA,NA,NA,NA,NA,NA,NA,NA,NA,NA,NA,NA,NA,NA,NA,NA,NA,NA,NA,NA,NA,NA,NA,NA,NA,NA,4,1,42,1,42091,"091_412",4209112968,42091202500,12238,1.13,60,32.589507,4.31491,119.9796695,17,30,1050,4,"8/1/2013","",0,-75.1398050137829,40.0366774270012,-75.1571977835929,40.0823045185899,"POINT (-75.139805 40.036677)","POINT (-75.157198 40.082305)"
32215,453355,1,45335501,87.21865688,106.1766986,1,NA,4.53355e+11,4,4.53355e+13,4533550104,NA,NA,2,NA,NA,4,1,42,1,42091,"091_412",4209112968,42091202500,12238,"18:30",9,NA,NA,NA,"0:00","","","","20:30",14,5,NA,NA,NA,NA,NA,NA,NA,NA,NA,NA,NA,NA,NA,NA,NA,NA,NA,NA,NA,NA,NA,NA,NA,NA,NA,NA,NA,NA,NA,NA,1,1,42,1,42101,"101_117",4210160000,42101024500,2406,1.13,210,36.079631,6.30649,119.9796695,20,30,1230,4,"8/1/2013","",0,-75.1571977835929,40.0823045185899,-75.1621985739407,40.0312108390649,"POINT (-75.157198 40.082305)","POINT (-75.162199 40.031211)"
32217,453355,2,45335502,87.21865688,97.5447057,1,NA,4.53355e+11,1,4.53355e+13,4533550201,NA,NA,2,1,2,1,1,42,1,42101,"101_117",4210160000,42101024500,2406,"",1,NA,NA,NA,"0:00","","","","9:00",14,5,NA,NA,NA,NA,NA,NA,NA,NA,NA,NA,NA,NA,NA,NA,NA,NA,NA,NA,NA,NA,NA,NA,NA,NA,NA,NA,NA,NA,NA,NA,4,3,42,1,42101,"101_117",4210160000,42101025600,2435,1.13,132,27.850878,3.426892,110.2255174,9,0,540,4,"8/1/2013","",0,-75.1621985739407,40.0312108390649,-75.1894072133033,40.0670899916203,"POINT (-75.162199 40.031211)","POINT (-75.189407 40.067090)"
32218,453355,2,45335502,87.21865688,97.5447057,1,NA,4.53355e+11,2,4.53355e+13,4533550202,NA,NA,2,NA,NA,4,3,42,1,42101,"101_117",4210160000,42101025600,2435,"11:12",11,NA,NA,NA,"0:00","","","","12:27",14,5,NA,NA,NA,NA,NA,NA,NA,NA,NA,NA,NA,NA,NA,NA,NA,NA,NA,NA,NA,NA,NA,NA,NA,NA,NA,NA,NA,NA,NA,NA,1,1,42,1,42101,"101_117",4210160000,42101024500,2406,1.13,68,30.437739,3.52943,110.2255174,12,27,747,4,"8/1/2013","",0,-75.1894072133033,40.0670899916203,-75.1621985739407,40.0312108390649,"POINT (-75.189407 40.067090)","POINT (-75.162199 40.031211)"
32335,453930,1,45393001,101.9273254,133.7051419,1,NA,4.5393e+11,1,4.5393e+13,4539300101,NA,NA,1,5,2,1,1,42,1,42101,"101_110",4210160000,42101007800,1016,"",1,14,NA,NA,"5:15","","","","8:45",14,5,NA,NA,NA,NA,NA,NA,NA,NA,NA,NA,NA,NA,NA,NA,NA,NA,NA,NA,NA,NA,NA,NA,NA,NA,NA,NA,NA,NA,NA,NA,4,1,42,1,42101,"101_103",4210160000,42101000402,92,1.15,20,23.572339,3.369177,153.7609132,8,45,525,3,"11/21/2012","",0,-75.2162654488479,39.9464660922369,-75.1648345113326,39.9541020155151,"POINT (-75.216265 39.946466)","POINT (-75.164835 39.954102)"
32340,453930,1,45393001,101.9273254,133.7051419,1,NA,4.5393e+11,6,4.5393e+13,4539300106,NA,NA,1,NA,NA,2,1,42,1,42101,"101_103",4210160000,42101000402,92,"12:55",5,NA,NA,NA,"2:50","","","","15:45",14,5,NA,NA,NA,NA,NA,NA,NA,NA,NA,NA,NA,NA,NA,NA,NA,NA,NA,NA,NA,NA,NA,NA,NA,NA,NA,NA,NA,NA,NA,NA,1,1,42,1,42101,"101_110",4210160000,42101007800,1016,1.15,45,23.057422,3.420681,153.7609132,15,45,945,3,"11/21/2012","",0,-75.1648345113326,39.9541020155151,-75.2162654488479,39.9464660922369,"POINT (-75.164835 39.954102)","POINT (-75.216265 39.946466)"
32644,455597,2,45559702,116.5645037,116.4983313,2,NA,4.55597e+11,3,4.55597e+13,4555970203,NA,NA,2,1,NA,1,1,42,1,42101,"101_112",4210160000,42101002900,834,"10:37",1,NA,NA,NA,"1:00","","","","11:37",14,5,NA,NA,NA,NA,NA,NA,NA,NA,NA,NA,NA,NA,NA,NA,NA,NA,NA,NA,NA,NA,NA,NA,NA,NA,NA,NA,NA,NA,NA,NA,4,1,42,1,42101,"101_103",4210160000,42101000500,69,1.13,38,21.625032,2.143278,131.6431143,11,37,697,2,"12/18/2012","",0,-75.1655746637264,39.9307064691021,-75.1537481432666,39.9503794767793,"POINT (-75.165575 39.930706)","POINT (-75.153748 39.950379)"
32645,455597,2,45559702,116.5645037,116.4983313,2,NA,4.55597e+11,4,4.55597e+13,4555970204,NA,NA,2,NA,NA,4,1,42,1,42101,"101_103",4210160000,42101000500,69,"12:15",16,NA,NA,NA,"1:30","","","","13:45",14,5,NA,NA,NA,NA,NA,NA,NA,NA,NA,NA,NA,NA,NA,NA,NA,NA,NA,NA,NA,NA,NA,NA,NA,NA,NA,NA,NA,NA,NA,NA,1,1,42,1,42101,"101_112",4210160000,42101002900,834,1.13,35,21.919727,2.003898,131.6431143,13,45,825,2,"12/18/2012","",0,-75.1537481432666,39.9503794767793,-75.1655746637264,39.9307064691021,"POINT (-75.153748 39.950379)","POINT (-75.165575 39.930706)"
32655,455731,1,45573101,1019.897822,401.1733569,1,NA,4.55731e+11,1,4.55731e+13,4557310101,NA,NA,3,1,2,1,1,42,1,42101,"101_112",4210160000,42101003702,821,"",1,NA,NA,NA,"5:00","","","","8:30",14,5,NA,NA,NA,NA,NA,NA,NA,NA,NA,NA,NA,NA,NA,NA,NA,NA,NA,NA,NA,NA,NA,NA,NA,NA,NA,NA,NA,NA,NA,NA,3,1,42,1,42101,"101_103",4210160000,42101012500,135,1.17,15,29.558659,3.48977,469.3728275,8,30,510,2,"5/28/2013","",0,-75.1824371554093,39.9245363175742,-75.1665214095376,39.9615526212186,"POINT (-75.182437 39.924536)","POINT (-75.166521 39.961553)"
32656,455731,1,45573101,1019.897822,401.1733569,1,NA,4.55731e+11,2,4.55731e+13,4557310102,NA,NA,3,NA,NA,3,1,42,1,42101,"101_103",4210160000,42101012500,135,"8:45",4,NA,NA,NA,"1:15","","","","10:15",14,5,NA,NA,NA,NA,NA,NA,NA,NA,NA,NA,NA,NA,NA,NA,NA,NA,NA,NA,NA,NA,NA,NA,NA,NA,NA,NA,NA,NA,NA,NA,3,1,42,1,42101,"101_112",4210160000,42101003702,821,1.17,15,29.17866,3.526203,469.3728275,10,15,615,2,"5/28/2013","",0,-75.1665214095376,39.9615526212186,-75.1824371554093,39.9245363175742,"POINT (-75.166521 39.961553)","POINT (-75.182437 39.924536)"
32659,455731,2,45573102,1019.897822,248.1061047,1,NA,4.55731e+11,2,4.55731e+13,4557310202,NA,NA,3,NA,NA,3,1,42,1,42101,"101_112",4210160000,42101003600,837,"9:30",3,4,NA,NA,"6:00","","","","15:30",14,5,NA,NA,NA,NA,NA,NA,NA,NA,NA,NA,NA,NA,NA,NA,NA,NA,NA,NA,NA,NA,NA,NA,NA,NA,NA,NA,NA,NA,NA,NA,3,1,42,1,42101,"101_112",4210160000,42101003702,821,1.17,60,15.138128,1.132878,290.2841425,15,30,930,2,"5/28/2013","",0,-75.1959402940889,39.9314017565807,-75.1824371554093,39.9245363175742,"POINT (-75.195940 39.931402)","POINT (-75.182437 39.924536)"
32661,455731,3,45573103,1019.897822,248.1061047,1,NA,4.55731e+11,1,4.55731e+13,4557310301,NA,NA,3,1,2,1,1,42,1,42101,"101_112",4210160000,42101003702,821,"",1,NA,NA,NA,"5:00","","","","8:30",14,5,NA,NA,NA,NA,NA,NA,NA,NA,NA,NA,NA,NA,NA,NA,NA,NA,NA,NA,NA,NA,NA,NA,NA,NA,NA,NA,NA,NA,NA,NA,3,1,42,1,42101,"101_112",4210160000,42101003300,843,1.17,60,14.782794,1.440034,290.2841425,8,30,510,2,"5/28/2013","",0,-75.1824371554093,39.9245363175742,-75.1938842464804,39.9345602638164,"POINT (-75.182437 39.924536)","POINT (-75.193884 39.934560)"
32662,455731,3,45573103,1019.897822,248.1061047,1,NA,4.55731e+11,2,4.55731e+13,4557310302,NA,NA,3,NA,NA,3,1,42,1,42101,"101_112",4210160000,42101003300,843,"9:30",3,4,NA,NA,"3:00","3:00","","","15:30",14,5,NA,NA,NA,NA,NA,NA,NA,NA,NA,NA,NA,NA,NA,NA,NA,NA,NA,NA,NA,NA,NA,NA,NA,NA,NA,NA,NA,NA,NA,NA,3,1,42,1,42101,"101_112",4210160000,42101003702,821,1.17,75,20.96718,1.65036,290.2841425,15,30,930,2,"5/28/2013","",0,-75.1938842464804,39.9345602638164,-75.1824371554093,39.9245363175742,"POINT (-75.193884 39.934560)","POINT (-75.182437 39.924536)"
32727,456126,2,45612602,145.4877867,89.16084427,1,NA,4.56126e+11,1,4.56126e+13,4561260201,NA,NA,2,1,2,1,1,42,1,42091,"091_401",4209144976,42091205100,10020,"",1,NA,NA,NA,"0:00","","","","11:50",21,5,NA,NA,NA,NA,NA,NA,NA,NA,NA,NA,NA,NA,NA,NA,NA,NA,NA,NA,NA,NA,NA,NA,NA,NA,NA,NA,NA,NA,NA,NA,4,1,42,1,42101,"101_103",4210160000,42101000300,114,1.12,80,45.09206,10.833092,99.86014558,11,50,710,2,"3/5/2013","",0,-75.320477487343,40.0191471912447,-75.1652507511981,39.9564326348413,"POINT (-75.320477 40.019147)","POINT (-75.165251 39.956433)"
32781,456693,1,45669301,96.56816881,87.6065232,1,NA,4.56693e+11,1,4.56693e+13,4566930101,NA,NA,2,1,2,1,1,42,1,42101,"101_118",4210160000,42101033400,2806,"",1,NA,NA,NA,"6:30","","","","9:30",14,5,NA,NA,NA,NA,NA,NA,NA,NA,NA,NA,NA,NA,NA,NA,NA,NA,NA,NA,NA,NA,NA,NA,NA,NA,NA,NA,NA,NA,NA,NA,4,1,42,1,42101,"101_113",4210160000,42101034400,3405,1.13,60,31.563665,4.838659,98.99537122,9,30,570,3,"7/31/2013","",0,-75.0529627230323,40.0535132505067,-75.0503988334115,40.0876996804033,"POINT (-75.052963 40.053513)","POINT (-75.050399 40.087700)"
32782,456693,1,45669301,96.56816881,87.6065232,1,NA,4.56693e+11,2,4.56693e+13,4566930102,NA,NA,2,NA,NA,4,1,42,1,42101,"101_113",4210160000,42101034400,3405,"10:30",14,NA,NA,NA,"0:30","","","","12:00",14,5,NA,NA,NA,NA,NA,NA,NA,NA,NA,NA,NA,NA,NA,NA,NA,NA,NA,NA,NA,NA,NA,NA,NA,NA,NA,NA,NA,NA,NA,NA,1,1,42,1,42101,"101_118",4210160000,42101033400,2806,1.13,45,27.329899,3.9734,98.99537122,12,0,720,3,"7/31/2013","",0,-75.0503988334115,40.0876996804033,-75.0529627230323,40.0535132505067,"POINT (-75.050399 40.087700)","POINT (-75.052963 40.053513)"
32783,456693,1,45669301,96.56816881,87.6065232,2,NA,4.56693e+11,3,4.56693e+13,4566930103,NA,NA,2,2,NA,1,1,42,1,42101,"101_118",4210160000,42101033400,2806,"12:45",1,NA,NA,NA,"4:15","","","","17:00",14,5,NA,NA,NA,NA,NA,NA,NA,NA,NA,NA,NA,NA,NA,NA,NA,NA,NA,NA,NA,NA,NA,NA,NA,NA,NA,NA,NA,NA,NA,NA,4,1,42,1,42017,"017_509",4201705616,42017100208,15614,1.13,80,43.193383,9.75477,98.99537122,17,0,1020,3,"7/31/2013","",0,-75.0529627230323,40.0535132505067,-74.9483992946146,40.1048194394571,"POINT (-75.052963 40.053513)","POINT (-74.948399 40.104819)"
33132,458773,1,45877301,443.9604921,141.9394768,1,NA,4.58773e+11,2,4.58773e+13,4587730102,NA,NA,1,NA,NA,4,1,42,1,42101,"101_116",4210160000,42101034701,3609,"8:20",96,NA,NA,NA,"0:00","","","","8:30",14,5,NA,NA,NA,NA,NA,NA,NA,NA,NA,NA,NA,NA,NA,NA,NA,NA,NA,NA,NA,NA,NA,NA,NA,NA,NA,NA,NA,NA,NA,NA,4,1,42,1,42017,"017_509",4201705616,42017100206,15624,1.17,20,39.256622,7.699908,166.0691879,8,30,510,1,"7/29/2013","",0,-75.0348471683492,40.0693397630959,-74.9537657364031,40.1342148390318,"POINT (-75.034847 40.069340)","POINT (-74.953766 40.134215)"
33133,458773,1,45877301,443.9604921,141.9394768,1,NA,4.58773e+11,3,4.58773e+13,4587730103,NA,NA,1,NA,NA,4,1,42,1,42017,"017_509",4201705616,42017100206,15624,"8:50",96,NA,NA,NA,"0:00","","","","9:15",14,5,NA,NA,NA,NA,NA,NA,NA,NA,NA,NA,NA,NA,NA,NA,NA,NA,NA,NA,NA,NA,NA,NA,NA,NA,NA,NA,NA,NA,NA,NA,2,1,42,1,42017,"017_510",4201749120,42017100807,15821,1.17,20,31.297603,7.634742,166.0691879,9,15,555,1,"7/29/2013","",0,-74.9537657364031,40.1342148390318,-74.8785375008296,40.1842810109394,"POINT (-74.953766 40.134215)","POINT (-74.878538 40.184281)"
33136,458773,1,45877301,443.9604921,141.9394768,1,NA,4.58773e+11,6,4.58773e+13,4587730106,NA,NA,1,NA,NA,4,1,42,1,42017,"017_510",4201749120,42017100807,15821,"17:05",96,NA,NA,NA,"0:00","","","","17:30",14,5,NA,NA,NA,NA,NA,NA,NA,NA,NA,NA,NA,NA,NA,NA,NA,NA,NA,NA,NA,NA,NA,NA,NA,NA,NA,NA,NA,NA,NA,NA,4,1,42,1,42017,"017_509",4201705616,42017100206,15624,1.17,25,32.464149,7.665331,166.0691879,17,30,1050,1,"7/29/2013","",0,-74.8785375008296,40.1842810109394,-74.9537657364031,40.1342148390318,"POINT (-74.878538 40.184281)","POINT (-74.953766 40.134215)"
33365,459865,2,45986502,167.8496459,643.2129116,1,NA,4.59865e+11,1,4.59865e+13,4598650201,NA,NA,1,1,2,1,1,42,1,42101,"101_101",4210160000,42101019000,1430,"",1,NA,NA,NA,"0:00","","","","5:20",14,5,NA,NA,NA,NA,NA,NA,NA,NA,NA,NA,NA,NA,NA,NA,NA,NA,NA,NA,NA,NA,NA,NA,NA,NA,NA,NA,NA,NA,NA,NA,2,1,42,1,42101,"101_113",4210160000,42101036400,3415,1.17,85,58.849759,10.559644,752.5591066,5,20,320,2,"12/18/2012","",0,-75.0975410994108,40.0114613114797,-74.9823583671564,40.110760248005,"POINT (-75.097541 40.011461)","POINT (-74.982358 40.110760)"
33366,459865,2,45986502,167.8496459,643.2129116,1,NA,4.59865e+11,2,4.59865e+13,4598650202,NA,NA,1,NA,NA,2,1,42,1,42101,"101_113",4210160000,42101036400,3415,"6:45",5,NA,NA,NA,"0:00","","","","15:30",14,5,NA,NA,NA,NA,NA,NA,NA,NA,NA,NA,NA,NA,NA,NA,NA,NA,NA,NA,NA,NA,NA,NA,NA,NA,NA,NA,NA,NA,NA,NA,1,1,42,1,42101,"101_101",4210160000,42101019000,1430,1.17,75,66.517407,10.685466,752.5591066,15,30,930,2,"12/18/2012","",0,-74.9823583671564,40.110760248005,-75.0975410994108,40.0114613114797,"POINT (-74.982358 40.110760)","POINT (-75.097541 40.011461)"
33511,460507,1,46050701,51.38211866,101.3984784,1,NA,4.60507e+11,8,4.60507e+13,4605070108,NA,NA,1,NA,NA,4,1,42,1,42101,"101_103",4210160000,42101000700,61,"19:21",19,NA,NA,NA,"0:01","","","","19:22",21,5,NA,NA,NA,NA,NA,NA,NA,NA,NA,NA,NA,NA,NA,NA,NA,NA,NA,NA,NA,NA,NA,NA,NA,NA,NA,NA,NA,NA,NA,NA,4,1,42,1,42101,"101_103",4210160000,42101000700,63,1.15,10,7.159287,0.536909,116.6082502,19,22,1162,3,"1/16/2013","",0,-75.1705068930163,39.9509065904554,-75.1788270506066,39.951932450125,"POINT (-75.170507 39.950907)","POINT (-75.178827 39.951932)"
33528,460714,2,46071402,337.3101463,178.1439768,1,NA,4.60714e+11,1,4.60714e+13,4607140201,NA,NA,1,1,2,1,1,42,1,42101,"101_117",4210160000,42101023700,2424,"",1,NA,NA,NA,"0:00","","","","6:15",14,5,NA,NA,NA,NA,NA,NA,NA,NA,NA,NA,NA,NA,NA,NA,NA,NA,NA,NA,NA,NA,NA,NA,NA,NA,NA,NA,NA,NA,NA,NA,2,1,42,1,42101,"101_101",4210160000,42101020000,1415,1.12,30,29.716791,4.690403,199.5212541,6,15,375,3,"11/28/2012","",0,-75.1898142834651,40.0518717143354,-75.1509013014001,40.0025369261947,"POINT (-75.189814 40.051872)","POINT (-75.150901 40.002537)"
33529,460714,2,46071402,337.3101463,178.1439768,1,NA,4.60714e+11,2,4.60714e+13,4607140202,NA,NA,1,NA,NA,2,1,42,1,42101,"101_101",4210160000,42101020000,1415,"6:45",5,NA,NA,NA,"0:00","","","","7:30",14,5,NA,NA,NA,NA,NA,NA,NA,NA,NA,NA,NA,NA,NA,NA,NA,NA,NA,NA,NA,NA,NA,NA,NA,NA,NA,NA,NA,NA,NA,NA,1,1,42,1,42101,"101_117",4210160000,42101023700,2424,1.12,760,31.175573,4.637893,199.5212541,7,30,450,3,"11/28/2012","",0,-75.1509013014001,40.0025369261947,-75.1898142834651,40.0518717143354,"POINT (-75.150901 40.002537)","POINT (-75.189814 40.051872)"
33783,462420,1,46242001,339.1140079,212.9634926,1,NA,4.6242e+11,1,4.6242e+13,4624200101,NA,NA,2,2,2,1,1,42,1,42101,"101_107",4210160000,42101016702,430,"",1,11,16,19,"2:00","0:05","0:59","1:00","11:35",14,5,NA,NA,NA,NA,NA,NA,NA,NA,NA,NA,NA,NA,NA,NA,NA,NA,NA,NA,NA,NA,NA,NA,NA,NA,NA,NA,NA,NA,NA,NA,4,1,42,1,42101,"101_107",4210160000,42101016702,430,1.17,0,8.347736,0.232146,249.1672864,11,35,695,1,"7/29/2013","",0,-75.1578194556998,39.9904255905816,-75.1578194556998,39.9904255905816,"POINT (-75.157819 39.990426)","POINT (-75.157819 39.990426)"
33784,462420,1,46242001,339.1140079,212.9634926,1,NA,4.6242e+11,2,4.6242e+13,4624200102,NA,NA,2,NA,NA,4,1,42,1,42101,"101_107",4210160000,42101016702,430,"11:35",19,NA,NA,NA,"1:00","","","","12:35",14,5,NA,NA,NA,NA,NA,NA,NA,NA,NA,NA,NA,NA,NA,NA,NA,NA,NA,NA,NA,NA,NA,NA,NA,NA,NA,NA,NA,NA,NA,NA,4,1,42,1,42101,"101_103",4210160000,42101037600,129,1.17,79,22.577222,3.129954,249.1672864,12,35,755,1,"7/29/2013","",0,-75.1578194556998,39.9904255905816,-75.1517475799141,39.9595908415173,"POINT (-75.157819 39.990426)","POINT (-75.151748 39.959591)"
33785,462420,1,46242001,339.1140079,212.9634926,1,NA,4.6242e+11,3,4.6242e+13,4624200103,NA,NA,2,NA,NA,4,1,42,1,42101,"101_103",4210160000,42101037600,129,"13:54",11,12,19,96,"0:30","5:00","1:00","1:00","21:30",14,5,NA,NA,NA,NA,NA,NA,NA,NA,NA,NA,NA,NA,NA,NA,NA,NA,NA,NA,NA,NA,NA,NA,NA,NA,NA,NA,NA,NA,NA,NA,1,1,42,1,42101,"101_107",4210160000,42101016702,430,1.17,0,25.350441,2.93285,249.1672864,21,30,1290,1,"7/29/2013","",0,-75.1517475799141,39.9595908415173,-75.1578194556998,39.9904255905816,"POINT (-75.151748 39.959591)","POINT (-75.157819 39.990426)"
34018,463752,1,46375201,295.1256087,223.2317531,1,NA,4.63752e+11,2,4.63752e+13,4637520102,NA,NA,1,NA,NA,2,1,42,1,42101,"101_103",4210160000,42101000402,92,"8:00",5,NA,NA,NA,"0:00","","","","16:30",21,5,NA,NA,NA,NA,NA,NA,NA,NA,NA,NA,NA,NA,NA,NA,NA,NA,NA,NA,NA,NA,NA,NA,NA,NA,NA,NA,NA,NA,NA,NA,4,1,42,1,42101,"101_110",4210160000,42101980000,1040,1.12,10,13.250399,1.505028,250.0195635,16,30,990,2,"1/15/2013","",0,-75.1648345113326,39.9541020155151,-75.1834073455283,39.9599979498596,"POINT (-75.164835 39.954102)","POINT (-75.183407 39.959998)"
34114,464195,1,46419501,435.9358563,162.8823664,1,NA,4.64195e+11,1,4.64195e+13,4641950101,NA,NA,1,1,2,1,1,42,1,42101,"101_114",4210160000,42101029800,1604,"",1,NA,NA,NA,"5:00","","","","8:00",14,5,NA,NA,NA,NA,NA,NA,NA,NA,NA,NA,NA,NA,NA,NA,NA,NA,NA,NA,NA,NA,NA,NA,NA,NA,NA,NA,NA,NA,NA,NA,2,1,42,1,42101,"101_103",4210160000,42101012500,133,1.17,60,47.029906,9.421938,190.5723687,8,0,480,2,"5/28/2013","",0,-75.0678029951053,40.0159609385718,-75.1673759243643,39.9592890487195,"POINT (-75.067803 40.015961)","POINT (-75.167376 39.959289)"
34115,464195,1,46419501,435.9358563,162.8823664,1,NA,4.64195e+11,2,4.64195e+13,4641950102,NA,NA,1,NA,NA,2,1,42,1,42101,"101_103",4210160000,42101012500,133,"9:00",5,NA,NA,NA,"8:00","","","","18:00",14,5,NA,NA,NA,NA,NA,NA,NA,NA,NA,NA,NA,NA,NA,NA,NA,NA,NA,NA,NA,NA,NA,NA,NA,NA,NA,NA,NA,NA,NA,NA,1,1,42,1,42101,"101_114",4210160000,42101029800,1604,1.17,95,45.310844,9.7975,190.5723687,18,0,1080,2,"5/28/2013","",0,-75.1673759243643,39.9592890487195,-75.0678029951053,40.0159609385718,"POINT (-75.167376 39.959289)","POINT (-75.067803 40.015961)"
34118,464195,2,46419502,435.9358563,129.3155895,1,NA,4.64195e+11,2,4.64195e+13,4641950202,NA,NA,2,NA,NA,4,1,42,1,42101,"101_114",4210160000,42101029800,1604,"11:50",8,NA,NA,NA,"0:05","","","","11:55",14,5,NA,NA,NA,NA,NA,NA,NA,NA,NA,NA,NA,NA,NA,NA,NA,NA,NA,NA,NA,NA,NA,NA,NA,NA,NA,NA,NA,NA,NA,NA,4,1,42,1,42101,"101_117",4210160000,42101038700,2441,1.17,125,78.163771,12.854954,151.2992397,11,55,715,2,"5/28/2013","",0,-75.0678029951053,40.0159609385718,-75.2128647817132,40.0824469736708,"POINT (-75.067803 40.015961)","POINT (-75.212865 40.082447)"
34119,464195,2,46419502,435.9358563,129.3155895,1,NA,4.64195e+11,3,4.64195e+13,4641950203,NA,NA,2,NA,NA,4,1,42,1,42101,"101_117",4210160000,42101038700,2441,"14:00",16,NA,NA,NA,"1:40","","","","15:40",14,5,NA,NA,NA,NA,NA,NA,NA,NA,NA,NA,NA,NA,NA,NA,NA,NA,NA,NA,NA,NA,NA,NA,NA,NA,NA,NA,NA,NA,NA,NA,4,1,42,1,42101,"101_114",4210160000,42101029800,1604,1.17,100,74.974414,12.156259,151.2992397,15,40,940,2,"5/28/2013","",0,-75.2128647817132,40.0824469736708,-75.0678029951053,40.0159609385718,"POINT (-75.212865 40.082447)","POINT (-75.067803 40.015961)"
34136,464456,2,46445602,272.1186917,496.2966196,2,NA,4.64456e+11,6,4.64456e+13,4644560206,NA,NA,3,NA,NA,4,1,42,1,42045,"045_203",4204579000,42045400500,4459,"10:55",19,NA,NA,NA,"0:00","","","","11:05",21,5,NA,NA,NA,NA,NA,NA,NA,NA,NA,NA,NA,NA,NA,NA,NA,NA,NA,NA,NA,NA,NA,NA,NA,NA,NA,NA,NA,NA,NA,NA,4,1,42,1,42101,"101_103",4210160000,42101000500,90,1.12,15,26.85,5.840262,555.852214,11,5,665,2,"11/27/2012","",0,-75.2626735411038,39.9640057100153,-75.1588750233838,39.9528401835985,"POINT (-75.262674 39.964006)","POINT (-75.158875 39.952840)"
34239,464806,1,46480601,67.99950049,94.12458857,1,NA,4.64806e+11,1,4.64806e+13,4648060101,NA,NA,3,2,1,4,1,42,1,42101,"101_103",4210160000,42101001202,25,"",96,NA,NA,NA,"0:00","","","","15:50",14,5,NA,NA,NA,NA,NA,NA,NA,NA,NA,NA,NA,NA,NA,NA,NA,NA,NA,NA,NA,NA,NA,NA,NA,NA,NA,NA,NA,NA,NA,NA,4,1,42,1,42101,"101_103",4210160000,42101000600,57,1.13,30,18.082854,1.178864,106.3607851,15,50,950,4,"8/1/2013","",0,-75.1732743609913,39.9456003211594,-75.1603747972298,39.949646258079,"POINT (-75.173274 39.945600)","POINT (-75.160375 39.949646)"
34241,464806,1,46480601,67.99950049,94.12458857,1,NA,4.64806e+11,3,4.64806e+13,4648060103,NA,NA,3,NA,NA,4,1,42,1,42101,"101_103",4210160000,42101000500,71,"16:48",8,NA,NA,NA,"0:00","","","","17:15",14,5,NA,NA,NA,NA,NA,NA,NA,NA,NA,NA,NA,NA,NA,NA,NA,NA,NA,NA,NA,NA,NA,NA,NA,NA,NA,NA,NA,NA,NA,NA,1,1,42,1,42101,"101_112",4210160000,42101003701,828,1.13,15,25.962277,2.871372,106.3607851,17,15,1035,4,"8/1/2013","",0,-75.1584725274299,39.950967187359,-75.1782289254393,39.9273662256759,"POINT (-75.158473 39.950967)","POINT (-75.178229 39.927366)"
34311,465194,1,46519401,69.88592262,90.59440523,1,NA,4.65194e+11,1,4.65194e+13,4651940101,NA,NA,2,1,2,1,1,42,1,42101,"101_115",4210160000,42101029000,2610,"",1,7,NA,NA,"0:00","","","","12:15",14,5,NA,NA,NA,NA,NA,NA,NA,NA,NA,NA,NA,NA,NA,NA,NA,NA,NA,NA,NA,NA,NA,NA,NA,NA,NA,NA,NA,NA,NA,NA,4,1,42,1,42101,"101_103",4210160000,42101000200,111,1.13,45,32.120653,7.823561,102.3716779,12,15,735,1,"12/3/2012","",0,-75.1139704218066,40.0309825414845,-75.1614771099584,39.9569042938645,"POINT (-75.113970 40.030983)","POINT (-75.161477 39.956904)"
34312,465194,1,46519401,69.88592262,90.59440523,1,NA,4.65194e+11,2,4.65194e+13,4651940102,NA,NA,2,NA,NA,4,1,42,1,42101,"101_103",4210160000,42101000200,111,"13:00",11,16,6,8,"0:00","","","","14:30",14,5,NA,NA,NA,NA,NA,NA,NA,NA,NA,NA,NA,NA,NA,NA,NA,NA,NA,NA,NA,NA,NA,NA,NA,NA,NA,NA,NA,NA,NA,NA,1,1,42,1,42101,"101_115",4210160000,42101029000,2610,1.13,30,34.653627,7.610037,102.3716779,14,30,870,1,"12/3/2012","",0,-75.1614771099584,39.9569042938645,-75.1139704218066,40.0309825414845,"POINT (-75.161477 39.956904)","POINT (-75.113970 40.030983)"
34581,466880,1,46688001,161.6263101,373.3644024,1,NA,4.6688e+11,1,4.6688e+13,4668800101,NA,NA,1,1,2,1,1,42,1,42101,"101_109",4210160000,42101037900,618,"",1,NA,NA,NA,"0:00","","","","7:00",21,5,NA,NA,NA,NA,NA,NA,NA,NA,NA,NA,NA,NA,NA,NA,NA,NA,NA,NA,NA,NA,NA,NA,NA,NA,NA,NA,NA,NA,NA,NA,2,1,42,1,42101,"101_103",4210160000,42101000402,98,1.12,45,39.050599,5.91927,418.1681307,7,0,420,2,"1/15/2013","",0,-75.0972035448796,39.9884463740478,-75.1672929773502,39.9544153783527,"POINT (-75.097204 39.988446)","POINT (-75.167293 39.954415)"
34582,466880,1,46688001,161.6263101,373.3644024,1,NA,4.6688e+11,2,4.6688e+13,4668800102,NA,NA,1,NA,NA,2,1,42,1,42101,"101_103",4210160000,42101000402,98,"7:45",5,NA,NA,NA,"0:00","","","","17:20",21,5,NA,NA,NA,NA,NA,NA,NA,NA,NA,NA,NA,NA,NA,NA,NA,NA,NA,NA,NA,NA,NA,NA,NA,NA,NA,NA,NA,NA,NA,NA,1,1,42,1,42101,"101_109",4210160000,42101037900,618,1.12,20,36.596423,6.560267,418.1681307,17,20,1040,2,"1/15/2013","",0,-75.1672929773502,39.9544153783527,-75.0972035448796,39.9884463740478,"POINT (-75.167293 39.954415)","POINT (-75.097204 39.988446)"
34584,466880,2,46688002,161.6263101,485.6673345,1,NA,4.6688e+11,1,4.6688e+13,4668800201,NA,NA,1,1,2,1,1,42,1,42101,"101_109",4210160000,42101037900,618,"",1,NA,NA,NA,"0:00","","","","7:00",21,5,NA,NA,NA,NA,NA,NA,NA,NA,NA,NA,NA,NA,NA,NA,NA,NA,NA,NA,NA,NA,NA,NA,NA,NA,NA,NA,NA,NA,NA,NA,2,1,42,1,42101,"101_103",4210160000,42101000500,70,1.12,45,34.940007,5.254324,543.9474147,7,0,420,2,"1/15/2013","",0,-75.0972035448796,39.9884463740478,-75.1561127285024,39.9506763018863,"POINT (-75.097204 39.988446)","POINT (-75.156113 39.950676)"
34585,466880,2,46688002,161.6263101,485.6673345,1,NA,4.6688e+11,2,4.6688e+13,4668800202,NA,NA,1,NA,NA,2,1,42,1,42101,"101_103",4210160000,42101000500,70,"7:45",5,NA,NA,NA,"0:00","","","","17:45",21,5,NA,NA,NA,NA,NA,NA,NA,NA,NA,NA,NA,NA,NA,NA,NA,NA,NA,NA,NA,NA,NA,NA,NA,NA,NA,NA,NA,NA,NA,NA,1,1,42,1,42101,"101_109",4210160000,42101037900,618,1.12,45,32.769576,5.222456,543.9474147,17,45,1065,2,"1/15/2013","",0,-75.1561127285024,39.9506763018863,-75.0972035448796,39.9884463740478,"POINT (-75.156113 39.950676)","POINT (-75.097204 39.988446)"
34619,467153,1,46715301,317.8695646,111.459172,2,NA,4.67153e+11,4,4.67153e+13,4671530104,NA,NA,2,NA,NA,4,1,42,1,42101,"101_112",4210160000,42101004001,819,"13:13",19,NA,NA,NA,"0:00","","","","13:25",14,5,NA,NA,NA,NA,NA,NA,NA,NA,NA,NA,NA,NA,NA,NA,NA,NA,NA,NA,NA,NA,NA,NA,NA,NA,NA,NA,NA,NA,NA,NA,4,1,42,1,42101,"101_112",4210160000,42101980700,809,1.17,16,17.441679,1.653365,130.4072312,13,25,805,4,"11/29/2012","",0,-75.1662120144978,39.9238115855567,-75.1424353043086,39.9181642204268,"POINT (-75.166212 39.923812)","POINT (-75.142435 39.918164)"
34667,467363,1,46736301,342.1442569,264.7639273,1,NA,4.67363e+11,1,4.67363e+13,4673630101,NA,NA,1,2,2,1,1,42,1,42101,"101_112",4210160000,42101004201,818,"",1,NA,NA,NA,"0:00","","","","7:25",14,5,NA,NA,NA,NA,NA,NA,NA,NA,NA,NA,NA,NA,NA,NA,NA,NA,NA,NA,NA,NA,NA,NA,NA,NA,NA,NA,NA,NA,NA,NA,2,1,42,1,42101,"101_103",4210160000,42101000300,112,1.17,40,25.616636,3.471939,309.773795,7,25,445,1,"12/17/2012","",0,-75.1509880355394,39.9232020928335,-75.1637714901797,39.9554388396102,"POINT (-75.150988 39.923202)","POINT (-75.163771 39.955439)"
34668,467363,1,46736301,342.1442569,264.7639273,1,NA,4.67363e+11,2,4.67363e+13,4673630102,NA,NA,1,NA,NA,2,1,42,1,42101,"101_103",4210160000,42101000300,112,"8:05",5,NA,NA,NA,"0:00","","","","16:30",14,5,NA,NA,NA,NA,NA,NA,NA,NA,NA,NA,NA,NA,NA,NA,NA,NA,NA,NA,NA,NA,NA,NA,NA,NA,NA,NA,NA,NA,NA,NA,4,1,42,1,42101,"101_103",4210160000,42101000500,70,1.17,30,12.973769,0.833737,309.773795,16,30,990,1,"12/17/2012","",0,-75.1637714901797,39.9554388396102,-75.1561127285024,39.9506763018863,"POINT (-75.163771 39.955439)","POINT (-75.156113 39.950676)"
34669,467363,1,46736301,342.1442569,264.7639273,1,NA,4.67363e+11,3,4.67363e+13,4673630103,NA,NA,1,NA,NA,4,1,42,1,42101,"101_103",4210160000,42101000500,70,"17:00",16,NA,NA,NA,"0:00","","","","18:30",14,5,NA,NA,NA,NA,NA,NA,NA,NA,NA,NA,NA,NA,NA,NA,NA,NA,NA,NA,NA,NA,NA,NA,NA,NA,NA,NA,NA,NA,NA,NA,1,1,42,1,42101,"101_112",4210160000,42101004201,818,1.17,15,24.146898,2.577679,309.773795,18,30,1110,1,"12/17/2012","",0,-75.1561127285024,39.9506763018863,-75.1509880355394,39.9232020928335,"POINT (-75.156113 39.950676)","POINT (-75.150988 39.923202)"
34701,467493,1,46749301,483.017925,122.3414204,1,NA,4.67493e+11,1,4.67493e+13,4674930101,NA,NA,1,1,2,1,1,42,1,42101,"101_110",4210160000,42101007800,1016,"",1,NA,NA,NA,"5:00","","","","8:27",23,5,NA,NA,NA,NA,NA,NA,NA,NA,NA,NA,NA,NA,NA,NA,NA,NA,NA,NA,NA,NA,NA,NA,NA,NA,NA,NA,NA,NA,NA,NA,2,1,42,1,42101,"101_110",4210160000,42101036900,1025,1.17,15,14.552281,1.557769,143.1394619,8,27,507,4,"12/6/2012","",0,-75.2162654488479,39.9464660922369,-75.1937934209145,39.951852697735,"POINT (-75.216265 39.946466)","POINT (-75.193793 39.951853)"
34704,467493,2,46749302,483.017925,160.8321998,1,NA,4.67493e+11,1,4.67493e+13,4674930201,NA,NA,1,1,2,1,1,42,1,42101,"101_110",4210160000,42101007800,1016,"",1,NA,NA,NA,"1:54","","","","4:54",21,5,NA,NA,NA,NA,NA,NA,NA,NA,NA,NA,NA,NA,NA,NA,NA,NA,NA,NA,NA,NA,NA,NA,NA,NA,NA,NA,NA,NA,NA,NA,2,1,42,1,42101,"101_112",4210160000,42101002500,842,1.17,40,25.203722,4.300745,188.1736738,4,54,294,4,"12/6/2012","",0,-75.2162654488479,39.9464660922369,-75.1498041127206,39.934304016358,"POINT (-75.216265 39.946466)","POINT (-75.149804 39.934304)"
34705,467493,2,46749302,483.017925,160.8321998,1,NA,4.67493e+11,2,4.67493e+13,4674930202,NA,NA,1,NA,NA,2,1,42,1,42101,"101_112",4210160000,42101002500,842,"5:34",5,NA,NA,NA,"6:30","","","","12:08",21,5,NA,NA,NA,NA,NA,NA,NA,NA,NA,NA,NA,NA,NA,NA,NA,NA,NA,NA,NA,NA,NA,NA,NA,NA,NA,NA,NA,NA,NA,NA,1,1,42,1,42101,"101_110",4210160000,42101007800,1016,1.17,34,30.857532,4.516512,188.1736738,12,8,728,4,"12/6/2012","",0,-75.1498041127206,39.934304016358,-75.2162654488479,39.9464660922369,"POINT (-75.149804 39.934304)","POINT (-75.216265 39.946466)"
34718,467566,1,46756601,172.9823774,78.9214541,1,NA,4.67566e+11,4,4.67566e+13,4675660104,NA,NA,1,NA,NA,2,2,42,1,42101,"101_106",4210160000,42101012100,2213,"10:10",5,NA,NA,NA,"0:00","","","","11:10",14,5,NA,NA,NA,NA,NA,NA,NA,NA,NA,NA,NA,NA,NA,NA,NA,NA,NA,NA,NA,NA,NA,NA,NA,NA,NA,NA,NA,NA,NA,NA,4,1,42,1,42029,"029_301",4202953608,42029306503,6016,1.12,10,NA,NA,88.39202859,11,10,670,4,"12/6/2012","",0,-75.2226378551491,39.995965776317,-75.7389669372766,39.8455410550777,"POINT (-75.222638 39.995966)","POINT (-75.738967 39.845541)"
34872,468368,2,46836802,312.7658348,166.2835719,1,NA,4.68368e+11,2,4.68368e+13,4683680202,NA,NA,1,NA,NA,4,3,42,1,42101,"101_105",4210160000,42101037300,1816,"9:56",19,NA,NA,NA,"0:08","","","","10:04",21,5,NA,NA,NA,NA,NA,NA,NA,NA,NA,NA,NA,NA,NA,NA,NA,NA,NA,NA,NA,NA,NA,NA,NA,NA,NA,NA,NA,NA,NA,NA,2,1,42,1,42101,"101_107",4210160000,42101037700,414,1.12,11,38.209279,5.785548,186.2376005,10,4,604,2,"11/27/2012","",0,-75.1792803129236,39.9102291849896,-75.1545851492175,39.9813757258968,"POINT (-75.179280 39.910229)","POINT (-75.154585 39.981376)"
34971,468734,1,46873401,568.8087432,257.3654622,1,NA,4.68734e+11,2,4.68734e+13,4687340102,NA,NA,2,NA,NA,4,1,42,1,42101,"101_115",4210160000,42101026500,2634,"8:02",19,NA,NA,NA,"0:04","","","","8:06",14,5,NA,NA,NA,NA,NA,NA,NA,NA,NA,NA,NA,NA,NA,NA,NA,NA,NA,NA,NA,NA,NA,NA,NA,NA,NA,NA,NA,NA,NA,NA,4,1,42,1,42101,"101_115",4210160000,42101028200,2615,1.17,NA,25.29774,2.520406,301.1175908,8,6,486,1,"11/26/2012","",0,-75.1546939106137,40.0587336087499,-75.1398050137829,40.0366774270012,"POINT (-75.154694 40.058734)","POINT (-75.139805 40.036677)"
34975,468734,1,46873401,568.8087432,257.3654622,1,NA,4.68734e+11,6,4.68734e+13,4687340106,NA,NA,2,NA,NA,4,1,42,1,42101,"101_110",4210160000,42101036900,1018,"11:25",19,NA,NA,NA,"0:00","","","","11:30",14,5,NA,NA,NA,NA,NA,NA,NA,NA,NA,NA,NA,NA,NA,NA,NA,NA,NA,NA,NA,NA,NA,NA,NA,NA,NA,NA,NA,NA,NA,NA,4,1,42,1,42101,"101_103",4210160000,42101000901,41,1.17,NA,22.812247,2.355845,301.1175908,11,30,690,1,"11/26/2012","",0,-75.1957094473416,39.9494354858208,-75.1634808483634,39.9480403151119,"POINT (-75.195709 39.949435)","POINT (-75.163481 39.948040)"
34985,468734,2,46873402,568.8087432,127.0385876,1,NA,4.68734e+11,2,4.68734e+13,4687340202,NA,NA,2,NA,NA,4,1,42,1,42101,"101_115",4210160000,42101026500,2634,"8:02",19,NA,NA,NA,"0:04","","","","8:06",14,5,NA,NA,NA,NA,NA,NA,NA,NA,NA,NA,NA,NA,NA,NA,NA,NA,NA,NA,NA,NA,NA,NA,NA,NA,NA,NA,NA,NA,NA,NA,4,1,42,1,42101,"101_115",4210160000,42101028200,2615,1.17,NA,25.29774,2.520406,148.6351475,8,6,486,1,"11/26/2012","",0,-75.1546939106137,40.0587336087499,-75.1398050137829,40.0366774270012,"POINT (-75.154694 40.058734)","POINT (-75.139805 40.036677)"
34992,468734,2,46873402,568.8087432,127.0385876,1,NA,4.68734e+11,9,4.68734e+13,4687340209,NA,NA,2,NA,NA,4,1,42,1,42101,"101_108",4210160000,42101021300,3210,"9998",19,NA,NA,NA,"0:00","","","","15:36",14,5,NA,NA,NA,NA,NA,NA,NA,NA,NA,NA,NA,NA,NA,NA,NA,NA,NA,NA,NA,NA,NA,NA,NA,NA,NA,NA,NA,NA,NA,NA,4,1,42,1,42101,"101_108",4210160000,42101020700,3201,1.17,NA,19.272252,0.989361,148.6351475,15,36,936,1,"11/26/2012","",0,-75.2181192513656,40.032241980928,-75.1898605144712,40.0114702178942,"POINT (-75.218119 40.032242)","POINT (-75.189861 40.011470)"
34993,468734,2,46873402,568.8087432,127.0385876,1,NA,4.68734e+11,10,4.68734e+13,4687340210,NA,NA,2,NA,NA,4,1,42,1,42101,"101_108",4210160000,42101020700,3201,"9998",19,NA,NA,NA,"0:00","","","","15:48",14,5,NA,NA,NA,NA,NA,NA,NA,NA,NA,NA,NA,NA,NA,NA,NA,NA,NA,NA,NA,NA,NA,NA,NA,NA,NA,NA,NA,NA,NA,NA,4,1,42,1,42101,"101_115",4210160000,42101026700,2631,1.17,28,33.244868,4.606807,148.6351475,15,48,948,1,"11/26/2012","",0,-75.1898605144712,40.0114702178942,-75.1479154657996,40.0549550312452,"POINT (-75.189861 40.011470)","POINT (-75.147915 40.054955)"
35120,469116,2,46911602,172.2251086,195.8959811,1,NA,4.69116e+11,3,4.69116e+13,4691160203,NA,NA,2,NA,NA,4,1,42,1,42045,"045_203",4204526408,42045403402,4416,"9999",3,NA,NA,NA,"3:00","","","","10:30",14,5,NA,NA,NA,NA,NA,NA,NA,NA,NA,NA,NA,NA,NA,NA,NA,NA,NA,NA,NA,NA,NA,NA,NA,NA,NA,NA,NA,NA,NA,NA,1,1,42,1,42045,"045_203",4204569752,42045402800,4427,1.17,47,17.952475,3.109552,229.1982979,10,30,630,5,"12/7/2012","",0,-75.2756219131213,39.8861130712424,-75.2647018998912,39.9085205983673,"POINT (-75.275622 39.886113)","POINT (-75.264702 39.908521)"
35121,469116,2,46911602,172.2251086,195.8959811,2,NA,4.69116e+11,4,4.69116e+13,4691160204,NA,NA,3,0,NA,1,1,42,1,42045,"045_203",4204569752,42045402800,4427,"11:17",1,NA,NA,NA,"7:05","","","","18:22",14,5,NA,NA,NA,NA,NA,NA,NA,NA,NA,NA,NA,NA,NA,NA,NA,NA,NA,NA,NA,NA,NA,NA,NA,NA,NA,NA,NA,NA,NA,NA,4,1,42,1,42101,"101_111",4210160000,42101008400,1213,1.17,46,39.638793,7.340004,229.1982979,18,22,1102,5,"12/7/2012","",0,-75.2647018998912,39.9085205983673,-75.2354698649569,39.9579979858569,"POINT (-75.264702 39.908521)","POINT (-75.235470 39.957998)"
35124,469116,3,46911603,172.2251086,155.360283,1,NA,4.69116e+11,2,4.69116e+13,4691160302,NA,NA,1,NA,NA,2,1,42,1,42101,"101_102",4210160000,42101980900,2010,"7:57",5,NA,NA,NA,"4:00","","","","12:10",14,5,NA,NA,NA,NA,NA,NA,NA,NA,NA,NA,NA,NA,NA,NA,NA,NA,NA,NA,NA,NA,NA,NA,NA,NA,NA,NA,NA,NA,NA,NA,1,1,42,1,42045,"045_203",4204569752,42045402800,4427,1.17,63,36.967553,5.250252,181.7715311,12,10,730,5,"12/7/2012","",0,-75.235101972058,39.9049328264187,-75.2647018998912,39.9085205983673,"POINT (-75.235102 39.904933)","POINT (-75.264702 39.908521)"
35312,469787,2,46978702,305.7923578,182.5834247,1,NA,4.69787e+11,2,4.69787e+13,4697870202,NA,NA,2,NA,NA,4,1,42,1,42101,"101_107",4210160000,42101014700,411,"6:40",19,NA,NA,NA,"0:10","","","","7:21",14,5,NA,NA,NA,NA,NA,NA,NA,NA,NA,NA,NA,NA,NA,NA,NA,NA,NA,NA,NA,NA,NA,NA,NA,NA,NA,NA,NA,NA,NA,NA,4,1,42,1,42101,"101_115",4210160000,42101028200,2612,1.17,0,25.187383,4.242584,213.6226069,7,21,441,3,"1/23/2013","",0,-75.162026191264,39.9785569548507,-75.1410429415748,40.0324712216091,"POINT (-75.162026 39.978557)","POINT (-75.141043 40.032471)"
35517,470849,2,47084902,1054.05623,1207.527647,1,NA,4.70849e+11,5,4.70849e+13,4708490205,NA,NA,3,NA,NA,4,1,42,1,42101,"101_103",4210160000,42101000804,44,"18:00",19,NA,NA,NA,"0:00","","","","18:20",14,5,NA,NA,NA,NA,NA,NA,NA,NA,NA,NA,NA,NA,NA,NA,NA,NA,NA,NA,NA,NA,NA,NA,NA,NA,NA,NA,NA,NA,NA,NA,4,1,42,1,42101,"101_106",4210160000,42101980000,2210,1.17,50,38.340644,4.93846,1412.807347,18,20,1100,5,"7/26/2013","",0,-75.1669894744938,39.9484799410289,-75.2070232144824,39.990493481725,"POINT (-75.166989 39.948480)","POINT (-75.207023 39.990493)"
35518,470849,2,47084902,1054.05623,1207.527647,1,NA,4.70849e+11,6,4.70849e+13,4708490206,NA,NA,3,NA,NA,4,1,42,1,42101,"101_106",4210160000,42101980000,2210,"19:10",15,NA,NA,NA,"0:00","","","","23:00",14,5,NA,NA,NA,NA,NA,NA,NA,NA,NA,NA,NA,NA,NA,NA,NA,NA,NA,NA,NA,NA,NA,NA,NA,NA,NA,NA,NA,NA,NA,NA,4,1,42,1,42101,"101_104",4210160000,42101031600,3014,1.17,41,73.126331,14.011529,1412.807347,23,0,1380,5,"7/26/2013","",0,-75.2070232144824,39.990493481725,-75.0593151476913,40.0302346423682,"POINT (-75.207023 39.990493)","POINT (-75.059315 40.030235)"
35707,471942,1,47194201,247.6547545,180.8876542,1,NA,4.71942e+11,2,4.71942e+13,4719420102,NA,NA,2,NA,NA,4,1,42,1,42101,"101_112",4210160000,42101037200,804,"12:10",19,NA,NA,NA,"0:00","","","","12:10",14,5,NA,NA,NA,NA,NA,NA,NA,NA,NA,NA,NA,NA,NA,NA,NA,NA,NA,NA,NA,NA,NA,NA,NA,NA,NA,NA,NA,NA,NA,NA,4,1,42,1,42101,"101_103",4210160000,42101000500,71,1.17,30,25.99543,3.205227,211.6385554,12,10,730,3,"11/28/2012","",0,-75.1661003080911,39.9138576581668,-75.1584725274299,39.950967187359,"POINT (-75.166100 39.913858)","POINT (-75.158473 39.950967)"
35709,471942,1,47194201,247.6547545,180.8876542,1,NA,4.71942e+11,4,4.71942e+13,4719420104,NA,NA,2,NA,NA,4,1,42,1,42101,"101_103",4210160000,42101000402,95,"13:10",15,NA,NA,NA,"3:05","","","","16:15",14,5,NA,NA,NA,NA,NA,NA,NA,NA,NA,NA,NA,NA,NA,NA,NA,NA,NA,NA,NA,NA,NA,NA,NA,NA,NA,NA,NA,NA,NA,NA,4,1,42,1,42101,"101_103",4210160000,42101000500,90,1.17,10,11.900733,0.705285,211.6385554,16,15,975,3,"11/28/2012","",0,-75.1691139313301,39.9535949564727,-75.1588750233838,39.9528401835985,"POINT (-75.169114 39.953595)","POINT (-75.158875 39.952840)"
35710,471942,1,47194201,247.6547545,180.8876542,1,NA,4.71942e+11,5,4.71942e+13,4719420105,NA,NA,2,NA,NA,4,1,42,1,42101,"101_103",4210160000,42101000500,90,"16:25",19,NA,NA,NA,"0:05","","","","16:30",14,5,NA,NA,NA,NA,NA,NA,NA,NA,NA,NA,NA,NA,NA,NA,NA,NA,NA,NA,NA,NA,NA,NA,NA,NA,NA,NA,NA,NA,NA,NA,1,1,42,1,42101,"101_112",4210160000,42101037200,804,1.17,30,25.541021,3.093279,211.6385554,16,30,990,3,"11/28/2012","",0,-75.1588750233838,39.9528401835985,-75.1661003080911,39.9138576581668,"POINT (-75.158875 39.952840)","POINT (-75.166100 39.913858)"
35814,472378,1,47237801,668.8941838,127.1555254,1,NA,4.72378e+11,1,4.72378e+13,4723780101,NA,NA,2,1,2,1,1,42,1,42101,"101_110",4210160000,42101006500,1002,"",16,8,NA,NA,"0:00","","","","10:00",23,5,NA,NA,NA,NA,NA,NA,NA,NA,NA,NA,NA,NA,NA,NA,NA,NA,NA,NA,NA,NA,NA,NA,NA,NA,NA,NA,NA,NA,NA,NA,4,3,42,1,42101,"101_110",4210160000,42101036900,1030,1.17,0,19.416667,2.669062,148.7719647,10,0,600,1,"1/14/2013","",0,-75.2351116826331,39.934447396763,-75.1941152941134,39.9546263068532,"POINT (-75.235112 39.934447)","POINT (-75.194115 39.954626)"
35815,472378,1,47237801,668.8941838,127.1555254,1,NA,4.72378e+11,2,4.72378e+13,4723780102,NA,NA,2,NA,NA,4,3,42,1,42101,"101_110",4210160000,42101036900,1030,"10:00",16,19,8,NA,"0:00","","","","16:00",23,5,NA,NA,NA,NA,NA,NA,NA,NA,NA,NA,NA,NA,NA,NA,NA,NA,NA,NA,NA,NA,NA,NA,NA,NA,NA,NA,NA,NA,NA,NA,1,1,42,1,42101,"101_110",4210160000,42101006500,1002,1.17,210,19.795246,2.681191,148.7719647,16,0,960,1,"1/14/2013","",0,-75.1941152941134,39.9546263068532,-75.2351116826331,39.934447396763,"POINT (-75.194115 39.954626)","POINT (-75.235112 39.934447)"
35979,473173,2,47317302,237.118544,643.6994714,1,NA,4.73173e+11,1,4.73173e+13,4731730201,NA,NA,1,1,2,1,1,42,1,42101,"101_111",4210160000,42101009400,1215,"",1,NA,NA,NA,"3:30","","","","6:30",21,5,NA,NA,NA,NA,NA,NA,NA,NA,NA,NA,NA,NA,NA,NA,NA,NA,NA,NA,NA,NA,NA,NA,NA,NA,NA,NA,NA,NA,NA,NA,2,1,42,1,42101,"101_103",4210160000,42101000402,92,1.15,43,17.083412,3.89413,740.2543921,6,30,390,3,"7/31/2013","",0,-75.2322455285086,39.963278945388,-75.1648345113326,39.9541020155151,"POINT (-75.232246 39.963279)","POINT (-75.164835 39.954102)"
35980,473173,2,47317302,237.118544,643.6994714,1,NA,4.73173e+11,2,4.73173e+13,4731730202,NA,NA,1,NA,NA,2,1,42,1,42101,"101_103",4210160000,42101000402,92,"7:13",5,NA,NA,NA,"12:00","","","","19:15",21,5,NA,NA,NA,NA,NA,NA,NA,NA,NA,NA,NA,NA,NA,NA,NA,NA,NA,NA,NA,NA,NA,NA,NA,NA,NA,NA,NA,NA,NA,NA,1,1,42,1,42101,"101_111",4210160000,42101009400,1215,1.15,45,17.410302,3.899685,740.2543921,19,15,1155,3,"7/31/2013","",0,-75.1648345113326,39.9541020155151,-75.2322455285086,39.963278945388,"POINT (-75.164835 39.954102)","POINT (-75.232246 39.963279)"
36354,474913,1,47491301,256.9651392,93.05092022,1,NA,4.74913e+11,5,4.74913e+13,4749130105,NA,NA,1,NA,NA,4,1,42,1,42101,"101_103",4210160000,42101000100,68,"8:33",19,NA,NA,NA,"0:00","","","","8:36",14,5,NA,NA,NA,NA,NA,NA,NA,NA,NA,NA,NA,NA,NA,NA,NA,NA,NA,NA,NA,NA,NA,NA,NA,NA,NA,NA,NA,NA,NA,NA,2,1,42,1,42101,"101_103",4210160000,42101000100,86,1.12,2,4.936379,0.291793,104.2170306,8,36,516,2,"11/27/2012","",0,-75.150623776162,39.9499928305521,-75.1470807570054,39.9513767444736,"POINT (-75.150624 39.949993)","POINT (-75.147081 39.951377)"
36429,475479,1,47547901,668.6753665,125.9556218,1,NA,4.75479e+11,1,4.75479e+13,4754790101,NA,NA,3,1,1,3,6,42,1,42101,"101_112",4210160000,42101003200,841,"",17,NA,NA,NA,"0:00","","","","9:30",14,5,NA,NA,NA,NA,NA,NA,NA,NA,NA,NA,NA,NA,NA,NA,NA,NA,NA,NA,NA,NA,NA,NA,NA,NA,NA,NA,NA,NA,NA,NA,4,1,42,1,42101,"101_107",4210160000,42101016702,430,1.17,390,43.559499,5.722069,147.3680775,9,30,570,5,"12/7/2012","",0,-75.1870662747411,39.9335197790401,-75.1578194556998,39.9904255905816,"POINT (-75.187066 39.933520)","POINT (-75.157819 39.990426)"
36430,475479,1,47547901,668.6753665,125.9556218,1,NA,4.75479e+11,2,4.75479e+13,4754790102,NA,NA,3,NA,NA,4,1,42,1,42101,"101_107",4210160000,42101016702,430,"16:00",16,NA,NA,NA,"2:00","","","","18:00",14,5,NA,NA,NA,NA,NA,NA,NA,NA,NA,NA,NA,NA,NA,NA,NA,NA,NA,NA,NA,NA,NA,NA,NA,NA,NA,NA,NA,NA,NA,NA,1,1,42,1,42101,"101_112",4210160000,42101003200,841,1.17,60,33.254479,5.319413,147.3680775,18,0,1080,5,"12/7/2012","",0,-75.1578194556998,39.9904255905816,-75.1870662747411,39.9335197790401,"POINT (-75.157819 39.990426)","POINT (-75.187066 39.933520)"
36433,475479,2,47547902,668.6753665,127.0385876,2,NA,4.75479e+11,2,4.75479e+13,4754790202,NA,NA,2,1,NA,1,1,42,1,42101,"101_112",4210160000,42101003200,841,"15:30",1,NA,NA,NA,"0:00","","","","15:30",14,5,NA,NA,NA,NA,NA,NA,NA,NA,NA,NA,NA,NA,NA,NA,NA,NA,NA,NA,NA,NA,NA,NA,NA,NA,NA,NA,NA,NA,NA,NA,4,1,42,1,42101,"101_107",4210160000,42101016702,430,1.17,30,41.34798,5.595593,148.6351475,15,30,930,5,"12/7/2012","",0,-75.1870662747411,39.9335197790401,-75.1578194556998,39.9904255905816,"POINT (-75.187066 39.933520)","POINT (-75.157819 39.990426)"
36434,475479,2,47547902,668.6753665,127.0385876,2,NA,4.75479e+11,3,4.75479e+13,4754790203,NA,NA,2,NA,NA,4,1,42,1,42101,"101_107",4210160000,42101016702,430,"16:00",16,NA,NA,NA,"1:00","","","","18:00",14,5,NA,NA,NA,NA,NA,NA,NA,NA,NA,NA,NA,NA,NA,NA,NA,NA,NA,NA,NA,NA,NA,NA,NA,NA,NA,NA,NA,NA,NA,NA,1,1,42,1,42101,"101_112",4210160000,42101003200,841,1.17,60,33.254479,5.319413,148.6351475,18,0,1080,5,"12/7/2012","",0,-75.1578194556998,39.9904255905816,-75.1870662747411,39.9335197790401,"POINT (-75.157819 39.990426)","POINT (-75.187066 39.933520)"
36437,475479,3,47547903,668.6753665,127.0385876,2,NA,4.75479e+11,2,4.75479e+13,4754790302,NA,NA,2,1,NA,1,1,42,1,42101,"101_112",4210160000,42101003200,841,"15:30",1,NA,NA,NA,"0:00","","","","15:30",14,5,NA,NA,NA,NA,NA,NA,NA,NA,NA,NA,NA,NA,NA,NA,NA,NA,NA,NA,NA,NA,NA,NA,NA,NA,NA,NA,NA,NA,NA,NA,4,1,42,1,42101,"101_107",4210160000,42101016702,430,1.17,30,41.34798,5.595593,148.6351475,15,30,930,5,"12/7/2012","",0,-75.1870662747411,39.9335197790401,-75.1578194556998,39.9904255905816,"POINT (-75.187066 39.933520)","POINT (-75.157819 39.990426)"
36438,475479,3,47547903,668.6753665,127.0385876,2,NA,4.75479e+11,3,4.75479e+13,4754790303,NA,NA,2,NA,NA,4,1,42,1,42101,"101_107",4210160000,42101016702,430,"16:00",16,NA,NA,NA,"0:00","","","","18:00",14,5,NA,NA,NA,NA,NA,NA,NA,NA,NA,NA,NA,NA,NA,NA,NA,NA,NA,NA,NA,NA,NA,NA,NA,NA,NA,NA,NA,NA,NA,NA,1,1,42,1,42101,"101_112",4210160000,42101003200,841,1.17,60,33.254479,5.319413,148.6351475,18,0,1080,5,"12/7/2012","",0,-75.1578194556998,39.9904255905816,-75.1870662747411,39.9335197790401,"POINT (-75.157819 39.990426)","POINT (-75.187066 39.933520)"
36441,475479,4,47547904,668.6753665,111.3715366,2,NA,4.75479e+11,2,4.75479e+13,4754790402,NA,NA,2,1,NA,1,1,42,1,42101,"101_112",4210160000,42101003200,841,"15:30",1,NA,NA,NA,"0:00","","","","15:30",14,5,NA,NA,NA,NA,NA,NA,NA,NA,NA,NA,NA,NA,NA,NA,NA,NA,NA,NA,NA,NA,NA,NA,NA,NA,NA,NA,NA,NA,NA,NA,4,1,42,1,42101,"101_107",4210160000,42101016702,430,1.17,30,41.34798,5.595593,130.3046978,15,30,930,5,"12/7/2012","",0,-75.1870662747411,39.9335197790401,-75.1578194556998,39.9904255905816,"POINT (-75.187066 39.933520)","POINT (-75.157819 39.990426)"
36442,475479,4,47547904,668.6753665,111.3715366,2,NA,4.75479e+11,3,4.75479e+13,4754790403,NA,NA,2,NA,NA,4,1,42,1,42101,"101_107",4210160000,42101016702,430,"16:00",20,NA,NA,NA,"0:00","","","","19:00",21,5,NA,NA,NA,NA,NA,NA,NA,NA,NA,NA,NA,NA,NA,NA,NA,NA,NA,NA,NA,NA,NA,NA,NA,NA,NA,NA,NA,NA,NA,NA,1,1,42,1,42101,"101_112",4210160000,42101003200,841,1.17,0,31.287787,5.418013,130.3046978,19,0,1140,5,"12/7/2012","",0,-75.1578194556998,39.9904255905816,-75.1870662747411,39.9335197790401,"POINT (-75.157819 39.990426)","POINT (-75.187066 39.933520)"
36445,475479,5,47547905,668.6753665,127.0385876,2,NA,4.75479e+11,2,4.75479e+13,4754790502,NA,NA,2,1,NA,1,1,42,1,42101,"101_112",4210160000,42101003200,841,"9998",1,NA,NA,NA,"0:00","","","","15:30",14,5,NA,NA,NA,NA,NA,NA,NA,NA,NA,NA,NA,NA,NA,NA,NA,NA,NA,NA,NA,NA,NA,NA,NA,NA,NA,NA,NA,NA,NA,NA,4,1,42,1,42101,"101_107",4210160000,42101016702,430,1.17,30,41.34798,5.595593,148.6351475,15,30,930,5,"12/7/2012","",0,-75.1870662747411,39.9335197790401,-75.1578194556998,39.9904255905816,"POINT (-75.187066 39.933520)","POINT (-75.157819 39.990426)"
36446,475479,5,47547905,668.6753665,127.0385876,2,NA,4.75479e+11,3,4.75479e+13,4754790503,NA,NA,2,NA,NA,4,1,42,1,42101,"101_107",4210160000,42101016702,430,"16:00",20,NA,NA,NA,"0:00","","","","18:00",21,5,NA,NA,NA,NA,NA,NA,NA,NA,NA,NA,NA,NA,NA,NA,NA,NA,NA,NA,NA,NA,NA,NA,NA,NA,NA,NA,NA,NA,NA,NA,1,1,42,1,42101,"101_112",4210160000,42101003200,841,1.17,60,33.254479,5.319413,148.6351475,18,0,1080,5,"12/7/2012","",0,-75.1578194556998,39.9904255905816,-75.1870662747411,39.9335197790401,"POINT (-75.157819 39.990426)","POINT (-75.187066 39.933520)"
36670,476525,1,47652501,568.8087432,130.1556774,1,NA,4.76525e+11,1,4.76525e+13,4765250101,NA,NA,2,1,2,1,1,42,1,42101,"101_107",4210160000,42101016902,435,"",1,NA,NA,NA,"11:30","","","","14:30",14,5,NA,NA,NA,NA,NA,NA,NA,NA,NA,NA,NA,NA,NA,NA,NA,NA,NA,NA,NA,NA,NA,NA,NA,NA,NA,NA,NA,NA,NA,NA,4,1,42,1,42101,"101_108",4210160000,42101021800,3219,1.17,30,40.991705,5.120601,152.2821425,14,30,870,5,"12/21/2012","",0,-75.1833128313549,39.9960562366823,-75.2324370649115,40.0574839750067,"POINT (-75.183313 39.996056)","POINT (-75.232437 40.057484)"
36671,476525,1,47652501,568.8087432,130.1556774,1,NA,4.76525e+11,2,4.76525e+13,4765250102,NA,NA,2,NA,NA,4,1,42,1,42101,"101_108",4210160000,42101021800,3219,"15:00",16,NA,NA,NA,"1:00","","","","16:00",14,5,NA,NA,NA,NA,NA,NA,NA,NA,NA,NA,NA,NA,NA,NA,NA,NA,NA,NA,NA,NA,NA,NA,NA,NA,NA,NA,NA,NA,NA,NA,1,1,42,1,42101,"101_107",4210160000,42101016902,435,1.17,30,34.488234,3.849488,152.2821425,16,0,960,5,"12/21/2012","",0,-75.2324370649115,40.0574839750067,-75.1833128313549,39.9960562366823,"POINT (-75.232437 40.057484)","POINT (-75.183313 39.996056)"
36674,476525,3,47652503,568.8087432,173.7659854,1,NA,4.76525e+11,1,4.76525e+13,4765250301,NA,NA,2,1,2,1,1,42,1,42101,"101_107",4210160000,42101016902,435,"",1,NA,NA,NA,"4:30","","","","7:30",14,5,NA,NA,NA,NA,NA,NA,NA,NA,NA,NA,NA,NA,NA,NA,NA,NA,NA,NA,NA,NA,NA,NA,NA,NA,NA,NA,NA,NA,NA,NA,3,1,42,1,42101,"101_107",4210160000,42101015101,424,1.17,15,9.09982,0.282015,203.3062029,7,30,450,5,"12/21/2012","",0,-75.1833128313549,39.9960562366823,-75.1857519422656,39.9869713053535,"POINT (-75.183313 39.996056)","POINT (-75.185752 39.986971)"
36675,476525,3,47652503,568.8087432,173.7659854,1,NA,4.76525e+11,2,4.76525e+13,4765250302,NA,NA,2,NA,NA,3,1,42,1,42101,"101_107",4210160000,42101015101,424,"7:45",3,NA,NA,NA,"7:20","","","","15:05",14,5,NA,NA,NA,NA,NA,NA,NA,NA,NA,NA,NA,NA,NA,NA,NA,NA,NA,NA,NA,NA,NA,NA,NA,NA,NA,NA,NA,NA,NA,NA,1,1,42,1,42101,"101_107",4210160000,42101016902,435,1.17,55,9.82617,0.30019,203.3062029,15,5,905,5,"12/21/2012","",0,-75.1857519422656,39.9869713053535,-75.1833128313549,39.9960562366823,"POINT (-75.185752 39.986971)","POINT (-75.183313 39.996056)"
36797,476770,2,47677002,274.9930085,932.2168444,1,NA,4.7677e+11,1,4.7677e+13,4767700201,NA,NA,2,1,2,1,1,42,1,42101,"101_114",4210160000,42101031101,1623,"",1,NA,NA,NA,"0:00","","","","13:00",14,5,NA,NA,NA,NA,NA,NA,NA,NA,NA,NA,NA,NA,NA,NA,NA,NA,NA,NA,NA,NA,NA,NA,NA,NA,NA,NA,NA,NA,NA,NA,4,1,42,1,42101,"101_101",4210160000,42101028902,1445,1.17,60,27.638801,3.072187,1090.693708,13,0,780,2,"12/4/2012","",0,-75.0785466096524,40.0422576693535,-75.1150975874125,40.0236637387111,"POINT (-75.078547 40.042258)","POINT (-75.115098 40.023664)"
36798,476770,2,47677002,274.9930085,932.2168444,1,NA,4.7677e+11,2,4.7677e+13,4767700202,NA,NA,2,NA,NA,4,1,42,1,42101,"101_101",4210160000,42101028902,1445,"14:00",14,15,NA,NA,"0:00","","","","0:00",14,5,NA,NA,NA,NA,NA,NA,NA,NA,NA,NA,NA,NA,NA,NA,NA,NA,NA,NA,NA,NA,NA,NA,NA,NA,NA,NA,NA,NA,NA,NA,1,1,42,1,42101,"101_114",4210160000,42101031101,1623,1.17,60,24.59928,3.132317,1090.693708,0,0,0,2,"12/4/2012","",0,-75.1150975874125,40.0236637387111,-75.0785466096524,40.0422576693535,"POINT (-75.115098 40.023664)","POINT (-75.078547 40.042258)"
36801,476882,1,47688201,407.9634602,460.0619955,1,NA,4.76882e+11,2,4.76882e+13,4768820102,NA,NA,1,NA,NA,4,1,42,1,42101,"101_101",4210160000,42101019000,1423,"8:10",19,NA,NA,NA,"0:35","","","","8:46",14,5,NA,NA,NA,NA,NA,NA,NA,NA,NA,NA,NA,NA,NA,NA,NA,NA,NA,NA,NA,NA,NA,NA,NA,NA,NA,NA,NA,NA,NA,NA,2,1,42,1,42101,"101_103",4210160000,42101000402,81,1.17,4,29.042198,6.565149,538.2725347,8,46,526,3,"12/5/2012","",0,-75.099782195019,40.006355591222,-75.1692942790448,39.9527602328087,"POINT (-75.099782 40.006356)","POINT (-75.169294 39.952760)"
37001,477805,2,47780502,45.33237201,95.72322758,2,NA,4.77805e+11,3,4.77805e+13,4778050203,NA,NA,2,2,NA,1,1,42,1,42101,"101_103",4210160000,42101001002,12,"11:55",1,NA,NA,NA,"1:20","","","","13:15",14,5,NA,NA,NA,NA,NA,NA,NA,NA,NA,NA,NA,NA,NA,NA,NA,NA,NA,NA,NA,NA,NA,NA,NA,NA,NA,NA,NA,NA,NA,NA,4,1,42,1,42101,"101_103",4210160000,42101000500,73,1.15,25,16.093688,1.100513,110.0817117,13,15,795,3,"12/19/2012","",0,-75.1476427366842,39.9441226984079,-75.1625826795934,39.9513495936779,"POINT (-75.147643 39.944123)","POINT (-75.162583 39.951350)"
37003,477805,2,47780502,45.33237201,95.72322758,2,NA,4.77805e+11,5,4.77805e+13,4778050205,NA,NA,2,NA,NA,4,1,42,1,42101,"101_103",4210160000,42101000700,61,"15:40",9,NA,NA,NA,"0:00","","","","16:05",14,5,NA,NA,NA,NA,NA,NA,NA,NA,NA,NA,NA,NA,NA,NA,NA,NA,NA,NA,NA,NA,NA,NA,NA,NA,NA,NA,NA,NA,NA,NA,1,1,42,1,42101,"101_103",4210160000,42101001002,12,1.15,30,19.725168,1.565995,110.0817117,16,5,965,3,"12/19/2012","",0,-75.1705068930163,39.9509065904554,-75.1476427366842,39.9441226984079,"POINT (-75.170507 39.950907)","POINT (-75.147643 39.944123)"
37107,478365,1,47836501,149.8733877,89.40053254,1,NA,4.78365e+11,1,4.78365e+13,4783650101,NA,NA,1,2,2,1,1,42,1,42101,"101_110",4210160000,42101008601,1027,"",1,NA,NA,NA,"4:00","","","","9:00",14,5,NA,NA,NA,NA,NA,NA,NA,NA,NA,NA,NA,NA,NA,NA,NA,NA,NA,NA,NA,NA,NA,NA,NA,NA,NA,NA,NA,NA,NA,NA,2,1,42,1,42101,"101_110",4210160000,42101036900,1025,1.12,30,17.042953,1.832463,100.1285964,9,0,540,4,"12/20/2012","",0,-75.2165947836222,39.9537421538695,-75.1937934209145,39.951852697735,"POINT (-75.216595 39.953742)","POINT (-75.193793 39.951853)"
37108,478365,1,47836501,149.8733877,89.40053254,1,NA,4.78365e+11,2,4.78365e+13,4783650102,NA,NA,1,NA,NA,2,1,42,1,42101,"101_110",4210160000,42101036900,1025,"9:30",5,NA,NA,NA,"8:30","","","","18:00",14,5,NA,NA,NA,NA,NA,NA,NA,NA,NA,NA,NA,NA,NA,NA,NA,NA,NA,NA,NA,NA,NA,NA,NA,NA,NA,NA,NA,NA,NA,NA,4,1,42,1,42101,"101_103",4210160000,42101000401,103,1.12,0,12.188574,1.232337,100.1285964,18,0,1080,4,"12/20/2012","",0,-75.1937934209145,39.951852697735,-75.177201361549,39.9550054347417,"POINT (-75.193793 39.951853)","POINT (-75.177201 39.955005)"
37109,478365,1,47836501,149.8733877,89.40053254,1,NA,4.78365e+11,3,4.78365e+13,4783650103,NA,NA,1,NA,NA,4,1,42,1,42101,"101_103",4210160000,42101000401,103,"18:00",8,NA,NA,NA,"0:30","","","","18:30",14,5,NA,NA,NA,NA,NA,NA,NA,NA,NA,NA,NA,NA,NA,NA,NA,NA,NA,NA,NA,NA,NA,NA,NA,NA,NA,NA,NA,NA,NA,NA,1,1,42,1,42101,"101_110",4210160000,42101008601,1027,1.12,30,23.181981,2.469787,100.1285964,18,30,1110,4,"12/20/2012","",0,-75.177201361549,39.9550054347417,-75.2165947836222,39.9537421538695,"POINT (-75.177201 39.955005)","POINT (-75.216595 39.953742)"
37243,479147,1,47914701,51.89662555,89.63109736,1,NA,4.79147e+11,1,4.79147e+13,4791470101,NA,NA,1,1,2,1,1,42,1,42101,"101_103",4210160000,42101001002,10,"",1,12,15,7,"0:00","","","","8:15",14,5,NA,NA,NA,NA,NA,NA,NA,NA,NA,NA,NA,NA,NA,NA,NA,NA,NA,NA,NA,NA,NA,NA,NA,NA,NA,NA,NA,NA,NA,NA,2,1,42,1,42101,"101_103",4210160000,42101000500,71,1.15,30,15.744803,1.239246,103.075762,8,15,495,1,"1/14/2013","",0,-75.1445453348899,39.9427167473736,-75.1584725274299,39.950967187359,"POINT (-75.144545 39.942717)","POINT (-75.158473 39.950967)"
37587,480536,1,48053601,97.53164027,83.65044281,1,NA,4.80536e+11,1,4.80536e+13,4805360101,NA,NA,1,1,2,1,1,42,1,42091,"091_409",4209179056,42091201006,11642,"",1,NA,NA,NA,"4:00","","","","7:00",14,5,NA,NA,NA,NA,NA,NA,NA,NA,NA,NA,NA,NA,NA,NA,NA,NA,NA,NA,NA,NA,NA,NA,NA,NA,NA,NA,NA,NA,NA,NA,2,1,42,1,42101,"101_103",4210160000,42101000500,88,1.13,58,73.095357,25.968512,94.52500038,7,0,420,1,"11/26/2012","",0,-75.2926189071885,40.2045297698944,-75.1541388337345,39.9522458625874,"POINT (-75.292619 40.204530)","POINT (-75.154139 39.952246)"
37588,480536,1,48053601,97.53164027,83.65044281,1,NA,4.80536e+11,2,4.80536e+13,4805360102,NA,NA,1,NA,NA,2,1,42,1,42101,"101_103",4210160000,42101000500,88,"7:58",5,NA,NA,NA,"9:00","","","","17:00",14,5,NA,NA,NA,NA,NA,NA,NA,NA,NA,NA,NA,NA,NA,NA,NA,NA,NA,NA,NA,NA,NA,NA,NA,NA,NA,NA,NA,NA,NA,NA,1,1,42,1,42091,"091_409",4209179056,42091201006,11642,1.13,60,72.056381,25.219491,94.52500038,17,0,1020,1,"11/26/2012","",0,-75.1541388337345,39.9522458625874,-75.2926189071885,40.2045297698944,"POINT (-75.154139 39.952246)","POINT (-75.292619 40.204530)"
37767,481620,1,48162001,124.81705,168.1362871,1,NA,4.8162e+11,5,4.8162e+13,4816200105,NA,NA,1,NA,NA,4,1,42,1,42101,"101_103",4210160000,42101000500,71,"8:53",19,NA,NA,NA,"0:05","","","","8:58",21,5,NA,NA,NA,NA,NA,NA,NA,NA,NA,NA,NA,NA,NA,NA,NA,NA,NA,NA,NA,NA,NA,NA,NA,NA,NA,NA,NA,NA,NA,NA,4,1,42,1,42101,"101_103",4210160000,42101000100,68,1.15,0,6.347995,0.559087,193.3567302,8,58,538,1,"11/26/2012","",0,-75.1584725274299,39.950967187359,-75.150623776162,39.9499928305521,"POINT (-75.158473 39.950967)","POINT (-75.150624 39.949993)"
37768,481620,1,48162001,124.81705,168.1362871,1,NA,4.8162e+11,6,4.8162e+13,4816200106,NA,NA,1,NA,NA,4,1,42,1,42101,"101_103",4210160000,42101000100,68,"8:58",5,NA,NA,NA,"7:15","","","","16:15",14,5,NA,NA,NA,NA,NA,NA,NA,NA,NA,NA,NA,NA,NA,NA,NA,NA,NA,NA,NA,NA,NA,NA,NA,NA,NA,NA,NA,NA,NA,NA,4,1,42,1,42101,"101_103",4210160000,42101000500,90,1.15,15,9.069824,0.686541,193.3567302,16,15,975,1,"11/26/2012","",0,-75.150623776162,39.9499928305521,-75.1588750233838,39.9528401835985,"POINT (-75.150624 39.949993)","POINT (-75.158875 39.952840)"
37782,481646,1,48164601,157.1925661,115.1194365,1,NA,4.81646e+11,1,4.81646e+13,4816460101,NA,NA,1,1,2,1,1,42,1,42101,"101_115",4210160000,42101027800,2620,"",1,8,NA,NA,"2:00","2:00","","","7:15",14,5,NA,NA,NA,NA,NA,NA,NA,NA,NA,NA,NA,NA,NA,NA,NA,NA,NA,NA,NA,NA,NA,NA,NA,NA,NA,NA,NA,NA,NA,NA,2,1,42,1,42101,"101_117",4210160000,42101038800,2430,1.17,0,41.5992,5.127591,134.6897407,7,15,435,5,"12/7/2012","",0,-75.1471644147674,40.0425358392666,-75.1983373842282,40.059754922547,"POINT (-75.147164 40.042536)","POINT (-75.198337 40.059755)"
37783,481646,1,48164601,157.1925661,115.1194365,1,NA,4.81646e+11,2,4.81646e+13,4816460102,NA,NA,1,NA,NA,2,1,42,1,42101,"101_117",4210160000,42101038800,2430,"7:15",3,5,NA,NA,"1:00","8:00","","","17:30",21,5,NA,NA,NA,NA,NA,NA,NA,NA,NA,NA,NA,NA,NA,NA,NA,NA,NA,NA,NA,NA,NA,NA,NA,NA,NA,NA,NA,NA,NA,NA,1,1,42,1,42101,"101_115",4210160000,42101027800,2620,1.17,60,39.311902,4.61857,134.6897407,17,30,1050,5,"12/7/2012","",0,-75.1983373842282,40.059754922547,-75.1471644147674,40.0425358392666,"POINT (-75.198337 40.059755)","POINT (-75.147164 40.042536)"
37973,482480,2,48248002,366.682136,265.2651025,1,NA,4.8248e+11,1,4.8248e+13,4824800201,NA,NA,3,1,2,1,1,42,1,42101,"101_103",4210160000,42101013402,138,"",1,NA,NA,NA,"11:00","","","","14:08",21,5,NA,NA,NA,NA,NA,NA,NA,NA,NA,NA,NA,NA,NA,NA,NA,NA,NA,NA,NA,NA,NA,NA,NA,NA,NA,NA,NA,NA,NA,NA,2,1,42,1,42091,"091_402",4209179136,42091205801,10215,1.17,112,64.13364,20.770773,310.3601699,14,8,848,1,"12/17/2012","",0,-75.1690343341821,39.9653703786754,-75.3853835679745,40.0888177484524,"POINT (-75.169034 39.965370)","POINT (-75.385384 40.088818)"
38045,482941,1,48294101,345.5485017,211.2666896,2,NA,4.82941e+11,3,4.82941e+13,4829410103,NA,NA,2,1,NA,1,1,42,1,42101,"101_110",4210160000,42101007900,1021,"18:52",1,NA,NA,NA,"1:00","","","","20:00",23,5,NA,NA,NA,NA,NA,NA,NA,NA,NA,NA,NA,NA,NA,NA,NA,NA,NA,NA,NA,NA,NA,NA,NA,NA,NA,NA,NA,NA,NA,NA,4,1,42,1,42101,"101_103",4210160000,42101000804,42,1.17,40,27.071579,3.854449,247.1820269,20,0,1200,4,"5/23/2013","",0,-75.2182588102061,39.950471058218,-75.1655206281913,39.9477143701067,"POINT (-75.218259 39.950471)","POINT (-75.165521 39.947714)"
38046,482941,1,48294101,345.5485017,211.2666896,2,NA,4.82941e+11,4,4.82941e+13,4829410104,NA,NA,2,NA,NA,4,1,42,1,42101,"101_103",4210160000,42101000804,42,"20:40",12,NA,NA,NA,"3:20","","","","0:00",23,5,NA,NA,NA,NA,NA,NA,NA,NA,NA,NA,NA,NA,NA,NA,NA,NA,NA,NA,NA,NA,NA,NA,NA,NA,NA,NA,NA,NA,NA,NA,1,1,42,1,42101,"101_110",4210160000,42101007900,1021,1.17,40,28.888362,3.758807,247.1820269,0,0,0,4,"5/23/2013","",0,-75.1655206281913,39.9477143701067,-75.2182588102061,39.950471058218,"POINT (-75.165521 39.947714)","POINT (-75.218259 39.950471)"
38097,482977,1,48297701,375.5001268,1822.746722,1,NA,4.82977e+11,1,4.82977e+13,4829770101,NA,NA,2,4,2,1,1,42,1,42101,"101_117",4210160000,42101024900,2423,"",1,NA,NA,NA,"6:00","","","","10:00",14,5,NA,NA,NA,NA,NA,NA,NA,NA,NA,NA,NA,NA,NA,NA,NA,NA,NA,NA,NA,NA,NA,NA,NA,NA,NA,NA,NA,NA,NA,NA,4,1,42,1,42101,"101_106",4210160000,42101012204,2215,1.17,60,37.810241,1.610805,2132.613665,10,0,600,4,"5/2/2013","",0,-75.1601184429639,40.0511089560396,-75.2172676864572,40.0019340658936,"POINT (-75.160118 40.051109)","POINT (-75.217268 40.001934)"
38098,482977,1,48297701,375.5001268,1822.746722,1,NA,4.82977e+11,2,4.82977e+13,4829770102,NA,NA,2,NA,NA,4,1,42,1,42101,"101_106",4210160000,42101012204,2215,"11:00",96,NA,NA,NA,"3:00","","","","14:00",14,5,NA,NA,NA,NA,NA,NA,NA,NA,NA,NA,NA,NA,NA,NA,NA,NA,NA,NA,NA,NA,NA,NA,NA,NA,NA,NA,NA,NA,NA,NA,4,1,42,1,42101,"101_115",4210160000,42101027700,2628,1.17,52,50.595683,2.770215,2132.613665,14,0,840,4,"5/2/2013","",0,-75.2172676864572,40.0019340658936,-75.151228491791,40.0505524826181,"POINT (-75.217268 40.001934)","POINT (-75.151228 40.050552)"
38130,483113,1,48311301,234.9764648,96.92038715,1,NA,4.83113e+11,1,4.83113e+13,4831130101,NA,NA,1,5,2,1,1,42,1,42101,"101_103",4210160000,42101001001,13,"",1,NA,NA,NA,"5:15","","","","8:15",21,5,NA,NA,NA,NA,NA,NA,NA,NA,NA,NA,NA,NA,NA,NA,NA,NA,NA,NA,NA,NA,NA,NA,NA,NA,NA,NA,NA,NA,NA,NA,2,1,42,1,42101,"101_103",4210160000,42101000402,80,1.12,32,19.973994,1.411961,108.5508336,8,15,495,5,"5/17/2013","",0,-75.1521306030788,39.9429783145413,-75.1677276497158,39.9525760413027,"POINT (-75.152131 39.942978)","POINT (-75.167728 39.952576)"
38168,483210,2,48321002,127.1853038,83.22079169,1,1,4.8321e+11,4,4.8321e+13,4832100204,NA,NA,1,NA,NA,4,1,42,1,42101,"101_103",4210160000,42101000402,92,"12:10",19,NA,NA,NA,"1:00","","","","13:10",21,5,NA,NA,NA,NA,NA,NA,NA,NA,NA,NA,NA,NA,NA,NA,NA,NA,NA,NA,NA,NA,NA,NA,NA,NA,NA,NA,NA,NA,NA,NA,2,1,42,1,42101,"101_107",4210160000,42101015200,422,1.15,5,30.705448,3.259699,95.70391045,13,10,790,1,"12/3/2012","",0,-75.1648345113326,39.9541020155151,-75.1722093187508,39.9861472659912,"POINT (-75.164835 39.954102)","POINT (-75.172209 39.986147)"
38742,485179,1,48517901,434.9062452,200.2051087,2,NA,4.85179e+11,2,4.85179e+13,4851790102,NA,NA,2,2,NA,1,1,42,1,42101,"101_110",4210160000,42101009200,1038,"9999",15,NA,NA,NA,"0:00","","","","10:05",21,5,NA,NA,NA,NA,NA,NA,NA,NA,NA,NA,NA,NA,NA,NA,NA,NA,NA,NA,NA,NA,NA,NA,NA,NA,NA,NA,NA,NA,NA,NA,4,1,42,1,42101,"101_105",4210160000,42101980600,1814,1.17,NA,42.394584,5.820893,234.2399772,10,5,605,3,"12/12/2012","",0,-75.2074740441751,39.9601688794781,-75.1707168478523,39.9055458817612,"POINT (-75.207474 39.960169)","POINT (-75.170717 39.905546)"
38743,485179,1,48517901,434.9062452,200.2051087,2,NA,4.85179e+11,3,4.85179e+13,4851790103,NA,NA,2,NA,NA,4,1,42,1,42101,"101_105",4210160000,42101980600,1814,"9999",8,NA,NA,NA,"0:00","","","","10:45",21,5,NA,NA,NA,NA,NA,NA,NA,NA,NA,NA,NA,NA,NA,NA,NA,NA,NA,NA,NA,NA,NA,NA,NA,NA,NA,NA,NA,NA,NA,NA,4,3,42,1,42101,"101_110",4210160000,42101036900,1030,1.17,NA,35.424046,5.125188,234.2399772,10,45,645,3,"12/12/2012","",0,-75.1707168478523,39.9055458817612,-75.1941152941134,39.9546263068532,"POINT (-75.170717 39.905546)","POINT (-75.194115 39.954626)"
39159,487162,1,48716201,180.8656087,92.5533599,1,NA,4.87162e+11,1,4.87162e+13,4871620101,NA,NA,1,1,2,1,1,42,1,42045,"045_203",4204579000,42045401101,4455,"",1,NA,NA,NA,"4:00","","","","7:00",14,5,NA,NA,NA,NA,NA,NA,NA,NA,NA,NA,NA,NA,NA,NA,NA,NA,NA,NA,NA,NA,NA,NA,NA,NA,NA,NA,NA,NA,NA,NA,2,1,42,1,42101,"101_103",4210160000,42101000500,71,1.12,36,38.742718,7.529077,103.6597631,7,0,420,4,"1/17/2013","",0,-75.292284771946,39.9595531624096,-75.1584725274299,39.950967187359,"POINT (-75.292285 39.959553)","POINT (-75.158473 39.950967)"
39160,487162,1,48716201,180.8656087,92.5533599,1,NA,4.87162e+11,2,4.87162e+13,4871620102,NA,NA,1,NA,NA,2,1,42,1,42101,"101_103",4210160000,42101000500,71,"7:36",5,NA,NA,NA,"9:45","","","","17:26",14,5,NA,NA,NA,NA,NA,NA,NA,NA,NA,NA,NA,NA,NA,NA,NA,NA,NA,NA,NA,NA,NA,NA,NA,NA,NA,NA,NA,NA,NA,NA,1,1,42,1,42045,"045_203",4204579000,42045401101,4455,1.12,39,36.607722,7.575362,103.6597631,17,26,1046,4,"1/17/2013","",0,-75.1584725274299,39.950967187359,-75.292284771946,39.9595531624096,"POINT (-75.158473 39.950967)","POINT (-75.292285 39.959553)"
39205,487370,2,48737002,838.2929217,2440.97128,1,NA,4.8737e+11,3,4.8737e+13,4873700203,NA,NA,2,NA,NA,4,1,42,1,42101,"101_107",4210160000,42101014700,411,"15:09",96,NA,NA,NA,"0:00","","","","15:32",21,5,NA,NA,NA,NA,NA,NA,NA,NA,NA,NA,NA,NA,NA,NA,NA,NA,NA,NA,NA,NA,NA,NA,NA,NA,NA,NA,NA,NA,NA,NA,4,1,42,1,42101,"101_103",4210160000,42101000402,93,1.17,3,17.320189,2.122955,2855.936398,15,32,932,2,"6/4/2013","",0,-75.162026191264,39.9785569548507,-75.1659426772114,39.9531940428398,"POINT (-75.162026 39.978557)","POINT (-75.165943 39.953194)"
39206,487370,2,48737002,838.2929217,2440.97128,1,NA,4.8737e+11,4,4.8737e+13,4873700204,NA,NA,2,NA,NA,4,1,42,1,42101,"101_103",4210160000,42101000402,93,"15:35",19,NA,NA,NA,"0:00","","","","16:30",14,5,NA,NA,NA,NA,NA,NA,NA,NA,NA,NA,NA,NA,NA,NA,NA,NA,NA,NA,NA,NA,NA,NA,NA,NA,NA,NA,NA,NA,NA,NA,1,1,42,1,42101,"101_106",4210160000,42101012204,2214,1.17,450,28.258472,7.286386,2855.936398,16,30,990,2,"6/4/2013","",0,-75.1659426772114,39.9531940428398,-75.2105938294307,39.9999843465764,"POINT (-75.165943 39.953194)","POINT (-75.210594 39.999984)"
39226,487454,1,48745401,228.4384878,128.8901503,1,NA,4.87454e+11,2,4.87454e+13,4874540102,NA,NA,2,NA,NA,4,1,42,1,42101,"101_111",4210160000,42101008302,1210,"9999",8,NA,NA,NA,"0:10","","","","14:30",14,5,NA,NA,NA,NA,NA,NA,NA,NA,NA,NA,NA,NA,NA,NA,NA,NA,NA,NA,NA,NA,NA,NA,NA,NA,NA,NA,NA,NA,NA,NA,4,1,42,1,42101,"101_103",4210160000,42101000402,93,1.17,NA,20.971699,4.465621,150.8014758,14,30,870,5,"12/14/2012","",0,-75.2414396306448,39.9567061667391,-75.1659426772114,39.9531940428398,"POINT (-75.241440 39.956706)","POINT (-75.165943 39.953194)"
39227,487454,1,48745401,228.4384878,128.8901503,1,NA,4.87454e+11,3,4.87454e+13,4874540103,NA,NA,2,NA,NA,4,1,42,1,42101,"101_103",4210160000,42101000402,93,"9999",8,NA,NA,NA,"0:25","","","","15:25",14,5,NA,NA,NA,NA,NA,NA,NA,NA,NA,NA,NA,NA,NA,NA,NA,NA,NA,NA,NA,NA,NA,NA,NA,NA,NA,NA,NA,NA,NA,NA,4,1,42,1,42101,"101_103",4210160000,42101000402,93,1.17,20,3.538889,0.050952,150.8014758,15,25,925,5,"12/14/2012","",0,-75.1659426772114,39.9531940428398,-75.1659426772114,39.9531940428398,"POINT (-75.165943 39.953194)","POINT (-75.165943 39.953194)"
39228,487454,1,48745401,228.4384878,128.8901503,1,NA,4.87454e+11,4,4.87454e+13,4874540104,NA,NA,2,NA,NA,4,1,42,1,42101,"101_103",4210160000,42101000402,93,"15:45",8,NA,NA,NA,"0:45","","","","16:30",14,5,NA,NA,NA,NA,NA,NA,NA,NA,NA,NA,NA,NA,NA,NA,NA,NA,NA,NA,NA,NA,NA,NA,NA,NA,NA,NA,NA,NA,NA,NA,4,1,42,1,42101,"101_103",4210160000,42101000500,88,1.17,30,9.391865,0.796644,150.8014758,16,30,990,5,"12/14/2012","",0,-75.1659426772114,39.9531940428398,-75.1541388337345,39.9522458625874,"POINT (-75.165943 39.953194)","POINT (-75.154139 39.952246)"
39229,487454,1,48745401,228.4384878,128.8901503,1,NA,4.87454e+11,5,4.87454e+13,4874540105,NA,NA,2,NA,NA,4,1,42,1,42101,"101_103",4210160000,42101000500,88,"17:00",8,NA,NA,NA,"0:45","","","","17:45",14,5,NA,NA,NA,NA,NA,NA,NA,NA,NA,NA,NA,NA,NA,NA,NA,NA,NA,NA,NA,NA,NA,NA,NA,NA,NA,NA,NA,NA,NA,NA,4,4,42,1,42101,"101_103",4210160000,42101000500,74,1.17,NA,8.355174,0.538874,150.8014758,17,45,1065,5,"12/14/2012","",0,-75.1541388337345,39.9522458625874,-75.1638872349499,39.9525548857932,"POINT (-75.154139 39.952246)","POINT (-75.163887 39.952555)"
39232,487532,1,48753201,179.0435872,103.4234932,1,NA,4.87532e+11,1,4.87532e+13,4875320101,NA,NA,1,1,2,1,1,42,1,42101,"101_110",4210160000,42101007200,1013,"",1,NA,NA,NA,"3:45","","","","6:45",23,5,NA,NA,NA,NA,NA,NA,NA,NA,NA,NA,NA,NA,NA,NA,NA,NA,NA,NA,NA,NA,NA,NA,NA,NA,NA,NA,NA,NA,NA,NA,2,1,42,1,42101,"101_103",4210160000,42101000401,84,1.17,25,29.861776,3.746385,121.0054871,6,45,405,5,"1/25/2013","",0,-75.2341467351472,39.9457946759268,-75.1742868895805,39.952935291834,"POINT (-75.234147 39.945795)","POINT (-75.174287 39.952935)"
39233,487532,1,48753201,179.0435872,103.4234932,1,NA,4.87532e+11,2,4.87532e+13,4875320102,NA,NA,1,NA,NA,2,1,42,1,42101,"101_103",4210160000,42101000401,84,"7:10",5,NA,NA,NA,"9:50","","","","17:00",23,5,NA,NA,NA,NA,NA,NA,NA,NA,NA,NA,NA,NA,NA,NA,NA,NA,NA,NA,NA,NA,NA,NA,NA,NA,NA,NA,NA,NA,NA,NA,1,1,42,1,42101,"101_110",4210160000,42101007200,1013,1.17,30,28.795438,3.729985,121.0054871,17,0,1020,5,"1/25/2013","",0,-75.1742868895805,39.952935291834,-75.2341467351472,39.9457946759268,"POINT (-75.174287 39.952935)","POINT (-75.234147 39.945795)"
39252,487591,1,48759101,269.8869014,291.0595743,1,NA,4.87591e+11,2,4.87591e+13,4875910102,NA,NA,1,NA,NA,4,1,42,1,42101,"101_112",4210160000,42101004001,819,"9:08",19,NA,NA,NA,"0:00","","","","9:10",21,5,NA,NA,NA,NA,NA,NA,NA,NA,NA,NA,NA,NA,NA,NA,NA,NA,NA,NA,NA,NA,NA,NA,NA,NA,NA,NA,NA,NA,NA,NA,4,1,42,1,42101,"101_103",4210160000,42101000402,93,1.17,10,15.244122,2.284422,340.539702,9,10,550,1,"12/10/2012","",0,-75.1662120144978,39.9238115855567,-75.1659426772114,39.9531940428398,"POINT (-75.166212 39.923812)","POINT (-75.165943 39.953194)"
39260,487591,1,48759101,269.8869014,291.0595743,1,NA,4.87591e+11,10,4.87591e+13,4875910110,NA,NA,1,NA,NA,4,1,42,1,42101,"101_103",4210160000,42101001400,8,"19:15",19,NA,NA,NA,"0:00","","","","19:17",14,5,NA,NA,NA,NA,NA,NA,NA,NA,NA,NA,NA,NA,NA,NA,NA,NA,NA,NA,NA,NA,NA,NA,NA,NA,NA,NA,NA,NA,NA,NA,4,1,42,1,42101,"101_112",4210160000,42101003901,817,1.17,18,13.891549,1.61006,340.539702,19,17,1157,1,"12/10/2012","",0,-75.1715947626354,39.9429517013451,-75.1738700412219,39.9219806989111,"POINT (-75.171595 39.942952)","POINT (-75.173870 39.921981)"
39289,487726,2,48772602,196.1786935,205.9213675,1,NA,4.87726e+11,1,4.87726e+13,4877260201,NA,NA,1,1,2,1,1,42,1,42101,"101_116",4210160000,42101036202,3613,"",1,NA,NA,NA,"4:45","","","","7:45",21,5,NA,NA,NA,NA,NA,NA,NA,NA,NA,NA,NA,NA,NA,NA,NA,NA,NA,NA,NA,NA,NA,NA,NA,NA,NA,NA,NA,NA,NA,NA,2,1,42,1,42101,"101_103",4210160000,42101001001,36,1.12,75,66.198249,15.607234,230.6319316,7,45,465,5,"12/14/2012","",0,-74.9803458967999,40.078999865641,-75.1505658415867,39.9464361327538,"POINT (-74.980346 40.079000)","POINT (-75.150566 39.946436)"
40182,491691,1,49169101,167.9038133,307.0413278,1,NA,4.91691e+11,1,4.91691e+13,4916910101,NA,NA,1,2,2,1,1,42,1,42101,"101_117",4210160000,42101025300,2425,"",1,NA,NA,NA,"0:00","","","","6:55",14,5,NA,NA,NA,NA,NA,NA,NA,NA,NA,NA,NA,NA,NA,NA,NA,NA,NA,NA,NA,NA,NA,NA,NA,NA,NA,NA,NA,NA,NA,NA,2,1,42,1,42091,"091_410",4209135808,42091200507,11808,1.17,55,71.443523,13.863843,359.2383535,6,55,415,4,"12/13/2012","",0,-75.1822218287983,40.0542278772892,-75.133102374419,40.1732993084819,"POINT (-75.182222 40.054228)","POINT (-75.133102 40.173299)"
40183,491691,1,49169101,167.9038133,307.0413278,1,NA,4.91691e+11,2,4.91691e+13,4916910102,NA,NA,1,NA,NA,2,1,42,1,42091,"091_410",4209135808,42091200507,11808,"7:50",5,NA,NA,NA,"0:00","","","","17:00",14,5,NA,NA,NA,NA,NA,NA,NA,NA,NA,NA,NA,NA,NA,NA,NA,NA,NA,NA,NA,NA,NA,NA,NA,NA,NA,NA,NA,NA,NA,NA,4,1,42,1,42091,"091_412",4209112968,42091202500,12238,1.17,62,42.298743,8.876657,359.2383535,17,0,1020,4,"12/13/2012","",0,-75.133102374419,40.1732993084819,-75.1571977835929,40.0823045185899,"POINT (-75.133102 40.173299)","POINT (-75.157198 40.082305)"
40184,491691,1,49169101,167.9038133,307.0413278,1,NA,4.91691e+11,3,4.91691e+13,4916910103,NA,NA,1,NA,NA,4,1,42,1,42091,"091_412",4209112968,42091202500,12238,"18:02",14,NA,NA,NA,"0:00","","","","19:39",14,5,NA,NA,NA,NA,NA,NA,NA,NA,NA,NA,NA,NA,NA,NA,NA,NA,NA,NA,NA,NA,NA,NA,NA,NA,NA,NA,NA,NA,NA,NA,1,1,42,1,42101,"101_117",4210160000,42101025300,2425,1.17,23,25.517841,3.18762,359.2383535,19,39,1179,4,"12/13/2012","",0,-75.1571977835929,40.0823045185899,-75.1822218287983,40.0542278772892,"POINT (-75.157198 40.082305)","POINT (-75.182222 40.054228)"
40447,492552,4,49255204,189.0281746,441.0291118,1,NA,4.92552e+11,2,4.92552e+13,4925520402,NA,NA,2,NA,NA,3,1,42,1,42101,"101_103",4210160000,42101012500,135,"7:30",3,4,NA,NA,"0:00","","","","15:20",14,5,NA,NA,NA,NA,NA,NA,NA,NA,NA,NA,NA,NA,NA,NA,NA,NA,NA,NA,NA,NA,NA,NA,NA,NA,NA,NA,NA,NA,NA,NA,4,1,42,1,42101,"101_103",4210160000,42101000402,92,1.15,6,13.28545,0.974511,507.1834785,15,20,920,4,"12/13/2012","",0,-75.1665214095376,39.9615526212186,-75.1648345113326,39.9541020155151,"POINT (-75.166521 39.961553)","POINT (-75.164835 39.954102)"
40466,492893,1,49289301,228.4384878,103.7440207,1,NA,4.92893e+11,1,4.92893e+13,4928930101,NA,NA,2,8,2,1,1,42,1,42101,"101_103",4210160000,42101012500,136,"",1,NA,NA,NA,"7:00","","","","10:30",14,5,NA,NA,NA,NA,NA,NA,NA,NA,NA,NA,NA,NA,NA,NA,NA,NA,NA,NA,NA,NA,NA,NA,NA,NA,NA,NA,NA,NA,NA,NA,4,1,42,1,42101,"101_103",4210160000,42101000500,70,1.17,30,19.073708,1.716932,121.3805042,10,30,630,5,"12/14/2012","",0,-75.1755490875517,39.9619810599662,-75.1561127285024,39.9506763018863,"POINT (-75.175549 39.961981)","POINT (-75.156113 39.950676)"
40468,492893,1,49289301,228.4384878,103.7440207,1,NA,4.92893e+11,3,4.92893e+13,4928930103,NA,NA,2,NA,NA,4,1,42,1,42101,"101_103",4210160000,42101000600,56,"12:45",11,NA,NA,NA,"0:45","","","","13:30",14,5,NA,NA,NA,NA,NA,NA,NA,NA,NA,NA,NA,NA,NA,NA,NA,NA,NA,NA,NA,NA,NA,NA,NA,NA,NA,NA,NA,NA,NA,NA,4,1,42,1,42101,"101_103",4210160000,42101000700,60,1.17,30,10.447635,0.67174,121.3805042,13,30,810,5,"12/14/2012","",0,-75.1580149724927,39.9493530835764,-75.1673585815214,39.9505151310837,"POINT (-75.158015 39.949353)","POINT (-75.167359 39.950515)"
40469,492893,1,49289301,228.4384878,103.7440207,1,NA,4.92893e+11,4,4.92893e+13,4928930104,NA,NA,2,NA,NA,4,1,42,1,42101,"101_103",4210160000,42101000700,60,"14:00",8,NA,NA,NA,"0:45","","","","14:45",14,5,NA,NA,NA,NA,NA,NA,NA,NA,NA,NA,NA,NA,NA,NA,NA,NA,NA,NA,NA,NA,NA,NA,NA,NA,NA,NA,NA,NA,NA,NA,4,1,42,1,42101,"101_103",4210160000,42101000500,73,1.17,15,6.933333,0.221208,121.3805042,14,45,885,5,"12/14/2012","",0,-75.1673585815214,39.9505151310837,-75.1625826795934,39.9513495936779,"POINT (-75.167359 39.950515)","POINT (-75.162583 39.951350)"
40470,492893,1,49289301,228.4384878,103.7440207,1,NA,4.92893e+11,5,4.92893e+13,4928930105,NA,NA,2,NA,NA,4,1,42,1,42101,"101_103",4210160000,42101000500,73,"15:00",9,NA,NA,NA,"1:30","","","","16:30",14,5,NA,NA,NA,NA,NA,NA,NA,NA,NA,NA,NA,NA,NA,NA,NA,NA,NA,NA,NA,NA,NA,NA,NA,NA,NA,NA,NA,NA,NA,NA,4,1,42,1,42101,"101_103",4210160000,42101000402,79,1.17,30,8.390712,0.68151,121.3805042,16,30,990,5,"12/14/2012","",0,-75.1625826795934,39.9513495936779,-75.1710325749335,39.9522008993665,"POINT (-75.162583 39.951350)","POINT (-75.171033 39.952201)"
40473,492893,1,49289301,228.4384878,103.7440207,1,NA,4.92893e+11,8,4.92893e+13,4928930108,NA,NA,2,NA,NA,4,1,42,1,42101,"101_103",4210160000,42101000402,99,"19:15",14,NA,NA,NA,"0:10","","","","19:25",14,5,NA,NA,NA,NA,NA,NA,NA,NA,NA,NA,NA,NA,NA,NA,NA,NA,NA,NA,NA,NA,NA,NA,NA,NA,NA,NA,NA,NA,NA,NA,4,1,42,1,42101,"101_103",4210160000,42101012500,133,1.17,5,7.232648,0.19438,121.3805042,19,25,1165,5,"12/14/2012","",0,-75.1688920883156,39.9546117755859,-75.1673759243643,39.9592890487195,"POINT (-75.168892 39.954612)","POINT (-75.167376 39.959289)"
40490,492916,1,49291601,264.8909442,114.9420887,1,NA,4.92916e+11,1,4.92916e+13,4929160101,NA,NA,2,1,2,1,1,42,1,42101,"101_103",4210160000,42101001400,8,"",1,NA,NA,NA,"0:00","","","","9:15",14,5,NA,NA,NA,NA,NA,NA,NA,NA,NA,NA,NA,NA,NA,NA,NA,NA,NA,NA,NA,NA,NA,NA,NA,NA,NA,NA,NA,NA,NA,NA,4,1,42,1,42101,"101_103",4210160000,42101013300,137,1.17,30,18.742538,1.949783,134.4822437,9,15,555,3,"12/12/2012","",0,-75.1715947626354,39.9429517013451,-75.1629472849343,39.9666206906345,"POINT (-75.171595 39.942952)","POINT (-75.162947 39.966621)"
40603,493456,2,49345602,669.0737258,461.0502758,1,NA,4.93456e+11,1,4.93456e+13,4934560201,NA,NA,2,1,2,1,1,42,1,42101,"101_111",4210160000,42101009400,1215,"",1,NA,NA,NA,"1:00","","","","7:00",14,5,NA,NA,NA,NA,NA,NA,NA,NA,NA,NA,NA,NA,NA,NA,NA,NA,NA,NA,NA,NA,NA,NA,NA,NA,NA,NA,NA,NA,NA,NA,3,6,42,1,42101,"101_112",4210160000,42101004101,820,1.17,60,33.968619,6.305246,539.4288227,7,0,420,3,"1/16/2013","",0,-75.2322455285086,39.963278945388,-75.1587064523297,39.9242097756251,"POINT (-75.232246 39.963279)","POINT (-75.158706 39.924210)"
40604,493456,2,49345602,669.0737258,461.0502758,1,NA,4.93456e+11,2,4.93456e+13,4934560202,NA,NA,2,NA,NA,3,6,42,1,42101,"101_112",4210160000,42101004101,820,"8:00",3,4,NA,NA,"7:00","3:00","","","18:00",14,5,NA,NA,NA,NA,NA,NA,NA,NA,NA,NA,NA,NA,NA,NA,NA,NA,NA,NA,NA,NA,NA,NA,NA,NA,NA,NA,NA,NA,NA,NA,1,1,42,1,42101,"101_111",4210160000,42101009400,1215,1.17,60,35.126402,6.341724,539.4288227,18,0,1080,3,"1/16/2013","",0,-75.1587064523297,39.9242097756251,-75.2322455285086,39.963278945388,"POINT (-75.158706 39.924210)","POINT (-75.232246 39.963279)"
40734,494077,2,49407702,146.1405414,99.57763888,1,NA,4.94077e+11,6,4.94077e+13,4940770206,NA,NA,1,NA,NA,4,1,42,1,42101,"101_103",4210160000,42101013401,139,"17:30",96,NA,NA,NA,"0:00","","","","17:40",14,5,NA,NA,NA,NA,NA,NA,NA,NA,NA,NA,NA,NA,NA,NA,NA,NA,NA,NA,NA,NA,NA,NA,NA,NA,NA,NA,NA,NA,NA,NA,4,1,42,1,42101,"101_103",4210160000,42101000402,92,1.17,15,16.736524,1.235989,116.5058375,17,40,1060,2,"2/5/2013","",0,-75.1752524766747,39.9659654913561,-75.1648345113326,39.9541020155151,"POINT (-75.175252 39.965965)","POINT (-75.164835 39.954102)"
40805,494709,1,49470901,447.8675222,125.4380702,1,NA,4.94709e+11,1,4.94709e+13,4947090101,NA,NA,1,1,2,1,1,42,1,42045,"045_206",4204533144,42045408300,5020,"",1,2,NA,NA,"0:00","","","","6:00",14,5,NA,NA,NA,NA,NA,NA,NA,NA,NA,NA,NA,NA,NA,NA,NA,NA,NA,NA,NA,NA,NA,NA,NA,NA,NA,NA,NA,NA,NA,NA,2,1,42,1,42101,"101_103",4210160000,42101037600,131,1.12,60,55.404768,11.152016,140.4906387,6,0,360,1,"12/10/2012","",0,-75.3195257705183,40.0049815590517,-75.1583275844786,39.9602029183105,"POINT (-75.319526 40.004982)","POINT (-75.158328 39.960203)"
40806,494709,1,49470901,447.8675222,125.4380702,1,NA,4.94709e+11,2,4.94709e+13,4947090102,NA,NA,1,NA,NA,2,1,42,1,42101,"101_103",4210160000,42101037600,131,"7:00",5,NA,NA,NA,"0:00","","","","16:00",14,5,NA,NA,NA,NA,NA,NA,NA,NA,NA,NA,NA,NA,NA,NA,NA,NA,NA,NA,NA,NA,NA,NA,NA,NA,NA,NA,NA,NA,NA,NA,1,1,42,1,42045,"045_206",4204533144,42045408300,5020,1.12,60,51.708666,11.006173,140.4906387,16,0,960,1,"12/10/2012","",0,-75.1583275844786,39.9602029183105,-75.3195257705183,40.0049815590517,"POINT (-75.158328 39.960203)","POINT (-75.319526 40.004982)"
40835,494825,1,49482501,264.8909442,110.28374,1,NA,4.94825e+11,1,4.94825e+13,4948250101,NA,NA,2,2,2,1,1,42,1,42101,"101_118",4210160000,42101033500,2807,"",1,13,14,15,"0:00","","","","12:00",14,5,NA,NA,NA,NA,NA,NA,NA,NA,NA,NA,NA,NA,NA,NA,NA,NA,NA,NA,NA,NA,NA,NA,NA,NA,NA,NA,NA,NA,NA,NA,4,1,42,1,42101,"101_118",4210160000,42101033300,2809,1.17,60,19.230657,1.502587,129.0319758,12,0,720,3,"12/12/2012","",0,-75.0648694032685,40.0546094774541,-75.0440576064122,40.055019358023,"POINT (-75.064869 40.054609)","POINT (-75.044058 40.055019)"
40836,494825,1,49482501,264.8909442,110.28374,1,NA,4.94825e+11,2,4.94825e+13,4948250102,NA,NA,2,NA,NA,4,1,42,1,42101,"101_118",4210160000,42101033300,2809,"13:00",16,NA,NA,NA,"0:00","","","","14:45",14,5,NA,NA,NA,NA,NA,NA,NA,NA,NA,NA,NA,NA,NA,NA,NA,NA,NA,NA,NA,NA,NA,NA,NA,NA,NA,NA,NA,NA,NA,NA,4,1,42,1,42101,"101_118",4210160000,42101033600,2811,1.17,75,11.775041,0.806524,129.0319758,14,45,885,3,"12/12/2012","",0,-75.0440576064122,40.055019358023,-75.056494328674,40.0598719909172,"POINT (-75.044058 40.055019)","POINT (-75.056494 40.059872)"
40837,494825,1,49482501,264.8909442,110.28374,1,NA,4.94825e+11,3,4.94825e+13,4948250103,NA,NA,2,NA,NA,4,1,42,1,42101,"101_118",4210160000,42101033600,2811,"16:00",16,NA,NA,NA,"0:00","","","","17:00",14,5,NA,NA,NA,NA,NA,NA,NA,NA,NA,NA,NA,NA,NA,NA,NA,NA,NA,NA,NA,NA,NA,NA,NA,NA,NA,NA,NA,NA,NA,NA,1,1,42,1,42101,"101_118",4210160000,42101033500,2807,1.17,420,8.12763,0.66176,129.0319758,17,0,1020,3,"12/12/2012","",0,-75.056494328674,40.0598719909172,-75.0648694032685,40.0546094774541,"POINT (-75.056494 40.059872)","POINT (-75.064869 40.054609)"
40922,495218,2,49521802,129.8152217,98.27548944,1,NA,4.95218e+11,1,4.95218e+13,4952180201,NA,NA,2,1,2,1,1,42,1,42101,"101_103",4210160000,42101013601,141,"",1,NA,NA,NA,"5:30","","","","8:30",14,5,NA,NA,NA,NA,NA,NA,NA,NA,NA,NA,NA,NA,NA,NA,NA,NA,NA,NA,NA,NA,NA,NA,NA,NA,NA,NA,NA,NA,NA,NA,4,1,42,1,42101,"101_103",4210160000,42101000300,121,1.15,24,10.610174,0.559191,113.0168129,8,30,510,4,"1/24/2013","",0,-75.1785792243999,39.9689777214525,-75.1741319574651,39.9575333855516,"POINT (-75.178579 39.968978)","POINT (-75.174132 39.957533)"
40925,495218,3,49521803,129.8152217,105.5242709,1,NA,4.95218e+11,1,4.95218e+13,4952180301,NA,NA,2,1,2,1,1,42,1,42101,"101_103",4210160000,42101013601,141,"",1,NA,NA,NA,"5:30","","","","8:30",14,5,NA,NA,NA,NA,NA,NA,NA,NA,NA,NA,NA,NA,NA,NA,NA,NA,NA,NA,NA,NA,NA,NA,NA,NA,NA,NA,NA,NA,NA,NA,3,6,42,1,42101,"101_103",4210160000,42101000300,121,1.15,24,10.610174,0.559191,121.3529115,8,30,510,4,"1/24/2013","",0,-75.1785792243999,39.9689777214525,-75.1741319574651,39.9575333855516,"POINT (-75.178579 39.968978)","POINT (-75.174132 39.957533)"
40974,495484,1,49548401,535.8483804,264.5213906,1,NA,4.95484e+11,1,4.95484e+13,4954840101,NA,NA,1,1,2,1,1,42,1,42101,"101_111",4210160000,42101009300,1214,"",1,2,NA,NA,"4:00","1:00","","","9:30",14,5,NA,NA,NA,NA,NA,NA,NA,NA,NA,NA,NA,NA,NA,NA,NA,NA,NA,NA,NA,NA,NA,NA,NA,NA,NA,NA,NA,NA,NA,NA,2,1,42,1,42091,"091_402",4209179136,42091205801,10211,1.17,75,63.555076,22.599126,309.490027,9,30,570,1,"5/6/2013","",0,-75.2240243087353,39.9622994543846,-75.4034335416342,40.0837100594333,"POINT (-75.224024 39.962299)","POINT (-75.403434 40.083710)"
40975,495484,1,49548401,535.8483804,264.5213906,1,NA,4.95484e+11,2,4.95484e+13,4954840102,NA,NA,1,NA,NA,2,1,42,1,42091,"091_402",4209179136,42091205801,10211,"10:45",5,NA,NA,NA,"8:00","","","","20:15",21,5,NA,NA,NA,NA,NA,NA,NA,NA,NA,NA,NA,NA,NA,NA,NA,NA,NA,NA,NA,NA,NA,NA,NA,NA,NA,NA,NA,NA,NA,NA,1,1,42,1,42101,"101_111",4210160000,42101009300,1214,1.17,75,67.781328,21.522108,309.490027,20,15,1215,1,"5/6/2013","",0,-75.4034335416342,40.0837100594333,-75.2240243087353,39.9622994543846,"POINT (-75.403434 40.083710)","POINT (-75.224024 39.962299)"
40979,495484,2,49548402,535.8483804,264.5213906,1,NA,4.95484e+11,1,4.95484e+13,4954840201,NA,NA,1,1,2,1,1,42,1,42101,"101_111",4210160000,42101009300,1214,"",1,NA,NA,NA,"5:00","","","","9:30",14,5,NA,NA,NA,NA,NA,NA,NA,NA,NA,NA,NA,NA,NA,NA,NA,NA,NA,NA,NA,NA,NA,NA,NA,NA,NA,NA,NA,NA,NA,NA,2,1,42,1,42091,"091_402",4209179136,42091205801,10211,1.17,75,63.555076,22.599126,309.490027,9,30,570,1,"5/6/2013","",0,-75.2240243087353,39.9622994543846,-75.4034335416342,40.0837100594333,"POINT (-75.224024 39.962299)","POINT (-75.403434 40.083710)"
40980,495484,2,49548402,535.8483804,264.5213906,1,NA,4.95484e+11,2,4.95484e+13,4954840202,NA,NA,1,NA,NA,2,1,42,1,42091,"091_402",4209179136,42091205801,10211,"10:45",5,NA,NA,NA,"8:00","","","","20:15",21,5,NA,NA,NA,NA,NA,NA,NA,NA,NA,NA,NA,NA,NA,NA,NA,NA,NA,NA,NA,NA,NA,NA,NA,NA,NA,NA,NA,NA,NA,NA,1,1,42,1,42101,"101_111",4210160000,42101009300,1214,1.17,75,67.781328,21.522108,309.490027,20,15,1215,1,"5/6/2013","",0,-75.4034335416342,40.0837100594333,-75.2240243087353,39.9622994543846,"POINT (-75.403434 40.083710)","POINT (-75.224024 39.962299)"
41145,496426,1,49642601,482.4406172,187.5374383,1,NA,4.96426e+11,1,4.96426e+13,4964260101,NA,NA,3,6,2,1,1,42,1,42101,"101_107",4210160000,42101016600,427,"",1,15,NA,NA,"0:00","","","","10:26",14,5,NA,NA,NA,NA,NA,NA,NA,NA,NA,NA,NA,NA,NA,NA,NA,NA,NA,NA,NA,NA,NA,NA,NA,NA,NA,NA,NA,NA,NA,NA,4,1,42,1,42101,"101_117",4210160000,42101024500,2406,1.17,34,27.951814,3.376383,219.4188029,10,26,626,5,"5/3/2013","",0,-75.1536080135934,39.9890571718199,-75.1621985739407,40.0312108390649,"POINT (-75.153608 39.989057)","POINT (-75.162199 40.031211)"
41146,496426,1,49642601,482.4406172,187.5374383,1,NA,4.96426e+11,2,4.96426e+13,4964260102,NA,NA,3,NA,NA,4,1,42,1,42101,"101_117",4210160000,42101024500,2406,"11:00",8,NA,NA,NA,"0:00","","","","11:26",14,5,NA,NA,NA,NA,NA,NA,NA,NA,NA,NA,NA,NA,NA,NA,NA,NA,NA,NA,NA,NA,NA,NA,NA,NA,NA,NA,NA,NA,NA,NA,4,1,42,1,42101,"101_103",4210160000,42101000402,80,1.17,34,32.308005,6.054789,219.4188029,11,26,686,5,"5/3/2013","",0,-75.1621985739407,40.0312108390649,-75.1677276497158,39.9525760413027,"POINT (-75.162199 40.031211)","POINT (-75.167728 39.952576)"
41147,496426,1,49642601,482.4406172,187.5374383,1,NA,4.96426e+11,3,4.96426e+13,4964260103,NA,NA,3,NA,NA,4,1,42,1,42101,"101_103",4210160000,42101000402,80,"12:00",16,NA,NA,NA,"1:30","","","","13:30",14,5,NA,NA,NA,NA,NA,NA,NA,NA,NA,NA,NA,NA,NA,NA,NA,NA,NA,NA,NA,NA,NA,NA,NA,NA,NA,NA,NA,NA,NA,NA,4,1,42,1,42101,"101_101",4210160000,42101017500,1403,1.17,45,27.106476,4.024109,219.4188029,13,30,810,5,"5/3/2013","",0,-75.1677276497158,39.9525760413027,-75.1434979130601,39.9948625819814,"POINT (-75.167728 39.952576)","POINT (-75.143498 39.994863)"
41148,496426,1,49642601,482.4406172,187.5374383,1,NA,4.96426e+11,4,4.96426e+13,4964260104,NA,NA,3,NA,NA,4,1,42,1,42101,"101_101",4210160000,42101017500,1403,"14:15",12,NA,NA,NA,"1:05","","","","15:20",14,5,NA,NA,NA,NA,NA,NA,NA,NA,NA,NA,NA,NA,NA,NA,NA,NA,NA,NA,NA,NA,NA,NA,NA,NA,NA,NA,NA,NA,NA,NA,4,1,42,1,42101,"101_107",4210160000,42101016600,427,1.17,25,14.8069,0.934949,219.4188029,15,20,920,5,"5/3/2013","",0,-75.1434979130601,39.9948625819814,-75.1536080135934,39.9890571718199,"POINT (-75.143498 39.994863)","POINT (-75.153608 39.989057)"
41151,496426,1,49642601,482.4406172,187.5374383,1,NA,4.96426e+11,7,4.96426e+13,4964260107,NA,NA,3,NA,NA,4,1,42,1,42101,"101_101",4210160000,42101017300,1408,"18:30",8,NA,NA,NA,"0:00","","","","19:08",14,5,NA,NA,NA,NA,NA,NA,NA,NA,NA,NA,NA,NA,NA,NA,NA,NA,NA,NA,NA,NA,NA,NA,NA,NA,NA,NA,NA,NA,NA,NA,4,1,42,1,42101,"101_115",4210160000,42101026301,2643,1.17,160,43.111973,6.766287,219.4188029,19,8,1148,5,"5/3/2013","",0,-75.1609354256761,39.9985787329005,-75.1637178548733,40.0728230078758,"POINT (-75.160935 39.998579)","POINT (-75.163718 40.072823)"
41267,496992,3,49699203,279.3646839,158.5849056,1,NA,4.96992e+11,2,4.96992e+13,4969920302,NA,NA,2,NA,NA,3,6,42,1,42045,"045_206",4204533144,42045409100,5008,"6:57",3,4,NA,NA,"0:00","","","","15:05",23,5,NA,NA,NA,NA,NA,NA,NA,NA,NA,NA,NA,NA,NA,NA,NA,NA,NA,NA,NA,NA,NA,NA,NA,NA,NA,NA,NA,NA,NA,NA,1,1,42,1,42045,"045_206",4204533144,42045408300,5020,1.15,40,28.396062,3.721023,182.3726415,15,5,905,3,"1/16/2013","",0,-75.3013723653597,39.9794510787381,-75.3195257705183,40.0049815590517,"POINT (-75.301372 39.979451)","POINT (-75.319526 40.004982)"
41353,497194,1,49719401,252.2959697,1184.69576,1,NA,4.97194e+11,1,4.97194e+13,4971940101,NA,NA,2,4,2,1,1,42,1,42091,"091_403",4209154656,42091203602,10431,"",1,NA,NA,NA,"0:00","","","","9:35",14,5,NA,NA,NA,NA,NA,NA,NA,NA,NA,NA,NA,NA,NA,NA,NA,NA,NA,NA,NA,NA,NA,NA,NA,NA,NA,NA,NA,NA,NA,NA,4,1,42,1,42091,"091_403",4209121600,42091203303,10402,1.17,30,15.285721,2.133812,1386.094039,9,35,575,1,"12/10/2012","",0,-75.3323323106212,40.128008599831,-75.3147109767587,40.1422852431983,"POINT (-75.332332 40.128009)","POINT (-75.314711 40.142285)"
41357,497194,1,49719401,252.2959697,1184.69576,1,NA,4.97194e+11,5,4.97194e+13,4971940105,NA,NA,2,NA,NA,4,1,42,1,42091,"091_403",4209121600,42091203304,10401,"12:45",19,NA,NA,NA,"0:00","","","","13:32",14,5,NA,NA,NA,NA,NA,NA,NA,NA,NA,NA,NA,NA,NA,NA,NA,NA,NA,NA,NA,NA,NA,NA,NA,NA,NA,NA,NA,NA,NA,NA,1,1,42,1,42091,"091_403",4209154656,42091203602,10431,1.17,8,13.05,1.138637,1386.094039,13,32,812,1,"12/10/2012","",0,-75.3277783169247,40.1402976717836,-75.3323323106212,40.128008599831,"POINT (-75.327778 40.140298)","POINT (-75.332332 40.128009)"
41551,498523,1,49852301,309.1267134,187.0566038,1,NA,4.98523e+11,1,4.98523e+13,4985230101,NA,NA,2,4,2,1,1,42,1,42101,"101_107",4210160000,42101014900,415,"",1,14,15,NA,"4:00","","","","8:00",14,5,NA,NA,NA,NA,NA,NA,NA,NA,NA,NA,NA,NA,NA,NA,NA,NA,NA,NA,NA,NA,NA,NA,NA,NA,NA,NA,NA,NA,NA,NA,4,1,42,1,42101,"101_103",4210160000,42101000402,98,1.17,60,26.670424,2.770826,218.8562264,8,0,480,1,"4/29/2013","",0,-75.1804047012754,39.9816583790678,-75.1672929773502,39.9544153783527,"POINT (-75.180405 39.981658)","POINT (-75.167293 39.954415)"
41553,498523,1,49852301,309.1267134,187.0566038,1,NA,4.98523e+11,3,4.98523e+13,4985230103,NA,NA,2,NA,NA,4,1,42,1,42101,"101_103",4210160000,42101000300,112,"11:30",6,7,NA,NA,"1:00","1:00","","","13:30",21,5,NA,NA,NA,NA,NA,NA,NA,NA,NA,NA,NA,NA,NA,NA,NA,NA,NA,NA,NA,NA,NA,NA,NA,NA,NA,NA,NA,NA,NA,NA,4,1,42,1,42101,"101_103",4210160000,42101000500,88,1.17,30,12.814581,0.981566,218.8562264,13,30,810,1,"4/29/2013","",0,-75.1637714901797,39.9554388396102,-75.1541388337345,39.9522458625874,"POINT (-75.163771 39.955439)","POINT (-75.154139 39.952246)"
41554,498523,1,49852301,309.1267134,187.0566038,1,NA,4.98523e+11,4,4.98523e+13,4985230104,NA,NA,2,NA,NA,4,1,42,1,42101,"101_103",4210160000,42101000500,88,"14:00",11,NA,NA,NA,"0:00","","","","14:30",14,5,NA,NA,NA,NA,NA,NA,NA,NA,NA,NA,NA,NA,NA,NA,NA,NA,NA,NA,NA,NA,NA,NA,NA,NA,NA,NA,NA,NA,NA,NA,4,1,42,1,42101,"101_107",4210160000,42101014900,415,1.17,45,30.908288,3.509995,218.8562264,14,30,870,1,"4/29/2013","",0,-75.1541388337345,39.9522458625874,-75.1804047012754,39.9816583790678,"POINT (-75.154139 39.952246)","POINT (-75.180405 39.981658)"
41633,498942,1,49894201,214.1256399,125.5996895,1,NA,4.98942e+11,2,4.98942e+13,4989420102,NA,NA,1,NA,NA,4,1,42,1,42101,"101_108",4210160000,42101022000,3220,"8:48",19,NA,NA,NA,"0:00","","","","8:49",14,5,NA,NA,NA,NA,NA,NA,NA,NA,NA,NA,NA,NA,NA,NA,NA,NA,NA,NA,NA,NA,NA,NA,NA,NA,NA,NA,NA,NA,NA,NA,4,1,42,1,42101,"101_103",4210160000,42101000700,59,1.17,44,37.798029,11.311785,146.9516367,8,49,529,4,"1/17/2013","",0,-75.2502288545764,40.0591812426166,-75.1649773922386,39.9502186753736,"POINT (-75.250229 40.059181)","POINT (-75.164977 39.950219)"
41635,498942,1,49894201,214.1256399,125.5996895,1,NA,4.98942e+11,4,4.98942e+13,4989420104,NA,NA,1,NA,NA,4,1,42,1,42101,"101_103",4210160000,42101000500,74,"9:41",19,NA,NA,NA,"0:00","","","","9:42",21,5,NA,NA,NA,NA,NA,NA,NA,NA,NA,NA,NA,NA,NA,NA,NA,NA,NA,NA,NA,NA,NA,NA,NA,NA,NA,NA,NA,NA,NA,NA,4,1,42,1,42101,"101_101",4210160000,42101020102,1428,1.17,14,16.337594,4.243183,146.9516367,9,42,582,4,"1/17/2013","",0,-75.1638872349499,39.9525548857932,-75.1545693550523,40.0111496191661,"POINT (-75.163887 39.952555)","POINT (-75.154569 40.011150)"
41638,498942,1,49894201,214.1256399,125.5996895,1,NA,4.98942e+11,7,4.98942e+13,4989420107,NA,NA,1,NA,NA,4,1,42,1,42101,"101_101",4210160000,42101020101,1418,"17:41",19,NA,NA,NA,"0:00","","","","17:47",21,5,NA,NA,NA,NA,NA,NA,NA,NA,NA,NA,NA,NA,NA,NA,NA,NA,NA,NA,NA,NA,NA,NA,NA,NA,NA,NA,NA,NA,NA,NA,4,1,42,1,42101,"101_103",4210160000,42101000402,93,1.17,16,22.41538,3.860372,146.9516367,17,47,1067,4,"1/17/2013","",0,-75.1553089348274,40.0036904586044,-75.1659426772114,39.9531940428398,"POINT (-75.155309 40.003690)","POINT (-75.165943 39.953194)"
41639,498942,1,49894201,214.1256399,125.5996895,1,NA,4.98942e+11,8,4.98942e+13,4989420108,NA,NA,1,NA,NA,4,1,42,1,42101,"101_103",4210160000,42101000402,93,"18:03",19,NA,NA,NA,"0:00","","","","18:05",14,5,NA,NA,NA,NA,NA,NA,NA,NA,NA,NA,NA,NA,NA,NA,NA,NA,NA,NA,NA,NA,NA,NA,NA,NA,NA,NA,NA,NA,NA,NA,2,1,42,1,42101,"101_101",4210160000,42101020101,1418,1.17,37,21.472868,3.975502,146.9516367,18,5,1085,4,"1/17/2013","",0,-75.1659426772114,39.9531940428398,-75.1553089348274,40.0036904586044,"POINT (-75.165943 39.953194)","POINT (-75.155309 40.003690)"
41655,499045,1,49904501,124.5451967,190.9416324,1,NA,4.99045e+11,1,4.99045e+13,4990450101,NA,NA,2,4,2,1,1,42,1,42101,"101_117",4210160000,42101025300,2425,"",1,NA,NA,NA,"0:00","","","","9:00",14,5,NA,NA,NA,NA,NA,NA,NA,NA,NA,NA,NA,NA,NA,NA,NA,NA,NA,NA,NA,NA,NA,NA,NA,NA,NA,NA,NA,NA,NA,NA,4,1,42,1,42091,"091_409",4209155512,42091201100,11633,1.12,60,62.272035,18.5043,213.8546283,9,0,540,3,"12/12/2012","",0,-75.1822218287983,40.0542278772892,-75.274466211559,40.2111841677703,"POINT (-75.182222 40.054228)","POINT (-75.274466 40.211184)"
41657,499045,1,49904501,124.5451967,190.9416324,1,NA,4.99045e+11,3,4.99045e+13,4990450103,NA,NA,2,NA,NA,4,1,42,1,42101,"101_103",4210160000,42101000700,61,"11:00",9,NA,NA,NA,"0:00","","","","12:00",14,5,NA,NA,NA,NA,NA,NA,NA,NA,NA,NA,NA,NA,NA,NA,NA,NA,NA,NA,NA,NA,NA,NA,NA,NA,NA,NA,NA,NA,NA,NA,4,1,42,1,42101,"101_103",4210160000,42101001002,51,1.12,60,18.299819,1.432732,213.8546283,12,0,720,3,"12/12/2012","",0,-75.1705068930163,39.9509065904554,-75.1466622121185,39.9478355374067,"POINT (-75.170507 39.950907)","POINT (-75.146662 39.947836)"
41658,499045,1,49904501,124.5451967,190.9416324,1,NA,4.99045e+11,4,4.99045e+13,4990450104,NA,NA,2,NA,NA,4,1,42,1,42101,"101_103",4210160000,42101001002,51,"13:00",15,NA,NA,NA,"0:00","","","","15:30",14,5,NA,NA,NA,NA,NA,NA,NA,NA,NA,NA,NA,NA,NA,NA,NA,NA,NA,NA,NA,NA,NA,NA,NA,NA,NA,NA,NA,NA,NA,NA,4,1,42,1,42101,"101_117",4210160000,42101025400,2431,1.12,40,35.042316,9.719264,213.8546283,15,30,930,3,"12/12/2012","",0,-75.1466622121185,39.9478355374067,-75.1760735539168,40.0604283093855,"POINT (-75.146662 39.947836)","POINT (-75.176074 40.060428)"
41659,499045,1,49904501,124.5451967,190.9416324,1,NA,4.99045e+11,5,4.99045e+13,4990450105,NA,NA,2,NA,NA,4,1,42,1,42101,"101_117",4210160000,42101025400,2431,"16:10",12,NA,NA,NA,"0:00","","","","17:30",14,5,NA,NA,NA,NA,NA,NA,NA,NA,NA,NA,NA,NA,NA,NA,NA,NA,NA,NA,NA,NA,NA,NA,NA,NA,NA,NA,NA,NA,NA,NA,1,1,42,1,42101,"101_117",4210160000,42101025300,2425,1.12,15,7.683333,0.690343,213.8546283,17,30,1050,3,"12/12/2012","",0,-75.1760735539168,40.0604283093855,-75.1822218287983,40.0542278772892,"POINT (-75.176074 40.060428)","POINT (-75.182222 40.054228)"
41845,500220,2,50022002,851.8019687,369.2471939,1,NA,5.0022e+11,1,5.0022e+13,5002200201,NA,NA,1,2,2,1,1,42,1,42101,"101_110",4210160000,42101007700,1015,"",1,NA,NA,NA,"4:45","","","","7:45",14,5,NA,NA,NA,NA,NA,NA,NA,NA,NA,NA,NA,NA,NA,NA,NA,NA,NA,NA,NA,NA,NA,NA,NA,NA,NA,NA,NA,NA,NA,NA,2,1,42,1,42101,"101_101",4210160000,42101020500,1435,1.17,50,42.699033,8.995063,432.0192169,7,45,465,4,"5/23/2013","",0,-75.208260147084,39.9463603580681,-75.1661426003533,40.014873112626,"POINT (-75.208260 39.946360)","POINT (-75.166143 40.014873)"
41846,500220,2,50022002,851.8019687,369.2471939,1,NA,5.0022e+11,2,5.0022e+13,5002200202,NA,NA,1,NA,NA,2,1,42,1,42101,"101_101",4210160000,42101020500,1435,"8:35",5,7,NA,NA,"7:00","0:20","","","16:15",14,5,NA,NA,NA,NA,NA,NA,NA,NA,NA,NA,NA,NA,NA,NA,NA,NA,NA,NA,NA,NA,NA,NA,NA,NA,NA,NA,NA,NA,NA,NA,4,1,42,1,42101,"101_110",4210160000,42101036900,1019,1.17,45,35.961344,8.507433,432.0192169,16,15,975,4,"5/23/2013","",0,-75.1661426003533,40.014873112626,-75.1869128860449,39.9502197402395,"POINT (-75.166143 40.014873)","POINT (-75.186913 39.950220)"
41904,500394,2,50039402,211.3498436,94.94909625,1,NA,5.00394e+11,1,5.00394e+13,5003940201,NA,NA,1,1,2,1,1,42,1,42101,"101_103",4210160000,42101001201,26,"",1,NA,NA,NA,"5:30","","","","8:30",14,5,NA,NA,NA,NA,NA,NA,NA,NA,NA,NA,NA,NA,NA,NA,NA,NA,NA,NA,NA,NA,NA,NA,NA,NA,NA,NA,NA,NA,NA,NA,2,1,42,1,42101,"101_103",4210160000,42101001001,53,1.17,30,19.812944,1.794257,111.0904426,8,30,510,4,"1/17/2013","",0,-75.1766032234225,39.9460189303461,-75.1517226930339,39.9485721389241,"POINT (-75.176603 39.946019)","POINT (-75.151723 39.948572)"
41905,500394,2,50039402,211.3498436,94.94909625,1,NA,5.00394e+11,2,5.00394e+13,5003940202,NA,NA,1,NA,NA,2,1,42,1,42101,"101_103",4210160000,42101001001,53,"9:00",5,NA,NA,NA,"8:30","","","","17:30",14,5,NA,NA,NA,NA,NA,NA,NA,NA,NA,NA,NA,NA,NA,NA,NA,NA,NA,NA,NA,NA,NA,NA,NA,NA,NA,NA,NA,NA,NA,NA,1,1,42,1,42101,"101_103",4210160000,42101001201,26,1.17,50,22.14147,1.698024,111.0904426,17,30,1050,4,"1/17/2013","",0,-75.1517226930339,39.9485721389241,-75.1766032234225,39.9460189303461,"POINT (-75.151723 39.948572)","POINT (-75.176603 39.946019)"
41933,500643,1,50064301,324.4698324,152.2736999,1,NA,5.00643e+11,2,5.00643e+13,5006430102,NA,NA,2,NA,NA,4,1,42,1,42101,"101_107",4210160000,42101014400,401,"10:46",19,NA,NA,NA,"0:00","","","","10:51",21,5,NA,NA,NA,NA,NA,NA,NA,NA,NA,NA,NA,NA,NA,NA,NA,NA,NA,NA,NA,NA,NA,NA,NA,NA,NA,NA,NA,NA,NA,NA,4,1,42,1,42101,"101_103",4210160000,42101000500,72,1.17,8,17.783333,2.727772,178.1602289,10,51,651,3,"5/29/2013","",0,-75.1400970132193,39.9722367087517,-75.1608290378846,39.9512565309348,"POINT (-75.140097 39.972237)","POINT (-75.160829 39.951257)"
41934,500643,1,50064301,324.4698324,152.2736999,1,NA,5.00643e+11,3,5.00643e+13,5006430103,NA,NA,2,NA,NA,4,1,42,1,42101,"101_103",4210160000,42101000500,72,"10:59",19,NA,NA,NA,"0:00","","","","11:03",23,5,NA,NA,NA,NA,NA,NA,NA,NA,NA,NA,NA,NA,NA,NA,NA,NA,NA,NA,NA,NA,NA,NA,NA,NA,NA,NA,NA,NA,NA,NA,4,1,42,1,42101,"101_110",4210160000,42101007400,1007,1.17,17,23.130303,3.461664,178.1602289,11,3,663,3,"5/29/2013","",0,-75.1608290378846,39.9512565309348,-75.2143085167584,39.9408655334325,"POINT (-75.160829 39.951257)","POINT (-75.214309 39.940866)"
41936,500643,1,50064301,324.4698324,152.2736999,1,NA,5.00643e+11,5,5.00643e+13,5006430105,NA,NA,2,NA,NA,4,1,42,1,42101,"101_110",4210160000,42101008802,1022,"11:31",14,19,NA,NA,"0:00","","","","11:32",23,5,NA,NA,NA,NA,NA,NA,NA,NA,NA,NA,NA,NA,NA,NA,NA,NA,NA,NA,NA,NA,NA,NA,NA,NA,NA,NA,NA,NA,NA,NA,4,1,42,1,42101,"101_110",4210160000,42101980000,1040,1.17,5,16.130443,1.650365,178.1602289,11,32,692,3,"5/29/2013","",0,-75.2032844122027,39.9507247552209,-75.1834073455283,39.9599979498596,"POINT (-75.203284 39.950725)","POINT (-75.183407 39.959998)"
41937,500643,1,50064301,324.4698324,152.2736999,1,NA,5.00643e+11,6,5.00643e+13,5006430106,NA,NA,2,NA,NA,4,1,42,1,42101,"101_110",4210160000,42101980000,1040,"11:37",19,NA,NA,NA,"0:00","","","","11:41",21,5,NA,NA,NA,NA,NA,NA,NA,NA,NA,NA,NA,NA,NA,NA,NA,NA,NA,NA,NA,NA,NA,NA,NA,NA,NA,NA,NA,NA,NA,NA,4,1,42,1,42101,"101_107",4210160000,42101014400,401,1.17,19,26.336258,4.063059,178.1602289,11,41,701,3,"5/29/2013","",0,-75.1834073455283,39.9599979498596,-75.1400970132193,39.9722367087517,"POINT (-75.183407 39.959998)","POINT (-75.140097 39.972237)"
41941,500643,1,50064301,324.4698324,152.2736999,2,NA,5.00643e+11,10,5.00643e+13,5006430110,NA,NA,2,NA,NA,4,1,42,1,42101,"101_107",4210160000,42101014400,401,"14:35",19,NA,NA,NA,"0:00","","","","14:38",23,5,NA,NA,NA,NA,NA,NA,NA,NA,NA,NA,NA,NA,NA,NA,NA,NA,NA,NA,NA,NA,NA,NA,NA,NA,NA,NA,NA,NA,NA,NA,4,1,42,1,42101,"101_109",4210160000,42101014300,601,1.17,5,16.997797,0.880096,178.1602289,14,38,878,3,"5/29/2013","",0,-75.1400970132193,39.9722367087517,-75.1262221694671,39.9679483007659,"POINT (-75.140097 39.972237)","POINT (-75.126222 39.967948)"
41976,500908,1,50090801,561.0767375,384.638288,1,NA,5.00908e+11,1,5.00908e+13,5009080101,NA,NA,2,1,2,1,1,42,1,42101,"101_104",4210160000,42101033200,3030,"",1,NA,NA,NA,"0:00","","","","6:50",14,5,NA,NA,NA,NA,NA,NA,NA,NA,NA,NA,NA,NA,NA,NA,NA,NA,NA,NA,NA,NA,NA,NA,NA,NA,NA,NA,NA,NA,NA,NA,4,1,42,1,42101,"101_101",4210160000,42101019800,1429,1.12,50,50.927581,7.349597,430.7948825,6,50,410,4,"1/24/2013","",0,-75.0448298513145,40.0439492220356,-75.1448779639192,40.0113597410072,"POINT (-75.044830 40.043949)","POINT (-75.144878 40.011360)"
41977,500908,1,50090801,561.0767375,384.638288,1,NA,5.00908e+11,2,5.00908e+13,5009080102,NA,NA,2,NA,NA,4,1,42,1,42101,"101_101",4210160000,42101019800,1429,"7:40",3,NA,NA,NA,"0:00","","","","14:40",14,5,NA,NA,NA,NA,NA,NA,NA,NA,NA,NA,NA,NA,NA,NA,NA,NA,NA,NA,NA,NA,NA,NA,NA,NA,NA,NA,NA,NA,NA,NA,1,1,42,1,42101,"101_104",4210160000,42101033200,3030,1.12,50,50.533355,7.669277,430.7948825,14,40,880,4,"1/24/2013","",0,-75.1448779639192,40.0113597410072,-75.0448298513145,40.0439492220356,"POINT (-75.144878 40.011360)","POINT (-75.044830 40.043949)"
42130,501975,1,50197501,567.4321306,2836.966694,1,NA,5.01975e+11,2,5.01975e+13,5019750102,NA,NA,1,NA,NA,4,1,42,1,42045,"045_203",4204518152,42045402400,4412,"5:45",96,NA,NA,NA,"0:08","","","","5:53",14,5,NA,NA,NA,NA,NA,NA,NA,NA,NA,NA,NA,NA,NA,NA,NA,NA,NA,NA,NA,NA,NA,NA,NA,NA,NA,NA,NA,NA,NA,NA,4,1,42,1,42101,"101_110",4210160000,42101007400,1007,1.17,14,23.614623,2.915611,3319.251032,5,53,353,3,"4/24/2013","",0,-75.254819970125,39.9161180335113,-75.2143085167584,39.9408655334325,"POINT (-75.254820 39.916118)","POINT (-75.214309 39.940866)"
42131,501975,1,50197501,567.4321306,2836.966694,1,NA,5.01975e+11,3,5.01975e+13,5019750103,NA,NA,1,NA,NA,4,1,42,1,42101,"101_110",4210160000,42101007400,1007,"6:07",96,NA,NA,NA,"0:12","","","","6:19",14,5,NA,NA,NA,NA,NA,NA,NA,NA,NA,NA,NA,NA,NA,NA,NA,NA,NA,NA,NA,NA,NA,NA,NA,NA,NA,NA,NA,NA,NA,NA,2,1,42,1,42101,"101_112",4210160000,42101003600,837,1.17,21,19.446612,1.665347,3319.251032,6,19,379,3,"4/24/2013","",0,-75.2143085167584,39.9408655334325,-75.1959402940889,39.9314017565807,"POINT (-75.214309 39.940866)","POINT (-75.195940 39.931402)"
42133,501975,1,50197501,567.4321306,2836.966694,1,NA,5.01975e+11,5,5.01975e+13,5019750105,NA,NA,1,NA,NA,4,1,42,1,42101,"101_112",4210160000,42101003300,849,"15:10",96,NA,NA,NA,"0:01","","","","15:11",14,5,NA,NA,NA,NA,NA,NA,NA,NA,NA,NA,NA,NA,NA,NA,NA,NA,NA,NA,NA,NA,NA,NA,NA,NA,NA,NA,NA,NA,NA,NA,4,1,42,1,42101,"101_110",4210160000,42101007400,1007,1.17,7,10.368957,1.29301,3319.251032,15,11,911,3,"4/24/2013","",0,-75.1935416868526,39.9389690550161,-75.2143085167584,39.9408655334325,"POINT (-75.193542 39.938969)","POINT (-75.214309 39.940866)"
42137,501975,2,50197502,567.4321306,3186.664682,1,NA,5.01975e+11,1,5.01975e+13,5019750201,NA,NA,2,3,2,1,1,42,1,42045,"045_203",4204518152,42045402400,4412,"",1,15,NA,NA,"5:30","2:30","","","12:00",14,5,NA,NA,NA,NA,NA,NA,NA,NA,NA,NA,NA,NA,NA,NA,NA,NA,NA,NA,NA,NA,NA,NA,NA,NA,NA,NA,NA,NA,NA,NA,4,1,42,1,42101,"101_102",4210160000,42101006700,2019,1.17,0,24.131559,2.298921,3728.397678,12,0,720,3,"4/24/2013","",0,-75.254819970125,39.9161180335113,-75.2241105378748,39.9212305887037,"POINT (-75.254820 39.916118)","POINT (-75.224111 39.921231)"
42138,501975,2,50197502,567.4321306,3186.664682,1,NA,5.01975e+11,2,5.01975e+13,5019750202,NA,NA,2,NA,NA,4,1,42,1,42101,"101_102",4210160000,42101006700,2019,"12:00",13,NA,NA,NA,"2:15","","","","14:15",14,5,NA,NA,NA,NA,NA,NA,NA,NA,NA,NA,NA,NA,NA,NA,NA,NA,NA,NA,NA,NA,NA,NA,NA,NA,NA,NA,NA,NA,NA,NA,4,1,42,1,42045,"045_203",4204579000,42045400401,4448,1.17,45,27.250362,3.991769,3728.397678,14,15,855,3,"4/24/2013","",0,-75.2241105378748,39.9212305887037,-75.2629389868999,39.9545919335046,"POINT (-75.224111 39.921231)","POINT (-75.262939 39.954592)"
42139,501975,2,50197502,567.4321306,3186.664682,1,NA,5.01975e+11,3,5.01975e+13,5019750203,NA,NA,2,NA,NA,4,1,42,1,42045,"045_203",4204579000,42045400401,4448,"15:00",16,NA,NA,NA,"2:00","","","","17:00",14,5,NA,NA,NA,NA,NA,NA,NA,NA,NA,NA,NA,NA,NA,NA,NA,NA,NA,NA,NA,NA,NA,NA,NA,NA,NA,NA,NA,NA,NA,NA,4,1,42,1,42101,"101_111",4210160000,42101010600,1216,1.17,60,32.367153,3.807747,3728.397678,17,0,1020,3,"4/24/2013","",0,-75.2629389868999,39.9545919335046,-75.2079230580804,39.9646408013521,"POINT (-75.262939 39.954592)","POINT (-75.207923 39.964641)"
42140,501975,2,50197502,567.4321306,3186.664682,1,NA,5.01975e+11,4,5.01975e+13,5019750204,NA,NA,2,NA,NA,4,1,42,1,42101,"101_111",4210160000,42101010600,1216,"18:00",12,15,NA,NA,"2:15","1:25","","","21:50",14,5,NA,NA,NA,NA,NA,NA,NA,NA,NA,NA,NA,NA,NA,NA,NA,NA,NA,NA,NA,NA,NA,NA,NA,NA,NA,NA,NA,NA,NA,NA,1,1,42,1,42045,"045_203",4204518152,42045402400,4412,1.17,100,42.651578,6.992355,3728.397678,21,50,1310,3,"4/24/2013","",0,-75.2079230580804,39.9646408013521,-75.254819970125,39.9161180335113,"POINT (-75.207923 39.964641)","POINT (-75.254820 39.916118)"
42142,501975,3,50197503,567.4321306,3186.664682,1,NA,5.01975e+11,1,5.01975e+13,5019750301,NA,NA,2,4,2,1,1,42,1,42045,"045_203",4204518152,42045402400,4412,"",1,NA,NA,NA,"5:06","","","","8:06",14,5,NA,NA,NA,NA,NA,NA,NA,NA,NA,NA,NA,NA,NA,NA,NA,NA,NA,NA,NA,NA,NA,NA,NA,NA,NA,NA,NA,NA,NA,NA,4,1,42,1,42101,"101_103",4210160000,42101000901,41,1.17,61,30.607886,6.671838,3728.397678,8,6,486,3,"4/24/2013","",0,-75.254819970125,39.9161180335113,-75.1634808483634,39.9480403151119,"POINT (-75.254820 39.916118)","POINT (-75.163481 39.948040)"
42143,501975,3,50197503,567.4321306,3186.664682,1,NA,5.01975e+11,2,5.01975e+13,5019750302,NA,NA,2,NA,NA,4,1,42,1,42101,"101_103",4210160000,42101000901,41,"9:07",13,NA,NA,NA,"0:11","","","","9:18",21,5,NA,NA,NA,NA,NA,NA,NA,NA,NA,NA,NA,NA,NA,NA,NA,NA,NA,NA,NA,NA,NA,NA,NA,NA,NA,NA,NA,NA,NA,NA,4,1,42,1,42101,"101_107",4210160000,42101014600,409,1.17,21,17.68766,2.27228,3728.397678,9,18,558,3,"4/24/2013","",0,-75.1634808483634,39.9480403151119,-75.1562910038297,39.9768159139408,"POINT (-75.163481 39.948040)","POINT (-75.156291 39.976816)"
42145,501975,3,50197503,567.4321306,3186.664682,1,NA,5.01975e+11,4,5.01975e+13,5019750304,NA,NA,2,NA,NA,4,4,42,1,42101,"101_107",4210160000,42101014900,415,"14:00",11,NA,NA,NA,"2:01","","","","16:01",14,5,NA,NA,NA,NA,NA,NA,NA,NA,NA,NA,NA,NA,NA,NA,NA,NA,NA,NA,NA,NA,NA,NA,NA,NA,NA,NA,NA,NA,NA,NA,4,1,42,1,42017,"017_507",4201780952,42017101607,15229,1.17,133,113.946619,22.292367,3728.397678,16,1,961,3,"4/24/2013","",0,-75.1804047012754,39.9816583790678,-75.0722007215537,40.1814590893573,"POINT (-75.180405 39.981658)","POINT (-75.072201 40.181459)"
42146,501975,3,50197503,567.4321306,3186.664682,1,NA,5.01975e+11,5,5.01975e+13,5019750305,NA,NA,2,NA,NA,4,1,42,1,42017,"017_507",4201780952,42017101607,15229,"18:14",3,NA,NA,NA,"0:01","","","","19:15",14,5,NA,NA,NA,NA,NA,NA,NA,NA,NA,NA,NA,NA,NA,NA,NA,NA,NA,NA,NA,NA,NA,NA,NA,NA,NA,NA,NA,NA,NA,NA,1,1,42,1,42045,"045_203",4204518152,42045402400,4412,1.17,191,128.543558,27.974617,3728.397678,19,15,1155,3,"4/24/2013","",0,-75.0722007215537,40.1814590893573,-75.254819970125,39.9161180335113,"POINT (-75.072201 40.181459)","POINT (-75.254820 39.916118)"
42174,502083,2,50208302,367.4334267,177.4717151,2,NA,5.02083e+11,5,5.02083e+13,5020830205,NA,NA,1,NA,NA,4,1,42,1,42101,"101_108",4210160000,42101020900,3203,"11:40",19,NA,NA,NA,"0:00","","","","11:50",14,5,NA,NA,NA,NA,NA,NA,NA,NA,NA,NA,NA,NA,NA,NA,NA,NA,NA,NA,NA,NA,NA,NA,NA,NA,NA,NA,NA,NA,NA,NA,4,1,42,1,42101,"101_110",4210160000,42101980000,1040,1.12,10,13.282802,6.143314,198.7683209,11,50,710,2,"12/11/2012","",0,-75.2092872712104,40.0181516385401,-75.1834073455283,39.9599979498596,"POINT (-75.209287 40.018152)","POINT (-75.183407 39.959998)"
42201,502138,1,50213801,860.4556576,257.3654622,1,NA,5.02138e+11,1,5.02138e+13,5021380101,NA,NA,2,2,2,1,1,42,1,42101,"101_107",4210160000,42101016800,432,"",1,NA,NA,NA,"5:00","","","","8:00",21,5,NA,NA,NA,NA,NA,NA,NA,NA,NA,NA,NA,NA,NA,NA,NA,NA,NA,NA,NA,NA,NA,NA,NA,NA,NA,NA,NA,NA,NA,NA,4,1,42,1,42101,"101_103",4210160000,42101012500,133,1.17,45,23.000626,2.619377,301.1175908,8,0,480,4,"12/13/2012","",0,-75.1676557779857,39.9917901151344,-75.1673759243643,39.9592890487195,"POINT (-75.167656 39.991790)","POINT (-75.167376 39.959289)"
42202,502138,1,50213801,860.4556576,257.3654622,1,NA,5.02138e+11,2,5.02138e+13,5021380102,NA,NA,2,NA,NA,4,1,42,1,42101,"101_103",4210160000,42101012500,133,"8:45",16,NA,NA,NA,"2:15","","","","11:00",14,5,NA,NA,NA,NA,NA,NA,NA,NA,NA,NA,NA,NA,NA,NA,NA,NA,NA,NA,NA,NA,NA,NA,NA,NA,NA,NA,NA,NA,NA,NA,4,1,42,1,42101,"101_107",4210160000,42101037700,419,1.17,30,22.385064,2.386517,301.1175908,11,0,660,4,"12/13/2012","",0,-75.1673759243643,39.9592890487195,-75.1539262084391,39.9844115630897,"POINT (-75.167376 39.959289)","POINT (-75.153926 39.984412)"
42208,502138,2,50213802,860.4556576,173.7659854,1,NA,5.02138e+11,4,5.02138e+13,5021380204,NA,NA,2,NA,NA,3,6,42,1,42091,"091_403",4209186496,42091206801,10449,"16:00",14,15,NA,NA,"2:00","1:30","","","19:30",21,5,NA,NA,NA,NA,NA,NA,NA,NA,NA,NA,NA,NA,NA,NA,NA,NA,NA,NA,NA,NA,NA,NA,NA,NA,NA,NA,NA,NA,NA,NA,1,1,42,1,42101,"101_107",4210160000,42101016800,432,1.17,30,NA,NA,203.3062029,19,30,1170,4,"12/13/2012","",0,-75.3591948488245,40.206024064853,-75.1676557779857,39.9917901151344,"POINT (-75.359195 40.206024)","POINT (-75.167656 39.991790)"
42210,502138,3,50213803,860.4556576,173.7659854,1,NA,5.02138e+11,1,5.02138e+13,5021380301,NA,NA,2,3,2,1,1,42,1,42101,"101_107",4210160000,42101016800,432,"",1,NA,NA,NA,"4:30","","","","7:30",14,5,NA,NA,NA,NA,NA,NA,NA,NA,NA,NA,NA,NA,NA,NA,NA,NA,NA,NA,NA,NA,NA,NA,NA,NA,NA,NA,NA,NA,NA,NA,3,1,42,1,42101,"101_107",4210160000,42101016901,434,1.17,30,11.116667,0.818967,203.3062029,7,30,450,4,"12/13/2012","",0,-75.1676557779857,39.9917901151344,-75.1758411443119,39.993060336458,"POINT (-75.167656 39.991790)","POINT (-75.175841 39.993060)"
42212,502138,3,50213803,860.4556576,173.7659854,1,NA,5.02138e+11,3,5.02138e+13,5021380303,NA,NA,2,NA,NA,4,1,42,1,42101,"101_104",4210160000,42101031600,3014,"15:45",19,NA,NA,NA,"0:00","","","","16:15",14,5,NA,NA,NA,NA,NA,NA,NA,NA,NA,NA,NA,NA,NA,NA,NA,NA,NA,NA,NA,NA,NA,NA,NA,NA,NA,NA,NA,NA,NA,NA,4,1,42,1,42101,"101_107",4210160000,42101037700,419,1.17,15,39.286545,7.059107,203.3062029,16,15,975,4,"12/13/2012","",0,-75.0593151476913,40.0302346423682,-75.1539262084391,39.9844115630897,"POINT (-75.059315 40.030235)","POINT (-75.153926 39.984412)"
42213,502138,3,50213803,860.4556576,173.7659854,1,NA,5.02138e+11,4,5.02138e+13,5021380304,NA,NA,2,NA,NA,4,1,42,1,42101,"101_107",4210160000,42101037700,419,"16:30",12,NA,NA,NA,"2:30","","","","19:00",14,5,NA,NA,NA,NA,NA,NA,NA,NA,NA,NA,NA,NA,NA,NA,NA,NA,NA,NA,NA,NA,NA,NA,NA,NA,NA,NA,NA,NA,NA,NA,1,1,42,1,42101,"101_107",4210160000,42101016800,432,1.17,30,17.095609,1.392604,203.3062029,19,0,1140,4,"12/13/2012","",0,-75.1539262084391,39.9844115630897,-75.1676557779857,39.9917901151344,"POINT (-75.153926 39.984412)","POINT (-75.167656 39.991790)"
42216,502138,4,50213804,860.4556576,225.5464313,1,NA,5.02138e+11,2,5.02138e+13,5021380402,NA,NA,2,NA,NA,4,1,42,1,42101,"101_107",4210160000,42101037700,419,"7:30",19,NA,NA,NA,"0:00","","","","7:31",14,5,NA,NA,NA,NA,NA,NA,NA,NA,NA,NA,NA,NA,NA,NA,NA,NA,NA,NA,NA,NA,NA,NA,NA,NA,NA,NA,NA,NA,NA,NA,3,6,42,1,42091,"091_411",4209179008,42091201407,12013,1.17,29,50.369032,11.511409,263.8893246,7,31,451,4,"12/13/2012","",0,-75.1539262084391,39.9844115630897,-75.168489346328,40.1228453069335,"POINT (-75.153926 39.984412)","POINT (-75.168489 40.122845)"
42217,502138,4,50213804,860.4556576,225.5464313,1,NA,5.02138e+11,3,5.02138e+13,5021380403,NA,NA,2,NA,NA,3,6,42,1,42091,"091_411",4209179008,42091201407,12013,"8:00",2,3,NA,NA,"3:30","4:30","","","16:00",14,5,NA,NA,NA,NA,NA,NA,NA,NA,NA,NA,NA,NA,NA,NA,NA,NA,NA,NA,NA,NA,NA,NA,NA,NA,NA,NA,NA,NA,NA,NA,1,1,42,1,42101,"101_107",4210160000,42101016800,432,1.17,60,53.780161,11.23648,263.8893246,16,0,960,4,"12/13/2012","",0,-75.168489346328,40.1228453069335,-75.1676557779857,39.9917901151344,"POINT (-75.168489 40.122845)","POINT (-75.167656 39.991790)"
42427,503285,1,50328501,228.4384878,103.7440207,1,NA,5.03285e+11,1,5.03285e+13,5032850101,NA,NA,2,5,2,1,1,42,1,42101,"101_112",4210160000,42101002500,842,"",1,NA,NA,NA,"0:00","","","","8:55",14,5,NA,NA,NA,NA,NA,NA,NA,NA,NA,NA,NA,NA,NA,NA,NA,NA,NA,NA,NA,NA,NA,NA,NA,NA,NA,NA,NA,NA,NA,NA,4,1,42,1,42101,"101_103",4210160000,42101001102,17,1.17,25,13.389732,1.094429,121.3805042,8,55,535,3,"12/12/2012","",0,-75.1498041127206,39.934304016358,-75.1550139436622,39.9445812882334,"POINT (-75.149804 39.934304)","POINT (-75.155014 39.944581)"
42429,503285,1,50328501,228.4384878,103.7440207,1,NA,5.03285e+11,3,5.03285e+13,5032850103,NA,NA,2,NA,NA,4,1,42,1,42101,"101_103",4210160000,42101001102,17,"11:05",8,NA,NA,NA,"0:00","","","","11:15",14,5,NA,NA,NA,NA,NA,NA,NA,NA,NA,NA,NA,NA,NA,NA,NA,NA,NA,NA,NA,NA,NA,NA,NA,NA,NA,NA,NA,NA,NA,NA,4,1,42,1,42101,"101_103",4210160000,42101036600,2,1.17,35,16.176392,0.888767,121.3805042,11,15,675,3,"12/12/2012","",0,-75.1550139436622,39.9445812882334,-75.1403356095466,39.9391423334251,"POINT (-75.155014 39.944581)","POINT (-75.140336 39.939142)"
42430,503285,1,50328501,228.4384878,103.7440207,1,NA,5.03285e+11,4,5.03285e+13,5032850104,NA,NA,2,NA,NA,4,1,42,1,42101,"101_103",4210160000,42101036600,2,"11:50",13,NA,NA,NA,"0:00","","","","16:15",14,5,NA,NA,NA,NA,NA,NA,NA,NA,NA,NA,NA,NA,NA,NA,NA,NA,NA,NA,NA,NA,NA,NA,NA,NA,NA,NA,NA,NA,NA,NA,4,1,42,1,42101,"101_103",4210160000,42101001600,4,1.17,30,10.991573,0.475104,121.3805042,16,15,975,3,"12/12/2012","",0,-75.1403356095466,39.9391423334251,-75.1483144819563,39.9402627111676,"POINT (-75.140336 39.939142)","POINT (-75.148314 39.940263)"
42432,503285,1,50328501,228.4384878,103.7440207,1,NA,5.03285e+11,6,5.03285e+13,5032850106,NA,NA,2,NA,NA,4,1,42,1,42101,"101_115",4210160000,42101026302,2641,"17:15",8,NA,NA,NA,"0:00","","","","17:20",14,5,NA,NA,NA,NA,NA,NA,NA,NA,NA,NA,NA,NA,NA,NA,NA,NA,NA,NA,NA,NA,NA,NA,NA,NA,NA,NA,NA,NA,NA,NA,1,1,42,1,42101,"101_112",4210160000,42101002500,842,1.17,15,62.239256,11.535083,121.3805042,17,20,1040,3,"12/12/2012","",0,-75.1590188241439,40.0700587039899,-75.1498041127206,39.934304016358,"POINT (-75.159019 40.070059)","POINT (-75.149804 39.934304)"
42792,504775,1,50477501,317.9730521,146.5845164,1,NA,5.04775e+11,1,5.04775e+13,5047750101,NA,NA,2,1,2,1,1,42,1,42101,"101_103",4210160000,42101001400,8,"",1,7,8,NA,"0:00","","","","12:00",14,5,NA,NA,NA,NA,NA,NA,NA,NA,NA,NA,NA,NA,NA,NA,NA,NA,NA,NA,NA,NA,NA,NA,NA,NA,NA,NA,NA,NA,NA,NA,4,1,42,1,42101,"101_103",4210160000,42101000300,118,1.17,30,16.768586,1.15972,171.5038842,12,0,720,3,"1/23/2013","",0,-75.1715947626354,39.9429517013451,-75.1717674832599,39.9564206302579,"POINT (-75.171595 39.942952)","POINT (-75.171767 39.956421)"
42892,505537,1,50553701,96.56816881,87.4019863,1,NA,5.05537e+11,1,5.05537e+13,5055370101,NA,NA,3,0,2,1,1,42,1,42101,"101_103",4210160000,42101000901,41,"",1,12,5,NA,"3:00","12:00","","","18:30",14,5,NA,NA,NA,NA,NA,NA,NA,NA,NA,NA,NA,NA,NA,NA,NA,NA,NA,NA,NA,NA,NA,NA,NA,NA,NA,NA,NA,NA,NA,NA,2,1,42,1,42101,"101_103",4210160000,42101036600,32,1.13,15,18.178391,1.46809,98.76424452,18,30,1110,2,"4/23/2013","",0,-75.1634808483634,39.9480403151119,-75.1392078148453,39.9466654688148,"POINT (-75.163481 39.948040)","POINT (-75.139208 39.946665)"
42940,505872,1,50587201,110.0893707,92.06626629,1,NA,5.05872e+11,1,5.05872e+13,5058720101,NA,NA,1,1,2,1,1,42,1,42101,"101_109",4210160000,42101037900,618,"",1,NA,NA,NA,"4:20","","","","7:20",14,5,NA,NA,NA,NA,NA,NA,NA,NA,NA,NA,NA,NA,NA,NA,NA,NA,NA,NA,NA,NA,NA,NA,NA,NA,NA,NA,NA,NA,NA,NA,2,1,42,1,42101,"101_103",4210160000,42101000402,80,1.12,20,37.13241,5.828921,103.1142182,7,20,440,5,"1/25/2013","",0,-75.0972035448796,39.9884463740478,-75.1677276497158,39.9525760413027,"POINT (-75.097204 39.988446)","POINT (-75.167728 39.952576)"
42941,505872,1,50587201,110.0893707,92.06626629,1,NA,5.05872e+11,2,5.05872e+13,5058720102,NA,NA,1,NA,NA,2,1,42,1,42101,"101_103",4210160000,42101000402,80,"7:40",5,NA,NA,NA,"10:00","","","","17:40",14,5,NA,NA,NA,NA,NA,NA,NA,NA,NA,NA,NA,NA,NA,NA,NA,NA,NA,NA,NA,NA,NA,NA,NA,NA,NA,NA,NA,NA,NA,NA,1,1,42,1,42101,"101_109",4210160000,42101037900,618,1.12,40,34.640309,5.828312,103.1142182,17,40,1060,5,"1/25/2013","",0,-75.1677276497158,39.9525760413027,-75.0972035448796,39.9884463740478,"POINT (-75.167728 39.952576)","POINT (-75.097204 39.988446)"
43031,506201,1,50620101,231.2687834,117.25969,1,NA,5.06201e+11,1,5.06201e+13,5062010101,NA,NA,1,5,2,1,1,42,1,42045,"045_206",4204533144,42045408300,5021,"",1,NA,NA,NA,"4:20","","","","7:20",21,5,NA,NA,NA,NA,NA,NA,NA,NA,NA,NA,NA,NA,NA,NA,NA,NA,NA,NA,NA,NA,NA,NA,NA,NA,NA,NA,NA,NA,NA,NA,4,1,42,1,42045,"045_203",4204579000,42045400500,4459,1.15,15,30.333935,4.752424,134.8486435,7,20,440,2,"12/11/2012","",0,-75.3077676290044,40.0078734461634,-75.2626735411038,39.9640057100153,"POINT (-75.307768 40.007873)","POINT (-75.262674 39.964006)"
43032,506201,1,50620101,231.2687834,117.25969,1,NA,5.06201e+11,2,5.06201e+13,5062010102,NA,NA,1,NA,NA,4,1,42,1,42045,"045_203",4204579000,42045400500,4459,"7:35",19,NA,NA,NA,"0:02","","","","7:37",21,5,NA,NA,NA,NA,NA,NA,NA,NA,NA,NA,NA,NA,NA,NA,NA,NA,NA,NA,NA,NA,NA,NA,NA,NA,NA,NA,NA,NA,NA,NA,4,1,42,1,42101,"101_103",4210160000,42101000500,69,1.15,34,26.438714,6.037232,134.8486435,7,37,457,2,"12/11/2012","",0,-75.2626735411038,39.9640057100153,-75.1537481432666,39.9503794767793,"POINT (-75.262674 39.964006)","POINT (-75.153748 39.950379)"
43112,506750,1,50675001,130.0630067,119.8016024,1,NA,5.0675e+11,3,5.0675e+13,5067500103,NA,NA,2,NA,NA,4,1,42,1,42101,"101_103",4210160000,42101000500,89,"16:31",11,9,NA,NA,"1:29","1:00","","","19:00",14,5,NA,NA,NA,NA,NA,NA,NA,NA,NA,NA,NA,NA,NA,NA,NA,NA,NA,NA,NA,NA,NA,NA,NA,NA,NA,NA,NA,NA,NA,NA,4,1,42,1,42101,"101_103",4210160000,42101001002,51,1.17,30,11.433319,0.904901,140.1678748,19,0,1140,2,"12/11/2012","",0,-75.1572994746159,39.95264251715,-75.1466622121185,39.9478355374067,"POINT (-75.157299 39.952643)","POINT (-75.146662 39.947836)"
43113,506750,1,50675001,130.0630067,119.8016024,1,NA,5.0675e+11,4,5.0675e+13,5067500104,NA,NA,2,NA,NA,4,1,42,1,42101,"101_103",4210160000,42101001002,51,"19:30",15,NA,NA,NA,"2:15","","","","21:45",14,5,NA,NA,NA,NA,NA,NA,NA,NA,NA,NA,NA,NA,NA,NA,NA,NA,NA,NA,NA,NA,NA,NA,NA,NA,NA,NA,NA,NA,NA,NA,4,1,42,1,42101,"101_103",4210160000,42101000500,69,1.17,35,9.884395,0.706025,140.1678748,21,45,1305,2,"12/11/2012","",0,-75.1466622121185,39.9478355374067,-75.1537481432666,39.9503794767793,"POINT (-75.146662 39.947836)","POINT (-75.153748 39.950379)"
43342,507960,1,50796001,85.01081176,100.4797158,1,NA,5.0796e+11,3,5.0796e+13,5079600103,NA,NA,1,NA,NA,4,1,42,1,42101,"101_110",4210160000,42101980000,1040,"8:19",19,NA,NA,NA,"0:11","","","","8:30",21,5,NA,NA,NA,NA,NA,NA,NA,NA,NA,NA,NA,NA,NA,NA,NA,NA,NA,NA,NA,NA,NA,NA,NA,NA,NA,NA,NA,NA,NA,NA,4,1,42,1,42101,"101_103",4210160000,42101000500,69,1.15,10,15.119871,1.927886,115.5516731,8,30,510,4,"12/13/2012","",0,-75.1834073455283,39.9599979498596,-75.1537481432666,39.9503794767793,"POINT (-75.183407 39.959998)","POINT (-75.153748 39.950379)"
43401,508640,1,50864001,310.681386,1285.768404,1,NA,5.0864e+11,1,5.0864e+13,5086400101,NA,NA,1,1,2,1,1,42,1,42045,"045_203",4204579000,42045401402,4432,"",1,NA,NA,NA,"2:03","","","","8:00",14,5,NA,NA,NA,NA,NA,NA,NA,NA,NA,NA,NA,NA,NA,NA,NA,NA,NA,NA,NA,NA,NA,NA,NA,NA,NA,NA,NA,NA,NA,NA,4,1,42,1,42045,"045_203",4204569752,42045402800,4427,1.17,0,38.911493,3.847048,1504.349033,8,0,480,1,"1/28/2013","",0,-75.2916524455955,39.9377962945873,-75.2647018998912,39.9085205983673,"POINT (-75.291652 39.937796)","POINT (-75.264702 39.908521)"
43402,508640,1,50864001,310.681386,1285.768404,1,NA,5.0864e+11,2,5.0864e+13,5086400102,NA,NA,1,NA,NA,4,1,42,1,42045,"045_203",4204569752,42045402800,4427,"8:00",5,NA,NA,NA,"8:00","","","","16:00",14,5,NA,NA,NA,NA,NA,NA,NA,NA,NA,NA,NA,NA,NA,NA,NA,NA,NA,NA,NA,NA,NA,NA,NA,NA,NA,NA,NA,NA,NA,NA,1,1,42,1,42045,"045_203",4204579000,42045401402,4432,1.17,480,33.766839,3.910791,1504.349033,16,0,960,1,"1/28/2013","",0,-75.2647018998912,39.9085205983673,-75.2916524455955,39.9377962945873,"POINT (-75.264702 39.908521)","POINT (-75.291652 39.937796)"
43853,510744,2,51074402,306.0369477,793.2479914,1,NA,5.10744e+11,1,5.10744e+13,5107440201,NA,NA,2,1,2,1,1,42,1,42101,"101_117",4210160000,42101024500,2406,"",1,14,NA,NA,"8:45","1:30","","","13:30",14,5,NA,NA,NA,NA,NA,NA,NA,NA,NA,NA,NA,NA,NA,NA,NA,NA,NA,NA,NA,NA,NA,NA,NA,NA,NA,NA,NA,NA,NA,NA,4,1,42,1,42101,"101_115",4210160000,42101027600,2622,1.17,60,23.162827,2.914925,928.1001499,13,30,810,1,"12/10/2012","",0,-75.1621985739407,40.0312108390649,-75.1392788470332,40.0429484652339,"POINT (-75.162199 40.031211)","POINT (-75.139279 40.042948)"
43854,510744,2,51074402,306.0369477,793.2479914,1,NA,5.10744e+11,2,5.10744e+13,5107440202,NA,NA,2,NA,NA,4,1,42,1,42101,"101_115",4210160000,42101027600,2622,"14:30",16,NA,NA,NA,"4:00","","","","18:30",14,5,NA,NA,NA,NA,NA,NA,NA,NA,NA,NA,NA,NA,NA,NA,NA,NA,NA,NA,NA,NA,NA,NA,NA,NA,NA,NA,NA,NA,NA,NA,1,1,42,1,42101,"101_117",4210160000,42101024500,2406,1.17,100,22.791692,2.55731,928.1001499,18,30,1110,1,"12/10/2012","",0,-75.1392788470332,40.0429484652339,-75.1621985739407,40.0312108390649,"POINT (-75.139279 40.042948)","POINT (-75.162199 40.031211)"
43859,510784,2,51078402,306.0369477,889.9999086,1,NA,5.10784e+11,1,5.10784e+13,5107840201,NA,NA,1,1,2,1,1,42,1,42101,"101_106",4210160000,42101011000,1230,"",1,NA,NA,NA,"4:00","","","","7:30",14,5,NA,NA,NA,NA,NA,NA,NA,NA,NA,NA,NA,NA,NA,NA,NA,NA,NA,NA,NA,NA,NA,NA,NA,NA,NA,NA,NA,NA,NA,NA,2,1,42,1,42101,"101_103",4210160000,42101000500,91,1.17,90,25.129328,4.208474,1041.299893,7,30,450,1,"12/10/2012","",0,-75.2062968547165,39.9737371253413,-75.1612826317197,39.9532127364358,"POINT (-75.206297 39.973737)","POINT (-75.161283 39.953213)"
43860,510784,2,51078402,306.0369477,889.9999086,1,NA,5.10784e+11,2,5.10784e+13,5107840202,NA,NA,1,NA,NA,2,1,42,1,42101,"101_103",4210160000,42101000500,91,"9:00",5,NA,NA,NA,"8:00","","","","18:00",14,5,NA,NA,NA,NA,NA,NA,NA,NA,NA,NA,NA,NA,NA,NA,NA,NA,NA,NA,NA,NA,NA,NA,NA,NA,NA,NA,NA,NA,NA,NA,1,1,42,1,42101,"101_106",4210160000,42101011000,1230,1.17,90,29.195441,3.896035,1041.299893,18,0,1080,1,"12/10/2012","",0,-75.1612826317197,39.9532127364358,-75.2062968547165,39.9737371253413,"POINT (-75.161283 39.953213)","POINT (-75.206297 39.973737)"
43900,511129,2,51112902,141.9838697,153.906391,1,NA,5.11129e+11,1,5.11129e+13,5111290201,NA,NA,1,1,2,1,1,42,1,42101,"101_108",4210160000,42101021300,3210,"",1,NA,NA,NA,"6:00","","","","9:00",14,5,NA,NA,NA,NA,NA,NA,NA,NA,NA,NA,NA,NA,NA,NA,NA,NA,NA,NA,NA,NA,NA,NA,NA,NA,NA,NA,NA,NA,NA,NA,2,1,42,1,42091,"091_403",4209154656,42091203902,10422,1.12,30,38.074768,10.360978,172.3751579,9,0,540,5,"1/25/2013","",0,-75.2181192513656,40.032241980928,-75.3460361638143,40.1143423687777,"POINT (-75.218119 40.032242)","POINT (-75.346036 40.114342)"
43901,511129,2,51112902,141.9838697,153.906391,1,NA,5.11129e+11,2,5.11129e+13,5111290202,NA,NA,1,NA,NA,2,1,42,1,42091,"091_403",4209154656,42091203902,10422,"9:30",5,NA,NA,NA,"4:00","","","","13:30",14,5,NA,NA,NA,NA,NA,NA,NA,NA,NA,NA,NA,NA,NA,NA,NA,NA,NA,NA,NA,NA,NA,NA,NA,NA,NA,NA,NA,NA,NA,NA,1,1,42,1,42101,"101_108",4210160000,42101021300,3210,1.12,60,36,10.358258,172.3751579,13,30,810,5,"1/25/2013","",0,-75.3460361638143,40.1143423687777,-75.2181192513656,40.032241980928,"POINT (-75.346036 40.114342)","POINT (-75.218119 40.032242)"
43902,511129,2,51112902,141.9838697,153.906391,2,NA,5.11129e+11,3,5.11129e+13,5111290203,NA,NA,2,1,NA,1,1,42,1,42101,"101_108",4210160000,42101021300,3210,"14:30",1,NA,NA,NA,"0:30","","","","15:00",14,5,NA,NA,NA,NA,NA,NA,NA,NA,NA,NA,NA,NA,NA,NA,NA,NA,NA,NA,NA,NA,NA,NA,NA,NA,NA,NA,NA,NA,NA,NA,4,1,42,1,42101,"101_108",4210160000,42101021900,3218,1.12,30,17.489328,2.106107,172.3751579,15,0,900,5,"1/25/2013","",0,-75.2181192513656,40.032241980928,-75.2436983741977,40.0509944084347,"POINT (-75.218119 40.032242)","POINT (-75.243698 40.050994)"
44106,512032,1,51203201,156.9272881,136.8878125,1,NA,5.12032e+11,1,5.12032e+13,5120320101,NA,NA,1,1,2,1,1,42,1,42101,"101_113",4210160000,42101035500,3406,"",1,NA,NA,NA,"0:00","","","","8:10",21,5,NA,NA,NA,NA,NA,NA,NA,NA,NA,NA,NA,NA,NA,NA,NA,NA,NA,NA,NA,NA,NA,NA,NA,NA,NA,NA,NA,NA,NA,NA,2,1,42,1,42101,"101_103",4210160000,42101000401,103,1.17,70,68.509788,14.986621,160.1587406,8,10,490,1,"12/10/2012","",0,-75.0242936664932,40.0935720600163,-75.177201361549,39.9550054347417,"POINT (-75.024294 40.093572)","POINT (-75.177201 39.955005)"
44107,512032,1,51203201,156.9272881,136.8878125,1,NA,5.12032e+11,2,5.12032e+13,5120320102,NA,NA,1,NA,NA,2,1,42,1,42101,"101_103",4210160000,42101000401,103,"9:20",5,NA,NA,NA,"5:00","","","","14:30",21,5,NA,NA,NA,NA,NA,NA,NA,NA,NA,NA,NA,NA,NA,NA,NA,NA,NA,NA,NA,NA,NA,NA,NA,NA,NA,NA,NA,NA,NA,NA,1,1,42,1,42101,"101_113",4210160000,42101035500,3404,1.17,90,64.288592,14.65593,160.1587406,14,30,870,1,"12/10/2012","",0,-75.177201361549,39.9550054347417,-75.0325978610195,40.0871418066782,"POINT (-75.177201 39.955005)","POINT (-75.032598 40.087142)"
44160,512150,1,51215001,157.1925661,122.7093506,1,NA,5.1215e+11,2,5.1215e+13,5121500102,NA,NA,3,NA,NA,4,1,42,1,42101,"101_110",4210160000,42101008802,1031,"17:00",8,NA,NA,NA,"0:00","","","","17:30",14,5,NA,NA,NA,NA,NA,NA,NA,NA,NA,NA,NA,NA,NA,NA,NA,NA,NA,NA,NA,NA,NA,NA,NA,NA,NA,NA,NA,NA,NA,NA,1,1,42,1,42101,"101_111",4210160000,42101008400,1213,1.17,15,14.300916,1.825706,143.5699402,17,30,1050,5,"12/21/2012","",0,-75.2024327640643,39.9546329212277,-75.2354698649569,39.9579979858569,"POINT (-75.202433 39.954633)","POINT (-75.235470 39.957998)"
44649,515187,1,51518701,289.5937379,206.4826107,1,NA,5.15187e+11,1,5.15187e+13,5151870101,NA,NA,2,1,2,1,1,42,1,42029,"029_306",4202982704,42029302600,7024,"",1,NA,NA,NA,"8:52","","","","11:52",14,5,NA,NA,NA,NA,NA,NA,NA,NA,NA,NA,NA,NA,NA,NA,NA,NA,NA,NA,NA,NA,NA,NA,NA,NA,NA,NA,NA,NA,NA,NA,4,1,42,1,42029,"029_308",4202910824,42029311401,7406,1.17,0,93.136226,20.671392,241.5846546,11,52,712,5,"12/28/2012","",0,-75.5988617101674,39.9607804869585,-75.7957120401474,40.0022270736992,"POINT (-75.598862 39.960780)","POINT (-75.795712 40.002227)"
44774,515653,1,51565301,202.9505735,122.6159224,1,NA,5.15653e+11,1,5.15653e+13,5156530101,NA,NA,1,3,2,1,1,42,1,42101,"101_112",4210160000,42101004201,815,"",1,NA,NA,NA,"0:00","","","","6:28",14,5,NA,NA,NA,NA,NA,NA,NA,NA,NA,NA,NA,NA,NA,NA,NA,NA,NA,NA,NA,NA,NA,NA,NA,NA,NA,NA,NA,NA,NA,NA,2,1,42,1,42101,"101_107",4210160000,42101014400,401,1.17,9,30.798873,3.895535,143.4606292,6,28,388,4,"12/20/2012","",0,-75.1515094031092,39.9207626635082,-75.1400970132193,39.9722367087517,"POINT (-75.151509 39.920763)","POINT (-75.140097 39.972237)"
44775,515653,1,51565301,202.9505735,122.6159224,1,NA,5.15653e+11,2,5.15653e+13,5156530102,NA,NA,1,NA,NA,2,1,42,1,42101,"101_107",4210160000,42101014400,401,"6:37",19,NA,NA,NA,"0:00","","","","6:47",21,5,NA,NA,NA,NA,NA,NA,NA,NA,NA,NA,NA,NA,NA,NA,NA,NA,NA,NA,NA,NA,NA,NA,NA,NA,NA,NA,NA,NA,NA,NA,2,1,42,1,42091,"091_412",4209100156,42091201608,12216,1.17,13,63.41036,15.296721,143.4606292,6,47,407,4,"12/20/2012","",0,-75.1400970132193,39.9722367087517,-75.1097816224041,40.116544124873,"POINT (-75.140097 39.972237)","POINT (-75.109782 40.116544)"
45111,517706,2,51770602,506.2252412,143.9896159,1,NA,5.17706e+11,1,5.17706e+13,5177060201,NA,NA,1,1,2,1,1,42,1,42045,"045_203",4204579000,42045400700,4451,"",1,NA,NA,NA,"4:42","","","","8:00",14,5,NA,NA,NA,NA,NA,NA,NA,NA,NA,NA,NA,NA,NA,NA,NA,NA,NA,NA,NA,NA,NA,NA,NA,NA,NA,NA,NA,NA,NA,NA,2,1,42,1,42101,"101_110",4210160000,42101036900,1026,1.12,30,33.865815,5.483506,161.2683698,8,0,480,3,"12/19/2012","",0,-75.2783533552924,39.9575793577259,-75.1840170635385,39.9534784074457,"POINT (-75.278353 39.957579)","POINT (-75.184017 39.953478)"
45112,517706,2,51770602,506.2252412,143.9896159,1,NA,5.17706e+11,2,5.17706e+13,5177060202,NA,NA,1,NA,NA,2,1,42,1,42101,"101_110",4210160000,42101036900,1026,"8:30",5,NA,NA,NA,"8:00","","","","16:30",14,5,NA,NA,NA,NA,NA,NA,NA,NA,NA,NA,NA,NA,NA,NA,NA,NA,NA,NA,NA,NA,NA,NA,NA,NA,NA,NA,NA,NA,NA,NA,1,1,42,1,42045,"045_203",4204579000,42045400700,4451,1.12,30,33.332419,5.476194,161.2683698,16,30,990,3,"12/19/2012","",0,-75.1840170635385,39.9534784074457,-75.2783533552924,39.9575793577259,"POINT (-75.184017 39.953478)","POINT (-75.278353 39.957579)"
45396,519250,2,51925002,354.2806752,155.7896836,1,NA,5.1925e+11,3,5.1925e+13,5192500203,NA,NA,1,NA,NA,4,1,42,1,42045,"045_205",4204522584,42045410000,4804,"14:30",19,NA,NA,NA,"0:00","","","","14:31",14,5,NA,NA,NA,NA,NA,NA,NA,NA,NA,NA,NA,NA,NA,NA,NA,NA,NA,NA,NA,NA,NA,NA,NA,NA,NA,NA,NA,NA,NA,NA,1,1,42,1,42045,"045_203",4204586968,42045402300,4462,1.17,119,61.498823,13.982027,182.2739298,14,31,871,2,"4/2/2013","",0,-75.4500381380104,39.9613999791314,-75.2494877628824,39.925101393977,"POINT (-75.450038 39.961400)","POINT (-75.249488 39.925101)"
45641,520152,2,52015202,244.1763682,80.44946809,1,NA,5.20152e+11,1,5.20152e+13,5201520201,NA,NA,1,1,2,1,1,42,1,42045,"045_206",4204533144,42045408300,5022,"",1,NA,NA,NA,"0:00","","","","7:10",14,5,NA,NA,NA,NA,NA,NA,NA,NA,NA,NA,NA,NA,NA,NA,NA,NA,NA,NA,NA,NA,NA,NA,NA,NA,NA,NA,NA,NA,NA,NA,2,1,42,1,42101,"101_103",4210160000,42101000402,98,1.13,NA,38.172362,10.569176,90.90789894,7,10,430,1,"1/14/2013","",0,-75.3144697816706,40.0155040903494,-75.1672929773502,39.9544153783527,"POINT (-75.314470 40.015504)","POINT (-75.167293 39.954415)"
45642,520152,2,52015202,244.1763682,80.44946809,1,NA,5.20152e+11,2,5.20152e+13,5201520202,NA,NA,1,NA,NA,2,1,42,1,42101,"101_103",4210160000,42101000402,98,"9999",5,NA,NA,NA,"0:00","","","","18:00",14,5,NA,NA,NA,NA,NA,NA,NA,NA,NA,NA,NA,NA,NA,NA,NA,NA,NA,NA,NA,NA,NA,NA,NA,NA,NA,NA,NA,NA,NA,NA,1,1,42,1,42045,"045_206",4204533144,42045408300,5022,1.13,15,38.850606,10.54623,90.90789894,18,0,1080,1,"1/14/2013","",0,-75.1672929773502,39.9544153783527,-75.3144697816706,40.0155040903494,"POINT (-75.167293 39.954415)","POINT (-75.314470 40.015504)"
45980,522056,1,52205601,186.541371,169.4468022,2,NA,5.22056e+11,3,5.22056e+13,5220560103,NA,NA,1,2,NA,1,1,42,1,42101,"101_103",4210160000,42101013500,140,"7:02",1,NA,NA,NA,"0:45","","","","7:50",14,5,NA,NA,NA,NA,NA,NA,NA,NA,NA,NA,NA,NA,NA,NA,NA,NA,NA,NA,NA,NA,NA,NA,NA,NA,NA,NA,NA,NA,NA,NA,4,1,42,1,42101,"101_103",4210160000,42101000100,106,1.12,25,21.147215,2.00608,189.7804184,7,50,470,1,"5/13/2013","",0,-75.1700384657366,39.9693644720962,-75.1489215256524,39.95458250175,"POINT (-75.170038 39.969364)","POINT (-75.148922 39.954583)"
45981,522056,1,52205601,186.541371,169.4468022,2,NA,5.22056e+11,4,5.22056e+13,5220560104,NA,NA,1,NA,NA,4,1,42,1,42101,"101_103",4210160000,42101000100,106,"8:15",96,NA,NA,NA,"8:15","","","","16:30",21,5,NA,NA,NA,NA,NA,NA,NA,NA,NA,NA,NA,NA,NA,NA,NA,NA,NA,NA,NA,NA,NA,NA,NA,NA,NA,NA,NA,NA,NA,NA,4,1,42,1,42101,"101_107",4210160000,42101037700,414,1.12,32,21.2074,2.880745,189.7804184,16,30,990,1,"5/13/2013","",0,-75.1489215256524,39.95458250175,-75.1545851492175,39.9813757258968,"POINT (-75.148922 39.954583)","POINT (-75.154585 39.981376)"
45982,522056,1,52205601,186.541371,169.4468022,2,NA,5.22056e+11,5,5.22056e+13,5220560105,NA,NA,1,NA,NA,4,1,42,1,42101,"101_107",4210160000,42101037700,414,"17:02",5,NA,NA,NA,"0:00","","","","17:40",21,5,NA,NA,NA,NA,NA,NA,NA,NA,NA,NA,NA,NA,NA,NA,NA,NA,NA,NA,NA,NA,NA,NA,NA,NA,NA,NA,NA,NA,NA,NA,1,1,42,1,42101,"101_103",4210160000,42101013500,140,1.12,17,22.336033,1.646494,189.7804184,17,40,1060,1,"5/13/2013","",0,-75.1545851492175,39.9813757258968,-75.1700384657366,39.9693644720962,"POINT (-75.154585 39.981376)","POINT (-75.170038 39.969364)"
46235,523298,1,52329801,122.9157184,153.3103323,1,NA,5.23298e+11,1,5.23298e+13,5232980101,NA,NA,1,1,2,1,1,42,1,42101,"101_110",4210160000,42101009000,1036,"",1,NA,NA,NA,"6:00","","","","10:00",14,5,NA,NA,NA,NA,NA,NA,NA,NA,NA,NA,NA,NA,NA,NA,NA,NA,NA,NA,NA,NA,NA,NA,NA,NA,NA,NA,NA,NA,NA,NA,2,1,42,1,42101,"101_103",4210160000,42101037600,131,1.13,NA,19.994903,2.466619,173.2406755,10,0,600,2,"1/15/2013","",0,-75.1906300416804,39.958024348983,-75.1583275844786,39.9602029183105,"POINT (-75.190630 39.958024)","POINT (-75.158328 39.960203)"
46236,523298,1,52329801,122.9157184,153.3103323,1,NA,5.23298e+11,2,5.23298e+13,5232980102,NA,NA,1,NA,NA,2,1,42,1,42101,"101_103",4210160000,42101037600,131,"9999",5,NA,NA,NA,"0:00","","","","15:00",14,5,NA,NA,NA,NA,NA,NA,NA,NA,NA,NA,NA,NA,NA,NA,NA,NA,NA,NA,NA,NA,NA,NA,NA,NA,NA,NA,NA,NA,NA,NA,1,1,42,1,42101,"101_110",4210160000,42101009000,1036,1.13,30,20.888563,2.318758,173.2406755,15,0,900,2,"1/15/2013","",0,-75.1583275844786,39.9602029183105,-75.1906300416804,39.958024348983,"POINT (-75.158328 39.960203)","POINT (-75.190630 39.958024)"
46241,523298,3,52329803,122.9157184,187.343222,1,NA,5.23298e+11,1,5.23298e+13,5232980301,NA,NA,1,3,2,1,1,42,1,42101,"101_110",4210160000,42101009000,1036,"",1,NA,NA,NA,"6:00","","","","9:00",21,5,NA,NA,NA,NA,NA,NA,NA,NA,NA,NA,NA,NA,NA,NA,NA,NA,NA,NA,NA,NA,NA,NA,NA,NA,NA,NA,NA,NA,NA,NA,2,1,42,1,42101,"101_103",4210160000,42101000804,46,1.13,25,16.894335,1.864333,211.6978408,9,0,540,2,"1/15/2013","",0,-75.1906300416804,39.958024348983,-75.1701368511036,39.9488667930338,"POINT (-75.190630 39.958024)","POINT (-75.170137 39.948867)"
46243,523298,3,52329803,122.9157184,187.343222,1,NA,5.23298e+11,3,5.23298e+13,5232980303,NA,NA,1,NA,NA,4,3,42,1,42101,"101_103",4210160000,42101000401,62,"13:05",11,NA,NA,NA,"0:25","","","","13:30",21,5,NA,NA,NA,NA,NA,NA,NA,NA,NA,NA,NA,NA,NA,NA,NA,NA,NA,NA,NA,NA,NA,NA,NA,NA,NA,NA,NA,NA,NA,NA,4,1,42,1,42101,"101_103",4210160000,42101000100,67,1.13,15,19.14413,1.634925,211.6978408,13,30,810,2,"1/15/2013","",0,-75.1742218041379,39.9513700637455,-75.1474545568906,39.9496085506464,"POINT (-75.174222 39.951370)","POINT (-75.147455 39.949609)"
46244,523298,3,52329803,122.9157184,187.343222,1,NA,5.23298e+11,4,5.23298e+13,5232980304,NA,NA,1,NA,NA,4,1,42,1,42101,"101_103",4210160000,42101000100,67,"13:45",13,NA,NA,NA,"2:00","","","","16:00",21,5,NA,NA,NA,NA,NA,NA,NA,NA,NA,NA,NA,NA,NA,NA,NA,NA,NA,NA,NA,NA,NA,NA,NA,NA,NA,NA,NA,NA,NA,NA,1,1,42,1,42101,"101_110",4210160000,42101009000,1036,1.13,90,14.185289,2.551565,211.6978408,16,0,960,2,"1/15/2013","",0,-75.1474545568906,39.9496085506464,-75.1906300416804,39.958024348983,"POINT (-75.147455 39.949609)","POINT (-75.190630 39.958024)"
46252,523357,2,52335702,154.1587021,425.2024581,1,NA,5.23357e+11,2,5.23357e+13,5233570202,NA,NA,1,NA,NA,4,1,42,1,42101,"101_108",4210160000,42101021700,3217,"10:06",19,NA,NA,NA,"0:05","","","","10:11",14,5,NA,NA,NA,NA,NA,NA,NA,NA,NA,NA,NA,NA,NA,NA,NA,NA,NA,NA,NA,NA,NA,NA,NA,NA,NA,NA,NA,NA,NA,NA,2,1,42,1,42101,"101_103",4210160000,42101000300,114,1.12,49,39.580435,9.731826,476.2267531,10,11,611,5,"1/25/2013","",0,-75.2263543044564,40.0477064501431,-75.1652507511981,39.9564326348413,"POINT (-75.226354 40.047706)","POINT (-75.165251 39.956433)"
46253,523357,2,52335702,154.1587021,425.2024581,1,NA,5.23357e+11,3,5.23357e+13,5233570203,NA,NA,1,NA,NA,2,1,42,1,42101,"101_103",4210160000,42101000300,114,"11:00",5,NA,NA,NA,"3:30","","","","14:30",14,5,NA,NA,NA,NA,NA,NA,NA,NA,NA,NA,NA,NA,NA,NA,NA,NA,NA,NA,NA,NA,NA,NA,NA,NA,NA,NA,NA,NA,NA,NA,4,1,42,1,42101,"101_103",4210160000,42101000300,114,1.12,30,4.927778,0.090151,476.2267531,14,30,870,5,"1/25/2013","",0,-75.1652507511981,39.9564326348413,-75.1652507511981,39.9564326348413,"POINT (-75.165251 39.956433)","POINT (-75.165251 39.956433)"
46756,526472,1,52647201,336.6906514,91.18201645,1,NA,5.26472e+11,2,5.26472e+13,5264720102,NA,NA,1,NA,NA,2,1,42,1,42101,"101_104",4210160000,42101035200,3034,"11:00",5,NA,NA,NA,"0:00","","","","16:00",14,5,NA,NA,NA,NA,NA,NA,NA,NA,NA,NA,NA,NA,NA,NA,NA,NA,NA,NA,NA,NA,NA,NA,NA,NA,NA,NA,NA,NA,NA,NA,1,1,42,1,42101,"101_113",4210160000,42101035601,3410,1.17,480,37.077998,6.969867,106.6829592,16,0,960,2,"1/22/2013","",0,-74.9919645563739,40.0557019160434,-75.0334767058455,40.1004177520944,"POINT (-74.991965 40.055702)","POINT (-75.033477 40.100418)"
46816,526950,3,52695003,644.6665026,844.5747526,1,NA,5.2695e+11,1,5.2695e+13,5269500301,NA,NA,3,2,2,2,1,42,1,42101,"101_104",4210160000,42101032900,3020,"",1,NA,NA,NA,"1:30","","","","4:55",14,5,NA,NA,NA,NA,NA,NA,NA,NA,NA,NA,NA,NA,NA,NA,NA,NA,NA,NA,NA,NA,NA,NA,NA,NA,NA,NA,NA,NA,NA,NA,2,1,42,1,42101,"101_113",4210160000,42101035500,3406,1.17,50,35.693354,5.936414,988.1524605,4,55,295,4,"12/27/2012","",0,-75.025951705377,40.0340975453938,-75.0242936664932,40.0935720600163,"POINT (-75.025952 40.034098)","POINT (-75.024294 40.093572)"
46818,526950,3,52695003,644.6665026,844.5747526,1,NA,5.2695e+11,3,5.2695e+13,5269500303,NA,NA,3,NA,NA,4,1,42,1,42101,"101_113",4210160000,42101036000,3409,"14:15",14,NA,NA,NA,"0:10","","","","14:25",14,5,NA,NA,NA,NA,NA,NA,NA,NA,NA,NA,NA,NA,NA,NA,NA,NA,NA,NA,NA,NA,NA,NA,NA,NA,NA,NA,NA,NA,NA,NA,1,1,42,1,42101,"101_104",4210160000,42101032900,3020,1.17,50,34.906034,6.580145,988.1524605,14,25,865,4,"12/27/2012","",0,-75.0164718495484,40.1003470300558,-75.025951705377,40.0340975453938,"POINT (-75.016472 40.100347)","POINT (-75.025952 40.034098)"
46824,526950,5,52695005,644.6665026,715.2895106,1,NA,5.2695e+11,1,5.2695e+13,5269500501,NA,NA,1,1,2,1,1,42,1,42101,"101_104",4210160000,42101032900,3020,"",1,NA,NA,NA,"3:00","","","","7:00",14,5,NA,NA,NA,NA,NA,NA,NA,NA,NA,NA,NA,NA,NA,NA,NA,NA,NA,NA,NA,NA,NA,NA,NA,NA,NA,NA,NA,NA,NA,NA,2,1,42,1,42101,"101_104",4210160000,42101032100,3003,1.17,25,18.760594,2.598586,836.8887274,7,0,420,4,"12/27/2012","",0,-75.025951705377,40.0340975453938,-75.0589769417546,40.017025533914,"POINT (-75.025952 40.034098)","POINT (-75.058977 40.017026)"
46825,526950,5,52695005,644.6665026,715.2895106,1,NA,5.2695e+11,2,5.2695e+13,5269500502,NA,NA,1,NA,NA,2,1,42,1,42101,"101_104",4210160000,42101032100,3003,"7:25",5,NA,NA,NA,"8:00","","","","15:30",14,5,NA,NA,NA,NA,NA,NA,NA,NA,NA,NA,NA,NA,NA,NA,NA,NA,NA,NA,NA,NA,NA,NA,NA,NA,NA,NA,NA,NA,NA,NA,1,1,42,1,42101,"101_104",4210160000,42101032900,3020,1.17,38,20.022349,2.747998,836.8887274,15,30,930,4,"12/27/2012","",0,-75.0589769417546,40.017025533914,-75.025951705377,40.0340975453938,"POINT (-75.058977 40.017026)","POINT (-75.025952 40.034098)"
46827,527013,1,52701301,170.33356,112.6339686,1,NA,5.27013e+11,1,5.27013e+13,5270130101,NA,NA,2,1,2,1,1,42,1,42101,"101_104",4210160000,42101031600,3019,"",11,NA,NA,NA,"2:15","","","","9:15",14,5,NA,NA,NA,NA,NA,NA,NA,NA,NA,NA,NA,NA,NA,NA,NA,NA,NA,NA,NA,NA,NA,NA,NA,NA,NA,NA,NA,NA,NA,NA,4,1,42,1,42101,"101_103",4210160000,42101000500,90,1.17,60,40.607696,9.185452,131.7817433,9,15,555,2,"1/29/2013","",0,-75.0589191747288,40.0341434174917,-75.1588750233838,39.9528401835985,"POINT (-75.058919 40.034143)","POINT (-75.158875 39.952840)"
46993,527848,1,52784801,182.3521785,158.812487,1,NA,5.27848e+11,1,5.27848e+13,5278480101,NA,NA,2,5,2,1,1,42,1,42101,"101_115",4210160000,42101028300,2601,"",1,NA,NA,NA,"7:00","","","","10:00",21,5,NA,NA,NA,NA,NA,NA,NA,NA,NA,NA,NA,NA,NA,NA,NA,NA,NA,NA,NA,NA,NA,NA,NA,NA,NA,NA,NA,NA,NA,NA,4,1,42,1,42101,"101_103",4210160000,42101000500,71,1.17,90,32.379671,5.805536,185.8106098,10,0,600,3,"2/6/2013","",0,-75.1446066576729,40.0233803729966,-75.1584725274299,39.950967187359,"POINT (-75.144607 40.023380)","POINT (-75.158473 39.950967)"
46996,527848,1,52784801,182.3521785,158.812487,1,NA,5.27848e+11,4,5.27848e+13,5278480104,NA,NA,2,NA,NA,4,1,42,1,42101,"101_115",4210160000,42101027600,2622,"14:00",19,NA,NA,NA,"0:10","","","","14:10",14,5,NA,NA,NA,NA,NA,NA,NA,NA,NA,NA,NA,NA,NA,NA,NA,NA,NA,NA,NA,NA,NA,NA,NA,NA,NA,NA,NA,NA,NA,NA,4,1,42,1,42101,"101_115",4210160000,42101028400,2602,1.17,0,11.765591,1.565234,185.8106098,14,10,850,3,"2/6/2013","",0,-75.1392788470332,40.0429484652339,-75.1381304513604,40.0251658128621,"POINT (-75.139279 40.042948)","POINT (-75.138130 40.025166)"
47000,527848,1,52784801,182.3521785,158.812487,2,NA,5.27848e+11,8,5.27848e+13,5278480108,NA,NA,3,NA,NA,4,1,42,1,42101,"101_115",4210160000,42101028100,2609,"17:38",19,NA,NA,NA,"0:02","","","","17:40",21,5,NA,NA,NA,NA,NA,NA,NA,NA,NA,NA,NA,NA,NA,NA,NA,NA,NA,NA,NA,NA,NA,NA,NA,NA,NA,NA,NA,NA,NA,NA,4,1,42,1,42101,"101_101",4210160000,42101017300,1408,1.17,9,21.101329,2.996969,185.8106098,17,40,1060,3,"2/6/2013","",0,-75.1491317030119,40.0304553583606,-75.1609354256761,39.9985787329005,"POINT (-75.149132 40.030455)","POINT (-75.160935 39.998579)"
47001,527848,1,52784801,182.3521785,158.812487,2,NA,5.27848e+11,9,5.27848e+13,5278480109,NA,NA,3,NA,NA,4,1,42,1,42101,"101_101",4210160000,42101017300,1408,"17:49",19,NA,NA,NA,"0:00","","","","17:57",14,5,NA,NA,NA,NA,NA,NA,NA,NA,NA,NA,NA,NA,NA,NA,NA,NA,NA,NA,NA,NA,NA,NA,NA,NA,NA,NA,NA,NA,NA,NA,4,1,42,1,42101,"101_107",4210160000,42101015101,424,1.17,18,19.386363,1.284676,185.8106098,17,57,1077,3,"2/6/2013","",0,-75.1609354256761,39.9985787329005,-75.1857519422656,39.9869713053535,"POINT (-75.160935 39.998579)","POINT (-75.185752 39.986971)"
47005,527848,2,52784802,182.3521785,145.8057825,1,NA,5.27848e+11,2,5.27848e+13,5278480202,NA,NA,1,NA,NA,4,3,42,1,42091,"091_412",4209138000,42091202100,12244,"9:00",5,NA,NA,NA,"2:00","","","","11:00",14,5,NA,NA,NA,NA,NA,NA,NA,NA,NA,NA,NA,NA,NA,NA,NA,NA,NA,NA,NA,NA,NA,NA,NA,NA,NA,NA,NA,NA,NA,NA,1,1,42,1,42101,"101_115",4210160000,42101028300,2601,1.17,60,31.880173,6.506807,170.5927655,11,0,660,3,"2/6/2013","",0,-75.1325211942729,40.0941668713503,-75.1446066576729,40.0233803729966,"POINT (-75.132521 40.094167)","POINT (-75.144607 40.023380)"
47130,528480,1,52848001,543.6388927,1034.576165,1,NA,5.2848e+11,1,5.2848e+13,5284800101,NA,NA,1,2,2,1,1,42,1,42101,"101_103",4210160000,42101001202,28,"",1,2,NA,NA,"3:01","0:01","","","7:05",21,5,NA,NA,NA,NA,NA,NA,NA,NA,NA,NA,NA,NA,NA,NA,NA,NA,NA,NA,NA,NA,NA,NA,NA,NA,NA,NA,NA,NA,NA,NA,2,1,42,1,42091,"091_412",4209100156,42091201607,12217,1.17,56,63.876424,13.89921,1210.454113,7,5,425,5,"5/3/2013","",0,-75.1689771799637,39.9467826108977,-75.124494522152,40.1214440489086,"POINT (-75.168977 39.946783)","POINT (-75.124495 40.121444)"
47131,528480,1,52848001,543.6388927,1034.576165,1,NA,5.2848e+11,2,5.2848e+13,5284800102,NA,NA,1,NA,NA,2,1,42,1,42091,"091_412",4209100156,42091201607,12217,"8:01",5,NA,NA,NA,"7:00","","","","15:30",21,5,NA,NA,NA,NA,NA,NA,NA,NA,NA,NA,NA,NA,NA,NA,NA,NA,NA,NA,NA,NA,NA,NA,NA,NA,NA,NA,NA,NA,NA,NA,3,1,42,1,42101,"101_107",4210160000,42101015300,417,1.17,45,65.695486,11.578212,1210.454113,15,30,930,5,"5/3/2013","",0,-75.124494522152,40.1214440489086,-75.1608866949941,39.9837724999129,"POINT (-75.124495 40.121444)","POINT (-75.160887 39.983772)"
47132,528480,1,52848001,543.6388927,1034.576165,1,NA,5.2848e+11,3,5.2848e+13,5284800103,NA,NA,1,NA,NA,3,1,42,1,42101,"101_107",4210160000,42101015300,417,"16:15",3,NA,NA,NA,"3:30","","","","20:00",21,5,NA,NA,NA,NA,NA,NA,NA,NA,NA,NA,NA,NA,NA,NA,NA,NA,NA,NA,NA,NA,NA,NA,NA,NA,NA,NA,NA,NA,NA,NA,1,1,42,1,42101,"101_103",4210160000,42101001202,28,1.17,35,22.779576,2.957933,1210.454113,20,0,1200,5,"5/3/2013","",0,-75.1608866949941,39.9837724999129,-75.1689771799637,39.9467826108977,"POINT (-75.160887 39.983772)","POINT (-75.168977 39.946783)"
47161,528559,1,52855901,254.7502371,519.2502021,1,NA,5.28559e+11,1,5.28559e+13,5285590101,NA,NA,1,5,2,1,1,42,1,42101,"101_103",4210160000,42101001300,9,"",1,NA,NA,NA,"6:34","","","","9:34",14,5,NA,NA,NA,NA,NA,NA,NA,NA,NA,NA,NA,NA,NA,NA,NA,NA,NA,NA,NA,NA,NA,NA,NA,NA,NA,NA,NA,NA,NA,NA,2,1,42,1,42101,"101_103",4210160000,42101000402,81,1.12,21,17.179463,1.519213,581.5602263,9,34,574,3,"6/12/2013","",0,-75.1845576169885,39.942839888606,-75.1692942790448,39.9527602328087,"POINT (-75.184558 39.942840)","POINT (-75.169294 39.952760)"
47221,528867,1,52886701,264.8909442,91.98441287,2,NA,5.28867e+11,4,5.28867e+13,5288670104,NA,NA,2,2,NA,1,1,42,1,42101,"101_103",4210160000,42101000700,62,"10:45",1,NA,NA,NA,"1:30","","","","12:15",14,5,NA,NA,NA,NA,NA,NA,NA,NA,NA,NA,NA,NA,NA,NA,NA,NA,NA,NA,NA,NA,NA,NA,NA,NA,NA,NA,NA,NA,NA,NA,4,1,42,1,42101,"101_108",4210160000,42101020900,3203,1.17,30,19.282533,6.674123,107.6217631,12,15,735,4,"1/24/2013","",0,-75.1742218041379,39.9513700637455,-75.2092872712104,40.0181516385401,"POINT (-75.174222 39.951370)","POINT (-75.209287 40.018152)"
47222,528867,1,52886701,264.8909442,91.98441287,2,NA,5.28867e+11,5,5.28867e+13,5288670105,NA,NA,2,NA,NA,4,1,42,1,42101,"101_108",4210160000,42101020900,3203,"12:45",19,NA,NA,NA,"0:10","","","","12:55",14,5,NA,NA,NA,NA,NA,NA,NA,NA,NA,NA,NA,NA,NA,NA,NA,NA,NA,NA,NA,NA,NA,NA,NA,NA,NA,NA,NA,NA,NA,NA,4,1,42,1,42091,"091_413",4209161664,42091204007,12408,1.17,35,37.083333,8.418002,107.6217631,12,55,775,4,"1/24/2013","",0,-75.2092872712104,40.0181516385401,-75.2875138170096,40.0988652361305,"POINT (-75.209287 40.018152)","POINT (-75.287514 40.098865)"
47251,529112,1,52911201,501.2719557,159.9495175,1,1,5.29112e+11,3,5.29112e+13,5291120103,NA,NA,1,NA,NA,4,1,42,1,42101,"101_101",4210160000,42101020101,1418,"13:34",19,NA,NA,NA,"0:00","","","","13:36",21,5,NA,NA,NA,NA,NA,NA,NA,NA,NA,NA,NA,NA,NA,NA,NA,NA,NA,NA,NA,NA,NA,NA,NA,NA,NA,NA,NA,NA,NA,NA,4,1,42,1,42101,"101_101",4210160000,42101017300,1408,1.17,3,10.58351,1.053145,187.1409354,13,36,816,4,"5/23/2013","",0,-75.1553089348274,40.0036904586044,-75.1609354256761,39.9985787329005,"POINT (-75.155309 40.003690)","POINT (-75.160935 39.998579)"
47252,529112,1,52911201,501.2719557,159.9495175,1,1,5.29112e+11,4,5.29112e+13,5291120104,NA,NA,1,NA,NA,4,1,42,1,42101,"101_101",4210160000,42101017300,1408,"13:39",19,NA,NA,NA,"0:00","","","","13:49",14,5,NA,NA,NA,NA,NA,NA,NA,NA,NA,NA,NA,NA,NA,NA,NA,NA,NA,NA,NA,NA,NA,NA,NA,NA,NA,NA,NA,NA,NA,NA,4,1,42,1,42101,"101_107",4210160000,42101016300,426,1.17,11,20.614316,2.028179,187.1409354,13,49,829,4,"5/23/2013","",0,-75.1609354256761,39.9985787329005,-75.1339173390945,39.9885141593941,"POINT (-75.160935 39.998579)","POINT (-75.133917 39.988514)"
47254,529112,1,52911201,501.2719557,159.9495175,1,1,5.29112e+11,6,5.29112e+13,5291120106,NA,NA,1,NA,NA,4,1,42,1,42101,"101_101",4210160000,42101017601,1402,"14:55",19,NA,NA,NA,"0:12","","","","15:10",14,5,NA,NA,NA,NA,NA,NA,NA,NA,NA,NA,NA,NA,NA,NA,NA,NA,NA,NA,NA,NA,NA,NA,NA,NA,NA,NA,NA,NA,NA,NA,4,1,42,1,42101,"101_101",4210160000,42101017400,1405,1.17,13,16.620424,1.066603,187.1409354,15,10,910,4,"5/23/2013","",0,-75.1370076336645,39.9947816699323,-75.1503604073933,39.9962218359028,"POINT (-75.137008 39.994782)","POINT (-75.150360 39.996222)"
47255,529112,1,52911201,501.2719557,159.9495175,1,1,5.29112e+11,7,5.29112e+13,5291120107,NA,NA,1,NA,NA,4,1,42,1,42101,"101_101",4210160000,42101017400,1405,"15:23",19,NA,NA,NA,"0:05","","","","15:28",21,5,NA,NA,NA,NA,NA,NA,NA,NA,NA,NA,NA,NA,NA,NA,NA,NA,NA,NA,NA,NA,NA,NA,NA,NA,NA,NA,NA,NA,NA,NA,4,1,42,1,42101,"101_101",4210160000,42101020101,1418,1.17,2,12.823496,0.800399,187.1409354,15,28,928,4,"5/23/2013","",0,-75.1503604073933,39.9962218359028,-75.1553089348274,40.0036904586044,"POINT (-75.150360 39.996222)","POINT (-75.155309 40.003690)"
47259,529190,1,52919001,544.3206909,410.6405782,1,NA,5.2919e+11,1,5.2919e+13,5291900101,NA,NA,2,0,2,1,1,42,1,42101,"101_108",4210160000,42101021800,3219,"",1,NA,NA,NA,"10:00","","","","17:50",14,5,NA,NA,NA,NA,NA,NA,NA,NA,NA,NA,NA,NA,NA,NA,NA,NA,NA,NA,NA,NA,NA,NA,NA,NA,NA,NA,NA,NA,NA,NA,1,1,42,1,42101,"101_108",4210160000,42101021800,3219,1.17,65,12.164871,0.499753,480.4494765,17,50,1070,2,"5/14/2013","",0,-75.2324370649115,40.0574839750067,-75.2324370649115,40.0574839750067,"POINT (-75.232437 40.057484)","POINT (-75.232437 40.057484)"
47418,530501,1,53050101,86.67605823,101.5978866,1,NA,5.30501e+11,1,5.30501e+13,5305010101,NA,NA,1,3,2,1,1,42,1,42101,"101_111",4210160000,42101008102,1208,"",1,15,7,96,"0:00","","2:15","","7:50",14,5,NA,NA,NA,NA,NA,NA,NA,NA,NA,NA,NA,NA,NA,NA,NA,NA,NA,NA,NA,NA,NA,NA,NA,NA,NA,NA,NA,NA,NA,NA,2,1,42,1,42101,"101_103",4210160000,42101000500,91,1.13,37,26.143047,4.456093,114.8056118,7,50,470,4,"5/30/2013","",0,-75.2344018743884,39.9529742315534,-75.1612826317197,39.9532127364358,"POINT (-75.234402 39.952974)","POINT (-75.161283 39.953213)"
47420,530501,1,53050101,86.67605823,101.5978866,1,NA,5.30501e+11,3,5.30501e+13,5305010103,NA,NA,1,NA,NA,4,1,42,1,42101,"101_103",4210160000,42101000804,43,"19:00",12,19,8,19,"0:00","","","","19:36",14,5,NA,NA,NA,NA,NA,NA,NA,NA,NA,NA,NA,NA,NA,NA,NA,NA,NA,NA,NA,NA,NA,NA,NA,NA,NA,NA,NA,NA,NA,NA,4,1,42,1,42101,"101_110",4210160000,42101008802,1031,1.13,15,17.196002,2.192357,114.8056118,19,36,1176,4,"5/30/2013","",0,-75.1652643007328,39.9488899960486,-75.2024327640643,39.9546329212277,"POINT (-75.165264 39.948890)","POINT (-75.202433 39.954633)"
47421,530501,1,53050101,86.67605823,101.5978866,1,NA,5.30501e+11,4,5.30501e+13,5305010104,NA,NA,1,NA,NA,4,1,42,1,42101,"101_110",4210160000,42101008802,1031,"19:51",11,19,6,8,"0:00","","","","20:21",14,5,NA,NA,NA,NA,NA,NA,NA,NA,NA,NA,NA,NA,NA,NA,NA,NA,NA,NA,NA,NA,NA,NA,NA,NA,NA,NA,NA,NA,NA,NA,1,1,42,1,42101,"101_111",4210160000,42101008102,1208,1.13,6,17.836299,2.046174,114.8056118,20,21,1221,4,"5/30/2013","",0,-75.2024327640643,39.9546329212277,-75.2344018743884,39.9529742315534,"POINT (-75.202433 39.954633)","POINT (-75.234402 39.952974)"
47452,531425,1,53142501,248.0558183,127.4535814,1,NA,5.31425e+11,3,5.31425e+13,5314250103,NA,NA,2,NA,NA,4,4,42,1,42101,"101_117",4210160000,42101038500,2437,"11:20",19,NA,NA,NA,"0:00","","","","11:21",14,5,NA,NA,NA,NA,NA,NA,NA,NA,NA,NA,NA,NA,NA,NA,NA,NA,NA,NA,NA,NA,NA,NA,NA,NA,NA,NA,NA,NA,NA,NA,4,1,42,1,42091,"091_412",4209112968,42091202500,12238,1.17,9,23.916667,3.828232,149.1206902,11,21,681,2,"4/23/2013","",0,-75.2087795541006,40.0727929276456,-75.1571977835929,40.0823045185899,"POINT (-75.208780 40.072793)","POINT (-75.157198 40.082305)"
47453,531425,1,53142501,248.0558183,127.4535814,1,NA,5.31425e+11,4,5.31425e+13,5314250104,NA,NA,2,NA,NA,4,1,42,1,42091,"091_412",4209112968,42091202500,12238,"11:30",19,NA,NA,NA,"0:00","","","","11:35",14,5,NA,NA,NA,NA,NA,NA,NA,NA,NA,NA,NA,NA,NA,NA,NA,NA,NA,NA,NA,NA,NA,NA,NA,NA,NA,NA,NA,NA,NA,NA,4,1,42,1,42091,"091_412",4209100156,42091201603,12226,1.17,20,36.2,5.720965,149.1206902,11,35,695,2,"4/23/2013","",0,-75.1571977835929,40.0823045185899,-75.1263233403386,40.1432542039051,"POINT (-75.157198 40.082305)","POINT (-75.126323 40.143254)"
47669,537301,2,53730102,1019.897822,596.739391,1,NA,5.37301e+11,2,5.37301e+13,5373010202,NA,NA,1,NA,NA,4,3,42,1,42101,"101_114",4210160000,42101029200,1609,"6:20",96,NA,NA,NA,"0:35","","","","6:56",14,5,NA,NA,NA,NA,NA,NA,NA,NA,NA,NA,NA,NA,NA,NA,NA,NA,NA,NA,NA,NA,NA,NA,NA,NA,NA,NA,NA,NA,NA,NA,2,1,42,1,42101,"101_107",4210160000,42101016600,427,1.17,14,42.346991,6.047035,698.1850875,6,56,416,2,"4/23/2013","",0,-75.1008734078827,40.0238583711636,-75.1536080135934,39.9890571718199,"POINT (-75.100873 40.023858)","POINT (-75.153608 39.989057)"
47670,537301,2,53730102,1019.897822,596.739391,1,NA,5.37301e+11,3,5.37301e+13,5373010203,NA,NA,1,NA,NA,2,1,42,1,42101,"101_107",4210160000,42101016600,427,"7:10",5,NA,NA,NA,"11:00","","","","18:45",14,5,NA,NA,NA,NA,NA,NA,NA,NA,NA,NA,NA,NA,NA,NA,NA,NA,NA,NA,NA,NA,NA,NA,NA,NA,NA,NA,NA,NA,NA,NA,1,1,42,1,42101,"101_101",4210160000,42101019100,1434,1.17,45,35.426119,5.499873,698.1850875,18,45,1125,2,"4/23/2013","",0,-75.1536080135934,39.9890571718199,-75.1055945010731,40.0133259954788,"POINT (-75.153608 39.989057)","POINT (-75.105595 40.013326)"
47674,537471,1,53747101,254.7502371,169.4468022,1,NA,5.37471e+11,1,5.37471e+13,5374710101,NA,NA,1,6,2,1,1,42,1,42101,"101_103",4210160000,42101000100,86,"",1,NA,NA,NA,"6:25","","","","9:25",21,5,NA,NA,NA,NA,NA,NA,NA,NA,NA,NA,NA,NA,NA,NA,NA,NA,NA,NA,NA,NA,NA,NA,NA,NA,NA,NA,NA,NA,NA,NA,2,1,42,1,42101,"101_110",4210160000,42101036900,1030,1.12,25,15.701896,2.586792,189.7804184,9,25,565,4,"4/25/2013","",0,-75.1470807570054,39.9513767444736,-75.1941152941134,39.9546263068532,"POINT (-75.147081 39.951377)","POINT (-75.194115 39.954626)"
47675,537471,1,53747101,254.7502371,169.4468022,1,NA,5.37471e+11,2,5.37471e+13,5374710102,NA,NA,1,NA,NA,2,1,42,1,42101,"101_110",4210160000,42101036900,1030,"9:50",10,5,6,NA,"6:20","","","","16:50",21,5,NA,NA,NA,NA,NA,NA,NA,NA,NA,NA,NA,NA,NA,NA,NA,NA,NA,NA,NA,NA,NA,NA,NA,NA,NA,NA,NA,NA,NA,NA,4,1,42,1,42045,"045_203",4204579000,42045400500,4459,1.12,20,23.648892,4.127285,189.7804184,16,50,1010,4,"4/25/2013","",0,-75.1941152941134,39.9546263068532,-75.2626735411038,39.9640057100153,"POINT (-75.194115 39.954626)","POINT (-75.262674 39.964006)"
47676,537471,1,53747101,254.7502371,169.4468022,1,NA,5.37471e+11,3,5.37471e+13,5374710103,NA,NA,1,NA,NA,4,1,42,1,42045,"045_203",4204579000,42045400500,4459,"17:10",19,NA,NA,NA,"0:00","","","","17:30",14,5,NA,NA,NA,NA,NA,NA,NA,NA,NA,NA,NA,NA,NA,NA,NA,NA,NA,NA,NA,NA,NA,NA,NA,NA,NA,NA,NA,NA,NA,NA,4,1,42,1,42091,"091_401",4209144976,42091205501,10007,1.12,30,29.631951,4.861426,189.7804184,17,30,1050,4,"4/25/2013","",0,-75.2626735411038,39.9640057100153,-75.2898472832018,40.0026899156158,"POINT (-75.262674 39.964006)","POINT (-75.289847 40.002690)"
47678,537471,1,53747101,254.7502371,169.4468022,1,NA,5.37471e+11,5,5.37471e+13,5374710105,NA,NA,1,NA,NA,4,1,42,1,42091,"091_401",4209144976,42091205501,10007,"18:20",11,NA,NA,NA,"0:00","","","","18:50",14,5,NA,NA,NA,NA,NA,NA,NA,NA,NA,NA,NA,NA,NA,NA,NA,NA,NA,NA,NA,NA,NA,NA,NA,NA,NA,NA,NA,NA,NA,NA,4,1,42,1,42045,"045_203",4204579000,42045400500,4459,1.12,50,29.248703,5.101403,189.7804184,18,50,1130,4,"4/25/2013","",0,-75.2898472832018,40.0026899156158,-75.2626735411038,39.9640057100153,"POINT (-75.289847 40.002690)","POINT (-75.262674 39.964006)"
47679,537471,1,53747101,254.7502371,169.4468022,1,NA,5.37471e+11,6,5.37471e+13,5374710106,NA,NA,1,NA,NA,4,1,42,1,42045,"045_203",4204579000,42045400500,4459,"19:40",19,NA,NA,NA,"0:00","","","","19:55",21,5,NA,NA,NA,NA,NA,NA,NA,NA,NA,NA,NA,NA,NA,NA,NA,NA,NA,NA,NA,NA,NA,NA,NA,NA,NA,NA,NA,NA,NA,NA,4,1,42,1,42101,"101_103",4210160000,42101000100,66,1.12,35,28.133333,6.56788,189.7804184,19,55,1195,4,"4/25/2013","",0,-75.2626735411038,39.9640057100153,-75.1446587384151,39.9502859178682,"POINT (-75.262674 39.964006)","POINT (-75.144659 39.950286)"
47682,537471,2,53747102,254.7502371,192.8580113,1,NA,5.37471e+11,1,5.37471e+13,5374710201,NA,NA,1,4,2,1,1,42,1,42101,"101_103",4210160000,42101000100,86,"",1,7,NA,NA,"5:30","1:00","","","9:35",21,5,NA,NA,NA,NA,NA,NA,NA,NA,NA,NA,NA,NA,NA,NA,NA,NA,NA,NA,NA,NA,NA,NA,NA,NA,NA,NA,NA,NA,NA,NA,2,1,42,1,42101,"101_110",4210160000,42101036900,1018,1.12,20,20.331103,3.098399,216.0009726,9,35,575,4,"4/25/2013","",0,-75.1470807570054,39.9513767444736,-75.1957094473416,39.9494354858208,"POINT (-75.147081 39.951377)","POINT (-75.195709 39.949435)"
47684,537471,2,53747102,254.7502371,192.8580113,1,NA,5.37471e+11,3,5.37471e+13,5374710203,NA,NA,1,NA,NA,4,1,42,1,42101,"101_110",4210160000,42101008802,1022,"17:35",8,NA,NA,NA,"0:00","","","","17:55",14,5,NA,NA,NA,NA,NA,NA,NA,NA,NA,NA,NA,NA,NA,NA,NA,NA,NA,NA,NA,NA,NA,NA,NA,NA,NA,NA,NA,NA,NA,NA,4,1,42,1,42091,"091_401",4209144976,42091205501,10007,1.12,65,44.04655,8.931843,216.0009726,17,55,1075,4,"4/25/2013","",0,-75.2032844122027,39.9507247552209,-75.2898472832018,40.0026899156158,"POINT (-75.203284 39.950725)","POINT (-75.289847 40.002690)"
47686,537471,2,53747102,254.7502371,192.8580113,1,NA,5.37471e+11,5,5.37471e+13,5374710205,NA,NA,1,NA,NA,4,1,42,1,42091,"091_401",4209144976,42091205501,10007,"19:45",11,NA,NA,NA,"1:05","","","","20:50",14,5,NA,NA,NA,NA,NA,NA,NA,NA,NA,NA,NA,NA,NA,NA,NA,NA,NA,NA,NA,NA,NA,NA,NA,NA,NA,NA,NA,NA,NA,NA,1,1,42,1,42101,"101_103",4210160000,42101000100,86,1.12,60,57.215962,11.882717,216.0009726,20,50,1250,4,"4/25/2013","",0,-75.2898472832018,40.0026899156158,-75.1470807570054,39.9513767444736,"POINT (-75.289847 40.002690)","POINT (-75.147081 39.951377)"
47732,542088,2,54208802,567.476916,333.8619304,1,NA,5.42088e+11,2,5.42088e+13,5420880202,NA,NA,2,NA,NA,4,1,42,1,42101,"101_103",4210160000,42101000402,76,"7:41",19,NA,NA,NA,"0:04","","","","7:45",21,5,NA,NA,NA,NA,NA,NA,NA,NA,NA,NA,NA,NA,NA,NA,NA,NA,NA,NA,NA,NA,NA,NA,NA,NA,NA,NA,NA,NA,NA,NA,4,1,42,1,42101,"101_110",4210160000,42101008802,1031,1.17,4,12.722622,2.254005,390.6184586,7,45,465,4,"5/30/2013","",0,-75.1662257986882,39.9519342771783,-75.2024327640643,39.9546329212277,"POINT (-75.166226 39.951934)","POINT (-75.202433 39.954633)"
47735,542088,2,54208802,567.476916,333.8619304,1,NA,5.42088e+11,5,5.42088e+13,5420880205,NA,NA,2,NA,NA,4,1,42,1,42101,"101_110",4210160000,42101008802,1031,"17:05",19,NA,NA,NA,"0:01","","","","17:06",21,5,NA,NA,NA,NA,NA,NA,NA,NA,NA,NA,NA,NA,NA,NA,NA,NA,NA,NA,NA,NA,NA,NA,NA,NA,NA,NA,NA,NA,NA,NA,4,1,42,1,42101,"101_103",4210160000,42101000402,76,1.17,6,13.562304,2.250636,390.6184586,17,6,1026,4,"5/30/2013","",0,-75.2024327640643,39.9546329212277,-75.1662257986882,39.9519342771783,"POINT (-75.202433 39.954633)","POINT (-75.166226 39.951934)"
47744,542331,2,54233102,258.7447603,183.5564244,1,NA,5.42331e+11,1,5.42331e+13,5423310201,NA,NA,2,1,2,1,1,42,1,42101,"101_111",4210160000,42101009400,1215,"",1,20,NA,NA,"4:00","2:00","","","12:00",14,5,NA,NA,NA,NA,NA,NA,NA,NA,NA,NA,NA,NA,NA,NA,NA,NA,NA,NA,NA,NA,NA,NA,NA,NA,NA,NA,NA,NA,NA,NA,4,1,42,1,42101,"101_111",4210160000,42101010200,1224,1.17,2,7.816667,0.557991,214.7610166,12,0,720,2,"6/11/2013","",0,-75.2322455285086,39.963278945388,-75.2316719358833,39.9680910426143,"POINT (-75.232246 39.963279)","POINT (-75.231672 39.968091)"
47845,548573,1,54857301,458.7122574,215.4700509,1,1,5.48573e+11,2,5.48573e+13,5485730102,NA,NA,1,NA,NA,2,1,42,1,42101,"101_109",4210160000,42101038000,629,"7:10",5,NA,NA,NA,"5:10","","","","12:20",14,5,NA,NA,NA,NA,NA,NA,NA,NA,NA,NA,NA,NA,NA,NA,NA,NA,NA,NA,NA,NA,NA,NA,NA,NA,NA,NA,NA,NA,NA,NA,4,1,42,1,42101,"101_103",4210160000,42101012500,133,1.17,40,44.817815,7.206797,252.0999596,12,20,740,4,"5/2/2013","",0,-75.0832986794972,40.0041401208179,-75.1673759243643,39.9592890487195,"POINT (-75.083299 40.004140)","POINT (-75.167376 39.959289)"
47846,548573,1,54857301,458.7122574,215.4700509,1,1,5.48573e+11,3,5.48573e+13,5485730103,NA,NA,1,NA,NA,4,1,42,1,42101,"101_103",4210160000,42101012500,133,"13:00",6,NA,NA,NA,"1:00","","","","14:00",14,5,NA,NA,NA,NA,NA,NA,NA,NA,NA,NA,NA,NA,NA,NA,NA,NA,NA,NA,NA,NA,NA,NA,NA,NA,NA,NA,NA,NA,NA,NA,4,1,42,1,42101,"101_109",4210160000,42101038000,629,1.17,30,43.142204,7.274902,252.0999596,14,0,840,4,"5/2/2013","",0,-75.1673759243643,39.9592890487195,-75.0832986794972,40.0041401208179,"POINT (-75.167376 39.959289)","POINT (-75.083299 40.004140)"
48014,555088,2,55508802,337.0550875,107.3817831,1,NA,5.55088e+11,2,5.55088e+13,5550880202,NA,NA,1,NA,NA,4,1,42,1,42101,"101_110",4210160000,42101007800,1016,"8:13",19,NA,NA,NA,"0:15","","","","8:28",23,5,NA,NA,NA,NA,NA,NA,NA,NA,NA,NA,NA,NA,NA,NA,NA,NA,NA,NA,NA,NA,NA,NA,NA,NA,NA,NA,NA,NA,NA,NA,4,1,42,1,42101,"101_110",4210160000,42101980000,1040,1.17,2,19.950349,2.848205,125.6366862,8,28,508,2,"5/14/2013","",0,-75.2162654488479,39.9464660922369,-75.1834073455283,39.9599979498596,"POINT (-75.216265 39.946466)","POINT (-75.183407 39.959998)"
48015,555088,2,55508802,337.0550875,107.3817831,1,NA,5.55088e+11,3,5.55088e+13,5550880203,NA,NA,1,NA,NA,4,1,42,1,42101,"101_110",4210160000,42101980000,1040,"8:30",19,NA,NA,NA,"0:02","","","","8:32",21,5,NA,NA,NA,NA,NA,NA,NA,NA,NA,NA,NA,NA,NA,NA,NA,NA,NA,NA,NA,NA,NA,NA,NA,NA,NA,NA,NA,NA,NA,NA,4,1,42,1,42101,"101_103",4210160000,42101000500,69,1.17,5,15.119871,1.927886,125.6366862,8,32,512,2,"5/14/2013","",0,-75.1834073455283,39.9599979498596,-75.1537481432666,39.9503794767793,"POINT (-75.183407 39.959998)","POINT (-75.153748 39.950379)"
48022,555088,2,55508802,337.0550875,107.3817831,1,NA,5.55088e+11,10,5.55088e+13,5550880210,NA,NA,1,NA,NA,4,1,42,1,42101,"101_103",4210160000,42101000500,69,"17:47",19,NA,NA,NA,"0:02","","","","17:53",21,5,NA,NA,NA,NA,NA,NA,NA,NA,NA,NA,NA,NA,NA,NA,NA,NA,NA,NA,NA,NA,NA,NA,NA,NA,NA,NA,NA,NA,NA,NA,4,1,42,1,42101,"101_110",4210160000,42101980000,1040,1.17,20,15.572594,1.877362,125.6366862,17,53,1073,2,"5/14/2013","",0,-75.1537481432666,39.9503794767793,-75.1834073455283,39.9599979498596,"POINT (-75.153748 39.950379)","POINT (-75.183407 39.959998)"
48023,555088,2,55508802,337.0550875,107.3817831,1,NA,5.55088e+11,11,5.55088e+13,5550880211,NA,NA,1,NA,NA,4,1,42,1,42101,"101_110",4210160000,42101980000,1040,"18:13",19,NA,NA,NA,"0:02","","","","18:17",23,5,NA,NA,NA,NA,NA,NA,NA,NA,NA,NA,NA,NA,NA,NA,NA,NA,NA,NA,NA,NA,NA,NA,NA,NA,NA,NA,NA,NA,NA,NA,4,1,42,1,42101,"101_110",4210160000,42101007800,1016,1.17,0,21.18627,2.834186,125.6366862,18,17,1097,2,"5/14/2013","",0,-75.1834073455283,39.9599979498596,-75.2162654488479,39.9464660922369,"POINT (-75.183407 39.959998)","POINT (-75.216265 39.946466)"
48037,556183,1,55618301,482.4406172,165.0266918,1,NA,5.56183e+11,1,5.56183e+13,5561830101,NA,NA,1,1,2,1,1,42,1,42101,"101_104",4210160000,42101032300,3005,"",15,7,1,NA,"0:00","","8:01","","12:00",14,5,NA,NA,NA,NA,NA,NA,NA,NA,NA,NA,NA,NA,NA,NA,NA,NA,NA,NA,NA,NA,NA,NA,NA,NA,NA,NA,NA,NA,NA,NA,2,1,42,1,42045,"045_203",4204579000,42045410500,4453,1.17,60,60.996225,14.134849,193.0812294,12,0,720,3,"5/15/2013","",0,-75.0515287201836,40.021097885328,-75.2538526622578,39.9589775244658,"POINT (-75.051529 40.021098)","POINT (-75.253853 39.958978)"
48038,556183,1,55618301,482.4406172,165.0266918,1,NA,5.56183e+11,2,5.56183e+13,5561830102,NA,NA,1,NA,NA,2,1,42,1,42045,"045_203",4204579000,42045410500,4453,"13:00",96,NA,NA,NA,"8:00","","","","21:00",14,5,NA,NA,NA,NA,NA,NA,NA,NA,NA,NA,NA,NA,NA,NA,NA,NA,NA,NA,NA,NA,NA,NA,NA,NA,NA,NA,NA,NA,NA,NA,1,1,42,1,42101,"101_104",4210160000,42101032300,3005,1.17,60,62.035214,14.420047,193.0812294,21,0,1260,3,"5/15/2013","",0,-75.2538526622578,39.9589775244658,-75.0515287201836,40.021097885328,"POINT (-75.253853 39.958978)","POINT (-75.051529 40.021098)"
48107,561770,1,56177001,332.4093469,211.2666896,1,NA,5.6177e+11,1,5.6177e+13,5617700101,NA,NA,1,1,2,1,1,42,1,42101,"101_117",4210160000,42101023700,2417,"",1,14,NA,NA,"6:30","","","","10:55",14,5,NA,NA,NA,NA,NA,NA,NA,NA,NA,NA,NA,NA,NA,NA,NA,NA,NA,NA,NA,NA,NA,NA,NA,NA,NA,NA,NA,NA,NA,NA,2,1,42,1,42101,"101_107",4210160000,42101014600,408,1.17,48,49.12717,6.310571,247.1820269,10,55,655,4,"5/9/2013","",0,-75.1874482344911,40.0457370394131,-75.1530023621858,39.9760354383899,"POINT (-75.187448 40.045737)","POINT (-75.153002 39.976035)"
48108,561770,1,56177001,332.4093469,211.2666896,1,NA,5.6177e+11,2,5.6177e+13,5617700102,NA,NA,1,NA,NA,2,1,42,1,42101,"101_107",4210160000,42101014600,408,"11:43",5,NA,NA,NA,"9:00","","","","21:03",14,5,NA,NA,NA,NA,NA,NA,NA,NA,NA,NA,NA,NA,NA,NA,NA,NA,NA,NA,NA,NA,NA,NA,NA,NA,NA,NA,NA,NA,NA,NA,1,1,42,1,42101,"101_117",4210160000,42101023700,2417,1.17,47,39.669138,5.948502,247.1820269,21,3,1263,4,"5/9/2013","",0,-75.1530023621858,39.9760354383899,-75.1874482344911,40.0457370394131,"POINT (-75.153002 39.976035)","POINT (-75.187448 40.045737)"
48163,564534,2,56453402,501.8454998,155.3615505,1,NA,5.64534e+11,2,5.64534e+13,5645340202,NA,NA,1,NA,NA,4,1,42,1,42101,"101_108",4210160000,42101020700,3201,"7:21",19,NA,NA,NA,"0:00","","","","7:25",14,5,NA,NA,NA,NA,NA,NA,NA,NA,NA,NA,NA,NA,NA,NA,NA,NA,NA,NA,NA,NA,NA,NA,NA,NA,NA,NA,NA,NA,NA,NA,4,1,42,1,42101,"101_103",4210160000,42101037600,131,1.12,26,28.852518,5.360387,174.0049365,7,25,445,5,"5/17/2013","",0,-75.1898605144712,40.0114702178942,-75.1583275844786,39.9602029183105,"POINT (-75.189861 40.011470)","POINT (-75.158328 39.960203)"
48185,565142,1,56514201,1019.897822,174.2414541,1,NA,5.65142e+11,1,5.65142e+13,5651420101,NA,NA,2,1,2,1,1,42,1,42101,"101_111",4210160000,42101009500,1220,"",1,2,NA,NA,"2:26","1:00","","","9:45",21,5,NA,NA,NA,NA,NA,NA,NA,NA,NA,NA,NA,NA,NA,NA,NA,NA,NA,NA,NA,NA,NA,NA,NA,NA,NA,NA,NA,NA,NA,NA,3,1,42,1,42101,"101_107",4210160000,42101037700,414,1.17,42,38.685548,6.915864,203.8625013,9,45,585,2,"5/14/2013","",0,-75.2379157577435,39.9658789680729,-75.1545851492175,39.9813757258968,"POINT (-75.237916 39.965879)","POINT (-75.154585 39.981376)"
48186,565142,1,56514201,1019.897822,174.2414541,1,NA,5.65142e+11,2,5.65142e+13,5651420102,NA,NA,2,NA,NA,3,1,42,1,42101,"101_107",4210160000,42101037700,414,"10:27",3,NA,NA,NA,"0:36","","","","11:05",14,5,NA,NA,NA,NA,NA,NA,NA,NA,NA,NA,NA,NA,NA,NA,NA,NA,NA,NA,NA,NA,NA,NA,NA,NA,NA,NA,NA,NA,NA,NA,1,1,42,1,42101,"101_111",4210160000,42101009500,1220,1.17,50,40.45777,6.847501,203.8625013,11,5,665,2,"5/14/2013","",0,-75.1545851492175,39.9813757258968,-75.2379157577435,39.9658789680729,"POINT (-75.154585 39.981376)","POINT (-75.237916 39.965879)"
48414,575320,1,57532001,66.89625544,109.6379909,1,NA,5.7532e+11,3,5.7532e+13,5753200103,NA,NA,1,NA,NA,4,1,42,1,42101,"101_103",4210160000,42101013601,141,"15:07",19,NA,NA,NA,"0:00","","","","15:08",14,5,NA,NA,NA,NA,NA,NA,NA,NA,NA,NA,NA,NA,NA,NA,NA,NA,NA,NA,NA,NA,NA,NA,NA,NA,NA,NA,NA,NA,NA,NA,4,1,42,1,42101,"101_103",4210160000,42101000500,88,1.15,12,23.728964,2.027443,126.0836896,15,8,908,4,"4/25/2013","",0,-75.1785792243999,39.9689777214525,-75.1541388337345,39.9522458625874,"POINT (-75.178579 39.968978)","POINT (-75.154139 39.952246)"
48417,575320,1,57532001,66.89625544,109.6379909,1,NA,5.7532e+11,6,5.7532e+13,5753200106,NA,NA,1,NA,NA,4,1,42,1,42101,"101_103",4210160000,42101000300,119,"16:45",19,NA,NA,NA,"0:00","","","","16:58",14,5,NA,NA,NA,NA,NA,NA,NA,NA,NA,NA,NA,NA,NA,NA,NA,NA,NA,NA,NA,NA,NA,NA,NA,NA,NA,NA,NA,NA,NA,NA,1,1,42,1,42101,"101_103",4210160000,42101013602,142,1.15,12,16.413313,0.418362,126.0836896,16,58,1018,4,"4/25/2013","",0,-75.1682068169821,39.957491721513,-75.1798114670555,39.9715794694621,"POINT (-75.168207 39.957492)","POINT (-75.179811 39.971579)"
48422,575320,2,57532002,66.89625544,99.23266201,1,NA,5.7532e+11,2,5.7532e+13,5753200202,NA,NA,1,NA,NA,4,1,42,1,42101,"101_103",4210160000,42101013601,141,"6:35",19,NA,NA,NA,"0:00","","","","6:40",14,5,NA,NA,NA,NA,NA,NA,NA,NA,NA,NA,NA,NA,NA,NA,NA,NA,NA,NA,NA,NA,NA,NA,NA,NA,NA,NA,NA,NA,NA,NA,4,1,42,1,42101,"101_103",4210160000,42101000401,103,1.15,15,15.55563,1.259024,114.1175613,6,40,400,4,"4/25/2013","",0,-75.1785792243999,39.9689777214525,-75.177201361549,39.9550054347417,"POINT (-75.178579 39.968978)","POINT (-75.177201 39.955005)"
48424,575320,2,57532002,66.89625544,99.23266201,1,NA,5.7532e+11,4,5.7532e+13,5753200204,NA,NA,1,NA,NA,4,1,42,1,42101,"101_103",4210160000,42101000401,85,"6:58",19,NA,NA,NA,"0:00","","","","6:59",14,5,NA,NA,NA,NA,NA,NA,NA,NA,NA,NA,NA,NA,NA,NA,NA,NA,NA,NA,NA,NA,NA,NA,NA,NA,NA,NA,NA,NA,NA,NA,4,1,42,1,42101,"101_110",4210160000,42101009200,1038,1.15,6,20.810731,2.063887,114.1175613,6,59,419,4,"4/25/2013","",0,-75.1779217463161,39.9533873770951,-75.2074740441751,39.9601688794781,"POINT (-75.177922 39.953387)","POINT (-75.207474 39.960169)"
48427,575320,2,57532002,66.89625544,99.23266201,1,NA,5.7532e+11,7,5.7532e+13,5753200207,NA,NA,1,NA,NA,4,1,42,1,42101,"101_110",4210160000,42101009200,1038,"17:25",19,NA,NA,NA,"0:00","","","","17:26",14,5,NA,NA,NA,NA,NA,NA,NA,NA,NA,NA,NA,NA,NA,NA,NA,NA,NA,NA,NA,NA,NA,NA,NA,NA,NA,NA,NA,NA,NA,NA,4,1,42,1,42101,"101_103",4210160000,42101000401,103,1.15,5,21.337359,1.895891,114.1175613,17,26,1046,4,"4/25/2013","",0,-75.2074740441751,39.9601688794781,-75.177201361549,39.9550054347417,"POINT (-75.207474 39.960169)","POINT (-75.177201 39.955005)"
48429,575320,2,57532002,66.89625544,99.23266201,1,NA,5.7532e+11,9,5.7532e+13,5753200209,NA,NA,1,NA,NA,4,1,42,1,42101,"101_103",4210160000,42101000300,121,"17:40",19,NA,NA,NA,"0:00","","","","17:43",14,5,NA,NA,NA,NA,NA,NA,NA,NA,NA,NA,NA,NA,NA,NA,NA,NA,NA,NA,NA,NA,NA,NA,NA,NA,NA,NA,NA,NA,NA,NA,4,1,42,1,42101,"101_103",4210160000,42101013602,142,1.15,12,11.769898,1.286312,114.1175613,17,43,1063,4,"4/25/2013","",0,-75.1741319574651,39.9575333855516,-75.1798114670555,39.9715794694621,"POINT (-75.174132 39.957533)","POINT (-75.179811 39.971579)"
48476,575993,1,57599301,392.3510683,142.4011177,1,NA,5.75993e+11,3,5.75993e+13,5759930103,NA,NA,1,NA,NA,4,1,42,1,42101,"101_103",4210160000,42101000500,90,"6:25",19,NA,NA,NA,"0:00","","","","6:28",21,5,NA,NA,NA,NA,NA,NA,NA,NA,NA,NA,NA,NA,NA,NA,NA,NA,NA,NA,NA,NA,NA,NA,NA,NA,NA,NA,NA,NA,NA,NA,4,1,42,1,42101,"101_103",4210160000,42101036700,125,1.12,6,12.505684,1.796868,159.4892518,6,28,388,4,"6/20/2013","",0,-75.1588750233838,39.9528401835985,-75.1414393682529,39.9601471054741,"POINT (-75.158875 39.952840)","POINT (-75.141439 39.960147)"
48479,575993,1,57599301,392.3510683,142.4011177,1,NA,5.75993e+11,6,5.75993e+13,5759930106,NA,NA,1,NA,NA,4,1,42,1,42101,"101_103",4210160000,42101036700,125,"17:00",19,NA,NA,NA,"0:00","","","","17:08",21,5,NA,NA,NA,NA,NA,NA,NA,NA,NA,NA,NA,NA,NA,NA,NA,NA,NA,NA,NA,NA,NA,NA,NA,NA,NA,NA,NA,NA,NA,NA,4,1,42,1,42101,"101_103",4210160000,42101000402,92,1.12,4,14.594689,2.167289,159.4892518,17,8,1028,4,"6/20/2013","",0,-75.1414393682529,39.9601471054741,-75.1648345113326,39.9541020155151,"POINT (-75.141439 39.960147)","POINT (-75.164835 39.954102)"
48493,576244,1,57624401,235.1224466,121.1702398,1,NA,5.76244e+11,3,5.76244e+13,5762440103,NA,NA,1,NA,NA,4,1,42,1,42101,"101_103",4210160000,42101001001,36,"7:50",18,NA,NA,NA,"0:00","","","","8:05",14,5,NA,NA,NA,NA,NA,NA,NA,NA,NA,NA,NA,NA,NA,NA,NA,NA,NA,NA,NA,NA,NA,NA,NA,NA,NA,NA,NA,NA,NA,NA,2,1,42,1,42101,"101_103",4210160000,42101000402,82,1.13,25,18.813692,1.535235,136.922371,8,5,485,4,"5/30/2013","",0,-75.1505658415867,39.9464361327538,-75.1708705877199,39.9529581159317,"POINT (-75.150566 39.946436)","POINT (-75.170871 39.952958)"
48494,576244,1,57624401,235.1224466,121.1702398,1,NA,5.76244e+11,4,5.76244e+13,5762440104,NA,NA,1,NA,NA,2,1,42,1,42101,"101_103",4210160000,42101000402,82,"8:30",5,NA,NA,NA,"0:00","","","","17:30",21,5,NA,NA,NA,NA,NA,NA,NA,NA,NA,NA,NA,NA,NA,NA,NA,NA,NA,NA,NA,NA,NA,NA,NA,NA,NA,NA,NA,NA,NA,NA,1,1,42,1,42101,"101_109",4210160000,42101015800,603,1.13,30,25.933224,3.310992,136.922371,17,30,1050,4,"5/30/2013","",0,-75.1708705877199,39.9529581159317,-75.1301600245386,39.9721857729433,"POINT (-75.170871 39.952958)","POINT (-75.130160 39.972186)"
48510,576538,1,57653801,443.9604921,122.7417803,1,NA,5.76538e+11,1,5.76538e+13,5765380101,NA,NA,1,2,2,1,1,42,1,42101,"101_103",4210160000,42101000401,84,"",1,NA,NA,NA,"8:00","","","","11:00",21,5,NA,NA,NA,NA,NA,NA,NA,NA,NA,NA,NA,NA,NA,NA,NA,NA,NA,NA,NA,NA,NA,NA,NA,NA,NA,NA,NA,NA,NA,NA,4,1,42,1,42045,"045_203",4204579000,42045400500,4459,1.17,20,29.127501,4.971664,143.607883,11,0,660,2,"5/28/2013","",0,-75.1742868895805,39.952935291834,-75.2626735411038,39.9640057100153,"POINT (-75.174287 39.952935)","POINT (-75.262674 39.964006)"
48511,576538,1,57653801,443.9604921,122.7417803,1,NA,5.76538e+11,2,5.76538e+13,5765380102,NA,NA,1,NA,NA,4,1,42,1,42045,"045_203",4204579000,42045400500,4459,"11:20",11,NA,NA,NA,"0:10","","","","11:45",21,5,NA,NA,NA,NA,NA,NA,NA,NA,NA,NA,NA,NA,NA,NA,NA,NA,NA,NA,NA,NA,NA,NA,NA,NA,NA,NA,NA,NA,NA,NA,2,1,42,1,42045,"045_206",4204563264,42045409702,5050,1.17,30,25.457163,7.115346,143.607883,11,45,705,2,"5/28/2013","",0,-75.2626735411038,39.9640057100153,-75.3393886203709,40.0346462639254,"POINT (-75.262674 39.964006)","POINT (-75.339389 40.034646)"
48513,576538,1,57653801,443.9604921,122.7417803,2,NA,5.76538e+11,4,5.76538e+13,5765380104,NA,NA,2,1,NA,1,1,42,1,42101,"101_103",4210160000,42101000401,84,"17:15",1,15,NA,NA,"1:00","2:00","","","21:15",23,5,NA,NA,NA,NA,NA,NA,NA,NA,NA,NA,NA,NA,NA,NA,NA,NA,NA,NA,NA,NA,NA,NA,NA,NA,NA,NA,NA,NA,NA,NA,4,1,42,1,42101,"101_110",4210160000,42101007900,1021,1.17,15,23.535973,3.04883,143.607883,21,15,1275,2,"5/28/2013","",0,-75.1742868895805,39.952935291834,-75.2182588102061,39.950471058218,"POINT (-75.174287 39.952935)","POINT (-75.218259 39.950471)"
48514,576538,1,57653801,443.9604921,122.7417803,2,NA,5.76538e+11,5,5.76538e+13,5765380105,NA,NA,2,NA,NA,4,1,42,1,42101,"101_110",4210160000,42101007900,1021,"21:30",12,NA,NA,NA,"3:30","","","","1:05",23,5,NA,NA,NA,NA,NA,NA,NA,NA,NA,NA,NA,NA,NA,NA,NA,NA,NA,NA,NA,NA,NA,NA,NA,NA,NA,NA,NA,NA,NA,NA,1,1,42,1,42101,"101_103",4210160000,42101000401,84,1.17,15,23.691334,3.167935,143.607883,1,5,65,2,"5/28/2013","",0,-75.2182588102061,39.950471058218,-75.1742868895805,39.952935291834,"POINT (-75.218259 39.950471)","POINT (-75.174287 39.952935)"
48584,578806,1,57880601,92.10524045,91.3770683,1,NA,5.78806e+11,5,5.78806e+13,5788060105,NA,NA,2,NA,NA,4,1,42,1,42101,"101_103",4210160000,42101000804,44,"14:25",11,NA,NA,NA,"0:00","","","","15:00",14,5,NA,NA,NA,NA,NA,NA,NA,NA,NA,NA,NA,NA,NA,NA,NA,NA,NA,NA,NA,NA,NA,NA,NA,NA,NA,NA,NA,NA,NA,NA,1,1,42,1,42101,"101_103",4210160000,42101000801,50,1.13,20,12.676728,0.827177,103.2560872,15,0,900,5,"4/26/2013","",0,-75.1669894744938,39.9484799410289,-75.180637080064,39.9501303685435,"POINT (-75.166989 39.948480)","POINT (-75.180637 39.950130)"
48589,578984,1,57898401,275.349395,128.9430896,1,NA,5.78984e+11,1,5.78984e+13,5789840101,NA,NA,2,1,2,1,1,42,1,42101,"101_110",4210160000,42101008601,1027,"",1,2,NA,NA,"6:30","","","","11:15",21,5,NA,NA,NA,NA,NA,NA,NA,NA,NA,NA,NA,NA,NA,NA,NA,NA,NA,NA,NA,NA,NA,NA,NA,NA,NA,NA,NA,NA,NA,NA,4,1,42,1,42101,"101_103",4210160000,42101000401,103,1.17,5,23.997263,2.611372,150.8634148,11,15,675,3,"4/24/2013","",0,-75.2165947836222,39.9537421538695,-75.177201361549,39.9550054347417,"POINT (-75.216595 39.953742)","POINT (-75.177201 39.955005)"
48590,578984,1,57898401,275.349395,128.9430896,1,NA,5.78984e+11,2,5.78984e+13,5789840102,NA,NA,2,NA,NA,4,1,42,1,42101,"101_103",4210160000,42101000401,103,"11:20",8,NA,NA,NA,"0:40","","","","12:00",21,5,NA,NA,NA,NA,NA,NA,NA,NA,NA,NA,NA,NA,NA,NA,NA,NA,NA,NA,NA,NA,NA,NA,NA,NA,NA,NA,NA,NA,NA,NA,1,1,42,1,42101,"101_110",4210160000,42101008601,1027,1.17,15,23.367026,2.533189,150.8634148,12,0,720,3,"4/24/2013","",0,-75.177201361549,39.9550054347417,-75.2165947836222,39.9537421538695,"POINT (-75.177201 39.955005)","POINT (-75.216595 39.953742)"
48591,578984,1,57898401,275.349395,128.9430896,2,NA,5.78984e+11,3,5.78984e+13,5789840103,NA,NA,1,1,NA,1,1,42,1,42101,"101_110",4210160000,42101008601,1027,"12:15",1,2,NA,NA,"1:30","1:15","","","15:00",14,5,NA,NA,NA,NA,NA,NA,NA,NA,NA,NA,NA,NA,NA,NA,NA,NA,NA,NA,NA,NA,NA,NA,NA,NA,NA,NA,NA,NA,NA,NA,2,1,42,1,42101,"101_103",4210160000,42101000804,44,1.17,30,24.875105,3.354387,150.8634148,15,0,900,3,"4/24/2013","",0,-75.2165947836222,39.9537421538695,-75.1669894744938,39.9484799410289,"POINT (-75.216595 39.953742)","POINT (-75.166989 39.948480)"
48592,578984,1,57898401,275.349395,128.9430896,2,NA,5.78984e+11,4,5.78984e+13,5789840104,NA,NA,1,NA,NA,2,1,42,1,42101,"101_103",4210160000,42101000804,44,"15:30",5,NA,NA,NA,"8:30","","","","0:00",23,5,NA,NA,NA,NA,NA,NA,NA,NA,NA,NA,NA,NA,NA,NA,NA,NA,NA,NA,NA,NA,NA,NA,NA,NA,NA,NA,NA,NA,NA,NA,1,1,42,1,42101,"101_110",4210160000,42101008601,1027,1.17,35,23.39226,3.305368,150.8634148,0,0,0,3,"4/24/2013","",0,-75.1669894744938,39.9484799410289,-75.2165947836222,39.9537421538695,"POINT (-75.166989 39.948480)","POINT (-75.216595 39.953742)"
48594,578984,2,57898402,275.349395,103.1176435,1,NA,5.78984e+11,1,5.78984e+13,5789840201,NA,NA,1,1,2,1,1,42,1,42101,"101_110",4210160000,42101008601,1027,"",1,NA,NA,NA,"8:00","","","","16:30",14,5,NA,NA,NA,NA,NA,NA,NA,NA,NA,NA,NA,NA,NA,NA,NA,NA,NA,NA,NA,NA,NA,NA,NA,NA,NA,NA,NA,NA,NA,NA,2,1,42,1,42101,"101_103",4210160000,42101000700,62,1.17,15,24.927547,3.003171,120.6476429,16,30,990,3,"4/24/2013","",0,-75.2165947836222,39.9537421538695,-75.1742218041379,39.9513700637455,"POINT (-75.216595 39.953742)","POINT (-75.174222 39.951370)"
48595,578984,2,57898402,275.349395,103.1176435,1,NA,5.78984e+11,2,5.78984e+13,5789840202,NA,NA,1,NA,NA,2,1,42,1,42101,"101_103",4210160000,42101000700,62,"16:45",5,NA,NA,NA,"7:00","","","","0:15",14,5,NA,NA,NA,NA,NA,NA,NA,NA,NA,NA,NA,NA,NA,NA,NA,NA,NA,NA,NA,NA,NA,NA,NA,NA,NA,NA,NA,NA,NA,NA,1,1,42,1,42101,"101_110",4210160000,42101008601,1027,1.17,15,19.021,2.877422,120.6476429,0,15,15,3,"4/24/2013","",0,-75.1742218041379,39.9513700637455,-75.2165947836222,39.9537421538695,"POINT (-75.174222 39.951370)","POINT (-75.216595 39.953742)"
48640,580878,1,58087801,521.3506551,1636.30083,1,NA,5.80878e+11,1,5.80878e+13,5808780101,NA,NA,2,2,2,1,1,42,1,42017,"017_510",4201758936,42017101100,15828,"",1,NA,NA,NA,"7:00","","","","12:44",14,5,NA,NA,NA,NA,NA,NA,NA,NA,NA,NA,NA,NA,NA,NA,NA,NA,NA,NA,NA,NA,NA,NA,NA,NA,NA,NA,NA,NA,NA,NA,4,1,42,1,42017,"017_509",4201705616,42017100103,15603,1.17,56,67.59436,16.462757,1914.471972,12,44,764,4,"4/25/2013","",0,-74.914556913326,40.1553049086706,-74.971722014007,40.068261230225,"POINT (-74.914557 40.155305)","POINT (-74.971722 40.068261)"
48642,580878,1,58087801,521.3506551,1636.30083,1,NA,5.80878e+11,3,5.80878e+13,5808780103,NA,NA,2,NA,NA,4,1,42,1,42017,"017_509",4201705616,42017100103,15603,"14:12",8,NA,NA,NA,"0:15","","","","14:27",14,5,NA,NA,NA,NA,NA,NA,NA,NA,NA,NA,NA,NA,NA,NA,NA,NA,NA,NA,NA,NA,NA,NA,NA,NA,NA,NA,NA,NA,NA,NA,1,1,42,1,42017,"017_510",4201758936,42017101100,15828,1.17,63,79.193302,19.275961,1914.471972,14,27,867,4,"4/25/2013","",0,-74.971722014007,40.068261230225,-74.914556913326,40.1553049086706,"POINT (-74.971722 40.068261)","POINT (-74.914557 40.155305)"
48711,581995,1,58199501,414.5095097,402.480853,1,NA,5.81995e+11,4,5.81995e+13,5819950104,NA,NA,1,NA,NA,4,1,42,1,42101,"101_103",4210160000,42101000402,83,"22:50",96,NA,NA,NA,"0:02","","","","22:53",23,5,NA,NA,NA,NA,NA,NA,NA,NA,NA,NA,NA,NA,NA,NA,NA,NA,NA,NA,NA,NA,NA,NA,NA,NA,NA,NA,NA,NA,NA,NA,1,1,42,1,42101,"101_110",4210160000,42101007800,1016,1.17,22,18.989067,2.895102,470.9025981,22,53,1373,3,"5/15/2013","",0,-75.1725391195037,39.9527196860213,-75.2162654488479,39.9464660922369,"POINT (-75.172539 39.952720)","POINT (-75.216265 39.946466)"
48793,585263,1,58526301,345.5485017,375.488745,1,NA,5.85263e+11,2,5.85263e+13,5852630102,NA,NA,1,NA,NA,4,1,42,1,42101,"101_103",4210160000,42101000401,85,"8:44",19,NA,NA,NA,"0:00","","","","8:45",23,5,NA,NA,NA,NA,NA,NA,NA,NA,NA,NA,NA,NA,NA,NA,NA,NA,NA,NA,NA,NA,NA,NA,NA,NA,NA,NA,NA,NA,NA,NA,4,1,42,1,42101,"101_103",4210160000,42101000500,74,1.17,5,6.955697,0.79702,439.3218316,8,45,525,3,"5/15/2013","",0,-75.1779217463161,39.9533873770951,-75.1638872349499,39.9525548857932,"POINT (-75.177922 39.953387)","POINT (-75.163887 39.952555)"
48794,585263,1,58526301,345.5485017,375.488745,1,NA,5.85263e+11,3,5.85263e+13,5852630103,NA,NA,1,NA,NA,4,1,42,1,42101,"101_103",4210160000,42101000500,74,"8:50",19,NA,NA,NA,"0:00","","","","8:51",21,5,NA,NA,NA,NA,NA,NA,NA,NA,NA,NA,NA,NA,NA,NA,NA,NA,NA,NA,NA,NA,NA,NA,NA,NA,NA,NA,NA,NA,NA,NA,2,1,42,1,42101,"101_103",4210160000,42101012500,134,1.17,4,9.261714,0.845763,439.3218316,8,51,531,3,"5/15/2013","",0,-75.1638872349499,39.9525548857932,-75.1632627264191,39.9610182840982,"POINT (-75.163887 39.952555)","POINT (-75.163263 39.961018)"
48797,585263,1,58526301,345.5485017,375.488745,1,NA,5.85263e+11,6,5.85263e+13,5852630106,NA,NA,1,NA,NA,4,1,42,1,42101,"101_103",4210160000,42101000402,76,"12:53",19,NA,NA,NA,"0:00","","","","12:54",23,5,NA,NA,NA,NA,NA,NA,NA,NA,NA,NA,NA,NA,NA,NA,NA,NA,NA,NA,NA,NA,NA,NA,NA,NA,NA,NA,NA,NA,NA,NA,4,1,42,1,42101,"101_110",4210160000,42101008802,1022,1.17,16,15.842286,2.401433,439.3218316,12,54,774,3,"5/15/2013","",0,-75.1662257986882,39.9519342771783,-75.2032844122027,39.9507247552209,"POINT (-75.166226 39.951934)","POINT (-75.203284 39.950725)"
48798,585263,1,58526301,345.5485017,375.488745,1,NA,5.85263e+11,7,5.85263e+13,5852630107,NA,NA,1,NA,NA,4,1,42,1,42101,"101_110",4210160000,42101008802,1022,"13:10",16,NA,NA,NA,"4:00","","","","17:10",14,5,NA,NA,NA,NA,NA,NA,NA,NA,NA,NA,NA,NA,NA,NA,NA,NA,NA,NA,NA,NA,NA,NA,NA,NA,NA,NA,NA,NA,NA,NA,4,1,42,1,42101,"101_103",4210160000,42101001202,24,1.17,20,25.693586,2.833356,439.3218316,17,10,1030,3,"5/15/2013","",0,-75.2032844122027,39.9507247552209,-75.1698571868868,39.9452577603363,"POINT (-75.203284 39.950725)","POINT (-75.169857 39.945258)"
48822,587448,1,58744801,830.5266114,736.2161197,1,NA,5.87448e+11,1,5.87448e+13,5874480101,NA,NA,2,2,2,1,1,42,1,42017,"017_509",4201705616,42017100104,15611,"",1,NA,NA,NA,"0:00","","","","11:00",14,5,NA,NA,NA,NA,NA,NA,NA,NA,NA,NA,NA,NA,NA,NA,NA,NA,NA,NA,NA,NA,NA,NA,NA,NA,NA,NA,NA,NA,NA,NA,4,1,42,1,42101,"101_114",4210160000,42101031300,1619,1.17,65,42.607141,10.130216,861.3728601,11,0,660,5,"5/17/2013","",0,-74.9556787266959,40.0972989695419,-75.0675318693472,40.0381003553224,"POINT (-74.955679 40.097299)","POINT (-75.067532 40.038100)"
48824,587448,1,58744801,830.5266114,736.2161197,1,NA,5.87448e+11,3,5.87448e+13,5874480103,NA,NA,2,NA,NA,4,1,42,1,42101,"101_114",4210160000,42101030200,1610,"15:15",19,NA,NA,NA,"0:00","","","","15:26",14,5,NA,NA,NA,NA,NA,NA,NA,NA,NA,NA,NA,NA,NA,NA,NA,NA,NA,NA,NA,NA,NA,NA,NA,NA,NA,NA,NA,NA,NA,NA,1,1,42,1,42017,"017_509",4201705616,42017100104,15611,1.17,44,50.600921,11.192846,861.3728601,15,26,926,5,"5/17/2013","",0,-75.0798260530761,40.0248633027149,-74.9556787266959,40.0972989695419,"POINT (-75.079826 40.024863)","POINT (-74.955679 40.097299)"
48888,590462,1,59046201,443.9604921,223.4161062,1,NA,5.90462e+11,1,5.90462e+13,5904620101,NA,NA,1,1,2,1,1,42,1,42101,"101_115",4210160000,42101027600,2622,"",1,11,2,7,"8:00","","","","11:00",14,5,NA,NA,NA,NA,NA,NA,NA,NA,NA,NA,NA,NA,NA,NA,NA,NA,NA,NA,NA,NA,NA,NA,NA,NA,NA,NA,NA,NA,NA,NA,2,1,42,1,42091,"091_412",4209112968,42091202402,12231,1.17,30,21.373895,2.39423,261.3968443,11,0,660,3,"4/24/2013","",0,-75.1392788470332,40.0429484652339,-75.1372598172641,40.0681528620105,"POINT (-75.139279 40.042948)","POINT (-75.137260 40.068153)"
48889,590462,1,59046201,443.9604921,223.4161062,1,NA,5.90462e+11,2,5.90462e+13,5904620102,NA,NA,1,NA,NA,2,1,42,1,42091,"091_412",4209112968,42091202402,12231,"11:30",5,NA,NA,NA,"6:00","","","","17:45",14,5,NA,NA,NA,NA,NA,NA,NA,NA,NA,NA,NA,NA,NA,NA,NA,NA,NA,NA,NA,NA,NA,NA,NA,NA,NA,NA,NA,NA,NA,NA,1,1,42,1,42101,"101_115",4210160000,42101027600,2622,1.17,45,18.725821,2.329325,261.3968443,17,45,1065,3,"4/24/2013","",0,-75.1372598172641,40.0681528620105,-75.1392788470332,40.0429484652339,"POINT (-75.137260 40.068153)","POINT (-75.139279 40.042948)"
48909,591753,1,59175301,207.5538993,169.4468022,1,NA,5.91753e+11,1,5.91753e+13,5917530101,NA,NA,1,1,2,1,1,42,1,42101,"101_107",4210160000,42101013800,405,"",1,7,NA,NA,"5:00","","","","8:40",14,5,NA,NA,NA,NA,NA,NA,NA,NA,NA,NA,NA,NA,NA,NA,NA,NA,NA,NA,NA,NA,NA,NA,NA,NA,NA,NA,NA,NA,NA,NA,2,1,42,1,42101,"101_103",4210160000,42101000100,106,1.12,25,28.266518,2.723761,189.7804184,8,40,520,2,"4/23/2013","",0,-75.1771789182756,39.976458493457,-75.1489215256524,39.95458250175,"POINT (-75.177179 39.976458)","POINT (-75.148922 39.954583)"
48910,591753,1,59175301,207.5538993,169.4468022,1,NA,5.91753e+11,2,5.91753e+13,5917530102,NA,NA,1,NA,NA,2,1,42,1,42101,"101_103",4210160000,42101000100,106,"9:05",10,14,5,7,"6:00","","0:15","0:30","17:05",14,5,NA,NA,NA,NA,NA,NA,NA,NA,NA,NA,NA,NA,NA,NA,NA,NA,NA,NA,NA,NA,NA,NA,NA,NA,NA,NA,NA,NA,NA,NA,1,1,42,1,42101,"101_107",4210160000,42101013800,405,1.12,35,27.356538,3.023225,189.7804184,17,5,1025,2,"4/23/2013","",0,-75.1489215256524,39.95458250175,-75.1771789182756,39.976458493457,"POINT (-75.148922 39.954583)","POINT (-75.177179 39.976458)"
48941,593189,1,59318901,911.8078557,264.7502276,1,NA,5.93189e+11,1,5.93189e+13,5931890101,NA,NA,2,2,2,1,1,42,1,42101,"101_107",4210160000,42101014400,401,"",1,12,2,4,"3:30","1:30","2:00","1:00","12:00",14,5,NA,NA,NA,NA,NA,NA,NA,NA,NA,NA,NA,NA,NA,NA,NA,NA,NA,NA,NA,NA,NA,NA,NA,NA,NA,NA,NA,NA,NA,NA,4,1,42,1,42101,"101_110",4210160000,42101007000,1003,1.17,60,38.749001,6.488092,309.7577662,12,0,720,3,"4/24/2013","",0,-75.1400970132193,39.9722367087517,-75.2214787498032,39.9351931051192,"POINT (-75.140097 39.972237)","POINT (-75.221479 39.935193)"
48942,593189,1,59318901,911.8078557,264.7502276,1,NA,5.93189e+11,2,5.93189e+13,5931890102,NA,NA,2,NA,NA,4,1,42,1,42101,"101_110",4210160000,42101007000,1003,"13:00",12,18,NA,NA,"0:30","0:10","","","14:52",14,5,NA,NA,NA,NA,NA,NA,NA,NA,NA,NA,NA,NA,NA,NA,NA,NA,NA,NA,NA,NA,NA,NA,NA,NA,NA,NA,NA,NA,NA,NA,4,1,42,1,42101,"101_111",4210160000,42101009500,1220,1.17,18,30.852734,2.801057,309.7577662,14,52,892,3,"4/24/2013","",0,-75.2214787498032,39.9351931051192,-75.2379157577435,39.9658789680729,"POINT (-75.221479 39.935193)","POINT (-75.237916 39.965879)"
48943,593189,1,59318901,911.8078557,264.7502276,1,NA,5.93189e+11,3,5.93189e+13,5931890103,NA,NA,2,NA,NA,4,1,42,1,42101,"101_111",4210160000,42101009500,1220,"15:10",8,NA,NA,NA,"0:10","","","","15:40",14,5,NA,NA,NA,NA,NA,NA,NA,NA,NA,NA,NA,NA,NA,NA,NA,NA,NA,NA,NA,NA,NA,NA,NA,NA,NA,NA,NA,NA,NA,NA,1,1,42,1,42101,"101_107",4210160000,42101014400,401,1.17,20,36.770821,7.288099,309.7577662,15,40,940,3,"4/24/2013","",0,-75.2379157577435,39.9658789680729,-75.1400970132193,39.9722367087517,"POINT (-75.237916 39.965879)","POINT (-75.140097 39.972237)"
48945,593189,2,59318902,911.8078557,201.5691535,1,NA,5.93189e+11,1,5.93189e+13,5931890201,NA,NA,3,0,2,1,1,42,1,42101,"101_107",4210160000,42101014400,401,"",1,NA,NA,NA,"2:00","","","","11:45",21,5,NA,NA,NA,NA,NA,NA,NA,NA,NA,NA,NA,NA,NA,NA,NA,NA,NA,NA,NA,NA,NA,NA,NA,NA,NA,NA,NA,NA,NA,NA,4,1,42,1,42101,"101_110",4210160000,42101007000,1003,1.17,45,38.749001,6.488092,235.8359096,11,45,705,3,"4/24/2013","",0,-75.1400970132193,39.9722367087517,-75.2214787498032,39.9351931051192,"POINT (-75.140097 39.972237)","POINT (-75.221479 39.935193)"
48948,593757,1,59375701,596.8695769,184.4886131,1,NA,5.93757e+11,2,5.93757e+13,5937570102,NA,NA,1,NA,NA,4,1,42,1,42101,"101_107",4210160000,42101014000,403,"8:08",96,NA,NA,NA,"0:04","","","","8:12",21,5,NA,NA,NA,NA,NA,NA,NA,NA,NA,NA,NA,NA,NA,NA,NA,NA,NA,NA,NA,NA,NA,NA,NA,NA,NA,NA,NA,NA,NA,NA,4,1,42,1,42101,"101_103",4210160000,42101000901,41,1.17,8,16.141574,2.009356,215.8516773,8,12,492,4,"5/2/2013","",0,-75.1630984016405,39.9735438590113,-75.1634808483634,39.9480403151119,"POINT (-75.163098 39.973544)","POINT (-75.163481 39.948040)"
48951,593757,1,59375701,596.8695769,184.4886131,1,NA,5.93757e+11,5,5.93757e+13,5937570105,NA,NA,1,NA,NA,4,1,42,1,42101,"101_103",4210160000,42101000901,41,"17:33",96,NA,NA,NA,"0:02","","","","17:35",21,5,NA,NA,NA,NA,NA,NA,NA,NA,NA,NA,NA,NA,NA,NA,NA,NA,NA,NA,NA,NA,NA,NA,NA,NA,NA,NA,NA,NA,NA,NA,4,1,42,1,42101,"101_107",4210160000,42101014000,403,1.17,5,17.537769,2.019392,215.8516773,17,35,1055,4,"5/2/2013","",0,-75.1634808483634,39.9480403151119,-75.1630984016405,39.9735438590113,"POINT (-75.163481 39.948040)","POINT (-75.163098 39.973544)"
49011,595510,1,59551001,181.6613454,97.73504187,1,NA,5.9551e+11,3,5.9551e+13,5955100103,NA,NA,2,NA,NA,4,1,42,1,42101,"101_103",4210160000,42101000500,73,"11:30",9,NA,NA,NA,"2:30","","","","14:00",14,5,NA,NA,NA,NA,NA,NA,NA,NA,NA,NA,NA,NA,NA,NA,NA,NA,NA,NA,NA,NA,NA,NA,NA,NA,NA,NA,NA,NA,NA,NA,1,1,42,1,42101,"101_103",4210160000,42101000700,63,1.17,30,11.553757,1.049313,114.349999,14,0,840,5,"5/17/2013","",0,-75.1625826795934,39.9513495936779,-75.1788270506066,39.951932450125,"POINT (-75.162583 39.951350)","POINT (-75.178827 39.951932)"
49205,601088,1,60108801,162.3902616,99.791807,1,NA,6.01088e+11,1,6.01088e+13,6010880101,NA,NA,2,1,2,1,1,42,1,42101,"101_103",4210160000,42101000402,83,"",1,NA,NA,NA,"5:30","","","","8:30",14,5,NA,NA,NA,NA,NA,NA,NA,NA,NA,NA,NA,NA,NA,NA,NA,NA,NA,NA,NA,NA,NA,NA,NA,NA,NA,NA,NA,NA,NA,NA,4,1,42,1,42101,"101_103",4210160000,42101000500,88,1.12,30,10.447997,1.15004,111.7668238,8,30,510,4,"4/11/2013","",0,-75.1725391195037,39.9527196860213,-75.1541388337345,39.9522458625874,"POINT (-75.172539 39.952720)","POINT (-75.154139 39.952246)"
49206,601088,1,60108801,162.3902616,99.791807,1,NA,6.01088e+11,2,6.01088e+13,6010880102,NA,NA,2,NA,NA,4,1,42,1,42101,"101_103",4210160000,42101000500,88,"9:00",6,NA,NA,NA,"0:00","","","","9:30",14,5,NA,NA,NA,NA,NA,NA,NA,NA,NA,NA,NA,NA,NA,NA,NA,NA,NA,NA,NA,NA,NA,NA,NA,NA,NA,NA,NA,NA,NA,NA,1,1,42,1,42101,"101_103",4210160000,42101000402,83,1.12,30,13.60605,1.204223,111.7668238,9,30,570,4,"4/11/2013","",0,-75.1541388337345,39.9522458625874,-75.1725391195037,39.9527196860213,"POINT (-75.154139 39.952246)","POINT (-75.172539 39.952720)"
49257,601479,1,60147901,211.3498436,101.7386294,1,NA,6.01479e+11,1,6.01479e+13,6014790101,NA,NA,1,2,2,1,1,42,1,42101,"101_103",4210160000,42101001001,36,"",1,5,NA,NA,"0:00","","","","15:35",14,5,NA,NA,NA,NA,NA,NA,NA,NA,NA,NA,NA,NA,NA,NA,NA,NA,NA,NA,NA,NA,NA,NA,NA,NA,NA,NA,NA,NA,NA,NA,2,1,42,1,42101,"101_103",4210160000,42101000100,106,1.17,25,13.017518,0.790318,119.0341964,15,35,935,2,"2/5/2013","",0,-75.1505658415867,39.9464361327538,-75.1489215256524,39.95458250175,"POINT (-75.150566 39.946436)","POINT (-75.148922 39.954583)"
49259,601479,1,60147901,211.3498436,101.7386294,1,NA,6.01479e+11,3,6.01479e+13,6014790103,NA,NA,1,NA,NA,4,3,42,1,42101,"101_110",4210160000,42101036900,1030,"17:40",15,4,NA,NA,"0:00","","","","18:55",14,5,NA,NA,NA,NA,NA,NA,NA,NA,NA,NA,NA,NA,NA,NA,NA,NA,NA,NA,NA,NA,NA,NA,NA,NA,NA,NA,NA,NA,NA,NA,1,1,42,1,42101,"101_103",4210160000,42101001001,36,1.17,50,20.594211,2.76498,119.0341964,18,55,1135,2,"2/5/2013","",0,-75.1941152941134,39.9546263068532,-75.1505658415867,39.9464361327538,"POINT (-75.194115 39.954626)","POINT (-75.150566 39.946436)"
49262,601479,2,60147902,211.3498436,99.64487521,1,NA,6.01479e+11,2,6.01479e+13,6014790202,NA,NA,1,NA,NA,2,1,42,1,42101,"101_103",4210160000,42101001202,23,"9:45",5,NA,NA,NA,"0:00","","","","19:15",14,5,NA,NA,NA,NA,NA,NA,NA,NA,NA,NA,NA,NA,NA,NA,NA,NA,NA,NA,NA,NA,NA,NA,NA,NA,NA,NA,NA,NA,NA,NA,4,1,42,1,42101,"101_103",4210160000,42101001002,12,1.17,15,17.26187,1.490407,116.584504,19,15,1155,2,"2/5/2013","",0,-75.1665551812863,39.9452085642469,-75.1476427366842,39.9441226984079,"POINT (-75.166555 39.945209)","POINT (-75.147643 39.944123)"
49278,601670,1,60167001,133.7177376,110.0218889,1,NA,6.0167e+11,2,6.0167e+13,6016700102,NA,NA,1,NA,NA,4,1,42,1,42045,"045_206",4204533144,42045408800,5019,"7:55",19,NA,NA,NA,"0:10","","","","8:05",21,5,NA,NA,NA,NA,NA,NA,NA,NA,NA,NA,NA,NA,NA,NA,NA,NA,NA,NA,NA,NA,NA,NA,NA,NA,NA,NA,NA,NA,NA,NA,2,1,42,1,42091,"091_403",4209154656,42091203902,10422,1.12,25,33.33046,10.303195,123.2245155,8,5,485,1,"1/28/2013","",0,-75.300281066518,40.0007168757721,-75.3460361638143,40.1143423687777,"POINT (-75.300281 40.000717)","POINT (-75.346036 40.114342)"
49279,601670,1,60167001,133.7177376,110.0218889,1,NA,6.0167e+11,3,6.0167e+13,6016700103,NA,NA,1,NA,NA,2,1,42,1,42091,"091_403",4209154656,42091203902,10422,"8:30",5,NA,NA,NA,"8:00","","","","16:30",21,5,NA,NA,NA,NA,NA,NA,NA,NA,NA,NA,NA,NA,NA,NA,NA,NA,NA,NA,NA,NA,NA,NA,NA,NA,NA,NA,NA,NA,NA,NA,4,1,42,1,42045,"045_206",4204533144,42045408800,5019,1.12,30,31.424227,10.372082,123.2245155,16,30,990,1,"1/28/2013","",0,-75.3460361638143,40.1143423687777,-75.300281066518,40.0007168757721,"POINT (-75.346036 40.114342)","POINT (-75.300281 40.000717)"
49283,601670,2,60167002,133.7177376,89.58354163,1,NA,6.0167e+11,2,6.0167e+13,6016700202,NA,NA,1,NA,NA,4,1,42,1,42091,"091_401",4209144976,42091205400,10013,"7:40",19,NA,NA,NA,"0:10","","","","7:55",14,5,NA,NA,NA,NA,NA,NA,NA,NA,NA,NA,NA,NA,NA,NA,NA,NA,NA,NA,NA,NA,NA,NA,NA,NA,NA,NA,NA,NA,NA,NA,4,3,42,1,42101,"101_103",4210160000,42101000402,93,1.12,55,29.556552,8.839947,100.3335666,7,55,475,1,"1/28/2013","",0,-75.2879225601409,40.0096184499998,-75.1659426772114,39.9531940428398,"POINT (-75.287923 40.009618)","POINT (-75.165943 39.953194)"
49308,601722,2,60172202,83.62080081,93.09114561,1,NA,6.01722e+11,2,6.01722e+13,6017220202,NA,NA,2,NA,NA,4,1,42,1,42101,"101_103",4210160000,42101000500,70,"14:25",16,NA,NA,NA,"0:55","","","","15:20",14,5,NA,NA,NA,NA,NA,NA,NA,NA,NA,NA,NA,NA,NA,NA,NA,NA,NA,NA,NA,NA,NA,NA,NA,NA,NA,NA,NA,NA,NA,NA,4,1,42,1,42101,"101_103",4210160000,42101000700,60,1.13,10,11.512847,0.732087,105.1929945,15,20,920,4,"1/31/2013","",0,-75.1561127285024,39.9506763018863,-75.1673585815214,39.9505151310837,"POINT (-75.156113 39.950676)","POINT (-75.167359 39.950515)"
49309,601722,2,60172202,83.62080081,93.09114561,1,NA,6.01722e+11,3,6.01722e+13,6017220203,NA,NA,2,NA,NA,4,1,42,1,42101,"101_103",4210160000,42101000700,60,"15:30",9,NA,NA,NA,"0:30","","","","16:00",14,5,NA,NA,NA,NA,NA,NA,NA,NA,NA,NA,NA,NA,NA,NA,NA,NA,NA,NA,NA,NA,NA,NA,NA,NA,NA,NA,NA,NA,NA,NA,1,1,42,1,42101,"101_103",4210160000,42101001201,27,1.13,10,10.643484,0.99366,105.1929945,16,0,960,4,"1/31/2013","",0,-75.1673585815214,39.9505151310837,-75.1800070313661,39.946441631749,"POINT (-75.167359 39.950515)","POINT (-75.180007 39.946442)"
49326,601933,1,60193301,157.1925661,92.11585687,1,NA,6.01933e+11,1,6.01933e+13,6019330101,NA,NA,1,4,2,1,1,42,1,42101,"101_103",4210160000,42101001201,30,"",1,14,NA,NA,"4:00","1:20","","","9:20",14,5,NA,NA,NA,NA,NA,NA,NA,NA,NA,NA,NA,NA,NA,NA,NA,NA,NA,NA,NA,NA,NA,NA,NA,NA,NA,NA,NA,NA,NA,NA,4,1,42,1,42101,"101_108",4210160000,42101021000,3207,1.17,30,20.94194,7.397249,107.7755525,9,20,560,3,"2/6/2013","",0,-75.1773253490168,39.9478229139105,-75.2119692985922,40.025270412473,"POINT (-75.177325 39.947823)","POINT (-75.211969 40.025270)"
49327,601933,1,60193301,157.1925661,92.11585687,1,1,6.01933e+11,2,6.01933e+13,6019330102,NA,NA,1,NA,NA,4,1,42,1,42101,"101_108",4210160000,42101021000,3207,"9:50",5,NA,NA,NA,"1:00","","","","11:05",14,5,NA,NA,NA,NA,NA,NA,NA,NA,NA,NA,NA,NA,NA,NA,NA,NA,NA,NA,NA,NA,NA,NA,NA,NA,NA,NA,NA,NA,NA,NA,4,1,42,1,42101,"101_103",4210160000,42101000700,62,1.17,35,19.25,7.388841,107.7755525,11,5,665,3,"2/6/2013","",0,-75.2119692985922,40.025270412473,-75.1742218041379,39.9513700637455,"POINT (-75.211969 40.025270)","POINT (-75.174222 39.951370)"
49328,601933,1,60193301,157.1925661,92.11585687,1,1,6.01933e+11,3,6.01933e+13,6019330103,NA,NA,1,NA,NA,4,1,42,1,42101,"101_103",4210160000,42101000700,62,"11:40",5,NA,NA,NA,"0:50","","","","12:30",14,5,NA,NA,NA,NA,NA,NA,NA,NA,NA,NA,NA,NA,NA,NA,NA,NA,NA,NA,NA,NA,NA,NA,NA,NA,NA,NA,NA,NA,NA,NA,4,1,42,1,42101,"101_101",4210160000,42101020101,1418,1.17,150,28.042475,4.298775,107.7755525,12,30,750,3,"2/6/2013","",0,-75.1742218041379,39.9513700637455,-75.1553089348274,40.0036904586044,"POINT (-75.174222 39.951370)","POINT (-75.155309 40.003690)"
49329,601933,1,60193301,157.1925661,92.11585687,1,NA,6.01933e+11,4,6.01933e+13,6019330104,NA,NA,1,NA,NA,4,1,42,1,42101,"101_101",4210160000,42101020101,1418,"15:00",14,NA,NA,NA,"1:00","","","","18:30",14,5,NA,NA,NA,NA,NA,NA,NA,NA,NA,NA,NA,NA,NA,NA,NA,NA,NA,NA,NA,NA,NA,NA,NA,NA,NA,NA,NA,NA,NA,NA,4,1,42,1,42101,"101_112",4210160000,42101980700,823,1.17,60,44.763914,7.425526,107.7755525,18,30,1110,3,"2/6/2013","",0,-75.1553089348274,40.0036904586044,-75.1410924621013,39.9257396921949,"POINT (-75.155309 40.003690)","POINT (-75.141092 39.925740)"
49330,601933,1,60193301,157.1925661,92.11585687,1,NA,6.01933e+11,5,6.01933e+13,6019330105,NA,NA,1,NA,NA,4,1,42,1,42101,"101_112",4210160000,42101980700,823,"19:30",11,9,NA,NA,"1:00","1:00","","","21:30",14,5,NA,NA,NA,NA,NA,NA,NA,NA,NA,NA,NA,NA,NA,NA,NA,NA,NA,NA,NA,NA,NA,NA,NA,NA,NA,NA,NA,NA,NA,NA,1,1,42,1,42101,"101_103",4210160000,42101001201,30,1.17,60,33.48029,4.815139,107.7755525,21,30,1290,3,"2/6/2013","",0,-75.1410924621013,39.9257396921949,-75.1773253490168,39.9478229139105,"POINT (-75.141092 39.925740)","POINT (-75.177325 39.947823)"
49377,602285,1,60228501,254.7502371,192.8580113,1,NA,6.02285e+11,1,6.02285e+13,6022850101,NA,NA,1,1,2,1,1,42,1,42101,"101_103",4210160000,42101000804,42,"",1,NA,NA,NA,"4:00","","","","7:00",14,5,NA,NA,NA,NA,NA,NA,NA,NA,NA,NA,NA,NA,NA,NA,NA,NA,NA,NA,NA,NA,NA,NA,NA,NA,NA,NA,NA,NA,NA,NA,2,1,42,1,42101,"101_110",4210160000,42101036900,1018,1.12,20,19.44269,1.956026,216.0009726,7,0,420,2,"7/30/2013","",0,-75.1655206281913,39.9477143701067,-75.1957094473416,39.9494354858208,"POINT (-75.165521 39.947714)","POINT (-75.195709 39.949435)"
49378,602285,1,60228501,254.7502371,192.8580113,1,NA,6.02285e+11,2,6.02285e+13,6022850102,NA,NA,1,NA,NA,2,1,42,1,42101,"101_110",4210160000,42101036900,1018,"7:20",5,NA,NA,NA,"12:10","","","","19:30",14,5,NA,NA,NA,NA,NA,NA,NA,NA,NA,NA,NA,NA,NA,NA,NA,NA,NA,NA,NA,NA,NA,NA,NA,NA,NA,NA,NA,NA,NA,NA,1,1,42,1,42101,"101_103",4210160000,42101000804,42,1.12,40,21.020114,2.390451,216.0009726,19,30,1170,2,"7/30/2013","",0,-75.1957094473416,39.9494354858208,-75.1655206281913,39.9477143701067,"POINT (-75.195709 39.949435)","POINT (-75.165521 39.947714)"
49380,602285,2,60228502,254.7502371,169.4468022,1,NA,6.02285e+11,1,6.02285e+13,6022850201,NA,NA,3,0,2,2,1,42,1,42101,"101_110",4210160000,42101036900,1018,"",5,NA,NA,NA,"5:15","","","","8:15",14,5,NA,NA,NA,NA,NA,NA,NA,NA,NA,NA,NA,NA,NA,NA,NA,NA,NA,NA,NA,NA,NA,NA,NA,NA,NA,NA,NA,NA,NA,NA,1,1,42,1,42101,"101_103",4210160000,42101000804,42,1.12,30,22.226499,2.229646,189.7804184,8,15,495,2,"7/30/2013","",0,-75.1957094473416,39.9494354858208,-75.1655206281913,39.9477143701067,"POINT (-75.195709 39.949435)","POINT (-75.165521 39.947714)"
49381,602285,2,60228502,254.7502371,169.4468022,2,NA,6.02285e+11,2,6.02285e+13,6022850202,NA,NA,3,0,NA,1,1,42,1,42101,"101_103",4210160000,42101000804,42,"8:45",1,NA,NA,NA,"8:45","","","","17:30",14,5,NA,NA,NA,NA,NA,NA,NA,NA,NA,NA,NA,NA,NA,NA,NA,NA,NA,NA,NA,NA,NA,NA,NA,NA,NA,NA,NA,NA,NA,NA,2,1,42,1,42101,"101_110",4210160000,42101036900,1018,1.12,21,21.358247,2.107582,189.7804184,17,30,1050,2,"7/30/2013","",0,-75.1655206281913,39.9477143701067,-75.1957094473416,39.9494354858208,"POINT (-75.165521 39.947714)","POINT (-75.195709 39.949435)"
49497,602826,1,60282601,228.4384878,154.6616617,1,NA,6.02826e+11,1,6.02826e+13,6028260101,NA,NA,2,4,2,1,1,42,1,42101,"101_102",4210160000,42101006600,2023,"",1,NA,NA,NA,"0:00","","","","9:30",14,5,NA,NA,NA,NA,NA,NA,NA,NA,NA,NA,NA,NA,NA,NA,NA,NA,NA,NA,NA,NA,NA,NA,NA,NA,NA,NA,NA,NA,NA,NA,4,1,42,1,42101,"101_112",4210160000,42101003800,1818,1.17,30,18.26684,3.11804,180.9541442,9,30,570,2,"1/29/2013","",0,-75.2298442421393,39.9293235759694,-75.1858598621043,39.9165483287187,"POINT (-75.229844 39.929324)","POINT (-75.185860 39.916548)"
49498,602826,1,60282601,228.4384878,154.6616617,1,NA,6.02826e+11,2,6.02826e+13,6028260102,NA,NA,2,NA,NA,4,1,42,1,42101,"101_112",4210160000,42101003800,1818,"10:00",6,8,9,NA,"0:00","","","","10:38",14,5,NA,NA,NA,NA,NA,NA,NA,NA,NA,NA,NA,NA,NA,NA,NA,NA,NA,NA,NA,NA,NA,NA,NA,NA,NA,NA,NA,NA,NA,NA,4,1,42,1,42045,"045_203",4204541440,42045402000,4420,1.17,52,45.823057,7.348988,180.9541442,10,38,638,2,"1/29/2013","",0,-75.1858598621043,39.9165483287187,-75.269943076881,39.9356820759347,"POINT (-75.185860 39.916548)","POINT (-75.269943 39.935682)"
49527,602895,1,60289501,340.3264668,154.5724353,1,NA,6.02895e+11,1,6.02895e+13,6028950101,NA,NA,1,5,2,1,1,42,1,42101,"101_103",4210160000,42101000402,97,"",1,NA,NA,NA,"0:00","","","","14:00",14,5,NA,NA,NA,NA,NA,NA,NA,NA,NA,NA,NA,NA,NA,NA,NA,NA,NA,NA,NA,NA,NA,NA,NA,NA,NA,NA,NA,NA,NA,NA,4,1,42,1,42101,"101_103",4210160000,42101001202,23,1.17,15,12.045688,0.342964,180.8497492,14,0,840,3,"2/6/2013","",0,-75.1722789942054,39.9539778646615,-75.1665551812863,39.9452085642469,"POINT (-75.172279 39.953978)","POINT (-75.166555 39.945209)"
49542,602950,1,60295001,352.520661,110.4759252,1,NA,6.0295e+11,3,6.0295e+13,6029500103,NA,NA,2,NA,NA,4,1,42,1,42101,"101_103",4210160000,42101000402,76,"18:42",19,NA,NA,NA,"0:13","","","","18:55",21,5,NA,NA,NA,NA,NA,NA,NA,NA,NA,NA,NA,NA,NA,NA,NA,NA,NA,NA,NA,NA,NA,NA,NA,NA,NA,NA,NA,NA,NA,NA,4,1,42,1,42101,"101_107",4210160000,42101014400,401,1.17,0,18.549475,2.944848,129.2568325,18,55,1135,1,"7/15/2013","",0,-75.1662257986882,39.9519342771783,-75.1400970132193,39.9722367087517,"POINT (-75.166226 39.951934)","POINT (-75.140097 39.972237)"
49617,603625,1,60362501,158.8815913,80.67143899,1,NA,6.03625e+11,1,6.03625e+13,6036250101,NA,NA,2,1,2,1,1,42,1,42045,"045_203",4204579000,42045400401,4448,"",6,8,NA,NA,"0:30","0:45","","","9:30",14,5,NA,NA,NA,NA,NA,NA,NA,NA,NA,NA,NA,NA,NA,NA,NA,NA,NA,NA,NA,NA,NA,NA,NA,NA,NA,NA,NA,NA,NA,NA,4,1,42,1,42045,"045_203",4204579000,42045400600,4457,1.13,75,18.159187,2.003127,91.15872606,9,30,570,1,"1/28/2013","",0,-75.2629389868999,39.9545919335046,-75.2797205011103,39.9629897065044,"POINT (-75.262939 39.954592)","POINT (-75.279721 39.962990)"
49618,603625,1,60362501,158.8815913,80.67143899,1,NA,6.03625e+11,2,6.03625e+13,6036250102,NA,NA,2,NA,NA,4,1,42,1,42045,"045_203",4204579000,42045400600,4457,"10:45",6,8,NA,NA,"0:30","0:45","","","12:30",14,5,NA,NA,NA,NA,NA,NA,NA,NA,NA,NA,NA,NA,NA,NA,NA,NA,NA,NA,NA,NA,NA,NA,NA,NA,NA,NA,NA,NA,NA,NA,1,1,42,1,42045,"045_203",4204579000,42045400401,4448,1.13,690,20.635784,1.859724,91.15872606,12,30,750,1,"1/28/2013","",0,-75.2797205011103,39.9629897065044,-75.2629389868999,39.9545919335046,"POINT (-75.279721 39.962990)","POINT (-75.262939 39.954592)"
49718,604300,1,60430001,153.4484038,79.67376108,1,NA,6.043e+11,2,6.043e+13,6043000102,NA,NA,1,NA,NA,4,1,42,1,42045,"045_206",4204533144,42045408800,5019,"7:15",19,NA,NA,NA,"0:05","","","","7:20",21,5,NA,NA,NA,NA,NA,NA,NA,NA,NA,NA,NA,NA,NA,NA,NA,NA,NA,NA,NA,NA,NA,NA,NA,NA,NA,NA,NA,NA,NA,NA,4,1,42,1,42045,"045_203",4204579000,42045400500,4459,1.12,5,26.509675,4.36167,89.23461241,7,20,440,4,"1/31/2013","",0,-75.300281066518,40.0007168757721,-75.2626735411038,39.9640057100153,"POINT (-75.300281 40.000717)","POINT (-75.262674 39.964006)"
49719,604300,1,60430001,153.4484038,79.67376108,1,NA,6.043e+11,3,6.043e+13,6043000103,NA,NA,1,NA,NA,4,1,42,1,42045,"045_203",4204579000,42045400500,4459,"7:25",19,NA,NA,NA,"0:06","","","","7:31",21,5,NA,NA,NA,NA,NA,NA,NA,NA,NA,NA,NA,NA,NA,NA,NA,NA,NA,NA,NA,NA,NA,NA,NA,NA,NA,NA,NA,NA,NA,NA,4,1,42,1,42101,"101_103",4210160000,42101000402,76,1.12,24,23.951639,5.422669,89.23461241,7,31,451,4,"1/31/2013","",0,-75.2626735411038,39.9640057100153,-75.1662257986882,39.9519342771783,"POINT (-75.262674 39.964006)","POINT (-75.166226 39.951934)"
49720,604300,1,60430001,153.4484038,79.67376108,1,NA,6.043e+11,4,6.043e+13,6043000104,NA,NA,1,NA,NA,4,1,42,1,42101,"101_103",4210160000,42101000402,76,"7:55",19,NA,NA,NA,"0:05","","","","8:00",21,5,NA,NA,NA,NA,NA,NA,NA,NA,NA,NA,NA,NA,NA,NA,NA,NA,NA,NA,NA,NA,NA,NA,NA,NA,NA,NA,NA,NA,NA,NA,4,1,42,1,42101,"101_103",4210160000,42101000300,113,1.12,5,6.286928,0.506521,89.23461241,8,0,480,4,"1/31/2013","",0,-75.1662257986882,39.9519342771783,-75.1634052023169,39.9571451807186,"POINT (-75.166226 39.951934)","POINT (-75.163405 39.957145)"
49734,604371,1,60437101,399.8671055,162.9821446,1,NA,6.04371e+11,1,6.04371e+13,6043710101,NA,NA,2,1,2,1,1,42,1,42101,"101_112",4210160000,42101004102,807,"",1,NA,NA,NA,"5:00","","","","8:00",14,5,NA,NA,NA,NA,NA,NA,NA,NA,NA,NA,NA,NA,NA,NA,NA,NA,NA,NA,NA,NA,NA,NA,NA,NA,NA,NA,NA,NA,NA,NA,4,3,42,1,42101,"101_112",4210160000,42101004101,816,1.17,30,5.35001,0.391464,190.6891092,8,0,480,4,"7/11/2013","",0,-75.1603362537134,39.9167023901516,-75.1592387852516,39.9217586458287,"POINT (-75.160336 39.916702)","POINT (-75.159239 39.921759)"
49735,604371,1,60437101,399.8671055,162.9821446,1,NA,6.04371e+11,2,6.04371e+13,6043710102,NA,NA,2,NA,NA,4,3,42,1,42101,"101_112",4210160000,42101004101,816,"8:30",12,NA,NA,NA,"3:00","","","","11:30",14,5,NA,NA,NA,NA,NA,NA,NA,NA,NA,NA,NA,NA,NA,NA,NA,NA,NA,NA,NA,NA,NA,NA,NA,NA,NA,NA,NA,NA,NA,NA,1,1,42,1,42101,"101_112",4210160000,42101004102,807,1.17,30,5.306896,0.44696,190.6891092,11,30,690,4,"7/11/2013","",0,-75.1592387852516,39.9217586458287,-75.1603362537134,39.9167023901516,"POINT (-75.159239 39.921759)","POINT (-75.160336 39.916702)"
49739,604371,2,60437102,399.8671055,179.6213326,1,NA,6.04371e+11,1,6.04371e+13,6043710201,NA,NA,1,2,2,1,1,42,1,42101,"101_112",4210160000,42101004102,807,"",1,NA,NA,NA,"4:00","","","","7:00",14,5,NA,NA,NA,NA,NA,NA,NA,NA,NA,NA,NA,NA,NA,NA,NA,NA,NA,NA,NA,NA,NA,NA,NA,NA,NA,NA,NA,NA,NA,NA,2,3,42,1,42101,"101_112",4210160000,42101003200,840,1.17,25,21.359242,2.512509,210.1569591,7,0,420,4,"7/11/2013","",0,-75.1603362537134,39.9167023901516,-75.1829342839572,39.9329910377486,"POINT (-75.160336 39.916702)","POINT (-75.182934 39.932991)"
49740,604371,2,60437102,399.8671055,179.6213326,1,NA,6.04371e+11,2,6.04371e+13,6043710202,NA,NA,1,NA,NA,2,3,42,1,42101,"101_112",4210160000,42101003200,840,"7:25",5,NA,NA,NA,"7:00","","","","14:25",14,5,NA,NA,NA,NA,NA,NA,NA,NA,NA,NA,NA,NA,NA,NA,NA,NA,NA,NA,NA,NA,NA,NA,NA,NA,NA,NA,NA,NA,NA,NA,4,1,42,1,42101,"101_112",4210160000,42101003200,841,1.17,57,3.833333,0.254141,210.1569591,14,25,865,4,"7/11/2013","",0,-75.1829342839572,39.9329910377486,-75.1870662747411,39.9335197790401,"POINT (-75.182934 39.932991)","POINT (-75.187066 39.933520)"
49741,604371,2,60437102,399.8671055,179.6213326,1,NA,6.04371e+11,3,6.04371e+13,6043710203,NA,NA,1,NA,NA,4,1,42,1,42101,"101_112",4210160000,42101003200,841,"15:22",12,NA,NA,NA,"2:00","","","","17:30",14,5,NA,NA,NA,NA,NA,NA,NA,NA,NA,NA,NA,NA,NA,NA,NA,NA,NA,NA,NA,NA,NA,NA,NA,NA,NA,NA,NA,NA,NA,NA,1,1,42,1,42101,"101_112",4210160000,42101004102,807,1.17,30,23.055643,2.717274,210.1569591,17,30,1050,4,"7/11/2013","",0,-75.1870662747411,39.9335197790401,-75.1603362537134,39.9167023901516,"POINT (-75.187066 39.933520)","POINT (-75.160336 39.916702)"
49821,605373,1,60537301,668.8941838,221.967171,1,NA,6.05373e+11,2,6.05373e+13,6053730102,NA,NA,2,NA,NA,3,6,42,1,42101,"101_101",4210160000,42101017400,1405,"8:00",3,NA,NA,NA,"4:00","","","","12:00",14,5,NA,NA,NA,NA,NA,NA,NA,NA,NA,NA,NA,NA,NA,NA,NA,NA,NA,NA,NA,NA,NA,NA,NA,NA,NA,NA,NA,NA,NA,NA,4,1,42,1,42101,"101_107",4210160000,42101014600,409,1.17,17,15.921575,1.745802,259.70159,12,0,720,1,"2/4/2013","",0,-75.1503604073933,39.9962218359028,-75.1562910038297,39.9768159139408,"POINT (-75.150360 39.996222)","POINT (-75.156291 39.976816)"
49823,605373,1,60537301,668.8941838,221.967171,1,NA,6.05373e+11,4,6.05373e+13,6053730104,NA,NA,2,NA,NA,3,6,42,1,42101,"101_101",4210160000,42101017400,1405,"13:10",3,NA,NA,NA,"3:00","","","","16:10",14,5,NA,NA,NA,NA,NA,NA,NA,NA,NA,NA,NA,NA,NA,NA,NA,NA,NA,NA,NA,NA,NA,NA,NA,NA,NA,NA,NA,NA,NA,NA,1,1,42,1,42101,"101_107",4210160000,42101014900,415,1.17,470,25.202853,2.699596,259.70159,16,10,970,1,"2/4/2013","",0,-75.1503604073933,39.9962218359028,-75.1804047012754,39.9816583790678,"POINT (-75.150360 39.996222)","POINT (-75.180405 39.981658)"
49829,605373,3,60537303,668.8941838,225.5464313,1,NA,6.05373e+11,2,6.05373e+13,6053730302,NA,NA,2,NA,NA,4,1,42,1,42101,"101_103",4210160000,42101000100,66,"9:20",13,NA,NA,NA,"3:00","","","","12:24",14,5,NA,NA,NA,NA,NA,NA,NA,NA,NA,NA,NA,NA,NA,NA,NA,NA,NA,NA,NA,NA,NA,NA,NA,NA,NA,NA,NA,NA,NA,NA,1,1,42,1,42101,"101_107",4210160000,42101014900,415,1.17,696,33.587911,4.489415,263.8893246,12,24,744,1,"2/4/2013","",0,-75.1446587384151,39.9502859178682,-75.1804047012754,39.9816583790678,"POINT (-75.144659 39.950286)","POINT (-75.180405 39.981658)"
49886,605552,1,60555201,211.7301447,88.50554862,1,NA,6.05552e+11,2,6.05552e+13,6055520102,NA,NA,2,NA,NA,4,1,42,1,42101,"101_103",4210160000,42101000804,43,"9:22",6,NA,NA,NA,"0:04","","","","9:26",21,5,NA,NA,NA,NA,NA,NA,NA,NA,NA,NA,NA,NA,NA,NA,NA,NA,NA,NA,NA,NA,NA,NA,NA,NA,NA,NA,NA,NA,NA,NA,4,1,42,1,42101,"101_112",4210160000,42101980700,823,1.12,39,23.024688,2.86717,99.12621445,9,26,566,2,"7/30/2013","",0,-75.1652643007328,39.9488899960486,-75.1410924621013,39.9257396921949,"POINT (-75.165264 39.948890)","POINT (-75.141092 39.925740)"
49990,606623,1,60662301,190.4720163,94.57764468,1,NA,6.06623e+11,1,6.06623e+13,6066230101,NA,NA,2,1,2,1,1,42,1,42101,"101_103",4210160000,42101000804,46,"",1,7,NA,NA,"6:00","","","","14:30",14,5,NA,NA,NA,NA,NA,NA,NA,NA,NA,NA,NA,NA,NA,NA,NA,NA,NA,NA,NA,NA,NA,NA,NA,NA,NA,NA,NA,NA,NA,NA,4,1,42,1,42101,"101_103",4210160000,42101000700,60,1.17,30,5.783333,0.249791,110.6558443,14,30,870,2,"1/29/2013","",0,-75.1701368511036,39.9488667930338,-75.1673585815214,39.9505151310837,"POINT (-75.170137 39.948867)","POINT (-75.167359 39.950515)"
49991,606623,1,60662301,190.4720163,94.57764468,1,NA,6.06623e+11,2,6.06623e+13,6066230102,NA,NA,2,NA,NA,4,1,42,1,42101,"101_103",4210160000,42101000700,60,"15:00",8,NA,NA,NA,"0:00","","","","15:30",14,5,NA,NA,NA,NA,NA,NA,NA,NA,NA,NA,NA,NA,NA,NA,NA,NA,NA,NA,NA,NA,NA,NA,NA,NA,NA,NA,NA,NA,NA,NA,1,1,42,1,42101,"101_103",4210160000,42101000804,46,1.17,20,5.538542,0.2355,110.6558443,15,30,930,2,"1/29/2013","",0,-75.1673585815214,39.9505151310837,-75.1701368511036,39.9488667930338,"POINT (-75.167359 39.950515)","POINT (-75.170137 39.948867)"
50215,607908,2,60790802,184.0851854,111.1431879,1,NA,6.07908e+11,1,6.07908e+13,6079080201,NA,NA,1,1,2,1,1,42,1,42045,"045_206",4204533144,42045408300,5021,"",1,NA,NA,NA,"0:00","","","","7:28",21,5,NA,NA,NA,NA,NA,NA,NA,NA,NA,NA,NA,NA,NA,NA,NA,NA,NA,NA,NA,NA,NA,NA,NA,NA,NA,NA,NA,NA,NA,NA,2,1,42,1,42101,"101_103",4210160000,42101000402,98,1.15,52,46.022418,9.79276,127.8146661,7,28,448,5,"2/1/2013","",0,-75.3077676290044,40.0078734461634,-75.1672929773502,39.9544153783527,"POINT (-75.307768 40.007873)","POINT (-75.167293 39.954415)"
50216,607908,2,60790802,184.0851854,111.1431879,1,NA,6.07908e+11,2,6.07908e+13,6079080202,NA,NA,1,NA,NA,2,1,42,1,42101,"101_103",4210160000,42101000402,98,"8:20",11,5,NA,NA,"0:00","","","","17:50",21,5,NA,NA,NA,NA,NA,NA,NA,NA,NA,NA,NA,NA,NA,NA,NA,NA,NA,NA,NA,NA,NA,NA,NA,NA,NA,NA,NA,NA,NA,NA,1,1,42,1,42045,"045_206",4204533144,42045408300,5021,1.15,60,43.53795,9.988053,127.8146661,17,50,1070,5,"2/1/2013","",0,-75.1672929773502,39.9544153783527,-75.3077676290044,40.0078734461634,"POINT (-75.167293 39.954415)","POINT (-75.307768 40.007873)"
50256,608036,1,60803601,482.4406172,155.3330061,1,NA,6.08036e+11,1,6.08036e+13,6080360101,NA,NA,2,3,2,1,1,42,1,42101,"101_103",4210160000,42101000200,108,"",12,16,6,8,"0:00","","","","7:20",14,5,NA,NA,NA,NA,NA,NA,NA,NA,NA,NA,NA,NA,NA,NA,NA,NA,NA,NA,NA,NA,NA,NA,NA,NA,NA,NA,NA,NA,NA,NA,4,1,42,1,42101,"101_103",4210160000,42101001002,12,1.17,100,18.659779,1.196829,181.7396171,7,20,440,1,"7/8/2013","",0,-75.1560983260195,39.9553691545034,-75.1476427366842,39.9441226984079,"POINT (-75.156098 39.955369)","POINT (-75.147643 39.944123)"
50257,608036,1,60803601,482.4406172,155.3330061,1,NA,6.08036e+11,2,6.08036e+13,6080360102,NA,NA,2,NA,NA,4,1,42,1,42101,"101_103",4210160000,42101001002,12,"9:00",8,NA,NA,NA,"0:00","","","","10:30",14,5,NA,NA,NA,NA,NA,NA,NA,NA,NA,NA,NA,NA,NA,NA,NA,NA,NA,NA,NA,NA,NA,NA,NA,NA,NA,NA,NA,NA,NA,NA,4,1,42,1,42101,"101_103",4210160000,42101000902,38,1.17,NA,9.700044,0.505488,181.7396171,10,30,630,1,"7/8/2013","",0,-75.1476427366842,39.9441226984079,-75.1550731760754,39.9469560187574,"POINT (-75.147643 39.944123)","POINT (-75.155073 39.946956)"
50258,608036,1,60803601,482.4406172,155.3330061,1,NA,6.08036e+11,3,6.08036e+13,6080360103,NA,NA,2,NA,NA,4,1,42,1,42101,"101_103",4210160000,42101000902,38,"9999",12,NA,NA,NA,"0:00","","","","10:35",14,5,NA,NA,NA,NA,NA,NA,NA,NA,NA,NA,NA,NA,NA,NA,NA,NA,NA,NA,NA,NA,NA,NA,NA,NA,NA,NA,NA,NA,NA,NA,4,1,42,1,42101,"101_103",4210160000,42101000902,39,1.17,25,6.15,0.214373,181.7396171,10,35,635,1,"7/8/2013","",0,-75.1550731760754,39.9469560187574,-75.1584424033225,39.9474108270156,"POINT (-75.155073 39.946956)","POINT (-75.158442 39.947411)"
50259,608036,1,60803601,482.4406172,155.3330061,1,NA,6.08036e+11,4,6.08036e+13,6080360104,NA,NA,2,NA,NA,4,1,42,1,42101,"101_103",4210160000,42101000902,39,"11:00",16,NA,NA,NA,"0:00","","","","12:10",14,5,NA,NA,NA,NA,NA,NA,NA,NA,NA,NA,NA,NA,NA,NA,NA,NA,NA,NA,NA,NA,NA,NA,NA,NA,NA,NA,NA,NA,NA,NA,1,1,42,1,42101,"101_103",4210160000,42101000200,108,1.17,710,10.647348,0.703822,181.7396171,12,10,730,1,"7/8/2013","",0,-75.1584424033225,39.9474108270156,-75.1560983260195,39.9553691545034,"POINT (-75.158442 39.947411)","POINT (-75.156098 39.955369)"
50274,608087,3,60808703,194.8378228,430.2276714,1,NA,6.08087e+11,1,6.08087e+13,6080870301,NA,NA,1,2,2,1,1,42,1,42045,"045_204",4204576576,42045410100,4623,"",1,NA,NA,NA,"6:00","","","","9:00",14,5,NA,NA,NA,NA,NA,NA,NA,NA,NA,NA,NA,NA,NA,NA,NA,NA,NA,NA,NA,NA,NA,NA,NA,NA,NA,NA,NA,NA,NA,NA,3,1,42,1,42045,"045_205",4204549136,42045407201,4817,1.15,90,131.231971,26.968875,494.7618221,9,0,540,3,"2/6/2013","",0,-75.5017110217195,39.9252280525618,-75.4217973167632,39.9247683828366,"POINT (-75.501711 39.925228)","POINT (-75.421797 39.924768)"
50275,608087,3,60808703,194.8378228,430.2276714,1,NA,6.08087e+11,2,6.08087e+13,6080870302,NA,NA,1,NA,NA,3,1,42,1,42045,"045_205",4204549136,42045407201,4817,"10:30",3,NA,NA,NA,"3:00","","","","13:45",14,5,NA,NA,NA,NA,NA,NA,NA,NA,NA,NA,NA,NA,NA,NA,NA,NA,NA,NA,NA,NA,NA,NA,NA,NA,NA,NA,NA,NA,NA,NA,2,1,42,1,42045,"045_204",4204515488,42045410301,4618,1.15,75,50.3351,8.9071,494.7618221,13,45,825,3,"2/6/2013","",0,-75.4217973167632,39.9247683828366,-75.5326409377133,39.890085601028,"POINT (-75.421797 39.924768)","POINT (-75.532641 39.890086)"
50288,608165,1,60816501,66.89625544,110.9654951,1,NA,6.08165e+11,2,6.08165e+13,6081650102,NA,NA,1,NA,NA,2,1,42,1,42101,"101_103",4210160000,42101000402,96,"6:57",5,5,NA,NA,"7:00","0:20","","","14:20",23,5,NA,NA,NA,NA,NA,NA,NA,NA,NA,NA,NA,NA,NA,NA,NA,NA,NA,NA,NA,NA,NA,NA,NA,NA,NA,NA,NA,NA,NA,NA,4,1,42,1,42101,"101_110",4210160000,42101036900,1018,1.15,14,15.045947,1.780849,127.6103193,14,20,860,2,"6/4/2013","",0,-75.1706866571216,39.953785415184,-75.1957094473416,39.9494354858208,"POINT (-75.170687 39.953785)","POINT (-75.195709 39.949435)"
50291,608165,2,60816502,66.89625544,105.2154024,1,NA,6.08165e+11,1,6.08165e+13,6081650201,NA,NA,1,1,2,1,1,42,1,42101,"101_103",4210160000,42101001300,9,"",1,NA,NA,NA,"3:26","","","","6:56",14,5,NA,NA,NA,NA,NA,NA,NA,NA,NA,NA,NA,NA,NA,NA,NA,NA,NA,NA,NA,NA,NA,NA,NA,NA,NA,NA,NA,NA,NA,NA,2,1,42,1,42101,"101_103",4210160000,42101000100,68,1.15,39,28.57004,2.667996,120.9977128,6,56,416,2,"6/4/2013","",0,-75.1845576169885,39.942839888606,-75.150623776162,39.9499928305521,"POINT (-75.184558 39.942840)","POINT (-75.150624 39.949993)"
50722,610453,1,61045301,152.2986917,97.91943276,2,NA,6.10453e+11,3,6.10453e+13,6104530103,NA,NA,2,2,NA,1,1,42,1,42101,"101_108",4210160000,42101021700,3215,"10:05",1,NA,NA,NA,"0:00","","","","11:40",14,5,NA,NA,NA,NA,NA,NA,NA,NA,NA,NA,NA,NA,NA,NA,NA,NA,NA,NA,NA,NA,NA,NA,NA,NA,NA,NA,NA,NA,NA,NA,4,3,42,1,42101,"101_108",4210160000,42101020700,3202,1.17,5,30.86825,3.067716,114.5657363,11,40,700,3,"1/30/2013","",0,-75.2203509863295,40.0410461667675,-75.1971342156818,40.0138387034349,"POINT (-75.220351 40.041046)","POINT (-75.197134 40.013839)"
50723,610453,1,61045301,152.2986917,97.91943276,2,NA,6.10453e+11,4,6.10453e+13,6104530104,NA,NA,2,NA,NA,4,3,42,1,42101,"101_108",4210160000,42101020700,3202,"11:45",19,NA,NA,NA,"0:00","","","","15:46",14,5,NA,NA,NA,NA,NA,NA,NA,NA,NA,NA,NA,NA,NA,NA,NA,NA,NA,NA,NA,NA,NA,NA,NA,NA,NA,NA,NA,NA,NA,NA,4,1,42,1,42101,"101_103",4210160000,42101000500,90,1.17,25,26.578276,6.809775,114.5657363,15,46,946,3,"1/30/2013","",0,-75.1971342156818,40.0138387034349,-75.1588750233838,39.9528401835985,"POINT (-75.197134 40.013839)","POINT (-75.158875 39.952840)"
50849,611387,2,61138702,187.3949517,93.05092022,3,NA,6.11387e+11,8,6.11387e+13,6113870208,NA,NA,1,NA,NA,4,1,42,1,42091,"091_409",4209141432,42091200908,11619,"14:45",19,NA,NA,NA,"0:00","","","","15:20",14,5,NA,NA,NA,NA,NA,NA,NA,NA,NA,NA,NA,NA,NA,NA,NA,NA,NA,NA,NA,NA,NA,NA,NA,NA,NA,NA,NA,NA,NA,NA,2,1,42,1,42017,"017_503",4201776304,42017102600,14431,1.12,2,33.871431,9.534941,104.2170306,15,20,920,3,"1/30/2013","",0,-75.2901773528481,40.2459664424297,-75.3243718638479,40.3286131053482,"POINT (-75.290177 40.245966)","POINT (-75.324372 40.328613)"
51284,613892,1,61389201,83.28207137,88.13133109,1,NA,6.13892e+11,1,6.13892e+13,6138920101,NA,NA,2,2,2,1,1,42,1,42045,"045_206",4204533144,42045409100,5011,"",1,NA,NA,NA,"0:00","","","","12:15",21,5,NA,NA,NA,NA,NA,NA,NA,NA,NA,NA,NA,NA,NA,NA,NA,NA,NA,NA,NA,NA,NA,NA,NA,NA,NA,NA,NA,NA,NA,NA,4,1,42,1,42045,"045_203",4204579000,42045400500,4459,1.12,NA,23.559041,3.070528,98.70709083,12,15,735,5,"2/1/2013","",0,-75.3024393659454,39.9834631042535,-75.2626735411038,39.9640057100153,"POINT (-75.302439 39.983463)","POINT (-75.262674 39.964006)"
51286,613892,1,61389201,83.28207137,88.13133109,1,NA,6.13892e+11,3,6.13892e+13,6138920103,NA,NA,2,NA,NA,4,1,42,1,42045,"045_206",4204533144,42045408900,5009,"9999",19,NA,NA,NA,"0:00","","","","17:00",21,5,NA,NA,NA,NA,NA,NA,NA,NA,NA,NA,NA,NA,NA,NA,NA,NA,NA,NA,NA,NA,NA,NA,NA,NA,NA,NA,NA,NA,NA,NA,1,1,42,1,42045,"045_206",4204533144,42045409100,5011,1.12,30,17.580284,1.127834,98.70709083,17,0,1020,5,"2/1/2013","",0,-75.2859011035678,39.9804280541513,-75.3024393659454,39.9834631042535,"POINT (-75.285901 39.980428)","POINT (-75.302439 39.983463)"
51363,614451,1,61445101,676.4519571,84.30299267,1,NA,6.14451e+11,1,6.14451e+13,6144510101,NA,NA,1,2,2,1,1,42,1,42101,"101_107",4210160000,42101014000,403,"",10,5,96,NA,"1:30","1:30","1:00","","11:30",14,5,NA,NA,NA,NA,NA,NA,NA,NA,NA,NA,NA,NA,NA,NA,NA,NA,NA,NA,NA,NA,NA,NA,NA,NA,NA,NA,NA,NA,NA,NA,4,1,42,1,42101,"101_107",4210160000,42101016901,434,1.17,35,22.734085,2.102759,98.63450143,11,30,690,1,"7/22/2013","",0,-75.1630984016405,39.9735438590113,-75.1758411443119,39.993060336458,"POINT (-75.163098 39.973544)","POINT (-75.175841 39.993060)"
51364,614451,1,61445101,676.4519571,84.30299267,1,NA,6.14451e+11,2,6.14451e+13,6144510102,NA,NA,1,NA,NA,4,1,42,1,42101,"101_107",4210160000,42101016901,434,"12:05",5,96,NA,NA,"2:00","0:40","","","14:45",14,5,NA,NA,NA,NA,NA,NA,NA,NA,NA,NA,NA,NA,NA,NA,NA,NA,NA,NA,NA,NA,NA,NA,NA,NA,NA,NA,NA,NA,NA,NA,2,1,42,1,42101,"101_107",4210160000,42101016702,430,1.17,35,20.458556,1.438715,98.63450143,14,45,885,1,"7/22/2013","",0,-75.1758411443119,39.993060336458,-75.1578194556998,39.9904255905816,"POINT (-75.175841 39.993060)","POINT (-75.157819 39.990426)"
51365,614451,1,61445101,676.4519571,84.30299267,1,NA,6.14451e+11,3,6.14451e+13,6144510103,NA,NA,1,NA,NA,2,1,42,1,42101,"101_107",4210160000,42101016702,430,"15:20",5,NA,NA,NA,"1:35","","","","16:55",14,5,NA,NA,NA,NA,NA,NA,NA,NA,NA,NA,NA,NA,NA,NA,NA,NA,NA,NA,NA,NA,NA,NA,NA,NA,NA,NA,NA,NA,NA,NA,1,1,42,1,42101,"101_107",4210160000,42101014000,403,1.17,25,15.232925,1.479533,98.63450143,16,55,1015,1,"7/22/2013","",0,-75.1578194556998,39.9904255905816,-75.1630984016405,39.9735438590113,"POINT (-75.157819 39.990426)","POINT (-75.163098 39.973544)"
51369,614451,2,61445102,676.4519571,144.4057025,1,NA,6.14451e+11,1,6.14451e+13,6144510201,NA,NA,2,1,2,1,1,42,1,42101,"101_107",4210160000,42101014000,403,"",1,NA,NA,NA,"4:15","","","","7:15",14,5,NA,NA,NA,NA,NA,NA,NA,NA,NA,NA,NA,NA,NA,NA,NA,NA,NA,NA,NA,NA,NA,NA,NA,NA,NA,NA,NA,NA,NA,NA,4,1,42,1,42101,"101_107",4210160000,42101016702,430,1.17,40,10.885887,1.410388,168.954672,7,15,435,1,"7/22/2013","",0,-75.1630984016405,39.9735438590113,-75.1578194556998,39.9904255905816,"POINT (-75.163098 39.973544)","POINT (-75.157819 39.990426)"
51370,614451,2,61445102,676.4519571,144.4057025,1,NA,6.14451e+11,2,6.14451e+13,6144510202,NA,NA,2,NA,NA,4,1,42,1,42101,"101_107",4210160000,42101016702,430,"7:55",96,NA,NA,NA,"1:30","","","","9:45",14,5,NA,NA,NA,NA,NA,NA,NA,NA,NA,NA,NA,NA,NA,NA,NA,NA,NA,NA,NA,NA,NA,NA,NA,NA,NA,NA,NA,NA,NA,NA,1,1,42,1,42101,"101_107",4210160000,42101014000,403,1.17,30,14.719558,1.453527,168.954672,9,45,585,1,"7/22/2013","",0,-75.1578194556998,39.9904255905816,-75.1630984016405,39.9735438590113,"POINT (-75.157819 39.990426)","POINT (-75.163098 39.973544)"
51371,614451,2,61445102,676.4519571,144.4057025,2,NA,6.14451e+11,3,6.14451e+13,6144510203,NA,NA,2,1,NA,1,1,42,1,42101,"101_107",4210160000,42101014000,403,"10:15",1,NA,NA,NA,"2:00","","","","12:15",14,5,NA,NA,NA,NA,NA,NA,NA,NA,NA,NA,NA,NA,NA,NA,NA,NA,NA,NA,NA,NA,NA,NA,NA,NA,NA,NA,NA,NA,NA,NA,4,1,42,1,42101,"101_107",4210160000,42101016600,427,1.17,40,17.681727,1.659451,168.954672,12,15,735,1,"7/22/2013","",0,-75.1630984016405,39.9735438590113,-75.1536080135934,39.9890571718199,"POINT (-75.163098 39.973544)","POINT (-75.153608 39.989057)"
51372,614451,2,61445102,676.4519571,144.4057025,2,NA,6.14451e+11,4,6.14451e+13,6144510204,NA,NA,2,NA,NA,4,1,42,1,42101,"101_107",4210160000,42101016600,427,"12:55",3,NA,NA,NA,"3:20","","","","16:15",14,5,NA,NA,NA,NA,NA,NA,NA,NA,NA,NA,NA,NA,NA,NA,NA,NA,NA,NA,NA,NA,NA,NA,NA,NA,NA,NA,NA,NA,NA,NA,1,1,42,1,42101,"101_107",4210160000,42101014000,403,1.17,45,17.830848,1.713845,168.954672,16,15,975,1,"7/22/2013","",0,-75.1536080135934,39.9890571718199,-75.1630984016405,39.9735438590113,"POINT (-75.153608 39.989057)","POINT (-75.163098 39.973544)"
51373,614451,2,61445102,676.4519571,144.4057025,3,NA,6.14451e+11,5,6.14451e+13,6144510205,NA,NA,2,1,NA,1,1,42,1,42101,"101_107",4210160000,42101014000,403,"17:00",1,NA,NA,NA,"1:15","","","","18:45",14,5,NA,NA,NA,NA,NA,NA,NA,NA,NA,NA,NA,NA,NA,NA,NA,NA,NA,NA,NA,NA,NA,NA,NA,NA,NA,NA,NA,NA,NA,NA,4,1,42,1,42101,"101_107",4210160000,42101016901,434,1.17,0,22.057785,2.110039,168.954672,18,45,1125,1,"7/22/2013","",0,-75.1630984016405,39.9735438590113,-75.1758411443119,39.993060336458,"POINT (-75.163098 39.973544)","POINT (-75.175841 39.993060)"
51374,614451,2,61445102,676.4519571,144.4057025,3,NA,6.14451e+11,6,6.14451e+13,6144510206,NA,NA,2,NA,NA,4,1,42,1,42101,"101_107",4210160000,42101016901,434,"18:45",96,NA,NA,NA,"2:00","","","","20:45",14,5,NA,NA,NA,NA,NA,NA,NA,NA,NA,NA,NA,NA,NA,NA,NA,NA,NA,NA,NA,NA,NA,NA,NA,NA,NA,NA,NA,NA,NA,NA,1,1,42,1,42101,"101_107",4210160000,42101014000,403,1.17,45,23.280427,1.982009,168.954672,20,45,1245,1,"7/22/2013","",0,-75.1758411443119,39.993060336458,-75.1630984016405,39.9735438590113,"POINT (-75.175841 39.993060)","POINT (-75.163098 39.973544)"
51376,614451,3,61445103,676.4519571,144.4057025,1,NA,6.14451e+11,1,6.14451e+13,6144510301,NA,NA,2,1,2,1,1,42,1,42101,"101_107",4210160000,42101014000,403,"",1,NA,NA,NA,"4:15","","","","7:15",14,5,NA,NA,NA,NA,NA,NA,NA,NA,NA,NA,NA,NA,NA,NA,NA,NA,NA,NA,NA,NA,NA,NA,NA,NA,NA,NA,NA,NA,NA,NA,4,1,42,1,42101,"101_107",4210160000,42101016702,430,1.17,40,10.885887,1.410388,168.954672,7,15,435,1,"7/22/2013","",0,-75.1630984016405,39.9735438590113,-75.1578194556998,39.9904255905816,"POINT (-75.163098 39.973544)","POINT (-75.157819 39.990426)"
51377,614451,3,61445103,676.4519571,144.4057025,1,NA,6.14451e+11,2,6.14451e+13,6144510302,NA,NA,2,NA,NA,4,1,42,1,42101,"101_107",4210160000,42101016702,430,"7:55",96,NA,NA,NA,"1:30","","","","9:45",14,5,NA,NA,NA,NA,NA,NA,NA,NA,NA,NA,NA,NA,NA,NA,NA,NA,NA,NA,NA,NA,NA,NA,NA,NA,NA,NA,NA,NA,NA,NA,1,1,42,1,42101,"101_107",4210160000,42101014000,403,1.17,45,14.719558,1.453527,168.954672,9,45,585,1,"7/22/2013","",0,-75.1578194556998,39.9904255905816,-75.1630984016405,39.9735438590113,"POINT (-75.157819 39.990426)","POINT (-75.163098 39.973544)"
51378,614451,3,61445103,676.4519571,144.4057025,2,NA,6.14451e+11,3,6.14451e+13,6144510303,NA,NA,2,1,NA,1,1,42,1,42101,"101_107",4210160000,42101014000,403,"10:30",1,NA,NA,NA,"7:45","","","","18:15",14,5,NA,NA,NA,NA,NA,NA,NA,NA,NA,NA,NA,NA,NA,NA,NA,NA,NA,NA,NA,NA,NA,NA,NA,NA,NA,NA,NA,NA,NA,NA,4,1,42,1,42101,"101_107",4210160000,42101016901,434,1.17,30,22.057785,2.110039,168.954672,18,15,1095,1,"7/22/2013","",0,-75.1630984016405,39.9735438590113,-75.1758411443119,39.993060336458,"POINT (-75.163098 39.973544)","POINT (-75.175841 39.993060)"
51379,614451,3,61445103,676.4519571,144.4057025,2,NA,6.14451e+11,4,6.14451e+13,6144510304,NA,NA,2,NA,NA,4,1,42,1,42101,"101_107",4210160000,42101016901,434,"18:45",96,NA,NA,NA,"2:00","","","","20:45",14,5,NA,NA,NA,NA,NA,NA,NA,NA,NA,NA,NA,NA,NA,NA,NA,NA,NA,NA,NA,NA,NA,NA,NA,NA,NA,NA,NA,NA,NA,NA,1,1,42,1,42101,"101_107",4210160000,42101014000,403,1.17,45,23.280427,1.982009,168.954672,20,45,1245,1,"7/22/2013","",0,-75.1758411443119,39.993060336458,-75.1630984016405,39.9735438590113,"POINT (-75.175841 39.993060)","POINT (-75.163098 39.973544)"
51385,614539,2,61453902,140.0677812,125.0257654,1,NA,6.14539e+11,1,6.14539e+13,6145390201,NA,NA,1,1,2,1,1,42,1,42101,"101_110",4210160000,42101008601,1027,"",1,15,NA,NA,"3:00","0:30","","","7:00",14,5,NA,NA,NA,NA,NA,NA,NA,NA,NA,NA,NA,NA,NA,NA,NA,NA,NA,NA,NA,NA,NA,NA,NA,NA,NA,NA,NA,NA,NA,NA,4,1,42,1,42101,"101_112",4210160000,42101004101,816,1.12,60,38.395462,5.700945,140.0288573,7,0,420,4,"1/31/2013","",0,-75.2165947836222,39.9537421538695,-75.1592387852516,39.9217586458287,"POINT (-75.216595 39.953742)","POINT (-75.159239 39.921759)"
51386,614539,2,61453902,140.0677812,125.0257654,1,NA,6.14539e+11,2,6.14539e+13,6145390202,NA,NA,1,NA,NA,4,1,42,1,42101,"101_112",4210160000,42101004101,816,"8:00",5,NA,NA,NA,"9:00","","","","17:00",14,5,NA,NA,NA,NA,NA,NA,NA,NA,NA,NA,NA,NA,NA,NA,NA,NA,NA,NA,NA,NA,NA,NA,NA,NA,NA,NA,NA,NA,NA,NA,1,1,42,1,42101,"101_110",4210160000,42101008601,1027,1.12,420,41.225749,5.713458,140.0288573,17,0,1020,4,"1/31/2013","",0,-75.1592387852516,39.9217586458287,-75.2165947836222,39.9537421538695,"POINT (-75.159239 39.921759)","POINT (-75.216595 39.953742)"
51416,614748,1,61474801,190.1257082,133.8077509,1,NA,6.14748e+11,1,6.14748e+13,6147480101,NA,NA,1,1,2,1,1,42,1,42101,"101_103",4210160000,42101001202,25,"",1,NA,NA,NA,"0:00","","","","6:30",14,5,NA,NA,NA,NA,NA,NA,NA,NA,NA,NA,NA,NA,NA,NA,NA,NA,NA,NA,NA,NA,NA,NA,NA,NA,NA,NA,NA,NA,NA,NA,2,1,42,1,42101,"101_103",4210160000,42101001500,6,1.17,90,9.719973,0.865554,156.5550686,6,30,390,3,"1/30/2013","",0,-75.1732743609913,39.9456003211594,-75.1591175345241,39.9419118021734,"POINT (-75.173274 39.945600)","POINT (-75.159118 39.941912)"
51417,614748,1,61474801,190.1257082,133.8077509,1,NA,6.14748e+11,2,6.14748e+13,6147480102,NA,NA,1,NA,NA,2,1,42,1,42101,"101_103",4210160000,42101001500,6,"8:00",5,NA,NA,NA,"0:00","","","","18:00",14,5,NA,NA,NA,NA,NA,NA,NA,NA,NA,NA,NA,NA,NA,NA,NA,NA,NA,NA,NA,NA,NA,NA,NA,NA,NA,NA,NA,NA,NA,NA,1,1,42,1,42101,"101_103",4210160000,42101001202,25,1.17,60,11.25,0.869298,156.5550686,18,0,1080,3,"1/30/2013","",0,-75.1591175345241,39.9419118021734,-75.1732743609913,39.9456003211594,"POINT (-75.159118 39.941912)","POINT (-75.173274 39.945600)"
51548,615756,1,61575601,336.6524744,128.2107167,1,NA,6.15756e+11,1,6.15756e+13,6157560101,NA,NA,1,1,2,1,1,42,1,42101,"101_115",4210160000,42101026200,2639,"",1,NA,NA,NA,"0:00","","","","6:54",14,5,NA,NA,NA,NA,NA,NA,NA,NA,NA,NA,NA,NA,NA,NA,NA,NA,NA,NA,NA,NA,NA,NA,NA,NA,NA,NA,NA,NA,NA,NA,2,1,42,1,42101,"101_102",4210160000,42101980900,2007,1.17,60,81.917458,16.406705,150.0065386,6,54,414,5,"2/8/2013","",0,-75.1692193512515,40.0665021000576,-75.222409636121,39.8991472241574,"POINT (-75.169219 40.066502)","POINT (-75.222410 39.899147)"
51566,615809,1,61580901,458.7122574,238.9883079,1,NA,6.15809e+11,1,6.15809e+13,6158090101,NA,NA,2,5,2,1,1,42,1,42101,"101_114",4210160000,42101030000,1607,"",16,8,NA,NA,"1:00","1:00","","","7:30",14,5,NA,NA,NA,NA,NA,NA,NA,NA,NA,NA,NA,NA,NA,NA,NA,NA,NA,NA,NA,NA,NA,NA,NA,NA,NA,NA,NA,NA,NA,NA,4,1,42,1,42101,"101_109",4210160000,42101018800,625,1.17,20,19.39688,3.148963,279.6163203,7,30,450,1,"6/17/2013","",0,-75.0750322611491,40.0214372944722,-75.1085340726583,39.9955139503969,"POINT (-75.075032 40.021437)","POINT (-75.108534 39.995514)"
51567,615809,1,61580901,458.7122574,238.9883079,1,NA,6.15809e+11,2,6.15809e+13,6158090102,NA,NA,2,NA,NA,4,1,42,1,42101,"101_109",4210160000,42101018800,625,"7:50",16,NA,NA,NA,"1:00","","","","9:00",21,5,NA,NA,NA,NA,NA,NA,NA,NA,NA,NA,NA,NA,NA,NA,NA,NA,NA,NA,NA,NA,NA,NA,NA,NA,NA,NA,NA,NA,NA,NA,4,1,42,1,42101,"101_103",4210160000,42101000500,73,1.17,30,24.909747,5.174798,279.6163203,9,0,540,1,"6/17/2013","",0,-75.1085340726583,39.9955139503969,-75.1625826795934,39.9513495936779,"POINT (-75.108534 39.995514)","POINT (-75.162583 39.951350)"
51568,615809,1,61580901,458.7122574,238.9883079,1,NA,6.15809e+11,3,6.15809e+13,6158090103,NA,NA,2,NA,NA,4,1,42,1,42101,"101_103",4210160000,42101000500,73,"9:30",9,NA,NA,NA,"1:15","","","","10:45",14,5,NA,NA,NA,NA,NA,NA,NA,NA,NA,NA,NA,NA,NA,NA,NA,NA,NA,NA,NA,NA,NA,NA,NA,NA,NA,NA,NA,NA,NA,NA,4,1,42,1,42101,"101_104",4210160000,42101031600,3014,1.17,45,40.585046,8.951072,279.6163203,10,45,645,1,"6/17/2013","",0,-75.1625826795934,39.9513495936779,-75.0593151476913,40.0302346423682,"POINT (-75.162583 39.951350)","POINT (-75.059315 40.030235)"
51569,615809,1,61580901,458.7122574,238.9883079,1,NA,6.15809e+11,4,6.15809e+13,6158090104,NA,NA,2,NA,NA,4,1,42,1,42101,"101_104",4210160000,42101031600,3014,"11:30",19,NA,NA,NA,"0:15","","","","11:45",14,5,NA,NA,NA,NA,NA,NA,NA,NA,NA,NA,NA,NA,NA,NA,NA,NA,NA,NA,NA,NA,NA,NA,NA,NA,NA,NA,NA,NA,NA,NA,4,1,42,1,42101,"101_109",4210160000,42101017900,619,1.17,NA,33.920378,4.517342,279.6163203,11,45,705,1,"6/17/2013","",0,-75.0593151476913,40.0302346423682,-75.1102184888777,39.9887849617672,"POINT (-75.059315 40.030235)","POINT (-75.110218 39.988785)"
51570,615809,1,61580901,458.7122574,238.9883079,1,NA,6.15809e+11,5,6.15809e+13,6158090105,NA,NA,2,NA,NA,4,1,42,1,42101,"101_109",4210160000,42101017900,619,"9999",20,NA,NA,NA,"0:00","","","","11:50",14,5,NA,NA,NA,NA,NA,NA,NA,NA,NA,NA,NA,NA,NA,NA,NA,NA,NA,NA,NA,NA,NA,NA,NA,NA,NA,NA,NA,NA,NA,NA,4,1,42,1,42101,"101_109",4210160000,42101037800,617,1.17,30,17.59557,1.513947,279.6163203,11,50,710,1,"6/17/2013","",0,-75.1102184888777,39.9887849617672,-75.0943237154892,39.9860163349013,"POINT (-75.110218 39.988785)","POINT (-75.094324 39.986016)"
51571,615809,1,61580901,458.7122574,238.9883079,1,NA,6.15809e+11,6,6.15809e+13,6158090106,NA,NA,2,NA,NA,4,1,42,1,42101,"101_109",4210160000,42101037800,617,"12:20",96,NA,NA,NA,"2:30","","","","15:30",14,5,NA,NA,NA,NA,NA,NA,NA,NA,NA,NA,NA,NA,NA,NA,NA,NA,NA,NA,NA,NA,NA,NA,NA,NA,NA,NA,NA,NA,NA,NA,1,1,42,1,42101,"101_114",4210160000,42101030000,1607,1.17,30,18.833587,3.5943,279.6163203,15,30,930,1,"6/17/2013","",0,-75.0943237154892,39.9860163349013,-75.0750322611491,40.0214372944722,"POINT (-75.094324 39.986016)","POINT (-75.075032 40.021437)"
51791,616636,1,61663601,68.63506003,91.53510971,1,NA,6.16636e+11,1,6.16636e+13,6166360101,NA,NA,2,1,2,1,1,42,1,42101,"101_110",4210160000,42101009100,1037,"",1,NA,NA,NA,"0:00","","","","9:00",14,5,NA,NA,NA,NA,NA,NA,NA,NA,NA,NA,NA,NA,NA,NA,NA,NA,NA,NA,NA,NA,NA,NA,NA,NA,NA,NA,NA,NA,NA,NA,4,1,42,1,42101,"101_110",4210160000,42101036900,1030,1.13,15,7.858231,0.571003,103.434674,9,0,540,3,"2/6/2013","",0,-75.1977262540913,39.9594259908695,-75.1941152941134,39.9546263068532,"POINT (-75.197726 39.959426)","POINT (-75.194115 39.954626)"
51835,616907,4,61690704,933.5652095,1037.431981,1,NA,6.16907e+11,1,6.16907e+13,6169070401,NA,NA,3,0,2,3,6,42,1,42101,"101_111",4210160000,42101010400,1218,"",1,20,3,4,"0:15","9:00","0:10","0:10","18:30",14,5,NA,NA,NA,NA,NA,NA,NA,NA,NA,NA,NA,NA,NA,NA,NA,NA,NA,NA,NA,NA,NA,NA,NA,NA,NA,NA,NA,NA,NA,NA,1,1,42,1,42101,"101_111",4210160000,42101008101,1202,1.17,90,28.803213,1.549458,1213.795418,18,30,1110,2,"2/5/2013","",0,-75.219114878266,39.9655052738952,-75.2376648010527,39.9482763035952,"POINT (-75.219115 39.965505)","POINT (-75.237665 39.948276)"
51839,616936,1,61693601,875.5263243,297.1044216,1,NA,6.16936e+11,1,6.16936e+13,6169360101,NA,NA,2,1,2,1,1,42,1,42101,"101_111",4210160000,42101010200,1224,"",1,14,2,NA,"1:20","","","","19:00",14,5,NA,NA,NA,NA,NA,NA,NA,NA,NA,NA,NA,NA,NA,NA,NA,NA,NA,NA,NA,NA,NA,NA,NA,NA,NA,NA,NA,NA,NA,NA,4,1,42,1,42101,"101_110",4210160000,42101007300,1011,1.17,25,24.103779,1.375639,347.6121732,19,0,1140,3,"6/19/2013","",0,-75.2316719358833,39.9680910426143,-75.2232933759479,39.9448265734297,"POINT (-75.231672 39.968091)","POINT (-75.223293 39.944827)"
51842,616936,2,61693602,875.5263243,264.7502276,1,NA,6.16936e+11,1,6.16936e+13,6169360201,NA,NA,2,2,2,1,1,42,1,42101,"101_111",4210160000,42101010200,1224,"",1,NA,NA,NA,"7:30","","","","11:00",14,5,NA,NA,NA,NA,NA,NA,NA,NA,NA,NA,NA,NA,NA,NA,NA,NA,NA,NA,NA,NA,NA,NA,NA,NA,NA,NA,NA,NA,NA,NA,4,1,42,1,42101,"101_107",4210160000,42101014100,402,1.17,95,37.771864,4.936689,309.7577662,11,0,660,3,"6/19/2013","",0,-75.2316719358833,39.9680910426143,-75.1524573152991,39.9708851261141,"POINT (-75.231672 39.968091)","POINT (-75.152457 39.970885)"
51843,616936,2,61693602,875.5263243,264.7502276,1,NA,6.16936e+11,2,6.16936e+13,6169360202,NA,NA,2,NA,NA,4,1,42,1,42101,"101_107",4210160000,42101014100,402,"12:35",4,NA,NA,NA,"2:35","","","","15:33",14,5,NA,NA,NA,NA,NA,NA,NA,NA,NA,NA,NA,NA,NA,NA,NA,NA,NA,NA,NA,NA,NA,NA,NA,NA,NA,NA,NA,NA,NA,NA,4,4,42,1,42101,"101_103",4210160000,42101000500,74,1.17,28,14.691694,1.738467,309.7577662,15,33,933,3,"6/19/2013","",0,-75.1524573152991,39.9708851261141,-75.1638872349499,39.9525548857932,"POINT (-75.152457 39.970885)","POINT (-75.163887 39.952555)"
51844,616936,2,61693602,875.5263243,264.7502276,1,NA,6.16936e+11,3,6.16936e+13,6169360203,NA,NA,2,NA,NA,4,4,42,1,42101,"101_103",4210160000,42101000500,74,"16:01",8,NA,NA,NA,"0:00","","","","16:23",14,5,NA,NA,NA,NA,NA,NA,NA,NA,NA,NA,NA,NA,NA,NA,NA,NA,NA,NA,NA,NA,NA,NA,NA,NA,NA,NA,NA,NA,NA,NA,1,1,42,1,42101,"101_111",4210160000,42101010200,1224,1.17,15,23.025809,4.179846,309.7577662,16,23,983,3,"6/19/2013","",0,-75.1638872349499,39.9525548857932,-75.2316719358833,39.9680910426143,"POINT (-75.163887 39.952555)","POINT (-75.231672 39.968091)"
51847,616936,4,61693604,875.5263243,269.4418448,1,NA,6.16936e+11,1,6.16936e+13,6169360401,NA,NA,2,1,2,1,1,42,1,42101,"101_111",4210160000,42101010200,1224,"",1,NA,NA,NA,"5:19","","","","8:19",14,5,NA,NA,NA,NA,NA,NA,NA,NA,NA,NA,NA,NA,NA,NA,NA,NA,NA,NA,NA,NA,NA,NA,NA,NA,NA,NA,NA,NA,NA,NA,3,1,42,1,42101,"101_110",4210160000,42101009200,1038,1.17,8,22.973688,2.292258,315.2469584,8,19,499,3,"6/19/2013","",0,-75.2316719358833,39.9680910426143,-75.2074740441751,39.9601688794781,"POINT (-75.231672 39.968091)","POINT (-75.207474 39.960169)"
51848,616936,4,61693604,875.5263243,269.4418448,1,NA,6.16936e+11,2,6.16936e+13,6169360402,NA,NA,2,NA,NA,3,1,42,1,42101,"101_110",4210160000,42101009200,1038,"8:27",3,NA,NA,NA,"6:30","","","","15:30",14,5,NA,NA,NA,NA,NA,NA,NA,NA,NA,NA,NA,NA,NA,NA,NA,NA,NA,NA,NA,NA,NA,NA,NA,NA,NA,NA,NA,NA,NA,NA,1,1,42,1,42101,"101_111",4210160000,42101010200,1224,1.17,40,14.573655,1.731056,315.2469584,15,30,930,3,"6/19/2013","",0,-75.2074740441751,39.9601688794781,-75.2316719358833,39.9680910426143,"POINT (-75.207474 39.960169)","POINT (-75.231672 39.968091)"
51850,616936,5,61693605,875.5263243,201.5691535,1,NA,6.16936e+11,1,6.16936e+13,6169360501,NA,NA,2,1,2,1,1,42,1,42101,"101_111",4210160000,42101010200,1224,"",1,NA,NA,NA,"5:19","","","","8:19",14,5,NA,NA,NA,NA,NA,NA,NA,NA,NA,NA,NA,NA,NA,NA,NA,NA,NA,NA,NA,NA,NA,NA,NA,NA,NA,NA,NA,NA,NA,NA,3,1,42,1,42101,"101_110",4210160000,42101009200,1038,1.17,8,22.973688,2.292258,235.8359096,8,19,499,3,"6/19/2013","",0,-75.2316719358833,39.9680910426143,-75.2074740441751,39.9601688794781,"POINT (-75.231672 39.968091)","POINT (-75.207474 39.960169)"
51851,616936,5,61693605,875.5263243,201.5691535,1,NA,6.16936e+11,2,6.16936e+13,6169360502,NA,NA,2,NA,NA,3,1,42,1,42101,"101_110",4210160000,42101009200,1038,"8:27",3,NA,NA,NA,"6:30","","","","15:30",14,5,NA,NA,NA,NA,NA,NA,NA,NA,NA,NA,NA,NA,NA,NA,NA,NA,NA,NA,NA,NA,NA,NA,NA,NA,NA,NA,NA,NA,NA,NA,1,1,42,1,42101,"101_111",4210160000,42101010200,1224,1.17,40,14.573655,1.731056,235.8359096,15,30,930,3,"6/19/2013","",0,-75.2074740441751,39.9601688794781,-75.2316719358833,39.9680910426143,"POINT (-75.207474 39.960169)","POINT (-75.231672 39.968091)"
51898,617468,1,61746801,427.3978623,160.0514915,1,NA,6.17468e+11,2,6.17468e+13,6174680102,NA,NA,2,NA,NA,4,1,42,1,42101,"101_103",4210160000,42101000200,108,"11:58",11,NA,NA,NA,"1:28","","","","13:28",21,5,NA,NA,NA,NA,NA,NA,NA,NA,NA,NA,NA,NA,NA,NA,NA,NA,NA,NA,NA,NA,NA,NA,NA,NA,NA,NA,NA,NA,NA,NA,4,1,42,1,42101,"101_103",4210160000,42101036600,32,1.12,12,18.358371,1.203477,179.2576705,13,28,808,1,"6/17/2013","",0,-75.1560983260195,39.9553691545034,-75.1392078148453,39.9466654688148,"POINT (-75.156098 39.955369)","POINT (-75.139208 39.946665)"
51899,617468,1,61746801,427.3978623,160.0514915,1,NA,6.17468e+11,3,6.17468e+13,6174680103,NA,NA,2,NA,NA,4,1,42,1,42101,"101_103",4210160000,42101036600,32,"13:40",14,NA,NA,NA,"0:00","","","","14:18",21,5,NA,NA,NA,NA,NA,NA,NA,NA,NA,NA,NA,NA,NA,NA,NA,NA,NA,NA,NA,NA,NA,NA,NA,NA,NA,NA,NA,NA,NA,NA,4,1,42,1,42101,"101_103",4210160000,42101000402,77,1.12,7,15.943277,1.645993,179.2576705,14,18,858,1,"6/17/2013","",0,-75.1392078148453,39.9466654688148,-75.1678754160498,39.9518178612404,"POINT (-75.139208 39.946665)","POINT (-75.167875 39.951818)"
51900,617468,1,61746801,427.3978623,160.0514915,1,NA,6.17468e+11,4,6.17468e+13,6174680104,NA,NA,2,NA,NA,4,1,42,1,42101,"101_103",4210160000,42101000402,77,"14:25",8,NA,NA,NA,"0:00","","","","14:50",14,5,NA,NA,NA,NA,NA,NA,NA,NA,NA,NA,NA,NA,NA,NA,NA,NA,NA,NA,NA,NA,NA,NA,NA,NA,NA,NA,NA,NA,NA,NA,4,1,42,1,42101,"101_103",4210160000,42101000100,67,1.12,25,12.579256,1.155229,179.2576705,14,50,890,1,"6/17/2013","",0,-75.1678754160498,39.9518178612404,-75.1474545568906,39.9496085506464,"POINT (-75.167875 39.951818)","POINT (-75.147455 39.949609)"
52001,617897,1,61789701,324.4698324,105.8267934,1,NA,6.17897e+11,1,6.17897e+13,6178970101,NA,NA,2,3,2,1,1,42,1,42101,"101_112",4210160000,42101004001,819,"",1,NA,NA,NA,"5:30","","","","8:30",14,5,NA,NA,NA,NA,NA,NA,NA,NA,NA,NA,NA,NA,NA,NA,NA,NA,NA,NA,NA,NA,NA,NA,NA,NA,NA,NA,NA,NA,NA,NA,4,1,42,1,42101,"101_103",4210160000,42101000500,90,1.17,20,20.752222,2.374384,123.8173483,8,30,510,5,"6/21/2013","",0,-75.1662120144978,39.9238115855567,-75.1588750233838,39.9528401835985,"POINT (-75.166212 39.923812)","POINT (-75.158875 39.952840)"
52002,617897,1,61789701,324.4698324,105.8267934,1,NA,6.17897e+11,2,6.17897e+13,6178970102,NA,NA,2,NA,NA,4,1,42,1,42101,"101_103",4210160000,42101000500,90,"8:50",11,8,NA,NA,"1:40","0:25","","","11:05",14,5,NA,NA,NA,NA,NA,NA,NA,NA,NA,NA,NA,NA,NA,NA,NA,NA,NA,NA,NA,NA,NA,NA,NA,NA,NA,NA,NA,NA,NA,NA,4,1,42,1,42101,"101_110",4210160000,42101980000,1034,1.17,40,13.015526,1.564109,123.8173483,11,5,665,5,"6/21/2013","",0,-75.1588750233838,39.9528401835985,-75.1847348588828,39.9565152107181,"POINT (-75.158875 39.952840)","POINT (-75.184735 39.956515)"
52003,617897,1,61789701,324.4698324,105.8267934,1,NA,6.17897e+11,3,6.17897e+13,6178970103,NA,NA,2,NA,NA,4,1,42,1,42101,"101_110",4210160000,42101980000,1034,"11:45",6,NA,NA,NA,"0:30","","","","12:15",14,5,NA,NA,NA,NA,NA,NA,NA,NA,NA,NA,NA,NA,NA,NA,NA,NA,NA,NA,NA,NA,NA,NA,NA,NA,NA,NA,NA,NA,NA,NA,4,1,42,1,42101,"101_110",4210160000,42101009100,1037,1.17,25,12.587779,1.239312,123.8173483,12,15,735,5,"6/21/2013","",0,-75.1847348588828,39.9565152107181,-75.1977262540913,39.9594259908695,"POINT (-75.184735 39.956515)","POINT (-75.197726 39.959426)"
52004,617897,1,61789701,324.4698324,105.8267934,1,NA,6.17897e+11,4,6.17897e+13,6178970104,NA,NA,2,NA,NA,4,1,42,1,42101,"101_110",4210160000,42101009100,1037,"12:40",12,NA,NA,NA,"2:20","","","","15:00",14,5,NA,NA,NA,NA,NA,NA,NA,NA,NA,NA,NA,NA,NA,NA,NA,NA,NA,NA,NA,NA,NA,NA,NA,NA,NA,NA,NA,NA,NA,NA,1,1,42,1,42101,"101_112",4210160000,42101004001,819,1.17,45,31.697194,4.4256,123.8173483,15,0,900,5,"6/21/2013","",0,-75.1977262540913,39.9594259908695,-75.1662120144978,39.9238115855567,"POINT (-75.197726 39.959426)","POINT (-75.166212 39.923812)"
52005,617897,1,61789701,324.4698324,105.8267934,2,NA,6.17897e+11,5,6.17897e+13,6178970105,NA,NA,2,1,NA,1,1,42,1,42101,"101_112",4210160000,42101004001,819,"15:45",1,NA,NA,NA,"2:35","","","","18:20",14,5,NA,NA,NA,NA,NA,NA,NA,NA,NA,NA,NA,NA,NA,NA,NA,NA,NA,NA,NA,NA,NA,NA,NA,NA,NA,NA,NA,NA,NA,NA,4,1,42,1,42101,"101_103",4210160000,42101001002,51,1.17,30,26.62307,2.812312,123.8173483,18,20,1100,5,"6/21/2013","",0,-75.1662120144978,39.9238115855567,-75.1466622121185,39.9478355374067,"POINT (-75.166212 39.923812)","POINT (-75.146662 39.947836)"
52307,619369,2,61936902,154.9537292,103.4234932,1,NA,6.19369e+11,1,6.19369e+13,6193690201,NA,NA,1,1,2,1,1,42,1,42101,"101_103",4210160000,42101013602,142,"",1,NA,NA,NA,"0:00","","","","6:00",14,5,NA,NA,NA,NA,NA,NA,NA,NA,NA,NA,NA,NA,NA,NA,NA,NA,NA,NA,NA,NA,NA,NA,NA,NA,NA,NA,NA,NA,NA,NA,2,1,42,1,42101,"101_103",4210160000,42101001202,25,1.17,45,22.766501,1.78213,121.0054871,6,0,360,5,"2/8/2013","",0,-75.1798114670555,39.9715794694621,-75.1732743609913,39.9456003211594,"POINT (-75.179811 39.971579)","POINT (-75.173274 39.945600)"
52308,619369,2,61936902,154.9537292,103.4234932,1,NA,6.19369e+11,2,6.19369e+13,6193690202,NA,NA,1,NA,NA,2,1,42,1,42101,"101_103",4210160000,42101001202,25,"6:45",5,NA,NA,NA,"0:00","","","","17:45",14,5,NA,NA,NA,NA,NA,NA,NA,NA,NA,NA,NA,NA,NA,NA,NA,NA,NA,NA,NA,NA,NA,NA,NA,NA,NA,NA,NA,NA,NA,NA,1,1,42,1,42101,"101_103",4210160000,42101013602,142,1.17,45,21.847316,2.339795,121.0054871,17,45,1065,5,"2/8/2013","",0,-75.1732743609913,39.9456003211594,-75.1798114670555,39.9715794694621,"POINT (-75.173274 39.945600)","POINT (-75.179811 39.971579)"
52359,619605,1,61960501,228.4384878,103.7440207,1,NA,6.19605e+11,2,6.19605e+13,6196050102,NA,NA,2,NA,NA,4,1,42,1,42101,"101_110",4210160000,42101007700,1015,"10:32",19,NA,NA,NA,"0:06","","","","10:38",14,5,NA,NA,NA,NA,NA,NA,NA,NA,NA,NA,NA,NA,NA,NA,NA,NA,NA,NA,NA,NA,NA,NA,NA,NA,NA,NA,NA,NA,NA,NA,4,1,42,1,42101,"101_103",4210160000,42101000402,76,1.17,13,17.446306,2.764568,121.3805042,10,38,638,2,"2/5/2013","",0,-75.208260147084,39.9463603580681,-75.1662257986882,39.9519342771783,"POINT (-75.208260 39.946360)","POINT (-75.166226 39.951934)"
52366,619605,1,61960501,228.4384878,103.7440207,1,NA,6.19605e+11,9,6.19605e+13,6196050109,NA,NA,2,NA,NA,4,1,42,1,42101,"101_103",4210160000,42101000401,85,"14:26",19,NA,NA,NA,"0:01","","","","14:27",14,5,NA,NA,NA,NA,NA,NA,NA,NA,NA,NA,NA,NA,NA,NA,NA,NA,NA,NA,NA,NA,NA,NA,NA,NA,NA,NA,NA,NA,NA,NA,4,1,42,1,42101,"101_110",4210160000,42101007700,1015,1.17,13,14.580643,2.136889,121.3805042,14,27,867,2,"2/5/2013","",0,-75.1779217463161,39.9533873770951,-75.208260147084,39.9463603580681,"POINT (-75.177922 39.953387)","POINT (-75.208260 39.946360)"
52500,620710,3,62071003,353.5127695,108.0301332,1,NA,6.2071e+11,2,6.2071e+13,6207100302,NA,NA,1,NA,NA,4,1,42,1,42045,"045_206",4204533144,42045408800,5019,"8:10",19,NA,NA,NA,"0:00","","","","8:12",14,5,NA,NA,NA,NA,NA,NA,NA,NA,NA,NA,NA,NA,NA,NA,NA,NA,NA,NA,NA,NA,NA,NA,NA,NA,NA,NA,NA,NA,NA,NA,3,6,42,1,42045,"045_206",4204563264,42045409702,5050,1.17,18,21.60739,3.751255,126.3952558,8,12,492,1,"2/4/2013","",0,-75.300281066518,40.0007168757721,-75.3393886203709,40.0346462639254,"POINT (-75.300281 40.000717)","POINT (-75.339389 40.034646)"
52502,620710,3,62071003,353.5127695,108.0301332,1,NA,6.2071e+11,4,6.2071e+13,6207100304,NA,NA,1,NA,NA,4,1,42,1,42045,"045_206",4204563264,42045409702,5050,"18:50",19,NA,NA,NA,"0:00","","","","18:55",21,5,NA,NA,NA,NA,NA,NA,NA,NA,NA,NA,NA,NA,NA,NA,NA,NA,NA,NA,NA,NA,NA,NA,NA,NA,NA,NA,NA,NA,NA,NA,2,1,42,1,42045,"045_206",4204547616,42045408103,5027,1.17,15,61.048047,14.878633,126.3952558,18,55,1135,1,"2/4/2013","",0,-75.3393886203709,40.0346462639254,-75.3481112445716,39.9622069581314,"POINT (-75.339389 40.034646)","POINT (-75.348111 39.962207)"
52594,621326,1,62132601,904.6274917,542.3227329,1,NA,6.21326e+11,4,6.21326e+13,6213260104,NA,NA,1,NA,NA,4,1,42,1,42101,"101_103",4210160000,42101000500,69,"7:13",19,NA,NA,NA,"0:00","","","","7:20",21,5,NA,NA,NA,NA,NA,NA,NA,NA,NA,NA,NA,NA,NA,NA,NA,NA,NA,NA,NA,NA,NA,NA,NA,NA,NA,NA,NA,NA,NA,NA,4,1,42,1,42101,"101_103",4210160000,42101036700,125,1.17,4,10.22087,1.46804,634.5175975,7,20,440,1,"7/8/2013","",0,-75.1537481432666,39.9503794767793,-75.1414393682529,39.9601471054741,"POINT (-75.153748 39.950379)","POINT (-75.141439 39.960147)"
52597,621326,1,62132601,904.6274917,542.3227329,1,NA,6.21326e+11,7,6.21326e+13,6213260107,NA,NA,1,NA,NA,4,1,42,1,42101,"101_103",4210160000,42101036700,125,"17:28",19,NA,NA,NA,"0:00","","","","17:29",21,5,NA,NA,NA,NA,NA,NA,NA,NA,NA,NA,NA,NA,NA,NA,NA,NA,NA,NA,NA,NA,NA,NA,NA,NA,NA,NA,NA,NA,NA,NA,4,1,42,1,42101,"101_103",4210160000,42101000500,69,1.17,4,10.087939,1.473321,634.5175975,17,29,1049,1,"7/8/2013","",0,-75.1414393682529,39.9601471054741,-75.1537481432666,39.9503794767793,"POINT (-75.141439 39.960147)","POINT (-75.153748 39.950379)"
52609,621467,1,62146701,668.6753665,231.0531544,1,NA,6.21467e+11,1,6.21467e+13,6214670101,NA,NA,3,0,2,4,1,42,1,42101,"101_103",4210160000,42101000402,81,"",3,NA,NA,NA,"0:00","","","","12:20",21,5,NA,NA,NA,NA,NA,NA,NA,NA,NA,NA,NA,NA,NA,NA,NA,NA,NA,NA,NA,NA,NA,NA,NA,NA,NA,NA,NA,NA,NA,NA,1,1,42,1,42101,"101_111",4210160000,42101009300,1214,1.17,40,18.308802,3.577581,270.3321906,12,20,740,3,"2/6/2013","",0,-75.1692942790448,39.9527602328087,-75.2240243087353,39.9622994543846,"POINT (-75.169294 39.952760)","POINT (-75.224024 39.962299)"
52613,621467,4,62146704,668.6753665,225.5464313,1,NA,6.21467e+11,1,6.21467e+13,6214670401,NA,NA,3,0,2,4,1,42,1,42101,"101_103",4210160000,42101000200,109,"",3,NA,NA,NA,"0:00","","","","12:20",21,5,NA,NA,NA,NA,NA,NA,NA,NA,NA,NA,NA,NA,NA,NA,NA,NA,NA,NA,NA,NA,NA,NA,NA,NA,NA,NA,NA,NA,NA,NA,1,1,42,1,42101,"101_111",4210160000,42101009300,1214,1.17,40,20.564181,3.787179,263.8893246,12,20,740,3,"2/6/2013","",0,-75.160283075871,39.954996353718,-75.2240243087353,39.9622994543846,"POINT (-75.160283 39.954996)","POINT (-75.224024 39.962299)"
52747,622040,1,62204001,317.9730521,96.97269408,1,NA,6.2204e+11,1,6.2204e+13,6220400101,NA,NA,2,1,2,1,1,42,1,42101,"101_103",4210160000,42101000100,105,"",1,NA,NA,NA,"8:30","","","","15:21",14,5,NA,NA,NA,NA,NA,NA,NA,NA,NA,NA,NA,NA,NA,NA,NA,NA,NA,NA,NA,NA,NA,NA,NA,NA,NA,NA,NA,NA,NA,NA,4,1,42,1,42101,"101_103",4210160000,42101001102,17,1.17,NA,16.718374,1.164249,113.4580521,15,21,921,2,"4/9/2013","",0,-75.1446651012151,39.9539993897089,-75.1550139436622,39.9445812882334,"POINT (-75.144665 39.953999)","POINT (-75.155014 39.944581)"
53052,624429,1,62442901,581.2780632,416.9145432,1,NA,6.24429e+11,1,6.24429e+13,6244290101,NA,NA,1,1,2,1,1,42,1,42101,"101_106",4210160000,42101011900,2206,"",1,NA,NA,NA,"9:40","","","","12:40",21,5,NA,NA,NA,NA,NA,NA,NA,NA,NA,NA,NA,NA,NA,NA,NA,NA,NA,NA,NA,NA,NA,NA,NA,NA,NA,NA,NA,NA,NA,NA,2,1,42,1,42101,"101_105",4210160000,42101980600,1814,1.17,59,61.739393,8.56455,487.7900155,12,40,760,5,"8/2/2013","",0,-75.2275594367197,39.9835914617071,-75.1707168478523,39.9055458817612,"POINT (-75.227559 39.983591)","POINT (-75.170717 39.905546)"
53053,624429,1,62442901,581.2780632,416.9145432,1,NA,6.24429e+11,2,6.24429e+13,6244290102,NA,NA,1,NA,NA,2,1,42,1,42101,"101_105",4210160000,42101980600,1814,"13:39",5,NA,NA,NA,"3:05","","","","17:05",21,5,NA,NA,NA,NA,NA,NA,NA,NA,NA,NA,NA,NA,NA,NA,NA,NA,NA,NA,NA,NA,NA,NA,NA,NA,NA,NA,NA,NA,NA,NA,1,1,42,1,42101,"101_106",4210160000,42101011900,2206,1.17,70,55.590144,8.84394,487.7900155,17,5,1025,5,"8/2/2013","",0,-75.1707168478523,39.9055458817612,-75.2275594367197,39.9835914617071,"POINT (-75.170717 39.905546)","POINT (-75.227559 39.983591)"
53055,624429,2,62442902,581.2780632,416.9145432,1,NA,6.24429e+11,1,6.24429e+13,6244290201,NA,NA,1,1,2,1,1,42,1,42101,"101_106",4210160000,42101011900,2206,"",1,NA,NA,NA,"7:00","","","","10:15",14,5,NA,NA,NA,NA,NA,NA,NA,NA,NA,NA,NA,NA,NA,NA,NA,NA,NA,NA,NA,NA,NA,NA,NA,NA,NA,NA,NA,NA,NA,NA,2,1,42,1,42101,"101_111",4210160000,42101010300,1223,1.17,45,16.920262,0.315864,487.7900155,10,15,615,5,"8/2/2013","",0,-75.2275594367197,39.9835914617071,-75.2254301309782,39.9678366442723,"POINT (-75.227559 39.983591)","POINT (-75.225430 39.967837)"
53056,624429,2,62442902,581.2780632,416.9145432,1,NA,6.24429e+11,2,6.24429e+13,6244290202,NA,NA,1,NA,NA,2,1,42,1,42101,"101_111",4210160000,42101010300,1223,"11:00",5,NA,NA,NA,"6:30","","","","17:30",14,5,NA,NA,NA,NA,NA,NA,NA,NA,NA,NA,NA,NA,NA,NA,NA,NA,NA,NA,NA,NA,NA,NA,NA,NA,NA,NA,NA,NA,NA,NA,1,1,42,1,42101,"101_106",4210160000,42101011900,2206,1.17,35,12.829981,0.268137,487.7900155,17,30,1050,5,"8/2/2013","",0,-75.2254301309782,39.9678366442723,-75.2275594367197,39.9835914617071,"POINT (-75.225430 39.967837)","POINT (-75.227559 39.983591)"
53086,624701,1,62470101,441.8342901,255.9712888,1,NA,6.24701e+11,1,6.24701e+13,6247010101,NA,NA,2,1,2,1,1,42,1,42029,"029_312",4202960120,42029300700,8208,"",14,2,NA,NA,"1:30","2:00","","","11:00",14,5,NA,NA,NA,NA,NA,NA,NA,NA,NA,NA,NA,NA,NA,NA,NA,NA,NA,NA,NA,NA,NA,NA,NA,NA,NA,NA,NA,NA,NA,NA,4,1,42,1,42091,"091_404",4209143312,42091208604,10601,1.13,60,113.099306,9.033494,289.2475564,11,0,660,3,"8/7/2013","",0,-75.5144011328819,40.1299061967057,-75.5259963128101,40.2029938519349,"POINT (-75.514401 40.129906)","POINT (-75.525996 40.202994)"
53087,624701,1,62470101,441.8342901,255.9712888,1,NA,6.24701e+11,2,6.24701e+13,6247010102,NA,NA,2,NA,NA,4,1,42,1,42091,"091_404",4209143312,42091208604,10601,"12:00",14,NA,NA,NA,"3:00","","","","15:00",14,5,NA,NA,NA,NA,NA,NA,NA,NA,NA,NA,NA,NA,NA,NA,NA,NA,NA,NA,NA,NA,NA,NA,NA,NA,NA,NA,NA,NA,NA,NA,1,1,42,1,42029,"029_312",4202960120,42029300700,8208,1.13,60,41.370385,8.906113,289.2475564,15,0,900,3,"8/7/2013","",0,-75.5259963128101,40.2029938519349,-75.5144011328819,40.1299061967057,"POINT (-75.525996 40.202994)","POINT (-75.514401 40.129906)"
53097,624701,3,62470103,441.8342901,81.32630649,1,NA,6.24701e+11,1,6.24701e+13,6247010301,NA,NA,2,1,2,1,1,42,1,42029,"029_312",4202960120,42029300700,8208,"",1,15,NA,NA,"5:00","2:30","","","11:00",14,5,NA,NA,NA,NA,NA,NA,NA,NA,NA,NA,NA,NA,NA,NA,NA,NA,NA,NA,NA,NA,NA,NA,NA,NA,NA,NA,NA,NA,NA,NA,4,1,42,1,42091,"091_404",4209143312,42091208604,10601,1.13,60,113.099306,9.033494,91.89872633,11,0,660,3,"8/7/2013","",0,-75.5144011328819,40.1299061967057,-75.5259963128101,40.2029938519349,"POINT (-75.514401 40.129906)","POINT (-75.525996 40.202994)"
53098,624701,3,62470103,441.8342901,81.32630649,1,NA,6.24701e+11,2,6.24701e+13,6247010302,NA,NA,2,NA,NA,4,1,42,1,42091,"091_404",4209143312,42091208604,10601,"12:00",14,NA,NA,NA,"3:00","","","","15:00",14,5,NA,NA,NA,NA,NA,NA,NA,NA,NA,NA,NA,NA,NA,NA,NA,NA,NA,NA,NA,NA,NA,NA,NA,NA,NA,NA,NA,NA,NA,NA,1,1,42,1,42029,"029_312",4202960120,42029300700,8208,1.13,60,41.370385,8.906113,91.89872633,15,0,900,3,"8/7/2013","",0,-75.5259963128101,40.2029938519349,-75.5144011328819,40.1299061967057,"POINT (-75.525996 40.202994)","POINT (-75.514401 40.129906)"
53285,625507,1,62550701,374.3540339,2383.358982,1,NA,6.25507e+11,2,6.25507e+13,6255070102,NA,NA,2,NA,NA,4,3,42,1,42101,"101_103",4210160000,42101000500,74,"9:00",19,8,NA,NA,"0:00","","","","11:00",21,5,NA,NA,NA,NA,NA,NA,NA,NA,NA,NA,NA,NA,NA,NA,NA,NA,NA,NA,NA,NA,NA,NA,NA,NA,NA,NA,NA,NA,NA,NA,1,1,42,1,42101,"101_115",4210160000,42101026600,2636,1.17,60,36.259766,8.32091,2788.530009,11,0,660,2,"4/9/2013","",0,-75.1638872349499,39.9525548857932,-75.1451602820339,40.0625588015705,"POINT (-75.163887 39.952555)","POINT (-75.145160 40.062559)"
53365,626000,3,62600003,440.0571624,297.8582564,1,NA,6.26e+11,2,6.26e+13,6260000302,NA,NA,1,NA,NA,4,1,42,1,42045,"045_203",4204579000,42045400802,4440,"8:15",19,NA,NA,NA,"0:00","","","","8:22",23,5,NA,NA,NA,NA,NA,NA,NA,NA,NA,NA,NA,NA,NA,NA,NA,NA,NA,NA,NA,NA,NA,NA,NA,NA,NA,NA,NA,NA,NA,NA,4,1,42,1,42045,"045_203",4204579000,42045400500,4459,1.17,0,19.907777,2.46793,348.49416,8,22,502,3,"2/20/2013","",0,-75.2862320050127,39.9472873841357,-75.2626735411038,39.9640057100153,"POINT (-75.286232 39.947287)","POINT (-75.262674 39.964006)"
53366,626000,3,62600003,440.0571624,297.8582564,1,NA,6.26e+11,3,6.26e+13,6260000303,NA,NA,1,NA,NA,4,1,42,1,42045,"045_203",4204579000,42045400500,4459,"8:22",19,NA,NA,NA,"0:00","","","","8:25",21,5,NA,NA,NA,NA,NA,NA,NA,NA,NA,NA,NA,NA,NA,NA,NA,NA,NA,NA,NA,NA,NA,NA,NA,NA,NA,NA,NA,NA,NA,NA,4,1,42,1,42101,"101_103",4210160000,42101000500,72,1.17,20,25.086664,5.630825,348.49416,8,25,505,3,"2/20/2013","",0,-75.2626735411038,39.9640057100153,-75.1608290378846,39.9512565309348,"POINT (-75.262674 39.964006)","POINT (-75.160829 39.951257)"
53463,626447,1,62644701,341.9414497,200.2051087,2,NA,6.26447e+11,3,6.26447e+13,6264470103,NA,NA,2,0,NA,1,1,42,1,42101,"101_107",4210160000,42101015300,417,"19:00",1,NA,NA,NA,"1:00","","","","21:35",21,5,NA,NA,NA,NA,NA,NA,NA,NA,NA,NA,NA,NA,NA,NA,NA,NA,NA,NA,NA,NA,NA,NA,NA,NA,NA,NA,NA,NA,NA,NA,1,1,42,1,42101,"101_107",4210160000,42101015300,417,1.17,15,7.261017,0.207719,234.2399772,21,35,1295,1,"2/11/2013","",0,-75.1608866949941,39.9837724999129,-75.1608866949941,39.9837724999129,"POINT (-75.160887 39.983772)","POINT (-75.160887 39.983772)"
53466,626447,2,62644702,341.9414497,182.5834247,1,NA,6.26447e+11,2,6.26447e+13,6264470202,NA,NA,2,NA,NA,4,1,42,1,42101,"101_107",4210160000,42101014900,415,"8:00",13,NA,NA,NA,"1:00","","","","9:00",14,5,NA,NA,NA,NA,NA,NA,NA,NA,NA,NA,NA,NA,NA,NA,NA,NA,NA,NA,NA,NA,NA,NA,NA,NA,NA,NA,NA,NA,NA,NA,1,1,42,1,42101,"101_107",4210160000,42101015300,417,1.17,60,17.394506,1.364916,213.6226069,9,0,540,1,"2/11/2013","",0,-75.1804047012754,39.9816583790678,-75.1608866949941,39.9837724999129,"POINT (-75.180405 39.981658)","POINT (-75.160887 39.983772)"
53467,626447,2,62644702,341.9414497,182.5834247,2,NA,6.26447e+11,3,6.26447e+13,6264470203,NA,NA,2,1,NA,1,1,42,1,42101,"101_107",4210160000,42101015300,417,"10:00",8,1,NA,NA,"1:00","2:00","","","13:00",14,5,NA,NA,NA,NA,NA,NA,NA,NA,NA,NA,NA,NA,NA,NA,NA,NA,NA,NA,NA,NA,NA,NA,NA,NA,NA,NA,NA,NA,NA,NA,4,1,42,1,42101,"101_107",4210160000,42101014600,409,1.17,NA,13.268469,0.837816,213.6226069,13,0,780,1,"2/11/2013","",0,-75.1608866949941,39.9837724999129,-75.1562910038297,39.9768159139408,"POINT (-75.160887 39.983772)","POINT (-75.156291 39.976816)"
53468,626447,2,62644702,341.9414497,182.5834247,2,NA,6.26447e+11,4,6.26447e+13,6264470204,NA,NA,2,NA,NA,4,1,42,1,42101,"101_107",4210160000,42101014600,409,"9999",8,NA,NA,NA,"1:30","","","","14:30",14,5,NA,NA,NA,NA,NA,NA,NA,NA,NA,NA,NA,NA,NA,NA,NA,NA,NA,NA,NA,NA,NA,NA,NA,NA,NA,NA,NA,NA,NA,NA,1,1,42,1,42101,"101_107",4210160000,42101015300,417,1.17,60,12.843168,0.803433,213.6226069,14,30,870,1,"2/11/2013","",0,-75.1562910038297,39.9768159139408,-75.1608866949941,39.9837724999129,"POINT (-75.156291 39.976816)","POINT (-75.160887 39.983772)"
53662,627720,2,62772002,689.9618182,261.8917489,1,NA,6.2772e+11,1,6.2772e+13,6277200201,NA,NA,3,3,2,4,1,42,1,42101,"101_107",4210160000,42101014900,415,"",96,NA,NA,NA,"1:00","","","","13:00",14,5,NA,NA,NA,NA,NA,NA,NA,NA,NA,NA,NA,NA,NA,NA,NA,NA,NA,NA,NA,NA,NA,NA,NA,NA,NA,NA,NA,NA,NA,NA,4,1,42,1,42101,"101_107",4210160000,42101014700,411,1.17,30,11.962023,1.01025,306.4133463,13,0,780,3,"8/7/2013","",0,-75.1804047012754,39.9816583790678,-75.162026191264,39.9785569548507,"POINT (-75.180405 39.981658)","POINT (-75.162026 39.978557)"
53663,627720,2,62772002,689.9618182,261.8917489,1,NA,6.2772e+11,2,6.2772e+13,6277200202,NA,NA,3,NA,NA,4,1,42,1,42101,"101_107",4210160000,42101014700,411,"13:30",11,NA,NA,NA,"0:45","","","","14:30",14,5,NA,NA,NA,NA,NA,NA,NA,NA,NA,NA,NA,NA,NA,NA,NA,NA,NA,NA,NA,NA,NA,NA,NA,NA,NA,NA,NA,NA,NA,NA,4,1,42,1,42101,"101_103",4210160000,42101000500,88,1.17,45,21.157368,2.55391,306.4133463,14,30,870,3,"8/7/2013","",0,-75.162026191264,39.9785569548507,-75.1541388337345,39.9522458625874,"POINT (-75.162026 39.978557)","POINT (-75.154139 39.952246)"
53664,627720,2,62772002,689.9618182,261.8917489,1,NA,6.2772e+11,3,6.2772e+13,6277200203,NA,NA,3,NA,NA,4,1,42,1,42101,"101_103",4210160000,42101000500,88,"15:15",6,9,NA,NA,"0:10","1:00","","","16:30",14,5,NA,NA,NA,NA,NA,NA,NA,NA,NA,NA,NA,NA,NA,NA,NA,NA,NA,NA,NA,NA,NA,NA,NA,NA,NA,NA,NA,NA,NA,NA,4,1,42,1,42101,"101_103",4210160000,42101000500,74,1.17,60,8.355174,0.538874,306.4133463,16,30,990,3,"8/7/2013","",0,-75.1541388337345,39.9522458625874,-75.1638872349499,39.9525548857932,"POINT (-75.154139 39.952246)","POINT (-75.163887 39.952555)"
53665,627720,2,62772002,689.9618182,261.8917489,1,NA,6.2772e+11,4,6.2772e+13,6277200204,NA,NA,3,NA,NA,4,1,42,1,42101,"101_103",4210160000,42101000500,74,"17:30",14,NA,NA,NA,"3:00","","","","21:00",14,5,NA,NA,NA,NA,NA,NA,NA,NA,NA,NA,NA,NA,NA,NA,NA,NA,NA,NA,NA,NA,NA,NA,NA,NA,NA,NA,NA,NA,NA,NA,1,1,42,1,42101,"101_107",4210160000,42101015102,421,1.17,180,24.635911,3.546255,306.4133463,21,0,1260,3,"8/7/2013","",0,-75.1638872349499,39.9525548857932,-75.1778185045084,39.9859426039642,"POINT (-75.163887 39.952555)","POINT (-75.177819 39.985943)"
53671,627778,2,62777802,149.2600636,111.1431879,1,NA,6.27778e+11,1,6.27778e+13,6277780201,NA,NA,1,1,2,1,1,42,1,42045,"045_206",4204533144,42045408300,5020,"",1,NA,NA,NA,"4:30","","","","7:30",14,5,NA,NA,NA,NA,NA,NA,NA,NA,NA,NA,NA,NA,NA,NA,NA,NA,NA,NA,NA,NA,NA,NA,NA,NA,NA,NA,NA,NA,NA,NA,2,1,42,1,42101,"101_103",4210160000,42101000402,80,1.15,53,45.779814,10.431493,127.8146661,7,30,450,1,"2/11/2013","",0,-75.3195257705183,40.0049815590517,-75.1677276497158,39.9525760413027,"POINT (-75.319526 40.004982)","POINT (-75.167728 39.952576)"
53672,627778,2,62777802,149.2600636,111.1431879,1,NA,6.27778e+11,2,6.27778e+13,6277780202,NA,NA,1,NA,NA,2,1,42,1,42101,"101_103",4210160000,42101000402,80,"8:23",5,NA,NA,NA,"10:45","","","","19:10",14,5,NA,NA,NA,NA,NA,NA,NA,NA,NA,NA,NA,NA,NA,NA,NA,NA,NA,NA,NA,NA,NA,NA,NA,NA,NA,NA,NA,NA,NA,NA,1,1,42,1,42045,"045_206",4204533144,42045408300,5020,1.15,45,44.495048,10.56184,127.8146661,19,10,1150,1,"2/11/2013","",0,-75.1677276497158,39.9525760413027,-75.3195257705183,40.0049815590517,"POINT (-75.167728 39.952576)","POINT (-75.319526 40.004982)"
53796,628898,1,62889801,264.8909442,96.42429689,1,NA,6.28898e+11,2,6.28898e+13,6288980102,NA,NA,3,NA,NA,4,1,42,1,42101,"101_112",4210160000,42101003800,814,"11:35",8,NA,NA,NA,"0:45","","","","12:20",14,5,NA,NA,NA,NA,NA,NA,NA,NA,NA,NA,NA,NA,NA,NA,NA,NA,NA,NA,NA,NA,NA,NA,NA,NA,NA,NA,NA,NA,NA,NA,1,1,42,1,42101,"101_103",4210160000,42101013401,139,1.17,45,30.312548,3.310764,112.8164274,12,20,740,4,"2/14/2013","",0,-75.1815493379532,39.9195932035454,-75.1752524766747,39.9659654913561,"POINT (-75.181549 39.919593)","POINT (-75.175252 39.965965)"
53808,628997,1,62899701,339.1140079,276.4159982,1,NA,6.28997e+11,1,6.28997e+13,6289970101,NA,NA,2,2,2,1,1,42,1,42101,"101_101",4210160000,42101017201,1410,"",1,NA,NA,NA,"6:00","","","","9:00",14,5,NA,NA,NA,NA,NA,NA,NA,NA,NA,NA,NA,NA,NA,NA,NA,NA,NA,NA,NA,NA,NA,NA,NA,NA,NA,NA,NA,NA,NA,NA,4,1,42,1,42101,"101_103",4210160000,42101000300,116,1.17,45,30.79382,3.245667,323.4067178,9,0,540,4,"8/1/2013","",0,-75.168616297546,39.9994052579415,-75.1687160134156,39.9558364756335,"POINT (-75.168616 39.999405)","POINT (-75.168716 39.955836)"
53809,628997,1,62899701,339.1140079,276.4159982,1,NA,6.28997e+11,2,6.28997e+13,6289970102,NA,NA,2,NA,NA,4,1,42,1,42101,"101_103",4210160000,42101000300,116,"9:45",6,NA,NA,NA,"0:15","","","","10:00",14,5,NA,NA,NA,NA,NA,NA,NA,NA,NA,NA,NA,NA,NA,NA,NA,NA,NA,NA,NA,NA,NA,NA,NA,NA,NA,NA,NA,NA,NA,NA,4,1,42,1,42101,"101_112",4210160000,42101003800,814,1.17,30,25.484711,2.993552,323.4067178,10,0,600,4,"8/1/2013","",0,-75.1687160134156,39.9558364756335,-75.1815493379532,39.9195932035454,"POINT (-75.168716 39.955836)","POINT (-75.181549 39.919593)"
53810,628997,1,62899701,339.1140079,276.4159982,1,NA,6.28997e+11,3,6.28997e+13,6289970103,NA,NA,2,NA,NA,4,1,42,1,42101,"101_112",4210160000,42101003800,814,"10:30",8,NA,NA,NA,"1:30","","","","12:00",14,5,NA,NA,NA,NA,NA,NA,NA,NA,NA,NA,NA,NA,NA,NA,NA,NA,NA,NA,NA,NA,NA,NA,NA,NA,NA,NA,NA,NA,NA,NA,1,1,42,1,42101,"101_101",4210160000,42101017201,1410,1.17,90,47.324748,7.308303,323.4067178,12,0,720,4,"8/1/2013","",0,-75.1815493379532,39.9195932035454,-75.168616297546,39.9994052579415,"POINT (-75.181549 39.919593)","POINT (-75.168616 39.999405)"
53812,628997,1,62899701,339.1140079,276.4159982,2,NA,6.28997e+11,5,6.28997e+13,6289970105,NA,NA,2,NA,NA,4,1,42,1,42101,"101_112",4210160000,42101002100,847,"16:30",96,NA,NA,NA,"2:00","","","","18:30",14,5,NA,NA,NA,NA,NA,NA,NA,NA,NA,NA,NA,NA,NA,NA,NA,NA,NA,NA,NA,NA,NA,NA,NA,NA,NA,NA,NA,NA,NA,NA,4,1,42,1,42101,"101_112",4210160000,42101003200,841,1.17,30,13.842281,0.982642,323.4067178,18,30,1110,4,"8/1/2013","",0,-75.1768973037301,39.9372294658397,-75.1870662747411,39.9335197790401,"POINT (-75.176897 39.937229)","POINT (-75.187066 39.933520)"
53813,628997,1,62899701,339.1140079,276.4159982,2,NA,6.28997e+11,6,6.28997e+13,6289970106,NA,NA,2,NA,NA,4,1,42,1,42101,"101_112",4210160000,42101003200,841,"19:00",13,NA,NA,NA,"1:30","","","","20:30",14,5,NA,NA,NA,NA,NA,NA,NA,NA,NA,NA,NA,NA,NA,NA,NA,NA,NA,NA,NA,NA,NA,NA,NA,NA,NA,NA,NA,NA,NA,NA,1,1,42,1,42101,"101_101",4210160000,42101017201,1410,1.17,75,53.875543,6.522071,323.4067178,20,30,1230,4,"8/1/2013","",0,-75.1870662747411,39.9335197790401,-75.168616297546,39.9994052579415,"POINT (-75.187066 39.933520)","POINT (-75.168616 39.999405)"
53816,628997,2,62899702,339.1140079,302.6342543,1,NA,6.28997e+11,2,6.28997e+13,6289970202,NA,NA,2,NA,NA,4,1,42,1,42101,"101_101",4210160000,42101017100,1416,"10:30",9,NA,NA,NA,"0:20","","","","10:50",14,5,NA,NA,NA,NA,NA,NA,NA,NA,NA,NA,NA,NA,NA,NA,NA,NA,NA,NA,NA,NA,NA,NA,NA,NA,NA,NA,NA,NA,NA,NA,4,1,42,1,42101,"101_107",4210160000,42101014700,411,1.17,70,28.81364,2.639882,354.0820776,10,50,650,4,"8/1/2013","",0,-75.1763265829253,40.002752967767,-75.162026191264,39.9785569548507,"POINT (-75.176327 40.002753)","POINT (-75.162026 39.978557)"
53817,628997,2,62899702,339.1140079,302.6342543,1,NA,6.28997e+11,3,6.28997e+13,6289970203,NA,NA,2,NA,NA,4,1,42,1,42101,"101_107",4210160000,42101014700,411,"12:00",15,NA,NA,NA,"2:00","","","","14:00",14,5,NA,NA,NA,NA,NA,NA,NA,NA,NA,NA,NA,NA,NA,NA,NA,NA,NA,NA,NA,NA,NA,NA,NA,NA,NA,NA,NA,NA,NA,NA,4,1,42,1,42101,"101_101",4210160000,42101017300,1408,1.17,60,14.598039,1.636675,354.0820776,14,0,840,4,"8/1/2013","",0,-75.162026191264,39.9785569548507,-75.1609354256761,39.9985787329005,"POINT (-75.162026 39.978557)","POINT (-75.160935 39.998579)"
53820,629117,1,62911701,731.8138797,257.3654622,1,NA,6.29117e+11,1,6.29117e+13,6291170101,NA,NA,1,1,2,1,1,42,1,42101,"101_114",4210160000,42101029900,1602,"",1,NA,NA,NA,"0:00","","","","7:45",14,5,NA,NA,NA,NA,NA,NA,NA,NA,NA,NA,NA,NA,NA,NA,NA,NA,NA,NA,NA,NA,NA,NA,NA,NA,NA,NA,NA,NA,NA,NA,2,1,42,1,42101,"101_103",4210160000,42101012500,133,1.17,45,45.772272,8.363685,301.1175908,7,45,465,2,"2/12/2013","",0,-75.0747163919544,40.0131545687579,-75.1673759243643,39.9592890487195,"POINT (-75.074716 40.013155)","POINT (-75.167376 39.959289)"
53821,629117,1,62911701,731.8138797,257.3654622,1,NA,6.29117e+11,2,6.29117e+13,6291170102,NA,NA,1,NA,NA,2,1,42,1,42101,"101_103",4210160000,42101012500,133,"8:30",5,NA,NA,NA,"7:30","","","","17:00",14,5,NA,NA,NA,NA,NA,NA,NA,NA,NA,NA,NA,NA,NA,NA,NA,NA,NA,NA,NA,NA,NA,NA,NA,NA,NA,NA,NA,NA,NA,NA,1,1,42,1,42101,"101_114",4210160000,42101029900,1602,1.17,60,44.984341,9.11707,301.1175908,17,0,1020,2,"2/12/2013","",0,-75.1673759243643,39.9592890487195,-75.0747163919544,40.0131545687579,"POINT (-75.167376 39.959289)","POINT (-75.074716 40.013155)"
53823,629117,2,62911702,731.8138797,251.0806029,1,NA,6.29117e+11,1,6.29117e+13,6291170201,NA,NA,2,1,2,1,1,42,1,42101,"101_114",4210160000,42101029900,1602,"",1,NA,NA,NA,"0:00","","","","9:00",14,5,NA,NA,NA,NA,NA,NA,NA,NA,NA,NA,NA,NA,NA,NA,NA,NA,NA,NA,NA,NA,NA,NA,NA,NA,NA,NA,NA,NA,NA,NA,4,1,42,1,42101,"101_104",4210160000,42101032500,3011,1.17,30,19.010869,2.179733,293.7643054,9,0,540,2,"2/12/2013","",0,-75.0747163919544,40.0131545687579,-75.0465195441935,40.0283762827018,"POINT (-75.074716 40.013155)","POINT (-75.046520 40.028376)"
53824,629117,2,62911702,731.8138797,251.0806029,1,NA,6.29117e+11,2,6.29117e+13,6291170202,NA,NA,2,NA,NA,4,1,42,1,42101,"101_104",4210160000,42101032500,3011,"9:30",6,NA,NA,NA,"1:30","","","","11:00",14,5,NA,NA,NA,NA,NA,NA,NA,NA,NA,NA,NA,NA,NA,NA,NA,NA,NA,NA,NA,NA,NA,NA,NA,NA,NA,NA,NA,NA,NA,NA,1,1,42,1,42101,"101_114",4210160000,42101029900,1602,1.17,30,19.198783,2.299083,293.7643054,11,0,660,2,"2/12/2013","",0,-75.0465195441935,40.0283762827018,-75.0747163919544,40.0131545687579,"POINT (-75.046520 40.028376)","POINT (-75.074716 40.013155)"
53827,629117,3,62911703,731.8138797,173.7659854,1,NA,6.29117e+11,2,6.29117e+13,6291170302,NA,NA,3,NA,NA,3,1,42,1,42029,"029_306",4202982704,42029302500,7021,"9998",14,3,NA,NA,"7:00","2:30","","","17:30",14,5,NA,NA,NA,NA,NA,NA,NA,NA,NA,NA,NA,NA,NA,NA,NA,NA,NA,NA,NA,NA,NA,NA,NA,NA,NA,NA,NA,NA,NA,NA,3,1,42,1,42101,"101_114",4210160000,42101029900,1602,1.17,70,119.499633,33.093936,203.3062029,17,30,1050,2,"2/12/2013","",0,-75.6074734875017,39.9538603024119,-75.0747163919544,40.0131545687579,"POINT (-75.607473 39.953860)","POINT (-75.074716 40.013155)"
53888,629765,1,62976501,162.6578491,168.1362871,1,NA,6.29765e+11,2,6.29765e+13,6297650102,NA,NA,3,NA,NA,2,1,42,1,42101,"101_110",4210160000,42101009000,1036,"9:30",5,7,5,NA,"6:40","0:13","0:07","","16:30",23,5,NA,NA,NA,NA,NA,NA,NA,NA,NA,NA,NA,NA,NA,NA,NA,NA,NA,NA,NA,NA,NA,NA,NA,NA,NA,NA,NA,NA,NA,NA,4,1,42,1,42101,"101_103",4210160000,42101000300,119,1.15,20,17.936986,1.8875,193.3567302,16,30,990,3,"2/13/2013","",0,-75.1906300416804,39.958024348983,-75.1682068169821,39.957491721513,"POINT (-75.190630 39.958024)","POINT (-75.168207 39.957492)"
54141,630855,1,63085501,337.3101463,178.1439768,1,NA,6.30855e+11,2,6.30855e+13,6308550102,NA,NA,1,NA,NA,4,1,42,1,42101,"101_112",4210160000,42101037200,804,"8:20",19,NA,NA,NA,"0:10","","","","8:30",21,5,NA,NA,NA,NA,NA,NA,NA,NA,NA,NA,NA,NA,NA,NA,NA,NA,NA,NA,NA,NA,NA,NA,NA,NA,NA,NA,NA,NA,NA,NA,4,3,42,1,42101,"101_103",4210160000,42101000500,69,1.12,10,27.903966,3.300588,199.5212541,8,30,510,2,"2/12/2013","",0,-75.1661003080911,39.9138576581668,-75.1537481432666,39.9503794767793,"POINT (-75.166100 39.913858)","POINT (-75.153748 39.950379)"
54144,630855,1,63085501,337.3101463,178.1439768,1,NA,6.30855e+11,5,6.30855e+13,6308550105,NA,NA,1,NA,NA,4,3,42,1,42101,"101_103",4210160000,42101000500,69,"17:10",19,NA,NA,NA,"0:00","","","","17:20",21,5,NA,NA,NA,NA,NA,NA,NA,NA,NA,NA,NA,NA,NA,NA,NA,NA,NA,NA,NA,NA,NA,NA,NA,NA,NA,NA,NA,NA,NA,NA,4,1,42,1,42101,"101_112",4210160000,42101037200,804,1.12,15,27.364701,2.980835,199.5212541,17,20,1040,2,"2/12/2013","",0,-75.1537481432666,39.9503794767793,-75.1661003080911,39.9138576581668,"POINT (-75.153748 39.950379)","POINT (-75.166100 39.913858)"
54245,631381,1,63138101,324.4698324,176.1662119,1,NA,6.31381e+11,1,6.31381e+13,6313810101,NA,NA,1,3,2,1,1,42,1,42101,"101_102",4210160000,42101006300,2018,"",96,NA,NA,NA,"2:00","","","","6:00",14,5,NA,NA,NA,NA,NA,NA,NA,NA,NA,NA,NA,NA,NA,NA,NA,NA,NA,NA,NA,NA,NA,NA,NA,NA,NA,NA,NA,NA,NA,NA,2,1,42,1,42101,"101_101",4210160000,42101020000,1415,1.17,75,53.755711,8.855061,206.1144679,6,0,360,1,"6/17/2013","",0,-75.2399779780059,39.9210924003411,-75.1509013014001,40.0025369261947,"POINT (-75.239978 39.921092)","POINT (-75.150901 40.002537)"
54739,634513,2,63451302,172.1824722,93.31073162,1,NA,6.34513e+11,2,6.34513e+13,6345130202,NA,NA,1,NA,NA,2,1,42,1,42101,"101_103",4210160000,42101012500,135,"11:15",2,NA,NA,NA,"7:00","","","","18:15",21,5,NA,NA,NA,NA,NA,NA,NA,NA,NA,NA,NA,NA,NA,NA,NA,NA,NA,NA,NA,NA,NA,NA,NA,NA,NA,NA,NA,NA,NA,NA,4,1,42,1,42101,"101_108",4210160000,42101021200,3212,1.12,80,39.083983,8.434365,104.5080194,18,15,1095,1,"7/29/2013","",0,-75.1665214095376,39.9615526212186,-75.2125354511121,40.0348470330642,"POINT (-75.166521 39.961553)","POINT (-75.212535 40.034847)"
54801,634723,1,63472301,725.7333101,276.4159982,3,NA,6.34723e+11,6,6.34723e+13,6347230106,NA,NA,2,4,NA,1,1,42,1,42101,"101_101",4210160000,42101017202,1409,"12:59",1,NA,NA,NA,"0:30","","","","13:30",14,5,NA,NA,NA,NA,NA,NA,NA,NA,NA,NA,NA,NA,NA,NA,NA,NA,NA,NA,NA,NA,NA,NA,NA,NA,NA,NA,NA,NA,NA,NA,4,1,42,1,42101,"101_103",4210160000,42101000402,78,1.17,45,36.220879,3.286284,323.4067178,13,30,810,2,"7/30/2013","",0,-75.1742078313758,39.9986750681483,-75.1694605873533,39.9520071435649,"POINT (-75.174208 39.998675)","POINT (-75.169461 39.952007)"
54802,634723,1,63472301,725.7333101,276.4159982,3,NA,6.34723e+11,7,6.34723e+13,6347230107,NA,NA,2,NA,NA,4,1,42,1,42101,"101_103",4210160000,42101000402,78,"14:15",8,NA,NA,NA,"0:15","","","","14:30",14,5,NA,NA,NA,NA,NA,NA,NA,NA,NA,NA,NA,NA,NA,NA,NA,NA,NA,NA,NA,NA,NA,NA,NA,NA,NA,NA,NA,NA,NA,NA,4,1,42,1,42101,"101_103",4210160000,42101000500,88,1.17,20,12.654435,0.935793,323.4067178,14,30,870,2,"7/30/2013","",0,-75.1694605873533,39.9520071435649,-75.1541388337345,39.9522458625874,"POINT (-75.169461 39.952007)","POINT (-75.154139 39.952246)"
54803,634723,1,63472301,725.7333101,276.4159982,3,NA,6.34723e+11,8,6.34723e+13,6347230108,NA,NA,2,NA,NA,4,1,42,1,42101,"101_103",4210160000,42101000500,88,"14:50",8,NA,NA,NA,"0:25","","","","15:15",14,5,NA,NA,NA,NA,NA,NA,NA,NA,NA,NA,NA,NA,NA,NA,NA,NA,NA,NA,NA,NA,NA,NA,NA,NA,NA,NA,NA,NA,NA,NA,4,1,42,1,42101,"101_103",4210160000,42101001002,11,1.17,30,16.129312,1.004817,323.4067178,15,15,915,2,"7/30/2013","",0,-75.1541388337345,39.9522458625874,-75.1480724206306,39.9424699004001,"POINT (-75.154139 39.952246)","POINT (-75.148072 39.942470)"
54804,634723,1,63472301,725.7333101,276.4159982,3,NA,6.34723e+11,9,6.34723e+13,6347230109,NA,NA,2,NA,NA,4,1,42,1,42101,"101_103",4210160000,42101001002,11,"15:45",8,NA,NA,NA,"0:30","","","","16:15",14,5,NA,NA,NA,NA,NA,NA,NA,NA,NA,NA,NA,NA,NA,NA,NA,NA,NA,NA,NA,NA,NA,NA,NA,NA,NA,NA,NA,NA,NA,NA,4,1,42,1,42101,"101_103",4210160000,42101000500,89,1.17,15,17.325076,1.220718,323.4067178,16,15,975,2,"7/30/2013","",0,-75.1480724206306,39.9424699004001,-75.1572994746159,39.95264251715,"POINT (-75.148072 39.942470)","POINT (-75.157299 39.952643)"
54805,634723,1,63472301,725.7333101,276.4159982,3,NA,6.34723e+11,10,6.34723e+13,6347230110,NA,NA,2,NA,NA,4,1,42,1,42101,"101_103",4210160000,42101000500,89,"16:30",8,NA,NA,NA,"0:40","","","","17:15",14,5,NA,NA,NA,NA,NA,NA,NA,NA,NA,NA,NA,NA,NA,NA,NA,NA,NA,NA,NA,NA,NA,NA,NA,NA,NA,NA,NA,NA,NA,NA,1,1,42,1,42101,"101_101",4210160000,42101017202,1409,1.17,75,31.02423,4.476041,323.4067178,17,15,1035,2,"7/30/2013","",0,-75.1572994746159,39.95264251715,-75.1742078313758,39.9986750681483,"POINT (-75.157299 39.952643)","POINT (-75.174208 39.998675)"
54863,635084,1,63508401,145.6916999,222.363965,1,NA,6.35084e+11,1,6.35084e+13,6350840101,NA,NA,2,3,2,1,1,42,1,42101,"101_115",4210160000,42101026800,2632,"",1,12,1,NA,"3:00","1:00","1:00","","8:15",14,5,NA,NA,NA,NA,NA,NA,NA,NA,NA,NA,NA,NA,NA,NA,NA,NA,NA,NA,NA,NA,NA,NA,NA,NA,NA,NA,NA,NA,NA,NA,4,1,42,1,42101,"101_115",4210160000,42101028200,2615,1.17,30,16.463537,1.756649,260.165839,8,15,495,4,"4/18/2013","",0,-75.1399338189646,40.0555332794609,-75.1398050137829,40.0366774270012,"POINT (-75.139934 40.055533)","POINT (-75.139805 40.036677)"
54864,635084,1,63508401,145.6916999,222.363965,1,NA,6.35084e+11,2,6.35084e+13,6350840102,NA,NA,2,NA,NA,4,1,42,1,42101,"101_115",4210160000,42101028200,2615,"8:45",16,NA,NA,NA,"1:05","","","","10:45",21,5,NA,NA,NA,NA,NA,NA,NA,NA,NA,NA,NA,NA,NA,NA,NA,NA,NA,NA,NA,NA,NA,NA,NA,NA,NA,NA,NA,NA,NA,NA,4,1,42,1,42101,"101_103",4210160000,42101000500,90,1.17,45,30.262369,7.10962,260.165839,10,45,645,4,"4/18/2013","",0,-75.1398050137829,40.0366774270012,-75.1588750233838,39.9528401835985,"POINT (-75.139805 40.036677)","POINT (-75.158875 39.952840)"
54865,635084,1,63508401,145.6916999,222.363965,1,NA,6.35084e+11,3,6.35084e+13,6350840103,NA,NA,2,NA,NA,4,1,42,1,42101,"101_103",4210160000,42101000500,90,"11:30",11,8,NA,NA,"2:00","","","","14:05",21,5,NA,NA,NA,NA,NA,NA,NA,NA,NA,NA,NA,NA,NA,NA,NA,NA,NA,NA,NA,NA,NA,NA,NA,NA,NA,NA,NA,NA,NA,NA,4,1,42,1,42091,"091_412",4209112968,42091202500,12238,1.17,55,46.330199,12.074307,260.165839,14,5,845,4,"4/18/2013","",0,-75.1588750233838,39.9528401835985,-75.1571977835929,40.0823045185899,"POINT (-75.158875 39.952840)","POINT (-75.157198 40.082305)"
54866,635084,1,63508401,145.6916999,222.363965,1,NA,6.35084e+11,4,6.35084e+13,6350840104,NA,NA,2,NA,NA,4,1,42,1,42091,"091_412",4209112968,42091202500,12238,"15:00",10,8,NA,NA,"1:00","","","","16:20",14,5,NA,NA,NA,NA,NA,NA,NA,NA,NA,NA,NA,NA,NA,NA,NA,NA,NA,NA,NA,NA,NA,NA,NA,NA,NA,NA,NA,NA,NA,NA,1,1,42,1,42101,"101_115",4210160000,42101026800,2632,1.17,25,21.775521,2.755153,260.165839,16,20,980,4,"4/18/2013","",0,-75.1571977835929,40.0823045185899,-75.1399338189646,40.0555332794609,"POINT (-75.157198 40.082305)","POINT (-75.139934 40.055533)"
55153,637022,1,63702201,481.5547229,343.6929022,1,NA,6.37022e+11,2,6.37022e+13,6370220102,NA,NA,3,NA,NA,4,1,42,1,42101,"101_110",4210160000,42101007700,1015,"15:15",96,NA,NA,NA,"0:00","","","","15:30",14,5,NA,NA,NA,NA,NA,NA,NA,NA,NA,NA,NA,NA,NA,NA,NA,NA,NA,NA,NA,NA,NA,NA,NA,NA,NA,NA,NA,NA,NA,NA,4,1,42,1,42101,"101_110",4210160000,42101980000,1040,1.17,15,18.588362,2.038948,402.1206956,15,30,930,4,"6/27/2013","",0,-75.208260147084,39.9463603580681,-75.1834073455283,39.9599979498596,"POINT (-75.208260 39.946360)","POINT (-75.183407 39.959998)"
55162,637107,1,63710701,194.1500616,145.1810316,1,NA,6.37107e+11,2,6.37107e+13,6371070102,NA,NA,1,NA,NA,4,1,42,1,42045,"045_206",4204533144,42045408800,5019,"7:00",19,NA,NA,NA,"0:00","","","","7:05",21,5,NA,NA,NA,NA,NA,NA,NA,NA,NA,NA,NA,NA,NA,NA,NA,NA,NA,NA,NA,NA,NA,NA,NA,NA,NA,NA,NA,NA,NA,NA,4,1,42,1,42045,"045_203",4204579000,42045400500,4459,1.15,8,26.509675,4.36167,166.9581863,7,5,425,1,"7/1/2013","",0,-75.300281066518,40.0007168757721,-75.2626735411038,39.9640057100153,"POINT (-75.300281 40.000717)","POINT (-75.262674 39.964006)"
55163,637107,1,63710701,194.1500616,145.1810316,1,NA,6.37107e+11,3,6.37107e+13,6371070103,NA,NA,1,NA,NA,4,1,42,1,42045,"045_203",4204579000,42045400500,4459,"7:13",19,NA,NA,NA,"0:00","","","","7:20",21,5,NA,NA,NA,NA,NA,NA,NA,NA,NA,NA,NA,NA,NA,NA,NA,NA,NA,NA,NA,NA,NA,NA,NA,NA,NA,NA,NA,NA,NA,NA,4,1,42,1,42101,"101_103",4210160000,42101000402,92,1.15,9,25.068592,5.472363,166.9581863,7,20,440,1,"7/1/2013","",0,-75.2626735411038,39.9640057100153,-75.1648345113326,39.9541020155151,"POINT (-75.262674 39.964006)","POINT (-75.164835 39.954102)"
55166,637107,1,63710701,194.1500616,145.1810316,1,NA,6.37107e+11,6,6.37107e+13,6371070106,NA,NA,1,NA,NA,4,1,42,1,42101,"101_103",4210160000,42101000402,92,"17:12",19,NA,NA,NA,"0:00","","","","17:19",21,5,NA,NA,NA,NA,NA,NA,NA,NA,NA,NA,NA,NA,NA,NA,NA,NA,NA,NA,NA,NA,NA,NA,NA,NA,NA,NA,NA,NA,NA,NA,4,1,42,1,42045,"045_203",4204579000,42045400500,4459,1.15,15,24.987011,5.487573,166.9581863,17,19,1039,1,"7/1/2013","",0,-75.1648345113326,39.9541020155151,-75.2626735411038,39.9640057100153,"POINT (-75.164835 39.954102)","POINT (-75.262674 39.964006)"
55167,637107,1,63710701,194.1500616,145.1810316,1,NA,6.37107e+11,7,6.37107e+13,6371070107,NA,NA,1,NA,NA,4,1,42,1,42045,"045_203",4204579000,42045400500,4459,"17:34",19,NA,NA,NA,"0:00","","","","17:36",21,5,NA,NA,NA,NA,NA,NA,NA,NA,NA,NA,NA,NA,NA,NA,NA,NA,NA,NA,NA,NA,NA,NA,NA,NA,NA,NA,NA,NA,NA,NA,4,1,42,1,42045,"045_206",4204533144,42045408800,5017,1.15,7,17.638688,3.630859,166.9581863,17,36,1056,1,"7/1/2013","",0,-75.2626735411038,39.9640057100153,-75.3002409178272,39.9964440900826,"POINT (-75.262674 39.964006)","POINT (-75.300241 39.996444)"
55188,637240,1,63724001,543.8800878,110.7049328,2,NA,6.3724e+11,4,6.3724e+13,6372400104,NA,NA,1,NA,NA,2,1,42,1,42101,"101_110",4210160000,42101007900,1021,"12:45",5,NA,NA,NA,"1:30","","","","14:15",14,5,NA,NA,NA,NA,NA,NA,NA,NA,NA,NA,NA,NA,NA,NA,NA,NA,NA,NA,NA,NA,NA,NA,NA,NA,NA,NA,NA,NA,NA,NA,4,1,42,1,42101,"101_110",4210160000,42101008802,1031,1.17,15,16.992648,1.386586,129.5247714,14,15,855,5,"8/16/2013","",0,-75.2182588102061,39.950471058218,-75.2024327640643,39.9546329212277,"POINT (-75.218259 39.950471)","POINT (-75.202433 39.954633)"
55208,637332,2,63733202,382.774372,219.2171744,1,NA,6.37332e+11,1,6.37332e+13,6373320201,NA,NA,3,0,2,2,1,42,1,42101,"101_115",4210160000,42101028200,2615,"",5,NA,NA,NA,"8:00","","","","15:30",14,5,NA,NA,NA,NA,NA,NA,NA,NA,NA,NA,NA,NA,NA,NA,NA,NA,NA,NA,NA,NA,NA,NA,NA,NA,NA,NA,NA,NA,NA,NA,1,1,42,1,42101,"101_118",4210160000,42101030700,2810,1.17,30,25.019334,3.513935,256.4840941,15,30,930,4,"2/14/2013","",0,-75.1398050137829,40.0366774270012,-75.0885600859054,40.057337503014,"POINT (-75.139805 40.036677)","POINT (-75.088560 40.057338)"
55224,637607,2,63760702,179.2030341,143.5520011,1,NA,6.37607e+11,1,6.37607e+13,6376070201,NA,NA,1,1,2,1,1,42,1,42091,"091_401",4209144976,42091204500,10004,"",1,NA,NA,NA,"5:15","","","","8:15",21,5,NA,NA,NA,NA,NA,NA,NA,NA,NA,NA,NA,NA,NA,NA,NA,NA,NA,NA,NA,NA,NA,NA,NA,NA,NA,NA,NA,NA,NA,NA,2,1,42,1,42101,"101_103",4210160000,42101000402,93,1.12,25,20.906032,6.129829,160.7782412,8,15,495,3,"2/20/2013","",0,-75.2533849746111,39.9972621864517,-75.1659426772114,39.9531940428398,"POINT (-75.253385 39.997262)","POINT (-75.165943 39.953194)"
55225,637607,2,63760702,179.2030341,143.5520011,1,NA,6.37607e+11,2,6.37607e+13,6376070202,NA,NA,1,NA,NA,2,1,42,1,42101,"101_103",4210160000,42101000402,93,"8:40",5,NA,NA,NA,"10:00","","","","18:40",21,5,NA,NA,NA,NA,NA,NA,NA,NA,NA,NA,NA,NA,NA,NA,NA,NA,NA,NA,NA,NA,NA,NA,NA,NA,NA,NA,NA,NA,NA,NA,1,1,42,1,42091,"091_401",4209144976,42091204500,10004,1.12,65,19.482846,6.128584,160.7782412,18,40,1120,3,"2/20/2013","",0,-75.1659426772114,39.9531940428398,-75.2533849746111,39.9972621864517,"POINT (-75.165943 39.953194)","POINT (-75.253385 39.997262)"
55392,638129,2,63812902,75.52158317,92.88689455,1,NA,6.38129e+11,1,6.38129e+13,6381290201,NA,NA,2,1,2,1,1,42,1,42017,"017_512",4201708760,42017100500,16210,"",1,NA,NA,NA,"0:00","","","","10:00",14,5,NA,NA,NA,NA,NA,NA,NA,NA,NA,NA,NA,NA,NA,NA,NA,NA,NA,NA,NA,NA,NA,NA,NA,NA,NA,NA,NA,NA,NA,NA,4,1,42,1,42017,"017_511",4201777744,42017105900,16046,1.13,45,23.34506,5.17095,104.9621908,10,0,600,3,"2/20/2013","",0,-74.8425533248208,40.107487353509,-74.8195337694283,40.1462894061835,"POINT (-74.842553 40.107487)","POINT (-74.819534 40.146289)"
55393,638129,2,63812902,75.52158317,92.88689455,1,NA,6.38129e+11,2,6.38129e+13,6381290202,NA,NA,2,NA,NA,4,1,42,1,42017,"017_511",4201777744,42017105900,16046,"10:45",6,8,NA,NA,"0:00","","","","12:15",14,5,NA,NA,NA,NA,NA,NA,NA,NA,NA,NA,NA,NA,NA,NA,NA,NA,NA,NA,NA,NA,NA,NA,NA,NA,NA,NA,NA,NA,NA,NA,1,1,42,1,42017,"017_512",4201708760,42017100500,16210,1.13,35,27.099602,4.318589,104.9621908,12,15,735,3,"2/20/2013","",0,-74.8195337694283,40.1462894061835,-74.8425533248208,40.107487353509,"POINT (-74.819534 40.146289)","POINT (-74.842553 40.107487)"
55395,638170,1,63817001,432.7450919,175.3542465,1,NA,6.3817e+11,1,6.3817e+13,6381700101,NA,NA,3,2,2,1,1,42,1,42045,"045_202",4204564800,42045404004,4226,"",1,NA,NA,NA,"3:30","","","","6:30",14,5,NA,NA,NA,NA,NA,NA,NA,NA,NA,NA,NA,NA,NA,NA,NA,NA,NA,NA,NA,NA,NA,NA,NA,NA,NA,NA,NA,NA,NA,NA,4,1,42,1,42045,"045_202",4204529720,42045403502,4206,1.17,30,11.077307,0.757279,205.1644685,6,30,390,3,"2/27/2013","",0,-75.3090185538277,39.8994099281747,-75.2966603964201,39.9020047132286,"POINT (-75.309019 39.899410)","POINT (-75.296660 39.902005)"
55397,638170,1,63817001,432.7450919,175.3542465,1,NA,6.3817e+11,3,6.3817e+13,6381700103,NA,NA,3,NA,NA,4,1,42,1,42045,"045_201",4204513208,42045404500,4034,"7:15",16,NA,NA,NA,"6:00","","","","13:15",14,5,NA,NA,NA,NA,NA,NA,NA,NA,NA,NA,NA,NA,NA,NA,NA,NA,NA,NA,NA,NA,NA,NA,NA,NA,NA,NA,NA,NA,NA,NA,4,1,42,1,42045,"045_202",4204564800,42045404102,4219,1.17,20,24.533333,2.211619,205.1644685,13,15,795,3,"2/27/2013","",0,-75.3645056067957,39.8664827372068,-75.344117054956,39.8698461195226,"POINT (-75.364506 39.866483)","POINT (-75.344117 39.869846)"
55570,639485,1,63948501,221.0071427,120.4941946,1,NA,6.39485e+11,1,6.39485e+13,6394850101,NA,NA,1,1,2,1,1,42,1,42045,"045_205",4204553104,42045410800,4820,"",1,5,NA,NA,"5:30","1:30","","","10:00",14,5,NA,NA,NA,NA,NA,NA,NA,NA,NA,NA,NA,NA,NA,NA,NA,NA,NA,NA,NA,NA,NA,NA,NA,NA,NA,NA,NA,NA,NA,NA,4,1,42,1,42045,"045_205",4204553104,42045407401,4826,1.17,60,52.931139,5.550017,140.9782076,10,0,600,2,"4/16/2013","",0,-75.3793856687375,39.8793852847628,-75.368739005283,39.9143240988748,"POINT (-75.379386 39.879385)","POINT (-75.368739 39.914324)"
55571,639485,1,63948501,221.0071427,120.4941946,1,NA,6.39485e+11,2,6.39485e+13,6394850102,NA,NA,1,NA,NA,4,1,42,1,42045,"045_205",4204553104,42045407401,4826,"11:00",6,7,NA,NA,"1:40","","","","13:45",14,5,NA,NA,NA,NA,NA,NA,NA,NA,NA,NA,NA,NA,NA,NA,NA,NA,NA,NA,NA,NA,NA,NA,NA,NA,NA,NA,NA,NA,NA,NA,1,1,42,1,42045,"045_205",4204553104,42045410800,4820,1.17,45,37.041735,6.358855,140.9782076,13,45,825,2,"4/16/2013","",0,-75.368739005283,39.9143240988748,-75.3793856687375,39.8793852847628,"POINT (-75.368739 39.914324)","POINT (-75.379386 39.879385)"
56012,642336,2,64233602,51.89662555,95.72322758,1,NA,6.42336e+11,1,6.42336e+13,6423360201,NA,NA,1,1,2,1,1,42,1,42101,"101_110",4210160000,42101007900,1021,"",1,NA,NA,NA,"3:00","","","","7:45",14,5,NA,NA,NA,NA,NA,NA,NA,NA,NA,NA,NA,NA,NA,NA,NA,NA,NA,NA,NA,NA,NA,NA,NA,NA,NA,NA,NA,NA,NA,NA,2,1,42,1,42101,"101_103",4210160000,42101000402,101,1.15,30,25.854663,3.294575,110.0817117,7,45,465,5,"2/22/2013","",0,-75.2182588102061,39.950471058218,-75.1720816011546,39.9549927124551,"POINT (-75.218259 39.950471)","POINT (-75.172082 39.954993)"
56445,644395,1,64439501,248.0558183,90.56970828,1,NA,6.44395e+11,2,6.44395e+13,6443950102,NA,NA,2,NA,NA,4,1,42,1,42101,"101_103",4210160000,42101000700,59,"13:20",19,NA,NA,NA,"0:00","","","","13:30",14,5,NA,NA,NA,NA,NA,NA,NA,NA,NA,NA,NA,NA,NA,NA,NA,NA,NA,NA,NA,NA,NA,NA,NA,NA,NA,NA,NA,NA,NA,NA,4,1,42,1,42101,"101_103",4210160000,42101000401,103,1.17,10,11.322938,0.984119,105.9665587,13,30,810,4,"6/27/2013","",0,-75.1649773922386,39.9502186753736,-75.177201361549,39.9550054347417,"POINT (-75.164977 39.950219)","POINT (-75.177201 39.955005)"
56447,644395,1,64439501,248.0558183,90.56970828,1,NA,6.44395e+11,4,6.44395e+13,6443950104,NA,NA,2,NA,NA,4,1,42,1,42101,"101_103",4210160000,42101000401,85,"14:05",19,NA,NA,NA,"0:10","","","","14:15",23,5,NA,NA,NA,NA,NA,NA,NA,NA,NA,NA,NA,NA,NA,NA,NA,NA,NA,NA,NA,NA,NA,NA,NA,NA,NA,NA,NA,NA,NA,NA,1,1,42,1,42101,"101_103",4210160000,42101000804,42,1.17,15,15.058455,0.984147,105.9665587,14,15,855,4,"6/27/2013","",0,-75.1779217463161,39.9533873770951,-75.1655206281913,39.9477143701067,"POINT (-75.177922 39.953387)","POINT (-75.165521 39.947714)"
56612,645371,1,64537101,627.6989751,231.0531544,1,NA,6.45371e+11,2,6.45371e+13,6453710102,NA,NA,2,NA,NA,4,1,42,1,42101,"101_107",4210160000,42101015200,422,"13:00",4,NA,NA,NA,"2:00","","","","15:00",14,5,NA,NA,NA,NA,NA,NA,NA,NA,NA,NA,NA,NA,NA,NA,NA,NA,NA,NA,NA,NA,NA,NA,NA,NA,NA,NA,NA,NA,NA,NA,1,1,42,1,42101,"101_102",4210160000,42101006700,2020,1.17,540,52.977363,8.032195,270.3321906,15,0,900,4,"2/21/2013","",0,-75.1722093187508,39.9861472659912,-75.2279540291491,39.9243565817628,"POINT (-75.172209 39.986147)","POINT (-75.227954 39.924357)"
56614,645371,2,64537102,627.6989751,251.0806029,1,NA,6.45371e+11,1,6.45371e+13,6453710201,NA,NA,2,1,2,1,1,42,1,42101,"101_102",4210160000,42101006700,2020,"",9,NA,NA,NA,"5:00","","","","13:10",14,5,NA,NA,NA,NA,NA,NA,NA,NA,NA,NA,NA,NA,NA,NA,NA,NA,NA,NA,NA,NA,NA,NA,NA,NA,NA,NA,NA,NA,NA,NA,4,1,42,1,42101,"101_111",4210160000,42101011300,1235,1.17,NA,35.616667,4.679531,293.7643054,13,10,790,4,"2/21/2013","",0,-75.2279540291491,39.9243565817628,-75.2353363988571,39.9786635130042,"POINT (-75.227954 39.924357)","POINT (-75.235336 39.978664)"
56615,645371,2,64537102,627.6989751,251.0806029,1,NA,6.45371e+11,2,6.45371e+13,6453710202,NA,NA,2,NA,NA,4,1,42,1,42101,"101_111",4210160000,42101011300,1235,"9999",11,NA,NA,NA,"4:50","","","","18:00",14,5,NA,NA,NA,NA,NA,NA,NA,NA,NA,NA,NA,NA,NA,NA,NA,NA,NA,NA,NA,NA,NA,NA,NA,NA,NA,NA,NA,NA,NA,NA,1,1,42,1,42101,"101_102",4210160000,42101006700,2020,1.17,360,36.367228,4.728387,293.7643054,18,0,1080,4,"2/21/2013","",0,-75.2353363988571,39.9786635130042,-75.2279540291491,39.9243565817628,"POINT (-75.235336 39.978664)","POINT (-75.227954 39.924357)"
56623,645371,5,64537105,627.6989751,221.967171,1,NA,6.45371e+11,1,6.45371e+13,6453710501,NA,NA,2,1,2,1,1,42,1,42101,"101_102",4210160000,42101006700,2020,"",6,NA,NA,NA,"1:00","","","","9:00",14,5,NA,NA,NA,NA,NA,NA,NA,NA,NA,NA,NA,NA,NA,NA,NA,NA,NA,NA,NA,NA,NA,NA,NA,NA,NA,NA,NA,NA,NA,NA,4,1,42,1,42101,"101_103",4210160000,42101000804,43,1.17,120,32.020455,5.135158,259.70159,9,0,540,4,"2/21/2013","",0,-75.2279540291491,39.9243565817628,-75.1652643007328,39.9488899960486,"POINT (-75.227954 39.924357)","POINT (-75.165264 39.948890)"
56624,645371,5,64537105,627.6989751,221.967171,1,NA,6.45371e+11,2,6.45371e+13,6453710502,NA,NA,2,NA,NA,4,1,42,1,42101,"101_103",4210160000,42101000804,43,"11:00",6,NA,NA,NA,"1:00","","","","12:00",14,5,NA,NA,NA,NA,NA,NA,NA,NA,NA,NA,NA,NA,NA,NA,NA,NA,NA,NA,NA,NA,NA,NA,NA,NA,NA,NA,NA,NA,NA,NA,1,1,42,1,42101,"101_102",4210160000,42101006700,2020,1.17,120,30.954025,5.194438,259.70159,12,0,720,4,"2/21/2013","",0,-75.1652643007328,39.9488899960486,-75.2279540291491,39.9243565817628,"POINT (-75.165264 39.948890)","POINT (-75.227954 39.924357)"
56777,646582,4,64658204,486.3747356,1644.289847,1,NA,6.46582e+11,1,6.46582e+13,6465820401,NA,NA,2,1,2,1,1,42,1,42101,"101_114",4210160000,42101030100,1608,"",1,NA,NA,NA,"4:30","","","","8:45",14,5,NA,NA,NA,NA,NA,NA,NA,NA,NA,NA,NA,NA,NA,NA,NA,NA,NA,NA,NA,NA,NA,NA,NA,NA,NA,NA,NA,NA,NA,NA,3,6,42,1,42101,"101_115",4210160000,42101027700,2628,1.17,45,31.241187,5.115128,1923.819121,8,45,525,3,"2/20/2013","",0,-75.0904216746636,40.0215489899244,-75.151228491791,40.0505524826181,"POINT (-75.090422 40.021549)","POINT (-75.151228 40.050552)"
56778,646582,4,64658204,486.3747356,1644.289847,1,NA,6.46582e+11,2,6.46582e+13,6465820402,NA,NA,2,NA,NA,3,6,42,1,42101,"101_115",4210160000,42101027700,2628,"9:30",2,3,4,NA,"0:45","6:45","1:00","","18:00",14,5,NA,NA,NA,NA,NA,NA,NA,NA,NA,NA,NA,NA,NA,NA,NA,NA,NA,NA,NA,NA,NA,NA,NA,NA,NA,NA,NA,NA,NA,NA,1,1,42,1,42101,"101_114",4210160000,42101030100,1608,1.17,60,33.708687,5.198696,1923.819121,18,0,1080,3,"2/20/2013","",0,-75.151228491791,40.0505524826181,-75.0904216746636,40.0215489899244,"POINT (-75.151228 40.050552)","POINT (-75.090422 40.021549)"
57072,648236,1,64823601,352.520661,237.1210999,1,NA,6.48236e+11,2,6.48236e+13,6482360102,NA,NA,2,NA,NA,4,1,42,1,42101,"101_112",4210160000,42101002100,847,"10:54",19,NA,NA,NA,"0:00","","","","10:55",14,5,NA,NA,NA,NA,NA,NA,NA,NA,NA,NA,NA,NA,NA,NA,NA,NA,NA,NA,NA,NA,NA,NA,NA,NA,NA,NA,NA,NA,NA,NA,4,1,42,1,42101,"101_103",4210160000,42101000401,85,1.17,10,14.576034,1.330059,277.4316869,10,55,655,1,"7/29/2013","",0,-75.1768973037301,39.9372294658397,-75.1779217463161,39.9533873770951,"POINT (-75.176897 39.937229)","POINT (-75.177922 39.953387)"
57073,648236,1,64823601,352.520661,237.1210999,1,NA,6.48236e+11,3,6.48236e+13,6482360103,NA,NA,2,NA,NA,4,1,42,1,42101,"101_103",4210160000,42101000401,85,"11:05",19,NA,NA,NA,"0:00","","","","11:09",14,5,NA,NA,NA,NA,NA,NA,NA,NA,NA,NA,NA,NA,NA,NA,NA,NA,NA,NA,NA,NA,NA,NA,NA,NA,NA,NA,NA,NA,NA,NA,4,1,42,1,42091,"091_402",4209179136,42091205801,10212,1.17,37,44.852268,19.229761,277.4316869,11,9,669,1,"7/29/2013","",0,-75.1779217463161,39.9533873770951,-75.3922133622912,40.087943010321,"POINT (-75.177922 39.953387)","POINT (-75.392213 40.087943)"
57075,648236,1,64823601,352.520661,237.1210999,1,NA,6.48236e+11,5,6.48236e+13,6482360105,NA,NA,2,NA,NA,4,3,42,1,42091,"091_402",4209179136,42091205801,10215,"16:24",19,NA,NA,NA,"0:00","","","","16:25",14,5,NA,NA,NA,NA,NA,NA,NA,NA,NA,NA,NA,NA,NA,NA,NA,NA,NA,NA,NA,NA,NA,NA,NA,NA,NA,NA,NA,NA,NA,NA,4,1,42,1,42045,"045_203",4204579000,42045400500,4459,1.17,35,40.022878,16.33507,277.4316869,16,25,985,1,"7/29/2013","",0,-75.3853835679745,40.0888177484524,-75.2626735411038,39.9640057100153,"POINT (-75.385384 40.088818)","POINT (-75.262674 39.964006)"
57076,648236,1,64823601,352.520661,237.1210999,1,NA,6.48236e+11,6,6.48236e+13,6482360106,NA,NA,2,NA,NA,4,1,42,1,42045,"045_203",4204579000,42045400500,4459,"17:00",19,NA,NA,NA,"0:00","","","","17:16",14,5,NA,NA,NA,NA,NA,NA,NA,NA,NA,NA,NA,NA,NA,NA,NA,NA,NA,NA,NA,NA,NA,NA,NA,NA,NA,NA,NA,NA,NA,NA,4,1,42,1,42101,"101_103",4210160000,42101000402,76,1.17,15,23.95,5.422705,277.4316869,17,16,1036,1,"7/29/2013","",0,-75.2626735411038,39.9640057100153,-75.1662257986882,39.9519342771783,"POINT (-75.262674 39.964006)","POINT (-75.166226 39.951934)"
57077,648236,1,64823601,352.520661,237.1210999,1,NA,6.48236e+11,7,6.48236e+13,6482360107,NA,NA,2,NA,NA,4,1,42,1,42101,"101_103",4210160000,42101000402,76,"17:31",19,NA,NA,NA,"0:00","","","","17:41",14,5,NA,NA,NA,NA,NA,NA,NA,NA,NA,NA,NA,NA,NA,NA,NA,NA,NA,NA,NA,NA,NA,NA,NA,NA,NA,NA,NA,NA,NA,NA,4,1,42,1,42101,"101_104",4210160000,42101031600,3014,1.17,0,38.864462,9.154506,277.4316869,17,41,1061,1,"7/29/2013","",0,-75.1662257986882,39.9519342771783,-75.0593151476913,40.0302346423682,"POINT (-75.166226 39.951934)","POINT (-75.059315 40.030235)"
57178,648922,1,64892201,140.0677812,125.0257654,1,NA,6.48922e+11,1,6.48922e+13,6489220101,NA,NA,1,2,2,1,1,42,1,42101,"101_110",4210160000,42101007900,1021,"",1,NA,NA,NA,"4:30","","","","7:30",21,5,NA,NA,NA,NA,NA,NA,NA,NA,NA,NA,NA,NA,NA,NA,NA,NA,NA,NA,NA,NA,NA,NA,NA,NA,NA,NA,NA,NA,NA,NA,4,3,42,1,42101,"101_107",4210160000,42101014700,411,1.12,60,39.295972,5.466077,140.0288573,7,30,450,5,"4/19/2013","",0,-75.2182588102061,39.950471058218,-75.162026191264,39.9785569548507,"POINT (-75.218259 39.950471)","POINT (-75.162026 39.978557)"
57179,648922,1,64892201,140.0677812,125.0257654,1,NA,6.48922e+11,2,6.48922e+13,6489220102,NA,NA,1,NA,NA,4,3,42,1,42101,"101_107",4210160000,42101014700,411,"8:30",11,5,NA,NA,"8:00","","","","17:00",23,5,NA,NA,NA,NA,NA,NA,NA,NA,NA,NA,NA,NA,NA,NA,NA,NA,NA,NA,NA,NA,NA,NA,NA,NA,NA,NA,NA,NA,NA,NA,4,1,42,1,42101,"101_110",4210160000,42101008702,1024,1.12,45,34.003964,4.616786,140.0288573,17,0,1020,5,"4/19/2013","",0,-75.162026191264,39.9785569548507,-75.2074989674157,39.9516652307221,"POINT (-75.162026 39.978557)","POINT (-75.207499 39.951665)"
57489,651463,1,65146301,94.04081866,153.3103323,1,NA,6.51463e+11,2,6.51463e+13,6514630102,NA,NA,1,NA,NA,4,1,42,1,42091,"091_410",4209179176,42091200307,11835,"8:10",19,NA,NA,NA,"0:02","","","","8:12",21,5,NA,NA,NA,NA,NA,NA,NA,NA,NA,NA,NA,NA,NA,NA,NA,NA,NA,NA,NA,NA,NA,NA,NA,NA,NA,NA,NA,NA,NA,NA,4,1,42,1,42101,"101_103",4210160000,42101000402,92,1.13,33,48.934688,16.481765,173.2406755,8,12,492,4,"2/21/2013","",0,-75.1142758205188,40.1491579177916,-75.1648345113326,39.9541020155151,"POINT (-75.114276 40.149158)","POINT (-75.164835 39.954102)"
57495,651463,1,65146301,94.04081866,153.3103323,1,NA,6.51463e+11,8,6.51463e+13,6514630108,NA,NA,1,NA,NA,2,1,42,1,42101,"101_103",4210160000,42101000300,118,"17:30",19,NA,NA,NA,"0:03","","","","17:33",21,5,NA,NA,NA,NA,NA,NA,NA,NA,NA,NA,NA,NA,NA,NA,NA,NA,NA,NA,NA,NA,NA,NA,NA,NA,NA,NA,NA,NA,NA,NA,2,1,42,1,42101,"101_103",4210160000,42101000300,118,1.13,42,4.208333,0.09131,173.2406755,17,33,1053,4,"2/21/2013","",0,-75.1717674832599,39.9564206302579,-75.1717674832599,39.9564206302579,"POINT (-75.171767 39.956421)","POINT (-75.171767 39.956421)"
57539,651601,1,65160101,543.8800878,121.2849363,1,NA,6.51601e+11,1,6.51601e+13,6516010101,NA,NA,1,3,2,1,1,42,1,42101,"101_112",4210160000,42101002900,834,"",1,NA,NA,NA,"5:50","","","","8:50",21,5,NA,NA,NA,NA,NA,NA,NA,NA,NA,NA,NA,NA,NA,NA,NA,NA,NA,NA,NA,NA,NA,NA,NA,NA,NA,NA,NA,NA,NA,NA,4,1,42,1,42101,"101_103",4210160000,42101000600,54,1.17,22,21.345204,2.069802,141.9033755,8,50,530,3,"5/29/2013","",0,-75.1655746637264,39.9307064691021,-75.1540803782248,39.9488624668665,"POINT (-75.165575 39.930706)","POINT (-75.154080 39.948862)"
57542,651601,1,65160101,543.8800878,121.2849363,1,NA,6.51601e+11,4,6.51601e+13,6516010104,NA,NA,1,NA,NA,4,1,42,1,42101,"101_103",4210160000,42101000402,83,"17:40",9,NA,NA,NA,"0:00","","","","17:46",21,5,NA,NA,NA,NA,NA,NA,NA,NA,NA,NA,NA,NA,NA,NA,NA,NA,NA,NA,NA,NA,NA,NA,NA,NA,NA,NA,NA,NA,NA,NA,1,1,42,1,42101,"101_112",4210160000,42101002900,834,1.17,29,21.225431,2.110755,141.9033755,17,46,1066,3,"5/29/2013","",0,-75.1725391195037,39.9527196860213,-75.1655746637264,39.9307064691021,"POINT (-75.172539 39.952720)","POINT (-75.165575 39.930706)"
57553,651635,1,65163501,292.0469137,107.3817831,1,NA,6.51635e+11,1,6.51635e+13,6516350101,NA,NA,2,1,2,1,1,42,1,42101,"101_103",4210160000,42101001202,24,"",1,NA,NA,NA,"7:40","","","","10:40",14,5,NA,NA,NA,NA,NA,NA,NA,NA,NA,NA,NA,NA,NA,NA,NA,NA,NA,NA,NA,NA,NA,NA,NA,NA,NA,NA,NA,NA,NA,NA,3,1,42,1,42101,"101_110",4210160000,42101036900,1030,1.17,20,19.803223,1.899486,125.6366862,10,40,640,5,"8/2/2013","",0,-75.1698571868868,39.9452577603363,-75.1941152941134,39.9546263068532,"POINT (-75.169857 39.945258)","POINT (-75.194115 39.954626)"
57554,651635,1,65163501,292.0469137,107.3817831,1,NA,6.51635e+11,2,6.51635e+13,6516350102,NA,NA,2,NA,NA,3,1,42,1,42101,"101_110",4210160000,42101036900,1030,"11:00",11,2,NA,NA,"5:00","0:50","","","16:50",14,5,NA,NA,NA,NA,NA,NA,NA,NA,NA,NA,NA,NA,NA,NA,NA,NA,NA,NA,NA,NA,NA,NA,NA,NA,NA,NA,NA,NA,NA,NA,1,1,42,1,42101,"101_103",4210160000,42101001202,24,1.17,20,21.771558,2.127365,125.6366862,16,50,1010,5,"8/2/2013","",0,-75.1941152941134,39.9546263068532,-75.1698571868868,39.9452577603363,"POINT (-75.194115 39.954626)","POINT (-75.169857 39.945258)"
57560,651635,2,65163502,292.0469137,113.7275455,1,NA,6.51635e+11,2,6.51635e+13,6516350202,NA,NA,2,NA,NA,3,1,42,1,42101,"101_110",4210160000,42101036900,1030,"14:05",2,NA,NA,NA,"4:00","","","","18:05",21,5,NA,NA,NA,NA,NA,NA,NA,NA,NA,NA,NA,NA,NA,NA,NA,NA,NA,NA,NA,NA,NA,NA,NA,NA,NA,NA,NA,NA,NA,NA,4,1,42,1,42101,"101_103",4210160000,42101000804,44,1.17,35,16.301941,1.865722,133.0612283,18,5,1085,5,"8/2/2013","",0,-75.1941152941134,39.9546263068532,-75.1669894744938,39.9484799410289,"POINT (-75.194115 39.954626)","POINT (-75.166989 39.948480)"
57588,651971,1,65197101,171.419192,166.1732081,3,NA,6.51971e+11,7,6.51971e+13,6519710107,NA,NA,2,NA,NA,4,1,42,1,42101,"101_112",4210160000,42101037200,804,"19:05",19,NA,NA,NA,"0:00","","","","19:08",21,5,NA,NA,NA,NA,NA,NA,NA,NA,NA,NA,NA,NA,NA,NA,NA,NA,NA,NA,NA,NA,NA,NA,NA,NA,NA,NA,NA,NA,NA,NA,4,1,42,1,42101,"101_103",4210160000,42101000901,41,1.17,18,18.169605,2.691595,194.4226534,19,8,1148,1,"2/25/2013","",0,-75.1661003080911,39.9138576581668,-75.1634808483634,39.9480403151119,"POINT (-75.166100 39.913858)","POINT (-75.163481 39.948040)"
57637,652303,1,65230301,291.8258058,2399.140641,1,NA,6.52303e+11,1,6.52303e+13,6523030101,NA,NA,2,2,2,1,1,42,1,42017,"017_511",4201725112,42017105811,16008,"",1,NA,NA,NA,"0:00","","","","10:00",14,5,NA,NA,NA,NA,NA,NA,NA,NA,NA,NA,NA,NA,NA,NA,NA,NA,NA,NA,NA,NA,NA,NA,NA,NA,NA,NA,NA,NA,NA,NA,4,1,42,1,42017,"017_510",4201749120,42017100807,15819,1.17,75,33.74691,6.244406,2806.99455,10,0,600,1,"2/25/2013","",0,-74.8233302395014,40.1674501816603,-74.8919914252008,40.1764466474197,"POINT (-74.823330 40.167450)","POINT (-74.891991 40.176447)"
57638,652303,1,65230301,291.8258058,2399.140641,1,NA,6.52303e+11,2,6.52303e+13,6523030102,NA,NA,2,NA,NA,4,1,42,1,42017,"017_510",4201749120,42017100807,15819,"11:15",11,NA,NA,NA,"0:00","","","","12:45",14,5,NA,NA,NA,NA,NA,NA,NA,NA,NA,NA,NA,NA,NA,NA,NA,NA,NA,NA,NA,NA,NA,NA,NA,NA,NA,NA,NA,NA,NA,NA,4,1,42,1,42017,"017_510",4201749120,42017100811,15806,1.17,15,17.383333,3.497077,2806.99455,12,45,765,1,"2/25/2013","",0,-74.8919914252008,40.1764466474197,-74.8920916919296,40.1431753369858,"POINT (-74.891991 40.176447)","POINT (-74.892092 40.143175)"
57811,653506,1,65350601,317.8695646,280.9838329,1,NA,6.53506e+11,1,6.53506e+13,6535060101,NA,NA,2,3,2,1,1,42,1,42101,"101_111",4210160000,42101008200,1201,"",1,NA,NA,NA,"0:00","","","","8:10",23,5,NA,NA,NA,NA,NA,NA,NA,NA,NA,NA,NA,NA,NA,NA,NA,NA,NA,NA,NA,NA,NA,NA,NA,NA,NA,NA,NA,NA,NA,NA,4,1,42,1,42101,"101_110",4210160000,42101036900,1030,1.17,65,26.939887,3.189246,328.7510845,8,10,490,3,"2/20/2013","",0,-75.2421801680258,39.9481308791093,-75.1941152941134,39.9546263068532,"POINT (-75.242180 39.948131)","POINT (-75.194115 39.954626)"
57812,653506,1,65350601,317.8695646,280.9838329,1,NA,6.53506e+11,2,6.53506e+13,6535060102,NA,NA,2,NA,NA,4,1,42,1,42101,"101_110",4210160000,42101036900,1030,"9:15",10,4,7,NA,"0:00","","","","17:45",21,5,NA,NA,NA,NA,NA,NA,NA,NA,NA,NA,NA,NA,NA,NA,NA,NA,NA,NA,NA,NA,NA,NA,NA,NA,NA,NA,NA,NA,NA,NA,4,1,42,1,42101,"101_101",4210160000,42101017400,1405,1.17,45,30.13944,5.377828,328.7510845,17,45,1065,3,"2/20/2013","",0,-75.1941152941134,39.9546263068532,-75.1503604073933,39.9962218359028,"POINT (-75.194115 39.954626)","POINT (-75.150360 39.996222)"
57813,653506,1,65350601,317.8695646,280.9838329,1,NA,6.53506e+11,3,6.53506e+13,6535060103,NA,NA,2,NA,NA,4,1,42,1,42101,"101_101",4210160000,42101017400,1405,"18:30",13,NA,NA,NA,"0:00","","","","20:15",21,5,NA,NA,NA,NA,NA,NA,NA,NA,NA,NA,NA,NA,NA,NA,NA,NA,NA,NA,NA,NA,NA,NA,NA,NA,NA,NA,NA,NA,NA,NA,4,1,42,1,42101,"101_103",4210160000,42101000500,74,1.17,10,21.727838,3.349782,328.7510845,20,15,1215,3,"2/20/2013","",0,-75.1503604073933,39.9962218359028,-75.1638872349499,39.9525548857932,"POINT (-75.150360 39.996222)","POINT (-75.163887 39.952555)"
57814,653506,1,65350601,317.8695646,280.9838329,1,NA,6.53506e+11,4,6.53506e+13,6535060104,NA,NA,2,NA,NA,4,1,42,1,42101,"101_103",4210160000,42101000500,74,"20:25",19,NA,NA,NA,"0:00","","","","20:35",23,5,NA,NA,NA,NA,NA,NA,NA,NA,NA,NA,NA,NA,NA,NA,NA,NA,NA,NA,NA,NA,NA,NA,NA,NA,NA,NA,NA,NA,NA,NA,1,1,42,1,42101,"101_111",4210160000,42101008200,1201,1.17,30,27.919352,4.842996,328.7510845,20,35,1235,3,"2/20/2013","",0,-75.1638872349499,39.9525548857932,-75.2421801680258,39.9481308791093,"POINT (-75.163887 39.952555)","POINT (-75.242180 39.948131)"
58177,655199,2,65519902,107.566057,97.16823011,1,NA,6.55199e+11,5,6.55199e+13,6551990205,NA,NA,1,NA,NA,4,1,42,1,42045,"045_202",4204573032,42045407803,4240,"15:35",19,NA,NA,NA,"0:00","","","","15:35",14,5,NA,NA,NA,NA,NA,NA,NA,NA,NA,NA,NA,NA,NA,NA,NA,NA,NA,NA,NA,NA,NA,NA,NA,NA,NA,NA,NA,NA,NA,NA,4,3,42,1,42101,"101_103",4210160000,42101012500,134,1.12,20,62.798537,11.219378,108.8284177,15,35,935,1,"3/11/2013","",0,-75.3314522326487,39.9229178354199,-75.1632627264191,39.9610182840982,"POINT (-75.331452 39.922918)","POINT (-75.163263 39.961018)"
58234,655420,1,65542001,151.3325738,335.2308667,1,NA,6.5542e+11,1,6.5542e+13,6554200101,NA,NA,2,6,2,1,1,42,1,42101,"101_115",4210160000,42101028000,2603,"",1,NA,NA,NA,"7:00","","","","10:00",14,5,NA,NA,NA,NA,NA,NA,NA,NA,NA,NA,NA,NA,NA,NA,NA,NA,NA,NA,NA,NA,NA,NA,NA,NA,NA,NA,NA,NA,NA,NA,4,1,42,1,42101,"101_112",4210160000,42101002400,846,1.17,75,41.366667,6.994003,392.2201141,10,0,600,3,"3/13/2013","",0,-75.1546498738633,40.0261270665432,-75.1595117962634,39.9367714452714,"POINT (-75.154650 40.026127)","POINT (-75.159512 39.936771)"
58235,655420,1,65542001,151.3325738,335.2308667,1,NA,6.5542e+11,2,6.5542e+13,6554200102,NA,NA,2,NA,NA,4,1,42,1,42101,"101_112",4210160000,42101002400,846,"11:15",6,NA,NA,NA,"0:20","","","","11:35",14,5,NA,NA,NA,NA,NA,NA,NA,NA,NA,NA,NA,NA,NA,NA,NA,NA,NA,NA,NA,NA,NA,NA,NA,NA,NA,NA,NA,NA,NA,NA,4,1,42,1,42101,"101_103",4210160000,42101000500,73,1.17,22,18.0879,1.410831,392.2201141,11,35,695,3,"3/13/2013","",0,-75.1595117962634,39.9367714452714,-75.1625826795934,39.9513495936779,"POINT (-75.159512 39.936771)","POINT (-75.162583 39.951350)"
58322,655867,1,65586701,119.2137871,197.9930681,1,NA,6.55867e+11,1,6.55867e+13,6558670101,NA,NA,1,2,2,1,1,42,1,42101,"101_108",4210160000,42101021300,3210,"",1,NA,NA,NA,"0:00","","","","6:10",14,5,NA,NA,NA,NA,NA,NA,NA,NA,NA,NA,NA,NA,NA,NA,NA,NA,NA,NA,NA,NA,NA,NA,NA,NA,NA,NA,NA,NA,NA,NA,2,1,42,1,42101,"101_103",4210160000,42101000100,66,1.12,50,30.869824,9.500672,221.7522362,6,10,370,2,"3/12/2013","",0,-75.2181192513656,40.032241980928,-75.1446587384151,39.9502859178682,"POINT (-75.218119 40.032242)","POINT (-75.144659 39.950286)"
58349,656097,1,65609701,293.3707508,111.53459,1,NA,6.56097e+11,1,6.56097e+13,6560970101,NA,NA,1,1,2,1,1,42,1,42101,"101_117",4210160000,42101023800,2411,"",1,NA,NA,NA,"0:00","","","","8:30",14,5,NA,NA,NA,NA,NA,NA,NA,NA,NA,NA,NA,NA,NA,NA,NA,NA,NA,NA,NA,NA,NA,NA,NA,NA,NA,NA,NA,NA,NA,NA,2,1,42,1,42101,"101_107",4210160000,42101037700,419,1.17,40,34.746263,5.098141,130.4954703,8,30,510,1,"3/11/2013","",0,-75.1827055398227,40.0389450998406,-75.1539262084391,39.9844115630897,"POINT (-75.182706 40.038945)","POINT (-75.153926 39.984412)"
58350,656097,1,65609701,293.3707508,111.53459,1,NA,6.56097e+11,2,6.56097e+13,6560970102,NA,NA,1,NA,NA,2,1,42,1,42101,"101_107",4210160000,42101037700,419,"9:10",5,NA,NA,NA,"0:00","","","","18:15",21,5,NA,NA,NA,NA,NA,NA,NA,NA,NA,NA,NA,NA,NA,NA,NA,NA,NA,NA,NA,NA,NA,NA,NA,NA,NA,NA,NA,NA,NA,NA,1,1,42,1,42101,"101_117",4210160000,42101023800,2411,1.17,40,38.146919,4.993516,130.4954703,18,15,1095,1,"3/11/2013","",0,-75.1539262084391,39.9844115630897,-75.1827055398227,40.0389450998406,"POINT (-75.153926 39.984412)","POINT (-75.182706 40.038945)"
58403,656456,1,65645601,45.31848763,89.63109736,1,NA,6.56456e+11,2,6.56456e+13,6564560102,NA,NA,2,NA,NA,4,1,42,1,42101,"101_103",4210160000,42101000804,46,"10:20",6,NA,NA,NA,"0:15","","","","10:40",23,5,NA,NA,NA,NA,NA,NA,NA,NA,NA,NA,NA,NA,NA,NA,NA,NA,NA,NA,NA,NA,NA,NA,NA,NA,NA,NA,NA,NA,NA,NA,4,1,42,1,42101,"101_110",4210160000,42101036900,1026,1.15,25,13.529194,1.019983,103.075762,10,40,640,2,"2/26/2013","",0,-75.1701368511036,39.9488667930338,-75.1840170635385,39.9534784074457,"POINT (-75.170137 39.948867)","POINT (-75.184017 39.953478)"
58404,656456,1,65645601,45.31848763,89.63109736,1,NA,6.56456e+11,3,6.56456e+13,6564560103,NA,NA,2,NA,NA,4,1,42,1,42101,"101_110",4210160000,42101036900,1026,"11:05",6,NA,NA,NA,"2:05","","","","13:10",14,5,NA,NA,NA,NA,NA,NA,NA,NA,NA,NA,NA,NA,NA,NA,NA,NA,NA,NA,NA,NA,NA,NA,NA,NA,NA,NA,NA,NA,NA,NA,1,1,42,1,42101,"101_103",4210160000,42101001201,30,1.15,20,10.91853,0.741946,103.075762,13,10,790,2,"2/26/2013","",0,-75.1840170635385,39.9534784074457,-75.1773253490168,39.9478229139105,"POINT (-75.184017 39.953478)","POINT (-75.177325 39.947823)"
58413,656456,2,65645602,45.31848763,95.72322758,2,NA,6.56456e+11,8,6.56456e+13,6564560208,NA,NA,2,NA,NA,4,1,42,1,42101,"101_103",4210160000,42101000700,62,"15:32",19,NA,NA,NA,"0:02","","","","15:35",14,5,NA,NA,NA,NA,NA,NA,NA,NA,NA,NA,NA,NA,NA,NA,NA,NA,NA,NA,NA,NA,NA,NA,NA,NA,NA,NA,NA,NA,NA,NA,4,1,42,1,42101,"101_103",4210160000,42101001002,51,1.15,15,21.191732,1.964674,110.0817117,15,35,935,2,"2/26/2013","",0,-75.1742218041379,39.9513700637455,-75.1466622121185,39.9478355374067,"POINT (-75.174222 39.951370)","POINT (-75.146662 39.947836)"
58416,656456,2,65645602,45.31848763,95.72322758,2,NA,6.56456e+11,11,6.56456e+13,6564560211,NA,NA,2,NA,NA,4,1,42,1,42101,"101_103",4210160000,42101001001,53,"18:48",19,NA,NA,NA,"0:01","","","","18:48",14,5,NA,NA,NA,NA,NA,NA,NA,NA,NA,NA,NA,NA,NA,NA,NA,NA,NA,NA,NA,NA,NA,NA,NA,NA,NA,NA,NA,NA,NA,NA,4,1,42,1,42101,"101_103",4210160000,42101000801,50,1.15,0,19.758765,1.679846,110.0817117,18,48,1128,2,"2/26/2013","",0,-75.1517226930339,39.9485721389241,-75.180637080064,39.9501303685435,"POINT (-75.151723 39.948572)","POINT (-75.180637 39.950130)"
58659,657715,1,65771501,141.9382209,153.906391,1,NA,6.57715e+11,2,6.57715e+13,6577150102,NA,NA,1,NA,NA,4,1,42,1,42101,"101_114",4210160000,42101030200,1610,"6:30",19,NA,NA,NA,"0:05","","","","6:35",21,5,NA,NA,NA,NA,NA,NA,NA,NA,NA,NA,NA,NA,NA,NA,NA,NA,NA,NA,NA,NA,NA,NA,NA,NA,NA,NA,NA,NA,NA,NA,2,1,42,1,42101,"101_103",4210160000,42101000300,116,1.12,35,37.400666,8.223596,172.3751579,6,35,395,5,"3/1/2013","",0,-75.0798260530761,40.0248633027149,-75.1687160134156,39.9558364756335,"POINT (-75.079826 40.024863)","POINT (-75.168716 39.955836)"
58664,657715,1,65771501,141.9382209,153.906391,1,NA,6.57715e+11,7,6.57715e+13,6577150107,NA,NA,1,NA,NA,4,1,42,1,42101,"101_103",4210160000,42101000300,116,"12:30",5,NA,NA,NA,"3:30","","","","16:00",21,5,NA,NA,NA,NA,NA,NA,NA,NA,NA,NA,NA,NA,NA,NA,NA,NA,NA,NA,NA,NA,NA,NA,NA,NA,NA,NA,NA,NA,NA,NA,4,1,42,1,42101,"101_114",4210160000,42101030200,1610,1.12,30,37.889605,8.202543,172.3751579,16,0,960,5,"3/1/2013","",0,-75.1687160134156,39.9558364756335,-75.0798260530761,40.0248633027149,"POINT (-75.168716 39.955836)","POINT (-75.079826 40.024863)"
58673,657849,1,65784901,261.351569,114.7451807,1,NA,6.57849e+11,2,6.57849e+13,6578490102,NA,NA,1,NA,NA,4,1,42,1,42045,"045_203",4204579000,42045400500,4459,"7:45",19,NA,NA,NA,"0:04","","","","7:49",21,5,NA,NA,NA,NA,NA,NA,NA,NA,NA,NA,NA,NA,NA,NA,NA,NA,NA,NA,NA,NA,NA,NA,NA,NA,NA,NA,NA,NA,NA,NA,4,3,42,1,42101,"101_105",4210160000,42101037300,1816,1.17,43,48.901306,8.899875,134.2518614,7,49,469,3,"2/27/2013","",0,-75.2626735411038,39.9640057100153,-75.1792803129236,39.9102291849896,"POINT (-75.262674 39.964006)","POINT (-75.179280 39.910229)"
58676,657849,1,65784901,261.351569,114.7451807,1,NA,6.57849e+11,5,6.57849e+13,6578490105,NA,NA,1,NA,NA,4,1,42,1,42101,"101_112",4210160000,42101002300,844,"16:32",19,NA,NA,NA,"0:06","","","","16:38",21,5,NA,NA,NA,NA,NA,NA,NA,NA,NA,NA,NA,NA,NA,NA,NA,NA,NA,NA,NA,NA,NA,NA,NA,NA,NA,NA,NA,NA,NA,NA,4,1,42,1,42045,"045_203",4204579000,42045400500,4459,1.17,26,37.461131,6.813121,134.2518614,16,38,998,3,"2/27/2013","",0,-75.1629816913276,39.9348297671495,-75.2626735411038,39.9640057100153,"POINT (-75.162982 39.934830)","POINT (-75.262674 39.964006)"
58679,657849,1,65784901,261.351569,114.7451807,2,NA,6.57849e+11,8,6.57849e+13,6578490108,NA,NA,1,NA,NA,2,1,42,1,42101,"101_112",4210160000,42101002802,836,"18:03",19,NA,NA,NA,"0:09","","","","18:12",21,5,NA,NA,NA,NA,NA,NA,NA,NA,NA,NA,NA,NA,NA,NA,NA,NA,NA,NA,NA,NA,NA,NA,NA,NA,NA,NA,NA,NA,NA,NA,4,1,42,1,42101,"101_110",4210160000,42101009000,1036,1.17,16,26.918236,3.535036,134.2518614,18,12,1092,3,"2/27/2013","",0,-75.1599172675313,39.9309896846011,-75.1906300416804,39.958024348983,"POINT (-75.159917 39.930990)","POINT (-75.190630 39.958024)"
58682,657849,1,65784901,261.351569,114.7451807,2,NA,6.57849e+11,11,6.57849e+13,6578490111,NA,NA,1,NA,NA,4,1,42,1,42101,"101_110",4210160000,42101009000,1036,"21:27",19,NA,NA,NA,"0:08","","","","21:27",21,5,NA,NA,NA,NA,NA,NA,NA,NA,NA,NA,NA,NA,NA,NA,NA,NA,NA,NA,NA,NA,NA,NA,NA,NA,NA,NA,NA,NA,NA,NA,4,1,42,1,42045,"045_203",4204579000,42045400500,4459,1.17,0,22.900863,4.111161,134.2518614,21,27,1287,3,"2/27/2013","",0,-75.1906300416804,39.958024348983,-75.2626735411038,39.9640057100153,"POINT (-75.190630 39.958024)","POINT (-75.262674 39.964006)"
58686,657849,2,65784902,261.351569,176.3362436,1,NA,6.57849e+11,2,6.57849e+13,6578490202,NA,NA,1,NA,NA,4,1,42,1,42045,"045_203",4204579000,42045400500,4459,"18:07",19,NA,NA,NA,"0:05","","","","18:12",21,5,NA,NA,NA,NA,NA,NA,NA,NA,NA,NA,NA,NA,NA,NA,NA,NA,NA,NA,NA,NA,NA,NA,NA,NA,NA,NA,NA,NA,NA,NA,4,1,42,1,42101,"101_110",4210160000,42101009000,1036,1.17,16,22.916667,4.107886,206.313405,18,12,1092,3,"2/27/2013","",0,-75.2626735411038,39.9640057100153,-75.1906300416804,39.958024348983,"POINT (-75.262674 39.964006)","POINT (-75.190630 39.958024)"
58689,657849,2,65784902,261.351569,176.3362436,1,NA,6.57849e+11,5,6.57849e+13,6578490205,NA,NA,1,NA,NA,4,3,42,1,42101,"101_105",4210160000,42101980900,1819,"20:56",19,NA,NA,NA,"0:08","","","","21:04",21,5,NA,NA,NA,NA,NA,NA,NA,NA,NA,NA,NA,NA,NA,NA,NA,NA,NA,NA,NA,NA,NA,NA,NA,NA,NA,NA,NA,NA,NA,NA,1,1,42,1,42045,"045_203",4204579000,42045400401,4448,1.17,23,45.005171,7.024013,206.313405,21,4,1264,3,"2/27/2013","",0,-75.2035188845512,39.9258448958777,-75.2629389868999,39.9545919335046,"POINT (-75.203519 39.925845)","POINT (-75.262939 39.954592)"
58690,657849,2,65784902,261.351569,176.3362436,1,NA,6.57849e+11,6,6.57849e+13,6578490206,NA,NA,1,NA,NA,1,1,42,1,42045,"045_203",4204579000,42045400401,4448,"21:27",19,NA,NA,NA,"0:00","","","","21:27",14,5,NA,NA,NA,NA,NA,NA,NA,NA,NA,NA,NA,NA,NA,NA,NA,NA,NA,NA,NA,NA,NA,NA,NA,NA,NA,NA,NA,NA,NA,NA,1,1,42,1,42045,"045_203",4204579000,42045400401,4448,1.17,0,6.877086,0.189867,206.313405,21,27,1287,3,"2/27/2013","",0,-75.2629389868999,39.9545919335046,-75.2629389868999,39.9545919335046,"POINT (-75.262939 39.954592)","POINT (-75.262939 39.954592)"
58714,658168,1,65816801,264.8909442,114.9420887,1,NA,6.58168e+11,1,6.58168e+13,6581680101,NA,NA,2,2,2,1,1,42,1,42101,"101_103",4210160000,42101000300,122,"",1,2,6,NA,"0:00","","","","9:00",14,5,NA,NA,NA,NA,NA,NA,NA,NA,NA,NA,NA,NA,NA,NA,NA,NA,NA,NA,NA,NA,NA,NA,NA,NA,NA,NA,NA,NA,NA,NA,3,1,42,1,42101,"101_103",4210160000,42101000500,91,1.17,45,13.598143,1.476404,134.4822437,9,0,540,4,"5/2/2013","",0,-75.1774381258043,39.9578243101046,-75.1612826317197,39.9532127364358,"POINT (-75.177438 39.957824)","POINT (-75.161283 39.953213)"
58851,658363,1,65836301,352.520661,155.3330061,1,NA,6.58363e+11,1,6.58363e+13,6583630101,NA,NA,3,3,2,1,1,42,1,42101,"101_101",4210160000,42101017601,1401,"",1,NA,NA,NA,"6:00","","","","10:20",14,5,NA,NA,NA,NA,NA,NA,NA,NA,NA,NA,NA,NA,NA,NA,NA,NA,NA,NA,NA,NA,NA,NA,NA,NA,NA,NA,NA,NA,NA,NA,4,1,42,1,42101,"101_109",4210160000,42101038200,621,1.17,80,26.365749,2.163487,181.7396171,10,20,620,2,"6/25/2013","",0,-75.1312859799465,39.9929590474227,-75.1018775098952,39.9927596244991,"POINT (-75.131286 39.992959)","POINT (-75.101878 39.992760)"
58854,658363,1,65836301,352.520661,155.3330061,1,NA,6.58363e+11,4,6.58363e+13,6583630104,NA,NA,3,NA,NA,4,1,42,1,42101,"101_109",4210160000,42101017900,619,"12:42",19,NA,NA,NA,"0:07","","","","12:49",14,5,NA,NA,NA,NA,NA,NA,NA,NA,NA,NA,NA,NA,NA,NA,NA,NA,NA,NA,NA,NA,NA,NA,NA,NA,NA,NA,NA,NA,NA,NA,4,3,42,1,42101,"101_109",4210160000,42101017900,619,1.17,671,9.827451,0.274163,181.7396171,12,49,769,2,"6/25/2013","",0,-75.1102184888777,39.9887849617672,-75.1102184888777,39.9887849617672,"POINT (-75.110218 39.988785)","POINT (-75.110218 39.988785)"
59022,659538,2,65953802,386.0206682,119.0222115,1,NA,6.59538e+11,2,6.59538e+13,6595380202,NA,NA,1,NA,NA,4,1,42,1,42101,"101_110",4210160000,42101008602,1035,"9:11",19,NA,NA,NA,"0:00","","","","9:12",21,5,NA,NA,NA,NA,NA,NA,NA,NA,NA,NA,NA,NA,NA,NA,NA,NA,NA,NA,NA,NA,NA,NA,NA,NA,NA,NA,NA,NA,NA,NA,4,1,42,1,42101,"101_103",4210160000,42101000402,76,1.17,9,14.586315,2.866534,139.2559874,9,12,552,3,"2/27/2013","",0,-75.216704781889,39.9569805572676,-75.1662257986882,39.9519342771783,"POINT (-75.216705 39.956981)","POINT (-75.166226 39.951934)"
59025,659538,2,65953802,386.0206682,119.0222115,1,NA,6.59538e+11,5,6.59538e+13,6595380205,NA,NA,1,NA,NA,4,1,42,1,42101,"101_103",4210160000,42101000700,59,"17:30",19,NA,NA,NA,"0:06","","","","17:36",14,5,NA,NA,NA,NA,NA,NA,NA,NA,NA,NA,NA,NA,NA,NA,NA,NA,NA,NA,NA,NA,NA,NA,NA,NA,NA,NA,NA,NA,NA,NA,4,1,42,1,42101,"101_103",4210160000,42101000401,85,1.17,11,11.623152,0.932431,139.2559874,17,36,1056,3,"2/27/2013","",0,-75.1649773922386,39.9502186753736,-75.1779217463161,39.9533873770951,"POINT (-75.164977 39.950219)","POINT (-75.177922 39.953387)"
59026,659538,2,65953802,386.0206682,119.0222115,1,NA,6.59538e+11,6,6.59538e+13,6595380206,NA,NA,1,NA,NA,4,1,42,1,42101,"101_103",4210160000,42101000401,85,"17:47",1,12,NA,NA,"0:15","0:30","","","18:32",14,5,NA,NA,NA,NA,NA,NA,NA,NA,NA,NA,NA,NA,NA,NA,NA,NA,NA,NA,NA,NA,NA,NA,NA,NA,NA,NA,NA,NA,NA,NA,1,1,42,1,42101,"101_110",4210160000,42101008601,1027,1.17,20,22.050062,2.299916,139.2559874,18,32,1112,3,"2/27/2013","",0,-75.1779217463161,39.9533873770951,-75.2165947836222,39.9537421538695,"POINT (-75.177922 39.953387)","POINT (-75.216595 39.953742)"
59228,660425,2,66042502,368.282861,235.2370603,1,NA,6.60425e+11,1,6.60425e+13,6604250201,NA,NA,2,0,2,1,1,42,1,42091,"091_402",4209179136,42091205905,10209,"",1,NA,NA,NA,"1:00","","","","18:05",21,5,NA,NA,NA,NA,NA,NA,NA,NA,NA,NA,NA,NA,NA,NA,NA,NA,NA,NA,NA,NA,NA,NA,NA,NA,NA,NA,NA,NA,NA,NA,1,1,42,1,42091,"091_402",4209179136,42091205905,10209,1.12,60,18.543904,0.652096,263.4655075,18,5,1085,3,"7/24/2013","",0,-75.3694946410526,40.0814481469734,-75.3694946410526,40.0814481469734,"POINT (-75.369495 40.081448)","POINT (-75.369495 40.081448)"
59309,661109,1,66110901,190.4363664,1700.366227,1,NA,6.61109e+11,2,6.61109e+13,6611090102,NA,NA,1,NA,NA,2,1,42,1,42101,"101_110",4210160000,42101036900,1026,"8:40",19,NA,NA,NA,"0:00","","","","8:40",21,5,NA,NA,NA,NA,NA,NA,NA,NA,NA,NA,NA,NA,NA,NA,NA,NA,NA,NA,NA,NA,NA,NA,NA,NA,NA,NA,NA,NA,NA,NA,2,1,42,1,42101,"101_110",4210160000,42101009100,1037,1.17,NA,11.583021,1.22389,1989.428485,8,40,520,4,"2/28/2013","",0,-75.1840170635385,39.9534784074457,-75.1977262540913,39.9594259908695,"POINT (-75.184017 39.953478)","POINT (-75.197726 39.959426)"
59917,665558,1,66555801,294.0675695,665.6948705,1,NA,6.65558e+11,1,6.65558e+13,6655580101,NA,NA,2,2,2,1,1,42,1,42091,"091_401",4209144976,42091205501,10007,"",1,NA,NA,NA,"0:00","","","","9:50",14,5,NA,NA,NA,NA,NA,NA,NA,NA,NA,NA,NA,NA,NA,NA,NA,NA,NA,NA,NA,NA,NA,NA,NA,NA,NA,NA,NA,NA,NA,NA,4,1,42,1,42091,"091_401",4209144976,42091205300,10012,1.17,10,13.90321,1.223733,778.8629985,9,50,590,3,"3/6/2013","",0,-75.2898472832018,40.0026899156158,-75.2984304981332,40.0094456354775,"POINT (-75.289847 40.002690)","POINT (-75.298430 40.009446)"
59918,665558,1,66555801,294.0675695,665.6948705,1,NA,6.65558e+11,2,6.65558e+13,6655580102,NA,NA,2,NA,NA,4,1,42,1,42091,"091_401",4209144976,42091205300,10012,"10:00",14,NA,NA,NA,"1:00","","","","11:30",14,5,NA,NA,NA,NA,NA,NA,NA,NA,NA,NA,NA,NA,NA,NA,NA,NA,NA,NA,NA,NA,NA,NA,NA,NA,NA,NA,NA,NA,NA,NA,4,3,42,1,42045,"045_206",4204533144,42045408800,5019,1.17,8,14.803443,1.407313,778.8629985,11,30,690,3,"3/6/2013","",0,-75.2984304981332,40.0094456354775,-75.300281066518,40.0007168757721,"POINT (-75.298430 40.009446)","POINT (-75.300281 40.000717)"
60014,666039,2,66603902,480.4399716,879.8757634,1,NA,6.66039e+11,1,6.66039e+13,6660390201,NA,NA,1,2,2,1,1,42,1,42101,"101_110",4210160000,42101007700,1015,"",1,NA,NA,NA,"4:00","","","","8:00",23,5,NA,NA,NA,NA,NA,NA,NA,NA,NA,NA,NA,NA,NA,NA,NA,NA,NA,NA,NA,NA,NA,NA,NA,NA,NA,NA,NA,NA,NA,NA,2,1,42,1,42101,"101_107",4210160000,42101037700,414,1.17,50,37.413835,5.235501,1029.454643,8,0,480,1,"8/5/2013","",0,-75.208260147084,39.9463603580681,-75.1545851492175,39.9813757258968,"POINT (-75.208260 39.946360)","POINT (-75.154585 39.981376)"
60015,666039,2,66603902,480.4399716,879.8757634,1,NA,6.66039e+11,2,6.66039e+13,6660390202,NA,NA,1,NA,NA,2,1,42,1,42101,"101_107",4210160000,42101037700,414,"8:50",5,7,NA,NA,"9:00","0:30","","","18:25",21,5,NA,NA,NA,NA,NA,NA,NA,NA,NA,NA,NA,NA,NA,NA,NA,NA,NA,NA,NA,NA,NA,NA,NA,NA,NA,NA,NA,NA,NA,NA,4,1,42,1,42101,"101_103",4210160000,42101000700,61,1.17,20,24.654265,2.778637,1029.454643,18,25,1105,1,"8/5/2013","",0,-75.1545851492175,39.9813757258968,-75.1705068930163,39.9509065904554,"POINT (-75.154585 39.981376)","POINT (-75.170507 39.950907)"
60016,666039,2,66603902,480.4399716,879.8757634,1,NA,6.66039e+11,3,6.66039e+13,6660390203,NA,NA,1,NA,NA,4,1,42,1,42101,"101_103",4210160000,42101000700,61,"18:45",11,NA,NA,NA,"1:30","","","","20:15",14,5,NA,NA,NA,NA,NA,NA,NA,NA,NA,NA,NA,NA,NA,NA,NA,NA,NA,NA,NA,NA,NA,NA,NA,NA,NA,NA,NA,NA,NA,NA,1,1,42,1,42101,"101_110",4210160000,42101007700,1015,1.17,25,17.319933,2.542916,1029.454643,20,15,1215,1,"8/5/2013","",0,-75.1705068930163,39.9509065904554,-75.208260147084,39.9463603580681,"POINT (-75.170507 39.950907)","POINT (-75.208260 39.946360)"
60018,666039,3,66603903,480.4399716,748.99298,1,NA,6.66039e+11,1,6.66039e+13,6660390301,NA,NA,1,2,2,1,1,42,1,42101,"101_110",4210160000,42101007700,1015,"",1,NA,NA,NA,"4:15","","","","7:50",23,5,NA,NA,NA,NA,NA,NA,NA,NA,NA,NA,NA,NA,NA,NA,NA,NA,NA,NA,NA,NA,NA,NA,NA,NA,NA,NA,NA,NA,NA,NA,2,1,42,1,42101,"101_103",4210160000,42101001202,25,1.17,40,28.020657,2.841587,876.3217866,7,50,470,1,"8/5/2013","",0,-75.208260147084,39.9463603580681,-75.1732743609913,39.9456003211594,"POINT (-75.208260 39.946360)","POINT (-75.173274 39.945600)"
60019,666039,3,66603903,480.4399716,748.99298,1,NA,6.66039e+11,2,6.66039e+13,6660390302,NA,NA,1,NA,NA,2,1,42,1,42101,"101_103",4210160000,42101001202,25,"8:30",10,5,7,NA,"7:30","0:20","0:15","","17:10",14,5,NA,NA,NA,NA,NA,NA,NA,NA,NA,NA,NA,NA,NA,NA,NA,NA,NA,NA,NA,NA,NA,NA,NA,NA,NA,NA,NA,NA,NA,NA,4,1,42,1,42101,"101_110",4210160000,42101008701,1033,1.17,35,24.514965,2.597578,876.3217866,17,10,1030,1,"8/5/2013","",0,-75.1732743609913,39.9456003211594,-75.2100224563071,39.9560134286816,"POINT (-75.173274 39.945600)","POINT (-75.210022 39.956013)"
60037,666100,4,66610004,283.1680956,1082.089411,1,NA,6.661e+11,1,6.661e+13,6661000401,NA,NA,2,1,2,1,1,42,1,42045,"045_206",4204533144,42045409300,5003,"",1,NA,NA,NA,"4:00","","","","7:00",14,5,NA,NA,NA,NA,NA,NA,NA,NA,NA,NA,NA,NA,NA,NA,NA,NA,NA,NA,NA,NA,NA,NA,NA,NA,NA,NA,NA,NA,NA,NA,3,6,42,1,42045,"045_206",4204547616,42045408001,5029,1.12,70,47.8624,7.458258,1211.940141,7,0,420,4,"4/11/2013","",0,-75.310429560097,39.9670567346169,-75.3938186136374,39.9651711354682,"POINT (-75.310430 39.967057)","POINT (-75.393819 39.965171)"
60038,666100,4,66610004,283.1680956,1082.089411,1,NA,6.661e+11,2,6.661e+13,6661000402,NA,NA,2,NA,NA,3,6,42,1,42045,"045_206",4204547616,42045408001,5029,"8:10",3,NA,NA,NA,"6:23","","","","14:33",14,5,NA,NA,NA,NA,NA,NA,NA,NA,NA,NA,NA,NA,NA,NA,NA,NA,NA,NA,NA,NA,NA,NA,NA,NA,NA,NA,NA,NA,NA,NA,1,1,42,1,42045,"045_206",4204533144,42045409300,5003,1.12,42,41.596258,6.59619,1211.940141,14,33,873,4,"4/11/2013","",0,-75.3938186136374,39.9651711354682,-75.310429560097,39.9670567346169,"POINT (-75.393819 39.965171)","POINT (-75.310430 39.967057)"
60462,669101,1,66910101,391.4532792,126.5286508,1,NA,6.69101e+11,1,6.69101e+13,6691010101,NA,NA,3,5,2,4,1,42,1,42101,"101_110",4210160000,42101007400,1007,"",1,NA,NA,NA,"5:17","","","","8:17",23,5,NA,NA,NA,NA,NA,NA,NA,NA,NA,NA,NA,NA,NA,NA,NA,NA,NA,NA,NA,NA,NA,NA,NA,NA,NA,NA,NA,NA,NA,NA,4,1,42,1,42101,"101_103",4210160000,42101000500,74,1.17,31,21.662016,3.202002,148.0385214,8,17,497,4,"7/25/2013","",0,-75.2143085167584,39.9408655334325,-75.1638872349499,39.9525548857932,"POINT (-75.214309 39.940866)","POINT (-75.163887 39.952555)"
60463,669101,1,66910101,391.4532792,126.5286508,1,NA,6.69101e+11,2,6.69101e+13,6691010102,NA,NA,3,NA,NA,4,1,42,1,42101,"101_103",4210160000,42101000500,74,"8:48",19,NA,NA,NA,"0:00","","","","8:49",21,5,NA,NA,NA,NA,NA,NA,NA,NA,NA,NA,NA,NA,NA,NA,NA,NA,NA,NA,NA,NA,NA,NA,NA,NA,NA,NA,NA,NA,NA,NA,2,1,42,1,42101,"101_107",4210160000,42101014600,409,1.17,12,15.155953,1.986985,148.0385214,8,49,529,4,"7/25/2013","",0,-75.1638872349499,39.9525548857932,-75.1562910038297,39.9768159139408,"POINT (-75.163887 39.952555)","POINT (-75.156291 39.976816)"
60464,669101,1,66910101,391.4532792,126.5286508,1,NA,6.69101e+11,3,6.69101e+13,6691010103,NA,NA,3,NA,NA,2,1,42,1,42101,"101_107",4210160000,42101014600,409,"9:01",11,5,NA,NA,"7:55","","","","17:30",21,5,NA,NA,NA,NA,NA,NA,NA,NA,NA,NA,NA,NA,NA,NA,NA,NA,NA,NA,NA,NA,NA,NA,NA,NA,NA,NA,NA,NA,NA,NA,4,1,42,1,42101,"101_103",4210160000,42101000804,44,1.17,29,17.962982,2.372967,148.0385214,17,30,1050,4,"7/25/2013","",0,-75.1562910038297,39.9768159139408,-75.1669894744938,39.9484799410289,"POINT (-75.156291 39.976816)","POINT (-75.166989 39.948480)"
60467,669101,1,66910101,391.4532792,126.5286508,1,NA,6.69101e+11,6,6.69101e+13,6691010106,NA,NA,3,NA,NA,4,1,42,1,42101,"101_112",4210160000,42101002300,844,"19:39",19,NA,NA,NA,"0:00","","","","19:42",21,5,NA,NA,NA,NA,NA,NA,NA,NA,NA,NA,NA,NA,NA,NA,NA,NA,NA,NA,NA,NA,NA,NA,NA,NA,NA,NA,NA,NA,NA,NA,1,1,42,1,42101,"101_112",4210160000,42101004102,807,1.17,17,16.740098,1.734739,148.0385214,19,42,1182,4,"7/25/2013","",0,-75.1629816913276,39.9348297671495,-75.1603362537134,39.9167023901516,"POINT (-75.162982 39.934830)","POINT (-75.160336 39.916702)"
60469,669101,1,66910101,391.4532792,126.5286508,2,NA,6.69101e+11,8,6.69101e+13,6691010108,NA,NA,2,NA,NA,4,1,42,1,42101,"101_112",4210160000,42101037200,804,"21:11",19,NA,NA,NA,"0:00","","","","21:18",21,5,NA,NA,NA,NA,NA,NA,NA,NA,NA,NA,NA,NA,NA,NA,NA,NA,NA,NA,NA,NA,NA,NA,NA,NA,NA,NA,NA,NA,NA,NA,4,1,42,1,42101,"101_112",4210160000,42101002300,844,1.17,4,17.829824,2.012749,148.0385214,21,18,1278,4,"7/25/2013","",0,-75.1661003080911,39.9138576581668,-75.1629816913276,39.9348297671495,"POINT (-75.166100 39.913858)","POINT (-75.162982 39.934830)"
60470,669101,1,66910101,391.4532792,126.5286508,2,NA,6.69101e+11,9,6.69101e+13,6691010109,NA,NA,2,NA,NA,4,1,42,1,42101,"101_112",4210160000,42101002300,844,"21:22",19,NA,NA,NA,"0:00","","","","21:23",14,5,NA,NA,NA,NA,NA,NA,NA,NA,NA,NA,NA,NA,NA,NA,NA,NA,NA,NA,NA,NA,NA,NA,NA,NA,NA,NA,NA,NA,NA,NA,1,1,42,1,42101,"101_112",4210160000,42101004102,807,1.17,23,16.740098,1.734739,148.0385214,21,23,1283,4,"7/25/2013","",0,-75.1629816913276,39.9348297671495,-75.1603362537134,39.9167023901516,"POINT (-75.162982 39.934830)","POINT (-75.160336 39.916702)"
60473,669101,2,66910102,391.4532792,138.1390511,1,NA,6.69101e+11,2,6.69101e+13,6691010202,NA,NA,3,NA,NA,4,1,42,1,42101,"101_112",4210160000,42101037200,804,"8:30",19,NA,NA,NA,"0:00","","","","8:35",21,5,NA,NA,NA,NA,NA,NA,NA,NA,NA,NA,NA,NA,NA,NA,NA,NA,NA,NA,NA,NA,NA,NA,NA,NA,NA,NA,NA,NA,NA,NA,2,1,42,1,42101,"101_103",4210160000,42101000500,91,1.17,25,20.573194,2.98037,161.6226898,8,35,515,4,"7/25/2013","",0,-75.1661003080911,39.9138576581668,-75.1612826317197,39.9532127364358,"POINT (-75.166100 39.913858)","POINT (-75.161283 39.953213)"
60476,669101,2,66910102,391.4532792,138.1390511,1,NA,6.69101e+11,5,6.69101e+13,6691010205,NA,NA,3,NA,NA,4,1,42,1,42101,"101_112",4210160000,42101003002,839,"19:00",19,NA,NA,NA,"0:00","","","","19:10",14,5,NA,NA,NA,NA,NA,NA,NA,NA,NA,NA,NA,NA,NA,NA,NA,NA,NA,NA,NA,NA,NA,NA,NA,NA,NA,NA,NA,NA,NA,NA,4,1,42,1,42101,"101_112",4210160000,42101002500,842,1.17,20,14.867484,1.548283,161.6226898,19,10,1150,4,"7/25/2013","",0,-75.1711932833479,39.9327343433105,-75.1498041127206,39.934304016358,"POINT (-75.171193 39.932734)","POINT (-75.149804 39.934304)"
60477,669101,2,66910102,391.4532792,138.1390511,1,NA,6.69101e+11,6,6.69101e+13,6691010206,NA,NA,3,NA,NA,4,1,42,1,42101,"101_112",4210160000,42101002500,842,"19:30",14,NA,NA,NA,"2:00","","","","21:30",14,5,NA,NA,NA,NA,NA,NA,NA,NA,NA,NA,NA,NA,NA,NA,NA,NA,NA,NA,NA,NA,NA,NA,NA,NA,NA,NA,NA,NA,NA,NA,4,1,42,1,42101,"101_110",4210160000,42101007400,1007,1.17,30,24.731294,4.116557,161.6226898,21,30,1290,4,"7/25/2013","",0,-75.1498041127206,39.934304016358,-75.2143085167584,39.9408655334325,"POINT (-75.149804 39.934304)","POINT (-75.214309 39.940866)"
60652,670133,1,67013301,318.6405375,104.3594307,1,NA,6.70133e+11,2,6.70133e+13,6701330102,NA,NA,3,NA,NA,4,3,42,1,42101,"101_106",4210160000,42101012204,2215,"5:50",19,NA,NA,NA,"0:00","","","","5:55",14,5,NA,NA,NA,NA,NA,NA,NA,NA,NA,NA,NA,NA,NA,NA,NA,NA,NA,NA,NA,NA,NA,NA,NA,NA,NA,NA,NA,NA,NA,NA,4,1,42,1,42045,"045_203",4204579000,42045400500,4459,1.17,20,30.448818,0.513519,122.1005339,5,55,355,4,"8/1/2013","",0,-75.2172676864572,40.0019340658936,-75.2626735411038,39.9640057100153,"POINT (-75.217268 40.001934)","POINT (-75.262674 39.964006)"
60653,670133,1,67013301,318.6405375,104.3594307,1,NA,6.70133e+11,3,6.70133e+13,6701330103,NA,NA,3,NA,NA,4,1,42,1,42045,"045_203",4204579000,42045400500,4459,"6:15",19,NA,NA,NA,"0:00","","","","6:30",21,5,NA,NA,NA,NA,NA,NA,NA,NA,NA,NA,NA,NA,NA,NA,NA,NA,NA,NA,NA,NA,NA,NA,NA,NA,NA,NA,NA,NA,NA,NA,4,1,42,1,42091,"091_402",4209108568,42091205700,10201,1.17,17,33.104265,12.715717,122.1005339,6,30,390,4,"8/1/2013","",0,-75.2626735411038,39.9640057100153,-75.3491600996336,40.1018802190178,"POINT (-75.262674 39.964006)","POINT (-75.349160 40.101880)"
60654,670133,1,67013301,318.6405375,104.3594307,1,NA,6.70133e+11,4,6.70133e+13,6701330104,NA,NA,3,NA,NA,4,1,42,1,42091,"091_402",4209108568,42091205700,10201,"6:47",19,NA,NA,NA,"0:00","","","","6:50",14,5,NA,NA,NA,NA,NA,NA,NA,NA,NA,NA,NA,NA,NA,NA,NA,NA,NA,NA,NA,NA,NA,NA,NA,NA,NA,NA,NA,NA,NA,NA,4,1,42,1,42091,"091_403",4209154656,42091203902,10422,1.17,8,12.816427,0.876486,122.1005339,6,50,410,4,"8/1/2013","",0,-75.3491600996336,40.1018802190178,-75.3460361638143,40.1143423687777,"POINT (-75.349160 40.101880)","POINT (-75.346036 40.114342)"
60655,670133,1,67013301,318.6405375,104.3594307,1,NA,6.70133e+11,5,6.70133e+13,6701330105,NA,NA,3,NA,NA,4,1,42,1,42091,"091_403",4209154656,42091203902,10422,"6:58",19,NA,NA,NA,"0:00","","","","7:00",14,5,NA,NA,NA,NA,NA,NA,NA,NA,NA,NA,NA,NA,NA,NA,NA,NA,NA,NA,NA,NA,NA,NA,NA,NA,NA,NA,NA,NA,NA,NA,4,3,42,1,42091,"091_403",4209121600,42091203303,10402,1.17,10,25.088549,3.354842,122.1005339,7,0,420,4,"8/1/2013","",0,-75.3460361638143,40.1143423687777,-75.3147109767587,40.1422852431983,"POINT (-75.346036 40.114342)","POINT (-75.314711 40.142285)"
60660,670133,1,67013301,318.6405375,104.3594307,1,NA,6.70133e+11,10,6.70133e+13,6701330110,NA,NA,3,NA,NA,4,3,42,1,42091,"091_403",4209121600,42091203303,10402,"17:50",19,NA,NA,NA,"0:10","","","","18:00",14,5,NA,NA,NA,NA,NA,NA,NA,NA,NA,NA,NA,NA,NA,NA,NA,NA,NA,NA,NA,NA,NA,NA,NA,NA,NA,NA,NA,NA,NA,NA,4,1,42,1,42091,"091_403",4209154656,42091203902,10422,1.17,15,23.654335,3.007315,122.1005339,18,0,1080,4,"8/1/2013","",0,-75.3147109767587,40.1422852431983,-75.3460361638143,40.1143423687777,"POINT (-75.314711 40.142285)","POINT (-75.346036 40.114342)"
60977,672259,3,67225903,1019.897822,162.9821446,1,NA,6.72259e+11,1,6.72259e+13,6722590301,NA,NA,2,1,2,1,1,42,1,42101,"101_109",4210160000,42101017900,614,"",1,NA,NA,NA,"2:00","","","","14:00",14,5,NA,NA,NA,NA,NA,NA,NA,NA,NA,NA,NA,NA,NA,NA,NA,NA,NA,NA,NA,NA,NA,NA,NA,NA,NA,NA,NA,NA,NA,NA,4,1,42,1,42101,"101_109",4210160000,42101037900,623,1.17,34,21.893496,1.93313,190.6891092,14,0,840,1,"3/25/2013","",0,-75.1164312191623,39.985904455443,-75.0877865211234,39.9940122620898,"POINT (-75.116431 39.985904)","POINT (-75.087787 39.994012)"
60978,672259,3,67225903,1019.897822,162.9821446,1,NA,6.72259e+11,2,6.72259e+13,6722590302,NA,NA,2,NA,NA,4,1,42,1,42101,"101_109",4210160000,42101037900,623,"14:34",8,NA,NA,NA,"1:10","","","","15:44",14,5,NA,NA,NA,NA,NA,NA,NA,NA,NA,NA,NA,NA,NA,NA,NA,NA,NA,NA,NA,NA,NA,NA,NA,NA,NA,NA,NA,NA,NA,NA,1,1,42,1,42101,"101_109",4210160000,42101017900,614,1.17,46,19.317481,1.974001,190.6891092,15,44,944,1,"3/25/2013","",0,-75.0877865211234,39.9940122620898,-75.1164312191623,39.985904455443,"POINT (-75.087787 39.994012)","POINT (-75.116431 39.985904)"
61196,673659,1,67365901,202.8848881,161.6203081,1,NA,6.73659e+11,1,6.73659e+13,6736590101,NA,NA,3,0,2,2,1,42,1,42101,"101_103",4210160000,42101000402,97,"",5,NA,NA,NA,"0:00","","","","16:30",21,5,NA,NA,NA,NA,NA,NA,NA,NA,NA,NA,NA,NA,NA,NA,NA,NA,NA,NA,NA,NA,NA,NA,NA,NA,NA,NA,NA,NA,NA,NA,1,1,42,1,42101,"101_101",4210160000,42101017400,1405,1.17,34,26.652471,3.959971,189.0957604,16,30,990,2,"3/5/2013","",0,-75.1722789942054,39.9539778646615,-75.1503604073933,39.9962218359028,"POINT (-75.172279 39.953978)","POINT (-75.150360 39.996222)"
61199,673659,2,67365902,202.8848881,162.7166381,1,NA,6.73659e+11,2,6.73659e+13,6736590202,NA,NA,2,NA,NA,4,1,42,1,42101,"101_103",4210160000,42101000500,74,"14:20",6,NA,NA,NA,"0:00","","","","14:40",21,5,NA,NA,NA,NA,NA,NA,NA,NA,NA,NA,NA,NA,NA,NA,NA,NA,NA,NA,NA,NA,NA,NA,NA,NA,NA,NA,NA,NA,NA,NA,1,1,42,1,42101,"101_101",4210160000,42101017400,1405,1.17,20,20.799954,3.304708,190.3784666,14,40,880,2,"3/5/2013","",0,-75.1638872349499,39.9525548857932,-75.1503604073933,39.9962218359028,"POINT (-75.163887 39.952555)","POINT (-75.150360 39.996222)"
61202,673683,1,67368301,318.6405375,107.0965948,1,NA,6.73683e+11,2,6.73683e+13,6736830102,NA,NA,1,NA,NA,2,1,42,1,42101,"101_103",4210160000,42101001001,53,"8:15",5,NA,NA,NA,"8:00","","","","16:50",14,5,NA,NA,NA,NA,NA,NA,NA,NA,NA,NA,NA,NA,NA,NA,NA,NA,NA,NA,NA,NA,NA,NA,NA,NA,NA,NA,NA,NA,NA,NA,4,1,42,1,42101,"101_117",4210160000,42101023100,2434,1.17,130,36.111939,10.183722,125.3030159,16,50,1010,4,"8/22/2013","",0,-75.1517226930339,39.9485721389241,-75.20297810328,40.0663780780388,"POINT (-75.151723 39.948572)","POINT (-75.202978 40.066378)"
61324,674501,1,67450101,143.1983983,113.4884073,1,NA,6.74501e+11,3,6.74501e+13,6745010103,NA,NA,1,NA,NA,4,1,42,1,42101,"101_103",4210160000,42101000402,92,"7:57",19,NA,NA,NA,"0:00","","","","8:00",14,5,NA,NA,NA,NA,NA,NA,NA,NA,NA,NA,NA,NA,NA,NA,NA,NA,NA,NA,NA,NA,NA,NA,NA,NA,NA,NA,NA,NA,NA,NA,2,1,42,1,42101,"101_103",4210160000,42101012500,134,1.17,16,9.912763,0.859108,132.7814365,8,0,480,5,"3/15/2013","",0,-75.1648345113326,39.9541020155151,-75.1632627264191,39.9610182840982,"POINT (-75.164835 39.954102)","POINT (-75.163263 39.961018)"
61326,674501,1,67450101,143.1983983,113.4884073,1,NA,6.74501e+11,5,6.74501e+13,6745010105,NA,NA,1,NA,NA,2,1,42,1,42101,"101_103",4210160000,42101012500,134,"17:45",19,NA,NA,NA,"0:00","","","","17:50",23,5,NA,NA,NA,NA,NA,NA,NA,NA,NA,NA,NA,NA,NA,NA,NA,NA,NA,NA,NA,NA,NA,NA,NA,NA,NA,NA,NA,NA,NA,NA,2,1,42,1,42101,"101_103",4210160000,42101012500,134,1.17,50,6.052121,0.138928,132.7814365,17,50,1070,5,"3/15/2013","",0,-75.1632627264191,39.9610182840982,-75.1632627264191,39.9610182840982,"POINT (-75.163263 39.961018)","POINT (-75.163263 39.961018)"
61463,675206,1,67520601,523.2724006,999.8310838,2,NA,6.75206e+11,4,6.75206e+13,6752060104,NA,NA,2,1,NA,1,1,42,1,42091,"091_409",4209141432,42091200903,11613,"15:50",1,NA,NA,NA,"0:00","","","","18:20",14,5,NA,NA,NA,NA,NA,NA,NA,NA,NA,NA,NA,NA,NA,NA,NA,NA,NA,NA,NA,NA,NA,NA,NA,NA,NA,NA,NA,NA,NA,NA,4,1,42,1,42091,"091_409",4209150640,42091200602,11625,1.17,55,26.659649,3.532397,1169.802368,18,20,1100,4,"3/14/2013","",0,-75.2806454415887,40.2304601821381,-75.2328700667351,40.2335991500038,"POINT (-75.280645 40.230460)","POINT (-75.232870 40.233599)"
61499,675479,4,67547904,414.709692,540.4490179,1,NA,6.75479e+11,1,6.75479e+13,6754790401,NA,NA,2,1,2,1,1,42,1,42101,"101_117",4210160000,42101025700,2436,"",1,NA,NA,NA,"0:00","","","","7:35",14,5,NA,NA,NA,NA,NA,NA,NA,NA,NA,NA,NA,NA,NA,NA,NA,NA,NA,NA,NA,NA,NA,NA,NA,NA,NA,NA,NA,NA,NA,NA,3,1,42,1,42101,"101_117",4210160000,42101024100,2407,1.12,25,27.263917,3.346112,605.3029001,7,35,455,5,"3/15/2013","",0,-75.1962680244175,40.0724717157188,-75.175919233186,40.0332814777088,"POINT (-75.196268 40.072472)","POINT (-75.175919 40.033281)"
61500,675479,4,67547904,414.709692,540.4490179,1,NA,6.75479e+11,2,6.75479e+13,6754790402,NA,NA,2,NA,NA,3,1,42,1,42101,"101_117",4210160000,42101024100,2407,"8:00",3,NA,NA,NA,"6:45","","","","14:45",14,5,NA,NA,NA,NA,NA,NA,NA,NA,NA,NA,NA,NA,NA,NA,NA,NA,NA,NA,NA,NA,NA,NA,NA,NA,NA,NA,NA,NA,NA,NA,1,1,42,1,42101,"101_117",4210160000,42101025700,2436,1.12,30,29.343872,3.24034,605.3029001,14,45,885,5,"3/15/2013","",0,-75.175919233186,40.0332814777088,-75.1962680244175,40.0724717157188,"POINT (-75.175919 40.033281)","POINT (-75.196268 40.072472)"
61514,675601,1,67560101,212.6269534,79.12786719,1,NA,6.75601e+11,1,6.75601e+13,6756010101,NA,NA,3,1,2,2,1,42,1,42045,"045_202",4204575648,42045407600,4249,"",1,NA,NA,NA,"3:30","","","","8:18",14,5,NA,NA,NA,NA,NA,NA,NA,NA,NA,NA,NA,NA,NA,NA,NA,NA,NA,NA,NA,NA,NA,NA,NA,NA,NA,NA,NA,NA,NA,NA,2,1,42,1,42101,"101_110",4210160000,42101036900,1014,1.13,42,30.786883,9.899003,89.41448992,8,18,498,1,"3/4/2013","",0,-75.3475957675981,39.9012278289218,-75.1928742171467,39.9459041130135,"POINT (-75.347596 39.901228)","POINT (-75.192874 39.945904)"
61515,675601,1,67560101,212.6269534,79.12786719,1,NA,6.75601e+11,2,6.75601e+13,6756010102,NA,NA,3,NA,NA,2,1,42,1,42101,"101_110",4210160000,42101036900,1014,"9:00",5,NA,NA,NA,"8:00","","","","17:00",14,5,NA,NA,NA,NA,NA,NA,NA,NA,NA,NA,NA,NA,NA,NA,NA,NA,NA,NA,NA,NA,NA,NA,NA,NA,NA,NA,NA,NA,NA,NA,1,1,42,1,42045,"045_202",4204575648,42045407600,4249,1.13,60,31.908894,9.898732,89.41448992,17,0,1020,1,"3/4/2013","",0,-75.1928742171467,39.9459041130135,-75.3475957675981,39.9012278289218,"POINT (-75.192874 39.945904)","POINT (-75.347596 39.901228)"
61867,677966,1,67796601,312.7658348,148.9550239,1,NA,6.77966e+11,1,6.77966e+13,6779660101,NA,NA,1,1,2,1,1,42,1,42101,"101_110",4210160000,42101007900,1021,"",1,NA,NA,NA,"5:00","","","","8:00",21,5,NA,NA,NA,NA,NA,NA,NA,NA,NA,NA,NA,NA,NA,NA,NA,NA,NA,NA,NA,NA,NA,NA,NA,NA,NA,NA,NA,NA,NA,NA,2,1,42,1,42101,"101_103",4210160000,42101000300,117,1.12,20,27.364038,3.424048,166.8296268,8,0,480,1,"3/4/2013","",0,-75.2182588102061,39.950471058218,-75.1701604201666,39.9562259742499,"POINT (-75.218259 39.950471)","POINT (-75.170160 39.956226)"
61868,677966,1,67796601,312.7658348,148.9550239,1,NA,6.77966e+11,2,6.77966e+13,6779660102,NA,NA,1,NA,NA,2,1,42,1,42101,"101_103",4210160000,42101000300,117,"8:20",5,NA,NA,NA,"9:00","","","","18:00",21,5,NA,NA,NA,NA,NA,NA,NA,NA,NA,NA,NA,NA,NA,NA,NA,NA,NA,NA,NA,NA,NA,NA,NA,NA,NA,NA,NA,NA,NA,NA,1,1,42,1,42101,"101_110",4210160000,42101007900,1021,1.12,43,26.811566,3.335853,166.8296268,18,0,1080,1,"3/4/2013","",0,-75.1701604201666,39.9562259742499,-75.2182588102061,39.950471058218,"POINT (-75.170160 39.956226)","POINT (-75.218259 39.950471)"
62318,680899,1,68089901,148.9647419,103.3021812,1,NA,6.80899e+11,1,6.80899e+13,6808990101,NA,NA,2,3,2,1,1,42,1,42101,"101_103",4210160000,42101000402,97,"",1,NA,NA,NA,"6:00","","","","9:00",14,5,NA,NA,NA,NA,NA,NA,NA,NA,NA,NA,NA,NA,NA,NA,NA,NA,NA,NA,NA,NA,NA,NA,NA,NA,NA,NA,NA,NA,NA,NA,4,1,42,1,42101,"101_103",4210160000,42101000902,38,1.12,30,11.731854,1.411864,115.698443,9,0,540,4,"3/14/2013","",0,-75.1722789942054,39.9539778646615,-75.1550731760754,39.9469560187574,"POINT (-75.172279 39.953978)","POINT (-75.155073 39.946956)"
62323,680899,2,68089902,148.9647419,125.0257654,1,NA,6.80899e+11,1,6.80899e+13,6808990201,NA,NA,2,3,2,1,1,42,1,42101,"101_103",4210160000,42101000402,97,"",1,NA,NA,NA,"6:00","","","","9:00",14,5,NA,NA,NA,NA,NA,NA,NA,NA,NA,NA,NA,NA,NA,NA,NA,NA,NA,NA,NA,NA,NA,NA,NA,NA,NA,NA,NA,NA,NA,NA,4,1,42,1,42101,"101_103",4210160000,42101000600,56,1.12,35,10.911976,0.927721,140.0288573,9,0,540,4,"3/14/2013","",0,-75.1722789942054,39.9539778646615,-75.1580149724927,39.9493530835764,"POINT (-75.172279 39.953978)","POINT (-75.158015 39.949353)"
62365,681176,3,68117603,97.91940843,113.6643729,1,NA,6.81176e+11,1,6.81176e+13,6811760301,NA,NA,3,2,2,1,1,42,1,42091,"091_401",4209144976,42091205503,10001,"",1,NA,NA,NA,"13:30","","","","16:45",21,5,NA,NA,NA,NA,NA,NA,NA,NA,NA,NA,NA,NA,NA,NA,NA,NA,NA,NA,NA,NA,NA,NA,NA,NA,NA,NA,NA,NA,NA,NA,4,1,42,1,42045,"045_203",4204579000,42045400500,4459,1.15,0,25.002805,3.167185,130.7140289,16,45,1005,5,"3/15/2013","",0,-75.2697148355171,39.9862485416151,-75.2626735411038,39.9640057100153,"POINT (-75.269715 39.986249)","POINT (-75.262674 39.964006)"
62366,681176,3,68117603,97.91940843,113.6643729,1,NA,6.81176e+11,2,6.81176e+13,6811760302,NA,NA,3,NA,NA,4,1,42,1,42045,"045_203",4204579000,42045400500,4459,"16:45",19,NA,NA,NA,"0:01","","","","16:46",21,5,NA,NA,NA,NA,NA,NA,NA,NA,NA,NA,NA,NA,NA,NA,NA,NA,NA,NA,NA,NA,NA,NA,NA,NA,NA,NA,NA,NA,NA,NA,4,1,42,1,42101,"101_103",4210160000,42101000500,72,1.15,44,25.083333,5.630865,130.7140289,16,46,1006,5,"3/15/2013","",0,-75.2626735411038,39.9640057100153,-75.1608290378846,39.9512565309348,"POINT (-75.262674 39.964006)","POINT (-75.160829 39.951257)"
62418,681910,1,68191001,294.8345501,322.8064417,1,NA,6.8191e+11,3,6.8191e+13,6819100103,NA,NA,1,NA,NA,4,1,42,1,42045,"045_203",4204541440,42045401800,4423,"9:28",19,NA,NA,NA,"0:00","","","","9:35",14,5,NA,NA,NA,NA,NA,NA,NA,NA,NA,NA,NA,NA,NA,NA,NA,NA,NA,NA,NA,NA,NA,NA,NA,NA,NA,NA,NA,NA,NA,NA,4,1,42,1,42045,"045_203",4204579000,42045400301,4447,1.17,10,19.134977,1.46416,377.6835368,9,35,575,5,"7/19/2013","",0,-75.2709909238752,39.9451405536483,-75.253425532016,39.9533624584389,"POINT (-75.270991 39.945141)","POINT (-75.253426 39.953362)"
62419,681910,1,68191001,294.8345501,322.8064417,1,NA,6.8191e+11,4,6.8191e+13,6819100104,NA,NA,1,NA,NA,4,1,42,1,42045,"045_203",4204579000,42045400301,4447,"9:45",19,NA,NA,NA,"0:00","","","","9:55",14,5,NA,NA,NA,NA,NA,NA,NA,NA,NA,NA,NA,NA,NA,NA,NA,NA,NA,NA,NA,NA,NA,NA,NA,NA,NA,NA,NA,NA,NA,NA,4,1,42,1,42101,"101_110",4210160000,42101036900,1020,1.17,20,24.450779,3.113357,377.6835368,9,55,595,5,"7/19/2013","",0,-75.253425532016,39.9533624584389,-75.1973968654904,39.9505033966507,"POINT (-75.253426 39.953362)","POINT (-75.197397 39.950503)"
62445,682191,1,68219101,409.1648356,272.3219083,1,NA,6.82191e+11,2,6.82191e+13,6821910102,NA,NA,1,NA,NA,4,1,42,1,42101,"101_117",4210160000,42101024900,2423,"8:05",18,NA,NA,NA,"0:10","","","","8:15",21,5,NA,NA,NA,NA,NA,NA,NA,NA,NA,NA,NA,NA,NA,NA,NA,NA,NA,NA,NA,NA,NA,NA,NA,NA,NA,NA,NA,NA,NA,NA,2,1,42,1,42101,"101_103",4210160000,42101000402,93,1.12,30,34.308503,8.002242,305.0005373,8,15,495,4,"3/14/2013","",0,-75.1601184429639,40.0511089560396,-75.1659426772114,39.9531940428398,"POINT (-75.160118 40.051109)","POINT (-75.165943 39.953194)"
62495,682503,2,68250302,186.7212752,187.8319999,1,NA,6.82503e+11,2,6.82503e+13,6825030202,NA,NA,1,NA,NA,4,3,42,1,42101,"101_103",4210160000,42101013401,139,"7:44",19,NA,NA,NA,"0:00","","","","8:05",14,5,NA,NA,NA,NA,NA,NA,NA,NA,NA,NA,NA,NA,NA,NA,NA,NA,NA,NA,NA,NA,NA,NA,NA,NA,NA,NA,NA,NA,NA,NA,4,1,42,1,42101,"101_104",4210160000,42101031600,3014,1.17,20,56.332533,10.385652,219.7634399,8,5,485,2,"3/12/2013","",0,-75.1752524766747,39.9659654913561,-75.0593151476913,40.0302346423682,"POINT (-75.175252 39.965965)","POINT (-75.059315 40.030235)"
62496,682503,2,68250302,186.7212752,187.8319999,1,NA,6.82503e+11,3,6.82503e+13,6825030203,NA,NA,1,NA,NA,4,1,42,1,42101,"101_104",4210160000,42101031600,3014,"8:25",19,NA,NA,NA,"0:01","","","","8:26",23,5,NA,NA,NA,NA,NA,NA,NA,NA,NA,NA,NA,NA,NA,NA,NA,NA,NA,NA,NA,NA,NA,NA,NA,NA,NA,NA,NA,NA,NA,NA,4,1,42,1,42101,"101_110",4210160000,42101980000,1040,1.17,4,47.07415,10.253145,219.7634399,8,26,506,2,"3/12/2013","",0,-75.0593151476913,40.0302346423682,-75.1834073455283,39.9599979498596,"POINT (-75.059315 40.030235)","POINT (-75.183407 39.959998)"
62499,682503,2,68250302,186.7212752,187.8319999,1,NA,6.82503e+11,6,6.82503e+13,6825030206,NA,NA,1,NA,NA,4,1,42,1,42101,"101_104",4210160000,42101031600,3014,"17:25",19,6,NA,NA,"0:00","","","","17:45",14,5,NA,NA,NA,NA,NA,NA,NA,NA,NA,NA,NA,NA,NA,NA,NA,NA,NA,NA,NA,NA,NA,NA,NA,NA,NA,NA,NA,NA,NA,NA,1,1,42,1,42101,"101_107",4210160000,42101013700,406,1.17,40,53.887332,9.167045,219.7634399,17,45,1065,2,"3/12/2013","",0,-75.0593151476913,40.0302346423682,-75.1842341091099,39.9772832258399,"POINT (-75.059315 40.030235)","POINT (-75.184234 39.977283)"
62520,682683,1,68268301,80.14183206,94.45910441,1,NA,6.82683e+11,2,6.82683e+13,6826830102,NA,NA,1,NA,NA,2,1,42,1,42101,"101_103",4210160000,42101000402,96,"8:05",5,NA,NA,NA,"9:00","","","","17:05",14,5,NA,NA,NA,NA,NA,NA,NA,NA,NA,NA,NA,NA,NA,NA,NA,NA,NA,NA,NA,NA,NA,NA,NA,NA,NA,NA,NA,NA,NA,NA,1,1,42,1,42045,"045_206",4204533144,42045408700,5016,1.15,55,43.529662,9.354034,108.6279701,17,5,1025,3,"3/13/2013","",0,-75.1706866571216,39.953785415184,-75.3128532544384,39.99398750657,"POINT (-75.170687 39.953785)","POINT (-75.312853 39.993988)"
62981,685760,1,68576001,186.7212752,193.7133272,1,NA,6.8576e+11,2,6.8576e+13,6857600102,NA,NA,1,NA,NA,2,1,42,1,42101,"101_103",4210160000,42101000700,59,"9:35",5,NA,NA,NA,"6:30","","","","16:05",21,5,NA,NA,NA,NA,NA,NA,NA,NA,NA,NA,NA,NA,NA,NA,NA,NA,NA,NA,NA,NA,NA,NA,NA,NA,NA,NA,NA,NA,NA,NA,1,1,42,1,42101,"101_112",4210160000,42101004101,816,1.17,25,20.339023,2.49081,226.6445928,16,5,965,3,"3/13/2013","",0,-75.1649773922386,39.9502186753736,-75.1592387852516,39.9217586458287,"POINT (-75.164977 39.950219)","POINT (-75.159239 39.921759)"
63075,686921,1,68692101,190.9977694,103.3021812,1,NA,6.86921e+11,2,6.86921e+13,6869210102,NA,NA,2,NA,NA,4,3,42,1,42101,"101_103",4210160000,42101000100,68,"9999",6,NA,NA,NA,"2:00","","","","13:15",14,5,NA,NA,NA,NA,NA,NA,NA,NA,NA,NA,NA,NA,NA,NA,NA,NA,NA,NA,NA,NA,NA,NA,NA,NA,NA,NA,NA,NA,NA,NA,4,3,42,1,42101,"101_112",4210160000,42101003002,839,1.12,25,27.572177,2.698744,115.698443,13,15,795,1,"3/11/2013","",0,-75.150623776162,39.9499928305521,-75.1711932833479,39.9327343433105,"POINT (-75.150624 39.949993)","POINT (-75.171193 39.932734)"
63076,686921,1,68692101,190.9977694,103.3021812,1,NA,6.86921e+11,3,6.86921e+13,6869210103,NA,NA,2,NA,NA,4,3,42,1,42101,"101_112",4210160000,42101003002,839,"13:40",11,NA,NA,NA,"1:00","","","","14:50",14,5,NA,NA,NA,NA,NA,NA,NA,NA,NA,NA,NA,NA,NA,NA,NA,NA,NA,NA,NA,NA,NA,NA,NA,NA,NA,NA,NA,NA,NA,NA,1,1,42,1,42101,"101_103",4210160000,42101001002,34,1.12,25,30.007628,2.927651,115.698443,14,50,890,1,"3/11/2013","",0,-75.1711932833479,39.9327343433105,-75.1452853653063,39.9454993949884,"POINT (-75.171193 39.932734)","POINT (-75.145285 39.945499)"
63078,686921,2,68692102,190.9977694,125.0257654,1,NA,6.86921e+11,1,6.86921e+13,6869210201,NA,NA,1,3,2,1,1,42,1,42101,"101_103",4210160000,42101001002,34,"",1,5,NA,NA,"6:00","2:00","","","11:00",14,5,NA,NA,NA,NA,NA,NA,NA,NA,NA,NA,NA,NA,NA,NA,NA,NA,NA,NA,NA,NA,NA,NA,NA,NA,NA,NA,NA,NA,NA,NA,2,1,42,1,42101,"101_103",4210160000,42101000402,93,1.12,NA,15.577016,1.508319,140.0288573,11,0,660,1,"3/11/2013","",0,-75.1452853653063,39.9454993949884,-75.1659426772114,39.9531940428398,"POINT (-75.145285 39.945499)","POINT (-75.165943 39.953194)"
63081,686921,2,68692102,190.9977694,125.0257654,1,NA,6.86921e+11,4,6.86921e+13,6869210204,NA,NA,1,NA,NA,2,1,42,1,42101,"101_103",4210160000,42101000402,93,"15:00",5,NA,NA,NA,"2:50","","","","17:50",14,5,NA,NA,NA,NA,NA,NA,NA,NA,NA,NA,NA,NA,NA,NA,NA,NA,NA,NA,NA,NA,NA,NA,NA,NA,NA,NA,NA,NA,NA,NA,1,1,42,1,42101,"101_103",4210160000,42101001002,34,1.12,30,15.697718,1.538576,140.0288573,17,50,1070,1,"3/11/2013","",0,-75.1659426772114,39.9531940428398,-75.1452853653063,39.9454993949884,"POINT (-75.165943 39.953194)","POINT (-75.145285 39.945499)"
63099,687045,3,68704503,146.3062069,196.3382966,1,NA,6.87045e+11,1,6.87045e+13,6870450301,NA,NA,2,1,2,1,1,42,1,42101,"101_110",4210160000,42101009000,1039,"",1,NA,NA,NA,"0:00","","","","7:30",14,5,NA,NA,NA,NA,NA,NA,NA,NA,NA,NA,NA,NA,NA,NA,NA,NA,NA,NA,NA,NA,NA,NA,NA,NA,NA,NA,NA,NA,NA,NA,3,6,42,1,42101,"101_103",4210160000,42101012500,135,1.15,20,14.916631,1.634375,225.7890411,7,30,450,3,"3/13/2013","",0,-75.1906210349248,39.9616350467224,-75.1665214095376,39.9615526212186,"POINT (-75.190621 39.961635)","POINT (-75.166521 39.961553)"
63100,687045,3,68704503,146.3062069,196.3382966,1,NA,6.87045e+11,2,6.87045e+13,6870450302,NA,NA,2,NA,NA,3,6,42,1,42101,"101_103",4210160000,42101012500,135,"7:50",3,NA,NA,NA,"7:29","","","","15:30",14,5,NA,NA,NA,NA,NA,NA,NA,NA,NA,NA,NA,NA,NA,NA,NA,NA,NA,NA,NA,NA,NA,NA,NA,NA,NA,NA,NA,NA,NA,NA,1,1,42,1,42101,"101_110",4210160000,42101009000,1039,1.15,30,19.537127,1.893849,225.7890411,15,30,930,3,"3/13/2013","",0,-75.1665214095376,39.9615526212186,-75.1906210349248,39.9616350467224,"POINT (-75.166521 39.961553)","POINT (-75.190621 39.961635)"
63118,687389,1,68738901,67.60440798,97.78797719,1,NA,6.87389e+11,1,6.87389e+13,6873890101,NA,NA,1,2,2,1,1,42,1,42101,"101_110",4210160000,42101007800,1016,"",1,NA,NA,NA,"5:00","","","","8:00",23,5,NA,NA,NA,NA,NA,NA,NA,NA,NA,NA,NA,NA,NA,NA,NA,NA,NA,NA,NA,NA,NA,NA,NA,NA,NA,NA,NA,NA,NA,NA,2,1,42,1,42091,"091_401",4209144976,42091204300,10010,1.15,40,36.323943,8.115275,112.4561738,8,0,480,1,"3/11/2013","",0,-75.2162654488479,39.9464660922369,-75.2189686457819,40.0081594134958,"POINT (-75.216265 39.946466)","POINT (-75.218969 40.008159)"
63128,687389,3,68738903,67.60440798,129.1190149,1,NA,6.87389e+11,1,6.87389e+13,6873890301,NA,NA,2,1,2,1,1,42,1,42101,"101_110",4210160000,42101007800,1016,"",1,NA,NA,NA,"6:30","","","","9:30",21,5,NA,NA,NA,NA,NA,NA,NA,NA,NA,NA,NA,NA,NA,NA,NA,NA,NA,NA,NA,NA,NA,NA,NA,NA,NA,NA,NA,NA,NA,NA,3,1,42,1,42101,"101_103",4210160000,42101012500,135,1.15,45,34.283709,4.00688,148.4868672,9,30,570,1,"3/11/2013","",0,-75.2162654488479,39.9464660922369,-75.1665214095376,39.9615526212186,"POINT (-75.216265 39.946466)","POINT (-75.166521 39.961553)"
63129,687389,3,68738903,67.60440798,129.1190149,1,NA,6.87389e+11,2,6.87389e+13,6873890302,NA,NA,2,NA,NA,3,1,42,1,42101,"101_103",4210160000,42101012500,135,"10:15",15,2,3,NA,"3:30","2:35","3:00","","19:20",21,5,NA,NA,NA,NA,NA,NA,NA,NA,NA,NA,NA,NA,NA,NA,NA,NA,NA,NA,NA,NA,NA,NA,NA,NA,NA,NA,NA,NA,NA,NA,1,1,42,1,42101,"101_110",4210160000,42101007800,1016,1.15,45,32.970073,4.060141,148.4868672,19,20,1160,1,"3/11/2013","",0,-75.1665214095376,39.9615526212186,-75.2162654488479,39.9464660922369,"POINT (-75.166521 39.961553)","POINT (-75.216265 39.946466)"
63255,688411,2,68841102,256.2008551,103.6029133,1,NA,6.88411e+11,2,6.88411e+13,6884110202,NA,NA,1,NA,NA,4,1,42,1,42017,"017_511",4201777744,42017105900,16044,"8:00",19,NA,NA,NA,"0:00","","","","8:10",14,5,NA,NA,NA,NA,NA,NA,NA,NA,NA,NA,NA,NA,NA,NA,NA,NA,NA,NA,NA,NA,NA,NA,NA,NA,NA,NA,NA,NA,NA,NA,2,1,42,1,42101,"101_110",4210160000,42101008801,1028,1.12,50,59.92436,31.630727,116.0352629,8,10,490,4,"3/21/2013","",0,-74.8185831765262,40.1380262186048,-75.1984494658686,39.9539400028283,"POINT (-74.818583 40.138026)","POINT (-75.198449 39.953940)"
63278,688719,2,68871902,481.2928527,322.9045734,2,NA,6.88719e+11,4,6.88719e+13,6887190204,NA,NA,1,NA,NA,2,1,42,1,42101,"101_110",4210160000,42101036900,1025,"8:54",5,NA,NA,NA,"8:30","","","","17:35",14,5,NA,NA,NA,NA,NA,NA,NA,NA,NA,NA,NA,NA,NA,NA,NA,NA,NA,NA,NA,NA,NA,NA,NA,NA,NA,NA,NA,NA,NA,NA,1,1,42,1,42101,"101_103",4210160000,42101000300,122,1.12,19,16.682493,1.352076,361.6531222,17,35,1055,5,"3/22/2013","",0,-75.1937934209145,39.951852697735,-75.1774381258043,39.9578243101046,"POINT (-75.193793 39.951853)","POINT (-75.177438 39.957824)"
63297,688929,1,68892901,149.3680069,109.9549766,1,NA,6.88929e+11,1,6.88929e+13,6889290101,NA,NA,1,2,2,1,1,42,1,42101,"101_112",4210160000,42101002900,834,"",1,14,20,7,"1:45","3:00","1:10","5:00","16:30",21,5,NA,NA,NA,NA,NA,NA,NA,NA,NA,NA,NA,NA,NA,NA,NA,NA,NA,NA,NA,NA,NA,NA,NA,NA,NA,NA,NA,NA,NA,NA,2,1,42,1,42101,"101_103",4210160000,42101000600,58,1.15,15,12.831072,1.611403,126.448223,16,30,990,2,"7/23/2013","",0,-75.1655746637264,39.9307064691021,-75.1630657978927,39.949981511781,"POINT (-75.165575 39.930706)","POINT (-75.163066 39.949982)"
63299,688929,1,68892901,149.3680069,109.9549766,1,NA,6.88929e+11,3,6.88929e+13,6889290103,NA,NA,1,NA,NA,4,1,42,1,42101,"101_103",4210160000,42101000600,58,"19:32",6,NA,NA,NA,"0:05","","","","19:37",21,5,NA,NA,NA,NA,NA,NA,NA,NA,NA,NA,NA,NA,NA,NA,NA,NA,NA,NA,NA,NA,NA,NA,NA,NA,NA,NA,NA,NA,NA,NA,1,1,42,1,42101,"101_112",4210160000,42101002900,834,1.15,18,13.497769,1.563835,126.448223,19,37,1177,2,"7/23/2013","",0,-75.1630657978927,39.949981511781,-75.1655746637264,39.9307064691021,"POINT (-75.163066 39.949982)","POINT (-75.165575 39.930706)"
63300,688929,1,68892901,149.3680069,109.9549766,2,NA,6.88929e+11,4,6.88929e+13,6889290104,NA,NA,2,1,NA,1,1,42,1,42101,"101_112",4210160000,42101002900,834,"19:55",1,NA,NA,NA,"0:00","","","","20:10",21,5,NA,NA,NA,NA,NA,NA,NA,NA,NA,NA,NA,NA,NA,NA,NA,NA,NA,NA,NA,NA,NA,NA,NA,NA,NA,NA,NA,NA,NA,NA,4,1,42,1,42101,"101_103",4210160000,42101001400,8,1.15,24,16.712664,1.432025,126.448223,20,10,1210,2,"7/23/2013","",0,-75.1655746637264,39.9307064691021,-75.1715947626354,39.9429517013451,"POINT (-75.165575 39.930706)","POINT (-75.171595 39.942952)"
63629,690745,3,69074503,657.1308911,1032.761765,1,NA,6.90745e+11,4,6.90745e+13,6907450304,NA,NA,2,NA,NA,3,6,42,1,42101,"101_103",4210160000,42101012500,135,"8:15",3,NA,NA,NA,"7:00","","","","15:19",14,5,NA,NA,NA,NA,NA,NA,NA,NA,NA,NA,NA,NA,NA,NA,NA,NA,NA,NA,NA,NA,NA,NA,NA,NA,NA,NA,NA,NA,NA,NA,4,1,42,1,42101,"101_103",4210160000,42101000804,44,1.17,21,15.003562,1.244226,1208.331265,15,19,919,2,"3/19/2013","",0,-75.1665214095376,39.9615526212186,-75.1669894744938,39.9484799410289,"POINT (-75.166521 39.961553)","POINT (-75.166989 39.948480)"
63691,691082,2,69108202,63.6728626,78.22051782,2,NA,6.91082e+11,4,6.91082e+13,6910820204,NA,NA,2,NA,NA,4,1,42,1,42101,"101_110",4210160000,42101009000,1036,"10:50",19,NA,NA,NA,"0:10","","","","11:00",21,5,NA,NA,NA,NA,NA,NA,NA,NA,NA,NA,NA,NA,NA,NA,NA,NA,NA,NA,NA,NA,NA,NA,NA,NA,NA,NA,NA,NA,NA,NA,4,1,42,1,42045,"045_203",4204579000,42045400500,4459,1.12,7,22.76797,4.122926,87.60697996,11,0,660,4,"4/4/2013","",0,-75.1906300416804,39.958024348983,-75.2626735411038,39.9640057100153,"POINT (-75.190630 39.958024)","POINT (-75.262674 39.964006)"
63692,691082,2,69108202,63.6728626,78.22051782,2,NA,6.91082e+11,5,6.91082e+13,6910820205,NA,NA,2,NA,NA,4,1,42,1,42045,"045_203",4204579000,42045400500,4459,"11:07",19,NA,NA,NA,"0:13","","","","11:20",23,5,NA,NA,NA,NA,NA,NA,NA,NA,NA,NA,NA,NA,NA,NA,NA,NA,NA,NA,NA,NA,NA,NA,NA,NA,NA,NA,NA,NA,NA,NA,4,1,42,1,42045,"045_205",4204548480,42045407502,4806,1.12,NA,39.402553,8.864849,87.60697996,11,20,680,4,"4/4/2013","",0,-75.2626735411038,39.9640057100153,-75.3957727573062,39.9175856077195,"POINT (-75.262674 39.964006)","POINT (-75.395773 39.917586)"
63840,691561,2,69156102,106.969976,100.429965,1,NA,6.91561e+11,2,6.91561e+13,6915610202,NA,NA,1,NA,NA,4,1,42,1,42045,"045_203",4204579000,42045400900,4444,"7:23",19,NA,NA,NA,"0:00","","","","7:25",23,5,NA,NA,NA,NA,NA,NA,NA,NA,NA,NA,NA,NA,NA,NA,NA,NA,NA,NA,NA,NA,NA,NA,NA,NA,NA,NA,NA,NA,NA,NA,4,1,42,1,42045,"045_203",4204579000,42045400500,4459,1.13,11,20.487142,2.466364,113.4858605,7,25,445,1,"4/1/2013","",0,-75.2905107800841,39.950578704956,-75.2626735411038,39.9640057100153,"POINT (-75.290511 39.950579)","POINT (-75.262674 39.964006)"
63841,691561,2,69156102,106.969976,100.429965,1,NA,6.91561e+11,3,6.91561e+13,6915610203,NA,NA,1,NA,NA,4,1,42,1,42045,"045_203",4204579000,42045400500,4459,"7:36",19,NA,NA,NA,"0:00","","","","7:36",21,5,NA,NA,NA,NA,NA,NA,NA,NA,NA,NA,NA,NA,NA,NA,NA,NA,NA,NA,NA,NA,NA,NA,NA,NA,NA,NA,NA,NA,NA,NA,2,1,42,1,42101,"101_103",4210160000,42101000402,76,1.13,16,23.951639,5.422669,113.4858605,7,36,456,1,"4/1/2013","",0,-75.2626735411038,39.9640057100153,-75.1662257986882,39.9519342771783,"POINT (-75.262674 39.964006)","POINT (-75.166226 39.951934)"
63844,691561,2,69156102,106.969976,100.429965,1,NA,6.91561e+11,6,6.91561e+13,6915610206,NA,NA,1,NA,NA,2,1,42,1,42101,"101_103",4210160000,42101000402,76,"12:05",5,NA,NA,NA,"4:31","","","","16:36",21,5,NA,NA,NA,NA,NA,NA,NA,NA,NA,NA,NA,NA,NA,NA,NA,NA,NA,NA,NA,NA,NA,NA,NA,NA,NA,NA,NA,NA,NA,NA,2,1,42,1,42101,"101_103",4210160000,42101000402,76,1.13,15,3.625,0.060687,113.4858605,16,36,996,1,"4/1/2013","",0,-75.1662257986882,39.9519342771783,-75.1662257986882,39.9519342771783,"POINT (-75.166226 39.951934)","POINT (-75.166226 39.951934)"
63845,691561,2,69156102,106.969976,100.429965,1,NA,6.91561e+11,7,6.91561e+13,6915610207,NA,NA,1,NA,NA,2,1,42,1,42101,"101_103",4210160000,42101000402,76,"16:51",19,NA,NA,NA,"0:00","","","","16:55",23,5,NA,NA,NA,NA,NA,NA,NA,NA,NA,NA,NA,NA,NA,NA,NA,NA,NA,NA,NA,NA,NA,NA,NA,NA,NA,NA,NA,NA,NA,NA,2,1,42,1,42101,"101_103",4210160000,42101000402,76,1.13,12,3.625,0.060687,113.4858605,16,55,1015,1,"4/1/2013","",0,-75.1662257986882,39.9519342771783,-75.1662257986882,39.9519342771783,"POINT (-75.166226 39.951934)","POINT (-75.166226 39.951934)"
64235,695378,1,69537801,305.7923578,182.5834247,1,NA,6.95378e+11,1,6.95378e+13,6953780101,NA,NA,2,1,2,1,1,42,1,42101,"101_102",4210160000,42101006600,2023,"",1,NA,NA,NA,"0:00","","","","7:30",14,5,NA,NA,NA,NA,NA,NA,NA,NA,NA,NA,NA,NA,NA,NA,NA,NA,NA,NA,NA,NA,NA,NA,NA,NA,NA,NA,NA,NA,NA,NA,4,1,42,1,42101,"101_103",4210160000,42101012500,135,1.17,30,42.850171,5.702249,213.6226069,7,30,450,3,"3/20/2013","",0,-75.2298442421393,39.9293235759694,-75.1665214095376,39.9615526212186,"POINT (-75.229844 39.929324)","POINT (-75.166521 39.961553)"
64238,695378,2,69537802,305.7923578,130.1556774,1,NA,6.95378e+11,1,6.95378e+13,6953780201,NA,NA,2,1,2,1,1,42,1,42101,"101_102",4210160000,42101006600,2023,"",1,NA,NA,NA,"0:00","","","","7:30",14,5,NA,NA,NA,NA,NA,NA,NA,NA,NA,NA,NA,NA,NA,NA,NA,NA,NA,NA,NA,NA,NA,NA,NA,NA,NA,NA,NA,NA,NA,NA,4,1,42,1,42101,"101_103",4210160000,42101012500,135,1.17,30,42.850171,5.702249,152.2821425,7,30,450,3,"3/20/2013","",0,-75.2298442421393,39.9293235759694,-75.1665214095376,39.9615526212186,"POINT (-75.229844 39.929324)","POINT (-75.166521 39.961553)"
64279,695469,2,69546902,269.9617075,174.8998676,2,NA,6.95469e+11,5,6.95469e+13,6954690205,NA,NA,1,NA,NA,4,1,42,1,42101,"101_110",4210160000,42101980000,1040,"9:10",19,NA,NA,NA,"0:00","","","","9:15",23,5,NA,NA,NA,NA,NA,NA,NA,NA,NA,NA,NA,NA,NA,NA,NA,NA,NA,NA,NA,NA,NA,NA,NA,NA,NA,NA,NA,NA,NA,NA,2,1,42,1,42101,"101_110",4210160000,42101036900,1017,1.12,5,16.523793,1.705561,195.8878517,9,15,555,5,"5/31/2013","",0,-75.1834073455283,39.9599979498596,-75.1965975232029,39.9477559566907,"POINT (-75.183407 39.959998)","POINT (-75.196598 39.947756)"
64314,695550,1,69555001,441.470362,3042.512529,1,NA,6.9555e+11,3,6.9555e+13,6955500103,NA,NA,2,NA,NA,4,1,42,1,42091,"091_403",4209154656,42091203902,10422,"15:45",19,NA,NA,NA,"0:00","","","","16:00",14,5,NA,NA,NA,NA,NA,NA,NA,NA,NA,NA,NA,NA,NA,NA,NA,NA,NA,NA,NA,NA,NA,NA,NA,NA,NA,NA,NA,NA,NA,NA,4,1,42,1,42091,"091_403",4209121600,42091203302,10404,1.17,39,NA,NA,3559.739659,16,0,960,2,"7/9/2013","Ramadan Begins",3,-75.3460361638143,40.1143423687777,-75.3355469748377,40.1557053390204,"POINT (-75.346036 40.114342)","POINT (-75.335547 40.155705)"
64315,695550,1,69555001,441.470362,3042.512529,1,NA,6.9555e+11,4,6.9555e+13,6955500104,NA,NA,2,NA,NA,4,1,42,1,42091,"091_403",4209121600,42091203302,10404,"16:39",16,NA,NA,NA,"1:00","","","","18:10",14,5,NA,NA,NA,NA,NA,NA,NA,NA,NA,NA,NA,NA,NA,NA,NA,NA,NA,NA,NA,NA,NA,NA,NA,NA,NA,NA,NA,NA,NA,NA,4,1,42,1,42091,"091_403",4209154656,42091203902,10422,1.17,33,NA,NA,3559.739659,18,10,1090,2,"7/9/2013","Ramadan Begins",3,-75.3355469748377,40.1557053390204,-75.3460361638143,40.1143423687777,"POINT (-75.335547 40.155705)","POINT (-75.346036 40.114342)"
64316,695550,1,69555001,441.470362,3042.512529,1,NA,6.9555e+11,5,6.9555e+13,6955500105,NA,NA,2,NA,NA,4,1,42,1,42091,"091_403",4209154656,42091203902,10422,"18:43",19,NA,NA,NA,"0:00","","","","19:15",14,5,NA,NA,NA,NA,NA,NA,NA,NA,NA,NA,NA,NA,NA,NA,NA,NA,NA,NA,NA,NA,NA,NA,NA,NA,NA,NA,NA,NA,NA,NA,4,1,42,1,42091,"091_403",4209183696,42091203402,10434,1.17,35,128.056883,5.031384,3559.739659,19,15,1155,2,"7/9/2013","Ramadan Begins",3,-75.3460361638143,40.1143423687777,-75.4052300426958,40.1193891000713,"POINT (-75.346036 40.114342)","POINT (-75.405230 40.119389)"
64605,697889,1,69788901,393.0130441,177.3003828,1,NA,6.97889e+11,1,6.97889e+13,6978890101,NA,NA,1,3,2,1,1,42,1,42101,"101_117",4210160000,42101024700,2415,"",1,NA,NA,NA,"3:15","","","","6:15",14,5,NA,NA,NA,NA,NA,NA,NA,NA,NA,NA,NA,NA,NA,NA,NA,NA,NA,NA,NA,NA,NA,NA,NA,NA,NA,NA,NA,NA,NA,NA,2,1,42,1,42101,"101_117",4210160000,42101024700,2413,1.17,15,10.527587,0.781584,207.4414478,6,15,375,3,"3/20/2013","",0,-75.1619465866814,40.0435075759518,-75.1675390627425,40.0396237479197,"POINT (-75.161947 40.043508)","POINT (-75.167539 40.039624)"
64606,697889,1,69788901,393.0130441,177.3003828,1,NA,6.97889e+11,2,6.97889e+13,6978890102,NA,NA,1,NA,NA,2,1,42,1,42101,"101_117",4210160000,42101024700,2413,"6:30",5,NA,NA,NA,"4:00","","","","11:00",14,5,NA,NA,NA,NA,NA,NA,NA,NA,NA,NA,NA,NA,NA,NA,NA,NA,NA,NA,NA,NA,NA,NA,NA,NA,NA,NA,NA,NA,NA,NA,4,1,42,1,42101,"101_115",4210160000,42101028300,2606,1.17,30,15.444056,2.243777,207.4414478,11,0,660,3,"3/20/2013","",0,-75.1675390627425,40.0396237479197,-75.1431944251012,40.0284068368576,"POINT (-75.167539 40.039624)","POINT (-75.143194 40.028407)"
64607,697889,1,69788901,393.0130441,177.3003828,1,NA,6.97889e+11,3,6.97889e+13,6978890103,NA,NA,1,NA,NA,4,1,42,1,42101,"101_115",4210160000,42101028300,2606,"11:30",12,NA,NA,NA,"4:15","","","","15:45",14,5,NA,NA,NA,NA,NA,NA,NA,NA,NA,NA,NA,NA,NA,NA,NA,NA,NA,NA,NA,NA,NA,NA,NA,NA,NA,NA,NA,NA,NA,NA,4,1,42,1,42101,"101_115",4210160000,42101028200,2615,1.17,10,15.497076,1.095912,207.4414478,15,45,945,3,"3/20/2013","",0,-75.1431944251012,40.0284068368576,-75.1398050137829,40.0366774270012,"POINT (-75.143194 40.028407)","POINT (-75.139805 40.036677)"
64608,697889,1,69788901,393.0130441,177.3003828,1,NA,6.97889e+11,4,6.97889e+13,6978890104,NA,NA,1,NA,NA,4,1,42,1,42101,"101_115",4210160000,42101028200,2615,"15:55",20,NA,NA,NA,"0:00","","","","16:00",14,5,NA,NA,NA,NA,NA,NA,NA,NA,NA,NA,NA,NA,NA,NA,NA,NA,NA,NA,NA,NA,NA,NA,NA,NA,NA,NA,NA,NA,NA,NA,1,1,42,1,42101,"101_117",4210160000,42101024700,2415,1.17,20,14.975079,1.492881,207.4414478,16,0,960,3,"3/20/2013","",0,-75.1398050137829,40.0366774270012,-75.1619465866814,40.0435075759518,"POINT (-75.139805 40.036677)","POINT (-75.161947 40.043508)"
64611,697889,2,69788902,393.0130441,130.1556774,1,NA,6.97889e+11,1,6.97889e+13,6978890201,NA,NA,2,1,2,1,1,42,1,42101,"101_117",4210160000,42101024700,2415,"",1,NA,NA,NA,"10:00","","","","13:00",14,5,NA,NA,NA,NA,NA,NA,NA,NA,NA,NA,NA,NA,NA,NA,NA,NA,NA,NA,NA,NA,NA,NA,NA,NA,NA,NA,NA,NA,NA,NA,4,1,42,1,42101,"101_115",4210160000,42101028200,2615,1.17,20,14.321544,1.484725,152.2821425,13,0,780,3,"3/20/2013","",0,-75.1619465866814,40.0435075759518,-75.1398050137829,40.0366774270012,"POINT (-75.161947 40.043508)","POINT (-75.139805 40.036677)"
64612,697889,2,69788902,393.0130441,130.1556774,1,NA,6.97889e+11,2,6.97889e+13,6978890202,NA,NA,2,NA,NA,4,1,42,1,42101,"101_115",4210160000,42101028200,2615,"13:20",16,NA,NA,NA,"1:45","","","","15:55",14,5,NA,NA,NA,NA,NA,NA,NA,NA,NA,NA,NA,NA,NA,NA,NA,NA,NA,NA,NA,NA,NA,NA,NA,NA,NA,NA,NA,NA,NA,NA,1,1,42,1,42101,"101_117",4210160000,42101024700,2415,1.17,25,14.975079,1.492881,152.2821425,15,55,955,3,"3/20/2013","",0,-75.1398050137829,40.0366774270012,-75.1619465866814,40.0435075759518,"POINT (-75.139805 40.036677)","POINT (-75.161947 40.043508)"
64803,699133,1,69913301,51.89662555,89.63109736,1,NA,6.99133e+11,1,6.99133e+13,6991330101,NA,NA,3,1,2,2,1,42,1,42101,"101_103",4210160000,42101013401,139,"",1,NA,NA,NA,"0:00","","","","8:00",14,5,NA,NA,NA,NA,NA,NA,NA,NA,NA,NA,NA,NA,NA,NA,NA,NA,NA,NA,NA,NA,NA,NA,NA,NA,NA,NA,NA,NA,NA,NA,2,1,42,1,42101,"101_103",4210160000,42101000600,58,1.15,45,16.705869,0.671951,103.075762,8,0,480,5,"3/22/2013","",0,-75.1752524766747,39.9659654913561,-75.1630657978927,39.949981511781,"POINT (-75.175252 39.965965)","POINT (-75.163066 39.949982)"
64804,699133,1,69913301,51.89662555,89.63109736,1,NA,6.99133e+11,2,6.99133e+13,6991330102,NA,NA,3,NA,NA,2,1,42,1,42101,"101_103",4210160000,42101000600,58,"8:45",5,NA,NA,NA,"0:00","","","","17:30",14,5,NA,NA,NA,NA,NA,NA,NA,NA,NA,NA,NA,NA,NA,NA,NA,NA,NA,NA,NA,NA,NA,NA,NA,NA,NA,NA,NA,NA,NA,NA,1,1,42,1,42101,"101_103",4210160000,42101013401,139,1.15,35,20.234354,0.994831,103.075762,17,30,1050,5,"3/22/2013","",0,-75.1630657978927,39.949981511781,-75.1752524766747,39.9659654913561,"POINT (-75.163066 39.949982)","POINT (-75.175252 39.965965)"
64807,699133,2,69913302,51.89662555,95.72322758,1,NA,6.99133e+11,2,6.99133e+13,6991330202,NA,NA,3,NA,NA,2,1,42,1,42101,"101_103",4210160000,42101000700,61,"8:40",11,5,8,NA,"0:00","","","","17:40",14,5,NA,NA,NA,NA,NA,NA,NA,NA,NA,NA,NA,NA,NA,NA,NA,NA,NA,NA,NA,NA,NA,NA,NA,NA,NA,NA,NA,NA,NA,NA,1,1,42,1,42101,"101_103",4210160000,42101013401,139,1.15,20,17.399995,1.139408,110.0817117,17,40,1060,5,"3/22/2013","",0,-75.1705068930163,39.9509065904554,-75.1752524766747,39.9659654913561,"POINT (-75.170507 39.950907)","POINT (-75.175252 39.965965)"
64818,699298,1,69929801,129.8152217,104.4384725,2,NA,6.99298e+11,6,6.99298e+13,6992980106,NA,NA,1,NA,NA,4,1,42,1,42101,"101_103",4210160000,42101000402,95,"16:55",6,NA,NA,NA,"1:05","","","","18:25",14,5,NA,NA,NA,NA,NA,NA,NA,NA,NA,NA,NA,NA,NA,NA,NA,NA,NA,NA,NA,NA,NA,NA,NA,NA,NA,NA,NA,NA,NA,NA,1,1,42,1,42101,"101_103",4210160000,42101001300,9,1.15,35,15.672719,1.436682,120.1042434,18,25,1105,1,"3/18/2013","",0,-75.1691139313301,39.9535949564727,-75.1845576169885,39.942839888606,"POINT (-75.169114 39.953595)","POINT (-75.184558 39.942840)"
65134,700960,1,70096001,434.9062452,182.5834247,1,NA,7.0096e+11,1,7.0096e+13,7009600101,NA,NA,2,3,2,1,1,42,1,42101,"101_117",4210160000,42101023700,2424,"",1,NA,NA,NA,"0:00","","","","6:55",14,5,NA,NA,NA,NA,NA,NA,NA,NA,NA,NA,NA,NA,NA,NA,NA,NA,NA,NA,NA,NA,NA,NA,NA,NA,NA,NA,NA,NA,NA,NA,4,1,42,1,42091,"091_412",4209100156,42091201800,12211,1.17,80,58.086992,9.094921,213.6226069,6,55,415,1,"3/18/2013","",0,-75.1898142834651,40.0518717143354,-75.1213092333967,40.110417860785,"POINT (-75.189814 40.051872)","POINT (-75.121309 40.110418)"
65135,700960,1,70096001,434.9062452,182.5834247,1,NA,7.0096e+11,2,7.0096e+13,7009600102,NA,NA,2,NA,NA,4,1,42,1,42091,"091_412",4209100156,42091201800,12211,"8:15",8,NA,NA,NA,"0:00","","","","8:40",14,5,NA,NA,NA,NA,NA,NA,NA,NA,NA,NA,NA,NA,NA,NA,NA,NA,NA,NA,NA,NA,NA,NA,NA,NA,NA,NA,NA,NA,NA,NA,4,3,42,1,42091,"091_412",4209112968,42091202500,12238,1.17,35,43.234643,7.480234,213.6226069,8,40,520,1,"3/18/2013","",0,-75.1213092333967,40.110417860785,-75.1571977835929,40.0823045185899,"POINT (-75.121309 40.110418)","POINT (-75.157198 40.082305)"
65137,700960,1,70096001,434.9062452,182.5834247,1,NA,7.0096e+11,4,7.0096e+13,7009600104,NA,NA,2,NA,NA,4,1,42,1,42091,"091_412",4209112968,42091202500,12238,"9:25",8,NA,NA,NA,"0:00","","","","9:45",14,5,NA,NA,NA,NA,NA,NA,NA,NA,NA,NA,NA,NA,NA,NA,NA,NA,NA,NA,NA,NA,NA,NA,NA,NA,NA,NA,NA,NA,NA,NA,1,1,42,1,42101,"101_117",4210160000,42101023700,2424,1.17,45,26.401212,3.248154,213.6226069,9,45,585,1,"3/18/2013","",0,-75.1571977835929,40.0823045185899,-75.1898142834651,40.0518717143354,"POINT (-75.157198 40.082305)","POINT (-75.189814 40.051872)"
65272,701899,1,70189901,365.5332947,282.8636802,1,NA,7.01899e+11,1,7.01899e+13,7018990101,NA,NA,1,1,2,1,1,42,1,42101,"101_110",4210160000,42101007800,1016,"",1,7,NA,NA,"8:00","4:00","","","16:00",21,5,NA,NA,NA,NA,NA,NA,NA,NA,NA,NA,NA,NA,NA,NA,NA,NA,NA,NA,NA,NA,NA,NA,NA,NA,NA,NA,NA,NA,NA,NA,2,1,42,1,42101,"101_103",4210160000,42101013300,137,1.17,29,31.255098,4.605279,330.9505058,16,0,960,3,"8/7/2013","",0,-75.2162654488479,39.9464660922369,-75.1629472849343,39.9666206906345,"POINT (-75.216265 39.946466)","POINT (-75.162947 39.966621)"
65273,701899,1,70189901,365.5332947,282.8636802,1,NA,7.01899e+11,2,7.01899e+13,7018990102,NA,NA,1,NA,NA,2,1,42,1,42101,"101_103",4210160000,42101013300,137,"16:29",5,NA,NA,NA,"3:00","","","","20:00",21,5,NA,NA,NA,NA,NA,NA,NA,NA,NA,NA,NA,NA,NA,NA,NA,NA,NA,NA,NA,NA,NA,NA,NA,NA,NA,NA,NA,NA,NA,NA,1,1,42,1,42101,"101_110",4210160000,42101007800,1016,1.17,45,32.832984,4.503646,330.9505058,20,0,1200,3,"8/7/2013","",0,-75.1629472849343,39.9666206906345,-75.2162654488479,39.9464660922369,"POINT (-75.162947 39.966621)","POINT (-75.216265 39.946466)"
65787,705957,1,70595701,141.9382209,238.8840585,1,NA,7.05957e+11,1,7.05957e+13,7059570101,NA,NA,1,3,2,1,1,42,1,42101,"101_109",4210160000,42101015800,603,"",1,10,6,7,"4:00","0:30","0:30","0:30","8:35",21,5,NA,NA,NA,NA,NA,NA,NA,NA,NA,NA,NA,NA,NA,NA,NA,NA,NA,NA,NA,NA,NA,NA,NA,NA,NA,NA,NA,NA,NA,NA,2,1,42,1,42101,"101_103",4210160000,42101000402,100,1.12,25,27.374892,3.38732,267.5501455,8,35,515,1,"4/8/2013","",0,-75.1301600245386,39.9721857729433,-75.1704674139331,39.9548009865238,"POINT (-75.130160 39.972186)","POINT (-75.170467 39.954801)"
66072,708130,2,70813002,129.8152217,126.8876619,1,NA,7.0813e+11,2,7.0813e+13,7081300202,NA,NA,1,NA,NA,4,1,42,1,42101,"101_101",4210160000,42101020500,1435,"7:45",18,NA,NA,NA,"0:00","","","","7:46",14,5,NA,NA,NA,NA,NA,NA,NA,NA,NA,NA,NA,NA,NA,NA,NA,NA,NA,NA,NA,NA,NA,NA,NA,NA,NA,NA,NA,NA,NA,NA,2,1,42,1,42101,"101_103",4210160000,42101000500,91,1.15,34,30.180126,5.153419,145.9208112,7,46,466,3,"4/17/2013","",0,-75.1661426003533,40.014873112626,-75.1612826317197,39.9532127364358,"POINT (-75.166143 40.014873)","POINT (-75.161283 39.953213)"
66073,708130,2,70813002,129.8152217,126.8876619,1,NA,7.0813e+11,3,7.0813e+13,7081300203,NA,NA,1,NA,NA,2,1,42,1,42101,"101_103",4210160000,42101000500,91,"8:20",5,NA,NA,NA,"9:00","","","","17:20",14,5,NA,NA,NA,NA,NA,NA,NA,NA,NA,NA,NA,NA,NA,NA,NA,NA,NA,NA,NA,NA,NA,NA,NA,NA,NA,NA,NA,NA,NA,NA,1,1,42,1,42101,"101_117",4210160000,42101024200,2404,1.15,40,32.500002,6.320214,145.9208112,17,20,1040,3,"4/17/2013","",0,-75.1612826317197,39.9532127364358,-75.1697103405146,40.0285190426739,"POINT (-75.161283 39.953213)","POINT (-75.169710 40.028519)"
66076,708130,3,70813003,129.8152217,128.7277646,1,NA,7.0813e+11,2,7.0813e+13,7081300302,NA,NA,3,NA,NA,3,1,42,1,42101,"101_101",4210160000,42101019700,1437,"7:50",3,NA,NA,NA,"6:10","","","","15:00",14,5,NA,NA,NA,NA,NA,NA,NA,NA,NA,NA,NA,NA,NA,NA,NA,NA,NA,NA,NA,NA,NA,NA,NA,NA,NA,NA,NA,NA,NA,NA,3,1,42,1,42101,"101_117",4210160000,42101024200,2404,1.15,60,27.733835,2.991862,148.0369293,15,0,900,3,"4/17/2013","",0,-75.1379390053678,40.0162879355525,-75.1697103405146,40.0285190426739,"POINT (-75.137939 40.016288)","POINT (-75.169710 40.028519)"
66095,708224,1,70822401,98.78021189,82.21799181,1,NA,7.08224e+11,5,7.08224e+13,7082240105,NA,NA,1,NA,NA,4,1,42,1,42101,"101_110",4210160000,42101009000,1036,"16:23",1,NA,NA,NA,"0:00","","","","16:27",21,5,NA,NA,NA,NA,NA,NA,NA,NA,NA,NA,NA,NA,NA,NA,NA,NA,NA,NA,NA,NA,NA,NA,NA,NA,NA,NA,NA,NA,NA,NA,4,1,42,1,42101,"101_103",4210160000,42101000500,90,1.17,7,13.183358,2.043648,96.19505041,16,27,987,1,"3/25/2013","",0,-75.1906300416804,39.958024348983,-75.1588750233838,39.9528401835985,"POINT (-75.190630 39.958024)","POINT (-75.158875 39.952840)"
66129,708336,2,70833602,157.8420265,233.4905942,1,NA,7.08336e+11,2,7.08336e+13,7083360202,NA,NA,1,NA,NA,2,1,42,1,42101,"101_103",4210160000,42101000600,56,"9:45",5,NA,NA,NA,"0:00","","","","12:15",14,5,NA,NA,NA,NA,NA,NA,NA,NA,NA,NA,NA,NA,NA,NA,NA,NA,NA,NA,NA,NA,NA,NA,NA,NA,NA,NA,NA,NA,NA,NA,4,1,42,1,42101,"101_112",4210160000,42101003800,1818,1.12,30,30.328418,3.704155,261.5094655,12,15,735,5,"4/5/2013","",0,-75.1580149724927,39.9493530835764,-75.1858598621043,39.9165483287187,"POINT (-75.158015 39.949353)","POINT (-75.185860 39.916548)"
66130,708336,2,70833602,157.8420265,233.4905942,1,NA,7.08336e+11,3,7.08336e+13,7083360203,NA,NA,1,NA,NA,4,1,42,1,42101,"101_112",4210160000,42101003800,1818,"12:45",8,NA,NA,NA,"0:00","","","","13:09",14,5,NA,NA,NA,NA,NA,NA,NA,NA,NA,NA,NA,NA,NA,NA,NA,NA,NA,NA,NA,NA,NA,NA,NA,NA,NA,NA,NA,NA,NA,NA,1,1,42,1,42101,"101_110",4210160000,42101008701,1023,1.12,51,40.972866,5.547149,261.5094655,13,9,789,5,"4/5/2013","",0,-75.1858598621043,39.9165483287187,-75.2109035921265,39.9515172049363,"POINT (-75.185860 39.916548)","POINT (-75.210904 39.951517)"
66306,709328,1,70932801,219.7470872,150.2588287,1,NA,7.09328e+11,1,7.09328e+13,7093280101,NA,NA,3,1,2,4,1,42,1,42101,"101_103",4210160000,42101001102,17,"",16,NA,NA,NA,"2:30","","","","12:30",14,5,NA,NA,NA,NA,NA,NA,NA,NA,NA,NA,NA,NA,NA,NA,NA,NA,NA,NA,NA,NA,NA,NA,NA,NA,NA,NA,NA,NA,NA,NA,4,1,42,1,42101,"101_103",4210160000,42101012500,133,1.17,150,25.802495,1.630146,175.8028296,12,30,750,3,"3/27/2013","",0,-75.1550139436622,39.9445812882334,-75.1673759243643,39.9592890487195,"POINT (-75.155014 39.944581)","POINT (-75.167376 39.959289)"
66307,709328,1,70932801,219.7470872,150.2588287,1,NA,7.09328e+11,2,7.09328e+13,7093280102,NA,NA,3,NA,NA,4,1,42,1,42101,"101_103",4210160000,42101012500,133,"15:00",7,NA,NA,NA,"1:30","","","","16:30",14,5,NA,NA,NA,NA,NA,NA,NA,NA,NA,NA,NA,NA,NA,NA,NA,NA,NA,NA,NA,NA,NA,NA,NA,NA,NA,NA,NA,NA,NA,NA,1,1,42,1,42101,"101_111",4210160000,42101010700,1225,1.17,30,23.876497,2.803078,175.8028296,16,30,990,3,"3/27/2013","",0,-75.1673759243643,39.9592890487195,-75.2069459522751,39.9687555499558,"POINT (-75.167376 39.959289)","POINT (-75.206946 39.968756)"
66309,709328,2,70932802,219.7470872,150.2588287,1,NA,7.09328e+11,1,7.09328e+13,7093280201,NA,NA,3,1,2,4,1,42,1,42101,"101_103",4210160000,42101001102,17,"",16,NA,NA,NA,"2:30","","","","12:30",14,5,NA,NA,NA,NA,NA,NA,NA,NA,NA,NA,NA,NA,NA,NA,NA,NA,NA,NA,NA,NA,NA,NA,NA,NA,NA,NA,NA,NA,NA,NA,4,1,42,1,42101,"101_103",4210160000,42101012500,133,1.17,NA,25.802495,1.630146,175.8028296,12,30,750,3,"3/27/2013","",0,-75.1550139436622,39.9445812882334,-75.1673759243643,39.9592890487195,"POINT (-75.155014 39.944581)","POINT (-75.167376 39.959289)"
66310,709328,2,70932802,219.7470872,150.2588287,1,NA,7.09328e+11,2,7.09328e+13,7093280202,NA,NA,3,NA,NA,4,1,42,1,42101,"101_103",4210160000,42101012500,133,"9999",7,NA,NA,NA,"1:30","","","","16:30",14,5,NA,NA,NA,NA,NA,NA,NA,NA,NA,NA,NA,NA,NA,NA,NA,NA,NA,NA,NA,NA,NA,NA,NA,NA,NA,NA,NA,NA,NA,NA,1,1,42,1,42101,"101_111",4210160000,42101010700,1225,1.17,30,23.876497,2.803078,175.8028296,16,30,990,3,"3/27/2013","",0,-75.1673759243643,39.9592890487195,-75.2069459522751,39.9687555499558,"POINT (-75.167376 39.959289)","POINT (-75.206946 39.968756)"
66517,710604,2,71060402,54.81711282,93.68444736,1,NA,7.10604e+11,2,7.10604e+13,7106040202,NA,NA,1,NA,NA,2,1,42,1,42101,"101_103",4210160000,42101000500,90,"8:35",5,NA,NA,NA,"0:00","","","","9:30",21,5,NA,NA,NA,NA,NA,NA,NA,NA,NA,NA,NA,NA,NA,NA,NA,NA,NA,NA,NA,NA,NA,NA,NA,NA,NA,NA,NA,NA,NA,NA,4,1,42,1,42101,"101_115",4210160000,42101026800,2632,1.15,NA,33.959066,7.930932,107.7371145,9,30,570,1,"3/25/2013","",0,-75.1588750233838,39.9528401835985,-75.1399338189646,40.0555332794609,"POINT (-75.158875 39.952840)","POINT (-75.139934 40.055533)"
66518,710604,2,71060402,54.81711282,93.68444736,1,NA,7.10604e+11,3,7.10604e+13,7106040203,NA,NA,1,NA,NA,4,1,42,1,42101,"101_115",4210160000,42101026800,2632,"9999",13,NA,NA,NA,"0:00","","","","12:00",21,5,NA,NA,NA,NA,NA,NA,NA,NA,NA,NA,NA,NA,NA,NA,NA,NA,NA,NA,NA,NA,NA,NA,NA,NA,NA,NA,NA,NA,NA,NA,4,1,42,1,42101,"101_103",4210160000,42101000500,74,1.15,0,30.675832,7.611922,107.7371145,12,0,720,1,"3/25/2013","",0,-75.1399338189646,40.0555332794609,-75.1638872349499,39.9525548857932,"POINT (-75.139934 40.055533)","POINT (-75.163887 39.952555)"
66550,710850,2,71085002,347.9257146,460.5370769,1,NA,7.1085e+11,2,7.1085e+13,7108500202,NA,NA,2,NA,NA,4,1,42,1,42101,"101_106",4210160000,42101011700,2211,"17:00",3,NA,NA,NA,"4:30","","","","22:30",14,5,NA,NA,NA,NA,NA,NA,NA,NA,NA,NA,NA,NA,NA,NA,NA,NA,NA,NA,NA,NA,NA,NA,NA,NA,NA,NA,NA,NA,NA,NA,1,1,42,1,42101,"101_102",4210160000,42101005400,2004,1.12,60,69.619547,10.676673,515.8015262,22,30,1350,1,"4/8/2013","",0,-75.2404391377901,39.9919120806968,-75.2553953178008,39.8878418476806,"POINT (-75.240439 39.991912)","POINT (-75.255395 39.887842)"
66558,710850,4,71085004,347.9257146,587.1044185,1,NA,7.1085e+11,2,7.1085e+13,7108500402,NA,NA,2,NA,NA,3,6,42,1,42101,"101_103",4210160000,42101000401,84,"7:35",3,NA,NA,NA,"7:00","","","","14:35",14,5,NA,NA,NA,NA,NA,NA,NA,NA,NA,NA,NA,NA,NA,NA,NA,NA,NA,NA,NA,NA,NA,NA,NA,NA,NA,NA,NA,NA,NA,NA,1,1,42,1,42101,"101_102",4210160000,42101005400,2004,1.12,85,41.757831,7.444644,657.5569487,14,35,875,1,"4/8/2013","",0,-75.1742868895805,39.952935291834,-75.2553953178008,39.8878418476806,"POINT (-75.174287 39.952935)","POINT (-75.255395 39.887842)"
66661,711230,1,71123001,615.5256787,174.849689,1,NA,7.1123e+11,2,7.1123e+13,7112300102,NA,NA,1,NA,NA,4,1,42,1,42045,"045_202",4204551176,42045407700,4207,"7:19",19,NA,NA,NA,"0:00","","","","7:24",14,5,NA,NA,NA,NA,NA,NA,NA,NA,NA,NA,NA,NA,NA,NA,NA,NA,NA,NA,NA,NA,NA,NA,NA,NA,NA,NA,NA,NA,NA,NA,2,1,42,1,42101,"101_110",4210160000,42101036900,1012,1.17,27,32.504365,8.114064,204.5741361,7,24,444,2,"6/25/2013","",0,-75.3285784262649,39.9077335323186,-75.202230610969,39.9458213862922,"POINT (-75.328578 39.907734)","POINT (-75.202231 39.945821)"
67048,713975,3,71397503,116.5645037,302.2235048,1,NA,7.13975e+11,1,7.13975e+13,7139750301,NA,NA,1,1,2,1,1,42,1,42101,"101_118",4210160000,42101033702,2820,"",1,NA,NA,NA,"0:00","","","","7:35",14,5,NA,NA,NA,NA,NA,NA,NA,NA,NA,NA,NA,NA,NA,NA,NA,NA,NA,NA,NA,NA,NA,NA,NA,NA,NA,NA,NA,NA,NA,NA,2,1,42,1,42101,"101_103",4210160000,42101000500,91,1.13,90,51.97947,11.606472,341.5125604,7,35,455,4,"4/4/2013","",0,-75.0534528142384,40.0711126916022,-75.1612826317197,39.9532127364358,"POINT (-75.053453 40.071113)","POINT (-75.161283 39.953213)"
67049,713975,3,71397503,116.5645037,302.2235048,1,NA,7.13975e+11,2,7.13975e+13,7139750302,NA,NA,1,NA,NA,2,1,42,1,42101,"101_103",4210160000,42101000500,91,"9:05",5,NA,NA,NA,"8:15","","","","18:30",14,5,NA,NA,NA,NA,NA,NA,NA,NA,NA,NA,NA,NA,NA,NA,NA,NA,NA,NA,NA,NA,NA,NA,NA,NA,NA,NA,NA,NA,NA,NA,1,1,42,1,42101,"101_118",4210160000,42101033702,2820,1.13,100,48.85465,11.95346,341.5125604,18,30,1110,4,"4/4/2013","",0,-75.1612826317197,39.9532127364358,-75.0534528142384,40.0711126916022,"POINT (-75.161283 39.953213)","POINT (-75.053453 40.071113)"
67187,715517,1,71551701,482.4406172,110.4759252,1,NA,7.15517e+11,2,7.15517e+13,7155170102,NA,NA,2,NA,NA,4,1,42,1,42101,"101_114",4210160000,42101030200,1610,"16:00",11,NA,NA,NA,"0:30","","","","16:30",14,5,NA,NA,NA,NA,NA,NA,NA,NA,NA,NA,NA,NA,NA,NA,NA,NA,NA,NA,NA,NA,NA,NA,NA,NA,NA,NA,NA,NA,NA,NA,4,1,42,1,42101,"101_114",4210160000,42101030200,1610,1.17,0,8.705571,0.287387,129.2568325,16,30,990,1,"7/29/2013","",0,-75.0798260530761,40.0248633027149,-75.0798260530761,40.0248633027149,"POINT (-75.079826 40.024863)","POINT (-75.079826 40.024863)"
67188,715517,1,71551701,482.4406172,110.4759252,1,NA,7.15517e+11,3,7.15517e+13,7155170103,NA,NA,2,NA,NA,4,1,42,1,42101,"101_114",4210160000,42101030200,1610,"16:30",19,NA,NA,NA,"0:30","","","","17:00",21,5,NA,NA,NA,NA,NA,NA,NA,NA,NA,NA,NA,NA,NA,NA,NA,NA,NA,NA,NA,NA,NA,NA,NA,NA,NA,NA,NA,NA,NA,NA,4,1,42,1,42101,"101_103",4210160000,42101000500,71,1.17,0,30.248819,7.601177,129.2568325,17,0,1020,1,"7/29/2013","",0,-75.0798260530761,40.0248633027149,-75.1584725274299,39.950967187359,"POINT (-75.079826 40.024863)","POINT (-75.158473 39.950967)"
67189,715517,1,71551701,482.4406172,110.4759252,1,NA,7.15517e+11,4,7.15517e+13,7155170104,NA,NA,2,NA,NA,4,1,42,1,42101,"101_103",4210160000,42101000500,71,"17:00",8,NA,NA,NA,"1:00","","","","18:00",21,5,NA,NA,NA,NA,NA,NA,NA,NA,NA,NA,NA,NA,NA,NA,NA,NA,NA,NA,NA,NA,NA,NA,NA,NA,NA,NA,NA,NA,NA,NA,4,1,42,1,42101,"101_103",4210160000,42101000500,71,1.17,30,4.272549,0.0859,129.2568325,18,0,1080,1,"7/29/2013","",0,-75.1584725274299,39.950967187359,-75.1584725274299,39.950967187359,"POINT (-75.158473 39.950967)","POINT (-75.158473 39.950967)"
67190,715517,1,71551701,482.4406172,110.4759252,1,NA,7.15517e+11,5,7.15517e+13,7155170105,NA,NA,2,NA,NA,4,1,42,1,42101,"101_103",4210160000,42101000500,71,"18:30",8,NA,NA,NA,"0:00","","","","19:00",21,5,NA,NA,NA,NA,NA,NA,NA,NA,NA,NA,NA,NA,NA,NA,NA,NA,NA,NA,NA,NA,NA,NA,NA,NA,NA,NA,NA,NA,NA,NA,4,1,42,1,42101,"101_101",4210160000,42101017701,1406,1.17,30,21.066942,4.828252,129.2568325,19,0,1140,1,"7/29/2013","",0,-75.1584725274299,39.950967187359,-75.1167543574063,39.9964550323616,"POINT (-75.158473 39.950967)","POINT (-75.116754 39.996455)"
67191,715517,1,71551701,482.4406172,110.4759252,1,NA,7.15517e+11,6,7.15517e+13,7155170106,NA,NA,2,NA,NA,4,1,42,1,42101,"101_101",4210160000,42101017701,1406,"19:30",12,NA,NA,NA,"2:00","","","","21:30",14,5,NA,NA,NA,NA,NA,NA,NA,NA,NA,NA,NA,NA,NA,NA,NA,NA,NA,NA,NA,NA,NA,NA,NA,NA,NA,NA,NA,NA,NA,NA,4,1,42,1,42101,"101_109",4210160000,42101037900,618,1.17,30,15.751776,1.879894,129.2568325,21,30,1290,1,"7/29/2013","",0,-75.1167543574063,39.9964550323616,-75.0972035448796,39.9884463740478,"POINT (-75.116754 39.996455)","POINT (-75.097204 39.988446)"
67192,715517,1,71551701,482.4406172,110.4759252,1,NA,7.15517e+11,7,7.15517e+13,7155170107,NA,NA,2,NA,NA,4,1,42,1,42101,"101_109",4210160000,42101037900,618,"22:00",12,NA,NA,NA,"2:00","","","","0:00",14,5,NA,NA,NA,NA,NA,NA,NA,NA,NA,NA,NA,NA,NA,NA,NA,NA,NA,NA,NA,NA,NA,NA,NA,NA,NA,NA,NA,NA,NA,NA,1,1,42,1,42101,"101_114",4210160000,42101030000,1607,1.17,30,21.606563,3.83291,129.2568325,0,0,0,1,"7/29/2013","",0,-75.0972035448796,39.9884463740478,-75.0750322611491,40.0214372944722,"POINT (-75.097204 39.988446)","POINT (-75.075032 40.021437)"
67661,718603,1,71860301,230.1815623,1194.603995,1,NA,7.18603e+11,1,7.18603e+13,7186030101,NA,NA,3,0,1,4,1,42,1,42029,"029_306",4202983080,42029302702,7034,"",8,NA,NA,NA,"0:00","","","","15:00",14,5,NA,NA,NA,NA,NA,NA,NA,NA,NA,NA,NA,NA,NA,NA,NA,NA,NA,NA,NA,NA,NA,NA,NA,NA,NA,NA,NA,NA,NA,NA,1,1,42,1,42029,"029_306",4202982704,42029302500,7021,1.17,15,25.18195,3.132405,1397.686674,15,0,900,3,"7/24/2013","",0,-75.5699866645082,39.9739865373802,-75.6074734875017,39.9538603024119,"POINT (-75.569987 39.973987)","POINT (-75.607473 39.953860)"
67754,719008,1,71900801,51.89662555,89.63109736,1,NA,7.19008e+11,3,7.19008e+13,7190080103,NA,NA,1,NA,NA,4,1,42,1,42101,"101_103",4210160000,42101001800,5,"8:18",19,NA,NA,NA,"0:07","","","","8:25",14,5,NA,NA,NA,NA,NA,NA,NA,NA,NA,NA,NA,NA,NA,NA,NA,NA,NA,NA,NA,NA,NA,NA,NA,NA,NA,NA,NA,NA,NA,NA,2,1,42,1,42101,"101_107",4210160000,42101037700,414,1.15,25,28.543781,3.1363,103.075762,8,25,505,5,"4/12/2013","",0,-75.1593108938158,39.9400078893569,-75.1545851492175,39.9813757258968,"POINT (-75.159311 39.940008)","POINT (-75.154585 39.981376)"
67857,719395,2,71939502,482.1582145,323.1896025,1,NA,7.19395e+11,1,7.19395e+13,7193950201,NA,NA,2,1,2,1,1,42,1,42101,"101_104",4210160000,42101035200,3034,"",1,14,96,NA,"2:00","","2:15","","7:45",14,5,NA,NA,NA,NA,NA,NA,NA,NA,NA,NA,NA,NA,NA,NA,NA,NA,NA,NA,NA,NA,NA,NA,NA,NA,NA,NA,NA,NA,NA,NA,4,1,42,1,42101,"101_111",4210160000,42101008000,1206,1.17,113,57.10683,17.618038,378.1318349,7,45,465,2,"8/6/2013","",0,-74.9919645563739,40.0557019160434,-75.2268441409671,39.9506693986123,"POINT (-74.991965 40.055702)","POINT (-75.226844 39.950669)"
67858,719395,2,71939502,482.1582145,323.1896025,1,NA,7.19395e+11,2,7.19395e+13,7193950202,NA,NA,2,NA,NA,4,1,42,1,42101,"101_111",4210160000,42101008000,1206,"9:38",96,NA,NA,NA,"1:15","","","","10:53",21,5,NA,NA,NA,NA,NA,NA,NA,NA,NA,NA,NA,NA,NA,NA,NA,NA,NA,NA,NA,NA,NA,NA,NA,NA,NA,NA,NA,NA,NA,NA,1,1,42,1,42101,"101_104",4210160000,42101035200,3034,1.17,107,69.843187,17.599581,378.1318349,10,53,653,2,"8/6/2013","",0,-75.2268441409671,39.9506693986123,-74.9919645563739,40.0557019160434,"POINT (-75.226844 39.950669)","POINT (-74.991965 40.055702)"
67882,719635,1,71963501,312.2246993,167.2769729,1,NA,7.19635e+11,2,7.19635e+13,7196350102,NA,NA,2,NA,NA,4,1,42,1,42101,"101_110",4210160000,42101036900,1018,"13:00",6,NA,NA,NA,"1:15","","","","14:15",23,5,NA,NA,NA,NA,NA,NA,NA,NA,NA,NA,NA,NA,NA,NA,NA,NA,NA,NA,NA,NA,NA,NA,NA,NA,NA,NA,NA,NA,NA,NA,4,1,42,1,42101,"101_103",4210160000,42101000500,73,1.17,NA,18.77188,2.295616,195.7140583,14,15,855,4,"3/28/2013","",0,-75.1957094473416,39.9494354858208,-75.1625826795934,39.9513495936779,"POINT (-75.195709 39.949435)","POINT (-75.162583 39.951350)"
67884,719635,1,71963501,312.2246993,167.2769729,1,NA,7.19635e+11,4,7.19635e+13,7196350104,NA,NA,2,NA,NA,4,1,42,1,42101,"101_103",4210160000,42101000500,90,"15:15",8,NA,NA,NA,"1:00","","","","16:15",23,5,NA,NA,NA,NA,NA,NA,NA,NA,NA,NA,NA,NA,NA,NA,NA,NA,NA,NA,NA,NA,NA,NA,NA,NA,NA,NA,NA,NA,NA,NA,1,1,42,1,42101,"101_111",4210160000,42101008302,1210,1.17,75,23.723231,4.876967,195.7140583,16,15,975,4,"3/28/2013","",0,-75.1588750233838,39.9528401835985,-75.2414396306448,39.9567061667391,"POINT (-75.158875 39.952840)","POINT (-75.241440 39.956706)"
67910,720084,1,72008401,707.2955634,688.6192508,1,NA,7.20084e+11,1,7.20084e+13,7200840101,NA,NA,2,2,2,1,1,42,1,42101,"101_113",4210160000,42101034501,3401,"",1,7,NA,NA,"2:50","2:30","","","10:22",14,5,NA,NA,NA,NA,NA,NA,NA,NA,NA,NA,NA,NA,NA,NA,NA,NA,NA,NA,NA,NA,NA,NA,NA,NA,NA,NA,NA,NA,NA,NA,4,1,42,1,42101,"101_116",4210160000,42101980300,3616,1.17,28,20.373907,1.765937,805.6845234,10,22,622,2,"8/20/2013","",0,-75.0392105966606,40.0749172415666,-75.0120774331965,40.0817234736775,"POINT (-75.039211 40.074917)","POINT (-75.012077 40.081723)"
67914,720084,2,72008402,707.2955634,169.138788,1,NA,7.20084e+11,1,7.20084e+13,7200840201,NA,NA,1,11,2,1,1,42,1,42101,"101_113",4210160000,42101034501,3401,"",1,NA,NA,NA,"2:00","","","","5:00",14,5,NA,NA,NA,NA,NA,NA,NA,NA,NA,NA,NA,NA,NA,NA,NA,NA,NA,NA,NA,NA,NA,NA,NA,NA,NA,NA,NA,NA,NA,NA,4,1,42,1,42101,"101_114",4210160000,42101030200,1610,1.17,25,26.658341,4.415436,197.892382,5,0,300,2,"8/20/2013","",0,-75.0392105966606,40.0749172415666,-75.0798260530761,40.0248633027149,"POINT (-75.039211 40.074917)","POINT (-75.079826 40.024863)"
67915,720084,2,72008402,707.2955634,169.138788,1,NA,7.20084e+11,2,7.20084e+13,7200840202,NA,NA,1,NA,NA,4,1,42,1,42101,"101_114",4210160000,42101030200,1610,"5:25",19,NA,NA,NA,"0:02","","","","5:30",21,5,NA,NA,NA,NA,NA,NA,NA,NA,NA,NA,NA,NA,NA,NA,NA,NA,NA,NA,NA,NA,NA,NA,NA,NA,NA,NA,NA,NA,NA,NA,4,1,42,1,42101,"101_110",4210160000,42101008602,1035,1.17,45,43.004046,10.708574,197.892382,5,30,330,2,"8/20/2013","",0,-75.0798260530761,40.0248633027149,-75.216704781889,39.9569805572676,"POINT (-75.079826 40.024863)","POINT (-75.216705 39.956981)"
67918,720084,2,72008402,707.2955634,169.138788,1,1,7.20084e+11,5,7.20084e+13,7200840205,NA,NA,1,NA,NA,4,1,42,1,42101,"101_110",4210160000,42101008602,1035,"15:10",19,NA,NA,NA,"0:01","","","","15:20",21,5,NA,NA,NA,NA,NA,NA,NA,NA,NA,NA,NA,NA,NA,NA,NA,NA,NA,NA,NA,NA,NA,NA,NA,NA,NA,NA,NA,NA,NA,NA,4,1,42,1,42101,"101_103",4210160000,42101000402,76,1.17,5,14.50493,2.866421,197.892382,15,20,920,2,"8/20/2013","",0,-75.216704781889,39.9569805572676,-75.1662257986882,39.9519342771783,"POINT (-75.216705 39.956981)","POINT (-75.166226 39.951934)"
67920,720084,2,72008402,707.2955634,169.138788,1,1,7.20084e+11,7,7.20084e+13,7200840207,NA,NA,1,NA,NA,4,1,42,1,42101,"101_103",4210160000,42101000402,80,"15:28",19,NA,NA,NA,"0:01","","","","15:30",14,5,NA,NA,NA,NA,NA,NA,NA,NA,NA,NA,NA,NA,NA,NA,NA,NA,NA,NA,NA,NA,NA,NA,NA,NA,NA,NA,NA,NA,NA,NA,4,1,42,1,42101,"101_112",4210160000,42101003800,814,1.17,20,24.626065,3.029347,197.892382,15,30,930,2,"8/20/2013","",0,-75.1677276497158,39.9525760413027,-75.1815493379532,39.9195932035454,"POINT (-75.167728 39.952576)","POINT (-75.181549 39.919593)"
67923,720084,2,72008402,707.2955634,169.138788,1,NA,7.20084e+11,10,7.20084e+13,7200840210,NA,NA,1,NA,NA,4,1,42,1,42101,"101_112",4210160000,42101003800,814,"23:10",19,NA,NA,NA,"0:01","","","","23:11",14,5,NA,NA,NA,NA,NA,NA,NA,NA,NA,NA,NA,NA,NA,NA,NA,NA,NA,NA,NA,NA,NA,NA,NA,NA,NA,NA,NA,NA,NA,NA,4,1,42,1,42101,"101_103",4210160000,42101000402,76,1.17,44,21.76301,3.081167,197.892382,23,11,1391,2,"8/20/2013","",0,-75.1815493379532,39.9195932035454,-75.1662257986882,39.9519342771783,"POINT (-75.181549 39.919593)","POINT (-75.166226 39.951934)"
67924,720084,2,72008402,707.2955634,169.138788,1,NA,7.20084e+11,11,7.20084e+13,7200840211,NA,NA,1,NA,NA,4,1,42,1,42101,"101_103",4210160000,42101000402,76,"23:55",19,NA,NA,NA,"0:01","","","","0:05",21,5,NA,NA,NA,NA,NA,NA,NA,NA,NA,NA,NA,NA,NA,NA,NA,NA,NA,NA,NA,NA,NA,NA,NA,NA,NA,NA,NA,NA,NA,NA,4,1,42,1,42101,"101_114",4210160000,42101030200,1610,1.17,0,33.433333,7.982553,197.892382,0,5,5,2,"8/20/2013","",0,-75.1662257986882,39.9519342771783,-75.0798260530761,40.0248633027149,"POINT (-75.166226 39.951934)","POINT (-75.079826 40.024863)"
67925,720084,2,72008402,707.2955634,169.138788,1,NA,7.20084e+11,12,7.20084e+13,7200840212,NA,NA,1,NA,NA,4,1,42,1,42101,"101_114",4210160000,42101030200,1610,"0:05",19,NA,NA,NA,"","","","","0:20",14,5,NA,NA,NA,NA,NA,NA,NA,NA,NA,NA,NA,NA,NA,NA,NA,NA,NA,NA,NA,NA,NA,NA,NA,NA,NA,NA,NA,NA,NA,NA,1,1,42,1,42101,"101_113",4210160000,42101034501,3401,1.17,-20,28.076055,4.863488,197.892382,0,20,20,2,"8/20/2013","",0,-75.0798260530761,40.0248633027149,-75.0392105966606,40.0749172415666,"POINT (-75.079826 40.024863)","POINT (-75.039211 40.074917)"
67927,720084,3,72008403,707.2955634,371.2417753,1,NA,7.20084e+11,1,7.20084e+13,7200840301,NA,NA,2,2,2,1,1,42,1,42101,"101_113",4210160000,42101034501,3401,"",1,NA,NA,NA,"7:20","","","","10:22",14,5,NA,NA,NA,NA,NA,NA,NA,NA,NA,NA,NA,NA,NA,NA,NA,NA,NA,NA,NA,NA,NA,NA,NA,NA,NA,NA,NA,NA,NA,NA,4,1,42,1,42101,"101_116",4210160000,42101034600,3610,1.17,25,17.020753,0.907102,434.3528771,10,22,622,2,"8/20/2013","",0,-75.0392105966606,40.0749172415666,-75.0245969202952,40.0722619717747,"POINT (-75.039211 40.074917)","POINT (-75.024597 40.072262)"
68186,721835,1,72183501,544.617553,1295.682848,1,NA,7.21835e+11,1,7.21835e+13,7218350101,NA,NA,3,1,2,2,1,42,1,42101,"101_103",4210160000,42101000500,74,"",3,NA,NA,NA,"0:00","","","","8:55",14,5,NA,NA,NA,NA,NA,NA,NA,NA,NA,NA,NA,NA,NA,NA,NA,NA,NA,NA,NA,NA,NA,NA,NA,NA,NA,NA,NA,NA,NA,NA,2,1,42,1,42091,"091_401",4209144976,42091205300,10012,1.17,175,31.334246,9.635581,1515.948933,8,55,535,3,"3/27/2013","",0,-75.1638872349499,39.9525548857932,-75.2984304981332,40.0094456354775,"POINT (-75.163887 39.952555)","POINT (-75.298430 40.009446)"
68187,721835,1,72183501,544.617553,1295.682848,1,NA,7.21835e+11,2,7.21835e+13,7218350102,NA,NA,3,NA,NA,2,1,42,1,42091,"091_401",4209144976,42091205300,10012,"11:50",5,NA,NA,NA,"0:00","","","","16:00",14,5,NA,NA,NA,NA,NA,NA,NA,NA,NA,NA,NA,NA,NA,NA,NA,NA,NA,NA,NA,NA,NA,NA,NA,NA,NA,NA,NA,NA,NA,NA,1,1,42,1,42045,"045_203",4204579000,42045400500,4459,1.17,60,31.037443,6.11482,1515.948933,16,0,960,3,"3/27/2013","",0,-75.2984304981332,40.0094456354775,-75.2626735411038,39.9640057100153,"POINT (-75.298430 40.009446)","POINT (-75.262674 39.964006)"
68189,721835,2,72183502,544.617553,2484.752587,1,NA,7.21835e+11,1,7.21835e+13,7218350201,NA,NA,3,1,2,2,1,42,1,42045,"045_203",4204579000,42045410500,4453,"",14,NA,NA,NA,"0:00","","","","6:55",14,5,NA,NA,NA,NA,NA,NA,NA,NA,NA,NA,NA,NA,NA,NA,NA,NA,NA,NA,NA,NA,NA,NA,NA,NA,NA,NA,NA,NA,NA,NA,2,1,42,1,42045,"045_206",4204563264,42045409802,5053,1.17,NA,51.199439,10.627368,2907.160527,6,55,415,3,"3/27/2013","",0,-75.2538526622578,39.9589775244658,-75.3756545846891,40.0397732711601,"POINT (-75.253853 39.958978)","POINT (-75.375655 40.039773)"
68190,721835,2,72183502,544.617553,2484.752587,1,NA,7.21835e+11,2,7.21835e+13,7218350202,NA,NA,3,NA,NA,2,1,42,1,42045,"045_206",4204563264,42045409802,5053,"9999",5,NA,NA,NA,"0:00","","","","12:00",14,5,NA,NA,NA,NA,NA,NA,NA,NA,NA,NA,NA,NA,NA,NA,NA,NA,NA,NA,NA,NA,NA,NA,NA,NA,NA,NA,NA,NA,NA,NA,1,1,42,1,42045,"045_203",4204579000,42045400500,4459,1.17,90,58.624925,12.346238,2907.160527,12,0,720,3,"3/27/2013","",0,-75.3756545846891,40.0397732711601,-75.2626735411038,39.9640057100153,"POINT (-75.375655 40.039773)","POINT (-75.262674 39.964006)"
68192,721835,3,72183503,544.617553,172.2098605,1,NA,7.21835e+11,1,7.21835e+13,7218350301,NA,NA,3,0,2,4,3,42,1,42101,"101_111",4210160000,42101010700,1225,"",6,NA,NA,NA,"0:00","","","","16:00",14,5,NA,NA,NA,NA,NA,NA,NA,NA,NA,NA,NA,NA,NA,NA,NA,NA,NA,NA,NA,NA,NA,NA,NA,NA,NA,NA,NA,NA,NA,NA,1,1,42,1,42045,"045_203",4204579000,42045400500,4459,1.17,0,29.120277,4.092192,201.4855368,16,0,960,3,"3/27/2013","",0,-75.2069459522751,39.9687555499558,-75.2626735411038,39.9640057100153,"POINT (-75.206946 39.968756)","POINT (-75.262674 39.964006)"
68287,722501,1,72250101,215.8618035,94.83648505,1,NA,7.22501e+11,2,7.22501e+13,7225010102,NA,NA,2,NA,NA,4,1,42,1,42101,"101_103",4210160000,42101000700,59,"9999",19,NA,NA,NA,"0:00","","","","10:09",14,5,NA,NA,NA,NA,NA,NA,NA,NA,NA,NA,NA,NA,NA,NA,NA,NA,NA,NA,NA,NA,NA,NA,NA,NA,NA,NA,NA,NA,NA,NA,4,1,42,1,42101,"101_103",4210160000,42101001800,5,1.17,4,15.553871,0.890747,110.9586875,10,9,609,5,"4/5/2013","",0,-75.1649773922386,39.9502186753736,-75.1593108938158,39.9400078893569,"POINT (-75.164977 39.950219)","POINT (-75.159311 39.940008)"
68293,722501,2,72250102,215.8618035,89.96330309,1,NA,7.22501e+11,2,7.22501e+13,7225010202,NA,NA,2,NA,NA,4,1,42,1,42101,"101_103",4210160000,42101000700,59,"9:47",19,NA,NA,NA,"0:00","","","","10:09",14,5,NA,NA,NA,NA,NA,NA,NA,NA,NA,NA,NA,NA,NA,NA,NA,NA,NA,NA,NA,NA,NA,NA,NA,NA,NA,NA,NA,NA,NA,NA,4,1,42,1,42101,"101_103",4210160000,42101000902,38,1.17,4,12.599956,0.754011,105.2570646,10,9,609,5,"4/5/2013","",0,-75.1649773922386,39.9502186753736,-75.1550731760754,39.9469560187574,"POINT (-75.164977 39.950219)","POINT (-75.155073 39.946956)"
68412,723017,1,72301701,98.744416,78.67896507,1,NA,7.23017e+11,2,7.23017e+13,7230170102,NA,NA,1,NA,NA,4,1,42,1,42045,"045_206",4204533144,42045408800,5017,"7:06",19,NA,NA,NA,"0:00","","","","7:14",21,5,NA,NA,NA,NA,NA,NA,NA,NA,NA,NA,NA,NA,NA,NA,NA,NA,NA,NA,NA,NA,NA,NA,NA,NA,NA,NA,NA,NA,NA,NA,2,1,42,1,42101,"101_103",4210160000,42101000402,98,1.12,32,36.444762,8.791219,88.12044088,7,14,434,5,"4/5/2013","",0,-75.3002409178272,39.9964440900826,-75.1672929773502,39.9544153783527,"POINT (-75.300241 39.996444)","POINT (-75.167293 39.954415)"
68414,723017,1,72301701,98.744416,78.67896507,1,1,7.23017e+11,4,7.23017e+13,7230170104,NA,NA,1,NA,NA,4,1,42,1,42101,"101_103",4210160000,42101000402,76,"16:16",19,NA,NA,NA,"0:00","","","","16:20",21,5,NA,NA,NA,NA,NA,NA,NA,NA,NA,NA,NA,NA,NA,NA,NA,NA,NA,NA,NA,NA,NA,NA,NA,NA,NA,NA,NA,NA,NA,NA,2,1,42,1,42101,"101_103",4210160000,42101000402,98,1.12,36,4.05,0.200703,88.12044088,16,20,980,5,"4/5/2013","",0,-75.1662257986882,39.9519342771783,-75.1672929773502,39.9544153783527,"POINT (-75.166226 39.951934)","POINT (-75.167293 39.954415)"
68468,723816,1,72381601,367.4334267,210.221629,1,NA,7.23816e+11,1,7.23816e+13,7238160101,NA,NA,2,2,2,1,1,42,1,42101,"101_111",4210160000,42101010700,1225,"",1,16,1,NA,"2:00","0:01","1:20","","9:00",14,5,NA,NA,NA,NA,NA,NA,NA,NA,NA,NA,NA,NA,NA,NA,NA,NA,NA,NA,NA,NA,NA,NA,NA,NA,NA,NA,NA,NA,NA,NA,4,1,42,1,42101,"101_110",4210160000,42101036900,1026,1.12,60,19.85563,2.496431,235.4482245,9,0,540,3,"4/24/2013","",0,-75.2069459522751,39.9687555499558,-75.1840170635385,39.9534784074457,"POINT (-75.206946 39.968756)","POINT (-75.184017 39.953478)"
68469,723816,1,72381601,367.4334267,210.221629,1,NA,7.23816e+11,2,7.23816e+13,7238160102,NA,NA,2,NA,NA,4,1,42,1,42101,"101_110",4210160000,42101036900,1026,"10:00",6,8,NA,NA,"1:40","0:20","","","12:15",14,5,NA,NA,NA,NA,NA,NA,NA,NA,NA,NA,NA,NA,NA,NA,NA,NA,NA,NA,NA,NA,NA,NA,NA,NA,NA,NA,NA,NA,NA,NA,4,1,42,1,42101,"101_110",4210160000,42101008601,1027,1.12,75,18.05345,2.185841,235.4482245,12,15,735,3,"4/24/2013","",0,-75.1840170635385,39.9534784074457,-75.2165947836222,39.9537421538695,"POINT (-75.184017 39.953478)","POINT (-75.216595 39.953742)"
68470,723816,1,72381601,367.4334267,210.221629,1,NA,7.23816e+11,3,7.23816e+13,7238160103,NA,NA,2,NA,NA,4,1,42,1,42101,"101_110",4210160000,42101008601,1027,"13:30",13,8,NA,NA,"1:30","0:10","","","15:10",14,5,NA,NA,NA,NA,NA,NA,NA,NA,NA,NA,NA,NA,NA,NA,NA,NA,NA,NA,NA,NA,NA,NA,NA,NA,NA,NA,NA,NA,NA,NA,1,1,42,1,42101,"101_111",4210160000,42101010700,1225,1.12,80,20.168932,1.745895,235.4482245,15,10,910,3,"4/24/2013","",0,-75.2165947836222,39.9537421538695,-75.2069459522751,39.9687555499558,"POINT (-75.216595 39.953742)","POINT (-75.206946 39.968756)"
68471,723816,1,72381601,367.4334267,210.221629,2,NA,7.23816e+11,4,7.23816e+13,7238160104,NA,NA,2,1,NA,1,1,42,1,42101,"101_111",4210160000,42101010700,1225,"16:30",1,12,14,NA,"0:30","1:30","0:30","","19:00",14,5,NA,NA,NA,NA,NA,NA,NA,NA,NA,NA,NA,NA,NA,NA,NA,NA,NA,NA,NA,NA,NA,NA,NA,NA,NA,NA,NA,NA,NA,NA,4,1,42,1,42101,"101_110",4210160000,42101008802,1031,1.12,60,11.008541,1.607082,235.4482245,19,0,1140,3,"4/24/2013","",0,-75.2069459522751,39.9687555499558,-75.2024327640643,39.9546329212277,"POINT (-75.206946 39.968756)","POINT (-75.202433 39.954633)"
68472,723816,1,72381601,367.4334267,210.221629,2,NA,7.23816e+11,5,7.23816e+13,7238160105,NA,NA,2,NA,NA,4,1,42,1,42101,"101_110",4210160000,42101008802,1031,"20:00",12,8,NA,NA,"1:00","0:20","","","21:30",14,5,NA,NA,NA,NA,NA,NA,NA,NA,NA,NA,NA,NA,NA,NA,NA,NA,NA,NA,NA,NA,NA,NA,NA,NA,NA,NA,NA,NA,NA,NA,1,1,42,1,42101,"101_111",4210160000,42101010700,1225,1.12,60,12.919618,1.21946,235.4482245,21,30,1290,3,"4/24/2013","",0,-75.2024327640643,39.9546329212277,-75.2069459522751,39.9687555499558,"POINT (-75.202433 39.954633)","POINT (-75.206946 39.968756)"
68478,723816,2,72381602,367.4334267,297.9814313,1,NA,7.23816e+11,5,7.23816e+13,7238160205,NA,NA,3,NA,NA,4,1,42,1,42101,"101_110",4210160000,42101980000,1040,"20:00",19,NA,NA,NA,"0:30","","","","20:30",14,5,NA,NA,NA,NA,NA,NA,NA,NA,NA,NA,NA,NA,NA,NA,NA,NA,NA,NA,NA,NA,NA,NA,NA,NA,NA,NA,NA,NA,NA,NA,1,1,42,1,42101,"101_111",4210160000,42101010700,1225,1.12,30,20.568581,2.04813,333.7392031,20,30,1230,3,"4/24/2013","",0,-75.1834073455283,39.9599979498596,-75.2069459522751,39.9687555499558,"POINT (-75.183407 39.959998)","POINT (-75.206946 39.968756)"
68480,723816,3,72381603,367.4334267,439.1560558,1,NA,7.23816e+11,1,7.23816e+13,7238160301,NA,NA,2,3,2,1,1,42,1,42101,"101_111",4210160000,42101010700,1225,"",1,2,NA,NA,"3:00","2:00","","","8:00",14,5,NA,NA,NA,NA,NA,NA,NA,NA,NA,NA,NA,NA,NA,NA,NA,NA,NA,NA,NA,NA,NA,NA,NA,NA,NA,NA,NA,NA,NA,NA,3,1,42,1,42101,"101_110",4210160000,42101008602,1035,1.12,40,15.668211,1.613297,491.8547825,8,0,480,3,"4/24/2013","",0,-75.2069459522751,39.9687555499558,-75.216704781889,39.9569805572676,"POINT (-75.206946 39.968756)","POINT (-75.216705 39.956981)"
68482,723816,3,72381603,367.4334267,439.1560558,1,NA,7.23816e+11,3,7.23816e+13,7238160303,NA,NA,2,NA,NA,4,1,42,1,42101,"101_111",4210160000,42101008500,1211,"16:30",19,NA,NA,NA,"0:30","","","","17:10",14,5,NA,NA,NA,NA,NA,NA,NA,NA,NA,NA,NA,NA,NA,NA,NA,NA,NA,NA,NA,NA,NA,NA,NA,NA,NA,NA,NA,NA,NA,NA,4,1,42,1,42101,"101_106",4210160000,42101011100,1233,1.12,0,20.279368,0.411326,491.8547825,17,10,1030,3,"4/24/2013","",0,-75.2285144184624,39.9571346571898,-75.2189630817448,39.9770601294518,"POINT (-75.228514 39.957135)","POINT (-75.218963 39.977060)"
68483,723816,3,72381603,367.4334267,439.1560558,1,NA,7.23816e+11,4,7.23816e+13,7238160304,NA,NA,2,NA,NA,4,1,42,1,42101,"101_106",4210160000,42101011100,1233,"17:10",19,NA,NA,NA,"0:10","","","","17:20",14,5,NA,NA,NA,NA,NA,NA,NA,NA,NA,NA,NA,NA,NA,NA,NA,NA,NA,NA,NA,NA,NA,NA,NA,NA,NA,NA,NA,NA,NA,NA,1,1,42,1,42101,"101_111",4210160000,42101010700,1225,1.12,10,15.409131,1.353795,491.8547825,17,20,1040,3,"4/24/2013","",0,-75.2189630817448,39.9770601294518,-75.2069459522751,39.9687555499558,"POINT (-75.218963 39.977060)","POINT (-75.206946 39.968756)"
68539,724431,1,72443101,151.067073,80.39423017,1,NA,7.24431e+11,2,7.24431e+13,7244310102,NA,NA,1,NA,NA,4,1,42,1,42029,"029_311",4202977344,42029300103,8009,"6:25",19,NA,NA,NA,"0:00","","","","6:35",14,5,NA,NA,NA,NA,NA,NA,NA,NA,NA,NA,NA,NA,NA,NA,NA,NA,NA,NA,NA,NA,NA,NA,NA,NA,NA,NA,NA,NA,NA,NA,2,1,42,1,42101,"101_103",4210160000,42101000401,85,1.17,55,41.265516,19.367126,94.0612493,6,35,395,3,"4/3/2013","",0,-75.4829079089365,40.0451966969818,-75.1779217463161,39.9533873770951,"POINT (-75.482908 40.045197)","POINT (-75.177922 39.953387)"
68728,725975,1,72597501,656.9249092,116.2809995,1,NA,7.25975e+11,1,7.25975e+13,7259750101,NA,NA,3,2,2,4,1,42,1,42101,"101_112",4210160000,42101003902,810,"",19,20,NA,NA,"0:00","","","","8:05",14,5,NA,NA,NA,NA,NA,NA,NA,NA,NA,NA,NA,NA,NA,NA,NA,NA,NA,NA,NA,NA,NA,NA,NA,NA,NA,NA,NA,NA,NA,NA,4,1,42,1,42101,"101_103",4210160000,42101000700,60,1.17,23,19.614284,2.334525,136.0487694,8,5,485,4,"4/4/2013","",0,-75.1739067739298,39.9188306771315,-75.1673585815214,39.9505151310837,"POINT (-75.173907 39.918831)","POINT (-75.167359 39.950515)"
68732,725975,2,72597502,656.9249092,112.4409284,1,NA,7.25975e+11,1,7.25975e+13,7259750201,NA,NA,3,0,2,2,1,42,1,42101,"101_103",4210160000,42101000500,91,"",5,NA,NA,NA,"9:40","","","","15:40",14,5,NA,NA,NA,NA,NA,NA,NA,NA,NA,NA,NA,NA,NA,NA,NA,NA,NA,NA,NA,NA,NA,NA,NA,NA,NA,NA,NA,NA,NA,NA,1,1,42,1,42101,"101_112",4210160000,42101004002,811,1.17,30,18.064088,2.930108,131.5558862,15,40,940,4,"4/4/2013","",0,-75.1612826317197,39.9532127364358,-75.1674177927973,39.9189023781397,"POINT (-75.161283 39.953213)","POINT (-75.167418 39.918902)"
68733,725975,2,72597502,656.9249092,112.4409284,2,NA,7.25975e+11,2,7.25975e+13,7259750202,NA,NA,2,2,NA,1,1,42,1,42101,"101_112",4210160000,42101004002,811,"16:10",1,NA,NA,NA,"0:00","","","","16:20",14,5,NA,NA,NA,NA,NA,NA,NA,NA,NA,NA,NA,NA,NA,NA,NA,NA,NA,NA,NA,NA,NA,NA,NA,NA,NA,NA,NA,NA,NA,NA,4,1,42,1,42101,"101_112",4210160000,42101037200,803,1.17,5,10.470137,0.98381,131.5558862,16,20,980,4,"4/4/2013","",0,-75.1674177927973,39.9189023781397,-75.1543285653421,39.912135860101,"POINT (-75.167418 39.918902)","POINT (-75.154329 39.912136)"
68734,725975,2,72597502,656.9249092,112.4409284,2,NA,7.25975e+11,3,7.25975e+13,7259750203,NA,NA,2,NA,NA,4,1,42,1,42101,"101_112",4210160000,42101037200,803,"16:25",8,NA,NA,NA,"0:00","","","","16:50",14,5,NA,NA,NA,NA,NA,NA,NA,NA,NA,NA,NA,NA,NA,NA,NA,NA,NA,NA,NA,NA,NA,NA,NA,NA,NA,NA,NA,NA,NA,NA,4,1,42,1,42101,"101_112",4210160000,42101003901,817,1.17,10,17.669271,1.556646,131.5558862,16,50,1010,4,"4/4/2013","",0,-75.1543285653421,39.912135860101,-75.1738700412219,39.9219806989111,"POINT (-75.154329 39.912136)","POINT (-75.173870 39.921981)"
68968,727268,1,72726801,193.5636386,337.4678512,1,NA,7.27268e+11,1,7.27268e+13,7272680101,NA,NA,3,1,2,4,1,42,1,42101,"101_103",4210160000,42101000600,56,"",1,NA,NA,NA,"3:10","","","","6:10",14,5,NA,NA,NA,NA,NA,NA,NA,NA,NA,NA,NA,NA,NA,NA,NA,NA,NA,NA,NA,NA,NA,NA,NA,NA,NA,NA,NA,NA,NA,NA,2,1,42,1,42101,"101_103",4210160000,42101000600,56,1.12,20,2.079165,0.083988,377.9639933,6,10,370,2,"4/30/2013","",0,-75.1580149724927,39.9493530835764,-75.1580149724927,39.9493530835764,"POINT (-75.158015 39.949353)","POINT (-75.158015 39.949353)"
69143,728176,1,72817601,345.5485017,775.6891386,1,NA,7.28176e+11,1,7.28176e+13,7281760101,NA,NA,1,1,2,1,1,42,1,42101,"101_110",4210160000,42101007900,1021,"",1,NA,NA,NA,"4:15","","","","8:20",14,5,NA,NA,NA,NA,NA,NA,NA,NA,NA,NA,NA,NA,NA,NA,NA,NA,NA,NA,NA,NA,NA,NA,NA,NA,NA,NA,NA,NA,NA,NA,2,1,42,1,42101,"101_103",4210160000,42101000500,91,1.17,21,22.758326,3.691993,907.5562922,8,20,500,2,"7/23/2013","",0,-75.2182588102061,39.950471058218,-75.1612826317197,39.9532127364358,"POINT (-75.218259 39.950471)","POINT (-75.161283 39.953213)"
69144,728176,1,72817601,345.5485017,775.6891386,1,NA,7.28176e+11,2,7.28176e+13,7281760102,NA,NA,1,NA,NA,2,1,42,1,42101,"101_103",4210160000,42101000500,91,"8:41",12,5,96,NA,"6:30","1:00","","","16:41",14,5,NA,NA,NA,NA,NA,NA,NA,NA,NA,NA,NA,NA,NA,NA,NA,NA,NA,NA,NA,NA,NA,NA,NA,NA,NA,NA,NA,NA,NA,NA,1,1,42,1,42101,"101_110",4210160000,42101007900,1021,1.17,19,24.693771,3.655025,907.5562922,16,41,1001,2,"7/23/2013","",0,-75.1612826317197,39.9532127364358,-75.2182588102061,39.950471058218,"POINT (-75.161283 39.953213)","POINT (-75.218259 39.950471)"
69175,728623,1,72862301,124.5052791,130.7998966,1,NA,7.28623e+11,1,7.28623e+13,7286230101,NA,NA,2,2,2,1,1,42,1,42101,"101_103",4210160000,42101013402,138,"",1,10,NA,NA,"2:00","","","","8:45",14,5,NA,NA,NA,NA,NA,NA,NA,NA,NA,NA,NA,NA,NA,NA,NA,NA,NA,NA,NA,NA,NA,NA,NA,NA,NA,NA,NA,NA,NA,NA,4,1,42,1,42101,"101_103",4210160000,42101000902,38,1.12,35,22.035241,2.161041,146.4958842,8,45,525,1,"4/15/2013","",0,-75.1690343341821,39.9653703786754,-75.1550731760754,39.9469560187574,"POINT (-75.169034 39.965370)","POINT (-75.155073 39.946956)"
69177,728623,1,72862301,124.5052791,130.7998966,1,NA,7.28623e+11,3,7.28623e+13,7286230103,NA,NA,2,NA,NA,4,1,42,1,42101,"101_103",4210160000,42101000500,90,"12:00",8,NA,NA,NA,"2:00","","","","14:00",14,5,NA,NA,NA,NA,NA,NA,NA,NA,NA,NA,NA,NA,NA,NA,NA,NA,NA,NA,NA,NA,NA,NA,NA,NA,NA,NA,NA,NA,NA,NA,1,1,42,1,42101,"101_103",4210160000,42101013402,138,1.12,30,17.327966,1.769543,146.4958842,14,0,840,1,"4/15/2013","",0,-75.1588750233838,39.9528401835985,-75.1690343341821,39.9653703786754,"POINT (-75.158875 39.952840)","POINT (-75.169034 39.965370)"
69330,729455,3,72945503,295.1256087,201.9025439,1,NA,7.29455e+11,1,7.29455e+13,7294550301,NA,NA,2,2,2,1,1,42,1,42101,"101_113",4210160000,42101035500,3406,"",1,NA,NA,NA,"0:00","","","","6:00",14,5,NA,NA,NA,NA,NA,NA,NA,NA,NA,NA,NA,NA,NA,NA,NA,NA,NA,NA,NA,NA,NA,NA,NA,NA,NA,NA,NA,NA,NA,NA,3,1,42,1,42101,"101_103",4210160000,42101012500,133,1.12,90,72.102783,14.420777,226.1308492,6,0,360,5,"4/5/2013","",0,-75.0242936664932,40.0935720600163,-75.1673759243643,39.9592890487195,"POINT (-75.024294 40.093572)","POINT (-75.167376 39.959289)"
69358,729644,1,72964401,310.1762019,121.1851268,1,NA,7.29644e+11,10,7.29644e+13,7296440110,NA,NA,1,NA,NA,4,1,42,1,42101,"101_103",4210160000,42101000402,92,"18:25",19,NA,NA,NA,"0:00","","","","18:38",14,5,NA,NA,NA,NA,NA,NA,NA,NA,NA,NA,NA,NA,NA,NA,NA,NA,NA,NA,NA,NA,NA,NA,NA,NA,NA,NA,NA,NA,NA,NA,4,1,42,1,42101,"101_106",4210160000,42101980000,2210,1.17,32,31.829861,5.014676,141.7865984,18,38,1118,3,"7/31/2013","",0,-75.1648345113326,39.9541020155151,-75.2070232144824,39.990493481725,"POINT (-75.164835 39.954102)","POINT (-75.207023 39.990493)"
69359,729644,1,72964401,310.1762019,121.1851268,1,NA,7.29644e+11,11,7.29644e+13,7296440111,NA,NA,1,NA,NA,4,1,42,1,42101,"101_106",4210160000,42101980000,2210,"19:10",15,NA,NA,NA,"3:30","","","","22:55",14,5,NA,NA,NA,NA,NA,NA,NA,NA,NA,NA,NA,NA,NA,NA,NA,NA,NA,NA,NA,NA,NA,NA,NA,NA,NA,NA,NA,NA,NA,NA,4,1,42,1,42101,"101_103",4210160000,42101000402,92,1.17,49,33.050632,6.066465,141.7865984,22,55,1375,3,"7/31/2013","",0,-75.2070232144824,39.990493481725,-75.1648345113326,39.9541020155151,"POINT (-75.207023 39.990493)","POINT (-75.164835 39.954102)"
69496,730659,1,73065901,147.4676375,89.56773504,1,NA,7.30659e+11,4,7.30659e+13,7306590104,NA,NA,1,NA,NA,4,1,42,1,42101,"101_103",4210160000,42101000500,69,"17:05",96,NA,NA,NA,"0:00","","","","17:12",14,5,NA,NA,NA,NA,NA,NA,NA,NA,NA,NA,NA,NA,NA,NA,NA,NA,NA,NA,NA,NA,NA,NA,NA,NA,NA,NA,NA,NA,NA,NA,1,1,42,1,42101,"101_108",4210160000,42101038400,3222,1.17,73,58.544828,13.038755,104.79425,17,12,1032,2,"4/16/2013","",0,-75.1537481432666,39.9503794767793,-75.23225882312,40.073293545902,"POINT (-75.153748 39.950379)","POINT (-75.232259 40.073294)"
69696,731840,1,73184001,111.2939642,86.50079738,1,NA,7.3184e+11,1,7.3184e+13,7318400101,NA,NA,1,1,2,1,1,42,1,42045,"045_206",4204533144,42045408900,5009,"",1,12,7,NA,"5:00","","1:00","","9:15",21,5,NA,NA,NA,NA,NA,NA,NA,NA,NA,NA,NA,NA,NA,NA,NA,NA,NA,NA,NA,NA,NA,NA,NA,NA,NA,NA,NA,NA,NA,NA,2,1,42,1,42101,"101_103",4210160000,42101000402,96,1.12,45,34.402082,7.261612,96.88089306,9,15,555,3,"4/17/2013","",0,-75.2859011035678,39.9804280541513,-75.1706866571216,39.953785415184,"POINT (-75.285901 39.980428)","POINT (-75.170687 39.953785)"
69697,731840,1,73184001,111.2939642,86.50079738,1,NA,7.3184e+11,2,7.3184e+13,7318400102,NA,NA,1,NA,NA,2,1,42,1,42101,"101_103",4210160000,42101000402,96,"10:00",5,NA,NA,NA,"8:00","","","","18:00",21,5,NA,NA,NA,NA,NA,NA,NA,NA,NA,NA,NA,NA,NA,NA,NA,NA,NA,NA,NA,NA,NA,NA,NA,NA,NA,NA,NA,NA,NA,NA,1,1,42,1,42045,"045_206",4204533144,42045408900,5009,1.12,45,35.659477,7.671053,96.88089306,18,0,1080,3,"4/17/2013","",0,-75.1706866571216,39.953785415184,-75.2859011035678,39.9804280541513,"POINT (-75.170687 39.953785)","POINT (-75.285901 39.980428)"
69724,732115,1,73211501,228.4384878,117.1287933,1,NA,7.32115e+11,2,7.32115e+13,7321150102,NA,NA,2,NA,NA,4,1,42,1,42101,"101_112",4210160000,42101003200,841,"8:58",19,NA,NA,NA,"0:00","","","","9:00",14,5,NA,NA,NA,NA,NA,NA,NA,NA,NA,NA,NA,NA,NA,NA,NA,NA,NA,NA,NA,NA,NA,NA,NA,NA,NA,NA,NA,NA,NA,NA,4,1,42,1,42101,"101_112",4210160000,42101002900,834,1.17,10,14.482562,1.393736,137.0406882,9,0,540,2,"4/16/2013","",0,-75.1870662747411,39.9335197790401,-75.1655746637264,39.9307064691021,"POINT (-75.187066 39.933520)","POINT (-75.165575 39.930706)"
69725,732115,1,73211501,228.4384878,117.1287933,1,NA,7.32115e+11,3,7.32115e+13,7321150103,NA,NA,2,NA,NA,4,1,42,1,42101,"101_112",4210160000,42101002900,834,"9:10",19,NA,NA,NA,"0:00","","","","9:20",14,5,NA,NA,NA,NA,NA,NA,NA,NA,NA,NA,NA,NA,NA,NA,NA,NA,NA,NA,NA,NA,NA,NA,NA,NA,NA,NA,NA,NA,NA,NA,4,1,42,1,42101,"101_115",4210160000,42101027600,2622,1.17,45,38.382054,8.602078,137.0406882,9,20,560,2,"4/16/2013","",0,-75.1655746637264,39.9307064691021,-75.1392788470332,40.0429484652339,"POINT (-75.165575 39.930706)","POINT (-75.139279 40.042948)"
69726,732115,1,73211501,228.4384878,117.1287933,1,NA,7.32115e+11,4,7.32115e+13,7321150104,NA,NA,2,NA,NA,4,1,42,1,42101,"101_115",4210160000,42101027600,2622,"10:05",19,NA,NA,NA,"0:00","","","","10:11",14,5,NA,NA,NA,NA,NA,NA,NA,NA,NA,NA,NA,NA,NA,NA,NA,NA,NA,NA,NA,NA,NA,NA,NA,NA,NA,NA,NA,NA,NA,NA,4,1,42,1,42101,"101_118",4210160000,42101031402,2801,1.17,17,37.250966,6.343657,137.0406882,10,11,611,2,"4/16/2013","",0,-75.1392788470332,40.0429484652339,-75.0602877916782,40.0432878262775,"POINT (-75.139279 40.042948)","POINT (-75.060288 40.043288)"
69728,732115,1,73211501,228.4384878,117.1287933,1,NA,7.32115e+11,6,7.32115e+13,7321150106,NA,NA,2,NA,NA,4,1,42,1,42101,"101_118",4210160000,42101033500,2807,"10:50",19,NA,NA,NA,"0:00","","","","11:00",14,5,NA,NA,NA,NA,NA,NA,NA,NA,NA,NA,NA,NA,NA,NA,NA,NA,NA,NA,NA,NA,NA,NA,NA,NA,NA,NA,NA,NA,NA,NA,4,1,42,1,42101,"101_115",4210160000,42101027500,2618,1.17,27,38.760794,6.221879,137.0406882,11,0,660,2,"4/16/2013","",0,-75.0648694032685,40.0546094774541,-75.1322724324316,40.0400578246308,"POINT (-75.064869 40.054609)","POINT (-75.132272 40.040058)"
69730,732115,1,73211501,228.4384878,117.1287933,1,NA,7.32115e+11,8,7.32115e+13,7321150108,NA,NA,2,NA,NA,4,1,42,1,42101,"101_115",4210160000,42101027600,2622,"11:42",19,NA,NA,NA,"0:00","","","","12:04",14,5,NA,NA,NA,NA,NA,NA,NA,NA,NA,NA,NA,NA,NA,NA,NA,NA,NA,NA,NA,NA,NA,NA,NA,NA,NA,NA,NA,NA,NA,NA,4,1,42,1,42101,"101_112",4210160000,42101002900,834,1.17,51,38.499631,8.517495,137.0406882,12,4,724,2,"4/16/2013","",0,-75.1392788470332,40.0429484652339,-75.1655746637264,39.9307064691021,"POINT (-75.139279 40.042948)","POINT (-75.165575 39.930706)"
69731,732115,1,73211501,228.4384878,117.1287933,1,NA,7.32115e+11,9,7.32115e+13,7321150109,NA,NA,2,NA,NA,4,1,42,1,42101,"101_112",4210160000,42101002900,834,"12:55",19,NA,NA,NA,"0:00","","","","12:57",14,5,NA,NA,NA,NA,NA,NA,NA,NA,NA,NA,NA,NA,NA,NA,NA,NA,NA,NA,NA,NA,NA,NA,NA,NA,NA,NA,NA,NA,NA,NA,1,1,42,1,42101,"101_112",4210160000,42101003200,840,1.17,10,9.359728,0.991091,137.0406882,12,57,777,2,"4/16/2013","",0,-75.1655746637264,39.9307064691021,-75.1829342839572,39.9329910377486,"POINT (-75.165575 39.930706)","POINT (-75.182934 39.932991)"
69827,732769,1,73276901,190.4720163,94.57764468,2,NA,7.32769e+11,3,7.32769e+13,7327690103,NA,NA,2,1,NA,1,1,42,1,42101,"101_103",4210160000,42101000804,42,"13:25",1,NA,NA,NA,"2:05","","","","15:30",14,5,NA,NA,NA,NA,NA,NA,NA,NA,NA,NA,NA,NA,NA,NA,NA,NA,NA,NA,NA,NA,NA,NA,NA,NA,NA,NA,NA,NA,NA,NA,4,1,42,1,42101,"101_103",4210160000,42101001001,13,1.17,20,11.292432,1.03575,110.6558443,15,30,930,3,"4/10/2013","",0,-75.1655206281913,39.9477143701067,-75.1521306030788,39.9429783145413,"POINT (-75.165521 39.947714)","POINT (-75.152131 39.942978)"
69986,734329,3,73432903,382.3642674,1440.120065,1,NA,7.34329e+11,2,7.34329e+13,7343290302,NA,NA,2,NA,NA,3,1,42,1,42101,"101_103",4210160000,42101000401,103,"7:40",3,NA,NA,NA,"6:00","","","","16:00",14,5,NA,NA,NA,NA,NA,NA,NA,NA,NA,NA,NA,NA,NA,NA,NA,NA,NA,NA,NA,NA,NA,NA,NA,NA,NA,NA,NA,NA,NA,NA,4,1,42,1,42101,"101_103",4210160000,42101000500,74,1.12,15,9.63883,0.799545,1612.934473,16,0,960,4,"4/11/2013","",0,-75.177201361549,39.9550054347417,-75.1638872349499,39.9525548857932,"POINT (-75.177201 39.955005)","POINT (-75.163887 39.952555)"
70023,734729,1,73472901,355.2652044,110.795425,1,NA,7.34729e+11,2,7.34729e+13,7347290102,NA,NA,2,NA,NA,4,1,42,1,42101,"101_115",4210160000,42101027600,2622,"9:10",19,NA,NA,NA,"0:00","","","","9:17",21,5,NA,NA,NA,NA,NA,NA,NA,NA,NA,NA,NA,NA,NA,NA,NA,NA,NA,NA,NA,NA,NA,NA,NA,NA,NA,NA,NA,NA,NA,NA,4,1,42,1,42101,"101_103",4210160000,42101000901,41,1.12,8,25.862314,7.086268,124.090876,9,17,557,5,"8/23/2013","",0,-75.1392788470332,40.0429484652339,-75.1634808483634,39.9480403151119,"POINT (-75.139279 40.042948)","POINT (-75.163481 39.948040)"
70026,734729,1,73472901,355.2652044,110.795425,1,NA,7.34729e+11,5,7.34729e+13,7347290105,NA,NA,2,NA,NA,4,1,42,1,42101,"101_103",4210160000,42101000901,41,"12:02",96,NA,NA,NA,"0:10","","","","12:12",21,5,NA,NA,NA,NA,NA,NA,NA,NA,NA,NA,NA,NA,NA,NA,NA,NA,NA,NA,NA,NA,NA,NA,NA,NA,NA,NA,NA,NA,NA,NA,4,1,42,1,42101,"101_115",4210160000,42101027500,2618,1.12,18,30.482049,7.22901,124.090876,12,12,732,5,"8/23/2013","",0,-75.1634808483634,39.9480403151119,-75.1322724324316,40.0400578246308,"POINT (-75.163481 39.948040)","POINT (-75.132272 40.040058)"
70262,736837,1,73683701,213.7295021,117.1109781,1,NA,7.36837e+11,2,7.36837e+13,7368370102,NA,NA,2,NA,NA,4,1,42,1,42101,"101_101",4210160000,42101017601,1401,"9:45",6,NA,NA,NA,"1:10","","","","10:55",21,5,NA,NA,NA,NA,NA,NA,NA,NA,NA,NA,NA,NA,NA,NA,NA,NA,NA,NA,NA,NA,NA,NA,NA,NA,NA,NA,NA,NA,NA,NA,4,1,42,1,42045,"045_203",4204579000,42045400401,4454,1.17,40,46.04028,9.857012,137.0198443,10,55,655,5,"8/9/2013","",0,-75.1312859799465,39.9929590474227,-75.2605892193798,39.9589840265396,"POINT (-75.131286 39.992959)","POINT (-75.260589 39.958984)"
70263,736837,1,73683701,213.7295021,117.1109781,1,NA,7.36837e+11,3,7.36837e+13,7368370103,NA,NA,2,NA,NA,4,1,42,1,42045,"045_203",4204579000,42045400401,4454,"11:35",6,NA,NA,NA,"0:00","","","","11:38",21,5,NA,NA,NA,NA,NA,NA,NA,NA,NA,NA,NA,NA,NA,NA,NA,NA,NA,NA,NA,NA,NA,NA,NA,NA,NA,NA,NA,NA,NA,NA,4,1,42,1,42101,"101_103",4210160000,42101000402,76,1.17,27,25.289635,5.451405,137.0198443,11,38,698,5,"8/9/2013","",0,-75.2605892193798,39.9589840265396,-75.1662257986882,39.9519342771783,"POINT (-75.260589 39.958984)","POINT (-75.166226 39.951934)"
70264,736837,1,73683701,213.7295021,117.1109781,1,NA,7.36837e+11,4,7.36837e+13,7368370104,NA,NA,2,NA,NA,4,1,42,1,42101,"101_103",4210160000,42101000402,76,"12:05",6,NA,NA,NA,"0:00","","","","12:06",14,5,NA,NA,NA,NA,NA,NA,NA,NA,NA,NA,NA,NA,NA,NA,NA,NA,NA,NA,NA,NA,NA,NA,NA,NA,NA,NA,NA,NA,NA,NA,4,1,42,1,42101,"101_103",4210160000,42101012500,133,1.17,24,9.602065,0.66269,137.0198443,12,6,726,5,"8/9/2013","",0,-75.1662257986882,39.9519342771783,-75.1673759243643,39.9592890487195,"POINT (-75.166226 39.951934)","POINT (-75.167376 39.959289)"
70265,736837,1,73683701,213.7295021,117.1109781,1,NA,7.36837e+11,5,7.36837e+13,7368370105,NA,NA,2,NA,NA,4,1,42,1,42101,"101_103",4210160000,42101012500,133,"12:30",6,NA,NA,NA,"2:00","","","","14:30",21,5,NA,NA,NA,NA,NA,NA,NA,NA,NA,NA,NA,NA,NA,NA,NA,NA,NA,NA,NA,NA,NA,NA,NA,NA,NA,NA,NA,NA,NA,NA,1,1,42,1,42101,"101_107",4210160000,42101016300,426,1.17,45,30.764958,4.519911,137.0198443,14,30,870,5,"8/9/2013","",0,-75.1673759243643,39.9592890487195,-75.1339173390945,39.9885141593941,"POINT (-75.167376 39.959289)","POINT (-75.133917 39.988514)"
70384,738502,1,73850201,318.6405375,103.1176435,1,NA,7.38502e+11,3,7.38502e+13,7385020103,NA,NA,1,NA,NA,4,1,42,1,42101,"101_103",4210160000,42101001202,23,"8:54",19,NA,NA,NA,"0:20","","","","9:20",14,5,NA,NA,NA,NA,NA,NA,NA,NA,NA,NA,NA,NA,NA,NA,NA,NA,NA,NA,NA,NA,NA,NA,NA,NA,NA,NA,NA,NA,NA,NA,2,1,42,1,42101,"101_110",4210160000,42101009100,1037,1.17,5,25.658141,2.775361,120.6476429,9,20,560,2,"5/28/2013","",0,-75.1665551812863,39.9452085642469,-75.1977262540913,39.9594259908695,"POINT (-75.166555 39.945209)","POINT (-75.197726 39.959426)"
70386,738502,1,73850201,318.6405375,103.1176435,1,NA,7.38502e+11,5,7.38502e+13,7385020105,NA,NA,1,NA,NA,4,1,42,1,42101,"101_110",4210160000,42101009000,1036,"18:40",19,NA,NA,NA,"0:10","","","","18:50",21,5,NA,NA,NA,NA,NA,NA,NA,NA,NA,NA,NA,NA,NA,NA,NA,NA,NA,NA,NA,NA,NA,NA,NA,NA,NA,NA,NA,NA,NA,NA,1,1,42,1,42101,"101_103",4210160000,42101001101,22,1.17,25,15.87485,1.983652,120.6476429,18,50,1130,2,"5/28/2013","",0,-75.1906300416804,39.958024348983,-75.1642635478598,39.945554104478,"POINT (-75.190630 39.958024)","POINT (-75.164264 39.945554)"
70432,738584,1,73858401,87.21865688,110.8025836,1,NA,7.38584e+11,1,7.38584e+13,7385840101,NA,NA,3,3,2,4,1,42,1,42101,"101_103",4210160000,42101000402,83,"",6,NA,NA,NA,"0:00","","","","10:00",14,5,NA,NA,NA,NA,NA,NA,NA,NA,NA,NA,NA,NA,NA,NA,NA,NA,NA,NA,NA,NA,NA,NA,NA,NA,NA,NA,NA,NA,NA,NA,4,1,42,1,42101,"101_113",4210160000,42101036501,3423,1.13,30,53.195095,19.157605,125.2069195,10,0,600,2,"5/28/2013","",0,-75.1725391195037,39.9527196860213,-75.0108885726665,40.1294791274976,"POINT (-75.172539 39.952720)","POINT (-75.010889 40.129479)"
70433,738584,1,73858401,87.21865688,110.8025836,1,NA,7.38584e+11,2,7.38584e+13,7385840102,NA,NA,3,NA,NA,4,1,42,1,42101,"101_113",4210160000,42101036501,3423,"10:30",12,NA,NA,NA,"0:00","","","","11:00",21,5,NA,NA,NA,NA,NA,NA,NA,NA,NA,NA,NA,NA,NA,NA,NA,NA,NA,NA,NA,NA,NA,NA,NA,NA,NA,NA,NA,NA,NA,NA,4,1,42,1,42101,"101_103",4210160000,42101000500,70,1.13,60,46.4,18.513135,125.2069195,11,0,660,2,"5/28/2013","",0,-75.0108885726665,40.1294791274976,-75.1561127285024,39.9506763018863,"POINT (-75.010889 40.129479)","POINT (-75.156113 39.950676)"
70434,738584,1,73858401,87.21865688,110.8025836,1,NA,7.38584e+11,3,7.38584e+13,7385840103,NA,NA,3,NA,NA,4,1,42,1,42101,"101_103",4210160000,42101000500,70,"12:00",11,NA,NA,NA,"1:30","","","","13:30",21,5,NA,NA,NA,NA,NA,NA,NA,NA,NA,NA,NA,NA,NA,NA,NA,NA,NA,NA,NA,NA,NA,NA,NA,NA,NA,NA,NA,NA,NA,NA,4,1,42,1,42101,"101_103",4210160000,42101000402,78,1.13,30,11.297648,0.880846,125.2069195,13,30,810,2,"5/28/2013","",0,-75.1561127285024,39.9506763018863,-75.1694605873533,39.9520071435649,"POINT (-75.156113 39.950676)","POINT (-75.169461 39.952007)"
70435,738584,1,73858401,87.21865688,110.8025836,1,NA,7.38584e+11,4,7.38584e+13,7385840104,NA,NA,3,NA,NA,4,1,42,1,42101,"101_103",4210160000,42101000402,78,"14:00",8,NA,NA,NA,"0:00","","","","14:40",21,5,NA,NA,NA,NA,NA,NA,NA,NA,NA,NA,NA,NA,NA,NA,NA,NA,NA,NA,NA,NA,NA,NA,NA,NA,NA,NA,NA,NA,NA,NA,1,1,42,1,42101,"101_107",4210160000,42101016701,431,1.13,50,26.646325,3.501463,125.2069195,14,40,880,2,"5/28/2013","",0,-75.1694605873533,39.9520071435649,-75.1619035045634,39.9912045729609,"POINT (-75.169461 39.952007)","POINT (-75.161904 39.991205)"
70438,738584,2,73858402,87.21865688,107.9510185,1,NA,7.38584e+11,2,7.38584e+13,7385840202,NA,NA,3,NA,NA,4,1,42,1,42101,"101_103",4210160000,42101000500,88,"12:00",12,NA,NA,NA,"2:00","","","","14:45",21,5,NA,NA,NA,NA,NA,NA,NA,NA,NA,NA,NA,NA,NA,NA,NA,NA,NA,NA,NA,NA,NA,NA,NA,NA,NA,NA,NA,NA,NA,NA,1,1,42,1,42101,"101_107",4210160000,42101016701,431,1.13,45,21.139698,3.676933,121.9846509,14,45,885,2,"5/28/2013","",0,-75.1541388337345,39.9522458625874,-75.1619035045634,39.9912045729609,"POINT (-75.154139 39.952246)","POINT (-75.161904 39.991205)"
70775,741351,1,74135101,257.8447999,631.7145752,1,NA,7.41351e+11,1,7.41351e+13,7413510101,NA,NA,3,0,2,4,1,42,1,42045,"045_201",4204513208,42045405000,4025,"",6,NA,NA,NA,"5:00","","","","14:00",14,5,NA,NA,NA,NA,NA,NA,NA,NA,NA,NA,NA,NA,NA,NA,NA,NA,NA,NA,NA,NA,NA,NA,NA,NA,NA,NA,NA,NA,NA,NA,1,1,42,1,42045,"045_202",4204551176,42045407700,4207,1.17,120,36.917017,5.887157,739.106053,14,0,840,5,"5/3/2013","",0,-75.3612383019632,39.8509642790314,-75.3285784262649,39.9077335323186,"POINT (-75.361238 39.850964)","POINT (-75.328578 39.907734)"
70777,741351,2,74135102,257.8447999,1101.31898,1,NA,7.41351e+11,1,7.41351e+13,7413510201,NA,NA,3,0,2,2,1,42,1,42045,"045_202",4204573032,42045407600,4236,"",5,NA,NA,NA,"8:00","","","","18:00",14,5,NA,NA,NA,NA,NA,NA,NA,NA,NA,NA,NA,NA,NA,NA,NA,NA,NA,NA,NA,NA,NA,NA,NA,NA,NA,NA,NA,NA,NA,NA,1,1,42,1,42045,"045_202",4204551176,42045407700,4207,1.17,45,18.593532,2.082241,1288.543206,18,0,1080,5,"5/3/2013","",0,-75.3545812381306,39.8898706855614,-75.3285784262649,39.9077335323186,"POINT (-75.354581 39.889871)","POINT (-75.328578 39.907734)"
70934,742262,1,74226201,731.8138797,134.8389857,1,NA,7.42262e+11,1,7.42262e+13,7422620101,NA,NA,1,1,2,1,1,42,1,42101,"101_118",4210160000,42101033800,2814,"",1,7,NA,NA,"3:45","0:15","","","7:00",14,5,NA,NA,NA,NA,NA,NA,NA,NA,NA,NA,NA,NA,NA,NA,NA,NA,NA,NA,NA,NA,NA,NA,NA,NA,NA,NA,NA,NA,NA,NA,2,1,42,1,42101,"101_103",4210160000,42101000500,74,1.17,74,51.881164,12.414063,157.7616132,7,0,420,5,"4/26/2013","",0,-75.0698998938792,40.0651165277988,-75.1638872349499,39.9525548857932,"POINT (-75.069900 40.065117)","POINT (-75.163887 39.952555)"
71014,743020,1,74302001,547.3904668,3474.798436,1,NA,7.4302e+11,1,7.4302e+13,7430200101,NA,NA,3,0,2,4,1,42,1,42101,"101_117",4210160000,42101024600,2410,"",96,NA,NA,NA,"3:20","","","","14:15",14,5,NA,NA,NA,NA,NA,NA,NA,NA,NA,NA,NA,NA,NA,NA,NA,NA,NA,NA,NA,NA,NA,NA,NA,NA,NA,NA,NA,NA,NA,NA,1,1,42,1,42101,"101_114",4210160000,42101030200,1610,1.17,75,40.840853,6.630329,4065.51417,14,15,855,4,"6/20/2013","",0,-75.1719943253434,40.0385566769693,-75.0798260530761,40.0248633027149,"POINT (-75.171994 40.038557)","POINT (-75.079826 40.024863)"
71016,743020,2,74302002,547.3904668,110.509159,1,NA,7.4302e+11,1,7.4302e+13,7430200201,NA,NA,3,0,2,4,1,42,1,42101,"101_106",4210160000,42101011100,1233,"",96,NA,NA,NA,"2:10","","","","10:00",14,5,NA,NA,NA,NA,NA,NA,NA,NA,NA,NA,NA,NA,NA,NA,NA,NA,NA,NA,NA,NA,NA,NA,NA,NA,NA,NA,NA,NA,NA,NA,1,1,42,1,42101,"101_114",4210160000,42101030200,1610,1.17,840,56.322414,12.210613,129.295716,10,0,600,4,"6/20/2013","",0,-75.2189630817448,39.9770601294518,-75.0798260530761,40.0248633027149,"POINT (-75.218963 39.977060)","POINT (-75.079826 40.024863)"
71050,743381,1,74338101,228.4384878,154.6616617,1,NA,7.43381e+11,3,7.43381e+13,7433810103,NA,NA,2,NA,NA,4,1,42,1,42101,"101_111",4210160000,42101010200,1224,"14:15",8,NA,NA,NA,"0:00","","","","14:15",14,5,NA,NA,NA,NA,NA,NA,NA,NA,NA,NA,NA,NA,NA,NA,NA,NA,NA,NA,NA,NA,NA,NA,NA,NA,NA,NA,NA,NA,NA,NA,1,1,42,1,42101,"101_111",4210160000,42101008302,1210,1.17,45,18.37703,1.298711,180.9541442,14,15,855,3,"4/24/2013","",0,-75.2316719358833,39.9680910426143,-75.2414396306448,39.9567061667391,"POINT (-75.231672 39.968091)","POINT (-75.241440 39.956706)"
71194,745425,1,74542501,202.8848881,112.1278597,1,NA,7.45425e+11,2,7.45425e+13,7454250102,NA,NA,2,NA,NA,4,1,42,1,42101,"101_110",4210160000,42101006500,1009,"7:43",19,NA,NA,NA,"0:00","","","","7:45",14,5,NA,NA,NA,NA,NA,NA,NA,NA,NA,NA,NA,NA,NA,NA,NA,NA,NA,NA,NA,NA,NA,NA,NA,NA,NA,NA,NA,NA,NA,NA,4,1,42,1,42101,"101_103",4210160000,42101000500,73,1.17,30,33.637645,5.051266,131.1895959,7,45,465,5,"4/26/2013","",0,-75.2404250735521,39.9429205622721,-75.1625826795934,39.9513495936779,"POINT (-75.240425 39.942921)","POINT (-75.162583 39.951350)"
71198,745425,1,74542501,202.8848881,112.1278597,1,NA,7.45425e+11,6,7.45425e+13,7454250106,NA,NA,2,NA,NA,4,1,42,1,42101,"101_103",4210160000,42101000500,71,"9:05",19,NA,NA,NA,"0:00","","","","9:23",21,5,NA,NA,NA,NA,NA,NA,NA,NA,NA,NA,NA,NA,NA,NA,NA,NA,NA,NA,NA,NA,NA,NA,NA,NA,NA,NA,NA,NA,NA,NA,4,1,42,1,42101,"101_111",4210160000,42101008400,1213,1.17,12,20.39307,4.305269,131.1895959,9,23,563,5,"4/26/2013","",0,-75.1584725274299,39.950967187359,-75.2354698649569,39.9579979858569,"POINT (-75.158473 39.950967)","POINT (-75.235470 39.957998)"
71199,745425,1,74542501,202.8848881,112.1278597,1,NA,7.45425e+11,7,7.45425e+13,7454250107,NA,NA,2,NA,NA,4,1,42,1,42101,"101_111",4210160000,42101008400,1213,"9:35",19,NA,NA,NA,"0:00","","","","9:40",14,5,NA,NA,NA,NA,NA,NA,NA,NA,NA,NA,NA,NA,NA,NA,NA,NA,NA,NA,NA,NA,NA,NA,NA,NA,NA,NA,NA,NA,NA,NA,4,1,42,1,42101,"101_111",4210160000,42101009400,1215,1.17,2,8.416739,0.484673,131.1895959,9,40,580,5,"4/26/2013","",0,-75.2354698649569,39.9579979858569,-75.2322455285086,39.963278945388,"POINT (-75.235470 39.957998)","POINT (-75.232246 39.963279)"
71207,745425,2,74542502,202.8848881,123.2780702,1,NA,7.45425e+11,2,7.45425e+13,7454250202,NA,NA,1,NA,NA,4,1,42,1,42101,"101_110",4210160000,42101006500,1009,"7:39",19,NA,NA,NA,"0:03","","","","7:42",14,5,NA,NA,NA,NA,NA,NA,NA,NA,NA,NA,NA,NA,NA,NA,NA,NA,NA,NA,NA,NA,NA,NA,NA,NA,NA,NA,NA,NA,NA,NA,4,1,42,1,42101,"101_103",4210160000,42101000500,90,1.17,28,33.0495,5.330442,144.2353422,7,42,462,5,"4/26/2013","",0,-75.2404250735521,39.9429205622721,-75.1588750233838,39.9528401835985,"POINT (-75.240425 39.942921)","POINT (-75.158875 39.952840)"
71212,745425,2,74542502,202.8848881,123.2780702,1,NA,7.45425e+11,7,7.45425e+13,7454250207,NA,NA,1,NA,NA,4,1,42,1,42101,"101_103",4210160000,42101000500,71,"17:18",19,NA,NA,NA,"0:03","","","","17:21",14,5,NA,NA,NA,NA,NA,NA,NA,NA,NA,NA,NA,NA,NA,NA,NA,NA,NA,NA,NA,NA,NA,NA,NA,NA,NA,NA,NA,NA,NA,NA,4,1,42,1,42101,"101_111",4210160000,42101008400,1213,1.17,11,20.366667,4.304866,144.2353422,17,21,1041,5,"4/26/2013","",0,-75.1584725274299,39.950967187359,-75.2354698649569,39.9579979858569,"POINT (-75.158473 39.950967)","POINT (-75.235470 39.957998)"
71226,745698,1,74569801,196.8888379,246.176728,1,NA,7.45698e+11,1,7.45698e+13,7456980101,NA,NA,1,1,2,1,1,42,1,42101,"101_110",4210160000,42101008802,1031,"",1,7,NA,NA,"7:00","1:00","","","11:00",21,5,NA,NA,NA,NA,NA,NA,NA,NA,NA,NA,NA,NA,NA,NA,NA,NA,NA,NA,NA,NA,NA,NA,NA,NA,NA,NA,NA,NA,NA,NA,2,1,42,1,42045,"045_206",4204533144,42045408300,5020,1.17,45,40.431106,8.41325,288.0267718,11,0,660,4,"6/27/2013","",0,-75.2024327640643,39.9546329212277,-75.3195257705183,40.0049815590517,"POINT (-75.202433 39.954633)","POINT (-75.319526 40.004982)"
71227,745698,1,74569801,196.8888379,246.176728,1,NA,7.45698e+11,2,7.45698e+13,7456980102,NA,NA,1,NA,NA,2,1,42,1,42045,"045_206",4204533144,42045408300,5020,"11:45",14,5,NA,NA,"6:00","2:00","","","19:45",21,5,NA,NA,NA,NA,NA,NA,NA,NA,NA,NA,NA,NA,NA,NA,NA,NA,NA,NA,NA,NA,NA,NA,NA,NA,NA,NA,NA,NA,NA,NA,1,1,42,1,42101,"101_110",4210160000,42101008802,1031,1.17,40,42.911806,8.415655,288.0267718,19,45,1185,4,"6/27/2013","",0,-75.3195257705183,40.0049815590517,-75.2024327640643,39.9546329212277,"POINT (-75.319526 40.004982)","POINT (-75.202433 39.954633)"
71553,749083,1,74908301,632.7599042,109.4615567,1,NA,7.49083e+11,1,7.49083e+13,7490830101,NA,NA,2,1,2,1,1,42,1,42101,"101_116",4210160000,42101036302,3622,"",1,NA,NA,NA,"0:00","","","","9:00",14,5,NA,NA,NA,NA,NA,NA,NA,NA,NA,NA,NA,NA,NA,NA,NA,NA,NA,NA,NA,NA,NA,NA,NA,NA,NA,NA,NA,NA,NA,NA,4,1,42,1,42101,"101_116",4210160000,42101035302,3612,1.17,15,17.796402,2.444965,128.0700213,9,0,540,3,"7/31/2013","",0,-74.9805169601034,40.0973234577003,-74.9965095266054,40.0731754234799,"POINT (-74.980517 40.097323)","POINT (-74.996510 40.073175)"
71554,749083,1,74908301,632.7599042,109.4615567,1,NA,7.49083e+11,2,7.49083e+13,7490830102,NA,NA,2,NA,NA,4,1,42,1,42101,"101_116",4210160000,42101035302,3612,"9:15",12,NA,NA,NA,"0:00","","","","11:30",14,5,NA,NA,NA,NA,NA,NA,NA,NA,NA,NA,NA,NA,NA,NA,NA,NA,NA,NA,NA,NA,NA,NA,NA,NA,NA,NA,NA,NA,NA,NA,1,1,42,1,42101,"101_116",4210160000,42101036302,3622,1.17,345,17.731288,2.620463,128.0700213,11,30,690,3,"7/31/2013","",0,-74.9965095266054,40.0731754234799,-74.9805169601034,40.0973234577003,"POINT (-74.996510 40.073175)","POINT (-74.980517 40.097323)"
71556,749083,2,74908302,632.7599042,163.7520364,1,NA,7.49083e+11,1,7.49083e+13,7490830201,NA,NA,1,2,2,1,1,42,1,42101,"101_116",4210160000,42101036302,3622,"",1,NA,NA,NA,"0:00","","","","5:15",14,5,NA,NA,NA,NA,NA,NA,NA,NA,NA,NA,NA,NA,NA,NA,NA,NA,NA,NA,NA,NA,NA,NA,NA,NA,NA,NA,NA,NA,NA,NA,2,1,42,1,42017,"017_509",4201705616,42017100103,15603,1.17,75,26.589132,3.491682,191.5898826,5,15,315,3,"7/31/2013","",0,-74.9805169601034,40.0973234577003,-74.971722014007,40.068261230225,"POINT (-74.980517 40.097323)","POINT (-74.971722 40.068261)"
71557,749083,2,74908302,632.7599042,163.7520364,1,NA,7.49083e+11,2,7.49083e+13,7490830202,NA,NA,1,NA,NA,2,1,42,1,42017,"017_509",4201705616,42017100103,15603,"6:30",5,NA,NA,NA,"0:00","","","","15:15",14,5,NA,NA,NA,NA,NA,NA,NA,NA,NA,NA,NA,NA,NA,NA,NA,NA,NA,NA,NA,NA,NA,NA,NA,NA,NA,NA,NA,NA,NA,NA,4,1,42,1,42101,"101_116",4210160000,42101035302,3612,1.17,45,25.823038,1.615591,191.5898826,15,15,915,3,"7/31/2013","",0,-74.971722014007,40.068261230225,-74.9965095266054,40.0731754234799,"POINT (-74.971722 40.068261)","POINT (-74.996510 40.073175)"
71558,749083,2,74908302,632.7599042,163.7520364,1,NA,7.49083e+11,3,7.49083e+13,7490830203,NA,NA,1,NA,NA,4,1,42,1,42101,"101_116",4210160000,42101035302,3612,"16:00",12,NA,NA,NA,"0:00","","","","16:30",14,5,NA,NA,NA,NA,NA,NA,NA,NA,NA,NA,NA,NA,NA,NA,NA,NA,NA,NA,NA,NA,NA,NA,NA,NA,NA,NA,NA,NA,NA,NA,1,1,42,1,42101,"101_116",4210160000,42101036302,3622,1.17,30,17.186641,2.523715,191.5898826,16,30,990,3,"7/31/2013","",0,-74.9965095266054,40.0731754234799,-74.9805169601034,40.0973234577003,"POINT (-74.996510 40.073175)","POINT (-74.980517 40.097323)"
71641,1000363,2,100036302,211.7319754,2505.319065,1,NA,1.00036e+12,1,1.00036e+14,10003630201,NA,NA,2,2,2,1,1,42,1,42101,"101_109",4210160000,42101015800,603,"",1,NA,NA,NA,"8:00","","","","11:00",21,5,NA,NA,NA,NA,NA,NA,NA,NA,NA,NA,NA,NA,NA,NA,NA,NA,NA,NA,NA,NA,NA,NA,NA,NA,NA,NA,NA,NA,NA,NA,4,1,42,1,42101,"101_103",4210160000,42101000402,76,1.12,30,22.009543,3.090746,2805.957353,11,0,660,1,"4/29/2013","",0,-75.1301600245386,39.9721857729433,-75.1662257986882,39.9519342771783,"POINT (-75.130160 39.972186)","POINT (-75.166226 39.951934)"
71642,1000363,2,100036302,211.7319754,2505.319065,1,NA,1.00036e+12,2,1.00036e+14,10003630202,NA,NA,2,NA,NA,4,1,42,1,42101,"101_103",4210160000,42101000402,76,"11:30",16,NA,NA,NA,"2:00","","","","13:30",21,5,NA,NA,NA,NA,NA,NA,NA,NA,NA,NA,NA,NA,NA,NA,NA,NA,NA,NA,NA,NA,NA,NA,NA,NA,NA,NA,NA,NA,NA,NA,4,1,42,1,42101,"101_103",4210160000,42101000401,103,1.12,30,8.262528,0.763051,2805.957353,13,30,810,1,"4/29/2013","",0,-75.1662257986882,39.9519342771783,-75.177201361549,39.9550054347417,"POINT (-75.166226 39.951934)","POINT (-75.177201 39.955005)"
71643,1000363,2,100036302,211.7319754,2505.319065,1,NA,1.00036e+12,3,1.00036e+14,10003630203,NA,NA,2,NA,NA,4,1,42,1,42101,"101_103",4210160000,42101000401,103,"14:00",8,NA,NA,NA,"1:00","","","","15:00",21,5,NA,NA,NA,NA,NA,NA,NA,NA,NA,NA,NA,NA,NA,NA,NA,NA,NA,NA,NA,NA,NA,NA,NA,NA,NA,NA,NA,NA,NA,NA,1,1,42,1,42101,"101_109",4210160000,42101015800,603,1.12,30,26.791286,4.123077,2805.957353,15,0,900,1,"4/29/2013","",0,-75.177201361549,39.9550054347417,-75.1301600245386,39.9721857729433,"POINT (-75.177201 39.955005)","POINT (-75.130160 39.972186)"
71753,1002434,1,100243401,1019.897822,682.783796,1,NA,1.00243e+12,3,1.00243e+14,10024340103,NA,NA,2,NA,NA,4,1,42,1,42101,"101_103",4210160000,42101000401,103,"10:35",20,NA,NA,NA,"0:00","","","","10:40",14,5,NA,NA,NA,NA,NA,NA,NA,NA,NA,NA,NA,NA,NA,NA,NA,NA,NA,NA,NA,NA,NA,NA,NA,NA,NA,NA,NA,NA,NA,NA,4,1,42,1,42101,"101_103",4210160000,42101000500,74,1.17,0,9.733399,0.795943,798.8570414,10,40,640,5,"5/3/2013","",0,-75.177201361549,39.9550054347417,-75.1638872349499,39.9525548857932,"POINT (-75.177201 39.955005)","POINT (-75.163887 39.952555)"
72410,1015309,1,101530901,382.3176466,301.9708022,1,NA,1.01531e+12,1,1.01531e+14,10153090101,NA,NA,2,1,2,1,1,42,1,42101,"101_107",4210160000,42101015200,422,"",1,NA,NA,NA,"0:00","","","","15:00",14,5,NA,NA,NA,NA,NA,NA,NA,NA,NA,NA,NA,NA,NA,NA,NA,NA,NA,NA,NA,NA,NA,NA,NA,NA,NA,NA,NA,NA,NA,NA,4,3,42,1,42101,"101_114",4210160000,42101029100,1616,1.17,40,50.302866,6.870408,353.3058385,15,0,900,3,"5/1/2013","",0,-75.1722093187508,39.9861472659912,-75.1074608568458,40.0361390710689,"POINT (-75.172209 39.986147)","POINT (-75.107461 40.036139)"
72411,1015309,1,101530901,382.3176466,301.9708022,1,NA,1.01531e+12,2,1.01531e+14,10153090102,NA,NA,2,NA,NA,4,3,42,1,42101,"101_114",4210160000,42101029100,1616,"15:40",11,12,14,NA,"0:00","","","","18:30",14,5,NA,NA,NA,NA,NA,NA,NA,NA,NA,NA,NA,NA,NA,NA,NA,NA,NA,NA,NA,NA,NA,NA,NA,NA,NA,NA,NA,NA,NA,NA,1,1,42,1,42101,"101_107",4210160000,42101015200,422,1.17,40,54.64744,6.844331,353.3058385,18,30,1110,3,"5/1/2013","",0,-75.1074608568458,40.0361390710689,-75.1722093187508,39.9861472659912,"POINT (-75.107461 40.036139)","POINT (-75.172209 39.986147)"
72637,1023131,1,102313101,253.8944672,223.0578525,1,NA,1.02313e+12,5,1.02313e+14,10231310105,NA,NA,1,NA,NA,2,1,42,1,42091,"091_409",4209179056,42091201003,11646,"17:20",19,7,NA,NA,"0:00","","","","17:30",23,5,NA,NA,NA,NA,NA,NA,NA,NA,NA,NA,NA,NA,NA,NA,NA,NA,NA,NA,NA,NA,NA,NA,NA,NA,NA,NA,NA,NA,NA,NA,2,1,42,1,42091,"091_409",4209179056,42091201003,11646,1.12,42,17.443993,0.607327,249.8247948,17,30,1050,2,"4/30/2013","",0,-75.2823672331362,40.2208246075088,-75.2823672331362,40.2208246075088,"POINT (-75.282367 40.220825)","POINT (-75.282367 40.220825)"
72662,1024235,1,102423501,802.2855061,352.9965881,1,NA,1.02424e+12,1,1.02424e+14,10242350101,NA,NA,3,0,2,4,1,42,1,42101,"101_110",4210160000,42101008602,1035,"",3,5,NA,NA,"1:00","1:00","","","17:00",14,5,NA,NA,NA,NA,NA,NA,NA,NA,NA,NA,NA,NA,NA,NA,NA,NA,NA,NA,NA,NA,NA,NA,NA,NA,NA,NA,NA,NA,NA,NA,1,1,42,1,42101,"101_107",4210160000,42101015300,417,1.17,90,35.588833,5.542096,413.0060081,17,0,1020,2,"4/30/2013","",0,-75.216704781889,39.9569805572676,-75.1608866949941,39.9837724999129,"POINT (-75.216705 39.956981)","POINT (-75.160887 39.983772)"
72664,1024235,2,102423502,802.2855061,389.6660343,1,NA,1.02424e+12,1,1.02424e+14,10242350201,NA,NA,3,1,2,4,1,42,1,42101,"101_115",4210160000,42101028300,2606,"",17,19,NA,NA,"0:00","","","","5:00",14,5,NA,NA,NA,NA,NA,NA,NA,NA,NA,NA,NA,NA,NA,NA,NA,NA,NA,NA,NA,NA,NA,NA,NA,NA,NA,NA,NA,NA,NA,NA,2,1,42,1,42017,"017_507",4201754688,42017105008,15214,1.17,40,NA,NA,455.9092601,5,0,300,2,"4/30/2013","",0,-75.1431944251012,40.0284068368576,-75.0563940768372,40.2137895527483,"POINT (-75.143194 40.028407)","POINT (-75.056394 40.213790)"
72665,1024235,2,102423502,802.2855061,389.6660343,1,NA,1.02424e+12,2,1.02424e+14,10242350202,NA,NA,3,NA,NA,2,1,42,1,42017,"017_507",4201754688,42017105008,15214,"5:40",5,NA,NA,NA,"8:00","","","","14:30",14,5,NA,NA,NA,NA,NA,NA,NA,NA,NA,NA,NA,NA,NA,NA,NA,NA,NA,NA,NA,NA,NA,NA,NA,NA,NA,NA,NA,NA,NA,NA,1,1,42,1,42101,"101_107",4210160000,42101015300,417,1.17,570,NA,NA,455.9092601,14,30,870,2,"4/30/2013","",0,-75.0563940768372,40.2137895527483,-75.1608866949941,39.9837724999129,"POINT (-75.056394 40.213790)","POINT (-75.160887 39.983772)"
72824,1028353,3,102835303,439.5779854,160.8321998,1,NA,1.02835e+12,1,1.02835e+14,10283530301,NA,NA,2,1,2,1,1,42,1,42101,"101_109",4210160000,42101017800,622,"",1,14,NA,NA,"8:00","3:00","","","16:45",14,5,NA,NA,NA,NA,NA,NA,NA,NA,NA,NA,NA,NA,NA,NA,NA,NA,NA,NA,NA,NA,NA,NA,NA,NA,NA,NA,NA,NA,NA,NA,4,1,42,1,42101,"101_114",4210160000,42101029400,1601,1.17,30,16.249942,1.931644,188.1736738,16,45,1005,2,"5/14/2013","",0,-75.1140625240641,39.9929319296134,-75.0854738945499,40.0094870178998,"POINT (-75.114063 39.992932)","POINT (-75.085474 40.009487)"
72825,1028353,3,102835303,439.5779854,160.8321998,1,NA,1.02835e+12,2,1.02835e+14,10283530302,NA,NA,2,NA,NA,4,1,42,1,42101,"101_114",4210160000,42101029400,1601,"17:15",15,4,NA,NA,"1:00","2:30","","","20:45",14,5,NA,NA,NA,NA,NA,NA,NA,NA,NA,NA,NA,NA,NA,NA,NA,NA,NA,NA,NA,NA,NA,NA,NA,NA,NA,NA,NA,NA,NA,NA,1,1,42,1,42101,"101_109",4210160000,42101017800,622,1.17,30,15.172652,2.000346,188.1736738,20,45,1245,2,"5/14/2013","",0,-75.0854738945499,40.0094870178998,-75.1140625240641,39.9929319296134,"POINT (-75.085474 40.009487)","POINT (-75.114063 39.992932)"
72835,1028510,1,102851001,317.8695646,182.5834247,1,NA,1.02851e+12,1,1.02851e+14,10285100101,NA,NA,2,4,2,1,1,42,1,42101,"101_110",4210160000,42101006900,1001,"",1,NA,NA,NA,"5:00","","","","8:00",14,5,NA,NA,NA,NA,NA,NA,NA,NA,NA,NA,NA,NA,NA,NA,NA,NA,NA,NA,NA,NA,NA,NA,NA,NA,NA,NA,NA,NA,NA,NA,4,1,42,1,42101,"101_112",4210160000,42101002400,846,1.17,60,28.410963,4.159076,213.6226069,8,0,480,4,"5/16/2013","",0,-75.214660746654,39.9308500106865,-75.1595117962634,39.9367714452714,"POINT (-75.214661 39.930850)","POINT (-75.159512 39.936771)"
72836,1028510,1,102851001,317.8695646,182.5834247,1,NA,1.02851e+12,2,1.02851e+14,10285100102,NA,NA,2,NA,NA,4,1,42,1,42101,"101_112",4210160000,42101002400,846,"9:00",8,NA,NA,NA,"1:00","","","","10:15",14,5,NA,NA,NA,NA,NA,NA,NA,NA,NA,NA,NA,NA,NA,NA,NA,NA,NA,NA,NA,NA,NA,NA,NA,NA,NA,NA,NA,NA,NA,NA,4,1,42,1,42101,"101_103",4210160000,42101000804,46,1.17,45,18.142603,1.565998,213.6226069,10,15,615,4,"5/16/2013","",0,-75.1595117962634,39.9367714452714,-75.1701368511036,39.9488667930338,"POINT (-75.159512 39.936771)","POINT (-75.170137 39.948867)"
72837,1028510,1,102851001,317.8695646,182.5834247,1,NA,1.02851e+12,3,1.02851e+14,10285100103,NA,NA,2,NA,NA,4,1,42,1,42101,"101_103",4210160000,42101000804,46,"11:00",9,NA,NA,NA,"1:20","","","","12:20",14,5,NA,NA,NA,NA,NA,NA,NA,NA,NA,NA,NA,NA,NA,NA,NA,NA,NA,NA,NA,NA,NA,NA,NA,NA,NA,NA,NA,NA,NA,NA,4,1,42,1,42101,"101_102",4210160000,42101006600,2023,1.17,70,32.708417,4.640937,213.6226069,12,20,740,4,"5/16/2013","",0,-75.1701368511036,39.9488667930338,-75.2298442421393,39.9293235759694,"POINT (-75.170137 39.948867)","POINT (-75.229844 39.929324)"
72838,1028510,1,102851001,317.8695646,182.5834247,1,NA,1.02851e+12,4,1.02851e+14,10285100104,NA,NA,2,NA,NA,4,1,42,1,42101,"101_102",4210160000,42101006600,2023,"13:30",8,NA,NA,NA,"0:00","","","","13:50",23,5,NA,NA,NA,NA,NA,NA,NA,NA,NA,NA,NA,NA,NA,NA,NA,NA,NA,NA,NA,NA,NA,NA,NA,NA,NA,NA,NA,NA,NA,NA,4,1,42,1,42101,"101_102",4210160000,42101006300,2018,1.17,25,5.35,0.783549,213.6226069,13,50,830,4,"5/16/2013","",0,-75.2298442421393,39.9293235759694,-75.2399779780059,39.9210924003411,"POINT (-75.229844 39.929324)","POINT (-75.239978 39.921092)"
72839,1028510,1,102851001,317.8695646,182.5834247,1,NA,1.02851e+12,5,1.02851e+14,10285100105,NA,NA,2,NA,NA,4,1,42,1,42101,"101_102",4210160000,42101006300,2018,"14:15",8,NA,NA,NA,"0:00","","","","15:00",23,5,NA,NA,NA,NA,NA,NA,NA,NA,NA,NA,NA,NA,NA,NA,NA,NA,NA,NA,NA,NA,NA,NA,NA,NA,NA,NA,NA,NA,NA,NA,1,1,42,1,42101,"101_110",4210160000,42101006900,1001,1.17,60,16.072397,1.762657,213.6226069,15,0,900,4,"5/16/2013","",0,-75.2399779780059,39.9210924003411,-75.214660746654,39.9308500106865,"POINT (-75.239978 39.921092)","POINT (-75.214661 39.930850)"
72928,1029383,1,102938301,331.3154841,99.7176295,1,NA,1.02938e+12,2,1.02938e+14,10293830102,NA,NA,2,NA,NA,4,1,42,1,42101,"101_110",4210160000,42101008802,1031,"10:50",11,8,NA,NA,"1:30","1:00","","","13:20",23,5,NA,NA,NA,NA,NA,NA,NA,NA,NA,NA,NA,NA,NA,NA,NA,NA,NA,NA,NA,NA,NA,NA,NA,NA,NA,NA,NA,NA,NA,NA,1,1,42,1,42101,"101_110",4210160000,42101007900,1021,1.17,50,14.665845,1.274336,116.6696265,13,20,800,4,"5/16/2013","",0,-75.2024327640643,39.9546329212277,-75.2182588102061,39.950471058218,"POINT (-75.202433 39.954633)","POINT (-75.218259 39.950471)"
72929,1029383,1,102938301,331.3154841,99.7176295,2,NA,1.02938e+12,3,1.02938e+14,10293830103,NA,NA,3,0,NA,1,1,42,1,42101,"101_110",4210160000,42101007900,1021,"14:10",1,NA,NA,NA,"3:40","","","","18:00",23,5,NA,NA,NA,NA,NA,NA,NA,NA,NA,NA,NA,NA,NA,NA,NA,NA,NA,NA,NA,NA,NA,NA,NA,NA,NA,NA,NA,NA,NA,NA,2,1,42,1,42101,"101_110",4210160000,42101036900,1014,1.17,60,21.206552,2.102176,116.6696265,18,0,1080,4,"5/16/2013","",0,-75.2182588102061,39.950471058218,-75.1928742171467,39.9459041130135,"POINT (-75.218259 39.950471)","POINT (-75.192874 39.945904)"
72953,1030349,1,103034901,228.3913137,92.20959126,1,NA,1.03035e+12,1,1.03035e+14,10303490101,NA,NA,2,4,2,1,1,42,1,42101,"101_103",4210160000,42101014200,128,"",1,NA,NA,NA,"5:00","","","","8:00",14,5,NA,NA,NA,NA,NA,NA,NA,NA,NA,NA,NA,NA,NA,NA,NA,NA,NA,NA,NA,NA,NA,NA,NA,NA,NA,NA,NA,NA,NA,NA,4,1,42,1,42101,"101_103",4210160000,42101001001,52,1.17,18,16.307908,1.809779,107.8852218,8,0,480,2,"5/14/2013","",0,-75.1401720521647,39.9668670569272,-75.1501439390544,39.9483766989707,"POINT (-75.140172 39.966867)","POINT (-75.150144 39.948377)"
72954,1030349,1,103034901,228.3913137,92.20959126,1,NA,1.03035e+12,2,1.03035e+14,10303490102,NA,NA,2,NA,NA,4,1,42,1,42101,"101_103",4210160000,42101001001,52,"8:18",19,NA,NA,NA,"0:00","","","","8:24",14,5,NA,NA,NA,NA,NA,NA,NA,NA,NA,NA,NA,NA,NA,NA,NA,NA,NA,NA,NA,NA,NA,NA,NA,NA,NA,NA,NA,NA,NA,NA,4,1,42,1,42101,"101_108",4210160000,42101038400,3221,1.17,53,43.202467,12.151835,107.8852218,8,24,504,2,"5/14/2013","",0,-75.1501439390544,39.9483766989707,-75.2361840313814,40.0659288695917,"POINT (-75.150144 39.948377)","POINT (-75.236184 40.065929)"
72955,1030349,1,103034901,228.3913137,92.20959126,1,NA,1.03035e+12,3,1.03035e+14,10303490103,NA,NA,2,NA,NA,4,1,42,1,42101,"101_108",4210160000,42101038400,3221,"9:17",11,9,96,NA,"1:00","0:20","0:30","","11:07",14,5,NA,NA,NA,NA,NA,NA,NA,NA,NA,NA,NA,NA,NA,NA,NA,NA,NA,NA,NA,NA,NA,NA,NA,NA,NA,NA,NA,NA,NA,NA,4,1,42,1,42101,"101_110",4210160000,42101036900,1026,1.17,28,32.340381,10.225668,107.8852218,11,7,667,2,"5/14/2013","",0,-75.2361840313814,40.0659288695917,-75.1840170635385,39.9534784074457,"POINT (-75.236184 40.065929)","POINT (-75.184017 39.953478)"
72956,1030349,1,103034901,228.3913137,92.20959126,1,NA,1.03035e+12,4,1.03035e+14,10303490104,NA,NA,2,NA,NA,4,1,42,1,42101,"101_110",4210160000,42101036900,1026,"11:35",19,NA,NA,NA,"0:05","","","","11:40",21,5,NA,NA,NA,NA,NA,NA,NA,NA,NA,NA,NA,NA,NA,NA,NA,NA,NA,NA,NA,NA,NA,NA,NA,NA,NA,NA,NA,NA,NA,NA,4,1,42,1,42101,"101_107",4210160000,42101014400,401,1.17,18,22.563951,3.924426,107.8852218,11,40,700,2,"5/14/2013","",0,-75.1840170635385,39.9534784074457,-75.1400970132193,39.9722367087517,"POINT (-75.184017 39.953478)","POINT (-75.140097 39.972237)"
72957,1030349,1,103034901,228.3913137,92.20959126,1,NA,1.03035e+12,5,1.03035e+14,10303490105,NA,NA,2,NA,NA,4,1,42,1,42101,"101_107",4210160000,42101014400,401,"11:58",19,NA,NA,NA,"0:00","","","","12:00",23,5,NA,NA,NA,NA,NA,NA,NA,NA,NA,NA,NA,NA,NA,NA,NA,NA,NA,NA,NA,NA,NA,NA,NA,NA,NA,NA,NA,NA,NA,NA,1,1,42,1,42101,"101_103",4210160000,42101014200,128,1.17,10,8.301245,0.439969,107.8852218,12,0,720,2,"5/14/2013","",0,-75.1400970132193,39.9722367087517,-75.1401720521647,39.9668670569272,"POINT (-75.140097 39.972237)","POINT (-75.140172 39.966867)"
72958,1030349,1,103034901,228.3913137,92.20959126,2,NA,1.03035e+12,6,1.03035e+14,10303490106,NA,NA,2,2,NA,1,1,42,1,42101,"101_103",4210160000,42101014200,128,"12:10",1,7,NA,NA,"2:00","1:10","","","15:30",14,5,NA,NA,NA,NA,NA,NA,NA,NA,NA,NA,NA,NA,NA,NA,NA,NA,NA,NA,NA,NA,NA,NA,NA,NA,NA,NA,NA,NA,NA,NA,4,1,42,1,42101,"101_103",4210160000,42101001001,36,1.17,25,17.879484,1.941209,107.8852218,15,30,930,2,"5/14/2013","",0,-75.1401720521647,39.9668670569272,-75.1505658415867,39.9464361327538,"POINT (-75.140172 39.966867)","POINT (-75.150566 39.946436)"
72993,1030893,2,103089302,278.6509612,3042.512529,2,1,1.03089e+12,4,1.03089e+14,10308930204,NA,NA,1,1,NA,1,1,42,1,42091,"091_401",4209144976,42091205200,10019,"12:50",6,NA,NA,NA,"0:00","","","","13:05",14,5,NA,NA,NA,NA,NA,NA,NA,NA,NA,NA,NA,NA,NA,NA,NA,NA,NA,NA,NA,NA,NA,NA,NA,NA,NA,NA,NA,NA,NA,NA,4,1,42,1,42101,"101_103",4210160000,42101000402,96,1.15,20,39.366042,9.25473,3498.889409,13,5,785,5,"5/17/2013","",0,-75.3045400928903,40.0162243322963,-75.1706866571216,39.953785415184,"POINT (-75.304540 40.016224)","POINT (-75.170687 39.953785)"
72994,1030893,2,103089302,278.6509612,3042.512529,2,NA,1.03089e+12,5,1.03089e+14,10308930205,NA,NA,1,NA,NA,4,1,42,1,42101,"101_103",4210160000,42101000402,96,"13:25",5,NA,NA,NA,"3:10","","","","16:35",14,5,NA,NA,NA,NA,NA,NA,NA,NA,NA,NA,NA,NA,NA,NA,NA,NA,NA,NA,NA,NA,NA,NA,NA,NA,NA,NA,NA,NA,NA,NA,1,1,42,1,42091,"091_401",4209144976,42091205200,10019,1.15,15,37.085814,10.252094,3498.889409,16,35,995,5,"5/17/2013","",0,-75.1706866571216,39.953785415184,-75.3045400928903,40.0162243322963,"POINT (-75.170687 39.953785)","POINT (-75.304540 40.016224)"
72995,1030893,2,103089302,278.6509612,3042.512529,3,NA,1.03089e+12,6,1.03089e+14,10308930206,NA,NA,2,1,NA,1,1,42,1,42091,"091_401",4209144976,42091205200,10019,"16:50",1,NA,NA,NA,"1:25","","","","18:15",14,5,NA,NA,NA,NA,NA,NA,NA,NA,NA,NA,NA,NA,NA,NA,NA,NA,NA,NA,NA,NA,NA,NA,NA,NA,NA,NA,NA,NA,NA,NA,4,1,42,1,42101,"101_103",4210160000,42101000200,108,1.15,20,50.007173,10.430088,3498.889409,18,15,1095,5,"5/17/2013","",0,-75.3045400928903,40.0162243322963,-75.1560983260195,39.9553691545034,"POINT (-75.304540 40.016224)","POINT (-75.156098 39.955369)"
72996,1030893,2,103089302,278.6509612,3042.512529,3,NA,1.03089e+12,7,1.03089e+14,10308930207,NA,NA,2,NA,NA,4,1,42,1,42101,"101_103",4210160000,42101000200,108,"18:35",11,NA,NA,NA,"1:15","","","","19:50",14,5,NA,NA,NA,NA,NA,NA,NA,NA,NA,NA,NA,NA,NA,NA,NA,NA,NA,NA,NA,NA,NA,NA,NA,NA,NA,NA,NA,NA,NA,NA,1,1,42,1,42091,"091_401",4209144976,42091205200,10019,1.15,20,43.083333,10.087132,3498.889409,19,50,1190,5,"5/17/2013","",0,-75.1560983260195,39.9553691545034,-75.3045400928903,40.0162243322963,"POINT (-75.156098 39.955369)","POINT (-75.304540 40.016224)"
73229,1038114,1,103811401,399.7840456,171.7468388,2,NA,1.03811e+12,3,1.03811e+14,10381140103,NA,NA,2,NA,NA,4,1,42,1,42101,"101_108",4210160000,42101021100,3208,"10:10",16,NA,NA,NA,"1:30","","","","11:40",14,5,NA,NA,NA,NA,NA,NA,NA,NA,NA,NA,NA,NA,NA,NA,NA,NA,NA,NA,NA,NA,NA,NA,NA,NA,NA,NA,NA,NA,NA,NA,4,1,42,1,42101,"101_101",4210160000,42101020000,1415,1.17,80,28.028044,2.446156,200.9438013,11,40,700,5,"5/17/2013","",0,-75.2065311183375,40.0264644764131,-75.1509013014001,40.0025369261947,"POINT (-75.206531 40.026464)","POINT (-75.150901 40.002537)"
73230,1038114,1,103811401,399.7840456,171.7468388,2,NA,1.03811e+12,4,1.03811e+14,10381140104,NA,NA,2,NA,NA,4,1,42,1,42101,"101_101",4210160000,42101020000,1415,"13:00",16,NA,NA,NA,"2:30","","","","15:30",21,5,NA,NA,NA,NA,NA,NA,NA,NA,NA,NA,NA,NA,NA,NA,NA,NA,NA,NA,NA,NA,NA,NA,NA,NA,NA,NA,NA,NA,NA,NA,4,1,42,1,42101,"101_103",4210160000,42101000401,103,1.17,60,27.74279,4.475452,200.9438013,15,30,930,5,"5/17/2013","",0,-75.1509013014001,40.0025369261947,-75.177201361549,39.9550054347417,"POINT (-75.150901 40.002537)","POINT (-75.177201 39.955005)"
73231,1038114,1,103811401,399.7840456,171.7468388,2,NA,1.03811e+12,5,1.03811e+14,10381140105,NA,NA,2,NA,NA,4,1,42,1,42101,"101_103",4210160000,42101000401,103,"16:30",8,NA,NA,NA,"0:00","","","","17:15",14,5,NA,NA,NA,NA,NA,NA,NA,NA,NA,NA,NA,NA,NA,NA,NA,NA,NA,NA,NA,NA,NA,NA,NA,NA,NA,NA,NA,NA,NA,NA,1,1,42,1,42101,"101_108",4210160000,42101021100,3208,1.17,65,14.727857,6.852238,200.9438013,17,15,1035,5,"5/17/2013","",0,-75.177201361549,39.9550054347417,-75.2065311183375,40.0264644764131,"POINT (-75.177201 39.955005)","POINT (-75.206531 40.026464)"
73355,1041692,1,104169201,186.8349851,373.3644024,1,NA,1.04169e+12,1,1.04169e+14,10416920101,NA,NA,3,1,2,2,1,42,1,42101,"101_103",4210160000,42101001700,3,"",1,NA,NA,NA,"3:50","","","","6:50",14,5,NA,NA,NA,NA,NA,NA,NA,NA,NA,NA,NA,NA,NA,NA,NA,NA,NA,NA,NA,NA,NA,NA,NA,NA,NA,NA,NA,NA,NA,NA,2,1,42,1,42101,"101_101",4210160000,42101020000,1415,1.12,40,41.273181,5.931451,418.1681307,6,50,410,2,"5/14/2013","",0,-75.1483131665262,39.937767343598,-75.1509013014001,40.0025369261947,"POINT (-75.148313 39.937767)","POINT (-75.150901 40.002537)"
73570,1051293,2,105129302,472.0361985,96.07875581,1,NA,1.05129e+12,3,1.05129e+14,10512930203,NA,NA,1,NA,NA,4,1,42,1,42101,"101_103",4210160000,42101000401,103,"17:15",8,NA,NA,NA,"0:00","","","","17:30",14,5,NA,NA,NA,NA,NA,NA,NA,NA,NA,NA,NA,NA,NA,NA,NA,NA,NA,NA,NA,NA,NA,NA,NA,NA,NA,NA,NA,NA,NA,NA,1,1,42,1,42101,"101_103",4210160000,42101013601,141,1.12,15,11.359287,1.331816,107.6082065,17,30,1050,2,"5/7/2013","",0,-75.177201361549,39.9550054347417,-75.1785792243999,39.9689777214525,"POINT (-75.177201 39.955005)","POINT (-75.178579 39.968978)"
73573,1051293,3,105129303,472.0361985,84.30299267,1,NA,1.05129e+12,2,1.05129e+14,10512930302,NA,NA,2,NA,NA,4,1,42,1,42101,"101_103",4210160000,42101012500,134,"7:25",19,NA,NA,NA,"0:00","","","","7:35",21,5,NA,NA,NA,NA,NA,NA,NA,NA,NA,NA,NA,NA,NA,NA,NA,NA,NA,NA,NA,NA,NA,NA,NA,NA,NA,NA,NA,NA,NA,NA,4,1,42,1,42101,"101_115",4210160000,42101028200,2615,1.12,10,23.770789,5.903377,94.4193518,7,35,455,2,"5/7/2013","",0,-75.1632627264191,39.9610182840982,-75.1398050137829,40.0366774270012,"POINT (-75.163263 39.961018)","POINT (-75.139805 40.036677)"
73591,1051682,2,105168202,332.8421126,1067.503169,1,NA,1.05168e+12,2,1.05168e+14,10516820202,NA,NA,1,NA,NA,2,1,42,1,42045,"045_205",4204522584,42045410000,4804,"7:27",19,NA,NA,NA,"0:22","","","","7:49",14,5,NA,NA,NA,NA,NA,NA,NA,NA,NA,NA,NA,NA,NA,NA,NA,NA,NA,NA,NA,NA,NA,NA,NA,NA,NA,NA,NA,NA,NA,NA,2,1,42,1,42029,"029_306",4202984104,42029302901,7059,1.17,9,26.19052,5.073496,1248.978707,7,49,469,4,"5/9/2013","",0,-75.4500381380104,39.9613999791314,-75.5219531141482,39.9607510443511,"POINT (-75.450038 39.961400)","POINT (-75.521953 39.960751)"
73592,1051682,2,105168202,332.8421126,1067.503169,1,NA,1.05168e+12,3,1.05168e+14,10516820203,NA,NA,1,NA,NA,2,1,42,1,42029,"029_306",4202984104,42029302901,7059,"7:58",5,NA,NA,NA,"4:00","","","","12:20",14,5,NA,NA,NA,NA,NA,NA,NA,NA,NA,NA,NA,NA,NA,NA,NA,NA,NA,NA,NA,NA,NA,NA,NA,NA,NA,NA,NA,NA,NA,NA,4,1,42,1,42045,"045_205",4204522584,42045410000,4804,1.17,8,23.923667,5.011926,1248.978707,12,20,740,4,"5/9/2013","",0,-75.5219531141482,39.9607510443511,-75.4500381380104,39.9613999791314,"POINT (-75.521953 39.960751)","POINT (-75.450038 39.961400)"
73645,1054143,1,105414301,434.9062452,200.2051087,2,NA,1.05414e+12,5,1.05414e+14,10541430105,NA,NA,2,NA,NA,4,1,42,1,42101,"101_117",4210160000,42101024400,2402,"15:05",19,NA,NA,NA,"0:00","","","","15:15",14,5,NA,NA,NA,NA,NA,NA,NA,NA,NA,NA,NA,NA,NA,NA,NA,NA,NA,NA,NA,NA,NA,NA,NA,NA,NA,NA,NA,NA,NA,NA,4,1,42,1,42101,"101_101",4210160000,42101020102,1428,1.17,0,12.328213,1.270721,234.2399772,15,15,915,5,"5/10/2013","",0,-75.1638942692979,40.024836513729,-75.1545693550523,40.0111496191661,"POINT (-75.163894 40.024837)","POINT (-75.154569 40.011150)"
73649,1054143,1,105414301,434.9062452,200.2051087,2,NA,1.05414e+12,9,1.05414e+14,10541430109,NA,NA,2,NA,NA,4,1,42,1,42101,"101_112",4210160000,42101003001,831,"17:00",19,NA,NA,NA,"0:00","","","","17:10",14,5,NA,NA,NA,NA,NA,NA,NA,NA,NA,NA,NA,NA,NA,NA,NA,NA,NA,NA,NA,NA,NA,NA,NA,NA,NA,NA,NA,NA,NA,NA,4,1,42,1,42101,"101_112",4210160000,42101037200,804,1.17,0,17.216507,1.510147,234.2399772,17,10,1030,5,"5/10/2013","",0,-75.1719929709651,39.929072094888,-75.1661003080911,39.9138576581668,"POINT (-75.171993 39.929072)","POINT (-75.166100 39.913858)"
73650,1054143,1,105414301,434.9062452,200.2051087,2,NA,1.05414e+12,10,1.05414e+14,10541430110,NA,NA,2,NA,NA,4,1,42,1,42101,"101_112",4210160000,42101037200,804,"17:10",19,NA,NA,NA,"0:00","","","","17:17",14,5,NA,NA,NA,NA,NA,NA,NA,NA,NA,NA,NA,NA,NA,NA,NA,NA,NA,NA,NA,NA,NA,NA,NA,NA,NA,NA,NA,NA,NA,NA,4,1,42,1,42101,"101_112",4210160000,42101037200,803,1.17,33,10.589132,0.885079,234.2399772,17,17,1037,5,"5/10/2013","",0,-75.1661003080911,39.9138576581668,-75.1543285653421,39.912135860101,"POINT (-75.166100 39.913858)","POINT (-75.154329 39.912136)"
73653,1054143,1,105414301,434.9062452,200.2051087,2,NA,1.05414e+12,13,1.05414e+14,10541430113,NA,NA,2,NA,NA,4,1,42,1,42101,"101_112",4210160000,42101037200,803,"18:55",9,NA,NA,NA,"","","","","19:00",14,5,NA,NA,NA,NA,NA,NA,NA,NA,NA,NA,NA,NA,NA,NA,NA,NA,NA,NA,NA,NA,NA,NA,NA,NA,NA,NA,NA,NA,NA,NA,4,1,42,1,42101,"101_112",4210160000,42101004202,808,1.17,3,7.406299,0.632081,234.2399772,19,0,1140,5,"5/10/2013","",0,-75.1543285653421,39.912135860101,-75.1516301589525,39.9168650559185,"POINT (-75.154329 39.912136)","POINT (-75.151630 39.916865)"
73654,1054143,1,105414301,434.9062452,200.2051087,2,NA,1.05414e+12,14,1.05414e+14,10541430114,NA,NA,2,NA,NA,4,1,42,1,42101,"101_112",4210160000,42101004202,808,"19:03",19,NA,NA,NA,"","","","","19:19",14,5,NA,NA,NA,NA,NA,NA,NA,NA,NA,NA,NA,NA,NA,NA,NA,NA,NA,NA,NA,NA,NA,NA,NA,NA,NA,NA,NA,NA,NA,NA,4,1,42,1,42101,"101_112",4210160000,42101037200,804,1.17,0,11.154613,1.031788,234.2399772,19,19,1159,5,"5/10/2013","",0,-75.1516301589525,39.9168650559185,-75.1661003080911,39.9138576581668,"POINT (-75.151630 39.916865)","POINT (-75.166100 39.913858)"
73655,1054143,1,105414301,434.9062452,200.2051087,2,NA,1.05414e+12,15,1.05414e+14,10541430115,NA,NA,2,NA,NA,4,1,42,1,42101,"101_112",4210160000,42101037200,804,"19:19",19,NA,NA,NA,"","","","","20:13",14,5,NA,NA,NA,NA,NA,NA,NA,NA,NA,NA,NA,NA,NA,NA,NA,NA,NA,NA,NA,NA,NA,NA,NA,NA,NA,NA,NA,NA,NA,NA,1,1,42,1,42101,"101_117",4210160000,42101024400,2402,1.17,227,50.384212,8.507595,234.2399772,20,13,1213,5,"5/10/2013","",0,-75.1661003080911,39.9138576581668,-75.1638942692979,40.024836513729,"POINT (-75.166100 39.913858)","POINT (-75.163894 40.024837)"
74193,1071654,1,107165401,393.0130441,104.2958197,1,NA,1.07165e+12,2,1.07165e+14,10716540102,NA,NA,2,NA,NA,4,3,42,1,42101,"101_115",4210160000,42101027300,2614,"7:34",19,NA,NA,NA,"0:00","","","","7:38",14,5,NA,NA,NA,NA,NA,NA,NA,NA,NA,NA,NA,NA,NA,NA,NA,NA,NA,NA,NA,NA,NA,NA,NA,NA,NA,NA,NA,NA,NA,NA,4,3,42,1,42101,"101_118",4210160000,42101031402,2801,1.17,8,31.459703,4.458254,122.026109,7,38,458,2,"5/7/2013","",0,-75.1191244525154,40.0364863338015,-75.0602877916782,40.0432878262775,"POINT (-75.119124 40.036486)","POINT (-75.060288 40.043288)"
74194,1071654,1,107165401,393.0130441,104.2958197,1,NA,1.07165e+12,3,1.07165e+14,10716540103,NA,NA,2,NA,NA,4,3,42,1,42101,"101_118",4210160000,42101031402,2801,"7:46",19,NA,NA,NA,"0:00","","","","7:52",14,5,NA,NA,NA,NA,NA,NA,NA,NA,NA,NA,NA,NA,NA,NA,NA,NA,NA,NA,NA,NA,NA,NA,NA,NA,NA,NA,NA,NA,NA,NA,4,1,42,1,42101,"101_115",4210160000,42101027600,2622,1.17,19,35.345643,6.245905,122.026109,7,52,472,2,"5/7/2013","",0,-75.0602877916782,40.0432878262775,-75.1392788470332,40.0429484652339,"POINT (-75.060288 40.043288)","POINT (-75.139279 40.042948)"
74196,1071654,1,107165401,393.0130441,104.2958197,1,NA,1.07165e+12,5,1.07165e+14,10716540105,NA,NA,2,NA,NA,4,1,42,1,42101,"101_117",4210160000,42101024900,2423,"10:57",19,NA,NA,NA,"0:00","","","","11:08",14,5,NA,NA,NA,NA,NA,NA,NA,NA,NA,NA,NA,NA,NA,NA,NA,NA,NA,NA,NA,NA,NA,NA,NA,NA,NA,NA,NA,NA,NA,NA,4,1,42,1,42101,"101_114",4210160000,42101030502,1626,1.17,10,31.321244,4.084588,122.026109,11,8,668,2,"5/7/2013","",0,-75.1601184429639,40.0511089560396,-75.1046013715564,40.0456485850198,"POINT (-75.160118 40.051109)","POINT (-75.104601 40.045649)"
74199,1071654,1,107165401,393.0130441,104.2958197,2,NA,1.07165e+12,8,1.07165e+14,10716540108,NA,NA,3,NA,NA,2,1,42,1,42091,"091_409",4209150640,42091200605,11622,"13:06",19,NA,NA,NA,"0:00","","","","13:11",14,5,NA,NA,NA,NA,NA,NA,NA,NA,NA,NA,NA,NA,NA,NA,NA,NA,NA,NA,NA,NA,NA,NA,NA,NA,NA,NA,NA,NA,NA,NA,4,3,42,1,42101,"101_118",4210160000,42101031402,2801,1.17,7,NA,NA,122.026109,13,11,791,2,"5/7/2013","",0,-75.222939243936,40.2183267533376,-75.0602877916782,40.0432878262775,"POINT (-75.222939 40.218327)","POINT (-75.060288 40.043288)"
74203,1071654,2,107165402,393.0130441,144.3277462,1,NA,1.07165e+12,2,1.07165e+14,10716540202,NA,NA,1,NA,NA,4,1,42,1,42101,"101_114",4210160000,42101030502,1626,"6:13",19,NA,NA,NA,"0:00","","","","6:21",14,5,NA,NA,NA,NA,NA,NA,NA,NA,NA,NA,NA,NA,NA,NA,NA,NA,NA,NA,NA,NA,NA,NA,NA,NA,NA,NA,NA,NA,NA,NA,4,3,42,1,42101,"101_118",4210160000,42101031402,2801,1.17,9,33.071501,3.709821,168.8634631,6,21,381,2,"5/7/2013","",0,-75.1046013715564,40.0456485850198,-75.0602877916782,40.0432878262775,"POINT (-75.104601 40.045649)","POINT (-75.060288 40.043288)"
74209,1071717,1,107171701,435.6621296,179.3441343,1,NA,1.07172e+12,2,1.07172e+14,10717170102,NA,NA,1,NA,NA,4,1,42,1,42101,"101_110",4210160000,42101007900,1021,"8:35",19,NA,NA,NA,"0:05","","","","8:40",23,5,NA,NA,NA,NA,NA,NA,NA,NA,NA,NA,NA,NA,NA,NA,NA,NA,NA,NA,NA,NA,NA,NA,NA,NA,NA,NA,NA,NA,NA,NA,4,1,42,1,42101,"101_103",4210160000,42101000402,76,1.12,20,21.986538,3.488978,200.8654305,8,40,520,4,"5/9/2013","",0,-75.2182588102061,39.950471058218,-75.1662257986882,39.9519342771783,"POINT (-75.218259 39.950471)","POINT (-75.166226 39.951934)"
74212,1071717,1,107171701,435.6621296,179.3441343,1,NA,1.07172e+12,5,1.07172e+14,10717170105,NA,NA,1,NA,NA,4,1,42,1,42101,"101_103",4210160000,42101000500,72,"17:05",19,NA,NA,NA,"0:05","","","","17:10",23,5,NA,NA,NA,NA,NA,NA,NA,NA,NA,NA,NA,NA,NA,NA,NA,NA,NA,NA,NA,NA,NA,NA,NA,NA,NA,NA,NA,NA,NA,NA,4,1,42,1,42101,"101_110",4210160000,42101007800,1016,1.12,20,23.865408,3.493883,200.8654305,17,10,1030,4,"5/9/2013","",0,-75.1608290378846,39.9512565309348,-75.2162654488479,39.9464660922369,"POINT (-75.160829 39.951257)","POINT (-75.216265 39.946466)"
74260,1072843,1,107284301,200.3070974,121.1702398,2,NA,1.07284e+12,4,1.07284e+14,10728430104,NA,NA,2,NA,NA,4,1,42,1,42101,"101_103",4210160000,42101000401,103,"15:40",8,NA,NA,NA,"0:00","","","","16:10",14,5,NA,NA,NA,NA,NA,NA,NA,NA,NA,NA,NA,NA,NA,NA,NA,NA,NA,NA,NA,NA,NA,NA,NA,NA,NA,NA,NA,NA,NA,NA,1,1,42,1,42101,"101_103",4210160000,42101013500,140,1.15,35,15.037933,1.241761,139.3457758,16,10,970,3,"5/8/2013","",0,-75.177201361549,39.9550054347417,-75.1700384657366,39.9693644720962,"POINT (-75.177201 39.955005)","POINT (-75.170038 39.969364)"
74290,1073378,3,107337803,721.3516079,118.3247497,1,NA,1.07338e+12,1,1.07338e+14,10733780301,NA,NA,2,1,2,1,1,42,1,42101,"101_109",4210160000,42101018400,626,"",1,2,NA,NA,"1:26","3:14","","","7:40",14,5,NA,NA,NA,NA,NA,NA,NA,NA,NA,NA,NA,NA,NA,NA,NA,NA,NA,NA,NA,NA,NA,NA,NA,NA,NA,NA,NA,NA,NA,NA,3,1,42,1,42101,"101_104",4210160000,42101035200,3034,1.17,54,31.851304,6.729023,138.4399571,7,40,460,3,"5/1/2013","",0,-75.064739389944,39.9987906700722,-74.9919645563739,40.0557019160434,"POINT (-75.064739 39.998791)","POINT (-74.991965 40.055702)"
74291,1073378,3,107337803,721.3516079,118.3247497,1,NA,1.07338e+12,2,1.07338e+14,10733780302,NA,NA,2,NA,NA,3,1,42,1,42101,"101_104",4210160000,42101035200,3034,"8:34",2,3,NA,NA,"2:00","2:10","","","12:45",14,5,NA,NA,NA,NA,NA,NA,NA,NA,NA,NA,NA,NA,NA,NA,NA,NA,NA,NA,NA,NA,NA,NA,NA,NA,NA,NA,NA,NA,NA,NA,1,1,42,1,42101,"101_109",4210160000,42101018400,626,1.17,49,34.912321,6.755338,138.4399571,12,45,765,3,"5/1/2013","",0,-74.9919645563739,40.0557019160434,-75.064739389944,39.9987906700722,"POINT (-74.991965 40.055702)","POINT (-75.064739 39.998791)"
74401,1076771,3,107677103,335.3138556,159.4388181,1,NA,1.07677e+12,6,1.07677e+14,10767710306,NA,NA,1,NA,NA,4,1,42,1,42091,"091_413",4209184624,42091203000,12430,"9:26",19,NA,NA,NA,"0:00","","","","9:27",14,5,NA,NA,NA,NA,NA,NA,NA,NA,NA,NA,NA,NA,NA,NA,NA,NA,NA,NA,NA,NA,NA,NA,NA,NA,NA,NA,NA,NA,NA,NA,4,1,42,1,42091,"091_411",4209179008,42091201404,12015,1.12,3,19.477069,2.241383,178.5714763,9,27,567,3,"5/22/2013","",0,-75.214650332805,40.1349579453564,-75.1889970534327,40.1395442243909,"POINT (-75.214650 40.134958)","POINT (-75.188997 40.139544)"
74404,1076771,3,107677103,335.3138556,159.4388181,1,NA,1.07677e+12,9,1.07677e+14,10767710309,NA,NA,1,NA,NA,4,1,42,1,42091,"091_411",4209179008,42091201404,12015,"17:45",19,NA,NA,NA,"0:00","","","","17:49",14,5,NA,NA,NA,NA,NA,NA,NA,NA,NA,NA,NA,NA,NA,NA,NA,NA,NA,NA,NA,NA,NA,NA,NA,NA,NA,NA,NA,NA,NA,NA,4,1,42,1,42091,"091_413",4209184624,42091203000,12430,1.12,10,19.683333,1.901396,178.5714763,17,49,1069,3,"5/22/2013","",0,-75.1889970534327,40.1395442243909,-75.214650332805,40.1349579453564,"POINT (-75.188997 40.139544)","POINT (-75.214650 40.134958)"
74409,1076771,3,107677103,335.3138556,159.4388181,1,NA,1.07677e+12,14,1.07677e+14,10767710314,NA,NA,1,NA,NA,4,1,42,1,42101,"101_110",4210160000,42101009000,1036,"21:43",19,NA,NA,NA,"","","","","22:17",21,5,NA,NA,NA,NA,NA,NA,NA,NA,NA,NA,NA,NA,NA,NA,NA,NA,NA,NA,NA,NA,NA,NA,NA,NA,NA,NA,NA,NA,NA,NA,4,1,42,1,42101,"101_103",4210160000,42101000500,69,1.12,23,12.691868,2.240931,178.5714763,22,17,1337,3,"5/22/2013","",0,-75.1906300416804,39.958024348983,-75.1537481432666,39.9503794767793,"POINT (-75.190630 39.958024)","POINT (-75.153748 39.950379)"
74799,1088684,1,108868401,469.0814846,120.5702221,1,NA,1.08868e+12,1,1.08868e+14,10886840101,NA,NA,1,4,2,1,1,42,1,42101,"101_116",4210160000,42101036100,3624,"",1,15,7,NA,"0:00","","","","5:30",14,5,NA,NA,NA,NA,NA,NA,NA,NA,NA,NA,NA,NA,NA,NA,NA,NA,NA,NA,NA,NA,NA,NA,NA,NA,NA,NA,NA,NA,NA,NA,2,1,42,1,42101,"101_103",4210160000,42101000500,89,1.17,35,69.506076,16.785386,141.0671599,5,30,330,5,"5/10/2013","",0,-74.9907571215361,40.0991165357115,-75.1572994746159,39.95264251715,"POINT (-74.990757 40.099117)","POINT (-75.157299 39.952643)"
74800,1088684,1,108868401,469.0814846,120.5702221,1,NA,1.08868e+12,2,1.08868e+14,10886840102,NA,NA,1,NA,NA,2,1,42,1,42101,"101_103",4210160000,42101000500,89,"6:05",8,NA,NA,NA,"0:00","","","","6:15",14,5,NA,NA,NA,NA,NA,NA,NA,NA,NA,NA,NA,NA,NA,NA,NA,NA,NA,NA,NA,NA,NA,NA,NA,NA,NA,NA,NA,NA,NA,NA,2,1,42,1,42101,"101_113",4210160000,42101036000,3409,1.17,30,63.897203,15.302402,141.0671599,6,15,375,5,"5/10/2013","",0,-75.1572994746159,39.95264251715,-75.0164718495484,40.1003470300558,"POINT (-75.157299 39.952643)","POINT (-75.016472 40.100347)"
74801,1088684,1,108868401,469.0814846,120.5702221,1,NA,1.08868e+12,3,1.08868e+14,10886840103,NA,NA,1,NA,NA,2,1,42,1,42101,"101_113",4210160000,42101036000,3409,"6:45",5,NA,NA,NA,"0:00","","","","15:00",14,5,NA,NA,NA,NA,NA,NA,NA,NA,NA,NA,NA,NA,NA,NA,NA,NA,NA,NA,NA,NA,NA,NA,NA,NA,NA,NA,NA,NA,NA,NA,4,1,42,1,42101,"101_103",4210160000,42101000402,76,1.17,30,66.086999,14.680334,141.0671599,15,0,900,5,"5/10/2013","",0,-75.0164718495484,40.1003470300558,-75.1662257986882,39.9519342771783,"POINT (-75.016472 40.100347)","POINT (-75.166226 39.951934)"
74803,1088684,1,108868401,469.0814846,120.5702221,1,NA,1.08868e+12,5,1.08868e+14,10886840105,NA,NA,1,NA,NA,4,1,42,1,42101,"101_103",4210160000,42101000500,71,"15:50",8,NA,NA,NA,"0:00","","","","16:20",14,5,NA,NA,NA,NA,NA,NA,NA,NA,NA,NA,NA,NA,NA,NA,NA,NA,NA,NA,NA,NA,NA,NA,NA,NA,NA,NA,NA,NA,NA,NA,1,1,42,1,42101,"101_116",4210160000,42101036100,3624,1.17,55,68.580697,17.603519,141.0671599,16,20,980,5,"5/10/2013","",0,-75.1584725274299,39.950967187359,-74.9907571215361,40.0991165357115,"POINT (-75.158473 39.950967)","POINT (-74.990757 40.099117)"
75237,1098327,1,109832701,346.5957844,114.5681334,2,NA,1.09833e+12,4,1.09833e+14,10983270104,NA,NA,1,NA,NA,4,1,42,1,42101,"101_117",4210160000,42101023800,2411,"7:20",19,NA,NA,NA,"0:01","","","","7:21",14,5,NA,NA,NA,NA,NA,NA,NA,NA,NA,NA,NA,NA,NA,NA,NA,NA,NA,NA,NA,NA,NA,NA,NA,NA,NA,NA,NA,NA,NA,NA,4,1,42,1,42101,"101_101",4210160000,42101020102,1428,1.17,15,20.949344,3.232834,134.044716,7,21,441,4,"5/9/2013","",0,-75.1827055398227,40.0389450998406,-75.1545693550523,40.0111496191661,"POINT (-75.182706 40.038945)","POINT (-75.154569 40.011150)"
75238,1098327,1,109832701,346.5957844,114.5681334,2,NA,1.09833e+12,5,1.09833e+14,10983270105,NA,NA,1,NA,NA,4,1,42,1,42101,"101_101",4210160000,42101020102,1428,"7:36",19,NA,NA,NA,"0:06","","","","7:42",21,5,NA,NA,NA,NA,NA,NA,NA,NA,NA,NA,NA,NA,NA,NA,NA,NA,NA,NA,NA,NA,NA,NA,NA,NA,NA,NA,NA,NA,NA,NA,4,1,42,1,42101,"101_103",4210160000,42101000500,69,1.17,12,16.358269,4.413498,134.044716,7,42,462,4,"5/9/2013","",0,-75.1545693550523,40.0111496191661,-75.1537481432666,39.9503794767793,"POINT (-75.154569 40.011150)","POINT (-75.153748 39.950379)"
75242,1098327,1,109832701,346.5957844,114.5681334,2,NA,1.09833e+12,9,1.09833e+14,10983270109,NA,NA,1,NA,NA,4,1,42,1,42101,"101_103",4210160000,42101000500,69,"16:58",19,NA,NA,NA,"0:06","","","","17:04",21,5,NA,NA,NA,NA,NA,NA,NA,NA,NA,NA,NA,NA,NA,NA,NA,NA,NA,NA,NA,NA,NA,NA,NA,NA,NA,NA,NA,NA,NA,NA,4,1,42,1,42101,"101_101",4210160000,42101020102,1428,1.17,10,15.898881,4.454403,134.044716,17,4,1024,4,"5/9/2013","",0,-75.1537481432666,39.9503794767793,-75.1545693550523,40.0111496191661,"POINT (-75.153748 39.950379)","POINT (-75.154569 40.011150)"
75243,1098327,1,109832701,346.5957844,114.5681334,2,NA,1.09833e+12,10,1.09833e+14,10983270110,NA,NA,1,NA,NA,4,1,42,1,42101,"101_101",4210160000,42101020102,1428,"17:14",19,NA,NA,NA,"0:06","","","","17:20",14,5,NA,NA,NA,NA,NA,NA,NA,NA,NA,NA,NA,NA,NA,NA,NA,NA,NA,NA,NA,NA,NA,NA,NA,NA,NA,NA,NA,NA,NA,NA,4,1,42,1,42101,"101_117",4210160000,42101023800,2411,1.17,22,23.61017,3.039159,134.044716,17,20,1040,4,"5/9/2013","",0,-75.1545693550523,40.0111496191661,-75.1827055398227,40.0389450998406,"POINT (-75.154569 40.011150)","POINT (-75.182706 40.038945)"
75247,1098327,2,109832702,346.5957844,108.0410879,1,NA,1.09833e+12,2,1.09833e+14,10983270202,NA,NA,1,NA,NA,4,1,42,1,42101,"101_117",4210160000,42101023800,2411,"5:45",19,NA,NA,NA,"0:09","","","","5:54",14,5,NA,NA,NA,NA,NA,NA,NA,NA,NA,NA,NA,NA,NA,NA,NA,NA,NA,NA,NA,NA,NA,NA,NA,NA,NA,NA,NA,NA,NA,NA,4,1,42,1,42101,"101_101",4210160000,42101020102,1428,1.17,14,19.056807,3.358187,126.4080729,5,54,354,4,"5/9/2013","",0,-75.1827055398227,40.0389450998406,-75.1545693550523,40.0111496191661,"POINT (-75.182706 40.038945)","POINT (-75.154569 40.011150)"
75248,1098327,2,109832702,346.5957844,108.0410879,1,NA,1.09833e+12,3,1.09833e+14,10983270203,NA,NA,1,NA,NA,4,1,42,1,42101,"101_101",4210160000,42101020102,1428,"6:08",19,NA,NA,NA,"0:08","","","","6:16",21,5,NA,NA,NA,NA,NA,NA,NA,NA,NA,NA,NA,NA,NA,NA,NA,NA,NA,NA,NA,NA,NA,NA,NA,NA,NA,NA,NA,NA,NA,NA,4,1,42,1,42101,"101_103",4210160000,42101000901,41,1.17,10,17.976477,4.557724,126.4080729,6,16,376,4,"5/9/2013","",0,-75.1545693550523,40.0111496191661,-75.1634808483634,39.9480403151119,"POINT (-75.154569 40.011150)","POINT (-75.163481 39.948040)"
75251,1098327,2,109832702,346.5957844,108.0410879,1,NA,1.09833e+12,6,1.09833e+14,10983270206,NA,NA,1,NA,NA,4,1,42,1,42101,"101_103",4210160000,42101000901,41,"13:08",19,NA,NA,NA,"0:00","","","","13:11",21,5,NA,NA,NA,NA,NA,NA,NA,NA,NA,NA,NA,NA,NA,NA,NA,NA,NA,NA,NA,NA,NA,NA,NA,NA,NA,NA,NA,NA,NA,NA,4,1,42,1,42101,"101_101",4210160000,42101020102,1428,1.17,12,20.530366,4.533416,126.4080729,13,11,791,4,"5/9/2013","",0,-75.1634808483634,39.9480403151119,-75.1545693550523,40.0111496191661,"POINT (-75.163481 39.948040)","POINT (-75.154569 40.011150)"
75252,1098327,2,109832702,346.5957844,108.0410879,1,NA,1.09833e+12,7,1.09833e+14,10983270207,NA,NA,1,NA,NA,4,1,42,1,42101,"101_101",4210160000,42101020102,1428,"13:23",19,NA,NA,NA,"0:04","","","","13:27",14,5,NA,NA,NA,NA,NA,NA,NA,NA,NA,NA,NA,NA,NA,NA,NA,NA,NA,NA,NA,NA,NA,NA,NA,NA,NA,NA,NA,NA,NA,NA,4,1,42,1,42101,"101_117",4210160000,42101023800,2411,1.17,26,24.462103,3.129743,126.4080729,13,27,807,4,"5/9/2013","",0,-75.1545693550523,40.0111496191661,-75.1827055398227,40.0389450998406,"POINT (-75.154569 40.011150)","POINT (-75.182706 40.038945)"
75366,1102855,1,110285501,642.597154,503.2612608,1,NA,1.10286e+12,1,1.10286e+14,11028550101,NA,NA,2,4,2,1,1,42,1,42101,"101_117",4210160000,42101024300,2401,"",1,NA,NA,NA,"6:00","","","","9:00",14,5,NA,NA,NA,NA,NA,NA,NA,NA,NA,NA,NA,NA,NA,NA,NA,NA,NA,NA,NA,NA,NA,NA,NA,NA,NA,NA,NA,NA,NA,NA,4,3,42,1,42101,"101_105",4210160000,42101037300,1816,1.17,30,56.916649,9.749186,588.8156751,9,0,540,2,"5/14/2013","",0,-75.1710393335578,40.0215935498751,-75.1792803129236,39.9102291849896,"POINT (-75.171039 40.021594)","POINT (-75.179280 39.910229)"
75367,1102855,1,110285501,642.597154,503.2612608,1,NA,1.10286e+12,2,1.10286e+14,11028550102,NA,NA,2,NA,NA,4,3,42,1,42101,"101_105",4210160000,42101037300,1816,"9:30",19,NA,NA,NA,"0:00","","","","9:45",14,5,NA,NA,NA,NA,NA,NA,NA,NA,NA,NA,NA,NA,NA,NA,NA,NA,NA,NA,NA,NA,NA,NA,NA,NA,NA,NA,NA,NA,NA,NA,4,3,42,1,42101,"101_111",4210160000,42101010500,1222,1.17,15,46.904974,6.544146,588.8156751,9,45,585,2,"5/14/2013","",0,-75.1792803129236,39.9102291849896,-75.214203546323,39.966573251699,"POINT (-75.179280 39.910229)","POINT (-75.214204 39.966573)"
75368,1102855,1,110285501,642.597154,503.2612608,1,NA,1.10286e+12,3,1.10286e+14,11028550103,NA,NA,2,NA,NA,4,3,42,1,42101,"101_111",4210160000,42101010500,1222,"10:00",19,NA,NA,NA,"0:00","","","","10:15",14,5,NA,NA,NA,NA,NA,NA,NA,NA,NA,NA,NA,NA,NA,NA,NA,NA,NA,NA,NA,NA,NA,NA,NA,NA,NA,NA,NA,NA,NA,NA,4,1,42,1,42101,"101_106",4210160000,42101980000,2218,1.17,420,20.838859,1.44127,588.8156751,10,15,615,2,"5/14/2013","",0,-75.214203546323,39.966573251699,-75.1932965395644,39.9698350451223,"POINT (-75.214204 39.966573)","POINT (-75.193297 39.969835)"
75491,1105634,1,110563401,437.62328,2718.966256,1,NA,1.10563e+12,1,1.10563e+14,11056340101,NA,NA,1,1,2,1,1,42,1,42091,"091_403",4209121600,42091203303,10402,"",1,NA,NA,NA,"6:10","","","","9:10",14,5,NA,NA,NA,NA,NA,NA,NA,NA,NA,NA,NA,NA,NA,NA,NA,NA,NA,NA,NA,NA,NA,NA,NA,NA,NA,NA,NA,NA,NA,NA,2,1,42,1,42091,"091_411",4209184888,42091203204,12036,1.17,20,22.223293,3.223373,3181.190519,9,10,550,3,"5/15/2013","",0,-75.3147109767587,40.1422852431983,-75.283892350158,40.1787913892908,"POINT (-75.314711 40.142285)","POINT (-75.283892 40.178791)"
75492,1105634,1,110563401,437.62328,2718.966256,1,NA,1.10563e+12,2,1.10563e+14,11056340102,NA,NA,1,NA,NA,2,1,42,1,42091,"091_411",4209184888,42091203204,12036,"9:30",5,NA,NA,NA,"6:45","","","","18:15",14,5,NA,NA,NA,NA,NA,NA,NA,NA,NA,NA,NA,NA,NA,NA,NA,NA,NA,NA,NA,NA,NA,NA,NA,NA,NA,NA,NA,NA,NA,NA,1,1,42,1,42091,"091_403",4209121600,42091203303,10402,1.17,35,23.224736,2.801141,3181.190519,18,15,1095,3,"5/15/2013","",0,-75.283892350158,40.1787913892908,-75.3147109767587,40.1422852431983,"POINT (-75.283892 40.178791)","POINT (-75.314711 40.142285)"
75508,1106517,3,110651703,668.0269286,77.31250438,1,NA,1.10652e+12,2,1.10652e+14,11065170302,NA,NA,1,NA,NA,4,1,42,1,42045,"045_203",4204518152,42045402600,4414,"6:42",19,NA,NA,NA,"0:14","","","","6:56",14,5,NA,NA,NA,NA,NA,NA,NA,NA,NA,NA,NA,NA,NA,NA,NA,NA,NA,NA,NA,NA,NA,NA,NA,NA,NA,NA,NA,NA,NA,NA,4,1,42,1,42045,"045_203",4204541440,42045402000,4420,1.17,4,12.296367,1.102529,90.45563013,6,56,416,3,"5/15/2013","",0,-75.2657692657726,39.9241817714539,-75.269943076881,39.9356820759347,"POINT (-75.265769 39.924182)","POINT (-75.269943 39.935682)"
75611,1109742,1,110974201,321.1717422,460.2068705,1,NA,1.10974e+12,1,1.10974e+14,11097420101,NA,NA,3,1,2,2,1,42,1,42101,"101_101",4210160000,42101020500,1440,"",1,NA,NA,NA,"0:00","","","","5:15",14,5,NA,NA,NA,NA,NA,NA,NA,NA,NA,NA,NA,NA,NA,NA,NA,NA,NA,NA,NA,NA,NA,NA,NA,NA,NA,NA,NA,NA,NA,NA,2,1,42,1,42101,"101_103",4210160000,42101000500,91,1.17,75,24.611579,5.510976,538.4420384,5,15,315,4,"5/16/2013","",0,-75.1583891414117,40.0192666370153,-75.1612826317197,39.9532127364358,"POINT (-75.158389 40.019267)","POINT (-75.161283 39.953213)"
75612,1109742,1,110974201,321.1717422,460.2068705,1,NA,1.10974e+12,2,1.10974e+14,11097420102,NA,NA,3,NA,NA,2,1,42,1,42101,"101_103",4210160000,42101000500,91,"6:30",5,NA,NA,NA,"7:30","","","","15:00",14,5,NA,NA,NA,NA,NA,NA,NA,NA,NA,NA,NA,NA,NA,NA,NA,NA,NA,NA,NA,NA,NA,NA,NA,NA,NA,NA,NA,NA,NA,NA,1,1,42,1,42101,"101_101",4210160000,42101020500,1440,1.17,90,24.047017,5.462304,538.4420384,15,0,900,4,"5/16/2013","",0,-75.1612826317197,39.9532127364358,-75.1583891414117,40.0192666370153,"POINT (-75.161283 39.953213)","POINT (-75.158389 40.019267)"
75698,1112642,1,111264201,654.0732618,246.6503618,1,NA,1.11264e+12,2,1.11264e+14,11126420102,NA,NA,1,NA,NA,4,3,42,1,42101,"101_112",4210160000,42101003901,822,"8:45",19,NA,NA,NA,"0:00","","","","8:55",14,5,NA,NA,NA,NA,NA,NA,NA,NA,NA,NA,NA,NA,NA,NA,NA,NA,NA,NA,NA,NA,NA,NA,NA,NA,NA,NA,NA,NA,NA,NA,4,1,42,1,42101,"101_112",4210160000,42101003701,830,1.17,0,8.200172,0.682219,288.5809233,8,55,535,3,"5/15/2013","",0,-75.1727947008017,39.9254003368501,-75.183199136493,39.9280075886022,"POINT (-75.172795 39.925400)","POINT (-75.183199 39.928008)"
75700,1112642,1,111264201,654.0732618,246.6503618,1,NA,1.11264e+12,4,1.11264e+14,11126420104,NA,NA,1,NA,NA,2,1,42,1,42101,"101_103",4210160000,42101000401,85,"9:45",5,NA,NA,NA,"4:15","","","","14:00",14,5,NA,NA,NA,NA,NA,NA,NA,NA,NA,NA,NA,NA,NA,NA,NA,NA,NA,NA,NA,NA,NA,NA,NA,NA,NA,NA,NA,NA,NA,NA,1,1,42,1,42101,"101_112",4210160000,42101003600,825,1.17,60,24.588479,2.545806,288.5809233,14,0,840,3,"5/15/2013","",0,-75.1779217463161,39.9533873770951,-75.1900612521521,39.9261972601751,"POINT (-75.177922 39.953387)","POINT (-75.190061 39.926197)"
75938,1119315,1,111931501,342.1442569,346.5834522,1,NA,1.11932e+12,1,1.11932e+14,11193150101,NA,NA,2,0,2,1,1,42,1,42101,"101_107",4210160000,42101016902,433,"",1,15,16,NA,"4:00","5:00","2:30","","14:30",14,5,NA,NA,NA,NA,NA,NA,NA,NA,NA,NA,NA,NA,NA,NA,NA,NA,NA,NA,NA,NA,NA,NA,NA,NA,NA,NA,NA,NA,NA,NA,1,1,42,1,42101,"101_107",4210160000,42101016902,433,1.17,60,8.632493,0.191499,405.502639,14,30,870,2,"5/28/2013","",0,-75.1830900642771,39.9921503642697,-75.1830900642771,39.9921503642697,"POINT (-75.183090 39.992150)","POINT (-75.183090 39.992150)"
75941,1119315,3,111931503,342.1442569,277.3981917,1,NA,1.11932e+12,1,1.11932e+14,11193150301,NA,NA,1,1,2,1,1,42,1,42101,"101_107",4210160000,42101016902,433,"",1,15,NA,NA,"7:00","8:00","","","18:00",14,5,NA,NA,NA,NA,NA,NA,NA,NA,NA,NA,NA,NA,NA,NA,NA,NA,NA,NA,NA,NA,NA,NA,NA,NA,NA,NA,NA,NA,NA,NA,2,2,42,1,42101,"101_107",4210160000,42101014900,415,1.17,60,12.254658,1.291669,324.5558843,18,0,1080,2,"5/28/2013","",0,-75.1830900642771,39.9921503642697,-75.1804047012754,39.9816583790678,"POINT (-75.183090 39.992150)","POINT (-75.180405 39.981658)"
75942,1119315,3,111931503,342.1442569,277.3981917,1,NA,1.11932e+12,2,1.11932e+14,11193150302,NA,NA,1,NA,NA,2,2,42,1,42101,"101_107",4210160000,42101014900,415,"19:00",96,NA,NA,NA,"4:00","","","","23:00",14,5,NA,NA,NA,NA,NA,NA,NA,NA,NA,NA,NA,NA,NA,NA,NA,NA,NA,NA,NA,NA,NA,NA,NA,NA,NA,NA,NA,NA,NA,NA,1,1,42,1,42101,"101_107",4210160000,42101016902,433,1.17,90,10.78171,1.186163,324.5558843,23,0,1380,2,"5/28/2013","",0,-75.1804047012754,39.9816583790678,-75.1830900642771,39.9921503642697,"POINT (-75.180405 39.981658)","POINT (-75.183090 39.992150)"
75952,1119666,4,111966604,432.8125428,814.2521781,1,NA,1.11967e+12,1,1.11967e+14,11196660401,NA,NA,2,1,2,1,1,42,1,42091,"091_410",4209179176,42091200305,11843,"",1,14,2,8,"2:00","2:00","2:00","2:00","13:00",21,5,NA,NA,NA,NA,NA,NA,NA,NA,NA,NA,NA,NA,NA,NA,NA,NA,NA,NA,NA,NA,NA,NA,NA,NA,NA,NA,NA,NA,NA,NA,3,1,42,1,42101,"101_107",4210160000,42101037700,414,1.15,40,55.2,17.436295,936.3900048,13,0,780,1,"5/20/2013","",0,-75.0899078827828,40.1754087918635,-75.1545851492175,39.9813757258968,"POINT (-75.089908 40.175409)","POINT (-75.154585 39.981376)"
75961,1120301,1,112030101,163.117764,296.6698751,1,NA,1.1203e+12,1,1.1203e+14,11203010101,NA,NA,3,8,2,1,1,42,1,42101,"101_115",4210160000,42101027000,2626,"",1,NA,NA,NA,"5:15","","","","8:15",21,5,NA,NA,NA,NA,NA,NA,NA,NA,NA,NA,NA,NA,NA,NA,NA,NA,NA,NA,NA,NA,NA,NA,NA,NA,NA,NA,NA,NA,NA,NA,4,1,42,1,42101,"101_103",4210160000,42101000500,74,1.17,45,32.824934,7.45718,347.1037539,8,15,495,3,"5/15/2013","",0,-75.13315298552,40.0493311400039,-75.1638872349499,39.9525548857932,"POINT (-75.133153 40.049331)","POINT (-75.163887 39.952555)"
75967,1120301,1,112030101,163.117764,296.6698751,1,NA,1.1203e+12,7,1.1203e+14,11203010107,NA,NA,3,NA,NA,4,1,42,1,42101,"101_103",4210160000,42101000600,57,"12:12",19,NA,NA,NA,"0:00","","","","12:30",21,5,NA,NA,NA,NA,NA,NA,NA,NA,NA,NA,NA,NA,NA,NA,NA,NA,NA,NA,NA,NA,NA,NA,NA,NA,NA,NA,NA,NA,NA,NA,4,1,42,1,42101,"101_115",4210160000,42101027600,2622,1.17,0,29.908192,7.439561,347.1037539,12,30,750,3,"5/15/2013","",0,-75.1603747972298,39.949646258079,-75.1392788470332,40.0429484652339,"POINT (-75.160375 39.949646)","POINT (-75.139279 40.042948)"
76059,1123009,2,112300902,382.9428742,426.7001696,1,NA,1.12301e+12,2,1.12301e+14,11230090202,NA,NA,2,NA,NA,4,1,42,1,42101,"101_114",4210160000,42101030200,1610,"8:06",19,NA,NA,NA,"0:00","","","","8:15",21,5,NA,NA,NA,NA,NA,NA,NA,NA,NA,NA,NA,NA,NA,NA,NA,NA,NA,NA,NA,NA,NA,NA,NA,NA,NA,NA,NA,NA,NA,NA,4,1,42,1,42101,"101_103",4210160000,42101000500,91,1.17,19,31.28346,7.770479,499.2391984,8,15,495,4,"5/23/2013","",0,-75.0798260530761,40.0248633027149,-75.1612826317197,39.9532127364358,"POINT (-75.079826 40.024863)","POINT (-75.161283 39.953213)"
76060,1123009,2,112300902,382.9428742,426.7001696,1,NA,1.12301e+12,3,1.12301e+14,11230090203,NA,NA,2,NA,NA,4,1,42,1,42101,"101_103",4210160000,42101000500,91,"8:34",6,NA,NA,NA,"0:00","","","","13:00",21,5,NA,NA,NA,NA,NA,NA,NA,NA,NA,NA,NA,NA,NA,NA,NA,NA,NA,NA,NA,NA,NA,NA,NA,NA,NA,NA,NA,NA,NA,NA,1,1,42,1,42101,"101_104",4210160000,42101032100,3003,1.17,50,36.29054,8.685518,499.2391984,13,0,780,4,"5/23/2013","",0,-75.1612826317197,39.9532127364358,-75.0589769417546,40.017025533914,"POINT (-75.161283 39.953213)","POINT (-75.058977 40.017026)"
76270,1131306,2,113130602,319.3944275,424.1550167,1,NA,1.13131e+12,1,1.13131e+14,11313060201,NA,NA,1,1,2,1,1,42,1,42101,"101_118",4210160000,42101031401,2802,"",1,15,NA,NA,"0:00","","","","7:45",14,5,NA,NA,NA,NA,NA,NA,NA,NA,NA,NA,NA,NA,NA,NA,NA,NA,NA,NA,NA,NA,NA,NA,NA,NA,NA,NA,NA,NA,NA,NA,2,2,42,1,42101,"101_103",4210160000,42101000402,75,1.12,45,43.505399,9.559507,475.0536187,7,45,465,2,"5/21/2013","",0,-75.0673055651795,40.0442784991825,-75.1647675352254,39.9513827603519,"POINT (-75.067306 40.044278)","POINT (-75.164768 39.951383)"
76271,1131306,2,113130602,319.3944275,424.1550167,1,NA,1.13131e+12,2,1.13131e+14,11313060202,NA,NA,1,NA,NA,2,2,42,1,42101,"101_103",4210160000,42101000402,75,"8:30",5,NA,NA,NA,"0:00","","","","20:00",14,5,NA,NA,NA,NA,NA,NA,NA,NA,NA,NA,NA,NA,NA,NA,NA,NA,NA,NA,NA,NA,NA,NA,NA,NA,NA,NA,NA,NA,NA,NA,1,1,42,1,42101,"101_118",4210160000,42101031401,2802,1.12,45,45.196552,10.072643,475.0536187,20,0,1200,2,"5/21/2013","",0,-75.1647675352254,39.9513827603519,-75.0673055651795,40.0442784991825,"POINT (-75.164768 39.951383)","POINT (-75.067306 40.044278)"
76505,1137479,1,113747901,591.7278265,90.87149052,1,NA,1.13748e+12,2,1.13748e+14,11374790102,NA,NA,1,NA,NA,4,1,42,1,42045,"045_206",4204563264,42045409702,5050,"7:45",96,NA,NA,NA,"0:03","","","","7:48",21,5,NA,NA,NA,NA,NA,NA,NA,NA,NA,NA,NA,NA,NA,NA,NA,NA,NA,NA,NA,NA,NA,NA,NA,NA,NA,NA,NA,NA,NA,NA,4,1,42,1,42045,"045_203",4204579000,42045400500,4459,1.12,14,25.884273,7.155239,101.7760694,7,48,468,4,"5/30/2013","",0,-75.3393886203709,40.0346462639254,-75.2626735411038,39.9640057100153,"POINT (-75.339389 40.034646)","POINT (-75.262674 39.964006)"
76506,1137479,1,113747901,591.7278265,90.87149052,1,NA,1.13748e+12,3,1.13748e+14,11374790103,NA,NA,1,NA,NA,4,1,42,1,42045,"045_203",4204579000,42045400500,4459,"8:02",19,NA,NA,NA,"0:00","","","","8:04",21,5,NA,NA,NA,NA,NA,NA,NA,NA,NA,NA,NA,NA,NA,NA,NA,NA,NA,NA,NA,NA,NA,NA,NA,NA,NA,NA,NA,NA,NA,NA,4,1,42,1,42101,"101_103",4210160000,42101000100,87,1.12,22,28.61965,6.34454,101.7760694,8,4,484,4,"5/30/2013","",0,-75.2626735411038,39.9640057100153,-75.150229373412,39.9517620658106,"POINT (-75.262674 39.964006)","POINT (-75.150229 39.951762)"
76509,1137479,1,113747901,591.7278265,90.87149052,1,NA,1.13748e+12,6,1.13748e+14,11374790106,NA,NA,1,NA,NA,4,1,42,1,42101,"101_103",4210160000,42101000100,87,"17:13",19,NA,NA,NA,"0:00","","","","17:16",21,5,NA,NA,NA,NA,NA,NA,NA,NA,NA,NA,NA,NA,NA,NA,NA,NA,NA,NA,NA,NA,NA,NA,NA,NA,NA,NA,NA,NA,NA,NA,4,1,42,1,42045,"045_203",4204579000,42045400500,4459,1.12,21,28.409773,6.382658,101.7760694,17,16,1036,4,"5/30/2013","",0,-75.150229373412,39.9517620658106,-75.2626735411038,39.9640057100153,"POINT (-75.150229 39.951762)","POINT (-75.262674 39.964006)"
76510,1137479,1,113747901,591.7278265,90.87149052,1,NA,1.13748e+12,7,1.13748e+14,11374790107,NA,NA,1,NA,NA,4,1,42,1,42045,"045_203",4204579000,42045400500,4459,"17:37",19,NA,NA,NA,"0:00","","","","17:47",21,5,NA,NA,NA,NA,NA,NA,NA,NA,NA,NA,NA,NA,NA,NA,NA,NA,NA,NA,NA,NA,NA,NA,NA,NA,NA,NA,NA,NA,NA,NA,4,1,42,1,42045,"045_206",4204563264,42045409702,5050,1.12,12,23.889108,7.114908,101.7760694,17,47,1067,4,"5/30/2013","",0,-75.2626735411038,39.9640057100153,-75.3393886203709,40.0346462639254,"POINT (-75.262674 39.964006)","POINT (-75.339389 40.034646)"
76816,1147054,1,114705401,210.8563572,112.1278597,2,NA,1.14705e+12,8,1.14705e+14,11470540108,NA,NA,2,NA,NA,4,4,42,1,42101,"101_110",4210160000,42101007300,1011,"18:03",19,NA,NA,NA,"0:00","","","","18:23",14,5,NA,NA,NA,NA,NA,NA,NA,NA,NA,NA,NA,NA,NA,NA,NA,NA,NA,NA,NA,NA,NA,NA,NA,NA,NA,NA,NA,NA,NA,NA,4,1,42,1,42101,"101_112",4210160000,42101003800,1818,1.17,16,36.007296,4.800055,131.1895959,18,23,1103,4,"5/30/2013","",0,-75.2232933759479,39.9448265734297,-75.1858598621043,39.9165483287187,"POINT (-75.223293 39.944827)","POINT (-75.185860 39.916548)"
76817,1147054,1,114705401,210.8563572,112.1278597,2,NA,1.14705e+12,9,1.14705e+14,11470540109,NA,NA,2,NA,NA,4,1,42,1,42101,"101_112",4210160000,42101003800,1818,"18:39",8,NA,NA,NA,"0:00","","","","19:32",14,5,NA,NA,NA,NA,NA,NA,NA,NA,NA,NA,NA,NA,NA,NA,NA,NA,NA,NA,NA,NA,NA,NA,NA,NA,NA,NA,NA,NA,NA,NA,1,1,42,1,42101,"101_110",4210160000,42101007102,1006,1.17,31,21.978321,4.147555,131.1895959,19,32,1172,4,"5/30/2013","",0,-75.1858598621043,39.9165483287187,-75.2302974929617,39.93947440453,"POINT (-75.185860 39.916548)","POINT (-75.230297 39.939474)"
77354,1166235,1,116623501,228.3913137,96.77962906,2,NA,1.16624e+12,4,1.16624e+14,11662350104,NA,NA,2,2,NA,1,1,42,1,42101,"101_104",4210160000,42101031600,3019,"9:30",1,NA,NA,NA,"1:00","","","","10:30",14,5,NA,NA,NA,NA,NA,NA,NA,NA,NA,NA,NA,NA,NA,NA,NA,NA,NA,NA,NA,NA,NA,NA,NA,NA,NA,NA,NA,NA,NA,NA,4,1,42,1,42101,"101_104",4210160000,42101033102,3031,1.17,18,15.264737,2.267335,113.232166,10,30,630,2,"5/28/2013","",0,-75.0589191747288,40.0341434174917,-75.0272886661161,40.0451130655592,"POINT (-75.058919 40.034143)","POINT (-75.027289 40.045113)"
77355,1166235,1,116623501,228.3913137,96.77962906,2,NA,1.16624e+12,5,1.16624e+14,11662350105,NA,NA,2,NA,NA,4,1,42,1,42101,"101_104",4210160000,42101033102,3031,"10:48",7,NA,NA,NA,"0:00","","","","11:35",14,5,NA,NA,NA,NA,NA,NA,NA,NA,NA,NA,NA,NA,NA,NA,NA,NA,NA,NA,NA,NA,NA,NA,NA,NA,NA,NA,NA,NA,NA,NA,4,1,42,1,42101,"101_104",4210160000,42101032000,3012,1.17,17,20.600363,2.130375,113.232166,11,35,695,2,"5/28/2013","",0,-75.0272886661161,40.0451130655592,-75.0521615628162,40.0286394093827,"POINT (-75.027289 40.045113)","POINT (-75.052162 40.028639)"
77433,1171298,1,117129801,262.8522442,384.2849322,1,NA,1.1713e+12,2,1.1713e+14,11712980102,NA,NA,1,NA,NA,2,1,42,1,42101,"101_103",4210160000,42101000500,74,"8:55",5,NA,NA,NA,"0:00","","","","18:10",14,5,NA,NA,NA,NA,NA,NA,NA,NA,NA,NA,NA,NA,NA,NA,NA,NA,NA,NA,NA,NA,NA,NA,NA,NA,NA,NA,NA,NA,NA,NA,4,1,42,1,42101,"101_103",4210160000,42101000500,71,1.12,10,6.276623,0.396306,430.3991241,18,10,1090,5,"5/31/2013","",0,-75.1638872349499,39.9525548857932,-75.1584725274299,39.950967187359,"POINT (-75.163887 39.952555)","POINT (-75.158473 39.950967)"
77773,1181668,1,118166801,496.6260015,83.12488376,1,NA,1.18167e+12,1,1.18167e+14,11816680101,NA,NA,1,1,2,1,1,42,1,42045,"045_203",4204579000,42045400402,4450,"",1,NA,NA,NA,"0:00","","","","6:15",21,5,NA,NA,NA,NA,NA,NA,NA,NA,NA,NA,NA,NA,NA,NA,NA,NA,NA,NA,NA,NA,NA,NA,NA,NA,NA,NA,NA,NA,NA,NA,2,1,42,1,42101,"101_103",4210160000,42101000100,87,1.12,40,34.518214,6.686964,93.09986981,6,15,375,1,"6/3/2013","",0,-75.2669034171152,39.9566940557434,-75.150229373412,39.9517620658106,"POINT (-75.266903 39.956694)","POINT (-75.150229 39.951762)"
77774,1181668,1,118166801,496.6260015,83.12488376,1,NA,1.18167e+12,2,1.18167e+14,11816680102,NA,NA,1,NA,NA,2,1,42,1,42101,"101_103",4210160000,42101000100,87,"6:55",5,NA,NA,NA,"0:00","","","","17:30",21,5,NA,NA,NA,NA,NA,NA,NA,NA,NA,NA,NA,NA,NA,NA,NA,NA,NA,NA,NA,NA,NA,NA,NA,NA,NA,NA,NA,NA,NA,NA,1,1,42,1,42045,"045_203",4204579000,42045400402,4450,1.12,75,33.949449,6.680351,93.09986981,17,30,1050,1,"6/3/2013","",0,-75.150229373412,39.9517620658106,-75.2669034171152,39.9566940557434,"POINT (-75.150229 39.951762)","POINT (-75.266903 39.956694)"
78239,1192838,3,119283803,665.7853703,487.8819152,1,NA,1.19284e+12,2,1.19284e+14,11928380302,NA,NA,1,NA,NA,4,3,42,1,42101,"101_104",4210160000,42101033102,3031,"7:01",19,NA,NA,NA,"0:03","","","","7:04",14,5,NA,NA,NA,NA,NA,NA,NA,NA,NA,NA,NA,NA,NA,NA,NA,NA,NA,NA,NA,NA,NA,NA,NA,NA,NA,NA,NA,NA,NA,NA,4,1,42,1,42101,"101_118",4210160000,42101980200,2817,1.12,16,22.787389,2.544836,546.427745,7,4,424,3,"6/5/2013","",0,-75.0272886661161,40.0451130655592,-75.0490199739364,40.069819370287,"POINT (-75.027289 40.045113)","POINT (-75.049020 40.069819)"
78241,1192838,3,119283803,665.7853703,487.8819152,1,NA,1.19284e+12,4,1.19284e+14,11928380304,NA,NA,1,NA,NA,3,1,42,1,42101,"101_104",4210160000,42101033102,3031,"14:40",3,NA,NA,NA,"6:00","","","","14:50",14,5,NA,NA,NA,NA,NA,NA,NA,NA,NA,NA,NA,NA,NA,NA,NA,NA,NA,NA,NA,NA,NA,NA,NA,NA,NA,NA,NA,NA,NA,NA,2,1,42,1,42101,"101_118",4210160000,42101033300,2809,1.12,15,10.25,1.311093,546.427745,14,50,890,3,"6/5/2013","",0,-75.0272886661161,40.0451130655592,-75.0440576064122,40.055019358023,"POINT (-75.027289 40.045113)","POINT (-75.044058 40.055019)"
78444,1198805,1,119880501,860.4556576,221.967171,1,NA,1.19881e+12,1,1.19881e+14,11988050101,NA,NA,2,1,2,1,1,42,1,42101,"101_107",4210160000,42101016902,435,"",1,2,3,1,"2:30","1:45","2:00","1:00","12:00",14,5,NA,NA,NA,NA,NA,NA,NA,NA,NA,NA,NA,NA,NA,NA,NA,NA,NA,NA,NA,NA,NA,NA,NA,NA,NA,NA,NA,NA,NA,NA,4,1,42,1,42101,"101_103",4210160000,42101001202,25,1.17,60,40.558533,2.665609,259.70159,12,0,720,4,"6/27/2013","",0,-75.1833128313549,39.9960562366823,-75.1732743609913,39.9456003211594,"POINT (-75.183313 39.996056)","POINT (-75.173274 39.945600)"
78445,1198805,1,119880501,860.4556576,221.967171,1,NA,1.19881e+12,2,1.19881e+14,11988050102,NA,NA,2,NA,NA,4,1,42,1,42101,"101_103",4210160000,42101001202,25,"13:00",16,NA,NA,NA,"1:45","","","","14:45",14,5,NA,NA,NA,NA,NA,NA,NA,NA,NA,NA,NA,NA,NA,NA,NA,NA,NA,NA,NA,NA,NA,NA,NA,NA,NA,NA,NA,NA,NA,NA,1,1,42,1,42101,"101_107",4210160000,42101016902,435,1.17,45,38.390124,4.501436,259.70159,14,45,885,4,"6/27/2013","",0,-75.1732743609913,39.9456003211594,-75.1833128313549,39.9960562366823,"POINT (-75.173274 39.945600)","POINT (-75.183313 39.996056)"
78447,1198805,2,119880502,860.4556576,251.0806029,1,NA,1.19881e+12,1,1.19881e+14,11988050201,NA,NA,1,0,2,1,1,42,1,42101,"101_107",4210160000,42101016902,435,"",1,5,NA,NA,"11:00","8:00","","","23:00",14,5,NA,NA,NA,NA,NA,NA,NA,NA,NA,NA,NA,NA,NA,NA,NA,NA,NA,NA,NA,NA,NA,NA,NA,NA,NA,NA,NA,NA,NA,NA,1,1,42,1,42101,"101_107",4210160000,42101016902,435,1.17,45,8.982749,0.147155,293.7643054,23,0,1380,4,"6/27/2013","",0,-75.1833128313549,39.9960562366823,-75.1833128313549,39.9960562366823,"POINT (-75.183313 39.996056)","POINT (-75.183313 39.996056)"
78451,1198805,5,119880505,860.4556576,173.7659854,1,NA,1.19881e+12,1,1.19881e+14,11988050501,NA,NA,3,0,2,4,1,42,1,42101,"101_112",4210160000,42101003300,843,"",1,15,NA,NA,"4:00","5:00","","","14:00",14,5,NA,NA,NA,NA,NA,NA,NA,NA,NA,NA,NA,NA,NA,NA,NA,NA,NA,NA,NA,NA,NA,NA,NA,NA,NA,NA,NA,NA,NA,NA,1,1,42,1,42101,"101_107",4210160000,42101016902,435,1.17,90,47.955116,5.893732,203.3062029,14,0,840,4,"6/27/2013","",0,-75.1938842464804,39.9345602638164,-75.1833128313549,39.9960562366823,"POINT (-75.193884 39.934560)","POINT (-75.183313 39.996056)"
78453,1198805,6,119880506,860.4556576,173.7659854,1,NA,1.19881e+12,1,1.19881e+14,11988050601,NA,NA,3,0,2,4,1,42,1,42101,"101_112",4210160000,42101003300,843,"",1,15,NA,NA,"4:00","4:00","","","14:00",14,5,NA,NA,NA,NA,NA,NA,NA,NA,NA,NA,NA,NA,NA,NA,NA,NA,NA,NA,NA,NA,NA,NA,NA,NA,NA,NA,NA,NA,NA,NA,1,1,42,1,42101,"101_107",4210160000,42101016902,435,1.17,90,47.955116,5.893732,203.3062029,14,0,840,4,"6/27/2013","",0,-75.1938842464804,39.9345602638164,-75.1833128313549,39.9960562366823,"POINT (-75.193884 39.934560)","POINT (-75.183313 39.996056)"
78461,1198879,2,119887902,209.2320632,210.6344352,1,NA,1.19888e+12,1,1.19888e+14,11988790201,NA,NA,3,1,2,4,1,42,1,42017,"017_509",4201705616,42017100206,15624,"",19,NA,NA,NA,"0:45","","","","5:00",23,5,NA,NA,NA,NA,NA,NA,NA,NA,NA,NA,NA,NA,NA,NA,NA,NA,NA,NA,NA,NA,NA,NA,NA,NA,NA,NA,NA,NA,NA,NA,4,1,42,1,42101,"101_107",4210160000,42101037700,414,1.15,180,68.433333,20.276403,242.2296005,5,0,300,1,"6/3/2013","",0,-74.9537657364031,40.1342148390318,-75.1545851492175,39.9813757258968,"POINT (-74.953766 40.134215)","POINT (-75.154585 39.981376)"
78559,1201095,3,120109503,1024.377182,3186.664682,1,NA,1.2011e+12,2,1.2011e+14,12010950302,NA,NA,1,NA,NA,4,1,42,1,42045,"045_205",4204549136,42045407202,4814,"8:50",19,20,NA,NA,"0:05","0:05","","","9:00",14,5,NA,NA,NA,NA,NA,NA,NA,NA,NA,NA,NA,NA,NA,NA,NA,NA,NA,NA,NA,NA,NA,NA,NA,NA,NA,NA,NA,NA,NA,NA,4,1,42,1,42101,"101_110",4210160000,42101036900,1014,1.13,33,77.575071,16.708372,3600.93109,9,0,540,4,"6/6/2013","",0,-75.4245283894686,39.9086253629038,-75.1928742171467,39.9459041130135,"POINT (-75.424528 39.908625)","POINT (-75.192874 39.945904)"
78562,1201095,3,120109503,1024.377182,3186.664682,1,NA,1.2011e+12,5,1.2011e+14,12010950305,NA,NA,1,NA,NA,2,1,42,1,42101,"101_110",4210160000,42101036900,1017,"15:30",96,NA,NA,NA,"0:03","","","","15:33",14,5,NA,NA,NA,NA,NA,NA,NA,NA,NA,NA,NA,NA,NA,NA,NA,NA,NA,NA,NA,NA,NA,NA,NA,NA,NA,NA,NA,NA,NA,NA,4,1,42,1,42101,"101_110",4210160000,42101036900,1017,1.13,33,6.873948,0.169945,3600.93109,15,33,933,4,"6/6/2013","",0,-75.1965975232029,39.9477559566907,-75.1965975232029,39.9477559566907,"POINT (-75.196598 39.947756)","POINT (-75.196598 39.947756)"
78634,1202407,1,120240701,491.7486108,952.5206835,1,NA,1.20241e+12,1,1.20241e+14,12024070101,NA,NA,2,0,2,1,1,42,1,42101,"101_110",4210160000,42101007200,1013,"",1,NA,NA,NA,"0:00","","","","2:50",21,5,NA,NA,NA,NA,NA,NA,NA,NA,NA,NA,NA,NA,NA,NA,NA,NA,NA,NA,NA,NA,NA,NA,NA,NA,NA,NA,NA,NA,NA,NA,1,1,42,1,42101,"101_110",4210160000,42101007200,1013,1.17,NA,7.515555,0.166511,1114.4492,2,50,170,2,"6/4/2013","",0,-75.2341467351472,39.9457946759268,-75.2341467351472,39.9457946759268,"POINT (-75.234147 39.945795)","POINT (-75.234147 39.945795)"
78650,1202410,3,120241003,635.0416088,607.15381,1,NA,1.20241e+12,3,1.20241e+14,12024100303,NA,NA,2,NA,NA,4,1,42,1,42101,"101_103",4210160000,42101001900,7,"15:15",11,NA,NA,NA,"0:00","","","","15:45",14,5,NA,NA,NA,NA,NA,NA,NA,NA,NA,NA,NA,NA,NA,NA,NA,NA,NA,NA,NA,NA,NA,NA,NA,NA,NA,NA,NA,NA,NA,NA,1,1,42,1,42101,"101_106",4210160000,42101011900,2209,1.12,50,46.595822,6.760406,680.0122672,15,45,945,4,"6/6/2013","",0,-75.1722288078707,39.9400534674801,-75.2300055470776,39.9884080077411,"POINT (-75.172229 39.940053)","POINT (-75.230006 39.988408)"
78822,1209110,1,120911001,63.008432,82.24785947,1,NA,1.20911e+12,2,1.20911e+14,12091100102,NA,NA,2,NA,NA,4,1,42,1,42101,"101_103",4210160000,42101000402,98,"8:50",96,NA,NA,NA,"0:00","","","","10:30",14,5,NA,NA,NA,NA,NA,NA,NA,NA,NA,NA,NA,NA,NA,NA,NA,NA,NA,NA,NA,NA,NA,NA,NA,NA,NA,NA,NA,NA,NA,NA,1,1,42,1,42091,"091_401",4209144976,42091204400,10011,1.15,50,34.232579,7.817183,94.58503839,10,30,630,2,"6/4/2013","",0,-75.1672929773502,39.9544153783527,-75.2344133789046,40.0088074073246,"POINT (-75.167293 39.954415)","POINT (-75.234413 40.008807)"
78879,1210562,2,121056202,203.0774267,187.343222,2,NA,1.21056e+12,5,1.21056e+14,12105620205,NA,NA,3,0,NA,1,1,42,1,42101,"101_103",4210160000,42101000401,85,"12:45",1,5,NA,NA,"1:00","2:00","","","15:45",14,5,NA,NA,NA,NA,NA,NA,NA,NA,NA,NA,NA,NA,NA,NA,NA,NA,NA,NA,NA,NA,NA,NA,NA,NA,NA,NA,NA,NA,NA,NA,4,1,42,1,42101,"101_103",4210160000,42101000500,71,1.15,15,13.452001,1.222227,215.4447053,15,45,945,4,"6/6/2013","",0,-75.1779217463161,39.9533873770951,-75.1584725274299,39.950967187359,"POINT (-75.177922 39.953387)","POINT (-75.158473 39.950967)"
78888,1210562,4,121056204,203.0774267,240.7993878,1,NA,1.21056e+12,2,1.21056e+14,12105620402,NA,NA,2,NA,NA,3,1,42,1,42101,"101_103",4210160000,42101001201,31,"8:20",3,4,NA,NA,"0:00","","","","12:00",14,5,NA,NA,NA,NA,NA,NA,NA,NA,NA,NA,NA,NA,NA,NA,NA,NA,NA,NA,NA,NA,NA,NA,NA,NA,NA,NA,NA,NA,NA,NA,4,1,42,1,42101,"101_103",4210160000,42101001101,21,1.15,60,18.794178,1.564884,276.919296,12,0,720,4,"6/6/2013","",0,-75.1833908620653,39.9475606076449,-75.1628439188361,39.9457617844426,"POINT (-75.183391 39.947561)","POINT (-75.162844 39.945762)"
79069,1211985,4,121198504,165.4720504,180.9635233,1,NA,1.21199e+12,1,1.21199e+14,12119850401,NA,NA,3,1,2,2,1,42,1,42101,"101_110",4210160000,42101009000,1039,"",1,NA,NA,NA,"5:15","","","","8:15",21,5,NA,NA,NA,NA,NA,NA,NA,NA,NA,NA,NA,NA,NA,NA,NA,NA,NA,NA,NA,NA,NA,NA,NA,NA,NA,NA,NA,NA,NA,NA,2,1,42,1,42045,"045_206",4204533144,42045408900,5009,1.15,35,31.085682,6.354289,208.1080518,8,15,495,3,"6/5/2013","",0,-75.1906210349248,39.9616350467224,-75.2859011035678,39.9804280541513,"POINT (-75.190621 39.961635)","POINT (-75.285901 39.980428)"
79070,1211985,4,121198504,165.4720504,180.9635233,1,NA,1.21199e+12,2,1.21199e+14,12119850402,NA,NA,3,NA,NA,2,1,42,1,42045,"045_206",4204533144,42045408900,5009,"8:50",5,NA,NA,NA,"9:18","","","","18:08",21,5,NA,NA,NA,NA,NA,NA,NA,NA,NA,NA,NA,NA,NA,NA,NA,NA,NA,NA,NA,NA,NA,NA,NA,NA,NA,NA,NA,NA,NA,NA,1,1,42,1,42101,"101_110",4210160000,42101009000,1039,1.15,22,34.446452,6.220999,208.1080518,18,8,1088,3,"6/5/2013","",0,-75.2859011035678,39.9804280541513,-75.1906210349248,39.9616350467224,"POINT (-75.285901 39.980428)","POINT (-75.190621 39.961635)"
79132,1212906,1,121290601,434.9062452,182.5834247,1,NA,1.21291e+12,1,1.21291e+14,12129060101,NA,NA,3,1,2,4,1,42,1,42101,"101_117",4210160000,42101024100,2407,"",11,6,NA,NA,"1:00","","","","14:10",14,5,NA,NA,NA,NA,NA,NA,NA,NA,NA,NA,NA,NA,NA,NA,NA,NA,NA,NA,NA,NA,NA,NA,NA,NA,NA,NA,NA,NA,NA,NA,4,1,42,1,42101,"101_115",4210160000,42101027300,2614,1.17,25,30.99583,4.119081,213.6226069,14,10,850,1,"6/3/2013","",0,-75.175919233186,40.0332814777088,-75.1191244525154,40.0364863338015,"POINT (-75.175919 40.033281)","POINT (-75.119124 40.036486)"
79133,1212906,1,121290601,434.9062452,182.5834247,1,NA,1.21291e+12,2,1.21291e+14,12129060102,NA,NA,3,NA,NA,4,1,42,1,42101,"101_115",4210160000,42101027300,2614,"14:35",19,8,NA,NA,"2:30","","","","17:25",14,5,NA,NA,NA,NA,NA,NA,NA,NA,NA,NA,NA,NA,NA,NA,NA,NA,NA,NA,NA,NA,NA,NA,NA,NA,NA,NA,NA,NA,NA,NA,1,1,42,1,42101,"101_117",4210160000,42101024300,2401,1.17,20,19.968887,3.14476,213.6226069,17,25,1045,1,"6/3/2013","",0,-75.1191244525154,40.0364863338015,-75.1710393335578,40.0215935498751,"POINT (-75.119124 40.036486)","POINT (-75.171039 40.021594)"
79412,1223793,1,122379301,153.5469408,110.6877913,1,NA,1.22379e+12,1,1.22379e+14,12237930101,NA,NA,1,4,2,1,1,42,1,42101,"101_112",4210160000,42101002500,842,"",1,20,NA,NA,"0:00","","","","7:15",14,5,NA,NA,NA,NA,NA,NA,NA,NA,NA,NA,NA,NA,NA,NA,NA,NA,NA,NA,NA,NA,NA,NA,NA,NA,NA,NA,NA,NA,NA,NA,4,1,42,1,42101,"101_103",4210160000,42101000500,88,1.13,26,18.770056,1.712403,125.0772042,7,15,435,4,"6/13/2013","",0,-75.1498041127206,39.934304016358,-75.1541388337345,39.9522458625874,"POINT (-75.149804 39.934304)","POINT (-75.154139 39.952246)"
79416,1223793,1,122379301,153.5469408,110.6877913,1,NA,1.22379e+12,5,1.22379e+14,12237930105,NA,NA,1,NA,NA,4,1,42,1,42101,"101_103",4210160000,42101000500,88,"12:17",5,NA,NA,NA,"5:01","","","","17:18",14,5,NA,NA,NA,NA,NA,NA,NA,NA,NA,NA,NA,NA,NA,NA,NA,NA,NA,NA,NA,NA,NA,NA,NA,NA,NA,NA,NA,NA,NA,NA,1,1,42,1,42101,"101_112",4210160000,42101002500,842,1.13,26,18.525122,1.666976,125.0772042,17,18,1038,4,"6/13/2013","",0,-75.1541388337345,39.9522458625874,-75.1498041127206,39.934304016358,"POINT (-75.154139 39.952246)","POINT (-75.149804 39.934304)"
79418,1223793,2,122379302,153.5469408,116.267689,1,NA,1.22379e+12,1,1.22379e+14,12237930201,NA,NA,1,3,2,1,1,42,1,42101,"101_112",4210160000,42101002500,842,"",1,NA,NA,NA,"3:55","","","","6:55",14,5,NA,NA,NA,NA,NA,NA,NA,NA,NA,NA,NA,NA,NA,NA,NA,NA,NA,NA,NA,NA,NA,NA,NA,NA,NA,NA,NA,NA,NA,NA,2,1,42,1,42101,"101_103",4210160000,42101036700,126,1.13,27,16.934334,1.879227,131.3824886,6,55,415,4,"6/13/2013","",0,-75.1498041127206,39.934304016358,-75.1461838934269,39.9589037110814,"POINT (-75.149804 39.934304)","POINT (-75.146184 39.958904)"
79420,1223793,2,122379302,153.5469408,116.267689,1,NA,1.22379e+12,3,1.22379e+14,12237930203,NA,NA,1,NA,NA,4,1,42,1,42101,"101_103",4210160000,42101000500,88,"14:30",17,NA,NA,NA,"0:00","","","","14:40",14,5,NA,NA,NA,NA,NA,NA,NA,NA,NA,NA,NA,NA,NA,NA,NA,NA,NA,NA,NA,NA,NA,NA,NA,NA,NA,NA,NA,NA,NA,NA,4,1,42,1,42101,"101_103",4210160000,42101000901,40,1.13,18,11.558189,0.639092,131.3824886,14,40,880,4,"6/13/2013","",0,-75.1541388337345,39.9522458625874,-75.1611907875754,39.9477574019743,"POINT (-75.154139 39.952246)","POINT (-75.161191 39.947757)"
79421,1223793,2,122379302,153.5469408,116.267689,1,NA,1.22379e+12,4,1.22379e+14,12237930204,NA,NA,1,NA,NA,4,1,42,1,42101,"101_103",4210160000,42101000901,40,"14:58",16,NA,NA,NA,"0:00","","","","15:58",14,5,NA,NA,NA,NA,NA,NA,NA,NA,NA,NA,NA,NA,NA,NA,NA,NA,NA,NA,NA,NA,NA,NA,NA,NA,NA,NA,NA,NA,NA,NA,1,1,42,1,42101,"101_112",4210160000,42101002500,842,1.13,17,17.3371,1.622326,131.3824886,15,58,958,4,"6/13/2013","",0,-75.1611907875754,39.9477574019743,-75.1498041127206,39.934304016358,"POINT (-75.161191 39.947757)","POINT (-75.149804 39.934304)"
79425,1223793,3,122379303,153.5469408,111.3602696,1,NA,1.22379e+12,1,1.22379e+14,12237930301,NA,NA,2,2,2,1,1,42,1,42101,"101_112",4210160000,42101002500,842,"",1,20,NA,NA,"0:00","","","","7:15",14,5,NA,NA,NA,NA,NA,NA,NA,NA,NA,NA,NA,NA,NA,NA,NA,NA,NA,NA,NA,NA,NA,NA,NA,NA,NA,NA,NA,NA,NA,NA,4,1,42,1,42101,"101_103",4210160000,42101000500,88,1.13,26,18.770056,1.712403,125.8371047,7,15,435,4,"6/13/2013","",0,-75.1498041127206,39.934304016358,-75.1541388337345,39.9522458625874,"POINT (-75.149804 39.934304)","POINT (-75.154139 39.952246)"
79426,1223793,3,122379303,153.5469408,111.3602696,1,NA,1.22379e+12,2,1.22379e+14,12237930302,NA,NA,2,NA,NA,4,1,42,1,42101,"101_103",4210160000,42101000500,88,"7:41",96,NA,NA,NA,"6:59","","","","14:40",14,5,NA,NA,NA,NA,NA,NA,NA,NA,NA,NA,NA,NA,NA,NA,NA,NA,NA,NA,NA,NA,NA,NA,NA,NA,NA,NA,NA,NA,NA,NA,4,1,42,1,42101,"101_103",4210160000,42101000901,40,1.13,18,11.558189,0.639092,125.8371047,14,40,880,4,"6/13/2013","",0,-75.1541388337345,39.9522458625874,-75.1611907875754,39.9477574019743,"POINT (-75.154139 39.952246)","POINT (-75.161191 39.947757)"
79427,1223793,3,122379303,153.5469408,111.3602696,1,NA,1.22379e+12,3,1.22379e+14,12237930303,NA,NA,2,NA,NA,4,1,42,1,42101,"101_103",4210160000,42101000901,40,"14:58",16,NA,NA,NA,"0:00","","","","15:56",14,5,NA,NA,NA,NA,NA,NA,NA,NA,NA,NA,NA,NA,NA,NA,NA,NA,NA,NA,NA,NA,NA,NA,NA,NA,NA,NA,NA,NA,NA,NA,1,1,42,1,42101,"101_112",4210160000,42101002500,842,1.13,19,17.3371,1.622326,125.8371047,15,56,956,4,"6/13/2013","",0,-75.1611907875754,39.9477574019743,-75.1498041127206,39.934304016358,"POINT (-75.161191 39.947757)","POINT (-75.149804 39.934304)"
79660,1228913,1,122891301,569.1068035,140.4731681,2,NA,1.22891e+12,3,1.22891e+14,12289130103,NA,NA,2,1,NA,1,1,42,1,42101,"101_103",4210160000,42101000402,101,"8:45",1,NA,NA,NA,"1:15","","","","10:00",14,5,NA,NA,NA,NA,NA,NA,NA,NA,NA,NA,NA,NA,NA,NA,NA,NA,NA,NA,NA,NA,NA,NA,NA,NA,NA,NA,NA,NA,NA,NA,4,1,42,1,42101,"101_103",4210160000,42101000401,103,1.17,15,6.708558,0.414382,164.3536067,10,0,600,2,"6/11/2013","",0,-75.1720816011546,39.9549927124551,-75.177201361549,39.9550054347417,"POINT (-75.172082 39.954993)","POINT (-75.177201 39.955005)"
80179,1242593,1,124259301,864.8936804,152.3009526,1,NA,1.24259e+12,2,1.24259e+14,12425930102,NA,NA,1,NA,NA,4,1,42,1,42045,"045_206",4204533144,42045408800,5019,"7:20",19,NA,NA,NA,"0:05","","","","7:25",23,5,NA,NA,NA,NA,NA,NA,NA,NA,NA,NA,NA,NA,NA,NA,NA,NA,NA,NA,NA,NA,NA,NA,NA,NA,NA,NA,NA,NA,NA,NA,4,1,42,1,42045,"045_203",4204579000,42045400500,4459,1.12,10,26.509675,4.36167,170.5770669,7,25,445,1,"6/17/2013","",0,-75.300281066518,40.0007168757721,-75.2626735411038,39.9640057100153,"POINT (-75.300281 40.000717)","POINT (-75.262674 39.964006)"
80180,1242593,1,124259301,864.8936804,152.3009526,1,NA,1.24259e+12,3,1.24259e+14,12425930103,NA,NA,1,NA,NA,4,1,42,1,42045,"045_203",4204579000,42045400500,4459,"7:35",19,NA,NA,NA,"0:05","","","","7:40",21,5,NA,NA,NA,NA,NA,NA,NA,NA,NA,NA,NA,NA,NA,NA,NA,NA,NA,NA,NA,NA,NA,NA,NA,NA,NA,NA,NA,NA,NA,NA,4,1,42,1,42101,"101_103",4210160000,42101000402,76,1.12,25,23.951639,5.422669,170.5770669,7,40,460,1,"6/17/2013","",0,-75.2626735411038,39.9640057100153,-75.1662257986882,39.9519342771783,"POINT (-75.262674 39.964006)","POINT (-75.166226 39.951934)"
80183,1242593,1,124259301,864.8936804,152.3009526,1,NA,1.24259e+12,6,1.24259e+14,12425930106,NA,NA,1,NA,NA,4,1,42,1,42101,"101_103",4210160000,42101000402,76,"17:20",19,NA,NA,NA,"0:05","","","","17:25",21,5,NA,NA,NA,NA,NA,NA,NA,NA,NA,NA,NA,NA,NA,NA,NA,NA,NA,NA,NA,NA,NA,NA,NA,NA,NA,NA,NA,NA,NA,NA,4,1,42,1,42045,"045_203",4204579000,42045400500,4459,1.12,25,23.869646,5.437457,170.5770669,17,25,1045,1,"6/17/2013","",0,-75.1662257986882,39.9519342771783,-75.2626735411038,39.9640057100153,"POINT (-75.166226 39.951934)","POINT (-75.262674 39.964006)"
80184,1242593,1,124259301,864.8936804,152.3009526,1,NA,1.24259e+12,7,1.24259e+14,12425930107,NA,NA,1,NA,NA,4,1,42,1,42045,"045_203",4204579000,42045400500,4459,"17:50",19,NA,NA,NA,"0:05","","","","18:00",23,5,NA,NA,NA,NA,NA,NA,NA,NA,NA,NA,NA,NA,NA,NA,NA,NA,NA,NA,NA,NA,NA,NA,NA,NA,NA,NA,NA,NA,NA,NA,4,1,42,1,42045,"045_206",4204533144,42045408800,5019,1.12,10,23.85127,4.073316,170.5770669,18,0,1080,1,"6/17/2013","",0,-75.2626735411038,39.9640057100153,-75.300281066518,40.0007168757721,"POINT (-75.262674 39.964006)","POINT (-75.300281 40.000717)"
80462,1258327,2,125832702,417.148152,122.1097197,1,NA,1.25833e+12,2,1.25833e+14,12583270202,NA,NA,2,NA,NA,4,1,42,1,42091,"091_403",4209154656,42091203500,10427,"15:24",8,NA,NA,NA,"0:30","","","","15:54",14,5,NA,NA,NA,NA,NA,NA,NA,NA,NA,NA,NA,NA,NA,NA,NA,NA,NA,NA,NA,NA,NA,NA,NA,NA,NA,NA,NA,NA,NA,NA,4,1,42,1,42091,"091_413",4209161664,42091204009,12411,1.17,26,48.722562,7.650303,142.868372,15,54,954,3,"6/19/2013","",0,-75.3235511564497,40.1219444180383,-75.2782358419767,40.1133698952466,"POINT (-75.323551 40.121944)","POINT (-75.278236 40.113370)"
80463,1258327,2,125832702,417.148152,122.1097197,1,NA,1.25833e+12,3,1.25833e+14,12583270203,NA,NA,2,NA,NA,4,1,42,1,42091,"091_413",4209161664,42091204009,12411,"16:20",8,NA,NA,NA,"0:40","","","","17:15",14,5,NA,NA,NA,NA,NA,NA,NA,NA,NA,NA,NA,NA,NA,NA,NA,NA,NA,NA,NA,NA,NA,NA,NA,NA,NA,NA,NA,NA,NA,NA,1,1,42,1,42091,"091_403",4209154656,42091203500,10427,1.17,35,37.326109,5.979828,142.868372,17,15,1035,3,"6/19/2013","",0,-75.2782358419767,40.1133698952466,-75.3235511564497,40.1219444180383,"POINT (-75.278236 40.113370)","POINT (-75.323551 40.121944)"
80466,1258327,3,125832703,417.148152,102.1606067,1,NA,1.25833e+12,2,1.25833e+14,12583270302,NA,NA,2,NA,NA,4,1,42,1,42091,"091_403",4209154656,42091203500,10427,"15:24",8,NA,NA,NA,"0:30","","","","15:54",14,5,NA,NA,NA,NA,NA,NA,NA,NA,NA,NA,NA,NA,NA,NA,NA,NA,NA,NA,NA,NA,NA,NA,NA,NA,NA,NA,NA,NA,NA,NA,4,1,42,1,42091,"091_413",4209161664,42091204009,12411,1.17,26,48.722562,7.650303,119.5279099,15,54,954,3,"6/19/2013","",0,-75.3235511564497,40.1219444180383,-75.2782358419767,40.1133698952466,"POINT (-75.323551 40.121944)","POINT (-75.278236 40.113370)"
80467,1258327,3,125832703,417.148152,102.1606067,1,NA,1.25833e+12,3,1.25833e+14,12583270303,NA,NA,2,NA,NA,4,1,42,1,42091,"091_413",4209161664,42091204009,12411,"16:20",8,NA,NA,NA,"0:45","","","","17:15",14,5,NA,NA,NA,NA,NA,NA,NA,NA,NA,NA,NA,NA,NA,NA,NA,NA,NA,NA,NA,NA,NA,NA,NA,NA,NA,NA,NA,NA,NA,NA,1,1,42,1,42091,"091_403",4209154656,42091203500,10427,1.17,35,37.326109,5.979828,119.5279099,17,15,1035,3,"6/19/2013","",0,-75.2782358419767,40.1133698952466,-75.3235511564497,40.1219444180383,"POINT (-75.278236 40.113370)","POINT (-75.323551 40.121944)"
80470,1258327,4,125832704,417.148152,118.5209983,1,NA,1.25833e+12,2,1.25833e+14,12583270402,NA,NA,2,NA,NA,4,1,42,1,42091,"091_403",4209154656,42091203500,10427,"15:24",8,NA,NA,NA,"0:30","","","","15:54",14,5,NA,NA,NA,NA,NA,NA,NA,NA,NA,NA,NA,NA,NA,NA,NA,NA,NA,NA,NA,NA,NA,NA,NA,NA,NA,NA,NA,NA,NA,NA,4,1,42,1,42091,"091_413",4209161664,42091204009,12411,1.17,26,48.722562,7.650303,138.669568,15,54,954,3,"6/19/2013","",0,-75.3235511564497,40.1219444180383,-75.2782358419767,40.1133698952466,"POINT (-75.323551 40.121944)","POINT (-75.278236 40.113370)"
80471,1258327,4,125832704,417.148152,118.5209983,1,NA,1.25833e+12,3,1.25833e+14,12583270403,NA,NA,2,NA,NA,4,1,42,1,42091,"091_413",4209161664,42091204009,12411,"16:20",8,NA,NA,NA,"0:45","","","","17:15",14,5,NA,NA,NA,NA,NA,NA,NA,NA,NA,NA,NA,NA,NA,NA,NA,NA,NA,NA,NA,NA,NA,NA,NA,NA,NA,NA,NA,NA,NA,NA,1,1,42,1,42091,"091_403",4209154656,42091203500,10427,1.17,35,37.326109,5.979828,138.669568,17,15,1035,3,"6/19/2013","",0,-75.2782358419767,40.1133698952466,-75.3235511564497,40.1219444180383,"POINT (-75.278236 40.113370)","POINT (-75.323551 40.121944)"
80733,1268831,2,126883102,1041.535076,190.1630124,2,NA,1.26883e+12,7,1.26883e+14,12688310207,NA,NA,1,NA,NA,4,1,42,1,42101,"101_114",4210160000,42101030200,1610,"11:43",19,NA,NA,NA,"0:07","","","","11:50",21,5,NA,NA,NA,NA,NA,NA,NA,NA,NA,NA,NA,NA,NA,NA,NA,NA,NA,NA,NA,NA,NA,NA,NA,NA,NA,NA,NA,NA,NA,NA,4,1,42,1,42101,"101_107",4210160000,42101014400,401,1.12,15,29.022495,5.620517,212.9825739,11,50,710,1,"6/10/2013","",0,-75.0798260530761,40.0248633027149,-75.1400970132193,39.9722367087517,"POINT (-75.079826 40.024863)","POINT (-75.140097 39.972237)"
80948,1276536,1,127653601,210.8563572,89.96330309,1,NA,1.27654e+12,1,1.27654e+14,12765360101,NA,NA,1,5,2,1,1,42,1,42101,"101_103",4210160000,42101013602,142,"",1,NA,NA,NA,"0:00","","","","5:30",14,5,NA,NA,NA,NA,NA,NA,NA,NA,NA,NA,NA,NA,NA,NA,NA,NA,NA,NA,NA,NA,NA,NA,NA,NA,NA,NA,NA,NA,NA,NA,4,1,42,1,42101,"101_103",4210160000,42101000500,74,1.17,30,16.091007,1.332918,105.2570646,5,30,330,4,"6/20/2013","",0,-75.1798114670555,39.9715794694621,-75.1638872349499,39.9525548857932,"POINT (-75.179811 39.971579)","POINT (-75.163887 39.952555)"
81050,1278368,1,127836801,247.6035579,137.6577423,1,NA,1.27837e+12,5,1.27837e+14,12783680105,NA,NA,2,NA,NA,4,1,42,1,42101,"101_101",4210160000,42101020500,1440,"13:21",19,NA,NA,NA,"0:05","","","","13:26",14,5,NA,NA,NA,NA,NA,NA,NA,NA,NA,NA,NA,NA,NA,NA,NA,NA,NA,NA,NA,NA,NA,NA,NA,NA,NA,NA,NA,NA,NA,NA,4,1,42,1,42101,"101_117",4210160000,42101024100,2407,1.17,23,14.88109,1.399209,161.0595585,13,26,806,4,"6/20/2013","",0,-75.1583891414117,40.0192666370153,-75.175919233186,40.0332814777088,"POINT (-75.158389 40.019267)","POINT (-75.175919 40.033281)"
81053,1278368,1,127836801,247.6035579,137.6577423,2,NA,1.27837e+12,8,1.27837e+14,12783680108,NA,NA,2,NA,NA,4,1,42,1,42101,"101_117",4210160000,42101023700,2417,"19:30",19,NA,NA,NA,"0:10","","","","19:40",14,5,NA,NA,NA,NA,NA,NA,NA,NA,NA,NA,NA,NA,NA,NA,NA,NA,NA,NA,NA,NA,NA,NA,NA,NA,NA,NA,NA,NA,NA,NA,4,1,42,1,42101,"101_117",4210160000,42101023700,2417,1.17,80,9.51848,0.29336,161.0595585,19,40,1180,4,"6/20/2013","",0,-75.1874482344911,40.0457370394131,-75.1874482344911,40.0457370394131,"POINT (-75.187448 40.045737)","POINT (-75.187448 40.045737)"
81057,1278473,1,127847301,254.8908116,101.1651984,1,NA,1.27847e+12,1,1.27847e+14,12784730101,NA,NA,3,1,2,2,1,42,1,42091,"091_403",4209154656,42091203803,10426,"",1,NA,NA,NA,"5:00","","","","8:00",14,5,NA,NA,NA,NA,NA,NA,NA,NA,NA,NA,NA,NA,NA,NA,NA,NA,NA,NA,NA,NA,NA,NA,NA,NA,NA,NA,NA,NA,NA,NA,2,1,42,1,42091,"091_403",4209145080,42091206006,10410,1.17,36,21.880141,3.856851,118.3632822,8,0,480,2,"6/18/2013","",0,-75.3505492479473,40.1203018431899,-75.4109709119456,40.1265917475322,"POINT (-75.350549 40.120302)","POINT (-75.410971 40.126592)"
81232,1285210,1,128521001,191.540435,88.09888397,1,NA,1.28521e+12,1,1.28521e+14,12852100101,NA,NA,1,2,2,1,1,42,1,42101,"101_112",4210160000,42101002300,844,"",1,NA,NA,NA,"6:01","","","","9:04",14,5,NA,NA,NA,NA,NA,NA,NA,NA,NA,NA,NA,NA,NA,NA,NA,NA,NA,NA,NA,NA,NA,NA,NA,NA,NA,NA,NA,NA,NA,NA,2,1,42,1,42101,"101_112",4210160000,42101037200,804,1.12,33,13.606034,1.691197,98.67075004,9,4,544,3,"6/26/2013","",0,-75.1629816913276,39.9348297671495,-75.1661003080911,39.9138576581668,"POINT (-75.162982 39.934830)","POINT (-75.166100 39.913858)"
81233,1285210,1,128521001,191.540435,88.09888397,1,NA,1.28521e+12,2,1.28521e+14,12852100102,NA,NA,1,NA,NA,2,1,42,1,42101,"101_112",4210160000,42101037200,804,"9:37",5,NA,NA,NA,"0:00","","","","10:05",14,5,NA,NA,NA,NA,NA,NA,NA,NA,NA,NA,NA,NA,NA,NA,NA,NA,NA,NA,NA,NA,NA,NA,NA,NA,NA,NA,NA,NA,NA,NA,4,1,42,1,42101,"101_112",4210160000,42101002900,834,1.12,18,16.919866,1.504639,98.67075004,10,5,605,3,"6/26/2013","",0,-75.1661003080911,39.9138576581668,-75.1655746637264,39.9307064691021,"POINT (-75.166100 39.913858)","POINT (-75.165575 39.930706)"
81235,1285210,1,128521001,191.540435,88.09888397,2,NA,1.28521e+12,4,1.28521e+14,12852100104,NA,NA,2,2,NA,1,1,42,1,42101,"101_112",4210160000,42101002300,844,"10:45",1,NA,NA,NA,"4:01","","","","16:05",14,5,NA,NA,NA,NA,NA,NA,NA,NA,NA,NA,NA,NA,NA,NA,NA,NA,NA,NA,NA,NA,NA,NA,NA,NA,NA,NA,NA,NA,NA,NA,4,1,42,1,42101,"101_103",4210160000,42101000901,40,1.12,23,13.256756,1.093825,98.67075004,16,5,965,3,"6/26/2013","",0,-75.1629816913276,39.9348297671495,-75.1611907875754,39.9477574019743,"POINT (-75.162982 39.934830)","POINT (-75.161191 39.947757)"
81237,1285210,1,128521001,191.540435,88.09888397,2,NA,1.28521e+12,6,1.28521e+14,12852100106,NA,NA,2,NA,NA,4,1,42,1,42101,"101_103",4210160000,42101000901,40,"17:20",13,NA,NA,NA,"0:01","","","","18:30",14,5,NA,NA,NA,NA,NA,NA,NA,NA,NA,NA,NA,NA,NA,NA,NA,NA,NA,NA,NA,NA,NA,NA,NA,NA,NA,NA,NA,NA,NA,NA,1,1,42,1,42101,"101_112",4210160000,42101002300,844,1.12,15,11.059562,0.959451,98.67075004,18,30,1110,3,"6/26/2013","",0,-75.1611907875754,39.9477574019743,-75.1629816913276,39.9348297671495,"POINT (-75.161191 39.947757)","POINT (-75.162982 39.934830)"
81388,1290460,1,129046001,309.3098808,517.0198361,1,NA,1.29046e+12,1,1.29046e+14,12904600101,NA,NA,1,2,2,1,1,42,1,42101,"101_114",4210160000,42101030000,1605,"",1,NA,NA,NA,"0:00","","","","6:35",21,5,NA,NA,NA,NA,NA,NA,NA,NA,NA,NA,NA,NA,NA,NA,NA,NA,NA,NA,NA,NA,NA,NA,NA,NA,NA,NA,NA,NA,NA,NA,4,1,42,1,42101,"101_103",4210160000,42101000402,94,1.17,22,30.975616,7.494924,604.9132082,6,35,395,4,"6/27/2013","",0,-75.0806751855718,40.016348069306,-75.1675355693758,39.9533981752196,"POINT (-75.080675 40.016348)","POINT (-75.167536 39.953398)"
81390,1290460,1,129046001,309.3098808,517.0198361,1,NA,1.29046e+12,3,1.29046e+14,12904600103,NA,NA,1,NA,NA,2,1,42,1,42101,"101_103",4210160000,42101000402,98,"7:03",5,NA,NA,NA,"9:57","","","","17:00",21,5,NA,NA,NA,NA,NA,NA,NA,NA,NA,NA,NA,NA,NA,NA,NA,NA,NA,NA,NA,NA,NA,NA,NA,NA,NA,NA,NA,NA,NA,NA,1,1,42,1,42101,"101_114",4210160000,42101030000,1605,1.17,40,32.163669,7.524876,604.9132082,17,0,1020,4,"6/27/2013","",0,-75.1672929773502,39.9544153783527,-75.0806751855718,40.016348069306,"POINT (-75.167293 39.954415)","POINT (-75.080675 40.016348)"
81454,1291848,3,129184803,218.3626797,162.603295,1,NA,1.29185e+12,1,1.29185e+14,12918480301,NA,NA,3,1,2,1,1,42,1,42045,"045_202",4204564832,42045403901,4231,"",1,NA,NA,NA,"5:00","","","","8:00",14,5,NA,NA,NA,NA,NA,NA,NA,NA,NA,NA,NA,NA,NA,NA,NA,NA,NA,NA,NA,NA,NA,NA,NA,NA,NA,NA,NA,NA,NA,NA,3,1,42,1,42045,"045_206",4204547616,42045408001,5029,1.15,95,76.919532,14.028496,186.9937892,8,0,480,3,"6/19/2013","",0,-75.3264776780465,39.8728102528069,-75.3938186136374,39.9651711354682,"POINT (-75.326478 39.872810)","POINT (-75.393819 39.965171)"
81455,1291848,3,129184803,218.3626797,162.603295,1,NA,1.29185e+12,2,1.29185e+14,12918480302,NA,NA,3,NA,NA,3,1,42,1,42045,"045_206",4204547616,42045408001,5029,"9:35",3,NA,NA,NA,"3:20","","","","13:00",14,5,NA,NA,NA,NA,NA,NA,NA,NA,NA,NA,NA,NA,NA,NA,NA,NA,NA,NA,NA,NA,NA,NA,NA,NA,NA,NA,NA,NA,NA,NA,3,1,42,1,42045,"045_202",4204564832,42045403901,4231,1.15,90,67.826421,14.307619,186.9937892,13,0,780,3,"6/19/2013","",0,-75.3938186136374,39.9651711354682,-75.3264776780465,39.8728102528069,"POINT (-75.393819 39.965171)","POINT (-75.326478 39.872810)"
81494,1295100,1,129510001,342.2557249,572.3909271,1,NA,1.2951e+12,3,1.2951e+14,12951000103,NA,NA,2,NA,NA,4,1,42,1,42101,"101_103",4210160000,42101000402,96,"9:15",96,NA,NA,NA,"0:15","","","","9:30",14,5,NA,NA,NA,NA,NA,NA,NA,NA,NA,NA,NA,NA,NA,NA,NA,NA,NA,NA,NA,NA,NA,NA,NA,NA,NA,NA,NA,NA,NA,NA,4,1,42,1,42101,"101_103",4210160000,42101000500,88,1.17,20,9.200766,0.999654,669.6973848,9,30,570,2,"6/25/2013","",0,-75.1706866571216,39.953785415184,-75.1541388337345,39.9522458625874,"POINT (-75.170687 39.953785)","POINT (-75.154139 39.952246)"
81495,1295100,1,129510001,342.2557249,572.3909271,1,NA,1.2951e+12,4,1.2951e+14,12951000104,NA,NA,2,NA,NA,4,1,42,1,42101,"101_103",4210160000,42101000500,88,"9:50",9,NA,NA,NA,"1:05","","","","11:00",14,5,NA,NA,NA,NA,NA,NA,NA,NA,NA,NA,NA,NA,NA,NA,NA,NA,NA,NA,NA,NA,NA,NA,NA,NA,NA,NA,NA,NA,NA,NA,4,1,42,1,42101,"101_103",4210160000,42101000500,71,1.17,10,5.820182,0.310596,669.6973848,11,0,660,2,"6/25/2013","",0,-75.1541388337345,39.9522458625874,-75.1584725274299,39.950967187359,"POINT (-75.154139 39.952246)","POINT (-75.158473 39.950967)"
81496,1295100,1,129510001,342.2557249,572.3909271,1,NA,1.2951e+12,5,1.2951e+14,12951000105,NA,NA,2,NA,NA,4,1,42,1,42101,"101_103",4210160000,42101000500,71,"11:10",96,NA,NA,NA,"0:07","","","","11:17",14,5,NA,NA,NA,NA,NA,NA,NA,NA,NA,NA,NA,NA,NA,NA,NA,NA,NA,NA,NA,NA,NA,NA,NA,NA,NA,NA,NA,NA,NA,NA,4,1,42,1,42101,"101_101",4210160000,42101020500,1435,1.17,65,30.404858,5.484603,669.6973848,11,17,677,2,"6/25/2013","",0,-75.1584725274299,39.950967187359,-75.1661426003533,40.014873112626,"POINT (-75.158473 39.950967)","POINT (-75.166143 40.014873)"
81497,1295100,1,129510001,342.2557249,572.3909271,1,NA,1.2951e+12,6,1.2951e+14,12951000106,NA,NA,2,NA,NA,4,1,42,1,42101,"101_101",4210160000,42101020500,1435,"12:22",96,NA,NA,NA,"0:12","","","","12:44",14,5,NA,NA,NA,NA,NA,NA,NA,NA,NA,NA,NA,NA,NA,NA,NA,NA,NA,NA,NA,NA,NA,NA,NA,NA,NA,NA,NA,NA,NA,NA,1,1,42,1,42101,"101_108",4210160000,42101980100,3216,1.17,-22,41.48002,6.366819,669.6973848,12,44,764,2,"6/25/2013","",0,-75.1661426003533,40.014873112626,-75.211934088646,40.0470512663366,"POINT (-75.166143 40.014873)","POINT (-75.211934 40.047051)"
81596,1298851,2,129885102,171.7556139,146.6079919,1,NA,1.29885e+12,1,1.29885e+14,12988510201,NA,NA,1,1,2,1,1,42,1,42045,"045_203",4204579000,42045401302,4436,"",1,NA,NA,NA,"4:00","","","","8:05",14,5,NA,NA,NA,NA,NA,NA,NA,NA,NA,NA,NA,NA,NA,NA,NA,NA,NA,NA,NA,NA,NA,NA,NA,NA,NA,NA,NA,NA,NA,NA,2,1,42,1,42101,"101_103",4210160000,42101000402,81,1.17,60,43.702994,8.047607,171.5313506,8,5,485,2,"6/25/2013","",0,-75.3033644043198,39.9449510611518,-75.1692942790448,39.9527602328087,"POINT (-75.303364 39.944951)","POINT (-75.169294 39.952760)"
81597,1298851,2,129885102,171.7556139,146.6079919,1,NA,1.29885e+12,2,1.29885e+14,12988510202,NA,NA,1,NA,NA,2,1,42,1,42101,"101_103",4210160000,42101000402,81,"9:05",5,NA,NA,NA,"8:00","","","","18:00",14,5,NA,NA,NA,NA,NA,NA,NA,NA,NA,NA,NA,NA,NA,NA,NA,NA,NA,NA,NA,NA,NA,NA,NA,NA,NA,NA,NA,NA,NA,NA,1,1,42,1,42045,"045_203",4204579000,42045401302,4436,1.17,120,43.757699,8.086067,171.5313506,18,0,1080,2,"6/25/2013","",0,-75.1692942790448,39.9527602328087,-75.3033644043198,39.9449510611518,"POINT (-75.169294 39.952760)","POINT (-75.303364 39.944951)"
81681,1302835,1,130283501,252.2589939,852.708807,1,NA,1.30284e+12,1,1.30284e+14,13028350101,NA,NA,1,2,2,1,1,42,1,42017,"017_504",4201719792,42017104603,14605,"",1,5,NA,NA,"4:00","2:00","","","9:30",14,5,NA,NA,NA,NA,NA,NA,NA,NA,NA,NA,NA,NA,NA,NA,NA,NA,NA,NA,NA,NA,NA,NA,NA,NA,NA,NA,NA,NA,NA,NA,4,1,42,1,42017,"017_504",4201719792,42017104604,14620,1.12,10,72.313455,3.431212,955.0338638,9,30,570,5,"6/28/2013","",0,-75.1411591473044,40.2793198687386,-75.1477600680928,40.3266281579924,"POINT (-75.141159 40.279320)","POINT (-75.147760 40.326628)"
81724,1305421,1,130542101,228.5733628,141.1147165,1,NA,1.30542e+12,3,1.30542e+14,13054210103,NA,NA,2,NA,NA,4,1,42,1,42101,"101_117",4210160000,42101038700,2441,"12:15",16,NA,NA,NA,"0:00","","","","13:15",14,5,NA,NA,NA,NA,NA,NA,NA,NA,NA,NA,NA,NA,NA,NA,NA,NA,NA,NA,NA,NA,NA,NA,NA,NA,NA,NA,NA,NA,NA,NA,1,1,42,1,42101,"101_117",4210160000,42101025700,2436,1.17,345,20.600137,1.563883,165.1042183,13,15,795,4,"7/25/2013","",0,-75.2128647817132,40.0824469736708,-75.1962680244175,40.0724717157188,"POINT (-75.212865 40.082447)","POINT (-75.196268 40.072472)"
81787,1308444,2,130844402,260.0275356,146.9800072,1,NA,1.30844e+12,1,1.30844e+14,13084440201,NA,NA,3,1,2,2,1,42,1,42101,"101_115",4210160000,42101029000,2610,"",1,NA,NA,NA,"1:30","","","","5:15",14,5,NA,NA,NA,NA,NA,NA,NA,NA,NA,NA,NA,NA,NA,NA,NA,NA,NA,NA,NA,NA,NA,NA,NA,NA,NA,NA,NA,NA,NA,NA,2,1,42,1,42101,"101_101",4210160000,42101017000,1420,1.12,NA,28.305899,4.723481,164.6176081,5,15,315,4,"7/25/2013","",0,-75.1139704218066,40.0309825414845,-75.1859236878394,40.0056791510122,"POINT (-75.113970 40.030983)","POINT (-75.185924 40.005679)"
81788,1308444,2,130844402,260.0275356,146.9800072,1,NA,1.30844e+12,2,1.30844e+14,13084440202,NA,NA,3,NA,NA,2,1,42,1,42101,"101_101",4210160000,42101017000,1420,"9999",5,NA,NA,NA,"8:00","","","","14:00",14,5,NA,NA,NA,NA,NA,NA,NA,NA,NA,NA,NA,NA,NA,NA,NA,NA,NA,NA,NA,NA,NA,NA,NA,NA,NA,NA,NA,NA,NA,NA,1,1,42,1,42101,"101_115",4210160000,42101029000,2610,1.12,600,29.215779,4.74317,164.6176081,14,0,840,4,"7/25/2013","",0,-75.1859236878394,40.0056791510122,-75.1139704218066,40.0309825414845,"POINT (-75.185924 40.005679)","POINT (-75.113970 40.030983)"
82009,1320564,2,132056402,670.1917446,202.6782403,1,NA,1.32056e+12,1,1.32056e+14,13205640201,NA,NA,3,1,2,2,1,42,1,42101,"101_112",4210160000,42101002300,844,"",1,NA,NA,NA,"4:30","","","","7:45",21,5,NA,NA,NA,NA,NA,NA,NA,NA,NA,NA,NA,NA,NA,NA,NA,NA,NA,NA,NA,NA,NA,NA,NA,NA,NA,NA,NA,NA,NA,NA,2,1,42,1,42101,"101_103",4210160000,42101000100,66,1.12,20,22.243986,2.139667,226.9996291,7,45,465,2,"7/23/2013","",0,-75.1629816913276,39.9348297671495,-75.1446587384151,39.9502859178682,"POINT (-75.162982 39.934830)","POINT (-75.144659 39.950286)"
82010,1320564,2,132056402,670.1917446,202.6782403,1,NA,1.32056e+12,2,1.32056e+14,13205640202,NA,NA,3,NA,NA,2,1,42,1,42101,"101_103",4210160000,42101000100,66,"8:05",5,NA,NA,NA,"9:15","","","","17:20",21,5,NA,NA,NA,NA,NA,NA,NA,NA,NA,NA,NA,NA,NA,NA,NA,NA,NA,NA,NA,NA,NA,NA,NA,NA,NA,NA,NA,NA,NA,NA,1,1,42,1,42101,"101_112",4210160000,42101002300,844,1.12,21,22.243314,2.123985,226.9996291,17,20,1040,2,"7/23/2013","",0,-75.1446587384151,39.9502859178682,-75.1629816913276,39.9348297671495,"POINT (-75.144659 39.950286)","POINT (-75.162982 39.934830)"
82136,1324923,1,132492301,368.9100428,154.4524134,1,NA,1.32492e+12,1,1.32492e+14,13249230101,NA,NA,1,2,2,1,1,42,1,42101,"101_104",4210160000,42101032100,3003,"",1,NA,NA,NA,"0:00","","","","8:00",21,5,NA,NA,NA,NA,NA,NA,NA,NA,NA,NA,NA,NA,NA,NA,NA,NA,NA,NA,NA,NA,NA,NA,NA,NA,NA,NA,NA,NA,NA,NA,2,1,42,1,42101,"101_109",4210160000,42101038200,621,1.17,60,30.857729,3.592678,180.7093237,8,0,480,5,"7/26/2013","",0,-75.0589769417546,40.017025533914,-75.1018775098952,39.9927596244991,"POINT (-75.058977 40.017026)","POINT (-75.101878 39.992760)"
82153,1325280,2,132528002,416.9251997,279.0196009,1,NA,1.32528e+12,1,1.32528e+14,13252800201,NA,NA,1,2,2,1,1,42,1,42101,"101_112",4210160000,42101003901,817,"",1,NA,NA,NA,"6:20","","","","9:20",14,5,NA,NA,NA,NA,NA,NA,NA,NA,NA,NA,NA,NA,NA,NA,NA,NA,NA,NA,NA,NA,NA,NA,NA,NA,NA,NA,NA,NA,NA,NA,2,1,42,1,42101,"101_103",4210160000,42101000402,95,1.17,40,23.304787,2.44103,326.452933,9,20,560,5,"6/28/2013","",0,-75.1738700412219,39.9219806989111,-75.1691139313301,39.9535949564727,"POINT (-75.173870 39.921981)","POINT (-75.169114 39.953595)"
82160,1325585,1,132558501,106.969976,93.99800335,1,NA,1.32559e+12,2,1.32559e+14,13255850102,NA,NA,1,NA,NA,2,1,42,1,42101,"101_108",4210160000,42101021100,3208,"7:05",5,NA,NA,NA,"4:00","","","","12:00",14,5,NA,NA,NA,NA,NA,NA,NA,NA,NA,NA,NA,NA,NA,NA,NA,NA,NA,NA,NA,NA,NA,NA,NA,NA,NA,NA,NA,NA,NA,NA,4,1,42,1,42101,"101_103",4210160000,42101000500,88,1.15,60,27.146609,8.424122,108.0977039,12,0,720,2,"6/25/2013","",0,-75.2065311183375,40.0264644764131,-75.1541388337345,39.9522458625874,"POINT (-75.206531 40.026464)","POINT (-75.154139 39.952246)"
82198,1327181,4,132718104,348.9361683,3000.840687,1,NA,1.32718e+12,2,1.32718e+14,13271810402,NA,NA,1,NA,NA,4,1,42,1,42045,"045_203",4204579000,42045400500,4459,"9:50",1,14,2,NA,"0:01","0:01","0:03","","9:55",14,5,NA,NA,NA,NA,NA,NA,NA,NA,NA,NA,NA,NA,NA,NA,NA,NA,NA,NA,NA,NA,NA,NA,NA,NA,NA,NA,NA,NA,NA,NA,4,1,42,1,42091,"091_402",4209179136,42091205801,10212,1.12,5,44.007047,15.497011,3360.941569,9,55,595,1,"7/22/2013","",0,-75.2626735411038,39.9640057100153,-75.3922133622912,40.087943010321,"POINT (-75.262674 39.964006)","POINT (-75.392213 40.087943)"
82201,1327181,4,132718104,348.9361683,3000.840687,1,NA,1.32718e+12,5,1.32718e+14,13271810405,NA,NA,1,NA,NA,2,1,42,1,42091,"091_402",4209179136,42091205801,10219,"17:00",1,NA,NA,NA,"0:37","","","","17:37",14,5,NA,NA,NA,NA,NA,NA,NA,NA,NA,NA,NA,NA,NA,NA,NA,NA,NA,NA,NA,NA,NA,NA,NA,NA,NA,NA,NA,NA,NA,NA,2,1,42,1,42091,"091_402",4209179136,42091205801,10219,1.12,10,12.413864,0.371649,3360.941569,17,37,1057,1,"7/22/2013","",0,-75.4050587593771,40.0953145055857,-75.4050587593771,40.0953145055857,"POINT (-75.405059 40.095315)","POINT (-75.405059 40.095315)"
82235,1327716,2,132771602,439.5779854,157.0218733,1,NA,1.32772e+12,1,1.32772e+14,13277160201,NA,NA,1,1,2,1,1,42,1,42101,"101_112",4210160000,42101003901,817,"",1,NA,NA,NA,"5:00","","","","8:00",21,5,NA,NA,NA,NA,NA,NA,NA,NA,NA,NA,NA,NA,NA,NA,NA,NA,NA,NA,NA,NA,NA,NA,NA,NA,NA,NA,NA,NA,NA,NA,2,1,42,1,42101,"101_103",4210160000,42101000901,41,1.17,20,15.361359,2.069512,183.7155918,8,0,480,3,"7/24/2013","",0,-75.1738700412219,39.9219806989111,-75.1634808483634,39.9480403151119,"POINT (-75.173870 39.921981)","POINT (-75.163481 39.948040)"
82236,1327716,2,132771602,439.5779854,157.0218733,1,NA,1.32772e+12,2,1.32772e+14,13277160202,NA,NA,1,NA,NA,2,1,42,1,42101,"101_103",4210160000,42101000901,41,"8:20",5,NA,NA,NA,"8:10","","","","16:30",21,5,NA,NA,NA,NA,NA,NA,NA,NA,NA,NA,NA,NA,NA,NA,NA,NA,NA,NA,NA,NA,NA,NA,NA,NA,NA,NA,NA,NA,NA,NA,1,1,42,1,42101,"101_112",4210160000,42101003901,817,1.17,20,18.005271,2.06619,183.7155918,16,30,990,3,"7/24/2013","",0,-75.1634808483634,39.9480403151119,-75.1738700412219,39.9219806989111,"POINT (-75.163481 39.948040)","POINT (-75.173870 39.921981)"
82396,1330403,1,133040301,1019.897822,605.8669467,1,NA,1.3304e+12,2,1.3304e+14,13304030102,NA,NA,1,NA,NA,4,1,42,1,42101,"101_113",4210160000,42101034400,3405,"7:22",19,NA,NA,NA,"0:00","","","","7:25",14,5,NA,NA,NA,NA,NA,NA,NA,NA,NA,NA,NA,NA,NA,NA,NA,NA,NA,NA,NA,NA,NA,NA,NA,NA,NA,NA,NA,NA,NA,NA,2,1,42,1,42101,"101_114",4210160000,42101030900,1624,1.12,20,33.359542,5.058729,678.5709803,7,25,445,1,"6/24/2013","",0,-75.0503988334115,40.0876996804033,-75.0851931466197,40.0437712425002,"POINT (-75.050399 40.087700)","POINT (-75.085193 40.043771)"
82400,1330403,1,133040301,1019.897822,605.8669467,1,NA,1.3304e+12,6,1.3304e+14,13304030106,NA,NA,1,NA,NA,4,1,42,1,42101,"101_114",4210160000,42101030900,1624,"16:22",19,NA,NA,NA,"0:00","","","","16:27",14,5,NA,NA,NA,NA,NA,NA,NA,NA,NA,NA,NA,NA,NA,NA,NA,NA,NA,NA,NA,NA,NA,NA,NA,NA,NA,NA,NA,NA,NA,NA,4,1,42,1,42101,"101_113",4210160000,42101034400,3405,1.12,21,27.130572,4.806188,678.5709803,16,27,987,1,"6/24/2013","",0,-75.0851931466197,40.0437712425002,-75.0503988334115,40.0876996804033,"POINT (-75.085193 40.043771)","POINT (-75.050399 40.087700)"
82412,1330403,3,133040303,1019.897822,781.3241045,1,NA,1.3304e+12,2,1.3304e+14,13304030302,NA,NA,2,NA,NA,4,1,42,1,42101,"101_113",4210160000,42101034400,3408,"7:05",19,NA,NA,NA,"0:00","","","","7:15",14,5,NA,NA,NA,NA,NA,NA,NA,NA,NA,NA,NA,NA,NA,NA,NA,NA,NA,NA,NA,NA,NA,NA,NA,NA,NA,NA,NA,NA,NA,NA,4,1,42,1,42101,"101_114",4210160000,42101030200,1610,1.12,25,41.474527,7.059996,875.0829971,7,15,435,1,"6/24/2013","",0,-75.0575931303197,40.0979296280696,-75.0798260530761,40.0248633027149,"POINT (-75.057593 40.097930)","POINT (-75.079826 40.024863)"
82413,1330403,3,133040303,1019.897822,781.3241045,1,NA,1.3304e+12,3,1.3304e+14,13304030303,NA,NA,2,NA,NA,4,1,42,1,42101,"101_114",4210160000,42101030200,1610,"7:40",19,NA,NA,NA,"0:00","","","","7:52",21,5,NA,NA,NA,NA,NA,NA,NA,NA,NA,NA,NA,NA,NA,NA,NA,NA,NA,NA,NA,NA,NA,NA,NA,NA,NA,NA,NA,NA,NA,NA,4,1,42,1,42101,"101_103",4210160000,42101000402,76,1.12,18,32.520773,7.968457,875.0829971,7,52,472,1,"6/24/2013","",0,-75.0798260530761,40.0248633027149,-75.1662257986882,39.9519342771783,"POINT (-75.079826 40.024863)","POINT (-75.166226 39.951934)"
82416,1330403,3,133040303,1019.897822,781.3241045,1,NA,1.3304e+12,6,1.3304e+14,13304030306,NA,NA,2,NA,NA,4,1,42,1,42101,"101_103",4210160000,42101000402,76,"15:15",19,NA,NA,NA,"0:00","","","","15:25",21,5,NA,NA,NA,NA,NA,NA,NA,NA,NA,NA,NA,NA,NA,NA,NA,NA,NA,NA,NA,NA,NA,NA,NA,NA,NA,NA,NA,NA,NA,NA,4,1,42,1,42101,"101_114",4210160000,42101030200,1610,1.12,40,32.87982,7.962998,875.0829971,15,25,925,1,"6/24/2013","",0,-75.1662257986882,39.9519342771783,-75.0798260530761,40.0248633027149,"POINT (-75.166226 39.951934)","POINT (-75.079826 40.024863)"
82417,1330403,3,133040303,1019.897822,781.3241045,1,NA,1.3304e+12,7,1.3304e+14,13304030307,NA,NA,2,NA,NA,4,1,42,1,42101,"101_114",4210160000,42101030200,1610,"16:05",19,NA,NA,NA,"0:00","","","","16:17",14,5,NA,NA,NA,NA,NA,NA,NA,NA,NA,NA,NA,NA,NA,NA,NA,NA,NA,NA,NA,NA,NA,NA,NA,NA,NA,NA,NA,NA,NA,NA,4,1,42,1,42101,"101_113",4210160000,42101034400,3405,1.12,33,37.528199,6.49666,875.0829971,16,17,977,1,"6/24/2013","",0,-75.0798260530761,40.0248633027149,-75.0503988334115,40.0876996804033,"POINT (-75.079826 40.024863)","POINT (-75.050399 40.087700)"
82991,1356136,1,135613601,669.0737258,529.3815028,1,NA,1.35614e+12,1,1.35614e+14,13561360101,NA,NA,1,6,2,1,1,42,1,42101,"101_111",4210160000,42101011200,1228,"",1,NA,NA,NA,"4:40","","","","7:40",14,5,NA,NA,NA,NA,NA,NA,NA,NA,NA,NA,NA,NA,NA,NA,NA,NA,NA,NA,NA,NA,NA,NA,NA,NA,NA,NA,NA,NA,NA,NA,2,1,42,1,42101,"101_103",4210160000,42101000902,38,1.17,25,40.953937,4.950414,619.3763583,7,40,460,1,"7/22/2013","",0,-75.233360759861,39.9720395071482,-75.1550731760754,39.9469560187574,"POINT (-75.233361 39.972040)","POINT (-75.155073 39.946956)"
82992,1356136,1,135613601,669.0737258,529.3815028,1,1,1.35614e+12,2,1.35614e+14,13561360102,NA,NA,1,NA,NA,2,1,42,1,42101,"101_103",4210160000,42101000902,38,"8:05",5,NA,NA,NA,"3:40","","","","11:45",14,5,NA,NA,NA,NA,NA,NA,NA,NA,NA,NA,NA,NA,NA,NA,NA,NA,NA,NA,NA,NA,NA,NA,NA,NA,NA,NA,NA,NA,NA,NA,4,1,42,1,42101,"101_103",4210160000,42101000600,57,1.17,15,8.011987,0.462183,619.3763583,11,45,705,1,"7/22/2013","",0,-75.1550731760754,39.9469560187574,-75.1603747972298,39.949646258079,"POINT (-75.155073 39.946956)","POINT (-75.160375 39.949646)"
82994,1356136,1,135613601,669.0737258,529.3815028,1,1,1.35614e+12,4,1.35614e+14,13561360104,NA,NA,1,NA,NA,4,1,42,1,42101,"101_103",4210160000,42101000500,72,"13:00",5,NA,NA,NA,"0:15","","","","13:15",21,5,NA,NA,NA,NA,NA,NA,NA,NA,NA,NA,NA,NA,NA,NA,NA,NA,NA,NA,NA,NA,NA,NA,NA,NA,NA,NA,NA,NA,NA,NA,4,1,42,1,42101,"101_109",4210160000,42101018800,625,1.17,30,25.117882,5.160018,619.3763583,13,15,795,1,"7/22/2013","",0,-75.1608290378846,39.9512565309348,-75.1085340726583,39.9955139503969,"POINT (-75.160829 39.951257)","POINT (-75.108534 39.995514)"
82995,1356136,1,135613601,669.0737258,529.3815028,1,1,1.35614e+12,5,1.35614e+14,13561360105,NA,NA,1,NA,NA,4,1,42,1,42101,"101_109",4210160000,42101018800,625,"13:45",5,NA,NA,NA,"0:45","","","","14:30",21,5,NA,NA,NA,NA,NA,NA,NA,NA,NA,NA,NA,NA,NA,NA,NA,NA,NA,NA,NA,NA,NA,NA,NA,NA,NA,NA,NA,NA,NA,NA,2,1,42,1,42101,"101_103",4210160000,42101000902,38,1.17,30,27.489503,4.986776,619.3763583,14,30,870,1,"7/22/2013","",0,-75.1085340726583,39.9955139503969,-75.1550731760754,39.9469560187574,"POINT (-75.108534 39.995514)","POINT (-75.155073 39.946956)"
82996,1356136,1,135613601,669.0737258,529.3815028,1,NA,1.35614e+12,6,1.35614e+14,13561360106,NA,NA,1,NA,NA,2,1,42,1,42101,"101_103",4210160000,42101000902,38,"15:00",5,NA,NA,NA,"1:20","","","","16:20",14,5,NA,NA,NA,NA,NA,NA,NA,NA,NA,NA,NA,NA,NA,NA,NA,NA,NA,NA,NA,NA,NA,NA,NA,NA,NA,NA,NA,NA,NA,NA,4,1,42,1,42101,"101_103",4210160000,42101000300,113,1.17,25,17.885932,1.277807,619.3763583,16,20,980,1,"7/22/2013","",0,-75.1550731760754,39.9469560187574,-75.1634052023169,39.9571451807186,"POINT (-75.155073 39.946956)","POINT (-75.163405 39.957145)"
82997,1356136,1,135613601,669.0737258,529.3815028,1,NA,1.35614e+12,7,1.35614e+14,13561360107,NA,NA,1,NA,NA,4,1,42,1,42101,"101_103",4210160000,42101000300,113,"16:45",6,NA,NA,NA,"0:15","","","","17:00",14,5,NA,NA,NA,NA,NA,NA,NA,NA,NA,NA,NA,NA,NA,NA,NA,NA,NA,NA,NA,NA,NA,NA,NA,NA,NA,NA,NA,NA,NA,NA,1,1,42,1,42101,"101_111",4210160000,42101011200,1228,1.17,45,35.044701,4.343737,619.3763583,17,0,1020,1,"7/22/2013","",0,-75.1634052023169,39.9571451807186,-75.233360759861,39.9720395071482,"POINT (-75.163405 39.957145)","POINT (-75.233361 39.972040)"
83162,1360253,1,136025301,534.5859881,213.1268626,1,NA,1.36025e+12,1,1.36025e+14,13602530101,NA,NA,3,0,2,2,1,42,1,42101,"101_113",4210160000,42101036400,3415,"",1,5,6,8,"5:30","1:00","3:00","2:45","15:30",14,5,NA,NA,NA,NA,NA,NA,NA,NA,NA,NA,NA,NA,NA,NA,NA,NA,NA,NA,NA,NA,NA,NA,NA,NA,NA,NA,NA,NA,NA,NA,1,1,42,1,42101,"101_105",4210160000,42101037300,1816,1.17,95,103.449677,22.0357,249.3584293,15,30,930,1,"7/22/2013","",0,-74.9823583671564,40.110760248005,-75.1792803129236,39.9102291849896,"POINT (-74.982358 40.110760)","POINT (-75.179280 39.910229)"
83228,1362979,1,136297901,198.4949737,153.4077634,1,NA,1.36298e+12,1,1.36298e+14,13629790101,NA,NA,2,1,2,1,1,42,1,42101,"101_103",4210160000,42101000402,75,"",1,NA,NA,NA,"1:00","","","","7:00",14,5,NA,NA,NA,NA,NA,NA,NA,NA,NA,NA,NA,NA,NA,NA,NA,NA,NA,NA,NA,NA,NA,NA,NA,NA,NA,NA,NA,NA,NA,NA,4,1,42,1,42101,"101_103",4210160000,42101001001,36,1.12,0,12.59361,1.086597,171.816695,7,0,420,5,"7/26/2013","",0,-75.1647675352254,39.9513827603519,-75.1505658415867,39.9464361327538,"POINT (-75.164768 39.951383)","POINT (-75.150566 39.946436)"
83229,1362979,1,136297901,198.4949737,153.4077634,1,NA,1.36298e+12,2,1.36298e+14,13629790102,NA,NA,2,NA,NA,4,1,42,1,42101,"101_103",4210160000,42101001001,36,"7:00",14,NA,NA,NA,"3:00","","","","10:00",14,5,NA,NA,NA,NA,NA,NA,NA,NA,NA,NA,NA,NA,NA,NA,NA,NA,NA,NA,NA,NA,NA,NA,NA,NA,NA,NA,NA,NA,NA,NA,1,1,42,1,42101,"101_103",4210160000,42101000402,75,1.12,30,15.978487,1.149504,171.816695,10,0,600,5,"7/26/2013","",0,-75.1505658415867,39.9464361327538,-75.1647675352254,39.9513827603519,"POINT (-75.150566 39.946436)","POINT (-75.164768 39.951383)"
83271,1366515,2,136651502,1019.897822,2090.194213,1,NA,1.36652e+12,2,1.36652e+14,13665150202,NA,NA,2,NA,NA,4,1,42,1,42101,"101_101",4210160000,42101020300,1432,"13:00",19,NA,NA,NA,"0:00","","","","13:10",21,5,NA,NA,NA,NA,NA,NA,NA,NA,NA,NA,NA,NA,NA,NA,NA,NA,NA,NA,NA,NA,NA,NA,NA,NA,NA,NA,NA,NA,NA,NA,4,1,42,1,42101,"101_103",4210160000,42101000901,41,1.17,35,19.165346,4.478851,2445.527229,13,10,790,1,"7/22/2013","",0,-75.1495939755084,40.0125900284939,-75.1634808483634,39.9480403151119,"POINT (-75.149594 40.012590)","POINT (-75.163481 39.948040)"
83272,1366515,2,136651502,1019.897822,2090.194213,1,NA,1.36652e+12,3,1.36652e+14,13665150203,NA,NA,2,NA,NA,4,1,42,1,42101,"101_103",4210160000,42101000901,41,"13:45",4,NA,NA,NA,"1:10","","","","15:10",14,5,NA,NA,NA,NA,NA,NA,NA,NA,NA,NA,NA,NA,NA,NA,NA,NA,NA,NA,NA,NA,NA,NA,NA,NA,NA,NA,NA,NA,NA,NA,4,1,42,1,42101,"101_108",4210160000,42101020700,3202,1.17,30,28.795487,7.445519,2445.527229,15,10,910,1,"7/22/2013","",0,-75.1634808483634,39.9480403151119,-75.1971342156818,40.0138387034349,"POINT (-75.163481 39.948040)","POINT (-75.197134 40.013839)"
83274,1366515,2,136651502,1019.897822,2090.194213,1,NA,1.36652e+12,5,1.36652e+14,13665150205,NA,NA,2,NA,NA,4,1,42,1,42101,"101_108",4210160000,42101020700,3201,"16:15",19,NA,NA,NA,"0:00","","","","16:30",14,5,NA,NA,NA,NA,NA,NA,NA,NA,NA,NA,NA,NA,NA,NA,NA,NA,NA,NA,NA,NA,NA,NA,NA,NA,NA,NA,NA,NA,NA,NA,1,1,42,1,42101,"101_101",4210160000,42101017000,1420,1.17,45,10.66726,0.585738,2445.527229,16,30,990,1,"7/22/2013","",0,-75.1898605144712,40.0114702178942,-75.1859236878394,40.0056791510122,"POINT (-75.189861 40.011470)","POINT (-75.185924 40.005679)"
83406,1370113,1,137011301,415.6976476,155.18212,1,NA,1.37011e+12,1,1.37011e+14,13701130101,NA,NA,3,4,2,4,1,42,1,42101,"101_103",4210160000,42101000401,103,"",96,NA,NA,NA,"1:20","","","","12:40",14,5,NA,NA,NA,NA,NA,NA,NA,NA,NA,NA,NA,NA,NA,NA,NA,NA,NA,NA,NA,NA,NA,NA,NA,NA,NA,NA,NA,NA,NA,NA,4,1,42,1,42101,"101_103",4210160000,42101000402,97,1.17,0,6.342676,0.396561,181.5630804,12,40,760,1,"8/5/2013","",0,-75.177201361549,39.9550054347417,-75.1722789942054,39.9539778646615,"POINT (-75.177201 39.955005)","POINT (-75.172279 39.953978)"
83407,1370113,1,137011301,415.6976476,155.18212,1,NA,1.37011e+12,2,1.37011e+14,13701130102,NA,NA,3,NA,NA,4,1,42,1,42101,"101_103",4210160000,42101000402,97,"12:40",96,NA,NA,NA,"0:20","","","","13:00",14,5,NA,NA,NA,NA,NA,NA,NA,NA,NA,NA,NA,NA,NA,NA,NA,NA,NA,NA,NA,NA,NA,NA,NA,NA,NA,NA,NA,NA,NA,NA,4,1,42,1,42101,"101_103",4210160000,42101000600,57,1.17,0,12.251311,0.753625,181.5630804,13,0,780,1,"8/5/2013","",0,-75.1722789942054,39.9539778646615,-75.1603747972298,39.949646258079,"POINT (-75.172279 39.953978)","POINT (-75.160375 39.949646)"
83408,1370113,1,137011301,415.6976476,155.18212,1,NA,1.37011e+12,3,1.37011e+14,13701130103,NA,NA,3,NA,NA,4,1,42,1,42101,"101_103",4210160000,42101000600,57,"13:00",6,NA,NA,NA,"0:30","","","","13:30",14,5,NA,NA,NA,NA,NA,NA,NA,NA,NA,NA,NA,NA,NA,NA,NA,NA,NA,NA,NA,NA,NA,NA,NA,NA,NA,NA,NA,NA,NA,NA,4,1,42,1,42101,"101_103",4210160000,42101000402,92,1.17,5,8.253871,0.540978,181.5630804,13,30,810,1,"8/5/2013","",0,-75.1603747972298,39.949646258079,-75.1648345113326,39.9541020155151,"POINT (-75.160375 39.949646)","POINT (-75.164835 39.954102)"
83414,1370234,1,137023401,415.6976476,100.9101639,1,NA,1.37023e+12,2,1.37023e+14,13702340102,NA,NA,1,NA,NA,4,1,42,1,42101,"101_101",4210160000,42101019000,1423,"6:15",1,14,5,8,"0:00","","","","6:25",14,5,NA,NA,NA,NA,NA,NA,NA,NA,NA,NA,NA,NA,NA,NA,NA,NA,NA,NA,NA,NA,NA,NA,NA,NA,NA,NA,NA,NA,NA,NA,2,1,42,1,42101,"101_111",4210160000,42101009400,1215,1.17,NA,37.303742,10.12554,118.0648918,6,25,385,5,"8/9/2013","",0,-75.099782195019,40.006355591222,-75.2322455285086,39.963278945388,"POINT (-75.099782 40.006356)","POINT (-75.232246 39.963279)"
83415,1370234,1,137023401,415.6976476,100.9101639,1,NA,1.37023e+12,3,1.37023e+14,13702340103,NA,NA,1,NA,NA,2,1,42,1,42101,"101_111",4210160000,42101009400,1215,"9999",5,NA,NA,NA,"7:50","","","","15:50",14,5,NA,NA,NA,NA,NA,NA,NA,NA,NA,NA,NA,NA,NA,NA,NA,NA,NA,NA,NA,NA,NA,NA,NA,NA,NA,NA,NA,NA,NA,NA,4,1,42,1,42101,"101_118",4210160000,42101033400,2806,1.17,22,55.209946,14.399888,118.0648918,15,50,950,5,"8/9/2013","",0,-75.2322455285086,39.963278945388,-75.0529627230323,40.0535132505067,"POINT (-75.232246 39.963279)","POINT (-75.052963 40.053513)"
83417,1370234,1,137023401,415.6976476,100.9101639,1,NA,1.37023e+12,5,1.37023e+14,13702340105,NA,NA,1,NA,NA,4,1,42,1,42101,"101_110",4210160000,42101036900,1026,"17:00",14,NA,NA,NA,"0:05","","","","17:05",14,5,NA,NA,NA,NA,NA,NA,NA,NA,NA,NA,NA,NA,NA,NA,NA,NA,NA,NA,NA,NA,NA,NA,NA,NA,NA,NA,NA,NA,NA,NA,1,1,42,1,42101,"101_101",4210160000,42101019000,1423,1.17,20,30.456666,7.392605,118.0648918,17,5,1025,5,"8/9/2013","",0,-75.1840170635385,39.9534784074457,-75.099782195019,40.006355591222,"POINT (-75.184017 39.953478)","POINT (-75.099782 40.006356)"
83625,1377234,1,137723401,68.63506003,86.03798239,1,NA,1.37723e+12,1,1.37723e+14,13772340101,NA,NA,2,1,2,1,1,42,1,42101,"101_103",4210160000,42101000402,101,"",1,NA,NA,NA,"0:00","","","","11:30",14,5,NA,NA,NA,NA,NA,NA,NA,NA,NA,NA,NA,NA,NA,NA,NA,NA,NA,NA,NA,NA,NA,NA,NA,NA,NA,NA,NA,NA,NA,NA,4,1,42,1,42101,"101_103",4210160000,42101000401,85,1.15,25,7.324358,0.468853,98.94367975,11,30,690,1,"8/5/2013","",0,-75.1720816011546,39.9549927124551,-75.1779217463161,39.9533873770951,"POINT (-75.172082 39.954993)","POINT (-75.177922 39.953387)"
83626,1377234,1,137723401,68.63506003,86.03798239,1,NA,1.37723e+12,2,1.37723e+14,13772340102,NA,NA,2,NA,NA,4,1,42,1,42101,"101_103",4210160000,42101000401,85,"11:55",14,NA,NA,NA,"0:00","","","","13:10",14,5,NA,NA,NA,NA,NA,NA,NA,NA,NA,NA,NA,NA,NA,NA,NA,NA,NA,NA,NA,NA,NA,NA,NA,NA,NA,NA,NA,NA,NA,NA,1,1,42,1,42101,"101_103",4210160000,42101000402,101,1.15,650,7.122217,0.427551,98.94367975,13,10,790,1,"8/5/2013","",0,-75.1779217463161,39.9533873770951,-75.1720816011546,39.9549927124551,"POINT (-75.177922 39.953387)","POINT (-75.172082 39.954993)"
83668,1379124,1,137912401,408.5701271,231.0531544,1,NA,1.37912e+12,1,1.37912e+14,13791240101,NA,NA,1,7,2,1,1,42,1,42101,"101_115",4210160000,42101026400,2635,"",1,7,NA,NA,"0:00","0:01","","","4:50",14,5,NA,NA,NA,NA,NA,NA,NA,NA,NA,NA,NA,NA,NA,NA,NA,NA,NA,NA,NA,NA,NA,NA,NA,NA,NA,NA,NA,NA,NA,NA,4,3,42,1,42101,"101_115",4210160000,42101027800,2620,1.17,23,18.395248,2.08016,270.3321906,4,50,290,2,"8/6/2013","",0,-75.1601043768351,40.0613309307968,-75.1471644147674,40.0425358392666,"POINT (-75.160104 40.061331)","POINT (-75.147164 40.042536)"
83669,1379124,1,137912401,408.5701271,231.0531544,1,NA,1.37912e+12,2,1.37912e+14,13791240102,NA,NA,1,NA,NA,4,3,42,1,42101,"101_115",4210160000,42101027800,2620,"5:13",19,NA,NA,NA,"0:00","","","","5:38",14,5,NA,NA,NA,NA,NA,NA,NA,NA,NA,NA,NA,NA,NA,NA,NA,NA,NA,NA,NA,NA,NA,NA,NA,NA,NA,NA,NA,NA,NA,NA,4,1,42,1,42101,"101_114",4210160000,42101030200,1610,1.17,16,40.129723,6.409653,270.3321906,5,38,338,2,"8/6/2013","",0,-75.1471644147674,40.0425358392666,-75.0798260530761,40.0248633027149,"POINT (-75.147164 40.042536)","POINT (-75.079826 40.024863)"
83672,1379124,1,137912401,408.5701271,231.0531544,1,NA,1.37912e+12,5,1.37912e+14,13791240105,NA,NA,1,NA,NA,4,3,42,1,42101,"101_118",4210160000,42101980200,2817,"13:06",19,NA,NA,NA,"0:00","","","","13:12",14,5,NA,NA,NA,NA,NA,NA,NA,NA,NA,NA,NA,NA,NA,NA,NA,NA,NA,NA,NA,NA,NA,NA,NA,NA,NA,NA,NA,NA,NA,NA,4,1,42,1,42101,"101_114",4210160000,42101030200,1610,1.17,39,27.269787,3.819495,270.3321906,13,12,792,2,"8/6/2013","",0,-75.0490199739364,40.069819370287,-75.0798260530761,40.0248633027149,"POINT (-75.049020 40.069819)","POINT (-75.079826 40.024863)"
83673,1379124,1,137912401,408.5701271,231.0531544,1,NA,1.37912e+12,6,1.37912e+14,13791240106,NA,NA,1,NA,NA,4,1,42,1,42101,"101_114",4210160000,42101030200,1610,"13:51",19,NA,NA,NA,"0:00","","","","14:03",14,5,NA,NA,NA,NA,NA,NA,NA,NA,NA,NA,NA,NA,NA,NA,NA,NA,NA,NA,NA,NA,NA,NA,NA,NA,NA,NA,NA,NA,NA,NA,4,1,42,1,42101,"101_115",4210160000,42101028200,2615,1.17,19,26.442028,4.11099,270.3321906,14,3,843,2,"8/6/2013","",0,-75.0798260530761,40.0248633027149,-75.1398050137829,40.0366774270012,"POINT (-75.079826 40.024863)","POINT (-75.139805 40.036677)"
83674,1379124,1,137912401,408.5701271,231.0531544,1,NA,1.37912e+12,7,1.37912e+14,13791240107,NA,NA,1,NA,NA,4,1,42,1,42101,"101_115",4210160000,42101028200,2615,"14:22",19,NA,NA,NA,"0:00","","","","14:30",14,5,NA,NA,NA,NA,NA,NA,NA,NA,NA,NA,NA,NA,NA,NA,NA,NA,NA,NA,NA,NA,NA,NA,NA,NA,NA,NA,NA,NA,NA,NA,4,1,42,1,42101,"101_115",4210160000,42101026400,2635,1.17,15,27.632218,3.038753,270.3321906,14,30,870,2,"8/6/2013","",0,-75.1398050137829,40.0366774270012,-75.1601043768351,40.0613309307968,"POINT (-75.139805 40.036677)","POINT (-75.160104 40.061331)"
83746,1383524,1,138352401,434.9062452,182.5834247,2,NA,1.38352e+12,3,1.38352e+14,13835240103,NA,NA,2,1,NA,1,1,42,1,42101,"101_111",4210160000,42101009400,1215,"12:45",1,NA,NA,NA,"2:15","","","","15:00",14,5,NA,NA,NA,NA,NA,NA,NA,NA,NA,NA,NA,NA,NA,NA,NA,NA,NA,NA,NA,NA,NA,NA,NA,NA,NA,NA,NA,NA,NA,NA,4,1,42,1,42101,"101_111",4210160000,42101009300,1214,1.17,30,10.662495,0.624397,213.6226069,15,0,900,4,"8/8/2013","",0,-75.2322455285086,39.963278945388,-75.2240243087353,39.9622994543846,"POINT (-75.232246 39.963279)","POINT (-75.224024 39.962299)"
83747,1383524,1,138352401,434.9062452,182.5834247,2,NA,1.38352e+12,4,1.38352e+14,13835240104,NA,NA,2,NA,NA,4,1,42,1,42101,"101_111",4210160000,42101009300,1214,"15:30",11,NA,NA,NA,"0:30","","","","16:00",14,5,NA,NA,NA,NA,NA,NA,NA,NA,NA,NA,NA,NA,NA,NA,NA,NA,NA,NA,NA,NA,NA,NA,NA,NA,NA,NA,NA,NA,NA,NA,1,1,42,1,42101,"101_111",4210160000,42101009400,1215,1.17,30,11.342455,0.688139,213.6226069,16,0,960,4,"8/8/2013","",0,-75.2240243087353,39.9622994543846,-75.2322455285086,39.963278945388,"POINT (-75.224024 39.962299)","POINT (-75.232246 39.963279)"
83749,1383524,1,138352401,434.9062452,182.5834247,3,NA,1.38352e+12,6,1.38352e+14,13835240106,NA,NA,2,NA,NA,4,1,42,1,42101,"101_111",4210160000,42101010500,1222,"19:30",96,NA,NA,NA,"1:30","","","","21:30",14,5,NA,NA,NA,NA,NA,NA,NA,NA,NA,NA,NA,NA,NA,NA,NA,NA,NA,NA,NA,NA,NA,NA,NA,NA,NA,NA,NA,NA,NA,NA,1,1,42,1,42101,"101_111",4210160000,42101009400,1215,1.17,60,16.251044,1.745333,213.6226069,21,30,1290,4,"8/8/2013","",0,-75.214203546323,39.966573251699,-75.2322455285086,39.963278945388,"POINT (-75.214204 39.966573)","POINT (-75.232246 39.963279)"
83831,1386188,1,138618801,333.0190958,100.6363588,1,NA,1.38619e+12,1,1.38619e+14,13861880101,NA,NA,2,1,2,1,1,42,1,42101,"101_106",4210160000,42101012100,2213,"",1,NA,NA,NA,"7:00","","","","10:34",14,5,NA,NA,NA,NA,NA,NA,NA,NA,NA,NA,NA,NA,NA,NA,NA,NA,NA,NA,NA,NA,NA,NA,NA,NA,NA,NA,NA,NA,NA,NA,4,1,42,1,42101,"101_106",4210160000,42101012203,2217,1.17,16,15.499971,2.030878,117.7445398,10,34,634,1,"8/5/2013","",0,-75.2226378551491,39.995965776317,-75.2093603571935,40.0074782230597,"POINT (-75.222638 39.995966)","POINT (-75.209360 40.007478)"
83832,1386188,1,138618801,333.0190958,100.6363588,1,NA,1.38619e+12,2,1.38619e+14,13861880102,NA,NA,2,NA,NA,4,1,42,1,42101,"101_106",4210160000,42101012203,2217,"10:50",8,NA,NA,NA,"0:22","","","","11:12",14,5,NA,NA,NA,NA,NA,NA,NA,NA,NA,NA,NA,NA,NA,NA,NA,NA,NA,NA,NA,NA,NA,NA,NA,NA,NA,NA,NA,NA,NA,NA,1,1,42,1,42101,"101_106",4210160000,42101012100,2213,1.17,21,14.978003,1.773539,117.7445398,11,12,672,1,"8/5/2013","",0,-75.2093603571935,40.0074782230597,-75.2226378551491,39.995965776317,"POINT (-75.209360 40.007478)","POINT (-75.222638 39.995966)"
83833,1386188,1,138618801,333.0190958,100.6363588,2,NA,1.38619e+12,3,1.38619e+14,13861880103,NA,NA,2,1,NA,1,1,42,1,42101,"101_106",4210160000,42101012100,2213,"11:33",12,NA,NA,NA,"0:35","","","","12:14",14,5,NA,NA,NA,NA,NA,NA,NA,NA,NA,NA,NA,NA,NA,NA,NA,NA,NA,NA,NA,NA,NA,NA,NA,NA,NA,NA,NA,NA,NA,NA,4,1,42,1,42101,"101_103",4210160000,42101000402,98,1.17,46,35.264633,7.434842,117.7445398,12,14,734,1,"8/5/2013","",0,-75.2226378551491,39.995965776317,-75.1672929773502,39.9544153783527,"POINT (-75.222638 39.995966)","POINT (-75.167293 39.954415)"
83834,1386188,1,138618801,333.0190958,100.6363588,2,NA,1.38619e+12,4,1.38619e+14,13861880104,NA,NA,2,NA,NA,4,1,42,1,42101,"101_103",4210160000,42101000402,98,"13:00",12,NA,NA,NA,"0:34","","","","13:34",14,5,NA,NA,NA,NA,NA,NA,NA,NA,NA,NA,NA,NA,NA,NA,NA,NA,NA,NA,NA,NA,NA,NA,NA,NA,NA,NA,NA,NA,NA,NA,1,1,42,1,42101,"101_106",4210160000,42101012100,2213,1.17,37,30.941227,6.66383,117.7445398,13,34,814,1,"8/5/2013","",0,-75.1672929773502,39.9544153783527,-75.2226378551491,39.995965776317,"POINT (-75.167293 39.954415)","POINT (-75.222638 39.995966)"
83887,1388557,1,138855701,434.9062452,182.5834247,1,NA,1.38856e+12,2,1.38856e+14,13885570102,NA,NA,2,NA,NA,4,1,42,1,42101,"101_103",4210160000,42101000500,88,"10:00",11,9,NA,NA,"0:00","","","","15:00",14,5,NA,NA,NA,NA,NA,NA,NA,NA,NA,NA,NA,NA,NA,NA,NA,NA,NA,NA,NA,NA,NA,NA,NA,NA,NA,NA,NA,NA,NA,NA,1,1,42,1,42101,"101_107",4210160000,42101014000,403,1.17,540,16.41674,1.954348,213.6226069,15,0,900,3,"8/7/2013","",0,-75.1541388337345,39.9522458625874,-75.1630984016405,39.9735438590113,"POINT (-75.154139 39.952246)","POINT (-75.163098 39.973544)"
83897,1388866,1,138886601,288.1055336,96.4352758,1,NA,1.38887e+12,5,1.38887e+14,13888660105,NA,NA,1,NA,NA,2,1,42,1,42101,"101_103",4210160000,42101000401,84,"12:50",5,NA,NA,NA,"3:40","","","","16:31",14,5,NA,NA,NA,NA,NA,NA,NA,NA,NA,NA,NA,NA,NA,NA,NA,NA,NA,NA,NA,NA,NA,NA,NA,NA,NA,NA,NA,NA,NA,NA,1,1,42,1,42101,"101_103",4210160000,42101000300,118,1.17,23,6.681579,0.284588,112.8292727,16,31,991,2,"9/3/2013","",0,-75.1742868895805,39.952935291834,-75.1717674832599,39.9564206302579,"POINT (-75.174287 39.952935)","POINT (-75.171767 39.956421)"
84284,1402762,1,140276201,317.8695646,107.8805341,1,NA,1.40276e+12,4,1.40276e+14,14027620104,NA,NA,2,NA,NA,4,1,42,1,42101,"101_109",4210160000,42101038200,621,"6:50",96,NA,NA,NA,"0:05","","","","6:55",14,5,NA,NA,NA,NA,NA,NA,NA,NA,NA,NA,NA,NA,NA,NA,NA,NA,NA,NA,NA,NA,NA,NA,NA,NA,NA,NA,NA,NA,NA,NA,1,1,42,1,42101,"101_109",4210160000,42101018800,627,1.17,5,11.463373,0.745416,126.2202249,6,55,415,3,"8/7/2013","",0,-75.1018775098952,39.9927596244991,-75.103797227359,39.9987737258,"POINT (-75.101878 39.992760)","POINT (-75.103797 39.998774)"
84429,1408255,2,140825502,92.81558941,93.09114561,1,NA,1.40826e+12,1,1.40826e+14,14082550201,NA,NA,1,2,2,1,1,42,1,42101,"101_103",4210160000,42101001201,27,"",1,NA,NA,NA,"0:00","","","","8:30",14,5,NA,NA,NA,NA,NA,NA,NA,NA,NA,NA,NA,NA,NA,NA,NA,NA,NA,NA,NA,NA,NA,NA,NA,NA,NA,NA,NA,NA,NA,NA,2,1,42,1,42101,"101_103",4210160000,42101000500,71,1.15,20,18.185262,1.635973,107.0548174,8,30,510,2,"8/6/2013","",0,-75.1800070313661,39.946441631749,-75.1584725274299,39.950967187359,"POINT (-75.180007 39.946442)","POINT (-75.158473 39.950967)"
84431,1408255,2,140825502,92.81558941,93.09114561,1,NA,1.40826e+12,3,1.40826e+14,14082550203,NA,NA,1,NA,NA,4,1,42,1,42101,"101_103",4210160000,42101000500,90,"17:45",8,NA,NA,NA,"0:00","","","","18:15",14,5,NA,NA,NA,NA,NA,NA,NA,NA,NA,NA,NA,NA,NA,NA,NA,NA,NA,NA,NA,NA,NA,NA,NA,NA,NA,NA,NA,NA,NA,NA,1,1,42,1,42101,"101_103",4210160000,42101001201,27,1.15,25,21.551501,1.676795,107.0548174,18,15,1095,2,"8/6/2013","",0,-75.1588750233838,39.9528401835985,-75.1800070313661,39.946441631749,"POINT (-75.158875 39.952840)","POINT (-75.180007 39.946442)"
84498,1410923,2,141092302,345.2750144,279.7677559,1,NA,1.41092e+12,1,1.41092e+14,14109230201,NA,NA,2,2,2,1,1,42,1,42101,"101_103",4210160000,42101013401,139,"",1,NA,NA,NA,"0:00","","","","12:30",14,5,NA,NA,NA,NA,NA,NA,NA,NA,NA,NA,NA,NA,NA,NA,NA,NA,NA,NA,NA,NA,NA,NA,NA,NA,NA,NA,NA,NA,NA,NA,4,1,42,1,42101,"101_103",4210160000,42101000402,96,1.17,25,13.509443,0.850205,327.3282744,12,30,750,2,"8/6/2013","",0,-75.1752524766747,39.9659654913561,-75.1706866571216,39.953785415184,"POINT (-75.175252 39.965965)","POINT (-75.170687 39.953785)"
84500,1410923,2,141092302,345.2750144,279.7677559,1,NA,1.41092e+12,3,1.41092e+14,14109230203,NA,NA,2,NA,NA,4,1,42,1,42101,"101_103",4210160000,42101000402,100,"14:35",96,NA,NA,NA,"0:00","","","","14:41",14,5,NA,NA,NA,NA,NA,NA,NA,NA,NA,NA,NA,NA,NA,NA,NA,NA,NA,NA,NA,NA,NA,NA,NA,NA,NA,NA,NA,NA,NA,NA,1,1,42,1,42101,"101_103",4210160000,42101013401,139,1.17,24,11.163505,1.011231,327.3282744,14,41,881,2,"8/6/2013","",0,-75.1704674139331,39.9548009865238,-75.1752524766747,39.9659654913561,"POINT (-75.170467 39.954801)","POINT (-75.175252 39.965965)"
84658,1419738,1,141973801,188.4517911,87.02345235,1,NA,1.41974e+12,1,1.41974e+14,14197380101,NA,NA,2,2,2,1,1,42,1,42101,"101_113",4210160000,42101035500,3404,"",1,NA,NA,NA,"5:50","","","","8:50",14,5,NA,NA,NA,NA,NA,NA,NA,NA,NA,NA,NA,NA,NA,NA,NA,NA,NA,NA,NA,NA,NA,NA,NA,NA,NA,NA,NA,NA,NA,NA,4,1,42,1,42091,"091_412",4209100156,42091201501,12207,1.17,45,40.217627,6.009946,101.8174393,8,50,530,3,"8/7/2013","",0,-75.0325978610195,40.0871418066782,-75.0764572984039,40.1039681051157,"POINT (-75.032598 40.087142)","POINT (-75.076457 40.103968)"
84659,1419738,1,141973801,188.4517911,87.02345235,1,NA,1.41974e+12,2,1.41974e+14,14197380102,NA,NA,2,NA,NA,4,1,42,1,42091,"091_412",4209100156,42091201501,12207,"9:35",16,NA,NA,NA,"1:00","","","","10:35",14,5,NA,NA,NA,NA,NA,NA,NA,NA,NA,NA,NA,NA,NA,NA,NA,NA,NA,NA,NA,NA,NA,NA,NA,NA,NA,NA,NA,NA,NA,NA,4,1,42,1,42101,"101_118",4210160000,42101034200,2825,1.17,55,42.283728,5.195649,101.8174393,10,35,635,3,"8/7/2013","",0,-75.0764572984039,40.1039681051157,-75.0721554762398,40.0826017949601,"POINT (-75.076457 40.103968)","POINT (-75.072155 40.082602)"
84660,1419738,1,141973801,188.4517911,87.02345235,1,NA,1.41974e+12,3,1.41974e+14,14197380103,NA,NA,2,NA,NA,4,1,42,1,42101,"101_118",4210160000,42101034200,2825,"11:30",96,NA,NA,NA,"0:20","","","","11:50",14,5,NA,NA,NA,NA,NA,NA,NA,NA,NA,NA,NA,NA,NA,NA,NA,NA,NA,NA,NA,NA,NA,NA,NA,NA,NA,NA,NA,NA,NA,NA,1,1,42,1,42101,"101_113",4210160000,42101035500,3404,1.17,40,29.306402,4.531383,101.8174393,11,50,710,3,"8/7/2013","",0,-75.0721554762398,40.0826017949601,-75.0325978610195,40.0871418066782,"POINT (-75.072155 40.082602)","POINT (-75.032598 40.087142)"
84727,1423189,1,142318901,569.1068035,100.9101639,1,NA,1.42319e+12,2,1.42319e+14,14231890102,NA,NA,2,NA,NA,4,1,42,1,42101,"101_103",4210160000,42101000402,100,"10:17",96,NA,NA,NA,"0:00","","","","10:29",14,5,NA,NA,NA,NA,NA,NA,NA,NA,NA,NA,NA,NA,NA,NA,NA,NA,NA,NA,NA,NA,NA,NA,NA,NA,NA,NA,NA,NA,NA,NA,4,1,42,1,42101,"101_103",4210160000,42101000803,47,1.17,6,6.218606,0.555532,118.0648918,10,29,629,5,"8/9/2013","",0,-75.1704674139331,39.9548009865238,-75.1724998481553,39.9491635804723,"POINT (-75.170467 39.954801)","POINT (-75.172500 39.949164)"
84791,1425924,3,142592403,426.6568741,2570.11318,1,NA,1.42592e+12,1,1.42592e+14,14259240301,NA,NA,1,3,2,1,1,42,1,42101,"101_118",4210160000,42101033702,2820,"",1,NA,NA,NA,"0:00","","","","6:50",14,5,NA,NA,NA,NA,NA,NA,NA,NA,NA,NA,NA,NA,NA,NA,NA,NA,NA,NA,NA,NA,NA,NA,NA,NA,NA,NA,NA,NA,NA,NA,2,1,42,1,42101,"101_103",4210160000,42101036600,32,1.12,70,51.862759,10.654608,2878.526762,6,50,410,2,"8/6/2013","",0,-75.0534528142384,40.0711126916022,-75.1392078148453,39.9466654688148,"POINT (-75.053453 40.071113)","POINT (-75.139208 39.946665)"
84793,1425924,3,142592403,426.6568741,2570.11318,1,NA,1.42592e+12,3,1.42592e+14,14259240303,NA,NA,1,NA,NA,4,1,42,1,42101,"101_103",4210160000,42101000500,88,"17:10",96,NA,NA,NA,"0:00","","","","17:45",14,5,NA,NA,NA,NA,NA,NA,NA,NA,NA,NA,NA,NA,NA,NA,NA,NA,NA,NA,NA,NA,NA,NA,NA,NA,NA,NA,NA,NA,NA,NA,4,1,42,1,42101,"101_114",4210160000,42101030200,1610,1.12,0,30.675424,7.367546,2878.526762,17,45,1065,2,"8/6/2013","",0,-75.1541388337345,39.9522458625874,-75.0798260530761,40.0248633027149,"POINT (-75.154139 39.952246)","POINT (-75.079826 40.024863)"
84828,1429222,1,142922201,100.8277921,95.51720453,1,NA,1.42922e+12,2,1.42922e+14,14292220102,NA,NA,3,NA,NA,4,1,42,1,42101,"101_107",4210160000,42101016702,430,"13:00",16,NA,NA,NA,"2:00","","","","15:00",14,5,NA,NA,NA,NA,NA,NA,NA,NA,NA,NA,NA,NA,NA,NA,NA,NA,NA,NA,NA,NA,NA,NA,NA,NA,NA,NA,NA,NA,NA,NA,1,1,42,1,42101,"101_101",4210160000,42101020101,1418,1.15,60,13.206704,1.170083,109.8447852,15,0,900,1,"8/5/2013","",0,-75.1578194556998,39.9904255905816,-75.1553089348274,40.0036904586044,"POINT (-75.157819 39.990426)","POINT (-75.155309 40.003690)"
84831,1429222,2,142922202,100.8277921,103.3330215,1,NA,1.42922e+12,2,1.42922e+14,14292220202,NA,NA,3,NA,NA,4,1,42,1,42101,"101_107",4210160000,42101016702,430,"13:00",16,NA,NA,NA,"2:00","","","","15:00",14,5,NA,NA,NA,NA,NA,NA,NA,NA,NA,NA,NA,NA,NA,NA,NA,NA,NA,NA,NA,NA,NA,NA,NA,NA,NA,NA,NA,NA,NA,NA,1,1,42,1,42101,"101_101",4210160000,42101020101,1418,1.15,60,13.206704,1.170083,118.8329747,15,0,900,1,"8/5/2013","",0,-75.1578194556998,39.9904255905816,-75.1553089348274,40.0036904586044,"POINT (-75.157819 39.990426)","POINT (-75.155309 40.003690)"
85076,1440998,1,144099801,435.6621296,214.4456235,3,NA,1.441e+12,7,1.441e+14,14409980107,NA,NA,2,NA,NA,4,1,42,1,42101,"101_103",4210160000,42101000600,57,"16:24",9,NA,NA,NA,"0:10","","","","16:36",14,5,NA,NA,NA,NA,NA,NA,NA,NA,NA,NA,NA,NA,NA,NA,NA,NA,NA,NA,NA,NA,NA,NA,NA,NA,NA,NA,NA,NA,NA,NA,1,1,42,1,42101,"101_103",4210160000,42101001102,15,1.12,11,11.982005,0.766148,240.1790984,16,36,996,5,"8/9/2013","",0,-75.1603747972298,39.949646258079,-75.1569523625043,39.943116935689,"POINT (-75.160375 39.949646)","POINT (-75.156952 39.943117)"
85081,1440998,2,144099802,435.6621296,198.8174775,1,NA,1.441e+12,2,1.441e+14,14409980202,NA,NA,1,NA,NA,4,1,42,1,42101,"101_103",4210160000,42101000500,69,"8:40",19,NA,NA,NA,"0:02","","","","8:42",21,5,NA,NA,NA,NA,NA,NA,NA,NA,NA,NA,NA,NA,NA,NA,NA,NA,NA,NA,NA,NA,NA,NA,NA,NA,NA,NA,NA,NA,NA,NA,4,1,42,1,42101,"101_110",4210160000,42101009000,1036,1.12,3,12.45248,2.24135,222.6755748,8,42,522,5,"8/9/2013","",0,-75.1537481432666,39.9503794767793,-75.1906300416804,39.958024348983,"POINT (-75.153748 39.950379)","POINT (-75.190630 39.958024)"
85084,1440998,2,144099802,435.6621296,198.8174775,1,NA,1.441e+12,5,1.441e+14,14409980205,NA,NA,1,NA,NA,2,1,42,1,42101,"101_110",4210160000,42101036900,1030,"15:48",19,NA,NA,NA,"0:01","","","","15:50",21,5,NA,NA,NA,NA,NA,NA,NA,NA,NA,NA,NA,NA,NA,NA,NA,NA,NA,NA,NA,NA,NA,NA,NA,NA,NA,NA,NA,NA,NA,NA,2,1,42,1,42101,"101_110",4210160000,42101036900,1030,1.12,5,5.618508,0.14654,222.6755748,15,50,950,5,"8/9/2013","",0,-75.1941152941134,39.9546263068532,-75.1941152941134,39.9546263068532,"POINT (-75.194115 39.954626)","POINT (-75.194115 39.954626)"
85251,1451547,1,145154701,700.4111331,244.6349438,1,NA,1.45155e+12,1,1.45155e+14,14515470101,NA,NA,2,3,2,1,1,42,1,42101,"101_117",4210160000,42101023600,2414,"",1,NA,NA,NA,"5:30","","","","12:30",14,5,NA,NA,NA,NA,NA,NA,NA,NA,NA,NA,NA,NA,NA,NA,NA,NA,NA,NA,NA,NA,NA,NA,NA,NA,NA,NA,NA,NA,NA,NA,4,1,42,1,42101,"101_117",4210160000,42101025600,2435,1.17,15,29.216457,3.816368,286.2228842,12,30,750,1,"8/5/2013","",0,-75.1944243101308,40.0409483586041,-75.1894072133033,40.0670899916203,"POINT (-75.194424 40.040948)","POINT (-75.189407 40.067090)"
85252,1451547,1,145154701,700.4111331,244.6349438,1,NA,1.45155e+12,2,1.45155e+14,14515470102,NA,NA,2,NA,NA,4,1,42,1,42101,"101_117",4210160000,42101025600,2435,"12:45",16,NA,NA,NA,"1:30","","","","14:15",14,5,NA,NA,NA,NA,NA,NA,NA,NA,NA,NA,NA,NA,NA,NA,NA,NA,NA,NA,NA,NA,NA,NA,NA,NA,NA,NA,NA,NA,NA,NA,4,1,42,1,42101,"101_103",4210160000,42101000100,67,1.17,50,46.160672,10.273373,286.2228842,14,15,855,1,"8/5/2013","",0,-75.1894072133033,40.0670899916203,-75.1474545568906,39.9496085506464,"POINT (-75.189407 40.067090)","POINT (-75.147455 39.949609)"
85254,1451547,1,145154701,700.4111331,244.6349438,1,NA,1.45155e+12,4,1.45155e+14,14515470104,NA,NA,2,NA,NA,4,1,42,1,42101,"101_103",4210160000,42101001002,51,"15:25",15,NA,NA,NA,"2:20","","","","17:45",21,5,NA,NA,NA,NA,NA,NA,NA,NA,NA,NA,NA,NA,NA,NA,NA,NA,NA,NA,NA,NA,NA,NA,NA,NA,NA,NA,NA,NA,NA,NA,1,1,42,1,42101,"101_117",4210160000,42101023600,2414,1.17,80,42.423977,9.028415,286.2228842,17,45,1065,1,"8/5/2013","",0,-75.1466622121185,39.9478355374067,-75.1944243101308,40.0409483586041,"POINT (-75.146662 39.947836)","POINT (-75.194424 40.040948)"
85344,1456195,2,145619502,450.1825766,77.31250438,1,NA,1.4562e+12,2,1.4562e+14,14561950202,NA,NA,1,NA,NA,4,1,42,1,42045,"045_206",4204563264,42045409601,5044,"8:40",19,NA,NA,NA,"0:00","","","","8:47",23,5,NA,NA,NA,NA,NA,NA,NA,NA,NA,NA,NA,NA,NA,NA,NA,NA,NA,NA,NA,NA,NA,NA,NA,NA,NA,NA,NA,NA,NA,NA,4,1,42,1,42045,"045_203",4204579000,42045400500,4459,1.12,15,44.090391,7.079778,86.59000491,8,47,527,3,"9/4/2013","",0,-75.3393898477744,40.011683172831,-75.2626735411038,39.9640057100153,"POINT (-75.339390 40.011683)","POINT (-75.262674 39.964006)"
85345,1456195,2,145619502,450.1825766,77.31250438,1,NA,1.4562e+12,3,1.4562e+14,14561950203,NA,NA,1,NA,NA,4,1,42,1,42045,"045_203",4204579000,42045400500,4459,"9:02",19,NA,NA,NA,"0:00","","","","9:06",21,5,NA,NA,NA,NA,NA,NA,NA,NA,NA,NA,NA,NA,NA,NA,NA,NA,NA,NA,NA,NA,NA,NA,NA,NA,NA,NA,NA,NA,NA,NA,4,1,42,1,42101,"101_103",4210160000,42101000500,71,1.12,31,25.304342,5.786163,86.59000491,9,6,546,3,"9/4/2013","",0,-75.2626735411038,39.9640057100153,-75.1584725274299,39.950967187359,"POINT (-75.262674 39.964006)","POINT (-75.158473 39.950967)"
85602,1464490,1,146449001,165.7308117,105.9960991,2,NA,1.46449e+12,3,1.46449e+14,14644900103,NA,NA,1,1,NA,1,1,42,1,42101,"101_103",4210160000,42101001700,3,"8:15",1,NA,NA,NA,"0:00","","","","8:30",14,5,NA,NA,NA,NA,NA,NA,NA,NA,NA,NA,NA,NA,NA,NA,NA,NA,NA,NA,NA,NA,NA,NA,NA,NA,NA,NA,NA,NA,NA,NA,2,1,42,1,42101,"101_103",4210160000,42101000402,98,1.12,25,21.901761,2.198404,118.715631,8,30,510,2,"9/3/2013","",0,-75.1483131665262,39.937767343598,-75.1672929773502,39.9544153783527,"POINT (-75.148313 39.937767)","POINT (-75.167293 39.954415)"
85603,1464490,1,146449001,165.7308117,105.9960991,2,NA,1.46449e+12,4,1.46449e+14,14644900104,NA,NA,1,NA,NA,2,1,42,1,42101,"101_103",4210160000,42101000402,98,"8:55",5,6,NA,NA,"8:10","0:30","","","17:40",14,5,NA,NA,NA,NA,NA,NA,NA,NA,NA,NA,NA,NA,NA,NA,NA,NA,NA,NA,NA,NA,NA,NA,NA,NA,NA,NA,NA,NA,NA,NA,1,1,42,1,42101,"101_103",4210160000,42101001700,3,1.12,35,23.458897,1.98604,118.715631,17,40,1060,2,"9/3/2013","",0,-75.1672929773502,39.9544153783527,-75.1483131665262,39.937767343598,"POINT (-75.167293 39.954415)","POINT (-75.148313 39.937767)"
85712,1471727,1,147172701,793.7317392,183.3104263,1,NA,1.47173e+12,1,1.47173e+14,14717270101,NA,NA,2,1,2,1,1,42,1,42101,"101_111",4210160000,42101011200,1228,"",1,NA,NA,NA,"6:00","","","","12:40",14,5,NA,NA,NA,NA,NA,NA,NA,NA,NA,NA,NA,NA,NA,NA,NA,NA,NA,NA,NA,NA,NA,NA,NA,NA,NA,NA,NA,NA,NA,NA,4,1,42,1,42101,"101_111",4210160000,42101010700,1225,1.17,53,19.659066,1.916029,214.4731988,12,40,760,2,"9/3/2013","",0,-75.233360759861,39.9720395071482,-75.2069459522751,39.9687555499558,"POINT (-75.233361 39.972040)","POINT (-75.206946 39.968756)"
85713,1471727,1,147172701,793.7317392,183.3104263,1,NA,1.47173e+12,2,1.47173e+14,14717270102,NA,NA,2,NA,NA,4,1,42,1,42101,"101_111",4210160000,42101010700,1225,"13:33",12,8,NA,NA,"0:11","2:00","","","15:45",14,5,NA,NA,NA,NA,NA,NA,NA,NA,NA,NA,NA,NA,NA,NA,NA,NA,NA,NA,NA,NA,NA,NA,NA,NA,NA,NA,NA,NA,NA,NA,1,1,42,1,42101,"101_111",4210160000,42101011200,1228,1.17,50,19.942563,1.862134,214.4731988,15,45,945,2,"9/3/2013","",0,-75.2069459522751,39.9687555499558,-75.233360759861,39.9720395071482,"POINT (-75.206946 39.968756)","POINT (-75.233361 39.972040)"
85773,1472944,3,147294403,284.507854,125.9211993,1,NA,1.47294e+12,2,1.47294e+14,14729440302,NA,NA,1,NA,NA,2,1,42,1,42045,"045_206",4204547616,42045408002,5023,"8:54",5,NA,NA,NA,"9:00","","","","18:04",14,5,NA,NA,NA,NA,NA,NA,NA,NA,NA,NA,NA,NA,NA,NA,NA,NA,NA,NA,NA,NA,NA,NA,NA,NA,NA,NA,NA,NA,NA,NA,4,1,42,1,42045,"045_203",4204579000,42045400500,4461,1.12,36,42.495142,6.754926,141.0317433,18,4,1084,5,"9/6/2013","",0,-75.3612694227735,39.9438814885064,-75.2774149663199,39.9687743576991,"POINT (-75.361269 39.943881)","POINT (-75.277415 39.968774)"
85783,1472944,5,147294405,284.507854,241.887594,1,NA,1.47294e+12,1,1.47294e+14,14729440501,NA,NA,1,2,2,1,1,42,1,42045,"045_203",4204541440,42045401900,4421,"",1,NA,NA,NA,"14:40","","","","17:40",14,5,NA,NA,NA,NA,NA,NA,NA,NA,NA,NA,NA,NA,NA,NA,NA,NA,NA,NA,NA,NA,NA,NA,NA,NA,NA,NA,NA,NA,NA,NA,2,1,42,1,42045,"045_206",4204547616,42045408002,5023,1.12,40,55.081312,8.41516,270.9141052,17,40,1060,5,"9/6/2013","",0,-75.2784887557887,39.9397339356879,-75.3612694227735,39.9438814885064,"POINT (-75.278489 39.939734)","POINT (-75.361269 39.943881)"
85784,1472944,5,147294405,284.507854,241.887594,1,NA,1.47294e+12,2,1.47294e+14,14729440502,NA,NA,1,NA,NA,2,1,42,1,42045,"045_206",4204547616,42045408002,5023,"18:20",5,NA,NA,NA,"4:30","","","","23:00",14,5,NA,NA,NA,NA,NA,NA,NA,NA,NA,NA,NA,NA,NA,NA,NA,NA,NA,NA,NA,NA,NA,NA,NA,NA,NA,NA,NA,NA,NA,NA,4,1,42,1,42045,"045_203",4204579000,42045400500,4461,1.12,19,41.603871,6.754926,270.9141052,23,0,1380,5,"9/6/2013","",0,-75.3612694227735,39.9438814885064,-75.2774149663199,39.9687743576991,"POINT (-75.361269 39.943881)","POINT (-75.277415 39.968774)"
86012,1479540,1,147954001,243.4083127,89.45801301,1,NA,1.47954e+12,1,1.47954e+14,14795400101,NA,NA,3,1,2,2,1,42,1,42101,"101_112",4210160000,42101002400,846,"",1,12,8,NA,"2:30","","","","7:09",14,5,NA,NA,NA,NA,NA,NA,NA,NA,NA,NA,NA,NA,NA,NA,NA,NA,NA,NA,NA,NA,NA,NA,NA,NA,NA,NA,NA,NA,NA,NA,2,1,42,1,42101,"101_103",4210160000,42101000100,66,1.12,7,18.833743,1.666118,100.1929746,7,9,429,5,"9/6/2013","",0,-75.1595117962634,39.9367714452714,-75.1446587384151,39.9502859178682,"POINT (-75.159512 39.936771)","POINT (-75.144659 39.950286)"
86013,1479540,1,147954001,243.4083127,89.45801301,1,NA,1.47954e+12,2,1.47954e+14,14795400102,NA,NA,3,NA,NA,2,1,42,1,42101,"101_103",4210160000,42101000100,66,"7:16",5,6,NA,NA,"4:00","","","","11:26",14,5,NA,NA,NA,NA,NA,NA,NA,NA,NA,NA,NA,NA,NA,NA,NA,NA,NA,NA,NA,NA,NA,NA,NA,NA,NA,NA,NA,NA,NA,NA,1,1,42,1,42101,"101_112",4210160000,42101002400,846,1.12,19,19.382696,1.663217,100.1929746,11,26,686,5,"9/6/2013","",0,-75.1446587384151,39.9502859178682,-75.1595117962634,39.9367714452714,"POINT (-75.144659 39.950286)","POINT (-75.159512 39.936771)"
86218,1488723,1,148872301,208.3021333,145.6089898,1,NA,1.48872e+12,2,1.48872e+14,14887230102,NA,NA,1,NA,NA,2,1,42,1,42101,"101_103",4210160000,42101000402,80,"7:50",5,6,NA,NA,"7:30","1:00","","","16:30",14,5,NA,NA,NA,NA,NA,NA,NA,NA,NA,NA,NA,NA,NA,NA,NA,NA,NA,NA,NA,NA,NA,NA,NA,NA,NA,NA,NA,NA,NA,NA,4,1,42,1,42101,"101_104",4210160000,42101032900,3027,1.17,38,46.056004,12.728169,170.3625181,16,30,990,2,"9/3/2013","",0,-75.1677276497158,39.9525760413027,-75.026451490852,40.0393341295038,"POINT (-75.167728 39.952576)","POINT (-75.026451 40.039334)"
86220,1488723,1,148872301,208.3021333,145.6089898,1,NA,1.48872e+12,4,1.48872e+14,14887230104,NA,NA,1,NA,NA,4,1,42,1,42101,"101_112",4210160000,42101003800,814,"17:30",12,18,NA,NA,"1:00","","","","18:30",14,5,NA,NA,NA,NA,NA,NA,NA,NA,NA,NA,NA,NA,NA,NA,NA,NA,NA,NA,NA,NA,NA,NA,NA,NA,NA,NA,NA,NA,NA,NA,4,1,42,1,42101,"101_103",4210160000,42101000402,92,1.17,30,22.572731,3.104698,170.3625181,18,30,1110,2,"9/3/2013","",0,-75.1815493379532,39.9195932035454,-75.1648345113326,39.9541020155151,"POINT (-75.181549 39.919593)","POINT (-75.164835 39.954102)"
86250,1490210,1,149021001,68.22156101,107.3515398,1,NA,1.49021e+12,2,1.49021e+14,14902100102,NA,NA,1,NA,NA,4,3,42,1,42101,"101_107",4210160000,42101014600,408,"9:25",96,NA,NA,NA,"0:10","","","","9:35",21,5,NA,NA,NA,NA,NA,NA,NA,NA,NA,NA,NA,NA,NA,NA,NA,NA,NA,NA,NA,NA,NA,NA,NA,NA,NA,NA,NA,NA,NA,NA,2,1,42,1,42101,"101_110",4210160000,42101036900,1030,1.15,30,31.424232,4.129576,123.4542708,9,35,575,2,"9/3/2013","",0,-75.1530023621858,39.9760354383899,-75.1941152941134,39.9546263068532,"POINT (-75.153002 39.976035)","POINT (-75.194115 39.954626)"
86345,1492230,1,149223001,125.0442353,79.81097931,1,NA,1.49223e+12,2,1.49223e+14,14922300102,NA,NA,1,NA,NA,4,1,42,1,42045,"045_206",4204533144,42045409400,5004,"8:22",96,NA,NA,NA,"0:00","","","","8:29",14,5,NA,NA,NA,NA,NA,NA,NA,NA,NA,NA,NA,NA,NA,NA,NA,NA,NA,NA,NA,NA,NA,NA,NA,NA,NA,NA,NA,NA,NA,NA,4,1,42,1,42045,"045_203",4204579000,42045400500,4459,1.15,16,23.129528,3.849721,91.78262621,8,29,509,2,"9/3/2013","",0,-75.3298869993221,39.9712666509447,-75.2626735411038,39.9640057100153,"POINT (-75.329887 39.971267)","POINT (-75.262674 39.964006)"
86346,1492230,1,149223001,125.0442353,79.81097931,1,NA,1.49223e+12,3,1.49223e+14,14922300103,NA,NA,1,NA,NA,4,1,42,1,42045,"045_203",4204579000,42045400500,4459,"8:45",19,NA,NA,NA,"0:00","","","","8:48",21,5,NA,NA,NA,NA,NA,NA,NA,NA,NA,NA,NA,NA,NA,NA,NA,NA,NA,NA,NA,NA,NA,NA,NA,NA,NA,NA,NA,NA,NA,NA,4,1,42,1,42101,"101_110",4210160000,42101009000,1036,1.15,11,22.920065,4.107873,91.78262621,8,48,528,2,"9/3/2013","",0,-75.2626735411038,39.9640057100153,-75.1906300416804,39.958024348983,"POINT (-75.262674 39.964006)","POINT (-75.190630 39.958024)"
86351,1492230,1,149223001,125.0442353,79.81097931,1,NA,1.49223e+12,8,1.49223e+14,14922300108,NA,NA,1,NA,NA,4,1,42,1,42101,"101_110",4210160000,42101009000,1036,"17:25",19,NA,NA,NA,"0:01","","","","17:26",21,5,NA,NA,NA,NA,NA,NA,NA,NA,NA,NA,NA,NA,NA,NA,NA,NA,NA,NA,NA,NA,NA,NA,NA,NA,NA,NA,NA,NA,NA,NA,4,1,42,1,42045,"045_203",4204579000,42045400500,4459,1.15,11,22.836948,4.122064,91.78262621,17,26,1046,2,"9/3/2013","",0,-75.1906300416804,39.958024348983,-75.2626735411038,39.9640057100153,"POINT (-75.190630 39.958024)","POINT (-75.262674 39.964006)"
86352,1492230,1,149223001,125.0442353,79.81097931,1,NA,1.49223e+12,9,1.49223e+14,14922300109,NA,NA,1,NA,NA,4,1,42,1,42045,"045_203",4204579000,42045400500,4459,"17:37",19,NA,NA,NA,"0:09","","","","17:46",14,5,NA,NA,NA,NA,NA,NA,NA,NA,NA,NA,NA,NA,NA,NA,NA,NA,NA,NA,NA,NA,NA,NA,NA,NA,NA,NA,NA,NA,NA,NA,4,1,42,1,42045,"045_206",4204533144,42045408500,5010,1.15,19,21.604407,4.135288,91.78262621,17,46,1066,2,"9/3/2013","",0,-75.2626735411038,39.9640057100153,-75.3283478818808,39.9804431108819,"POINT (-75.262674 39.964006)","POINT (-75.328348 39.980443)"
86402,1662674,1,166267401,483.017925,160.8321998,1,NA,1.66267e+12,2,1.66267e+14,16626740102,NA,NA,1,NA,NA,4,1,42,1,42101,"101_112",4210160000,42101002802,829,"9:13",96,NA,NA,NA,"0:13","","","","9:26",14,5,NA,NA,NA,NA,NA,NA,NA,NA,NA,NA,NA,NA,NA,NA,NA,NA,NA,NA,NA,NA,NA,NA,NA,NA,NA,NA,NA,NA,NA,NA,4,4,42,1,42101,"101_112",4210160000,42101004202,808,1.17,23,18.655667,1.67488,188.1736738,9,26,566,3,"7/24/2013","",0,-75.1621989372444,39.9276530000056,-75.1516301589525,39.9168650559185,"POINT (-75.162199 39.927653)","POINT (-75.151630 39.916865)"
86403,1662674,1,166267401,483.017925,160.8321998,1,NA,1.66267e+12,3,1.66267e+14,16626740103,NA,NA,1,NA,NA,4,4,42,1,42101,"101_112",4210160000,42101004202,808,"9:49",96,NA,NA,NA,"0:16","","","","10:05",14,5,NA,NA,NA,NA,NA,NA,NA,NA,NA,NA,NA,NA,NA,NA,NA,NA,NA,NA,NA,NA,NA,NA,NA,NA,NA,NA,NA,NA,NA,NA,2,1,42,1,42091,"091_402",4209179136,42091205801,10214,1.17,62,85.011459,24.512636,188.1736738,10,5,605,3,"7/24/2013","",0,-75.1516301589525,39.9168650559185,-75.3963715320328,40.0891211603589,"POINT (-75.151630 39.916865)","POINT (-75.396372 40.089121)"
86404,1662674,1,166267401,483.017925,160.8321998,1,NA,1.66267e+12,4,1.66267e+14,16626740104,NA,NA,1,NA,NA,2,1,42,1,42091,"091_402",4209179136,42091205801,10214,"11:07",6,96,NA,NA,"7:30","0:22","","","19:22",14,5,NA,NA,NA,NA,NA,NA,NA,NA,NA,NA,NA,NA,NA,NA,NA,NA,NA,NA,NA,NA,NA,NA,NA,NA,NA,NA,NA,NA,NA,NA,4,1,42,1,42101,"101_103",4210160000,42101000500,91,1.17,53,56.071776,21.469542,188.1736738,19,22,1162,3,"7/24/2013","",0,-75.3963715320328,40.0891211603589,-75.1612826317197,39.9532127364358,"POINT (-75.396372 40.089121)","POINT (-75.161283 39.953213)"
86406,1662674,1,166267401,483.017925,160.8321998,1,NA,1.66267e+12,6,1.66267e+14,16626740106,NA,NA,1,NA,NA,4,3,42,1,42101,"101_103",4210160000,42101000500,74,"20:27",96,NA,NA,NA,"0:17","","","","20:44",21,5,NA,NA,NA,NA,NA,NA,NA,NA,NA,NA,NA,NA,NA,NA,NA,NA,NA,NA,NA,NA,NA,NA,NA,NA,NA,NA,NA,NA,NA,NA,4,1,42,1,42101,"101_112",4210160000,42101002900,834,1.17,13,12.638667,1.796862,188.1736738,20,44,1244,3,"7/24/2013","",0,-75.1638872349499,39.9525548857932,-75.1655746637264,39.9307064691021,"POINT (-75.163887 39.952555)","POINT (-75.165575 39.930706)"
86412,1662674,2,166267402,483.017925,144.3277462,1,NA,1.66267e+12,2,1.66267e+14,16626740202,NA,NA,1,NA,NA,4,1,42,1,42101,"101_112",4210160000,42101002900,834,"11:15",19,NA,NA,NA,"0:20","","","","11:35",21,5,NA,NA,NA,NA,NA,NA,NA,NA,NA,NA,NA,NA,NA,NA,NA,NA,NA,NA,NA,NA,NA,NA,NA,NA,NA,NA,NA,NA,NA,NA,4,1,42,1,42101,"101_103",4210160000,42101000500,90,1.17,20,18.778463,2.016924,168.8634631,11,35,695,3,"7/24/2013","",0,-75.1655746637264,39.9307064691021,-75.1588750233838,39.9528401835985,"POINT (-75.165575 39.930706)","POINT (-75.158875 39.952840)"
86414,1662674,2,166267402,483.017925,144.3277462,1,NA,1.66267e+12,4,1.66267e+14,16626740204,NA,NA,1,NA,NA,4,1,42,1,42101,"101_103",4210160000,42101000100,68,"12:10",19,NA,NA,NA,"0:05","","","","12:15",14,5,NA,NA,NA,NA,NA,NA,NA,NA,NA,NA,NA,NA,NA,NA,NA,NA,NA,NA,NA,NA,NA,NA,NA,NA,NA,NA,NA,NA,NA,NA,2,1,42,1,42101,"101_106",4210160000,42101980000,2210,1.17,35,37.233779,5.792682,168.8634631,12,15,735,3,"7/24/2013","",0,-75.150623776162,39.9499928305521,-75.2070232144824,39.990493481725,"POINT (-75.150624 39.949993)","POINT (-75.207023 39.990493)"
86421,1664823,1,166482301,342.5850149,1495.969541,1,NA,1.66482e+12,1,1.66482e+14,16648230101,NA,NA,1,2,2,1,1,42,1,42101,"101_104",4210160000,42101033102,3031,"",1,NA,NA,NA,"2:00","","","","6:00",14,5,NA,NA,NA,NA,NA,NA,NA,NA,NA,NA,NA,NA,NA,NA,NA,NA,NA,NA,NA,NA,NA,NA,NA,NA,NA,NA,NA,NA,NA,NA,2,1,42,1,42101,"101_103",4210160000,42101000402,83,1.12,40,58.871651,11.760521,1675.485886,6,0,360,5,"6/7/2013","",0,-75.0272886661161,40.0451130655592,-75.1725391195037,39.9527196860213,"POINT (-75.027289 40.045113)","POINT (-75.172539 39.952720)"
86427,1664967,1,166496701,64.63729006,88.02176159,1,NA,1.66497e+12,2,1.66497e+14,16649670102,NA,NA,1,NA,NA,4,1,42,1,42101,"101_114",4210160000,42101031300,1619,"4:30",96,NA,NA,NA,"0:00","","","","4:48",21,5,NA,NA,NA,NA,NA,NA,NA,NA,NA,NA,NA,NA,NA,NA,NA,NA,NA,NA,NA,NA,NA,NA,NA,NA,NA,NA,NA,NA,NA,NA,4,1,42,1,42101,"101_114",4210160000,42101030200,1610,1.15,2,13.668114,1.412133,101.2250258,4,48,288,3,"6/5/2013","",0,-75.0675318693472,40.0381003553224,-75.0798260530761,40.0248633027149,"POINT (-75.067532 40.038100)","POINT (-75.079826 40.024863)"
86428,1664967,1,166496701,64.63729006,88.02176159,1,NA,1.66497e+12,3,1.66497e+14,16649670103,NA,NA,1,NA,NA,4,1,42,1,42101,"101_114",4210160000,42101030200,1610,"4:50",96,NA,NA,NA,"1:00","","","","5:50",14,5,NA,NA,NA,NA,NA,NA,NA,NA,NA,NA,NA,NA,NA,NA,NA,NA,NA,NA,NA,NA,NA,NA,NA,NA,NA,NA,NA,NA,NA,NA,4,1,42,1,42101,"101_103",4210160000,42101000804,44,1.15,0,38.363268,8.201735,101.2250258,5,50,350,3,"6/5/2013","",0,-75.0798260530761,40.0248633027149,-75.1669894744938,39.9484799410289,"POINT (-75.079826 40.024863)","POINT (-75.166989 39.948480)"
86429,1664967,1,166496701,64.63729006,88.02176159,1,NA,1.66497e+12,4,1.66497e+14,16649670104,NA,NA,1,NA,NA,4,1,42,1,42101,"101_103",4210160000,42101000804,44,"5:50",96,NA,NA,NA,"0:00","","","","6:20",14,5,NA,NA,NA,NA,NA,NA,NA,NA,NA,NA,NA,NA,NA,NA,NA,NA,NA,NA,NA,NA,NA,NA,NA,NA,NA,NA,NA,NA,NA,NA,2,1,42,1,42101,"101_110",4210160000,42101036900,1018,1.15,10,18.189905,1.863811,101.2250258,6,20,380,3,"6/5/2013","",0,-75.1669894744938,39.9484799410289,-75.1957094473416,39.9494354858208,"POINT (-75.166989 39.948480)","POINT (-75.195709 39.949435)"
86430,1664967,1,166496701,64.63729006,88.02176159,1,NA,1.66497e+12,5,1.66497e+14,16649670105,NA,NA,1,NA,NA,2,1,42,1,42101,"101_110",4210160000,42101036900,1018,"6:30",5,NA,NA,NA,"8:30","","","","17:00",14,5,NA,NA,NA,NA,NA,NA,NA,NA,NA,NA,NA,NA,NA,NA,NA,NA,NA,NA,NA,NA,NA,NA,NA,NA,NA,NA,NA,NA,NA,NA,4,1,42,1,42101,"101_110",4210160000,42101036900,1018,1.15,0,6.263009,0.127952,101.2250258,17,0,1020,3,"6/5/2013","",0,-75.1957094473416,39.9494354858208,-75.1957094473416,39.9494354858208,"POINT (-75.195709 39.949435)","POINT (-75.195709 39.949435)"
86431,1664967,1,166496701,64.63729006,88.02176159,1,NA,1.66497e+12,6,1.66497e+14,16649670106,NA,NA,1,NA,NA,4,1,42,1,42101,"101_110",4210160000,42101036900,1018,"17:00",96,NA,NA,NA,"0:00","","","","17:30",21,5,NA,NA,NA,NA,NA,NA,NA,NA,NA,NA,NA,NA,NA,NA,NA,NA,NA,NA,NA,NA,NA,NA,NA,NA,NA,NA,NA,NA,NA,NA,4,1,42,1,42101,"101_114",4210160000,42101030200,1610,1.15,40,44.559262,9.900803,101.2250258,17,30,1050,3,"6/5/2013","",0,-75.1957094473416,39.9494354858208,-75.0798260530761,40.0248633027149,"POINT (-75.195709 39.949435)","POINT (-75.079826 40.024863)"
86432,1664967,1,166496701,64.63729006,88.02176159,1,NA,1.66497e+12,7,1.66497e+14,16649670107,NA,NA,1,NA,NA,4,1,42,1,42101,"101_114",4210160000,42101030200,1610,"18:10",96,NA,NA,NA,"0:00","","","","18:30",14,5,NA,NA,NA,NA,NA,NA,NA,NA,NA,NA,NA,NA,NA,NA,NA,NA,NA,NA,NA,NA,NA,NA,NA,NA,NA,NA,NA,NA,NA,NA,1,1,42,1,42101,"101_114",4210160000,42101031300,1619,1.15,15,14.601377,1.468295,101.2250258,18,30,1110,3,"6/5/2013","",0,-75.0798260530761,40.0248633027149,-75.0675318693472,40.0381003553224,"POINT (-75.079826 40.024863)","POINT (-75.067532 40.038100)"
86434,1665214,1,166521401,317.8695646,280.9838329,1,NA,1.66521e+12,1,1.66521e+14,16652140101,NA,NA,3,0,2,4,1,42,1,42101,"101_112",4210160000,42101980700,823,"",8,NA,NA,NA,"0:00","","","","13:50",14,5,NA,NA,NA,NA,NA,NA,NA,NA,NA,NA,NA,NA,NA,NA,NA,NA,NA,NA,NA,NA,NA,NA,NA,NA,NA,NA,NA,NA,NA,NA,1,1,42,1,42101,"101_112",4210160000,42101003200,840,1.17,40,20.783989,2.408038,328.7510845,13,50,830,1,"6/3/2013","",0,-75.1410924621013,39.9257396921949,-75.1829342839572,39.9329910377486,"POINT (-75.141092 39.925740)","POINT (-75.182934 39.932991)"
86495,1668957,1,166895701,54.94372183,97.78797719,2,NA,1.66896e+12,4,1.66896e+14,16689570104,NA,NA,2,NA,NA,4,1,42,1,42101,"101_103",4210160000,42101001201,26,"15:30",14,NA,NA,NA,"1:30","","","","17:15",14,5,NA,NA,NA,NA,NA,NA,NA,NA,NA,NA,NA,NA,NA,NA,NA,NA,NA,NA,NA,NA,NA,NA,NA,NA,NA,NA,NA,NA,NA,NA,1,1,42,1,42101,"101_112",4210160000,42101002500,842,1.15,35,21.95929,2.103256,112.4561738,17,15,1035,4,"7/25/2013","",0,-75.1766032234225,39.9460189303461,-75.1498041127206,39.934304016358,"POINT (-75.176603 39.946019)","POINT (-75.149804 39.934304)"
86545,1670403,2,167040302,339.3151229,211.2519809,1,NA,1.6704e+12,2,1.6704e+14,16704030202,NA,NA,3,NA,NA,2,1,42,1,42101,"101_103",4210160000,42101000600,56,"6:00",11,19,5,NA,"0:00","","","","16:30",14,5,NA,NA,NA,NA,NA,NA,NA,NA,NA,NA,NA,NA,NA,NA,NA,NA,NA,NA,NA,NA,NA,NA,NA,NA,NA,NA,NA,NA,NA,NA,1,1,42,1,42101,"101_118",4210160000,42101033300,2809,1.17,60,45.626261,11.249819,247.1648177,16,30,990,4,"7/25/2013","",0,-75.1580149724927,39.9493530835764,-75.0440576064122,40.055019358023,"POINT (-75.158015 39.949353)","POINT (-75.044058 40.055019)"
86547,1671032,1,167103201,285.3420172,151.786933,1,NA,1.67103e+12,1,1.67103e+14,16710320101,NA,NA,3,1,2,2,1,42,1,42101,"101_112",4210160000,42101003100,838,"",1,NA,NA,NA,"3:00","","","","6:10",14,5,NA,NA,NA,NA,NA,NA,NA,NA,NA,NA,NA,NA,NA,NA,NA,NA,NA,NA,NA,NA,NA,NA,NA,NA,NA,NA,NA,NA,NA,NA,2,1,42,1,42101,"101_106",4210160000,42101012000,2212,1.17,70,40.718934,8.550879,177.5907117,6,10,370,1,"7/22/2013","",0,-75.1779589729157,39.9323508816088,-75.2297477143439,39.9955405987823,"POINT (-75.177959 39.932351)","POINT (-75.229748 39.995541)"
86548,1671032,1,167103201,285.3420172,151.786933,1,NA,1.67103e+12,2,1.67103e+14,16710320102,NA,NA,3,NA,NA,2,1,42,1,42101,"101_106",4210160000,42101012000,2212,"7:20",5,NA,NA,NA,"8:10","","","","15:45",14,5,NA,NA,NA,NA,NA,NA,NA,NA,NA,NA,NA,NA,NA,NA,NA,NA,NA,NA,NA,NA,NA,NA,NA,NA,NA,NA,NA,NA,NA,NA,1,1,42,1,42101,"101_112",4210160000,42101003100,838,1.17,77,43.608641,8.530826,177.5907117,15,45,945,1,"7/22/2013","",0,-75.2297477143439,39.9955405987823,-75.1779589729157,39.9323508816088,"POINT (-75.229748 39.995541)","POINT (-75.177959 39.932351)"
86588,1674151,1,167415101,228.5733628,206.5497828,1,NA,1.67415e+12,1,1.67415e+14,16741510101,NA,NA,1,1,2,1,1,42,1,42101,"101_112",4210160000,42101002702,824,"",1,NA,NA,NA,"0:00","","","","8:00",21,5,NA,NA,NA,NA,NA,NA,NA,NA,NA,NA,NA,NA,NA,NA,NA,NA,NA,NA,NA,NA,NA,NA,NA,NA,NA,NA,NA,NA,NA,NA,2,1,42,1,42101,"101_103",4210160000,42101000401,102,1.17,30,33.307496,3.719304,241.6632459,8,0,480,2,"6/11/2013","",0,-75.1499787429165,39.9261869529317,-75.173930383129,39.954707841715,"POINT (-75.149979 39.926187)","POINT (-75.173930 39.954708)"
86589,1674151,1,167415101,228.5733628,206.5497828,1,NA,1.67415e+12,2,1.67415e+14,16741510102,NA,NA,1,NA,NA,2,1,42,1,42101,"101_103",4210160000,42101000401,102,"8:30",5,NA,NA,NA,"0:00","","","","17:00",21,5,NA,NA,NA,NA,NA,NA,NA,NA,NA,NA,NA,NA,NA,NA,NA,NA,NA,NA,NA,NA,NA,NA,NA,NA,NA,NA,NA,NA,NA,NA,1,1,42,1,42101,"101_112",4210160000,42101002702,824,1.17,35,32.257805,3.755454,241.6632459,17,0,1020,2,"6/11/2013","",0,-75.173930383129,39.954707841715,-75.1499787429165,39.9261869529317,"POINT (-75.173930 39.954708)","POINT (-75.149979 39.926187)"
86599,1675346,2,167534602,82.15060889,90.59440523,1,NA,1.67535e+12,1,1.67535e+14,16753460201,NA,NA,1,7,2,1,1,42,1,42101,"101_103",4210160000,42101000200,108,"",1,NA,NA,NA,"5:20","","","","8:20",14,5,NA,NA,NA,NA,NA,NA,NA,NA,NA,NA,NA,NA,NA,NA,NA,NA,NA,NA,NA,NA,NA,NA,NA,NA,NA,NA,NA,NA,NA,NA,4,1,42,1,42101,"101_110",4210160000,42101009100,1037,1.15,30,24.772787,2.856104,104.183566,8,20,500,4,"6/13/2013","",0,-75.1560983260195,39.9553691545034,-75.1977262540913,39.9594259908695,"POINT (-75.156098 39.955369)","POINT (-75.197726 39.959426)"
86606,1675346,2,167534602,82.15060889,90.59440523,1,NA,1.67535e+12,8,1.67535e+14,16753460208,NA,NA,1,NA,NA,4,1,42,1,42101,"101_110",4210160000,42101008801,1028,"17:07",11,NA,NA,NA,"1:58","","","","19:05",21,5,NA,NA,NA,NA,NA,NA,NA,NA,NA,NA,NA,NA,NA,NA,NA,NA,NA,NA,NA,NA,NA,NA,NA,NA,NA,NA,NA,NA,NA,NA,1,1,42,1,42101,"101_103",4210160000,42101000200,108,1.15,30,23.606578,2.516028,104.183566,19,5,1145,4,"6/13/2013","",0,-75.1984494658686,39.9539400028283,-75.1560983260195,39.9553691545034,"POINT (-75.198449 39.953940)","POINT (-75.156098 39.955369)"
86666,1682901,2,168290102,241.0657288,81.21751476,1,NA,1.6829e+12,1,1.6829e+14,16829010201,NA,NA,1,3,2,1,1,42,1,42045,"045_203",4204579000,42045400700,4451,"",1,NA,NA,NA,"5:00","","","","8:00",21,5,NA,NA,NA,NA,NA,NA,NA,NA,NA,NA,NA,NA,NA,NA,NA,NA,NA,NA,NA,NA,NA,NA,NA,NA,NA,NA,NA,NA,NA,NA,2,1,42,1,42101,"101_110",4210160000,42101036900,1030,1.12,45,33.454409,5.125081,90.96361653,8,0,480,4,"6/20/2013","",0,-75.2783533552924,39.9575793577259,-75.1941152941134,39.9546263068532,"POINT (-75.278353 39.957579)","POINT (-75.194115 39.954626)"
86674,1683750,1,168375001,305.7923578,119.3711412,1,NA,1.68375e+12,1,1.68375e+14,16837500101,NA,NA,2,1,2,1,1,42,1,42101,"101_101",4210160000,42101020000,1415,"",1,NA,NA,NA,"8:00","","","","11:00",14,5,NA,NA,NA,NA,NA,NA,NA,NA,NA,NA,NA,NA,NA,NA,NA,NA,NA,NA,NA,NA,NA,NA,NA,NA,NA,NA,NA,NA,NA,NA,4,3,42,1,42101,"101_118",4210160000,42101980200,2817,1.17,30,53.074882,9.469142,139.6642352,11,0,660,5,"6/21/2013","",0,-75.1509013014001,40.0025369261947,-75.0490199739364,40.069819370287,"POINT (-75.150901 40.002537)","POINT (-75.049020 40.069819)"
86675,1683750,1,168375001,305.7923578,119.3711412,1,NA,1.68375e+12,2,1.68375e+14,16837500102,NA,NA,2,NA,NA,4,3,42,1,42101,"101_118",4210160000,42101980200,2817,"11:30",13,NA,NA,NA,"5:30","","","","17:00",14,5,NA,NA,NA,NA,NA,NA,NA,NA,NA,NA,NA,NA,NA,NA,NA,NA,NA,NA,NA,NA,NA,NA,NA,NA,NA,NA,NA,NA,NA,NA,1,1,42,1,42101,"101_101",4210160000,42101020000,1415,1.17,60,50.271491,8.812116,139.6642352,17,0,1020,5,"6/21/2013","",0,-75.0490199739364,40.069819370287,-75.1509013014001,40.0025369261947,"POINT (-75.049020 40.069819)","POINT (-75.150901 40.002537)"
86711,1684235,1,168423501,523.3161202,179.2111727,2,NA,1.68424e+12,3,1.68424e+14,16842350103,NA,NA,2,1,NA,1,1,42,1,42101,"101_115",4210160000,42101026400,2637,"11:27",1,NA,NA,NA,"0:13","","","","11:40",21,5,NA,NA,NA,NA,NA,NA,NA,NA,NA,NA,NA,NA,NA,NA,NA,NA,NA,NA,NA,NA,NA,NA,NA,NA,NA,NA,NA,NA,NA,NA,4,1,42,1,42101,"101_103",4210160000,42101000700,60,1.17,30,47.891438,9.276705,209.6770721,11,40,700,5,"6/21/2013","",0,-75.164306407762,40.0640308089852,-75.1673585815214,39.9505151310837,"POINT (-75.164306 40.064031)","POINT (-75.167359 39.950515)"
86712,1684235,1,168423501,523.3161202,179.2111727,2,NA,1.68424e+12,4,1.68424e+14,16842350104,NA,NA,2,NA,NA,4,1,42,1,42101,"101_103",4210160000,42101000700,60,"12:10",6,NA,NA,NA,"0:05","","","","12:15",21,5,NA,NA,NA,NA,NA,NA,NA,NA,NA,NA,NA,NA,NA,NA,NA,NA,NA,NA,NA,NA,NA,NA,NA,NA,NA,NA,NA,NA,NA,NA,1,1,42,1,42101,"101_115",4210160000,42101026400,2637,1.17,23,44.706533,9.24795,209.6770721,12,15,735,5,"6/21/2013","",0,-75.1673585815214,39.9505151310837,-75.164306407762,40.0640308089852,"POINT (-75.167359 39.950515)","POINT (-75.164306 40.064031)"
86724,1685043,3,168504303,257.9429879,227.5756927,1,NA,1.68504e+12,1,1.68504e+14,16850430301,NA,NA,1,1,2,1,1,42,1,42101,"101_102",4210160000,42101005500,2012,"",1,NA,NA,NA,"11:10","","","","14:10",14,5,NA,NA,NA,NA,NA,NA,NA,NA,NA,NA,NA,NA,NA,NA,NA,NA,NA,NA,NA,NA,NA,NA,NA,NA,NA,NA,NA,NA,NA,NA,4,1,42,1,42101,"101_110",4210160000,42101036900,1030,1.17,38,30.103433,4.583365,266.2635604,14,10,850,2,"6/18/2013","",0,-75.2470254533281,39.9098598374513,-75.1941152941134,39.9546263068532,"POINT (-75.247025 39.909860)","POINT (-75.194115 39.954626)"
86725,1685043,3,168504303,257.9429879,227.5756927,1,NA,1.68504e+12,2,1.68504e+14,16850430302,NA,NA,1,NA,NA,4,1,42,1,42101,"101_110",4210160000,42101036900,1030,"14:48",5,NA,NA,NA,"7:30","","","","22:36",14,5,NA,NA,NA,NA,NA,NA,NA,NA,NA,NA,NA,NA,NA,NA,NA,NA,NA,NA,NA,NA,NA,NA,NA,NA,NA,NA,NA,NA,NA,NA,1,1,42,1,42101,"101_102",4210160000,42101005500,2012,1.17,54,28.351852,4.633967,266.2635604,22,36,1356,2,"6/18/2013","",0,-75.1941152941134,39.9546263068532,-75.2470254533281,39.9098598374513,"POINT (-75.194115 39.954626)","POINT (-75.247025 39.909860)"
86795,1688639,1,168863901,809.3531267,234.4819533,1,NA,1.68864e+12,1,1.68864e+14,16886390101,NA,NA,2,2,2,1,1,42,1,42101,"101_108",4210160000,42101021500,3211,"",1,12,NA,NA,"0:00","","","","10:20",14,5,NA,NA,NA,NA,NA,NA,NA,NA,NA,NA,NA,NA,NA,NA,NA,NA,NA,NA,NA,NA,NA,NA,NA,NA,NA,NA,NA,NA,NA,NA,4,1,42,1,42101,"101_108",4210160000,42101021600,3214,1.17,16,14.2,0.701528,274.3438854,10,20,620,2,"6/25/2013","",0,-75.2306181788506,40.0331480094283,-75.2387234054179,40.0409946008438,"POINT (-75.230618 40.033148)","POINT (-75.238723 40.040995)"
86797,1688639,1,168863901,809.3531267,234.4819533,1,NA,1.68864e+12,3,1.68864e+14,16886390103,NA,NA,2,NA,NA,4,1,42,1,42101,"101_103",4210160000,42101000500,88,"12:00",8,NA,NA,NA,"0:00","","","","12:20",14,5,NA,NA,NA,NA,NA,NA,NA,NA,NA,NA,NA,NA,NA,NA,NA,NA,NA,NA,NA,NA,NA,NA,NA,NA,NA,NA,NA,NA,NA,NA,1,1,42,1,42101,"101_108",4210160000,42101021500,3211,1.17,55,31.267485,8.995762,274.3438854,12,20,740,2,"6/25/2013","",0,-75.1541388337345,39.9522458625874,-75.2306181788506,40.0331480094283,"POINT (-75.154139 39.952246)","POINT (-75.230618 40.033148)"
86799,1688639,2,168863902,809.3531267,154.3689091,1,NA,1.68864e+12,1,1.68864e+14,16886390201,NA,NA,2,1,2,1,1,42,1,42101,"101_108",4210160000,42101021500,3211,"",1,NA,NA,NA,"0:00","","","","7:45",14,5,NA,NA,NA,NA,NA,NA,NA,NA,NA,NA,NA,NA,NA,NA,NA,NA,NA,NA,NA,NA,NA,NA,NA,NA,NA,NA,NA,NA,NA,NA,4,1,42,1,42101,"101_103",4210160000,42101000402,76,1.17,45,30.691473,8.976476,180.6116236,7,45,465,2,"6/25/2013","",0,-75.2306181788506,40.0331480094283,-75.1662257986882,39.9519342771783,"POINT (-75.230618 40.033148)","POINT (-75.166226 39.951934)"
86800,1688639,2,168863902,809.3531267,154.3689091,1,NA,1.68864e+12,2,1.68864e+14,16886390202,NA,NA,2,NA,NA,4,1,42,1,42101,"101_103",4210160000,42101000402,76,"8:30",16,NA,NA,NA,"0:00","","","","9:15",14,5,NA,NA,NA,NA,NA,NA,NA,NA,NA,NA,NA,NA,NA,NA,NA,NA,NA,NA,NA,NA,NA,NA,NA,NA,NA,NA,NA,NA,NA,NA,1,1,42,1,42101,"101_108",4210160000,42101021500,3211,1.17,30,30.790388,9.137058,180.6116236,9,15,555,2,"6/25/2013","",0,-75.1662257986882,39.9519342771783,-75.2306181788506,40.0331480094283,"POINT (-75.166226 39.951934)","POINT (-75.230618 40.033148)"
86810,1689910,1,168991001,425.8908646,154.2392475,1,NA,1.68991e+12,2,1.68991e+14,16899100102,NA,NA,2,NA,NA,4,1,42,1,42101,"101_103",4210160000,42101012500,133,"9999",6,NA,NA,NA,"0:00","","","","13:52",14,5,NA,NA,NA,NA,NA,NA,NA,NA,NA,NA,NA,NA,NA,NA,NA,NA,NA,NA,NA,NA,NA,NA,NA,NA,NA,NA,NA,NA,NA,NA,4,1,42,1,42101,"101_103",4210160000,42101000402,80,1.17,6,8.479594,0.521419,180.4599195,13,52,832,1,"6/24/2013","",0,-75.1673759243643,39.9592890487195,-75.1677276497158,39.9525760413027,"POINT (-75.167376 39.959289)","POINT (-75.167728 39.952576)"
86811,1689910,1,168991001,425.8908646,154.2392475,1,NA,1.68991e+12,3,1.68991e+14,16899100103,NA,NA,2,NA,NA,4,1,42,1,42101,"101_103",4210160000,42101000402,80,"13:58",6,NA,NA,NA,"0:10","","","","14:10",14,5,NA,NA,NA,NA,NA,NA,NA,NA,NA,NA,NA,NA,NA,NA,NA,NA,NA,NA,NA,NA,NA,NA,NA,NA,NA,NA,NA,NA,NA,NA,4,1,42,1,42101,"101_103",4210160000,42101000500,90,1.17,6,9.601632,0.587552,180.4599195,14,10,850,1,"6/24/2013","",0,-75.1677276497158,39.9525760413027,-75.1588750233838,39.9528401835985,"POINT (-75.167728 39.952576)","POINT (-75.158875 39.952840)"
86812,1689910,1,168991001,425.8908646,154.2392475,1,NA,1.68991e+12,4,1.68991e+14,16899100104,NA,NA,2,NA,NA,4,1,42,1,42101,"101_103",4210160000,42101000500,90,"14:16",11,8,NA,NA,"0:10","0:32","","","14:58",14,5,NA,NA,NA,NA,NA,NA,NA,NA,NA,NA,NA,NA,NA,NA,NA,NA,NA,NA,NA,NA,NA,NA,NA,NA,NA,NA,NA,NA,NA,NA,1,1,42,1,42101,"101_103",4210160000,42101012500,133,1.17,44,14.534995,0.831966,180.4599195,14,58,898,1,"6/24/2013","",0,-75.1588750233838,39.9528401835985,-75.1673759243643,39.9592890487195,"POINT (-75.158875 39.952840)","POINT (-75.167376 39.959289)"
86815,1689910,2,168991002,425.8908646,234.2040372,1,NA,1.68991e+12,2,1.68991e+14,16899100202,NA,NA,2,NA,NA,4,1,42,1,42101,"101_103",4210160000,42101012500,133,"13:40",6,NA,NA,NA,"0:05","","","","13:45",14,5,NA,NA,NA,NA,NA,NA,NA,NA,NA,NA,NA,NA,NA,NA,NA,NA,NA,NA,NA,NA,NA,NA,NA,NA,NA,NA,NA,NA,NA,NA,4,1,42,1,42101,"101_112",4210160000,42101980700,823,1.17,15,38.644684,4.725052,274.0187236,13,45,825,1,"6/24/2013","",0,-75.1673759243643,39.9592890487195,-75.1410924621013,39.9257396921949,"POINT (-75.167376 39.959289)","POINT (-75.141092 39.925740)"
86816,1689910,2,168991002,425.8908646,234.2040372,1,NA,1.68991e+12,3,1.68991e+14,16899100203,NA,NA,2,NA,NA,4,1,42,1,42101,"101_112",4210160000,42101980700,823,"14:00",6,NA,NA,NA,"0:10","","","","14:10",14,5,NA,NA,NA,NA,NA,NA,NA,NA,NA,NA,NA,NA,NA,NA,NA,NA,NA,NA,NA,NA,NA,NA,NA,NA,NA,NA,NA,NA,NA,NA,4,3,42,1,42101,"101_112",4210160000,42101980700,809,1.17,5,11.227439,0.925005,274.0187236,14,10,850,1,"6/24/2013","",0,-75.1410924621013,39.9257396921949,-75.1424353043086,39.9181642204268,"POINT (-75.141092 39.925740)","POINT (-75.142435 39.918164)"
86817,1689910,2,168991002,425.8908646,234.2040372,1,NA,1.68991e+12,4,1.68991e+14,16899100204,NA,NA,2,NA,NA,4,3,42,1,42101,"101_112",4210160000,42101980700,809,"14:15",8,NA,NA,NA,"0:01","","","","14:16",14,5,NA,NA,NA,NA,NA,NA,NA,NA,NA,NA,NA,NA,NA,NA,NA,NA,NA,NA,NA,NA,NA,NA,NA,NA,NA,NA,NA,NA,NA,NA,1,1,42,1,42101,"101_103",4210160000,42101012500,133,1.17,8,37.955536,5.161224,274.0187236,14,16,856,1,"6/24/2013","",0,-75.1424353043086,39.9181642204268,-75.1673759243643,39.9592890487195,"POINT (-75.142435 39.918164)","POINT (-75.167376 39.959289)"
86819,1691546,1,169154601,569.1473318,402.0774914,1,NA,1.69155e+12,1,1.69155e+14,16915460101,NA,NA,1,3,2,1,1,42,1,42101,"101_112",4210160000,42101002300,844,"",1,NA,NA,NA,"3:10","","","","8:50",14,5,NA,NA,NA,NA,NA,NA,NA,NA,NA,NA,NA,NA,NA,NA,NA,NA,NA,NA,NA,NA,NA,NA,NA,NA,NA,NA,NA,NA,NA,NA,2,1,42,1,42101,"101_103",4210160000,42101000600,54,1.17,31,18.644372,1.419581,470.430665,8,50,530,3,"6/26/2013","",0,-75.1629816913276,39.9348297671495,-75.1540803782248,39.9488624668665,"POINT (-75.162982 39.934830)","POINT (-75.154080 39.948862)"
86821,1691546,1,169154601,569.1473318,402.0774914,1,NA,1.69155e+12,3,1.69155e+14,16915460103,NA,NA,1,NA,NA,4,1,42,1,42101,"101_103",4210160000,42101000600,54,"18:12",96,NA,NA,NA,"0:00","","","","18:22",14,5,NA,NA,NA,NA,NA,NA,NA,NA,NA,NA,NA,NA,NA,NA,NA,NA,NA,NA,NA,NA,NA,NA,NA,NA,NA,NA,NA,NA,NA,NA,4,1,42,1,42101,"101_103",4210160000,42101000600,57,1.17,2,7.050825,0.438356,470.430665,18,22,1102,3,"6/26/2013","",0,-75.1540803782248,39.9488624668665,-75.1603747972298,39.949646258079,"POINT (-75.154080 39.948862)","POINT (-75.160375 39.949646)"
86824,1691546,2,169154602,569.1473318,264.7639273,1,NA,1.69155e+12,1,1.69155e+14,16915460201,NA,NA,2,1,2,1,1,42,1,42101,"101_112",4210160000,42101002300,844,"",1,NA,NA,NA,"10:40","","","","15:35",14,5,NA,NA,NA,NA,NA,NA,NA,NA,NA,NA,NA,NA,NA,NA,NA,NA,NA,NA,NA,NA,NA,NA,NA,NA,NA,NA,NA,NA,NA,NA,4,1,42,1,42101,"101_112",4210160000,42101003901,822,1.17,20,16.189527,1.203706,309.773795,15,35,935,3,"6/26/2013","",0,-75.1629816913276,39.9348297671495,-75.1727947008017,39.9254003368501,"POINT (-75.162982 39.934830)","POINT (-75.172795 39.925400)"
86825,1691546,2,169154602,569.1473318,264.7639273,1,NA,1.69155e+12,2,1.69155e+14,16915460202,NA,NA,2,NA,NA,4,1,42,1,42101,"101_112",4210160000,42101003901,822,"15:55",96,NA,NA,NA,"1:20","","","","17:15",14,5,NA,NA,NA,NA,NA,NA,NA,NA,NA,NA,NA,NA,NA,NA,NA,NA,NA,NA,NA,NA,NA,NA,NA,NA,NA,NA,NA,NA,NA,NA,1,1,42,1,42101,"101_112",4210160000,42101002300,844,1.17,23,15.312098,1.293207,309.773795,17,15,1035,3,"6/26/2013","",0,-75.1727947008017,39.9254003368501,-75.1629816913276,39.9348297671495,"POINT (-75.172795 39.925400)","POINT (-75.162982 39.934830)"
86827,1691546,3,169154603,569.1473318,343.6519031,1,NA,1.69155e+12,1,1.69155e+14,16915460301,NA,NA,2,1,2,1,1,42,1,42101,"101_112",4210160000,42101002300,844,"",1,NA,NA,NA,"5:10","","","","15:35",14,5,NA,NA,NA,NA,NA,NA,NA,NA,NA,NA,NA,NA,NA,NA,NA,NA,NA,NA,NA,NA,NA,NA,NA,NA,NA,NA,NA,NA,NA,NA,4,1,42,1,42101,"101_112",4210160000,42101003901,822,1.17,20,16.189527,1.203706,402.0727266,15,35,935,3,"6/26/2013","",0,-75.1629816913276,39.9348297671495,-75.1727947008017,39.9254003368501,"POINT (-75.162982 39.934830)","POINT (-75.172795 39.925400)"
86828,1691546,3,169154603,569.1473318,343.6519031,1,NA,1.69155e+12,2,1.69155e+14,16915460302,NA,NA,2,NA,NA,4,1,42,1,42101,"101_112",4210160000,42101003901,822,"15:55",96,NA,NA,NA,"1:20","","","","17:15",14,5,NA,NA,NA,NA,NA,NA,NA,NA,NA,NA,NA,NA,NA,NA,NA,NA,NA,NA,NA,NA,NA,NA,NA,NA,NA,NA,NA,NA,NA,NA,1,1,42,1,42101,"101_112",4210160000,42101002300,844,1.17,23,15.312098,1.293207,402.0727266,17,15,1035,3,"6/26/2013","",0,-75.1727947008017,39.9254003368501,-75.1629816913276,39.9348297671495,"POINT (-75.172795 39.925400)","POINT (-75.162982 39.934830)"
86840,1691830,3,169183003,860.4556576,259.8194221,1,NA,1.69183e+12,1,1.69183e+14,16918300301,NA,NA,3,1,2,2,1,42,1,42101,"101_111",4210160000,42101008400,1213,"",1,NA,NA,NA,"0:00","","","","14:30",14,5,NA,NA,NA,NA,NA,NA,NA,NA,NA,NA,NA,NA,NA,NA,NA,NA,NA,NA,NA,NA,NA,NA,NA,NA,NA,NA,NA,NA,NA,NA,2,1,42,1,42091,"091_413",4209161664,42091204008,12407,1.17,90,71.077815,19.291853,303.9887239,14,30,870,2,"6/25/2013","",0,-75.2354698649569,39.9579979858569,-75.3054031466246,40.0948116936931,"POINT (-75.235470 39.957998)","POINT (-75.305403 40.094812)"
86841,1691830,3,169183003,860.4556576,259.8194221,1,NA,1.69183e+12,2,1.69183e+14,16918300302,NA,NA,3,NA,NA,2,1,42,1,42091,"091_413",4209161664,42091204008,12407,"16:00",5,NA,NA,NA,"4:00","","","","21:00",14,5,NA,NA,NA,NA,NA,NA,NA,NA,NA,NA,NA,NA,NA,NA,NA,NA,NA,NA,NA,NA,NA,NA,NA,NA,NA,NA,NA,NA,NA,NA,1,1,42,1,42101,"101_111",4210160000,42101008400,1213,1.17,120,78.325737,19.994484,303.9887239,21,0,1260,2,"6/25/2013","",0,-75.3054031466246,40.0948116936931,-75.2354698649569,39.9579979858569,"POINT (-75.305403 40.094812)","POINT (-75.235470 39.957998)"
86911,1698237,1,169823701,382.3176466,405.3094444,1,NA,1.69824e+12,1,1.69824e+14,16982370101,NA,NA,2,1,2,1,1,42,1,42101,"101_112",4210160000,42101037200,804,"",1,NA,NA,NA,"0:00","","","","6:50",14,5,NA,NA,NA,NA,NA,NA,NA,NA,NA,NA,NA,NA,NA,NA,NA,NA,NA,NA,NA,NA,NA,NA,NA,NA,NA,NA,NA,NA,NA,NA,4,1,42,1,42101,"101_103",4210160000,42101000401,103,1.17,40,30.040523,3.669868,474.21205,6,50,410,5,"6/28/2013","",0,-75.1661003080911,39.9138576581668,-75.177201361549,39.9550054347417,"POINT (-75.166100 39.913858)","POINT (-75.177201 39.955005)"
86912,1698237,1,169823701,382.3176466,405.3094444,1,NA,1.69824e+12,2,1.69824e+14,16982370102,NA,NA,2,NA,NA,4,1,42,1,42101,"101_103",4210160000,42101000401,103,"7:30",13,NA,NA,NA,"0:00","","","","13:15",14,5,NA,NA,NA,NA,NA,NA,NA,NA,NA,NA,NA,NA,NA,NA,NA,NA,NA,NA,NA,NA,NA,NA,NA,NA,NA,NA,NA,NA,NA,NA,1,1,42,1,42101,"101_112",4210160000,42101037200,804,1.17,60,29.265591,3.603639,474.21205,13,15,795,5,"6/28/2013","",0,-75.177201361549,39.9550054347417,-75.1661003080911,39.9138576581668,"POINT (-75.177201 39.955005)","POINT (-75.166100 39.913858)"
86954,1700698,1,170069801,826.4858381,98.1628569,1,NA,1.7007e+12,3,1.7007e+14,17006980103,NA,NA,2,NA,NA,4,1,42,1,42101,"101_104",4210160000,42101031502,3026,"18:05",6,NA,NA,NA,"0:00","","","","19:50",14,5,NA,NA,NA,NA,NA,NA,NA,NA,NA,NA,NA,NA,NA,NA,NA,NA,NA,NA,NA,NA,NA,NA,NA,NA,NA,NA,NA,NA,NA,NA,1,1,42,1,42101,"101_109",4210160000,42101018400,626,1.17,0,26.982511,3.702851,114.8505426,19,50,1190,5,"7/26/2013","",0,-75.0548710138514,40.0392738731303,-75.064739389944,39.9987906700722,"POINT (-75.054871 40.039274)","POINT (-75.064739 39.998791)"
86991,1703952,3,170395203,933.5652095,274.1814214,1,NA,1.70395e+12,1,1.70395e+14,17039520301,NA,NA,1,1,2,1,1,42,1,42101,"101_110",4210160000,42101007200,1010,"",1,NA,NA,NA,"6:00","","","","9:45",14,5,NA,NA,NA,NA,NA,NA,NA,NA,NA,NA,NA,NA,NA,NA,NA,NA,NA,NA,NA,NA,NA,NA,NA,NA,NA,NA,NA,NA,NA,NA,2,1,42,1,42101,"101_102",4210160000,42101006600,2023,1.17,15,17.509704,1.577599,320.7922631,9,45,585,4,"7/25/2013","",0,-75.2322110900897,39.9433969244803,-75.2298442421393,39.9293235759694,"POINT (-75.232211 39.943397)","POINT (-75.229844 39.929324)"
86993,1703952,3,170395203,933.5652095,274.1814214,2,NA,1.70395e+12,3,1.70395e+14,17039520303,NA,NA,1,1,NA,1,1,42,1,42101,"101_110",4210160000,42101007200,1010,"16:30",1,NA,NA,NA,"0:30","","","","17:00",14,5,NA,NA,NA,NA,NA,NA,NA,NA,NA,NA,NA,NA,NA,NA,NA,NA,NA,NA,NA,NA,NA,NA,NA,NA,NA,NA,NA,NA,NA,NA,4,1,42,1,42101,"101_103",4210160000,42101000500,73,1.17,60,30.021338,3.985425,320.7922631,17,0,1020,4,"7/25/2013","",0,-75.2322110900897,39.9433969244803,-75.1625826795934,39.9513495936779,"POINT (-75.232211 39.943397)","POINT (-75.162583 39.951350)"
86994,1703952,3,170395203,933.5652095,274.1814214,2,NA,1.70395e+12,4,1.70395e+14,17039520304,NA,NA,1,NA,NA,4,1,42,1,42101,"101_103",4210160000,42101000500,73,"18:00",5,NA,NA,NA,"3:00","","","","21:00",14,5,NA,NA,NA,NA,NA,NA,NA,NA,NA,NA,NA,NA,NA,NA,NA,NA,NA,NA,NA,NA,NA,NA,NA,NA,NA,NA,NA,NA,NA,NA,1,1,42,1,42101,"101_110",4210160000,42101007200,1010,1.17,60,27.726097,4.03214,320.7922631,21,0,1260,4,"7/25/2013","",0,-75.1625826795934,39.9513495936779,-75.2322110900897,39.9433969244803,"POINT (-75.162583 39.951350)","POINT (-75.232211 39.943397)"
87018,1706446,1,170644601,259.017214,95.35223938,2,NA,1.70645e+12,5,1.70645e+14,17064460105,NA,NA,2,NA,NA,4,1,42,1,42101,"101_103",4210160000,42101000901,41,"14:55",19,NA,NA,NA,"0:00","","","","15:00",14,5,NA,NA,NA,NA,NA,NA,NA,NA,NA,NA,NA,NA,NA,NA,NA,NA,NA,NA,NA,NA,NA,NA,NA,NA,NA,NA,NA,NA,NA,NA,4,1,42,1,42101,"101_103",4210160000,42101001001,13,1.12,10,10.910851,0.907491,106.7945081,15,0,900,2,"7/23/2013","",0,-75.1634808483634,39.9480403151119,-75.1521306030788,39.9429783145413,"POINT (-75.163481 39.948040)","POINT (-75.152131 39.942978)"
87121,1714154,1,171415401,418.3387336,96.97269408,1,NA,1.71415e+12,1,1.71415e+14,17141540101,NA,NA,2,3,2,1,1,42,1,42101,"101_103",4210160000,42101000402,101,"",1,NA,NA,NA,"11:15","","","","14:15",14,5,NA,NA,NA,NA,NA,NA,NA,NA,NA,NA,NA,NA,NA,NA,NA,NA,NA,NA,NA,NA,NA,NA,NA,NA,NA,NA,NA,NA,NA,NA,4,1,42,1,42101,"101_103",4210160000,42101000402,76,1.17,15,6.917849,0.490208,113.4580521,14,15,855,1,"8/5/2013","",0,-75.1720816011546,39.9549927124551,-75.1662257986882,39.9519342771783,"POINT (-75.172082 39.954993)","POINT (-75.166226 39.951934)"
87122,1714154,1,171415401,418.3387336,96.97269408,1,NA,1.71415e+12,2,1.71415e+14,17141540102,NA,NA,2,NA,NA,4,1,42,1,42101,"101_103",4210160000,42101000402,76,"14:30",6,NA,NA,NA,"0:10","","","","14:40",14,5,NA,NA,NA,NA,NA,NA,NA,NA,NA,NA,NA,NA,NA,NA,NA,NA,NA,NA,NA,NA,NA,NA,NA,NA,NA,NA,NA,NA,NA,NA,4,1,42,1,42101,"101_103",4210160000,42101000500,71,1.17,10,7.33113,0.502886,113.4580521,14,40,880,1,"8/5/2013","",0,-75.1662257986882,39.9519342771783,-75.1584725274299,39.950967187359,"POINT (-75.166226 39.951934)","POINT (-75.158473 39.950967)"
87123,1714154,1,171415401,418.3387336,96.97269408,1,NA,1.71415e+12,3,1.71415e+14,17141540103,NA,NA,2,NA,NA,4,1,42,1,42101,"101_103",4210160000,42101000500,71,"14:50",8,NA,NA,NA,"0:20","","","","15:10",14,5,NA,NA,NA,NA,NA,NA,NA,NA,NA,NA,NA,NA,NA,NA,NA,NA,NA,NA,NA,NA,NA,NA,NA,NA,NA,NA,NA,NA,NA,NA,4,1,42,1,42101,"101_103",4210160000,42101000100,67,1.17,15,8.103726,0.686767,113.4580521,15,10,910,1,"8/5/2013","",0,-75.1584725274299,39.950967187359,-75.1474545568906,39.9496085506464,"POINT (-75.158473 39.950967)","POINT (-75.147455 39.949609)"
87124,1714154,1,171415401,418.3387336,96.97269408,1,NA,1.71415e+12,4,1.71415e+14,17141540104,NA,NA,2,NA,NA,4,1,42,1,42101,"101_103",4210160000,42101000100,67,"15:25",8,NA,NA,NA,"0:10","","","","15:35",14,5,NA,NA,NA,NA,NA,NA,NA,NA,NA,NA,NA,NA,NA,NA,NA,NA,NA,NA,NA,NA,NA,NA,NA,NA,NA,NA,NA,NA,NA,NA,1,1,42,1,42101,"101_103",4210160000,42101000402,101,1.17,0,13.689618,1.540567,113.4580521,15,35,935,1,"8/5/2013","",0,-75.1474545568906,39.9496085506464,-75.1720816011546,39.9549927124551,"POINT (-75.147455 39.949609)","POINT (-75.172082 39.954993)"
87125,1714154,1,171415401,418.3387336,96.97269408,2,NA,1.71415e+12,5,1.71415e+14,17141540105,NA,NA,2,1,NA,1,1,42,1,42101,"101_103",4210160000,42101000402,101,"15:35",1,NA,NA,NA,"2:25","","","","18:00",14,5,NA,NA,NA,NA,NA,NA,NA,NA,NA,NA,NA,NA,NA,NA,NA,NA,NA,NA,NA,NA,NA,NA,NA,NA,NA,NA,NA,NA,NA,NA,4,1,42,1,42101,"101_103",4210160000,42101000402,79,1.17,10,4.939544,0.280221,113.4580521,18,0,1080,1,"8/5/2013","",0,-75.1720816011546,39.9549927124551,-75.1710325749335,39.9522008993665,"POINT (-75.172082 39.954993)","POINT (-75.171033 39.952201)"
87128,1714154,2,171415402,418.3387336,111.459172,1,NA,1.71415e+12,1,1.71415e+14,17141540201,NA,NA,2,1,2,1,1,42,1,42101,"101_103",4210160000,42101000402,101,"",1,NA,NA,NA,"15:00","","","","18:00",14,5,NA,NA,NA,NA,NA,NA,NA,NA,NA,NA,NA,NA,NA,NA,NA,NA,NA,NA,NA,NA,NA,NA,NA,NA,NA,NA,NA,NA,NA,NA,4,1,42,1,42101,"101_103",4210160000,42101000402,79,1.17,10,4.939544,0.280221,130.4072312,18,0,1080,1,"8/5/2013","",0,-75.1720816011546,39.9549927124551,-75.1710325749335,39.9522008993665,"POINT (-75.172082 39.954993)","POINT (-75.171033 39.952201)"
87139,1715911,1,171591101,620.5600001,144.3294824,1,NA,1.71591e+12,1,1.71591e+14,17159110101,NA,NA,1,0,2,1,1,42,1,42101,"101_103",4210160000,42101001300,9,"",5,NA,NA,NA,"7:30","","","","16:00",14,5,NA,NA,NA,NA,NA,NA,NA,NA,NA,NA,NA,NA,NA,NA,NA,NA,NA,NA,NA,NA,NA,NA,NA,NA,NA,NA,NA,NA,NA,NA,1,1,42,1,42101,"101_103",4210160000,42101001300,9,1.17,60,5.801711,0.252847,168.8654944,16,0,960,3,"8/7/2013","",0,-75.1845576169885,39.942839888606,-75.1845576169885,39.942839888606,"POINT (-75.184558 39.942840)","POINT (-75.184558 39.942840)"
87147,1717402,1,171740201,415.6976476,130.2695652,1,NA,1.7174e+12,1,1.7174e+14,17174020101,NA,NA,3,0,2,4,1,42,1,42045,"045_203",4204541440,42045401800,4423,"",18,NA,NA,NA,"0:00","","","","16:30",21,5,NA,NA,NA,NA,NA,NA,NA,NA,NA,NA,NA,NA,NA,NA,NA,NA,NA,NA,NA,NA,NA,NA,NA,NA,NA,NA,NA,NA,NA,NA,1,1,42,1,42101,"101_107",4210160000,42101016800,432,1.17,30,62.307444,10.853321,152.4153913,16,30,990,5,"8/9/2013","",0,-75.2709909238752,39.9451405536483,-75.1676557779857,39.9917901151344,"POINT (-75.270991 39.945141)","POINT (-75.167656 39.991790)"
87220,1721204,1,172120401,176.2945795,130.7998966,1,NA,1.7212e+12,2,1.7212e+14,17212040102,NA,NA,2,NA,NA,4,1,42,1,42101,"101_110",4210160000,42101009000,1036,"13:05",19,NA,NA,NA,"0:02","","","","13:07",21,5,NA,NA,NA,NA,NA,NA,NA,NA,NA,NA,NA,NA,NA,NA,NA,NA,NA,NA,NA,NA,NA,NA,NA,NA,NA,NA,NA,NA,NA,NA,4,1,42,1,42101,"101_103",4210160000,42101000402,76,1.12,10,10.026084,1.624999,146.4958842,13,7,787,2,"8/6/2013","",0,-75.1906300416804,39.958024348983,-75.1662257986882,39.9519342771783,"POINT (-75.190630 39.958024)","POINT (-75.166226 39.951934)"
87279,1725990,2,172599002,196.8145341,130.9019418,1,NA,1.72599e+12,2,1.72599e+14,17259900202,NA,NA,3,NA,NA,2,1,42,1,42101,"101_107",4210160000,42101037700,414,"8:05",5,NA,NA,NA,"8:00","","","","17:05",21,5,NA,NA,NA,NA,NA,NA,NA,NA,NA,NA,NA,NA,NA,NA,NA,NA,NA,NA,NA,NA,NA,NA,NA,NA,NA,NA,NA,NA,NA,NA,4,1,42,1,42101,"101_103",4210160000,42101000600,58,1.12,40,20.484539,2.576669,146.6101748,17,5,1025,2,"9/3/2013","",0,-75.1545851492175,39.9813757258968,-75.1630657978927,39.949981511781,"POINT (-75.154585 39.981376)","POINT (-75.163066 39.949982)"
87280,1725990,2,172599002,196.8145341,130.9019418,1,NA,1.72599e+12,3,1.72599e+14,17259900203,NA,NA,3,NA,NA,4,1,42,1,42101,"101_103",4210160000,42101000600,58,"17:45",11,12,NA,NA,"1:00","1:00","","","19:45",21,5,NA,NA,NA,NA,NA,NA,NA,NA,NA,NA,NA,NA,NA,NA,NA,NA,NA,NA,NA,NA,NA,NA,NA,NA,NA,NA,NA,NA,NA,NA,1,1,42,1,42045,"045_206",4204563264,42045409701,5052,1.12,45,49.364526,13.091982,146.6101748,19,45,1185,2,"9/3/2013","",0,-75.1630657978927,39.949981511781,-75.3492309386474,40.0388695783485,"POINT (-75.163066 39.949982)","POINT (-75.349231 40.038870)"
87317,1728295,1,172829501,278.3946039,223.2860741,1,NA,1.7283e+12,1,1.7283e+14,17282950101,NA,NA,2,1,2,1,1,42,1,42101,"101_116",4210160000,42101034801,3601,"",1,NA,NA,NA,"7:30","","","","10:30",14,5,NA,NA,NA,NA,NA,NA,NA,NA,NA,NA,NA,NA,NA,NA,NA,NA,NA,NA,NA,NA,NA,NA,NA,NA,NA,NA,NA,NA,NA,NA,4,1,42,1,42101,"101_104",4210160000,42101033101,3025,1.17,45,25.738973,2.461146,261.2447067,10,30,630,2,"9/3/2013","",0,-75.0158258461997,40.0544020678718,-75.041057350286,40.0391573349906,"POINT (-75.015826 40.054402)","POINT (-75.041057 40.039157)"
87318,1728295,1,172829501,278.3946039,223.2860741,1,NA,1.7283e+12,2,1.7283e+14,17282950102,NA,NA,2,NA,NA,4,1,42,1,42101,"101_104",4210160000,42101033101,3025,"11:15",8,NA,NA,NA,"1:45","","","","13:00",14,5,NA,NA,NA,NA,NA,NA,NA,NA,NA,NA,NA,NA,NA,NA,NA,NA,NA,NA,NA,NA,NA,NA,NA,NA,NA,NA,NA,NA,NA,NA,1,1,42,1,42101,"101_116",4210160000,42101034801,3601,1.17,30,16.729886,2.439817,261.2447067,13,0,780,2,"9/3/2013","",0,-75.041057350286,40.0391573349906,-75.0158258461997,40.0544020678718,"POINT (-75.041057 40.039157)","POINT (-75.015826 40.054402)"
87321,1728381,1,172838101,717.0269868,137.505937,1,NA,1.72838e+12,1,1.72838e+14,17283810101,NA,NA,1,1,2,1,1,42,1,42101,"101_115",4210160000,42101025900,2646,"",14,NA,NA,NA,"0:49","","","","7:50",14,5,NA,NA,NA,NA,NA,NA,NA,NA,NA,NA,NA,NA,NA,NA,NA,NA,NA,NA,NA,NA,NA,NA,NA,NA,NA,NA,NA,NA,NA,NA,2,1,42,1,42101,"101_108",4210160000,42101020600,3204,1.17,0,44.602389,6.473471,160.8819463,7,50,470,5,"9/6/2013","",0,-75.1759814802506,40.079935638324,-75.1825340802128,40.0190281586366,"POINT (-75.175981 40.079936)","POINT (-75.182534 40.019028)"
87423,1736693,1,173669301,168.7890789,166.2835719,1,NA,1.73669e+12,4,1.73669e+14,17366930104,NA,NA,1,NA,NA,4,1,42,1,42101,"101_103",4210160000,42101000500,88,"9:45",19,NA,NA,NA,"0:00","","","","9:50",14,5,NA,NA,NA,NA,NA,NA,NA,NA,NA,NA,NA,NA,NA,NA,NA,NA,NA,NA,NA,NA,NA,NA,NA,NA,NA,NA,NA,NA,NA,NA,2,1,42,1,42101,"101_103",4210160000,42101000402,98,1.12,10,10.071209,0.875137,186.2376005,9,50,590,3,"9/4/2013","",0,-75.1541388337345,39.9522458625874,-75.1672929773502,39.9544153783527,"POINT (-75.154139 39.952246)","POINT (-75.167293 39.954415)"
87428,1736693,1,173669301,168.7890789,166.2835719,1,NA,1.73669e+12,9,1.73669e+14,17366930109,NA,NA,1,NA,NA,4,1,42,1,42101,"101_103",4210160000,42101000804,43,"18:15",6,NA,NA,NA,"1:05","","","","19:20",21,5,NA,NA,NA,NA,NA,NA,NA,NA,NA,NA,NA,NA,NA,NA,NA,NA,NA,NA,NA,NA,NA,NA,NA,NA,NA,NA,NA,NA,NA,NA,1,1,42,1,42101,"101_112",4210160000,42101002300,844,1.12,25,12.173843,1.100136,186.2376005,19,20,1160,3,"9/4/2013","",0,-75.1652643007328,39.9488899960486,-75.1629816913276,39.9348297671495,"POINT (-75.165264 39.948890)","POINT (-75.162982 39.934830)"
87436,1736693,2,173669302,168.7890789,177.4717151,2,NA,1.73669e+12,7,1.73669e+14,17366930207,NA,NA,2,1,NA,1,1,42,1,42101,"101_112",4210160000,42101002300,844,"17:25",1,NA,NA,NA,"0:00","","","","18:00",14,5,NA,NA,NA,NA,NA,NA,NA,NA,NA,NA,NA,NA,NA,NA,NA,NA,NA,NA,NA,NA,NA,NA,NA,NA,NA,NA,NA,NA,NA,NA,4,1,42,1,42101,"101_103",4210160000,42101000600,58,1.12,20,14.867626,1.165452,198.7683209,18,0,1080,3,"9/4/2013","",0,-75.1629816913276,39.9348297671495,-75.1630657978927,39.949981511781,"POINT (-75.162982 39.934830)","POINT (-75.163066 39.949982)"
87437,1736693,2,173669302,168.7890789,177.4717151,2,NA,1.73669e+12,8,1.73669e+14,17366930208,NA,NA,2,NA,NA,4,1,42,1,42101,"101_103",4210160000,42101000600,58,"18:20",14,NA,NA,NA,"1:15","","","","19:45",21,5,NA,NA,NA,NA,NA,NA,NA,NA,NA,NA,NA,NA,NA,NA,NA,NA,NA,NA,NA,NA,NA,NA,NA,NA,NA,NA,NA,NA,NA,NA,1,1,42,1,42101,"101_112",4210160000,42101002300,844,1.12,25,12.84844,1.135093,198.7683209,19,45,1185,3,"9/4/2013","",0,-75.1630657978927,39.949981511781,-75.1629816913276,39.9348297671495,"POINT (-75.163066 39.949982)","POINT (-75.162982 39.934830)"
