record_id,sample,HH_ID,PERSON_NUM,mode,o_taz,d_taz,restore_average_min,cut_average_min,delta_min,TOUR_TYPE,TOUR_NUM,TRIP_NUM,O_LOC_TYPE,D_LOC_TYPE,ACTIV1,PARTY,MODE,MODE_AGG,TripFactor,CompositeWeight,P_WEIGHT,P_TOT_TRIPS,GEND,AGECAT,RACE,EDUCA,LIC,EMPLY,WK_STAT,JOBS,HOURS,OCCUP,WK_MODE,TCOMM,PARK_SUB,TRAN_SUB,STUDE,T_TRIP,TAP,HH_WEIGHT,H_COUNTY,H_TAZ,A_TYPE,HH_SIZE,HH_WORK,TOT_VEH,OP_VEH,TOT_BIKE,CAR_SHARE,RES_TYPE,INCOME,female,age_cat,age_65plus,race_cat,college_deg,has_license,employed,student,transit_trips_wk,transit_subsidy,income_k,low_income,hh_size,hh_workers,hh_vehicles,area_type,work_tour,home_based,zero_veh_hh,veh_per_adult
1079970102,"bus_subway_trolley",107997,1,"Trolley / light rail",10205,4459,69.067,69.842,0.775,2,1,2,4,4,19,NA,23,5,1.12,90.11960831,80.46393599,7,2,9,988,6,1,1,NA,98,16,29,NA,NA,NA,NA,3,0,NA,118.4558804,42029,8216,5,1,1,1,1,0,2,1,6,1,9,0,NA,1,1,1,0,0,NA,87.5,0,1,1,1,"rural",0,1,0,1
1079970104,"bus_subway_trolley",107997,1,"Subway / El",86,1021,31.777,35.577,3.8,2,1,4,4,4,6,NA,21,5,1.12,90.11960831,80.46393599,7,2,9,988,6,1,1,NA,98,16,29,NA,NA,NA,NA,3,0,NA,118.4558804,42029,8216,5,1,1,1,1,0,2,1,6,1,9,0,NA,1,1,1,0,0,NA,87.5,0,1,1,1,"rural",0,1,0,1
1094120102,"bus_subway_trolley",109412,1,"Subway / El",7401,90,NA,NA,NA,2,1,2,4,4,18,NA,21,5,1.13,93.13084402,82.41667612,7,2,10,988,6,1,2,1,NA,NA,NA,NA,NA,NA,NA,3,1,NA,193.1562522,42029,7431,5,2,0,2,2,0,2,4,99,1,10,1,NA,1,1,0,0,1,NA,NA,NA,2,0,2,"rural",0,1,0,1
1096380201,"bus_subway_trolley",109638,2,"Bus / trolleybus",4440,74,40.7,42.95,2.25,1,1,1,1,2,6,NA,14,5,1.12,91.30253569,81.52012115,2,1,9,988,2,1,2,4,NA,NA,NA,NA,NA,NA,NA,3,0,NA,123.6681131,42045,4440,4,3,1,2,2,0,2,2,7,0,9,0,NA,0,1,0,0,0,NA,125,0,3,1,2,"suburban",1,1,0,0.666666666666667
1096380202,"bus_subway_trolley",109638,2,"Bus / trolleybus",74,4440,42.175,47.3,5.125,1,1,2,2,1,5,NA,14,5,1.12,91.30253569,81.52012115,2,1,9,988,2,1,2,4,NA,NA,NA,NA,NA,NA,NA,3,0,NA,123.6681131,42045,4440,4,3,1,2,2,0,2,2,7,0,9,0,NA,0,1,0,0,0,NA,125,0,3,1,2,"suburban",1,1,0,0.666666666666667
1109990102,"bus_subway_trolley",110999,1,"Subway / El",4830,5010,NA,NA,NA,1,1,2,2,4,5,NA,21,5,1.12,128.6196118,114.8389391,4,2,8,988,6,1,1,NA,1,32,31,1,1,3,2,3,0,NA,125.5299342,42045,5014,4,2,2,2,2,1,1,1,7,1,8,0,NA,1,1,1,0,0,0,125,0,2,2,2,"suburban",1,1,0,1
1111180102,"bus_subway_trolley",111118,1,"Subway / El",10028,1040,82.705,82.383,-0.321,1,1,2,4,2,19,NA,21,5,1.17,241.9385946,206.7851236,5,2,8,988,5,1,1,NA,1,50,43,3,0,1,1,3,0,NA,211.9343458,42045,5047,3,2,1,2,2,1,2,2,5,1,8,0,NA,1,1,1,0,0,1,62.5,0,2,1,2,"urban",1,1,0,1
1111180103,"bus_subway_trolley",111118,1,"Subway / El",1040,5047,60.492,64.242,3.75,1,1,3,2,1,5,NA,21,5,1.17,241.9385946,206.7851236,5,2,8,988,5,1,1,NA,1,50,43,3,0,1,1,3,0,NA,211.9343458,42045,5047,3,2,1,2,2,1,2,2,5,1,8,0,NA,1,1,1,0,0,1,62.5,0,2,1,2,"urban",1,1,0,1
1122920103,"bus_subway_trolley",112292,1,"Subway / El",12222,11646,127.367,127.367,0,1,1,3,4,2,6,NA,21,5,1.17,256.5650341,219.286354,5,1,8,988,5,1,1,NA,1,50,15,1,0,3,2,3,0,NA,174.9047129,42091,12213,4,3,2,2,2,3,1,1,5,0,8,0,NA,1,1,1,0,0,0,62.5,0,3,2,2,"suburban",1,1,0,0.666666666666667
1143540102,"bus_subway_trolley",114354,1,"Bus / trolleybus",121,72,14.321,16.715,2.394,2,1,2,4,4,19,NA,14,5,1.17,123.5101174,105.5642029,6,2,10,988,4,1,2,1,NA,NA,NA,NA,NA,NA,NA,3,8,NA,264.8909442,42101,122,1,1,0,0,0,0,2,5,2,1,10,1,NA,0,1,0,0,8,NA,17.5,1,1,0,0,"cbd",0,1,1,0
1143540103,"bus_subway_trolley",114354,1,"Bus / trolleybus",72,88,8.6,8.35,-0.25,2,1,3,4,4,6,NA,14,5,1.17,123.5101174,105.5642029,6,2,10,988,4,1,2,1,NA,NA,NA,NA,NA,NA,NA,3,8,NA,264.8909442,42101,122,1,1,0,0,0,0,2,5,2,1,10,1,NA,0,1,0,0,8,NA,17.5,1,1,0,0,"cbd",0,1,1,0
1143540105,"bus_subway_trolley",114354,1,"Bus / trolleybus",107,121,21.308,25.983,4.675,2,1,5,4,4,19,NA,14,5,1.17,123.5101174,105.5642029,6,2,10,988,4,1,2,1,NA,NA,NA,NA,NA,NA,NA,3,8,NA,264.8909442,42101,122,1,1,0,0,0,0,2,5,2,1,10,1,NA,0,1,0,0,8,NA,17.5,1,1,0,0,"cbd",0,1,1,0
1145550101,"bus_subway_trolley",114555,1,"Bus / trolleybus",808,41,29.325,32.523,3.198,3,1,1,4,4,1,NA,14,5,1.17,118.1101033,100.9488062,5,1,6,5,5,1,1,NA,1,45,53,6,0,2,2,3,4,NA,318.6405375,42101,41,1,1,1,0,0,0,2,5,5,0,6,0,"asian",1,1,1,0,4,0,62.5,0,1,1,0,"cbd",0,0,1,0
1147360206,"bus_subway_trolley",114736,2,"Subway / El",9,1814,51.494,46.004,-5.49,2,2,6,1,4,1,NA,21,5,1.12,155.7425479,139.0558463,7,1,8,988,5,1,1,NA,1,35,13,6,0,1,1,3,0,NA,143.4174285,42101,9,3,2,2,1,1,1,2,2,6,0,8,0,NA,1,1,1,0,0,1,87.5,0,2,2,1,"urban",0,1,0,0.5
1148770102,"bus_subway_trolley",114877,1,"Subway / El",846,1037,40.15,43.079,2.929,1,1,2,2,4,5,NA,21,5,1.17,102.0431014,87.21632598,3,1,9,988,6,1,1,NA,1,37,41,6,0,2,2,3,2,NA,157.1925661,42101,844,3,1,1,0,0,1,1,2,5,0,9,0,NA,1,1,1,0,2,0,62.5,0,1,1,0,"urban",1,1,1,0
1149340203,"bus_subway_trolley",114934,2,"Trolley / light rail",1020,74,12.596,13.627,1.031,1,1,3,4,4,19,NA,23,5,1.17,133.0612283,113.7275455,5,1,6,1,5,1,2,6,NA,NA,NA,NA,NA,NA,NA,1,4,NA,213.7295021,42101,826,3,2,0,0,0,2,1,2,5,0,6,0,"white",1,1,0,1,4,NA,62.5,0,2,0,0,"urban",1,1,1,0
1149340204,"bus_subway_trolley",114934,2,"Subway / El",74,834,17.108,17.483,0.375,1,1,4,4,4,19,NA,21,5,1.17,133.0612283,113.7275455,5,1,6,1,5,1,2,6,NA,NA,NA,NA,NA,NA,NA,1,4,NA,213.7295021,42101,826,3,2,0,0,0,2,1,2,5,0,6,0,"white",1,1,0,1,4,NA,62.5,0,2,0,0,"urban",1,1,1,0
1150140102,"bus_subway_trolley",115014,1,"Subway / El",834,59,22.717,21.629,-1.088,1,1,2,4,4,19,NA,21,5,1.12,108.5508336,96.92038715,9,2,6,1,6,1,1,NA,1,40,23,4,0,2,1,3,24,NA,191.4884327,42101,834,3,2,1,0,0,1,1,2,6,1,6,0,"white",1,1,1,0,24,1,87.5,0,2,1,0,"urban",1,1,1,0
1150140109,"bus_subway_trolley",115014,1,"Subway / El",41,834,20.756,17.483,-3.273,1,1,9,4,1,19,NA,21,5,1.12,108.5508336,96.92038715,9,2,6,1,6,1,1,NA,1,40,23,4,0,2,1,3,24,NA,191.4884327,42101,834,3,2,1,0,0,1,1,2,6,1,6,0,"white",1,1,1,0,24,1,87.5,0,2,1,0,"urban",1,1,1,0
1150140205,"bus_subway_trolley",115014,2,"Bus / trolleybus",834,5,25.1,23.85,-1.25,2,2,5,1,4,1,NA,14,5,1.12,112.436437,100.3896759,6,1,6,1,6,2,2,2,NA,NA,NA,NA,NA,NA,NA,3,8,NA,191.4884327,42101,834,3,2,1,0,0,1,1,2,6,0,6,0,"white",1,0,0,0,8,NA,87.5,0,2,1,0,"urban",0,1,1,0
1150140206,"bus_subway_trolley",115014,2,"Bus / trolleybus",5,834,28.19,24.913,-3.277,2,2,6,4,1,13,NA,14,5,1.12,112.436437,100.3896759,6,1,6,1,6,2,2,2,NA,NA,NA,NA,NA,NA,NA,3,8,NA,191.4884327,42101,834,3,2,1,0,0,1,1,2,6,0,6,0,"white",1,0,0,0,8,NA,87.5,0,2,1,0,"urban",0,1,1,0
1152880202,"bus_subway_trolley",115288,2,"Bus / trolleybus",819,74,41.336,45.088,3.752,3,1,2,4,4,19,NA,14,5,1.17,477.8006584,408.3766311,10,1,9,988,98,2,1,NA,1,40,15,4,0,8,2,3,30,NA,202.8848881,42101,819,3,2,1,0,0,1,2,2,4,0,9,0,NA,NA,0,1,0,30,0,42.5,0,2,1,0,"urban",0,0,1,0
1152880203,"bus_subway_trolley",115288,2,"Bus / trolleybus",74,1034,15.86,15.86,0,3,1,3,4,4,19,NA,14,5,1.17,477.8006584,408.3766311,10,1,9,988,98,2,1,NA,1,40,15,4,0,8,2,3,30,NA,202.8848881,42101,819,3,2,1,0,0,1,2,2,4,0,9,0,NA,NA,0,1,0,30,0,42.5,0,2,1,0,"urban",0,0,1,0
1152910101,"bus_subway_trolley",115291,1,"Bus / trolleybus",819,131,30.002,30.269,0.267,1,1,1,1,4,1,NA,14,5,1.17,119.7280445,102.331662,7,2,9,988,1,2,1,NA,1,32,41,4,0,3,2,3,10,NA,249.0046337,42101,819,3,1,1,0,0,0,2,1,2,1,9,0,NA,0,0,1,0,10,0,17.5,1,1,1,0,"urban",1,1,1,0
1152910102,"bus_subway_trolley",115291,1,"Bus / trolleybus",131,126,22.163,24.454,2.292,1,1,2,4,2,19,NA,14,5,1.17,119.7280445,102.331662,7,2,9,988,1,2,1,NA,1,32,41,4,0,3,2,3,10,NA,249.0046337,42101,819,3,1,1,0,0,0,2,1,2,1,9,0,NA,0,0,1,0,10,0,17.5,1,1,1,0,"urban",1,1,1,0
1152910104,"bus_subway_trolley",115291,1,"Bus / trolleybus",126,131,25.481,24.656,-0.825,1,1,4,4,4,19,NA,14,5,1.17,119.7280445,102.331662,7,2,9,988,1,2,1,NA,1,32,41,4,0,3,2,3,10,NA,249.0046337,42101,819,3,1,1,0,0,0,2,1,2,1,9,0,NA,0,0,1,0,10,0,17.5,1,1,1,0,"urban",1,1,1,0
1158850101,"bus_subway_trolley",115885,1,"Subway / El",1027,106,32.567,34.317,1.75,2,1,1,1,4,1,NA,21,5,1.12,156.1850273,139.4509172,4,1,10,988,6,1,2,1,NA,NA,NA,NA,NA,NA,NA,2,6,NA,200.8865098,42101,1023,3,3,1,2,2,3,2,2,7,0,10,1,NA,1,1,0,1,6,NA,125,0,3,1,2,"urban",0,1,0,0.666666666666667
1158850102,"bus_subway_trolley",115885,1,"Subway / El",106,1027,34.35,35.333,0.983,2,1,2,4,1,13,NA,21,5,1.12,156.1850273,139.4509172,4,1,10,988,6,1,2,1,NA,NA,NA,NA,NA,NA,NA,2,6,NA,200.8865098,42101,1023,3,3,1,2,2,3,2,2,7,0,10,1,NA,1,1,0,1,6,NA,125,0,3,1,2,"urban",0,1,0,0.666666666666667
1164850102,"bus_subway_trolley",116485,1,"Subway / El",134,1019,29.854,30.417,0.562,2,1,2,4,4,19,NA,21,5,1.13,99.5579043,88.10434009,7,2,5,1,5,1,2,6,NA,NA,NA,NA,NA,NA,NA,1,11,NA,92.10524045,42101,137,3,1,0,0,0,1,1,5,99,1,5,0,"white",1,1,0,1,11,NA,NA,NA,1,0,0,"urban",0,1,1,0
1164850105,"bus_subway_trolley",116485,1,"Subway / El",1030,60,15.417,14.808,-0.608,2,1,5,4,4,2,NA,21,5,1.13,99.5579043,88.10434009,7,2,5,1,5,1,2,6,NA,NA,NA,NA,NA,NA,NA,1,11,NA,92.10524045,42101,137,3,1,0,0,0,1,1,5,99,1,5,0,"white",1,1,0,1,11,NA,NA,NA,1,0,0,"urban",0,1,1,0
1165490101,"bus_subway_trolley",116549,1,"Bus / trolleybus",141,1418,37.481,40.663,3.181,2,1,1,1,1,1,NA,14,5,1.17,133.9088266,114.4519886,2,2,5,1,6,1,1,NA,1,8,25,4,0,2,1,1,14,NA,443.9604921,42101,141,3,1,1,0,0,1,2,4,3,1,5,0,"white",1,1,1,1,14,1,30,1,1,1,0,"urban",0,1,1,0
1165490102,"bus_subway_trolley",116549,1,"Bus / trolleybus",1418,141,35.085,38.504,3.419,2,1,2,1,1,11,NA,14,5,1.17,133.9088266,114.4519886,2,2,5,1,6,1,1,NA,1,8,25,4,0,2,1,1,14,NA,443.9604921,42101,141,3,1,1,0,0,1,2,4,3,1,5,0,"white",1,1,1,1,14,1,30,1,1,1,0,"urban",0,1,1,0
1165660101,"bus_subway_trolley",116566,1,"Bus / trolleybus",142,10010,46.204,49.233,3.029,1,1,1,1,2,1,NA,14,5,1.12,112.436437,100.3896759,2,1,6,1,6,1,1,NA,1,40,15,4,1,3,2,3,10,NA,172.1268987,42101,142,3,2,2,0,0,3,1,2,7,0,6,0,"white",1,1,1,0,10,0,125,0,2,2,0,"urban",1,1,1,0
1165660201,"bus_subway_trolley",116566,2,"Bus / trolleybus",140,1030,32.737,34.104,1.367,1,1,1,1,2,1,NA,14,5,1.12,108.5508336,96.92038715,2,2,6,1,6,1,1,NA,1,40,29,4,0,1,2,3,10,NA,172.1268987,42101,142,3,2,2,0,0,3,1,2,7,1,6,0,"white",1,1,1,0,10,0,125,0,2,2,0,"urban",1,1,1,0
1169120102,"bus_subway_trolley",116912,1,"Bus / trolleybus",431,78,34.625,37.369,2.744,3,1,2,4,4,19,NA,14,5,1.17,114.4185032,97.7935925,10,2,10,988,5,2,2,1,NA,NA,NA,NA,NA,NA,NA,3,10,NA,228.4384878,42101,430,3,1,0,0,0,0,2,2,2,1,10,1,NA,1,0,0,0,10,NA,17.5,1,1,0,0,"urban",0,0,1,0
1169120103,"bus_subway_trolley",116912,1,"Bus / trolleybus",78,55,11.958,13.581,1.623,3,1,3,4,4,19,NA,14,5,1.17,114.4185032,97.7935925,10,2,10,988,5,2,2,1,NA,NA,NA,NA,NA,NA,NA,3,10,NA,228.4384878,42101,430,3,1,0,0,0,0,2,2,2,1,10,1,NA,1,0,0,0,10,NA,17.5,1,1,0,0,"urban",0,0,1,0
1169120107,"bus_subway_trolley",116912,1,"Bus / trolleybus",88,71,7.194,8.881,1.688,3,1,7,4,4,19,NA,14,5,1.17,114.4185032,97.7935925,10,2,10,988,5,2,2,1,NA,NA,NA,NA,NA,NA,NA,3,10,NA,228.4384878,42101,430,3,1,0,0,0,0,2,2,2,1,10,1,NA,1,0,0,0,10,NA,17.5,1,1,0,0,"urban",0,0,1,0
1169120109,"bus_subway_trolley",116912,1,"Bus / trolleybus",71,92,8.217,9.717,1.5,3,1,9,4,4,19,NA,14,5,1.17,114.4185032,97.7935925,10,2,10,988,5,2,2,1,NA,NA,NA,NA,NA,NA,NA,3,10,NA,228.4384878,42101,430,3,1,0,0,0,0,2,2,2,1,10,1,NA,1,0,0,0,10,NA,17.5,1,1,0,0,"urban",0,0,1,0
1175240102,"bus_subway_trolley",117524,1,"Bus / trolleybus",3203,92,34.487,33.5,-0.987,1,1,2,4,4,19,NA,14,5,1.15,209.2780226,181.9808893,8,1,6,1,6,1,1,NA,1,50,17,3,0,8,8,3,11,NA,75.17606806,42101,3207,3,2,2,2,2,0,2,2,8,0,6,0,"white",1,1,1,0,11,NA,175,0,2,2,2,"urban",1,1,0,1
1175240107,"bus_subway_trolley",117524,1,"Bus / trolleybus",92,3203,33.45,32.448,-1.002,1,1,7,4,4,19,NA,14,5,1.15,209.2780226,181.9808893,8,1,6,1,6,1,1,NA,1,50,17,3,0,8,8,3,11,NA,75.17606806,42101,3207,3,2,2,2,2,0,2,2,8,0,6,0,"white",1,1,1,0,11,NA,175,0,2,2,2,"urban",1,1,0,1
2023740101,"bus_subway_trolley",202374,1,"Bus / trolleybus",1224,1236,26.215,24.8,-1.415,2,1,1,1,4,6,NA,14,5,1.17,266.4983744,227.7763884,2,2,9,988,3,1,1,NA,1,16,21,9,0,9,8,3,2,NA,269.8869014,42101,1224,3,1,1,1,1,0,1,2,2,1,9,0,NA,0,1,1,0,2,NA,17.5,1,1,1,1,"urban",0,1,0,1
2023740102,"bus_subway_trolley",202374,1,"Bus / trolleybus",1236,1224,20.375,28.625,8.25,2,1,2,4,1,6,NA,14,5,1.17,266.4983744,227.7763884,2,2,9,988,3,1,1,NA,1,16,21,9,0,9,8,3,2,NA,269.8869014,42101,1224,3,1,1,1,1,0,1,2,2,1,9,0,NA,0,1,1,0,2,NA,17.5,1,1,1,1,"urban",0,1,0,1
2064720101,"bus_subway_trolley",206472,1,"Bus / trolleybus",142,41,25.871,28.398,2.527,2,1,1,1,4,1,NA,14,5,1.17,108.4845967,92.72187755,5,2,9,988,5,2,2,1,NA,NA,NA,NA,NA,NA,NA,3,0,NA,202.8848881,42101,142,3,2,1,0,0,1,1,2,5,1,9,0,NA,1,0,0,0,0,NA,62.5,0,2,1,0,"urban",0,1,1,0
2064720104,"bus_subway_trolley",206472,1,"Bus / trolleybus",76,88,10.502,11.342,0.84,2,1,4,4,4,6,NA,14,5,1.17,108.4845967,92.72187755,5,2,9,988,5,2,2,1,NA,NA,NA,NA,NA,NA,NA,3,0,NA,202.8848881,42101,142,3,2,1,0,0,1,1,2,5,1,9,0,NA,1,0,0,0,0,NA,62.5,0,2,1,0,"urban",0,1,1,0
2064720105,"bus_subway_trolley",206472,1,"Bus / trolleybus",88,142,29.615,31.877,2.262,2,1,5,4,1,8,NA,14,5,1.17,108.4845967,92.72187755,5,2,9,988,5,2,2,1,NA,NA,NA,NA,NA,NA,NA,3,0,NA,202.8848881,42101,142,3,2,1,0,0,1,1,2,5,1,9,0,NA,1,0,0,0,0,NA,62.5,0,2,1,0,"urban",0,1,1,0
2064720201,"bus_subway_trolley",206472,2,"Bus / trolleybus",142,403,22.344,20.025,-2.319,1,1,1,1,2,1,NA,14,5,1.17,103.2300583,88.23081906,2,1,9,988,6,1,1,NA,1,35,21,4,0,8,2,3,11,NA,202.8848881,42101,142,3,2,1,0,0,1,1,2,5,0,9,0,NA,1,1,1,0,11,0,62.5,0,2,1,0,"urban",1,1,1,0
2064720202,"bus_subway_trolley",206472,2,"Bus / trolleybus",403,142,14.479,16.637,2.158,1,1,2,2,1,5,NA,14,5,1.17,103.2300583,88.23081906,2,1,9,988,6,1,1,NA,1,35,21,4,0,8,2,3,11,NA,202.8848881,42101,142,3,2,1,0,0,1,1,2,5,0,9,0,NA,1,1,1,0,11,0,62.5,0,2,1,0,"urban",1,1,1,0
2118520101,"bus_subway_trolley",211852,1,"Subway / El",1605,1018,46.65,51.15,4.5,1,1,1,1,2,1,NA,21,5,1.17,235.6297128,201.3929169,2,2,8,988,4,1,1,NA,2,40,21,4,0,8,1,3,10,NA,170.33356,42101,1605,3,1,1,1,1,0,2,2,4,1,8,0,NA,0,1,1,0,10,1,42.5,0,1,1,1,"urban",1,1,0,1
2118520102,"bus_subway_trolley",211852,1,"Subway / El",1018,1605,44.117,44.617,0.5,1,1,2,2,1,5,NA,21,5,1.17,235.6297128,201.3929169,2,2,8,988,4,1,1,NA,2,40,21,4,0,8,1,3,10,NA,170.33356,42101,1605,3,1,1,1,1,0,2,2,4,1,8,0,NA,0,1,1,0,10,1,42.5,0,1,1,1,"urban",1,1,0,1
2297970201,"bus_subway_trolley",229797,2,"Bus / trolleybus",27,1030,17.408,19.273,1.865,1,1,1,1,2,1,NA,14,5,1.15,113.0168129,98.27548944,2,2,8,988,6,1,1,NA,1,40,11,6,0,2,2,3,5,NA,110.80041,42101,27,3,3,2,1,1,1,1,2,8,1,8,0,NA,1,1,1,0,5,0,175,0,3,2,1,"urban",1,1,0,0.333333333333333
2350960102,"bus_subway_trolley",235096,1,"Subway / El",1030,1037,10.517,13.017,2.5,1,1,2,4,4,5,NA,21,5,1.12,99.77449015,89.08436621,5,2,9,988,6,1,1,NA,1,45,29,5,0,8,1,3,8,NA,132.4337962,42101,2424,3,2,2,0,0,3,1,1,6,1,9,0,NA,1,1,1,0,8,1,87.5,0,2,2,0,"urban",1,1,1,0
2350960104,"bus_subway_trolley",235096,1,"Trolley / light rail",1035,1016,23.458,26.554,3.096,1,1,4,2,4,5,NA,23,5,1.12,99.77449015,89.08436621,5,2,9,988,6,1,1,NA,1,45,29,5,0,8,1,3,8,NA,132.4337962,42101,2424,3,2,2,0,0,3,1,1,6,1,9,0,NA,1,1,1,0,8,1,87.5,0,2,2,0,"urban",1,1,1,0
2428050101,"bus_subway_trolley",242805,1,"Bus / trolleybus",14618,14613,32.683,32.683,0,1,1,1,1,4,1,NA,14,5,1.17,3986.241065,3407.043646,4,2,8,1,3,2,1,NA,2,10,41,6,0,2,2,2,6,NA,303.4396083,42017,14618,3,1,1,0,0,1,2,4,3,1,8,0,"white",0,0,1,1,6,0,30,1,1,1,0,"urban",1,1,1,0
2435040101,"bus_subway_trolley",243504,1,"Bus / trolleybus",47,48,13.735,9.044,-4.692,2,1,1,1,4,1,NA,14,5,1.17,106.9764022,91.43282236,3,2,10,988,5,1,2,1,NA,NA,NA,NA,NA,NA,NA,3,12,NA,190.4720163,42101,47,1,1,0,0,0,1,2,5,4,1,10,1,NA,1,1,0,0,12,NA,42.5,0,1,0,0,"cbd",0,1,1,0
2435040102,"bus_subway_trolley",243504,1,"Bus / trolleybus",48,1035,19.327,22.84,3.513,2,1,2,4,4,19,NA,14,5,1.17,106.9764022,91.43282236,3,2,10,988,5,1,2,1,NA,NA,NA,NA,NA,NA,NA,3,12,NA,190.4720163,42101,47,1,1,0,0,0,1,2,5,4,1,10,1,NA,1,1,0,0,12,NA,42.5,0,1,0,0,"cbd",0,1,1,0
2435040103,"bus_subway_trolley",243504,1,"Bus / trolleybus",1035,47,28.085,30.992,2.906,2,1,3,4,1,12,NA,14,5,1.17,106.9764022,91.43282236,3,2,10,988,5,1,2,1,NA,NA,NA,NA,NA,NA,NA,3,12,NA,190.4720163,42101,47,1,1,0,0,0,1,2,5,4,1,10,1,NA,1,1,0,0,12,NA,42.5,0,1,0,0,"cbd",0,1,1,0
2526520102,"bus_subway_trolley",252652,1,"Bus / trolleybus",2609,12238,64.381,67.64,3.258,2,1,2,4,4,8,NA,14,5,1.17,148.4793118,126.9053947,5,1,8,988,3,2,2,2,NA,NA,NA,NA,NA,NA,NA,3,3,NA,228.4384878,42101,2603,3,1,0,0,0,0,2,2,2,0,8,0,NA,0,0,0,0,3,NA,17.5,1,1,0,0,"urban",0,1,1,0
2526520103,"bus_subway_trolley",252652,1,"Bus / trolleybus",12238,93,62.6,61.975,-0.625,2,1,3,4,4,8,NA,14,5,1.17,148.4793118,126.9053947,5,1,8,988,3,2,2,2,NA,NA,NA,NA,NA,NA,NA,3,3,NA,228.4384878,42101,2603,3,1,0,0,0,0,2,2,2,0,8,0,NA,0,0,0,0,3,NA,17.5,1,1,0,0,"urban",0,1,1,0
2526520104,"bus_subway_trolley",252652,1,"Bus / trolleybus",93,1441,30.733,33.296,2.562,2,1,4,4,4,6,NA,14,5,1.17,148.4793118,126.9053947,5,1,8,988,3,2,2,2,NA,NA,NA,NA,NA,NA,NA,3,3,NA,228.4384878,42101,2603,3,1,0,0,0,0,2,2,2,0,8,0,NA,0,0,0,0,3,NA,17.5,1,1,0,0,"urban",0,1,1,0
2579920102,"bus_subway_trolley",257992,1,"Trolley / light rail",1016,72,23.381,25.548,2.167,1,1,2,4,4,19,NA,23,5,1.12,216.0009726,192.8580113,6,1,6,1,6,1,1,NA,1,40,11,4,0,2,1,3,16,NA,254.7502371,42101,1016,3,2,2,1,1,3,1,4,6,0,6,0,"white",1,1,1,0,16,1,87.5,0,2,2,1,"urban",1,1,0,0.5
2579920105,"bus_subway_trolley",257992,1,"Trolley / light rail",72,1016,27.223,32.756,5.533,1,1,5,4,4,19,NA,23,5,1.12,216.0009726,192.8580113,6,1,6,1,6,1,1,NA,1,40,11,4,0,2,1,3,16,NA,254.7502371,42101,1016,3,2,2,1,1,3,1,4,6,0,6,0,"white",1,1,1,0,16,1,87.5,0,2,2,1,"urban",1,1,0,0.5
2672010201,"bus_subway_trolley",267201,2,"Bus / trolleybus",44,819,28.925,32.681,3.756,3,1,1,4,1,14,NA,14,5,1.17,108.4845967,92.72187755,1,2,9,988,6,1,1,NA,1,40,15,4,0,3,2,3,10,NA,182.3521785,42101,819,3,2,2,0,0,2,1,2,5,1,9,0,NA,1,1,1,0,10,0,62.5,0,2,2,0,"urban",0,0,1,0
2688810102,"bus_subway_trolley",268881,1,"Subway / El",1030,87,18.523,18.477,-0.046,1,1,2,3,4,3,NA,21,5,1.17,644.559111,550.905223,3,2,5,2,6,1,2,6,NA,NA,NA,NA,NA,NA,NA,1,10,NA,374.5286473,42101,1027,3,1,0,1,0,0,2,3,2,1,5,0,"black",1,1,0,1,10,NA,17.5,1,1,0,1,"urban",1,1,0,1
2688810103,"bus_subway_trolley",268881,1,"Subway / El",87,1027,28.725,30.837,2.112,1,1,3,4,1,4,NA,21,5,1.17,644.559111,550.905223,3,2,5,2,6,1,2,6,NA,NA,NA,NA,NA,NA,NA,1,10,NA,374.5286473,42101,1027,3,1,0,1,0,0,2,3,2,1,5,0,"black",1,1,0,1,10,NA,17.5,1,1,0,1,"urban",1,1,0,1
2774350204,"bus_subway_trolley",277435,2,"Trolley / light rail",1016,83,21.483,24.521,3.038,3,2,4,4,4,19,NA,23,5,1.12,158.1342566,141.1913006,10,2,7,988,6,1,1,NA,1,40,25,1,0,3,2,3,0,NA,312.7658348,42101,1016,3,3,2,1,1,2,2,2,6,1,7,0,NA,1,1,1,0,0,0,87.5,0,3,2,1,"urban",0,0,0,0.333333333333333
2920170201,"bus_subway_trolley",292017,2,"Bus / trolleybus",7,83,24.567,26.31,1.744,1,1,1,1,2,1,NA,14,5,1.15,99.24021778,86.29584154,5,1,7,988,6,1,1,NA,1,40,12,4,0,2,2,3,10,NA,48.06144616,42101,7,1,2,2,0,0,1,1,2,8,0,7,0,NA,1,1,1,0,10,0,175,0,2,2,0,"cbd",1,1,1,0
2966540202,"bus_subway_trolley",296654,2,"Bus / trolleybus",40,1028,28.083,25.785,-2.298,1,1,2,4,2,19,NA,14,5,1.12,108.5508336,96.92038715,3,2,6,1,5,1,1,NA,1,40,43,4,0,2,1,2,12,NA,172.1824722,42101,39,1,2,2,0,0,1,2,1,6,1,6,0,"white",1,1,1,1,12,1,87.5,0,2,2,0,"cbd",1,1,1,0
2966540203,"bus_subway_trolley",296654,2,"Bus / trolleybus",1028,39,25.252,26.988,1.735,1,1,3,2,1,5,NA,14,5,1.12,108.5508336,96.92038715,3,2,6,1,5,1,1,NA,1,40,43,4,0,2,1,2,12,NA,172.1824722,42101,39,1,2,2,0,0,1,2,1,6,1,6,0,"white",1,1,1,1,12,1,87.5,0,2,2,0,"cbd",1,1,1,0
3006050101,"bus_subway_trolley",300605,1,"Bus / trolleybus",2018,1012,28.192,28.817,0.625,1,1,1,1,2,1,NA,14,5,1.17,1757.378273,1502.032712,2,2,8,2,4,1,1,NA,1,40,29,3,0,3,1,3,5,NA,192.0349668,42101,2018,3,1,1,2,2,1,2,2,5,1,8,0,"black",0,1,1,0,5,1,62.5,0,1,1,2,"urban",1,1,0,2
3006050102,"bus_subway_trolley",300605,1,"Bus / trolleybus",1012,2018,44.283,31.446,-12.838,1,1,2,2,1,5,NA,14,5,1.17,1757.378273,1502.032712,2,2,8,2,4,1,1,NA,1,40,29,3,0,3,1,3,5,NA,192.0349668,42101,2018,3,1,1,2,2,1,2,2,5,1,8,0,"black",0,1,1,0,5,1,62.5,0,1,1,2,"urban",1,1,0,2
3024870101,"bus_subway_trolley",302487,1,"Bus / trolleybus",1007,82,27.183,29.71,2.527,2,1,1,1,4,1,NA,14,5,1.13,117.4052454,103.8984472,3,1,9,2,5,1,1,NA,1,1,43,3,4,2,2,3,8,NA,90.35209581,42101,1007,3,2,1,1,1,1,2,1,99,0,9,0,"black",1,1,1,0,8,0,NA,NA,2,1,1,"urban",0,1,0,0.5
3024870102,"bus_subway_trolley",302487,1,"Trolley / light rail",82,1007,19.065,20.377,1.312,2,1,2,4,1,4,NA,23,5,1.13,117.4052454,103.8984472,3,1,9,2,5,1,1,NA,1,1,43,3,4,2,2,3,8,NA,90.35209581,42101,1007,3,2,1,1,1,1,2,1,99,0,9,0,"black",1,1,1,0,8,0,NA,NA,2,1,1,"urban",0,1,0,0.5
3032020102,"bus_subway_trolley",303202,1,"Bus / trolleybus",601,139,39.74,41.273,1.533,1,1,2,4,4,19,NA,14,5,1.17,131.3234056,112.242227,4,1,8,1,5,2,1,NA,2,40,27,4,3,3,2,3,6,NA,249.0046337,42101,601,3,1,1,0,0,1,2,1,3,0,8,0,"white",1,0,1,0,6,0,30,1,1,1,0,"urban",1,1,1,0
3032020104,"bus_subway_trolley",303202,1,"Bus / trolleybus",136,601,43.108,44.448,1.34,1,1,4,4,1,19,NA,14,5,1.17,131.3234056,112.242227,4,1,8,1,5,2,1,NA,2,40,27,4,3,3,2,3,6,NA,249.0046337,42101,601,3,1,1,0,0,1,2,1,3,0,8,0,"white",1,0,1,0,6,0,30,1,1,1,0,"urban",1,1,1,0
3033290201,"bus_subway_trolley",303329,2,"Bus / trolleybus",2640,2640,8.402,11.817,3.415,1,1,1,1,1,1,NA,14,5,1.17,288.5809233,246.6503618,2,2,6,2,4,1,1,NA,1,998,98,NA,NA,NA,NA,3,10,NA,393.0130441,42101,2640,3,2,1,0,0,0,2,2,2,1,6,0,"black",0,1,1,0,10,NA,17.5,1,2,1,0,"urban",1,1,1,0
3033290202,"bus_subway_trolley",303329,2,"Bus / trolleybus",2640,2638,17.071,14.635,-2.435,1,1,2,1,1,5,NA,14,5,1.17,288.5809233,246.6503618,2,2,6,2,4,1,1,NA,1,998,98,NA,NA,NA,NA,3,10,NA,393.0130441,42101,2640,3,2,1,0,0,0,2,2,2,1,6,0,"black",0,1,1,0,10,NA,17.5,1,2,1,0,"urban",1,1,1,0
3038950101,"bus_subway_trolley",303895,1,"Bus / trolleybus",5016,5057,73.1,73.1,0,1,1,1,1,2,1,NA,14,5,1.17,370.3713395,316.5567004,3,2,9,1,6,1,1,NA,1,26,43,4,0,2,2,2,15,NA,249.8544938,42045,5016,4,1,1,0,0,0,1,1,2,1,9,0,"white",1,1,1,1,15,0,17.5,1,1,1,0,"suburban",1,1,1,0
3038950102,"bus_subway_trolley",303895,1,"Subway / El",5057,5013,38.467,38.467,0,1,1,2,2,3,5,NA,21,5,1.17,370.3713395,316.5567004,3,2,9,1,6,1,1,NA,1,26,43,4,0,2,2,2,15,NA,249.8544938,42045,5016,4,1,1,0,0,0,1,1,2,1,9,0,"white",1,1,1,1,15,0,17.5,1,1,1,0,"suburban",1,1,1,0
3049580106,"bus_subway_trolley",304958,1,"Bus / trolleybus",1202,1011,24.669,29.583,4.915,2,3,6,4,4,1,NA,14,5,1.17,147.3680775,125.9556218,7,2,6,100,2,2,2,2,NA,NA,NA,NA,NA,NA,NA,3,7,NA,668.6753665,42101,1202,3,5,0,0,0,0,2,2,1,1,6,0,"other",0,0,0,0,7,NA,5,1,5,0,0,"urban",0,1,1,0
3049580107,"bus_subway_trolley",304958,1,"Bus / trolleybus",1011,1202,20.052,20.717,0.665,2,3,7,4,1,17,NA,14,5,1.17,147.3680775,125.9556218,7,2,6,100,2,2,2,2,NA,NA,NA,NA,NA,NA,NA,3,7,NA,668.6753665,42101,1202,3,5,0,0,0,0,2,2,1,1,6,0,"other",0,0,0,0,7,NA,5,1,5,0,0,"urban",0,1,1,0
3049580407,"bus_subway_trolley",304958,4,"Bus / trolleybus",1011,1202,20.052,20.717,0.665,2,3,7,4,1,16,NA,14,5,1.17,98.63450143,84.30299267,7,2,1,2,1,NA,NA,NA,NA,NA,NA,NA,NA,NA,NA,2,NA,NA,668.6753665,42101,1202,3,5,0,0,0,0,2,2,1,1,1,0,"black",0,NA,NA,1,NA,NA,5,1,5,0,0,"urban",0,1,1,0
3049580506,"bus_subway_trolley",304958,5,"Bus / trolleybus",1007,1011,16.515,18.89,2.375,2,3,6,3,4,17,NA,14,5,1.17,263.8893246,225.5464313,7,2,1,2,1,NA,NA,NA,NA,NA,NA,NA,NA,NA,NA,2,NA,NA,668.6753665,42101,1202,3,5,0,0,0,0,2,2,1,1,1,0,"black",0,NA,NA,1,NA,NA,5,1,5,0,0,"urban",0,1,1,0
3049580507,"bus_subway_trolley",304958,5,"Bus / trolleybus",1011,1202,20.052,20.717,0.665,2,3,7,4,1,16,NA,14,5,1.17,263.8893246,225.5464313,7,2,1,2,1,NA,NA,NA,NA,NA,NA,NA,NA,NA,NA,2,NA,NA,668.6753665,42101,1202,3,5,0,0,0,0,2,2,1,1,1,0,"black",0,NA,NA,1,NA,NA,5,1,5,0,0,"urban",0,1,1,0
3070050301,"bus_subway_trolley",307005,3,"Subway / El",2633,70,47.479,49.244,1.765,1,1,1,1,2,1,NA,21,5,1.12,442.2432035,394.8600031,2,2,5,2,5,2,1,NA,1,40,19,4,0,8,2,3,0,NA,283.1759128,42101,2633,4,4,3,2,2,2,2,1,6,1,5,0,"black",1,0,1,0,0,0,87.5,0,4,3,2,"suburban",1,1,0,0.5
3070050302,"bus_subway_trolley",307005,3,"Subway / El",70,2633,43.919,46.615,2.696,1,1,2,2,1,5,NA,21,5,1.12,442.2432035,394.8600031,2,2,5,2,5,2,1,NA,1,40,19,4,0,8,2,3,0,NA,283.1759128,42101,2633,4,4,3,2,2,2,2,1,6,1,5,0,"black",1,0,1,0,0,0,87.5,0,4,3,2,"suburban",1,1,0,0.5
3121680202,"bus_subway_trolley",312168,2,"Subway / El",1816,1816,20.894,19.906,-0.988,2,1,2,4,4,19,NA,21,5,1.17,179.7560775,153.6376731,9,2,10,1,6,1,1,NA,1,35,27,NA,NA,NA,NA,3,2,NA,167.8496459,42101,2401,3,2,2,1,1,0,2,2,5,1,10,1,"white",1,1,1,0,2,NA,62.5,0,2,2,1,"urban",0,1,0,0.5
3127840106,"bus_subway_trolley",312784,1,"Subway / El",403,411,10.933,13.158,2.225,2,1,6,4,4,19,NA,21,5,1.17,121.3764275,103.7405364,19,1,9,1,2,2,2,6,NA,NA,NA,NA,NA,NA,NA,2,30,NA,422.9128024,42101,2634,3,1,0,0,0,0,2,4,1,0,9,0,"white",0,0,0,1,30,NA,5,1,1,0,0,"urban",0,1,1,0
3127840109,"bus_subway_trolley",312784,1,"Subway / El",93,2615,36.796,35.733,-1.062,2,1,9,3,4,11,NA,21,5,1.17,121.3764275,103.7405364,19,1,9,1,2,2,2,6,NA,NA,NA,NA,NA,NA,NA,2,30,NA,422.9128024,42101,2634,3,1,0,0,0,0,2,4,1,0,9,0,"white",0,0,0,1,30,NA,5,1,1,0,0,"urban",0,1,1,0
3127840110,"bus_subway_trolley",312784,1,"Bus / trolleybus",2615,12238,53.435,57.671,4.235,2,1,10,4,4,19,NA,14,5,1.17,121.3764275,103.7405364,19,1,9,1,2,2,2,6,NA,NA,NA,NA,NA,NA,NA,2,30,NA,422.9128024,42101,2634,3,1,0,0,0,0,2,4,1,0,9,0,"white",0,0,0,1,30,NA,5,1,1,0,0,"urban",0,1,1,0
3127840111,"bus_subway_trolley",312784,1,"Bus / trolleybus",12238,2634,35.288,40.754,5.467,2,1,11,4,4,9,NA,14,5,1.17,121.3764275,103.7405364,19,1,9,1,2,2,2,6,NA,NA,NA,NA,NA,NA,NA,2,30,NA,422.9128024,42101,2634,3,1,0,0,0,0,2,4,1,0,9,0,"white",0,0,0,1,30,NA,5,1,1,0,0,"urban",0,1,1,0
3127840112,"bus_subway_trolley",312784,1,"Bus / trolleybus",2634,2615,31.965,32.717,0.752,2,1,12,4,4,1,NA,14,5,1.17,121.3764275,103.7405364,19,1,9,1,2,2,2,6,NA,NA,NA,NA,NA,NA,NA,2,30,NA,422.9128024,42101,2634,3,1,0,0,0,0,2,4,1,0,9,0,"white",0,0,0,1,30,NA,5,1,1,0,0,"urban",0,1,1,0
3127840113,"bus_subway_trolley",312784,1,"Subway / El",2615,69,39.3,37.867,-1.433,2,1,13,4,4,19,NA,21,5,1.17,121.3764275,103.7405364,19,1,9,1,2,2,2,6,NA,NA,NA,NA,NA,NA,NA,2,30,NA,422.9128024,42101,2634,3,1,0,0,0,0,2,4,1,0,9,0,"white",0,0,0,1,30,NA,5,1,1,0,0,"urban",0,1,1,0
3127840114,"bus_subway_trolley",312784,1,"Subway / El",69,76,8.35,9.85,1.5,2,1,14,4,4,19,NA,21,5,1.17,121.3764275,103.7405364,19,1,9,1,2,2,2,6,NA,NA,NA,NA,NA,NA,NA,2,30,NA,422.9128024,42101,2634,3,1,0,0,0,0,2,4,1,0,9,0,"white",0,0,0,1,30,NA,5,1,1,0,0,"urban",0,1,1,0
3127840116,"bus_subway_trolley",312784,1,"Subway / El",93,69,9.823,9.706,-0.117,2,1,16,3,4,3,NA,21,5,1.17,121.3764275,103.7405364,19,1,9,1,2,2,2,6,NA,NA,NA,NA,NA,NA,NA,2,30,NA,422.9128024,42101,2634,3,1,0,0,0,0,2,4,1,0,9,0,"white",0,0,0,1,30,NA,5,1,1,0,0,"urban",0,1,1,0
3127840118,"bus_subway_trolley",312784,1,"Bus / trolleybus",2615,2634,36.979,38.625,1.646,2,1,18,4,4,19,NA,14,5,1.17,121.3764275,103.7405364,19,1,9,1,2,2,2,6,NA,NA,NA,NA,NA,NA,NA,2,30,NA,422.9128024,42101,2634,3,1,0,0,0,0,2,4,1,0,9,0,"white",0,0,0,1,30,NA,5,1,1,0,0,"urban",0,1,1,0
3129140101,"bus_subway_trolley",312914,1,"Bus / trolleybus",3209,3209,17.144,19.271,2.127,1,1,1,1,4,1,NA,14,5,1.12,118.715631,105.9960991,4,1,9,1,5,1,1,NA,1,50,17,4,0,8,2,3,10,NA,143.4174285,42101,3209,3,2,2,1,1,0,1,2,6,0,9,0,"white",1,1,1,0,10,0,87.5,0,2,2,1,"urban",1,1,0,0.5
3129140102,"bus_subway_trolley",312914,1,"Bus / trolleybus",3209,1034,45.167,43.233,-1.933,1,1,2,4,2,19,NA,14,5,1.12,118.715631,105.9960991,4,1,9,1,5,1,1,NA,1,50,17,4,0,8,2,3,10,NA,143.4174285,42101,3209,3,2,2,1,1,0,1,2,6,0,9,0,"white",1,1,1,0,10,0,87.5,0,2,2,1,"urban",1,1,0,0.5
3129140104,"bus_subway_trolley",312914,1,"Bus / trolleybus",41,3209,46.556,55.517,8.96,1,1,4,4,1,19,NA,14,5,1.12,118.715631,105.9960991,4,1,9,1,5,1,1,NA,1,50,17,4,0,8,2,3,10,NA,143.4174285,42101,3209,3,2,2,1,1,0,1,2,6,0,9,0,"white",1,1,1,0,10,0,87.5,0,2,2,1,"urban",1,1,0,0.5
3141440301,"bus_subway_trolley",314144,3,"Bus / trolleybus",1605,606,42.177,47.783,5.606,1,1,1,1,2,1,NA,14,5,1.17,2857.069638,2441.939862,2,2,6,2,2,2,1,NA,1,32,41,4,0,8,2,2,6,NA,611.5678652,42101,1605,3,4,4,2,2,0,1,2,5,1,6,0,"black",0,0,1,1,6,0,62.5,0,4,4,2,"urban",1,1,0,0.5
3141440302,"bus_subway_trolley",314144,3,"Bus / trolleybus",606,1605,40.617,37.108,-3.508,1,1,2,2,1,5,NA,14,5,1.17,2857.069638,2441.939862,2,2,6,2,2,2,1,NA,1,32,41,4,0,8,2,2,6,NA,611.5678652,42101,1605,3,4,4,2,2,0,1,2,5,1,6,0,"black",0,0,1,1,6,0,62.5,0,4,4,2,"urban",1,1,0,0.5
3141440402,"bus_subway_trolley",314144,4,"Bus / trolleybus",11835,1605,93.417,95.75,2.333,1,1,2,2,1,5,NA,14,5,1.17,3351.657131,2864.664215,4,2,5,2,3,2,1,NA,1,20,35,4,0,3,2,3,3,NA,611.5678652,42101,1605,3,4,4,2,2,0,1,2,5,1,5,0,"black",0,0,1,0,3,0,62.5,0,4,4,2,"urban",1,1,0,0.5
3144080101,"bus_subway_trolley",314408,1,"Subway / El",1432,51,34.948,36.902,1.954,2,1,1,1,4,1,NA,21,5,1.17,150.8014758,128.8901503,7,2,10,2,6,1,2,1,NA,NA,NA,NA,NA,NA,NA,2,30,NA,228.5125741,42101,1432,3,1,0,0,0,0,1,1,3,1,10,1,"black",1,1,0,1,30,NA,30,1,1,0,0,"urban",0,1,1,0
3144080103,"bus_subway_trolley",314408,1,"Bus / trolleybus",74,107,12.738,12.731,-0.006,2,1,3,4,4,13,NA,14,5,1.17,150.8014758,128.8901503,7,2,10,2,6,1,2,1,NA,NA,NA,NA,NA,NA,NA,2,30,NA,228.5125741,42101,1432,3,1,0,0,0,0,1,1,3,1,10,1,"black",1,1,0,1,30,NA,30,1,1,0,0,"urban",0,1,1,0
3144080104,"bus_subway_trolley",314408,1,"Bus / trolleybus",107,1432,22.2,21.45,-0.75,2,1,4,4,1,13,NA,14,5,1.17,150.8014758,128.8901503,7,2,10,2,6,1,2,1,NA,NA,NA,NA,NA,NA,NA,2,30,NA,228.5125741,42101,1432,3,1,0,0,0,0,1,1,3,1,10,1,"black",1,1,0,1,30,NA,30,1,1,0,0,"urban",0,1,1,0
3144080105,"bus_subway_trolley",314408,1,"Subway / El",1432,411,25.95,27.9,1.95,2,2,5,1,4,1,NA,21,5,1.17,150.8014758,128.8901503,7,2,10,2,6,1,2,1,NA,NA,NA,NA,NA,NA,NA,2,30,NA,228.5125741,42101,1432,3,1,0,0,0,0,1,1,3,1,10,1,"black",1,1,0,1,30,NA,30,1,1,0,0,"urban",0,1,1,0
3144080107,"bus_subway_trolley",314408,1,"Bus / trolleybus",411,1432,25.51,32.7,7.19,2,2,7,4,1,13,NA,14,5,1.17,150.8014758,128.8901503,7,2,10,2,6,1,2,1,NA,NA,NA,NA,NA,NA,NA,2,30,NA,228.5125741,42101,1432,3,1,0,0,0,0,1,1,3,1,10,1,"black",1,1,0,1,30,NA,30,1,1,0,0,"urban",0,1,1,0
3158360102,"bus_subway_trolley",315836,1,"Subway / El",125,111,24.833,19.879,-4.954,1,1,2,2,4,11,NA,21,5,1.12,601.1704477,536.7593283,3,1,7,3,6,1,1,NA,1,40,13,4,0,2,1,3,12,NA,251.5217165,34007,22413,3,2,2,1,1,2,1,1,7,0,7,0,"hispanic",1,1,1,0,12,1,125,0,2,2,1,"urban",1,1,0,0.5
3164640101,"bus_subway_trolley",316464,1,"Bus / trolleybus",421,91,36.502,36.842,0.34,1,1,1,1,2,1,NA,14,5,1.17,293.7643054,251.0806029,3,1,8,2,1,2,1,NA,2,40,37,6,0,2,8,3,6,NA,516.6316157,42101,421,3,4,1,0,0,0,2,2,1,0,8,0,"black",0,0,1,0,6,NA,5,1,4,1,0,"urban",1,1,1,0
3164640201,"bus_subway_trolley",316464,2,"Bus / trolleybus",421,133,33.398,32.933,-0.465,2,1,1,1,4,2,NA,14,5,1.17,207.4414478,177.3003828,3,2,7,2,5,2,2,2,NA,NA,NA,NA,NA,NA,NA,2,1,NA,516.6316157,42101,421,3,4,1,0,0,0,2,2,1,1,7,0,"black",1,0,0,1,1,NA,5,1,4,1,0,"urban",0,1,1,0
3164640202,"bus_subway_trolley",316464,2,"Bus / trolleybus",133,401,36.806,45.2,8.394,2,1,2,4,4,3,NA,14,5,1.17,207.4414478,177.3003828,3,2,7,2,5,2,2,2,NA,NA,NA,NA,NA,NA,NA,2,1,NA,516.6316157,42101,421,3,4,1,0,0,0,2,2,1,1,7,0,"black",1,0,0,1,1,NA,5,1,4,1,0,"urban",0,1,1,0
3168910102,"bus_subway_trolley",316891,1,"Bus / trolleybus",1420,1418,20.642,23.667,3.025,1,1,2,4,4,19,NA,14,5,1.17,301.1175908,257.3654622,13,2,8,2,4,2,1,NA,3,25,37,4,0,9,8,3,50,NA,559.3292714,42101,1420,3,1,1,0,0,0,2,3,1,1,8,0,"black",0,0,1,0,50,NA,5,1,1,1,0,"urban",1,1,1,0
3168910103,"bus_subway_trolley",316891,1,"Bus / trolleybus",1418,1418,10.213,11.865,1.652,1,1,3,4,4,19,NA,14,5,1.17,301.1175908,257.3654622,13,2,8,2,4,2,1,NA,3,25,37,4,0,9,8,3,50,NA,559.3292714,42101,1420,3,1,1,0,0,0,2,3,1,1,8,0,"black",0,0,1,0,50,NA,5,1,1,1,0,"urban",1,1,1,0
3168910104,"bus_subway_trolley",316891,1,"Subway / El",1418,2618,33.119,39.902,6.783,1,1,4,4,4,19,NA,21,5,1.17,301.1175908,257.3654622,13,2,8,2,4,2,1,NA,3,25,37,4,0,9,8,3,50,NA,559.3292714,42101,1420,3,1,1,0,0,0,2,3,1,1,8,0,"black",0,0,1,0,50,NA,5,1,1,1,0,"urban",1,1,1,0
3168910105,"bus_subway_trolley",316891,1,"Bus / trolleybus",2618,12229,32.825,42.875,10.05,1,1,5,4,4,19,NA,14,5,1.17,301.1175908,257.3654622,13,2,8,2,4,2,1,NA,3,25,37,4,0,9,8,3,50,NA,559.3292714,42101,1420,3,1,1,0,0,0,2,3,1,1,8,0,"black",0,0,1,0,50,NA,5,1,1,1,0,"urban",1,1,1,0
3168910109,"bus_subway_trolley",316891,1,"Subway / El",2622,1432,23.823,24.927,1.104,1,1,9,4,4,19,NA,21,5,1.17,301.1175908,257.3654622,13,2,8,2,4,2,1,NA,3,25,37,4,0,9,8,3,50,NA,559.3292714,42101,1420,3,1,1,0,0,0,2,3,1,1,8,0,"black",0,0,1,0,50,NA,5,1,1,1,0,"urban",1,1,1,0
3168910112,"bus_subway_trolley",316891,1,"Bus / trolleybus",1432,1420,24.4,29.575,5.175,1,1,12,4,4,19,NA,14,5,1.17,301.1175908,257.3654622,13,2,8,2,4,2,1,NA,3,25,37,4,0,9,8,3,50,NA,559.3292714,42101,1420,3,1,1,0,0,0,2,3,1,1,8,0,"black",0,0,1,0,50,NA,5,1,1,1,0,"urban",1,1,1,0
3200660201,"bus_subway_trolley",320066,2,"Subway / El",5031,117,69.914,74.85,4.936,1,1,1,1,2,1,NA,21,5,1.17,132.5790171,113.3153992,2,2,8,1,2,1,1,NA,1,40,13,4,0,8,2,3,10,NA,89.58189729,42045,5031,4,3,1,1,1,0,2,1,5,1,8,0,"white",0,1,1,0,10,0,62.5,0,3,1,1,"suburban",1,1,0,0.333333333333333
3200660202,"bus_subway_trolley",320066,2,"Subway / El",117,5031,72.885,73.292,0.406,1,1,2,2,1,5,NA,21,5,1.17,132.5790171,113.3153992,2,2,8,1,2,1,1,NA,1,40,13,4,0,8,2,3,10,NA,89.58189729,42045,5031,4,3,1,1,1,0,2,1,5,1,8,0,"white",0,1,1,0,10,0,62.5,0,3,1,1,"suburban",1,1,0,0.333333333333333
3215440103,"bus_subway_trolley",321544,1,"Subway / El",88,1036,17.767,19.017,1.25,1,1,3,4,4,19,NA,21,5,1.12,136.3119428,121.7070917,8,1,9,1,3,1,1,NA,1,35,15,3,1,3,1,3,2,NA,120.1967841,34007,22438,4,1,1,2,2,0,2,1,7,0,9,0,"white",0,1,1,0,2,1,125,0,1,1,2,"suburban",1,1,0,2
3215440106,"bus_subway_trolley",321544,1,"Subway / El",1036,88,22.1,24.35,2.25,1,1,6,4,4,19,NA,21,5,1.12,136.3119428,121.7070917,8,1,9,1,3,1,1,NA,1,35,15,3,1,3,1,3,2,NA,120.1967841,34007,22438,4,1,1,2,2,0,2,1,7,0,9,0,"white",0,1,1,0,2,1,125,0,1,1,2,"suburban",1,1,0,2
3219110102,"bus_subway_trolley",321911,1,"Bus / trolleybus",4,82,25.925,26.65,0.725,1,1,2,4,4,13,NA,14,5,1.17,122.1005339,104.3594307,8,2,8,1,5,1,1,NA,5,36,13,6,1,2,2,3,1,NA,318.6405375,42101,22,2,1,1,0,0,1,1,5,4,1,8,0,"white",1,1,1,0,1,0,42.5,0,1,1,0,"cbd",1,1,1,0
3219110106,"bus_subway_trolley",321911,1,"Bus / trolleybus",121,22,22.748,20.962,-1.785,1,1,6,4,1,5,NA,14,5,1.17,122.1005339,104.3594307,8,2,8,1,5,1,1,NA,5,36,13,6,1,2,2,3,1,NA,318.6405375,42101,22,2,1,1,0,0,1,1,5,4,1,8,0,"white",1,1,1,0,1,0,42.5,0,1,1,0,"cbd",1,1,1,0
3229950101,"bus_subway_trolley",322995,1,"Trolley / light rail",1021,58,29.567,34.879,5.312,1,1,1,1,2,1,NA,23,5,1.17,106.7874475,91.27132267,4,1,9,97,5,1,1,NA,4,24,27,4,0,1,2,3,15,NA,443.9604921,42101,1021,3,1,1,0,0,0,1,4,3,0,9,0,"other",1,1,1,0,15,0,30,1,1,1,0,"urban",1,1,1,0
3229950102,"bus_subway_trolley",322995,1,"Trolley / light rail",58,1021,32.087,35.017,2.929,1,1,2,2,1,11,NA,23,5,1.17,106.7874475,91.27132267,4,1,9,97,5,1,1,NA,4,24,27,4,0,1,2,3,15,NA,443.9604921,42101,1021,3,1,1,0,0,0,1,4,3,0,9,0,"other",1,1,1,0,15,0,30,1,1,1,0,"urban",1,1,1,0
3240320104,"bus_subway_trolley",324032,1,"Subway / El",44,1040,29.394,28.165,-1.229,1,1,4,2,4,5,NA,21,5,1.13,106.286146,94.0585363,5,1,10,1,5,1,1,NA,1,50,11,6,0,9,8,3,2,NA,92.4566566,42101,19,2,2,2,1,1,0,1,2,99,0,10,1,"white",1,1,1,0,2,NA,NA,NA,2,2,1,"cbd",1,1,0,0.5
3240320105,"bus_subway_trolley",324032,1,"Subway / El",1040,19,27.562,36.06,8.498,1,1,5,4,1,19,NA,21,5,1.13,106.286146,94.0585363,5,1,10,1,5,1,1,NA,1,50,11,6,0,9,8,3,2,NA,92.4566566,42101,19,2,2,2,1,1,0,1,2,99,0,10,1,"white",1,1,1,0,2,NA,NA,NA,2,2,1,"cbd",1,1,0,0.5
3249440105,"bus_subway_trolley",324944,1,"Trolley / light rail",4440,4453,29.825,29.075,-0.75,2,2,5,4,4,19,NA,23,5,1.15,622.1002051,540.9567001,10,2,6,1,5,1,1,NA,2,30,27,1,0,3,2,3,4,NA,86.30698458,42045,4444,4,3,2,3,3,0,2,1,9,1,6,0,"white",1,1,1,0,4,0,225,0,3,2,3,"suburban",0,1,0,1
3249440106,"bus_subway_trolley",324944,1,"Subway / El",4453,1040,35.383,38.383,3,2,2,6,4,4,16,NA,21,5,1.15,622.1002051,540.9567001,10,2,6,1,5,1,1,NA,2,30,27,1,0,3,2,3,4,NA,86.30698458,42045,4444,4,3,2,3,3,0,2,1,9,1,6,0,"white",1,1,1,0,4,0,225,0,3,2,3,"suburban",0,1,0,1
3250340201,"bus_subway_trolley",325034,2,"Bus / trolleybus",91,3020,70.517,69.179,-1.337,3,1,1,2,1,5,NA,14,5,1.13,122.6565992,108.545663,3,1,8,1,2,1,1,NA,1,40,33,4,10,3,2,3,10,NA,102.0890196,42101,3020,4,4,1,1,1,1,2,2,99,0,8,0,"white",0,1,1,0,10,0,NA,NA,4,1,1,"suburban",0,0,0,0.25
3250340202,"bus_subway_trolley",325034,2,"Bus / trolleybus",3020,91,63.6,63.1,-0.5,1,2,2,1,2,5,NA,14,5,1.13,122.6565992,108.545663,3,1,8,1,2,1,1,NA,1,40,33,4,10,3,2,3,10,NA,102.0890196,42101,3020,4,4,1,1,1,1,2,2,99,0,8,0,"white",0,1,1,0,10,0,NA,NA,4,1,1,"suburban",1,1,0,0.25
3250340203,"bus_subway_trolley",325034,2,"Bus / trolleybus",91,3020,82.671,82.671,0,1,2,3,2,1,5,NA,14,5,1.13,122.6565992,108.545663,3,1,8,1,2,1,1,NA,1,40,33,4,10,3,2,3,10,NA,102.0890196,42101,3020,4,4,1,1,1,1,2,2,99,0,8,0,"white",0,1,1,0,10,0,NA,NA,4,1,1,"suburban",1,1,0,0.25
3257740101,"bus_subway_trolley",325774,1,"Trolley / light rail",1212,102,37.181,38.252,1.071,1,1,1,1,2,1,NA,23,5,1.12,3155.787606,2817.667506,3,2,9,2,4,1,1,NA,1,40,41,4,0,8,8,3,2,NA,275.1567124,42101,1212,3,3,2,3,3,0,2,2,7,1,9,0,"black",0,1,1,0,2,NA,125,0,3,2,3,"urban",1,1,0,1
3260280101,"bus_subway_trolley",326028,1,"Trolley / light rail",40,1028,32.025,26.506,-5.519,2,1,1,1,4,1,NA,23,5,1.17,118.4624526,101.2499595,6,2,9,1,6,1,2,1,NA,NA,NA,NA,NA,NA,NA,3,6,NA,219.7470872,42101,40,1,2,0,0,0,1,1,2,4,1,9,0,"white",1,1,0,0,6,NA,42.5,0,2,0,0,"cbd",0,1,1,0
3260280102,"bus_subway_trolley",326028,1,"Trolley / light rail",1028,103,17.854,17.7,-0.154,2,1,2,4,4,14,NA,23,5,1.17,118.4624526,101.2499595,6,2,9,1,6,1,2,1,NA,NA,NA,NA,NA,NA,NA,3,6,NA,219.7470872,42101,40,1,2,0,0,0,1,1,2,4,1,9,0,"white",1,1,0,0,6,NA,42.5,0,2,0,0,"cbd",0,1,1,0
3260280105,"bus_subway_trolley",326028,1,"Subway / El",40,123,35.123,29.692,-5.431,2,2,5,1,4,1,NA,21,5,1.17,118.4624526,101.2499595,6,2,9,1,6,1,2,1,NA,NA,NA,NA,NA,NA,NA,3,6,NA,219.7470872,42101,40,1,2,0,0,0,1,1,2,4,1,9,0,"white",1,1,0,0,6,NA,42.5,0,2,0,0,"cbd",0,1,1,0
3260280106,"bus_subway_trolley",326028,1,"Subway / El",123,40,30.425,35.16,4.735,2,2,6,4,1,3,NA,21,5,1.17,118.4624526,101.2499595,6,2,9,1,6,1,2,1,NA,NA,NA,NA,NA,NA,NA,3,6,NA,219.7470872,42101,40,1,2,0,0,0,1,1,2,4,1,9,0,"white",1,1,0,0,6,NA,42.5,0,2,0,0,"cbd",0,1,1,0
3260280204,"bus_subway_trolley",326028,2,"Subway / El",40,123,34.85,30.271,-4.579,2,2,4,1,4,1,NA,21,5,1.17,107.8852218,92.20959126,5,1,10,1,5,1,2,1,NA,NA,NA,NA,NA,NA,NA,3,5,NA,219.7470872,42101,40,1,2,0,0,0,1,1,2,4,0,10,1,"white",1,1,0,0,5,NA,42.5,0,2,0,0,"cbd",0,1,1,0
3260280205,"bus_subway_trolley",326028,2,"Subway / El",123,40,30.425,35.16,4.735,2,2,5,4,1,3,NA,21,5,1.17,107.8852218,92.20959126,5,1,10,1,5,1,2,1,NA,NA,NA,NA,NA,NA,NA,3,5,NA,219.7470872,42101,40,1,2,0,0,0,1,1,2,4,0,10,1,"white",1,1,0,0,5,NA,42.5,0,2,0,0,"cbd",0,1,1,0
3269980103,"bus_subway_trolley",326998,1,"Bus / trolleybus",10013,41,72.067,72.996,0.929,1,1,3,4,2,19,NA,14,5,1.13,410.7313269,363.4790504,6,1,8,1,5,1,1,NA,1,50,13,1,0,1,2,3,0,NA,191.9053632,42091,10002,4,4,3,4,4,2,2,1,99,0,8,0,"white",1,1,1,0,0,0,NA,NA,4,3,4,"suburban",1,1,0,1
3269980302,"bus_subway_trolley",326998,3,"Subway / El",5009,4459,24.083,24.083,0,1,1,2,4,4,19,NA,21,5,1.13,417.1729689,369.1796185,8,1,5,1,5,1,1,NA,1,40,23,3,0,2,2,3,10,NA,191.9053632,42091,10002,4,4,3,4,4,2,2,1,99,0,5,0,"white",1,1,1,0,10,0,NA,NA,4,3,4,"suburban",1,1,0,1
3269980306,"bus_subway_trolley",326998,3,"Subway / El",76,4459,36.221,39.521,3.3,1,1,6,4,4,19,NA,21,5,1.13,417.1729689,369.1796185,8,1,5,1,5,1,1,NA,1,40,23,3,0,2,2,3,10,NA,191.9053632,42091,10002,4,4,3,4,4,2,2,1,99,0,5,0,"white",1,1,1,0,10,0,NA,NA,4,3,4,"suburban",1,1,0,1
3269980307,"bus_subway_trolley",326998,3,"Subway / El",4459,5009,32.017,29.517,-2.5,1,1,7,4,4,19,NA,21,5,1.13,417.1729689,369.1796185,8,1,5,1,5,1,1,NA,1,40,23,3,0,2,2,3,10,NA,191.9053632,42091,10002,4,4,3,4,4,2,2,1,99,0,5,0,"white",1,1,1,0,10,0,NA,NA,4,3,4,"suburban",1,1,0,1
3271890101,"bus_subway_trolley",327189,1,"Bus / trolleybus",1213,1005,24.062,26.087,2.025,1,1,1,1,2,1,NA,14,5,1.17,243.591543,208.1979,2,2,8,2,3,2,1,NA,1,35,13,4,0,2,2,3,18,NA,642.3994229,42101,1213,3,2,1,0,0,0,2,4,2,1,8,0,"black",0,0,1,0,18,0,17.5,1,2,1,0,"urban",1,1,1,0
3271890102,"bus_subway_trolley",327189,1,"Bus / trolleybus",1005,1213,22.956,22.667,-0.29,1,1,2,2,1,5,NA,14,5,1.17,243.591543,208.1979,2,2,8,2,3,2,1,NA,1,35,13,4,0,2,2,3,18,NA,642.3994229,42101,1213,3,2,1,0,0,0,2,4,2,1,8,0,"black",0,0,1,0,18,0,17.5,1,2,1,0,"urban",1,1,1,0
3271890201,"bus_subway_trolley",327189,2,"Bus / trolleybus",1206,1432,44.177,42.779,-1.398,2,1,1,1,3,1,NA,14,5,1.17,173.5686613,148.3492831,2,1,3,2,1,NA,NA,NA,NA,NA,NA,NA,NA,NA,NA,1,999,NA,642.3994229,42101,1213,3,2,1,0,0,0,2,4,2,0,3,0,"black",0,NA,NA,1,NA,NA,17.5,1,2,1,0,"urban",0,1,1,0
3271890202,"bus_subway_trolley",327189,2,"Bus / trolleybus",1432,1213,41.862,48.417,6.554,2,1,2,3,1,14,NA,14,5,1.17,173.5686613,148.3492831,2,1,3,2,1,NA,NA,NA,NA,NA,NA,NA,NA,NA,NA,1,999,NA,642.3994229,42101,1213,3,2,1,0,0,0,2,4,2,0,3,0,"black",0,NA,NA,1,NA,NA,17.5,1,2,1,0,"urban",0,1,1,0
3279280103,"bus_subway_trolley",327928,1,"Trolley / light rail",84,1028,18.61,21.175,2.565,2,2,3,1,3,1,NA,23,5,1.12,108.5508336,96.92038715,6,2,6,1,5,1,2,6,NA,NA,NA,NA,NA,NA,NA,1,3,NA,211.7301447,42101,84,1,1,0,0,0,0,1,3,6,1,6,0,"white",1,1,0,1,3,NA,87.5,0,1,0,0,"cbd",0,1,1,0
3279280104,"bus_subway_trolley",327928,1,"Trolley / light rail",1028,84,19.7,19.933,0.233,2,2,4,3,1,3,NA,23,5,1.12,108.5508336,96.92038715,6,2,6,1,5,1,2,6,NA,NA,NA,NA,NA,NA,NA,1,3,NA,211.7301447,42101,84,1,1,0,0,0,0,1,3,6,1,6,0,"white",1,1,0,1,3,NA,87.5,0,1,0,0,"cbd",0,1,1,0
3279280105,"bus_subway_trolley",327928,1,"Trolley / light rail",84,1028,18.398,20.523,2.125,2,3,5,1,3,1,NA,23,5,1.12,108.5508336,96.92038715,6,2,6,1,5,1,2,6,NA,NA,NA,NA,NA,NA,NA,1,3,NA,211.7301447,42101,84,1,1,0,0,0,0,1,3,6,1,6,0,"white",1,1,0,1,3,NA,87.5,0,1,0,0,"cbd",0,1,1,0
3279280106,"bus_subway_trolley",327928,1,"Trolley / light rail",1028,84,27,22.217,-4.783,2,3,6,3,1,11,NA,23,5,1.12,108.5508336,96.92038715,6,2,6,1,5,1,2,6,NA,NA,NA,NA,NA,NA,NA,1,3,NA,211.7301447,42101,84,1,1,0,0,0,0,1,3,6,1,6,0,"white",1,1,0,1,3,NA,87.5,0,1,0,0,"cbd",0,1,1,0
3286990104,"bus_subway_trolley",328699,1,"Bus / trolleybus",3034,3029,24.825,29.233,4.408,1,1,4,4,1,18,NA,14,5,1.17,132.0807766,112.8895526,4,2,7,1,2,2,1,NA,1,40,15,2,0,3,2,3,6,NA,462.6770969,42101,3031,3,3,2,0,0,0,2,5,5,1,7,0,"white",0,0,1,0,6,0,62.5,0,3,2,0,"urban",1,1,1,0
3286990204,"bus_subway_trolley",328699,2,"Bus / trolleybus",3034,3031,26.875,32.267,5.392,1,1,4,4,4,19,NA,14,5,1.17,136.6452932,116.7908489,5,1,7,1,2,2,1,NA,1,40,15,2,0,3,2,3,4,NA,462.6770969,42101,3031,3,3,2,0,0,0,2,5,5,0,7,0,"white",0,0,1,0,4,0,62.5,0,3,2,0,"urban",1,1,1,0
3289040101,"bus_subway_trolley",328904,1,"Bus / trolleybus",2816,15624,53.571,60.725,7.154,2,1,1,1,4,1,NA,14,5,1.17,121.4362475,103.7916646,2,2,8,1,6,2,2,2,NA,NA,NA,NA,NA,NA,NA,3,0,NA,256.679678,42101,2816,4,2,0,0,0,0,2,2,2,1,8,0,"white",1,0,0,0,0,NA,17.5,1,2,0,0,"suburban",0,1,1,0
3289040102,"bus_subway_trolley",328904,1,"Bus / trolleybus",15624,2816,48.702,54.202,5.5,2,1,2,4,1,11,NA,14,5,1.17,121.4362475,103.7916646,2,2,8,1,6,2,2,2,NA,NA,NA,NA,NA,NA,NA,3,0,NA,256.679678,42101,2816,4,2,0,0,0,0,2,2,2,1,8,0,"white",1,0,0,0,0,NA,17.5,1,2,0,0,"suburban",0,1,1,0
3289040201,"bus_subway_trolley",328904,2,"Bus / trolleybus",2816,15624,53.571,60.725,7.154,2,1,1,1,4,1,NA,14,5,1.17,215.1145591,183.8585975,2,2,8,3,5,2,2,2,NA,NA,NA,NA,NA,NA,NA,3,0,NA,256.679678,42101,2816,4,2,0,0,0,0,2,2,2,1,8,0,"hispanic",1,0,0,0,0,NA,17.5,1,2,0,0,"suburban",0,1,1,0
3289040202,"bus_subway_trolley",328904,2,"Bus / trolleybus",15624,2816,48.702,54.202,5.5,2,1,2,4,1,11,NA,14,5,1.17,215.1145591,183.8585975,2,2,8,3,5,2,2,2,NA,NA,NA,NA,NA,NA,NA,3,0,NA,256.679678,42101,2816,4,2,0,0,0,0,2,2,2,1,8,0,"hispanic",1,0,0,0,0,NA,17.5,1,2,0,0,"suburban",0,1,1,0
3290420201,"bus_subway_trolley",329042,2,"Subway / El",10002,36,75.505,81.733,6.229,1,1,1,1,2,1,NA,21,5,1.12,115.7767157,103.3720676,5,1,9,1,5,1,1,NA,1,60,17,4,0,2,2,3,5,NA,199.7312102,42091,10002,4,4,2,2,2,3,1,1,7,0,9,0,"white",1,1,1,0,5,0,125,0,4,2,2,"suburban",1,1,0,0.5
3298740201,"bus_subway_trolley",329874,2,"Bus / trolleybus",1431,74,38.258,42.154,3.896,3,1,1,4,4,16,NA,14,5,1.17,462.4729702,395.2760429,6,1,7,1,5,2,2,4,NA,NA,NA,NA,NA,NA,NA,3,12,NA,331.6047336,42101,1431,3,2,0,1,1,0,2,2,3,0,7,0,"white",1,0,0,0,12,NA,30,1,2,0,1,"urban",0,0,0,0.5
3298740202,"bus_subway_trolley",329874,2,"Bus / trolleybus",74,2615,31.348,35.275,3.927,3,1,2,4,4,16,NA,14,5,1.17,462.4729702,395.2760429,6,1,7,1,5,2,2,4,NA,NA,NA,NA,NA,NA,NA,3,12,NA,331.6047336,42101,1431,3,2,0,1,1,0,2,2,3,0,7,0,"white",1,0,0,0,12,NA,30,1,2,0,1,"urban",0,0,0,0.5
3298740203,"bus_subway_trolley",329874,2,"Bus / trolleybus",2615,74,36.133,37.383,1.25,3,1,3,4,4,11,NA,14,5,1.17,462.4729702,395.2760429,6,1,7,1,5,2,2,4,NA,NA,NA,NA,NA,NA,NA,3,12,NA,331.6047336,42101,1431,3,2,0,1,1,0,2,2,3,0,7,0,"white",1,0,0,0,12,NA,30,1,2,0,1,"urban",0,0,0,0.5
3298740204,"bus_subway_trolley",329874,2,"Bus / trolleybus",74,1443,34.344,34.275,-0.069,3,1,4,4,4,16,NA,14,5,1.17,462.4729702,395.2760429,6,1,7,1,5,2,2,4,NA,NA,NA,NA,NA,NA,NA,3,12,NA,331.6047336,42101,1431,3,2,0,1,1,0,2,2,3,0,7,0,"white",1,0,0,0,12,NA,30,1,2,0,1,"urban",0,0,0,0.5
3298740205,"bus_subway_trolley",329874,2,"Bus / trolleybus",1443,1431,21.158,21.873,0.715,3,1,5,4,4,8,NA,14,5,1.17,462.4729702,395.2760429,6,1,7,1,5,2,2,4,NA,NA,NA,NA,NA,NA,NA,3,12,NA,331.6047336,42101,1431,3,2,0,1,1,0,2,2,3,0,7,0,"white",1,0,0,0,12,NA,30,1,2,0,1,"urban",0,0,0,0.5
3321170103,"bus_subway_trolley",332117,1,"Bus / trolleybus",10010,143,49.5,59.462,9.962,2,1,3,4,4,9,NA,14,5,1.17,103.5796816,88.52964242,8,2,10,1,3,1,2,1,NA,NA,NA,NA,NA,NA,NA,3,2,NA,108.3006129,42091,10001,4,3,0,2,2,1,2,1,5,1,10,1,"white",0,1,0,0,2,NA,62.5,0,3,0,2,"suburban",0,1,0,0.666666666666667
3321170104,"bus_subway_trolley",332117,1,"Bus / trolleybus",143,10008,50.481,56.237,5.756,2,1,4,4,4,15,NA,14,5,1.17,103.5796816,88.52964242,8,2,10,1,3,1,2,1,NA,NA,NA,NA,NA,NA,NA,3,2,NA,108.3006129,42091,10001,4,3,0,2,2,1,2,1,5,1,10,1,"white",0,1,0,0,2,NA,62.5,0,3,0,2,"suburban",0,1,0,0.666666666666667
3334970102,"bus_subway_trolley",333497,1,"Subway / El",8009,1040,106.383,108.124,1.74,1,1,2,4,4,19,NA,21,5,1.12,583.0299612,520.5624653,7,2,8,1,4,1,1,NA,1,40,99,1,0,2,1,3,10,NA,80.42660443,42029,7611,6,2,2,3,2,0,2,1,6,1,8,0,"white",0,1,1,0,10,1,87.5,0,2,2,3,"rural",1,1,0,1.5
3334970103,"bus_subway_trolley",333497,1,"Bus / trolleybus",1040,1024,27.515,27.221,-0.294,1,1,3,4,2,19,NA,14,5,1.12,583.0299612,520.5624653,7,2,8,1,4,1,1,NA,1,40,99,1,0,2,1,3,10,NA,80.42660443,42029,7611,6,2,2,3,2,0,2,1,6,1,8,0,"white",0,1,1,0,10,1,87.5,0,2,2,3,"rural",1,1,0,1.5
3334970105,"bus_subway_trolley",333497,1,"Bus / trolleybus",1030,1040,15.077,15.606,0.529,1,1,5,4,4,19,NA,14,5,1.12,583.0299612,520.5624653,7,2,8,1,4,1,1,NA,1,40,99,1,0,2,1,3,10,NA,80.42660443,42029,7611,6,2,2,3,2,0,2,1,6,1,8,0,"white",0,1,1,0,10,1,87.5,0,2,2,3,"rural",1,1,0,1.5
3369580108,"bus_subway_trolley",336958,1,"Bus / trolleybus",15,38,11.904,13.394,1.49,3,2,8,4,4,19,NA,14,5,1.17,168.2601717,143.8121126,11,1,8,100,3,1,2,2,NA,NA,NA,NA,NA,NA,NA,3,997,NA,434.9062452,42101,1013,3,1,0,0,0,0,2,5,1,0,8,0,"other",0,1,0,0,50,NA,5,1,1,0,0,"urban",0,0,1,0
3369580109,"bus_subway_trolley",336958,1,"Bus / trolleybus",38,40,14.531,15.148,0.617,3,2,9,4,4,19,NA,14,5,1.17,168.2601717,143.8121126,11,1,8,100,3,1,2,2,NA,NA,NA,NA,NA,NA,NA,3,997,NA,434.9062452,42101,1013,3,1,0,0,0,0,2,5,1,0,8,0,"other",0,1,0,0,50,NA,5,1,1,0,0,"urban",0,0,1,0
3369580111,"bus_subway_trolley",336958,1,"Subway / El",72,1026,15.267,16.669,1.402,3,2,11,4,4,19,NA,21,5,1.17,168.2601717,143.8121126,11,1,8,100,3,1,2,2,NA,NA,NA,NA,NA,NA,NA,3,997,NA,434.9062452,42101,1013,3,1,0,0,0,0,2,5,1,0,8,0,"other",0,1,0,0,50,NA,5,1,1,0,0,"urban",0,0,1,0
3382110105,"bus_subway_trolley",338211,1,"Bus / trolleybus",4826,4459,43.796,47.292,3.496,1,2,5,4,4,19,NA,14,5,1.17,90.45563013,77.31250438,13,2,8,1,6,1,1,NA,1,48,25,4,2,1,2,3,12,NA,646.9041207,42045,4829,4,4,1,1,1,0,2,4,5,1,8,0,"white",1,1,1,0,12,0,62.5,0,4,1,1,"suburban",1,1,0,0.25
3382110106,"bus_subway_trolley",338211,1,"Subway / El",4459,74,35.95,38.95,3,1,2,6,4,4,19,NA,21,5,1.17,90.45563013,77.31250438,13,2,8,1,6,1,1,NA,1,48,25,4,2,1,2,3,12,NA,646.9041207,42045,4829,4,4,1,1,1,0,2,4,5,1,8,0,"white",1,1,1,0,12,0,62.5,0,4,1,1,"suburban",1,1,0,0.25
3382110107,"bus_subway_trolley",338211,1,"Subway / El",74,1428,22.696,21.617,-1.079,1,2,7,4,4,19,NA,21,5,1.17,90.45563013,77.31250438,13,2,8,1,6,1,1,NA,1,48,25,4,2,1,2,3,12,NA,646.9041207,42045,4829,4,4,1,1,1,0,2,4,5,1,8,0,"white",1,1,1,0,12,0,62.5,0,4,1,1,"suburban",1,1,0,0.25
3382110112,"bus_subway_trolley",338211,1,"Bus / trolleybus",4459,4808,47.608,48.702,1.094,1,2,12,4,4,19,NA,14,5,1.17,90.45563013,77.31250438,13,2,8,1,6,1,1,NA,1,48,25,4,2,1,2,3,12,NA,646.9041207,42045,4829,4,4,1,1,1,0,2,4,5,1,8,0,"white",1,1,1,0,12,0,62.5,0,4,1,1,"suburban",1,1,0,0.25
3383780102,"bus_subway_trolley",338378,1,"Bus / trolleybus",1030,82,10.254,10.108,-0.146,1,1,2,4,2,5,NA,14,5,1.13,227.5881482,201.4054409,3,1,8,1,6,1,1,NA,1,45,23,2,0,2,2,3,2,NA,203.0774267,42101,2424,3,4,2,2,2,4,2,2,99,0,8,0,"white",1,1,1,0,2,0,NA,NA,4,2,2,"urban",1,1,0,0.5
3422520101,"bus_subway_trolley",342252,1,"Bus / trolleybus",2634,1022,62.175,70.558,8.383,2,1,1,1,4,1,NA,14,5,1.17,143.9269185,123.0144602,10,1,10,2,3,1,2,1,NA,NA,NA,NA,NA,NA,NA,3,10,NA,228.4384878,42101,2634,3,1,0,0,0,0,1,2,2,0,10,1,"black",0,1,0,0,10,NA,17.5,1,1,0,0,"urban",0,1,1,0
3422520102,"bus_subway_trolley",342252,1,"Bus / trolleybus",1022,1031,12.492,13.246,0.754,2,1,2,4,4,6,NA,14,5,1.17,143.9269185,123.0144602,10,1,10,2,3,1,2,1,NA,NA,NA,NA,NA,NA,NA,3,10,NA,228.4384878,42101,2634,3,1,0,0,0,0,1,2,2,0,10,1,"black",0,1,0,0,10,NA,17.5,1,1,0,0,"urban",0,1,1,0
3422520104,"bus_subway_trolley",342252,1,"Trolley / light rail",1031,1026,13.25,15.815,2.565,2,1,4,4,4,8,NA,23,5,1.17,143.9269185,123.0144602,10,1,10,2,3,1,2,1,NA,NA,NA,NA,NA,NA,NA,3,10,NA,228.4384878,42101,2634,3,1,0,0,0,0,1,2,2,0,10,1,"black",0,1,0,0,10,NA,17.5,1,1,0,0,"urban",0,1,1,0
3422520105,"bus_subway_trolley",342252,1,"Bus / trolleybus",1026,44,15.375,17.096,1.721,2,1,5,4,4,6,NA,14,5,1.17,143.9269185,123.0144602,10,1,10,2,3,1,2,1,NA,NA,NA,NA,NA,NA,NA,3,10,NA,228.4384878,42101,2634,3,1,0,0,0,0,1,2,2,0,10,1,"black",0,1,0,0,10,NA,17.5,1,1,0,0,"urban",0,1,1,0
3422520106,"bus_subway_trolley",342252,1,"Bus / trolleybus",44,39,14.729,23.498,8.769,2,1,6,4,4,16,NA,14,5,1.17,143.9269185,123.0144602,10,1,10,2,3,1,2,1,NA,NA,NA,NA,NA,NA,NA,3,10,NA,228.4384878,42101,2634,3,1,0,0,0,0,1,2,2,0,10,1,"black",0,1,0,0,10,NA,17.5,1,1,0,0,"urban",0,1,1,0
3422520107,"bus_subway_trolley",342252,1,"Bus / trolleybus",39,90,9.525,10.356,0.831,2,1,7,4,4,6,NA,14,5,1.17,143.9269185,123.0144602,10,1,10,2,3,1,2,1,NA,NA,NA,NA,NA,NA,NA,3,10,NA,228.4384878,42101,2634,3,1,0,0,0,0,1,2,2,0,10,1,"black",0,1,0,0,10,NA,17.5,1,1,0,0,"urban",0,1,1,0
3422520108,"bus_subway_trolley",342252,1,"Bus / trolleybus",90,92,8.846,11.304,2.458,2,1,8,4,4,8,NA,14,5,1.17,143.9269185,123.0144602,10,1,10,2,3,1,2,1,NA,NA,NA,NA,NA,NA,NA,3,10,NA,228.4384878,42101,2634,3,1,0,0,0,0,1,2,2,0,10,1,"black",0,1,0,0,10,NA,17.5,1,1,0,0,"urban",0,1,1,0
3422520109,"bus_subway_trolley",342252,1,"Subway / El",92,2615,36.46,35.858,-0.602,2,1,9,4,4,19,NA,21,5,1.17,143.9269185,123.0144602,10,1,10,2,3,1,2,1,NA,NA,NA,NA,NA,NA,NA,3,10,NA,228.4384878,42101,2634,3,1,0,0,0,0,1,2,2,0,10,1,"black",0,1,0,0,10,NA,17.5,1,1,0,0,"urban",0,1,1,0
3422520110,"bus_subway_trolley",342252,1,"Bus / trolleybus",2615,2634,35.481,37.475,1.994,2,1,10,4,1,19,NA,14,5,1.17,143.9269185,123.0144602,10,1,10,2,3,1,2,1,NA,NA,NA,NA,NA,NA,NA,3,10,NA,228.4384878,42101,2634,3,1,0,0,0,0,1,2,2,0,10,1,"black",0,1,0,0,10,NA,17.5,1,1,0,0,"urban",0,1,1,0
3429820201,"bus_subway_trolley",342982,2,"Bus / trolleybus",8009,91,108.3,109.321,1.021,1,1,1,1,2,1,NA,14,5,1.15,91.51421731,79.57758027,3,2,10,1,6,1,2,1,NA,NA,NA,NA,NA,NA,NA,3,5,NA,41.2074292,42029,8009,4,2,0,2,2,3,2,1,8,1,10,1,"white",1,1,0,0,5,NA,175,0,2,0,2,"suburban",1,1,0,1
3451130101,"bus_subway_trolley",345113,1,"Bus / trolleybus",3007,1419,43.402,48.283,4.881,2,1,1,1,4,1,NA,14,5,1.17,157.7616132,134.8389857,3,2,9,1,3,2,2,2,NA,NA,NA,NA,NA,NA,NA,3,10,NA,393.0130441,42101,3007,3,2,1,0,0,0,2,2,2,1,9,0,"white",0,0,0,0,10,NA,17.5,1,2,1,0,"urban",0,1,1,0
3451130102,"bus_subway_trolley",345113,1,"Bus / trolleybus",1419,402,34.64,37.41,2.771,2,1,2,4,4,19,NA,14,5,1.17,157.7616132,134.8389857,3,2,9,1,3,2,2,2,NA,NA,NA,NA,NA,NA,NA,3,10,NA,393.0130441,42101,3007,3,2,1,0,0,0,2,2,2,1,9,0,"white",0,0,0,0,10,NA,17.5,1,2,1,0,"urban",0,1,1,0
3469170201,"bus_subway_trolley",346917,2,"Bus / trolleybus",4458,4458,19.252,19.252,0,1,1,1,1,4,1,NA,14,5,1.17,109.0027946,93.16478175,3,2,99,1,2,1,1,NA,1,40,43,4,0,2,2,3,10,NA,134.7192336,42045,4458,4,2,1,2,1,0,2,2,5,1,NA,NA,"white",0,1,1,0,10,0,62.5,0,2,1,2,"suburban",1,1,0,1
3469170202,"bus_subway_trolley",346917,2,"Subway / El",4458,4459,38.917,38.917,0,1,1,2,4,4,5,NA,21,5,1.17,109.0027946,93.16478175,3,2,99,1,2,1,1,NA,1,40,43,4,0,2,2,3,10,NA,134.7192336,42045,4458,4,2,1,2,1,0,2,2,5,1,NA,NA,"white",0,1,1,0,10,0,62.5,0,2,1,2,"suburban",1,1,0,1
3469170203,"bus_subway_trolley",346917,2,"Bus / trolleybus",4459,4458,24.758,25.027,0.269,1,1,3,4,1,19,NA,14,5,1.17,109.0027946,93.16478175,3,2,99,1,2,1,1,NA,1,40,43,4,0,2,2,3,10,NA,134.7192336,42045,4458,4,2,1,2,1,0,2,2,5,1,NA,NA,"white",0,1,1,0,10,0,62.5,0,2,1,2,"suburban",1,1,0,1
3471800101,"bus_subway_trolley",347180,1,"Bus / trolleybus",613,1012,50.625,51.625,1,2,1,1,1,4,1,NA,14,5,1.17,136.9919828,117.0871648,2,1,10,2,3,2,2,1,NA,NA,NA,NA,NA,NA,NA,3,10,NA,264.8909442,42101,613,3,1,0,0,0,1,2,5,2,0,10,1,"black",0,0,0,0,10,NA,17.5,1,1,0,0,"urban",0,1,1,0
3471800102,"bus_subway_trolley",347180,1,"Bus / trolleybus",1012,613,59.883,58.158,-1.725,2,1,2,4,1,16,NA,14,5,1.17,136.9919828,117.0871648,2,1,10,2,3,2,2,1,NA,NA,NA,NA,NA,NA,NA,3,10,NA,264.8909442,42101,613,3,1,0,0,0,1,2,5,2,0,10,1,"black",0,0,0,0,10,NA,17.5,1,1,0,0,"urban",0,1,1,0
3473810202,"bus_subway_trolley",347381,2,"Bus / trolleybus",90,11613,127,122.75,-4.25,3,1,2,4,4,19,NA,14,5,1.17,160.0622946,136.80538,3,1,8,1,4,1,1,NA,1,55,11,3,0,2,1,3,10,NA,191.9367835,42091,11425,4,3,1,2,2,0,2,2,5,0,8,0,"white",0,1,1,0,10,1,62.5,0,3,1,2,"suburban",0,0,0,0.666666666666667
3478450201,"bus_subway_trolley",347845,2,"Bus / trolleybus",840,12426,NA,NA,NA,1,1,1,1,2,1,NA,14,5,1.17,328.7510845,280.9838329,2,1,7,2,4,2,1,NA,1,36,31,4,0,3,8,3,10,NA,772.5995024,42101,840,3,6,2,0,0,3,2,1,3,0,7,0,"black",0,0,1,0,10,NA,30,1,6,2,0,"urban",1,1,1,0
3478450202,"bus_subway_trolley",347845,2,"Bus / trolleybus",12426,840,NA,NA,NA,1,1,2,2,1,5,NA,14,5,1.17,328.7510845,280.9838329,2,1,7,2,4,2,1,NA,1,36,31,4,0,3,8,3,10,NA,772.5995024,42101,840,3,6,2,0,0,3,2,1,3,0,7,0,"black",0,0,1,0,10,NA,30,1,6,2,0,"urban",1,1,1,0
3478450301,"bus_subway_trolley",347845,3,"Bus / trolleybus",840,1002,43.167,47.84,4.673,1,1,1,1,2,1,NA,14,5,1.17,213.6226069,182.5834247,2,2,10,2,2,2,1,NA,1,40,98,4,0,8,2,3,10,NA,772.5995024,42101,840,3,6,2,0,0,3,2,1,3,1,10,1,"black",0,0,1,0,10,0,30,1,6,2,0,"urban",1,1,1,0
3478450302,"bus_subway_trolley",347845,3,"Bus / trolleybus",1002,840,47.529,48.473,0.944,1,1,2,2,1,5,NA,14,5,1.17,213.6226069,182.5834247,2,2,10,2,2,2,1,NA,1,40,98,4,0,8,2,3,10,NA,772.5995024,42101,840,3,6,2,0,0,3,2,1,3,1,10,1,"black",0,0,1,0,10,0,30,1,6,2,0,"urban",1,1,1,0
3482100101,"bus_subway_trolley",348210,1,"Bus / trolleybus",825,134,37.458,40.083,2.625,2,1,1,1,4,1,NA,14,5,1.17,259.70159,221.967171,2,2,6,2,1,2,1,NA,1,28,29,9,0,9,8,3,16,NA,860.4556576,42101,1815,3,4,1,0,0,2,2,2,1,1,6,0,"black",0,0,1,0,16,NA,5,1,4,1,0,"urban",0,1,1,0
3482100102,"bus_subway_trolley",348210,1,"Bus / trolleybus",134,825,41.917,43.965,2.048,2,1,2,4,1,18,NA,14,5,1.17,259.70159,221.967171,2,2,6,2,1,2,1,NA,1,28,29,9,0,9,8,3,16,NA,860.4556576,42101,1815,3,4,1,0,0,2,2,2,1,1,6,0,"black",0,0,1,0,16,NA,5,1,4,1,0,"urban",0,1,1,0
3483550101,"bus_subway_trolley",348355,1,"Bus / trolleybus",819,6,22.929,23.146,0.217,1,1,1,1,4,1,NA,14,5,1.12,196.0743511,175.0663849,11,2,8,1,6,1,1,NA,2,40,29,4,0,1,1,3,10,NA,215.7116496,42101,819,3,1,1,1,1,1,2,2,6,1,8,0,"white",1,1,1,0,10,1,87.5,0,1,1,1,"urban",1,1,0,1
3483550105,"bus_subway_trolley",348355,1,"Bus / trolleybus",56,819,23.192,26.671,3.479,1,1,5,4,1,1,NA,14,5,1.12,196.0743511,175.0663849,11,2,8,1,6,1,1,NA,2,40,29,4,0,1,1,3,10,NA,215.7116496,42101,819,3,1,1,1,1,1,2,2,6,1,8,0,"white",1,1,1,0,10,1,87.5,0,1,1,1,"urban",1,1,0,1
3490040101,"bus_subway_trolley",349004,1,"Bus / trolleybus",1236,414,50.865,53.342,2.477,2,1,1,1,4,1,NA,14,5,1.17,2941.338928,2513.964896,4,2,11,2,2,1,2,1,NA,NA,NA,NA,NA,NA,NA,3,0,NA,374.2320168,42101,1236,3,2,0,2,0,1,2,2,1,1,11,1,"black",0,1,0,0,0,NA,5,1,2,0,2,"urban",0,1,0,1
3490040103,"bus_subway_trolley",349004,1,"Bus / trolleybus",121,414,31.358,32.862,1.504,2,1,3,4,4,4,NA,14,5,1.17,2941.338928,2513.964896,4,2,11,2,2,1,2,1,NA,NA,NA,NA,NA,NA,NA,3,0,NA,374.2320168,42101,1236,3,2,0,2,0,1,2,2,1,1,11,1,"black",0,1,0,0,0,NA,5,1,2,0,2,"urban",0,1,0,1
3490040104,"bus_subway_trolley",349004,1,"Bus / trolleybus",414,1236,55.45,56.517,1.067,2,1,4,4,1,10,NA,14,5,1.17,2941.338928,2513.964896,4,2,11,2,2,1,2,1,NA,NA,NA,NA,NA,NA,NA,3,0,NA,374.2320168,42101,1236,3,2,0,2,0,1,2,2,1,1,11,1,"black",0,1,0,0,0,NA,5,1,2,0,2,"urban",0,1,0,1
3501890104,"bus_subway_trolley",350189,1,"Bus / trolleybus",4413,1030,37.717,39.717,2,1,2,4,4,4,19,NA,14,5,1.12,1896.08481,1692.932866,9,2,10,1,6,1,1,NA,1,40,25,4,0,8,1,3,20,NA,318.9645827,42045,4405,3,2,2,0,0,0,1,1,6,1,10,1,"white",1,1,1,0,20,1,87.5,0,2,2,0,"urban",1,1,1,0
3501890107,"bus_subway_trolley",350189,1,"Subway / El",1036,4459,36.894,40.296,3.402,1,2,7,4,4,19,NA,21,5,1.12,1896.08481,1692.932866,9,2,10,1,6,1,1,NA,1,40,25,4,0,8,1,3,20,NA,318.9645827,42045,4405,3,2,2,0,0,0,1,1,6,1,10,1,"white",1,1,1,0,20,1,87.5,0,2,2,0,"urban",1,1,1,0
3501890108,"bus_subway_trolley",350189,1,"Bus / trolleybus",4459,1025,36.344,41.55,5.206,1,2,8,4,4,19,NA,14,5,1.12,1896.08481,1692.932866,9,2,10,1,6,1,1,NA,1,40,25,4,0,8,1,3,20,NA,318.9645827,42045,4405,3,2,2,0,0,0,1,1,6,1,10,1,"white",1,1,1,0,20,1,87.5,0,2,2,0,"urban",1,1,1,0
3501890202,"bus_subway_trolley",350189,2,"Bus / trolleybus",4405,4206,36.733,38.908,2.175,2,1,2,4,4,19,NA,14,5,1.12,355.6936916,317.5836533,6,1,11,1,6,2,1,NA,2,40,25,NA,NA,NA,NA,3,8,NA,318.9645827,42045,4405,3,2,2,0,0,0,1,1,6,0,11,1,"white",1,0,1,0,8,NA,87.5,0,2,2,0,"urban",0,1,1,0
3501890205,"bus_subway_trolley",350189,2,"Bus / trolleybus",4206,4405,29.483,34.046,4.562,2,1,5,4,4,19,NA,14,5,1.12,355.6936916,317.5836533,6,1,11,1,6,2,1,NA,2,40,25,NA,NA,NA,NA,3,8,NA,318.9645827,42045,4405,3,2,2,0,0,0,1,1,6,0,11,1,"white",1,0,1,0,8,NA,87.5,0,2,2,0,"urban",0,1,1,0
3516490101,"bus_subway_trolley",351649,1,"Bus / trolleybus",836,17,19.271,19.679,0.408,3,1,1,1,4,1,NA,14,5,1.17,112.8292727,96.4352758,2,2,9,1,5,2,1,NA,1,40,31,4,0,2,2,3,7,NA,202.8848881,42101,836,3,2,1,0,0,0,2,2,5,1,9,0,"white",1,0,1,0,7,0,62.5,0,2,1,0,"urban",0,0,1,0
3523090102,"bus_subway_trolley",352309,1,"Bus / trolleybus",4443,4459,20.413,23.333,2.921,1,1,2,4,4,19,NA,14,5,1.17,3728.397678,3186.664682,6,2,6,2,3,1,1,NA,1,40,33,4,0,2,2,3,5,NA,1024.377182,42045,4445,3,2,1,0,0,0,2,2,2,1,6,0,"black",0,1,1,0,5,0,17.5,1,2,1,0,"urban",1,1,1,0
3523090104,"bus_subway_trolley",352309,1,"Bus / trolleybus",91,76,10.54,7.615,-2.925,1,1,4,2,4,5,NA,14,5,1.17,3728.397678,3186.664682,6,2,6,2,3,1,1,NA,1,40,33,4,0,2,2,3,5,NA,1024.377182,42045,4445,3,2,1,0,0,0,2,2,2,1,6,0,"black",0,1,1,0,5,0,17.5,1,2,1,0,"urban",1,1,1,0
3523090105,"bus_subway_trolley",352309,1,"Bus / trolleybus",76,4459,35.927,36.773,0.846,1,1,5,4,4,19,NA,14,5,1.17,3728.397678,3186.664682,6,2,6,2,3,1,1,NA,1,40,33,4,0,2,2,3,5,NA,1024.377182,42045,4445,3,2,1,0,0,0,2,2,2,1,6,0,"black",0,1,1,0,5,0,17.5,1,2,1,0,"urban",1,1,1,0
3523090106,"bus_subway_trolley",352309,1,"Bus / trolleybus",4459,4445,21.508,22.392,0.883,1,1,6,4,1,19,NA,14,5,1.17,3728.397678,3186.664682,6,2,6,2,3,1,1,NA,1,40,33,4,0,2,2,3,5,NA,1024.377182,42045,4445,3,2,1,0,0,0,2,2,2,1,6,0,"black",0,1,1,0,5,0,17.5,1,2,1,0,"urban",1,1,1,0
3526370204,"bus_subway_trolley",352637,2,"Bus / trolleybus",10014,2407,37.054,34.577,-2.477,2,2,4,4,1,16,NA,14,5,1.17,360.9848148,308.5340297,4,1,10,1,6,1,2,1,NA,NA,NA,NA,NA,NA,NA,3,6,NA,345.4591821,42101,2407,3,2,1,2,1,2,2,1,3,0,10,1,"white",1,1,0,0,6,NA,30,1,2,1,2,"urban",0,1,0,1
3546240301,"bus_subway_trolley",354624,3,"Bus / trolleybus",3011,3001,30.535,29.281,-1.254,2,1,1,1,3,1,NA,14,5,1.17,802.7450014,686.1068388,2,1,4,1,1,2,2,6,NA,NA,NA,NA,NA,NA,NA,1,10,NA,755.4895811,42101,3011,3,4,1,2,2,4,2,2,4,0,4,0,"white",0,0,0,1,10,NA,42.5,0,4,1,2,"urban",0,1,0,0.5
3554480101,"bus_subway_trolley",355448,1,"Subway / El",828,1025,29.744,34.594,4.85,1,1,1,1,2,1,NA,21,5,1.17,131.3471497,112.2625211,2,1,8,1,5,1,1,NA,1,50,11,4,0,2,2,3,12,NA,246.5390777,42101,828,3,2,2,0,0,0,2,2,5,0,8,0,"white",1,1,1,0,12,0,62.5,0,2,2,0,"urban",1,1,1,0
3554480102,"bus_subway_trolley",355448,1,"Subway / El",1025,828,39.748,42.871,3.123,1,1,2,2,1,5,NA,21,5,1.17,131.3471497,112.2625211,2,1,8,1,5,1,1,NA,1,50,11,4,0,2,2,3,12,NA,246.5390777,42101,828,3,2,2,0,0,0,2,2,5,0,8,0,"white",1,1,1,0,12,0,62.5,0,2,2,0,"urban",1,1,1,0
3554480201,"bus_subway_trolley",355448,2,"Subway / El",828,40,30.246,33.977,3.731,1,1,1,1,2,1,NA,21,5,1.17,150.255159,128.4232128,2,1,7,1,2,2,1,NA,1,20,43,4,0,2,2,3,8,NA,246.5390777,42101,828,3,2,2,0,0,0,2,2,5,0,7,0,"white",0,0,1,0,8,0,62.5,0,2,2,0,"urban",1,1,1,0
3554480202,"bus_subway_trolley",355448,2,"Subway / El",40,828,32.123,30.983,-1.14,1,1,2,2,1,5,NA,21,5,1.17,150.255159,128.4232128,2,1,7,1,2,2,1,NA,1,20,43,4,0,2,2,3,8,NA,246.5390777,42101,828,3,2,2,0,0,0,2,2,5,0,7,0,"white",0,0,1,0,8,0,62.5,0,2,2,0,"urban",1,1,1,0
3568880103,"bus_subway_trolley",356888,1,"Bus / trolleybus",1014,90,31.49,34.525,3.035,2,1,3,4,4,16,NA,14,5,1.17,171.1900384,146.3162721,5,2,11,1,3,1,2,1,NA,NA,NA,NA,NA,NA,NA,3,2,NA,166.9192693,42101,3034,4,2,0,1,1,0,2,5,4,1,11,1,"white",0,1,0,0,2,NA,42.5,0,2,0,1,"suburban",0,1,0,0.5
3568880203,"bus_subway_trolley",356888,2,"Bus / trolleybus",1014,90,31.49,34.525,3.035,2,1,3,4,4,16,NA,14,5,1.17,171.1900384,146.3162721,5,2,11,1,4,1,2,1,NA,NA,NA,NA,NA,NA,NA,3,2,NA,166.9192693,42101,3034,4,2,0,1,1,0,2,5,4,1,11,1,"white",0,1,0,0,2,NA,42.5,0,2,0,1,"suburban",0,1,0,0.5
3574140206,"bus_subway_trolley",357414,2,"Subway / El",65,71,8.95,7.95,-1,1,1,6,4,4,19,NA,21,5,1.12,88.32382486,78.86055791,8,1,7,1,6,1,1,NA,1,40,15,3,0,2,2,3,12,NA,195.3440029,42029,7801,5,4,1,2,2,3,2,2,6,0,7,0,"white",1,1,1,0,12,0,87.5,0,4,1,2,"rural",1,1,0,0.5
3577750301,"bus_subway_trolley",357775,3,"Bus / trolleybus",49,91,17.008,20.337,3.329,2,1,1,1,3,1,NA,14,5,1.15,119.2241993,103.6732168,2,1,3,1,1,NA,NA,NA,NA,NA,NA,NA,NA,NA,NA,1,2,NA,129.8152217,42101,49,2,4,2,1,1,4,1,2,8,0,3,0,"white",0,NA,NA,1,2,NA,175,0,4,2,1,"cbd",0,1,0,0.25
3579640101,"bus_subway_trolley",357964,1,"Subway / El",11633,75,106.283,105.176,-1.107,3,1,1,4,2,20,NA,21,5,1.12,156.3704176,139.6164443,4,1,8,1,5,1,1,NA,1,40,39,3,10,8,8,3,10,NA,175.6427398,42091,11635,5,4,2,2,2,2,1,1,7,0,8,0,"white",1,1,1,0,10,NA,125,0,4,2,2,"rural",0,0,0,0.5
3579640102,"bus_subway_trolley",357964,1,"Subway / El",75,11633,121.067,122.242,1.175,3,1,2,2,4,5,NA,21,5,1.12,156.3704176,139.6164443,4,1,8,1,5,1,1,NA,1,40,39,3,10,8,8,3,10,NA,175.6427398,42091,11635,5,4,2,2,2,2,1,1,7,0,8,0,"white",1,1,1,0,10,NA,125,0,4,2,2,"rural",0,0,0,0.5
3588880101,"bus_subway_trolley",358888,1,"Subway / El",10001,1415,73.917,78.542,4.625,3,1,1,4,4,16,NA,21,5,1.17,1041.299893,889.9999086,5,1,8,2,2,1,2,2,NA,NA,NA,NA,NA,NA,NA,3,2,NA,325.7135624,42101,1437,3,2,0,1,1,0,2,3,2,0,8,0,"black",0,1,0,0,2,NA,17.5,1,2,0,1,"urban",0,0,0,0.5
3588880102,"bus_subway_trolley",358888,1,"Subway / El",1415,1432,16.496,20.062,3.567,3,1,2,4,4,16,NA,21,5,1.17,1041.299893,889.9999086,5,1,8,2,2,1,2,2,NA,NA,NA,NA,NA,NA,NA,3,2,NA,325.7135624,42101,1437,3,2,0,1,1,0,2,3,2,0,8,0,"black",0,1,0,0,2,NA,17.5,1,2,0,1,"urban",0,0,0,0.5
3588880103,"bus_subway_trolley",358888,1,"Subway / El",1432,1437,23.34,25.894,2.554,3,1,3,4,1,6,NA,21,5,1.17,1041.299893,889.9999086,5,1,8,2,2,1,2,2,NA,NA,NA,NA,NA,NA,NA,3,2,NA,325.7135624,42101,1437,3,2,0,1,1,0,2,3,2,0,8,0,"black",0,1,0,0,2,NA,17.5,1,2,0,1,"urban",0,0,0,0.5
3588880201,"bus_subway_trolley",358888,2,"Bus / trolleybus",1437,10001,106.65,90.662,-15.988,2,1,1,1,4,1,NA,14,5,1.17,654.1380955,559.0923894,6,2,9,2,2,2,2,3,NA,NA,NA,NA,NA,NA,NA,3,2,NA,325.7135624,42101,1437,3,2,0,1,1,0,2,3,2,1,9,0,"black",0,0,0,0,2,NA,17.5,1,2,0,1,"urban",0,1,0,0.5
3588880202,"bus_subway_trolley",358888,2,"Bus / trolleybus",10001,1415,73.917,78.542,4.625,2,1,2,4,4,16,NA,14,5,1.17,654.1380955,559.0923894,6,2,9,2,2,2,2,3,NA,NA,NA,NA,NA,NA,NA,3,2,NA,325.7135624,42101,1437,3,2,0,1,1,0,2,3,2,1,9,0,"black",0,0,0,0,2,NA,17.5,1,2,0,1,"urban",0,1,0,0.5
3588880203,"bus_subway_trolley",358888,2,"Bus / trolleybus",1415,1432,16.496,20.062,3.567,2,1,3,4,4,16,NA,14,5,1.17,654.1380955,559.0923894,6,2,9,2,2,2,2,3,NA,NA,NA,NA,NA,NA,NA,3,2,NA,325.7135624,42101,1437,3,2,0,1,1,0,2,3,2,1,9,0,"black",0,0,0,0,2,NA,17.5,1,2,0,1,"urban",0,1,0,0.5
3588880204,"bus_subway_trolley",358888,2,"Bus / trolleybus",1432,1437,23.692,26.069,2.377,2,1,4,4,1,6,NA,14,5,1.17,654.1380955,559.0923894,6,2,9,2,2,2,2,3,NA,NA,NA,NA,NA,NA,NA,3,2,NA,325.7135624,42101,1437,3,2,0,1,1,0,2,3,2,1,9,0,"black",0,0,0,0,2,NA,17.5,1,2,0,1,"urban",0,1,0,0.5
3593950101,"bus_subway_trolley",359395,1,"Bus / trolleybus",62,1018,19.148,19.812,0.665,2,1,1,1,4,1,NA,14,5,1.17,117.8977564,100.7673131,5,2,11,1,5,2,2,1,NA,NA,NA,NA,NA,NA,NA,3,5,NA,264.8909442,42101,62,1,1,0,0,0,0,2,5,2,1,11,1,"white",1,0,0,0,5,NA,17.5,1,1,0,0,"cbd",0,1,1,0
3593950105,"bus_subway_trolley",359395,1,"Bus / trolleybus",1031,62,19.835,24.073,4.238,2,1,5,4,1,19,NA,14,5,1.17,117.8977564,100.7673131,5,2,11,1,5,2,2,1,NA,NA,NA,NA,NA,NA,NA,3,5,NA,264.8909442,42101,62,1,1,0,0,0,0,2,5,2,1,11,1,"white",1,0,0,0,5,NA,17.5,1,1,0,0,"cbd",0,1,1,0
3596790101,"bus_subway_trolley",359679,1,"Bus / trolleybus",807,803,13.825,16.875,3.05,2,1,1,1,4,1,NA,14,5,1.17,154.2910443,131.8726875,3,2,10,1,1,2,2,2,NA,NA,NA,NA,NA,NA,NA,3,24,NA,352.520661,42101,807,3,1,0,0,0,0,2,2,1,1,10,1,"white",0,0,0,0,24,NA,5,1,1,0,0,"urban",0,1,1,0
3604970202,"bus_subway_trolley",360497,2,"Bus / trolleybus",134,87,22.133,18.762,-3.371,1,1,2,4,2,5,NA,14,5,1.12,143.2220279,127.8768106,3,1,10,2,5,1,1,NA,1,40,21,4,0,2,2,3,4,NA,140.0677812,42101,847,3,2,1,1,1,0,1,2,7,0,10,1,"black",1,1,1,0,4,0,125,0,2,1,1,"urban",1,1,0,0.5
3604970203,"bus_subway_trolley",360497,2,"Bus / trolleybus",87,847,29.767,33.765,3.998,1,1,3,2,1,5,NA,14,5,1.12,143.2220279,127.8768106,3,1,10,2,5,1,1,NA,1,40,21,4,0,2,2,3,4,NA,140.0677812,42101,847,3,2,1,1,1,0,1,2,7,0,10,1,"black",1,1,1,0,4,0,125,0,2,1,1,"urban",1,1,0,0.5
3605510104,"bus_subway_trolley",360551,1,"Bus / trolleybus",1202,1002,19.658,21.408,1.75,2,1,4,4,1,19,NA,14,5,1.17,221.5523666,189.3609971,6,2,8,2,2,2,2,2,NA,NA,NA,NA,NA,NA,NA,3,12,NA,386.0206682,42101,1002,3,2,1,0,0,0,1,3,2,1,8,0,"black",0,0,0,0,12,NA,17.5,1,2,1,0,"urban",0,1,1,0
3605510201,"bus_subway_trolley",360551,2,"Bus / trolleybus",91,1002,39.992,36.104,-3.888,3,1,1,2,1,5,NA,14,5,1.17,137.0406882,117.1287933,4,1,9,2,2,1,1,NA,1,32,53,4,0,8,2,3,16,NA,386.0206682,42101,1002,3,2,1,0,0,0,1,3,2,0,9,0,"black",0,1,1,0,16,0,17.5,1,2,1,0,"urban",0,0,1,0
3605510204,"bus_subway_trolley",360551,2,"Bus / trolleybus",1002,91,35.667,34.667,-1,3,3,4,1,2,1,NA,14,5,1.17,137.0406882,117.1287933,4,1,9,2,2,1,1,NA,1,32,53,4,0,8,2,3,16,NA,386.0206682,42101,1002,3,2,1,0,0,0,1,3,2,0,9,0,"black",0,1,1,0,16,0,17.5,1,2,1,0,"urban",0,0,1,0
3607950102,"bus_subway_trolley",360795,1,"Bus / trolleybus",815,87,27.404,29.367,1.962,2,1,2,4,4,19,NA,14,5,1.17,99.77604637,85.27867211,4,1,11,1,3,1,1,NA,1,6,97,1,0,2,2,3,0,NA,187.1299238,34015,24021,4,1,1,1,1,0,2,1,2,0,11,1,"white",0,1,1,0,0,0,17.5,1,1,1,1,"suburban",0,1,0,1
3633010101,"bus_subway_trolley",363301,1,"Subway / El",608,4459,57.669,58.865,1.196,1,1,1,1,4,1,NA,21,5,1.17,103.5465653,88.50133782,4,1,10,1,5,2,1,NA,1,45,13,NA,NA,NA,NA,3,14,NA,214.4895483,42101,608,3,1,1,0,0,1,2,5,5,0,10,1,"white",1,0,1,0,14,NA,62.5,0,1,1,0,"urban",1,1,1,0
3633010102,"bus_subway_trolley",363301,1,"Trolley / light rail",4459,4829,61.915,65.642,3.727,1,1,2,4,4,19,NA,23,5,1.17,103.5465653,88.50133782,4,1,10,1,5,2,1,NA,1,45,13,NA,NA,NA,NA,3,14,NA,214.4895483,42101,608,3,1,1,0,0,1,2,5,5,0,10,1,"white",1,0,1,0,14,NA,62.5,0,1,1,0,"urban",1,1,1,0
3633010103,"bus_subway_trolley",363301,1,"Trolley / light rail",4829,608,113.25,112.25,-1,1,1,3,4,2,5,NA,23,5,1.17,103.5465653,88.50133782,4,1,10,1,5,2,1,NA,1,45,13,NA,NA,NA,NA,3,14,NA,214.4895483,42101,608,3,1,1,0,0,1,2,5,5,0,10,1,"white",1,0,1,0,14,NA,62.5,0,1,1,0,"urban",1,1,1,0
3633010104,"bus_subway_trolley",363301,1,"Subway / El",608,608,8.502,10.417,1.915,1,1,4,2,1,19,NA,21,5,1.17,103.5465653,88.50133782,4,1,10,1,5,2,1,NA,1,45,13,NA,NA,NA,NA,3,14,NA,214.4895483,42101,608,3,1,1,0,0,1,2,5,5,0,10,1,"white",1,0,1,0,14,NA,62.5,0,1,1,0,"urban",1,1,1,0
3637010107,"bus_subway_trolley",363701,1,"Trolley / light rail",85,1030,16.477,19.727,3.25,3,1,7,4,4,19,NA,23,5,1.15,99.78497993,86.76954776,10,1,8,1,5,1,1,NA,1,40,45,3,0,2,2,3,10,NA,85.01081176,42029,8430,4,2,2,2,2,2,1,1,8,0,8,0,"white",1,1,1,0,10,0,175,0,2,2,2,"suburban",0,0,0,1
3637010110,"bus_subway_trolley",363701,1,"Subway / El",1031,1040,22.825,26.044,3.219,3,1,10,4,4,19,NA,21,5,1.15,99.78497993,86.76954776,10,1,8,1,5,1,1,NA,1,40,45,3,0,2,2,3,10,NA,85.01081176,42029,8430,4,2,2,2,2,2,1,1,8,0,8,0,"white",1,1,1,0,10,0,175,0,2,2,2,"suburban",0,0,0,1
3657130106,"bus_subway_trolley",365713,1,"Bus / trolleybus",10,11,15.552,14.585,-0.967,2,2,6,4,1,11,NA,14,5,1.17,105.2570646,89.96330309,6,1,10,1,6,1,2,1,NA,NA,NA,NA,NA,NA,NA,3,7,NA,158.192898,42101,11,3,2,0,0,0,2,1,2,5,0,10,1,"white",1,1,0,0,7,NA,62.5,0,2,0,0,"urban",0,1,1,0
3657130207,"bus_subway_trolley",365713,2,"Bus / trolleybus",6,11,19.058,27.79,8.731,2,2,7,4,1,11,NA,14,5,1.17,112.8292727,96.4352758,7,2,10,1,6,1,2,1,NA,NA,NA,NA,NA,NA,NA,3,7,NA,158.192898,42101,11,3,2,0,0,0,2,1,2,5,1,10,1,"white",1,1,0,0,7,NA,62.5,0,2,0,0,"urban",0,1,1,0
3661170103,"bus_subway_trolley",366117,1,"Subway / El",71,4459,30.852,32.888,2.035,1,1,3,4,4,19,NA,21,5,1.17,107.6217631,91.98441287,9,1,9,1,6,1,1,NA,2,24,13,4,0,2,2,3,7,NA,340.3264668,42101,18,2,1,1,0,0,0,1,4,2,0,9,0,"white",1,1,1,0,7,0,17.5,1,1,1,0,"cbd",1,1,1,0
3673860201,"bus_subway_trolley",367386,2,"Bus / trolleybus",607,65,34.6,39.117,4.517,1,1,1,1,4,1,NA,14,5,1.17,198.1529449,169.3614914,5,2,6,1,6,1,1,NA,3,40,13,6,0,9,8,1,10,NA,201.0406376,42101,607,3,2,2,1,1,0,1,5,5,1,6,0,"white",1,1,1,1,10,NA,62.5,0,2,2,1,"urban",1,1,0,0.5
3673860203,"bus_subway_trolley",367386,2,"Bus / trolleybus",1037,607,41.55,51.908,10.358,1,1,3,4,1,16,NA,14,5,1.17,198.1529449,169.3614914,5,2,6,1,6,1,1,NA,3,40,13,6,0,9,8,1,10,NA,201.0406376,42101,607,3,2,2,1,1,0,1,5,5,1,6,0,"white",1,1,1,1,10,NA,62.5,0,2,2,1,"urban",1,1,0,0.5
3678950301,"bus_subway_trolley",367895,3,"Subway / El",819,414,33.994,34.987,0.994,2,1,1,1,3,1,NA,21,5,1.12,843.0984683,752.7664895,2,1,5,1,3,1,1,NA,1,20,35,1,0,9,8,1,12,NA,212.6459498,42101,819,3,3,2,2,2,0,1,2,6,0,5,0,"white",0,1,1,1,12,NA,87.5,0,3,2,2,"urban",0,1,0,0.666666666666667
3679490104,"bus_subway_trolley",367949,1,"Bus / trolleybus",4461,88,41.85,43.35,1.5,1,2,4,4,4,4,NA,14,5,1.17,90.45563013,77.31250438,5,2,9,100,2,1,2,1,NA,NA,NA,NA,NA,NA,NA,3,1,NA,432.8589286,42045,4451,3,4,0,1,1,3,1,5,4,1,9,0,"other",0,1,0,0,1,NA,42.5,0,4,0,1,"urban",1,1,0,0.25
3698530101,"bus_subway_trolley",369853,1,"Bus / trolleybus",2404,69,41.3,45.844,4.544,2,1,1,1,4,1,NA,14,5,1.17,133.4261006,114.0394022,2,2,9,6,2,2,2,2,NA,NA,NA,NA,NA,NA,NA,3,8,NA,317.9730521,42101,2404,3,1,0,0,0,0,2,1,1,1,9,0,"other",0,0,0,0,8,NA,5,1,1,0,0,"urban",0,1,1,0
3698530102,"bus_subway_trolley",369853,1,"Bus / trolleybus",69,2404,39.996,40.633,0.637,2,1,2,4,1,16,NA,14,5,1.17,133.4261006,114.0394022,2,2,9,6,2,2,2,2,NA,NA,NA,NA,NA,NA,NA,3,8,NA,317.9730521,42101,2404,3,1,0,0,0,0,2,1,1,1,9,0,"other",0,0,0,0,8,NA,5,1,1,0,0,"urban",0,1,1,0
3712900101,"bus_subway_trolley",371290,1,"Bus / trolleybus",4251,4251,20.99,22.292,1.302,2,1,1,1,4,1,NA,14,5,1.12,834.2561324,744.8715468,5,2,9,1,5,2,1,NA,1,63,11,6,0,3,8,3,4,NA,153.0072485,42045,4251,4,1,1,0,0,0,2,1,7,1,9,0,"white",1,0,1,0,4,NA,125,0,1,1,0,"suburban",0,1,1,0
3745500102,"bus_subway_trolley",374550,1,"Subway / El",1015,69,21.467,26.467,5,2,1,2,4,4,19,NA,21,5,1.17,186.9217936,159.7622168,6,2,8,1,4,2,2,2,NA,NA,NA,NA,NA,NA,NA,3,8,NA,305.7923578,42101,1027,3,2,0,0,0,0,2,2,2,1,8,0,"white",0,0,0,0,8,NA,17.5,1,2,0,0,"urban",0,1,1,0
3769830102,"bus_subway_trolley",376983,1,"Subway / El",115,1025,30.6,31.642,1.042,1,1,2,4,2,3,NA,21,5,1.12,111.5393811,99.58873313,3,1,8,1,5,1,1,NA,1,40,15,6,0,2,1,3,4,NA,271.848135,42101,27,3,1,1,0,0,2,1,4,7,0,8,0,"white",1,1,1,0,4,1,125,0,1,1,0,"urban",1,1,1,0
3777160101,"bus_subway_trolley",377716,1,"Bus / trolleybus",132,61,25.627,28.106,2.479,2,1,1,1,4,1,NA,14,5,1.17,1300.371076,1111.42827,4,2,8,2,5,1,2,4,NA,NA,NA,NA,NA,NA,NA,3,4,NA,193.2614659,42101,132,3,2,0,2,2,0,1,2,4,1,8,0,"black",1,1,0,0,4,NA,42.5,0,2,0,2,"urban",0,1,0,1
3777160102,"bus_subway_trolley",377716,1,"Bus / trolleybus",61,15,22.587,24.129,1.542,2,1,2,4,4,19,NA,14,5,1.17,1300.371076,1111.42827,4,2,8,2,5,1,2,4,NA,NA,NA,NA,NA,NA,NA,3,4,NA,193.2614659,42101,132,3,2,0,2,2,0,1,2,4,1,8,0,"black",1,1,0,0,4,NA,42.5,0,2,0,2,"urban",0,1,0,1
3777160104,"bus_subway_trolley",377716,1,"Bus / trolleybus",6,132,26.302,28.95,2.648,2,1,4,4,1,11,NA,14,5,1.17,1300.371076,1111.42827,4,2,8,2,5,1,2,4,NA,NA,NA,NA,NA,NA,NA,3,4,NA,193.2614659,42101,132,3,2,0,2,2,0,1,2,4,1,8,0,"black",1,1,0,0,4,NA,42.5,0,2,0,2,"urban",0,1,0,1
3777160201,"bus_subway_trolley",377716,2,"Bus / trolleybus",132,71,16.017,20.142,4.125,2,1,1,1,4,1,NA,14,5,1.17,1368.639923,1169.777712,3,2,10,2,2,1,2,1,NA,NA,NA,NA,NA,NA,NA,3,998,NA,193.2614659,42101,132,3,2,0,2,2,0,1,2,4,1,10,1,"black",0,1,0,0,NA,NA,42.5,0,2,0,2,"urban",0,1,0,1
3777160203,"bus_subway_trolley",377716,2,"Bus / trolleybus",108,132,13.796,14.371,0.575,2,1,3,4,1,6,NA,14,5,1.17,1368.639923,1169.777712,3,2,10,2,2,1,2,1,NA,NA,NA,NA,NA,NA,NA,3,998,NA,193.2614659,42101,132,3,2,0,2,2,0,1,2,4,1,10,1,"black",0,1,0,0,NA,NA,42.5,0,2,0,2,"urban",0,1,0,1
3779200101,"bus_subway_trolley",377920,1,"Bus / trolleybus",1620,3014,29.708,31.992,2.283,2,1,1,1,4,1,NA,14,5,1.13,105.7451937,93.57981743,7,1,6,1,3,2,2,4,NA,NA,NA,NA,NA,NA,NA,3,2,NA,67.27115359,42101,1620,3,2,0,0,0,1,2,2,98,0,6,0,"white",0,0,0,0,2,NA,NA,NA,2,0,0,"urban",0,1,1,0
3784140203,"bus_subway_trolley",378414,2,"Bus / trolleybus",74,10014,36.942,38.004,1.062,1,1,3,4,2,19,NA,14,5,1.12,489.9425724,437.4487254,8,1,8,1,5,1,1,NA,1,40,25,3,0,2,2,3,12,NA,466.2165315,34007,22414,3,2,2,2,2,0,2,4,7,0,8,0,"white",1,1,1,0,12,0,125,0,2,2,2,"urban",1,1,0,1
3811460204,"bus_subway_trolley",381146,2,"Subway / El",54,832,27.01,26.758,-0.252,1,1,4,4,1,11,NA,21,5,1.12,198.7683209,177.4717151,4,1,7,1,5,1,1,NA,1,36,31,4,0,2,2,3,7,NA,409.2983371,42101,846,3,5,1,1,1,2,2,1,6,0,7,0,"white",1,1,1,0,7,0,87.5,0,5,1,1,"urban",1,1,0,0.2
3825960201,"bus_subway_trolley",382596,2,"Subway / El",5011,93,53.7,62.914,9.214,1,1,1,1,2,1,NA,21,5,1.12,123.1893509,109.9904919,2,1,8,1,6,1,1,NA,2,45,23,4,0,2,2,3,10,NA,274.1580544,42045,5011,4,4,2,2,1,4,2,1,7,0,8,0,"white",1,1,1,0,10,0,125,0,4,2,2,"suburban",1,1,0,0.5
3825960202,"bus_subway_trolley",382596,2,"Subway / El",93,5011,53.406,58.275,4.869,1,1,2,2,1,5,NA,21,5,1.12,123.1893509,109.9904919,2,1,8,1,6,1,1,NA,2,45,23,4,0,2,2,3,10,NA,274.1580544,42045,5011,4,4,2,2,1,4,2,1,7,0,8,0,"white",1,1,1,0,10,0,125,0,4,2,2,"suburban",1,1,0,0.5
3828300105,"bus_subway_trolley",382830,1,"Subway / El",1610,77,41.167,49.471,8.304,1,2,5,4,2,18,NA,21,5,1.12,198.7683209,177.4717151,6,1,8,1,5,1,1,NA,1,45,13,4,0,1,2,3,10,NA,409.1648356,42101,3025,3,4,1,1,1,4,2,2,6,0,8,0,"white",1,1,1,0,10,0,87.5,0,4,1,1,"urban",1,1,0,0.25
3828300106,"bus_subway_trolley",382830,1,"Bus / trolleybus",77,3025,62.875,69.131,6.256,1,2,6,2,1,5,NA,14,5,1.12,198.7683209,177.4717151,6,1,8,1,5,1,1,NA,1,45,13,4,0,1,2,3,10,NA,409.1648356,42101,3025,3,4,1,1,1,4,2,2,6,0,8,0,"white",1,1,1,0,10,0,87.5,0,4,1,1,"urban",1,1,0,0.25
3828300302,"bus_subway_trolley",382830,3,"Bus / trolleybus",3026,1429,57.546,61.173,3.627,2,1,2,4,3,19,NA,14,5,1.12,230.3380452,205.658969,7,2,5,1,1,2,2,6,NA,NA,NA,NA,NA,NA,NA,1,10,NA,409.1648356,42101,3025,3,4,1,1,1,4,2,2,6,1,5,0,"white",0,0,0,1,10,NA,87.5,0,4,1,1,"urban",0,1,0,0.25
3828300303,"bus_subway_trolley",382830,3,"Bus / trolleybus",1429,1610,44.919,47.631,2.712,2,1,3,3,4,3,NA,14,5,1.12,230.3380452,205.658969,7,2,5,1,1,2,2,6,NA,NA,NA,NA,NA,NA,NA,1,10,NA,409.1648356,42101,3025,3,4,1,1,1,4,2,2,6,1,5,0,"white",0,0,0,1,10,NA,87.5,0,4,1,1,"urban",0,1,0,0.25
3828300304,"bus_subway_trolley",382830,3,"Bus / trolleybus",1610,3025,34.16,33.392,-0.769,2,1,4,4,1,19,NA,14,5,1.12,230.3380452,205.658969,7,2,5,1,1,2,2,6,NA,NA,NA,NA,NA,NA,NA,1,10,NA,409.1648356,42101,3025,3,4,1,1,1,4,2,2,6,1,5,0,"white",0,0,0,1,10,NA,87.5,0,4,1,1,"urban",0,1,0,0.25
3840300101,"bus_subway_trolley",384030,1,"Bus / trolleybus",1201,1227,32.858,39.396,6.538,2,1,1,1,4,1,NA,14,5,1.17,180.9541442,154.6616617,2,2,11,2,2,2,2,1,NA,NA,NA,NA,NA,NA,NA,3,6,NA,282.3252531,42101,1201,3,2,1,0,0,0,2,1,2,1,11,1,"black",0,0,0,0,6,NA,17.5,1,2,1,0,"urban",0,1,1,0
3840300102,"bus_subway_trolley",384030,1,"Bus / trolleybus",1227,1201,40.695,47.146,6.451,2,1,2,4,1,10,NA,14,5,1.17,180.9541442,154.6616617,2,2,11,2,2,2,2,1,NA,NA,NA,NA,NA,NA,NA,3,6,NA,282.3252531,42101,1201,3,2,1,0,0,0,2,1,2,1,11,1,"black",0,0,0,0,6,NA,17.5,1,2,1,0,"urban",0,1,1,0
3854510101,"bus_subway_trolley",385451,1,"Bus / trolleybus",12217,2436,75.037,74.787,-0.25,1,1,1,1,2,1,NA,14,5,1.17,100.6019376,85.98456203,4,1,10,1,6,1,1,NA,2,25,43,4,0,3,2,3,6,NA,155.282038,42091,12217,3,2,2,1,1,1,2,1,5,0,10,1,"white",1,1,1,0,6,0,62.5,0,2,2,1,"urban",1,1,0,0.5
3863520105,"bus_subway_trolley",386352,1,"Bus / trolleybus",62,43,12.606,14.238,1.631,2,3,5,1,4,1,NA,14,5,1.12,97.57268366,87.11846755,6,1,11,1,6,1,2,1,NA,NA,NA,NA,NA,NA,NA,3,14,NA,142.8656295,42101,62,1,1,0,0,0,0,2,5,6,0,11,1,"white",1,1,0,0,14,NA,87.5,0,1,0,0,"cbd",0,1,1,0
3863520106,"bus_subway_trolley",386352,1,"Bus / trolleybus",43,62,11.338,12.5,1.162,2,3,6,4,1,16,NA,14,5,1.12,97.57268366,87.11846755,6,1,11,1,6,1,2,1,NA,NA,NA,NA,NA,NA,NA,3,14,NA,142.8656295,42101,62,1,1,0,0,0,0,2,5,6,0,11,1,"white",1,1,0,0,14,NA,87.5,0,1,0,0,"cbd",0,1,1,0
3881100104,"bus_subway_trolley",388110,1,"Subway / El",1428,2603,24.317,23.969,-0.348,3,1,4,4,4,14,NA,21,5,1.17,340.1825985,290.7543577,5,1,8,4,2,1,1,NA,2,60,17,4,0,8,2,3,10,NA,269.8869014,42101,2602,3,1,1,1,1,0,2,2,3,0,8,0,"other",0,1,1,0,10,0,30,1,1,1,1,"urban",0,0,0,1
3891190103,"bus_subway_trolley",389119,1,"Bus / trolleybus",1040,1012,29.438,29.981,0.544,1,1,3,4,2,19,NA,14,5,1.17,156.5550686,133.8077509,6,2,10,1,5,1,1,NA,1,40,11,4,0,2,1,3,20,NA,190.1257082,42101,2417,3,1,1,1,1,0,2,4,5,1,10,1,"white",1,1,1,0,20,1,62.5,0,1,1,1,"urban",1,1,0,1
3891190104,"bus_subway_trolley",389119,1,"Bus / trolleybus",1012,1012,17.783,16.36,-1.423,1,1,4,2,2,5,NA,14,5,1.17,156.5550686,133.8077509,6,2,10,1,5,1,1,NA,1,40,11,4,0,2,1,3,20,NA,190.1257082,42101,2417,3,1,1,1,1,0,2,4,5,1,10,1,"white",1,1,1,0,20,1,62.5,0,1,1,1,"urban",1,1,0,1
3892120103,"bus_subway_trolley",389212,1,"Bus / trolleybus",90,51,13.796,13.656,-0.14,1,1,3,4,2,19,NA,14,5,1.15,103.9354896,90.37868658,10,1,9,1,6,1,1,NA,1,40,19,4,1,2,1,3,10,NA,97.91940843,42091,12233,4,3,2,2,2,1,2,1,8,0,9,0,"white",1,1,1,0,10,1,175,0,3,2,2,"suburban",1,1,0,0.666666666666667
3892120104,"bus_subway_trolley",389212,1,"Subway / El",51,90,18.273,18.581,0.308,1,1,4,2,4,5,NA,21,5,1.15,103.9354896,90.37868658,10,1,9,1,6,1,1,NA,1,40,19,4,1,2,1,3,10,NA,97.91940843,42091,12233,4,3,2,2,2,1,2,1,8,0,9,0,"white",1,1,1,0,10,1,175,0,3,2,2,"suburban",1,1,0,0.666666666666667
3893490101,"bus_subway_trolley",389349,1,"Subway / El",4455,1018,54.742,57.45,2.708,2,1,1,1,4,1,NA,21,5,1.17,92.08870332,78.70829343,2,1,10,1,5,1,2,1,NA,NA,NA,NA,NA,NA,NA,3,6,NA,272.969932,42045,4455,3,1,0,1,1,0,2,2,1,0,10,1,"white",1,1,0,0,6,NA,5,1,1,0,1,"urban",0,1,0,1
3893490102,"bus_subway_trolley",389349,1,"Subway / El",1018,4455,46.95,50.679,3.729,2,1,2,4,1,13,NA,21,5,1.17,92.08870332,78.70829343,2,1,10,1,5,1,2,1,NA,NA,NA,NA,NA,NA,NA,3,6,NA,272.969932,42045,4455,3,1,0,1,1,0,2,2,1,0,10,1,"white",1,1,0,0,6,NA,5,1,1,0,1,"urban",0,1,0,1
3900760203,"bus_subway_trolley",390076,2,"Bus / trolleybus",3019,91,52.35,55.1,2.75,1,1,3,4,2,19,NA,14,5,1.12,440.5698852,393.3659689,4,1,6,1,5,1,1,NA,1,40,11,1,0,3,2,3,0,NA,159.8994346,42091,11844,4,5,2,3,3,2,2,1,7,0,6,0,"white",1,1,1,0,0,0,125,0,5,2,3,"suburban",1,1,0,0.6
3904970101,"bus_subway_trolley",390497,1,"Bus / trolleybus",2806,2806,11.042,10.825,-0.217,2,1,1,1,4,1,NA,14,5,1.17,118.227388,101.0490496,5,2,10,1,4,2,2,1,NA,NA,NA,NA,NA,NA,NA,3,10,NA,167.2017771,42101,2806,3,1,0,0,0,0,2,5,5,1,10,1,"white",0,0,0,0,10,NA,62.5,0,1,0,0,"urban",0,1,1,0
3904970102,"bus_subway_trolley",390497,1,"Bus / trolleybus",2806,3401,24.067,28.521,4.454,2,1,2,4,4,16,NA,14,5,1.17,118.227388,101.0490496,5,2,10,1,4,2,2,1,NA,NA,NA,NA,NA,NA,NA,3,10,NA,167.2017771,42101,2806,3,1,0,0,0,0,2,5,5,1,10,1,"white",0,0,0,0,10,NA,62.5,0,1,0,0,"urban",0,1,1,0
3904970103,"bus_subway_trolley",390497,1,"Bus / trolleybus",3401,2806,38.907,22.985,-15.921,2,1,3,4,1,11,NA,14,5,1.17,118.227388,101.0490496,5,2,10,1,4,2,2,1,NA,NA,NA,NA,NA,NA,NA,3,10,NA,167.2017771,42101,2806,3,1,0,0,0,0,2,5,5,1,10,1,"white",0,0,0,0,10,NA,62.5,0,1,0,0,"urban",0,1,1,0
3905510101,"bus_subway_trolley",390551,1,"Bus / trolleybus",3,95,26.462,28.083,1.621,1,1,1,1,2,1,NA,14,5,1.15,153.7609132,133.7051419,2,2,9,1,6,1,1,NA,1,60,23,4,0,9,8,3,1,NA,101.8948412,42101,3,3,3,3,2,1,1,1,2,8,1,9,0,"white",1,1,1,0,1,NA,175,0,3,3,2,"urban",1,1,0,0.666666666666667
3923520101,"bus_subway_trolley",392352,1,"Bus / trolleybus",813,7,30.34,36.369,6.029,2,1,1,1,4,1,NA,14,5,1.17,507.4567215,433.7236936,3,2,9,2,3,1,2,1,NA,NA,NA,NA,NA,NA,NA,3,5,NA,430.8675256,42101,813,3,5,2,1,1,3,2,2,5,1,9,0,"black",0,1,0,0,5,NA,62.5,0,5,2,1,"urban",0,1,0,0.2
3923520103,"bus_subway_trolley",392352,1,"Bus / trolleybus",7,813,30.885,33.215,2.329,2,1,3,4,1,19,NA,14,5,1.17,507.4567215,433.7236936,3,2,9,2,3,1,2,1,NA,NA,NA,NA,NA,NA,NA,3,5,NA,430.8675256,42101,813,3,5,2,1,1,3,2,2,5,1,9,0,"black",0,1,0,0,5,NA,62.5,0,5,2,1,"urban",0,1,0,0.2
3923520501,"bus_subway_trolley",392352,5,"Bus / trolleybus",813,7,27.223,31.069,3.846,2,1,1,1,3,1,NA,14,5,1.17,596.8433186,510.1224945,3,2,2,2,1,NA,NA,NA,NA,NA,NA,NA,NA,NA,NA,1,NA,NA,430.8675256,42101,813,3,5,2,1,1,3,2,2,5,1,2,0,"black",0,NA,NA,1,NA,NA,62.5,0,5,2,1,"urban",0,1,0,0.2
3923520503,"bus_subway_trolley",392352,5,"Bus / trolleybus",7,813,31.254,33.163,1.908,2,1,3,4,1,19,NA,14,5,1.17,596.8433186,510.1224945,3,2,2,2,1,NA,NA,NA,NA,NA,NA,NA,NA,NA,NA,1,NA,NA,430.8675256,42101,813,3,5,2,1,1,3,2,2,5,1,2,0,"black",0,NA,NA,1,NA,NA,62.5,0,5,2,1,"urban",0,1,0,0.2
3929400102,"bus_subway_trolley",392940,1,"Subway / El",1210,57,30.583,31.333,0.75,1,1,2,4,2,19,NA,21,5,1.17,461.8075608,394.707317,7,2,8,2,6,1,1,NA,1,45,21,3,0,2,2,3,4,NA,403.8795995,42101,1234,3,2,1,1,1,1,2,2,5,1,8,0,"black",1,1,1,0,4,0,62.5,0,2,1,1,"urban",1,1,0,0.5
3929400104,"bus_subway_trolley",392940,1,"Subway / El",76,1210,32.146,32.896,0.75,1,1,4,4,4,1,NA,21,5,1.17,461.8075608,394.707317,7,2,8,2,6,1,1,NA,1,45,21,3,0,2,2,3,4,NA,403.8795995,42101,1234,3,2,1,1,1,1,2,2,5,1,8,0,"black",1,1,1,0,4,0,62.5,0,2,1,1,"urban",1,1,0,0.5
3936810103,"bus_subway_trolley",393681,1,"Subway / El",69,1040,17.75,19.25,1.5,1,1,3,4,4,19,NA,21,5,1.12,151.0637068,134.8783096,8,2,7,1,3,1,1,NA,1,35,25,4,2,2,2,2,10,NA,139.1904107,34007,22418,4,2,2,2,2,2,2,1,6,1,7,0,"white",0,1,1,1,10,0,87.5,0,2,2,2,"suburban",1,1,0,1
3941850105,"bus_subway_trolley",394185,1,"Bus / trolleybus",12411,15618,84.8,NA,NA,2,2,5,4,4,19,NA,14,5,1.17,93.04236937,79.52339263,7,2,11,1,2,1,2,1,NA,NA,NA,NA,NA,NA,NA,3,0,NA,114.3827195,42091,10402,4,1,0,1,1,0,2,1,1,1,11,1,"white",0,1,0,0,0,NA,5,1,1,0,1,"suburban",0,1,0,1
3949980102,"bus_subway_trolley",394998,1,"Bus / trolleybus",15,42,15.606,17.233,1.627,2,1,2,4,1,8,NA,14,5,1.12,140.0288573,125.0257654,2,2,10,1,6,1,2,1,NA,NA,NA,NA,NA,NA,NA,3,4,NA,148.9647419,42101,42,1,2,0,1,1,0,2,5,6,1,10,1,"white",1,1,0,0,4,NA,87.5,0,2,0,1,"cbd",0,1,0,0.5
3966890102,"bus_subway_trolley",396689,1,"Bus / trolleybus",624,1203,66.696,78,11.304,1,1,2,2,1,5,NA,14,5,1.17,427.4949746,365.3803201,4,2,6,100,2,2,1,NA,1,20,53,4,0,8,8,3,12,NA,933.5652095,42101,1203,3,4,1,1,1,2,2,2,1,1,6,0,"other",0,0,1,0,12,NA,5,1,4,1,1,"urban",1,1,0,0.25
3966890103,"bus_subway_trolley",396689,1,"Bus / trolleybus",1203,624,72.342,74.667,2.325,1,2,3,1,2,1,NA,14,5,1.17,427.4949746,365.3803201,4,2,6,100,2,2,1,NA,1,20,53,4,0,8,8,3,12,NA,933.5652095,42101,1203,3,4,1,1,1,2,2,2,1,1,6,0,"other",0,0,1,0,12,NA,5,1,4,1,1,"urban",1,1,0,0.25
3966890104,"bus_subway_trolley",396689,1,"Bus / trolleybus",624,1203,70.36,75.888,5.527,1,2,4,2,1,5,NA,14,5,1.17,427.4949746,365.3803201,4,2,6,100,2,2,1,NA,1,20,53,4,0,8,8,3,12,NA,933.5652095,42101,1203,3,4,1,1,1,2,2,2,1,1,6,0,"other",0,0,1,0,12,NA,5,1,4,1,1,"urban",1,1,0,0.25
3998300101,"bus_subway_trolley",399830,1,"Bus / trolleybus",97,76,13.975,16.448,2.473,1,1,1,1,2,1,NA,14,5,1.17,266.4983744,227.7763884,3,2,11,99,3,1,1,NA,1,12,43,4,0,2,2,3,6,NA,369.0836306,42101,97,1,1,1,1,1,9,2,5,3,1,11,1,NA,0,1,1,0,6,0,30,1,1,1,1,"cbd",1,1,0,1
3998560101,"bus_subway_trolley",399856,1,"Bus / trolleybus",30,3209,48.358,66.983,18.625,1,1,1,1,2,1,NA,14,5,1.17,132.5983284,113.3319046,2,2,8,1,5,1,1,NA,1,998,41,1,0,9,8,3,12,NA,401.2987738,42101,30,3,1,1,0,0,0,1,3,3,1,8,0,"white",1,1,1,0,12,NA,30,1,1,1,0,"urban",1,1,1,0
4004890307,"bus_subway_trolley",400489,3,"Subway / El",4451,4459,22.294,24.837,2.544,3,2,7,4,4,19,NA,21,5,1.12,82.67301432,73.81519135,9,2,5,1,3,1,1,NA,3,30,27,4,2,3,2,1,4,NA,321.1171779,42091,10226,4,5,3,1,1,3,2,1,6,1,5,0,"white",0,1,1,1,4,0,87.5,0,5,3,1,"suburban",0,0,0,0.2
4004890308,"bus_subway_trolley",400489,3,"Bus / trolleybus",4459,4451,23.171,22.983,-0.188,3,2,8,4,2,19,NA,14,5,1.12,82.67301432,73.81519135,9,2,5,1,3,1,1,NA,3,30,27,4,2,3,2,1,4,NA,321.1171779,42091,10226,4,5,3,1,1,3,2,1,6,1,5,0,"white",0,1,1,1,4,0,87.5,0,5,3,1,"suburban",0,0,0,0.2
4005130103,"bus_subway_trolley",400513,1,"Bus / trolleybus",404,814,47.104,45.619,-1.485,2,2,3,1,4,1,NA,14,5,1.17,184.4696912,157.6664028,4,2,7,1,3,1,2,4,NA,NA,NA,NA,NA,NA,NA,3,2,NA,422.9128024,42101,404,3,1,0,0,0,1,1,3,2,1,7,0,"white",0,1,0,0,2,NA,17.5,1,1,0,0,"urban",0,1,1,0
4005130104,"bus_subway_trolley",400513,1,"Bus / trolleybus",814,404,53.383,53.49,0.106,2,2,4,4,1,12,NA,14,5,1.17,184.4696912,157.6664028,4,2,7,1,3,1,2,4,NA,NA,NA,NA,NA,NA,NA,3,2,NA,422.9128024,42101,404,3,1,0,0,0,1,1,3,2,1,7,0,"white",0,1,0,0,2,NA,17.5,1,1,0,0,"urban",0,1,1,0
4013690103,"bus_subway_trolley",401369,1,"Bus / trolleybus",1040,1040,23.665,24.227,0.562,1,1,3,4,4,19,NA,14,5,1.15,244.5575719,212.6587582,12,1,8,1,6,1,1,NA,1,38,15,4,2,3,1,3,8,NA,152.9869213,42029,8010,4,4,2,4,4,3,1,1,8,0,8,0,"white",1,1,1,0,8,1,175,0,4,2,4,"suburban",1,1,0,1
4013690106,"bus_subway_trolley",401369,1,"Subway / El",1036,1040,20.885,20.135,-0.75,1,1,6,4,4,19,NA,21,5,1.15,244.5575719,212.6587582,12,1,8,1,6,1,1,NA,1,38,15,4,2,3,1,3,8,NA,152.9869213,42029,8010,4,4,2,4,4,3,1,1,8,0,8,0,"white",1,1,1,0,8,1,175,0,4,2,4,"suburban",1,1,0,1
4032620102,"bus_subway_trolley",403262,1,"Subway / El",819,411,33.231,34.333,1.102,1,1,2,4,4,19,NA,21,5,1.17,133.0612283,113.7275455,6,1,6,1,6,1,1,NA,1,50,19,4,2,2,2,1,14,NA,246.5390777,42101,819,3,2,2,0,0,0,1,2,5,0,6,0,"white",1,1,1,1,14,0,62.5,0,2,2,0,"urban",1,1,1,0
4032620105,"bus_subway_trolley",403262,1,"Subway / El",411,819,34.021,35.896,1.875,1,1,5,4,4,19,NA,21,5,1.17,133.0612283,113.7275455,6,1,6,1,6,1,1,NA,1,50,19,4,2,2,2,1,14,NA,246.5390777,42101,819,3,2,2,0,0,0,1,2,5,0,6,0,"white",1,1,1,1,14,0,62.5,0,2,2,0,"urban",1,1,1,0
4032620202,"bus_subway_trolley",403262,2,"Subway / El",819,76,22.402,23.417,1.015,1,1,2,4,4,19,NA,21,5,1.17,125.6366862,107.3817831,8,2,5,1,5,1,1,NA,1,50,25,4,0,2,2,3,14,NA,246.5390777,42101,819,3,2,2,0,0,0,1,2,5,1,5,0,"white",1,1,1,0,14,0,62.5,0,2,2,0,"urban",1,1,1,0
4032620203,"bus_subway_trolley",403262,2,"Subway / El",76,65,12.681,13.067,0.385,1,1,3,4,4,19,NA,21,5,1.17,125.6366862,107.3817831,8,2,5,1,5,1,1,NA,1,50,25,4,0,2,2,3,14,NA,246.5390777,42101,819,3,2,2,0,0,0,1,2,5,1,5,0,"white",1,1,1,0,14,0,62.5,0,2,2,0,"urban",1,1,1,0
4032620206,"bus_subway_trolley",403262,2,"Subway / El",65,76,11.1,10.85,-0.25,1,1,6,4,4,19,NA,21,5,1.17,125.6366862,107.3817831,8,2,5,1,5,1,1,NA,1,50,25,4,0,2,2,3,14,NA,246.5390777,42101,819,3,2,2,0,0,0,1,2,5,1,5,0,"white",1,1,1,0,14,0,62.5,0,2,2,0,"urban",1,1,1,0
4032620207,"bus_subway_trolley",403262,2,"Subway / El",76,819,25.55,27.894,2.344,1,1,7,4,4,19,NA,21,5,1.17,125.6366862,107.3817831,8,2,5,1,5,1,1,NA,1,50,25,4,0,2,2,3,14,NA,246.5390777,42101,819,3,2,2,0,0,0,1,2,5,1,5,0,"white",1,1,1,0,14,0,62.5,0,2,2,0,"urban",1,1,1,0
4046210101,"bus_subway_trolley",404621,1,"Bus / trolleybus",2801,2807,20.99,24.921,3.931,3,1,1,1,3,1,NA,14,5,1.17,427.4949746,365.3803201,2,2,5,5,1,2,2,6,NA,NA,NA,NA,NA,NA,NA,1,2,NA,689.0697941,42101,2801,3,4,2,1,1,0,98,98,2,1,5,0,"asian",0,0,0,1,2,NA,17.5,1,4,2,1,"urban",0,0,0,0.25
4046210401,"bus_subway_trolley",404621,4,"Bus / trolleybus",2801,135,57.706,57.017,-0.69,2,1,1,1,3,1,NA,14,5,1.17,486.4596661,415.7774924,3,2,5,5,3,2,2,6,NA,NA,NA,NA,NA,NA,NA,1,2,NA,689.0697941,42101,2801,3,4,2,1,1,0,98,98,2,1,5,0,"asian",0,0,0,1,2,NA,17.5,1,4,2,1,"urban",0,1,0,0.25
4048490102,"bus_subway_trolley",404849,1,"Bus / trolleybus",50,1005,31.892,36.688,4.796,2,1,2,4,4,14,NA,14,5,1.12,98.0197984,87.51767714,6,1,10,1,6,1,2,1,NA,NA,NA,NA,NA,NA,NA,3,10,NA,115.0018813,42101,31,3,2,0,0,0,0,2,1,6,0,10,1,"white",1,1,0,0,10,NA,87.5,0,2,0,0,"urban",0,1,1,0
4048490103,"bus_subway_trolley",404849,1,"Bus / trolleybus",1005,31,33.748,39.34,5.592,2,1,3,4,1,8,NA,14,5,1.12,98.0197984,87.51767714,6,1,10,1,6,1,2,1,NA,NA,NA,NA,NA,NA,NA,3,10,NA,115.0018813,42101,31,3,2,0,0,0,0,2,1,6,0,10,1,"white",1,1,0,0,10,NA,87.5,0,2,0,0,"urban",0,1,1,0
4048490104,"bus_subway_trolley",404849,1,"Bus / trolleybus",31,15,27.067,24.779,-2.287,2,2,4,1,4,1,NA,14,5,1.12,98.0197984,87.51767714,6,1,10,1,6,1,2,1,NA,NA,NA,NA,NA,NA,NA,3,10,NA,115.0018813,42101,31,3,2,0,0,0,0,2,1,6,0,10,1,"white",1,1,0,0,10,NA,87.5,0,2,0,0,"urban",0,1,1,0
4048490105,"bus_subway_trolley",404849,1,"Bus / trolleybus",15,30,14.8,19.14,4.34,2,2,5,4,4,8,NA,14,5,1.12,98.0197984,87.51767714,6,1,10,1,6,1,2,1,NA,NA,NA,NA,NA,NA,NA,3,10,NA,115.0018813,42101,31,3,2,0,0,0,0,2,1,6,0,10,1,"white",1,1,0,0,10,NA,87.5,0,2,0,0,"urban",0,1,1,0
4048490204,"bus_subway_trolley",404849,2,"Bus / trolleybus",30,41,18.396,25.831,7.435,2,2,4,4,4,19,NA,14,5,1.12,106.597086,95.17596962,8,2,10,1,2,1,2,1,NA,NA,NA,NA,NA,NA,NA,3,3,NA,115.0018813,42101,31,3,2,0,0,0,0,2,1,6,1,10,1,"white",0,1,0,0,3,NA,87.5,0,2,0,0,"urban",0,1,1,0
4056480103,"bus_subway_trolley",405648,1,"Bus / trolleybus",40,50,29.975,21.267,-8.708,1,1,3,4,1,11,NA,14,5,1.17,247.1820269,211.2666896,3,2,6,1,5,1,1,NA,1,45,19,4,0,3,2,3,15,NA,345.5485017,42101,50,2,1,1,1,1,0,2,4,5,1,6,0,"white",1,1,1,0,15,0,62.5,0,1,1,1,"cbd",1,1,0,1
4061050102,"bus_subway_trolley",406105,1,"Subway / El",414,1415,20.671,21.981,1.31,1,1,2,2,4,5,NA,21,5,1.15,119.3958382,103.822468,4,1,10,1,6,1,1,NA,1,40,25,4,7,2,2,3,0,NA,58.23014861,42101,2411,3,2,2,2,2,0,1,2,10,0,10,1,"white",1,1,1,0,0,0,300,0,2,2,2,"urban",1,1,0,1
4061050103,"bus_subway_trolley",406105,1,"Subway / El",1415,414,25.288,28.233,2.946,1,1,3,4,2,16,NA,21,5,1.15,119.3958382,103.822468,4,1,10,1,6,1,1,NA,1,40,25,4,7,2,2,3,0,NA,58.23014861,42101,2411,3,2,2,2,2,0,1,2,10,0,10,1,"white",1,1,1,0,0,0,300,0,2,2,2,"urban",1,1,0,1
4063470105,"bus_subway_trolley",406347,1,"Bus / trolleybus",48,1025,13.983,14.692,0.708,2,4,5,1,3,1,NA,14,5,1.15,99.42147825,86.45345935,7,2,6,5,6,1,98,6,NA,NA,NA,NA,NA,NA,NA,1,4,NA,92.98155407,42101,48,1,2,1,0,0,2,2,3,8,1,6,0,"asian",1,1,NA,1,4,NA,175,0,2,1,0,"cbd",0,1,1,0
4071630201,"bus_subway_trolley",407163,2,"Bus / trolleybus",836,846,13.369,14.467,1.098,2,1,1,1,4,1,NA,14,5,1.17,390.6184586,333.8619304,4,2,5,1,5,2,2,4,NA,NA,NA,NA,NA,NA,NA,3,6,NA,414.5095097,42101,836,3,2,1,1,1,0,2,2,2,1,5,0,"white",1,0,0,0,6,NA,17.5,1,2,1,1,"urban",0,1,0,0.5
4071630202,"bus_subway_trolley",407163,2,"Bus / trolleybus",846,836,19.5,20.788,1.288,2,1,2,4,1,16,NA,14,5,1.17,390.6184586,333.8619304,4,2,5,1,5,2,2,4,NA,NA,NA,NA,NA,NA,NA,3,6,NA,414.5095097,42101,836,3,2,1,1,1,0,2,2,2,1,5,0,"white",1,0,0,0,6,NA,17.5,1,2,1,1,"urban",0,1,0,0.5
4071860201,"bus_subway_trolley",407186,2,"Bus / trolleybus",2639,846,59.315,58.61,-0.704,2,1,1,1,3,1,NA,14,5,1.17,650.2178489,555.7417512,3,2,4,2,1,2,2,6,NA,NA,NA,NA,NA,NA,NA,1,10,NA,403.8795995,42101,2639,3,2,1,1,1,0,2,2,5,1,4,0,"black",0,0,0,1,10,NA,62.5,0,2,1,1,"urban",0,1,0,0.5
4071860202,"bus_subway_trolley",407186,2,"Bus / trolleybus",846,2639,64.283,70.85,6.567,2,1,2,3,4,3,NA,14,5,1.17,650.2178489,555.7417512,3,2,4,2,1,2,2,6,NA,NA,NA,NA,NA,NA,NA,1,10,NA,403.8795995,42101,2639,3,2,1,1,1,0,2,2,5,1,4,0,"black",0,0,0,1,10,NA,62.5,0,2,1,1,"urban",0,1,0,0.5
4074350302,"bus_subway_trolley",407435,3,"Bus / trolleybus",4254,6007,NA,NA,NA,2,1,2,4,4,19,NA,14,5,1.17,113.4903619,97.0003093,4,2,5,1,2,2,2,6,NA,NA,NA,NA,NA,NA,NA,2,0,NA,240.374327,42045,4254,4,4,0,1,1,0,2,1,2,1,5,0,"white",0,0,0,1,0,NA,17.5,1,4,0,1,"suburban",0,1,0,0.25
4074350303,"bus_subway_trolley",407435,3,"Bus / trolleybus",6007,5029,NA,NA,NA,2,1,3,4,3,19,NA,14,5,1.17,113.4903619,97.0003093,4,2,5,1,2,2,2,6,NA,NA,NA,NA,NA,NA,NA,2,0,NA,240.374327,42045,4254,4,4,0,1,1,0,2,1,2,1,5,0,"white",0,0,0,1,0,NA,17.5,1,4,0,1,"suburban",0,1,0,0.25
4090670101,"bus_subway_trolley",409067,1,"Bus / trolleybus",42,55,16.408,19.521,3.113,2,1,1,1,4,1,NA,14,5,1.17,114.349999,97.73504187,3,2,10,1,5,1,2,1,NA,NA,NA,NA,NA,NA,NA,3,4,NA,248.0558183,42101,42,1,1,0,0,0,0,1,5,5,1,10,1,"white",1,1,0,0,4,NA,62.5,0,1,0,0,"cbd",0,1,1,0
4090670103,"bus_subway_trolley",409067,1,"Bus / trolleybus",39,42,14.981,12.546,-2.435,2,1,3,4,1,8,NA,14,5,1.17,114.349999,97.73504187,3,2,10,1,5,1,2,1,NA,NA,NA,NA,NA,NA,NA,3,4,NA,248.0558183,42101,42,1,1,0,0,0,0,1,5,5,1,10,1,"white",1,1,0,0,4,NA,62.5,0,1,0,0,"cbd",0,1,1,0
4110250303,"bus_subway_trolley",411025,3,"Bus / trolleybus",4449,4460,33.467,34.045,0.579,2,1,3,4,4,12,NA,14,5,1.17,3184.185391,2721.525975,4,1,5,1,3,2,2,6,NA,NA,NA,NA,NA,NA,NA,1,10,NA,433.6318411,42045,4442,3,3,1,0,0,0,2,2,1,0,5,0,"white",0,0,0,1,10,NA,5,1,3,1,0,"urban",0,1,1,0
4110640102,"bus_subway_trolley",411064,1,"Bus / trolleybus",2419,2424,17.892,20.283,2.392,2,1,2,4,4,19,NA,14,5,1.17,110.3835456,94.34491078,5,1,10,1,5,1,2,1,NA,NA,NA,NA,NA,NA,NA,3,9,NA,345.3436582,42101,2417,3,1,0,0,0,0,2,5,2,0,10,1,"white",1,1,0,0,9,NA,17.5,1,1,0,0,"urban",0,1,1,0
4120580201,"bus_subway_trolley",412058,2,"Bus / trolleybus",608,80,36.65,39.208,2.558,1,1,1,1,4,1,NA,14,5,1.15,163.4554993,142.1352167,6,1,7,1,4,2,1,NA,1,55,27,4,0,2,2,3,10,NA,149.3680069,42101,608,3,3,2,1,1,2,2,2,8,0,7,0,"white",0,0,1,0,10,0,175,0,3,2,1,"urban",1,1,0,0.333333333333333
4120580206,"bus_subway_trolley",412058,2,"Bus / trolleybus",73,608,27.454,28.325,0.871,1,1,6,2,1,17,NA,14,5,1.15,163.4554993,142.1352167,6,1,7,1,4,2,1,NA,1,55,27,4,0,2,2,3,10,NA,149.3680069,42101,608,3,3,2,1,1,2,2,2,8,0,7,0,"white",0,0,1,0,10,0,175,0,3,2,1,"urban",1,1,0,0.333333333333333
4120580301,"bus_subway_trolley",412058,3,"Bus / trolleybus",608,80,36.65,39.208,2.558,2,1,1,1,4,1,NA,14,5,1.15,127.200094,110.6087774,2,1,1,1,1,NA,NA,NA,NA,NA,NA,NA,NA,NA,NA,2,NA,NA,149.3680069,42101,608,3,3,2,1,1,2,2,2,8,0,1,0,"white",0,NA,NA,1,NA,NA,175,0,3,2,1,"urban",0,1,0,0.333333333333333
4120580302,"bus_subway_trolley",412058,3,"Bus / trolleybus",80,608,31.806,32.744,0.938,2,1,2,4,1,3,NA,14,5,1.15,127.200094,110.6087774,2,1,1,1,1,NA,NA,NA,NA,NA,NA,NA,NA,NA,NA,2,NA,NA,149.3680069,42101,608,3,3,2,1,1,2,2,2,8,0,1,0,"white",0,NA,NA,1,NA,NA,175,0,3,2,1,"urban",0,1,0,0.333333333333333
4120860101,"bus_subway_trolley",412086,1,"Bus / trolleybus",3602,70,56.617,57.117,0.5,2,1,1,1,4,1,NA,14,5,1.17,261.2447067,223.2860741,8,2,10,1,2,2,2,1,NA,NA,NA,NA,NA,NA,NA,3,4,NA,278.3041239,42101,2817,4,2,0,1,1,0,2,2,3,1,10,1,"white",0,0,0,0,4,NA,30,1,2,0,1,"suburban",0,1,0,0.5
4120860107,"bus_subway_trolley",412086,1,"Subway / El",72,1607,37.425,37.6,0.175,2,1,7,4,4,19,NA,21,5,1.17,261.2447067,223.2860741,8,2,10,1,2,2,2,1,NA,NA,NA,NA,NA,NA,NA,3,4,NA,278.3041239,42101,2817,4,2,0,1,1,0,2,2,3,1,10,1,"white",0,0,0,0,4,NA,30,1,2,0,1,"suburban",0,1,0,0.5
4120860108,"bus_subway_trolley",412086,1,"Bus / trolleybus",1607,3602,30.642,42.181,11.54,2,1,8,4,1,19,NA,14,5,1.17,261.2447067,223.2860741,8,2,10,1,2,2,2,1,NA,NA,NA,NA,NA,NA,NA,3,4,NA,278.3041239,42101,2817,4,2,0,1,1,0,2,2,3,1,10,1,"white",0,0,0,0,4,NA,30,1,2,0,1,"suburban",0,1,0,0.5
4122150101,"bus_subway_trolley",412215,1,"Bus / trolleybus",1011,117,30.479,32.952,2.473,1,1,1,1,4,1,NA,14,5,1.13,100.6149921,89.03981601,6,1,7,1,5,1,1,NA,1,40,15,4,0,2,2,3,17,NA,184.8813335,42101,1011,3,4,1,0,0,2,1,2,99,0,7,0,"white",1,1,1,0,17,0,NA,NA,4,1,0,"urban",1,1,1,0
4122150103,"bus_subway_trolley",412215,1,"Bus / trolleybus",76,1025,21.717,20.694,-1.023,1,1,3,4,2,6,NA,14,5,1.13,100.6149921,89.03981601,6,1,7,1,5,1,1,NA,1,40,15,4,0,2,2,3,17,NA,184.8813335,42101,1011,3,4,1,0,0,2,1,2,99,0,7,0,"white",1,1,1,0,17,0,NA,NA,4,1,0,"urban",1,1,1,0
4122150106,"bus_subway_trolley",412215,1,"Bus / trolleybus",1025,1011,27.642,30.148,2.506,1,1,6,2,1,5,NA,14,5,1.13,100.6149921,89.03981601,6,1,7,1,5,1,1,NA,1,40,15,4,0,2,2,3,17,NA,184.8813335,42101,1011,3,4,1,0,0,2,1,2,99,0,7,0,"white",1,1,1,0,17,0,NA,NA,4,1,0,"urban",1,1,1,0
4122150201,"bus_subway_trolley",412215,2,"Bus / trolleybus",1011,72,29.692,30.4,0.708,1,1,1,1,2,1,NA,14,5,1.13,100.6149921,89.03981601,5,1,7,1,6,2,2,4,NA,NA,NA,NA,NA,NA,NA,3,17,NA,184.8813335,42101,1011,3,4,1,0,0,2,1,2,99,0,7,0,"white",1,0,0,0,17,NA,NA,NA,4,1,0,"urban",1,1,1,0
4122150202,"bus_subway_trolley",412215,2,"Bus / trolleybus",72,1011,33.06,37.421,4.36,1,1,2,2,1,5,NA,14,5,1.13,100.6149921,89.03981601,5,1,7,1,6,2,2,4,NA,NA,NA,NA,NA,NA,NA,3,17,NA,184.8813335,42101,1011,3,4,1,0,0,2,1,2,99,0,7,0,"white",1,0,0,0,17,NA,NA,NA,4,1,0,"urban",1,1,1,0
4122150301,"bus_subway_trolley",412215,3,"Bus / trolleybus",1011,135,39.119,41.846,2.727,2,1,1,1,3,1,NA,14,5,1.13,102.4156415,90.63331102,3,2,4,1,1,2,2,6,NA,NA,NA,NA,NA,NA,NA,1,12,NA,184.8813335,42101,1011,3,4,1,0,0,2,1,2,99,1,4,0,"white",0,0,0,1,12,NA,NA,NA,4,1,0,"urban",0,1,1,0
4122150401,"bus_subway_trolley",412215,4,"Bus / trolleybus",1011,118,30.446,32.9,2.454,2,1,1,1,3,1,NA,14,5,1.13,99.79322598,88.31258937,2,1,2,1,1,NA,NA,NA,NA,NA,NA,NA,NA,NA,NA,1,NA,NA,184.8813335,42101,1011,3,4,1,0,0,2,1,2,99,0,2,0,"white",0,NA,NA,1,NA,NA,NA,NA,4,1,0,"urban",0,1,1,0
4135390101,"bus_subway_trolley",413539,1,"Bus / trolleybus",1408,426,32.208,45.742,13.533,2,1,1,1,4,1,NA,14,5,1.17,213.6226069,182.5834247,2,2,11,2,1,2,2,2,NA,NA,NA,NA,NA,NA,NA,3,4,NA,317.9730521,42101,1408,3,1,0,0,0,0,2,1,1,1,11,1,"black",0,0,0,0,4,NA,5,1,1,0,0,"urban",0,1,1,0
4135390102,"bus_subway_trolley",413539,1,"Bus / trolleybus",426,1408,35.712,36.654,0.942,2,1,2,4,1,16,NA,14,5,1.17,213.6226069,182.5834247,2,2,11,2,1,2,2,2,NA,NA,NA,NA,NA,NA,NA,3,4,NA,317.9730521,42101,1408,3,1,0,0,0,0,2,1,1,1,11,1,"black",0,0,0,0,4,NA,5,1,1,0,0,"urban",0,1,1,0
4151420401,"bus_subway_trolley",415142,4,"Bus / trolleybus",12246,12233,29.917,29.917,0,1,1,1,1,2,1,NA,14,5,1.17,785.5055064,671.3722277,2,1,5,5,6,2,1,NA,1,40,39,4,0,8,2,3,8,NA,279.9583392,42091,12246,3,4,4,3,3,2,1,2,5,0,5,0,"asian",1,0,1,0,8,0,62.5,0,4,4,3,"urban",1,1,0,0.75
4151420402,"bus_subway_trolley",415142,4,"Bus / trolleybus",12233,12246,44.206,46.783,2.577,1,1,2,2,1,11,NA,14,5,1.17,785.5055064,671.3722277,2,1,5,5,6,2,1,NA,1,40,39,4,0,8,2,3,8,NA,279.9583392,42091,12246,3,4,4,3,3,2,1,2,5,0,5,0,"asian",1,0,1,0,8,0,62.5,0,4,4,3,"urban",1,1,0,0.75
4156900102,"bus_subway_trolley",415690,1,"Bus / trolleybus",2436,12239,56.15,56.15,0,1,1,2,4,4,96,NA,14,5,1.17,113.9099531,97.35893424,6,2,6,99,5,2,1,NA,2,40,17,4,0,3,2,3,10,NA,318.6405375,42101,2436,3,1,1,0,0,0,2,5,4,1,6,0,NA,1,0,1,0,10,0,42.5,0,1,1,0,"urban",1,1,1,0
4156900105,"bus_subway_trolley",415690,1,"Bus / trolleybus",12239,2436,60.275,60.275,0,1,1,5,4,4,96,NA,14,5,1.17,113.9099531,97.35893424,6,2,6,99,5,2,1,NA,2,40,17,4,0,3,2,3,10,NA,318.6405375,42101,2436,3,1,1,0,0,0,2,5,4,1,6,0,NA,1,0,1,0,10,0,42.5,0,1,1,0,"urban",1,1,1,0
4161520201,"bus_subway_trolley",416152,2,"Bus / trolleybus",1613,15620,47.35,51.225,3.875,2,1,1,1,4,1,NA,14,5,1.17,572.5486159,489.3577914,2,2,5,1,2,2,2,6,NA,NA,NA,NA,NA,NA,NA,2,6,NA,331.6047336,42101,1613,3,2,0,1,1,0,2,2,3,1,5,0,"white",0,0,0,1,6,NA,30,1,2,0,1,"urban",0,1,0,0.5
4161520202,"bus_subway_trolley",416152,2,"Bus / trolleybus",15620,1613,53.85,53.85,0,2,1,2,4,1,2,NA,14,5,1.17,572.5486159,489.3577914,2,2,5,1,2,2,2,6,NA,NA,NA,NA,NA,NA,NA,2,6,NA,331.6047336,42101,1613,3,2,0,1,1,0,2,2,3,1,5,0,"white",0,0,0,1,6,NA,30,1,2,0,1,"urban",0,1,0,0.5
4165810101,"bus_subway_trolley",416581,1,"Subway / El",1027,131,35.146,37.892,2.746,1,1,1,1,2,1,NA,21,5,1.17,133.9088266,114.4519886,6,2,6,1,5,1,1,NA,3,25,43,4,0,8,1,2,6,NA,443.9604921,42101,1027,3,1,1,0,0,1,2,3,2,1,6,0,"white",1,1,1,1,6,1,17.5,1,1,1,0,"urban",1,1,1,0
4165810102,"bus_subway_trolley",416581,1,"Subway / El",131,24,25.473,28.077,2.604,1,1,2,2,4,5,NA,21,5,1.17,133.9088266,114.4519886,6,2,6,1,5,1,1,NA,3,25,43,4,0,8,1,2,6,NA,443.9604921,42101,1027,3,1,1,0,0,1,2,3,2,1,6,0,"white",1,1,1,1,6,1,17.5,1,1,1,0,"urban",1,1,1,0
4165810105,"bus_subway_trolley",416581,1,"Bus / trolleybus",30,58,21.835,28.825,6.99,2,2,5,3,4,3,NA,14,5,1.17,133.9088266,114.4519886,6,2,6,1,5,1,1,NA,3,25,43,4,0,8,1,2,6,NA,443.9604921,42101,1027,3,1,1,0,0,1,2,3,2,1,6,0,"white",1,1,1,1,6,1,17.5,1,1,1,0,"urban",0,1,1,0
4166930101,"bus_subway_trolley",416693,1,"Subway / El",804,88,31.896,35.277,3.381,1,1,1,1,2,1,NA,21,5,1.12,517.656024,462.1928786,6,1,8,1,5,1,1,NA,1,42,11,1,0,9,8,3,8,NA,234.0848624,42101,804,3,2,1,2,2,0,2,2,7,0,8,0,"white",1,1,1,0,8,NA,125,0,2,1,2,"urban",1,1,0,1
4166930104,"bus_subway_trolley",416693,1,"Subway / El",88,804,33.225,34.377,1.152,1,1,4,2,1,5,NA,21,5,1.12,517.656024,462.1928786,6,1,8,1,5,1,1,NA,1,42,11,1,0,9,8,3,8,NA,234.0848624,42101,804,3,2,1,2,2,0,2,2,7,0,8,0,"white",1,1,1,0,8,NA,125,0,2,1,2,"urban",1,1,0,1
4166930201,"bus_subway_trolley",416693,2,"Subway / El",804,5,28.887,27.85,-1.037,2,1,1,1,4,1,NA,21,5,1.12,517.656024,462.1928786,3,1,8,1,6,1,99,2,NA,NA,NA,NA,NA,NA,NA,3,2,NA,234.0848624,42101,804,3,2,1,2,2,0,2,2,7,0,8,0,"white",1,1,NA,0,2,NA,125,0,2,1,2,"urban",0,1,0,1
4169530401,"bus_subway_trolley",416953,4,"Subway / El",16037,74,NA,NA,NA,1,1,1,1,2,1,NA,21,5,1.12,584.6061601,521.9697858,2,2,5,1,5,1,1,NA,1,40,13,4,0,1,1,3,10,NA,187.5678974,42017,16037,5,4,4,4,3,2,2,1,6,1,5,0,"white",1,1,1,0,10,1,87.5,0,4,4,4,"rural",1,1,0,1
4169530402,"bus_subway_trolley",416953,4,"Subway / El",74,16037,NA,NA,NA,1,1,2,2,1,5,NA,21,5,1.12,584.6061601,521.9697858,2,2,5,1,5,1,1,NA,1,40,13,4,0,1,1,3,10,NA,187.5678974,42017,16037,5,4,4,4,3,2,2,1,6,1,5,0,"white",1,1,1,0,10,1,87.5,0,4,4,4,"rural",1,1,0,1
4182700101,"bus_subway_trolley",418270,1,"Bus / trolleybus",12219,12211,NA,NA,NA,2,1,1,1,4,1,NA,14,5,1.17,98.26455087,83.98679561,5,1,9,1,6,1,2,1,NA,NA,NA,NA,NA,NA,NA,3,2,NA,97.34688475,42091,12219,4,1,0,1,0,0,2,1,2,0,9,0,"white",1,1,0,0,2,NA,17.5,1,1,0,1,"suburban",0,1,0,1
4182700105,"bus_subway_trolley",418270,1,"Bus / trolleybus",12208,12219,NA,NA,NA,2,1,5,4,1,8,NA,14,5,1.17,98.26455087,83.98679561,5,1,9,1,6,1,2,1,NA,NA,NA,NA,NA,NA,NA,3,2,NA,97.34688475,42091,12219,4,1,0,1,0,0,2,1,2,0,9,0,"white",1,1,0,0,2,NA,17.5,1,1,0,1,"suburban",0,1,0,1
4195770402,"bus_subway_trolley",419577,4,"Subway / El",3032,91,74.6,76.1,1.5,1,1,2,4,2,19,NA,21,5,1.12,1240.137457,1107.265586,4,1,6,1,3,1,1,NA,1,25,25,3,0,2,2,3,10,NA,366.605881,42101,3617,4,4,3,3,3,2,2,2,6,0,6,0,"white",0,1,1,0,10,0,87.5,0,4,3,3,"suburban",1,1,0,0.75
4212940101,"bus_subway_trolley",421294,1,"Subway / El",10226,126,NA,NA,NA,3,1,1,2,2,1,NA,21,5,1.12,141.2142124,126.0841182,2,2,9,1,5,1,1,NA,1,44,13,9,0,9,8,3,12,NA,91.07796866,42091,10226,4,2,1,3,3,2,2,1,7,1,9,0,"white",1,1,1,0,12,NA,125,0,2,1,3,"suburban",0,0,0,1.5
4212940102,"bus_subway_trolley",421294,1,"Subway / El",126,10226,NA,NA,NA,3,1,2,2,1,5,NA,21,5,1.12,141.2142124,126.0841182,2,2,9,1,5,1,1,NA,1,44,13,9,0,9,8,3,12,NA,91.07796866,42091,10226,4,2,1,3,3,2,2,1,7,1,9,0,"white",1,1,1,0,12,NA,125,0,2,1,3,"suburban",0,0,0,1.5
4218280101,"bus_subway_trolley",421828,1,"Subway / El",822,2415,51.883,52.873,0.99,1,1,1,1,2,2,NA,21,5,1.12,108.5508336,96.92038715,3,2,6,1,6,1,1,NA,1,45,25,4,0,3,2,3,12,NA,172.1268987,42101,822,3,2,2,0,0,1,1,2,6,1,6,0,"white",1,1,1,0,12,0,87.5,0,2,2,0,"urban",1,1,1,0
4218280103,"bus_subway_trolley",421828,1,"Subway / El",3034,822,97.15,100.992,3.842,1,1,3,4,1,3,NA,21,5,1.12,108.5508336,96.92038715,3,2,6,1,6,1,1,NA,1,45,25,4,0,3,2,3,12,NA,172.1268987,42101,822,3,2,2,0,0,1,1,2,6,1,6,0,"white",1,1,1,0,12,0,87.5,0,2,2,0,"urban",1,1,1,0
4218280201,"bus_subway_trolley",421828,2,"Bus / trolleybus",822,1229,44.494,45.481,0.988,1,1,1,1,2,1,NA,14,5,1.12,112.436437,100.3896759,3,1,6,1,5,1,1,NA,1,50,25,4,0,3,2,2,10,NA,172.1268987,42101,822,3,2,2,0,0,1,1,2,6,0,6,0,"white",1,1,1,1,10,0,87.5,0,2,2,0,"urban",1,1,1,0
4218890201,"bus_subway_trolley",421889,2,"Subway / El",805,91,28.475,34.05,5.575,1,1,1,1,2,1,NA,21,5,1.12,199.5212541,178.1439768,2,1,9,1,5,1,1,NA,1,24,98,4,0,9,8,3,4,NA,287.1623204,42101,805,3,3,3,2,2,2,2,2,6,0,9,0,"white",1,1,1,0,4,NA,87.5,0,3,3,2,"urban",1,1,0,0.666666666666667
4218890202,"bus_subway_trolley",421889,2,"Subway / El",91,805,31.004,31.821,0.817,1,1,2,2,1,5,NA,21,5,1.12,199.5212541,178.1439768,2,1,9,1,5,1,1,NA,1,24,98,4,0,9,8,3,4,NA,287.1623204,42101,805,3,3,3,2,2,2,2,2,6,0,9,0,"white",1,1,1,0,4,NA,87.5,0,3,3,2,"urban",1,1,0,0.666666666666667
4226400104,"bus_subway_trolley",422640,1,"Subway / El",10422,4459,47.685,51.435,3.75,1,1,4,4,4,19,NA,21,5,1.15,134.5595063,117.0082663,7,1,6,1,6,1,1,NA,1,40,23,4,0,2,2,3,7,NA,149.3680069,42101,125,3,3,2,1,1,3,2,2,8,0,6,0,"white",1,1,1,0,7,0,175,0,3,2,1,"urban",1,1,0,0.333333333333333
4226400105,"bus_subway_trolley",422640,1,"Subway / El",4459,125,43.7,44.7,1,1,1,5,4,1,19,NA,21,5,1.15,134.5595063,117.0082663,7,1,6,1,6,1,1,NA,1,40,23,4,0,2,2,3,7,NA,149.3680069,42101,125,3,3,2,1,1,3,2,2,8,0,6,0,"white",1,1,1,0,7,0,175,0,3,2,1,"urban",1,1,0,0.333333333333333
4226400202,"bus_subway_trolley",422640,2,"Subway / El",125,117,27.81,19.835,-7.975,1,1,2,4,2,18,NA,21,5,1.15,126.448223,109.9549766,4,2,6,1,6,1,1,NA,1,50,23,4,1,2,1,3,10,NA,149.3680069,42101,125,3,3,2,1,1,3,2,2,8,1,6,0,"white",1,1,1,0,10,1,175,0,3,2,1,"urban",1,1,0,0.333333333333333
4226400203,"bus_subway_trolley",422640,2,"Subway / El",117,117,7.154,7.929,0.775,1,1,3,2,2,5,NA,21,5,1.15,126.448223,109.9549766,4,2,6,1,6,1,1,NA,1,50,23,4,1,2,1,3,10,NA,149.3680069,42101,125,3,3,2,1,1,3,2,2,8,1,6,0,"white",1,1,1,0,10,1,175,0,3,2,1,"urban",1,1,0,0.333333333333333
4237420101,"bus_subway_trolley",423742,1,"Bus / trolleybus",10602,80,NA,NA,NA,1,1,1,1,2,1,NA,14,5,1.12,82.67301432,73.81519135,2,1,8,1,5,1,1,NA,1,40,13,3,0,1,1,3,10,NA,153.7090146,42091,10602,5,5,1,3,3,4,2,1,7,0,8,0,"white",1,1,1,0,10,1,125,0,5,1,3,"rural",1,1,0,0.6
4247090101,"bus_subway_trolley",424709,1,"Bus / trolleybus",49,1028,22.467,26.471,4.004,1,1,1,1,2,1,NA,14,5,1.17,120.6476429,103.1176435,4,2,6,1,6,1,1,NA,1,40,25,4,0,8,2,3,7,NA,318.6405375,42101,49,2,1,1,0,0,0,2,4,5,1,6,0,"white",1,1,1,0,7,0,62.5,0,1,1,0,"cbd",1,1,1,0
4275100401,"bus_subway_trolley",427510,4,"Bus / trolleybus",3215,846,64.148,65.577,1.429,2,1,1,1,3,1,NA,14,5,1.17,326.4072109,278.9805222,8,2,5,1,1,1,1,NA,1,10,35,2,0,8,8,1,10,NA,469.9974671,42101,3215,4,4,1,1,1,0,2,2,3,1,5,0,"white",0,1,1,1,10,NA,30,1,4,1,1,"suburban",0,1,0,0.25
4275100402,"bus_subway_trolley",427510,4,"Bus / trolleybus",846,808,27.265,36.817,9.552,2,1,2,3,4,3,NA,14,5,1.17,326.4072109,278.9805222,8,2,5,1,1,1,1,NA,1,10,35,2,0,8,8,1,10,NA,469.9974671,42101,3215,4,4,1,1,1,0,2,2,3,1,5,0,"white",0,1,1,1,10,NA,30,1,4,1,1,"suburban",0,1,0,0.25
4276150101,"bus_subway_trolley",427615,1,"Bus / trolleybus",21,1025,24.715,27.667,2.952,1,1,1,1,2,1,NA,14,5,1.12,186.2376005,166.2835719,4,2,8,1,6,1,1,NA,1,35,25,4,0,8,1,3,2,NA,312.7658348,42101,21,2,3,2,1,0,1,2,2,7,1,8,0,"white",1,1,1,0,2,1,125,0,3,2,1,"cbd",1,1,0,0.333333333333333
4276150102,"bus_subway_trolley",427615,1,"Subway / El",1025,69,23.467,24.467,1,1,1,2,2,4,5,NA,21,5,1.12,186.2376005,166.2835719,4,2,8,1,6,1,1,NA,1,35,25,4,0,8,1,3,2,NA,312.7658348,42101,21,2,3,2,1,0,1,2,2,7,1,8,0,"white",1,1,1,0,2,1,125,0,3,2,1,"cbd",1,1,0,0.333333333333333
4302550101,"bus_subway_trolley",430255,1,"Bus / trolleybus",4461,5011,48.015,45.571,-2.444,2,1,1,1,4,1,NA,14,5,1.17,430.1772544,367.672867,5,2,10,1,2,2,2,1,NA,NA,NA,NA,NA,NA,NA,3,5,NA,221.0071427,42045,4461,4,1,0,0,0,0,2,2,3,1,10,1,"white",0,0,0,0,5,NA,30,1,1,0,0,"suburban",0,1,1,0
4310310101,"bus_subway_trolley",431031,1,"Trolley / light rail",103,1036,11.908,12.533,0.625,1,1,1,1,2,1,NA,23,5,1.17,113.9099531,97.35893424,3,2,6,5,5,1,1,NA,1,15,19,4,0,1,1,1,17,NA,318.6405375,42101,103,1,1,1,0,0,0,1,5,5,1,6,0,"asian",1,1,1,1,17,1,62.5,0,1,1,0,"cbd",1,1,1,0
4312300101,"bus_subway_trolley",431230,1,"Bus / trolleybus",3207,93,36.35,45.854,9.504,3,1,1,1,2,1,NA,14,5,1.12,539.8327943,481.9935663,3,1,6,1,5,1,1,NA,1,40,13,3,0,2,1,3,10,NA,210.3458359,42101,3207,3,2,2,2,2,2,2,2,7,0,6,0,"white",1,1,1,0,10,1,125,0,2,2,2,"urban",0,0,0,1
4320260101,"bus_subway_trolley",432026,1,"Bus / trolleybus",619,829,53.344,58.556,5.212,1,1,1,1,2,1,NA,14,5,1.17,496.3693308,424.2472913,2,1,7,1,1,2,1,NA,1,20,13,4,0,2,2,3,2,NA,379.4674862,42101,619,3,3,1,1,1,0,2,2,4,0,7,0,"white",0,0,1,0,2,0,42.5,0,3,1,1,"urban",1,1,0,0.333333333333333
4320260102,"bus_subway_trolley",432026,1,"Bus / trolleybus",829,619,59.629,65.735,6.106,1,1,2,2,1,5,NA,14,5,1.17,496.3693308,424.2472913,2,1,7,1,1,2,1,NA,1,20,13,4,0,2,2,3,2,NA,379.4674862,42101,619,3,3,1,1,1,0,2,2,4,0,7,0,"white",0,0,1,0,2,0,42.5,0,3,1,1,"urban",1,1,0,0.333333333333333
4322080101,"bus_subway_trolley",432208,1,"Bus / trolleybus",1425,95,31.733,34.833,3.1,1,1,1,1,2,1,NA,14,5,1.17,337.29507,288.2863846,4,2,7,3,2,2,1,NA,1,35,43,1,0,2,2,3,10,NA,616.7457714,42101,1425,3,4,1,0,0,0,2,2,4,1,7,0,"hispanic",0,0,1,0,10,0,42.5,0,4,1,0,"urban",1,1,1,0
4322080102,"bus_subway_trolley",432208,1,"Bus / trolleybus",95,1425,46.233,46.552,0.319,1,1,2,2,1,5,NA,14,5,1.17,337.29507,288.2863846,4,2,7,3,2,2,1,NA,1,35,43,1,0,2,2,3,10,NA,616.7457714,42101,1425,3,4,1,0,0,0,2,2,4,1,7,0,"hispanic",0,0,1,0,10,0,42.5,0,4,1,0,"urban",1,1,1,0
4322080104,"bus_subway_trolley",432208,1,"Bus / trolleybus",1415,1425,23.727,23.51,-0.217,2,2,4,4,1,12,NA,14,5,1.17,337.29507,288.2863846,4,2,7,3,2,2,1,NA,1,35,43,1,0,2,2,3,10,NA,616.7457714,42101,1425,3,4,1,0,0,0,2,2,4,1,7,0,"hispanic",0,0,1,0,10,0,42.5,0,4,1,0,"urban",0,1,1,0
4333730103,"bus_subway_trolley",433373,1,"Bus / trolleybus",2614,1616,22.812,31.025,8.212,2,2,3,4,4,6,NA,14,5,1.17,235.9193675,201.6404851,4,2,9,1,4,1,2,2,NA,NA,NA,NA,NA,NA,NA,3,4,NA,256.8845842,42101,3205,4,2,1,1,1,0,2,2,2,1,9,0,"white",0,1,0,0,4,NA,17.5,1,2,1,1,"suburban",0,1,0,0.5
4342350302,"bus_subway_trolley",434235,3,"Bus / trolleybus",137,92,21.712,27.046,5.333,2,1,2,3,4,3,NA,14,5,1.12,302.3643828,269.9681989,4,2,3,1,1,NA,NA,NA,NA,NA,NA,NA,NA,NA,NA,1,12,NA,295.2216189,42101,2432,4,5,2,2,2,4,1,1,7,1,3,0,"white",0,NA,NA,1,12,NA,125,0,5,2,2,"suburban",0,1,0,0.4
4352930302,"bus_subway_trolley",435293,3,"Bus / trolleybus",3615,2821,59.273,59.975,0.702,2,1,2,3,1,3,NA,14,5,1.12,226.1308492,201.9025439,2,1,4,1,1,2,2,6,NA,NA,NA,NA,NA,NA,NA,1,5,NA,251.3888522,42101,2821,4,3,2,2,2,1,2,1,6,0,4,0,"white",0,0,0,1,5,NA,87.5,0,3,2,2,"suburban",0,1,0,0.666666666666667
4364010101,"bus_subway_trolley",436401,1,"Bus / trolleybus",36,58,14.898,16.7,1.802,2,1,1,1,4,1,NA,14,5,1.17,125.0501048,106.8804314,2,2,11,1,4,1,2,1,NA,NA,NA,NA,NA,NA,NA,3,0,NA,164.381274,42101,36,3,1,0,0,0,0,2,2,4,1,11,1,"white",0,1,0,0,0,NA,42.5,0,1,0,0,"urban",0,1,1,0
4369530101,"bus_subway_trolley",436953,1,"Bus / trolleybus",3209,3221,44.892,31.667,-13.225,1,1,1,1,2,1,NA,14,5,1.17,134.5277623,114.9809934,2,2,9,1,2,2,1,NA,1,37,11,4,0,3,2,3,10,NA,293.3707508,42101,3209,3,1,1,0,0,3,2,2,3,1,9,0,"white",0,0,1,0,10,0,30,1,1,1,0,"urban",1,1,1,0
4369530102,"bus_subway_trolley",436953,1,"Bus / trolleybus",3221,3209,NA,33.983,NA,1,1,2,2,1,5,NA,14,5,1.17,134.5277623,114.9809934,2,2,9,1,2,2,1,NA,1,37,11,4,0,3,2,3,10,NA,293.3707508,42101,3209,3,1,1,0,0,3,2,2,3,1,9,0,"white",0,0,1,0,10,0,30,1,1,1,0,"urban",1,1,1,0
4381540101,"bus_subway_trolley",438154,1,"Bus / trolleybus",140,90,26.608,28.283,1.675,1,1,1,1,2,1,NA,14,5,1.12,189.7804184,169.4468022,2,2,6,1,6,1,1,NA,2,38,19,4,1,2,1,3,5,NA,186.541371,42101,140,3,2,2,1,1,2,2,2,6,1,6,0,"white",1,1,1,0,5,1,87.5,0,2,2,1,"urban",1,1,0,0.5
4381540102,"bus_subway_trolley",438154,1,"Bus / trolleybus",90,140,23.815,23.998,0.183,1,1,2,2,1,5,NA,14,5,1.12,189.7804184,169.4468022,2,2,6,1,6,1,1,NA,2,38,19,4,1,2,1,3,5,NA,186.541371,42101,140,3,2,2,1,1,2,2,2,6,1,6,0,"white",1,1,1,0,5,1,87.5,0,2,2,1,"urban",1,1,0,0.5
4384840102,"bus_subway_trolley",438484,1,"Subway / El",834,74,18.925,21.425,2.5,1,1,2,4,4,19,NA,21,5,1.15,118.2254606,102.8047484,10,1,6,5,6,1,1,NA,1,40,17,4,0,2,1,3,10,NA,66.89625544,42101,834,3,2,2,1,1,0,1,2,9,0,6,0,"asian",1,1,1,0,10,1,225,0,2,2,1,"urban",1,1,0,0.5
4384840103,"bus_subway_trolley",438484,1,"Trolley / light rail",74,82,6.775,7.65,0.875,1,1,3,4,4,19,NA,23,5,1.15,118.2254606,102.8047484,10,1,6,5,6,1,1,NA,1,40,17,4,0,2,1,3,10,NA,66.89625544,42101,834,3,2,2,1,1,0,1,2,9,0,6,0,"asian",1,1,1,0,10,1,225,0,2,2,1,"urban",1,1,0,0.5
4384840107,"bus_subway_trolley",438484,1,"Subway / El",74,834,16.983,17.733,0.75,1,1,7,4,4,19,NA,21,5,1.15,118.2254606,102.8047484,10,1,6,5,6,1,1,NA,1,40,17,4,0,2,1,3,10,NA,66.89625544,42101,834,3,2,2,1,1,0,1,2,9,0,6,0,"asian",1,1,1,0,10,1,225,0,2,2,1,"urban",1,1,0,0.5
4384840202,"bus_subway_trolley",438484,2,"Subway / El",834,74,20.425,21.425,1,1,1,2,4,4,19,NA,21,5,1.15,120.9977128,105.2154024,9,2,6,1,6,1,1,NA,1,45,13,4,1,2,2,3,10,NA,66.89625544,42101,834,3,2,2,1,1,0,1,2,9,1,6,0,"white",1,1,1,0,10,0,225,0,2,2,1,"urban",1,1,0,0.5
4384840203,"bus_subway_trolley",438484,2,"Trolley / light rail",74,82,7.025,8.356,1.331,1,1,3,4,4,19,NA,23,5,1.15,120.9977128,105.2154024,9,2,6,1,6,1,1,NA,1,45,13,4,1,2,2,3,10,NA,66.89625544,42101,834,3,2,2,1,1,0,1,2,9,1,6,0,"white",1,1,1,0,10,0,225,0,2,2,1,"urban",1,1,0,0.5
4384840206,"bus_subway_trolley",438484,2,"Subway / El",74,834,15.483,14.983,-0.5,1,1,6,4,4,19,NA,21,5,1.15,120.9977128,105.2154024,9,2,6,1,6,1,1,NA,1,45,13,4,1,2,2,3,10,NA,66.89625544,42101,834,3,2,2,1,1,0,1,2,9,1,6,0,"white",1,1,1,0,10,0,225,0,2,2,1,"urban",1,1,0,0.5
4387350101,"bus_subway_trolley",438735,1,"Bus / trolleybus",1237,4440,53.398,45.898,-7.5,3,1,1,4,4,16,NA,14,5,1.17,272.0063197,232.4840339,3,1,5,2,4,1,2,2,NA,NA,NA,NA,NA,NA,NA,3,6,NA,228.5125741,42101,1212,3,1,0,0,0,0,2,1,2,0,5,0,"black",0,1,0,0,6,NA,17.5,1,1,0,0,"urban",0,0,1,0
4387350102,"bus_subway_trolley",438735,1,"Bus / trolleybus",4440,1213,34.642,38.831,4.19,3,1,2,4,4,19,NA,14,5,1.17,272.0063197,232.4840339,3,1,5,2,4,1,2,2,NA,NA,NA,NA,NA,NA,NA,3,6,NA,228.5125741,42101,1212,3,1,0,0,0,0,2,1,2,0,5,0,"black",0,1,0,0,6,NA,17.5,1,1,0,0,"urban",0,0,1,0
4398290101,"bus_subway_trolley",439829,1,"Subway / El",36,844,21.702,22.883,1.181,1,1,1,1,2,1,NA,21,5,1.12,134.0184423,119.6593235,2,1,10,1,3,1,1,NA,1,35,11,4,0,2,2,3,10,NA,125.9905753,42101,36,3,2,2,1,1,0,2,2,7,0,10,1,"white",0,1,1,0,10,0,125,0,2,2,1,"urban",1,1,0,0.5
4398290102,"bus_subway_trolley",439829,1,"Subway / El",844,36,23.967,25.802,1.835,1,1,2,2,1,5,NA,21,5,1.12,134.0184423,119.6593235,2,1,10,1,3,1,1,NA,1,35,11,4,0,2,2,3,10,NA,125.9905753,42101,36,3,2,2,1,1,0,2,2,7,0,10,1,"white",0,1,1,0,10,0,125,0,2,2,1,"urban",1,1,0,0.5
4408390102,"bus_subway_trolley",440839,1,"Bus / trolleybus",2428,2615,35.594,41.008,5.415,2,1,2,4,4,19,NA,14,5,1.17,152.4528328,130.3015665,11,2,8,2,5,1,2,4,NA,NA,NA,NA,NA,NA,NA,3,14,NA,181.6613454,42101,2420,3,1,0,0,0,0,2,2,4,1,8,0,"black",1,1,0,0,14,NA,42.5,0,1,0,0,"urban",0,1,1,0
4408390103,"bus_subway_trolley",440839,1,"Subway / El",2615,1031,49.152,61.9,12.748,2,1,3,4,4,19,NA,21,5,1.17,152.4528328,130.3015665,11,2,8,2,5,1,2,4,NA,NA,NA,NA,NA,NA,NA,3,14,NA,181.6613454,42101,2420,3,1,0,0,0,0,2,2,4,1,8,0,"black",1,1,0,0,14,NA,42.5,0,1,0,0,"urban",0,1,1,0
4408390105,"bus_subway_trolley",440839,1,"Subway / El",1031,3014,60.421,68.877,8.456,2,1,5,4,4,19,NA,21,5,1.17,152.4528328,130.3015665,11,2,8,2,5,1,2,4,NA,NA,NA,NA,NA,NA,NA,3,14,NA,181.6613454,42101,2420,3,1,0,0,0,0,2,2,4,1,8,0,"black",1,1,0,0,14,NA,42.5,0,1,0,0,"urban",0,1,1,0
4408390108,"bus_subway_trolley",440839,1,"Bus / trolleybus",2620,12238,43.694,45.004,1.31,2,1,8,4,4,19,NA,14,5,1.17,152.4528328,130.3015665,11,2,8,2,5,1,2,4,NA,NA,NA,NA,NA,NA,NA,3,14,NA,181.6613454,42101,2420,3,1,0,0,0,0,2,2,4,1,8,0,"black",1,1,0,0,14,NA,42.5,0,1,0,0,"urban",0,1,1,0
4408390111,"bus_subway_trolley",440839,1,"Bus / trolleybus",12238,2420,NA,NA,NA,2,1,11,4,1,96,NA,14,5,1.17,152.4528328,130.3015665,11,2,8,2,5,1,2,4,NA,NA,NA,NA,NA,NA,NA,3,14,NA,181.6613454,42101,2420,3,1,0,0,0,0,2,2,4,1,8,0,"black",1,1,0,0,14,NA,42.5,0,1,0,0,"urban",0,1,1,0
4409010201,"bus_subway_trolley",440901,2,"Bus / trolleybus",422,88,35.219,43.587,8.369,2,1,1,1,4,1,NA,14,5,1.17,2445.527229,2090.194213,2,2,6,2,3,1,2,3,NA,NA,NA,NA,NA,NA,NA,3,4,NA,1019.897822,42101,422,3,5,0,1,1,3,1,2,1,1,6,0,"black",0,1,0,0,4,NA,5,1,5,0,1,"urban",0,1,0,0.2
4409010202,"bus_subway_trolley",440901,2,"Subway / El",88,422,38.55,40.192,1.642,2,1,2,4,1,9,NA,21,5,1.17,2445.527229,2090.194213,2,2,6,2,3,1,2,3,NA,NA,NA,NA,NA,NA,NA,3,4,NA,1019.897822,42101,422,3,5,0,1,1,3,1,2,1,1,6,0,"black",0,1,0,0,4,NA,5,1,5,0,1,"urban",0,1,0,0.2
4409010301,"bus_subway_trolley",440901,3,"Subway / El",422,88,35.219,43.587,8.369,3,1,1,1,4,1,NA,21,5,1.17,1391.911062,1189.667574,2,1,3,2,1,NA,NA,NA,NA,NA,NA,NA,NA,NA,NA,1,10,NA,1019.897822,42101,422,3,5,0,1,1,3,1,2,1,0,3,0,"black",0,NA,NA,1,10,NA,5,1,5,0,1,"urban",0,0,0,0.2
4409010302,"bus_subway_trolley",440901,3,"Bus / trolleybus",88,1409,43.875,46.085,2.21,3,1,2,4,4,20,NA,14,5,1.17,1391.911062,1189.667574,2,1,3,2,1,NA,NA,NA,NA,NA,NA,NA,NA,NA,NA,1,10,NA,1019.897822,42101,422,3,5,0,1,1,3,1,2,1,0,3,0,"black",0,NA,NA,1,10,NA,5,1,5,0,1,"urban",0,0,0,0.2
4424980102,"bus_subway_trolley",442498,1,"Bus / trolleybus",90,36,16.94,16.325,-0.615,2,1,2,4,1,8,NA,14,5,1.17,114.4185032,97.7935925,2,2,11,99,6,1,2,1,NA,NA,NA,NA,NA,NA,NA,3,5,NA,228.4384878,42101,36,3,1,0,0,0,0,2,2,3,1,11,1,NA,1,1,0,0,5,NA,30,1,1,0,0,"urban",0,1,1,0
4439730101,"bus_subway_trolley",443973,1,"Subway / El",1215,103,25.294,26.66,1.367,1,1,1,1,2,1,NA,21,5,1.17,642.8373525,549.4336346,2,2,6,1,5,1,1,NA,2,50,43,4,0,2,2,3,16,NA,246.4304971,42101,1215,3,2,2,2,1,0,1,2,5,1,6,0,"white",1,1,1,0,16,0,62.5,0,2,2,2,"urban",1,1,0,1
4440130101,"bus_subway_trolley",444013,1,"Bus / trolleybus",1208,107,32.871,39.471,6.6,2,1,1,1,4,1,NA,14,5,1.17,2941.338928,2513.964896,2,2,9,2,2,2,2,1,NA,NA,NA,NA,NA,NA,NA,3,2,NA,374.2320168,42101,1208,3,2,0,2,2,2,2,2,2,1,9,0,"black",0,0,0,0,2,NA,17.5,1,2,0,2,"urban",0,1,0,1
4450080101,"bus_subway_trolley",445008,1,"Trolley / light rail",122,47,27.946,29.69,1.744,2,1,1,1,4,1,NA,23,5,1.17,105.2570646,89.96330309,3,1,10,1,6,2,2,1,NA,NA,NA,NA,NA,NA,NA,2,15,NA,215.8618035,42101,122,1,2,0,0,0,0,2,5,4,0,10,1,"white",1,0,0,1,15,NA,42.5,0,2,0,0,"cbd",0,1,1,0
4450080102,"bus_subway_trolley",445008,1,"Bus / trolleybus",47,90,26.038,21.979,-4.058,2,1,2,4,4,6,NA,14,5,1.17,105.2570646,89.96330309,3,1,10,1,6,2,2,1,NA,NA,NA,NA,NA,NA,NA,2,15,NA,215.8618035,42101,122,1,2,0,0,0,0,2,5,4,0,10,1,"white",1,0,0,1,15,NA,42.5,0,2,0,0,"cbd",0,1,1,0
4450080103,"bus_subway_trolley",445008,1,"Bus / trolleybus",90,122,19.367,20.456,1.09,2,1,3,4,1,11,NA,14,5,1.17,105.2570646,89.96330309,3,1,10,1,6,2,2,1,NA,NA,NA,NA,NA,NA,NA,2,15,NA,215.8618035,42101,122,1,2,0,0,0,0,2,5,4,0,10,1,"white",1,0,0,1,15,NA,42.5,0,2,0,0,"cbd",0,1,1,0
4476210102,"bus_subway_trolley",447621,1,"Bus / trolleybus",103,141,22.956,25.69,2.733,2,1,2,4,1,8,NA,14,5,1.17,112.8292727,96.4352758,4,2,11,1,5,2,2,1,NA,NA,NA,NA,NA,NA,NA,3,20,NA,164.381274,42101,141,3,1,0,0,0,0,2,2,4,1,11,1,"white",1,0,0,0,20,NA,42.5,0,1,0,0,"urban",0,1,1,0
4476210103,"bus_subway_trolley",447621,1,"Bus / trolleybus",141,60,24.481,26.354,1.873,2,2,3,1,4,14,NA,14,5,1.17,112.8292727,96.4352758,4,2,11,1,5,2,2,1,NA,NA,NA,NA,NA,NA,NA,3,20,NA,164.381274,42101,141,3,1,0,0,0,0,2,2,4,1,11,1,"white",1,0,0,0,20,NA,42.5,0,1,0,0,"urban",0,1,1,0
4476210104,"bus_subway_trolley",447621,1,"Bus / trolleybus",60,141,27.96,31.044,3.083,2,2,4,4,1,8,NA,14,5,1.17,112.8292727,96.4352758,4,2,11,1,5,2,2,1,NA,NA,NA,NA,NA,NA,NA,3,20,NA,164.381274,42101,141,3,1,0,0,0,0,2,2,4,1,11,1,"white",1,0,0,0,20,NA,42.5,0,1,0,0,"urban",0,1,1,0
4479380102,"bus_subway_trolley",447938,1,"Bus / trolleybus",1024,25,27.392,30.608,3.217,1,1,2,4,2,18,NA,14,5,1.17,156.9706434,134.1629431,4,2,6,1,6,2,1,NA,2,45,29,4,0,8,2,3,10,NA,1019.897822,42101,1021,3,3,2,0,0,2,1,3,3,1,6,0,"white",1,0,1,0,10,0,30,1,3,2,0,"urban",1,1,1,0
4479380103,"bus_subway_trolley",447938,1,"Bus / trolleybus",25,1016,28.417,30.683,2.267,1,1,3,2,4,5,NA,14,5,1.17,156.9706434,134.1629431,4,2,6,1,6,2,1,NA,2,45,29,4,0,8,2,3,10,NA,1019.897822,42101,1021,3,3,2,0,0,2,1,3,3,1,6,0,"white",1,0,1,0,10,0,30,1,3,2,0,"urban",1,1,1,0
4483410101,"bus_subway_trolley",448341,1,"Bus / trolleybus",808,1037,43.617,48.333,4.717,2,1,1,1,4,1,NA,14,5,1.17,121.0338932,103.447772,2,2,11,1,2,2,2,1,NA,NA,NA,NA,NA,NA,NA,3,4,NA,164.381274,42101,808,3,1,0,0,0,0,2,2,4,1,11,1,"white",0,0,0,0,4,NA,42.5,0,1,0,0,"urban",0,1,1,0
4483410102,"bus_subway_trolley",448341,1,"Bus / trolleybus",1037,808,46.167,50.267,4.1,2,1,2,4,1,16,NA,14,5,1.17,121.0338932,103.447772,2,2,11,1,2,2,2,1,NA,NA,NA,NA,NA,NA,NA,3,4,NA,164.381274,42101,808,3,1,0,0,0,0,2,2,4,1,11,1,"white",0,0,0,0,4,NA,42.5,0,1,0,0,"urban",0,1,1,0
4500900102,"bus_subway_trolley",450090,1,"Trolley / light rail",8006,1026,90.598,110.383,19.786,1,1,2,4,2,19,NA,23,5,1.15,93.90441139,81.6560099,9,1,10,1,6,1,1,NA,1,50,23,3,0,2,1,3,10,NA,85.01081176,42029,8019,4,2,2,2,2,2,2,1,10,0,10,1,"white",1,1,1,0,10,1,300,0,2,2,2,"suburban",1,1,0,1
4500900105,"bus_subway_trolley",450090,1,"Bus / trolleybus",84,80,7.66,7.221,-0.44,1,1,5,4,4,19,NA,14,5,1.15,93.90441139,81.6560099,9,1,10,1,6,1,1,NA,1,50,23,3,0,2,1,3,10,NA,85.01081176,42029,8019,4,2,2,2,2,2,2,1,10,0,10,1,"white",1,1,1,0,10,1,300,0,2,2,2,"suburban",1,1,0,1
4502380101,"bus_subway_trolley",450238,1,"Bus / trolleybus",840,115,36.825,38.84,2.015,1,1,1,1,2,1,NA,14,5,1.15,106.3255579,92.45700687,4,2,9,1,6,1,1,NA,1,50,11,4,2,1,1,3,14,NA,58.49587084,42101,840,3,1,1,1,1,0,2,5,10,1,9,0,"white",1,1,1,0,14,1,300,0,1,1,1,"urban",1,1,0,1
4502380102,"bus_subway_trolley",450238,1,"Bus / trolleybus",115,840,37.94,38.108,0.169,1,1,2,2,1,5,NA,14,5,1.15,106.3255579,92.45700687,4,2,9,1,6,1,1,NA,1,50,11,4,2,1,1,3,14,NA,58.49587084,42101,840,3,1,1,1,1,0,2,5,10,1,9,0,"white",1,1,1,0,14,1,300,0,1,1,1,"urban",1,1,0,1
4502380103,"bus_subway_trolley",450238,1,"Bus / trolleybus",840,59,32.954,37.567,4.612,2,2,3,1,4,1,NA,14,5,1.15,106.3255579,92.45700687,4,2,9,1,6,1,1,NA,1,50,11,4,2,1,1,3,14,NA,58.49587084,42101,840,3,1,1,1,1,0,2,5,10,1,9,0,"white",1,1,1,0,14,1,300,0,1,1,1,"urban",0,1,0,1
4502380104,"bus_subway_trolley",450238,1,"Bus / trolleybus",59,840,34.615,32.275,-2.34,2,2,4,4,1,11,NA,14,5,1.15,106.3255579,92.45700687,4,2,9,1,6,1,1,NA,1,50,11,4,2,1,1,3,14,NA,58.49587084,42101,840,3,1,1,1,1,0,2,5,10,1,9,0,"white",1,1,1,0,14,1,300,0,1,1,1,"urban",0,1,0,1
4505960202,"bus_subway_trolley",450596,2,"Bus / trolleybus",1037,1021,27.858,26.725,-1.133,2,1,2,4,4,14,NA,14,5,1.15,329.6423229,286.6454982,5,1,6,2,5,1,1,NA,1,40,11,1,0,3,8,3,0,NA,124.777043,42101,139,3,3,2,2,2,4,2,2,8,0,6,0,"black",1,1,1,0,0,NA,175,0,3,2,2,"urban",0,1,0,0.666666666666667
4505960302,"bus_subway_trolley",450596,3,"Bus / trolleybus",138,1021,36.069,39.665,3.596,1,1,2,4,4,5,NA,14,5,1.15,186.3540516,162.0470014,5,2,4,100,1,2,2,6,NA,NA,NA,NA,NA,NA,NA,1,14,NA,124.777043,42101,139,3,3,2,2,2,4,2,2,8,1,4,0,"other",0,0,0,1,14,NA,175,0,3,2,2,"urban",1,1,0,0.666666666666667
4522480102,"bus_subway_trolley",452248,1,"Bus / trolleybus",8,106,31.977,33,1.023,1,1,2,4,2,96,NA,14,5,1.12,111.5393811,99.58873313,4,1,7,1,6,1,1,NA,1,40,17,3,0,2,1,3,12,NA,172.1268987,42101,8,3,2,2,0,0,0,1,2,7,0,7,0,"white",1,1,1,0,12,1,125,0,2,2,0,"urban",1,1,1,0
4522480202,"bus_subway_trolley",452248,2,"Bus / trolleybus",8,90,25.654,25.498,-0.156,1,1,2,4,2,96,NA,14,5,1.12,108.5508336,96.92038715,6,2,6,1,6,1,1,NA,1,40,17,4,0,2,2,3,12,NA,172.1268987,42101,8,3,2,2,0,0,0,1,2,7,1,6,0,"white",1,1,1,0,12,0,125,0,2,2,0,"urban",1,1,1,0
4522560101,"bus_subway_trolley",452256,1,"Bus / trolleybus",1230,61,34.817,34.046,-0.771,2,1,1,1,4,1,NA,14,5,1.17,253.2930406,216.4897783,4,1,7,2,2,2,2,2,NA,NA,NA,NA,NA,NA,NA,3,4,NA,345.3436582,42101,1230,3,1,0,0,0,1,2,98,2,0,7,0,"black",0,0,0,0,4,NA,17.5,1,1,0,0,"urban",0,1,1,0
4522560102,"bus_subway_trolley",452256,1,"Bus / trolleybus",61,54,14.133,16.606,2.473,2,1,2,4,4,13,NA,14,5,1.17,253.2930406,216.4897783,4,1,7,2,2,2,2,2,NA,NA,NA,NA,NA,NA,NA,3,4,NA,345.3436582,42101,1230,3,1,0,0,0,1,2,98,2,0,7,0,"black",0,0,0,0,4,NA,17.5,1,1,0,0,"urban",0,1,1,0
4522560103,"bus_subway_trolley",452256,1,"Bus / trolleybus",54,1038,28.094,30.51,2.417,2,1,3,4,4,16,NA,14,5,1.17,253.2930406,216.4897783,4,1,7,2,2,2,2,2,NA,NA,NA,NA,NA,NA,NA,3,4,NA,345.3436582,42101,1230,3,1,0,0,0,1,2,98,2,0,7,0,"black",0,0,0,0,4,NA,17.5,1,1,0,0,"urban",0,1,1,0
4522560104,"bus_subway_trolley",452256,1,"Bus / trolleybus",1038,1230,13.1,16.075,2.975,2,1,4,4,1,8,NA,14,5,1.17,253.2930406,216.4897783,4,1,7,2,2,2,2,2,NA,NA,NA,NA,NA,NA,NA,3,4,NA,345.3436582,42101,1230,3,1,0,0,0,1,2,98,2,0,7,0,"black",0,0,0,0,4,NA,17.5,1,1,0,0,"urban",0,1,1,0
4527120101,"bus_subway_trolley",452712,1,"Bus / trolleybus",1023,1018,16.146,16.317,0.171,1,1,1,1,2,1,NA,14,5,1.17,143.607883,122.7417803,2,1,5,1,5,1,1,NA,1,40,19,4,0,8,1,2,4,NA,443.9604921,42101,1023,3,1,1,0,0,1,2,4,3,0,5,0,"white",1,1,1,1,4,1,30,1,1,1,0,"urban",1,1,1,0
4527120102,"bus_subway_trolley",452712,1,"Bus / trolleybus",1018,1023,20.342,21.906,1.565,1,1,2,2,1,5,NA,14,5,1.17,143.607883,122.7417803,2,1,5,1,5,1,1,NA,1,40,19,4,0,8,1,2,4,NA,443.9604921,42101,1023,3,1,1,0,0,1,2,4,3,0,5,0,"white",1,1,1,1,4,1,30,1,1,1,0,"urban",1,1,1,0
4533550101,"bus_subway_trolley",453355,1,"Bus / trolleybus",2406,2410,15.246,19.825,4.579,2,1,1,1,4,1,NA,14,5,1.13,119.9796695,106.1766986,4,2,6,2,4,2,2,2,NA,NA,NA,NA,NA,NA,NA,3,8,NA,87.21865688,42101,2406,3,2,0,0,0,0,2,2,99,1,6,0,"black",0,0,0,0,8,NA,NA,NA,2,0,0,"urban",0,1,1,0
4533550102,"bus_subway_trolley",453355,1,"Bus / trolleybus",2410,2615,21.6,23.517,1.917,2,1,2,4,4,1,NA,14,5,1.13,119.9796695,106.1766986,4,2,6,2,4,2,2,2,NA,NA,NA,NA,NA,NA,NA,3,8,NA,87.21865688,42101,2406,3,2,0,0,0,0,2,2,99,1,6,0,"black",0,0,0,0,8,NA,NA,NA,2,0,0,"urban",0,1,1,0
4533550103,"bus_subway_trolley",453355,1,"Bus / trolleybus",2615,12238,54.244,54.133,-0.11,2,1,3,4,4,16,NA,14,5,1.13,119.9796695,106.1766986,4,2,6,2,4,2,2,2,NA,NA,NA,NA,NA,NA,NA,3,8,NA,87.21865688,42101,2406,3,2,0,0,0,0,2,2,99,1,6,0,"black",0,0,0,0,8,NA,NA,NA,2,0,0,"urban",0,1,1,0
4533550104,"bus_subway_trolley",453355,1,"Bus / trolleybus",12238,2406,57.565,62.346,4.781,2,1,4,4,1,9,NA,14,5,1.13,119.9796695,106.1766986,4,2,6,2,4,2,2,2,NA,NA,NA,NA,NA,NA,NA,3,8,NA,87.21865688,42101,2406,3,2,0,0,0,0,2,2,99,1,6,0,"black",0,0,0,0,8,NA,NA,NA,2,0,0,"urban",0,1,1,0
4533550201,"bus_subway_trolley",453355,2,"Bus / trolleybus",2406,2435,31.387,34.815,3.427,2,1,1,1,4,1,NA,14,5,1.13,110.2255174,97.5447057,2,2,9,2,2,2,2,2,NA,NA,NA,NA,NA,NA,NA,3,0,NA,87.21865688,42101,2406,3,2,0,0,0,0,2,2,99,1,9,0,"black",0,0,0,0,0,NA,NA,NA,2,0,0,"urban",0,1,1,0
4533550202,"bus_subway_trolley",453355,2,"Bus / trolleybus",2435,2406,36.006,38.796,2.79,2,1,2,4,1,11,NA,14,5,1.13,110.2255174,97.5447057,2,2,9,2,2,2,2,2,NA,NA,NA,NA,NA,NA,NA,3,0,NA,87.21865688,42101,2406,3,2,0,0,0,0,2,2,99,1,9,0,"black",0,0,0,0,0,NA,NA,NA,2,0,0,"urban",0,1,1,0
4539300101,"bus_subway_trolley",453930,1,"Bus / trolleybus",1016,92,23.623,23.738,0.115,1,1,1,1,4,1,NA,14,5,1.15,153.7609132,133.7051419,6,2,9,1,6,1,1,NA,1,40,23,4,0,8,1,3,10,NA,101.9273254,42101,1016,3,3,3,2,1,3,1,1,8,1,9,0,"white",1,1,1,0,10,1,175,0,3,3,2,"urban",1,1,0,0.666666666666667
4539300106,"bus_subway_trolley",453930,1,"Bus / trolleybus",92,1016,26.721,29.542,2.821,1,1,6,2,1,5,NA,14,5,1.15,153.7609132,133.7051419,6,2,9,1,6,1,1,NA,1,40,23,4,0,8,1,3,10,NA,101.9273254,42101,1016,3,3,3,2,1,3,1,1,8,1,9,0,"white",1,1,1,0,10,1,175,0,3,3,2,"urban",1,1,0,0.666666666666667
4555970203,"bus_subway_trolley",455597,2,"Bus / trolleybus",834,69,29.827,35.312,5.485,2,2,3,1,4,1,NA,14,5,1.13,131.6431143,116.4983313,6,1,11,1,6,1,2,1,NA,NA,NA,NA,NA,NA,NA,3,2,NA,116.5645037,42101,834,3,3,1,2,2,0,2,2,99,0,11,1,"white",1,1,0,0,2,NA,NA,NA,3,1,2,"urban",0,1,0,0.666666666666667
4555970204,"bus_subway_trolley",455597,2,"Bus / trolleybus",69,834,23.196,23.802,0.606,2,2,4,4,1,16,NA,14,5,1.13,131.6431143,116.4983313,6,1,11,1,6,1,2,1,NA,NA,NA,NA,NA,NA,NA,3,2,NA,116.5645037,42101,834,3,3,1,2,2,0,2,2,99,0,11,1,"white",1,1,0,0,2,NA,NA,NA,3,1,2,"urban",0,1,0,0.666666666666667
4557310101,"bus_subway_trolley",455731,1,"Bus / trolleybus",821,135,34.992,38.312,3.321,3,1,1,1,3,1,NA,14,5,1.17,469.3728275,401.1733569,2,2,7,2,4,1,2,2,NA,NA,NA,NA,NA,NA,NA,2,30,NA,1019.897822,42101,821,3,3,0,0,0,1,2,2,3,1,7,0,"black",0,1,0,1,30,NA,30,1,3,0,0,"urban",0,0,1,0
4557310102,"bus_subway_trolley",455731,1,"Bus / trolleybus",135,821,36.844,40.354,3.51,3,1,2,3,3,4,NA,14,5,1.17,469.3728275,401.1733569,2,2,7,2,4,1,2,2,NA,NA,NA,NA,NA,NA,NA,2,30,NA,1019.897822,42101,821,3,3,0,0,0,1,2,2,3,1,7,0,"black",0,1,0,1,30,NA,30,1,3,0,0,"urban",0,0,1,0
4557310202,"bus_subway_trolley",455731,2,"Bus / trolleybus",837,821,22.825,24.996,2.171,3,1,2,3,3,3,NA,14,5,1.17,290.2841425,248.1061047,2,1,3,2,1,NA,NA,NA,NA,NA,NA,NA,NA,NA,NA,1,14,NA,1019.897822,42101,821,3,3,0,0,0,1,2,2,3,0,3,0,"black",0,NA,NA,1,14,NA,30,1,3,0,0,"urban",0,0,1,0
4557310301,"bus_subway_trolley",455731,3,"Bus / trolleybus",821,843,23.173,29.24,6.067,3,1,1,1,3,1,NA,14,5,1.17,290.2841425,248.1061047,2,1,3,2,1,NA,NA,NA,NA,NA,NA,NA,NA,NA,NA,1,14,NA,1019.897822,42101,821,3,3,0,0,0,1,2,2,3,0,3,0,"black",0,NA,NA,1,14,NA,30,1,3,0,0,"urban",0,0,1,0
4557310302,"bus_subway_trolley",455731,3,"Bus / trolleybus",843,821,27.5,29.148,1.648,3,1,2,3,3,3,NA,14,5,1.17,290.2841425,248.1061047,2,1,3,2,1,NA,NA,NA,NA,NA,NA,NA,NA,NA,NA,1,14,NA,1019.897822,42101,821,3,3,0,0,0,1,2,2,3,0,3,0,"black",0,NA,NA,1,14,NA,30,1,3,0,0,"urban",0,0,1,0
4561260201,"bus_subway_trolley",456126,2,"Subway / El",10020,114,59.483,61.917,2.433,2,1,1,1,4,1,NA,21,5,1.12,99.86014558,89.16084427,2,1,11,1,6,1,2,1,NA,NA,NA,NA,NA,NA,NA,3,4,NA,145.4877867,42091,10020,3,2,1,1,1,0,1,1,6,0,11,1,"white",1,1,0,0,4,NA,87.5,0,2,1,1,"urban",0,1,0,0.5
4566930101,"bus_subway_trolley",456693,1,"Bus / trolleybus",2806,3405,43.36,53.644,10.283,2,1,1,1,4,1,NA,14,5,1.13,98.99537122,87.6065232,5,2,8,1,5,1,1,NA,1,35,25,9,0,2,8,3,7,NA,96.56816881,42101,2806,3,1,1,0,0,0,2,5,99,1,8,0,"white",1,1,1,0,7,NA,NA,NA,1,1,0,"urban",0,1,1,0
4566930102,"bus_subway_trolley",456693,1,"Bus / trolleybus",3405,2806,45.298,NA,NA,2,1,2,4,1,14,NA,14,5,1.13,98.99537122,87.6065232,5,2,8,1,5,1,1,NA,1,35,25,9,0,2,8,3,7,NA,96.56816881,42101,2806,3,1,1,0,0,0,2,5,99,1,8,0,"white",1,1,1,0,7,NA,NA,NA,1,1,0,"urban",0,1,1,0
4566930103,"bus_subway_trolley",456693,1,"Bus / trolleybus",2806,15614,71.054,77.952,6.898,2,2,3,1,4,1,NA,14,5,1.13,98.99537122,87.6065232,5,2,8,1,5,1,1,NA,1,35,25,9,0,2,8,3,7,NA,96.56816881,42101,2806,3,1,1,0,0,0,2,5,99,1,8,0,"white",1,1,1,0,7,NA,NA,NA,1,1,0,"urban",0,1,1,0
4587730102,"bus_subway_trolley",458773,1,"Bus / trolleybus",3609,15624,39.292,46.317,7.025,1,1,2,4,4,96,NA,14,5,1.17,166.0691879,141.9394768,8,1,8,1,2,2,1,NA,1,32,41,4,0,8,2,3,25,NA,443.9604921,42101,3402,3,1,1,0,0,0,2,4,2,0,8,0,"white",0,0,1,0,25,0,17.5,1,1,1,0,"urban",1,1,1,0
4587730103,"bus_subway_trolley",458773,1,"Bus / trolleybus",15624,15821,62.083,62.083,0,1,1,3,4,2,96,NA,14,5,1.17,166.0691879,141.9394768,8,1,8,1,2,2,1,NA,1,32,41,4,0,8,2,3,25,NA,443.9604921,42101,3402,3,1,1,0,0,0,2,4,2,0,8,0,"white",0,0,1,0,25,0,17.5,1,1,1,0,"urban",1,1,1,0
4587730106,"bus_subway_trolley",458773,1,"Bus / trolleybus",15821,15624,49.1,49.1,0,1,1,6,4,4,96,NA,14,5,1.17,166.0691879,141.9394768,8,1,8,1,2,2,1,NA,1,32,41,4,0,8,2,3,25,NA,443.9604921,42101,3402,3,1,1,0,0,0,2,4,2,0,8,0,"white",0,0,1,0,25,0,17.5,1,1,1,0,"urban",1,1,1,0
4598650201,"bus_subway_trolley",459865,2,"Bus / trolleybus",1430,3415,82.55,86.117,3.567,1,1,1,1,2,1,NA,14,5,1.17,752.5591066,643.2129116,2,2,9,3,1,1,1,NA,1,40,49,4,0,3,2,3,10,NA,167.8496459,42101,1430,3,2,2,1,1,0,2,2,5,1,9,0,"hispanic",0,1,1,0,10,0,62.5,0,2,2,1,"urban",1,1,0,0.5
4598650202,"bus_subway_trolley",459865,2,"Bus / trolleybus",3415,1430,72.7,83.2,10.5,1,1,2,2,1,5,NA,14,5,1.17,752.5591066,643.2129116,2,2,9,3,1,1,1,NA,1,40,49,4,0,3,2,3,10,NA,167.8496459,42101,1430,3,2,2,1,1,0,2,2,5,1,9,0,"hispanic",0,1,1,0,10,0,62.5,0,2,2,1,"urban",1,1,0,0.5
4605070108,"bus_subway_trolley",460507,1,"Subway / El",61,63,11.277,11.825,0.548,1,1,8,4,4,19,NA,21,5,1.15,116.6082502,101.3984784,9,1,9,1,6,1,1,NA,1,40,23,5,0,2,2,3,5,NA,51.38211866,42101,27,3,2,2,2,1,2,1,2,9,0,9,0,"white",1,1,1,0,5,0,225,0,2,2,2,"urban",1,1,0,1
4607140201,"bus_subway_trolley",460714,2,"Bus / trolleybus",2424,1415,36.175,34.11,-2.065,1,1,1,1,2,1,NA,14,5,1.12,199.5212541,178.1439768,2,1,9,1,5,1,1,NA,1,45,29,4,0,2,2,3,6,NA,337.3101463,42101,2424,3,5,3,2,2,2,1,2,7,0,9,0,"white",1,1,1,0,6,0,125,0,5,3,2,"urban",1,1,0,0.4
4607140202,"bus_subway_trolley",460714,2,"Bus / trolleybus",1415,2424,41.242,44.992,3.75,1,1,2,2,1,5,NA,14,5,1.12,199.5212541,178.1439768,2,1,9,1,5,1,1,NA,1,45,29,4,0,2,2,3,6,NA,337.3101463,42101,2424,3,5,3,2,2,2,1,2,7,0,9,0,"white",1,1,1,0,6,0,125,0,5,3,2,"urban",1,1,0,0.4
4624200101,"bus_subway_trolley",462420,1,"Bus / trolleybus",430,430,11.733,12.392,0.658,2,1,1,1,4,1,NA,14,5,1.17,249.1672864,212.9634926,3,2,9,2,4,2,2,2,NA,NA,NA,NA,NA,NA,NA,3,6,NA,339.1140079,42101,430,3,2,0,0,0,0,2,2,2,1,9,0,"black",0,0,0,0,6,NA,17.5,1,2,0,0,"urban",0,1,1,0
4624200102,"bus_subway_trolley",462420,1,"Bus / trolleybus",430,129,31.671,33.554,1.883,2,1,2,4,4,19,NA,14,5,1.17,249.1672864,212.9634926,3,2,9,2,4,2,2,2,NA,NA,NA,NA,NA,NA,NA,3,6,NA,339.1140079,42101,430,3,2,0,0,0,0,2,2,2,1,9,0,"black",0,0,0,0,6,NA,17.5,1,2,0,0,"urban",0,1,1,0
4624200103,"bus_subway_trolley",462420,1,"Bus / trolleybus",129,430,36.663,37.798,1.135,2,1,3,4,1,11,NA,14,5,1.17,249.1672864,212.9634926,3,2,9,2,4,2,2,2,NA,NA,NA,NA,NA,NA,NA,3,6,NA,339.1140079,42101,430,3,2,0,0,0,0,2,2,2,1,9,0,"black",0,0,0,0,6,NA,17.5,1,2,0,0,"urban",0,1,1,0
4637520102,"bus_subway_trolley",463752,1,"Subway / El",92,1040,21.269,21.702,0.433,1,1,2,2,4,5,NA,21,5,1.12,250.0195635,223.2317531,5,1,7,1,6,1,1,NA,3,40,17,1,0,9,8,3,8,NA,295.1256087,42101,3215,4,4,2,2,2,2,1,2,7,0,7,0,"white",1,1,1,0,8,NA,125,0,4,2,2,"suburban",1,1,0,0.5
4641950101,"bus_subway_trolley",464195,1,"Bus / trolleybus",1604,133,64.967,66.367,1.4,1,1,1,1,2,1,NA,14,5,1.17,190.5723687,162.8823664,2,2,6,1,3,1,1,NA,1,5,37,4,0,2,2,1,997,NA,435.9358563,42101,1604,3,2,1,0,0,0,2,2,2,1,6,0,"white",0,1,1,1,50,0,17.5,1,2,1,0,"urban",1,1,1,0
4641950102,"bus_subway_trolley",464195,1,"Bus / trolleybus",133,1604,57.065,59.929,2.865,1,1,2,2,1,5,NA,14,5,1.17,190.5723687,162.8823664,2,2,6,1,3,1,1,NA,1,5,37,4,0,2,2,1,997,NA,435.9358563,42101,1604,3,2,1,0,0,0,2,2,2,1,6,0,"white",0,1,1,1,50,0,17.5,1,2,1,0,"urban",1,1,1,0
4641950202,"bus_subway_trolley",464195,2,"Bus / trolleybus",1604,2441,91.517,100.417,8.9,2,1,2,4,4,8,NA,14,5,1.17,151.2992397,129.3155895,4,2,8,1,5,1,2,2,NA,NA,NA,NA,NA,NA,NA,3,997,NA,435.9358563,42101,1604,3,2,1,0,0,0,2,2,2,1,8,0,"white",1,1,0,0,50,NA,17.5,1,2,1,0,"urban",0,1,1,0
4641950203,"bus_subway_trolley",464195,2,"Bus / trolleybus",2441,1604,93.085,92.883,-0.202,2,1,3,4,4,16,NA,14,5,1.17,151.2992397,129.3155895,4,2,8,1,5,1,2,2,NA,NA,NA,NA,NA,NA,NA,3,997,NA,435.9358563,42101,1604,3,2,1,0,0,0,2,2,2,1,8,0,"white",1,1,0,0,50,NA,17.5,1,2,1,0,"urban",0,1,1,0
4644560206,"bus_subway_trolley",464456,2,"Subway / El",4459,90,40.233,41.483,1.25,3,2,6,4,4,19,NA,21,5,1.12,555.852214,496.2966196,8,2,7,1,5,1,2,6,NA,NA,NA,NA,NA,NA,NA,1,5,NA,272.1186917,42045,5008,4,5,1,3,3,8,2,1,6,1,7,0,"white",1,1,0,1,5,NA,87.5,0,5,1,3,"suburban",0,0,0,0.6
4648060101,"bus_subway_trolley",464806,1,"Bus / trolleybus",25,57,22.031,21.762,-0.269,3,1,1,4,4,96,NA,14,5,1.13,106.3607851,94.12458857,3,2,99,2,2,99,99,6,NA,NA,NA,NA,NA,NA,NA,2,2,NA,67.99950049,42101,828,3,1,0,0,0,1,2,1,99,1,NA,NA,"black",0,NA,NA,1,2,NA,NA,NA,1,0,0,"urban",0,0,1,0
4648060103,"bus_subway_trolley",464806,1,"Bus / trolleybus",71,828,31.581,33.527,1.946,3,1,3,4,1,8,NA,14,5,1.13,106.3607851,94.12458857,3,2,99,2,2,99,99,6,NA,NA,NA,NA,NA,NA,NA,2,2,NA,67.99950049,42101,828,3,1,0,0,0,1,2,1,99,1,NA,NA,"black",0,NA,NA,1,2,NA,NA,NA,1,0,0,"urban",0,0,1,0
4651940101,"bus_subway_trolley",465194,1,"Bus / trolleybus",2610,111,47.208,57.458,10.25,2,1,1,1,4,1,NA,14,5,1.13,102.3716779,90.59440523,2,1,10,1,5,1,1,NA,1,20,47,NA,NA,NA,NA,3,25,NA,69.88592262,42101,2610,3,1,1,1,1,1,2,2,99,0,10,1,"white",1,1,1,0,25,NA,NA,NA,1,1,1,"urban",0,1,0,1
4651940102,"bus_subway_trolley",465194,1,"Bus / trolleybus",111,2610,39.31,41.435,2.125,2,1,2,4,1,11,NA,14,5,1.13,102.3716779,90.59440523,2,1,10,1,5,1,1,NA,1,20,47,NA,NA,NA,NA,3,25,NA,69.88592262,42101,2610,3,1,1,1,1,1,2,2,99,0,10,1,"white",1,1,1,0,25,NA,NA,NA,1,1,1,"urban",0,1,0,1
4668800101,"bus_subway_trolley",466880,1,"Subway / El",618,98,52.5,57.25,4.75,1,1,1,1,2,1,NA,21,5,1.12,418.1681307,373.3644024,2,1,8,1,5,1,1,NA,1,40,17,9,0,9,8,3,2,NA,161.6263101,42101,618,3,2,2,2,1,2,1,2,6,0,8,0,"white",1,1,1,0,2,NA,87.5,0,2,2,2,"urban",1,1,0,1
4668800102,"bus_subway_trolley",466880,1,"Subway / El",98,618,49.094,55.469,6.375,1,1,2,2,1,5,NA,21,5,1.12,418.1681307,373.3644024,2,1,8,1,5,1,1,NA,1,40,17,9,0,9,8,3,2,NA,161.6263101,42101,618,3,2,2,2,1,2,1,2,6,0,8,0,"white",1,1,1,0,2,NA,87.5,0,2,2,2,"urban",1,1,0,1
4668800201,"bus_subway_trolley",466880,2,"Subway / El",618,70,49.367,54.117,4.75,1,1,1,1,2,1,NA,21,5,1.12,543.9474147,485.6673345,2,2,8,1,2,1,1,NA,1,40,43,9,0,9,8,3,1,NA,161.6263101,42101,618,3,2,2,2,1,2,1,2,6,1,8,0,"white",0,1,1,0,1,NA,87.5,0,2,2,2,"urban",1,1,0,1
4668800202,"bus_subway_trolley",466880,2,"Subway / El",70,618,42.096,46.11,4.015,1,1,2,2,1,5,NA,21,5,1.12,543.9474147,485.6673345,2,2,8,1,2,1,1,NA,1,40,43,9,0,9,8,3,1,NA,161.6263101,42101,618,3,2,2,2,1,2,1,2,6,1,8,0,"white",0,1,1,0,1,NA,87.5,0,2,2,2,"urban",1,1,0,1
4671530104,"bus_subway_trolley",467153,1,"Bus / trolleybus",819,809,20.473,23.31,2.838,2,2,4,4,4,19,NA,14,5,1.17,130.4072312,111.459172,6,2,11,1,5,1,2,1,NA,NA,NA,NA,NA,NA,NA,3,6,NA,317.8695646,42101,822,3,1,0,0,0,1,2,2,1,1,11,1,"white",1,1,0,0,6,NA,5,1,1,0,0,"urban",0,1,1,0
4673630101,"bus_subway_trolley",467363,1,"Bus / trolleybus",818,112,28.979,31.317,2.337,1,1,1,1,2,1,NA,14,5,1.17,309.773795,264.7639273,3,2,11,1,2,1,1,NA,1,40,43,4,0,2,2,3,10,NA,342.1442569,42101,818,3,3,1,1,1,2,2,2,4,1,11,1,"white",0,1,1,0,10,0,42.5,0,3,1,1,"urban",1,1,0,0.333333333333333
4673630102,"bus_subway_trolley",467363,1,"Bus / trolleybus",112,70,14.39,14.873,0.483,1,1,2,2,4,5,NA,14,5,1.17,309.773795,264.7639273,3,2,11,1,2,1,1,NA,1,40,43,4,0,2,2,3,10,NA,342.1442569,42101,818,3,3,1,1,1,2,2,2,4,1,11,1,"white",0,1,1,0,10,0,42.5,0,3,1,1,"urban",1,1,0,0.333333333333333
4673630103,"bus_subway_trolley",467363,1,"Bus / trolleybus",70,818,32.125,31.933,-0.192,1,1,3,4,1,16,NA,14,5,1.17,309.773795,264.7639273,3,2,11,1,2,1,1,NA,1,40,43,4,0,2,2,3,10,NA,342.1442569,42101,818,3,3,1,1,1,2,2,2,4,1,11,1,"white",0,1,1,0,10,0,42.5,0,3,1,1,"urban",1,1,0,0.333333333333333
4674930101,"bus_subway_trolley",467493,1,"Trolley / light rail",1016,1025,16.144,16.769,0.625,1,1,1,1,2,1,NA,23,5,1.17,143.1394619,122.3414204,2,2,6,1,6,1,1,NA,3,25,13,4,0,8,2,1,7,NA,483.017925,42101,1016,3,2,2,0,0,1,1,5,3,1,6,0,"white",1,1,1,1,7,0,30,1,2,2,0,"urban",1,1,1,0
4674930201,"bus_subway_trolley",467493,2,"Subway / El",1016,842,46.667,51.075,4.408,1,1,1,1,2,1,NA,21,5,1.17,188.1736738,160.8321998,2,1,6,1,2,1,1,NA,1,32,53,4,0,2,2,3,12,NA,483.017925,42101,1016,3,2,2,0,0,1,1,5,3,0,6,0,"white",0,1,1,0,12,0,30,1,2,2,0,"urban",1,1,1,0
4674930202,"bus_subway_trolley",467493,2,"Subway / El",842,1016,41.24,47.51,6.271,1,1,2,2,1,5,NA,21,5,1.17,188.1736738,160.8321998,2,1,6,1,2,1,1,NA,1,32,53,4,0,2,2,3,12,NA,483.017925,42101,1016,3,2,2,0,0,1,1,5,3,0,6,0,"white",0,1,1,0,12,0,30,1,2,2,0,"urban",1,1,1,0
4675660104,"bus_subway_trolley",467566,1,"Bus / trolleybus",2213,6016,NA,NA,NA,1,1,4,2,4,5,NA,14,5,1.12,88.39202859,78.9214541,10,1,9,1,5,1,1,NA,1,30,47,1,0,2,8,3,0,NA,172.9823774,42045,4034,4,2,2,2,2,0,2,2,7,0,9,0,"white",1,1,1,0,0,NA,125,0,2,2,2,"suburban",1,1,0,1
4683680202,"bus_subway_trolley",468368,2,"Subway / El",1816,414,52.748,62.933,10.186,1,1,2,4,2,19,NA,21,5,1.12,186.2376005,166.2835719,4,2,8,1,6,1,1,NA,1,40,25,4,1,2,2,3,8,NA,312.7658348,42101,846,3,3,2,1,1,0,1,2,6,1,8,0,"white",1,1,1,0,8,0,87.5,0,3,2,1,"urban",1,1,0,0.333333333333333
4687340102,"bus_subway_trolley",468734,1,"Bus / trolleybus",2634,2615,31.833,32.881,1.048,2,1,2,4,4,19,NA,14,5,1.17,301.1175908,257.3654622,13,2,7,2,3,1,2,2,NA,NA,NA,NA,NA,NA,NA,3,0,NA,568.8087432,42101,2634,3,3,0,0,0,0,1,2,2,1,7,0,"black",0,1,0,0,0,NA,17.5,1,3,0,0,"urban",0,1,1,0
4687340106,"bus_subway_trolley",468734,1,"Bus / trolleybus",1018,41,19.946,21.202,1.256,2,1,6,4,4,19,NA,14,5,1.17,301.1175908,257.3654622,13,2,7,2,3,1,2,2,NA,NA,NA,NA,NA,NA,NA,3,0,NA,568.8087432,42101,2634,3,3,0,0,0,0,1,2,2,1,7,0,"black",0,1,0,0,0,NA,17.5,1,3,0,0,"urban",0,1,1,0
4687340202,"bus_subway_trolley",468734,2,"Bus / trolleybus",2634,2615,31.833,32.881,1.048,2,1,2,4,4,19,NA,14,5,1.17,148.6351475,127.0385876,11,2,2,100,1,NA,NA,NA,NA,NA,NA,NA,NA,NA,NA,1,NA,NA,568.8087432,42101,2634,3,3,0,0,0,0,1,2,2,1,2,0,"other",0,NA,NA,1,NA,NA,17.5,1,3,0,0,"urban",0,1,1,0
4687340209,"bus_subway_trolley",468734,2,"Bus / trolleybus",3210,3201,25.179,24.692,-0.488,2,1,9,4,4,19,NA,14,5,1.17,148.6351475,127.0385876,11,2,2,100,1,NA,NA,NA,NA,NA,NA,NA,NA,NA,NA,1,NA,NA,568.8087432,42101,2634,3,3,0,0,0,0,1,2,2,1,2,0,"other",0,NA,NA,1,NA,NA,17.5,1,3,0,0,"urban",0,1,1,0
4687340210,"bus_subway_trolley",468734,2,"Bus / trolleybus",3201,2631,37.717,39.677,1.96,2,1,10,4,4,19,NA,14,5,1.17,148.6351475,127.0385876,11,2,2,100,1,NA,NA,NA,NA,NA,NA,NA,NA,NA,NA,1,NA,NA,568.8087432,42101,2634,3,3,0,0,0,0,1,2,2,1,2,0,"other",0,NA,NA,1,NA,NA,17.5,1,3,0,0,"urban",0,1,1,0
4691160203,"bus_subway_trolley",469116,2,"Bus / trolleybus",4416,4427,40.152,36.292,-3.861,2,1,3,4,1,3,NA,14,5,1.17,229.1982979,195.8959811,4,2,5,2,2,2,2,6,NA,NA,NA,NA,NA,NA,NA,1,5,NA,172.2251086,42045,4427,4,3,2,2,2,2,2,2,5,1,5,0,"black",0,0,0,1,5,NA,62.5,0,3,2,2,"suburban",0,1,0,0.666666666666667
4691160204,"bus_subway_trolley",469116,2,"Bus / trolleybus",4427,1213,70.6,81.737,11.137,3,2,4,1,4,1,NA,14,5,1.17,229.1982979,195.8959811,4,2,5,2,2,2,2,6,NA,NA,NA,NA,NA,NA,NA,1,5,NA,172.2251086,42045,4427,4,3,2,2,2,2,2,2,5,1,5,0,"black",0,0,0,1,5,NA,62.5,0,3,2,2,"suburban",0,0,0,0.666666666666667
4691160302,"bus_subway_trolley",469116,3,"Bus / trolleybus",2010,4427,55.04,55.594,0.554,1,1,2,2,1,5,NA,14,5,1.17,181.7715311,155.360283,6,1,5,2,2,2,1,NA,1,20,41,4,0,3,2,3,8,NA,172.2251086,42045,4427,4,3,2,2,2,2,2,2,5,0,5,0,"black",0,0,1,0,8,0,62.5,0,3,2,2,"suburban",1,1,0,0.666666666666667
4697870202,"bus_subway_trolley",469787,2,"Bus / trolleybus",411,2612,28.4,30.731,2.331,2,1,2,4,4,19,NA,14,5,1.17,213.6226069,182.5834247,3,2,11,2,2,2,2,1,NA,NA,NA,NA,NA,NA,NA,3,2,NA,305.7923578,42101,422,3,2,0,0,0,0,2,2,2,1,11,1,"black",0,0,0,0,2,NA,17.5,1,2,0,0,"urban",0,1,1,0
4708490205,"bus_subway_trolley",470849,2,"Bus / trolleybus",44,2210,NA,NA,NA,3,1,5,4,4,19,NA,14,5,1.17,1412.807347,1207.527647,9,1,5,1,5,2,2,97,NA,NA,NA,NA,NA,NA,NA,3,4,NA,1054.05623,34007,22433,4,2,0,0,0,0,1,4,1,0,5,0,"white",1,0,0,0,4,NA,5,1,2,0,0,"suburban",0,0,1,0
4708490206,"bus_subway_trolley",470849,2,"Bus / trolleybus",2210,3014,NA,NA,NA,3,1,6,4,4,15,NA,14,5,1.17,1412.807347,1207.527647,9,1,5,1,5,2,2,97,NA,NA,NA,NA,NA,NA,NA,3,4,NA,1054.05623,34007,22433,4,2,0,0,0,0,1,4,1,0,5,0,"white",1,0,0,0,4,NA,5,1,2,0,0,"suburban",0,0,1,0
4719420102,"bus_subway_trolley",471942,1,"Bus / trolleybus",804,71,32.81,36.712,3.902,2,1,2,4,4,19,NA,14,5,1.17,211.6385554,180.8876542,5,1,11,1,2,1,2,1,NA,NA,NA,NA,NA,NA,NA,3,5,NA,247.6547545,42101,804,3,1,0,1,1,0,2,2,2,0,11,1,"white",0,1,0,0,5,NA,17.5,1,1,0,1,"urban",0,1,0,1
4719420104,"bus_subway_trolley",471942,1,"Bus / trolleybus",95,90,14.7,18.442,3.742,2,1,4,4,4,15,NA,14,5,1.17,211.6385554,180.8876542,5,1,11,1,2,1,2,1,NA,NA,NA,NA,NA,NA,NA,3,5,NA,247.6547545,42101,804,3,1,0,1,1,0,2,2,2,0,11,1,"white",0,1,0,0,5,NA,17.5,1,1,0,1,"urban",0,1,0,1
4719420105,"bus_subway_trolley",471942,1,"Bus / trolleybus",90,804,30.044,29.377,-0.667,2,1,5,4,1,19,NA,14,5,1.17,211.6385554,180.8876542,5,1,11,1,2,1,2,1,NA,NA,NA,NA,NA,NA,NA,3,5,NA,247.6547545,42101,804,3,1,0,1,1,0,2,2,2,0,11,1,"white",0,1,0,0,5,NA,17.5,1,1,0,1,"urban",0,1,0,1
4723780101,"bus_subway_trolley",472378,1,"Trolley / light rail",1002,1030,26.31,30.31,4,2,1,1,1,4,16,NA,23,5,1.17,148.7719647,127.1555254,2,2,9,1,2,2,2,3,NA,NA,NA,NA,NA,NA,NA,3,6,NA,668.8941838,42101,1002,3,4,0,0,0,2,2,1,2,1,9,0,"white",0,0,0,0,6,NA,17.5,1,4,0,0,"urban",0,1,1,0
4723780102,"bus_subway_trolley",472378,1,"Trolley / light rail",1030,1002,32.558,32.91,0.352,2,1,2,4,1,16,NA,23,5,1.17,148.7719647,127.1555254,2,2,9,1,2,2,2,3,NA,NA,NA,NA,NA,NA,NA,3,6,NA,668.8941838,42101,1002,3,4,0,0,0,2,2,1,2,1,9,0,"white",0,0,0,0,6,NA,17.5,1,4,0,0,"urban",0,1,1,0
4731730201,"bus_subway_trolley",473173,2,"Subway / El",1215,92,24.35,23.85,-0.5,1,1,1,1,2,1,NA,21,5,1.15,740.2543921,643.6994714,2,2,9,2,5,1,1,NA,1,40,43,4,0,2,2,2,10,NA,237.118544,42101,1215,3,5,4,4,3,0,1,2,9,1,9,0,"black",1,1,1,1,10,0,225,0,5,4,4,"urban",1,1,0,0.8
4731730202,"bus_subway_trolley",473173,2,"Subway / El",92,1215,27.117,25.933,-1.183,1,1,2,2,1,5,NA,21,5,1.15,740.2543921,643.6994714,2,2,9,2,5,1,1,NA,1,40,43,4,0,2,2,2,10,NA,237.118544,42101,1215,3,5,4,4,3,0,1,2,9,1,9,0,"black",1,1,1,1,10,0,225,0,5,4,4,"urban",1,1,0,0.8
4749130105,"bus_subway_trolley",474913,1,"Bus / trolleybus",68,86,7.933,8.067,0.133,1,1,5,4,2,19,NA,14,5,1.12,104.2170306,93.05092022,11,2,9,1,5,1,1,NA,1,37,27,4,0,1,1,3,8,NA,256.9651392,42091,12004,4,4,4,2,2,4,2,1,6,1,9,0,"white",1,1,1,0,8,1,87.5,0,4,4,2,"suburban",1,1,0,0.5
4754790101,"bus_subway_trolley",475479,1,"Bus / trolleybus",841,430,45.025,54.775,9.75,3,1,1,3,4,17,NA,14,5,1.17,147.3680775,125.9556218,2,2,6,100,2,1,2,6,NA,NA,NA,NA,NA,NA,NA,1,8,NA,668.6753665,42101,841,3,5,0,0,0,1,2,2,1,1,6,0,"other",0,1,0,1,8,NA,5,1,5,0,0,"urban",0,0,1,0
4754790102,"bus_subway_trolley",475479,1,"Bus / trolleybus",430,841,53.348,53.406,0.058,3,1,2,4,1,16,NA,14,5,1.17,147.3680775,125.9556218,2,2,6,100,2,1,2,6,NA,NA,NA,NA,NA,NA,NA,1,8,NA,668.6753665,42101,841,3,5,0,0,0,1,2,2,1,1,6,0,"other",0,1,0,1,8,NA,5,1,5,0,0,"urban",0,0,1,0
4754790202,"bus_subway_trolley",475479,2,"Bus / trolleybus",841,430,42.9,45.9,3,2,2,2,1,4,1,NA,14,5,1.17,148.6351475,127.0385876,3,2,2,99,1,NA,NA,NA,NA,NA,NA,NA,NA,NA,NA,1,NA,NA,668.6753665,42101,841,3,5,0,0,0,1,2,2,1,1,2,0,NA,0,NA,NA,1,NA,NA,5,1,5,0,0,"urban",0,1,1,0
4754790203,"bus_subway_trolley",475479,2,"Bus / trolleybus",430,841,53.348,53.406,0.058,2,2,3,4,1,16,NA,14,5,1.17,148.6351475,127.0385876,3,2,2,99,1,NA,NA,NA,NA,NA,NA,NA,NA,NA,NA,1,NA,NA,668.6753665,42101,841,3,5,0,0,0,1,2,2,1,1,2,0,NA,0,NA,NA,1,NA,NA,5,1,5,0,0,"urban",0,1,1,0
4754790302,"bus_subway_trolley",475479,3,"Bus / trolleybus",841,430,42.9,45.9,3,2,2,2,1,4,1,NA,14,5,1.17,148.6351475,127.0385876,3,2,2,99,1,NA,NA,NA,NA,NA,NA,NA,NA,NA,NA,1,NA,NA,668.6753665,42101,841,3,5,0,0,0,1,2,2,1,1,2,0,NA,0,NA,NA,1,NA,NA,5,1,5,0,0,"urban",0,1,1,0
4754790303,"bus_subway_trolley",475479,3,"Bus / trolleybus",430,841,53.348,53.406,0.058,2,2,3,4,1,16,NA,14,5,1.17,148.6351475,127.0385876,3,2,2,99,1,NA,NA,NA,NA,NA,NA,NA,NA,NA,NA,1,NA,NA,668.6753665,42101,841,3,5,0,0,0,1,2,2,1,1,2,0,NA,0,NA,NA,1,NA,NA,5,1,5,0,0,"urban",0,1,1,0
4754790402,"bus_subway_trolley",475479,4,"Bus / trolleybus",841,430,42.9,45.9,3,2,2,2,1,4,1,NA,14,5,1.17,130.3046978,111.3715366,3,1,2,99,1,NA,NA,NA,NA,NA,NA,NA,NA,NA,NA,1,NA,NA,668.6753665,42101,841,3,5,0,0,0,1,2,2,1,0,2,0,NA,0,NA,NA,1,NA,NA,5,1,5,0,0,"urban",0,1,1,0
4754790403,"bus_subway_trolley",475479,4,"Subway / El",430,841,53.527,51.848,-1.679,2,2,3,4,1,20,NA,21,5,1.17,130.3046978,111.3715366,3,1,2,99,1,NA,NA,NA,NA,NA,NA,NA,NA,NA,NA,1,NA,NA,668.6753665,42101,841,3,5,0,0,0,1,2,2,1,0,2,0,NA,0,NA,NA,1,NA,NA,5,1,5,0,0,"urban",0,1,1,0
4754790502,"bus_subway_trolley",475479,5,"Bus / trolleybus",841,430,42.9,45.9,3,2,2,2,1,4,1,NA,14,5,1.17,148.6351475,127.0385876,3,2,1,99,1,NA,NA,NA,NA,NA,NA,NA,NA,NA,NA,2,NA,NA,668.6753665,42101,841,3,5,0,0,0,1,2,2,1,1,1,0,NA,0,NA,NA,1,NA,NA,5,1,5,0,0,"urban",0,1,1,0
4754790503,"bus_subway_trolley",475479,5,"Subway / El",430,841,53.348,53.406,0.058,2,2,3,4,1,20,NA,21,5,1.17,148.6351475,127.0385876,3,2,1,99,1,NA,NA,NA,NA,NA,NA,NA,NA,NA,NA,2,NA,NA,668.6753665,42101,841,3,5,0,0,0,1,2,2,1,1,1,0,NA,0,NA,NA,1,NA,NA,5,1,5,0,0,"urban",0,1,1,0
4765250101,"bus_subway_trolley",476525,1,"Bus / trolleybus",435,3219,55.131,52.858,-2.273,2,1,1,1,4,1,NA,14,5,1.17,152.2821425,130.1556774,2,1,11,2,2,1,2,1,NA,NA,NA,NA,NA,NA,NA,3,8,NA,568.8087432,42101,435,3,3,0,0,0,0,2,2,2,0,11,1,"black",0,1,0,0,8,NA,17.5,1,3,0,0,"urban",0,1,1,0
4765250102,"bus_subway_trolley",476525,1,"Bus / trolleybus",3219,435,48.233,44.85,-3.383,2,1,2,4,1,16,NA,14,5,1.17,152.2821425,130.1556774,2,1,11,2,2,1,2,1,NA,NA,NA,NA,NA,NA,NA,3,8,NA,568.8087432,42101,435,3,3,0,0,0,0,2,2,2,0,11,1,"black",0,1,0,0,8,NA,17.5,1,3,0,0,"urban",0,1,1,0
4765250301,"bus_subway_trolley",476525,3,"Bus / trolleybus",435,424,13.965,14.373,0.408,2,1,1,1,3,1,NA,14,5,1.17,203.3062029,173.7659854,2,1,4,2,1,2,2,6,NA,NA,NA,NA,NA,NA,NA,1,0,NA,568.8087432,42101,435,3,3,0,0,0,0,2,2,2,0,4,0,"black",0,0,0,1,0,NA,17.5,1,3,0,0,"urban",0,1,1,0
4765250302,"bus_subway_trolley",476525,3,"Bus / trolleybus",424,435,18.496,14.725,-3.771,2,1,2,3,1,3,NA,14,5,1.17,203.3062029,173.7659854,2,1,4,2,1,2,2,6,NA,NA,NA,NA,NA,NA,NA,1,0,NA,568.8087432,42101,435,3,3,0,0,0,0,2,2,2,0,4,0,"black",0,0,0,1,0,NA,17.5,1,3,0,0,"urban",0,1,1,0
4767700201,"bus_subway_trolley",476770,2,"Bus / trolleybus",1623,1445,43.663,46.885,3.223,2,1,1,1,4,1,NA,14,5,1.17,1090.693708,932.2168444,2,1,5,2,2,2,1,NA,1,25,51,4,0,8,2,3,998,NA,274.9930085,42101,1623,3,2,2,1,1,0,2,1,3,0,5,0,"black",0,0,1,0,NA,0,30,1,2,2,1,"urban",0,1,0,0.5
4767700202,"bus_subway_trolley",476770,2,"Bus / trolleybus",1445,1623,NA,NA,NA,2,1,2,4,1,14,NA,14,5,1.17,1090.693708,932.2168444,2,1,5,2,2,2,1,NA,1,25,51,4,0,8,2,3,998,NA,274.9930085,42101,1623,3,2,2,1,1,0,2,1,3,0,5,0,"black",0,0,1,0,NA,0,30,1,2,2,1,"urban",0,1,0,0.5
4768820102,"bus_subway_trolley",476882,1,"Bus / trolleybus",1423,81,37.115,40.583,3.469,1,1,2,4,2,19,NA,14,5,1.17,538.2725347,460.0619955,4,2,6,1,3,1,1,NA,1,35,43,3,0,2,2,3,10,NA,407.9634602,42101,3624,4,5,2,2,2,1,2,2,5,1,6,0,"white",0,1,1,0,10,0,62.5,0,5,2,2,"suburban",1,1,0,0.4
4778050203,"bus_subway_trolley",477805,2,"Bus / trolleybus",12,73,19.217,21.558,2.342,2,2,3,1,4,1,NA,14,5,1.15,110.0817117,95.72322758,7,2,10,1,6,1,2,1,NA,NA,NA,NA,NA,NA,NA,3,6,NA,45.33237201,42101,12,3,2,0,1,1,2,1,1,8,1,10,1,"white",1,1,0,0,6,NA,175,0,2,0,1,"urban",0,1,0,0.5
4778050205,"bus_subway_trolley",477805,2,"Bus / trolleybus",61,12,19.671,26.065,6.394,2,2,5,4,1,9,NA,14,5,1.15,110.0817117,95.72322758,7,2,10,1,6,1,2,1,NA,NA,NA,NA,NA,NA,NA,3,6,NA,45.33237201,42101,12,3,2,0,1,1,2,1,1,8,1,10,1,"white",1,1,0,0,6,NA,175,0,2,0,1,"urban",0,1,0,0.5
4783650101,"bus_subway_trolley",478365,1,"Bus / trolleybus",1027,1025,17.712,19.502,1.79,1,1,1,1,2,1,NA,14,5,1.12,100.1285964,89.40053254,4,2,7,5,6,1,1,NA,1,40,25,4,0,8,2,3,4,NA,149.8733877,42101,1027,3,1,1,0,0,1,1,5,6,1,7,0,"asian",1,1,1,0,4,0,87.5,0,1,1,0,"urban",1,1,1,0
4783650102,"bus_subway_trolley",478365,1,"Bus / trolleybus",1025,103,19.065,19.108,0.044,1,1,2,2,4,5,NA,14,5,1.12,100.1285964,89.40053254,4,2,7,5,6,1,1,NA,1,40,25,4,0,8,2,3,4,NA,149.8733877,42101,1027,3,1,1,0,0,1,1,5,6,1,7,0,"asian",1,1,1,0,4,0,87.5,0,1,1,0,"urban",1,1,1,0
4783650103,"bus_subway_trolley",478365,1,"Bus / trolleybus",103,1027,21.988,22.512,0.525,1,1,3,4,1,8,NA,14,5,1.12,100.1285964,89.40053254,4,2,7,5,6,1,1,NA,1,40,25,4,0,8,2,3,4,NA,149.8733877,42101,1027,3,1,1,0,0,1,1,5,6,1,7,0,"asian",1,1,1,0,4,0,87.5,0,1,1,0,"urban",1,1,1,0
4791470101,"bus_subway_trolley",479147,1,"Bus / trolleybus",10,71,19.417,21.55,2.133,1,1,1,1,2,1,NA,14,5,1.15,103.075762,89.63109736,2,1,9,1,5,1,1,NA,1,50,43,4,0,1,1,3,5,NA,51.89662555,42101,10,3,2,2,1,1,1,1,2,10,0,9,0,"white",1,1,1,0,5,1,300,0,2,2,1,"urban",1,1,0,0.5
4805360101,"bus_subway_trolley",480536,1,"Bus / trolleybus",11642,88,137.213,144.713,7.5,1,1,1,1,2,1,NA,14,5,1.13,94.52500038,83.65044281,2,2,10,1,6,1,1,NA,1,40,11,4,0,2,2,3,10,NA,97.53164027,42091,11642,5,2,2,2,2,0,2,1,99,1,10,1,"white",1,1,1,0,10,0,NA,NA,2,2,2,"rural",1,1,0,1
4805360102,"bus_subway_trolley",480536,1,"Bus / trolleybus",88,11642,122.217,126.467,4.25,1,1,2,2,1,5,NA,14,5,1.13,94.52500038,83.65044281,2,2,10,1,6,1,1,NA,1,40,11,4,0,2,2,3,10,NA,97.53164027,42091,11642,5,2,2,2,2,0,2,1,99,1,10,1,"white",1,1,1,0,10,0,NA,NA,2,2,2,"rural",1,1,0,1
4816200105,"bus_subway_trolley",481620,1,"Subway / El",71,68,7.933,8.085,0.152,1,1,5,4,4,19,NA,21,5,1.15,193.3567302,168.1362871,9,1,7,1,5,1,1,NA,1,40,13,3,0,2,2,3,14,NA,124.81705,42101,3208,3,3,2,2,2,3,2,1,8,0,7,0,"white",1,1,1,0,14,0,175,0,3,2,2,"urban",1,1,0,0.666666666666667
4816200106,"bus_subway_trolley",481620,1,"Bus / trolleybus",68,90,10.523,13.048,2.525,1,1,6,4,4,5,NA,14,5,1.15,193.3567302,168.1362871,9,1,7,1,5,1,1,NA,1,40,13,3,0,2,2,3,14,NA,124.81705,42101,3208,3,3,2,2,2,3,2,1,8,0,7,0,"white",1,1,1,0,14,0,175,0,3,2,2,"urban",1,1,0,0.666666666666667
4816460101,"bus_subway_trolley",481646,1,"Bus / trolleybus",2620,2430,46.144,45.688,-0.456,1,1,1,1,2,1,NA,14,5,1.17,134.6897407,115.1194365,2,2,8,2,5,2,1,NA,1,40,31,4,2,2,2,3,6,NA,157.1925661,42101,2620,3,1,1,0,0,2,2,2,5,1,8,0,"black",1,0,1,0,6,0,62.5,0,1,1,0,"urban",1,1,1,0
4816460102,"bus_subway_trolley",481646,1,"Subway / El",2430,2620,44.035,49.717,5.681,1,1,2,2,1,3,NA,21,5,1.17,134.6897407,115.1194365,2,2,8,2,5,2,1,NA,1,40,31,4,2,2,2,3,6,NA,157.1925661,42101,2620,3,1,1,0,0,2,2,2,5,1,8,0,"black",1,0,1,0,6,0,62.5,0,1,1,0,"urban",1,1,1,0
4824800201,"bus_subway_trolley",482480,2,"Subway / El",138,10215,73.562,89.825,16.263,3,1,1,1,2,1,NA,21,5,1.17,310.3601699,265.2651025,2,2,5,1,2,2,1,NA,1,25,41,4,0,3,8,1,16,NA,366.682136,42101,138,3,3,2,1,1,2,2,2,5,1,5,0,"white",0,0,1,1,16,NA,62.5,0,3,2,1,"urban",0,0,0,0.333333333333333
4829410103,"bus_subway_trolley",482941,1,"Trolley / light rail",1021,42,38.39,34.783,-3.606,2,2,3,1,4,1,NA,23,5,1.17,247.1820269,211.2666896,4,2,6,1,6,1,1,NA,2,40,29,1,0,3,2,3,0,NA,345.5485017,42101,1021,3,1,1,1,1,0,2,3,4,1,6,0,"white",1,1,1,0,0,0,42.5,0,1,1,1,"urban",0,1,0,1
4829410104,"bus_subway_trolley",482941,1,"Trolley / light rail",42,1021,67.567,80.65,13.083,2,2,4,4,1,12,NA,23,5,1.17,247.1820269,211.2666896,4,2,6,1,6,1,1,NA,2,40,29,1,0,3,2,3,0,NA,345.5485017,42101,1021,3,1,1,1,1,0,2,3,4,1,6,0,"white",1,1,1,0,0,0,42.5,0,1,1,1,"urban",0,1,0,1
4829770101,"bus_subway_trolley",482977,1,"Bus / trolleybus",2423,2215,54.958,59.138,4.179,2,1,1,1,4,1,NA,14,5,1.17,2132.613665,1822.746722,5,2,9,2,3,2,1,NA,2,4,43,4,0,8,8,3,8,NA,375.5001268,42101,2423,3,3,1,2,2,0,2,2,5,1,9,0,"black",0,0,1,0,8,NA,62.5,0,3,1,2,"urban",0,1,0,0.666666666666667
4829770102,"bus_subway_trolley",482977,1,"Bus / trolleybus",2215,2628,68.96,75.6,6.64,2,1,2,4,4,96,NA,14,5,1.17,2132.613665,1822.746722,5,2,9,2,3,2,1,NA,2,4,43,4,0,8,8,3,8,NA,375.5001268,42101,2423,3,3,1,2,2,0,2,2,5,1,9,0,"black",0,0,1,0,8,NA,62.5,0,3,1,2,"urban",0,1,0,0.666666666666667
4831130101,"bus_subway_trolley",483113,1,"Subway / El",13,80,21.385,21.215,-0.171,1,1,1,1,2,1,NA,21,5,1.12,108.5508336,96.92038715,6,2,6,1,5,1,1,NA,1,40,17,4,0,2,1,3,10,NA,234.9764648,42101,13,3,2,2,0,0,4,1,4,7,1,6,0,"white",1,1,1,0,10,1,125,0,2,2,0,"urban",1,1,1,0
4832100204,"bus_subway_trolley",483210,2,"Subway / El",92,422,37.967,37.529,-0.438,1,1,4,4,2,19,NA,21,5,1.15,95.70391045,83.22079169,9,1,9,1,6,1,1,NA,1,60,11,9,0,9,8,3,5,NA,127.1853038,42029,7004,5,5,1,2,2,5,2,1,10,0,9,0,"white",1,1,1,0,5,NA,300,0,5,1,2,"rural",1,1,0,0.4
4851790102,"bus_subway_trolley",485179,1,"Subway / El",1038,1814,58.969,65.021,6.052,2,2,2,1,4,15,NA,21,5,1.17,234.2399772,200.2051087,4,2,10,2,3,2,2,1,NA,NA,NA,NA,NA,NA,NA,3,2,NA,434.9062452,42101,1038,3,1,0,0,0,0,2,5,1,1,10,1,"black",0,0,0,0,2,NA,5,1,1,0,0,"urban",0,1,1,0
4851790103,"bus_subway_trolley",485179,1,"Subway / El",1814,1030,31.225,34.2,2.975,2,2,3,4,4,8,NA,21,5,1.17,234.2399772,200.2051087,4,2,10,2,3,2,2,1,NA,NA,NA,NA,NA,NA,NA,3,2,NA,434.9062452,42101,1038,3,1,0,0,0,0,2,5,1,1,10,1,"black",0,0,0,0,2,NA,5,1,1,0,0,"urban",0,1,1,0
4871620101,"bus_subway_trolley",487162,1,"Bus / trolleybus",4455,71,51.1,50.6,-0.5,1,1,1,1,2,1,NA,14,5,1.12,103.6597631,92.5533599,5,2,9,1,6,1,1,NA,1,50,29,4,0,1,1,3,10,NA,180.8656087,42045,4455,3,1,1,2,2,2,2,2,6,1,9,0,"white",1,1,1,0,10,1,87.5,0,1,1,2,"urban",1,1,0,2
4871620102,"bus_subway_trolley",487162,1,"Bus / trolleybus",71,4455,41.633,43.523,1.89,1,1,2,2,1,5,NA,14,5,1.12,103.6597631,92.5533599,5,2,9,1,6,1,1,NA,1,50,29,4,0,1,1,3,10,NA,180.8656087,42045,4455,3,1,1,2,2,2,2,2,6,1,9,0,"white",1,1,1,0,10,1,87.5,0,1,1,2,"urban",1,1,0,2
4873700203,"bus_subway_trolley",487370,2,"Subway / El",411,93,23.506,23.6,0.094,2,1,3,4,4,96,NA,21,5,1.17,2855.936398,2440.97128,4,2,4,3,1,2,2,6,NA,NA,NA,NA,NA,NA,NA,1,8,NA,838.2929217,42101,2214,3,2,0,1,1,1,2,3,3,1,4,0,"hispanic",0,0,0,1,8,NA,30,1,2,0,1,"urban",0,1,0,0.5
4873700204,"bus_subway_trolley",487370,2,"Bus / trolleybus",93,2214,44.958,49.071,4.112,2,1,4,4,1,19,NA,14,5,1.17,2855.936398,2440.97128,4,2,4,3,1,2,2,6,NA,NA,NA,NA,NA,NA,NA,1,8,NA,838.2929217,42101,2214,3,2,0,1,1,1,2,3,3,1,4,0,"hispanic",0,0,0,1,8,NA,30,1,2,0,1,"urban",0,1,0,0.5
4874540102,"bus_subway_trolley",487454,1,"Bus / trolleybus",1210,93,25.95,29.45,3.5,2,1,2,4,4,8,NA,14,5,1.17,150.8014758,128.8901503,6,2,10,2,6,1,2,1,NA,NA,NA,NA,NA,NA,NA,3,5,NA,228.4384878,42101,1201,3,1,0,0,0,0,2,2,3,1,10,1,"black",1,1,0,0,5,NA,30,1,1,0,0,"urban",0,1,1,0
4874540103,"bus_subway_trolley",487454,1,"Bus / trolleybus",93,93,8.26,8.548,0.287,2,1,3,4,4,8,NA,14,5,1.17,150.8014758,128.8901503,6,2,10,2,6,1,2,1,NA,NA,NA,NA,NA,NA,NA,3,5,NA,228.4384878,42101,1201,3,1,0,0,0,0,2,2,3,1,10,1,"black",1,1,0,0,5,NA,30,1,1,0,0,"urban",0,1,1,0
4874540104,"bus_subway_trolley",487454,1,"Bus / trolleybus",93,88,9.938,11.104,1.167,2,1,4,4,4,8,NA,14,5,1.17,150.8014758,128.8901503,6,2,10,2,6,1,2,1,NA,NA,NA,NA,NA,NA,NA,3,5,NA,228.4384878,42101,1201,3,1,0,0,0,0,2,2,3,1,10,1,"black",1,1,0,0,5,NA,30,1,1,0,0,"urban",0,1,1,0
4874540105,"bus_subway_trolley",487454,1,"Bus / trolleybus",88,74,10.473,11.915,1.442,2,1,5,4,4,8,NA,14,5,1.17,150.8014758,128.8901503,6,2,10,2,6,1,2,1,NA,NA,NA,NA,NA,NA,NA,3,5,NA,228.4384878,42101,1201,3,1,0,0,0,0,2,2,3,1,10,1,"black",1,1,0,0,5,NA,30,1,1,0,0,"urban",0,1,1,0
4875320101,"bus_subway_trolley",487532,1,"Trolley / light rail",1013,84,28.565,31.992,3.427,1,1,1,1,2,1,NA,23,5,1.17,121.0054871,103.4234932,2,2,9,1,3,1,1,NA,1,40,11,4,0,2,2,3,7,NA,179.0435872,42101,1013,3,1,1,0,0,0,2,2,4,1,9,0,"white",0,1,1,0,7,0,42.5,0,1,1,0,"urban",1,1,1,0
4875320102,"bus_subway_trolley",487532,1,"Trolley / light rail",84,1013,33.835,36.767,2.931,1,1,2,2,1,5,NA,23,5,1.17,121.0054871,103.4234932,2,2,9,1,3,1,1,NA,1,40,11,4,0,2,2,3,7,NA,179.0435872,42101,1013,3,1,1,0,0,0,2,2,4,1,9,0,"white",0,1,1,0,7,0,42.5,0,1,1,0,"urban",1,1,1,0
4875910102,"bus_subway_trolley",487591,1,"Subway / El",819,93,24.825,25.95,1.125,1,1,2,4,4,19,NA,21,5,1.17,340.539702,291.0595743,11,2,9,1,4,1,1,NA,1,37,43,4,0,2,1,2,12,NA,269.8869014,42101,819,3,1,1,1,1,1,2,2,3,1,9,0,"white",0,1,1,1,12,1,30,1,1,1,1,"urban",1,1,0,1
4875910110,"bus_subway_trolley",487591,1,"Bus / trolleybus",8,817,22.442,23.55,1.108,1,1,10,4,4,19,NA,14,5,1.17,340.539702,291.0595743,11,2,9,1,4,1,1,NA,1,37,43,4,0,2,1,2,12,NA,269.8869014,42101,819,3,1,1,1,1,1,2,2,3,1,9,0,"white",0,1,1,1,12,1,30,1,1,1,1,"urban",1,1,0,1
4877260201,"bus_subway_trolley",487726,2,"Subway / El",3613,36,87.867,83.367,-4.5,1,1,1,1,2,1,NA,21,5,1.12,230.6319316,205.9213675,2,1,9,1,5,1,1,NA,1,40,47,3,0,2,2,3,10,NA,196.1786935,42101,3613,4,3,2,3,3,1,2,1,7,0,9,0,"white",1,1,1,0,10,0,125,0,3,2,3,"suburban",1,1,0,1
4916910101,"bus_subway_trolley",491691,1,"Bus / trolleybus",2425,11808,78.779,85.338,6.558,1,1,1,1,2,1,NA,14,5,1.17,359.2383535,307.0413278,3,2,6,2,5,2,1,NA,1,40,13,4,0,3,2,3,20,NA,167.9038133,42101,2425,3,2,2,1,1,0,2,1,5,1,6,0,"black",1,0,1,0,20,0,62.5,0,2,2,1,"urban",1,1,0,0.5
4916910102,"bus_subway_trolley",491691,1,"Bus / trolleybus",11808,12238,64.908,70.35,5.442,1,1,2,2,4,5,NA,14,5,1.17,359.2383535,307.0413278,3,2,6,2,5,2,1,NA,1,40,13,4,0,3,2,3,20,NA,167.9038133,42101,2425,3,2,2,1,1,0,2,1,5,1,6,0,"black",1,0,1,0,20,0,62.5,0,2,2,1,"urban",1,1,0,0.5
4916910103,"bus_subway_trolley",491691,1,"Bus / trolleybus",12238,2425,43.456,45.344,1.888,1,1,3,4,1,14,NA,14,5,1.17,359.2383535,307.0413278,3,2,6,2,5,2,1,NA,1,40,13,4,0,3,2,3,20,NA,167.9038133,42101,2425,3,2,2,1,1,0,2,1,5,1,6,0,"black",1,0,1,0,20,0,62.5,0,2,2,1,"urban",1,1,0,0.5
4925520402,"bus_subway_trolley",492552,4,"Bus / trolleybus",135,92,14.738,15.583,0.846,2,1,2,3,4,3,NA,14,5,1.15,507.1834785,441.0291118,4,2,2,1,1,NA,NA,NA,NA,NA,NA,NA,NA,NA,NA,1,NA,NA,189.0281746,42101,2411,3,4,2,3,3,3,2,1,8,1,2,0,"white",0,NA,NA,1,NA,NA,175,0,4,2,3,"urban",0,1,0,0.75
4928930101,"bus_subway_trolley",492893,1,"Bus / trolleybus",136,70,25.996,27.644,1.648,2,1,1,1,4,1,NA,14,5,1.17,121.3805042,103.7440207,9,2,10,1,6,1,2,1,NA,NA,NA,NA,NA,NA,NA,3,4,NA,228.4384878,42101,136,2,1,0,0,0,0,2,2,2,1,10,1,"white",1,1,0,0,4,NA,17.5,1,1,0,0,"cbd",0,1,1,0
4928930103,"bus_subway_trolley",492893,1,"Bus / trolleybus",56,60,11.3,13.356,2.056,2,1,3,4,4,11,NA,14,5,1.17,121.3805042,103.7440207,9,2,10,1,6,1,2,1,NA,NA,NA,NA,NA,NA,NA,3,4,NA,228.4384878,42101,136,2,1,0,0,0,0,2,2,2,1,10,1,"white",1,1,0,0,4,NA,17.5,1,1,0,0,"cbd",0,1,1,0
4928930104,"bus_subway_trolley",492893,1,"Bus / trolleybus",60,73,8.287,9.267,0.979,2,1,4,4,4,8,NA,14,5,1.17,121.3805042,103.7440207,9,2,10,1,6,1,2,1,NA,NA,NA,NA,NA,NA,NA,3,4,NA,228.4384878,42101,136,2,1,0,0,0,0,2,2,2,1,10,1,"white",1,1,0,0,4,NA,17.5,1,1,0,0,"cbd",0,1,1,0
4928930105,"bus_subway_trolley",492893,1,"Bus / trolleybus",73,79,12.49,14.652,2.162,2,1,5,4,4,9,NA,14,5,1.17,121.3805042,103.7440207,9,2,10,1,6,1,2,1,NA,NA,NA,NA,NA,NA,NA,3,4,NA,228.4384878,42101,136,2,1,0,0,0,0,2,2,2,1,10,1,"white",1,1,0,0,4,NA,17.5,1,1,0,0,"cbd",0,1,1,0
4928930108,"bus_subway_trolley",492893,1,"Bus / trolleybus",99,133,13.613,16.515,2.902,2,1,8,4,4,14,NA,14,5,1.17,121.3805042,103.7440207,9,2,10,1,6,1,2,1,NA,NA,NA,NA,NA,NA,NA,3,4,NA,228.4384878,42101,136,2,1,0,0,0,0,2,2,2,1,10,1,"white",1,1,0,0,4,NA,17.5,1,1,0,0,"cbd",0,1,1,0
4929160101,"bus_subway_trolley",492916,1,"Bus / trolleybus",8,137,29.871,29.946,0.075,2,1,1,1,4,1,NA,14,5,1.17,134.4822437,114.9420887,2,2,10,1,3,1,2,1,NA,NA,NA,NA,NA,NA,NA,3,2,NA,264.8909442,42101,8,3,1,0,0,0,0,2,5,2,1,10,1,"white",0,1,0,0,2,NA,17.5,1,1,0,0,"urban",0,1,1,0
4934560201,"bus_subway_trolley",493456,2,"Bus / trolleybus",1215,820,40.692,45.258,4.567,2,1,1,1,3,1,NA,14,5,1.17,539.4288227,461.0502758,2,1,4,2,1,2,2,6,NA,NA,NA,NA,NA,NA,NA,1,10,NA,669.0737258,42101,1215,3,6,1,1,1,2,2,2,4,0,4,0,"black",0,0,0,1,10,NA,42.5,0,6,1,1,"urban",0,1,0,0.166666666666667
4934560202,"bus_subway_trolley",493456,2,"Bus / trolleybus",820,1215,40.8,44.8,4,2,1,2,3,1,3,NA,14,5,1.17,539.4288227,461.0502758,2,1,4,2,1,2,2,6,NA,NA,NA,NA,NA,NA,NA,1,10,NA,669.0737258,42101,1215,3,6,1,1,1,2,2,2,4,0,4,0,"black",0,0,0,1,10,NA,42.5,0,6,1,1,"urban",0,1,0,0.166666666666667
4940770206,"bus_subway_trolley",494077,2,"Bus / trolleybus",139,92,22.742,21.602,-1.14,1,1,6,4,4,96,NA,14,5,1.17,116.5058375,99.57763888,8,2,10,1,2,2,1,NA,1,18,37,4,0,8,2,3,10,NA,146.1405414,42045,4210,4,3,2,1,1,0,2,2,5,1,10,1,"white",0,0,1,0,10,0,62.5,0,3,2,1,"suburban",1,1,0,0.333333333333333
4947090101,"bus_subway_trolley",494709,1,"Bus / trolleybus",5020,131,64.515,62.877,-1.638,1,1,1,1,2,1,NA,14,5,1.12,140.4906387,125.4380702,2,2,7,1,6,1,1,NA,1,40,25,1,0,9,8,3,10,NA,447.8675222,42045,5020,3,4,2,2,2,3,2,1,6,1,7,0,"white",1,1,1,0,10,NA,87.5,0,4,2,2,"urban",1,1,0,0.5
4947090102,"bus_subway_trolley",494709,1,"Bus / trolleybus",131,5020,58.192,63.817,5.625,1,1,2,2,1,5,NA,14,5,1.12,140.4906387,125.4380702,2,2,7,1,6,1,1,NA,1,40,25,1,0,9,8,3,10,NA,447.8675222,42045,5020,3,4,2,2,2,3,2,1,6,1,7,0,"white",1,1,1,0,10,NA,87.5,0,4,2,2,"urban",1,1,0,0.5
4948250101,"bus_subway_trolley",494825,1,"Bus / trolleybus",2807,2809,32.59,31.767,-0.823,2,1,1,1,4,1,NA,14,5,1.17,129.0319758,110.28374,3,2,11,1,2,2,2,1,NA,NA,NA,NA,NA,NA,NA,3,2,NA,264.8909442,42101,2807,3,1,0,0,0,0,2,5,2,1,11,1,"white",0,0,0,0,2,NA,17.5,1,1,0,0,"urban",0,1,1,0
4948250102,"bus_subway_trolley",494825,1,"Bus / trolleybus",2809,2811,21.717,22.592,0.875,2,1,2,4,4,16,NA,14,5,1.17,129.0319758,110.28374,3,2,11,1,2,2,2,1,NA,NA,NA,NA,NA,NA,NA,3,2,NA,264.8909442,42101,2807,3,1,0,0,0,0,2,5,2,1,11,1,"white",0,0,0,0,2,NA,17.5,1,1,0,0,"urban",0,1,1,0
4948250103,"bus_subway_trolley",494825,1,"Bus / trolleybus",2811,2807,11.908,13.783,1.875,2,1,3,4,1,16,NA,14,5,1.17,129.0319758,110.28374,3,2,11,1,2,2,2,1,NA,NA,NA,NA,NA,NA,NA,3,2,NA,264.8909442,42101,2807,3,1,0,0,0,0,2,5,2,1,11,1,"white",0,0,0,0,2,NA,17.5,1,1,0,0,"urban",0,1,1,0
4952180201,"bus_subway_trolley",495218,2,"Bus / trolleybus",141,121,14.204,16.433,2.229,2,1,1,1,4,1,NA,14,5,1.15,113.0168129,98.27548944,2,2,7,99,6,1,1,NA,1,50,13,6,0,8,8,3,2,NA,129.8152217,42101,141,3,4,2,1,1,1,2,2,10,1,7,0,NA,1,1,1,0,2,NA,300,0,4,2,1,"urban",0,1,0,0.25
4952180301,"bus_subway_trolley",495218,3,"Bus / trolleybus",141,121,14.204,16.433,2.229,2,1,1,1,3,1,NA,14,5,1.15,121.3529115,105.5242709,2,2,1,99,1,NA,NA,NA,NA,NA,NA,NA,NA,NA,NA,1,NA,NA,129.8152217,42101,141,3,4,2,1,1,1,2,2,10,1,1,0,NA,0,NA,NA,1,NA,NA,300,0,4,2,1,"urban",0,1,0,0.25
4954840101,"bus_subway_trolley",495484,1,"Bus / trolleybus",1214,10211,79.917,86.465,6.548,1,1,1,1,2,1,NA,14,5,1.17,309.490027,264.5213906,4,2,6,2,4,1,1,NA,1,40,15,4,0,3,2,1,14,NA,535.8483804,42101,1214,3,2,2,0,0,0,1,3,3,1,6,0,"black",0,1,1,1,14,0,30,1,2,2,0,"urban",1,1,1,0
4954840102,"bus_subway_trolley",495484,1,"Subway / El",10211,1214,96.221,85.383,-10.838,1,1,2,2,1,5,NA,21,5,1.17,309.490027,264.5213906,4,2,6,2,4,1,1,NA,1,40,15,4,0,3,2,1,14,NA,535.8483804,42101,1214,3,2,2,0,0,0,1,3,3,1,6,0,"black",0,1,1,1,14,0,30,1,2,2,0,"urban",1,1,1,0
4954840201,"bus_subway_trolley",495484,2,"Bus / trolleybus",1214,10211,79.917,86.465,6.548,1,1,1,1,2,1,NA,14,5,1.17,309.490027,264.5213906,4,2,6,2,4,1,1,NA,1,40,15,4,0,3,2,1,14,NA,535.8483804,42101,1214,3,2,2,0,0,0,1,3,3,1,6,0,"black",0,1,1,1,14,0,30,1,2,2,0,"urban",1,1,1,0
4954840202,"bus_subway_trolley",495484,2,"Subway / El",10211,1214,96.221,85.383,-10.838,1,1,2,2,1,5,NA,21,5,1.17,309.490027,264.5213906,4,2,6,2,4,1,1,NA,1,40,15,4,0,3,2,1,14,NA,535.8483804,42101,1214,3,2,2,0,0,0,1,3,3,1,6,0,"black",0,1,1,1,14,0,30,1,2,2,0,"urban",1,1,1,0
4964260101,"bus_subway_trolley",496426,1,"Bus / trolleybus",427,2406,35.933,38.242,2.308,3,1,1,1,4,1,NA,14,5,1.17,219.4188029,187.5374383,7,2,8,2,5,2,2,2,NA,NA,NA,NA,NA,NA,NA,3,6,NA,482.4406172,42101,427,3,1,0,0,0,1,2,5,1,1,8,0,"black",1,0,0,0,6,NA,5,1,1,0,0,"urban",0,0,1,0
4964260102,"bus_subway_trolley",496426,1,"Bus / trolleybus",2406,80,41.035,44.392,3.356,3,1,2,4,4,8,NA,14,5,1.17,219.4188029,187.5374383,7,2,8,2,5,2,2,2,NA,NA,NA,NA,NA,NA,NA,3,6,NA,482.4406172,42101,427,3,1,0,0,0,1,2,5,1,1,8,0,"black",1,0,0,0,6,NA,5,1,1,0,0,"urban",0,0,1,0
4964260103,"bus_subway_trolley",496426,1,"Bus / trolleybus",80,1403,37.729,40.985,3.256,3,1,3,4,4,16,NA,14,5,1.17,219.4188029,187.5374383,7,2,8,2,5,2,2,2,NA,NA,NA,NA,NA,NA,NA,3,6,NA,482.4406172,42101,427,3,1,0,0,0,1,2,5,1,1,8,0,"black",1,0,0,0,6,NA,5,1,1,0,0,"urban",0,0,1,0
4964260104,"bus_subway_trolley",496426,1,"Bus / trolleybus",1403,427,21.242,21.683,0.442,3,1,4,4,4,12,NA,14,5,1.17,219.4188029,187.5374383,7,2,8,2,5,2,2,2,NA,NA,NA,NA,NA,NA,NA,3,6,NA,482.4406172,42101,427,3,1,0,0,0,1,2,5,1,1,8,0,"black",1,0,0,0,6,NA,5,1,1,0,0,"urban",0,0,1,0
4964260107,"bus_subway_trolley",496426,1,"Bus / trolleybus",1408,2643,62.046,67.298,5.252,3,1,7,4,4,8,NA,14,5,1.17,219.4188029,187.5374383,7,2,8,2,5,2,2,2,NA,NA,NA,NA,NA,NA,NA,3,6,NA,482.4406172,42101,427,3,1,0,0,0,1,2,5,1,1,8,0,"black",1,0,0,0,6,NA,5,1,1,0,0,"urban",0,0,1,0
4969920302,"bus_subway_trolley",496992,3,"Trolley / light rail",5008,5020,43.817,43.817,0,2,1,2,3,1,3,NA,23,5,1.15,182.3726415,158.5849056,2,2,4,1,1,2,1,NA,2,5,21,9,0,2,8,1,6,NA,279.3646839,42045,5020,3,4,3,2,2,3,2,1,8,1,4,0,"white",0,0,1,1,6,NA,175,0,4,3,2,"urban",0,1,0,0.5
4971940101,"bus_subway_trolley",497194,1,"Bus / trolleybus",10431,10402,24.183,29.871,5.688,2,1,1,1,4,1,NA,14,5,1.17,1386.094039,1184.69576,5,2,10,1,2,1,2,1,NA,NA,NA,NA,NA,NA,NA,3,6,NA,252.2959697,42091,10431,4,1,0,0,0,0,2,2,1,1,10,1,"white",0,1,0,0,6,NA,5,1,1,0,0,"suburban",0,1,1,0
4971940105,"bus_subway_trolley",497194,1,"Bus / trolleybus",10401,10431,27.267,27.267,0,2,1,5,4,1,19,NA,14,5,1.17,1386.094039,1184.69576,5,2,10,1,2,1,2,1,NA,NA,NA,NA,NA,NA,NA,3,6,NA,252.2959697,42091,10431,4,1,0,0,0,0,2,2,1,1,10,1,"white",0,1,0,0,6,NA,5,1,1,0,0,"suburban",0,1,1,0
4985230101,"bus_subway_trolley",498523,1,"Bus / trolleybus",415,98,30.619,30.96,0.342,2,1,1,1,4,1,NA,14,5,1.17,218.8562264,187.0566038,5,1,8,2,6,2,2,4,NA,NA,NA,NA,NA,NA,NA,3,10,NA,309.1267134,42101,415,3,1,0,0,0,1,2,2,2,0,8,0,"black",1,0,0,0,10,NA,17.5,1,1,0,0,"urban",0,1,1,0
4985230103,"bus_subway_trolley",498523,1,"Subway / El",112,88,17.542,18.033,0.492,2,1,3,4,4,6,NA,21,5,1.17,218.8562264,187.0566038,5,1,8,2,6,2,2,4,NA,NA,NA,NA,NA,NA,NA,3,10,NA,309.1267134,42101,415,3,1,0,0,0,1,2,2,2,0,8,0,"black",1,0,0,0,10,NA,17.5,1,1,0,0,"urban",0,1,1,0
4985230104,"bus_subway_trolley",498523,1,"Bus / trolleybus",88,415,35.496,38.725,3.229,2,1,4,4,4,11,NA,14,5,1.17,218.8562264,187.0566038,5,1,8,2,6,2,2,4,NA,NA,NA,NA,NA,NA,NA,3,10,NA,309.1267134,42101,415,3,1,0,0,0,1,2,2,2,0,8,0,"black",1,0,0,0,10,NA,17.5,1,1,0,0,"urban",0,1,1,0
4989420102,"bus_subway_trolley",498942,1,"Bus / trolleybus",3220,59,NA,NA,NA,1,1,2,4,4,19,NA,14,5,1.17,146.9516367,125.5996895,9,1,6,5,6,1,1,NA,1,50,19,4,0,2,2,3,10,NA,214.1256399,42101,3221,4,2,1,1,1,0,2,5,4,0,6,0,"asian",1,1,1,0,10,0,42.5,0,2,1,1,"suburban",1,1,0,0.5
4989420104,"bus_subway_trolley",498942,1,"Subway / El",74,1428,20.298,20.992,0.694,1,1,4,4,4,19,NA,21,5,1.17,146.9516367,125.5996895,9,1,6,5,6,1,1,NA,1,50,19,4,0,2,2,3,10,NA,214.1256399,42101,3221,4,2,1,1,1,0,2,5,4,0,6,0,"asian",1,1,1,0,10,0,42.5,0,2,1,1,"suburban",1,1,0,0.5
4989420107,"bus_subway_trolley",498942,1,"Subway / El",1418,93,30.602,30.727,0.125,1,1,7,4,4,19,NA,21,5,1.17,146.9516367,125.5996895,9,1,6,5,6,1,1,NA,1,50,19,4,0,2,2,3,10,NA,214.1256399,42101,3221,4,2,1,1,1,0,2,5,4,0,6,0,"asian",1,1,1,0,10,0,42.5,0,2,1,1,"suburban",1,1,0,0.5
4989420108,"bus_subway_trolley",498942,1,"Bus / trolleybus",93,1418,28.115,31.433,3.319,1,1,8,4,2,19,NA,14,5,1.17,146.9516367,125.5996895,9,1,6,5,6,1,1,NA,1,50,19,4,0,2,2,3,10,NA,214.1256399,42101,3221,4,2,1,1,1,0,2,5,4,0,6,0,"asian",1,1,1,0,10,0,42.5,0,2,1,1,"suburban",1,1,0,0.5
4990450101,"bus_subway_trolley",499045,1,"Bus / trolleybus",2425,11633,100.633,120.2,19.567,2,1,1,1,4,1,NA,14,5,1.12,213.8546283,190.9416324,5,2,9,2,5,1,2,1,NA,NA,NA,NA,NA,NA,NA,3,6,NA,124.5451967,42101,2425,3,2,0,1,1,2,2,1,6,1,9,0,"black",1,1,0,0,6,NA,87.5,0,2,0,1,"urban",0,1,0,0.5
4990450103,"bus_subway_trolley",499045,1,"Bus / trolleybus",61,51,17.492,21.29,3.798,2,1,3,4,4,9,NA,14,5,1.12,213.8546283,190.9416324,5,2,9,2,5,1,2,1,NA,NA,NA,NA,NA,NA,NA,3,6,NA,124.5451967,42101,2425,3,2,0,1,1,2,2,1,6,1,9,0,"black",1,1,0,0,6,NA,87.5,0,2,0,1,"urban",0,1,0,0.5
4990450104,"bus_subway_trolley",499045,1,"Bus / trolleybus",51,2431,62.096,60.038,-2.058,2,1,4,4,4,15,NA,14,5,1.12,213.8546283,190.9416324,5,2,9,2,5,1,2,1,NA,NA,NA,NA,NA,NA,NA,3,6,NA,124.5451967,42101,2425,3,2,0,1,1,2,2,1,6,1,9,0,"black",1,1,0,0,6,NA,87.5,0,2,0,1,"urban",0,1,0,0.5
4990450105,"bus_subway_trolley",499045,1,"Bus / trolleybus",2431,2425,13.408,15.533,2.125,2,1,5,4,1,12,NA,14,5,1.12,213.8546283,190.9416324,5,2,9,2,5,1,2,1,NA,NA,NA,NA,NA,NA,NA,3,6,NA,124.5451967,42101,2425,3,2,0,1,1,2,2,1,6,1,9,0,"black",1,1,0,0,6,NA,87.5,0,2,0,1,"urban",0,1,0,0.5
5002200201,"bus_subway_trolley",500220,2,"Bus / trolleybus",1015,1435,46.692,46.915,0.223,1,1,1,1,2,1,NA,14,5,1.17,432.0192169,369.2471939,3,2,5,1,5,1,1,NA,2,30,25,4,0,3,2,3,22,NA,851.8019687,42101,1015,3,4,1,1,1,3,1,3,2,1,5,0,"white",1,1,1,0,22,0,17.5,1,4,1,1,"urban",1,1,0,0.25
5002200202,"bus_subway_trolley",500220,2,"Bus / trolleybus",1435,1019,47.748,51.173,3.425,1,1,2,2,4,5,NA,14,5,1.17,432.0192169,369.2471939,3,2,5,1,5,1,1,NA,2,30,25,4,0,3,2,3,22,NA,851.8019687,42101,1015,3,4,1,1,1,3,1,3,2,1,5,0,"white",1,1,1,0,22,0,17.5,1,4,1,1,"urban",1,1,0,0.25
5003940201,"bus_subway_trolley",500394,2,"Bus / trolleybus",26,53,25.633,26.525,0.892,1,1,1,1,2,1,NA,14,5,1.17,111.0904426,94.94909625,2,2,7,5,6,1,1,NA,1,45,43,4,0,2,2,3,5,NA,211.3498436,42101,26,3,2,2,0,0,3,1,5,5,1,7,0,"asian",1,1,1,0,5,0,62.5,0,2,2,0,"urban",1,1,1,0
5003940202,"bus_subway_trolley",500394,2,"Bus / trolleybus",53,26,25.29,28.006,2.717,1,1,2,2,1,5,NA,14,5,1.17,111.0904426,94.94909625,2,2,7,5,6,1,1,NA,1,45,43,4,0,2,2,3,5,NA,211.3498436,42101,26,3,2,2,0,0,3,1,5,5,1,7,0,"asian",1,1,1,0,5,0,62.5,0,2,2,0,"urban",1,1,1,0
5006430102,"bus_subway_trolley",500643,1,"Subway / El",401,72,26.994,29.119,2.125,2,1,2,4,4,19,NA,21,5,1.17,178.1602289,152.2736999,11,1,7,1,3,1,1,NA,2,998,27,4,0,2,2,3,17,NA,324.4698324,42101,603,3,1,1,0,0,0,2,2,2,0,7,0,"white",0,1,1,0,17,0,17.5,1,1,1,0,"urban",0,1,1,0
5006430103,"bus_subway_trolley",500643,1,"Trolley / light rail",72,1007,26.408,31.169,4.76,2,1,3,4,4,19,NA,23,5,1.17,178.1602289,152.2736999,11,1,7,1,3,1,1,NA,2,998,27,4,0,2,2,3,17,NA,324.4698324,42101,603,3,1,1,0,0,0,2,2,2,0,7,0,"white",0,1,1,0,17,0,17.5,1,1,1,0,"urban",0,1,1,0
5006430105,"bus_subway_trolley",500643,1,"Trolley / light rail",1022,1040,18.419,19.3,0.881,2,1,5,4,4,14,NA,23,5,1.17,178.1602289,152.2736999,11,1,7,1,3,1,1,NA,2,998,27,4,0,2,2,3,17,NA,324.4698324,42101,603,3,1,1,0,0,0,2,2,2,0,7,0,"white",0,1,1,0,17,0,17.5,1,1,1,0,"urban",0,1,1,0
5006430106,"bus_subway_trolley",500643,1,"Subway / El",1040,401,37.569,41.2,3.631,2,1,6,4,4,19,NA,21,5,1.17,178.1602289,152.2736999,11,1,7,1,3,1,1,NA,2,998,27,4,0,2,2,3,17,NA,324.4698324,42101,603,3,1,1,0,0,0,2,2,2,0,7,0,"white",0,1,1,0,17,0,17.5,1,1,1,0,"urban",0,1,1,0
5006430110,"bus_subway_trolley",500643,1,"Trolley / light rail",401,601,22.327,26.967,4.64,2,2,10,4,4,19,NA,23,5,1.17,178.1602289,152.2736999,11,1,7,1,3,1,1,NA,2,998,27,4,0,2,2,3,17,NA,324.4698324,42101,603,3,1,1,0,0,0,2,2,2,0,7,0,"white",0,1,1,0,17,0,17.5,1,1,1,0,"urban",0,1,1,0
5009080101,"bus_subway_trolley",500908,1,"Bus / trolleybus",3030,1429,63.417,59.992,-3.425,2,1,1,1,4,1,NA,14,5,1.12,430.7948825,384.638288,2,2,7,1,5,1,1,NA,1,40,41,6,0,3,2,3,0,NA,561.0767375,42101,3030,3,4,3,2,2,2,2,2,7,1,7,0,"white",1,1,1,0,0,0,125,0,4,3,2,"urban",0,1,0,0.5
5009080102,"bus_subway_trolley",500908,1,"Bus / trolleybus",1429,3030,66.404,68.762,2.358,2,1,2,4,1,3,NA,14,5,1.12,430.7948825,384.638288,2,2,7,1,5,1,1,NA,1,40,41,6,0,3,2,3,0,NA,561.0767375,42101,3030,3,4,3,2,2,2,2,2,7,1,7,0,"white",1,1,1,0,0,0,125,0,4,3,2,"urban",0,1,0,0.5
5019750102,"bus_subway_trolley",501975,1,"Bus / trolleybus",4412,1007,27.742,27.742,0,1,1,2,4,4,96,NA,14,5,1.17,3319.251032,2836.966694,7,2,8,2,2,2,1,NA,1,40,33,3,0,8,2,3,23,NA,567.4321306,42045,4412,3,3,1,0,0,0,2,2,3,1,8,0,"black",0,0,1,0,23,0,30,1,3,1,0,"urban",1,1,1,0
5019750103,"bus_subway_trolley",501975,1,"Bus / trolleybus",1007,837,28.308,33.692,5.383,1,1,3,4,2,96,NA,14,5,1.17,3319.251032,2836.966694,7,2,8,2,2,2,1,NA,1,40,33,3,0,8,2,3,23,NA,567.4321306,42045,4412,3,3,1,0,0,0,2,2,3,1,8,0,"black",0,0,1,0,23,0,30,1,3,1,0,"urban",1,1,1,0
5019750105,"bus_subway_trolley",501975,1,"Bus / trolleybus",849,1007,19.825,38.998,19.173,1,1,5,4,4,96,NA,14,5,1.17,3319.251032,2836.966694,7,2,8,2,2,2,1,NA,1,40,33,3,0,8,2,3,23,NA,567.4321306,42045,4412,3,3,1,0,0,0,2,2,3,1,8,0,"black",0,0,1,0,23,0,30,1,3,1,0,"urban",1,1,1,0
5019750201,"bus_subway_trolley",501975,2,"Bus / trolleybus",4412,2019,26.867,23.667,-3.2,2,1,1,1,4,1,NA,14,5,1.17,3728.397678,3186.664682,4,1,7,2,1,2,2,2,NA,NA,NA,NA,NA,NA,NA,3,25,NA,567.4321306,42045,4412,3,3,1,0,0,0,2,2,3,0,7,0,"black",0,0,0,0,25,NA,30,1,3,1,0,"urban",0,1,1,0
5019750202,"bus_subway_trolley",501975,2,"Bus / trolleybus",2019,4448,43.385,48.513,5.127,2,1,2,4,4,13,NA,14,5,1.17,3728.397678,3186.664682,4,1,7,2,1,2,2,2,NA,NA,NA,NA,NA,NA,NA,3,25,NA,567.4321306,42045,4412,3,3,1,0,0,0,2,2,3,0,7,0,"black",0,0,0,0,25,NA,30,1,3,1,0,"urban",0,1,1,0
5019750203,"bus_subway_trolley",501975,2,"Bus / trolleybus",4448,1216,42.663,45.042,2.379,2,1,3,4,4,16,NA,14,5,1.17,3728.397678,3186.664682,4,1,7,2,1,2,2,2,NA,NA,NA,NA,NA,NA,NA,3,25,NA,567.4321306,42045,4412,3,3,1,0,0,0,2,2,3,0,7,0,"black",0,0,0,0,25,NA,30,1,3,1,0,"urban",0,1,1,0
5019750204,"bus_subway_trolley",501975,2,"Bus / trolleybus",1216,4412,78.233,55.4,-22.833,2,1,4,4,1,12,NA,14,5,1.17,3728.397678,3186.664682,4,1,7,2,1,2,2,2,NA,NA,NA,NA,NA,NA,NA,3,25,NA,567.4321306,42045,4412,3,3,1,0,0,0,2,2,3,0,7,0,"black",0,0,0,0,25,NA,30,1,3,1,0,"urban",0,1,1,0
5019750301,"bus_subway_trolley",501975,3,"Bus / trolleybus",4412,41,48.271,49.254,0.983,2,1,1,1,4,1,NA,14,5,1.17,3728.397678,3186.664682,5,1,7,2,2,2,2,2,NA,NA,NA,NA,NA,NA,NA,3,997,NA,567.4321306,42045,4412,3,3,1,0,0,0,2,2,3,0,7,0,"black",0,0,0,0,50,NA,30,1,3,1,0,"urban",0,1,1,0
5019750302,"bus_subway_trolley",501975,3,"Subway / El",41,409,19.208,19.377,0.169,2,1,2,4,4,13,NA,21,5,1.17,3728.397678,3186.664682,5,1,7,2,2,2,2,2,NA,NA,NA,NA,NA,NA,NA,3,997,NA,567.4321306,42045,4412,3,3,1,0,0,0,2,2,3,0,7,0,"black",0,0,0,0,50,NA,30,1,3,1,0,"urban",0,1,1,0
5019750304,"bus_subway_trolley",501975,3,"Bus / trolleybus",415,15229,NA,NA,NA,2,1,4,4,4,11,NA,14,5,1.17,3728.397678,3186.664682,5,1,7,2,2,2,2,2,NA,NA,NA,NA,NA,NA,NA,3,997,NA,567.4321306,42045,4412,3,3,1,0,0,0,2,2,3,0,7,0,"black",0,0,0,0,50,NA,30,1,3,1,0,"urban",0,1,1,0
5019750305,"bus_subway_trolley",501975,3,"Bus / trolleybus",15229,4412,NA,NA,NA,2,1,5,4,1,3,NA,14,5,1.17,3728.397678,3186.664682,5,1,7,2,2,2,2,2,NA,NA,NA,NA,NA,NA,NA,3,997,NA,567.4321306,42045,4412,3,3,1,0,0,0,2,2,3,0,7,0,"black",0,0,0,0,50,NA,30,1,3,1,0,"urban",0,1,1,0
5020830205,"bus_subway_trolley",502083,2,"Bus / trolleybus",3203,1040,43.242,40.35,-2.892,1,2,5,4,4,19,NA,14,5,1.12,198.7683209,177.4717151,8,1,7,1,6,1,1,NA,1,45,19,4,1,1,2,3,10,NA,367.4334267,42101,3212,3,4,2,1,1,2,1,2,6,0,7,0,"white",1,1,1,0,10,0,87.5,0,4,2,1,"urban",1,1,0,0.25
5021380101,"bus_subway_trolley",502138,1,"Subway / El",432,133,30.54,31.677,1.137,2,1,1,1,4,1,NA,21,5,1.17,301.1175908,257.3654622,3,2,7,2,3,2,1,NA,1,30,29,4,0,8,2,3,5,NA,860.4556576,42101,432,3,4,1,0,0,3,2,2,3,1,7,0,"black",0,0,1,0,5,0,30,1,4,1,0,"urban",0,1,1,0
5021380102,"bus_subway_trolley",502138,1,"Bus / trolleybus",133,419,34.175,42.992,8.817,2,1,2,4,4,16,NA,14,5,1.17,301.1175908,257.3654622,3,2,7,2,3,2,1,NA,1,30,29,4,0,8,2,3,5,NA,860.4556576,42101,432,3,4,1,0,0,3,2,2,3,1,7,0,"black",0,0,1,0,5,0,30,1,4,1,0,"urban",0,1,1,0
5021380204,"bus_subway_trolley",502138,2,"Subway / El",10449,432,NA,NA,NA,2,1,4,3,1,14,NA,21,5,1.17,203.3062029,173.7659854,4,1,4,2,1,2,2,6,NA,NA,NA,NA,NA,NA,NA,1,12,NA,860.4556576,42101,432,3,4,1,0,0,3,2,2,3,0,4,0,"black",0,0,0,1,12,NA,30,1,4,1,0,"urban",0,1,1,0
5021380301,"bus_subway_trolley",502138,3,"Bus / trolleybus",432,434,13.917,13.975,0.058,2,1,1,1,3,1,NA,14,5,1.17,203.3062029,173.7659854,4,1,3,2,1,NA,NA,NA,NA,NA,NA,NA,NA,NA,NA,1,10,NA,860.4556576,42101,432,3,4,1,0,0,3,2,2,3,0,3,0,"black",0,NA,NA,1,10,NA,30,1,4,1,0,"urban",0,1,1,0
5021380303,"bus_subway_trolley",502138,3,"Bus / trolleybus",3014,419,48.85,52.121,3.271,2,1,3,4,4,19,NA,14,5,1.17,203.3062029,173.7659854,4,1,3,2,1,NA,NA,NA,NA,NA,NA,NA,NA,NA,NA,1,10,NA,860.4556576,42101,432,3,4,1,0,0,3,2,2,3,0,3,0,"black",0,NA,NA,1,10,NA,30,1,4,1,0,"urban",0,1,1,0
5021380304,"bus_subway_trolley",502138,3,"Bus / trolleybus",419,432,23.938,24.483,0.546,2,1,4,4,1,12,NA,14,5,1.17,203.3062029,173.7659854,4,1,3,2,1,NA,NA,NA,NA,NA,NA,NA,NA,NA,NA,1,10,NA,860.4556576,42101,432,3,4,1,0,0,3,2,2,3,0,3,0,"black",0,NA,NA,1,10,NA,30,1,4,1,0,"urban",0,1,1,0
5021380402,"bus_subway_trolley",502138,4,"Bus / trolleybus",419,12013,121.417,118.408,-3.008,2,1,2,4,3,19,NA,14,5,1.17,263.8893246,225.5464313,3,2,2,2,1,NA,NA,NA,NA,NA,NA,NA,NA,NA,NA,1,NA,NA,860.4556576,42101,432,3,4,1,0,0,3,2,2,3,1,2,0,"black",0,NA,NA,1,NA,NA,30,1,4,1,0,"urban",0,1,1,0
5021380403,"bus_subway_trolley",502138,4,"Bus / trolleybus",12013,432,98.14,118.143,20.004,2,1,3,3,1,2,NA,14,5,1.17,263.8893246,225.5464313,3,2,2,2,1,NA,NA,NA,NA,NA,NA,NA,NA,NA,NA,1,NA,NA,860.4556576,42101,432,3,4,1,0,0,3,2,2,3,1,2,0,"black",0,NA,NA,1,NA,NA,30,1,4,1,0,"urban",0,1,1,0
5032850101,"bus_subway_trolley",503285,1,"Bus / trolleybus",842,17,20.292,22.525,2.233,2,1,1,1,4,1,NA,14,5,1.17,121.3805042,103.7440207,6,2,10,1,6,2,2,1,NA,NA,NA,NA,NA,NA,NA,3,15,NA,228.4384878,42101,842,3,1,0,0,0,0,2,2,2,1,10,1,"white",1,0,0,0,15,NA,17.5,1,1,0,0,"urban",0,1,1,0
5032850103,"bus_subway_trolley",503285,1,"Bus / trolleybus",17,2,22.894,32.89,9.996,2,1,3,4,4,8,NA,14,5,1.17,121.3805042,103.7440207,6,2,10,1,6,2,2,1,NA,NA,NA,NA,NA,NA,NA,3,15,NA,228.4384878,42101,842,3,1,0,0,0,0,2,2,2,1,10,1,"white",1,0,0,0,15,NA,17.5,1,1,0,0,"urban",0,1,1,0
5032850104,"bus_subway_trolley",503285,1,"Bus / trolleybus",2,4,19.354,24.65,5.296,2,1,4,4,4,13,NA,14,5,1.17,121.3805042,103.7440207,6,2,10,1,6,2,2,1,NA,NA,NA,NA,NA,NA,NA,3,15,NA,228.4384878,42101,842,3,1,0,0,0,0,2,2,2,1,10,1,"white",1,0,0,0,15,NA,17.5,1,1,0,0,"urban",0,1,1,0
5032850106,"bus_subway_trolley",503285,1,"Bus / trolleybus",2641,842,65.256,68.81,3.554,2,1,6,4,1,8,NA,14,5,1.17,121.3805042,103.7440207,6,2,10,1,6,2,2,1,NA,NA,NA,NA,NA,NA,NA,3,15,NA,228.4384878,42101,842,3,1,0,0,0,0,2,2,2,1,10,1,"white",1,0,0,0,15,NA,17.5,1,1,0,0,"urban",0,1,1,0
5047750101,"bus_subway_trolley",504775,1,"Bus / trolleybus",8,118,31.058,34.283,3.225,2,1,1,1,4,1,NA,14,5,1.17,171.5038842,146.5845164,2,2,10,2,6,2,2,1,NA,NA,NA,NA,NA,NA,NA,3,4,NA,317.9730521,42101,8,3,1,0,0,0,1,2,1,1,1,10,1,"black",1,0,0,0,4,NA,5,1,1,0,0,"urban",0,1,1,0
5055370101,"bus_subway_trolley",505537,1,"Bus / trolleybus",41,32,24.346,27.235,2.89,3,1,1,1,2,1,NA,14,5,1.13,98.76424452,87.4019863,1,2,5,1,5,1,1,NA,1,36,29,4,0,2,8,3,4,NA,96.56816881,42101,41,1,1,1,0,0,0,2,5,99,1,5,0,"white",1,1,1,0,4,NA,NA,NA,1,1,0,"cbd",0,0,1,0
5058720101,"bus_subway_trolley",505872,1,"Bus / trolleybus",618,80,53.4,51.4,-2,1,1,1,1,2,1,NA,14,5,1.12,103.1142182,92.06626629,2,2,9,1,2,2,1,NA,1,35,13,4,0,2,2,3,10,NA,110.0893707,42101,618,3,1,1,0,0,0,2,2,7,1,9,0,"white",0,0,1,0,10,0,125,0,1,1,0,"urban",1,1,1,0
5058720102,"bus_subway_trolley",505872,1,"Bus / trolleybus",80,618,45.938,49.417,3.479,1,1,2,2,1,5,NA,14,5,1.12,103.1142182,92.06626629,2,2,9,1,2,2,1,NA,1,35,13,4,0,2,2,3,10,NA,110.0893707,42101,618,3,1,1,0,0,0,2,2,7,1,9,0,"white",0,0,1,0,10,0,125,0,1,1,0,"urban",1,1,1,0
5062010101,"bus_subway_trolley",506201,1,"Subway / El",5021,4459,37.2,37.2,0,1,1,1,1,4,1,NA,21,5,1.15,134.8486435,117.25969,10,1,8,1,6,1,1,NA,2,40,19,1,0,2,2,3,6,NA,231.2687834,42045,5021,3,4,2,2,2,4,2,1,8,0,8,0,"white",1,1,1,0,6,0,175,0,4,2,2,"urban",1,1,0,0.5
5062010102,"bus_subway_trolley",506201,1,"Subway / El",4459,69,36.717,38.467,1.75,1,1,2,4,4,19,NA,21,5,1.15,134.8486435,117.25969,10,1,8,1,6,1,1,NA,2,40,19,1,0,2,2,3,6,NA,231.2687834,42045,5021,3,4,2,2,2,4,2,1,8,0,8,0,"white",1,1,1,0,6,0,175,0,4,2,2,"urban",1,1,0,0.5
5067500103,"bus_subway_trolley",506750,1,"Bus / trolleybus",89,51,13.469,13.025,-0.444,2,1,3,4,4,11,NA,14,5,1.17,140.1678748,119.8016024,6,2,10,1,5,1,2,1,NA,NA,NA,NA,NA,NA,NA,3,0,NA,130.0630067,34007,22215,4,1,0,2,1,0,2,1,1,1,10,1,"white",1,1,0,0,0,NA,5,1,1,0,2,"suburban",0,1,0,2
5067500104,"bus_subway_trolley",506750,1,"Bus / trolleybus",51,69,17.081,17.59,0.508,2,1,4,4,4,15,NA,14,5,1.17,140.1678748,119.8016024,6,2,10,1,5,1,2,1,NA,NA,NA,NA,NA,NA,NA,3,0,NA,130.0630067,34007,22215,4,1,0,2,1,0,2,1,1,1,10,1,"white",1,1,0,0,0,NA,5,1,1,0,2,"suburban",0,1,0,2
5079600103,"bus_subway_trolley",507960,1,"Subway / El",1040,69,22.06,25.494,3.433,1,1,3,4,4,19,NA,21,5,1.15,115.5516731,100.4797158,9,1,6,1,5,1,1,NA,1,40,13,3,0,1,1,3,10,NA,85.01081176,42029,7405,4,2,2,2,2,0,1,1,9,0,6,0,"white",1,1,1,0,10,1,225,0,2,2,2,"suburban",1,1,0,1
5086400101,"bus_subway_trolley",508640,1,"Bus / trolleybus",4432,4427,77.036,62.571,-14.464,1,1,1,1,4,1,NA,14,5,1.17,1504.349033,1285.768404,2,1,8,2,2,1,2,2,NA,NA,NA,NA,NA,NA,NA,3,2,NA,310.681386,42045,4432,4,1,0,0,0,0,2,4,1,0,8,0,"black",0,1,0,0,2,NA,5,1,1,0,0,"suburban",1,1,1,0
5086400102,"bus_subway_trolley",508640,1,"Bus / trolleybus",4427,4432,80.647,80.467,-0.181,1,1,2,4,1,5,NA,14,5,1.17,1504.349033,1285.768404,2,1,8,2,2,1,2,2,NA,NA,NA,NA,NA,NA,NA,3,2,NA,310.681386,42045,4432,4,1,0,0,0,0,2,4,1,0,8,0,"black",0,1,0,0,2,NA,5,1,1,0,0,"suburban",1,1,1,0
5107440201,"bus_subway_trolley",510744,2,"Bus / trolleybus",2406,2622,37.325,40.233,2.908,2,1,1,1,4,1,NA,14,5,1.17,928.1001499,793.2479914,2,2,8,2,2,1,1,NA,1,20,98,1,0,9,8,3,2,NA,306.0369477,42101,2406,3,2,1,1,1,0,2,2,3,1,8,0,"black",0,1,1,0,2,NA,30,1,2,1,1,"urban",0,1,0,0.5
5107440202,"bus_subway_trolley",510744,2,"Bus / trolleybus",2622,2406,38.975,40.379,1.404,2,1,2,4,1,16,NA,14,5,1.17,928.1001499,793.2479914,2,2,8,2,2,1,1,NA,1,20,98,1,0,9,8,3,2,NA,306.0369477,42101,2406,3,2,1,1,1,0,2,2,3,1,8,0,"black",0,1,1,0,2,NA,30,1,2,1,1,"urban",0,1,0,0.5
5107840201,"bus_subway_trolley",510784,2,"Bus / trolleybus",1230,91,32.058,32.365,0.306,1,1,1,1,2,1,NA,14,5,1.17,1041.299893,889.9999086,2,1,7,2,1,1,1,NA,1,48,49,9,0,9,8,3,12,NA,306.0369477,42101,1230,3,2,1,1,1,0,2,2,2,0,7,0,"black",0,1,1,0,12,NA,17.5,1,2,1,1,"urban",1,1,0,0.5
5107840202,"bus_subway_trolley",510784,2,"Bus / trolleybus",91,1230,31.238,24.304,-6.933,1,1,2,2,1,5,NA,14,5,1.17,1041.299893,889.9999086,2,1,7,2,1,1,1,NA,1,48,49,9,0,9,8,3,12,NA,306.0369477,42101,1230,3,2,1,1,1,0,2,2,2,0,7,0,"black",0,1,1,0,12,NA,17.5,1,2,1,1,"urban",1,1,0,0.5
5111290201,"bus_subway_trolley",511129,2,"Bus / trolleybus",3210,10422,73.35,82.175,8.825,1,1,1,1,2,1,NA,14,5,1.12,172.3751579,153.906391,4,1,10,1,5,1,1,NA,1,15,11,4,0,3,2,3,2,NA,141.9838697,42101,3210,3,2,2,2,2,2,2,1,6,0,10,1,"white",1,1,1,0,2,0,87.5,0,2,2,2,"urban",1,1,0,1
5111290202,"bus_subway_trolley",511129,2,"Bus / trolleybus",10422,3210,63.942,77.977,14.035,1,1,2,2,1,5,NA,14,5,1.12,172.3751579,153.906391,4,1,10,1,5,1,1,NA,1,15,11,4,0,3,2,3,2,NA,141.9838697,42101,3210,3,2,2,2,2,2,2,1,6,0,10,1,"white",1,1,1,0,2,0,87.5,0,2,2,2,"urban",1,1,0,1
5111290203,"bus_subway_trolley",511129,2,"Bus / trolleybus",3210,3218,35.01,32.967,-2.044,2,2,3,1,4,1,NA,14,5,1.12,172.3751579,153.906391,4,1,10,1,5,1,1,NA,1,15,11,4,0,3,2,3,2,NA,141.9838697,42101,3210,3,2,2,2,2,2,2,1,6,0,10,1,"white",1,1,1,0,2,0,87.5,0,2,2,2,"urban",0,1,0,1
5120320101,"bus_subway_trolley",512032,1,"Subway / El",3406,103,77.833,86.612,8.779,1,1,1,1,2,1,NA,21,5,1.17,160.1587406,136.8878125,2,2,10,1,2,1,1,NA,1,15,11,4,0,2,2,3,6,NA,156.9272881,42101,3406,4,2,1,1,1,0,2,2,4,1,10,1,"white",0,1,1,0,6,0,42.5,0,2,1,1,"suburban",1,1,0,0.5
5120320102,"bus_subway_trolley",512032,1,"Subway / El",103,3404,69.008,75.375,6.367,1,1,2,2,1,5,NA,21,5,1.17,160.1587406,136.8878125,2,2,10,1,2,1,1,NA,1,15,11,4,0,2,2,3,6,NA,156.9272881,42101,3406,4,2,1,1,1,0,2,2,4,1,10,1,"white",0,1,1,0,6,0,42.5,0,2,1,1,"suburban",1,1,0,0.5
5121500102,"bus_subway_trolley",512150,1,"Bus / trolleybus",1031,1213,18.533,19.908,1.375,3,1,2,4,1,8,NA,14,5,1.17,143.5699402,122.7093506,2,2,10,2,4,2,1,NA,1,40,13,4,0,2,2,3,25,NA,157.1925661,42101,1213,3,1,1,0,0,1,2,2,5,1,10,1,"black",0,0,1,0,25,0,62.5,0,1,1,0,"urban",0,0,1,0
5151870101,"bus_subway_trolley",515187,1,"Bus / trolleybus",7024,7406,NA,NA,NA,2,1,1,1,4,1,NA,14,5,1.17,241.5846546,206.4826107,2,2,9,1,2,1,2,1,NA,NA,NA,NA,NA,NA,NA,3,2,NA,289.5937379,42029,7024,3,1,0,0,0,0,2,3,1,1,9,0,"white",0,1,0,0,2,NA,5,1,1,0,0,"urban",0,1,1,0
5156530101,"bus_subway_trolley",515653,1,"Bus / trolleybus",815,401,33.767,33.517,-0.25,1,1,1,1,2,1,NA,14,5,1.17,143.4606292,122.6159224,4,1,7,1,4,2,1,NA,1,40,13,9,0,9,8,3,6,NA,202.9505735,42101,815,3,2,1,0,0,0,1,1,4,0,7,0,"white",0,0,1,0,6,NA,42.5,0,2,1,0,"urban",1,1,1,0
5156530102,"bus_subway_trolley",515653,1,"Subway / El",401,12216,NA,NA,NA,1,1,2,2,2,19,NA,21,5,1.17,143.4606292,122.6159224,4,1,7,1,4,2,1,NA,1,40,13,9,0,9,8,3,6,NA,202.9505735,42101,815,3,2,1,0,0,0,1,1,4,0,7,0,"white",0,0,1,0,6,NA,42.5,0,2,1,0,"urban",1,1,1,0
5177060201,"bus_subway_trolley",517706,2,"Bus / trolleybus",4451,1026,38.633,39.633,1,1,1,1,1,2,1,NA,14,5,1.12,161.2683698,143.9896159,4,1,7,1,6,1,1,NA,1,45,11,4,1,2,2,3,10,NA,506.2252412,42045,4451,3,5,2,2,2,3,2,2,6,0,7,0,"white",1,1,1,0,10,0,87.5,0,5,2,2,"urban",1,1,0,0.4
5177060202,"bus_subway_trolley",517706,2,"Bus / trolleybus",1026,4451,42.781,45.46,2.679,1,1,2,2,1,5,NA,14,5,1.12,161.2683698,143.9896159,4,1,7,1,6,1,1,NA,1,45,11,4,1,2,2,3,10,NA,506.2252412,42045,4451,3,5,2,2,2,3,2,2,6,0,7,0,"white",1,1,1,0,10,0,87.5,0,5,2,2,"urban",1,1,0,0.4
5192500203,"bus_subway_trolley",519250,2,"Bus / trolleybus",4804,4462,NA,NA,NA,1,1,3,4,1,19,NA,14,5,1.17,182.2739298,155.7896836,3,1,7,2,2,1,1,NA,1,40,41,2,0,3,2,3,2,NA,354.2806752,42045,4462,4,4,2,1,1,2,2,4,5,0,7,0,"black",0,1,1,0,2,0,62.5,0,4,2,1,"suburban",1,1,0,0.25
5201520201,"bus_subway_trolley",520152,2,"Bus / trolleybus",5022,98,69.85,75.35,5.5,1,1,1,1,2,1,NA,14,5,1.13,90.90789894,80.44946809,2,1,9,1,6,1,1,NA,1,40,17,4,0,1,1,3,0,NA,244.1763682,42045,5022,3,3,1,2,2,3,2,1,99,0,9,0,"white",1,1,1,0,0,1,NA,NA,3,1,2,"urban",1,1,0,0.666666666666667
5201520202,"bus_subway_trolley",520152,2,"Bus / trolleybus",98,5022,54.9,59.775,4.875,1,1,2,2,1,5,NA,14,5,1.13,90.90789894,80.44946809,2,1,9,1,6,1,1,NA,1,40,17,4,0,1,1,3,0,NA,244.1763682,42045,5022,3,3,1,2,2,3,2,1,99,0,9,0,"white",1,1,1,0,0,1,NA,NA,3,1,2,"urban",1,1,0,0.666666666666667
5220560103,"bus_subway_trolley",522056,1,"Bus / trolleybus",140,106,28.769,31.14,2.371,1,2,3,1,4,1,NA,14,5,1.12,189.7804184,169.4468022,7,2,6,1,6,1,1,NA,2,40,19,4,2,8,1,2,8,NA,186.541371,42101,140,3,2,2,1,1,2,1,2,7,1,6,0,"white",1,1,1,1,8,1,125,0,2,2,1,"urban",1,1,0,0.5
5220560104,"bus_subway_trolley",522056,1,"Subway / El",106,414,29.256,29.471,0.215,1,2,4,4,4,96,NA,21,5,1.12,189.7804184,169.4468022,7,2,6,1,6,1,1,NA,2,40,19,4,2,8,1,2,8,NA,186.541371,42101,140,3,2,2,1,1,2,1,2,7,1,6,0,"white",1,1,1,1,8,1,125,0,2,2,1,"urban",1,1,0,0.5
5220560105,"bus_subway_trolley",522056,1,"Subway / El",414,140,27.587,30.502,2.915,1,2,5,4,1,5,NA,21,5,1.12,189.7804184,169.4468022,7,2,6,1,6,1,1,NA,2,40,19,4,2,8,1,2,8,NA,186.541371,42101,140,3,2,2,1,1,2,1,2,7,1,6,0,"white",1,1,1,1,8,1,125,0,2,2,1,"urban",1,1,0,0.5
5232980101,"bus_subway_trolley",523298,1,"Bus / trolleybus",1036,131,35.267,38.935,3.669,1,1,1,1,2,1,NA,14,5,1.13,173.2406755,153.3103323,2,2,10,1,6,1,2,1,NA,NA,NA,NA,NA,NA,NA,3,5,NA,122.9157184,42101,1036,3,4,2,2,2,4,2,1,99,1,10,1,"white",1,1,0,0,5,NA,NA,NA,4,2,2,"urban",1,1,0,0.5
5232980102,"bus_subway_trolley",523298,1,"Bus / trolleybus",131,1036,23.017,24.017,1,1,1,2,2,1,5,NA,14,5,1.13,173.2406755,153.3103323,2,2,10,1,6,1,2,1,NA,NA,NA,NA,NA,NA,NA,3,5,NA,122.9157184,42101,1036,3,4,2,2,2,4,2,1,99,1,10,1,"white",1,1,0,0,5,NA,NA,NA,4,2,2,"urban",1,1,0,0.5
5232980301,"bus_subway_trolley",523298,3,"Subway / El",1036,46,27.325,32.288,4.963,1,1,1,1,2,1,NA,21,5,1.13,211.6978408,187.343222,4,2,7,1,6,1,1,NA,1,40,25,4,0,8,2,3,8,NA,122.9157184,42101,1036,3,4,2,2,2,4,2,1,99,1,7,0,"white",1,1,1,0,8,0,NA,NA,4,2,2,"urban",1,1,0,0.5
5232980303,"bus_subway_trolley",523298,3,"Subway / El",62,67,16.281,21.212,4.931,1,1,3,4,4,11,NA,21,5,1.13,211.6978408,187.343222,4,2,7,1,6,1,1,NA,1,40,25,4,0,8,2,3,8,NA,122.9157184,42101,1036,3,4,2,2,2,4,2,1,99,1,7,0,"white",1,1,1,0,8,0,NA,NA,4,2,2,"urban",1,1,0,0.5
5232980304,"bus_subway_trolley",523298,3,"Subway / El",67,1036,20.767,22.017,1.25,1,1,4,4,1,13,NA,21,5,1.13,211.6978408,187.343222,4,2,7,1,6,1,1,NA,1,40,25,4,0,8,2,3,8,NA,122.9157184,42101,1036,3,4,2,2,2,4,2,1,99,1,7,0,"white",1,1,1,0,8,0,NA,NA,4,2,2,"urban",1,1,0,0.5
5233570202,"bus_subway_trolley",523357,2,"Bus / trolleybus",3217,114,51.031,54.175,3.144,1,1,2,4,2,19,NA,14,5,1.12,476.2267531,425.2024581,5,2,7,1,6,1,1,NA,1,40,23,4,0,2,2,3,3,NA,154.1587021,42101,3217,4,2,2,3,2,1,2,1,7,1,7,0,"white",1,1,1,0,3,0,125,0,2,2,3,"suburban",1,1,0,1.5
5233570203,"bus_subway_trolley",523357,2,"Bus / trolleybus",114,114,10.333,10.617,0.283,1,1,3,2,4,5,NA,14,5,1.12,476.2267531,425.2024581,5,2,7,1,6,1,1,NA,1,40,23,4,0,2,2,3,3,NA,154.1587021,42101,3217,4,2,2,3,2,1,2,1,7,1,7,0,"white",1,1,1,0,3,0,125,0,2,2,3,"suburban",1,1,0,1.5
5264720102,"bus_subway_trolley",526472,1,"Bus / trolleybus",3034,3410,61,69.21,8.21,1,1,2,2,1,5,NA,14,5,1.17,106.6829592,91.18201645,2,1,9,1,2,2,1,NA,1,8,35,4,0,8,8,3,4,NA,336.6906514,42101,3410,4,1,1,0,0,0,2,5,1,0,9,0,"white",0,0,1,0,4,NA,5,1,1,1,0,"suburban",1,1,1,0
5269500301,"bus_subway_trolley",526950,3,"Bus / trolleybus",3020,3406,70.65,70.65,0,3,1,1,2,2,1,NA,14,5,1.17,988.1524605,844.5747526,3,2,7,1,2,2,1,NA,1,40,41,4,0,3,2,3,12,NA,644.6665026,42101,3020,4,5,4,2,2,2,2,2,2,1,7,0,"white",0,0,1,0,12,0,17.5,1,5,4,2,"suburban",0,0,0,0.4
5269500303,"bus_subway_trolley",526950,3,"Bus / trolleybus",3409,3020,70.135,64.965,-5.171,3,1,3,4,1,14,NA,14,5,1.17,988.1524605,844.5747526,3,2,7,1,2,2,1,NA,1,40,41,4,0,3,2,3,12,NA,644.6665026,42101,3020,4,5,4,2,2,2,2,2,2,1,7,0,"white",0,0,1,0,12,0,17.5,1,5,4,2,"suburban",0,0,0,0.4
5269500501,"bus_subway_trolley",526950,5,"Bus / trolleybus",3020,3003,24.544,28.275,3.731,1,1,1,1,2,1,NA,14,5,1.17,836.8887274,715.2895106,2,1,5,100,2,2,1,NA,1,40,98,4,0,8,2,2,24,NA,644.6665026,42101,3020,4,5,4,2,2,2,2,2,2,0,5,0,"other",0,0,1,1,24,0,17.5,1,5,4,2,"suburban",1,1,0,0.4
5269500502,"bus_subway_trolley",526950,5,"Bus / trolleybus",3003,3020,25.481,26.575,1.094,1,1,2,2,1,5,NA,14,5,1.17,836.8887274,715.2895106,2,1,5,100,2,2,1,NA,1,40,98,4,0,8,2,2,24,NA,644.6665026,42101,3020,4,5,4,2,2,2,2,2,2,0,5,0,"other",0,0,1,1,24,0,17.5,1,5,4,2,"suburban",1,1,0,0.4
5270130101,"bus_subway_trolley",527013,1,"Bus / trolleybus",3019,90,55.583,53.583,-2,2,1,1,1,4,11,NA,14,5,1.17,131.7817433,112.6339686,2,1,10,1,6,1,1,NA,3,3,27,1,0,2,8,3,4,NA,170.33356,42101,3019,3,1,1,1,1,1,2,2,4,0,10,1,"white",1,1,1,0,4,NA,42.5,0,1,1,1,"urban",0,1,0,1
5278480101,"bus_subway_trolley",527848,1,"Subway / El",2601,71,44.304,47.36,3.056,2,1,1,1,4,1,NA,21,5,1.17,185.8106098,158.812487,10,1,7,2,2,1,1,NA,2,20,53,9,0,2,8,3,16,NA,182.3521785,42101,2601,3,2,2,0,0,0,1,2,4,0,7,0,"black",0,1,1,0,16,NA,42.5,0,2,2,0,"urban",0,1,1,0
5278480104,"bus_subway_trolley",527848,1,"Bus / trolleybus",2622,2602,24.117,29.308,5.192,2,1,4,4,4,19,NA,14,5,1.17,185.8106098,158.812487,10,1,7,2,2,1,1,NA,2,20,53,9,0,2,8,3,16,NA,182.3521785,42101,2601,3,2,2,0,0,0,1,2,4,0,7,0,"black",0,1,1,0,16,NA,42.5,0,2,2,0,"urban",0,1,1,0
5278480108,"bus_subway_trolley",527848,1,"Subway / El",2609,1408,39.108,37.596,-1.512,3,2,8,4,4,19,NA,21,5,1.17,185.8106098,158.812487,10,1,7,2,2,1,1,NA,2,20,53,9,0,2,8,3,16,NA,182.3521785,42101,2601,3,2,2,0,0,0,1,2,4,0,7,0,"black",0,1,1,0,16,NA,42.5,0,2,2,0,"urban",0,0,1,0
5278480109,"bus_subway_trolley",527848,1,"Bus / trolleybus",1408,424,38.792,39.733,0.942,3,2,9,4,4,19,NA,14,5,1.17,185.8106098,158.812487,10,1,7,2,2,1,1,NA,2,20,53,9,0,2,8,3,16,NA,182.3521785,42101,2601,3,2,2,0,0,0,1,2,4,0,7,0,"black",0,1,1,0,16,NA,42.5,0,2,2,0,"urban",0,0,1,0
5278480202,"bus_subway_trolley",527848,2,"Bus / trolleybus",12244,2601,69.642,67.85,-1.792,1,1,2,4,1,5,NA,14,5,1.17,170.5927655,145.8057825,3,2,5,2,2,2,1,NA,1,40,29,4,10,8,2,3,22,NA,182.3521785,42101,2601,3,2,2,0,0,0,1,2,4,1,5,0,"black",0,0,1,0,22,0,42.5,0,2,2,0,"urban",1,1,1,0
5284800101,"bus_subway_trolley",528480,1,"Subway / El",28,12217,76.583,77.017,0.433,1,1,1,1,2,1,NA,21,5,1.17,1210.454113,1034.576165,3,1,6,1,5,1,1,NA,2,60,29,4,0,3,8,2,10,NA,543.6388927,42101,28,1,1,1,2,2,1,1,4,3,0,6,0,"white",1,1,1,1,10,NA,30,1,1,1,2,"cbd",1,1,0,2
5284800102,"bus_subway_trolley",528480,1,"Subway / El",12217,417,67.373,68.896,1.523,1,1,2,2,3,5,NA,21,5,1.17,1210.454113,1034.576165,3,1,6,1,5,1,1,NA,2,60,29,4,0,3,8,2,10,NA,543.6388927,42101,28,1,1,1,2,2,1,1,4,3,0,6,0,"white",1,1,1,1,10,NA,30,1,1,1,2,"cbd",1,1,0,2
5284800103,"bus_subway_trolley",528480,1,"Subway / El",417,28,37.198,37.885,0.688,1,1,3,3,1,3,NA,21,5,1.17,1210.454113,1034.576165,3,1,6,1,5,1,1,NA,2,60,29,4,0,3,8,2,10,NA,543.6388927,42101,28,1,1,1,2,2,1,1,4,3,0,6,0,"white",1,1,1,1,10,NA,30,1,1,1,2,"cbd",1,1,0,2
5285590101,"bus_subway_trolley",528559,1,"Bus / trolleybus",9,81,29.908,39.165,9.256,1,1,1,1,2,1,NA,14,5,1.12,581.5602263,519.2502021,6,2,6,3,6,1,1,NA,1,40,17,4,1,2,2,3,7,NA,254.7502371,42101,9,3,2,2,1,1,2,2,3,7,1,6,0,"hispanic",1,1,1,0,7,0,125,0,2,2,1,"urban",1,1,0,0.5
5288670104,"bus_subway_trolley",528867,1,"Bus / trolleybus",62,3203,35.638,43.604,7.967,2,2,4,1,4,1,NA,14,5,1.17,107.6217631,91.98441287,8,1,10,1,6,1,2,1,NA,NA,NA,NA,NA,NA,NA,3,10,NA,264.8909442,42101,62,1,1,0,0,0,1,2,5,2,0,10,1,"white",1,1,0,0,10,NA,17.5,1,1,0,0,"cbd",0,1,1,0
5288670105,"bus_subway_trolley",528867,1,"Bus / trolleybus",3203,12408,51.15,65.133,13.983,2,2,5,4,4,19,NA,14,5,1.17,107.6217631,91.98441287,8,1,10,1,6,1,2,1,NA,NA,NA,NA,NA,NA,NA,3,10,NA,264.8909442,42101,62,1,1,0,0,0,1,2,5,2,0,10,1,"white",1,1,0,0,10,NA,17.5,1,1,0,0,"cbd",0,1,1,0
5291120103,"bus_subway_trolley",529112,1,"Subway / El",1418,1408,14.779,18.127,3.348,1,1,3,4,4,19,NA,21,5,1.17,187.1409354,159.9495175,9,2,9,1,6,1,1,NA,1,40,25,1,2,2,2,3,4,NA,501.2719557,42101,3205,4,1,1,1,1,0,2,5,5,1,9,0,"white",1,1,1,0,4,0,62.5,0,1,1,1,"suburban",1,1,0,1
5291120104,"bus_subway_trolley",529112,1,"Bus / trolleybus",1408,426,37.798,41.035,3.237,1,1,4,4,4,19,NA,14,5,1.17,187.1409354,159.9495175,9,2,9,1,6,1,1,NA,1,40,25,1,2,2,2,3,4,NA,501.2719557,42101,3205,4,1,1,1,1,0,2,5,5,1,9,0,"white",1,1,1,0,4,0,62.5,0,1,1,1,"suburban",1,1,0,1
5291120106,"bus_subway_trolley",529112,1,"Bus / trolleybus",1402,1405,27.185,28.629,1.444,1,1,6,4,4,19,NA,14,5,1.17,187.1409354,159.9495175,9,2,9,1,6,1,1,NA,1,40,25,1,2,2,2,3,4,NA,501.2719557,42101,3205,4,1,1,1,1,0,2,5,5,1,9,0,"white",1,1,1,0,4,0,62.5,0,1,1,1,"suburban",1,1,0,1
5291120107,"bus_subway_trolley",529112,1,"Subway / El",1405,1418,19.86,20.152,0.292,1,1,7,4,4,19,NA,21,5,1.17,187.1409354,159.9495175,9,2,9,1,6,1,1,NA,1,40,25,1,2,2,2,3,4,NA,501.2719557,42101,3205,4,1,1,1,1,0,2,5,5,1,9,0,"white",1,1,1,0,4,0,62.5,0,1,1,1,"suburban",1,1,0,1
5291900101,"bus_subway_trolley",529190,1,"Bus / trolleybus",3219,3219,11.815,10.325,-1.49,2,1,1,1,1,1,NA,14,5,1.17,480.4494765,410.6405782,1,1,7,5,6,1,1,NA,1,70,19,4,0,2,2,3,11,NA,544.3206909,42101,3219,4,2,1,2,2,0,2,4,4,0,7,0,"asian",1,1,1,0,11,0,42.5,0,2,1,2,"suburban",0,1,0,1
5305010101,"bus_subway_trolley",530501,1,"Bus / trolleybus",1208,91,26.05,29.8,3.75,1,1,1,1,2,1,NA,14,5,1.13,114.8056118,101.5978866,4,2,8,2,3,1,1,NA,1,88,43,4,0,2,1,3,25,NA,86.67605823,42101,1208,3,1,1,0,0,0,2,2,99,1,8,0,"black",0,1,1,0,25,1,NA,NA,1,1,0,"urban",1,1,1,0
5305010103,"bus_subway_trolley",530501,1,"Bus / trolleybus",43,1031,22.633,23.8,1.167,1,1,3,4,4,12,NA,14,5,1.13,114.8056118,101.5978866,4,2,8,2,3,1,1,NA,1,88,43,4,0,2,1,3,25,NA,86.67605823,42101,1208,3,1,1,0,0,0,2,2,99,1,8,0,"black",0,1,1,0,25,1,NA,NA,1,1,0,"urban",1,1,1,0
5305010104,"bus_subway_trolley",530501,1,"Bus / trolleybus",1031,1208,23.321,29.1,5.779,1,1,4,4,1,11,NA,14,5,1.13,114.8056118,101.5978866,4,2,8,2,3,1,1,NA,1,88,43,4,0,2,1,3,25,NA,86.67605823,42101,1208,3,1,1,0,0,0,2,2,99,1,8,0,"black",0,1,1,0,25,1,NA,NA,1,1,0,"urban",1,1,1,0
5314250103,"bus_subway_trolley",531425,1,"Bus / trolleybus",2437,12238,45.542,50.942,5.4,2,1,3,4,4,19,NA,14,5,1.17,149.1206902,127.4535814,8,2,6,2,5,1,2,4,NA,NA,NA,NA,NA,NA,NA,3,6,NA,248.0558183,42101,2436,3,1,0,0,0,0,1,5,5,1,6,0,"black",1,1,0,0,6,NA,62.5,0,1,0,0,"urban",0,1,1,0
5314250104,"bus_subway_trolley",531425,1,"Bus / trolleybus",12238,12226,64.383,61.992,-2.392,2,1,4,4,4,19,NA,14,5,1.17,149.1206902,127.4535814,8,2,6,2,5,1,2,4,NA,NA,NA,NA,NA,NA,NA,3,6,NA,248.0558183,42101,2436,3,1,0,0,0,0,1,5,5,1,6,0,"black",1,1,0,0,6,NA,62.5,0,1,0,0,"urban",0,1,1,0
5373010202,"bus_subway_trolley",537301,2,"Bus / trolleybus",1609,427,45.508,48.3,2.792,1,1,2,4,2,96,NA,14,5,1.17,698.1850875,596.739391,3,1,6,3,2,1,1,NA,1,50,11,4,6,3,2,3,14,NA,1019.897822,42101,1434,3,4,1,0,0,0,2,2,2,0,6,0,"hispanic",0,1,1,0,14,0,17.5,1,4,1,0,"urban",1,1,1,0
5373010203,"bus_subway_trolley",537301,2,"Bus / trolleybus",427,1434,50.954,48.638,-2.317,1,1,3,2,1,5,NA,14,5,1.17,698.1850875,596.739391,3,1,6,3,2,1,1,NA,1,50,11,4,6,3,2,3,14,NA,1019.897822,42101,1434,3,4,1,0,0,0,2,2,2,0,6,0,"hispanic",0,1,1,0,14,0,17.5,1,4,1,0,"urban",1,1,1,0
5374710101,"bus_subway_trolley",537471,1,"Subway / El",86,1030,20.623,21.958,1.335,1,1,1,1,2,1,NA,21,5,1.12,189.7804184,169.4468022,7,2,6,1,5,1,1,NA,1,40,19,4,0,2,1,3,14,NA,254.7502371,42101,86,1,2,2,1,1,0,2,5,6,1,6,0,"white",1,1,1,0,14,1,87.5,0,2,2,1,"cbd",1,1,0,0.5
5374710102,"bus_subway_trolley",537471,1,"Subway / El",1030,4459,30.908,33.196,2.287,1,1,2,2,4,10,NA,21,5,1.12,189.7804184,169.4468022,7,2,6,1,5,1,1,NA,1,40,19,4,0,2,1,3,14,NA,254.7502371,42101,86,1,2,2,1,1,0,2,5,6,1,6,0,"white",1,1,1,0,14,1,87.5,0,2,2,1,"cbd",1,1,0,0.5
5374710103,"bus_subway_trolley",537471,1,"Bus / trolleybus",4459,10007,48.404,59.075,10.671,1,1,3,4,4,19,NA,14,5,1.12,189.7804184,169.4468022,7,2,6,1,5,1,1,NA,1,40,19,4,0,2,1,3,14,NA,254.7502371,42101,86,1,2,2,1,1,0,2,5,6,1,6,0,"white",1,1,1,0,14,1,87.5,0,2,2,1,"cbd",1,1,0,0.5
5374710105,"bus_subway_trolley",537471,1,"Bus / trolleybus",10007,4459,41.55,48.675,7.125,1,1,5,4,4,11,NA,14,5,1.12,189.7804184,169.4468022,7,2,6,1,5,1,1,NA,1,40,19,4,0,2,1,3,14,NA,254.7502371,42101,86,1,2,2,1,1,0,2,5,6,1,6,0,"white",1,1,1,0,14,1,87.5,0,2,2,1,"cbd",1,1,0,0.5
5374710106,"bus_subway_trolley",537471,1,"Subway / El",4459,66,43.25,45.75,2.5,1,1,6,4,4,19,NA,21,5,1.12,189.7804184,169.4468022,7,2,6,1,5,1,1,NA,1,40,19,4,0,2,1,3,14,NA,254.7502371,42101,86,1,2,2,1,1,0,2,5,6,1,6,0,"white",1,1,1,0,14,1,87.5,0,2,2,1,"cbd",1,1,0,0.5
5374710201,"bus_subway_trolley",537471,2,"Subway / El",86,1018,24.15,26.775,2.625,1,1,1,1,2,1,NA,21,5,1.12,216.0009726,192.8580113,5,1,6,1,5,1,1,NA,1,40,19,4,0,2,1,3,18,NA,254.7502371,42101,86,1,2,2,1,1,0,2,5,6,0,6,0,"white",1,1,1,0,18,1,87.5,0,2,2,1,"cbd",1,1,0,0.5
5374710203,"bus_subway_trolley",537471,2,"Bus / trolleybus",1022,10007,57.808,63.331,5.523,1,1,3,4,4,8,NA,14,5,1.12,216.0009726,192.8580113,5,1,6,1,5,1,1,NA,1,40,19,4,0,2,1,3,18,NA,254.7502371,42101,86,1,2,2,1,1,0,2,5,6,0,6,0,"white",1,1,1,0,18,1,87.5,0,2,2,1,"cbd",1,1,0,0.5
5374710205,"bus_subway_trolley",537471,2,"Bus / trolleybus",10007,86,48.75,72.981,24.231,1,1,5,4,1,11,NA,14,5,1.12,216.0009726,192.8580113,5,1,6,1,5,1,1,NA,1,40,19,4,0,2,1,3,18,NA,254.7502371,42101,86,1,2,2,1,1,0,2,5,6,0,6,0,"white",1,1,1,0,18,1,87.5,0,2,2,1,"cbd",1,1,0,0.5
5420880202,"bus_subway_trolley",542088,2,"Subway / El",76,1031,19.65,21.5,1.85,2,1,2,4,4,19,NA,21,5,1.17,390.6184586,333.8619304,7,2,5,1,5,1,2,6,NA,NA,NA,NA,NA,NA,NA,1,10,NA,567.476916,42101,60,1,2,1,1,1,1,2,5,3,1,5,0,"white",1,1,0,1,10,NA,30,1,2,1,1,"cbd",0,1,0,0.5
5420880205,"bus_subway_trolley",542088,2,"Subway / El",1031,76,18.425,21.083,2.658,2,1,5,4,4,19,NA,21,5,1.17,390.6184586,333.8619304,7,2,5,1,5,1,2,6,NA,NA,NA,NA,NA,NA,NA,1,10,NA,567.476916,42101,60,1,2,1,1,1,1,2,5,3,1,5,0,"white",1,1,0,1,10,NA,30,1,2,1,1,"cbd",0,1,0,0.5
5423310201,"bus_subway_trolley",542331,2,"Bus / trolleybus",1215,1224,12.831,12.469,-0.363,2,1,1,1,4,1,NA,14,5,1.17,214.7610166,183.5564244,2,2,11,4,2,98,99,1,NA,NA,NA,NA,NA,NA,NA,99,2,NA,258.7447603,42101,1215,3,2,0,1,1,0,2,3,5,1,11,1,"other",0,NA,NA,NA,2,NA,62.5,0,2,0,1,"urban",0,1,0,0.5
5485730102,"bus_subway_trolley",548573,1,"Bus / trolleybus",629,133,52.671,57.125,4.454,1,1,2,2,4,5,NA,14,5,1.17,252.0999596,215.4700509,5,1,9,1,2,1,2,2,NA,NA,NA,NA,NA,NA,NA,3,10,NA,458.7122574,42101,630,3,1,0,1,1,0,2,3,1,0,9,0,"white",0,1,0,0,10,NA,5,1,1,0,1,"urban",1,1,0,1
5485730103,"bus_subway_trolley",548573,1,"Bus / trolleybus",133,629,58.958,66.625,7.667,1,1,3,4,4,6,NA,14,5,1.17,252.0999596,215.4700509,5,1,9,1,2,1,2,2,NA,NA,NA,NA,NA,NA,NA,3,10,NA,458.7122574,42101,630,3,1,0,1,1,0,2,3,1,0,9,0,"white",0,1,0,0,10,NA,5,1,1,0,1,"urban",1,1,0,1
5550880202,"bus_subway_trolley",555088,2,"Trolley / light rail",1016,1040,25.733,25.258,-0.475,1,1,2,4,4,19,NA,23,5,1.17,125.6366862,107.3817831,12,2,6,1,6,1,1,NA,2,40,25,4,0,3,2,3,10,NA,337.0550875,42101,1016,3,2,2,0,0,5,1,4,4,1,6,0,"white",1,1,1,0,10,0,42.5,0,2,2,0,"urban",1,1,1,0
5550880203,"bus_subway_trolley",555088,2,"Subway / El",1040,69,22.846,24.494,1.648,1,1,3,4,4,19,NA,21,5,1.17,125.6366862,107.3817831,12,2,6,1,6,1,1,NA,2,40,25,4,0,3,2,3,10,NA,337.0550875,42101,1016,3,2,2,0,0,5,1,4,4,1,6,0,"white",1,1,1,0,10,0,42.5,0,2,2,0,"urban",1,1,1,0
5550880210,"bus_subway_trolley",555088,2,"Subway / El",69,1040,18.5,18.25,-0.25,1,1,10,4,4,19,NA,21,5,1.17,125.6366862,107.3817831,12,2,6,1,6,1,1,NA,2,40,25,4,0,3,2,3,10,NA,337.0550875,42101,1016,3,2,2,0,0,5,1,4,4,1,6,0,"white",1,1,1,0,10,0,42.5,0,2,2,0,"urban",1,1,1,0
5550880211,"bus_subway_trolley",555088,2,"Trolley / light rail",1040,1016,32.775,34.085,1.31,1,1,11,4,4,19,NA,23,5,1.17,125.6366862,107.3817831,12,2,6,1,6,1,1,NA,2,40,25,4,0,3,2,3,10,NA,337.0550875,42101,1016,3,2,2,0,0,5,1,4,4,1,6,0,"white",1,1,1,0,10,0,42.5,0,2,2,0,"urban",1,1,1,0
5561830101,"bus_subway_trolley",556183,1,"Bus / trolleybus",3005,4453,70.842,72.312,1.471,1,1,1,1,2,15,NA,14,5,1.17,193.0812294,165.0266918,6,1,7,1,1,2,2,5,NA,NA,NA,NA,NA,NA,NA,3,6,NA,482.4406172,42101,3005,3,1,0,0,0,1,2,3,1,0,7,0,"white",0,0,0,0,6,NA,5,1,1,0,0,"urban",1,1,1,0
5561830102,"bus_subway_trolley",556183,1,"Bus / trolleybus",4453,3005,83.333,89.444,6.11,1,1,2,2,1,96,NA,14,5,1.17,193.0812294,165.0266918,6,1,7,1,1,2,2,5,NA,NA,NA,NA,NA,NA,NA,3,6,NA,482.4406172,42101,3005,3,1,0,0,0,1,2,3,1,0,7,0,"white",0,0,0,0,6,NA,5,1,1,0,0,"urban",1,1,1,0
5617700101,"bus_subway_trolley",561770,1,"Bus / trolleybus",2417,408,51.763,52.335,0.573,1,1,1,1,2,1,NA,14,5,1.17,247.1820269,211.2666896,2,2,5,1,5,1,1,NA,1,40,11,4,0,2,2,3,10,NA,332.4093469,42101,2417,3,2,1,1,1,2,2,5,5,1,5,0,"white",1,1,1,0,10,0,62.5,0,2,1,1,"urban",1,1,0,0.5
5617700102,"bus_subway_trolley",561770,1,"Bus / trolleybus",408,2417,46.417,49.667,3.25,1,1,2,2,1,5,NA,14,5,1.17,247.1820269,211.2666896,2,2,5,1,5,1,1,NA,1,40,11,4,0,2,2,3,10,NA,332.4093469,42101,2417,3,2,1,1,1,2,2,5,5,1,5,0,"white",1,1,1,0,10,0,62.5,0,2,1,1,"urban",1,1,0,0.5
5645340202,"bus_subway_trolley",564534,2,"Bus / trolleybus",3201,131,42.85,47.492,4.642,1,1,2,4,4,19,NA,14,5,1.12,174.0049365,155.3615505,9,2,6,1,6,1,1,NA,1,45,25,4,0,2,2,3,6,NA,501.8454998,42101,3201,4,3,2,1,1,2,1,2,7,1,6,0,"white",1,1,1,0,6,0,125,0,3,2,1,"suburban",1,1,0,0.333333333333333
5651420101,"bus_subway_trolley",565142,1,"Subway / El",1220,414,51.783,52.165,0.381,2,1,1,1,3,1,NA,21,5,1.17,203.8625013,174.2414541,2,2,6,97,3,1,2,6,NA,NA,NA,NA,NA,NA,NA,1,12,NA,1019.897822,42101,1220,3,3,0,0,0,0,1,2,1,1,6,0,"other",0,1,0,1,12,NA,5,1,3,0,0,"urban",0,1,1,0
5651420102,"bus_subway_trolley",565142,1,"Bus / trolleybus",414,1220,46.027,50.617,4.59,2,1,2,3,1,3,NA,14,5,1.17,203.8625013,174.2414541,2,2,6,97,3,1,2,6,NA,NA,NA,NA,NA,NA,NA,1,12,NA,1019.897822,42101,1220,3,3,0,0,0,0,1,2,1,1,6,0,"other",0,1,0,1,12,NA,5,1,3,0,0,"urban",0,1,1,0
5753200103,"bus_subway_trolley",575320,1,"Bus / trolleybus",141,88,26.556,27.9,1.344,1,1,3,4,4,19,NA,14,5,1.15,126.0836896,109.6379909,8,1,8,1,6,1,1,NA,1,40,15,NA,NA,NA,NA,3,4,NA,66.89625544,42101,142,3,2,2,1,1,2,2,2,9,0,8,0,"white",1,1,1,0,4,NA,225,0,2,2,1,"urban",1,1,0,0.5
5753200106,"bus_subway_trolley",575320,1,"Bus / trolleybus",119,142,20.242,22.231,1.99,1,1,6,4,1,19,NA,14,5,1.15,126.0836896,109.6379909,8,1,8,1,6,1,1,NA,1,40,15,NA,NA,NA,NA,3,4,NA,66.89625544,42101,142,3,2,2,1,1,2,2,2,9,0,8,0,"white",1,1,1,0,4,NA,225,0,2,2,1,"urban",1,1,0,0.5
5753200202,"bus_subway_trolley",575320,2,"Bus / trolleybus",141,103,17.406,19.523,2.117,1,1,2,4,4,19,NA,14,5,1.15,114.1175613,99.23266201,10,2,9,1,6,1,1,NA,1,40,11,4,0,3,1,3,12,NA,66.89625544,42101,142,3,2,2,1,1,2,2,2,9,1,9,0,"white",1,1,1,0,12,1,225,0,2,2,1,"urban",1,1,0,0.5
5753200204,"bus_subway_trolley",575320,2,"Bus / trolleybus",85,1038,23.746,25.583,1.837,1,1,4,4,4,19,NA,14,5,1.15,114.1175613,99.23266201,10,2,9,1,6,1,1,NA,1,40,11,4,0,3,1,3,12,NA,66.89625544,42101,142,3,2,2,1,1,2,2,2,9,1,9,0,"white",1,1,1,0,12,1,225,0,2,2,1,"urban",1,1,0,0.5
5753200207,"bus_subway_trolley",575320,2,"Bus / trolleybus",1038,103,28.967,30.575,1.608,1,1,7,4,4,19,NA,14,5,1.15,114.1175613,99.23266201,10,2,9,1,6,1,1,NA,1,40,11,4,0,3,1,3,12,NA,66.89625544,42101,142,3,2,2,1,1,2,2,2,9,1,9,0,"white",1,1,1,0,12,1,225,0,2,2,1,"urban",1,1,0,0.5
5753200209,"bus_subway_trolley",575320,2,"Bus / trolleybus",121,142,18.233,18.962,0.729,1,1,9,4,4,19,NA,14,5,1.15,114.1175613,99.23266201,10,2,9,1,6,1,1,NA,1,40,11,4,0,3,1,3,12,NA,66.89625544,42101,142,3,2,2,1,1,2,2,2,9,1,9,0,"white",1,1,1,0,12,1,225,0,2,2,1,"urban",1,1,0,0.5
5759930103,"bus_subway_trolley",575993,1,"Subway / El",90,125,17.075,15.908,-1.167,1,1,3,4,4,19,NA,21,5,1.12,159.4892518,142.4011177,9,1,6,1,5,1,1,NA,1,40,15,4,0,2,1,3,10,NA,392.3510683,42045,4224,4,2,2,2,1,1,2,1,6,0,6,0,"white",1,1,1,0,10,1,87.5,0,2,2,2,"suburban",1,1,0,1
5759930106,"bus_subway_trolley",575993,1,"Subway / El",125,92,20.363,15.402,-4.96,1,1,6,4,4,19,NA,21,5,1.12,159.4892518,142.4011177,9,1,6,1,5,1,1,NA,1,40,15,4,0,2,1,3,10,NA,392.3510683,42045,4224,4,2,2,2,1,1,2,1,6,0,6,0,"white",1,1,1,0,10,1,87.5,0,2,2,2,"suburban",1,1,0,1
5762440103,"bus_subway_trolley",576244,1,"Bus / trolleybus",36,82,21.129,22.64,1.51,1,1,3,4,2,18,NA,14,5,1.13,136.922371,121.1702398,4,2,7,1,6,1,1,NA,1,50,15,2,99,2,2,3,10,NA,235.1224466,42101,603,3,4,2,1,1,0,2,2,99,1,7,0,"white",1,1,1,0,10,0,NA,NA,4,2,1,"urban",1,1,0,0.25
5762440104,"bus_subway_trolley",576244,1,"Subway / El",82,603,26.079,27.773,1.694,1,1,4,2,1,5,NA,21,5,1.13,136.922371,121.1702398,4,2,7,1,6,1,1,NA,1,50,15,2,99,2,2,3,10,NA,235.1224466,42101,603,3,4,2,1,1,0,2,2,99,1,7,0,"white",1,1,1,0,10,0,NA,NA,4,2,1,"urban",1,1,0,0.25
5765380101,"bus_subway_trolley",576538,1,"Subway / El",84,4459,35.573,38.51,2.938,1,1,1,1,4,1,NA,21,5,1.17,143.607883,122.7417803,5,1,6,1,6,2,1,NA,1,8,25,4,0,2,2,1,12,NA,443.9604921,42101,84,1,1,1,0,0,0,2,4,3,0,6,0,"white",1,0,1,1,12,0,30,1,1,1,0,"cbd",1,1,1,0
5765380102,"bus_subway_trolley",576538,1,"Subway / El",4459,5050,47.083,50.833,3.75,1,1,2,4,2,11,NA,21,5,1.17,143.607883,122.7417803,5,1,6,1,6,2,1,NA,1,8,25,4,0,2,2,1,12,NA,443.9604921,42101,84,1,1,1,0,0,0,2,4,3,0,6,0,"white",1,0,1,1,12,0,30,1,1,1,0,"cbd",1,1,1,0
5765380104,"bus_subway_trolley",576538,1,"Trolley / light rail",84,1021,29.417,31.404,1.988,2,2,4,1,4,1,NA,23,5,1.17,143.607883,122.7417803,5,1,6,1,6,2,1,NA,1,8,25,4,0,2,2,1,12,NA,443.9604921,42101,84,1,1,1,0,0,0,2,4,3,0,6,0,"white",1,0,1,1,12,0,30,1,1,1,0,"cbd",0,1,1,0
5765380105,"bus_subway_trolley",576538,1,"Trolley / light rail",1021,84,NA,NA,NA,2,2,5,4,1,12,NA,23,5,1.17,143.607883,122.7417803,5,1,6,1,6,2,1,NA,1,8,25,4,0,2,2,1,12,NA,443.9604921,42101,84,1,1,1,0,0,0,2,4,3,0,6,0,"white",1,0,1,1,12,0,30,1,1,1,0,"cbd",0,1,1,0
5788060105,"bus_subway_trolley",578806,1,"Bus / trolleybus",44,50,25.465,16.444,-9.021,2,1,5,4,1,11,NA,14,5,1.13,103.2560872,91.3770683,8,2,6,1,3,1,99,6,NA,NA,NA,NA,NA,NA,NA,1,11,NA,92.10524045,42101,50,2,1,0,0,0,0,1,4,99,1,6,0,"white",0,1,NA,1,11,NA,NA,NA,1,0,0,"cbd",0,1,1,0
5789840101,"bus_subway_trolley",578984,1,"Subway / El",1027,103,24.606,27.092,2.485,2,1,1,1,4,1,NA,21,5,1.17,150.8634148,128.9430896,4,1,6,1,3,1,1,NA,2,35,35,4,0,2,1,1,12,NA,275.349395,42101,1027,3,2,2,0,0,3,1,4,5,0,6,0,"white",0,1,1,1,12,1,62.5,0,2,2,0,"urban",0,1,1,0
5789840102,"bus_subway_trolley",578984,1,"Subway / El",103,1027,21.86,24.052,2.192,2,1,2,4,1,8,NA,21,5,1.17,150.8634148,128.9430896,4,1,6,1,3,1,1,NA,2,35,35,4,0,2,1,1,12,NA,275.349395,42101,1027,3,2,2,0,0,3,1,4,5,0,6,0,"white",0,1,1,1,12,1,62.5,0,2,2,0,"urban",0,1,1,0
5789840103,"bus_subway_trolley",578984,1,"Bus / trolleybus",1027,44,31.694,32.867,1.173,1,2,3,1,2,1,NA,14,5,1.17,150.8634148,128.9430896,4,1,6,1,3,1,1,NA,2,35,35,4,0,2,1,1,12,NA,275.349395,42101,1027,3,2,2,0,0,3,1,4,5,0,6,0,"white",0,1,1,1,12,1,62.5,0,2,2,0,"urban",1,1,1,0
5789840104,"bus_subway_trolley",578984,1,"Trolley / light rail",44,1027,NA,NA,NA,1,2,4,2,1,5,NA,23,5,1.17,150.8634148,128.9430896,4,1,6,1,3,1,1,NA,2,35,35,4,0,2,1,1,12,NA,275.349395,42101,1027,3,2,2,0,0,3,1,4,5,0,6,0,"white",0,1,1,1,12,1,62.5,0,2,2,0,"urban",1,1,1,0
5789840201,"bus_subway_trolley",578984,2,"Bus / trolleybus",1027,62,26.958,29.2,2.242,1,1,1,1,2,1,NA,14,5,1.17,120.6476429,103.1176435,2,2,5,1,5,1,1,NA,2,20,35,4,0,2,2,1,21,NA,275.349395,42101,1027,3,2,2,0,0,3,1,4,5,1,5,0,"white",1,1,1,1,21,0,62.5,0,2,2,0,"urban",1,1,1,0
5789840202,"bus_subway_trolley",578984,2,"Bus / trolleybus",62,1027,46.3,45.667,-0.633,1,1,2,2,1,5,NA,14,5,1.17,120.6476429,103.1176435,2,2,5,1,5,1,1,NA,2,20,35,4,0,2,2,1,21,NA,275.349395,42101,1027,3,2,2,0,0,3,1,4,5,1,5,0,"white",1,1,1,1,21,0,62.5,0,2,2,0,"urban",1,1,1,0
5808780101,"bus_subway_trolley",580878,1,"Bus / trolleybus",15828,15603,69.367,69.367,0,2,1,1,1,4,1,NA,14,5,1.17,1914.471972,1636.30083,3,1,6,1,2,2,98,4,NA,NA,NA,NA,NA,NA,NA,3,8,NA,521.3506551,42017,15810,4,1,0,0,0,0,2,3,3,0,6,0,"white",0,0,NA,0,8,NA,30,1,1,0,0,"suburban",0,1,1,0
5808780103,"bus_subway_trolley",580878,1,"Bus / trolleybus",15603,15828,79.088,79.088,0,2,1,3,4,1,8,NA,14,5,1.17,1914.471972,1636.30083,3,1,6,1,2,2,98,4,NA,NA,NA,NA,NA,NA,NA,3,8,NA,521.3506551,42017,15810,4,1,0,0,0,0,2,3,3,0,6,0,"white",0,0,NA,0,8,NA,30,1,1,0,0,"suburban",0,1,1,0
5819950104,"bus_subway_trolley",581995,1,"Trolley / light rail",83,1016,26.917,26.917,0,1,1,4,4,1,96,NA,23,5,1.17,470.9025981,402.480853,4,1,6,1,5,1,1,NA,1,40,39,4,0,3,1,3,17,NA,414.5095097,42101,1016,3,2,1,1,1,2,2,2,3,0,6,0,"white",1,1,1,0,17,1,30,1,2,1,1,"urban",1,1,0,0.5
5852630102,"bus_subway_trolley",585263,1,"Trolley / light rail",85,74,10.162,12.919,2.756,1,1,2,4,4,19,NA,23,5,1.17,439.3218316,375.488745,8,2,6,2,5,1,1,NA,1,35,27,4,0,2,2,3,7,NA,345.5485017,42101,122,1,1,1,1,1,0,2,5,5,1,6,0,"black",1,1,1,0,7,0,62.5,0,1,1,1,"cbd",1,1,0,1
5852630103,"bus_subway_trolley",585263,1,"Subway / El",74,134,9.146,11.396,2.25,1,1,3,4,2,19,NA,21,5,1.17,439.3218316,375.488745,8,2,6,2,5,1,1,NA,1,35,27,4,0,2,2,3,7,NA,345.5485017,42101,122,1,1,1,1,1,0,2,5,5,1,6,0,"black",1,1,1,0,7,0,62.5,0,1,1,1,"cbd",1,1,0,1
5852630106,"bus_subway_trolley",585263,1,"Trolley / light rail",76,1022,23.8,23.429,-0.371,1,1,6,4,4,19,NA,23,5,1.17,439.3218316,375.488745,8,2,6,2,5,1,1,NA,1,35,27,4,0,2,2,3,7,NA,345.5485017,42101,122,1,1,1,1,1,0,2,5,5,1,6,0,"black",1,1,1,0,7,0,62.5,0,1,1,1,"cbd",1,1,0,1
5852630107,"bus_subway_trolley",585263,1,"Bus / trolleybus",1022,24,25.587,26.023,0.435,1,1,7,4,4,16,NA,14,5,1.17,439.3218316,375.488745,8,2,6,2,5,1,1,NA,1,35,27,4,0,2,2,3,7,NA,345.5485017,42101,122,1,1,1,1,1,0,2,5,5,1,6,0,"black",1,1,1,0,7,0,62.5,0,1,1,1,"cbd",1,1,0,1
5874480101,"bus_subway_trolley",587448,1,"Bus / trolleybus",15611,1619,57.317,77.817,20.5,2,1,1,1,4,1,NA,14,5,1.17,861.3728601,736.2161197,5,2,5,1,2,2,1,NA,1,20,41,6,0,3,2,3,2,NA,830.5266114,42017,15611,4,2,1,0,0,0,2,4,2,1,5,0,"white",0,0,1,0,2,0,17.5,1,2,1,0,"suburban",0,1,1,0
5874480103,"bus_subway_trolley",587448,1,"Bus / trolleybus",1610,15611,73.037,76.265,3.227,2,1,3,4,1,19,NA,14,5,1.17,861.3728601,736.2161197,5,2,5,1,2,2,1,NA,1,20,41,6,0,3,2,3,2,NA,830.5266114,42017,15611,4,2,1,0,0,0,2,4,2,1,5,0,"white",0,0,1,0,2,0,17.5,1,2,1,0,"suburban",0,1,1,0
5904620101,"bus_subway_trolley",590462,1,"Bus / trolleybus",2622,12231,38.529,39.3,0.771,1,1,1,1,2,1,NA,14,5,1.17,261.3968443,223.4161062,2,1,6,2,2,2,1,NA,1,40,43,4,0,3,2,2,4,NA,443.9604921,42101,2622,3,1,1,0,0,0,2,4,2,0,6,0,"black",0,0,1,1,4,0,17.5,1,1,1,0,"urban",1,1,1,0
5904620102,"bus_subway_trolley",590462,1,"Bus / trolleybus",12231,2622,26.917,26.908,-0.008,1,1,2,2,1,5,NA,14,5,1.17,261.3968443,223.4161062,2,1,6,2,2,2,1,NA,1,40,43,4,0,3,2,2,4,NA,443.9604921,42101,2622,3,1,1,0,0,0,2,4,2,0,6,0,"black",0,0,1,1,4,0,17.5,1,1,1,0,"urban",1,1,1,0
5917530101,"bus_subway_trolley",591753,1,"Bus / trolleybus",405,106,32.223,32.231,0.008,1,1,1,1,2,1,NA,14,5,1.12,189.7804184,169.4468022,2,2,6,1,6,1,1,NA,1,35,27,4,1,2,2,3,10,NA,207.5538993,42101,405,3,2,1,1,1,1,2,2,6,1,6,0,"white",1,1,1,0,10,0,87.5,0,2,1,1,"urban",1,1,0,0.5
5917530102,"bus_subway_trolley",591753,1,"Bus / trolleybus",106,405,34.467,38.365,3.898,1,1,2,2,1,10,NA,14,5,1.12,189.7804184,169.4468022,2,2,6,1,6,1,1,NA,1,35,27,4,1,2,2,3,10,NA,207.5538993,42101,405,3,2,1,1,1,1,2,2,6,1,6,0,"white",1,1,1,0,10,0,87.5,0,2,1,1,"urban",1,1,0,0.5
5931890101,"bus_subway_trolley",593189,1,"Bus / trolleybus",401,1003,48.383,52.608,4.225,2,1,1,1,4,1,NA,14,5,1.17,309.7577662,264.7502276,3,2,5,2,1,2,2,4,NA,NA,NA,NA,NA,NA,NA,1,997,NA,911.8078557,42101,401,3,2,0,0,0,0,2,5,1,1,5,0,"black",0,0,0,1,50,NA,5,1,2,0,0,"urban",0,1,1,0
5931890102,"bus_subway_trolley",593189,1,"Bus / trolleybus",1003,1220,36.873,39.75,2.877,2,1,2,4,4,12,NA,14,5,1.17,309.7577662,264.7502276,3,2,5,2,1,2,2,4,NA,NA,NA,NA,NA,NA,NA,1,997,NA,911.8078557,42101,401,3,2,0,0,0,0,2,5,1,1,5,0,"black",0,0,0,1,50,NA,5,1,2,0,0,"urban",0,1,1,0
5931890103,"bus_subway_trolley",593189,1,"Bus / trolleybus",1220,401,45.077,47.112,2.035,2,1,3,4,1,8,NA,14,5,1.17,309.7577662,264.7502276,3,2,5,2,1,2,2,4,NA,NA,NA,NA,NA,NA,NA,1,997,NA,911.8078557,42101,401,3,2,0,0,0,0,2,5,1,1,5,0,"black",0,0,0,1,50,NA,5,1,2,0,0,"urban",0,1,1,0
5931890201,"bus_subway_trolley",593189,2,"Subway / El",401,1003,48.327,53.433,5.106,3,1,1,1,4,1,NA,21,5,1.17,235.8359096,201.5691535,1,1,1,2,1,NA,NA,NA,NA,NA,NA,NA,NA,NA,NA,1,NA,NA,911.8078557,42101,401,3,2,0,0,0,0,2,5,1,0,1,0,"black",0,NA,NA,1,NA,NA,5,1,2,0,0,"urban",0,0,1,0
5937570102,"bus_subway_trolley",593757,1,"Subway / El",403,41,27.002,27.117,0.115,1,1,2,4,4,96,NA,21,5,1.17,215.8516773,184.4886131,8,1,6,1,3,2,1,NA,1,55,43,4,0,8,1,3,12,NA,596.8695769,42101,403,3,2,1,0,0,0,2,3,3,0,6,0,"white",0,0,1,0,12,1,30,1,2,1,0,"urban",1,1,1,0
5937570105,"bus_subway_trolley",593757,1,"Subway / El",41,403,17.6,19.25,1.65,1,1,5,4,4,96,NA,21,5,1.17,215.8516773,184.4886131,8,1,6,1,3,2,1,NA,1,55,43,4,0,8,1,3,12,NA,596.8695769,42101,403,3,2,1,0,0,0,2,3,3,0,6,0,"white",0,0,1,0,12,1,30,1,2,1,0,"urban",1,1,1,0
5955100103,"bus_subway_trolley",595510,1,"Bus / trolleybus",73,63,17.438,21.533,4.096,2,1,3,4,1,9,NA,14,5,1.17,114.349999,97.73504187,5,2,10,1,6,1,2,1,NA,NA,NA,NA,NA,NA,NA,3,1,NA,181.6613454,42101,63,1,1,0,0,0,1,1,2,5,1,10,1,"white",1,1,0,0,1,NA,62.5,0,1,0,0,"cbd",0,1,1,0
6010880101,"bus_subway_trolley",601088,1,"Bus / trolleybus",83,88,12.327,14,1.673,2,1,1,1,4,1,NA,14,5,1.12,111.7668238,99.791807,5,1,10,1,6,1,1,NA,1,30,11,NA,NA,NA,NA,3,1,NA,162.3902616,42101,83,1,1,1,1,1,2,2,5,7,0,10,1,"white",1,1,1,0,1,NA,125,0,1,1,1,"cbd",0,1,0,1
6010880102,"bus_subway_trolley",601088,1,"Bus / trolleybus",88,83,16.21,15.758,-0.452,2,1,2,4,1,6,NA,14,5,1.12,111.7668238,99.791807,5,1,10,1,6,1,1,NA,1,30,11,NA,NA,NA,NA,3,1,NA,162.3902616,42101,83,1,1,1,1,1,2,2,5,7,0,10,1,"white",1,1,1,0,1,NA,125,0,1,1,1,"cbd",0,1,0,1
6014790101,"bus_subway_trolley",601479,1,"Bus / trolleybus",36,106,18.738,19.096,0.358,1,1,1,1,2,1,NA,14,5,1.17,119.0341964,101.7386294,3,1,8,1,5,1,1,NA,2,20,19,4,3,2,2,3,6,NA,211.3498436,42101,36,3,2,2,0,0,2,1,4,5,0,8,0,"white",1,1,1,0,6,0,62.5,0,2,2,0,"urban",1,1,1,0
6014790103,"bus_subway_trolley",601479,1,"Bus / trolleybus",1030,36,22.544,22.731,0.188,1,1,3,4,1,15,NA,14,5,1.17,119.0341964,101.7386294,3,1,8,1,5,1,1,NA,2,20,19,4,3,2,2,3,6,NA,211.3498436,42101,36,3,2,2,0,0,2,1,4,5,0,8,0,"white",1,1,1,0,6,0,62.5,0,2,2,0,"urban",1,1,1,0
6014790202,"bus_subway_trolley",601479,2,"Bus / trolleybus",23,12,25.929,28.896,2.967,1,1,2,2,4,5,NA,14,5,1.17,116.584504,99.64487521,3,2,8,1,6,1,1,NA,1,50,27,3,0,2,2,3,6,NA,211.3498436,42101,36,3,2,2,0,0,2,1,4,5,1,8,0,"white",1,1,1,0,6,0,62.5,0,2,2,0,"urban",1,1,1,0
6016700102,"bus_subway_trolley",601670,1,"Subway / El",5019,10422,65.85,72.883,7.033,1,1,2,4,2,19,NA,21,5,1.12,123.2245155,110.0218889,4,1,8,1,5,1,1,NA,1,38,11,4,0,3,2,3,12,NA,133.7177376,42091,10007,3,2,2,1,1,2,1,2,7,0,8,0,"white",1,1,1,0,12,0,125,0,2,2,1,"urban",1,1,0,0.5
6016700103,"bus_subway_trolley",601670,1,"Subway / El",10422,5019,38.969,38.844,-0.125,1,1,3,2,4,5,NA,21,5,1.12,123.2245155,110.0218889,4,1,8,1,5,1,1,NA,1,38,11,4,0,3,2,3,12,NA,133.7177376,42091,10007,3,2,2,1,1,2,1,2,7,0,8,0,"white",1,1,1,0,12,0,125,0,2,2,1,"urban",1,1,0,0.5
6016700202,"bus_subway_trolley",601670,2,"Bus / trolleybus",10013,93,58.237,61.842,3.604,1,1,2,4,4,19,NA,14,5,1.12,100.3335666,89.58354163,8,2,8,1,6,1,1,NA,1,40,25,4,0,2,2,3,6,NA,133.7177376,42091,10007,3,2,2,1,1,2,1,2,7,1,8,0,"white",1,1,1,0,6,0,125,0,2,2,1,"urban",1,1,0,0.5
6017220202,"bus_subway_trolley",601722,2,"Bus / trolleybus",70,60,15.596,15.715,0.119,2,1,2,4,4,16,NA,14,5,1.13,105.1929945,93.09114561,7,1,10,1,6,1,1,NA,1,40,27,NA,NA,NA,NA,3,4,NA,83.62080081,42101,27,3,2,2,1,0,1,1,1,99,0,10,1,"white",1,1,1,0,4,NA,NA,NA,2,2,1,"urban",0,1,0,0.5
6017220203,"bus_subway_trolley",601722,2,"Bus / trolleybus",60,27,16.852,19.367,2.515,2,1,3,4,1,9,NA,14,5,1.13,105.1929945,93.09114561,7,1,10,1,6,1,1,NA,1,40,27,NA,NA,NA,NA,3,4,NA,83.62080081,42101,27,3,2,2,1,0,1,1,1,99,0,10,1,"white",1,1,1,0,4,NA,NA,NA,2,2,1,"urban",0,1,0,0.5
6019330101,"bus_subway_trolley",601933,1,"Bus / trolleybus",30,3207,46.09,59.846,13.756,1,1,1,1,4,1,NA,14,5,1.17,107.7755525,92.11585687,5,1,10,1,3,2,1,NA,5,998,27,4,0,2,2,3,12,NA,157.1925661,42101,30,3,1,1,0,0,1,2,2,5,0,10,1,"white",0,0,1,0,12,0,62.5,0,1,1,0,"urban",1,1,1,0
6019330102,"bus_subway_trolley",601933,1,"Bus / trolleybus",3207,62,46.3,49.55,3.25,1,1,2,4,4,5,NA,14,5,1.17,107.7755525,92.11585687,5,1,10,1,3,2,1,NA,5,998,27,4,0,2,2,3,12,NA,157.1925661,42101,30,3,1,1,0,0,1,2,2,5,0,10,1,"white",0,0,1,0,12,0,62.5,0,1,1,0,"urban",1,1,1,0
6019330103,"bus_subway_trolley",601933,1,"Bus / trolleybus",62,1418,34,38.258,4.258,1,1,3,4,4,5,NA,14,5,1.17,107.7755525,92.11585687,5,1,10,1,3,2,1,NA,5,998,27,4,0,2,2,3,12,NA,157.1925661,42101,30,3,1,1,0,0,1,2,2,5,0,10,1,"white",0,0,1,0,12,0,62.5,0,1,1,0,"urban",1,1,1,0
6019330104,"bus_subway_trolley",601933,1,"Bus / trolleybus",1418,823,50.258,59.508,9.25,1,1,4,4,4,14,NA,14,5,1.17,107.7755525,92.11585687,5,1,10,1,3,2,1,NA,5,998,27,4,0,2,2,3,12,NA,157.1925661,42101,30,3,1,1,0,0,1,2,2,5,0,10,1,"white",0,0,1,0,12,0,62.5,0,1,1,0,"urban",1,1,1,0
6019330105,"bus_subway_trolley",601933,1,"Bus / trolleybus",823,30,39.498,40.975,1.477,1,1,5,4,1,11,NA,14,5,1.17,107.7755525,92.11585687,5,1,10,1,3,2,1,NA,5,998,27,4,0,2,2,3,12,NA,157.1925661,42101,30,3,1,1,0,0,1,2,2,5,0,10,1,"white",0,0,1,0,12,0,62.5,0,1,1,0,"urban",1,1,1,0
6022850101,"bus_subway_trolley",602285,1,"Bus / trolleybus",42,1018,23.038,26.175,3.137,1,1,1,1,2,1,NA,14,5,1.12,216.0009726,192.8580113,2,1,6,1,6,1,1,NA,1,60,29,4,0,1,1,3,10,NA,254.7502371,42101,42,1,2,2,1,1,0,2,5,7,0,6,0,"white",1,1,1,0,10,1,125,0,2,2,1,"cbd",1,1,0,0.5
6022850102,"bus_subway_trolley",602285,1,"Bus / trolleybus",1018,42,19.46,21.429,1.969,1,1,2,2,1,5,NA,14,5,1.12,216.0009726,192.8580113,2,1,6,1,6,1,1,NA,1,60,29,4,0,1,1,3,10,NA,254.7502371,42101,42,1,2,2,1,1,0,2,5,7,0,6,0,"white",1,1,1,0,10,1,125,0,2,2,1,"cbd",1,1,0,0.5
6022850201,"bus_subway_trolley",602285,2,"Bus / trolleybus",1018,42,20.856,20.775,-0.081,3,1,1,2,1,5,NA,14,5,1.12,189.7804184,169.4468022,2,2,6,1,6,1,1,NA,1,60,29,4,0,1,1,3,10,NA,254.7502371,42101,42,1,2,2,1,1,0,2,5,7,1,6,0,"white",1,1,1,0,10,1,125,0,2,2,1,"cbd",0,0,0,0.5
6022850202,"bus_subway_trolley",602285,2,"Bus / trolleybus",42,1018,23.696,25.952,2.256,3,2,2,1,2,1,NA,14,5,1.12,189.7804184,169.4468022,2,2,6,1,6,1,1,NA,1,60,29,4,0,1,1,3,10,NA,254.7502371,42101,42,1,2,2,1,1,0,2,5,7,1,6,0,"white",1,1,1,0,10,1,125,0,2,2,1,"cbd",0,0,0,0.5
6028260101,"bus_subway_trolley",602826,1,"Bus / trolleybus",2023,1818,24.833,26.458,1.625,2,1,1,1,4,1,NA,14,5,1.17,180.9541442,154.6616617,5,2,10,2,2,2,2,1,NA,NA,NA,NA,NA,NA,NA,3,5,NA,228.4384878,42101,2023,3,1,0,0,0,0,2,2,2,1,10,1,"black",0,0,0,0,5,NA,17.5,1,1,0,0,"urban",0,1,1,0
6028260102,"bus_subway_trolley",602826,1,"Bus / trolleybus",1818,4420,58.004,63.842,5.837,2,1,2,4,4,6,NA,14,5,1.17,180.9541442,154.6616617,5,2,10,2,2,2,2,1,NA,NA,NA,NA,NA,NA,NA,3,5,NA,228.4384878,42101,2023,3,1,0,0,0,0,2,2,2,1,10,1,"black",0,0,0,0,5,NA,17.5,1,1,0,0,"urban",0,1,1,0
6028950101,"bus_subway_trolley",602895,1,"Bus / trolleybus",97,23,22.083,23.756,1.673,1,1,1,1,4,1,NA,14,5,1.17,180.8497492,154.5724353,6,2,9,2,3,2,1,NA,2,35,25,9,0,2,8,3,7,NA,340.3264668,42101,97,1,1,1,0,0,0,2,5,2,1,9,0,"black",0,0,1,0,7,NA,17.5,1,1,1,0,"cbd",1,1,1,0
6029500103,"bus_subway_trolley",602950,1,"Subway / El",76,401,26.979,29.158,2.179,2,1,3,4,4,19,NA,21,5,1.17,129.2568325,110.4759252,4,1,9,1,3,2,2,4,NA,NA,NA,NA,NA,NA,NA,3,4,NA,352.520661,42101,604,3,1,0,0,0,0,2,2,1,0,9,0,"white",0,0,0,0,4,NA,5,1,1,0,0,"urban",0,1,1,0
6036250101,"bus_subway_trolley",603625,1,"Bus / trolleybus",4448,4457,25.967,28.65,2.683,2,1,1,1,4,6,NA,14,5,1.13,91.15872606,80.67143899,2,1,11,1,2,1,2,7,NA,NA,NA,NA,NA,NA,NA,3,1,NA,158.8815913,42045,4448,3,2,1,1,1,0,2,2,99,0,11,1,"white",0,1,0,0,1,NA,NA,NA,2,1,1,"urban",0,1,0,0.5
6036250102,"bus_subway_trolley",603625,1,"Bus / trolleybus",4457,4448,31.34,36.819,5.479,2,1,2,4,1,6,NA,14,5,1.13,91.15872606,80.67143899,2,1,11,1,2,1,2,7,NA,NA,NA,NA,NA,NA,NA,3,1,NA,158.8815913,42045,4448,3,2,1,1,1,0,2,2,99,0,11,1,"white",0,1,0,0,1,NA,NA,NA,2,1,1,"urban",0,1,0,0.5
6043000102,"bus_subway_trolley",604300,1,"Subway / El",5019,4459,48.179,49.642,1.462,1,1,2,4,4,19,NA,21,5,1.12,89.23461241,79.67376108,9,1,9,1,6,1,1,NA,2,40,43,4,0,1,1,3,5,NA,153.4484038,42045,5021,3,1,1,1,1,1,2,2,6,0,9,0,"white",1,1,1,0,5,1,87.5,0,1,1,1,"urban",1,1,0,1
6043000103,"bus_subway_trolley",604300,1,"Subway / El",4459,76,34.25,37.75,3.5,1,1,3,4,4,19,NA,21,5,1.12,89.23461241,79.67376108,9,1,9,1,6,1,1,NA,2,40,43,4,0,1,1,3,5,NA,153.4484038,42045,5021,3,1,1,1,1,1,2,2,6,0,9,0,"white",1,1,1,0,5,1,87.5,0,1,1,1,"urban",1,1,0,1
6043000104,"bus_subway_trolley",604300,1,"Subway / El",76,113,12.192,11.367,-0.825,1,1,4,4,4,19,NA,21,5,1.12,89.23461241,79.67376108,9,1,9,1,6,1,1,NA,2,40,43,4,0,1,1,3,5,NA,153.4484038,42045,5021,3,1,1,1,1,1,2,2,6,0,9,0,"white",1,1,1,0,5,1,87.5,0,1,1,1,"urban",1,1,0,1
6043710101,"bus_subway_trolley",604371,1,"Bus / trolleybus",807,816,8.433,11.308,2.875,2,1,1,1,4,1,NA,14,5,1.17,190.6891092,162.9821446,4,2,6,1,1,2,2,2,NA,NA,NA,NA,NA,NA,NA,3,4,NA,399.8671055,42101,807,3,2,0,0,0,0,2,2,1,1,6,0,"white",0,0,0,0,4,NA,5,1,2,0,0,"urban",0,1,1,0
6043710102,"bus_subway_trolley",604371,1,"Bus / trolleybus",816,807,9.542,11.465,1.923,2,1,2,4,1,12,NA,14,5,1.17,190.6891092,162.9821446,4,2,6,1,1,2,2,2,NA,NA,NA,NA,NA,NA,NA,3,4,NA,399.8671055,42101,807,3,2,0,0,0,0,2,2,1,1,6,0,"white",0,0,0,0,4,NA,5,1,2,0,0,"urban",0,1,1,0
6043710201,"bus_subway_trolley",604371,2,"Bus / trolleybus",807,840,23.617,23.348,-0.269,1,1,1,1,2,1,NA,14,5,1.17,210.1569591,179.6213326,3,1,7,1,1,2,2,2,NA,NA,NA,NA,NA,NA,NA,3,10,NA,399.8671055,42101,807,3,2,0,0,0,0,2,2,1,0,7,0,"white",0,0,0,0,10,NA,5,1,2,0,0,"urban",1,1,1,0
6043710202,"bus_subway_trolley",604371,2,"Bus / trolleybus",840,841,8.917,12.417,3.5,1,1,2,2,4,5,NA,14,5,1.17,210.1569591,179.6213326,3,1,7,1,1,2,2,2,NA,NA,NA,NA,NA,NA,NA,3,10,NA,399.8671055,42101,807,3,2,0,0,0,0,2,2,1,0,7,0,"white",0,0,0,0,10,NA,5,1,2,0,0,"urban",1,1,1,0
6043710203,"bus_subway_trolley",604371,2,"Bus / trolleybus",841,807,33.879,33.704,-0.175,1,1,3,4,1,12,NA,14,5,1.17,210.1569591,179.6213326,3,1,7,1,1,2,2,2,NA,NA,NA,NA,NA,NA,NA,3,10,NA,399.8671055,42101,807,3,2,0,0,0,0,2,2,1,0,7,0,"white",0,0,0,0,10,NA,5,1,2,0,0,"urban",1,1,1,0
6053730102,"bus_subway_trolley",605373,1,"Bus / trolleybus",1405,409,21.14,22.371,1.231,2,1,2,3,4,3,NA,14,5,1.17,259.70159,221.967171,4,2,6,2,2,2,2,6,NA,NA,NA,NA,NA,NA,NA,1,6,NA,668.8941838,42101,415,3,4,0,0,0,0,2,1,2,1,6,0,"black",0,0,0,1,6,NA,17.5,1,4,0,0,"urban",0,1,1,0
6053730104,"bus_subway_trolley",605373,1,"Bus / trolleybus",1405,415,34.592,35.535,0.944,2,1,4,3,1,3,NA,14,5,1.17,259.70159,221.967171,4,2,6,2,2,2,2,6,NA,NA,NA,NA,NA,NA,NA,1,6,NA,668.8941838,42101,415,3,4,0,0,0,0,2,1,2,1,6,0,"black",0,0,0,1,6,NA,17.5,1,4,0,0,"urban",0,1,1,0
6053730302,"bus_subway_trolley",605373,3,"Bus / trolleybus",66,415,39.808,47.413,7.604,2,1,2,4,1,13,NA,14,5,1.17,263.8893246,225.5464313,2,2,2,2,1,NA,NA,NA,NA,NA,NA,NA,NA,NA,NA,1,NA,NA,668.8941838,42101,415,3,4,0,0,0,0,2,1,2,1,2,0,"black",0,NA,NA,1,NA,NA,17.5,1,4,0,0,"urban",0,1,1,0
6055520102,"bus_subway_trolley",605552,1,"Subway / El",43,823,29.356,30.079,0.723,2,1,2,4,4,6,NA,21,5,1.12,99.12621445,88.50554862,4,1,10,1,6,1,2,1,NA,NA,NA,NA,NA,NA,NA,3,6,NA,211.7301447,42101,42,1,1,0,0,0,0,2,5,7,0,10,1,"white",1,1,0,0,6,NA,125,0,1,0,0,"cbd",0,1,1,0
6066230101,"bus_subway_trolley",606623,1,"Bus / trolleybus",46,60,11.9,12.746,0.846,2,1,1,1,4,1,NA,14,5,1.17,110.6558443,94.57764468,2,2,10,1,5,1,2,1,NA,NA,NA,NA,NA,NA,NA,3,4,NA,190.4720163,42101,46,1,1,0,0,0,0,1,5,4,1,10,1,"white",1,1,0,0,4,NA,42.5,0,1,0,0,"cbd",0,1,1,0
6066230102,"bus_subway_trolley",606623,1,"Bus / trolleybus",60,46,7.91,7.733,-0.177,2,1,2,4,1,8,NA,14,5,1.17,110.6558443,94.57764468,2,2,10,1,5,1,2,1,NA,NA,NA,NA,NA,NA,NA,3,4,NA,190.4720163,42101,46,1,1,0,0,0,0,1,5,4,1,10,1,"white",1,1,0,0,4,NA,42.5,0,1,0,0,"cbd",0,1,1,0
6079080201,"bus_subway_trolley",607908,2,"Subway / El",5021,98,55.6,57.35,1.75,1,1,1,1,2,1,NA,21,5,1.15,127.8146661,111.1431879,2,1,8,1,5,1,1,NA,1,45,17,4,0,2,8,3,10,NA,184.0851854,42045,5021,3,3,2,2,2,4,1,1,9,0,8,0,"white",1,1,1,0,10,NA,225,0,3,2,2,"urban",1,1,0,0.666666666666667
6079080202,"bus_subway_trolley",607908,2,"Subway / El",98,5021,56.65,61.525,4.875,1,1,2,2,1,11,NA,21,5,1.15,127.8146661,111.1431879,2,1,8,1,5,1,1,NA,1,45,17,4,0,2,8,3,10,NA,184.0851854,42045,5021,3,3,2,2,2,4,1,1,9,0,8,0,"white",1,1,1,0,10,NA,225,0,3,2,2,"urban",1,1,0,0.666666666666667
6080360101,"bus_subway_trolley",608036,1,"Bus / trolleybus",108,12,28.842,29.569,0.727,2,1,1,1,4,12,NA,14,5,1.17,181.7396171,155.3330061,4,2,8,1,2,1,2,2,NA,NA,NA,NA,NA,NA,NA,3,5,NA,482.4406172,42101,108,2,1,0,0,0,0,2,5,1,1,8,0,"white",0,1,0,0,5,NA,5,1,1,0,0,"cbd",0,1,1,0
6080360102,"bus_subway_trolley",608036,1,"Bus / trolleybus",12,38,14.119,17.498,3.379,2,1,2,4,4,8,NA,14,5,1.17,181.7396171,155.3330061,4,2,8,1,2,1,2,2,NA,NA,NA,NA,NA,NA,NA,3,5,NA,482.4406172,42101,108,2,1,0,0,0,0,2,5,1,1,8,0,"white",0,1,0,0,5,NA,5,1,1,0,0,"cbd",0,1,1,0
6080360103,"bus_subway_trolley",608036,1,"Bus / trolleybus",38,39,10.502,13.363,2.86,2,1,3,4,4,12,NA,14,5,1.17,181.7396171,155.3330061,4,2,8,1,2,1,2,2,NA,NA,NA,NA,NA,NA,NA,3,5,NA,482.4406172,42101,108,2,1,0,0,0,0,2,5,1,1,8,0,"white",0,1,0,0,5,NA,5,1,1,0,0,"cbd",0,1,1,0
6080360104,"bus_subway_trolley",608036,1,"Bus / trolleybus",39,108,13.646,14.585,0.94,2,1,4,4,1,16,NA,14,5,1.17,181.7396171,155.3330061,4,2,8,1,2,1,2,2,NA,NA,NA,NA,NA,NA,NA,3,5,NA,482.4406172,42101,108,2,1,0,0,0,0,2,5,1,1,8,0,"white",0,1,0,0,5,NA,5,1,1,0,0,"cbd",0,1,1,0
6080870301,"bus_subway_trolley",608087,3,"Bus / trolleybus",4623,4817,NA,NA,NA,1,1,1,1,3,1,NA,14,5,1.15,494.7618221,430.2276714,3,1,5,1,3,2,1,NA,2,20,35,4,0,3,2,1,10,NA,194.8378228,42045,4623,5,5,3,3,3,2,2,1,9,0,5,0,"white",0,0,1,1,10,0,225,0,5,3,3,"rural",1,1,0,0.6
6080870302,"bus_subway_trolley",608087,3,"Bus / trolleybus",4817,4618,NA,NA,NA,1,1,2,3,2,3,NA,14,5,1.15,494.7618221,430.2276714,3,1,5,1,3,2,1,NA,2,20,35,4,0,3,2,1,10,NA,194.8378228,42045,4623,5,5,3,3,3,2,2,1,9,0,5,0,"white",0,0,1,1,10,0,225,0,5,3,3,"rural",1,1,0,0.6
6081650102,"bus_subway_trolley",608165,1,"Trolley / light rail",96,1018,13.425,14.287,0.862,1,1,2,2,4,5,NA,23,5,1.15,127.6103193,110.9654951,3,1,6,1,6,1,1,NA,1,40,17,6,0,2,2,3,0,NA,66.89625544,42101,9,3,2,2,1,1,2,2,2,8,0,6,0,"white",1,1,1,0,0,0,175,0,2,2,1,"urban",1,1,0,0.5
6081650201,"bus_subway_trolley",608165,2,"Bus / trolleybus",9,68,33.415,42.633,9.219,1,1,1,1,2,1,NA,14,5,1.15,120.9977128,105.2154024,2,2,6,1,5,1,1,NA,1,40,17,4,0,2,2,3,9,NA,66.89625544,42101,9,3,2,2,1,1,2,2,2,8,1,6,0,"white",1,1,1,0,9,0,175,0,2,2,1,"urban",1,1,0,0.5
6104530103,"bus_subway_trolley",610453,1,"Bus / trolleybus",3215,3202,44.538,49.976,5.439,2,2,3,1,4,1,NA,14,5,1.17,114.5657363,97.91943276,5,1,12,1,5,1,2,1,NA,NA,NA,NA,NA,NA,NA,3,2,NA,152.2986917,42101,3215,4,1,0,1,1,0,2,5,4,0,12,1,"white",1,1,0,0,2,NA,42.5,0,1,0,1,"suburban",0,1,0,1
6104530104,"bus_subway_trolley",610453,1,"Bus / trolleybus",3202,90,42.658,48.375,5.717,2,2,4,4,4,19,NA,14,5,1.17,114.5657363,97.91943276,5,1,12,1,5,1,2,1,NA,NA,NA,NA,NA,NA,NA,3,2,NA,152.2986917,42101,3215,4,1,0,1,1,0,2,5,4,0,12,1,"white",1,1,0,0,2,NA,42.5,0,1,0,1,"suburban",0,1,0,1
6113870208,"bus_subway_trolley",611387,2,"Bus / trolleybus",11619,14431,54.567,54.567,0,1,3,8,4,2,19,NA,14,5,1.12,104.2170306,93.05092022,10,2,9,1,6,1,1,NA,1,35,25,4,0,3,2,3,4,NA,187.3949517,42091,11617,4,3,1,2,2,3,2,2,6,1,9,0,"white",1,1,1,0,4,0,87.5,0,3,1,2,"suburban",1,1,0,0.666666666666667
6138920101,"bus_subway_trolley",613892,1,"Subway / El",5011,4459,46.155,51.374,5.219,2,1,1,1,4,1,NA,21,5,1.12,98.70709083,88.13133109,3,2,10,1,6,1,2,1,NA,NA,NA,NA,NA,NA,NA,3,0,NA,83.28207137,42045,5011,4,2,0,2,2,0,2,1,7,1,10,1,"white",1,1,0,0,0,NA,125,0,2,0,2,"suburban",0,1,0,1
6138920103,"bus_subway_trolley",613892,1,"Subway / El",5009,5011,26.967,31.208,4.242,2,1,3,4,1,19,NA,21,5,1.12,98.70709083,88.13133109,3,2,10,1,6,1,2,1,NA,NA,NA,NA,NA,NA,NA,3,0,NA,83.28207137,42045,5011,4,2,0,2,2,0,2,1,7,1,10,1,"white",1,1,0,0,0,NA,125,0,2,0,2,"suburban",0,1,0,1
6144510101,"bus_subway_trolley",614451,1,"Bus / trolleybus",403,434,31.038,30.423,-0.615,1,1,1,1,4,10,NA,14,5,1.17,98.63450143,84.30299267,5,1,9,1,2,2,1,NA,1,30,49,4,0,8,2,3,997,NA,676.4519571,42101,403,3,4,1,0,0,3,2,97,2,0,9,0,"white",0,0,1,0,50,0,17.5,1,4,1,0,"urban",1,1,1,0
6144510102,"bus_subway_trolley",614451,1,"Bus / trolleybus",434,430,29.062,36.562,7.5,1,1,2,4,2,5,NA,14,5,1.17,98.63450143,84.30299267,5,1,9,1,2,2,1,NA,1,30,49,4,0,8,2,3,997,NA,676.4519571,42101,403,3,4,1,0,0,3,2,97,2,0,9,0,"white",0,0,1,0,50,0,17.5,1,4,1,0,"urban",1,1,1,0
6144510103,"bus_subway_trolley",614451,1,"Bus / trolleybus",430,403,19.352,19.363,0.01,1,1,3,2,1,5,NA,14,5,1.17,98.63450143,84.30299267,5,1,9,1,2,2,1,NA,1,30,49,4,0,8,2,3,997,NA,676.4519571,42101,403,3,4,1,0,0,3,2,97,2,0,9,0,"white",0,0,1,0,50,0,17.5,1,4,1,0,"urban",1,1,1,0
6144510201,"bus_subway_trolley",614451,2,"Bus / trolleybus",403,430,15.242,16.117,0.875,2,1,1,1,4,1,NA,14,5,1.17,168.954672,144.4057025,6,1,9,2,1,2,2,2,NA,NA,NA,NA,NA,NA,NA,98,997,NA,676.4519571,42101,403,3,4,1,0,0,3,2,97,2,0,9,0,"black",0,0,0,NA,50,NA,17.5,1,4,1,0,"urban",0,1,1,0
6144510202,"bus_subway_trolley",614451,2,"Bus / trolleybus",430,403,18.644,23.035,4.392,2,1,2,4,1,96,NA,14,5,1.17,168.954672,144.4057025,6,1,9,2,1,2,2,2,NA,NA,NA,NA,NA,NA,NA,98,997,NA,676.4519571,42101,403,3,4,1,0,0,3,2,97,2,0,9,0,"black",0,0,0,NA,50,NA,17.5,1,4,1,0,"urban",0,1,1,0
6144510203,"bus_subway_trolley",614451,2,"Bus / trolleybus",403,427,22.725,25.962,3.237,2,2,3,1,4,1,NA,14,5,1.17,168.954672,144.4057025,6,1,9,2,1,2,2,2,NA,NA,NA,NA,NA,NA,NA,98,997,NA,676.4519571,42101,403,3,4,1,0,0,3,2,97,2,0,9,0,"black",0,0,0,NA,50,NA,17.5,1,4,1,0,"urban",0,1,1,0
6144510204,"bus_subway_trolley",614451,2,"Bus / trolleybus",427,403,19.392,19.675,0.283,2,2,4,4,1,3,NA,14,5,1.17,168.954672,144.4057025,6,1,9,2,1,2,2,2,NA,NA,NA,NA,NA,NA,NA,98,997,NA,676.4519571,42101,403,3,4,1,0,0,3,2,97,2,0,9,0,"black",0,0,0,NA,50,NA,17.5,1,4,1,0,"urban",0,1,1,0
6144510205,"bus_subway_trolley",614451,2,"Bus / trolleybus",403,434,29.669,31.381,1.713,2,3,5,1,4,1,NA,14,5,1.17,168.954672,144.4057025,6,1,9,2,1,2,2,2,NA,NA,NA,NA,NA,NA,NA,98,997,NA,676.4519571,42101,403,3,4,1,0,0,3,2,97,2,0,9,0,"black",0,0,0,NA,50,NA,17.5,1,4,1,0,"urban",0,1,1,0
6144510206,"bus_subway_trolley",614451,2,"Bus / trolleybus",434,403,41.542,44.167,2.625,2,3,6,4,1,96,NA,14,5,1.17,168.954672,144.4057025,6,1,9,2,1,2,2,2,NA,NA,NA,NA,NA,NA,NA,98,997,NA,676.4519571,42101,403,3,4,1,0,0,3,2,97,2,0,9,0,"black",0,0,0,NA,50,NA,17.5,1,4,1,0,"urban",0,1,1,0
6144510301,"bus_subway_trolley",614451,3,"Bus / trolleybus",403,430,15.242,16.117,0.875,2,1,1,1,4,1,NA,14,5,1.17,168.954672,144.4057025,4,1,9,2,2,2,2,2,NA,NA,NA,NA,NA,NA,NA,3,15,NA,676.4519571,42101,403,3,4,1,0,0,3,2,97,2,0,9,0,"black",0,0,0,0,15,NA,17.5,1,4,1,0,"urban",0,1,1,0
6144510302,"bus_subway_trolley",614451,3,"Bus / trolleybus",430,403,18.644,23.035,4.392,2,1,2,4,1,96,NA,14,5,1.17,168.954672,144.4057025,4,1,9,2,2,2,2,2,NA,NA,NA,NA,NA,NA,NA,3,15,NA,676.4519571,42101,403,3,4,1,0,0,3,2,97,2,0,9,0,"black",0,0,0,0,15,NA,17.5,1,4,1,0,"urban",0,1,1,0
6144510303,"bus_subway_trolley",614451,3,"Bus / trolleybus",403,434,31.027,32.892,1.865,2,2,3,1,4,1,NA,14,5,1.17,168.954672,144.4057025,4,1,9,2,2,2,2,2,NA,NA,NA,NA,NA,NA,NA,3,15,NA,676.4519571,42101,403,3,4,1,0,0,3,2,97,2,0,9,0,"black",0,0,0,0,15,NA,17.5,1,4,1,0,"urban",0,1,1,0
6144510304,"bus_subway_trolley",614451,3,"Bus / trolleybus",434,403,41.542,44.167,2.625,2,2,4,4,1,96,NA,14,5,1.17,168.954672,144.4057025,4,1,9,2,2,2,2,2,NA,NA,NA,NA,NA,NA,NA,3,15,NA,676.4519571,42101,403,3,4,1,0,0,3,2,97,2,0,9,0,"black",0,0,0,0,15,NA,17.5,1,4,1,0,"urban",0,1,1,0
6145390201,"bus_subway_trolley",614539,2,"Bus / trolleybus",1027,816,43.308,47.958,4.65,1,1,1,1,4,1,NA,14,5,1.12,140.0288573,125.0257654,2,2,9,1,5,1,1,NA,1,40,25,4,0,8,8,3,10,NA,140.0677812,42101,1027,3,2,1,1,1,1,1,2,7,1,9,0,"white",1,1,1,0,10,NA,125,0,2,1,1,"urban",1,1,0,0.5
6145390202,"bus_subway_trolley",614539,2,"Bus / trolleybus",816,1027,47.765,50.071,2.306,1,1,2,4,1,5,NA,14,5,1.12,140.0288573,125.0257654,2,2,9,1,5,1,1,NA,1,40,25,4,0,8,8,3,10,NA,140.0677812,42101,1027,3,2,1,1,1,1,1,2,7,1,9,0,"white",1,1,1,0,10,NA,125,0,2,1,1,"urban",1,1,0,0.5
6147480101,"bus_subway_trolley",614748,1,"Bus / trolleybus",25,6,17.5,18.183,0.683,1,1,1,1,2,1,NA,14,5,1.17,156.5550686,133.8077509,2,2,9,1,5,1,1,NA,1,70,35,4,0,2,2,3,8,NA,190.1257082,42101,25,1,1,1,1,1,1,1,3,5,1,9,0,"white",1,1,1,0,8,0,62.5,0,1,1,1,"cbd",1,1,0,1
6147480102,"bus_subway_trolley",614748,1,"Bus / trolleybus",6,25,18.533,21.592,3.058,1,1,2,2,1,5,NA,14,5,1.17,156.5550686,133.8077509,2,2,9,1,5,1,1,NA,1,70,35,4,0,2,2,3,8,NA,190.1257082,42101,25,1,1,1,1,1,1,1,3,5,1,9,0,"white",1,1,1,0,8,0,62.5,0,1,1,1,"cbd",1,1,0,1
6157560101,"bus_subway_trolley",615756,1,"Bus / trolleybus",2639,2007,103.883,102.829,-1.054,1,1,1,1,2,1,NA,14,5,1.17,150.0065386,128.2107167,2,2,9,2,2,2,1,NA,1,40,25,3,0,3,2,3,10,NA,336.6524744,42101,2639,3,2,1,0,0,1,2,2,4,1,9,0,"black",0,0,1,0,10,0,42.5,0,2,1,0,"urban",1,1,1,0
6158090101,"bus_subway_trolley",615809,1,"Bus / trolleybus",1607,625,28.121,26.904,-1.217,2,1,1,1,4,16,NA,14,5,1.17,279.6163203,238.9883079,6,1,9,1,3,1,2,2,NA,NA,NA,NA,NA,NA,NA,3,10,NA,458.7122574,42101,1607,3,1,0,1,1,0,2,3,1,0,9,0,"white",0,1,0,0,10,NA,5,1,1,0,1,"urban",0,1,0,1
6158090102,"bus_subway_trolley",615809,1,"Subway / El",625,73,39.767,41.267,1.5,2,1,2,4,4,16,NA,21,5,1.17,279.6163203,238.9883079,6,1,9,1,3,1,2,2,NA,NA,NA,NA,NA,NA,NA,3,10,NA,458.7122574,42101,1607,3,1,0,1,1,0,2,3,1,0,9,0,"white",0,1,0,0,10,NA,5,1,1,0,1,"urban",0,1,0,1
6158090103,"bus_subway_trolley",615809,1,"Bus / trolleybus",73,3014,46.671,49.902,3.231,2,1,3,4,4,9,NA,14,5,1.17,279.6163203,238.9883079,6,1,9,1,3,1,2,2,NA,NA,NA,NA,NA,NA,NA,3,10,NA,458.7122574,42101,1607,3,1,0,1,1,0,2,3,1,0,9,0,"white",0,1,0,0,10,NA,5,1,1,0,1,"urban",0,1,0,1
6158090104,"bus_subway_trolley",615809,1,"Bus / trolleybus",3014,619,41.667,50.408,8.742,2,1,4,4,4,19,NA,14,5,1.17,279.6163203,238.9883079,6,1,9,1,3,1,2,2,NA,NA,NA,NA,NA,NA,NA,3,10,NA,458.7122574,42101,1607,3,1,0,1,1,0,2,3,1,0,9,0,"white",0,1,0,0,10,NA,5,1,1,0,1,"urban",0,1,0,1
6158090105,"bus_subway_trolley",615809,1,"Bus / trolleybus",619,617,23.565,22.321,-1.244,2,1,5,4,4,20,NA,14,5,1.17,279.6163203,238.9883079,6,1,9,1,3,1,2,2,NA,NA,NA,NA,NA,NA,NA,3,10,NA,458.7122574,42101,1607,3,1,0,1,1,0,2,3,1,0,9,0,"white",0,1,0,0,10,NA,5,1,1,0,1,"urban",0,1,0,1
6158090106,"bus_subway_trolley",615809,1,"Bus / trolleybus",617,1607,31.415,42.867,11.452,2,1,6,4,1,96,NA,14,5,1.17,279.6163203,238.9883079,6,1,9,1,3,1,2,2,NA,NA,NA,NA,NA,NA,NA,3,10,NA,458.7122574,42101,1607,3,1,0,1,1,0,2,3,1,0,9,0,"white",0,1,0,0,10,NA,5,1,1,0,1,"urban",0,1,0,1
6166360101,"bus_subway_trolley",616636,1,"Bus / trolleybus",1037,1030,12.658,14.408,1.75,2,1,1,1,4,1,NA,14,5,1.13,103.434674,91.53510971,2,2,11,2,1,2,2,1,NA,NA,NA,NA,NA,NA,NA,3,3,NA,68.63506003,42101,1037,3,1,0,0,0,0,2,5,99,1,11,1,"black",0,0,0,0,3,NA,NA,NA,1,0,0,"urban",0,1,1,0
6169070401,"bus_subway_trolley",616907,4,"Bus / trolleybus",1218,1202,33.646,41.052,7.406,3,1,1,3,1,1,NA,14,5,1.17,1213.795418,1037.431981,1,2,4,2,1,2,2,6,NA,NA,NA,NA,NA,NA,NA,1,10,NA,933.5652095,42101,1202,3,5,1,1,1,1,2,2,3,1,4,0,"black",0,0,0,1,10,NA,30,1,5,1,1,"urban",0,0,0,0.2
6169360101,"bus_subway_trolley",616936,1,"Bus / trolleybus",1224,1011,33.896,33.617,-0.279,2,1,1,1,4,1,NA,14,5,1.17,347.6121732,297.1044216,2,2,6,2,3,1,2,6,NA,NA,NA,NA,NA,NA,NA,1,36,NA,875.5263243,42101,1224,3,5,0,0,0,0,1,2,2,1,6,0,"black",0,1,0,1,36,NA,17.5,1,5,0,0,"urban",0,1,1,0
6169360201,"bus_subway_trolley",616936,2,"Bus / trolleybus",1224,402,40.41,40.854,0.444,2,1,1,1,4,1,NA,14,5,1.17,309.7577662,264.7502276,3,2,5,2,1,2,2,4,NA,NA,NA,NA,NA,NA,NA,3,4,NA,875.5263243,42101,1224,3,5,0,0,0,0,1,2,2,1,5,0,"black",0,0,0,0,4,NA,17.5,1,5,0,0,"urban",0,1,1,0
6169360202,"bus_subway_trolley",616936,2,"Bus / trolleybus",402,74,17.258,18.29,1.031,2,1,2,4,4,4,NA,14,5,1.17,309.7577662,264.7502276,3,2,5,2,1,2,2,4,NA,NA,NA,NA,NA,NA,NA,3,4,NA,875.5263243,42101,1224,3,5,0,0,0,0,1,2,2,1,5,0,"black",0,0,0,0,4,NA,17.5,1,5,0,0,"urban",0,1,1,0
6169360203,"bus_subway_trolley",616936,2,"Bus / trolleybus",74,1224,28.121,26.5,-1.621,2,1,3,4,1,8,NA,14,5,1.17,309.7577662,264.7502276,3,2,5,2,1,2,2,4,NA,NA,NA,NA,NA,NA,NA,3,4,NA,875.5263243,42101,1224,3,5,0,0,0,0,1,2,2,1,5,0,"black",0,0,0,0,4,NA,17.5,1,5,0,0,"urban",0,1,1,0
6169360401,"bus_subway_trolley",616936,4,"Bus / trolleybus",1224,1038,24.742,26.4,1.658,2,1,1,1,3,1,NA,14,5,1.17,315.2469584,269.4418448,2,2,2,2,1,NA,NA,NA,NA,NA,NA,NA,NA,NA,NA,1,NA,NA,875.5263243,42101,1224,3,5,0,0,0,0,1,2,2,1,2,0,"black",0,NA,NA,1,NA,NA,17.5,1,5,0,0,"urban",0,1,1,0
6169360402,"bus_subway_trolley",616936,4,"Bus / trolleybus",1038,1224,29.792,36.567,6.775,2,1,2,3,1,3,NA,14,5,1.17,315.2469584,269.4418448,2,2,2,2,1,NA,NA,NA,NA,NA,NA,NA,NA,NA,NA,1,NA,NA,875.5263243,42101,1224,3,5,0,0,0,0,1,2,2,1,2,0,"black",0,NA,NA,1,NA,NA,17.5,1,5,0,0,"urban",0,1,1,0
6169360501,"bus_subway_trolley",616936,5,"Bus / trolleybus",1224,1038,24.742,26.4,1.658,2,1,1,1,3,1,NA,14,5,1.17,235.8359096,201.5691535,2,1,2,2,1,NA,NA,NA,NA,NA,NA,NA,NA,NA,NA,1,NA,NA,875.5263243,42101,1224,3,5,0,0,0,0,1,2,2,0,2,0,"black",0,NA,NA,1,NA,NA,17.5,1,5,0,0,"urban",0,1,1,0
6169360502,"bus_subway_trolley",616936,5,"Bus / trolleybus",1038,1224,29.792,36.567,6.775,2,1,2,3,1,3,NA,14,5,1.17,235.8359096,201.5691535,2,1,2,2,1,NA,NA,NA,NA,NA,NA,NA,NA,NA,NA,1,NA,NA,875.5263243,42101,1224,3,5,0,0,0,0,1,2,2,0,2,0,"black",0,NA,NA,1,NA,NA,17.5,1,5,0,0,"urban",0,1,1,0
6174680102,"bus_subway_trolley",617468,1,"Subway / El",108,32,32.925,30.267,-2.658,2,1,2,4,4,11,NA,21,5,1.12,179.2576705,160.0514915,5,2,8,1,6,1,1,NA,1,40,25,4,4,2,1,3,6,NA,427.3978623,42101,2430,4,1,1,1,1,0,2,5,7,1,8,0,"white",1,1,1,0,6,1,125,0,1,1,1,"suburban",0,1,0,1
6174680103,"bus_subway_trolley",617468,1,"Subway / El",32,77,33.417,33.117,-0.3,2,1,3,4,4,14,NA,21,5,1.12,179.2576705,160.0514915,5,2,8,1,6,1,1,NA,1,40,25,4,4,2,1,3,6,NA,427.3978623,42101,2430,4,1,1,1,1,0,2,5,7,1,8,0,"white",1,1,1,0,6,1,125,0,1,1,1,"suburban",0,1,0,1
6174680104,"bus_subway_trolley",617468,1,"Bus / trolleybus",77,67,13.967,16.219,2.252,2,1,4,4,4,8,NA,14,5,1.12,179.2576705,160.0514915,5,2,8,1,6,1,1,NA,1,40,25,4,4,2,1,3,6,NA,427.3978623,42101,2430,4,1,1,1,1,0,2,5,7,1,8,0,"white",1,1,1,0,6,1,125,0,1,1,1,"suburban",0,1,0,1
6178970101,"bus_subway_trolley",617897,1,"Bus / trolleybus",819,90,25.606,27.042,1.435,2,1,1,1,4,1,NA,14,5,1.17,123.8173483,105.8267934,6,2,10,1,6,1,1,NA,1,6,19,NA,NA,NA,NA,3,32,NA,324.4698324,42101,819,3,1,1,0,0,1,1,2,2,1,10,1,"white",1,1,1,0,32,NA,17.5,1,1,1,0,"urban",0,1,1,0
6178970102,"bus_subway_trolley",617897,1,"Bus / trolleybus",90,1034,18.621,19.212,0.592,2,1,2,4,4,11,NA,14,5,1.17,123.8173483,105.8267934,6,2,10,1,6,1,1,NA,1,6,19,NA,NA,NA,NA,3,32,NA,324.4698324,42101,819,3,1,1,0,0,1,1,2,2,1,10,1,"white",1,1,1,0,32,NA,17.5,1,1,1,0,"urban",0,1,1,0
6178970103,"bus_subway_trolley",617897,1,"Bus / trolleybus",1034,1037,18.948,22.942,3.994,2,1,3,4,4,6,NA,14,5,1.17,123.8173483,105.8267934,6,2,10,1,6,1,1,NA,1,6,19,NA,NA,NA,NA,3,32,NA,324.4698324,42101,819,3,1,1,0,0,1,1,2,2,1,10,1,"white",1,1,1,0,32,NA,17.5,1,1,1,0,"urban",0,1,1,0
6178970104,"bus_subway_trolley",617897,1,"Bus / trolleybus",1037,819,34.281,38.892,4.61,2,1,4,4,1,12,NA,14,5,1.17,123.8173483,105.8267934,6,2,10,1,6,1,1,NA,1,6,19,NA,NA,NA,NA,3,32,NA,324.4698324,42101,819,3,1,1,0,0,1,1,2,2,1,10,1,"white",1,1,1,0,32,NA,17.5,1,1,1,0,"urban",0,1,1,0
6178970105,"bus_subway_trolley",617897,1,"Bus / trolleybus",819,51,31.654,33.973,2.319,2,2,5,1,4,1,NA,14,5,1.17,123.8173483,105.8267934,6,2,10,1,6,1,1,NA,1,6,19,NA,NA,NA,NA,3,32,NA,324.4698324,42101,819,3,1,1,0,0,1,1,2,2,1,10,1,"white",1,1,1,0,32,NA,17.5,1,1,1,0,"urban",0,1,1,0
6193690201,"bus_subway_trolley",619369,2,"Bus / trolleybus",142,25,30.602,29.681,-0.921,1,1,1,1,2,1,NA,14,5,1.17,121.0054871,103.4234932,2,2,9,1,4,1,1,NA,1,55,11,4,0,8,2,3,12,NA,154.9537292,42101,142,3,2,2,0,0,3,1,1,5,1,9,0,"white",0,1,1,0,12,0,62.5,0,2,2,0,"urban",1,1,1,0
6193690202,"bus_subway_trolley",619369,2,"Bus / trolleybus",25,142,32.84,34.979,2.14,1,1,2,2,1,5,NA,14,5,1.17,121.0054871,103.4234932,2,2,9,1,4,1,1,NA,1,55,11,4,0,8,2,3,12,NA,154.9537292,42101,142,3,2,2,0,0,3,1,1,5,1,9,0,"white",0,1,1,0,12,0,62.5,0,2,2,0,"urban",1,1,1,0
6196050102,"bus_subway_trolley",619605,1,"Bus / trolleybus",1015,76,17.462,21.417,3.954,2,1,2,4,4,19,NA,14,5,1.17,121.3805042,103.7440207,10,2,9,1,5,1,2,4,NA,NA,NA,NA,NA,NA,NA,3,4,NA,228.4384878,42101,1021,3,1,0,0,0,0,1,2,2,1,9,0,"white",1,1,0,0,4,NA,17.5,1,1,0,0,"urban",0,1,1,0
6196050109,"bus_subway_trolley",619605,1,"Bus / trolleybus",85,1015,21.125,24.2,3.075,2,1,9,4,4,19,NA,14,5,1.17,121.3805042,103.7440207,10,2,9,1,5,1,2,4,NA,NA,NA,NA,NA,NA,NA,3,4,NA,228.4384878,42101,1021,3,1,0,0,0,0,1,2,2,1,9,0,"white",1,1,0,0,4,NA,17.5,1,1,0,0,"urban",0,1,1,0
6207100302,"bus_subway_trolley",620710,3,"Bus / trolleybus",5019,5050,40.54,46.915,6.375,1,1,2,4,3,19,NA,14,5,1.17,126.3952558,108.0301332,5,2,5,1,3,2,1,NA,1,4,41,9,0,9,8,1,10,NA,353.5127695,42045,5011,4,3,3,2,2,0,1,2,3,1,5,0,"white",0,0,1,1,10,NA,30,1,3,3,2,"suburban",1,1,0,0.666666666666667
6207100304,"bus_subway_trolley",620710,3,"Subway / El",5050,5027,71.3,83.017,11.717,1,1,4,4,2,19,NA,21,5,1.17,126.3952558,108.0301332,5,2,5,1,3,2,1,NA,1,4,41,9,0,9,8,1,10,NA,353.5127695,42045,5011,4,3,3,2,2,0,1,2,3,1,5,0,"white",0,0,1,1,10,NA,30,1,3,3,2,"suburban",1,1,0,0.666666666666667
6213260104,"bus_subway_trolley",621326,1,"Subway / El",69,125,10.2,11.7,1.5,1,1,4,4,4,19,NA,21,5,1.17,634.5175975,542.3227329,10,2,9,1,99,1,1,NA,1,40,43,3,0,8,2,3,10,NA,904.6274917,34005,20071,4,1,1,1,1,0,2,4,3,1,9,0,"white",NA,1,1,0,10,0,30,1,1,1,1,"suburban",1,1,0,1
6213260107,"bus_subway_trolley",621326,1,"Subway / El",125,69,18.029,11.95,-6.079,1,1,7,4,4,19,NA,21,5,1.17,634.5175975,542.3227329,10,2,9,1,99,1,1,NA,1,40,43,3,0,8,2,3,10,NA,904.6274917,34005,20071,4,1,1,1,1,0,2,4,3,1,9,0,"white",NA,1,1,0,10,0,30,1,1,1,1,"suburban",1,1,0,1
6214670101,"bus_subway_trolley",621467,1,"Subway / El",81,1214,21.423,24.046,2.623,3,1,1,4,1,3,NA,21,5,1.17,270.3321906,231.0531544,1,2,8,2,1,2,2,2,NA,NA,NA,NA,NA,NA,NA,3,0,NA,668.6753665,42101,1214,3,4,0,0,0,0,2,2,1,1,8,0,"black",0,0,0,0,0,NA,5,1,4,0,0,"urban",0,0,1,0
6214670401,"bus_subway_trolley",621467,4,"Subway / El",109,1214,25.173,27.171,1.998,3,1,1,4,1,3,NA,21,5,1.17,263.8893246,225.5464313,1,2,1,2,1,NA,NA,NA,NA,NA,NA,NA,NA,NA,NA,3,NA,NA,668.6753665,42101,1214,3,4,0,0,0,0,2,2,1,1,1,0,"black",0,NA,NA,0,NA,NA,5,1,4,0,0,"urban",0,0,1,0
6220400101,"bus_subway_trolley",622040,1,"Bus / trolleybus",105,17,20.669,20.217,-0.452,2,1,1,1,4,1,NA,14,5,1.17,113.4580521,96.97269408,2,1,9,1,5,2,2,2,NA,NA,NA,NA,NA,NA,NA,3,2,NA,317.9730521,42101,105,1,1,0,0,0,0,2,1,1,0,9,0,"white",1,0,0,0,2,NA,5,1,1,0,0,"cbd",0,1,1,0
6244290101,"bus_subway_trolley",624429,1,"Subway / El",2206,1814,71.238,70.173,-1.065,1,1,1,1,2,1,NA,21,5,1.17,487.7900155,416.9145432,2,2,8,97,2,2,1,NA,1,998,35,4,0,2,2,3,998,NA,581.2780632,42101,2206,3,2,2,1,1,0,2,3,1,1,8,0,"other",0,0,1,0,NA,0,5,1,2,2,1,"urban",1,1,0,0.5
6244290102,"bus_subway_trolley",624429,1,"Subway / El",1814,2206,52.242,60.669,8.427,1,1,2,2,1,5,NA,21,5,1.17,487.7900155,416.9145432,2,2,8,97,2,2,1,NA,1,998,35,4,0,2,2,3,998,NA,581.2780632,42101,2206,3,2,2,1,1,0,2,3,1,1,8,0,"other",0,0,1,0,NA,0,5,1,2,2,1,"urban",1,1,0,0.5
6244290201,"bus_subway_trolley",624429,2,"Bus / trolleybus",2206,1223,20.5,21.75,1.25,1,1,1,1,2,1,NA,14,5,1.17,487.7900155,416.9145432,2,2,8,97,1,2,1,NA,1,30,35,4,0,2,2,3,10,NA,581.2780632,42101,2206,3,2,2,1,1,0,2,3,1,1,8,0,"other",0,0,1,0,10,0,5,1,2,2,1,"urban",1,1,0,0.5
6244290202,"bus_subway_trolley",624429,2,"Bus / trolleybus",1223,2206,19.531,19.042,-0.49,1,1,2,2,1,5,NA,14,5,1.17,487.7900155,416.9145432,2,2,8,97,1,2,1,NA,1,30,35,4,0,2,2,3,10,NA,581.2780632,42101,2206,3,2,2,1,1,0,2,3,1,1,8,0,"other",0,0,1,0,10,0,5,1,2,2,1,"urban",1,1,0,0.5
6247010101,"bus_subway_trolley",624701,1,"Bus / trolleybus",8208,10601,52.633,52.633,0,2,1,1,1,4,14,NA,14,5,1.13,289.2475564,255.9712888,4,1,6,1,3,2,2,6,NA,NA,NA,NA,NA,NA,NA,1,4,NA,441.8342901,42029,8208,3,3,1,1,1,2,2,3,99,0,6,0,"white",0,0,0,1,4,NA,NA,NA,3,1,1,"urban",0,1,0,0.333333333333333
6247010102,"bus_subway_trolley",624701,1,"Bus / trolleybus",10601,8208,53.533,53.533,0,2,1,2,4,1,14,NA,14,5,1.13,289.2475564,255.9712888,4,1,6,1,3,2,2,6,NA,NA,NA,NA,NA,NA,NA,1,4,NA,441.8342901,42029,8208,3,3,1,1,1,2,2,3,99,0,6,0,"white",0,0,0,1,4,NA,NA,NA,3,1,1,"urban",0,1,0,0.333333333333333
6247010301,"bus_subway_trolley",624701,3,"Bus / trolleybus",8208,10601,52.633,52.633,0,2,1,1,1,4,1,NA,14,5,1.13,91.89872633,81.32630649,4,1,1,1,1,NA,NA,NA,NA,NA,NA,NA,NA,NA,NA,3,NA,NA,441.8342901,42029,8208,3,3,1,1,1,2,2,3,99,0,1,0,"white",0,NA,NA,0,NA,NA,NA,NA,3,1,1,"urban",0,1,0,0.333333333333333
6247010302,"bus_subway_trolley",624701,3,"Bus / trolleybus",10601,8208,53.533,53.533,0,2,1,2,4,1,14,NA,14,5,1.13,91.89872633,81.32630649,4,1,1,1,1,NA,NA,NA,NA,NA,NA,NA,NA,NA,NA,3,NA,NA,441.8342901,42029,8208,3,3,1,1,1,2,2,3,99,0,1,0,"white",0,NA,NA,0,NA,NA,NA,NA,3,1,1,"urban",0,1,0,0.333333333333333
6255070102,"bus_subway_trolley",625507,1,"Subway / El",74,2636,48.337,50.719,2.381,2,1,2,4,1,19,NA,21,5,1.17,2788.530009,2383.358982,4,2,8,2,5,1,2,3,NA,NA,NA,NA,NA,NA,NA,3,8,NA,374.3540339,42101,2636,3,2,0,2,2,0,1,1,1,1,8,0,"black",1,1,0,0,8,NA,5,1,2,0,2,"urban",0,1,0,1
6260000302,"bus_subway_trolley",626000,3,"Trolley / light rail",4440,4459,22.575,24.552,1.977,1,1,2,4,4,19,NA,23,5,1.17,348.49416,297.8582564,5,2,5,1,3,2,1,NA,1,10,27,9,0,9,8,1,10,NA,440.0571624,42045,4423,3,4,3,1,1,0,2,1,5,1,5,0,"white",0,0,1,1,10,NA,62.5,0,4,3,1,"urban",1,1,0,0.25
6260000303,"bus_subway_trolley",626000,3,"Subway / El",4459,72,34.9,36.4,1.5,1,1,3,4,4,19,NA,21,5,1.17,348.49416,297.8582564,5,2,5,1,3,2,1,NA,1,10,27,9,0,9,8,1,10,NA,440.0571624,42045,4423,3,4,3,1,1,0,2,1,5,1,5,0,"white",0,0,1,1,10,NA,62.5,0,4,3,1,"urban",1,1,0,0.25
6264470103,"bus_subway_trolley",626447,1,"Subway / El",417,417,18.938,18.938,0,2,2,3,1,1,1,NA,21,5,1.17,234.2399772,200.2051087,3,2,11,2,3,2,2,1,NA,NA,NA,NA,NA,NA,NA,3,6,NA,341.9414497,42101,417,3,3,0,0,0,0,2,2,1,1,11,1,"black",0,0,0,0,6,NA,5,1,3,0,0,"urban",0,1,1,0
6264470202,"bus_subway_trolley",626447,2,"Bus / trolleybus",415,417,20.7,21.846,1.146,2,1,2,4,1,13,NA,14,5,1.17,213.6226069,182.5834247,4,2,9,2,2,1,2,4,NA,NA,NA,NA,NA,NA,NA,3,1,NA,341.9414497,42101,417,3,3,0,0,0,0,2,2,1,1,9,0,"black",0,1,0,0,1,NA,5,1,3,0,0,"urban",0,1,1,0
6264470203,"bus_subway_trolley",626447,2,"Bus / trolleybus",417,409,22.077,24.288,2.21,2,2,3,1,4,8,NA,14,5,1.17,213.6226069,182.5834247,4,2,9,2,2,1,2,4,NA,NA,NA,NA,NA,NA,NA,3,1,NA,341.9414497,42101,417,3,3,0,0,0,0,2,2,1,1,9,0,"black",0,1,0,0,1,NA,5,1,3,0,0,"urban",0,1,1,0
6264470204,"bus_subway_trolley",626447,2,"Bus / trolleybus",409,417,15.946,19.613,3.667,2,2,4,4,1,8,NA,14,5,1.17,213.6226069,182.5834247,4,2,9,2,2,1,2,4,NA,NA,NA,NA,NA,NA,NA,3,1,NA,341.9414497,42101,417,3,3,0,0,0,0,2,2,1,1,9,0,"black",0,1,0,0,1,NA,5,1,3,0,0,"urban",0,1,1,0
6277200201,"bus_subway_trolley",627720,2,"Bus / trolleybus",415,411,16.117,19.117,3,3,1,1,4,4,96,NA,14,5,1.17,306.4133463,261.8917489,4,1,3,99,1,NA,NA,NA,NA,NA,NA,NA,NA,NA,NA,1,0,NA,689.9618182,42101,421,3,2,1,1,1,0,2,2,2,0,3,0,NA,0,NA,NA,1,0,NA,17.5,1,2,1,1,"urban",0,0,0,0.5
6277200202,"bus_subway_trolley",627720,2,"Bus / trolleybus",411,88,28.406,27.896,-0.51,3,1,2,4,4,11,NA,14,5,1.17,306.4133463,261.8917489,4,1,3,99,1,NA,NA,NA,NA,NA,NA,NA,NA,NA,NA,1,0,NA,689.9618182,42101,421,3,2,1,1,1,0,2,2,2,0,3,0,NA,0,NA,NA,1,0,NA,17.5,1,2,1,1,"urban",0,0,0,0.5
6277200203,"bus_subway_trolley",627720,2,"Bus / trolleybus",88,74,10.927,12.108,1.181,3,1,3,4,4,6,NA,14,5,1.17,306.4133463,261.8917489,4,1,3,99,1,NA,NA,NA,NA,NA,NA,NA,NA,NA,NA,1,0,NA,689.9618182,42101,421,3,2,1,1,1,0,2,2,2,0,3,0,NA,0,NA,NA,1,0,NA,17.5,1,2,1,1,"urban",0,0,0,0.5
6277200204,"bus_subway_trolley",627720,2,"Bus / trolleybus",74,421,33.19,34.81,1.621,3,1,4,4,1,14,NA,14,5,1.17,306.4133463,261.8917489,4,1,3,99,1,NA,NA,NA,NA,NA,NA,NA,NA,NA,NA,1,0,NA,689.9618182,42101,421,3,2,1,1,1,0,2,2,2,0,3,0,NA,0,NA,NA,1,0,NA,17.5,1,2,1,1,"urban",0,0,0,0.5
6277780201,"bus_subway_trolley",627778,2,"Bus / trolleybus",5020,80,54.9,56.4,1.5,1,1,1,1,2,1,NA,14,5,1.15,127.8146661,111.1431879,2,1,7,1,6,1,1,NA,1,50,23,3,0,2,2,3,10,NA,149.2600636,42045,5020,3,3,1,2,2,1,2,1,9,0,7,0,"white",1,1,1,0,10,0,225,0,3,1,2,"urban",1,1,0,0.666666666666667
6277780202,"bus_subway_trolley",627778,2,"Bus / trolleybus",80,5020,55.067,57.567,2.5,1,1,2,2,1,5,NA,14,5,1.15,127.8146661,111.1431879,2,1,7,1,6,1,1,NA,1,50,23,3,0,2,2,3,10,NA,149.2600636,42045,5020,3,3,1,2,2,1,2,1,9,0,7,0,"white",1,1,1,0,10,0,225,0,3,1,2,"urban",1,1,0,0.666666666666667
6288980102,"bus_subway_trolley",628898,1,"Bus / trolleybus",814,139,42.129,41.273,-0.856,3,1,2,4,1,8,NA,14,5,1.17,112.8164274,96.42429689,2,1,11,1,2,1,2,1,NA,NA,NA,NA,NA,NA,NA,3,0,NA,264.8909442,42101,139,3,1,0,0,0,0,2,5,2,0,11,1,"white",0,1,0,0,0,NA,17.5,1,1,0,0,"urban",0,0,1,0
6289970101,"bus_subway_trolley",628997,1,"Bus / trolleybus",1410,116,37.748,38.731,0.983,2,1,1,1,4,1,NA,14,5,1.17,323.4067178,276.4159982,6,2,8,2,3,2,2,4,NA,NA,NA,NA,NA,NA,NA,3,5,NA,339.1140079,42101,1410,3,2,0,0,0,0,2,2,2,1,8,0,"black",0,0,0,0,5,NA,17.5,1,2,0,0,"urban",0,1,1,0
6289970102,"bus_subway_trolley",628997,1,"Bus / trolleybus",116,814,34.954,36.669,1.715,2,1,2,4,4,6,NA,14,5,1.17,323.4067178,276.4159982,6,2,8,2,3,2,2,4,NA,NA,NA,NA,NA,NA,NA,3,5,NA,339.1140079,42101,1410,3,2,0,0,0,0,2,2,2,1,8,0,"black",0,0,0,0,5,NA,17.5,1,2,0,0,"urban",0,1,1,0
6289970103,"bus_subway_trolley",628997,1,"Bus / trolleybus",814,1410,61.546,68.258,6.713,2,1,3,4,1,8,NA,14,5,1.17,323.4067178,276.4159982,6,2,8,2,3,2,2,4,NA,NA,NA,NA,NA,NA,NA,3,5,NA,339.1140079,42101,1410,3,2,0,0,0,0,2,2,2,1,8,0,"black",0,0,0,0,5,NA,17.5,1,2,0,0,"urban",0,1,1,0
6289970105,"bus_subway_trolley",628997,1,"Bus / trolleybus",847,841,24.631,30.675,6.044,2,2,5,4,4,96,NA,14,5,1.17,323.4067178,276.4159982,6,2,8,2,3,2,2,4,NA,NA,NA,NA,NA,NA,NA,3,5,NA,339.1140079,42101,1410,3,2,0,0,0,0,2,2,2,1,8,0,"black",0,0,0,0,5,NA,17.5,1,2,0,0,"urban",0,1,1,0
6289970106,"bus_subway_trolley",628997,1,"Bus / trolleybus",841,1410,67.577,64.433,-3.144,2,2,6,4,1,13,NA,14,5,1.17,323.4067178,276.4159982,6,2,8,2,3,2,2,4,NA,NA,NA,NA,NA,NA,NA,3,5,NA,339.1140079,42101,1410,3,2,0,0,0,0,2,2,2,1,8,0,"black",0,0,0,0,5,NA,17.5,1,2,0,0,"urban",0,1,1,0
6289970202,"bus_subway_trolley",628997,2,"Bus / trolleybus",1416,411,32.421,35.65,3.229,2,1,2,4,4,9,NA,14,5,1.17,354.0820776,302.6342543,4,1,8,2,4,2,2,2,NA,NA,NA,NA,NA,NA,NA,3,0,NA,339.1140079,42101,1410,3,2,0,0,0,0,2,2,2,0,8,0,"black",0,0,0,0,0,NA,17.5,1,2,0,0,"urban",0,1,1,0
6289970203,"bus_subway_trolley",628997,2,"Bus / trolleybus",411,1408,22.712,26.462,3.75,2,1,3,4,4,15,NA,14,5,1.17,354.0820776,302.6342543,4,1,8,2,4,2,2,2,NA,NA,NA,NA,NA,NA,NA,3,0,NA,339.1140079,42101,1410,3,2,0,0,0,0,2,2,2,0,8,0,"black",0,0,0,0,0,NA,17.5,1,2,0,0,"urban",0,1,1,0
6291170101,"bus_subway_trolley",629117,1,"Bus / trolleybus",1602,133,47.121,49.135,2.015,1,1,1,1,2,1,NA,14,5,1.17,301.1175908,257.3654622,2,2,8,2,3,1,1,NA,1,45,25,4,0,2,8,3,30,NA,731.8138797,42101,1602,3,3,1,0,0,1,1,2,3,1,8,0,"black",0,1,1,0,30,NA,30,1,3,1,0,"urban",1,1,1,0
6291170102,"bus_subway_trolley",629117,1,"Bus / trolleybus",133,1602,56.267,60.731,4.465,1,1,2,2,1,5,NA,14,5,1.17,301.1175908,257.3654622,2,2,8,2,3,1,1,NA,1,45,25,4,0,2,8,3,30,NA,731.8138797,42101,1602,3,3,1,0,0,1,1,2,3,1,8,0,"black",0,1,1,0,30,NA,30,1,3,1,0,"urban",1,1,1,0
6291170201,"bus_subway_trolley",629117,2,"Bus / trolleybus",1602,3011,22.435,25.769,3.333,2,1,1,1,4,1,NA,14,5,1.17,293.7643054,251.0806029,2,1,8,2,2,1,2,4,NA,NA,NA,NA,NA,NA,NA,3,4,NA,731.8138797,42101,1602,3,3,1,0,0,1,1,2,3,0,8,0,"black",0,1,0,0,4,NA,30,1,3,1,0,"urban",0,1,1,0
6291170202,"bus_subway_trolley",629117,2,"Bus / trolleybus",3011,1602,24.35,27.383,3.033,2,1,2,4,1,6,NA,14,5,1.17,293.7643054,251.0806029,2,1,8,2,2,1,2,4,NA,NA,NA,NA,NA,NA,NA,3,4,NA,731.8138797,42101,1602,3,3,1,0,0,1,1,2,3,0,8,0,"black",0,1,0,0,4,NA,30,1,3,1,0,"urban",0,1,1,0
6291170302,"bus_subway_trolley",629117,3,"Bus / trolleybus",7021,1602,146.35,142.45,-3.9,3,1,2,3,3,14,NA,14,5,1.17,203.3062029,173.7659854,2,1,2,2,1,NA,NA,NA,NA,NA,NA,NA,NA,NA,NA,1,NA,NA,731.8138797,42101,1602,3,3,1,0,0,1,1,2,3,0,2,0,"black",0,NA,NA,1,NA,NA,30,1,3,1,0,"urban",0,0,1,0
6297650102,"bus_subway_trolley",629765,1,"Trolley / light rail",1036,119,28.348,28.029,-0.319,3,1,2,2,4,5,NA,23,5,1.15,193.3567302,168.1362871,4,1,7,1,5,1,1,NA,1,40,13,6,0,1,1,3,2,NA,162.6578491,42101,138,3,5,1,2,2,2,2,2,10,0,7,0,"white",1,1,1,0,2,1,300,0,5,1,2,"urban",0,0,0,0.4
6308550102,"bus_subway_trolley",630855,1,"Subway / El",804,69,30.042,35.288,5.246,1,1,2,4,4,19,NA,21,5,1.12,199.5212541,178.1439768,6,1,9,1,5,1,1,NA,1,40,21,4,0,2,2,3,10,NA,337.3101463,42101,805,3,4,3,2,1,3,2,2,7,0,9,0,"white",1,1,1,0,10,0,125,0,4,3,2,"urban",1,1,0,0.5
6308550105,"bus_subway_trolley",630855,1,"Subway / El",69,804,29.483,32.523,3.04,1,1,5,4,4,19,NA,21,5,1.12,199.5212541,178.1439768,6,1,9,1,5,1,1,NA,1,40,21,4,0,2,2,3,10,NA,337.3101463,42101,805,3,4,3,2,1,3,2,2,7,0,9,0,"white",1,1,1,0,10,0,125,0,4,3,2,"urban",1,1,0,0.5
6313810101,"bus_subway_trolley",631381,1,"Bus / trolleybus",2018,1415,56.031,56.302,0.271,1,1,1,1,2,96,NA,14,5,1.17,206.1144679,176.1662119,4,2,9,2,3,1,1,NA,1,24,31,4,0,8,8,3,6,NA,324.4698324,42101,2018,3,1,1,0,0,0,1,2,2,1,9,0,"black",0,1,1,0,6,NA,17.5,1,1,1,0,"urban",1,1,1,0
6345130202,"bus_subway_trolley",634513,2,"Subway / El",135,3212,49.465,48.746,-0.719,1,1,2,2,4,2,NA,21,5,1.12,104.5080194,93.31073162,3,2,9,1,6,1,1,NA,1,30,25,4,0,2,2,3,8,NA,172.1824722,42101,3208,3,2,2,0,0,2,2,1,7,1,9,0,"white",1,1,1,0,8,0,125,0,2,2,0,"urban",1,1,1,0
6347230106,"bus_subway_trolley",634723,1,"Bus / trolleybus",1409,78,42.096,44.683,2.587,2,3,6,1,4,1,NA,14,5,1.17,323.4067178,276.4159982,10,2,8,2,3,2,1,NA,1,20,33,6,0,8,2,3,14,NA,725.7333101,42101,1409,3,2,1,0,0,1,2,2,2,1,8,0,"black",0,0,1,0,14,0,17.5,1,2,1,0,"urban",0,1,1,0
6347230107,"bus_subway_trolley",634723,1,"Bus / trolleybus",78,88,13.277,14.021,0.744,2,3,7,4,4,8,NA,14,5,1.17,323.4067178,276.4159982,10,2,8,2,3,2,1,NA,1,20,33,6,0,8,2,3,14,NA,725.7333101,42101,1409,3,2,1,0,0,1,2,2,2,1,8,0,"black",0,0,1,0,14,0,17.5,1,2,1,0,"urban",0,1,1,0
6347230108,"bus_subway_trolley",634723,1,"Bus / trolleybus",88,11,18.333,21.369,3.035,2,3,8,4,4,8,NA,14,5,1.17,323.4067178,276.4159982,10,2,8,2,3,2,1,NA,1,20,33,6,0,8,2,3,14,NA,725.7333101,42101,1409,3,2,1,0,0,1,2,2,2,1,8,0,"black",0,0,1,0,14,0,17.5,1,2,1,0,"urban",0,1,1,0
6347230109,"bus_subway_trolley",634723,1,"Bus / trolleybus",11,89,19.848,21.167,1.319,2,3,9,4,4,8,NA,14,5,1.17,323.4067178,276.4159982,10,2,8,2,3,2,1,NA,1,20,33,6,0,8,2,3,14,NA,725.7333101,42101,1409,3,2,1,0,0,1,2,2,2,1,8,0,"black",0,0,1,0,14,0,17.5,1,2,1,0,"urban",0,1,1,0
6347230110,"bus_subway_trolley",634723,1,"Bus / trolleybus",89,1409,36.673,39.242,2.569,2,3,10,4,1,8,NA,14,5,1.17,323.4067178,276.4159982,10,2,8,2,3,2,1,NA,1,20,33,6,0,8,2,3,14,NA,725.7333101,42101,1409,3,2,1,0,0,1,2,2,2,1,8,0,"black",0,0,1,0,14,0,17.5,1,2,1,0,"urban",0,1,1,0
6350840101,"bus_subway_trolley",635084,1,"Bus / trolleybus",2632,2615,23.623,24.431,0.808,2,1,1,1,4,1,NA,14,5,1.17,260.165839,222.363965,4,1,9,2,4,2,2,2,NA,NA,NA,NA,NA,NA,NA,3,2,NA,145.6916999,42101,2632,3,2,0,1,1,0,2,1,5,0,9,0,"black",0,0,0,0,2,NA,62.5,0,2,0,1,"urban",0,1,0,0.5
6350840102,"bus_subway_trolley",635084,1,"Subway / El",2615,90,39.908,51.367,11.458,2,1,2,4,4,16,NA,21,5,1.17,260.165839,222.363965,4,1,9,2,4,2,2,2,NA,NA,NA,NA,NA,NA,NA,3,2,NA,145.6916999,42101,2632,3,2,0,1,1,0,2,1,5,0,9,0,"black",0,0,0,0,2,NA,62.5,0,2,0,1,"urban",0,1,0,0.5
6350840103,"bus_subway_trolley",635084,1,"Subway / El",90,12238,71.598,72.773,1.175,2,1,3,4,4,11,NA,21,5,1.17,260.165839,222.363965,4,1,9,2,4,2,2,2,NA,NA,NA,NA,NA,NA,NA,3,2,NA,145.6916999,42101,2632,3,2,0,1,1,0,2,1,5,0,9,0,"black",0,0,0,0,2,NA,62.5,0,2,0,1,"urban",0,1,0,0.5
6350840104,"bus_subway_trolley",635084,1,"Bus / trolleybus",12238,2632,36.852,35.987,-0.865,2,1,4,4,1,10,NA,14,5,1.17,260.165839,222.363965,4,1,9,2,4,2,2,2,NA,NA,NA,NA,NA,NA,NA,3,2,NA,145.6916999,42101,2632,3,2,0,1,1,0,2,1,5,0,9,0,"black",0,0,0,0,2,NA,62.5,0,2,0,1,"urban",0,1,0,0.5
6370220102,"bus_subway_trolley",637022,1,"Bus / trolleybus",1015,1040,21.05,20.55,-0.5,3,1,2,4,4,96,NA,14,5,1.17,402.1206956,343.6929022,5,1,5,1,5,1,1,NA,1,60,25,5,0,8,8,1,0,NA,481.5547229,42101,1023,3,1,1,1,1,1,2,3,3,0,5,0,"white",1,1,1,1,0,NA,30,1,1,1,1,"urban",0,0,0,1
6371070102,"bus_subway_trolley",637107,1,"Subway / El",5019,4459,47.429,49.158,1.729,1,1,2,4,4,19,NA,21,5,1.15,166.9581863,145.1810316,8,1,6,1,3,2,1,NA,1,45,15,4,0,2,2,3,18,NA,194.1500616,42045,5010,4,2,2,1,1,2,1,2,8,0,6,0,"white",0,0,1,0,18,0,175,0,2,2,1,"suburban",1,1,0,0.5
6371070103,"bus_subway_trolley",637107,1,"Subway / El",4459,92,36.6,39.85,3.25,1,1,3,4,4,19,NA,21,5,1.15,166.9581863,145.1810316,8,1,6,1,3,2,1,NA,1,45,15,4,0,2,2,3,18,NA,194.1500616,42045,5010,4,2,2,1,1,2,1,2,8,0,6,0,"white",0,0,1,0,18,0,175,0,2,2,1,"suburban",1,1,0,0.5
6371070106,"bus_subway_trolley",637107,1,"Subway / El",92,4459,36.285,39.763,3.477,1,1,6,4,4,19,NA,21,5,1.15,166.9581863,145.1810316,8,1,6,1,3,2,1,NA,1,45,15,4,0,2,2,3,18,NA,194.1500616,42045,5010,4,2,2,1,1,2,1,2,8,0,6,0,"white",0,0,1,0,18,0,175,0,2,2,1,"suburban",1,1,0,0.5
6371070107,"bus_subway_trolley",637107,1,"Subway / El",4459,5017,38.05,35.55,-2.5,1,1,7,4,4,19,NA,21,5,1.15,166.9581863,145.1810316,8,1,6,1,3,2,1,NA,1,45,15,4,0,2,2,3,18,NA,194.1500616,42045,5010,4,2,2,1,1,2,1,2,8,0,6,0,"white",0,0,1,0,18,0,175,0,2,2,1,"suburban",1,1,0,0.5
6372400104,"bus_subway_trolley",637240,1,"Bus / trolleybus",1021,1031,23.25,26.692,3.442,1,2,4,2,4,5,NA,14,5,1.17,129.5247714,110.7049328,7,2,9,1,5,2,1,NA,2,10,31,6,0,9,8,2,8,NA,543.8800878,42101,1023,3,1,1,0,0,1,2,3,1,1,9,0,"white",1,0,1,1,8,NA,5,1,1,1,0,"urban",1,1,1,0
6373320201,"bus_subway_trolley",637332,2,"Bus / trolleybus",2615,2810,29.017,31.267,2.25,3,1,1,2,1,5,NA,14,5,1.17,256.4840941,219.2171744,1,1,9,1,2,2,1,NA,1,40,53,4,0,2,2,3,10,NA,382.774372,42101,2810,3,2,2,1,1,2,2,2,3,0,9,0,"white",0,0,1,0,10,0,30,1,2,2,1,"urban",0,0,0,0.5
6376070201,"bus_subway_trolley",637607,2,"Subway / El",10004,93,NA,NA,NA,1,1,1,1,2,1,NA,21,5,1.12,160.7782412,143.5520011,2,1,8,1,6,1,1,NA,1,50,23,4,0,2,2,3,10,NA,179.2030341,42091,10004,4,3,1,2,1,3,2,1,6,0,8,0,"white",1,1,1,0,10,0,87.5,0,3,1,2,"suburban",1,1,0,0.666666666666667
6376070202,"bus_subway_trolley",637607,2,"Subway / El",93,10004,NA,NA,NA,1,1,2,2,1,5,NA,21,5,1.12,160.7782412,143.5520011,2,1,8,1,6,1,1,NA,1,50,23,4,0,2,2,3,10,NA,179.2030341,42091,10004,4,3,1,2,1,3,2,1,6,0,8,0,"white",1,1,1,0,10,0,87.5,0,3,1,2,"suburban",1,1,0,0.666666666666667
6381290201,"bus_subway_trolley",638129,2,"Bus / trolleybus",16210,16046,36.533,36.533,0,2,1,1,1,4,1,NA,14,5,1.13,104.9621908,92.88689455,2,1,8,1,2,2,2,4,NA,NA,NA,NA,NA,NA,NA,3,4,NA,75.52158317,42017,16210,4,2,1,3,3,1,2,1,99,0,8,0,"white",0,0,0,0,4,NA,NA,NA,2,1,3,"suburban",0,1,0,1.5
6381290202,"bus_subway_trolley",638129,2,"Bus / trolleybus",16046,16210,57.633,57.633,0,2,1,2,4,1,6,NA,14,5,1.13,104.9621908,92.88689455,2,1,8,1,2,2,2,4,NA,NA,NA,NA,NA,NA,NA,3,4,NA,75.52158317,42017,16210,4,2,1,3,3,1,2,1,99,0,8,0,"white",0,0,0,0,4,NA,NA,NA,2,1,3,"suburban",0,1,0,1.5
6381700101,"bus_subway_trolley",638170,1,"Bus / trolleybus",4226,4206,23.958,21.146,-2.812,3,1,1,1,4,1,NA,14,5,1.17,205.1644685,175.3542465,3,1,9,1,3,2,2,2,NA,NA,NA,NA,NA,NA,NA,3,10,NA,432.7450919,42045,4226,4,1,0,0,0,0,2,3,1,0,9,0,"white",0,0,0,0,10,NA,5,1,1,0,0,"suburban",0,0,1,0
6381700103,"bus_subway_trolley",638170,1,"Bus / trolleybus",4034,4219,57.6,58.867,1.267,3,1,3,4,4,16,NA,14,5,1.17,205.1644685,175.3542465,3,1,9,1,3,2,2,2,NA,NA,NA,NA,NA,NA,NA,3,10,NA,432.7450919,42045,4226,4,1,0,0,0,0,2,3,1,0,9,0,"white",0,0,0,0,10,NA,5,1,1,0,0,"suburban",0,0,1,0
6394850101,"bus_subway_trolley",639485,1,"Bus / trolleybus",4820,4826,57.05,60.254,3.204,1,1,1,1,4,1,NA,14,5,1.17,140.9782076,120.4941946,5,1,9,1,2,1,2,4,NA,NA,NA,NA,NA,NA,NA,3,0,NA,221.0071427,42045,4820,4,1,0,0,0,0,2,2,2,0,9,0,"white",0,1,0,0,0,NA,17.5,1,1,0,0,"suburban",1,1,1,0
6394850102,"bus_subway_trolley",639485,1,"Bus / trolleybus",4826,4820,80.567,65.192,-15.375,1,1,2,4,1,6,NA,14,5,1.17,140.9782076,120.4941946,5,1,9,1,2,1,2,4,NA,NA,NA,NA,NA,NA,NA,3,0,NA,221.0071427,42045,4820,4,1,0,0,0,0,2,2,2,0,9,0,"white",0,1,0,0,0,NA,17.5,1,1,0,0,"suburban",1,1,1,0
6423360201,"bus_subway_trolley",642336,2,"Bus / trolleybus",1021,101,27.69,27.571,-0.119,1,1,1,1,2,1,NA,14,5,1.15,110.0817117,95.72322758,2,2,9,1,6,1,1,NA,1,50,23,4,0,2,2,3,10,NA,51.89662555,42101,1021,3,2,2,1,1,0,1,2,9,1,9,0,"white",1,1,1,0,10,0,225,0,2,2,1,"urban",1,1,0,0.5
6443950102,"bus_subway_trolley",644395,1,"Bus / trolleybus",59,103,17.729,20.042,2.312,2,1,2,4,4,19,NA,14,5,1.17,105.9665587,90.56970828,6,1,10,1,5,1,2,1,NA,NA,NA,NA,NA,NA,NA,3,2,NA,248.0558183,42101,42,1,1,0,0,0,0,2,5,5,0,10,1,"white",1,1,0,0,2,NA,62.5,0,1,0,0,"cbd",0,1,1,0
6443950104,"bus_subway_trolley",644395,1,"Trolley / light rail",85,42,15.467,17.529,2.062,2,1,4,4,1,19,NA,23,5,1.17,105.9665587,90.56970828,6,1,10,1,5,1,2,1,NA,NA,NA,NA,NA,NA,NA,3,2,NA,248.0558183,42101,42,1,1,0,0,0,0,2,5,5,0,10,1,"white",1,1,0,0,2,NA,62.5,0,1,0,0,"cbd",0,1,1,0
6453710102,"bus_subway_trolley",645371,1,"Bus / trolleybus",422,2020,56.7,57.7,1,2,1,2,4,1,4,NA,14,5,1.17,270.3321906,231.0531544,2,2,7,2,2,2,2,2,NA,NA,NA,NA,NA,NA,NA,3,7,NA,627.6989751,42101,2020,3,7,3,0,0,2,2,2,1,1,7,0,"black",0,0,0,0,7,NA,5,1,7,3,0,"urban",0,1,1,0
6453710201,"bus_subway_trolley",645371,2,"Bus / trolleybus",2020,1235,45.875,47.958,2.083,2,1,1,1,4,9,NA,14,5,1.17,293.7643054,251.0806029,2,1,7,2,2,2,2,1,NA,NA,NA,NA,NA,NA,NA,3,2,NA,627.6989751,42101,2020,3,7,3,0,0,2,2,2,1,0,7,0,"black",0,0,0,0,2,NA,5,1,7,3,0,"urban",0,1,1,0
6453710202,"bus_subway_trolley",645371,2,"Bus / trolleybus",1235,2020,39.967,45.217,5.25,2,1,2,4,1,11,NA,14,5,1.17,293.7643054,251.0806029,2,1,7,2,2,2,2,1,NA,NA,NA,NA,NA,NA,NA,3,2,NA,627.6989751,42101,2020,3,7,3,0,0,2,2,2,1,0,7,0,"black",0,0,0,0,2,NA,5,1,7,3,0,"urban",0,1,1,0
6453710501,"bus_subway_trolley",645371,5,"Bus / trolleybus",2020,43,32.854,33.979,1.125,2,1,1,1,4,6,NA,14,5,1.17,259.70159,221.967171,2,2,5,2,2,1,1,NA,98,998,29,9,0,9,8,3,2,NA,627.6989751,42101,2020,3,7,3,0,0,2,2,2,1,1,5,0,"black",0,1,1,0,2,NA,5,1,7,3,0,"urban",0,1,1,0
6453710502,"bus_subway_trolley",645371,5,"Bus / trolleybus",43,2020,37.008,40.615,3.606,2,1,2,4,1,6,NA,14,5,1.17,259.70159,221.967171,2,2,5,2,2,1,1,NA,98,998,29,9,0,9,8,3,2,NA,627.6989751,42101,2020,3,7,3,0,0,2,2,2,1,1,5,0,"black",0,1,1,0,2,NA,5,1,7,3,0,"urban",0,1,1,0
6465820401,"bus_subway_trolley",646582,4,"Bus / trolleybus",1608,2628,40.631,43.725,3.094,2,1,1,1,3,1,NA,14,5,1.17,1923.819121,1644.289847,2,2,4,2,1,2,2,6,NA,NA,NA,NA,NA,NA,NA,1,12,NA,486.3747356,42101,1608,3,5,2,2,2,2,1,2,5,1,4,0,"black",0,0,0,1,12,NA,62.5,0,5,2,2,"urban",0,1,0,0.4
6465820402,"bus_subway_trolley",646582,4,"Bus / trolleybus",2628,1608,41.142,43.3,2.158,2,1,2,3,1,2,NA,14,5,1.17,1923.819121,1644.289847,2,2,4,2,1,2,2,6,NA,NA,NA,NA,NA,NA,NA,1,12,NA,486.3747356,42101,1608,3,5,2,2,2,2,1,2,5,1,4,0,"black",0,0,0,1,12,NA,62.5,0,5,2,2,"urban",0,1,0,0.4
6482360102,"bus_subway_trolley",648236,1,"Bus / trolleybus",847,85,22.504,26.26,3.756,2,1,2,4,4,19,NA,14,5,1.17,277.4316869,237.1210999,9,2,5,2,2,2,2,3,NA,NA,NA,NA,NA,NA,NA,3,997,NA,352.520661,42101,848,3,1,0,0,0,2,2,2,1,1,5,0,"black",0,0,0,0,50,NA,5,1,1,0,0,"urban",0,1,1,0
6482360103,"bus_subway_trolley",648236,1,"Bus / trolleybus",85,10212,63.717,85.717,22,2,1,3,4,4,19,NA,14,5,1.17,277.4316869,237.1210999,9,2,5,2,2,2,2,3,NA,NA,NA,NA,NA,NA,NA,3,997,NA,352.520661,42101,848,3,1,0,0,0,2,2,2,1,1,5,0,"black",0,0,0,0,50,NA,5,1,1,0,0,"urban",0,1,1,0
6482360105,"bus_subway_trolley",648236,1,"Bus / trolleybus",10215,4459,65.546,71.821,6.275,2,1,5,4,4,19,NA,14,5,1.17,277.4316869,237.1210999,9,2,5,2,2,2,2,3,NA,NA,NA,NA,NA,NA,NA,3,997,NA,352.520661,42101,848,3,1,0,0,0,2,2,2,1,1,5,0,"black",0,0,0,0,50,NA,5,1,1,0,0,"urban",0,1,1,0
6482360106,"bus_subway_trolley",648236,1,"Bus / trolleybus",4459,76,36.5,37.75,1.25,2,1,6,4,4,19,NA,14,5,1.17,277.4316869,237.1210999,9,2,5,2,2,2,2,3,NA,NA,NA,NA,NA,NA,NA,3,997,NA,352.520661,42101,848,3,1,0,0,0,2,2,2,1,1,5,0,"black",0,0,0,0,50,NA,5,1,1,0,0,"urban",0,1,1,0
6482360107,"bus_subway_trolley",648236,1,"Bus / trolleybus",76,3014,54.51,58.112,3.602,2,1,7,4,4,19,NA,14,5,1.17,277.4316869,237.1210999,9,2,5,2,2,2,2,3,NA,NA,NA,NA,NA,NA,NA,3,997,NA,352.520661,42101,848,3,1,0,0,0,2,2,2,1,1,5,0,"black",0,0,0,0,50,NA,5,1,1,0,0,"urban",0,1,1,0
6489220101,"bus_subway_trolley",648922,1,"Subway / El",1021,411,43.996,46.392,2.396,1,1,1,1,4,1,NA,21,5,1.12,140.0288573,125.0257654,3,2,9,1,6,1,2,6,NA,NA,NA,NA,NA,NA,NA,1,10,NA,140.0677812,42101,1021,3,2,1,1,1,0,2,2,7,1,9,0,"white",1,1,0,1,10,NA,125,0,2,1,1,"urban",1,1,0,0.5
6489220102,"bus_subway_trolley",648922,1,"Trolley / light rail",411,1024,40.39,40.729,0.34,1,1,2,4,4,11,NA,23,5,1.12,140.0288573,125.0257654,3,2,9,1,6,1,2,6,NA,NA,NA,NA,NA,NA,NA,1,10,NA,140.0677812,42101,1021,3,2,1,1,1,0,2,2,7,1,9,0,"white",1,1,0,1,10,NA,125,0,2,1,1,"urban",1,1,0,0.5
6514630102,"bus_subway_trolley",651463,1,"Subway / El",11835,92,86.617,88.117,1.5,1,1,2,4,4,19,NA,21,5,1.13,173.2406755,153.3103323,11,2,9,1,6,1,1,NA,2,40,13,4,0,1,1,3,6,NA,94.04081866,42101,2436,3,2,2,2,2,2,1,2,99,1,9,0,"white",1,1,1,0,6,1,NA,NA,2,2,2,"urban",1,1,0,1
6514630108,"bus_subway_trolley",651463,1,"Subway / El",118,118,8.044,8.517,0.473,1,1,8,2,2,19,NA,21,5,1.13,173.2406755,153.3103323,11,2,9,1,6,1,1,NA,2,40,13,4,0,1,1,3,6,NA,94.04081866,42101,2436,3,2,2,2,2,2,1,2,99,1,9,0,"white",1,1,1,0,6,1,NA,NA,2,2,2,"urban",1,1,0,1
6516010101,"bus_subway_trolley",651601,1,"Subway / El",834,54,29.117,33.677,4.56,1,1,1,1,4,1,NA,21,5,1.17,141.9033755,121.2849363,4,2,6,1,5,1,1,NA,1,20,17,4,0,2,2,1,9,NA,543.8800878,42101,834,3,1,1,0,0,1,1,3,1,1,6,0,"white",1,1,1,1,9,0,5,1,1,1,0,"urban",1,1,1,0
6516010104,"bus_subway_trolley",651601,1,"Subway / El",83,834,22.906,25.373,2.467,1,1,4,4,1,9,NA,21,5,1.17,141.9033755,121.2849363,4,2,6,1,5,1,1,NA,1,20,17,4,0,2,2,1,9,NA,543.8800878,42101,834,3,1,1,0,0,1,1,3,1,1,6,0,"white",1,1,1,1,9,0,5,1,1,1,0,"urban",1,1,1,0
6516350101,"bus_subway_trolley",651635,1,"Bus / trolleybus",24,1030,25.192,27.742,2.55,2,1,1,1,3,1,NA,14,5,1.17,125.6366862,107.3817831,5,2,6,1,6,1,2,6,NA,NA,NA,NA,NA,NA,NA,1,8,NA,292.0469137,42101,24,1,2,0,0,0,0,2,4,4,1,6,0,"white",1,1,0,1,8,NA,42.5,0,2,0,0,"cbd",0,1,1,0
6516350102,"bus_subway_trolley",651635,1,"Bus / trolleybus",1030,24,22.771,23.223,0.452,2,1,2,3,1,11,NA,14,5,1.17,125.6366862,107.3817831,5,2,6,1,6,1,2,6,NA,NA,NA,NA,NA,NA,NA,1,8,NA,292.0469137,42101,24,1,2,0,0,0,0,2,4,4,1,6,0,"white",1,1,0,1,8,NA,42.5,0,2,0,0,"cbd",0,1,1,0
6516350202,"bus_subway_trolley",651635,2,"Subway / El",1030,44,17.356,18.5,1.144,2,1,2,3,4,2,NA,21,5,1.17,133.0612283,113.7275455,6,1,6,1,6,1,2,6,NA,NA,NA,NA,NA,NA,NA,1,10,NA,292.0469137,42101,24,1,2,0,0,0,0,2,4,4,0,6,0,"white",1,1,0,1,10,NA,42.5,0,2,0,0,"cbd",0,1,1,0
6519710107,"bus_subway_trolley",651971,1,"Subway / El",804,41,28.017,30.267,2.25,2,3,7,4,4,19,NA,21,5,1.17,194.4226534,166.1732081,11,2,10,1,6,1,2,1,NA,NA,NA,NA,NA,NA,NA,3,2,NA,171.419192,42101,804,3,2,0,1,1,1,2,2,4,1,10,1,"white",1,1,0,0,2,NA,42.5,0,2,0,1,"urban",0,1,0,0.5
6523030101,"bus_subway_trolley",652303,1,"Bus / trolleybus",16008,15819,NA,NA,NA,2,1,1,1,4,1,NA,14,5,1.17,2806.99455,2399.140641,3,2,7,1,4,2,1,NA,1,998,35,6,0,3,2,3,0,NA,291.8258058,42017,16008,4,1,1,0,0,0,2,4,2,1,7,0,"white",0,0,1,0,0,0,17.5,1,1,1,0,"suburban",0,1,1,0
6523030102,"bus_subway_trolley",652303,1,"Bus / trolleybus",15819,15806,49.917,49.917,0,2,1,2,4,4,11,NA,14,5,1.17,2806.99455,2399.140641,3,2,7,1,4,2,1,NA,1,998,35,6,0,3,2,3,0,NA,291.8258058,42017,16008,4,1,1,0,0,0,2,4,2,1,7,0,"white",0,0,1,0,0,0,17.5,1,1,1,0,"suburban",0,1,1,0
6535060101,"bus_subway_trolley",653506,1,"Trolley / light rail",1201,1030,30.729,29.95,-0.779,2,1,1,1,4,1,NA,23,5,1.17,328.7510845,280.9838329,4,1,8,2,4,2,2,4,NA,NA,NA,NA,NA,NA,NA,3,3,NA,317.8695646,42101,1201,3,1,0,0,0,0,2,2,1,0,8,0,"black",0,0,0,0,3,NA,5,1,1,0,0,"urban",0,1,1,0
6535060102,"bus_subway_trolley",653506,1,"Subway / El",1030,1405,31.25,34.812,3.562,2,1,2,4,4,10,NA,21,5,1.17,328.7510845,280.9838329,4,1,8,2,4,2,2,4,NA,NA,NA,NA,NA,NA,NA,3,3,NA,317.8695646,42101,1201,3,1,0,0,0,0,2,2,1,0,8,0,"black",0,0,0,0,3,NA,5,1,1,0,0,"urban",0,1,1,0
6535060103,"bus_subway_trolley",653506,1,"Subway / El",1405,74,31.752,33.34,1.588,2,1,3,4,4,13,NA,21,5,1.17,328.7510845,280.9838329,4,1,8,2,4,2,2,4,NA,NA,NA,NA,NA,NA,NA,3,3,NA,317.8695646,42101,1201,3,1,0,0,0,0,2,2,1,0,8,0,"black",0,0,0,0,3,NA,5,1,1,0,0,"urban",0,1,1,0
6535060104,"bus_subway_trolley",653506,1,"Trolley / light rail",74,1201,34.358,36.15,1.792,2,1,4,4,1,19,NA,23,5,1.17,328.7510845,280.9838329,4,1,8,2,4,2,2,4,NA,NA,NA,NA,NA,NA,NA,3,3,NA,317.8695646,42101,1201,3,1,0,0,0,0,2,2,1,0,8,0,"black",0,0,0,0,3,NA,5,1,1,0,0,"urban",0,1,1,0
6551990205,"bus_subway_trolley",655199,2,"Bus / trolleybus",4240,134,82.333,82.008,-0.325,1,1,5,4,4,19,NA,14,5,1.12,108.8284177,97.16823011,8,2,9,1,6,1,1,NA,1,40,25,3,1,2,2,3,8,NA,107.566057,34005,20068,4,2,2,2,2,2,2,1,7,1,9,0,"white",1,1,1,0,8,0,125,0,2,2,2,"suburban",1,1,0,1
6554200101,"bus_subway_trolley",655420,1,"Bus / trolleybus",2603,846,71.502,69.196,-2.306,2,1,1,1,4,1,NA,14,5,1.17,392.2201141,335.2308667,7,2,9,2,2,1,2,1,NA,NA,NA,NA,NA,NA,NA,3,6,NA,151.3325738,42101,2603,3,1,0,1,1,0,2,2,4,1,9,0,"black",0,1,0,0,6,NA,42.5,0,1,0,1,"urban",0,1,0,1
6554200102,"bus_subway_trolley",655420,1,"Bus / trolleybus",846,73,29.817,35.008,5.192,2,1,2,4,4,6,NA,14,5,1.17,392.2201141,335.2308667,7,2,9,2,2,1,2,1,NA,NA,NA,NA,NA,NA,NA,3,6,NA,151.3325738,42101,2603,3,1,0,1,1,0,2,2,4,1,9,0,"black",0,1,0,0,6,NA,42.5,0,1,0,1,"urban",0,1,0,1
6558670101,"bus_subway_trolley",655867,1,"Bus / trolleybus",3210,66,43.013,43.5,0.487,1,1,1,1,2,1,NA,14,5,1.12,221.7522362,197.9930681,3,2,8,2,6,1,1,NA,1,40,13,4,2,2,1,3,5,NA,119.2137871,42101,3210,3,1,1,1,1,0,2,2,6,1,8,0,"black",1,1,1,0,5,1,87.5,0,1,1,1,"urban",1,1,0,1
6560970101,"bus_subway_trolley",656097,1,"Bus / trolleybus",2411,419,39.085,41.633,2.548,1,1,1,1,2,1,NA,14,5,1.17,130.4954703,111.53459,2,2,6,1,5,2,1,NA,1,40,27,4,0,8,2,2,14,NA,293.3707508,42101,2411,3,1,1,0,0,1,2,2,3,1,6,0,"white",1,0,1,1,14,0,30,1,1,1,0,"urban",1,1,1,0
6560970102,"bus_subway_trolley",656097,1,"Subway / El",419,2411,46.477,51.475,4.998,1,1,2,2,1,5,NA,21,5,1.17,130.4954703,111.53459,2,2,6,1,5,2,1,NA,1,40,27,4,0,8,2,2,14,NA,293.3707508,42101,2411,3,1,1,0,0,1,2,2,3,1,6,0,"white",1,0,1,1,14,0,30,1,1,1,0,"urban",1,1,1,0
6564560102,"bus_subway_trolley",656456,1,"Trolley / light rail",46,1026,30.171,16.45,-13.721,2,1,2,4,4,6,NA,23,5,1.15,103.075762,89.63109736,3,1,10,1,6,1,2,1,NA,NA,NA,NA,NA,NA,NA,3,7,NA,45.31848763,42101,30,3,2,0,1,1,1,2,2,9,0,10,1,"white",1,1,0,0,7,NA,225,0,2,0,1,"urban",0,1,0,0.5
6564560103,"bus_subway_trolley",656456,1,"Bus / trolleybus",1026,30,14.244,14.744,0.5,2,1,3,4,1,6,NA,14,5,1.15,103.075762,89.63109736,3,1,10,1,6,1,2,1,NA,NA,NA,NA,NA,NA,NA,3,7,NA,45.31848763,42101,30,3,2,0,1,1,1,2,2,9,0,10,1,"white",1,1,0,0,7,NA,225,0,2,0,1,"urban",0,1,0,0.5
6564560208,"bus_subway_trolley",656456,2,"Bus / trolleybus",62,51,18.871,21.973,3.102,2,2,8,4,4,19,NA,14,5,1.15,110.0817117,95.72322758,12,2,10,1,6,1,2,1,NA,NA,NA,NA,NA,NA,NA,3,2,NA,45.31848763,42101,30,3,2,0,1,1,1,2,2,9,1,10,1,"white",1,1,0,0,2,NA,225,0,2,0,1,"urban",0,1,0,0.5
6564560211,"bus_subway_trolley",656456,2,"Bus / trolleybus",53,50,23.227,24.262,1.035,2,2,11,4,4,19,NA,14,5,1.15,110.0817117,95.72322758,12,2,10,1,6,1,2,1,NA,NA,NA,NA,NA,NA,NA,3,2,NA,45.31848763,42101,30,3,2,0,1,1,1,2,2,9,1,10,1,"white",1,1,0,0,2,NA,225,0,2,0,1,"urban",0,1,0,0.5
6577150102,"bus_subway_trolley",657715,1,"Subway / El",1610,116,46.779,50.831,4.052,1,1,2,4,2,19,NA,21,5,1.12,172.3751579,153.906391,9,1,9,1,6,1,1,NA,1,40,13,4,4,2,2,3,6,NA,141.9382209,42101,1628,3,2,2,2,2,2,2,2,7,0,9,0,"white",1,1,1,0,6,0,125,0,2,2,2,"urban",1,1,0,1
6577150107,"bus_subway_trolley",657715,1,"Subway / El",116,1610,53.15,55.09,1.94,1,1,7,4,4,5,NA,21,5,1.12,172.3751579,153.906391,9,1,9,1,6,1,1,NA,1,40,13,4,4,2,2,3,6,NA,141.9382209,42101,1628,3,2,2,2,2,2,2,2,7,0,9,0,"white",1,1,1,0,6,0,125,0,2,2,2,"urban",1,1,0,1
6578490102,"bus_subway_trolley",657849,1,"Subway / El",4459,1816,65.327,68.842,3.515,1,1,2,4,4,19,NA,21,5,1.17,134.2518614,114.7451807,12,2,9,1,5,1,1,NA,2,30,39,5,0,2,2,2,6,NA,261.351569,42045,4448,3,2,2,1,0,5,2,2,4,1,9,0,"white",1,1,1,1,6,0,42.5,0,2,2,1,"urban",1,1,0,0.5
6578490105,"bus_subway_trolley",657849,1,"Subway / El",844,4459,44.483,47.596,3.113,1,1,5,4,4,19,NA,21,5,1.17,134.2518614,114.7451807,12,2,9,1,5,1,1,NA,2,30,39,5,0,2,2,2,6,NA,261.351569,42045,4448,3,2,2,1,0,5,2,2,4,1,9,0,"white",1,1,1,1,6,0,42.5,0,2,2,1,"urban",1,1,0,0.5
6578490108,"bus_subway_trolley",657849,1,"Subway / El",836,1036,32.767,35.983,3.217,1,2,8,2,4,19,NA,21,5,1.17,134.2518614,114.7451807,12,2,9,1,5,1,1,NA,2,30,39,5,0,2,2,2,6,NA,261.351569,42045,4448,3,2,2,1,0,5,2,2,4,1,9,0,"white",1,1,1,1,6,0,42.5,0,2,2,1,"urban",1,1,0,0.5
6578490111,"bus_subway_trolley",657849,1,"Subway / El",1036,4459,50.404,45.069,-5.335,1,2,11,4,4,19,NA,21,5,1.17,134.2518614,114.7451807,12,2,9,1,5,1,1,NA,2,30,39,5,0,2,2,2,6,NA,261.351569,42045,4448,3,2,2,1,0,5,2,2,4,1,9,0,"white",1,1,1,1,6,0,42.5,0,2,2,1,"urban",1,1,0,0.5
6578490202,"bus_subway_trolley",657849,2,"Subway / El",4459,1036,32.067,33.817,1.75,1,1,2,4,4,19,NA,21,5,1.17,206.313405,176.3362436,7,1,8,1,5,1,1,NA,1,40,15,NA,NA,NA,NA,2,0,NA,261.351569,42045,4448,3,2,2,1,0,5,2,2,4,0,8,0,"white",1,1,1,1,0,NA,42.5,0,2,2,1,"urban",1,1,0,0.5
6578490205,"bus_subway_trolley",657849,2,"Subway / El",1819,4448,60.737,88.092,27.354,1,1,5,4,1,19,NA,21,5,1.17,206.313405,176.3362436,7,1,8,1,5,1,1,NA,1,40,15,NA,NA,NA,NA,2,0,NA,261.351569,42045,4448,3,2,2,1,0,5,2,2,4,0,8,0,"white",1,1,1,1,0,NA,42.5,0,2,2,1,"urban",1,1,0,0.5
6578490206,"bus_subway_trolley",657849,2,"Bus / trolleybus",4448,4448,16.033,17.283,1.25,1,1,6,1,1,19,NA,14,5,1.17,206.313405,176.3362436,7,1,8,1,5,1,1,NA,1,40,15,NA,NA,NA,NA,2,0,NA,261.351569,42045,4448,3,2,2,1,0,5,2,2,4,0,8,0,"white",1,1,1,1,0,NA,42.5,0,2,2,1,"urban",1,1,0,0.5
6581680101,"bus_subway_trolley",658168,1,"Bus / trolleybus",122,91,22.269,29.021,6.752,2,1,1,1,3,1,NA,14,5,1.17,134.4822437,114.9420887,3,2,9,1,3,2,2,1,NA,NA,NA,NA,NA,NA,NA,2,10,NA,264.8909442,42101,122,1,1,0,0,0,0,2,5,2,1,9,0,"white",0,0,0,1,10,NA,17.5,1,1,0,0,"cbd",0,1,1,0
6583630101,"bus_subway_trolley",658363,1,"Bus / trolleybus",1401,621,36.062,39.483,3.421,3,1,1,1,4,1,NA,14,5,1.17,181.7396171,155.3330061,4,2,8,1,1,1,2,2,NA,NA,NA,NA,NA,NA,NA,3,24,NA,352.520661,42101,1401,3,1,0,0,0,1,2,2,1,1,8,0,"white",0,1,0,0,24,NA,5,1,1,0,0,"urban",0,0,1,0
6583630104,"bus_subway_trolley",658363,1,"Bus / trolleybus",619,619,12.558,15.188,2.629,3,1,4,4,4,19,NA,14,5,1.17,181.7396171,155.3330061,4,2,8,1,1,1,2,2,NA,NA,NA,NA,NA,NA,NA,3,24,NA,352.520661,42101,1401,3,1,0,0,0,1,2,2,1,1,8,0,"white",0,1,0,0,24,NA,5,1,1,0,0,"urban",0,0,1,0
6595380202,"bus_subway_trolley",659538,2,"Subway / El",1035,76,18.75,21.75,3,1,1,2,4,4,19,NA,21,5,1.17,139.2559874,119.0222115,6,1,6,1,5,2,1,NA,1,40,43,4,0,3,2,3,14,NA,386.0206682,42101,1027,3,2,1,0,0,0,1,3,2,0,6,0,"white",1,0,1,0,14,0,17.5,1,2,1,0,"urban",1,1,1,0
6595380205,"bus_subway_trolley",659538,2,"Bus / trolleybus",59,85,15.967,17.2,1.233,1,1,5,4,4,19,NA,14,5,1.17,139.2559874,119.0222115,6,1,6,1,5,2,1,NA,1,40,43,4,0,3,2,3,14,NA,386.0206682,42101,1027,3,2,1,0,0,0,1,3,2,0,6,0,"white",1,0,1,0,14,0,17.5,1,2,1,0,"urban",1,1,1,0
6595380206,"bus_subway_trolley",659538,2,"Bus / trolleybus",85,1027,25.815,28.642,2.827,1,1,6,4,1,1,NA,14,5,1.17,139.2559874,119.0222115,6,1,6,1,5,2,1,NA,1,40,43,4,0,3,2,3,14,NA,386.0206682,42101,1027,3,2,1,0,0,0,1,3,2,0,6,0,"white",1,0,1,0,14,0,17.5,1,2,1,0,"urban",1,1,1,0
6604250201,"bus_subway_trolley",660425,2,"Subway / El",10209,10209,15.99,16.735,0.746,2,1,1,1,1,1,NA,21,5,1.12,263.4655075,235.2370603,1,1,6,1,6,1,1,NA,1,40,23,3,0,2,2,3,10,NA,368.282861,42091,10209,4,3,2,2,2,0,2,1,7,0,6,0,"white",1,1,1,0,10,0,125,0,3,2,2,"suburban",0,1,0,0.666666666666667
6611090102,"bus_subway_trolley",661109,1,"Subway / El",1026,1037,21.004,21.81,0.806,1,1,2,2,2,19,NA,21,5,1.17,1989.428485,1700.366227,5,1,10,1,2,2,1,NA,1,55,15,4,0,1,2,3,0,NA,190.4363664,42091,10038,4,1,1,0,0,0,2,1,5,0,10,1,"white",0,0,1,0,0,0,62.5,0,1,1,0,"suburban",1,1,1,0
6655580101,"bus_subway_trolley",665558,1,"Bus / trolleybus",10007,10012,27.4,25.45,-1.95,2,1,1,1,4,1,NA,14,5,1.17,778.8629985,665.6948705,3,2,11,1,6,1,2,1,NA,NA,NA,NA,NA,NA,NA,3,2,NA,294.0675695,42091,10007,3,1,0,0,0,0,2,5,3,1,11,1,"white",1,1,0,0,2,NA,30,1,1,0,0,"urban",0,1,1,0
6655580102,"bus_subway_trolley",665558,1,"Bus / trolleybus",10012,5019,44.754,58.417,13.663,2,1,2,4,4,14,NA,14,5,1.17,778.8629985,665.6948705,3,2,11,1,6,1,2,1,NA,NA,NA,NA,NA,NA,NA,3,2,NA,294.0675695,42091,10007,3,1,0,0,0,0,2,5,3,1,11,1,"white",1,1,0,0,2,NA,30,1,1,0,0,"urban",0,1,1,0
6660390201,"bus_subway_trolley",666039,2,"Trolley / light rail",1015,414,36.673,37.729,1.056,1,1,1,1,2,1,NA,23,5,1.17,1029.454643,879.8757634,3,2,5,3,5,1,1,NA,1,65,25,4,0,3,2,3,14,NA,480.4399716,42101,1015,3,4,2,1,1,4,1,3,5,1,5,0,"hispanic",1,1,1,0,14,0,62.5,0,4,2,1,"urban",1,1,0,0.25
6660390202,"bus_subway_trolley",666039,2,"Subway / El",414,61,31.017,35.258,4.242,1,1,2,2,4,5,NA,21,5,1.17,1029.454643,879.8757634,3,2,5,3,5,1,1,NA,1,65,25,4,0,3,2,3,14,NA,480.4399716,42101,1015,3,4,2,1,1,4,1,3,5,1,5,0,"hispanic",1,1,1,0,14,0,62.5,0,4,2,1,"urban",1,1,0,0.25
6660390203,"bus_subway_trolley",666039,2,"Bus / trolleybus",61,1015,25.983,28.596,2.613,1,1,3,4,1,11,NA,14,5,1.17,1029.454643,879.8757634,3,2,5,3,5,1,1,NA,1,65,25,4,0,3,2,3,14,NA,480.4399716,42101,1015,3,4,2,1,1,4,1,3,5,1,5,0,"hispanic",1,1,1,0,14,0,62.5,0,4,2,1,"urban",1,1,0,0.25
6660390301,"bus_subway_trolley",666039,3,"Trolley / light rail",1015,25,27.102,25.69,-1.413,1,1,1,1,2,1,NA,23,5,1.17,876.3217866,748.99298,3,2,5,2,4,1,1,NA,1,40,31,4,0,2,2,3,4,NA,480.4399716,42101,1015,3,4,2,1,1,4,1,3,5,1,5,0,"black",0,1,1,0,4,0,62.5,0,4,2,1,"urban",1,1,0,0.25
6660390302,"bus_subway_trolley",666039,3,"Bus / trolleybus",25,1033,28.958,32.327,3.369,1,1,2,2,4,10,NA,14,5,1.17,876.3217866,748.99298,3,2,5,2,4,1,1,NA,1,40,31,4,0,2,2,3,4,NA,480.4399716,42101,1015,3,4,2,1,1,4,1,3,5,1,5,0,"black",0,1,1,0,4,0,62.5,0,4,2,1,"urban",1,1,0,0.25
6661000401,"bus_subway_trolley",666100,4,"Bus / trolleybus",5003,5029,45.808,46.933,1.125,2,1,1,1,3,1,NA,14,5,1.12,1211.940141,1082.089411,2,1,5,1,3,1,2,6,NA,NA,NA,NA,NA,NA,NA,1,6,NA,283.1680956,42045,5003,4,4,3,3,3,1,2,2,6,0,5,0,"white",0,1,0,1,6,NA,87.5,0,4,3,3,"suburban",0,1,0,0.75
6661000402,"bus_subway_trolley",666100,4,"Bus / trolleybus",5029,5003,45.337,45.337,0,2,1,2,3,1,3,NA,14,5,1.12,1211.940141,1082.089411,2,1,5,1,3,1,2,6,NA,NA,NA,NA,NA,NA,NA,1,6,NA,283.1680956,42045,5003,4,4,3,3,3,1,2,2,6,0,5,0,"white",0,1,0,1,6,NA,87.5,0,4,3,3,"suburban",0,1,0,0.75
6691010101,"bus_subway_trolley",669101,1,"Trolley / light rail",1007,74,29.681,33.425,3.744,3,1,1,4,4,1,NA,23,5,1.17,148.0385214,126.5286508,9,2,5,1,5,1,1,NA,1,47,19,4,0,8,2,3,15,NA,391.4532792,42101,807,3,2,2,0,0,2,2,2,3,1,5,0,"white",1,1,1,0,15,0,30,1,2,2,0,"urban",0,0,1,0
6691010102,"bus_subway_trolley",669101,1,"Subway / El",74,409,15.69,16.256,0.567,3,1,2,4,2,19,NA,21,5,1.17,148.0385214,126.5286508,9,2,5,1,5,1,1,NA,1,47,19,4,0,8,2,3,15,NA,391.4532792,42101,807,3,2,2,0,0,2,2,2,3,1,5,0,"white",1,1,1,0,15,0,30,1,2,2,0,"urban",0,0,1,0
6691010103,"bus_subway_trolley",669101,1,"Subway / El",409,44,25.05,25.158,0.108,3,1,3,2,4,11,NA,21,5,1.17,148.0385214,126.5286508,9,2,5,1,5,1,1,NA,1,47,19,4,0,8,2,3,15,NA,391.4532792,42101,807,3,2,2,0,0,2,2,2,3,1,5,0,"white",1,1,1,0,15,0,30,1,2,2,0,"urban",0,0,1,0
6691010106,"bus_subway_trolley",669101,1,"Subway / El",844,807,23.188,26.235,3.048,3,1,6,4,1,19,NA,21,5,1.17,148.0385214,126.5286508,9,2,5,1,5,1,1,NA,1,47,19,4,0,8,2,3,15,NA,391.4532792,42101,807,3,2,2,0,0,2,2,2,3,1,5,0,"white",1,1,1,0,15,0,30,1,2,2,0,"urban",0,0,1,0
6691010108,"bus_subway_trolley",669101,1,"Subway / El",804,844,26.062,31.442,5.379,2,2,8,4,4,19,NA,21,5,1.17,148.0385214,126.5286508,9,2,5,1,5,1,1,NA,1,47,19,4,0,8,2,3,15,NA,391.4532792,42101,807,3,2,2,0,0,2,2,2,3,1,5,0,"white",1,1,1,0,15,0,30,1,2,2,0,"urban",0,1,1,0
6691010109,"bus_subway_trolley",669101,1,"Bus / trolleybus",844,807,23.023,25.898,2.875,2,2,9,4,1,19,NA,14,5,1.17,148.0385214,126.5286508,9,2,5,1,5,1,1,NA,1,47,19,4,0,8,2,3,15,NA,391.4532792,42101,807,3,2,2,0,0,2,2,2,3,1,5,0,"white",1,1,1,0,15,0,30,1,2,2,0,"urban",0,1,1,0
6691010202,"bus_subway_trolley",669101,2,"Subway / El",804,91,28.6,28.1,-0.5,3,1,2,4,2,19,NA,21,5,1.17,161.6226898,138.1390511,6,1,6,1,6,1,1,NA,2,40,99,4,0,8,8,3,15,NA,391.4532792,42101,807,3,2,2,0,0,2,2,2,3,0,6,0,"white",1,1,1,0,15,NA,30,1,2,2,0,"urban",0,0,1,0
6691010205,"bus_subway_trolley",669101,2,"Bus / trolleybus",839,842,33.275,26.933,-6.342,3,1,5,4,4,19,NA,14,5,1.17,161.6226898,138.1390511,6,1,6,1,6,1,1,NA,2,40,99,4,0,8,8,3,15,NA,391.4532792,42101,807,3,2,2,0,0,2,2,2,3,0,6,0,"white",1,1,1,0,15,NA,30,1,2,2,0,"urban",0,0,1,0
6691010206,"bus_subway_trolley",669101,2,"Bus / trolleybus",842,1007,34.8,39.99,5.19,3,1,6,4,4,14,NA,14,5,1.17,161.6226898,138.1390511,6,1,6,1,6,1,1,NA,2,40,99,4,0,8,8,3,15,NA,391.4532792,42101,807,3,2,2,0,0,2,2,2,3,0,6,0,"white",1,1,1,0,15,NA,30,1,2,2,0,"urban",0,0,1,0
6701330102,"bus_subway_trolley",670133,1,"Bus / trolleybus",2215,4459,49.05,48.8,-0.25,3,1,2,4,4,19,NA,14,5,1.17,122.1005339,104.3594307,10,2,8,1,6,2,1,NA,1,38,21,4,0,3,2,3,9,NA,318.6405375,42101,2213,3,1,1,0,0,0,2,5,4,1,8,0,"white",1,0,1,0,9,0,42.5,0,1,1,0,"urban",0,0,1,0
6701330103,"bus_subway_trolley",670133,1,"Subway / El",4459,10201,54,55.875,1.875,3,1,3,4,4,19,NA,21,5,1.17,122.1005339,104.3594307,10,2,8,1,6,2,1,NA,1,38,21,4,0,3,2,3,9,NA,318.6405375,42101,2213,3,1,1,0,0,0,2,5,4,1,8,0,"white",1,0,1,0,9,0,42.5,0,1,1,0,"urban",0,0,1,0
6701330104,"bus_subway_trolley",670133,1,"Bus / trolleybus",10201,10422,31.171,47.312,16.141,3,1,4,4,4,19,NA,14,5,1.17,122.1005339,104.3594307,10,2,8,1,6,2,1,NA,1,38,21,4,0,3,2,3,9,NA,318.6405375,42101,2213,3,1,1,0,0,0,2,5,4,1,8,0,"white",1,0,1,0,9,0,42.5,0,1,1,0,"urban",0,0,1,0
6701330105,"bus_subway_trolley",670133,1,"Bus / trolleybus",10422,10402,32.558,43.808,11.25,3,1,5,4,4,19,NA,14,5,1.17,122.1005339,104.3594307,10,2,8,1,6,2,1,NA,1,38,21,4,0,3,2,3,9,NA,318.6405375,42101,2213,3,1,1,0,0,0,2,5,4,1,8,0,"white",1,0,1,0,9,0,42.5,0,1,1,0,"urban",0,0,1,0
6701330110,"bus_subway_trolley",670133,1,"Bus / trolleybus",10402,10422,33.6,41.725,8.125,3,1,10,4,4,19,NA,14,5,1.17,122.1005339,104.3594307,10,2,8,1,6,2,1,NA,1,38,21,4,0,3,2,3,9,NA,318.6405375,42101,2213,3,1,1,0,0,0,2,5,4,1,8,0,"white",1,0,1,0,9,0,42.5,0,1,1,0,"urban",0,0,1,0
6722590301,"bus_subway_trolley",672259,3,"Bus / trolleybus",614,623,30.602,46.179,15.577,2,1,1,1,4,1,NA,14,5,1.17,190.6891092,162.9821446,2,2,5,1,2,2,2,6,NA,NA,NA,NA,NA,NA,NA,3,3,NA,1019.897822,42101,614,3,5,1,0,0,0,2,2,3,1,5,0,"white",0,0,0,0,3,NA,30,1,5,1,0,"urban",0,1,1,0
6722590302,"bus_subway_trolley",672259,3,"Bus / trolleybus",623,614,28.233,26.7,-1.533,2,1,2,4,1,8,NA,14,5,1.17,190.6891092,162.9821446,2,2,5,1,2,2,2,6,NA,NA,NA,NA,NA,NA,NA,3,3,NA,1019.897822,42101,614,3,5,1,0,0,0,2,2,3,1,5,0,"white",0,0,0,0,3,NA,30,1,5,1,0,"urban",0,1,1,0
6736590101,"bus_subway_trolley",673659,1,"Subway / El",97,1405,36.962,39.9,2.938,3,1,1,2,1,5,NA,21,5,1.17,189.0957604,161.6203081,1,2,8,2,3,2,1,NA,1,40,13,9,0,9,8,3,6,NA,202.8848881,42101,1405,3,2,1,0,0,2,2,2,4,1,8,0,"black",0,0,1,0,6,NA,42.5,0,2,1,0,"urban",0,0,1,0
6736590202,"bus_subway_trolley",673659,2,"Subway / El",74,1405,22.754,22.171,-0.583,2,1,2,4,1,6,NA,21,5,1.17,190.3784666,162.7166381,2,1,5,2,1,2,2,6,NA,NA,NA,NA,NA,NA,NA,1,5,NA,202.8848881,42101,1405,3,2,1,0,0,2,2,2,4,0,5,0,"black",0,0,0,1,5,NA,42.5,0,2,1,0,"urban",0,1,1,0
6736830102,"bus_subway_trolley",673683,1,"Bus / trolleybus",53,2434,67.933,72.273,4.34,1,1,2,2,4,5,NA,14,5,1.17,125.3030159,107.0965948,3,1,7,1,6,1,1,NA,1,40,97,5,0,8,1,3,2,NA,318.6405375,42101,30,3,1,1,0,0,1,2,3,5,0,7,0,"white",1,1,1,0,2,1,62.5,0,1,1,0,"urban",1,1,1,0
6745010103,"bus_subway_trolley",674501,1,"Bus / trolleybus",92,134,13.325,15.394,2.069,1,1,3,4,2,19,NA,14,5,1.17,132.7814365,113.4884073,6,2,9,1,5,1,1,NA,1,40,39,3,0,2,2,3,10,NA,143.1983983,42101,3416,4,1,1,1,1,0,2,2,4,1,9,0,"white",1,1,1,0,10,0,42.5,0,1,1,1,"suburban",1,1,0,1
6745010105,"bus_subway_trolley",674501,1,"Trolley / light rail",134,134,10.8,13.227,2.427,1,1,5,2,2,19,NA,23,5,1.17,132.7814365,113.4884073,6,2,9,1,5,1,1,NA,1,40,39,3,0,2,2,3,10,NA,143.1983983,42101,3416,4,1,1,1,1,0,2,2,4,1,9,0,"white",1,1,1,0,10,0,42.5,0,1,1,1,"suburban",1,1,0,1
6752060104,"bus_subway_trolley",675206,1,"Bus / trolleybus",11613,11625,NA,NA,NA,2,2,4,1,4,1,NA,14,5,1.17,1169.802368,999.8310838,5,1,9,1,2,2,1,NA,1,15,41,2,0,3,2,3,4,NA,523.2724006,42091,11613,3,1,1,0,0,0,2,4,1,0,9,0,"white",0,0,1,0,4,0,5,1,1,1,0,"urban",0,1,1,0
6754790401,"bus_subway_trolley",675479,4,"Bus / trolleybus",2436,2407,49.933,51.794,1.861,2,1,1,1,3,1,NA,14,5,1.12,605.3029001,540.4490179,2,2,3,1,1,NA,NA,NA,NA,NA,NA,NA,NA,NA,NA,1,10,NA,414.709692,42101,2436,3,5,2,2,2,3,2,2,7,1,3,0,"white",0,NA,NA,1,10,NA,125,0,5,2,2,"urban",0,1,0,0.4
6754790402,"bus_subway_trolley",675479,4,"Bus / trolleybus",2407,2436,36.002,38.696,2.694,2,1,2,3,1,3,NA,14,5,1.12,605.3029001,540.4490179,2,2,3,1,1,NA,NA,NA,NA,NA,NA,NA,NA,NA,NA,1,10,NA,414.709692,42101,2436,3,5,2,2,2,3,2,2,7,1,3,0,"white",0,NA,NA,1,10,NA,125,0,5,2,2,"urban",0,1,0,0.4
6756010101,"bus_subway_trolley",675601,1,"Bus / trolleybus",4249,1014,78.692,82.917,4.225,3,1,1,2,2,1,NA,14,5,1.13,89.41448992,79.12786719,5,1,9,1,6,1,1,NA,1,40,43,4,0,2,2,3,10,NA,212.6269534,42045,4249,4,4,1,2,2,4,2,2,99,0,9,0,"white",1,1,1,0,10,0,NA,NA,4,1,2,"suburban",0,0,0,0.5
6756010102,"bus_subway_trolley",675601,1,"Bus / trolleybus",1014,4249,84.858,85.358,0.5,3,1,2,2,1,5,NA,14,5,1.13,89.41448992,79.12786719,5,1,9,1,6,1,1,NA,1,40,43,4,0,2,2,3,10,NA,212.6269534,42045,4249,4,4,1,2,2,4,2,2,99,0,9,0,"white",1,1,1,0,10,0,NA,NA,4,1,2,"suburban",0,0,0,0.5
6779660101,"bus_subway_trolley",677966,1,"Subway / El",1021,117,29.969,29.973,0.004,1,1,1,1,2,1,NA,21,5,1.12,166.8296268,148.9550239,2,1,7,5,6,1,1,NA,1,60,13,4,0,2,2,3,10,NA,312.7658348,42101,1021,3,3,2,1,1,1,2,2,6,0,7,0,"asian",1,1,1,0,10,0,87.5,0,3,2,1,"urban",1,1,0,0.333333333333333
6779660102,"bus_subway_trolley",677966,1,"Subway / El",117,1021,31.031,33.183,2.152,1,1,2,2,1,5,NA,21,5,1.12,166.8296268,148.9550239,2,1,7,5,6,1,1,NA,1,60,13,4,0,2,2,3,10,NA,312.7658348,42101,1021,3,3,2,1,1,1,2,2,6,0,7,0,"asian",1,1,1,0,10,0,87.5,0,3,2,1,"urban",1,1,0,0.333333333333333
6808990101,"bus_subway_trolley",680899,1,"Bus / trolleybus",97,38,22.083,28.371,6.288,2,1,1,1,4,1,NA,14,5,1.12,115.698443,103.3021812,4,1,11,1,5,1,2,1,NA,NA,NA,NA,NA,NA,NA,3,10,NA,148.9647419,42101,97,1,2,0,1,1,0,2,5,6,0,11,1,"white",1,1,0,0,10,NA,87.5,0,2,0,1,"cbd",0,1,0,0.5
6808990201,"bus_subway_trolley",680899,2,"Bus / trolleybus",97,56,19.081,25.152,6.071,2,1,1,1,4,1,NA,14,5,1.12,140.0288573,125.0257654,4,2,11,1,6,1,2,1,NA,NA,NA,NA,NA,NA,NA,3,10,NA,148.9647419,42101,97,1,2,0,1,1,0,2,5,6,1,11,1,"white",1,1,0,0,10,NA,87.5,0,2,0,1,"cbd",0,1,0,0.5
6811760301,"bus_subway_trolley",681176,3,"Subway / El",10001,4459,48.112,41.175,-6.938,3,1,1,1,4,1,NA,21,5,1.15,130.7140289,113.6643729,3,1,5,1,5,1,2,4,NA,NA,NA,NA,NA,NA,NA,3,8,NA,97.91940843,42091,10001,4,3,2,2,2,3,2,1,10,0,5,0,"white",1,1,0,0,8,NA,300,0,3,2,2,"suburban",0,0,0,0.666666666666667
6811760302,"bus_subway_trolley",681176,3,"Subway / El",4459,72,37.9,37.4,-0.5,3,1,2,4,4,19,NA,21,5,1.15,130.7140289,113.6643729,3,1,5,1,5,1,2,4,NA,NA,NA,NA,NA,NA,NA,3,8,NA,97.91940843,42091,10001,4,3,2,2,2,3,2,1,10,0,5,0,"white",1,1,0,0,8,NA,300,0,3,2,2,"suburban",0,0,0,0.666666666666667
6819100103,"bus_subway_trolley",681910,1,"Bus / trolleybus",4423,4447,30.385,31.033,0.648,1,1,3,4,4,19,NA,14,5,1.17,377.6835368,322.8064417,9,1,7,99,6,1,1,NA,1,60,19,4,0,2,2,3,12,NA,294.8345501,42045,4421,4,1,1,1,1,1,2,1,4,0,7,0,NA,1,1,1,0,12,0,42.5,0,1,1,1,"suburban",1,1,0,1
6819100104,"bus_subway_trolley",681910,1,"Bus / trolleybus",4447,1020,33.9,36.065,2.165,1,1,4,4,4,19,NA,14,5,1.17,377.6835368,322.8064417,9,1,7,99,6,1,1,NA,1,60,19,4,0,2,2,3,12,NA,294.8345501,42045,4421,4,1,1,1,1,1,2,1,4,0,7,0,NA,1,1,1,0,12,0,42.5,0,1,1,1,"suburban",1,1,0,1
6821910102,"bus_subway_trolley",682191,1,"Subway / El",2423,93,40.319,42.85,2.531,1,1,2,4,2,18,NA,21,5,1.12,305.0005373,272.3219083,4,2,7,2,6,1,1,NA,1,40,21,3,0,2,2,3,10,NA,409.1648356,42101,2634,3,4,1,1,1,1,2,2,6,1,7,0,"black",1,1,1,0,10,0,87.5,0,4,1,1,"urban",1,1,0,0.25
6825030202,"bus_subway_trolley",682503,2,"Bus / trolleybus",139,3014,61.458,65.781,4.323,1,1,2,4,4,19,NA,14,5,1.17,219.7634399,187.8319999,6,2,7,1,5,1,1,NA,1,45,13,4,0,8,1,3,25,NA,186.7212752,42101,406,3,2,1,1,1,2,1,2,5,1,7,0,"white",1,1,1,0,25,1,62.5,0,2,1,1,"urban",1,1,0,0.5
6825030203,"bus_subway_trolley",682503,2,"Trolley / light rail",3014,1040,56,55.25,-0.75,1,1,3,4,4,19,NA,23,5,1.17,219.7634399,187.8319999,6,2,7,1,5,1,1,NA,1,45,13,4,0,8,1,3,25,NA,186.7212752,42101,406,3,2,1,1,1,2,1,2,5,1,7,0,"white",1,1,1,0,25,1,62.5,0,2,1,1,"urban",1,1,0,0.5
6825030206,"bus_subway_trolley",682503,2,"Bus / trolleybus",3014,406,60.619,68.677,8.058,1,1,6,4,1,19,NA,14,5,1.17,219.7634399,187.8319999,6,2,7,1,5,1,1,NA,1,45,13,4,0,8,1,3,25,NA,186.7212752,42101,406,3,2,1,1,1,2,1,2,5,1,7,0,"white",1,1,1,0,25,1,62.5,0,2,1,1,"urban",1,1,0,0.5
6826830102,"bus_subway_trolley",682683,1,"Bus / trolleybus",96,5016,49.515,48.127,-1.387,1,1,2,2,1,5,NA,14,5,1.15,108.6279701,94.45910441,2,1,7,1,5,1,1,NA,1,40,17,3,0,2,2,3,12,NA,80.14183206,42045,5016,4,2,2,2,2,0,2,1,9,0,7,0,"white",1,1,1,0,12,0,225,0,2,2,2,"suburban",1,1,0,1
6857600102,"bus_subway_trolley",685760,1,"Subway / El",59,816,28.89,31.094,2.204,1,1,2,2,1,5,NA,21,5,1.17,226.6445928,193.7133272,2,2,9,1,2,1,1,NA,1,40,23,2,0,2,2,3,5,NA,186.7212752,42101,816,3,2,1,1,1,0,2,2,5,1,9,0,"white",0,1,1,0,5,0,62.5,0,2,1,1,"urban",1,1,0,0.5
6869210102,"bus_subway_trolley",686921,1,"Bus / trolleybus",68,839,31.7,34.046,2.346,2,1,2,4,4,6,NA,14,5,1.12,115.698443,103.3021812,3,1,11,1,6,1,2,1,NA,NA,NA,NA,NA,NA,NA,3,10,NA,190.9977694,42101,34,3,2,1,1,1,0,2,5,7,0,11,1,"white",1,1,0,0,10,NA,125,0,2,1,1,"urban",0,1,0,0.5
6869210103,"bus_subway_trolley",686921,1,"Bus / trolleybus",839,34,35.783,37.11,1.327,2,1,3,4,1,11,NA,14,5,1.12,115.698443,103.3021812,3,1,11,1,6,1,2,1,NA,NA,NA,NA,NA,NA,NA,3,10,NA,190.9977694,42101,34,3,2,1,1,1,0,2,5,7,0,11,1,"white",1,1,0,0,10,NA,125,0,2,1,1,"urban",0,1,0,0.5
6869210201,"bus_subway_trolley",686921,2,"Bus / trolleybus",34,93,21.552,22.35,0.798,1,1,1,1,2,1,NA,14,5,1.12,140.0288573,125.0257654,4,2,9,1,6,1,1,NA,2,20,13,4,2,2,2,3,10,NA,190.9977694,42101,34,3,2,1,1,1,0,2,5,7,1,9,0,"white",1,1,1,0,10,0,125,0,2,1,1,"urban",1,1,0,0.5
6869210204,"bus_subway_trolley",686921,2,"Bus / trolleybus",93,34,18.885,20.206,1.321,1,1,4,2,1,5,NA,14,5,1.12,140.0288573,125.0257654,4,2,9,1,6,1,1,NA,2,20,13,4,2,2,2,3,10,NA,190.9977694,42101,34,3,2,1,1,1,0,2,5,7,1,9,0,"white",1,1,1,0,10,0,125,0,2,1,1,"urban",1,1,0,0.5
6870450301,"bus_subway_trolley",687045,3,"Bus / trolleybus",1039,135,21.283,23.512,2.229,2,1,1,1,3,1,NA,14,5,1.15,225.7890411,196.3382966,2,2,2,1,1,NA,NA,NA,NA,NA,NA,NA,NA,NA,NA,1,NA,NA,146.3062069,42101,1039,3,4,2,2,2,3,1,1,8,1,2,0,"white",0,NA,NA,1,NA,NA,175,0,4,2,2,"urban",0,1,0,0.5
6870450302,"bus_subway_trolley",687045,3,"Bus / trolleybus",135,1039,32.071,31.152,-0.919,2,1,2,3,1,3,NA,14,5,1.15,225.7890411,196.3382966,2,2,2,1,1,NA,NA,NA,NA,NA,NA,NA,NA,NA,NA,1,NA,NA,146.3062069,42101,1039,3,4,2,2,2,3,1,1,8,1,2,0,"white",0,NA,NA,1,NA,NA,175,0,4,2,2,"urban",0,1,0,0.5
6873890101,"bus_subway_trolley",687389,1,"Trolley / light rail",1016,10010,49.7,52.133,2.433,1,1,1,1,2,1,NA,23,5,1.15,112.4561738,97.78797719,3,2,9,1,6,1,1,NA,1,40,13,4,4,2,8,3,0,NA,67.60440798,42101,1016,3,3,2,1,1,1,1,2,9,1,9,0,"white",1,1,1,0,0,NA,225,0,3,2,1,"urban",1,1,0,0.333333333333333
6873890301,"bus_subway_trolley",687389,3,"Subway / El",1016,135,34.844,38.85,4.006,2,1,1,1,3,1,NA,21,5,1.15,148.4868672,129.1190149,2,1,6,1,3,2,2,6,NA,NA,NA,NA,NA,NA,NA,1,10,NA,67.60440798,42101,1016,3,3,2,1,1,1,1,2,9,0,6,0,"white",0,0,0,1,10,NA,225,0,3,2,1,"urban",0,1,0,0.333333333333333
6873890302,"bus_subway_trolley",687389,3,"Subway / El",135,1016,39.775,41.5,1.725,2,1,2,3,1,15,NA,21,5,1.15,148.4868672,129.1190149,2,1,6,1,3,2,2,6,NA,NA,NA,NA,NA,NA,NA,1,10,NA,67.60440798,42101,1016,3,3,2,1,1,1,1,2,9,0,6,0,"white",0,0,0,1,10,NA,225,0,3,2,1,"urban",0,1,0,0.333333333333333
6884110202,"bus_subway_trolley",688411,2,"Bus / trolleybus",16044,1028,NA,NA,NA,1,1,2,4,2,19,NA,14,5,1.12,116.0352629,103.6029133,6,2,7,1,6,1,1,NA,1,40,43,3,0,2,2,3,10,NA,256.2008551,42017,16042,4,3,2,2,2,2,1,1,7,1,7,0,"white",1,1,1,0,10,0,125,0,3,2,2,"suburban",1,1,0,0.666666666666667
6887190204,"bus_subway_trolley",688719,2,"Bus / trolleybus",1025,122,21.925,22.788,0.863,1,2,4,2,1,5,NA,14,5,1.12,361.6531222,322.9045734,4,2,6,1,5,1,1,NA,1,40,29,4,0,2,2,3,11,NA,481.2928527,42101,122,1,4,2,2,2,5,2,3,7,1,6,0,"white",1,1,1,0,11,0,125,0,4,2,2,"cbd",1,1,0,0.5
6889290101,"bus_subway_trolley",688929,1,"Subway / El",834,58,20.775,23.4,2.625,1,1,1,1,2,1,NA,21,5,1.15,126.448223,109.9549766,5,2,6,1,6,1,1,NA,1,20,29,4,2,2,2,3,5,NA,149.3680069,42101,834,3,3,2,1,1,2,2,2,8,1,6,0,"white",1,1,1,0,5,0,175,0,3,2,1,"urban",1,1,0,0.333333333333333
6889290103,"bus_subway_trolley",688929,1,"Subway / El",58,834,20.06,25.887,5.827,1,1,3,4,1,6,NA,21,5,1.15,126.448223,109.9549766,5,2,6,1,6,1,1,NA,1,20,29,4,2,2,2,3,5,NA,149.3680069,42101,834,3,3,2,1,1,2,2,2,8,1,6,0,"white",1,1,1,0,5,0,175,0,3,2,1,"urban",1,1,0,0.333333333333333
6889290104,"bus_subway_trolley",688929,1,"Subway / El",834,8,26.86,24.529,-2.331,2,2,4,1,4,1,NA,21,5,1.15,126.448223,109.9549766,5,2,6,1,6,1,1,NA,1,20,29,4,2,2,2,3,5,NA,149.3680069,42101,834,3,3,2,1,1,2,2,2,8,1,6,0,"white",1,1,1,0,5,0,175,0,3,2,1,"urban",0,1,0,0.333333333333333
6907450304,"bus_subway_trolley",690745,3,"Bus / trolleybus",135,44,17.25,18.779,1.529,2,1,4,3,4,3,NA,14,5,1.17,1208.331265,1032.761765,7,2,2,3,1,NA,NA,NA,NA,NA,NA,NA,NA,NA,NA,1,NA,NA,657.1308911,42101,2436,3,5,1,1,0,5,2,4,4,1,2,0,"hispanic",0,NA,NA,1,NA,NA,42.5,0,5,1,1,"urban",0,1,0,0.2
6910820204,"bus_subway_trolley",691082,2,"Subway / El",1036,4459,40.892,42.479,1.587,2,2,4,4,4,19,NA,21,5,1.12,87.60697996,78.22051782,9,1,10,1,6,1,2,1,NA,NA,NA,NA,NA,NA,NA,3,0,NA,63.6728626,42045,4832,5,2,0,2,2,1,2,1,7,0,10,1,"white",1,1,0,0,0,NA,125,0,2,0,2,"rural",0,1,0,1
6910820205,"bus_subway_trolley",691082,2,"Trolley / light rail",4459,4806,56.719,57.362,0.644,2,2,5,4,4,19,NA,23,5,1.12,87.60697996,78.22051782,9,1,10,1,6,1,2,1,NA,NA,NA,NA,NA,NA,NA,3,0,NA,63.6728626,42045,4832,5,2,0,2,2,1,2,1,7,0,10,1,"white",1,1,0,0,0,NA,125,0,2,0,2,"rural",0,1,0,1
6915610202,"bus_subway_trolley",691561,2,"Trolley / light rail",4444,4459,23.658,26.417,2.758,1,1,2,4,4,19,NA,23,5,1.13,113.4858605,100.429965,10,1,8,1,6,1,1,NA,1,40,11,4,1,8,2,3,6,NA,106.969976,42045,4444,4,2,2,2,2,3,2,1,99,0,8,0,"white",1,1,1,0,6,0,NA,NA,2,2,2,"suburban",1,1,0,1
6915610203,"bus_subway_trolley",691561,2,"Subway / El",4459,76,36,36.75,0.75,1,1,3,4,2,19,NA,21,5,1.13,113.4858605,100.429965,10,1,8,1,6,1,1,NA,1,40,11,4,1,8,2,3,6,NA,106.969976,42045,4444,4,2,2,2,2,3,2,1,99,0,8,0,"white",1,1,1,0,6,0,NA,NA,2,2,2,"suburban",1,1,0,1
6915610206,"bus_subway_trolley",691561,2,"Subway / El",76,76,9.988,9.265,-0.723,1,1,6,2,2,5,NA,21,5,1.13,113.4858605,100.429965,10,1,8,1,6,1,1,NA,1,40,11,4,1,8,2,3,6,NA,106.969976,42045,4444,4,2,2,2,2,3,2,1,99,0,8,0,"white",1,1,1,0,6,0,NA,NA,2,2,2,"suburban",1,1,0,1
6915610207,"bus_subway_trolley",691561,2,"Trolley / light rail",76,76,7.665,9.244,1.579,1,1,7,2,2,19,NA,23,5,1.13,113.4858605,100.429965,10,1,8,1,6,1,1,NA,1,40,11,4,1,8,2,3,6,NA,106.969976,42045,4444,4,2,2,2,2,3,2,1,99,0,8,0,"white",1,1,1,0,6,0,NA,NA,2,2,2,"suburban",1,1,0,1
6953780101,"bus_subway_trolley",695378,1,"Bus / trolleybus",2023,135,41.081,40.827,-0.254,2,1,1,1,4,1,NA,14,5,1.17,213.6226069,182.5834247,2,2,9,2,2,2,2,2,NA,NA,NA,NA,NA,NA,NA,3,3,NA,305.7923578,42101,2023,3,2,0,0,0,0,2,2,3,1,9,0,"black",0,0,0,0,3,NA,30,1,2,0,0,"urban",0,1,1,0
6953780201,"bus_subway_trolley",695378,2,"Bus / trolleybus",2023,135,41.081,40.827,-0.254,2,1,1,1,4,1,NA,14,5,1.17,152.2821425,130.1556774,2,1,9,2,2,2,2,2,NA,NA,NA,NA,NA,NA,NA,3,0,NA,305.7923578,42101,2023,3,2,0,0,0,0,2,2,3,0,9,0,"black",0,0,0,0,0,NA,30,1,2,0,0,"urban",0,1,1,0
6954690205,"bus_subway_trolley",695469,2,"Trolley / light rail",1040,1017,25.358,27.012,1.654,1,2,5,4,2,19,NA,23,5,1.12,195.8878517,174.8998676,8,1,6,1,6,1,1,NA,1,55,19,4,0,2,1,3,8,NA,269.9617075,42101,2426,4,2,2,1,1,2,2,2,6,0,6,0,"white",1,1,1,0,8,1,87.5,0,2,2,1,"suburban",1,1,0,0.5
6955500103,"bus_subway_trolley",695550,1,"Bus / trolleybus",10422,10404,69.275,72.3,3.025,2,1,3,4,4,19,NA,14,5,1.17,3559.739659,3042.512529,6,1,9,1,3,2,2,2,NA,NA,NA,NA,NA,NA,NA,98,6,NA,441.470362,42091,10407,5,1,0,0,0,1,2,1,1,0,9,0,"white",0,0,0,NA,6,NA,5,1,1,0,0,"rural",0,1,1,0
6955500104,"bus_subway_trolley",695550,1,"Bus / trolleybus",10404,10422,59.957,71.1,11.143,2,1,4,4,4,16,NA,14,5,1.17,3559.739659,3042.512529,6,1,9,1,3,2,2,2,NA,NA,NA,NA,NA,NA,NA,98,6,NA,441.470362,42091,10407,5,1,0,0,0,1,2,1,1,0,9,0,"white",0,0,0,NA,6,NA,5,1,1,0,0,"rural",0,1,1,0
6955500105,"bus_subway_trolley",695550,1,"Bus / trolleybus",10422,10434,81.183,86.183,5,2,1,5,4,4,19,NA,14,5,1.17,3559.739659,3042.512529,6,1,9,1,3,2,2,2,NA,NA,NA,NA,NA,NA,NA,98,6,NA,441.470362,42091,10407,5,1,0,0,0,1,2,1,1,0,9,0,"white",0,0,0,NA,6,NA,5,1,1,0,0,"rural",0,1,1,0
6978890101,"bus_subway_trolley",697889,1,"Bus / trolleybus",2415,2413,13.56,12.902,-0.658,1,1,1,1,2,1,NA,14,5,1.17,207.4414478,177.3003828,5,2,8,2,5,2,1,NA,1,20,21,4,0,3,2,3,16,NA,393.0130441,42101,2415,3,2,1,0,0,2,2,2,3,1,8,0,"black",1,0,1,0,16,0,30,1,2,1,0,"urban",1,1,1,0
6978890102,"bus_subway_trolley",697889,1,"Bus / trolleybus",2413,2606,31.212,29.333,-1.879,1,1,2,2,4,5,NA,14,5,1.17,207.4414478,177.3003828,5,2,8,2,5,2,1,NA,1,20,21,4,0,3,2,3,16,NA,393.0130441,42101,2415,3,2,1,0,0,2,2,2,3,1,8,0,"black",1,0,1,0,16,0,30,1,2,1,0,"urban",1,1,1,0
6978890103,"bus_subway_trolley",697889,1,"Bus / trolleybus",2606,2615,24.335,22.721,-1.615,1,1,3,4,4,12,NA,14,5,1.17,207.4414478,177.3003828,5,2,8,2,5,2,1,NA,1,20,21,4,0,3,2,3,16,NA,393.0130441,42101,2415,3,2,1,0,0,2,2,2,3,1,8,0,"black",1,0,1,0,16,0,30,1,2,1,0,"urban",1,1,1,0
6978890104,"bus_subway_trolley",697889,1,"Bus / trolleybus",2615,2415,20.275,21.025,0.75,1,1,4,4,1,20,NA,14,5,1.17,207.4414478,177.3003828,5,2,8,2,5,2,1,NA,1,20,21,4,0,3,2,3,16,NA,393.0130441,42101,2415,3,2,1,0,0,2,2,2,3,1,8,0,"black",1,0,1,0,16,0,30,1,2,1,0,"urban",1,1,1,0
6978890201,"bus_subway_trolley",697889,2,"Bus / trolleybus",2415,2615,15.315,16.431,1.117,2,1,1,1,4,1,NA,14,5,1.17,152.2821425,130.1556774,2,1,9,2,2,2,2,2,NA,NA,NA,NA,NA,NA,NA,3,8,NA,393.0130441,42101,2415,3,2,1,0,0,2,2,2,3,0,9,0,"black",0,0,0,0,8,NA,30,1,2,1,0,"urban",0,1,1,0
6978890202,"bus_subway_trolley",697889,2,"Bus / trolleybus",2615,2415,21.15,20.15,-1,2,1,2,4,1,16,NA,14,5,1.17,152.2821425,130.1556774,2,1,9,2,2,2,2,2,NA,NA,NA,NA,NA,NA,NA,3,8,NA,393.0130441,42101,2415,3,2,1,0,0,2,2,2,3,0,9,0,"black",0,0,0,0,8,NA,30,1,2,1,0,"urban",0,1,1,0
6991330101,"bus_subway_trolley",699133,1,"Bus / trolleybus",139,58,20.606,24.902,4.296,3,1,1,2,2,1,NA,14,5,1.15,103.075762,89.63109736,2,1,10,1,6,1,1,NA,1,50,23,4,0,2,2,3,6,NA,51.89662555,42101,139,3,2,2,1,1,0,2,2,8,0,10,1,"white",1,1,1,0,6,0,175,0,2,2,1,"urban",0,0,0,0.5
6991330102,"bus_subway_trolley",699133,1,"Bus / trolleybus",58,139,28.25,29.89,1.64,3,1,2,2,1,5,NA,14,5,1.15,103.075762,89.63109736,2,1,10,1,6,1,1,NA,1,50,23,4,0,2,2,3,6,NA,51.89662555,42101,139,3,2,2,1,1,0,2,2,8,0,10,1,"white",1,1,1,0,6,0,175,0,2,2,1,"urban",0,0,0,0.5
6991330202,"bus_subway_trolley",699133,2,"Bus / trolleybus",61,139,25.502,28.194,2.692,3,1,2,2,1,11,NA,14,5,1.15,110.0817117,95.72322758,2,2,10,1,6,1,1,NA,1,50,11,6,0,1,1,3,7,NA,51.89662555,42101,139,3,2,2,1,1,0,2,2,8,1,10,1,"white",1,1,1,0,7,1,175,0,2,2,1,"urban",0,0,0,0.5
6992980106,"bus_subway_trolley",699298,1,"Bus / trolleybus",95,9,24.283,31.152,6.869,1,2,6,4,1,6,NA,14,5,1.15,120.1042434,104.4384725,6,2,7,1,5,1,1,NA,1,40,41,NA,NA,NA,NA,3,0,NA,129.8152217,42101,9,3,5,2,1,1,3,2,2,9,1,7,0,"white",1,1,1,0,0,NA,225,0,5,2,1,"urban",1,1,0,0.2
7009600101,"bus_subway_trolley",700960,1,"Bus / trolleybus",2424,12211,66.35,68.975,2.625,2,1,1,1,4,1,NA,14,5,1.17,213.6226069,182.5834247,4,2,9,2,2,1,2,2,NA,NA,NA,NA,NA,NA,NA,3,40,NA,434.9062452,42101,2424,3,1,0,0,0,0,1,5,1,1,9,0,"black",0,1,0,0,40,NA,5,1,1,0,0,"urban",0,1,1,0
7009600102,"bus_subway_trolley",700960,1,"Bus / trolleybus",12211,12238,64.767,65.431,0.665,2,1,2,4,4,8,NA,14,5,1.17,213.6226069,182.5834247,4,2,9,2,2,1,2,2,NA,NA,NA,NA,NA,NA,NA,3,40,NA,434.9062452,42101,2424,3,1,0,0,0,0,1,5,1,1,9,0,"black",0,1,0,0,40,NA,5,1,1,0,0,"urban",0,1,1,0
7009600104,"bus_subway_trolley",700960,1,"Bus / trolleybus",12238,2424,49.367,52.117,2.75,2,1,4,4,1,8,NA,14,5,1.17,213.6226069,182.5834247,4,2,9,2,2,1,2,2,NA,NA,NA,NA,NA,NA,NA,3,40,NA,434.9062452,42101,2424,3,1,0,0,0,0,1,5,1,1,9,0,"black",0,1,0,0,40,NA,5,1,1,0,0,"urban",0,1,1,0
7018990101,"bus_subway_trolley",701899,1,"Subway / El",1016,137,33.233,37.431,4.198,1,1,1,1,2,1,NA,21,5,1.17,330.9505058,282.8636802,2,1,6,1,6,1,1,NA,2,35,25,4,0,2,2,1,5,NA,365.5332947,42101,1016,3,2,2,1,1,3,1,3,4,0,6,0,"white",1,1,1,1,5,0,42.5,0,2,2,1,"urban",1,1,0,0.5
7018990102,"bus_subway_trolley",701899,1,"Subway / El",137,1016,46.917,51.175,4.258,1,1,2,2,1,5,NA,21,5,1.17,330.9505058,282.8636802,2,1,6,1,6,1,1,NA,2,35,25,4,0,2,2,1,5,NA,365.5332947,42101,1016,3,2,2,1,1,3,1,3,4,0,6,0,"white",1,1,1,1,5,0,42.5,0,2,2,1,"urban",1,1,0,0.5
7059570101,"bus_subway_trolley",705957,1,"Subway / El",603,100,31.817,31.317,-0.5,1,1,1,1,2,1,NA,21,5,1.12,267.5501455,238.8840585,4,2,7,100,5,1,1,NA,1,55,11,4,0,2,2,3,10,NA,141.9382209,42101,603,3,2,2,2,1,3,2,2,7,1,7,0,"other",1,1,1,0,10,0,125,0,2,2,2,"urban",1,1,0,1
7081300202,"bus_subway_trolley",708130,2,"Bus / trolleybus",1435,91,37.183,36.004,-1.179,1,1,2,4,2,18,NA,14,5,1.15,145.9208112,126.8876619,3,1,7,1,3,1,1,NA,1,50,13,4,0,2,2,3,10,NA,129.8152217,42101,2404,3,4,2,1,1,1,1,2,8,0,7,0,"white",0,1,1,0,10,0,175,0,4,2,1,"urban",1,1,0,0.25
7081300203,"bus_subway_trolley",708130,2,"Bus / trolleybus",91,2404,46.388,44.977,-1.41,1,1,3,2,1,5,NA,14,5,1.15,145.9208112,126.8876619,3,1,7,1,3,1,1,NA,1,50,13,4,0,2,2,3,10,NA,129.8152217,42101,2404,3,4,2,1,1,1,1,2,8,0,7,0,"white",0,1,1,0,10,0,175,0,4,2,1,"urban",1,1,0,0.25
7081300302,"bus_subway_trolley",708130,3,"Bus / trolleybus",1437,2404,36.317,37.867,1.55,3,1,2,3,3,3,NA,14,5,1.15,148.0369293,128.7277646,2,1,3,2,1,NA,NA,NA,NA,NA,NA,NA,NA,NA,NA,1,10,NA,129.8152217,42101,2404,3,4,2,1,1,1,1,2,8,0,3,0,"black",0,NA,NA,1,10,NA,175,0,4,2,1,"urban",0,0,0,0.25
7082240105,"bus_subway_trolley",708224,1,"Subway / El",1036,90,21.983,23.483,1.5,1,1,5,4,4,1,NA,21,5,1.17,96.19505041,82.21799181,7,1,10,1,5,1,1,NA,1,35,21,4,0,8,1,3,8,NA,98.78021189,42029,7237,4,2,1,2,2,2,2,1,5,0,10,1,"white",1,1,1,0,8,1,62.5,0,2,1,2,"suburban",1,1,0,1
7083360202,"bus_subway_trolley",708336,2,"Bus / trolleybus",56,1818,35.356,39.379,4.023,1,1,2,2,4,5,NA,14,5,1.12,261.5094655,233.4905942,3,2,11,1,5,1,1,NA,1,20,25,4,0,8,1,3,10,NA,157.8420265,42101,1023,3,2,1,2,2,0,2,2,7,1,11,1,"white",1,1,1,0,10,1,125,0,2,1,2,"urban",1,1,0,1
7083360203,"bus_subway_trolley",708336,2,"Bus / trolleybus",1818,1023,44.383,48.542,4.158,1,1,3,4,1,8,NA,14,5,1.12,261.5094655,233.4905942,3,2,11,1,5,1,1,NA,1,20,25,4,0,8,1,3,10,NA,157.8420265,42101,1023,3,2,1,2,2,0,2,2,7,1,11,1,"white",1,1,1,0,10,1,125,0,2,1,2,"urban",1,1,0,1
7093280101,"bus_subway_trolley",709328,1,"Bus / trolleybus",17,133,31.621,31.492,-0.129,3,1,1,4,4,16,NA,14,5,1.17,175.8028296,150.2588287,2,1,8,2,5,1,2,1,NA,NA,NA,NA,NA,NA,NA,3,4,NA,219.7470872,42101,1225,3,2,0,0,0,1,2,2,4,0,8,0,"black",1,1,0,0,4,NA,42.5,0,2,0,0,"urban",0,0,1,0
7093280102,"bus_subway_trolley",709328,1,"Bus / trolleybus",133,1225,34.817,37.017,2.2,3,1,2,4,1,7,NA,14,5,1.17,175.8028296,150.2588287,2,1,8,2,5,1,2,1,NA,NA,NA,NA,NA,NA,NA,3,4,NA,219.7470872,42101,1225,3,2,0,0,0,1,2,2,4,0,8,0,"black",1,1,0,0,4,NA,42.5,0,2,0,0,"urban",0,0,1,0
7093280201,"bus_subway_trolley",709328,2,"Bus / trolleybus",17,133,31.621,31.492,-0.129,3,1,1,4,4,16,NA,14,5,1.17,175.8028296,150.2588287,2,1,8,2,5,2,2,2,NA,NA,NA,NA,NA,NA,NA,3,1,NA,219.7470872,42101,1225,3,2,0,0,0,1,2,2,4,0,8,0,"black",1,0,0,0,1,NA,42.5,0,2,0,0,"urban",0,0,1,0
7093280202,"bus_subway_trolley",709328,2,"Bus / trolleybus",133,1225,34.817,37.017,2.2,3,1,2,4,1,7,NA,14,5,1.17,175.8028296,150.2588287,2,1,8,2,5,2,2,2,NA,NA,NA,NA,NA,NA,NA,3,1,NA,219.7470872,42101,1225,3,2,0,0,0,1,2,2,4,0,8,0,"black",1,0,0,0,1,NA,42.5,0,2,0,0,"urban",0,0,1,0
7106040202,"bus_subway_trolley",710604,2,"Subway / El",90,2632,40.921,40.406,-0.515,1,1,2,2,4,5,NA,21,5,1.15,107.7371145,93.68444736,6,1,10,1,6,1,1,NA,2,40,23,2,0,3,8,3,4,NA,54.81711282,42101,2419,4,3,2,2,2,3,1,1,10,0,10,1,"white",1,1,1,0,4,NA,300,0,3,2,2,"suburban",1,1,0,0.666666666666667
7106040203,"bus_subway_trolley",710604,2,"Subway / El",2632,74,44.633,45.133,0.5,1,1,3,4,4,13,NA,21,5,1.15,107.7371145,93.68444736,6,1,10,1,6,1,1,NA,2,40,23,2,0,3,8,3,4,NA,54.81711282,42101,2419,4,3,2,2,2,3,1,1,10,0,10,1,"white",1,1,1,0,4,NA,300,0,3,2,2,"suburban",1,1,0,0.666666666666667
7108500202,"bus_subway_trolley",710850,2,"Bus / trolleybus",2211,2004,83.969,88.581,4.612,2,1,2,4,1,3,NA,14,5,1.12,515.8015262,460.5370769,2,1,8,2,5,1,1,NA,1,45,41,NA,NA,NA,NA,3,0,NA,347.9257146,42101,2004,4,4,2,2,2,1,2,2,6,0,8,0,"black",1,1,1,0,0,NA,87.5,0,4,2,2,"suburban",0,1,0,0.5
7108500402,"bus_subway_trolley",710850,4,"Bus / trolleybus",84,2004,68.742,69.45,0.708,2,1,2,3,1,3,NA,14,5,1.12,657.5569487,587.1044185,2,2,3,2,1,NA,NA,NA,NA,NA,NA,NA,NA,NA,NA,1,2,NA,347.9257146,42101,2004,4,4,2,2,2,1,2,2,6,1,3,0,"black",0,NA,NA,1,2,NA,87.5,0,4,2,2,"suburban",0,1,0,0.5
7112300102,"bus_subway_trolley",711230,1,"Bus / trolleybus",4207,1012,78.88,88.687,9.807,1,1,2,4,2,19,NA,14,5,1.17,204.5741361,174.849689,5,2,7,1,6,1,1,NA,2,40,21,4,0,1,1,3,10,NA,615.5256787,42045,4237,4,4,2,1,1,2,2,1,4,1,7,0,"white",1,1,1,0,10,1,42.5,0,4,2,1,"suburban",1,1,0,0.25
7139750301,"bus_subway_trolley",713975,3,"Bus / trolleybus",2820,91,57.85,60.1,2.25,1,1,1,1,2,1,NA,14,5,1.13,341.5125604,302.2235048,2,1,8,1,3,1,1,NA,1,40,13,4,0,8,2,3,1,NA,116.5645037,42101,2820,3,3,1,2,2,0,2,2,99,0,8,0,"white",0,1,1,0,1,0,NA,NA,3,1,2,"urban",1,1,0,0.666666666666667
7139750302,"bus_subway_trolley",713975,3,"Bus / trolleybus",91,2820,69.875,71.713,1.838,1,1,2,2,1,5,NA,14,5,1.13,341.5125604,302.2235048,2,1,8,1,3,1,1,NA,1,40,13,4,0,8,2,3,1,NA,116.5645037,42101,2820,3,3,1,2,2,0,2,2,99,0,8,0,"white",0,1,1,0,1,0,NA,NA,3,1,2,"urban",1,1,0,0.666666666666667
7155170102,"bus_subway_trolley",715517,1,"Bus / trolleybus",1610,1610,8.771,9.171,0.4,2,1,2,4,4,11,NA,14,5,1.17,129.2568325,110.4759252,7,1,9,1,3,2,2,2,NA,NA,NA,NA,NA,NA,NA,3,21,NA,482.4406172,42101,1607,3,1,0,0,0,0,2,3,1,0,9,0,"white",0,0,0,0,21,NA,5,1,1,0,0,"urban",0,1,1,0
7155170103,"bus_subway_trolley",715517,1,"Subway / El",1610,71,37.7,41.95,4.25,2,1,3,4,4,19,NA,21,5,1.17,129.2568325,110.4759252,7,1,9,1,3,2,2,2,NA,NA,NA,NA,NA,NA,NA,3,21,NA,482.4406172,42101,1607,3,1,0,0,0,0,2,3,1,0,9,0,"white",0,0,0,0,21,NA,5,1,1,0,0,"urban",0,1,1,0
7155170104,"bus_subway_trolley",715517,1,"Subway / El",71,71,8.34,9.123,0.783,2,1,4,4,4,8,NA,21,5,1.17,129.2568325,110.4759252,7,1,9,1,3,2,2,2,NA,NA,NA,NA,NA,NA,NA,3,21,NA,482.4406172,42101,1607,3,1,0,0,0,0,2,3,1,0,9,0,"white",0,0,0,0,21,NA,5,1,1,0,0,"urban",0,1,1,0
7155170105,"bus_subway_trolley",715517,1,"Subway / El",71,1406,25.29,26.792,1.502,2,1,5,4,4,8,NA,21,5,1.17,129.2568325,110.4759252,7,1,9,1,3,2,2,2,NA,NA,NA,NA,NA,NA,NA,3,21,NA,482.4406172,42101,1607,3,1,0,0,0,0,2,3,1,0,9,0,"white",0,0,0,0,21,NA,5,1,1,0,0,"urban",0,1,1,0
7155170106,"bus_subway_trolley",715517,1,"Bus / trolleybus",1406,618,30.046,33.05,3.004,2,1,6,4,4,12,NA,14,5,1.17,129.2568325,110.4759252,7,1,9,1,3,2,2,2,NA,NA,NA,NA,NA,NA,NA,3,21,NA,482.4406172,42101,1607,3,1,0,0,0,0,2,3,1,0,9,0,"white",0,0,0,0,21,NA,5,1,1,0,0,"urban",0,1,1,0
7155170107,"bus_subway_trolley",715517,1,"Bus / trolleybus",618,1607,49.767,NA,NA,2,1,7,4,1,12,NA,14,5,1.17,129.2568325,110.4759252,7,1,9,1,3,2,2,2,NA,NA,NA,NA,NA,NA,NA,3,21,NA,482.4406172,42101,1607,3,1,0,0,0,0,2,3,1,0,9,0,"white",0,0,0,0,21,NA,5,1,1,0,0,"urban",0,1,1,0
7186030101,"bus_subway_trolley",718603,1,"Bus / trolleybus",7034,7021,41.067,41.067,0,3,1,1,4,1,8,NA,14,5,1.17,1397.686674,1194.603995,1,1,8,1,2,1,2,4,NA,NA,NA,NA,NA,NA,NA,3,6,NA,230.1815623,42029,7021,3,1,0,0,0,1,2,4,2,0,8,0,"white",0,1,0,0,6,NA,17.5,1,1,0,0,"urban",0,0,1,0
7190080103,"bus_subway_trolley",719008,1,"Bus / trolleybus",5,414,35.508,36.696,1.188,1,1,3,4,2,19,NA,14,5,1.15,103.075762,89.63109736,12,1,9,1,6,1,1,NA,1,50,25,4,0,2,2,3,10,NA,51.89662555,42101,3,3,2,2,1,1,2,1,2,10,0,9,0,"white",1,1,1,0,10,0,300,0,2,2,1,"urban",1,1,0,0.5
7193950201,"bus_subway_trolley",719395,2,"Bus / trolleybus",3034,1206,89.883,86.883,-3,2,1,1,1,4,1,NA,14,5,1.17,378.1318349,323.1896025,2,1,7,1,3,1,2,2,NA,NA,NA,NA,NA,NA,NA,3,3,NA,482.1582145,42101,3034,4,2,1,1,1,1,1,3,4,0,7,0,"white",0,1,0,0,3,NA,42.5,0,2,1,1,"suburban",0,1,0,0.5
7193950202,"bus_subway_trolley",719395,2,"Subway / El",1206,3034,92.825,94.071,1.246,2,1,2,4,1,96,NA,21,5,1.17,378.1318349,323.1896025,2,1,7,1,3,1,2,2,NA,NA,NA,NA,NA,NA,NA,3,3,NA,482.1582145,42101,3034,4,2,1,1,1,1,1,3,4,0,7,0,"white",0,1,0,0,3,NA,42.5,0,2,1,1,"suburban",0,1,0,0.5
7196350102,"bus_subway_trolley",719635,1,"Trolley / light rail",1018,73,16.248,16.55,0.302,2,1,2,4,4,6,NA,23,5,1.17,195.7140583,167.2769729,4,2,10,2,3,1,2,1,NA,NA,NA,NA,NA,NA,NA,3,4,NA,312.2246993,42101,1210,3,1,0,0,0,0,2,3,3,1,10,1,"black",0,1,0,0,4,NA,30,1,1,0,0,"urban",0,1,1,0
7196350104,"bus_subway_trolley",719635,1,"Trolley / light rail",90,1210,30.015,34.183,4.169,2,1,4,4,1,8,NA,23,5,1.17,195.7140583,167.2769729,4,2,10,2,3,1,2,1,NA,NA,NA,NA,NA,NA,NA,3,4,NA,312.2246993,42101,1210,3,1,0,0,0,0,2,3,3,1,10,1,"black",0,1,0,0,4,NA,30,1,1,0,0,"urban",0,1,1,0
7200840101,"bus_subway_trolley",720084,1,"Bus / trolleybus",3401,3616,NA,NA,NA,2,1,1,1,4,1,NA,14,5,1.17,805.6845234,688.6192508,3,1,6,3,4,2,2,4,NA,NA,NA,NA,NA,NA,NA,3,5,NA,707.2955634,42101,3401,3,3,2,0,0,0,2,3,3,0,6,0,"hispanic",0,0,0,0,5,NA,30,1,3,2,0,"urban",0,1,1,0
7200840201,"bus_subway_trolley",720084,2,"Bus / trolleybus",3401,1610,66.15,35.271,-30.879,1,1,1,1,4,1,NA,14,5,1.17,197.892382,169.138788,12,1,9,3,5,2,1,NA,2,40,33,4,0,8,2,3,40,NA,707.2955634,42101,3401,3,3,2,0,0,0,2,3,3,0,9,0,"hispanic",1,0,1,0,40,0,30,1,3,2,0,"urban",1,1,1,0
7200840202,"bus_subway_trolley",720084,2,"Subway / El",1610,1035,54.283,58.033,3.75,1,1,2,4,4,19,NA,21,5,1.17,197.892382,169.138788,12,1,9,3,5,2,1,NA,2,40,33,4,0,8,2,3,40,NA,707.2955634,42101,3401,3,3,2,0,0,0,2,3,3,0,9,0,"hispanic",1,0,1,0,40,0,30,1,3,2,0,"urban",1,1,1,0
7200840205,"bus_subway_trolley",720084,2,"Subway / El",1035,76,21.25,23.467,2.217,1,1,5,4,4,19,NA,21,5,1.17,197.892382,169.138788,12,1,9,3,5,2,1,NA,2,40,33,4,0,8,2,3,40,NA,707.2955634,42101,3401,3,3,2,0,0,0,2,3,3,0,9,0,"hispanic",1,0,1,0,40,0,30,1,3,2,0,"urban",1,1,1,0
7200840207,"bus_subway_trolley",720084,2,"Bus / trolleybus",80,814,30.119,32.017,1.898,1,1,7,4,4,19,NA,14,5,1.17,197.892382,169.138788,12,1,9,3,5,2,1,NA,2,40,33,4,0,8,2,3,40,NA,707.2955634,42101,3401,3,3,2,0,0,0,2,3,3,0,9,0,"hispanic",1,0,1,0,40,0,30,1,3,2,0,"urban",1,1,1,0
7200840210,"bus_subway_trolley",720084,2,"Bus / trolleybus",814,76,30.669,30.85,0.181,1,1,10,4,4,19,NA,14,5,1.17,197.892382,169.138788,12,1,9,3,5,2,1,NA,2,40,33,4,0,8,2,3,40,NA,707.2955634,42101,3401,3,3,2,0,0,0,2,3,3,0,9,0,"hispanic",1,0,1,0,40,0,30,1,3,2,0,"urban",1,1,1,0
7200840211,"bus_subway_trolley",720084,2,"Subway / El",76,1610,81.2,97.9,16.7,1,1,11,4,4,19,NA,21,5,1.17,197.892382,169.138788,12,1,9,3,5,2,1,NA,2,40,33,4,0,8,2,3,40,NA,707.2955634,42101,3401,3,3,2,0,0,0,2,3,3,0,9,0,"hispanic",1,0,1,0,40,0,30,1,3,2,0,"urban",1,1,1,0
7200840212,"bus_subway_trolley",720084,2,"Bus / trolleybus",1610,3401,117.95,NA,NA,1,1,12,4,1,19,NA,14,5,1.17,197.892382,169.138788,12,1,9,3,5,2,1,NA,2,40,33,4,0,8,2,3,40,NA,707.2955634,42101,3401,3,3,2,0,0,0,2,3,3,0,9,0,"hispanic",1,0,1,0,40,0,30,1,3,2,0,"urban",1,1,1,0
7200840301,"bus_subway_trolley",720084,3,"Bus / trolleybus",3401,3610,36.633,NA,NA,2,1,1,1,4,1,NA,14,5,1.17,434.3528771,371.2417753,3,2,9,3,2,2,1,NA,1,30,35,4,0,8,2,3,4,NA,707.2955634,42101,3401,3,3,2,0,0,0,2,3,3,1,9,0,"hispanic",0,0,1,0,4,0,30,1,3,2,0,"urban",0,1,1,0
7218350101,"bus_subway_trolley",721835,1,"Bus / trolleybus",74,10012,60.223,64.748,4.525,3,1,1,2,2,3,NA,14,5,1.17,1515.948933,1295.682848,2,2,8,2,2,2,1,NA,1,20,41,4,0,2,2,3,10,NA,544.617553,42045,4459,4,3,2,0,0,0,2,3,2,1,8,0,"black",0,0,1,0,10,0,17.5,1,3,2,0,"suburban",0,0,1,0
7218350102,"bus_subway_trolley",721835,1,"Bus / trolleybus",10012,4459,47.567,55.175,7.608,3,1,2,2,1,5,NA,14,5,1.17,1515.948933,1295.682848,2,2,8,2,2,2,1,NA,1,20,41,4,0,2,2,3,10,NA,544.617553,42045,4459,4,3,2,0,0,0,2,3,2,1,8,0,"black",0,0,1,0,10,0,17.5,1,3,2,0,"suburban",0,0,1,0
7218350201,"bus_subway_trolley",721835,2,"Bus / trolleybus",4453,5053,88.573,96.117,7.544,3,1,1,2,2,14,NA,14,5,1.17,2907.160527,2484.752587,2,1,6,2,4,2,1,NA,1,20,41,4,0,2,2,3,4,NA,544.617553,42045,4459,4,3,2,0,0,0,2,3,2,0,6,0,"black",0,0,1,0,4,0,17.5,1,3,2,0,"suburban",0,0,1,0
7218350202,"bus_subway_trolley",721835,2,"Bus / trolleybus",5053,4459,65.003,83.5,18.497,3,1,2,2,1,5,NA,14,5,1.17,2907.160527,2484.752587,2,1,6,2,4,2,1,NA,1,20,41,4,0,2,2,3,4,NA,544.617553,42045,4459,4,3,2,0,0,0,2,3,2,0,6,0,"black",0,0,1,0,4,0,17.5,1,3,2,0,"suburban",0,0,1,0
7218350301,"bus_subway_trolley",721835,3,"Bus / trolleybus",1225,4459,46.017,44.906,-1.11,3,1,1,4,1,6,NA,14,5,1.17,201.4855368,172.2098605,1,1,9,2,2,2,2,2,NA,NA,NA,NA,NA,NA,NA,3,3,NA,544.617553,42045,4459,4,3,2,0,0,0,2,3,2,0,9,0,"black",0,0,0,0,3,NA,17.5,1,3,2,0,"suburban",0,0,1,0
7225010102,"bus_subway_trolley",722501,1,"Bus / trolleybus",59,5,19.127,23.573,4.446,2,1,2,4,4,19,NA,14,5,1.17,110.9586875,94.83648505,5,1,10,1,4,1,2,1,NA,NA,NA,NA,NA,NA,NA,3,4,NA,215.8618035,42101,28,1,2,0,0,0,0,1,5,4,0,10,1,"white",0,1,0,0,4,NA,42.5,0,2,0,0,"cbd",0,1,1,0
7225010202,"bus_subway_trolley",722501,2,"Bus / trolleybus",59,38,12.927,13.733,0.806,2,1,2,4,4,19,NA,14,5,1.17,105.2570646,89.96330309,5,1,11,1,5,1,2,1,NA,NA,NA,NA,NA,NA,NA,3,4,NA,215.8618035,42101,28,1,2,0,0,0,0,1,5,4,0,11,1,"white",1,1,0,0,4,NA,42.5,0,2,0,0,"cbd",0,1,1,0
7230170102,"bus_subway_trolley",723017,1,"Subway / El",5017,98,68.85,65.35,-3.5,1,1,2,4,2,19,NA,21,5,1.12,88.12044088,78.67896507,5,1,11,1,5,1,1,NA,1,40,17,4,0,8,1,3,14,NA,98.744416,42045,5013,4,1,1,1,0,0,2,1,6,0,11,1,"white",1,1,1,0,14,1,87.5,0,1,1,1,"suburban",1,1,0,1
7230170104,"bus_subway_trolley",723017,1,"Subway / El",76,98,10.275,8.252,-2.023,1,1,4,4,2,19,NA,21,5,1.12,88.12044088,78.67896507,5,1,11,1,5,1,1,NA,1,40,17,4,0,8,1,3,14,NA,98.744416,42045,5013,4,1,1,1,0,0,2,1,6,0,11,1,"white",1,1,1,0,14,1,87.5,0,1,1,1,"suburban",1,1,0,1
7238160101,"bus_subway_trolley",723816,1,"Bus / trolleybus",1225,1026,31.004,30.779,-0.225,2,1,1,1,4,1,NA,14,5,1.12,235.4482245,210.221629,5,2,9,2,6,1,1,NA,1,36,41,4,6,3,2,3,30,NA,367.4334267,42101,1225,3,4,2,1,1,3,1,2,6,1,9,0,"black",1,1,1,0,30,0,87.5,0,4,2,1,"urban",0,1,0,0.25
7238160102,"bus_subway_trolley",723816,1,"Bus / trolleybus",1026,1027,24.488,26.256,1.769,2,1,2,4,4,6,NA,14,5,1.12,235.4482245,210.221629,5,2,9,2,6,1,1,NA,1,36,41,4,6,3,2,3,30,NA,367.4334267,42101,1225,3,4,2,1,1,3,1,2,6,1,9,0,"black",1,1,1,0,30,0,87.5,0,4,2,1,"urban",0,1,0,0.25
7238160103,"bus_subway_trolley",723816,1,"Bus / trolleybus",1027,1225,29.396,31.381,1.985,2,1,3,4,1,13,NA,14,5,1.12,235.4482245,210.221629,5,2,9,2,6,1,1,NA,1,36,41,4,6,3,2,3,30,NA,367.4334267,42101,1225,3,4,2,1,1,3,1,2,6,1,9,0,"black",1,1,1,0,30,0,87.5,0,4,2,1,"urban",0,1,0,0.25
7238160104,"bus_subway_trolley",723816,1,"Bus / trolleybus",1225,1031,30.452,30.488,0.035,2,2,4,1,4,1,NA,14,5,1.12,235.4482245,210.221629,5,2,9,2,6,1,1,NA,1,36,41,4,6,3,2,3,30,NA,367.4334267,42101,1225,3,4,2,1,1,3,1,2,6,1,9,0,"black",1,1,1,0,30,0,87.5,0,4,2,1,"urban",0,1,0,0.25
7238160105,"bus_subway_trolley",723816,1,"Bus / trolleybus",1031,1225,29.454,26.492,-2.963,2,2,5,4,1,12,NA,14,5,1.12,235.4482245,210.221629,5,2,9,2,6,1,1,NA,1,36,41,4,6,3,2,3,30,NA,367.4334267,42101,1225,3,4,2,1,1,3,1,2,6,1,9,0,"black",1,1,1,0,30,0,87.5,0,4,2,1,"urban",0,1,0,0.25
7238160205,"bus_subway_trolley",723816,2,"Bus / trolleybus",1040,1225,40.183,35.169,-5.015,3,1,5,4,1,19,NA,14,5,1.12,333.7392031,297.9814313,5,1,8,2,6,1,1,NA,2,70,25,4,0,3,2,3,0,NA,367.4334267,42101,1225,3,4,2,1,1,3,1,2,6,0,8,0,"black",1,1,1,0,0,0,87.5,0,4,2,1,"urban",0,0,0,0.25
7238160301,"bus_subway_trolley",723816,3,"Bus / trolleybus",1225,1035,31.756,34.477,2.721,2,1,1,1,3,1,NA,14,5,1.12,491.8547825,439.1560558,4,1,5,2,1,1,2,6,NA,NA,NA,NA,NA,NA,NA,1,12,NA,367.4334267,42101,1225,3,4,2,1,1,3,1,2,6,0,5,0,"black",0,1,0,1,12,NA,87.5,0,4,2,1,"urban",0,1,0,0.25
7238160303,"bus_subway_trolley",723816,3,"Bus / trolleybus",1211,1233,32.41,33.146,0.735,2,1,3,4,4,19,NA,14,5,1.12,491.8547825,439.1560558,4,1,5,2,1,1,2,6,NA,NA,NA,NA,NA,NA,NA,1,12,NA,367.4334267,42101,1225,3,4,2,1,1,3,1,2,6,0,5,0,"black",0,1,0,1,12,NA,87.5,0,4,2,1,"urban",0,1,0,0.25
7238160304,"bus_subway_trolley",723816,3,"Bus / trolleybus",1233,1225,18.179,17.86,-0.319,2,1,4,4,1,19,NA,14,5,1.12,491.8547825,439.1560558,4,1,5,2,1,1,2,6,NA,NA,NA,NA,NA,NA,NA,1,12,NA,367.4334267,42101,1225,3,4,2,1,1,3,1,2,6,0,5,0,"black",0,1,0,1,12,NA,87.5,0,4,2,1,"urban",0,1,0,0.25
7244310102,"bus_subway_trolley",724431,1,"Bus / trolleybus",8009,85,103.1,99.057,-4.043,1,1,2,4,2,19,NA,14,5,1.17,94.0612493,80.39423017,6,2,10,1,6,1,1,NA,1,16,19,3,0,1,8,3,4,NA,151.067073,42029,6602,5,2,1,2,2,0,2,2,4,1,10,1,"white",1,1,1,0,4,NA,42.5,0,2,1,2,"rural",1,1,0,1
7259750101,"bus_subway_trolley",725975,1,"Bus / trolleybus",810,60,23.194,26.819,3.625,3,1,1,4,4,19,NA,14,5,1.17,136.0487694,116.2809995,3,1,7,5,6,2,1,NA,1,40,43,3,10,3,2,3,4,NA,656.9249092,42101,804,3,3,2,0,0,0,2,2,3,0,7,0,"asian",1,0,1,0,4,0,30,1,3,2,0,"urban",0,0,1,0
7259750201,"bus_subway_trolley",725975,2,"Bus / trolleybus",91,811,33.029,33.25,0.221,3,1,1,2,1,5,NA,14,5,1.17,131.5558862,112.4409284,4,2,7,5,6,2,1,NA,1,40,43,3,0,2,2,3,2,NA,656.9249092,42101,804,3,3,2,0,0,0,2,2,3,1,7,0,"asian",1,0,1,0,2,0,30,1,3,2,0,"urban",0,0,1,0
7259750202,"bus_subway_trolley",725975,2,"Bus / trolleybus",811,803,17.863,15.446,-2.417,2,2,2,1,4,1,NA,14,5,1.17,131.5558862,112.4409284,4,2,7,5,6,2,1,NA,1,40,43,3,0,2,2,3,2,NA,656.9249092,42101,804,3,3,2,0,0,0,2,2,3,1,7,0,"asian",1,0,1,0,2,0,30,1,3,2,0,"urban",0,1,1,0
7259750203,"bus_subway_trolley",725975,2,"Bus / trolleybus",803,817,23.465,22.392,-1.073,2,2,3,4,4,8,NA,14,5,1.17,131.5558862,112.4409284,4,2,7,5,6,2,1,NA,1,40,43,3,0,2,2,3,2,NA,656.9249092,42101,804,3,3,2,0,0,0,2,2,3,1,7,0,"asian",1,0,1,0,2,0,30,1,3,2,0,"urban",0,1,1,0
7272680101,"bus_subway_trolley",727268,1,"Bus / trolleybus",56,56,8.696,7.915,-0.781,3,1,1,4,2,1,NA,14,5,1.12,377.9639933,337.4678512,2,1,7,1,6,1,1,NA,1,60,29,4,0,2,1,3,10,NA,193.5636386,42101,824,3,2,2,2,2,3,2,5,6,0,7,0,"white",1,1,1,0,10,1,87.5,0,2,2,2,"urban",0,0,0,1
7281760101,"bus_subway_trolley",728176,1,"Bus / trolleybus",1021,91,25.3,29.392,4.092,1,1,1,1,2,1,NA,14,5,1.17,907.5562922,775.6891386,2,2,7,3,5,1,1,NA,1,40,23,4,0,2,2,3,10,NA,345.5485017,42101,1021,3,1,1,1,1,0,2,4,4,1,7,0,"hispanic",1,1,1,0,10,0,42.5,0,1,1,1,"urban",1,1,0,1
7281760102,"bus_subway_trolley",728176,1,"Bus / trolleybus",91,1021,30.573,25.577,-4.996,1,1,2,2,1,12,NA,14,5,1.17,907.5562922,775.6891386,2,2,7,3,5,1,1,NA,1,40,23,4,0,2,2,3,10,NA,345.5485017,42101,1021,3,1,1,1,1,0,2,4,4,1,7,0,"hispanic",1,1,1,0,10,0,42.5,0,1,1,1,"urban",1,1,0,1
7286230101,"bus_subway_trolley",728623,1,"Bus / trolleybus",138,38,28.367,34.429,6.063,2,1,1,1,4,1,NA,14,5,1.12,146.4958842,130.7998966,3,2,9,1,6,1,2,1,NA,NA,NA,NA,NA,NA,NA,3,0,NA,124.5052791,42101,139,3,2,0,1,1,0,2,2,7,1,9,0,"white",1,1,0,0,0,NA,125,0,2,0,1,"urban",0,1,0,0.5
7286230103,"bus_subway_trolley",728623,1,"Bus / trolleybus",90,138,22.658,23.856,1.198,2,1,3,4,1,8,NA,14,5,1.12,146.4958842,130.7998966,3,2,9,1,6,1,2,1,NA,NA,NA,NA,NA,NA,NA,3,0,NA,124.5052791,42101,139,3,2,0,1,1,0,2,2,7,1,9,0,"white",1,1,0,0,0,NA,125,0,2,0,1,"urban",0,1,0,0.5
7294550301,"bus_subway_trolley",729455,3,"Bus / trolleybus",3406,133,78.948,77.815,-1.133,2,1,1,1,3,1,NA,14,5,1.12,226.1308492,201.9025439,3,1,3,1,1,NA,NA,NA,NA,NA,NA,NA,NA,NA,NA,1,10,NA,295.1256087,42101,3406,4,4,2,2,2,2,2,2,7,0,3,0,"white",0,NA,NA,1,10,NA,125,0,4,2,2,"suburban",0,1,0,0.5
7296440110,"bus_subway_trolley",729644,1,"Bus / trolleybus",92,2210,NA,NA,NA,1,1,10,4,4,19,NA,14,5,1.17,141.7865984,121.1851268,13,2,8,1,6,1,1,NA,3,45,43,1,0,3,2,3,0,NA,310.1762019,42029,6626,3,1,1,1,1,0,2,3,4,1,8,0,"white",1,1,1,0,0,0,42.5,0,1,1,1,"urban",1,1,0,1
7296440111,"bus_subway_trolley",729644,1,"Bus / trolleybus",2210,92,NA,NA,NA,1,1,11,4,4,15,NA,14,5,1.17,141.7865984,121.1851268,13,2,8,1,6,1,1,NA,3,45,43,1,0,3,2,3,0,NA,310.1762019,42029,6626,3,1,1,1,1,0,2,3,4,1,8,0,"white",1,1,1,0,0,0,42.5,0,1,1,1,"urban",1,1,0,1
7306590104,"bus_subway_trolley",730659,1,"Bus / trolleybus",69,3222,79.365,NA,NA,1,1,4,4,1,96,NA,14,5,1.17,104.79425,89.56773504,4,2,8,1,6,1,1,NA,1,37,11,4,0,2,1,3,20,NA,147.4676375,42101,3222,4,1,1,0,0,1,1,5,5,1,8,0,"white",1,1,1,0,20,1,62.5,0,1,1,0,"suburban",1,1,1,0
7318400101,"bus_subway_trolley",731840,1,"Subway / El",5009,96,40.435,41.206,0.771,1,1,1,1,2,1,NA,21,5,1.12,96.88089306,86.50079738,2,2,9,1,5,1,1,NA,1,40,23,4,0,2,2,3,10,NA,111.2939642,42045,5009,4,1,1,1,1,0,1,2,6,1,9,0,"white",1,1,1,0,10,0,87.5,0,1,1,1,"suburban",1,1,0,1
7318400102,"bus_subway_trolley",731840,1,"Subway / El",96,5009,37.642,35.767,-1.875,1,1,2,2,1,5,NA,21,5,1.12,96.88089306,86.50079738,2,2,9,1,5,1,1,NA,1,40,23,4,0,2,2,3,10,NA,111.2939642,42045,5009,4,1,1,1,1,0,1,2,6,1,9,0,"white",1,1,1,0,10,0,87.5,0,1,1,1,"suburban",1,1,0,1
7321150102,"bus_subway_trolley",732115,1,"Bus / trolleybus",841,834,20.483,27.733,7.25,2,1,2,4,4,19,NA,14,5,1.17,137.0406882,117.1287933,9,1,9,2,2,1,2,2,NA,NA,NA,NA,NA,NA,NA,3,0,NA,228.4384878,42101,840,3,1,0,0,0,0,1,2,2,0,9,0,"black",0,1,0,0,0,NA,17.5,1,1,0,0,"urban",0,1,1,0
7321150103,"bus_subway_trolley",732115,1,"Bus / trolleybus",834,2622,47.1,47.358,0.258,2,1,3,4,4,19,NA,14,5,1.17,137.0406882,117.1287933,9,1,9,2,2,1,2,2,NA,NA,NA,NA,NA,NA,NA,3,0,NA,228.4384878,42101,840,3,1,0,0,0,0,1,2,2,0,9,0,"black",0,1,0,0,0,NA,17.5,1,1,0,0,"urban",0,1,1,0
7321150104,"bus_subway_trolley",732115,1,"Bus / trolleybus",2622,2801,48.621,55.042,6.421,2,1,4,4,4,19,NA,14,5,1.17,137.0406882,117.1287933,9,1,9,2,2,1,2,2,NA,NA,NA,NA,NA,NA,NA,3,0,NA,228.4384878,42101,840,3,1,0,0,0,0,1,2,2,0,9,0,"black",0,1,0,0,0,NA,17.5,1,1,0,0,"urban",0,1,1,0
7321150106,"bus_subway_trolley",732115,1,"Bus / trolleybus",2807,2618,47.754,55.481,7.727,2,1,6,4,4,19,NA,14,5,1.17,137.0406882,117.1287933,9,1,9,2,2,1,2,2,NA,NA,NA,NA,NA,NA,NA,3,0,NA,228.4384878,42101,840,3,1,0,0,0,0,1,2,2,0,9,0,"black",0,1,0,0,0,NA,17.5,1,1,0,0,"urban",0,1,1,0
7321150108,"bus_subway_trolley",732115,1,"Bus / trolleybus",2622,834,49.983,52.233,2.25,2,1,8,4,4,19,NA,14,5,1.17,137.0406882,117.1287933,9,1,9,2,2,1,2,2,NA,NA,NA,NA,NA,NA,NA,3,0,NA,228.4384878,42101,840,3,1,0,0,0,0,1,2,2,0,9,0,"black",0,1,0,0,0,NA,17.5,1,1,0,0,"urban",0,1,1,0
7321150109,"bus_subway_trolley",732115,1,"Bus / trolleybus",834,840,19.967,21.548,1.581,2,1,9,4,1,19,NA,14,5,1.17,137.0406882,117.1287933,9,1,9,2,2,1,2,2,NA,NA,NA,NA,NA,NA,NA,3,0,NA,228.4384878,42101,840,3,1,0,0,0,0,1,2,2,0,9,0,"black",0,1,0,0,0,NA,17.5,1,1,0,0,"urban",0,1,1,0
7327690103,"bus_subway_trolley",732769,1,"Bus / trolleybus",42,13,19.062,22.817,3.754,2,2,3,1,4,1,NA,14,5,1.17,110.6558443,94.57764468,4,2,10,1,5,1,2,1,NA,NA,NA,NA,NA,NA,NA,2,1,NA,190.4720163,42101,42,1,1,0,0,0,0,2,5,4,1,10,1,"white",1,1,0,1,1,NA,42.5,0,1,0,0,"cbd",0,1,1,0
7343290302,"bus_subway_trolley",734329,3,"Bus / trolleybus",103,74,8.412,9.342,0.929,2,1,2,3,4,3,NA,14,5,1.12,1612.934473,1440.120065,5,2,3,2,1,NA,NA,NA,NA,NA,NA,NA,NA,NA,NA,1,10,NA,382.3642674,42101,2439,4,4,2,3,2,4,2,1,7,1,3,0,"black",0,NA,NA,1,10,NA,125,0,4,2,3,"suburban",0,1,0,0.75
7347290102,"bus_subway_trolley",734729,1,"Subway / El",2622,41,33.367,36.179,2.812,2,1,2,4,4,19,NA,21,5,1.12,124.090876,110.795425,10,2,9,1,6,1,1,NA,1,45,25,1,0,3,2,3,7,NA,355.2652044,42091,12231,4,2,1,2,2,2,2,2,7,1,9,0,"white",1,1,1,0,7,0,125,0,2,1,2,"suburban",0,1,0,1
7347290105,"bus_subway_trolley",734729,1,"Subway / El",41,2618,39.967,40.381,0.415,2,1,5,4,4,96,NA,21,5,1.12,124.090876,110.795425,10,2,9,1,6,1,1,NA,1,45,25,1,0,3,2,3,7,NA,355.2652044,42091,12231,4,2,1,2,2,2,2,2,7,1,9,0,"white",1,1,1,0,7,0,125,0,2,1,2,"suburban",0,1,0,1
7368370102,"bus_subway_trolley",736837,1,"Subway / El",1401,4454,61.929,66.175,4.246,2,1,2,4,4,6,NA,21,5,1.17,137.0198443,117.1109781,5,1,9,2,3,2,2,2,NA,NA,NA,NA,NA,NA,NA,3,6,NA,213.7295021,42101,426,3,2,0,0,0,0,2,2,5,0,9,0,"black",0,0,0,0,6,NA,62.5,0,2,0,0,"urban",0,1,1,0
7368370103,"bus_subway_trolley",736837,1,"Subway / El",4454,76,28,31.75,3.75,2,1,3,4,4,6,NA,21,5,1.17,137.0198443,117.1109781,5,1,9,2,3,2,2,2,NA,NA,NA,NA,NA,NA,NA,3,6,NA,213.7295021,42101,426,3,2,0,0,0,0,2,2,5,0,9,0,"black",0,0,0,0,6,NA,62.5,0,2,0,0,"urban",0,1,1,0
7368370104,"bus_subway_trolley",736837,1,"Bus / trolleybus",76,133,18.204,15.635,-2.569,2,1,4,4,4,6,NA,14,5,1.17,137.0198443,117.1109781,5,1,9,2,3,2,2,2,NA,NA,NA,NA,NA,NA,NA,3,6,NA,213.7295021,42101,426,3,2,0,0,0,0,2,2,5,0,9,0,"black",0,0,0,0,6,NA,62.5,0,2,0,0,"urban",0,1,1,0
7368370105,"bus_subway_trolley",736837,1,"Subway / El",133,426,42.817,43.067,0.25,2,1,5,4,1,6,NA,21,5,1.17,137.0198443,117.1109781,5,1,9,2,3,2,2,2,NA,NA,NA,NA,NA,NA,NA,3,6,NA,213.7295021,42101,426,3,2,0,0,0,0,2,2,5,0,9,0,"black",0,0,0,0,6,NA,62.5,0,2,0,0,"urban",0,1,1,0
7385020103,"bus_subway_trolley",738502,1,"Bus / trolleybus",23,1037,27.825,32.004,4.179,1,1,3,4,2,19,NA,14,5,1.17,120.6476429,103.1176435,5,2,6,1,5,1,1,NA,1,45,19,4,0,2,2,2,9,NA,318.6405375,42101,22,2,1,1,0,0,0,1,5,4,1,6,0,"white",1,1,1,1,9,0,42.5,0,1,1,0,"cbd",1,1,1,0
7385020105,"bus_subway_trolley",738502,1,"Subway / El",1036,22,29.923,33.992,4.069,1,1,5,4,1,19,NA,21,5,1.17,120.6476429,103.1176435,5,2,6,1,5,1,1,NA,1,45,19,4,0,2,2,2,9,NA,318.6405375,42101,22,2,1,1,0,0,0,1,5,4,1,6,0,"white",1,1,1,1,9,0,42.5,0,1,1,0,"cbd",1,1,1,0
7385840101,"bus_subway_trolley",738584,1,"Bus / trolleybus",83,3423,89.715,91.715,2,3,1,1,4,4,6,NA,14,5,1.13,125.2069195,110.8025836,4,1,8,2,4,2,2,4,NA,NA,NA,NA,NA,NA,NA,3,997,NA,87.21865688,42101,431,3,2,0,0,0,0,2,2,99,0,8,0,"black",0,0,0,0,50,NA,NA,NA,2,0,0,"urban",0,0,1,0
7385840102,"bus_subway_trolley",738584,1,"Subway / El",3423,70,84.617,90.117,5.5,3,1,2,4,4,12,NA,21,5,1.13,125.2069195,110.8025836,4,1,8,2,4,2,2,4,NA,NA,NA,NA,NA,NA,NA,3,997,NA,87.21865688,42101,431,3,2,0,0,0,0,2,2,99,0,8,0,"black",0,0,0,0,50,NA,NA,NA,2,0,0,"urban",0,0,1,0
7385840103,"bus_subway_trolley",738584,1,"Subway / El",70,78,14.64,14.312,-0.327,3,1,3,4,4,11,NA,21,5,1.13,125.2069195,110.8025836,4,1,8,2,4,2,2,4,NA,NA,NA,NA,NA,NA,NA,3,997,NA,87.21865688,42101,431,3,2,0,0,0,0,2,2,99,0,8,0,"black",0,0,0,0,50,NA,NA,NA,2,0,0,"urban",0,0,1,0
7385840104,"bus_subway_trolley",738584,1,"Subway / El",78,431,32.188,34.525,2.337,3,1,4,4,1,8,NA,21,5,1.13,125.2069195,110.8025836,4,1,8,2,4,2,2,4,NA,NA,NA,NA,NA,NA,NA,3,997,NA,87.21865688,42101,431,3,2,0,0,0,0,2,2,99,0,8,0,"black",0,0,0,0,50,NA,NA,NA,2,0,0,"urban",0,0,1,0
7385840202,"bus_subway_trolley",738584,2,"Subway / El",88,431,32.323,35.367,3.044,3,1,2,4,1,12,NA,21,5,1.13,121.9846509,107.9510185,2,1,5,2,1,2,2,4,NA,NA,NA,NA,NA,NA,NA,3,997,NA,87.21865688,42101,431,3,2,0,0,0,0,2,2,99,0,5,0,"black",0,0,0,0,50,NA,NA,NA,2,0,0,"urban",0,0,1,0
7413510101,"bus_subway_trolley",741351,1,"Bus / trolleybus",4025,4207,61.65,61.65,0,3,1,1,4,1,6,NA,14,5,1.17,739.106053,631.7145752,1,2,8,1,2,2,1,NA,1,40,99,4,0,8,2,3,20,NA,257.8447999,42045,4207,4,2,1,0,0,0,2,1,2,1,8,0,"white",0,0,1,0,20,0,17.5,1,2,1,0,"suburban",0,0,1,0
7413510201,"bus_subway_trolley",741351,2,"Bus / trolleybus",4236,4207,55.525,62.55,7.025,3,1,1,2,1,5,NA,14,5,1.17,1288.543206,1101.31898,1,2,5,1,2,2,2,4,NA,NA,NA,NA,NA,NA,NA,3,20,NA,257.8447999,42045,4207,4,2,1,0,0,0,2,1,2,1,5,0,"white",0,0,0,0,20,NA,17.5,1,2,1,0,"suburban",0,0,1,0
7422620101,"bus_subway_trolley",742262,1,"Bus / trolleybus",2814,74,64.81,70.915,6.104,1,1,1,1,2,1,NA,14,5,1.17,157.7616132,134.8389857,2,2,9,1,4,2,1,NA,1,25,29,4,0,8,2,3,8,NA,731.8138797,42101,2814,3,3,1,0,0,2,2,2,2,1,9,0,"white",0,0,1,0,8,0,17.5,1,3,1,0,"urban",1,1,1,0
7430200101,"bus_subway_trolley",743020,1,"Bus / trolleybus",2410,1610,46.381,51.877,5.496,3,1,1,4,1,96,NA,14,5,1.17,4065.51417,3474.798436,1,2,8,1,99,2,2,2,NA,NA,NA,NA,NA,NA,NA,3,49,NA,547.3904668,42101,1610,3,2,0,0,0,1,2,3,1,1,8,0,"white",NA,0,0,0,49,NA,5,1,2,0,0,"urban",0,0,1,0
7430200201,"bus_subway_trolley",743020,2,"Bus / trolleybus",1233,1610,62.212,72.833,10.621,3,1,1,4,1,96,NA,14,5,1.17,129.295716,110.509159,1,1,9,1,2,1,2,2,NA,NA,NA,NA,NA,NA,NA,3,20,NA,547.3904668,42101,1610,3,2,0,0,0,1,2,3,1,0,9,0,"white",0,1,0,0,20,NA,5,1,2,0,0,"urban",0,0,1,0
7433810103,"bus_subway_trolley",743381,1,"Bus / trolleybus",1224,1210,21.523,23.233,1.71,2,1,3,4,1,8,NA,14,5,1.17,180.9541442,154.6616617,7,2,9,2,2,2,2,1,NA,NA,NA,NA,NA,NA,NA,3,0,NA,228.4384878,42101,1210,3,1,0,0,0,0,2,2,2,1,9,0,"black",0,0,0,0,0,NA,17.5,1,1,0,0,"urban",0,1,1,0
7454250102,"bus_subway_trolley",745425,1,"Bus / trolleybus",1009,73,31.6,35.75,4.15,2,1,2,4,4,19,NA,14,5,1.17,131.1895959,112.1278597,12,2,9,2,6,1,2,1,NA,NA,NA,NA,NA,NA,NA,3,20,NA,202.8848881,42101,1009,3,2,1,0,0,1,1,2,4,1,9,0,"black",1,1,0,0,20,NA,42.5,0,2,1,0,"urban",0,1,1,0
7454250106,"bus_subway_trolley",745425,1,"Subway / El",71,1213,21.917,22.238,0.321,2,1,6,4,4,19,NA,21,5,1.17,131.1895959,112.1278597,12,2,9,2,6,1,2,1,NA,NA,NA,NA,NA,NA,NA,3,20,NA,202.8848881,42101,1009,3,2,1,0,0,1,1,2,4,1,9,0,"black",1,1,0,0,20,NA,42.5,0,2,1,0,"urban",0,1,1,0
7454250107,"bus_subway_trolley",745425,1,"Bus / trolleybus",1213,1215,9.815,12.19,2.375,2,1,7,4,4,19,NA,14,5,1.17,131.1895959,112.1278597,12,2,9,2,6,1,2,1,NA,NA,NA,NA,NA,NA,NA,3,20,NA,202.8848881,42101,1009,3,2,1,0,0,1,1,2,4,1,9,0,"black",1,1,0,0,20,NA,42.5,0,2,1,0,"urban",0,1,1,0
7454250202,"bus_subway_trolley",745425,2,"Bus / trolleybus",1009,90,34.733,35.483,0.75,1,1,2,4,4,19,NA,14,5,1.17,144.2353422,123.2780702,9,2,5,2,6,2,1,NA,1,998,19,4,0,1,1,2,30,NA,202.8848881,42101,1009,3,2,1,0,0,1,1,2,4,1,5,0,"black",1,0,1,1,30,1,42.5,0,2,1,0,"urban",1,1,1,0
7454250207,"bus_subway_trolley",745425,2,"Bus / trolleybus",71,1213,20.863,20.39,-0.473,1,1,7,4,4,19,NA,14,5,1.17,144.2353422,123.2780702,9,2,5,2,6,2,1,NA,1,998,19,4,0,1,1,2,30,NA,202.8848881,42101,1009,3,2,1,0,0,1,1,2,4,1,5,0,"black",1,0,1,1,30,1,42.5,0,2,1,0,"urban",1,1,1,0
7456980101,"bus_subway_trolley",745698,1,"Subway / El",1031,5020,63.817,67.456,3.64,1,1,1,1,2,1,NA,21,5,1.17,288.0267718,246.176728,2,1,5,1,5,1,2,4,NA,NA,NA,NA,NA,NA,NA,3,6,NA,196.8888379,42101,1031,2,1,0,1,1,0,2,2,5,0,5,0,"white",1,1,0,0,6,NA,62.5,0,1,0,1,"cbd",1,1,0,1
7456980102,"bus_subway_trolley",745698,1,"Subway / El",5020,1031,48.346,49.596,1.25,1,1,2,2,1,14,NA,21,5,1.17,288.0267718,246.176728,2,1,5,1,5,1,2,4,NA,NA,NA,NA,NA,NA,NA,3,6,NA,196.8888379,42101,1031,2,1,0,1,1,0,2,2,5,0,5,0,"white",1,1,0,0,6,NA,62.5,0,1,0,1,"cbd",1,1,0,1
7490830101,"bus_subway_trolley",749083,1,"Bus / trolleybus",3622,3612,39.733,31.308,-8.425,2,1,1,1,4,1,NA,14,5,1.17,128.0700213,109.4615567,2,2,9,1,5,1,2,1,NA,NA,NA,NA,NA,NA,NA,3,6,NA,632.7599042,42101,3622,4,2,1,0,0,0,2,2,3,1,9,0,"white",1,1,0,0,6,NA,30,1,2,1,0,"suburban",0,1,1,0
7490830102,"bus_subway_trolley",749083,1,"Bus / trolleybus",3612,3622,29.05,31.3,2.25,2,1,2,4,1,12,NA,14,5,1.17,128.0700213,109.4615567,2,2,9,1,5,1,2,1,NA,NA,NA,NA,NA,NA,NA,3,6,NA,632.7599042,42101,3622,4,2,1,0,0,0,2,2,3,1,9,0,"white",1,1,0,0,6,NA,30,1,2,1,0,"suburban",0,1,1,0
7490830201,"bus_subway_trolley",749083,2,"Bus / trolleybus",3622,15603,60.102,62.835,2.733,1,1,1,1,2,1,NA,14,5,1.17,191.5898826,163.7520364,3,1,7,1,3,2,1,NA,1,38,35,4,0,3,2,3,26,NA,632.7599042,42101,3622,4,2,1,0,0,0,2,2,3,0,7,0,"white",0,0,1,0,26,0,30,1,2,1,0,"suburban",1,1,1,0
7490830202,"bus_subway_trolley",749083,2,"Bus / trolleybus",15603,3612,33.746,47.038,13.292,1,1,2,2,4,5,NA,14,5,1.17,191.5898826,163.7520364,3,1,7,1,3,2,1,NA,1,38,35,4,0,3,2,3,26,NA,632.7599042,42101,3622,4,2,1,0,0,0,2,2,3,0,7,0,"white",0,0,1,0,26,0,30,1,2,1,0,"suburban",1,1,1,0
7490830203,"bus_subway_trolley",749083,2,"Bus / trolleybus",3612,3622,27.321,28.781,1.46,1,1,3,4,1,12,NA,14,5,1.17,191.5898826,163.7520364,3,1,7,1,3,2,1,NA,1,38,35,4,0,3,2,3,26,NA,632.7599042,42101,3622,4,2,1,0,0,0,2,2,3,0,7,0,"white",0,0,1,0,26,0,30,1,2,1,0,"suburban",1,1,1,0
10003630201,"bus_subway_trolley",1000363,2,"Subway / El",603,76,30.6,29.85,-0.75,2,1,1,1,4,1,NA,21,5,1.12,2805.957353,2505.319065,5,2,8,3,2,1,2,4,NA,NA,NA,NA,NA,NA,NA,3,10,NA,211.7319754,42101,603,3,2,1,2,2,2,1,2,7,1,8,0,"hispanic",0,1,0,0,10,NA,125,0,2,1,2,"urban",0,1,0,1
10003630202,"bus_subway_trolley",1000363,2,"Subway / El",76,103,17.625,16.735,-0.89,2,1,2,4,4,16,NA,21,5,1.12,2805.957353,2505.319065,5,2,8,3,2,1,2,4,NA,NA,NA,NA,NA,NA,NA,3,10,NA,211.7319754,42101,603,3,2,1,2,2,2,1,2,7,1,8,0,"hispanic",0,1,0,0,10,NA,125,0,2,1,2,"urban",0,1,0,1
10003630203,"bus_subway_trolley",1000363,2,"Subway / El",103,603,27.6,31.044,3.444,2,1,3,4,1,8,NA,21,5,1.12,2805.957353,2505.319065,5,2,8,3,2,1,2,4,NA,NA,NA,NA,NA,NA,NA,3,10,NA,211.7319754,42101,603,3,2,1,2,2,2,1,2,7,1,8,0,"hispanic",0,1,0,0,10,NA,125,0,2,1,2,"urban",0,1,0,1
10024340103,"bus_subway_trolley",1002434,1,"Bus / trolleybus",103,74,8.469,8.488,0.019,2,1,3,4,4,20,NA,14,5,1.17,798.8570414,682.783796,7,2,8,3,1,2,2,2,NA,NA,NA,NA,NA,NA,NA,3,10,NA,1019.897822,42101,416,3,3,0,0,0,0,2,2,1,1,8,0,"hispanic",0,0,0,0,10,NA,5,1,3,0,0,"urban",0,1,1,0
10153090101,"bus_subway_trolley",1015309,1,"Bus / trolleybus",422,1616,59.885,62.575,2.69,2,1,1,1,4,1,NA,14,5,1.17,353.3058385,301.9708022,2,1,10,2,5,1,2,1,NA,NA,NA,NA,NA,NA,NA,3,0,NA,382.3176466,42101,422,3,1,0,1,1,0,2,2,2,0,10,1,"black",1,1,0,0,0,NA,17.5,1,1,0,1,"urban",0,1,0,1
10153090102,"bus_subway_trolley",1015309,1,"Bus / trolleybus",1616,422,58.679,60.375,1.696,2,1,2,4,1,11,NA,14,5,1.17,353.3058385,301.9708022,2,1,10,2,5,1,2,1,NA,NA,NA,NA,NA,NA,NA,3,0,NA,382.3176466,42101,422,3,1,0,1,1,0,2,2,2,0,10,1,"black",1,1,0,0,0,NA,17.5,1,1,0,1,"urban",0,1,0,1
10231310105,"bus_subway_trolley",1023131,1,"Trolley / light rail",11646,11646,59.275,64.825,5.55,1,1,5,2,2,19,NA,23,5,1.12,249.8247948,223.0578525,8,2,9,1,3,1,1,NA,1,40,11,4,1,3,8,3,10,NA,253.8944672,42101,121,1,2,1,1,1,2,2,2,7,1,9,0,"white",0,1,1,0,10,NA,125,0,2,1,1,"cbd",1,1,0,0.5
10242350101,"bus_subway_trolley",1024235,1,"Bus / trolleybus",1035,417,42.129,42.467,0.337,3,1,1,4,1,3,NA,14,5,1.17,413.0060081,352.9965881,1,2,8,2,2,2,2,2,NA,NA,NA,NA,NA,NA,NA,3,6,NA,802.2855061,42101,417,3,3,1,0,0,0,2,2,2,1,8,0,"black",0,0,0,0,6,NA,17.5,1,3,1,0,"urban",0,0,1,0
10242350201,"bus_subway_trolley",1024235,2,"Bus / trolleybus",2606,15214,NA,NA,NA,3,1,1,4,2,17,NA,14,5,1.17,455.9092601,389.6660343,2,1,8,2,1,2,1,NA,1,40,47,2,0,3,2,3,10,NA,802.2855061,42101,417,3,3,1,0,0,0,2,2,2,0,8,0,"black",0,0,1,0,10,0,17.5,1,3,1,0,"urban",0,0,1,0
10242350202,"bus_subway_trolley",1024235,2,"Bus / trolleybus",15214,417,NA,NA,NA,3,1,2,2,1,5,NA,14,5,1.17,455.9092601,389.6660343,2,1,8,2,1,2,1,NA,1,40,47,2,0,3,2,3,10,NA,802.2855061,42101,417,3,3,1,0,0,0,2,2,2,0,8,0,"black",0,0,1,0,10,0,17.5,1,3,1,0,"urban",0,0,1,0
10283530301,"bus_subway_trolley",1028353,3,"Bus / trolleybus",622,1601,27.55,29.967,2.417,2,1,1,1,4,1,NA,14,5,1.17,188.1736738,160.8321998,2,1,6,1,2,2,2,4,NA,NA,NA,NA,NA,NA,NA,3,3,NA,439.5779854,42101,622,3,3,1,0,0,0,2,2,2,0,6,0,"white",0,0,0,0,3,NA,17.5,1,3,1,0,"urban",0,1,1,0
10283530302,"bus_subway_trolley",1028353,3,"Bus / trolleybus",1601,622,27.715,29.442,1.727,2,1,2,4,1,15,NA,14,5,1.17,188.1736738,160.8321998,2,1,6,1,2,2,2,4,NA,NA,NA,NA,NA,NA,NA,3,3,NA,439.5779854,42101,622,3,3,1,0,0,0,2,2,2,0,6,0,"white",0,0,0,0,3,NA,17.5,1,3,1,0,"urban",0,1,1,0
10285100101,"bus_subway_trolley",1028510,1,"Bus / trolleybus",1001,846,39.206,42.573,3.367,2,1,1,1,4,1,NA,14,5,1.17,213.6226069,182.5834247,5,2,9,2,2,1,2,1,NA,NA,NA,NA,NA,NA,NA,3,4,NA,317.8695646,42101,1001,3,1,0,0,0,0,2,2,2,1,9,0,"black",0,1,0,0,4,NA,17.5,1,1,0,0,"urban",0,1,1,0
10285100102,"bus_subway_trolley",1028510,1,"Bus / trolleybus",846,46,29.996,34.737,4.742,2,1,2,4,4,8,NA,14,5,1.17,213.6226069,182.5834247,5,2,9,2,2,1,2,1,NA,NA,NA,NA,NA,NA,NA,3,4,NA,317.8695646,42101,1001,3,1,0,0,0,0,2,2,2,1,9,0,"black",0,1,0,0,4,NA,17.5,1,1,0,0,"urban",0,1,1,0
10285100103,"bus_subway_trolley",1028510,1,"Bus / trolleybus",46,2023,44.092,39.296,-4.796,2,1,3,4,4,9,NA,14,5,1.17,213.6226069,182.5834247,5,2,9,2,2,1,2,1,NA,NA,NA,NA,NA,NA,NA,3,4,NA,317.8695646,42101,1001,3,1,0,0,0,0,2,2,2,1,9,0,"black",0,1,0,0,4,NA,17.5,1,1,0,0,"urban",0,1,1,0
10285100104,"bus_subway_trolley",1028510,1,"Trolley / light rail",2023,2018,12.525,13.65,1.125,2,1,4,4,4,8,NA,23,5,1.17,213.6226069,182.5834247,5,2,9,2,2,1,2,1,NA,NA,NA,NA,NA,NA,NA,3,4,NA,317.8695646,42101,1001,3,1,0,0,0,0,2,2,2,1,9,0,"black",0,1,0,0,4,NA,17.5,1,1,0,0,"urban",0,1,1,0
10285100105,"bus_subway_trolley",1028510,1,"Trolley / light rail",2018,1001,23.217,23.575,0.358,2,1,5,4,1,8,NA,23,5,1.17,213.6226069,182.5834247,5,2,9,2,2,1,2,1,NA,NA,NA,NA,NA,NA,NA,3,4,NA,317.8695646,42101,1001,3,1,0,0,0,0,2,2,2,1,9,0,"black",0,1,0,0,4,NA,17.5,1,1,0,0,"urban",0,1,1,0
10293830102,"bus_subway_trolley",1029383,1,"Trolley / light rail",1031,1021,17.927,19.65,1.723,2,1,2,4,1,11,NA,23,5,1.17,116.6696265,99.7176295,3,2,9,97,5,1,1,NA,1,40,29,4,0,8,1,3,14,NA,331.3154841,42101,1021,3,2,2,0,0,0,2,2,5,1,9,0,"other",1,1,1,0,14,1,62.5,0,2,2,0,"urban",0,1,1,0
10293830103,"bus_subway_trolley",1029383,1,"Trolley / light rail",1021,1014,29.015,31.267,2.252,3,2,3,1,2,1,NA,23,5,1.17,116.6696265,99.7176295,3,2,9,97,5,1,1,NA,1,40,29,4,0,8,1,3,14,NA,331.3154841,42101,1021,3,2,2,0,0,0,2,2,5,1,9,0,"other",1,1,1,0,14,1,62.5,0,2,2,0,"urban",0,0,1,0
10303490101,"bus_subway_trolley",1030349,1,"Bus / trolleybus",128,52,25.062,30,4.938,2,1,1,1,4,1,NA,14,5,1.17,107.8852218,92.20959126,8,1,9,1,6,1,2,1,NA,NA,NA,NA,NA,NA,NA,3,12,NA,228.3913137,42101,128,3,1,0,0,0,0,1,2,5,0,9,0,"white",1,1,0,0,12,NA,62.5,0,1,0,0,"urban",0,1,1,0
10303490102,"bus_subway_trolley",1030349,1,"Bus / trolleybus",52,3221,63.167,74.888,11.721,2,1,2,4,4,19,NA,14,5,1.17,107.8852218,92.20959126,8,1,9,1,6,1,2,1,NA,NA,NA,NA,NA,NA,NA,3,12,NA,228.3913137,42101,128,3,1,0,0,0,0,1,2,5,0,9,0,"white",1,1,0,0,12,NA,62.5,0,1,0,0,"urban",0,1,1,0
10303490103,"bus_subway_trolley",1030349,1,"Bus / trolleybus",3221,1026,NA,61.423,NA,2,1,3,4,4,11,NA,14,5,1.17,107.8852218,92.20959126,8,1,9,1,6,1,2,1,NA,NA,NA,NA,NA,NA,NA,3,12,NA,228.3913137,42101,128,3,1,0,0,0,0,1,2,5,0,9,0,"white",1,1,0,0,12,NA,62.5,0,1,0,0,"urban",0,1,1,0
10303490104,"bus_subway_trolley",1030349,1,"Subway / El",1026,401,29.45,30.113,0.663,2,1,4,4,4,19,NA,21,5,1.17,107.8852218,92.20959126,8,1,9,1,6,1,2,1,NA,NA,NA,NA,NA,NA,NA,3,12,NA,228.3913137,42101,128,3,1,0,0,0,0,1,2,5,0,9,0,"white",1,1,0,0,12,NA,62.5,0,1,0,0,"urban",0,1,1,0
10303490105,"bus_subway_trolley",1030349,1,"Trolley / light rail",401,128,12.806,12.906,0.1,2,1,5,4,1,19,NA,23,5,1.17,107.8852218,92.20959126,8,1,9,1,6,1,2,1,NA,NA,NA,NA,NA,NA,NA,3,12,NA,228.3913137,42101,128,3,1,0,0,0,0,1,2,5,0,9,0,"white",1,1,0,0,12,NA,62.5,0,1,0,0,"urban",0,1,1,0
10303490106,"bus_subway_trolley",1030349,1,"Bus / trolleybus",128,36,25.465,31.617,6.152,2,2,6,1,4,1,NA,14,5,1.17,107.8852218,92.20959126,8,1,9,1,6,1,2,1,NA,NA,NA,NA,NA,NA,NA,3,12,NA,228.3913137,42101,128,3,1,0,0,0,0,1,2,5,0,9,0,"white",1,1,0,0,12,NA,62.5,0,1,0,0,"urban",0,1,1,0
10308930204,"bus_subway_trolley",1030893,2,"Bus / trolleybus",10019,96,66.01,77.317,11.306,1,2,4,1,4,6,NA,14,5,1.15,3498.889409,3042.512529,7,1,9,1,6,2,1,NA,1,40,13,4,0,2,8,3,14,NA,278.6509612,42091,10019,4,2,2,0,0,0,2,2,8,0,9,0,"white",1,0,1,0,14,NA,175,0,2,2,0,"suburban",1,1,1,0
10308930205,"bus_subway_trolley",1030893,2,"Bus / trolleybus",96,10019,64.558,67.123,2.565,1,2,5,4,1,5,NA,14,5,1.15,3498.889409,3042.512529,7,1,9,1,6,2,1,NA,1,40,13,4,0,2,8,3,14,NA,278.6509612,42091,10019,4,2,2,0,0,0,2,2,8,0,9,0,"white",1,0,1,0,14,NA,175,0,2,2,0,"suburban",1,1,1,0
10308930206,"bus_subway_trolley",1030893,2,"Bus / trolleybus",10019,108,63.233,74.85,11.617,2,3,6,1,4,1,NA,14,5,1.15,3498.889409,3042.512529,7,1,9,1,6,2,1,NA,1,40,13,4,0,2,8,3,14,NA,278.6509612,42091,10019,4,2,2,0,0,0,2,2,8,0,9,0,"white",1,0,1,0,14,NA,175,0,2,2,0,"suburban",0,1,1,0
10308930207,"bus_subway_trolley",1030893,2,"Bus / trolleybus",108,10019,NA,73.517,NA,2,3,7,4,1,11,NA,14,5,1.15,3498.889409,3042.512529,7,1,9,1,6,2,1,NA,1,40,13,4,0,2,8,3,14,NA,278.6509612,42091,10019,4,2,2,0,0,0,2,2,8,0,9,0,"white",1,0,1,0,14,NA,175,0,2,2,0,"suburban",0,1,1,0
10381140103,"bus_subway_trolley",1038114,1,"Bus / trolleybus",3208,1415,39.154,47.365,8.21,2,2,3,4,4,16,NA,14,5,1.17,200.9438013,171.7468388,7,1,6,1,2,1,2,2,NA,NA,NA,NA,NA,NA,NA,3,8,NA,399.7840456,42101,3208,3,2,0,0,0,1,2,2,4,0,6,0,"white",0,1,0,0,8,NA,42.5,0,2,0,0,"urban",0,1,1,0
10381140104,"bus_subway_trolley",1038114,1,"Subway / El",1415,103,33.985,37.742,3.756,2,2,4,4,4,16,NA,21,5,1.17,200.9438013,171.7468388,7,1,6,1,2,1,2,2,NA,NA,NA,NA,NA,NA,NA,3,8,NA,399.7840456,42101,3208,3,2,0,0,0,1,2,2,4,0,6,0,"white",0,1,0,0,8,NA,42.5,0,2,0,0,"urban",0,1,1,0
10381140105,"bus_subway_trolley",1038114,1,"Bus / trolleybus",103,3208,41.533,46.183,4.65,2,2,5,4,1,8,NA,14,5,1.17,200.9438013,171.7468388,7,1,6,1,2,1,2,2,NA,NA,NA,NA,NA,NA,NA,3,8,NA,399.7840456,42101,3208,3,2,0,0,0,1,2,2,4,0,6,0,"white",0,1,0,0,8,NA,42.5,0,2,0,0,"urban",0,1,1,0
10416920101,"bus_subway_trolley",1041692,1,"Bus / trolleybus",3,1415,39.2,39.677,0.477,3,1,1,2,2,1,NA,14,5,1.12,418.1681307,373.3644024,4,1,8,1,5,1,1,NA,1,40,21,1,6,3,2,3,2,NA,186.8349851,42101,3,3,1,1,2,2,2,2,2,6,0,8,0,"white",1,1,1,0,2,0,87.5,0,1,1,2,"urban",0,0,0,2
10512930203,"bus_subway_trolley",1051293,2,"Bus / trolleybus",103,141,23.565,28.031,4.467,1,1,3,4,1,8,NA,14,5,1.12,107.6082065,96.07875581,3,2,8,99,6,1,1,NA,1,45,25,5,2,2,2,3,3,NA,472.0361985,42101,141,3,4,2,0,0,4,1,2,7,1,8,0,NA,1,1,1,0,3,0,125,0,4,2,0,"urban",1,1,1,0
10512930302,"bus_subway_trolley",1051293,3,"Subway / El",134,2615,28.581,30.579,1.998,2,1,2,4,4,19,NA,21,5,1.12,94.4193518,84.30299267,5,1,3,99,1,NA,NA,NA,NA,NA,NA,NA,NA,NA,NA,1,20,NA,472.0361985,42101,141,3,4,2,0,0,4,1,2,7,0,3,0,NA,0,NA,NA,1,20,NA,125,0,4,2,0,"urban",0,1,1,0
10516820202,"bus_subway_trolley",1051682,2,"Bus / trolleybus",4804,7059,NA,NA,NA,1,1,2,2,2,19,NA,14,5,1.17,1248.978707,1067.503169,4,2,5,1,2,2,1,NA,1,16,39,4,0,8,2,3,7,NA,332.8421126,42045,4804,5,2,1,0,0,0,2,1,1,1,5,0,"white",0,0,1,0,7,0,5,1,2,1,0,"rural",1,1,1,0
10516820203,"bus_subway_trolley",1051682,2,"Bus / trolleybus",7059,4804,NA,NA,NA,1,1,3,2,4,5,NA,14,5,1.17,1248.978707,1067.503169,4,2,5,1,2,2,1,NA,1,16,39,4,0,8,2,3,7,NA,332.8421126,42045,4804,5,2,1,0,0,0,2,1,1,1,5,0,"white",0,0,1,0,7,0,5,1,2,1,0,"rural",1,1,1,0
10541430105,"bus_subway_trolley",1054143,1,"Bus / trolleybus",2402,1428,23.208,20.521,-2.688,2,2,5,4,4,19,NA,14,5,1.17,234.2399772,200.2051087,15,2,9,2,4,1,2,2,NA,NA,NA,NA,NA,NA,NA,3,10,NA,434.9062452,42101,2402,3,1,0,0,0,0,2,3,2,1,9,0,"black",0,1,0,0,10,NA,17.5,1,1,0,0,"urban",0,1,1,0
10541430109,"bus_subway_trolley",1054143,1,"Bus / trolleybus",831,804,24.035,25.221,1.185,2,2,9,4,4,19,NA,14,5,1.17,234.2399772,200.2051087,15,2,9,2,4,1,2,2,NA,NA,NA,NA,NA,NA,NA,3,10,NA,434.9062452,42101,2402,3,1,0,0,0,0,2,3,2,1,9,0,"black",0,1,0,0,10,NA,17.5,1,1,0,0,"urban",0,1,1,0
10541430110,"bus_subway_trolley",1054143,1,"Bus / trolleybus",804,803,15.325,16.521,1.196,2,2,10,4,4,19,NA,14,5,1.17,234.2399772,200.2051087,15,2,9,2,4,1,2,2,NA,NA,NA,NA,NA,NA,NA,3,10,NA,434.9062452,42101,2402,3,1,0,0,0,0,2,3,2,1,9,0,"black",0,1,0,0,10,NA,17.5,1,1,0,0,"urban",0,1,1,0
10541430113,"bus_subway_trolley",1054143,1,"Bus / trolleybus",803,808,12.323,14.469,2.146,2,2,13,4,4,9,NA,14,5,1.17,234.2399772,200.2051087,15,2,9,2,4,1,2,2,NA,NA,NA,NA,NA,NA,NA,3,10,NA,434.9062452,42101,2402,3,1,0,0,0,0,2,3,2,1,9,0,"black",0,1,0,0,10,NA,17.5,1,1,0,0,"urban",0,1,1,0
10541430114,"bus_subway_trolley",1054143,1,"Bus / trolleybus",808,804,29.073,33.125,4.052,2,2,14,4,4,19,NA,14,5,1.17,234.2399772,200.2051087,15,2,9,2,4,1,2,2,NA,NA,NA,NA,NA,NA,NA,3,10,NA,434.9062452,42101,2402,3,1,0,0,0,0,2,3,2,1,9,0,"black",0,1,0,0,10,NA,17.5,1,1,0,0,"urban",0,1,1,0
10541430115,"bus_subway_trolley",1054143,1,"Bus / trolleybus",804,2402,60.254,68.775,8.521,2,2,15,4,1,19,NA,14,5,1.17,234.2399772,200.2051087,15,2,9,2,4,1,2,2,NA,NA,NA,NA,NA,NA,NA,3,10,NA,434.9062452,42101,2402,3,1,0,0,0,0,2,3,2,1,9,0,"black",0,1,0,0,10,NA,17.5,1,1,0,0,"urban",0,1,1,0
10716540102,"bus_subway_trolley",1071654,1,"Bus / trolleybus",2614,2801,44.608,46.875,2.267,2,1,2,4,4,19,NA,14,5,1.17,122.026109,104.2958197,9,1,10,1,1,1,1,NA,1,42,37,6,0,9,8,3,3,NA,393.0130441,42101,1626,3,2,1,0,0,1,1,2,2,0,10,1,"white",0,1,1,0,3,NA,17.5,1,2,1,0,"urban",0,1,1,0
10716540103,"bus_subway_trolley",1071654,1,"Bus / trolleybus",2801,2622,43.89,43.51,-0.379,2,1,3,4,4,19,NA,14,5,1.17,122.026109,104.2958197,9,1,10,1,1,1,1,NA,1,42,37,6,0,9,8,3,3,NA,393.0130441,42101,1626,3,2,1,0,0,1,1,2,2,0,10,1,"white",0,1,1,0,3,NA,17.5,1,2,1,0,"urban",0,1,1,0
10716540105,"bus_subway_trolley",1071654,1,"Bus / trolleybus",2423,1626,42.458,48.194,5.735,2,1,5,4,4,19,NA,14,5,1.17,122.026109,104.2958197,9,1,10,1,1,1,1,NA,1,42,37,6,0,9,8,3,3,NA,393.0130441,42101,1626,3,2,1,0,0,1,1,2,2,0,10,1,"white",0,1,1,0,3,NA,17.5,1,2,1,0,"urban",0,1,1,0
10716540108,"bus_subway_trolley",1071654,1,"Bus / trolleybus",11622,2801,NA,NA,NA,3,2,8,2,4,19,NA,14,5,1.17,122.026109,104.2958197,9,1,10,1,1,1,1,NA,1,42,37,6,0,9,8,3,3,NA,393.0130441,42101,1626,3,2,1,0,0,1,1,2,2,0,10,1,"white",0,1,1,0,3,NA,17.5,1,2,1,0,"urban",0,0,1,0
10716540202,"bus_subway_trolley",1071654,2,"Bus / trolleybus",1626,2801,35.177,35.356,0.179,1,1,2,4,4,19,NA,14,5,1.17,168.8634631,144.3277462,5,2,6,1,2,2,2,3,NA,NA,NA,NA,NA,NA,NA,3,0,NA,393.0130441,42101,1626,3,2,1,0,0,1,1,2,2,1,6,0,"white",0,0,0,0,0,NA,17.5,1,2,1,0,"urban",1,1,1,0
10717170102,"bus_subway_trolley",1071717,1,"Trolley / light rail",1021,76,22.25,26.808,4.558,1,1,2,4,4,19,NA,23,5,1.12,200.8654305,179.3441343,7,1,6,100,5,1,1,NA,1,40,43,4,0,2,2,3,10,NA,435.6621296,42101,1021,3,3,2,1,1,1,2,2,6,0,6,0,"other",1,1,1,0,10,0,87.5,0,3,2,1,"urban",1,1,0,0.333333333333333
10717170105,"bus_subway_trolley",1071717,1,"Trolley / light rail",72,1016,26.69,31.179,4.49,1,1,5,4,4,19,NA,23,5,1.12,200.8654305,179.3441343,7,1,6,100,5,1,1,NA,1,40,43,4,0,2,2,3,10,NA,435.6621296,42101,1021,3,3,2,1,1,1,2,2,6,0,6,0,"other",1,1,1,0,10,0,87.5,0,3,2,1,"urban",1,1,0,0.333333333333333
10728430104,"bus_subway_trolley",1072843,1,"Bus / trolleybus",103,140,21.296,25.66,4.365,2,2,4,4,1,8,NA,14,5,1.15,139.3457758,121.1702398,4,2,7,1,6,1,1,NA,1,40,29,1,0,2,1,3,4,NA,200.3070974,42101,140,3,3,2,1,0,1,2,2,8,1,7,0,"white",1,1,1,0,4,1,175,0,3,2,1,"urban",0,1,0,0.333333333333333
10733780301,"bus_subway_trolley",1073378,3,"Bus / trolleybus",626,3034,59.196,65.329,6.133,2,1,1,1,3,1,NA,14,5,1.17,138.4399571,118.3247497,2,2,5,1,3,2,2,6,NA,NA,NA,NA,NA,NA,NA,1,10,NA,721.3516079,42101,626,4,4,1,0,0,0,2,2,2,1,5,0,"white",0,0,0,1,10,NA,17.5,1,4,1,0,"suburban",0,1,1,0
10733780302,"bus_subway_trolley",1073378,3,"Bus / trolleybus",3034,626,67.773,73.246,5.473,2,1,2,3,1,2,NA,14,5,1.17,138.4399571,118.3247497,2,2,5,1,3,2,2,6,NA,NA,NA,NA,NA,NA,NA,1,10,NA,721.3516079,42101,626,4,4,1,0,0,0,2,2,2,1,5,0,"white",0,0,0,1,10,NA,17.5,1,4,1,0,"suburban",0,1,1,0
10767710306,"bus_subway_trolley",1076771,3,"Bus / trolleybus",12430,12015,48.833,NA,NA,1,1,6,4,4,19,NA,14,5,1.12,178.5714763,159.4388181,16,1,5,1,6,2,1,NA,1,40,15,4,0,3,8,3,10,NA,335.3138556,34007,22205,4,4,2,1,1,0,2,1,7,0,5,0,"white",1,0,1,0,10,NA,125,0,4,2,1,"suburban",1,1,0,0.25
10767710309,"bus_subway_trolley",1076771,3,"Bus / trolleybus",12015,12430,44.083,NA,NA,1,1,9,4,4,19,NA,14,5,1.12,178.5714763,159.4388181,16,1,5,1,6,2,1,NA,1,40,15,4,0,3,8,3,10,NA,335.3138556,34007,22205,4,4,2,1,1,0,2,1,7,0,5,0,"white",1,0,1,0,10,NA,125,0,4,2,1,"suburban",1,1,0,0.25
10767710314,"bus_subway_trolley",1076771,3,"Subway / El",1036,69,32.967,37.467,4.5,1,1,14,4,4,19,NA,21,5,1.12,178.5714763,159.4388181,16,1,5,1,6,2,1,NA,1,40,15,4,0,3,8,3,10,NA,335.3138556,34007,22205,4,4,2,1,1,0,2,1,7,0,5,0,"white",1,0,1,0,10,NA,125,0,4,2,1,"suburban",1,1,0,0.25
10886840101,"bus_subway_trolley",1088684,1,"Bus / trolleybus",3624,89,79.938,96.938,17,1,1,1,1,2,1,NA,14,5,1.17,141.0671599,120.5702221,5,2,8,1,4,1,1,NA,1,37,29,4,0,3,2,3,30,NA,469.0814846,42101,3624,4,1,1,0,0,0,2,4,3,1,8,0,"white",0,1,1,0,30,0,30,1,1,1,0,"suburban",1,1,1,0
10886840102,"bus_subway_trolley",1088684,1,"Bus / trolleybus",89,3409,67.029,73.333,6.304,1,1,2,2,2,8,NA,14,5,1.17,141.0671599,120.5702221,5,2,8,1,4,1,1,NA,1,37,29,4,0,3,2,3,30,NA,469.0814846,42101,3624,4,1,1,0,0,0,2,4,3,1,8,0,"white",0,1,1,0,30,0,30,1,1,1,0,"suburban",1,1,1,0
10886840103,"bus_subway_trolley",1088684,1,"Bus / trolleybus",3409,76,80.812,80.779,-0.033,1,1,3,2,4,5,NA,14,5,1.17,141.0671599,120.5702221,5,2,8,1,4,1,1,NA,1,37,29,4,0,3,2,3,30,NA,469.0814846,42101,3624,4,1,1,0,0,0,2,4,3,1,8,0,"white",0,1,1,0,30,0,30,1,1,1,0,"suburban",1,1,1,0
10886840105,"bus_subway_trolley",1088684,1,"Bus / trolleybus",71,3624,81.081,107.631,26.55,1,1,5,4,1,8,NA,14,5,1.17,141.0671599,120.5702221,5,2,8,1,4,1,1,NA,1,37,29,4,0,3,2,3,30,NA,469.0814846,42101,3624,4,1,1,0,0,0,2,4,3,1,8,0,"white",0,1,1,0,30,0,30,1,1,1,0,"suburban",1,1,1,0
10983270104,"bus_subway_trolley",1098327,1,"Bus / trolleybus",2411,1428,26.758,26.8,0.042,1,2,4,4,4,19,NA,14,5,1.17,134.044716,114.5681334,11,1,6,1,5,1,1,NA,1,40,39,4,0,1,1,3,12,NA,346.5957844,42101,2411,3,2,2,0,0,0,2,5,4,0,6,0,"white",1,1,1,0,12,1,42.5,0,2,2,0,"urban",1,1,1,0
10983270105,"bus_subway_trolley",1098327,1,"Subway / El",1428,69,24.775,27.49,2.715,1,2,5,4,4,19,NA,21,5,1.17,134.044716,114.5681334,11,1,6,1,5,1,1,NA,1,40,39,4,0,1,1,3,12,NA,346.5957844,42101,2411,3,2,2,0,0,0,2,5,4,0,6,0,"white",1,1,1,0,12,1,42.5,0,2,2,0,"urban",1,1,1,0
10983270109,"bus_subway_trolley",1098327,1,"Subway / El",69,1428,20.148,19.556,-0.592,1,2,9,4,4,19,NA,21,5,1.17,134.044716,114.5681334,11,1,6,1,5,1,1,NA,1,40,39,4,0,1,1,3,12,NA,346.5957844,42101,2411,3,2,2,0,0,0,2,5,4,0,6,0,"white",1,1,1,0,12,1,42.5,0,2,2,0,"urban",1,1,1,0
10983270110,"bus_subway_trolley",1098327,1,"Bus / trolleybus",1428,2411,29.025,32.454,3.429,1,2,10,4,4,19,NA,14,5,1.17,134.044716,114.5681334,11,1,6,1,5,1,1,NA,1,40,39,4,0,1,1,3,12,NA,346.5957844,42101,2411,3,2,2,0,0,0,2,5,4,0,6,0,"white",1,1,1,0,12,1,42.5,0,2,2,0,"urban",1,1,1,0
10983270202,"bus_subway_trolley",1098327,2,"Bus / trolleybus",2411,1428,38.476,35.045,-3.431,1,1,2,4,4,19,NA,14,5,1.17,126.4080729,108.0410879,11,2,6,1,5,1,1,NA,1,40,43,4,0,2,2,3,10,NA,346.5957844,42101,2411,3,2,2,0,0,0,2,5,4,1,6,0,"white",1,1,1,0,10,0,42.5,0,2,2,0,"urban",1,1,1,0
10983270203,"bus_subway_trolley",1098327,2,"Subway / El",1428,41,29.992,30.96,0.969,1,1,3,4,4,19,NA,21,5,1.17,126.4080729,108.0410879,11,2,6,1,5,1,1,NA,1,40,43,4,0,2,2,3,10,NA,346.5957844,42101,2411,3,2,2,0,0,0,2,5,4,1,6,0,"white",1,1,1,0,10,0,42.5,0,2,2,0,"urban",1,1,1,0
10983270206,"bus_subway_trolley",1098327,2,"Subway / El",41,1428,27.129,29.856,2.727,1,1,6,4,4,19,NA,21,5,1.17,126.4080729,108.0410879,11,2,6,1,5,1,1,NA,1,40,43,4,0,2,2,3,10,NA,346.5957844,42101,2411,3,2,2,0,0,0,2,5,4,1,6,0,"white",1,1,1,0,10,0,42.5,0,2,2,0,"urban",1,1,1,0
10983270207,"bus_subway_trolley",1098327,2,"Bus / trolleybus",1428,2411,31.002,30.5,-0.502,1,1,7,4,4,19,NA,14,5,1.17,126.4080729,108.0410879,11,2,6,1,5,1,1,NA,1,40,43,4,0,2,2,3,10,NA,346.5957844,42101,2411,3,2,2,0,0,0,2,5,4,1,6,0,"white",1,1,1,0,10,0,42.5,0,2,2,0,"urban",1,1,1,0
11028550101,"bus_subway_trolley",1102855,1,"Bus / trolleybus",2401,1816,62.081,67.144,5.062,2,1,1,1,4,1,NA,14,5,1.17,588.8156751,503.2612608,5,2,10,1,6,1,2,1,NA,NA,NA,NA,NA,NA,NA,3,2,NA,642.597154,42101,2401,3,3,1,2,1,2,2,2,4,1,10,1,"white",1,1,0,0,2,NA,42.5,0,3,1,2,"urban",0,1,0,0.666666666666667
11028550102,"bus_subway_trolley",1102855,1,"Bus / trolleybus",1816,1222,66.31,71.067,4.757,2,1,2,4,4,19,NA,14,5,1.17,588.8156751,503.2612608,5,2,10,1,6,1,2,1,NA,NA,NA,NA,NA,NA,NA,3,2,NA,642.597154,42101,2401,3,3,1,2,1,2,2,2,4,1,10,1,"white",1,1,0,0,2,NA,42.5,0,3,1,2,"urban",0,1,0,0.666666666666667
11028550103,"bus_subway_trolley",1102855,1,"Bus / trolleybus",1222,2218,32.408,38.383,5.975,2,1,3,4,4,19,NA,14,5,1.17,588.8156751,503.2612608,5,2,10,1,6,1,2,1,NA,NA,NA,NA,NA,NA,NA,3,2,NA,642.597154,42101,2401,3,3,1,2,1,2,2,2,4,1,10,1,"white",1,1,0,0,2,NA,42.5,0,3,1,2,"urban",0,1,0,0.666666666666667
11056340101,"bus_subway_trolley",1105634,1,"Bus / trolleybus",10402,12036,59.55,56.925,-2.625,1,1,1,1,2,1,NA,14,5,1.17,3181.190519,2718.966256,2,2,9,1,4,2,1,NA,1,40,11,4,0,3,2,3,10,NA,437.62328,42091,10402,4,1,1,0,0,0,2,2,4,1,9,0,"white",0,0,1,0,10,0,42.5,0,1,1,0,"suburban",1,1,1,0
11056340102,"bus_subway_trolley",1105634,1,"Bus / trolleybus",12036,10402,33.642,41.967,8.325,1,1,2,2,1,5,NA,14,5,1.17,3181.190519,2718.966256,2,2,9,1,4,2,1,NA,1,40,11,4,0,3,2,3,10,NA,437.62328,42091,10402,4,1,1,0,0,0,2,2,4,1,9,0,"white",0,0,1,0,10,0,42.5,0,1,1,0,"suburban",1,1,1,0
11065170302,"bus_subway_trolley",1106517,3,"Bus / trolleybus",4414,4420,12.312,17.15,4.837,1,1,2,4,4,19,NA,14,5,1.17,90.45563013,77.31250438,7,1,6,2,5,2,1,NA,1,40,15,4,0,3,2,3,5,NA,668.0269286,42045,4414,3,4,2,1,1,0,2,2,3,0,6,0,"black",1,0,1,0,5,0,30,1,4,2,1,"urban",1,1,0,0.25
11097420101,"bus_subway_trolley",1109742,1,"Bus / trolleybus",1440,91,32.298,33.015,0.717,3,1,1,2,2,1,NA,14,5,1.17,538.4420384,460.2068705,2,2,9,2,3,2,1,NA,1,35,13,6,0,3,2,3,5,NA,321.1717422,42101,1440,4,2,2,1,1,0,2,2,3,1,9,0,"black",0,0,1,0,5,0,30,1,2,2,1,"suburban",0,0,0,0.5
11097420102,"bus_subway_trolley",1109742,1,"Bus / trolleybus",91,1440,42.367,42.665,0.298,3,1,2,2,1,5,NA,14,5,1.17,538.4420384,460.2068705,2,2,9,2,3,2,1,NA,1,35,13,6,0,3,2,3,5,NA,321.1717422,42101,1440,4,2,2,1,1,0,2,2,3,1,9,0,"black",0,0,1,0,5,0,30,1,2,2,1,"suburban",0,0,0,0.5
11126420102,"bus_subway_trolley",1112642,1,"Bus / trolleybus",822,830,14.923,15.285,0.363,1,1,2,4,4,19,NA,14,5,1.17,288.5809233,246.6503618,4,2,6,2,4,2,1,NA,1,20,15,4,0,8,2,3,12,NA,654.0732618,42101,825,3,2,1,0,0,0,2,2,2,1,6,0,"black",0,0,1,0,12,0,17.5,1,2,1,0,"urban",1,1,1,0
11126420104,"bus_subway_trolley",1112642,1,"Bus / trolleybus",85,825,31.887,38.39,6.502,1,1,4,2,1,5,NA,14,5,1.17,288.5809233,246.6503618,4,2,6,2,4,2,1,NA,1,20,15,4,0,8,2,3,12,NA,654.0732618,42101,825,3,2,1,0,0,0,2,2,2,1,6,0,"black",0,0,1,0,12,0,17.5,1,2,1,0,"urban",1,1,1,0
11193150101,"bus_subway_trolley",1119315,1,"Bus / trolleybus",433,433,8.206,9.825,1.619,2,1,1,1,1,1,NA,14,5,1.17,405.502639,346.5834522,1,2,9,2,5,2,2,1,NA,NA,NA,NA,NA,NA,NA,3,6,NA,342.1442569,42101,433,3,3,1,1,1,0,2,2,4,1,9,0,"black",1,0,0,0,6,NA,42.5,0,3,1,1,"urban",0,1,0,0.333333333333333
11193150301,"bus_subway_trolley",1119315,3,"Bus / trolleybus",433,415,16.367,16.973,0.606,1,1,1,1,2,1,NA,14,5,1.17,324.5558843,277.3981917,2,1,10,2,2,2,1,NA,1,25,37,4,0,3,2,3,10,NA,342.1442569,42101,433,3,3,1,1,1,0,2,2,4,0,10,1,"black",0,0,1,0,10,0,42.5,0,3,1,1,"urban",1,1,0,0.333333333333333
11193150302,"bus_subway_trolley",1119315,3,"Bus / trolleybus",415,433,17.144,18.381,1.238,1,1,2,2,1,96,NA,14,5,1.17,324.5558843,277.3981917,2,1,10,2,2,2,1,NA,1,25,37,4,0,3,2,3,10,NA,342.1442569,42101,433,3,3,1,1,1,0,2,2,4,0,10,1,"black",0,0,1,0,10,0,42.5,0,3,1,1,"urban",1,1,0,0.333333333333333
11196660401,"bus_subway_trolley",1119666,4,"Subway / El",11843,414,NA,NA,NA,2,1,1,1,3,1,NA,21,5,1.15,936.3900048,814.2521781,2,1,6,1,4,1,1,NA,1,20,17,3,0,3,1,1,2,NA,432.8125428,42091,11843,4,4,3,3,3,2,2,1,8,0,6,0,"white",0,1,1,1,2,1,175,0,4,3,3,"suburban",0,1,0,0.75
11203010101,"bus_subway_trolley",1120301,1,"Subway / El",2626,74,42.696,45.383,2.688,3,1,1,1,4,1,NA,21,5,1.17,347.1037539,296.6698751,9,2,8,2,3,1,1,NA,1,45,99,3,0,2,2,3,15,NA,163.117764,42101,2626,4,1,1,1,1,3,1,1,5,1,8,0,"black",0,1,1,0,15,0,62.5,0,1,1,1,"suburban",0,0,0,1
11203010107,"bus_subway_trolley",1120301,1,"Subway / El",57,2622,41.069,41.267,0.198,3,1,7,4,4,19,NA,21,5,1.17,347.1037539,296.6698751,9,2,8,2,3,1,1,NA,1,45,99,3,0,2,2,3,15,NA,163.117764,42101,2626,4,1,1,1,1,3,1,1,5,1,8,0,"black",0,1,1,0,15,0,62.5,0,1,1,1,"suburban",0,0,0,1
11230090202,"bus_subway_trolley",1123009,2,"Subway / El",1610,91,40.35,46.86,6.51,2,1,2,4,4,19,NA,21,5,1.17,499.2391984,426.7001696,5,1,10,1,2,1,1,NA,1,40,11,1,0,2,8,3,0,NA,382.9428742,42101,3003,3,2,1,2,2,0,2,2,5,0,10,1,"white",0,1,1,0,0,NA,62.5,0,2,1,2,"urban",0,1,0,1
11230090203,"bus_subway_trolley",1123009,2,"Subway / El",91,3003,58.515,56.804,-1.71,2,1,3,4,1,6,NA,21,5,1.17,499.2391984,426.7001696,5,1,10,1,2,1,1,NA,1,40,11,1,0,2,8,3,0,NA,382.9428742,42101,3003,3,2,1,2,2,0,2,2,5,0,10,1,"white",0,1,1,0,0,NA,62.5,0,2,1,2,"urban",0,1,0,1
11313060201,"bus_subway_trolley",1131306,2,"Bus / trolleybus",2802,75,52.058,54.4,2.342,1,1,1,1,2,1,NA,14,5,1.12,475.0536187,424.1550167,2,2,9,1,5,1,1,NA,1,38,43,4,0,2,2,3,10,NA,319.3944275,42101,2802,3,2,2,2,2,2,2,2,6,1,9,0,"white",1,1,1,0,10,0,87.5,0,2,2,2,"urban",1,1,0,1
11313060202,"bus_subway_trolley",1131306,2,"Bus / trolleybus",75,2802,62.665,61.562,-1.102,1,1,2,2,1,5,NA,14,5,1.12,475.0536187,424.1550167,2,2,9,1,5,1,1,NA,1,38,43,4,0,2,2,3,10,NA,319.3944275,42101,2802,3,2,2,2,2,2,2,2,6,1,9,0,"white",1,1,1,0,10,0,87.5,0,2,2,2,"urban",1,1,0,1
11374790102,"bus_subway_trolley",1137479,1,"Subway / El",5050,4459,35.467,35.467,0,1,1,2,4,4,96,NA,21,5,1.12,101.7760694,90.87149052,8,1,9,5,6,1,1,NA,1,40,13,4,0,1,2,3,10,NA,591.7278265,42045,5049,4,4,1,1,1,1,2,1,7,0,9,0,"asian",1,1,1,0,10,0,125,0,4,1,1,"suburban",1,1,0,0.25
11374790103,"bus_subway_trolley",1137479,1,"Subway / El",4459,87,38.35,39.85,1.5,1,1,3,4,4,19,NA,21,5,1.12,101.7760694,90.87149052,8,1,9,5,6,1,1,NA,1,40,13,4,0,1,2,3,10,NA,591.7278265,42045,5049,4,4,1,1,1,1,2,1,7,0,9,0,"asian",1,1,1,0,10,0,125,0,4,1,1,"suburban",1,1,0,0.25
11374790106,"bus_subway_trolley",1137479,1,"Subway / El",87,4459,36.558,41,4.442,1,1,6,4,4,19,NA,21,5,1.12,101.7760694,90.87149052,8,1,9,5,6,1,1,NA,1,40,13,4,0,1,2,3,10,NA,591.7278265,42045,5049,4,4,1,1,1,1,2,1,7,0,9,0,"asian",1,1,1,0,10,0,125,0,4,1,1,"suburban",1,1,0,0.25
11374790107,"bus_subway_trolley",1137479,1,"Subway / El",4459,5050,40.175,40.175,0,1,1,7,4,4,19,NA,21,5,1.12,101.7760694,90.87149052,8,1,9,5,6,1,1,NA,1,40,13,4,0,1,2,3,10,NA,591.7278265,42045,5049,4,4,1,1,1,1,2,1,7,0,9,0,"asian",1,1,1,0,10,0,125,0,4,1,1,"suburban",1,1,0,0.25
11470540108,"bus_subway_trolley",1147054,1,"Bus / trolleybus",1011,1818,49.602,51.002,1.4,2,2,8,4,4,19,NA,14,5,1.17,131.1895959,112.1278597,9,2,10,2,5,2,1,NA,1,40,11,4,0,2,1,3,14,NA,210.8563572,42101,1006,3,1,1,0,0,0,2,2,5,1,10,1,"black",1,0,1,0,14,1,62.5,0,1,1,0,"urban",0,1,1,0
11470540109,"bus_subway_trolley",1147054,1,"Bus / trolleybus",1818,1006,31.5,35.183,3.683,2,2,9,4,1,8,NA,14,5,1.17,131.1895959,112.1278597,9,2,10,2,5,2,1,NA,1,40,11,4,0,2,1,3,14,NA,210.8563572,42101,1006,3,1,1,0,0,0,2,2,5,1,10,1,"black",1,0,1,0,14,1,62.5,0,1,1,0,"urban",0,1,1,0
11662350104,"bus_subway_trolley",1166235,1,"Bus / trolleybus",3019,3031,31.967,36.894,4.927,2,2,4,1,4,1,NA,14,5,1.17,113.232166,96.77962906,6,1,11,1,2,2,2,1,NA,NA,NA,NA,NA,NA,NA,3,6,NA,228.3913137,42101,3019,3,1,0,0,0,0,2,2,5,0,11,1,"white",0,0,0,0,6,NA,62.5,0,1,0,0,"urban",0,1,1,0
11662350105,"bus_subway_trolley",1166235,1,"Bus / trolleybus",3031,3012,38.044,39.543,1.499,2,2,5,4,4,7,NA,14,5,1.17,113.232166,96.77962906,6,1,11,1,2,2,2,1,NA,NA,NA,NA,NA,NA,NA,3,6,NA,228.3913137,42101,3019,3,1,0,0,0,0,2,2,5,0,11,1,"white",0,0,0,0,6,NA,62.5,0,1,0,0,"urban",0,1,1,0
11712980102,"bus_subway_trolley",1171298,1,"Bus / trolleybus",74,71,7.35,9.6,2.25,1,1,2,2,4,5,NA,14,5,1.12,430.3991241,384.2849322,3,2,9,2,5,2,1,NA,1,40,11,4,0,2,1,3,12,NA,262.8522442,34007,22031,3,2,1,1,1,0,1,2,6,1,9,0,"black",1,0,1,0,12,1,87.5,0,2,1,1,"urban",1,1,0,0.5
11816680101,"bus_subway_trolley",1181668,1,"Subway / El",4450,87,37.1,41.696,4.596,1,1,1,1,2,1,NA,21,5,1.12,93.09986981,83.12488376,2,1,9,1,6,1,1,NA,1,40,43,4,0,2,1,3,8,NA,496.6260015,42045,4450,3,2,2,2,1,0,2,2,6,0,9,0,"white",1,1,1,0,8,1,87.5,0,2,2,2,"urban",1,1,0,1
11816680102,"bus_subway_trolley",1181668,1,"Subway / El",87,4450,40.36,43.663,3.302,1,1,2,2,1,5,NA,21,5,1.12,93.09986981,83.12488376,2,1,9,1,6,1,1,NA,1,40,43,4,0,2,1,3,8,NA,496.6260015,42045,4450,3,2,2,2,1,0,2,2,6,0,9,0,"white",1,1,1,0,8,1,87.5,0,2,2,2,"urban",1,1,0,1
11928380302,"bus_subway_trolley",1192838,3,"Bus / trolleybus",3031,2817,37.51,42.035,4.525,1,1,2,4,4,19,NA,14,5,1.12,546.427745,487.8819152,5,1,4,1,1,2,1,NA,1,15,35,9,0,9,8,1,10,NA,665.7853703,42101,2819,3,3,3,2,2,1,2,1,7,0,4,0,"white",0,0,1,1,10,NA,125,0,3,3,2,"urban",1,1,0,0.666666666666667
11928380304,"bus_subway_trolley",1192838,3,"Bus / trolleybus",3031,2809,22.167,26.633,4.467,1,1,4,3,2,3,NA,14,5,1.12,546.427745,487.8819152,5,1,4,1,1,2,1,NA,1,15,35,9,0,9,8,1,10,NA,665.7853703,42101,2819,3,3,3,2,2,1,2,1,7,0,4,0,"white",0,0,1,1,10,NA,125,0,3,3,2,"urban",1,1,0,0.666666666666667
11988050101,"bus_subway_trolley",1198805,1,"Bus / trolleybus",435,25,49.354,50.625,1.271,2,1,1,1,4,1,NA,14,5,1.17,259.70159,221.967171,2,2,6,2,2,2,2,6,NA,NA,NA,NA,NA,NA,NA,1,4,NA,860.4556576,42101,435,3,9,1,0,0,2,2,2,1,1,6,0,"black",0,0,0,1,4,NA,5,1,9,1,0,"urban",0,1,1,0
11988050102,"bus_subway_trolley",1198805,1,"Bus / trolleybus",25,435,51.381,47.794,-3.587,2,1,2,4,1,16,NA,14,5,1.17,259.70159,221.967171,2,2,6,2,2,2,2,6,NA,NA,NA,NA,NA,NA,NA,1,4,NA,860.4556576,42101,435,3,9,1,0,0,2,2,2,1,1,6,0,"black",0,0,0,1,4,NA,5,1,9,1,0,"urban",0,1,1,0
11988050201,"bus_subway_trolley",1198805,2,"Bus / trolleybus",435,435,12.592,12.592,0,1,1,1,1,1,1,NA,14,5,1.17,293.7643054,251.0806029,1,1,7,2,1,2,1,NA,1,40,35,4,0,8,8,3,24,NA,860.4556576,42101,435,3,9,1,0,0,2,2,2,1,0,7,0,"black",0,0,1,0,24,NA,5,1,9,1,0,"urban",1,1,1,0
11988050501,"bus_subway_trolley",1198805,5,"Bus / trolleybus",843,435,62.51,63.196,0.685,3,1,1,4,1,1,NA,14,5,1.17,203.3062029,173.7659854,1,1,2,2,1,NA,NA,NA,NA,NA,NA,NA,NA,NA,NA,1,NA,NA,860.4556576,42101,435,3,9,1,0,0,2,2,2,1,0,2,0,"black",0,NA,NA,1,NA,NA,5,1,9,1,0,"urban",0,0,1,0
11988050601,"bus_subway_trolley",1198805,6,"Bus / trolleybus",843,435,62.51,63.196,0.685,3,1,1,4,1,1,NA,14,5,1.17,203.3062029,173.7659854,1,1,2,2,1,NA,NA,NA,NA,NA,NA,NA,NA,NA,NA,1,NA,NA,860.4556576,42101,435,3,9,1,0,0,2,2,2,1,0,2,0,"black",0,NA,NA,1,NA,NA,5,1,9,1,0,"urban",0,0,1,0
11988790201,"bus_subway_trolley",1198879,2,"Trolley / light rail",15624,414,106.567,145.008,38.442,3,1,1,4,4,19,NA,23,5,1.15,242.2296005,210.6344352,2,1,7,99,6,1,1,NA,1,40,13,9,0,9,8,3,0,NA,209.2320632,42017,15622,3,5,2,3,2,4,2,1,8,0,7,0,NA,1,1,1,0,0,NA,175,0,5,2,3,"urban",0,0,0,0.6
12010950302,"bus_subway_trolley",1201095,3,"Bus / trolleybus",4814,1014,100.633,92.823,-7.81,1,1,2,4,4,19,NA,14,5,1.13,3600.93109,3186.664682,6,1,5,3,3,1,1,NA,1,35,19,3,0,8,2,1,10,NA,1024.377182,42045,4623,5,5,3,3,3,1,2,1,99,0,5,0,"hispanic",0,1,1,1,10,0,NA,NA,5,3,3,"rural",1,1,0,0.6
12010950305,"bus_subway_trolley",1201095,3,"Bus / trolleybus",1017,1017,7.948,9.769,1.821,1,1,5,2,4,96,NA,14,5,1.13,3600.93109,3186.664682,6,1,5,3,3,1,1,NA,1,35,19,3,0,8,2,1,10,NA,1024.377182,42045,4623,5,5,3,3,3,1,2,1,99,0,5,0,"hispanic",0,1,1,1,10,0,NA,NA,5,3,3,"rural",1,1,0,0.6
12024070101,"bus_subway_trolley",1202407,1,"Subway / El",1013,1013,NA,NA,NA,2,1,1,1,1,1,NA,21,5,1.17,1114.4492,952.5206835,2,2,10,2,3,1,1,NA,1,35,29,3,0,8,2,3,10,NA,491.7486108,42101,1013,3,1,1,1,1,0,2,1,3,1,10,1,"black",0,1,1,0,10,0,30,1,1,1,1,"urban",0,1,0,1
12024100303,"bus_subway_trolley",1202410,3,"Bus / trolleybus",7,2209,60.413,63.508,3.096,2,1,3,4,1,11,NA,14,5,1.12,680.0122672,607.15381,3,2,3,2,1,NA,NA,NA,NA,NA,NA,NA,NA,NA,NA,1,10,NA,635.0416088,42101,2209,3,3,1,1,1,0,1,2,7,1,3,0,"black",0,NA,NA,1,10,NA,125,0,3,1,1,"urban",0,1,0,0.333333333333333
12091100102,"bus_subway_trolley",1209110,1,"Bus / trolleybus",98,10011,123.7,NA,NA,2,1,2,4,1,96,NA,14,5,1.15,94.58503839,82.24785947,2,2,9,1,6,1,2,4,NA,NA,NA,NA,NA,NA,NA,3,4,NA,63.008432,42091,10011,4,1,0,1,1,0,2,1,9,1,9,0,"white",1,1,0,0,4,NA,225,0,1,0,1,"suburban",0,1,0,1
12105620205,"bus_subway_trolley",1210562,2,"Bus / trolleybus",85,71,9.556,14.592,5.035,3,2,5,1,4,1,NA,14,5,1.15,215.4447053,187.343222,5,2,8,1,6,1,1,NA,1,70,19,6,1,1,1,3,2,NA,203.0774267,42101,5,1,4,2,2,2,4,1,2,9,1,8,0,"white",1,1,1,0,2,1,225,0,4,2,2,"cbd",0,0,0,0.5
12105620402,"bus_subway_trolley",1210562,4,"Bus / trolleybus",31,21,26.758,26.396,-0.363,2,1,2,3,4,3,NA,14,5,1.15,276.919296,240.7993878,3,2,2,1,1,NA,NA,NA,NA,NA,NA,NA,NA,NA,NA,1,NA,NA,203.0774267,42101,5,1,4,2,2,2,4,1,2,9,1,2,0,"white",0,NA,NA,1,NA,NA,225,0,4,2,2,"cbd",0,1,0,0.5
12119850401,"bus_subway_trolley",1211985,4,"Subway / El",1039,5009,40.017,48.267,8.25,3,1,1,2,2,1,NA,21,5,1.15,208.1080518,180.9635233,4,2,5,1,6,1,1,NA,1,60,27,4,0,3,2,3,2,NA,165.4720504,42101,1039,3,4,4,2,2,3,2,2,8,1,5,0,"white",1,1,1,0,2,0,175,0,4,4,2,"urban",0,0,0,0.5
12119850402,"bus_subway_trolley",1211985,4,"Subway / El",5009,1039,41.779,48.102,6.323,3,1,2,2,1,5,NA,21,5,1.15,208.1080518,180.9635233,4,2,5,1,6,1,1,NA,1,60,27,4,0,3,2,3,2,NA,165.4720504,42101,1039,3,4,4,2,2,3,2,2,8,1,5,0,"white",1,1,1,0,2,0,175,0,4,4,2,"urban",0,0,0,0.5
12129060101,"bus_subway_trolley",1212906,1,"Bus / trolleybus",2407,2614,32.565,35.86,3.296,3,1,1,4,4,11,NA,14,5,1.17,213.6226069,182.5834247,2,2,10,2,2,1,2,1,NA,NA,NA,NA,NA,NA,NA,3,5,NA,434.9062452,42101,2401,3,1,0,0,0,0,2,5,2,1,10,1,"black",0,1,0,0,5,NA,17.5,1,1,0,0,"urban",0,0,1,0
12129060102,"bus_subway_trolley",1212906,1,"Bus / trolleybus",2614,2401,46.817,46.208,-0.608,3,1,2,4,1,19,NA,14,5,1.17,213.6226069,182.5834247,2,2,10,2,2,1,2,1,NA,NA,NA,NA,NA,NA,NA,3,5,NA,434.9062452,42101,2401,3,1,0,0,0,0,2,5,2,1,10,1,"black",0,1,0,0,5,NA,17.5,1,1,0,0,"urban",0,0,1,0
12237930101,"bus_subway_trolley",1223793,1,"Bus / trolleybus",842,88,24.804,24.508,-0.296,1,1,1,1,4,1,NA,14,5,1.13,125.0772042,110.6877913,5,2,6,1,6,1,1,NA,1,40,23,4,0,2,1,3,15,NA,153.5469408,42101,842,3,3,2,1,0,0,2,2,99,1,6,0,"white",1,1,1,0,15,1,NA,NA,3,2,1,"urban",1,1,0,0.333333333333333
12237930105,"bus_subway_trolley",1223793,1,"Bus / trolleybus",88,842,23.642,26.667,3.025,1,1,5,4,1,5,NA,14,5,1.13,125.0772042,110.6877913,5,2,6,1,6,1,1,NA,1,40,23,4,0,2,1,3,15,NA,153.5469408,42101,842,3,3,2,1,0,0,2,2,99,1,6,0,"white",1,1,1,0,15,1,NA,NA,3,2,1,"urban",1,1,0,0.333333333333333
12237930201,"bus_subway_trolley",1223793,2,"Bus / trolleybus",842,126,23.246,23.258,0.012,1,1,1,1,2,1,NA,14,5,1.13,131.3824886,116.267689,6,1,7,1,6,1,1,NA,2,60,23,4,2,8,1,3,15,NA,153.5469408,42101,842,3,3,2,1,0,0,2,2,99,0,7,0,"white",1,1,1,0,15,1,NA,NA,3,2,1,"urban",1,1,0,0.333333333333333
12237930203,"bus_subway_trolley",1223793,2,"Bus / trolleybus",88,40,13.85,14.992,1.142,1,1,3,4,4,17,NA,14,5,1.13,131.3824886,116.267689,6,1,7,1,6,1,1,NA,2,60,23,4,2,8,1,3,15,NA,153.5469408,42101,842,3,3,2,1,0,0,2,2,99,0,7,0,"white",1,1,1,0,15,1,NA,NA,3,2,1,"urban",1,1,0,0.333333333333333
12237930204,"bus_subway_trolley",1223793,2,"Bus / trolleybus",40,842,25.654,24.587,-1.067,1,1,4,4,1,16,NA,14,5,1.13,131.3824886,116.267689,6,1,7,1,6,1,1,NA,2,60,23,4,2,8,1,3,15,NA,153.5469408,42101,842,3,3,2,1,0,0,2,2,99,0,7,0,"white",1,1,1,0,15,1,NA,NA,3,2,1,"urban",1,1,0,0.333333333333333
12237930301,"bus_subway_trolley",1223793,3,"Bus / trolleybus",842,88,24.804,24.508,-0.296,2,1,1,1,4,1,NA,14,5,1.13,125.8371047,111.3602696,3,1,1,1,1,NA,NA,NA,NA,NA,NA,NA,NA,NA,NA,1,NA,NA,153.5469408,42101,842,3,3,2,1,0,0,2,2,99,0,1,0,"white",0,NA,NA,1,NA,NA,NA,NA,3,2,1,"urban",0,1,0,0.333333333333333
12237930302,"bus_subway_trolley",1223793,3,"Bus / trolleybus",88,40,13.85,14.992,1.142,2,1,2,4,4,96,NA,14,5,1.13,125.8371047,111.3602696,3,1,1,1,1,NA,NA,NA,NA,NA,NA,NA,NA,NA,NA,1,NA,NA,153.5469408,42101,842,3,3,2,1,0,0,2,2,99,0,1,0,"white",0,NA,NA,1,NA,NA,NA,NA,3,2,1,"urban",0,1,0,0.333333333333333
12237930303,"bus_subway_trolley",1223793,3,"Bus / trolleybus",40,842,25.427,24.087,-1.34,2,1,3,4,1,16,NA,14,5,1.13,125.8371047,111.3602696,3,1,1,1,1,NA,NA,NA,NA,NA,NA,NA,NA,NA,NA,1,NA,NA,153.5469408,42101,842,3,3,2,1,0,0,2,2,99,0,1,0,"white",0,NA,NA,1,NA,NA,NA,NA,3,2,1,"urban",0,1,0,0.333333333333333
12289130103,"bus_subway_trolley",1228913,1,"Bus / trolleybus",101,103,10.398,10.844,0.446,2,2,3,1,4,1,NA,14,5,1.17,164.3536067,140.4731681,4,2,12,1,2,2,2,1,NA,NA,NA,NA,NA,NA,NA,3,8,NA,569.1068035,42101,101,1,1,0,0,0,0,2,5,3,1,12,1,"white",0,0,0,0,8,NA,30,1,1,0,0,"cbd",0,1,1,0
12425930102,"bus_subway_trolley",1242593,1,"Trolley / light rail",5019,4459,46.875,50.446,3.571,1,1,2,4,4,19,NA,23,5,1.12,170.5770669,152.3009526,8,2,8,1,6,1,1,NA,1,50,23,3,9,2,2,3,20,NA,864.8936804,42045,5002,4,4,2,2,2,2,2,1,7,1,8,0,"white",1,1,1,0,20,0,125,0,4,2,2,"suburban",1,1,0,0.5
12425930103,"bus_subway_trolley",1242593,1,"Subway / El",4459,76,35.75,37.75,2,1,1,3,4,4,19,NA,21,5,1.12,170.5770669,152.3009526,8,2,8,1,6,1,1,NA,1,50,23,3,9,2,2,3,20,NA,864.8936804,42045,5002,4,4,2,2,2,2,2,1,7,1,8,0,"white",1,1,1,0,20,0,125,0,4,2,2,"suburban",1,1,0,0.5
12425930106,"bus_subway_trolley",1242593,1,"Subway / El",76,4459,36.854,37.696,0.842,1,1,6,4,4,19,NA,21,5,1.12,170.5770669,152.3009526,8,2,8,1,6,1,1,NA,1,50,23,3,9,2,2,3,20,NA,864.8936804,42045,5002,4,4,2,2,2,2,2,1,7,1,8,0,"white",1,1,1,0,20,0,125,0,4,2,2,"suburban",1,1,0,0.5
12425930107,"bus_subway_trolley",1242593,1,"Trolley / light rail",4459,5019,39.208,40.692,1.483,1,1,7,4,4,19,NA,23,5,1.12,170.5770669,152.3009526,8,2,8,1,6,1,1,NA,1,50,23,3,9,2,2,3,20,NA,864.8936804,42045,5002,4,4,2,2,2,2,2,1,7,1,8,0,"white",1,1,1,0,20,0,125,0,4,2,2,"suburban",1,1,0,0.5
12583270202,"bus_subway_trolley",1258327,2,"Bus / trolleybus",10427,12411,45.242,51.367,6.125,2,1,2,4,4,8,NA,14,5,1.17,142.868372,122.1097197,3,2,8,3,4,2,2,3,NA,NA,NA,NA,NA,NA,NA,3,4,NA,417.148152,42091,10427,4,4,1,1,1,0,2,2,3,1,8,0,"hispanic",0,0,0,0,4,NA,30,1,4,1,1,"suburban",0,1,0,0.25
12583270203,"bus_subway_trolley",1258327,2,"Bus / trolleybus",12411,10427,48.925,51.719,2.794,2,1,3,4,1,8,NA,14,5,1.17,142.868372,122.1097197,3,2,8,3,4,2,2,3,NA,NA,NA,NA,NA,NA,NA,3,4,NA,417.148152,42091,10427,4,4,1,1,1,0,2,2,3,1,8,0,"hispanic",0,0,0,0,4,NA,30,1,4,1,1,"suburban",0,1,0,0.25
12583270302,"bus_subway_trolley",1258327,3,"Bus / trolleybus",10427,12411,45.242,51.367,6.125,2,1,2,4,4,8,NA,14,5,1.17,119.5279099,102.1606067,3,2,5,1,2,2,2,4,NA,NA,NA,NA,NA,NA,NA,3,6,NA,417.148152,42091,10427,4,4,1,1,1,0,2,2,3,1,5,0,"white",0,0,0,0,6,NA,30,1,4,1,1,"suburban",0,1,0,0.25
12583270303,"bus_subway_trolley",1258327,3,"Bus / trolleybus",12411,10427,48.925,51.719,2.794,2,1,3,4,1,8,NA,14,5,1.17,119.5279099,102.1606067,3,2,5,1,2,2,2,4,NA,NA,NA,NA,NA,NA,NA,3,6,NA,417.148152,42091,10427,4,4,1,1,1,0,2,2,3,1,5,0,"white",0,0,0,0,6,NA,30,1,4,1,1,"suburban",0,1,0,0.25
12583270402,"bus_subway_trolley",1258327,4,"Bus / trolleybus",10427,12411,45.242,51.367,6.125,2,1,2,4,4,8,NA,14,5,1.17,138.669568,118.5209983,3,1,3,1,1,NA,NA,NA,NA,NA,NA,NA,NA,NA,NA,1,6,NA,417.148152,42091,10427,4,4,1,1,1,0,2,2,3,0,3,0,"white",0,NA,NA,1,6,NA,30,1,4,1,1,"suburban",0,1,0,0.25
12583270403,"bus_subway_trolley",1258327,4,"Bus / trolleybus",12411,10427,48.925,51.719,2.794,2,1,3,4,1,8,NA,14,5,1.17,138.669568,118.5209983,3,1,3,1,1,NA,NA,NA,NA,NA,NA,NA,NA,NA,NA,1,6,NA,417.148152,42091,10427,4,4,1,1,1,0,2,2,3,0,3,0,"white",0,NA,NA,1,6,NA,30,1,4,1,1,"suburban",0,1,0,0.25
12688310207,"bus_subway_trolley",1268831,2,"Subway / El",1610,401,40.583,47.083,6.5,1,2,7,4,4,19,NA,21,5,1.12,212.9825739,190.1630124,13,1,8,1,3,1,1,NA,1,40,21,4,0,2,2,3,14,NA,1041.535076,34005,20053,4,4,2,1,1,4,1,1,7,0,8,0,"white",0,1,1,0,14,0,125,0,4,2,1,"suburban",1,1,0,0.25
12765360101,"bus_subway_trolley",1276536,1,"Bus / trolleybus",142,74,30.842,28.417,-2.425,1,1,1,1,4,1,NA,14,5,1.17,105.2570646,89.96330309,6,1,9,1,6,2,1,NA,1,35,25,4,0,8,2,3,12,NA,210.8563572,42101,142,3,1,1,0,0,0,2,2,5,0,9,0,"white",1,0,1,0,12,0,62.5,0,1,1,0,"urban",1,1,1,0
12783680105,"bus_subway_trolley",1278368,1,"Bus / trolleybus",1440,2407,28.19,24.977,-3.212,2,1,5,4,4,19,NA,14,5,1.17,161.0595585,137.6577423,10,1,10,1,6,1,2,1,NA,NA,NA,NA,NA,NA,NA,3,6,NA,247.6035579,42101,2403,3,1,0,1,1,0,1,2,4,0,10,1,"white",1,1,0,0,6,NA,42.5,0,1,0,1,"urban",0,1,0,1
12783680108,"bus_subway_trolley",1278368,1,"Bus / trolleybus",2417,2417,18.771,20.76,1.99,2,2,8,4,4,19,NA,14,5,1.17,161.0595585,137.6577423,10,1,10,1,6,1,2,1,NA,NA,NA,NA,NA,NA,NA,3,6,NA,247.6035579,42101,2403,3,1,0,1,1,0,1,2,4,0,10,1,"white",1,1,0,0,6,NA,42.5,0,1,0,1,"urban",0,1,0,1
12784730101,"bus_subway_trolley",1278473,1,"Bus / trolleybus",10426,10410,32.842,48.848,16.006,3,1,1,2,2,1,NA,14,5,1.17,118.3632822,101.1651984,2,2,8,2,3,1,1,NA,2,45,13,4,2,3,2,3,1,NA,254.8908116,42091,10426,3,1,1,1,1,2,1,2,5,1,8,0,"black",0,1,1,0,1,0,62.5,0,1,1,1,"urban",0,0,0,1
12852100101,"bus_subway_trolley",1285210,1,"Bus / trolleybus",844,804,16.892,18.142,1.25,1,1,1,1,2,1,NA,14,5,1.12,98.67075004,88.09888397,6,1,9,1,5,1,2,1,NA,NA,NA,NA,NA,NA,NA,3,28,NA,191.540435,42101,844,3,1,0,0,0,0,2,3,6,0,9,0,"white",1,1,0,0,28,NA,87.5,0,1,0,0,"urban",1,1,1,0
12852100102,"bus_subway_trolley",1285210,1,"Bus / trolleybus",804,834,21.296,24.617,3.321,1,1,2,2,4,5,NA,14,5,1.12,98.67075004,88.09888397,6,1,9,1,5,1,2,1,NA,NA,NA,NA,NA,NA,NA,3,28,NA,191.540435,42101,844,3,1,0,0,0,0,2,3,6,0,9,0,"white",1,1,0,0,28,NA,87.5,0,1,0,0,"urban",1,1,1,0
12852100104,"bus_subway_trolley",1285210,1,"Bus / trolleybus",844,40,17.99,17.45,-0.54,2,2,4,1,4,1,NA,14,5,1.12,98.67075004,88.09888397,6,1,9,1,5,1,2,1,NA,NA,NA,NA,NA,NA,NA,3,28,NA,191.540435,42101,844,3,1,0,0,0,0,2,3,6,0,9,0,"white",1,1,0,0,28,NA,87.5,0,1,0,0,"urban",0,1,1,0
12852100106,"bus_subway_trolley",1285210,1,"Bus / trolleybus",40,844,15.6,17.067,1.467,2,2,6,4,1,13,NA,14,5,1.12,98.67075004,88.09888397,6,1,9,1,5,1,2,1,NA,NA,NA,NA,NA,NA,NA,3,28,NA,191.540435,42101,844,3,1,0,0,0,0,2,3,6,0,9,0,"white",1,1,0,0,28,NA,87.5,0,1,0,0,"urban",0,1,1,0
12904600101,"bus_subway_trolley",1290460,1,"Subway / El",1605,94,42.792,44.417,1.625,1,1,1,1,4,1,NA,21,5,1.17,604.9132082,517.0198361,5,1,7,2,6,1,1,NA,1,40,13,4,0,2,1,3,6,NA,309.3098808,42101,1605,3,1,1,1,1,1,2,2,4,0,7,0,"black",1,1,1,0,6,1,42.5,0,1,1,1,"urban",1,1,0,1
12904600103,"bus_subway_trolley",1290460,1,"Subway / El",98,1605,41.117,45.617,4.5,1,1,3,2,1,5,NA,21,5,1.17,604.9132082,517.0198361,5,1,7,2,6,1,1,NA,1,40,13,4,0,2,1,3,6,NA,309.3098808,42101,1605,3,1,1,1,1,1,2,2,4,0,7,0,"black",1,1,1,0,6,1,42.5,0,1,1,1,"urban",1,1,0,1
12918480301,"bus_subway_trolley",1291848,3,"Bus / trolleybus",4231,5029,95.683,92.058,-3.625,3,1,1,1,3,1,NA,14,5,1.15,186.9937892,162.603295,2,2,5,1,2,2,2,6,NA,NA,NA,NA,NA,NA,NA,2,6,NA,218.3626797,42045,4231,4,3,2,2,2,1,2,1,8,1,5,0,"white",0,0,0,1,6,NA,175,0,3,2,2,"suburban",0,0,0,0.666666666666667
12918480302,"bus_subway_trolley",1291848,3,"Bus / trolleybus",5029,4231,100.265,104.769,4.504,3,1,2,3,3,3,NA,14,5,1.15,186.9937892,162.603295,2,2,5,1,2,2,2,6,NA,NA,NA,NA,NA,NA,NA,2,6,NA,218.3626797,42045,4231,4,3,2,2,2,1,2,1,8,1,5,0,"white",0,0,0,1,6,NA,175,0,3,2,2,"suburban",0,0,0,0.666666666666667
12951000103,"bus_subway_trolley",1295100,1,"Bus / trolleybus",96,88,11.504,12.104,0.6,2,1,3,4,4,96,NA,14,5,1.17,669.6973848,572.3909271,6,2,10,2,3,1,2,1,NA,NA,NA,NA,NA,NA,NA,3,8,NA,342.2557249,42101,3208,3,3,1,1,1,0,2,1,4,1,10,1,"black",0,1,0,0,8,NA,42.5,0,3,1,1,"urban",0,1,0,0.333333333333333
12951000104,"bus_subway_trolley",1295100,1,"Bus / trolleybus",88,71,7.917,8.823,0.906,2,1,4,4,4,9,NA,14,5,1.17,669.6973848,572.3909271,6,2,10,2,3,1,2,1,NA,NA,NA,NA,NA,NA,NA,3,8,NA,342.2557249,42101,3208,3,3,1,1,1,0,2,1,4,1,10,1,"black",0,1,0,0,8,NA,42.5,0,3,1,1,"urban",0,1,0,0.333333333333333
12951000105,"bus_subway_trolley",1295100,1,"Bus / trolleybus",71,1435,38.956,47.496,8.54,2,1,5,4,4,96,NA,14,5,1.17,669.6973848,572.3909271,6,2,10,2,3,1,2,1,NA,NA,NA,NA,NA,NA,NA,3,8,NA,342.2557249,42101,3208,3,3,1,1,1,0,2,1,4,1,10,1,"black",0,1,0,0,8,NA,42.5,0,3,1,1,"urban",0,1,0,0.333333333333333
12951000106,"bus_subway_trolley",1295100,1,"Bus / trolleybus",1435,3216,72.379,71.854,-0.525,2,1,6,4,1,96,NA,14,5,1.17,669.6973848,572.3909271,6,2,10,2,3,1,2,1,NA,NA,NA,NA,NA,NA,NA,3,8,NA,342.2557249,42101,3208,3,3,1,1,1,0,2,1,4,1,10,1,"black",0,1,0,0,8,NA,42.5,0,3,1,1,"urban",0,1,0,0.333333333333333
12988510201,"bus_subway_trolley",1298851,2,"Bus / trolleybus",4436,81,64.781,67.453,2.672,1,1,1,1,2,1,NA,14,5,1.17,171.5313506,146.6079919,3,1,6,1,2,1,1,NA,1,40,97,9,0,9,8,3,0,NA,171.7556139,42045,4436,4,3,1,2,2,0,2,1,5,0,6,0,"white",0,1,1,0,0,NA,62.5,0,3,1,2,"suburban",1,1,0,0.666666666666667
12988510202,"bus_subway_trolley",1298851,2,"Bus / trolleybus",81,4436,50.677,56.14,5.462,1,1,2,2,1,5,NA,14,5,1.17,171.5313506,146.6079919,3,1,6,1,2,1,1,NA,1,40,97,9,0,9,8,3,0,NA,171.7556139,42045,4436,4,3,1,2,2,0,2,1,5,0,6,0,"white",0,1,1,0,0,NA,62.5,0,3,1,2,"suburban",1,1,0,0.666666666666667
13028350101,"bus_subway_trolley",1302835,1,"Bus / trolleybus",14605,14620,NA,NA,NA,1,1,1,1,4,1,NA,14,5,1.12,955.0338638,852.708807,10,2,8,1,6,1,1,NA,1,50,19,9,0,9,8,3,0,NA,252.2589939,42017,14605,5,3,2,3,2,2,2,1,7,1,8,0,"white",1,1,1,0,0,NA,125,0,3,2,3,"rural",1,1,0,1
13054210103,"bus_subway_trolley",1305421,1,"Bus / trolleybus",2441,2436,33.717,38.275,4.558,2,1,3,4,1,16,NA,14,5,1.17,165.1042183,141.1147165,3,2,9,100,6,1,1,NA,1,50,25,1,0,3,8,3,0,NA,228.5733628,42101,2436,3,1,1,1,1,0,2,2,5,1,9,0,"other",1,1,1,0,0,NA,62.5,0,1,1,1,"urban",0,1,0,1
13084440201,"bus_subway_trolley",1308444,2,"Bus / trolleybus",2610,1420,56.983,56.983,0,3,1,1,2,2,1,NA,14,5,1.12,164.6176081,146.9800072,2,1,10,1,2,1,1,NA,1,40,15,4,0,3,2,3,15,NA,260.0275356,42101,2610,3,2,2,1,1,0,2,2,6,0,10,1,"white",0,1,1,0,15,0,87.5,0,2,2,1,"urban",0,0,0,0.5
13084440202,"bus_subway_trolley",1308444,2,"Bus / trolleybus",1420,2610,41.212,48.377,7.165,3,1,2,2,1,5,NA,14,5,1.12,164.6176081,146.9800072,2,1,10,1,2,1,1,NA,1,40,15,4,0,3,2,3,15,NA,260.0275356,42101,2610,3,2,2,1,1,0,2,2,6,0,10,1,"white",0,1,1,0,15,0,87.5,0,2,2,1,"urban",0,0,0,0.5
13205640201,"bus_subway_trolley",1320564,2,"Subway / El",844,66,21.396,25.262,3.867,3,1,1,2,2,1,NA,21,5,1.12,226.9996291,202.6782403,2,1,8,97,5,1,1,NA,1,40,17,4,0,2,8,3,8,NA,670.1917446,42101,844,3,4,2,1,1,3,2,2,6,0,8,0,"other",1,1,1,0,8,NA,87.5,0,4,2,1,"urban",0,0,0,0.25
13205640202,"bus_subway_trolley",1320564,2,"Subway / El",66,844,29.4,33.779,4.379,3,1,2,2,1,5,NA,21,5,1.12,226.9996291,202.6782403,2,1,8,97,5,1,1,NA,1,40,17,4,0,2,8,3,8,NA,670.1917446,42101,844,3,4,2,1,1,3,2,2,6,0,8,0,"other",1,1,1,0,8,NA,87.5,0,4,2,1,"urban",0,0,0,0.25
13249230101,"bus_subway_trolley",1324923,1,"Subway / El",3003,621,36.627,35.375,-1.252,1,1,1,1,2,1,NA,21,5,1.17,180.7093237,154.4524134,5,1,8,1,4,1,1,NA,1,43,43,4,0,8,8,3,10,NA,368.9100428,42101,3003,3,2,1,0,0,0,2,2,4,0,8,0,"white",0,1,1,0,10,NA,42.5,0,2,1,0,"urban",1,1,1,0
13252800201,"bus_subway_trolley",1325280,2,"Bus / trolleybus",817,95,27.594,33.308,5.715,1,1,1,1,2,1,NA,14,5,1.17,326.452933,279.0196009,5,2,6,5,2,2,1,NA,2,22,35,4,0,2,2,3,14,NA,416.9251997,42101,817,3,2,2,1,1,0,2,3,5,1,6,0,"asian",0,0,1,0,14,0,62.5,0,2,2,1,"urban",1,1,0,0.5
13255850102,"bus_subway_trolley",1325585,1,"Bus / trolleybus",3208,88,50.004,54.592,4.587,1,1,2,2,4,5,NA,14,5,1.15,108.0977039,93.99800335,4,2,8,1,6,1,1,NA,1,40,29,1,0,3,2,3,3,NA,106.969976,42045,4826,4,2,2,2,2,0,1,1,9,1,8,0,"white",1,1,1,0,3,0,225,0,2,2,2,"suburban",1,1,0,1
13271810402,"bus_subway_trolley",1327181,4,"Bus / trolleybus",4459,10212,50.467,58.467,8,1,1,2,4,4,1,NA,14,5,1.12,3360.941569,3000.840687,7,2,5,100,2,1,1,NA,1,30,98,4,0,3,1,3,5,NA,348.9361683,42045,4422,4,4,4,3,2,3,2,1,6,1,5,0,"other",0,1,1,0,5,1,87.5,0,4,4,3,"suburban",1,1,0,0.75
13271810405,"bus_subway_trolley",1327181,4,"Bus / trolleybus",10219,10219,16.642,15.287,-1.354,1,1,5,2,2,1,NA,14,5,1.12,3360.941569,3000.840687,7,2,5,100,2,1,1,NA,1,30,98,4,0,3,1,3,5,NA,348.9361683,42045,4422,4,4,4,3,2,3,2,1,6,1,5,0,"other",0,1,1,0,5,1,87.5,0,4,4,3,"suburban",1,1,0,0.75
13277160201,"bus_subway_trolley",1327716,2,"Subway / El",817,41,21.233,24.108,2.875,1,1,1,1,2,1,NA,21,5,1.17,183.7155918,157.0218733,2,1,8,1,2,98,1,NA,1,40,37,4,0,2,2,3,10,NA,439.5779854,42101,817,3,3,1,0,0,0,2,2,3,0,8,0,"white",0,NA,1,0,10,0,30,1,3,1,0,"urban",1,1,1,0
13277160202,"bus_subway_trolley",1327716,2,"Subway / El",41,817,24.917,18.183,-6.733,1,1,2,2,1,5,NA,21,5,1.17,183.7155918,157.0218733,2,1,8,1,2,98,1,NA,1,40,37,4,0,2,2,3,10,NA,439.5779854,42101,817,3,3,1,0,0,0,2,2,3,0,8,0,"white",0,NA,1,0,10,0,30,1,3,1,0,"urban",1,1,1,0
13304030102,"bus_subway_trolley",1330403,1,"Bus / trolleybus",3405,1624,36.275,60.283,24.008,1,1,2,4,2,19,NA,14,5,1.12,678.5709803,605.8669467,7,1,8,1,5,1,1,NA,1,40,13,4,0,3,1,3,8,NA,1019.897822,42101,3405,4,5,3,2,2,5,2,2,6,0,8,0,"white",1,1,1,0,8,1,87.5,0,5,3,2,"suburban",1,1,0,0.4
13304030106,"bus_subway_trolley",1330403,1,"Bus / trolleybus",1624,3405,31.929,33.375,1.446,1,1,6,4,4,19,NA,14,5,1.12,678.5709803,605.8669467,7,1,8,1,5,1,1,NA,1,40,13,4,0,3,1,3,8,NA,1019.897822,42101,3405,4,5,3,2,2,5,2,2,6,0,8,0,"white",1,1,1,0,8,1,87.5,0,5,3,2,"suburban",1,1,0,0.4
13304030302,"bus_subway_trolley",1330403,3,"Bus / trolleybus",3408,1610,56.06,50.617,-5.443,2,1,2,4,4,19,NA,14,5,1.12,875.0829971,781.3241045,8,2,4,1,1,1,1,NA,1,20,35,1,0,3,2,1,0,NA,1019.897822,42101,3405,4,5,3,2,2,5,2,2,6,1,4,0,"white",0,1,1,1,0,0,87.5,0,5,3,2,"suburban",0,1,0,0.4
13304030303,"bus_subway_trolley",1330403,3,"Subway / El",1610,76,40.1,47.908,7.808,2,1,3,4,4,19,NA,21,5,1.12,875.0829971,781.3241045,8,2,4,1,1,1,1,NA,1,20,35,1,0,3,2,1,0,NA,1019.897822,42101,3405,4,5,3,2,2,5,2,2,6,1,4,0,"white",0,1,1,1,0,0,87.5,0,5,3,2,"suburban",0,1,0,0.4
13304030306,"bus_subway_trolley",1330403,3,"Subway / El",76,1610,44.452,44.108,-0.344,2,1,6,4,4,19,NA,21,5,1.12,875.0829971,781.3241045,8,2,4,1,1,1,1,NA,1,20,35,1,0,3,2,1,0,NA,1019.897822,42101,3405,4,5,3,2,2,5,2,2,6,1,4,0,"white",0,1,1,1,0,0,87.5,0,5,3,2,"suburban",0,1,0,0.4
13304030307,"bus_subway_trolley",1330403,3,"Bus / trolleybus",1610,3405,51.479,58.375,6.896,2,1,7,4,4,19,NA,14,5,1.12,875.0829971,781.3241045,8,2,4,1,1,1,1,NA,1,20,35,1,0,3,2,1,0,NA,1019.897822,42101,3405,4,5,3,2,2,5,2,2,6,1,4,0,"white",0,1,1,1,0,0,87.5,0,5,3,2,"suburban",0,1,0,0.4
13561360101,"bus_subway_trolley",1356136,1,"Bus / trolleybus",1228,38,29.671,34.867,5.196,1,1,1,1,2,1,NA,14,5,1.17,619.3763583,529.3815028,7,1,7,2,5,1,1,NA,1,8,21,4,0,8,2,3,20,NA,669.0737258,42101,1228,3,4,1,1,1,0,2,2,4,0,7,0,"black",1,1,1,0,20,0,42.5,0,4,1,1,"urban",1,1,0,0.25
13561360102,"bus_subway_trolley",1356136,1,"Bus / trolleybus",38,57,14.473,18.696,4.223,1,1,2,2,4,5,NA,14,5,1.17,619.3763583,529.3815028,7,1,7,2,5,1,1,NA,1,8,21,4,0,8,2,3,20,NA,669.0737258,42101,1228,3,4,1,1,1,0,2,2,4,0,7,0,"black",1,1,1,0,20,0,42.5,0,4,1,1,"urban",1,1,0,0.25
13561360104,"bus_subway_trolley",1356136,1,"Subway / El",72,625,28.5,30.25,1.75,1,1,4,4,4,5,NA,21,5,1.17,619.3763583,529.3815028,7,1,7,2,5,1,1,NA,1,8,21,4,0,8,2,3,20,NA,669.0737258,42101,1228,3,4,1,1,1,0,2,2,4,0,7,0,"black",1,1,1,0,20,0,42.5,0,4,1,1,"urban",1,1,0,0.25
13561360105,"bus_subway_trolley",1356136,1,"Subway / El",625,38,42.119,44.806,2.688,1,1,5,4,2,5,NA,21,5,1.17,619.3763583,529.3815028,7,1,7,2,5,1,1,NA,1,8,21,4,0,8,2,3,20,NA,669.0737258,42101,1228,3,4,1,1,1,0,2,2,4,0,7,0,"black",1,1,1,0,20,0,42.5,0,4,1,1,"urban",1,1,0,0.25
13561360106,"bus_subway_trolley",1356136,1,"Bus / trolleybus",38,113,25.05,24.846,-0.204,1,1,6,2,4,5,NA,14,5,1.17,619.3763583,529.3815028,7,1,7,2,5,1,1,NA,1,8,21,4,0,8,2,3,20,NA,669.0737258,42101,1228,3,4,1,1,1,0,2,2,4,0,7,0,"black",1,1,1,0,20,0,42.5,0,4,1,1,"urban",1,1,0,0.25
13561360107,"bus_subway_trolley",1356136,1,"Bus / trolleybus",113,1228,34.5,33.671,-0.829,1,1,7,4,1,6,NA,14,5,1.17,619.3763583,529.3815028,7,1,7,2,5,1,1,NA,1,8,21,4,0,8,2,3,20,NA,669.0737258,42101,1228,3,4,1,1,1,0,2,2,4,0,7,0,"black",1,1,1,0,20,0,42.5,0,4,1,1,"urban",1,1,0,0.25
13602530101,"bus_subway_trolley",1360253,1,"Bus / trolleybus",3415,1816,115.946,124.35,8.404,3,1,1,2,1,1,NA,14,5,1.17,249.3584293,213.1268626,1,2,9,2,2,2,1,NA,1,40,97,4,0,3,2,3,5,NA,534.5859881,42101,1816,3,1,1,0,0,0,2,2,2,1,9,0,"black",0,0,1,0,5,0,17.5,1,1,1,0,"urban",0,0,1,0
13629790101,"bus_subway_trolley",1362979,1,"Bus / trolleybus",75,36,13.75,14.694,0.944,2,1,1,1,4,1,NA,14,5,1.12,171.816695,153.4077634,3,1,8,1,5,1,1,NA,1,80,11,NA,NA,NA,NA,3,2,NA,198.4949737,42101,75,1,1,1,1,1,0,2,5,7,0,8,0,"white",1,1,1,0,2,NA,125,0,1,1,1,"cbd",0,1,0,1
13629790102,"bus_subway_trolley",1362979,1,"Bus / trolleybus",36,75,18.442,19.942,1.5,2,1,2,4,1,14,NA,14,5,1.12,171.816695,153.4077634,3,1,8,1,5,1,1,NA,1,80,11,NA,NA,NA,NA,3,2,NA,198.4949737,42101,75,1,1,1,1,1,0,2,5,7,0,8,0,"white",1,1,1,0,2,NA,125,0,1,1,1,"cbd",0,1,0,1
13665150202,"bus_subway_trolley",1366515,2,"Subway / El",1432,41,31.367,34.242,2.875,2,1,2,4,4,19,NA,21,5,1.17,2445.527229,2090.194213,5,2,5,2,3,2,2,6,NA,NA,NA,NA,NA,NA,NA,1,998,NA,1019.897822,42101,1420,3,3,1,1,1,4,1,2,3,1,5,0,"black",0,0,0,1,NA,NA,30,1,3,1,1,"urban",0,1,0,0.333333333333333
13665150203,"bus_subway_trolley",1366515,2,"Bus / trolleybus",41,3202,46.623,51.471,4.848,2,1,3,4,4,4,NA,14,5,1.17,2445.527229,2090.194213,5,2,5,2,3,2,2,6,NA,NA,NA,NA,NA,NA,NA,1,998,NA,1019.897822,42101,1420,3,3,1,1,1,4,1,2,3,1,5,0,"black",0,0,0,1,NA,NA,30,1,3,1,1,"urban",0,1,0,0.333333333333333
13665150205,"bus_subway_trolley",1366515,2,"Bus / trolleybus",3201,1420,17.4,22.752,5.352,2,1,5,4,1,19,NA,14,5,1.17,2445.527229,2090.194213,5,2,5,2,3,2,2,6,NA,NA,NA,NA,NA,NA,NA,1,998,NA,1019.897822,42101,1420,3,3,1,1,1,4,1,2,3,1,5,0,"black",0,0,0,1,NA,NA,30,1,3,1,1,"urban",0,1,0,0.333333333333333
13701130101,"bus_subway_trolley",1370113,1,"Bus / trolleybus",103,97,7.152,8.375,1.223,3,1,1,4,4,96,NA,14,5,1.17,181.5630804,155.18212,5,1,9,2,4,2,2,1,NA,NA,NA,NA,NA,NA,NA,3,4,NA,415.6976476,42101,2204,3,1,0,0,0,0,2,2,2,0,9,0,"black",0,0,0,0,4,NA,17.5,1,1,0,0,"urban",0,0,1,0
13701130102,"bus_subway_trolley",1370113,1,"Bus / trolleybus",97,57,18.479,22.46,3.981,3,1,2,4,4,96,NA,14,5,1.17,181.5630804,155.18212,5,1,9,2,4,2,2,1,NA,NA,NA,NA,NA,NA,NA,3,4,NA,415.6976476,42101,2204,3,1,0,0,0,0,2,2,2,0,9,0,"black",0,0,0,0,4,NA,17.5,1,1,0,0,"urban",0,0,1,0
13701130103,"bus_subway_trolley",1370113,1,"Bus / trolleybus",57,92,14.227,15.048,0.821,3,1,3,4,4,6,NA,14,5,1.17,181.5630804,155.18212,5,1,9,2,4,2,2,1,NA,NA,NA,NA,NA,NA,NA,3,4,NA,415.6976476,42101,2204,3,1,0,0,0,0,2,2,2,0,9,0,"black",0,0,0,0,4,NA,17.5,1,1,0,0,"urban",0,0,1,0
13702340102,"bus_subway_trolley",1370234,1,"Bus / trolleybus",1423,1215,48.275,46.775,-1.5,1,1,2,4,2,1,NA,14,5,1.17,118.0648918,100.9101639,5,1,9,1,6,1,2,4,NA,NA,NA,NA,NA,NA,NA,3,4,NA,415.6976476,42101,1423,3,1,0,0,0,0,2,2,2,0,9,0,"white",1,1,0,0,4,NA,17.5,1,1,0,0,"urban",1,1,1,0
13702340103,"bus_subway_trolley",1370234,1,"Bus / trolleybus",1215,2806,71.281,71.529,0.248,1,1,3,2,4,5,NA,14,5,1.17,118.0648918,100.9101639,5,1,9,1,6,1,2,4,NA,NA,NA,NA,NA,NA,NA,3,4,NA,415.6976476,42101,1423,3,1,0,0,0,0,2,2,2,0,9,0,"white",1,1,0,0,4,NA,17.5,1,1,0,0,"urban",1,1,1,0
13702340105,"bus_subway_trolley",1370234,1,"Bus / trolleybus",1026,1423,36.779,37.8,1.021,1,1,5,4,1,14,NA,14,5,1.17,118.0648918,100.9101639,5,1,9,1,6,1,2,4,NA,NA,NA,NA,NA,NA,NA,3,4,NA,415.6976476,42101,1423,3,1,0,0,0,0,2,2,2,0,9,0,"white",1,1,0,0,4,NA,17.5,1,1,0,0,"urban",1,1,1,0
13772340101,"bus_subway_trolley",1377234,1,"Bus / trolleybus",101,85,13.029,13.017,-0.013,2,1,1,1,4,1,NA,14,5,1.15,98.94367975,86.03798239,2,1,11,1,3,2,2,1,NA,NA,NA,NA,NA,NA,NA,2,2,NA,68.63506003,42101,101,1,1,0,0,0,0,2,5,9,0,11,1,"white",0,0,0,1,2,NA,225,0,1,0,0,"cbd",0,1,1,0
13772340102,"bus_subway_trolley",1377234,1,"Bus / trolleybus",85,101,10.048,10.298,0.25,2,1,2,4,1,14,NA,14,5,1.15,98.94367975,86.03798239,2,1,11,1,3,2,2,1,NA,NA,NA,NA,NA,NA,NA,2,2,NA,68.63506003,42101,101,1,1,0,0,0,0,2,5,9,0,11,1,"white",0,0,0,1,2,NA,225,0,1,0,0,"cbd",0,1,1,0
13791240101,"bus_subway_trolley",1379124,1,"Bus / trolleybus",2635,2620,47.483,47.483,0,1,1,1,1,4,1,NA,14,5,1.17,270.3321906,231.0531544,8,2,7,2,2,2,1,NA,1,30,29,4,0,3,2,3,16,NA,408.5701271,42101,2635,3,1,1,0,0,1,2,2,2,1,7,0,"black",0,0,1,0,16,0,17.5,1,1,1,0,"urban",1,1,1,0
13791240102,"bus_subway_trolley",1379124,1,"Bus / trolleybus",2620,1610,50.625,52.627,2.002,1,1,2,4,4,19,NA,14,5,1.17,270.3321906,231.0531544,8,2,7,2,2,2,1,NA,1,30,29,4,0,3,2,3,16,NA,408.5701271,42101,2635,3,1,1,0,0,1,2,2,2,1,7,0,"black",0,0,1,0,16,0,17.5,1,1,1,0,"urban",1,1,1,0
13791240105,"bus_subway_trolley",1379124,1,"Bus / trolleybus",2817,1610,32.998,33.873,0.875,1,1,5,4,4,19,NA,14,5,1.17,270.3321906,231.0531544,8,2,7,2,2,2,1,NA,1,30,29,4,0,3,2,3,16,NA,408.5701271,42101,2635,3,1,1,0,0,1,2,2,2,1,7,0,"black",0,0,1,0,16,0,17.5,1,1,1,0,"urban",1,1,1,0
13791240106,"bus_subway_trolley",1379124,1,"Bus / trolleybus",1610,2615,35.298,42.006,6.708,1,1,6,4,4,19,NA,14,5,1.17,270.3321906,231.0531544,8,2,7,2,2,2,1,NA,1,30,29,4,0,3,2,3,16,NA,408.5701271,42101,2635,3,1,1,0,0,1,2,2,2,1,7,0,"black",0,0,1,0,16,0,17.5,1,1,1,0,"urban",1,1,1,0
13791240107,"bus_subway_trolley",1379124,1,"Bus / trolleybus",2615,2635,39.663,42.533,2.871,1,1,7,4,4,19,NA,14,5,1.17,270.3321906,231.0531544,8,2,7,2,2,2,1,NA,1,30,29,4,0,3,2,3,16,NA,408.5701271,42101,2635,3,1,1,0,0,1,2,2,2,1,7,0,"black",0,0,1,0,16,0,17.5,1,1,1,0,"urban",1,1,1,0
13835240103,"bus_subway_trolley",1383524,1,"Bus / trolleybus",1215,1214,15.629,16.312,0.683,2,2,3,1,4,1,NA,14,5,1.17,213.6226069,182.5834247,6,2,10,2,1,2,2,1,NA,NA,NA,NA,NA,NA,NA,3,6,NA,434.9062452,42101,1215,3,1,0,0,0,0,2,5,1,1,10,1,"black",0,0,0,0,6,NA,5,1,1,0,0,"urban",0,1,1,0
13835240104,"bus_subway_trolley",1383524,1,"Bus / trolleybus",1214,1215,14.883,14.875,-0.008,2,2,4,4,1,11,NA,14,5,1.17,213.6226069,182.5834247,6,2,10,2,1,2,2,1,NA,NA,NA,NA,NA,NA,NA,3,6,NA,434.9062452,42101,1215,3,1,0,0,0,0,2,5,1,1,10,1,"black",0,0,0,0,6,NA,5,1,1,0,0,"urban",0,1,1,0
13835240106,"bus_subway_trolley",1383524,1,"Bus / trolleybus",1222,1215,25.9,26.833,0.933,2,3,6,4,1,96,NA,14,5,1.17,213.6226069,182.5834247,6,2,10,2,1,2,2,1,NA,NA,NA,NA,NA,NA,NA,3,6,NA,434.9062452,42101,1215,3,1,0,0,0,0,2,5,1,1,10,1,"black",0,0,0,0,6,NA,5,1,1,0,0,"urban",0,1,1,0
13861880101,"bus_subway_trolley",1386188,1,"Bus / trolleybus",2213,2217,27.225,23.66,-3.565,2,1,1,1,4,1,NA,14,5,1.17,117.7445398,100.6363588,4,1,10,1,3,1,2,1,NA,NA,NA,NA,NA,NA,NA,3,4,NA,333.0190958,42101,2213,3,2,0,0,0,0,2,5,5,0,10,1,"white",0,1,0,0,4,NA,62.5,0,2,0,0,"urban",0,1,1,0
13861880102,"bus_subway_trolley",1386188,1,"Bus / trolleybus",2217,2213,26.129,32.033,5.904,2,1,2,4,1,8,NA,14,5,1.17,117.7445398,100.6363588,4,1,10,1,3,1,2,1,NA,NA,NA,NA,NA,NA,NA,3,4,NA,333.0190958,42101,2213,3,2,0,0,0,0,2,5,5,0,10,1,"white",0,1,0,0,4,NA,62.5,0,2,0,0,"urban",0,1,1,0
13861880103,"bus_subway_trolley",1386188,1,"Bus / trolleybus",2213,98,49.663,47.413,-2.25,2,2,3,1,4,12,NA,14,5,1.17,117.7445398,100.6363588,4,1,10,1,3,1,2,1,NA,NA,NA,NA,NA,NA,NA,3,4,NA,333.0190958,42101,2213,3,2,0,0,0,0,2,5,5,0,10,1,"white",0,1,0,0,4,NA,62.5,0,2,0,0,"urban",0,1,1,0
13861880104,"bus_subway_trolley",1386188,1,"Bus / trolleybus",98,2213,45.283,47.327,2.044,2,2,4,4,1,12,NA,14,5,1.17,117.7445398,100.6363588,4,1,10,1,3,1,2,1,NA,NA,NA,NA,NA,NA,NA,3,4,NA,333.0190958,42101,2213,3,2,0,0,0,0,2,5,5,0,10,1,"white",0,1,0,0,4,NA,62.5,0,2,0,0,"urban",0,1,1,0
13885570102,"bus_subway_trolley",1388557,1,"Bus / trolleybus",88,403,23.519,27.375,3.856,2,1,2,4,1,11,NA,14,5,1.17,213.6226069,182.5834247,2,2,10,2,2,2,2,1,NA,NA,NA,NA,NA,NA,NA,3,0,NA,434.9062452,42101,403,3,1,0,0,0,0,2,4,1,1,10,1,"black",0,0,0,0,0,NA,5,1,1,0,0,"urban",0,1,1,0
13888660105,"bus_subway_trolley",1388866,1,"Bus / trolleybus",84,118,11.048,10.775,-0.273,1,1,5,2,1,5,NA,14,5,1.17,112.8292727,96.4352758,5,2,10,1,6,1,1,NA,1,35,43,4,0,2,2,3,10,NA,288.1055336,42101,120,1,1,1,0,0,0,1,5,5,1,10,1,"white",1,1,1,0,10,0,62.5,0,1,1,0,"cbd",1,1,1,0
14027620104,"bus_subway_trolley",1402762,1,"Bus / trolleybus",621,627,24,28.296,4.296,2,1,4,4,1,96,NA,14,5,1.17,126.2202249,107.8805341,8,1,9,1,3,2,2,4,NA,NA,NA,NA,NA,NA,NA,3,22,NA,317.8695646,42101,627,3,1,0,0,0,0,2,2,2,0,9,0,"white",0,0,0,0,22,NA,17.5,1,1,0,0,"urban",0,1,1,0
14082550201,"bus_subway_trolley",1408255,2,"Bus / trolleybus",27,71,26.94,27.44,0.5,1,1,1,1,2,1,NA,14,5,1.15,107.0548174,93.09114561,3,1,10,1,6,1,1,NA,1,35,97,4,0,2,2,3,8,NA,92.81558941,42101,27,3,2,1,1,1,1,2,2,8,0,10,1,"white",1,1,1,0,8,0,175,0,2,1,1,"urban",1,1,0,0.5
14082550203,"bus_subway_trolley",1408255,2,"Bus / trolleybus",90,27,25.133,26.942,1.808,1,1,3,4,1,8,NA,14,5,1.15,107.0548174,93.09114561,3,1,10,1,6,1,1,NA,1,35,97,4,0,2,2,3,8,NA,92.81558941,42101,27,3,2,1,1,1,1,2,2,8,0,10,1,"white",1,1,1,0,8,0,175,0,2,1,1,"urban",1,1,0,0.5
14109230201,"bus_subway_trolley",1410923,2,"Bus / trolleybus",139,96,18.002,17.275,-0.727,2,1,1,1,4,1,NA,14,5,1.17,327.3282744,279.7677559,3,1,10,1,5,1,2,1,NA,NA,NA,NA,NA,NA,NA,3,3,NA,345.2750144,42101,139,3,2,1,2,2,2,2,2,4,0,10,1,"white",1,1,0,0,3,NA,42.5,0,2,1,2,"urban",0,1,0,1
14109230203,"bus_subway_trolley",1410923,2,"Bus / trolleybus",100,139,16.35,18.321,1.971,2,1,3,4,1,96,NA,14,5,1.17,327.3282744,279.7677559,3,1,10,1,5,1,2,1,NA,NA,NA,NA,NA,NA,NA,3,3,NA,345.2750144,42101,139,3,2,1,2,2,2,2,2,4,0,10,1,"white",1,1,0,0,3,NA,42.5,0,2,1,2,"urban",0,1,0,1
14197380101,"bus_subway_trolley",1419738,1,"Bus / trolleybus",3404,12207,63.14,92.858,29.719,2,1,1,1,4,1,NA,14,5,1.17,101.8174393,87.02345235,3,1,11,1,5,2,2,1,NA,NA,NA,NA,NA,NA,NA,3,4,NA,188.4517911,42101,3404,4,1,0,0,0,0,2,5,4,0,11,1,"white",1,0,0,0,4,NA,42.5,0,1,0,0,"suburban",0,1,1,0
14197380102,"bus_subway_trolley",1419738,1,"Bus / trolleybus",12207,2825,79.775,96.427,16.652,2,1,2,4,4,16,NA,14,5,1.17,101.8174393,87.02345235,3,1,11,1,5,2,2,1,NA,NA,NA,NA,NA,NA,NA,3,4,NA,188.4517911,42101,3404,4,1,0,0,0,0,2,5,4,0,11,1,"white",1,0,0,0,4,NA,42.5,0,1,0,0,"suburban",0,1,1,0
14197380103,"bus_subway_trolley",1419738,1,"Bus / trolleybus",2825,3404,47.483,51.925,4.442,2,1,3,4,1,96,NA,14,5,1.17,101.8174393,87.02345235,3,1,11,1,5,2,2,1,NA,NA,NA,NA,NA,NA,NA,3,4,NA,188.4517911,42101,3404,4,1,0,0,0,0,2,5,4,0,11,1,"white",1,0,0,0,4,NA,42.5,0,1,0,0,"suburban",0,1,1,0
14231890102,"bus_subway_trolley",1423189,1,"Bus / trolleybus",100,47,15.292,14.969,-0.323,2,1,2,4,4,96,NA,14,5,1.17,118.0648918,100.9101639,5,1,10,1,5,1,2,1,NA,NA,NA,NA,NA,NA,NA,3,10,NA,569.1068035,42101,101,1,1,0,0,0,0,1,5,3,0,10,1,"white",1,1,0,0,10,NA,30,1,1,0,0,"cbd",0,1,1,0
14259240301,"bus_subway_trolley",1425924,3,"Bus / trolleybus",2820,32,59.81,59.967,0.156,1,1,1,1,2,1,NA,14,5,1.12,2878.526762,2570.11318,4,2,7,1,3,1,1,NA,1,40,31,3,0,8,8,3,10,NA,426.6568741,42101,2820,3,3,1,3,2,0,2,2,6,1,7,0,"white",0,1,1,0,10,NA,87.5,0,3,1,3,"urban",1,1,0,1
14259240303,"bus_subway_trolley",1425924,3,"Bus / trolleybus",88,1610,41.202,46.404,5.202,1,1,3,4,4,96,NA,14,5,1.12,2878.526762,2570.11318,4,2,7,1,3,1,1,NA,1,40,31,3,0,8,8,3,10,NA,426.6568741,42101,2820,3,3,1,3,2,0,2,2,6,1,7,0,"white",0,1,1,0,10,NA,87.5,0,3,1,3,"urban",1,1,0,1
14292220102,"bus_subway_trolley",1429222,1,"Bus / trolleybus",430,1418,19.817,21.05,1.233,3,1,2,4,1,16,NA,14,5,1.15,109.8447852,95.51720453,2,2,9,2,2,2,2,2,NA,NA,NA,NA,NA,NA,NA,3,4,NA,100.8277921,42101,1418,3,2,0,0,0,0,2,5,8,1,9,0,"black",0,0,0,0,4,NA,175,0,2,0,0,"urban",0,0,1,0
14292220202,"bus_subway_trolley",1429222,2,"Bus / trolleybus",430,1418,19.817,21.05,1.233,3,1,2,4,1,16,NA,14,5,1.15,118.8329747,103.3330215,2,1,8,2,2,2,2,4,NA,NA,NA,NA,NA,NA,NA,3,3,NA,100.8277921,42101,1418,3,2,0,0,0,0,2,5,8,0,8,0,"black",0,0,0,0,3,NA,175,0,2,0,0,"urban",0,0,1,0
14409980107,"bus_subway_trolley",1440998,1,"Bus / trolleybus",57,15,15.002,14.885,-0.117,2,3,7,4,1,9,NA,14,5,1.12,240.1790984,214.4456235,9,1,8,1,6,1,1,NA,1,55,25,4,6,3,2,3,4,NA,435.6621296,42101,15,3,3,2,1,0,1,2,2,7,0,8,0,"white",1,1,1,0,4,0,125,0,3,2,1,"urban",0,1,0,0.333333333333333
14409980202,"bus_subway_trolley",1440998,2,"Subway / El",69,1036,14.017,15.017,1,1,1,2,4,4,19,NA,21,5,1.12,222.6755748,198.8174775,9,2,8,1,6,1,1,NA,1,37,97,4,0,2,2,3,10,NA,435.6621296,42101,15,3,3,2,1,0,1,2,2,7,1,8,0,"white",1,1,1,0,10,0,125,0,3,2,1,"urban",1,1,0,0.333333333333333
14409980205,"bus_subway_trolley",1440998,2,"Subway / El",1030,1030,6.315,8.356,2.042,1,1,5,2,2,19,NA,21,5,1.12,222.6755748,198.8174775,9,2,8,1,6,1,1,NA,1,37,97,4,0,2,2,3,10,NA,435.6621296,42101,15,3,3,2,1,0,1,2,2,7,1,8,0,"white",1,1,1,0,10,0,125,0,3,2,1,"urban",1,1,0,0.333333333333333
14515470101,"bus_subway_trolley",1451547,1,"Bus / trolleybus",2414,2435,43.013,55.263,12.25,2,1,1,1,4,1,NA,14,5,1.17,286.2228842,244.6349438,4,2,7,2,3,1,2,2,NA,NA,NA,NA,NA,NA,NA,3,8,NA,700.4111331,42101,2414,4,1,0,0,0,0,2,5,3,1,7,0,"black",0,1,0,0,8,NA,30,1,1,0,0,"suburban",0,1,1,0
14515470102,"bus_subway_trolley",1451547,1,"Bus / trolleybus",2435,67,62.148,65.602,3.454,2,1,2,4,4,16,NA,14,5,1.17,286.2228842,244.6349438,4,2,7,2,3,1,2,2,NA,NA,NA,NA,NA,NA,NA,3,8,NA,700.4111331,42101,2414,4,1,0,0,0,0,2,5,3,1,7,0,"black",0,1,0,0,8,NA,30,1,1,0,0,"suburban",0,1,1,0
14515470104,"bus_subway_trolley",1451547,1,"Subway / El",51,2414,61.025,64.502,3.477,2,1,4,4,1,15,NA,21,5,1.17,286.2228842,244.6349438,4,2,7,2,3,1,2,2,NA,NA,NA,NA,NA,NA,NA,3,8,NA,700.4111331,42101,2414,4,1,0,0,0,0,2,5,3,1,7,0,"black",0,1,0,0,8,NA,30,1,1,0,0,"suburban",0,1,1,0
14561950202,"bus_subway_trolley",1456195,2,"Trolley / light rail",5044,4459,NA,NA,NA,1,1,2,4,4,19,NA,23,5,1.12,86.59000491,77.31250438,7,2,7,3,5,1,1,NA,1,40,19,3,0,8,1,3,10,NA,450.1825766,42045,5043,4,4,2,2,2,4,2,1,6,1,7,0,"hispanic",1,1,1,0,10,1,87.5,0,4,2,2,"suburban",1,1,0,0.5
14561950203,"bus_subway_trolley",1456195,2,"Subway / El",4459,71,36.1,39.6,3.5,1,1,3,4,4,19,NA,21,5,1.12,86.59000491,77.31250438,7,2,7,3,5,1,1,NA,1,40,19,3,0,8,1,3,10,NA,450.1825766,42045,5043,4,4,2,2,2,4,2,1,6,1,7,0,"hispanic",1,1,1,0,10,1,87.5,0,4,2,2,"suburban",1,1,0,0.5
14644900103,"bus_subway_trolley",1464490,1,"Bus / trolleybus",3,98,25.202,27.002,1.8,1,2,3,1,2,1,NA,14,5,1.12,118.715631,105.9960991,4,1,9,1,5,1,1,NA,1,40,97,4,0,2,1,3,14,NA,165.7308117,42101,3,3,1,1,1,1,0,2,2,7,0,9,0,"white",1,1,1,0,14,1,125,0,1,1,1,"urban",1,1,0,1
14644900104,"bus_subway_trolley",1464490,1,"Bus / trolleybus",98,3,29.202,35.35,6.148,1,2,4,2,1,5,NA,14,5,1.12,118.715631,105.9960991,4,1,9,1,5,1,1,NA,1,40,97,4,0,2,1,3,14,NA,165.7308117,42101,3,3,1,1,1,1,0,2,2,7,0,9,0,"white",1,1,1,0,14,1,125,0,1,1,1,"urban",1,1,0,1
14717270101,"bus_subway_trolley",1471727,1,"Bus / trolleybus",1228,1225,28.444,33.062,4.619,2,1,1,1,4,1,NA,14,5,1.17,214.4731988,183.3104263,2,1,9,2,4,2,2,2,NA,NA,NA,NA,NA,NA,NA,3,10,NA,793.7317392,42101,1228,3,1,0,0,0,0,2,4,1,0,9,0,"black",0,0,0,0,10,NA,5,1,1,0,0,"urban",0,1,1,0
14717270102,"bus_subway_trolley",1471727,1,"Bus / trolleybus",1225,1228,28.417,29.917,1.5,2,1,2,4,1,12,NA,14,5,1.17,214.4731988,183.3104263,2,1,9,2,4,2,2,2,NA,NA,NA,NA,NA,NA,NA,3,10,NA,793.7317392,42101,1228,3,1,0,0,0,0,2,4,1,0,9,0,"black",0,0,0,0,10,NA,5,1,1,0,0,"urban",0,1,1,0
14729440302,"bus_subway_trolley",1472944,3,"Bus / trolleybus",5023,4461,58.885,57.923,-0.962,1,1,2,2,4,5,NA,14,5,1.12,141.0317433,125.9211993,3,1,6,1,2,2,1,NA,1,40,41,4,0,3,2,3,8,NA,284.507854,42045,4421,4,7,4,2,2,5,1,1,7,0,6,0,"white",0,0,1,0,8,0,125,0,7,4,2,"suburban",1,1,0,0.285714285714286
14729440501,"bus_subway_trolley",1472944,5,"Bus / trolleybus",4421,5023,60.325,65.825,5.5,1,1,1,1,2,1,NA,14,5,1.12,270.9141052,241.887594,3,2,5,3,2,2,1,NA,1,26,41,4,0,3,2,3,8,NA,284.507854,42045,4421,4,7,4,2,2,5,1,1,7,1,5,0,"hispanic",0,0,1,0,8,0,125,0,7,4,2,"suburban",1,1,0,0.285714285714286
14729440502,"bus_subway_trolley",1472944,5,"Bus / trolleybus",5023,4461,59.052,60.69,1.638,1,1,2,2,4,5,NA,14,5,1.12,270.9141052,241.887594,3,2,5,3,2,2,1,NA,1,26,41,4,0,3,2,3,8,NA,284.507854,42045,4421,4,7,4,2,2,5,1,1,7,1,5,0,"hispanic",0,0,1,0,8,0,125,0,7,4,2,"suburban",1,1,0,0.285714285714286
14795400101,"bus_subway_trolley",1479540,1,"Bus / trolleybus",846,66,24.858,29.677,4.819,3,1,1,2,2,1,NA,14,5,1.12,100.1929746,89.45801301,2,1,10,1,5,1,1,NA,1,65,13,4,1,8,1,3,4,NA,243.4083127,42101,846,3,1,1,0,0,1,1,2,6,0,10,1,"white",1,1,1,0,4,1,87.5,0,1,1,0,"urban",0,0,1,0
14795400102,"bus_subway_trolley",1479540,1,"Bus / trolleybus",66,846,29.469,34.231,4.763,3,1,2,2,1,5,NA,14,5,1.12,100.1929746,89.45801301,2,1,10,1,5,1,1,NA,1,65,13,4,1,8,1,3,4,NA,243.4083127,42101,846,3,1,1,0,0,1,1,2,6,0,10,1,"white",1,1,1,0,4,1,87.5,0,1,1,0,"urban",0,0,1,0
14887230102,"bus_subway_trolley",1488723,1,"Bus / trolleybus",80,3027,61.742,66.173,4.431,1,1,2,2,4,5,NA,14,5,1.17,170.3625181,145.6089898,5,2,10,3,3,1,1,NA,1,40,11,4,0,2,2,3,20,NA,208.3021333,42045,4420,4,1,1,1,1,0,2,4,5,1,10,1,"hispanic",0,1,1,0,20,0,62.5,0,1,1,1,"suburban",1,1,0,1
14887230104,"bus_subway_trolley",1488723,1,"Bus / trolleybus",814,92,30.392,33.215,2.823,1,1,4,4,4,12,NA,14,5,1.17,170.3625181,145.6089898,5,2,10,3,3,1,1,NA,1,40,11,4,0,2,2,3,20,NA,208.3021333,42045,4420,4,1,1,1,1,0,2,4,5,1,10,1,"hispanic",0,1,1,0,20,0,62.5,0,1,1,1,"suburban",1,1,0,1
14902100102,"bus_subway_trolley",1490210,1,"Subway / El",408,1030,33.273,32.023,-1.25,1,1,2,4,2,96,NA,21,5,1.15,123.4542708,107.3515398,4,1,9,1,6,1,1,NA,3,20,25,4,0,2,2,3,10,NA,68.22156101,42101,2404,3,2,2,2,2,1,1,1,9,0,9,0,"white",1,1,1,0,10,0,225,0,2,2,2,"urban",1,1,0,1
14922300102,"bus_subway_trolley",1492230,1,"Bus / trolleybus",5004,4459,33.337,33.471,0.133,1,1,2,4,4,96,NA,14,5,1.15,91.78262621,79.81097931,13,1,10,1,6,1,2,1,NA,NA,NA,NA,NA,NA,NA,3,2,NA,125.0442353,42045,5004,4,1,0,2,2,2,2,1,9,0,10,1,"white",1,1,0,0,2,NA,225,0,1,0,2,"suburban",1,1,0,2
14922300103,"bus_subway_trolley",1492230,1,"Subway / El",4459,1036,34.317,36.817,2.5,1,1,3,4,4,19,NA,21,5,1.15,91.78262621,79.81097931,13,1,10,1,6,1,2,1,NA,NA,NA,NA,NA,NA,NA,3,2,NA,125.0442353,42045,5004,4,1,0,2,2,2,2,1,9,0,10,1,"white",1,1,0,0,2,NA,225,0,1,0,2,"suburban",1,1,0,2
14922300108,"bus_subway_trolley",1492230,1,"Subway / El",1036,4459,38.638,42.092,3.454,1,1,8,4,4,19,NA,21,5,1.15,91.78262621,79.81097931,13,1,10,1,6,1,2,1,NA,NA,NA,NA,NA,NA,NA,3,2,NA,125.0442353,42045,5004,4,1,0,2,2,2,2,1,9,0,10,1,"white",1,1,0,0,2,NA,225,0,1,0,2,"suburban",1,1,0,2
14922300109,"bus_subway_trolley",1492230,1,"Bus / trolleybus",4459,5010,28.402,32.129,3.727,1,1,9,4,4,19,NA,14,5,1.15,91.78262621,79.81097931,13,1,10,1,6,1,2,1,NA,NA,NA,NA,NA,NA,NA,3,2,NA,125.0442353,42045,5004,4,1,0,2,2,2,2,1,9,0,10,1,"white",1,1,0,0,2,NA,225,0,1,0,2,"suburban",1,1,0,2
16626740102,"bus_subway_trolley",1662674,1,"Bus / trolleybus",829,808,24.244,36.646,12.402,1,1,2,4,4,96,NA,14,5,1.17,188.1736738,160.8321998,9,1,6,1,2,1,1,NA,1,30,13,4,0,3,2,3,4,NA,483.017925,42101,829,3,2,2,0,0,0,1,3,2,0,6,0,"white",0,1,1,0,4,0,17.5,1,2,2,0,"urban",1,1,1,0
16626740103,"bus_subway_trolley",1662674,1,"Bus / trolleybus",808,10214,88.817,95.9,7.083,1,1,3,4,2,96,NA,14,5,1.17,188.1736738,160.8321998,9,1,6,1,2,1,1,NA,1,30,13,4,0,3,2,3,4,NA,483.017925,42101,829,3,2,2,0,0,0,1,3,2,0,6,0,"white",0,1,1,0,4,0,17.5,1,2,2,0,"urban",1,1,1,0
16626740104,"bus_subway_trolley",1662674,1,"Bus / trolleybus",10214,91,68.777,80.3,11.523,1,1,4,2,4,6,NA,14,5,1.17,188.1736738,160.8321998,9,1,6,1,2,1,1,NA,1,30,13,4,0,3,2,3,4,NA,483.017925,42101,829,3,2,2,0,0,0,1,3,2,0,6,0,"white",0,1,1,0,4,0,17.5,1,2,2,0,"urban",1,1,1,0
16626740106,"bus_subway_trolley",1662674,1,"Subway / El",74,834,17.796,17.233,-0.562,1,1,6,4,4,96,NA,21,5,1.17,188.1736738,160.8321998,9,1,6,1,2,1,1,NA,1,30,13,4,0,3,2,3,4,NA,483.017925,42101,829,3,2,2,0,0,0,1,3,2,0,6,0,"white",0,1,1,0,4,0,17.5,1,2,2,0,"urban",1,1,1,0
16626740202,"bus_subway_trolley",1662674,2,"Subway / El",834,90,27.681,32.625,4.944,1,1,2,4,4,19,NA,21,5,1.17,168.8634631,144.3277462,7,2,6,1,2,2,1,NA,1,15,98,4,0,3,2,3,998,NA,483.017925,42101,829,3,2,2,0,0,0,1,3,2,1,6,0,"white",0,0,1,0,NA,0,17.5,1,2,2,0,"urban",1,1,1,0
16626740204,"bus_subway_trolley",1662674,2,"Bus / trolleybus",68,2210,NA,NA,NA,1,1,4,4,2,19,NA,14,5,1.17,168.8634631,144.3277462,7,2,6,1,2,2,1,NA,1,15,98,4,0,3,2,3,998,NA,483.017925,42101,829,3,2,2,0,0,0,1,3,2,1,6,0,"white",0,0,1,0,NA,0,17.5,1,2,2,0,"urban",1,1,1,0
16648230101,"bus_subway_trolley",1664823,1,"Bus / trolleybus",3031,83,75.181,76.85,1.669,1,1,1,1,2,1,NA,14,5,1.12,1675.485886,1495.969541,3,2,9,1,2,1,1,NA,1,50,23,3,0,2,2,3,10,NA,342.5850149,42101,3031,3,2,2,3,1,0,2,2,6,1,9,0,"white",0,1,1,0,10,0,87.5,0,2,2,3,"urban",1,1,0,1.5
16649670102,"bus_subway_trolley",1664967,1,"Subway / El",1619,1610,33.483,33.483,0,1,1,2,4,4,96,NA,21,5,1.15,101.2250258,88.02176159,7,2,10,1,4,1,1,NA,1,45,11,4,0,2,2,3,30,NA,64.63729006,42101,1619,3,1,1,0,0,0,2,2,8,1,10,1,"white",0,1,1,0,30,0,175,0,1,1,0,"urban",1,1,1,0
16649670103,"bus_subway_trolley",1664967,1,"Bus / trolleybus",1610,44,48.342,53.869,5.527,1,1,3,4,4,96,NA,14,5,1.15,101.2250258,88.02176159,7,2,10,1,4,1,1,NA,1,45,11,4,0,2,2,3,30,NA,64.63729006,42101,1619,3,1,1,0,0,0,2,2,8,1,10,1,"white",0,1,1,0,30,0,175,0,1,1,0,"urban",1,1,1,0
16649670104,"bus_subway_trolley",1664967,1,"Bus / trolleybus",44,1018,25.573,21.935,-3.637,1,1,4,4,2,96,NA,14,5,1.15,101.2250258,88.02176159,7,2,10,1,4,1,1,NA,1,45,11,4,0,2,2,3,30,NA,64.63729006,42101,1619,3,1,1,0,0,0,2,2,8,1,10,1,"white",0,1,1,0,30,0,175,0,1,1,0,"urban",1,1,1,0
16649670105,"bus_subway_trolley",1664967,1,"Bus / trolleybus",1018,1018,10.192,10.292,0.1,1,1,5,2,4,5,NA,14,5,1.15,101.2250258,88.02176159,7,2,10,1,4,1,1,NA,1,45,11,4,0,2,2,3,30,NA,64.63729006,42101,1619,3,1,1,0,0,0,2,2,8,1,10,1,"white",0,1,1,0,30,0,175,0,1,1,0,"urban",1,1,1,0
16649670106,"bus_subway_trolley",1664967,1,"Subway / El",1018,1610,49.154,53.592,4.438,1,1,6,4,4,96,NA,21,5,1.15,101.2250258,88.02176159,7,2,10,1,4,1,1,NA,1,45,11,4,0,2,2,3,30,NA,64.63729006,42101,1619,3,1,1,0,0,0,2,2,8,1,10,1,"white",0,1,1,0,30,0,175,0,1,1,0,"urban",1,1,1,0
16649670107,"bus_subway_trolley",1664967,1,"Bus / trolleybus",1610,1619,27.333,30.192,2.858,1,1,7,4,1,96,NA,14,5,1.15,101.2250258,88.02176159,7,2,10,1,4,1,1,NA,1,45,11,4,0,2,2,3,30,NA,64.63729006,42101,1619,3,1,1,0,0,0,2,2,8,1,10,1,"white",0,1,1,0,30,0,175,0,1,1,0,"urban",1,1,1,0
16652140101,"bus_subway_trolley",1665214,1,"Bus / trolleybus",823,840,24.117,31.692,7.575,3,1,1,4,1,8,NA,14,5,1.17,328.7510845,280.9838329,1,1,8,2,3,2,2,4,NA,NA,NA,NA,NA,NA,NA,3,2,NA,317.8695646,42101,840,3,1,0,0,0,0,2,2,1,0,8,0,"black",0,0,0,0,2,NA,5,1,1,0,0,"urban",0,0,1,0
16689570104,"bus_subway_trolley",1668957,1,"Bus / trolleybus",26,842,29.942,28.267,-1.675,2,2,4,4,1,14,NA,14,5,1.15,112.4561738,97.78797719,4,2,10,1,6,1,2,1,NA,NA,NA,NA,NA,NA,NA,3,6,NA,54.94372183,42101,842,3,1,0,1,1,0,2,2,8,1,10,1,"white",1,1,0,0,6,NA,175,0,1,0,1,"urban",0,1,0,1
16704030202,"bus_subway_trolley",1670403,2,"Bus / trolleybus",56,2809,55.742,62.906,7.165,3,1,2,2,1,11,NA,14,5,1.17,247.1648177,211.2519809,2,2,9,1,5,1,1,NA,1,50,11,9,0,9,8,3,5,NA,339.3151229,42101,2809,3,2,1,1,1,0,2,2,5,1,9,0,"white",1,1,1,0,5,NA,62.5,0,2,1,1,"urban",0,0,0,0.5
16710320101,"bus_subway_trolley",1671032,1,"Bus / trolleybus",838,2212,53.56,55.098,1.538,3,1,1,2,2,1,NA,14,5,1.17,177.5907117,151.786933,2,1,6,2,5,2,1,NA,1,36,49,4,0,3,2,3,12,NA,285.3420172,42101,838,3,1,1,0,0,0,2,1,4,0,6,0,"black",1,0,1,0,12,0,42.5,0,1,1,0,"urban",0,0,1,0
16710320102,"bus_subway_trolley",1671032,1,"Bus / trolleybus",2212,838,74.39,74.112,-0.277,3,1,2,2,1,5,NA,14,5,1.17,177.5907117,151.786933,2,1,6,2,5,2,1,NA,1,36,49,4,0,3,2,3,12,NA,285.3420172,42101,838,3,1,1,0,0,0,2,1,4,0,6,0,"black",1,0,1,0,12,0,42.5,0,1,1,0,"urban",0,0,1,0
16741510101,"bus_subway_trolley",1674151,1,"Subway / El",824,102,32.456,35.969,3.513,1,1,1,1,2,1,NA,21,5,1.17,241.6632459,206.5497828,4,2,8,1,5,1,1,NA,1,37,23,4,0,2,1,3,15,NA,228.5733628,42101,824,3,1,1,1,1,0,2,2,4,1,8,0,"white",1,1,1,0,15,1,42.5,0,1,1,1,"urban",1,1,0,1
16741510102,"bus_subway_trolley",1674151,1,"Subway / El",102,824,40.192,37.102,-3.09,1,1,2,2,1,5,NA,21,5,1.17,241.6632459,206.5497828,4,2,8,1,5,1,1,NA,1,37,23,4,0,2,1,3,15,NA,228.5733628,42101,824,3,1,1,1,1,0,2,2,4,1,8,0,"white",1,1,1,0,15,1,42.5,0,1,1,1,"urban",1,1,0,1
16753460201,"bus_subway_trolley",1675346,2,"Bus / trolleybus",108,1037,31.26,29.092,-2.169,1,1,1,1,4,1,NA,14,5,1.15,104.183566,90.59440523,8,1,11,1,6,1,1,NA,1,30,25,4,2,2,2,3,12,NA,82.15060889,42101,108,2,2,2,1,1,2,1,5,9,0,11,1,"white",1,1,1,0,12,0,225,0,2,2,1,"cbd",1,1,0,0.5
16753460208,"bus_subway_trolley",1675346,2,"Subway / El",1028,108,25.642,27.279,1.637,1,1,8,4,1,11,NA,21,5,1.15,104.183566,90.59440523,8,1,11,1,6,1,1,NA,1,30,25,4,2,2,2,3,12,NA,82.15060889,42101,108,2,2,2,1,1,2,1,5,9,0,11,1,"white",1,1,1,0,12,0,225,0,2,2,1,"cbd",1,1,0,0.5
16829010201,"bus_subway_trolley",1682901,2,"Subway / El",4451,1030,38.933,39.933,1,1,1,1,1,2,1,NA,21,5,1.12,90.96361653,81.21751476,4,1,9,1,6,1,1,NA,1,40,19,4,0,2,2,3,10,NA,241.0657288,42045,4451,3,2,2,1,1,4,2,1,7,0,9,0,"white",1,1,1,0,10,0,125,0,2,2,1,"urban",1,1,0,0.5
16837500101,"bus_subway_trolley",1683750,1,"Bus / trolleybus",1415,2817,59.19,64.662,5.473,2,1,1,1,4,1,NA,14,5,1.17,139.6642352,119.3711412,2,2,9,100,3,2,2,2,NA,NA,NA,NA,NA,NA,NA,3,4,NA,305.7923578,42101,1415,3,2,0,0,0,1,2,2,1,1,9,0,"other",0,0,0,0,4,NA,5,1,2,0,0,"urban",0,1,1,0
16837500102,"bus_subway_trolley",1683750,1,"Bus / trolleybus",2817,1415,60.56,63.858,3.298,2,1,2,4,1,13,NA,14,5,1.17,139.6642352,119.3711412,2,2,9,100,3,2,2,2,NA,NA,NA,NA,NA,NA,NA,3,4,NA,305.7923578,42101,1415,3,2,0,0,0,1,2,2,1,1,9,0,"other",0,0,0,0,4,NA,5,1,2,0,0,"urban",0,1,1,0
16842350103,"bus_subway_trolley",1684235,1,"Subway / El",2637,60,64.733,67.108,2.375,2,2,3,1,4,1,NA,21,5,1.17,209.6770721,179.2111727,8,1,9,1,6,1,2,4,NA,NA,NA,NA,NA,NA,NA,3,0,NA,523.3161202,42101,2637,3,1,0,1,1,0,2,5,2,0,9,0,"white",1,1,0,0,0,NA,17.5,1,1,0,1,"urban",0,1,0,1
16842350104,"bus_subway_trolley",1684235,1,"Subway / El",60,2637,64.06,66.535,2.475,2,2,4,4,1,6,NA,21,5,1.17,209.6770721,179.2111727,8,1,9,1,6,1,2,4,NA,NA,NA,NA,NA,NA,NA,3,0,NA,523.3161202,42101,2637,3,1,0,1,1,0,2,5,2,0,9,0,"white",1,1,0,0,0,NA,17.5,1,1,0,1,"urban",0,1,0,1
16850430301,"bus_subway_trolley",1685043,3,"Bus / trolleybus",2012,1030,41.592,54.842,13.25,1,1,1,1,4,1,NA,14,5,1.17,266.2635604,227.5756927,2,2,5,1,3,2,1,NA,1,20,35,4,0,2,2,1,20,NA,257.9429879,42101,2012,4,3,2,1,1,0,2,2,4,1,5,0,"white",0,0,1,1,20,0,42.5,0,3,2,1,"suburban",1,1,0,0.333333333333333
16850430302,"bus_subway_trolley",1685043,3,"Bus / trolleybus",1030,2012,49.727,50.302,0.575,1,1,2,4,1,5,NA,14,5,1.17,266.2635604,227.5756927,2,2,5,1,3,2,1,NA,1,20,35,4,0,2,2,1,20,NA,257.9429879,42101,2012,4,3,2,1,1,0,2,2,4,1,5,0,"white",0,0,1,1,20,0,42.5,0,3,2,1,"suburban",1,1,0,0.333333333333333
16886390101,"bus_subway_trolley",1688639,1,"Bus / trolleybus",3211,3214,19.65,NA,NA,2,1,1,1,4,1,NA,14,5,1.17,274.3438854,234.4819533,3,2,9,2,2,1,2,2,NA,NA,NA,NA,NA,NA,NA,3,10,NA,809.3531267,42101,3211,4,2,0,0,0,0,2,2,2,1,9,0,"black",0,1,0,0,10,NA,17.5,1,2,0,0,"suburban",0,1,1,0
16886390103,"bus_subway_trolley",1688639,1,"Bus / trolleybus",88,3211,58.337,NA,NA,2,1,3,4,1,8,NA,14,5,1.17,274.3438854,234.4819533,3,2,9,2,2,1,2,2,NA,NA,NA,NA,NA,NA,NA,3,10,NA,809.3531267,42101,3211,4,2,0,0,0,0,2,2,2,1,9,0,"black",0,1,0,0,10,NA,17.5,1,2,0,0,"suburban",0,1,1,0
16886390201,"bus_subway_trolley",1688639,2,"Bus / trolleybus",3211,76,70.233,NA,NA,2,1,1,1,4,1,NA,14,5,1.17,180.6116236,154.3689091,2,1,9,2,2,2,2,2,NA,NA,NA,NA,NA,NA,NA,3,4,NA,809.3531267,42101,3211,4,2,0,0,0,0,2,2,2,0,9,0,"black",0,0,0,0,4,NA,17.5,1,2,0,0,"suburban",0,1,1,0
16886390202,"bus_subway_trolley",1688639,2,"Bus / trolleybus",76,3211,53.631,NA,NA,2,1,2,4,1,16,NA,14,5,1.17,180.6116236,154.3689091,2,1,9,2,2,2,2,2,NA,NA,NA,NA,NA,NA,NA,3,4,NA,809.3531267,42101,3211,4,2,0,0,0,0,2,2,2,0,9,0,"black",0,0,0,0,4,NA,17.5,1,2,0,0,"suburban",0,1,1,0
16899100102,"bus_subway_trolley",1689910,1,"Bus / trolleybus",133,80,15.975,19.587,3.612,2,1,2,4,4,6,NA,14,5,1.17,180.4599195,154.2392475,4,1,11,1,6,1,2,1,NA,NA,NA,NA,NA,NA,NA,3,4,NA,425.8908646,42101,133,2,2,0,1,1,0,2,5,4,0,11,1,"white",1,1,0,0,4,NA,42.5,0,2,0,1,"cbd",0,1,0,0.5
16899100103,"bus_subway_trolley",1689910,1,"Bus / trolleybus",80,90,9.429,10.333,0.904,2,1,3,4,4,6,NA,14,5,1.17,180.4599195,154.2392475,4,1,11,1,6,1,2,1,NA,NA,NA,NA,NA,NA,NA,3,4,NA,425.8908646,42101,133,2,2,0,1,1,0,2,5,4,0,11,1,"white",1,1,0,0,4,NA,42.5,0,2,0,1,"cbd",0,1,0,0.5
16899100104,"bus_subway_trolley",1689910,1,"Bus / trolleybus",90,133,17.246,19.21,1.965,2,1,4,4,1,11,NA,14,5,1.17,180.4599195,154.2392475,4,1,11,1,6,1,2,1,NA,NA,NA,NA,NA,NA,NA,3,4,NA,425.8908646,42101,133,2,2,0,1,1,0,2,5,4,0,11,1,"white",1,1,0,0,4,NA,42.5,0,2,0,1,"cbd",0,1,0,0.5
16899100202,"bus_subway_trolley",1689910,2,"Bus / trolleybus",133,823,44.508,57.312,12.804,2,1,2,4,4,6,NA,14,5,1.17,274.0187236,234.2040372,4,2,10,1,5,1,2,1,NA,NA,NA,NA,NA,NA,NA,3,4,NA,425.8908646,42101,133,2,2,0,1,1,0,2,5,4,1,10,1,"white",1,1,0,0,4,NA,42.5,0,2,0,1,"cbd",0,1,0,0.5
16899100203,"bus_subway_trolley",1689910,2,"Bus / trolleybus",823,809,17.525,18.217,0.692,2,1,3,4,4,6,NA,14,5,1.17,274.0187236,234.2040372,4,2,10,1,5,1,2,1,NA,NA,NA,NA,NA,NA,NA,3,4,NA,425.8908646,42101,133,2,2,0,1,1,0,2,5,4,1,10,1,"white",1,1,0,0,4,NA,42.5,0,2,0,1,"cbd",0,1,0,0.5
16899100204,"bus_subway_trolley",1689910,2,"Bus / trolleybus",809,133,38.888,46.604,7.717,2,1,4,4,1,8,NA,14,5,1.17,274.0187236,234.2040372,4,2,10,1,5,1,2,1,NA,NA,NA,NA,NA,NA,NA,3,4,NA,425.8908646,42101,133,2,2,0,1,1,0,2,5,4,1,10,1,"white",1,1,0,0,4,NA,42.5,0,2,0,1,"cbd",0,1,0,0.5
16915460101,"bus_subway_trolley",1691546,1,"Bus / trolleybus",844,54,23.535,23.458,-0.077,1,1,1,1,2,1,NA,14,5,1.17,470.430665,402.0774914,4,2,8,1,4,1,1,NA,2,35,43,4,0,1,1,2,6,NA,569.1473318,42101,844,3,3,1,1,0,0,2,2,4,1,8,0,"white",0,1,1,1,6,1,42.5,0,3,1,1,"urban",1,1,0,0.333333333333333
16915460103,"bus_subway_trolley",1691546,1,"Bus / trolleybus",54,57,7.904,10.042,2.138,1,1,3,4,4,96,NA,14,5,1.17,470.430665,402.0774914,4,2,8,1,4,1,1,NA,2,35,43,4,0,1,1,2,6,NA,569.1473318,42101,844,3,3,1,1,0,0,2,2,4,1,8,0,"white",0,1,1,1,6,1,42.5,0,3,1,1,"urban",1,1,0,0.333333333333333
16915460201,"bus_subway_trolley",1691546,2,"Bus / trolleybus",844,822,19.421,19.3,-0.121,2,1,1,1,4,1,NA,14,5,1.17,309.773795,264.7639273,2,2,11,1,1,1,2,1,NA,NA,NA,NA,NA,NA,NA,3,4,NA,569.1473318,42101,844,3,3,1,1,0,0,2,2,4,1,11,1,"white",0,1,0,0,4,NA,42.5,0,3,1,1,"urban",0,1,0,0.333333333333333
16915460202,"bus_subway_trolley",1691546,2,"Bus / trolleybus",822,844,19.925,22.05,2.125,2,1,2,4,1,96,NA,14,5,1.17,309.773795,264.7639273,2,2,11,1,1,1,2,1,NA,NA,NA,NA,NA,NA,NA,3,4,NA,569.1473318,42101,844,3,3,1,1,0,0,2,2,4,1,11,1,"white",0,1,0,0,4,NA,42.5,0,3,1,1,"urban",0,1,0,0.333333333333333
16915460301,"bus_subway_trolley",1691546,3,"Bus / trolleybus",844,822,19.421,19.3,-0.121,2,1,1,1,4,1,NA,14,5,1.17,402.0727266,343.6519031,2,2,4,1,1,2,2,6,NA,NA,NA,NA,NA,NA,NA,1,12,NA,569.1473318,42101,844,3,3,1,1,0,0,2,2,4,1,4,0,"white",0,0,0,1,12,NA,42.5,0,3,1,1,"urban",0,1,0,0.333333333333333
16915460302,"bus_subway_trolley",1691546,3,"Bus / trolleybus",822,844,19.925,22.05,2.125,2,1,2,4,1,96,NA,14,5,1.17,402.0727266,343.6519031,2,2,4,1,1,2,2,6,NA,NA,NA,NA,NA,NA,NA,1,12,NA,569.1473318,42101,844,3,3,1,1,0,0,2,2,4,1,4,0,"white",0,0,0,1,12,NA,42.5,0,3,1,1,"urban",0,1,0,0.333333333333333
16918300301,"bus_subway_trolley",1691830,3,"Bus / trolleybus",1213,12407,103.154,107.446,4.292,3,1,1,2,2,1,NA,14,5,1.17,303.9887239,259.8194221,2,1,5,2,2,2,1,NA,1,998,35,4,0,3,2,3,6,NA,860.4556576,42101,1213,3,6,1,0,0,0,1,2,2,0,5,0,"black",0,0,1,0,6,0,17.5,1,6,1,0,"urban",0,0,1,0
16918300302,"bus_subway_trolley",1691830,3,"Bus / trolleybus",12407,1213,100.017,98.161,-1.856,3,1,2,2,1,5,NA,14,5,1.17,303.9887239,259.8194221,2,1,5,2,2,2,1,NA,1,998,35,4,0,3,2,3,6,NA,860.4556576,42101,1213,3,6,1,0,0,0,1,2,2,0,5,0,"black",0,0,1,0,6,0,17.5,1,6,1,0,"urban",0,0,1,0
16982370101,"bus_subway_trolley",1698237,1,"Bus / trolleybus",804,103,29.944,30.694,0.75,2,1,1,1,4,1,NA,14,5,1.17,474.21205,405.3094444,4,2,11,1,2,1,2,1,NA,NA,NA,NA,NA,NA,NA,3,2,NA,382.3176466,42101,804,3,1,0,1,1,0,2,2,2,1,11,1,"white",0,1,0,0,2,NA,17.5,1,1,0,1,"urban",0,1,0,1
16982370102,"bus_subway_trolley",1698237,1,"Bus / trolleybus",103,804,31.492,31.46,-0.031,2,1,2,4,1,13,NA,14,5,1.17,474.21205,405.3094444,4,2,11,1,2,1,2,1,NA,NA,NA,NA,NA,NA,NA,3,2,NA,382.3176466,42101,804,3,1,0,1,1,0,2,2,2,1,11,1,"white",0,1,0,0,2,NA,17.5,1,1,0,1,"urban",0,1,0,1
17006980103,"bus_subway_trolley",1700698,1,"Bus / trolleybus",3026,626,63.696,61.108,-2.588,2,1,3,4,1,6,NA,14,5,1.17,114.8505426,98.1628569,3,1,9,1,5,2,2,2,NA,NA,NA,NA,NA,NA,NA,3,8,NA,826.4858381,42101,626,4,1,0,0,0,0,2,4,1,0,9,0,"white",1,0,0,0,8,NA,5,1,1,0,0,"suburban",0,1,1,0
17039520301,"bus_subway_trolley",1703952,3,"Bus / trolleybus",1010,2023,18.258,20.929,2.671,1,1,1,1,2,1,NA,14,5,1.17,320.7922631,274.1814214,4,2,8,100,97,1,1,NA,2,32,41,4,0,8,2,3,12,NA,933.5652095,42101,1010,3,4,1,1,1,1,2,2,3,1,8,0,"other",NA,1,1,0,12,0,30,1,4,1,1,"urban",1,1,0,0.25
17039520303,"bus_subway_trolley",1703952,3,"Bus / trolleybus",1010,73,33.6,33.225,-0.375,1,2,3,1,4,1,NA,14,5,1.17,320.7922631,274.1814214,4,2,8,100,97,1,1,NA,2,32,41,4,0,8,2,3,12,NA,933.5652095,42101,1010,3,4,1,1,1,1,2,2,3,1,8,0,"other",NA,1,1,0,12,0,30,1,4,1,1,"urban",1,1,0,0.25
17039520304,"bus_subway_trolley",1703952,3,"Bus / trolleybus",73,1010,36.7,37.752,1.052,1,2,4,4,1,5,NA,14,5,1.17,320.7922631,274.1814214,4,2,8,100,97,1,1,NA,2,32,41,4,0,8,2,3,12,NA,933.5652095,42101,1010,3,4,1,1,1,1,2,2,3,1,8,0,"other",NA,1,1,0,12,0,30,1,4,1,1,"urban",1,1,0,0.25
17064460105,"bus_subway_trolley",1706446,1,"Bus / trolleybus",41,13,18.883,22.45,3.567,2,2,5,4,4,19,NA,14,5,1.12,106.7945081,95.35223938,8,2,9,1,6,1,2,1,NA,NA,NA,NA,NA,NA,NA,3,3,NA,259.017214,42101,42,1,1,0,0,0,0,1,5,6,1,9,0,"white",1,1,0,0,3,NA,87.5,0,1,0,0,"cbd",0,1,1,0
17141540101,"bus_subway_trolley",1714154,1,"Bus / trolleybus",101,76,10.55,12.602,2.052,2,1,1,1,4,1,NA,14,5,1.17,113.4580521,96.97269408,6,1,11,1,5,1,2,1,NA,NA,NA,NA,NA,NA,NA,3,8,NA,418.3387336,42101,101,1,2,0,0,0,0,2,5,3,0,11,1,"white",1,1,0,0,8,NA,30,1,2,0,0,"cbd",0,1,1,0
17141540102,"bus_subway_trolley",1714154,1,"Bus / trolleybus",76,71,9.7,9.792,0.092,2,1,2,4,4,6,NA,14,5,1.17,113.4580521,96.97269408,6,1,11,1,5,1,2,1,NA,NA,NA,NA,NA,NA,NA,3,8,NA,418.3387336,42101,101,1,2,0,0,0,0,2,5,3,0,11,1,"white",1,1,0,0,8,NA,30,1,2,0,0,"cbd",0,1,1,0
17141540103,"bus_subway_trolley",1714154,1,"Bus / trolleybus",71,67,7.967,10.167,2.2,2,1,3,4,4,8,NA,14,5,1.17,113.4580521,96.97269408,6,1,11,1,5,1,2,1,NA,NA,NA,NA,NA,NA,NA,3,8,NA,418.3387336,42101,101,1,2,0,0,0,0,2,5,3,0,11,1,"white",1,1,0,0,8,NA,30,1,2,0,0,"cbd",0,1,1,0
17141540104,"bus_subway_trolley",1714154,1,"Bus / trolleybus",67,101,18.254,21.654,3.4,2,1,4,4,1,8,NA,14,5,1.17,113.4580521,96.97269408,6,1,11,1,5,1,2,1,NA,NA,NA,NA,NA,NA,NA,3,8,NA,418.3387336,42101,101,1,2,0,0,0,0,2,5,3,0,11,1,"white",1,1,0,0,8,NA,30,1,2,0,0,"cbd",0,1,1,0
17141540105,"bus_subway_trolley",1714154,1,"Bus / trolleybus",101,79,10.652,12.181,1.529,2,2,5,1,4,1,NA,14,5,1.17,113.4580521,96.97269408,6,1,11,1,5,1,2,1,NA,NA,NA,NA,NA,NA,NA,3,8,NA,418.3387336,42101,101,1,2,0,0,0,0,2,5,3,0,11,1,"white",1,1,0,0,8,NA,30,1,2,0,0,"cbd",0,1,1,0
17141540201,"bus_subway_trolley",1714154,2,"Bus / trolleybus",101,79,10.652,12.181,1.529,2,1,1,1,4,1,NA,14,5,1.17,130.4072312,111.459172,2,2,11,1,5,1,2,1,NA,NA,NA,NA,NA,NA,NA,3,2,NA,418.3387336,42101,101,1,2,0,0,0,0,2,5,3,1,11,1,"white",1,1,0,0,2,NA,30,1,2,0,0,"cbd",0,1,1,0
17159110101,"bus_subway_trolley",1715911,1,"Bus / trolleybus",9,9,8.608,14.892,6.283,1,1,1,1,1,5,NA,14,5,1.17,168.8654944,144.3294824,1,1,9,2,3,1,1,NA,1,75,97,4,0,3,2,3,5,NA,620.5600001,42101,9,3,1,1,0,0,0,2,5,3,0,9,0,"black",0,1,1,0,5,0,30,1,1,1,0,"urban",1,1,1,0
17174020101,"bus_subway_trolley",1717402,1,"Subway / El",4423,432,80.354,77.377,-2.977,3,1,1,4,1,18,NA,21,5,1.17,152.4153913,130.2695652,1,2,10,99,3,1,2,1,NA,NA,NA,NA,NA,NA,NA,3,8,NA,415.6976476,42101,432,3,1,0,0,0,0,2,2,3,1,10,1,NA,0,1,0,0,8,NA,30,1,1,0,0,"urban",0,0,1,0
17212040102,"bus_subway_trolley",1721204,1,"Subway / El",1036,76,22.471,25.312,2.842,2,1,2,4,4,19,NA,21,5,1.12,146.4958842,130.7998966,8,2,10,1,6,1,2,1,NA,NA,NA,NA,NA,NA,NA,3,2,NA,176.2945795,42101,1037,3,1,0,1,1,0,2,3,7,1,10,1,"white",1,1,0,0,2,NA,125,0,1,0,1,"urban",0,1,0,1
17259900202,"bus_subway_trolley",1725990,2,"Subway / El",414,58,25.329,24.587,-0.742,3,1,2,2,4,5,NA,21,5,1.12,146.6101748,130.9019418,3,2,6,1,5,1,1,NA,1,40,25,5,0,2,1,3,2,NA,196.8145341,42045,5052,4,2,2,1,1,1,2,2,6,1,6,0,"white",1,1,1,0,2,1,87.5,0,2,2,1,"suburban",0,0,0,0.5
17259900203,"bus_subway_trolley",1725990,2,"Subway / El",58,5052,65.606,68.277,2.671,3,1,3,4,1,11,NA,21,5,1.12,146.6101748,130.9019418,3,2,6,1,5,1,1,NA,1,40,25,5,0,2,1,3,2,NA,196.8145341,42045,5052,4,2,2,1,1,1,2,2,6,1,6,0,"white",1,1,1,0,2,1,87.5,0,2,2,1,"suburban",0,0,0,0.5
17282950101,"bus_subway_trolley",1728295,1,"Bus / trolleybus",3601,3025,42.419,31.302,-11.117,2,1,1,1,4,1,NA,14,5,1.17,261.2447067,223.2860741,2,2,10,1,2,1,2,3,NA,NA,NA,NA,NA,NA,NA,3,2,NA,278.3946039,42101,3601,4,2,0,1,1,0,2,1,3,1,10,1,"white",0,1,0,0,2,NA,30,1,2,0,1,"suburban",0,1,0,0.5
17282950102,"bus_subway_trolley",1728295,1,"Bus / trolleybus",3025,3601,35.204,37.848,2.644,2,1,2,4,1,8,NA,14,5,1.17,261.2447067,223.2860741,2,2,10,1,2,1,2,3,NA,NA,NA,NA,NA,NA,NA,3,2,NA,278.3946039,42101,3601,4,2,0,1,1,0,2,1,3,1,10,1,"white",0,1,0,0,2,NA,30,1,2,0,1,"suburban",0,1,0,0.5
17283810101,"bus_subway_trolley",1728381,1,"Bus / trolleybus",2646,3204,50.379,43.933,-6.446,1,1,1,1,2,14,NA,14,5,1.17,160.8819463,137.505937,2,1,9,2,6,1,1,NA,1,30,31,4,8,1,2,3,5,NA,717.0269868,42101,2646,3,2,1,0,0,2,2,2,3,0,9,0,"black",1,1,1,0,5,0,30,1,2,1,0,"urban",1,1,1,0
17366930104,"bus_subway_trolley",1736693,1,"Bus / trolleybus",88,98,12.206,13.815,1.608,1,1,4,4,2,19,NA,14,5,1.12,186.2376005,166.2835719,9,2,7,1,6,1,1,NA,1,45,17,4,0,2,2,3,8,NA,168.7890789,42101,844,3,2,2,1,1,0,1,2,7,1,7,0,"white",1,1,1,0,8,0,125,0,2,2,1,"urban",1,1,0,0.5
17366930109,"bus_subway_trolley",1736693,1,"Subway / El",43,844,15.208,15.758,0.55,1,1,9,4,1,6,NA,21,5,1.12,186.2376005,166.2835719,9,2,7,1,6,1,1,NA,1,45,17,4,0,2,2,3,8,NA,168.7890789,42101,844,3,2,2,1,1,0,1,2,7,1,7,0,"white",1,1,1,0,8,0,125,0,2,2,1,"urban",1,1,0,0.5
17366930207,"bus_subway_trolley",1736693,2,"Bus / trolleybus",844,58,21.498,23.198,1.7,2,2,7,1,4,1,NA,14,5,1.12,198.7683209,177.4717151,8,1,7,1,6,1,1,NA,1,55,11,6,0,2,2,3,2,NA,168.7890789,42101,844,3,2,2,1,1,0,1,2,7,0,7,0,"white",1,1,1,0,2,0,125,0,2,2,1,"urban",0,1,0,0.5
17366930208,"bus_subway_trolley",1736693,2,"Subway / El",58,844,22.062,24.654,2.592,2,2,8,4,1,14,NA,21,5,1.12,198.7683209,177.4717151,8,1,7,1,6,1,1,NA,1,55,11,6,0,2,2,3,2,NA,168.7890789,42101,844,3,2,2,1,1,0,1,2,7,0,7,0,"white",1,1,1,0,2,0,125,0,2,2,1,"urban",0,1,0,0.5
1094870204,"regional_rail",109487,2,"Regional Rail",12420,4442,99.16,103.488,4.327,1,1,4,2,1,5,NA,22,5,1.17,247.7965915,211.7919586,7,1,8,1,5,1,1,NA,1,40,15,4,0,3,2,3,6,NA,522.3689799,42045,4442,3,3,2,1,1,0,2,2,5,0,8,0,"white",1,1,1,0,6,0,62.5,0,3,2,1,"urban",1,1,0,0.333333333333333
1114230101,"regional_rail",111423,1,"Regional Rail",4820,51,99.06,99.05,-0.01,1,1,1,1,2,1,NA,22,5,1.12,181.8148044,162.3346467,3,2,6,988,6,1,1,NA,1,25,27,4,2,2,2,3,8,NA,172.9823774,42045,4820,4,2,2,2,2,1,1,2,7,1,6,0,NA,1,1,1,0,8,0,125,0,2,2,2,"suburban",1,1,0,1
1114230103,"regional_rail",111423,1,"Regional Rail",40,4820,NA,NA,NA,1,1,3,4,1,14,NA,22,5,1.12,181.8148044,162.3346467,3,2,6,988,6,1,1,NA,1,25,27,4,2,2,2,3,8,NA,172.9823774,42045,4820,4,2,2,2,2,1,1,2,7,1,6,0,NA,1,1,1,0,8,0,125,0,2,2,2,"suburban",1,1,0,1
1115690201,"regional_rail",111569,2,"Regional Rail",11803,1029,75.725,91.6,15.875,1,1,1,1,2,1,NA,22,5,1.13,142.9184906,126.4765403,3,1,9,1,6,1,1,NA,1,50,25,4,0,1,1,3,10,NA,376.9082324,42091,11803,4,3,1,2,2,2,2,1,99,0,9,0,"white",1,1,1,0,10,1,NA,NA,3,1,2,"suburban",1,1,0,0.666666666666667
1115690202,"regional_rail",111569,2,"Regional Rail",1029,91,11.542,11.792,0.25,1,1,2,2,4,5,NA,22,5,1.13,142.9184906,126.4765403,3,1,9,1,6,1,1,NA,1,50,25,4,0,1,1,3,10,NA,376.9082324,42091,11803,4,3,1,2,2,2,2,1,99,0,9,0,"white",1,1,1,0,10,1,NA,NA,3,1,2,"suburban",1,1,0,0.666666666666667
1115690203,"regional_rail",111569,2,"Regional Rail",91,11803,79.167,83.904,4.737,1,1,3,4,1,3,NA,22,5,1.13,142.9184906,126.4765403,3,1,9,1,6,1,1,NA,1,50,25,4,0,1,1,3,10,NA,376.9082324,42091,11803,4,3,1,2,2,2,2,1,99,0,9,0,"white",1,1,1,0,10,1,NA,NA,3,1,2,"suburban",1,1,0,0.666666666666667
1128800201,"regional_rail",112880,2,"Regional Rail",10424,36,73.085,78.69,5.604,1,1,1,1,2,1,NA,22,5,1.12,108.3276139,96.72108384,2,1,9,1,6,1,1,NA,2,40,17,4,0,2,2,3,10,NA,337.2309311,42091,10424,3,2,2,1,1,2,2,3,7,0,9,0,"white",1,1,1,0,10,0,125,0,2,2,1,"urban",1,1,0,0.5
1128800202,"regional_rail",112880,2,"Regional Rail",36,10424,79.983,82.402,2.419,1,1,2,2,1,5,NA,22,5,1.12,108.3276139,96.72108384,2,1,9,1,6,1,1,NA,2,40,17,4,0,2,2,3,10,NA,337.2309311,42091,10424,3,2,2,1,1,2,2,3,7,0,9,0,"white",1,1,1,0,10,0,125,0,2,2,1,"urban",1,1,0,0.5
3000980104,"regional_rail",300098,1,"Regional Rail",2622,90,32.258,31.371,-0.887,2,2,4,4,4,19,NA,22,5,1.17,3035.928187,2594.810416,8,1,8,1,5,1,1,NA,1,25,15,NA,NA,NA,NA,3,1,NA,232.7360271,42045,4249,4,1,1,0,0,0,2,5,5,0,8,0,"white",1,1,1,0,1,NA,62.5,0,1,1,0,"suburban",0,1,1,0
3000980105,"regional_rail",300098,1,"Regional Rail",90,4250,58.95,68.7,9.75,2,2,5,4,4,19,NA,22,5,1.17,3035.928187,2594.810416,8,1,8,1,5,1,1,NA,1,25,15,NA,NA,NA,NA,3,1,NA,232.7360271,42045,4249,4,1,1,0,0,0,2,5,5,0,8,0,"white",1,1,1,0,1,NA,62.5,0,1,1,0,"suburban",0,1,1,0
3038880104,"regional_rail",303888,1,"Regional Rail",2426,92,53.117,51.617,-1.5,3,2,4,4,4,19,NA,22,5,1.12,174.7262402,156.0055716,7,2,9,1,6,1,1,NA,1,50,25,9,0,9,8,3,0,NA,132.7335542,42101,2426,4,2,1,2,1,3,2,2,6,1,9,0,"white",1,1,1,0,0,NA,87.5,0,2,1,2,"suburban",0,0,0,1
3068390302,"regional_rail",306839,3,"Regional Rail",12001,414,69.542,69.292,-0.25,2,1,2,4,3,19,NA,22,5,1.12,612.1700191,546.5803742,5,2,5,1,4,1,1,NA,1,20,43,1,0,3,8,1,4,NA,189.8610571,42091,12023,4,3,2,5,3,2,2,1,6,1,5,0,"white",0,1,1,1,4,NA,87.5,0,3,2,5,"suburban",0,1,0,1.66666666666667
3068390304,"regional_rail",306839,3,"Regional Rail",416,12001,61.633,60.133,-1.5,2,1,4,4,4,19,NA,22,5,1.12,612.1700191,546.5803742,5,2,5,1,4,1,1,NA,1,20,43,1,0,3,8,1,4,NA,189.8610571,42091,12023,4,3,2,5,3,2,2,1,6,1,5,0,"white",0,1,1,1,4,NA,87.5,0,3,2,5,"suburban",0,1,0,1.66666666666667
3125270202,"regional_rail",312527,2,"Regional Rail",12227,1040,67.277,75.44,8.163,2,1,2,4,4,19,NA,22,5,1.17,107.8852218,92.20959126,7,1,9,1,5,2,2,2,NA,NA,NA,NA,NA,NA,NA,3,5,NA,283.3975958,42101,1628,3,3,2,0,0,0,2,2,4,0,9,0,"white",1,0,0,0,5,NA,42.5,0,3,2,0,"urban",0,1,1,0
3151800102,"regional_rail",315180,1,"Regional Rail",12001,100,63.348,82.537,19.19,3,1,2,2,1,5,NA,22,5,1.17,126.7003937,108.2909348,2,1,6,1,5,1,1,NA,1,45,15,4,0,3,2,3,10,NA,318.6405375,42101,100,1,1,1,0,0,0,2,5,5,0,6,0,"white",1,1,1,0,10,0,62.5,0,1,1,0,"cbd",0,0,1,0
3161510201,"regional_rail",316151,2,"Regional Rail",2435,92,50.644,56.019,5.375,1,1,1,1,2,1,NA,22,5,1.12,116.3402027,103.875181,4,2,9,1,5,1,1,NA,1,37,13,4,2,8,1,3,0,NA,117.8430921,42101,2435,4,2,1,1,1,1,2,2,6,1,9,0,"white",1,1,1,0,0,1,87.5,0,2,1,1,"suburban",1,1,0,0.5
3185920104,"regional_rail",318592,1,"Regional Rail",73,90,7.362,8.19,0.827,1,1,4,4,4,5,NA,22,5,1.13,92.9400812,82.24785947,9,2,9,1,5,1,1,NA,1,40,13,9,0,2,8,3,0,NA,110.187273,42091,12254,4,1,1,1,1,2,1,1,99,1,9,0,"white",1,1,1,0,0,NA,NA,NA,1,1,1,"suburban",1,1,0,1
3212130101,"regional_rail",321213,1,"Regional Rail",11825,116,69.108,75.767,6.658,1,1,1,1,2,1,NA,22,5,1.15,130.7140289,113.6643729,4,1,6,1,5,1,1,NA,1,50,13,3,0,2,2,3,20,NA,120.6876134,42091,11825,4,3,1,2,2,4,1,1,10,0,6,0,"white",1,1,1,0,20,0,300,0,3,1,2,"suburban",1,1,0,0.666666666666667
3212130102,"regional_rail",321213,1,"Regional Rail",116,11825,63.908,69.773,5.865,1,1,2,2,1,5,NA,22,5,1.15,130.7140289,113.6643729,4,1,6,1,5,1,1,NA,1,50,13,3,0,2,2,3,20,NA,120.6876134,42091,11825,4,3,1,2,2,4,1,1,10,0,6,0,"white",1,1,1,0,20,0,300,0,3,1,2,"suburban",1,1,0,0.666666666666667
3271390101,"regional_rail",327139,1,"Regional Rail",11834,78,62.192,64.046,1.854,1,1,1,1,2,1,NA,22,5,1.17,1372.968477,1173.477331,2,2,9,1,1,2,1,NA,1,40,43,4,0,8,1,3,10,NA,398.5562046,42091,11834,4,1,1,0,0,0,2,3,5,1,9,0,"white",0,0,1,0,10,1,62.5,0,1,1,0,"suburban",1,1,1,0
3271630304,"regional_rail",327163,3,"Regional Rail",92,5050,50.592,49.592,-1,1,1,4,4,4,19,NA,22,5,1.13,355.2290443,314.3619861,5,2,5,1,5,1,1,NA,1,40,99,3,0,2,1,3,10,NA,127.8037756,42091,10031,4,3,2,4,4,0,2,1,99,1,5,0,"white",1,1,1,0,10,1,NA,NA,3,2,4,"suburban",1,1,0,1.33333333333333
3282960102,"regional_rail",328296,1,"Regional Rail",10011,92,49.767,NA,NA,1,1,2,4,4,19,NA,22,5,1.15,129.8295709,112.895279,7,1,8,1,6,1,1,NA,1,45,11,3,0,2,1,3,10,NA,110.5243081,42091,10016,4,3,2,2,2,2,2,1,10,0,8,0,"white",1,1,1,0,10,1,300,0,3,2,2,"suburban",1,1,0,0.666666666666667
3282960105,"regional_rail",328296,1,"Regional Rail",80,80,8.488,10.558,2.071,1,1,5,2,2,19,NA,22,5,1.15,129.8295709,112.895279,7,1,8,1,6,1,1,NA,1,45,11,3,0,2,1,3,10,NA,110.5243081,42091,10016,4,3,2,2,2,2,2,1,10,0,8,0,"white",1,1,1,0,10,1,300,0,3,2,2,"suburban",1,1,0,0.666666666666667
3285590201,"regional_rail",328559,2,"Regional Rail",8019,114,101.69,127.447,25.757,1,1,1,1,2,1,NA,22,5,1.12,93.01112392,83.04564636,4,1,10,1,6,1,1,NA,1,40,19,4,0,2,2,3,10,NA,84.73564483,42029,8019,4,2,1,2,2,0,2,1,6,0,10,1,"white",1,1,1,0,10,0,87.5,0,2,1,2,"suburban",1,1,0,1
3285590202,"regional_rail",328559,2,"Regional Rail",114,8006,61.158,74.783,13.625,1,1,2,2,4,11,NA,22,5,1.12,93.01112392,83.04564636,4,1,10,1,6,1,1,NA,1,40,19,4,0,2,2,3,10,NA,84.73564483,42029,8019,4,2,1,2,2,0,2,1,6,0,10,1,"white",1,1,1,0,10,0,87.5,0,2,1,2,"suburban",1,1,0,1
3301380302,"regional_rail",330138,3,"Regional Rail",4207,91,47.596,58.663,11.067,1,1,2,4,2,19,NA,22,5,1.13,656.1171707,580.6346643,4,1,5,1,5,1,1,NA,1,24,13,3,0,2,1,1,3,NA,180.5162235,42045,4239,4,4,4,4,4,2,2,1,99,0,5,0,"white",1,1,1,1,3,1,NA,NA,4,4,4,"suburban",1,1,0,1
3301380303,"regional_rail",330138,3,"Regional Rail",91,91,10.304,10.096,-0.208,1,1,3,2,2,5,NA,22,5,1.13,656.1171707,580.6346643,4,1,5,1,5,1,1,NA,1,24,13,3,0,2,1,1,3,NA,180.5162235,42045,4239,4,4,4,4,4,2,2,1,99,0,5,0,"white",1,1,1,1,3,1,NA,NA,4,4,4,"suburban",1,1,0,1
3364970201,"regional_rail",336497,2,"Regional Rail",2424,409,42.765,48.579,5.815,1,1,1,1,2,1,NA,22,5,1.12,115.698443,103.3021812,2,1,9,1,6,1,1,NA,1,30,43,4,0,2,2,3,0,NA,140.0677812,42101,2424,3,2,1,1,1,1,2,2,7,0,9,0,"white",1,1,1,0,0,0,125,0,2,1,1,"urban",1,1,0,0.5
3383780101,"regional_rail",338378,1,"Regional Rail",2424,1030,51.704,55.679,3.975,1,1,1,1,4,1,NA,22,5,1.13,227.5881482,201.4054409,3,1,8,1,6,1,1,NA,1,45,23,2,0,2,2,3,2,NA,203.0774267,42101,2424,3,4,2,2,2,4,2,2,99,0,8,0,"white",1,1,1,0,2,0,NA,NA,4,2,2,"urban",1,1,0,0.5
3383780103,"regional_rail",338378,1,"Regional Rail",82,2424,49.002,49.642,0.64,1,1,3,2,1,5,NA,22,5,1.13,227.5881482,201.4054409,3,1,8,1,6,1,1,NA,1,45,23,2,0,2,2,3,2,NA,203.0774267,42101,2424,3,4,2,2,2,4,2,2,99,0,8,0,"white",1,1,1,0,2,0,NA,NA,4,2,2,"urban",1,1,0,0.5
3418210201,"regional_rail",341821,2,"Regional Rail",4247,414,74.417,86.667,12.25,1,1,1,1,2,1,NA,22,5,1.15,90.17509647,78.41312736,2,1,9,1,6,1,1,NA,1,55,25,4,0,1,1,3,10,NA,133.340907,42045,4247,4,3,2,2,2,3,1,1,8,0,9,0,"white",1,1,1,0,10,1,175,0,3,2,2,"suburban",1,1,0,0.666666666666667
3418210202,"regional_rail",341821,2,"Regional Rail",414,4247,73.46,83.05,9.59,1,1,2,2,1,5,NA,22,5,1.15,90.17509647,78.41312736,2,1,9,1,6,1,1,NA,1,55,25,4,0,1,1,3,10,NA,133.340907,42045,4247,4,3,2,2,2,3,1,1,8,0,9,0,"white",1,1,1,0,10,1,175,0,3,2,2,"suburban",1,1,0,0.666666666666667
3431120102,"regional_rail",343112,1,"Regional Rail",16204,93,61.1,78.6,17.5,1,1,2,4,2,19,NA,22,5,1.17,120.8940669,103.3282623,6,2,99,1,3,1,1,NA,1,40,13,9,0,9,8,2,10,NA,162.8325345,34005,20437,5,2,1,3,1,3,2,1,3,1,NA,NA,"white",0,1,1,1,10,NA,30,1,2,1,3,"rural",1,1,0,1.5
3431120103,"regional_rail",343112,1,"Regional Rail",93,16204,63.167,78.667,15.5,1,1,3,2,4,5,NA,22,5,1.17,120.8940669,103.3282623,6,2,99,1,3,1,1,NA,1,40,13,9,0,9,8,2,10,NA,162.8325345,34005,20437,5,2,1,3,1,3,2,1,3,1,NA,NA,"white",0,1,1,1,10,NA,30,1,2,1,3,"rural",1,1,0,1.5
3444160104,"regional_rail",344416,1,"Regional Rail",2437,1040,63.642,67.912,4.271,2,2,4,4,4,19,NA,22,5,1.12,116.3402027,103.875181,9,2,10,1,5,1,1,NA,2,20,27,NA,NA,NA,NA,3,0,NA,160.5099422,42101,2437,4,2,1,1,1,0,2,5,6,1,10,1,"white",1,1,1,0,0,NA,87.5,0,2,1,1,"suburban",0,1,0,0.5
3444160108,"regional_rail",344416,1,"Regional Rail",1040,2437,68.935,66.921,-2.015,2,2,8,4,4,19,NA,22,5,1.12,116.3402027,103.875181,9,2,10,1,5,1,1,NA,2,20,27,NA,NA,NA,NA,3,0,NA,160.5099422,42101,2437,4,2,1,1,1,0,2,5,6,1,10,1,"white",1,1,1,0,0,NA,87.5,0,2,1,1,"suburban",0,1,0,0.5
3485620201,"regional_rail",348562,2,"Regional Rail",2437,93,56.288,57.1,0.812,1,1,1,1,2,1,NA,22,5,1.15,143.2842151,124.5949697,2,1,7,1,6,1,1,NA,1,50,23,4,0,8,2,3,10,NA,123.0299316,42101,2437,4,4,2,2,2,2,2,2,8,0,7,0,"white",1,1,1,0,10,0,175,0,4,2,2,"suburban",1,1,0,0.5
3485620202,"regional_rail",348562,2,"Regional Rail",93,2437,57.677,61.315,3.638,1,1,2,2,1,5,NA,22,5,1.15,143.2842151,124.5949697,2,1,7,1,6,1,1,NA,1,50,23,4,0,8,2,3,10,NA,123.0299316,42101,2437,4,4,2,2,2,2,2,2,8,0,7,0,"white",1,1,1,0,10,0,175,0,4,2,2,"suburban",1,1,0,0.5
3494880102,"regional_rail",349488,1,"Regional Rail",12232,72,47.467,67.467,20,1,1,2,4,2,19,NA,22,5,1.17,230.790346,197.256706,5,2,7,1,5,1,1,NA,1,40,13,3,0,2,8,3,16,NA,501.2719557,42101,2824,4,1,1,1,1,0,2,5,5,1,7,0,"white",1,1,1,0,16,NA,62.5,0,1,1,1,"suburban",1,1,0,1
3494880104,"regional_rail",349488,1,"Regional Rail",88,12232,35.517,44.229,8.712,1,1,4,4,4,7,NA,22,5,1.17,230.790346,197.256706,5,2,7,1,5,1,1,NA,1,40,13,3,0,2,8,3,16,NA,501.2719557,42101,2824,4,1,1,1,1,0,2,5,5,1,7,0,"white",1,1,1,0,16,NA,62.5,0,1,1,1,"suburban",1,1,0,1
3501660102,"regional_rail",350166,1,"Regional Rail",92,42,13.431,16.731,3.3,2,1,2,4,1,11,NA,22,5,1.12,96.9900601,86.59826794,4,1,10,1,6,1,1,NA,1,6,53,NA,NA,NA,NA,3,7,NA,149.8733877,42101,42,1,1,1,0,0,1,2,5,6,0,10,1,"white",1,1,1,0,7,NA,87.5,0,1,1,0,"cbd",0,1,1,0
3501660103,"regional_rail",350166,1,"Regional Rail",42,92,12.438,15.008,2.571,2,2,3,1,4,11,NA,22,5,1.12,96.9900601,86.59826794,4,1,10,1,6,1,1,NA,1,6,53,NA,NA,NA,NA,3,7,NA,149.8733877,42101,42,1,1,1,0,0,1,2,5,6,0,10,1,"white",1,1,1,0,7,NA,87.5,0,1,1,0,"cbd",0,1,1,0
3521040203,"regional_rail",352104,2,"Regional Rail",12244,92,44.371,46.456,2.085,1,1,3,4,4,19,NA,22,5,1.12,160.7782412,143.5520011,9,1,7,1,6,1,1,NA,1,40,17,3,1,2,2,3,10,NA,199.7312102,42091,12214,4,4,2,2,2,5,1,1,7,0,7,0,"white",1,1,1,0,10,0,125,0,4,2,2,"suburban",1,1,0,0.5
3521040208,"regional_rail",352104,2,"Regional Rail",92,12244,46.646,48.367,1.721,1,1,8,4,4,19,NA,22,5,1.12,160.7782412,143.5520011,9,1,7,1,6,1,1,NA,1,40,17,3,1,2,2,3,10,NA,199.7312102,42091,12214,4,4,2,2,2,5,1,1,7,0,7,0,"white",1,1,1,0,10,0,125,0,4,2,2,"suburban",1,1,0,0.5
3531220101,"regional_rail",353122,1,"Regional Rail",8010,85,67.238,76.15,8.913,1,1,1,1,2,1,NA,22,5,1.15,256.1920502,222.7756958,2,2,8,1,5,1,1,NA,1,50,13,4,0,2,2,3,6,NA,76.11930457,42029,8010,4,2,2,3,3,1,2,1,8,1,8,0,"white",1,1,1,0,6,0,175,0,2,2,3,"suburban",1,1,0,1.5
3531220102,"regional_rail",353122,1,"Regional Rail",85,8010,60.242,71.742,11.5,1,1,2,2,1,5,NA,22,5,1.15,256.1920502,222.7756958,2,2,8,1,5,1,1,NA,1,50,13,4,0,2,2,3,6,NA,76.11930457,42029,8010,4,2,2,3,3,1,2,1,8,1,8,0,"white",1,1,1,0,6,0,175,0,2,2,3,"suburban",1,1,0,1.5
3565060101,"regional_rail",356506,1,"Regional Rail",2405,102,44.771,52.119,7.348,3,1,1,1,2,1,NA,22,5,1.17,461.8075608,394.707317,1,2,7,2,5,1,1,NA,1,38,43,4,0,2,2,3,12,NA,345.5485017,42101,2405,3,1,1,1,1,1,2,3,4,1,7,0,"black",1,1,1,0,12,0,42.5,0,1,1,1,"urban",0,0,0,1
3568880102,"regional_rail",356888,1,"Regional Rail",3032,1014,84.15,85.067,0.917,2,1,2,4,4,19,NA,22,5,1.17,171.1900384,146.3162721,5,2,11,1,3,1,2,1,NA,NA,NA,NA,NA,NA,NA,3,2,NA,166.9192693,42101,3034,4,2,0,1,1,0,2,5,4,1,11,1,"white",0,1,0,0,2,NA,42.5,0,2,0,1,"suburban",0,1,0,0.5
3568880103,"regional_rail",356888,1,"Bus / trolleybus",1014,90,28.681,31.115,2.433,2,1,3,4,4,16,NA,14,5,1.17,171.1900384,146.3162721,5,2,11,1,3,1,2,1,NA,NA,NA,NA,NA,NA,NA,3,2,NA,166.9192693,42101,3034,4,2,0,1,1,0,2,5,4,1,11,1,"white",0,1,0,0,2,NA,42.5,0,2,0,1,"suburban",0,1,0,0.5
3568880202,"regional_rail",356888,2,"Regional Rail",3032,1014,84.15,85.067,0.917,2,1,2,4,4,19,NA,22,5,1.17,171.1900384,146.3162721,5,2,11,1,4,1,2,1,NA,NA,NA,NA,NA,NA,NA,3,2,NA,166.9192693,42101,3034,4,2,0,1,1,0,2,5,4,1,11,1,"white",0,1,0,0,2,NA,42.5,0,2,0,1,"suburban",0,1,0,0.5
3568880203,"regional_rail",356888,2,"Bus / trolleybus",1014,90,28.681,31.115,2.433,2,1,3,4,4,16,NA,14,5,1.17,171.1900384,146.3162721,5,2,11,1,4,1,2,1,NA,NA,NA,NA,NA,NA,NA,3,2,NA,166.9192693,42101,3034,4,2,0,1,1,0,2,5,4,1,11,1,"white",0,1,0,0,2,NA,42.5,0,2,0,1,"suburban",0,1,0,0.5
3574140203,"regional_rail",357414,2,"Regional Rail",7819,90,68.8,84.05,15.25,1,1,3,4,4,19,NA,22,5,1.12,88.32382486,78.86055791,8,1,7,1,6,1,1,NA,1,40,15,3,0,2,2,3,12,NA,195.3440029,42029,7801,5,4,1,2,2,3,2,2,6,0,7,0,"white",1,1,1,0,12,0,87.5,0,4,1,2,"rural",1,1,0,0.5
3613500206,"regional_rail",361350,2,"Regional Rail",91,91,9.548,9.333,-0.215,1,1,6,2,2,5,NA,22,5,1.15,96.20790492,83.65904776,8,1,9,1,5,1,1,NA,1,40,17,6,0,9,8,3,10,NA,123.7005715,42017,14615,4,4,4,4,4,2,2,1,8,0,9,0,"white",1,1,1,0,10,NA,175,0,4,4,4,"suburban",1,1,0,1
3634880201,"regional_rail",363488,2,"Regional Rail",4421,119,53.288,55.337,2.05,1,1,1,1,2,1,NA,22,5,1.17,262.2927785,224.181862,6,2,6,1,5,1,1,NA,1,40,43,4,0,8,8,2,14,NA,410.3715128,42045,4421,4,2,1,1,1,0,2,3,4,1,6,0,"white",1,1,1,1,14,NA,42.5,0,2,1,1,"suburban",1,1,0,0.5
3637010102,"regional_rail",363701,1,"Regional Rail",8009,1040,68.375,75.5,7.125,3,1,2,4,4,19,NA,22,5,1.15,99.78497993,86.76954776,10,1,8,1,5,1,1,NA,1,40,45,3,0,2,2,3,10,NA,85.01081176,42029,8430,4,2,2,2,2,2,1,1,8,0,8,0,"white",1,1,1,0,10,0,175,0,2,2,2,"suburban",0,0,0,1
3664520104,"regional_rail",366452,1,"Regional Rail",8009,90,74.55,94.892,20.342,3,2,4,4,4,19,NA,22,5,1.15,256.1920502,222.7756958,9,2,8,1,6,1,1,NA,1,30,17,NA,NA,NA,NA,3,0,NA,76.11930457,42029,8010,4,2,2,4,2,1,1,1,10,1,8,0,"white",1,1,1,0,0,NA,300,0,2,2,4,"suburban",0,0,0,2
3703190201,"regional_rail",370319,2,"Regional Rail",12237,93,51.413,53.6,2.188,1,1,1,1,2,1,NA,22,5,1.15,101.5700468,88.32177985,2,1,9,1,6,1,1,NA,1,50,13,1,0,2,2,3,10,NA,85.65057604,42091,12237,4,2,2,2,2,2,2,1,9,0,9,0,"white",1,1,1,0,10,0,225,0,2,2,2,"suburban",1,1,0,1
3772110201,"regional_rail",377211,2,"Regional Rail",4434,134,58.74,65.871,7.131,1,1,1,1,2,1,NA,22,5,1.12,129.3230224,115.4669843,2,2,6,1,5,1,1,NA,1,40,13,3,0,2,2,3,10,NA,172.9823774,42045,4434,4,2,2,2,2,0,2,2,6,1,6,0,"white",1,1,1,0,10,0,87.5,0,2,2,2,"suburban",1,1,0,1
3772110202,"regional_rail",377211,2,"Regional Rail",134,4434,60.808,62.058,1.25,1,1,2,2,1,5,NA,22,5,1.12,129.3230224,115.4669843,2,2,6,1,5,1,1,NA,1,40,13,3,0,2,2,3,10,NA,172.9823774,42045,4434,4,2,2,2,2,0,2,2,6,1,6,0,"white",1,1,1,0,10,0,87.5,0,2,2,2,"suburban",1,1,0,1
3775560104,"regional_rail",377556,1,"Regional Rail",10021,10003,55.233,63.502,8.269,2,1,4,4,4,19,NA,22,5,1.17,491.2101971,419.8377753,6,1,9,1,6,1,2,1,NA,NA,NA,NA,NA,NA,NA,3,4,NA,298.5792608,42045,5047,3,1,0,0,0,0,1,5,4,0,9,0,"white",1,1,0,0,4,NA,42.5,0,1,0,0,"urban",0,1,1,0
3782060202,"regional_rail",378206,2,"Regional Rail",5020,92,54.35,54.85,0.5,1,1,2,4,4,19,NA,22,5,1.12,116.1721895,103.7251692,6,2,6,1,5,1,1,NA,1,40,43,4,0,2,2,3,10,NA,130.2314678,42045,5042,5,2,1,2,2,0,2,2,6,1,6,0,"white",1,1,1,0,10,0,87.5,0,2,1,2,"rural",1,1,0,1
3782060205,"regional_rail",378206,2,"Regional Rail",41,41,11.19,10.627,-0.562,1,1,5,2,2,19,NA,22,5,1.12,116.1721895,103.7251692,6,2,6,1,5,1,1,NA,1,40,43,4,0,2,2,3,10,NA,130.2314678,42045,5042,5,2,1,2,2,0,2,2,6,1,6,0,"white",1,1,1,0,10,0,87.5,0,2,1,2,"rural",1,1,0,1
3797000102,"regional_rail",379700,1,"Regional Rail",92,7202,118.267,115.778,-2.489,2,1,2,4,4,19,NA,22,5,1.17,117.7910753,100.6761328,4,2,7,5,6,1,1,NA,1,40,25,3,0,1,2,3,5,NA,236.7482806,42029,7201,4,4,1,2,2,1,1,2,5,1,7,0,"asian",1,1,1,0,5,0,62.5,0,4,1,2,"suburban",0,1,0,0.5
3830520202,"regional_rail",383052,2,"Regional Rail",12242,92,45.498,52.081,6.583,2,1,2,4,4,19,NA,22,5,1.17,138.669568,118.5209983,5,1,3,1,1,NA,NA,NA,NA,NA,NA,NA,NA,NA,NA,1,10,NA,340.4716394,42091,12214,4,3,1,1,1,8,2,1,2,0,3,0,"white",0,NA,NA,1,10,NA,17.5,1,3,1,1,"suburban",0,1,0,0.333333333333333
3862330102,"regional_rail",386233,1,"Regional Rail",53,15817,NA,NA,NA,1,1,2,2,1,5,NA,22,5,1.12,103.6020549,92.50183474,2,1,9,1,5,1,1,NA,1,50,33,4,0,2,1,3,10,NA,78.16236174,42017,15817,4,1,1,3,2,2,2,1,7,0,9,0,"white",1,1,1,0,10,1,125,0,1,1,3,"suburban",1,1,0,3
3884280202,"regional_rail",388428,2,"Regional Rail",11618,1030,76.744,89.817,13.073,1,1,2,4,2,19,NA,22,5,1.15,99.94334235,86.90725422,12,2,8,1,5,1,1,NA,1,35,25,3,0,2,2,3,10,NA,70.52986774,42091,11409,5,2,2,2,2,3,2,1,8,1,8,0,"white",1,1,1,0,10,0,175,0,2,2,2,"rural",1,1,0,1
3884280208,"regional_rail",388428,2,"Regional Rail",1014,1040,19.125,24.925,5.8,1,1,8,4,4,19,NA,22,5,1.15,99.94334235,86.90725422,12,2,8,1,5,1,1,NA,1,35,25,3,0,2,2,3,10,NA,70.52986774,42091,11409,5,2,2,2,2,3,2,1,8,1,8,0,"white",1,1,1,0,10,0,175,0,2,2,2,"rural",1,1,0,1
3884280209,"regional_rail",388428,2,"Regional Rail",1040,11618,78.817,90.817,12,1,1,9,4,4,19,NA,22,5,1.15,99.94334235,86.90725422,12,2,8,1,5,1,1,NA,1,35,25,3,0,2,2,3,10,NA,70.52986774,42091,11409,5,2,2,2,2,3,2,1,8,1,8,0,"white",1,1,1,0,10,0,175,0,2,2,2,"rural",1,1,0,1
3891190102,"regional_rail",389119,1,"Regional Rail",2414,1040,49.312,50.688,1.375,1,1,2,4,4,19,NA,22,5,1.17,156.5550686,133.8077509,6,2,10,1,5,1,1,NA,1,40,11,4,0,2,1,3,20,NA,190.1257082,42101,2417,3,1,1,1,1,0,2,4,5,1,10,1,"white",1,1,1,0,20,1,62.5,0,1,1,1,"urban",1,1,0,1
3891190103,"regional_rail",389119,1,"Bus / trolleybus",1040,1012,29.438,30.394,0.956,1,1,3,4,2,19,NA,14,5,1.17,156.5550686,133.8077509,6,2,10,1,5,1,1,NA,1,40,11,4,0,2,1,3,20,NA,190.1257082,42101,2417,3,1,1,1,1,0,2,4,5,1,10,1,"white",1,1,1,0,20,1,62.5,0,1,1,1,"urban",1,1,0,1
3891190104,"regional_rail",389119,1,"Bus / trolleybus",1012,1012,17.783,16.36,-1.423,1,1,4,2,2,5,NA,14,5,1.17,156.5550686,133.8077509,6,2,10,1,5,1,1,NA,1,40,11,4,0,2,1,3,20,NA,190.1257082,42101,2417,3,1,1,1,1,0,2,4,5,1,10,1,"white",1,1,1,0,20,1,62.5,0,1,1,1,"urban",1,1,0,1
3891190105,"regional_rail",389119,1,"Regional Rail",1012,1012,17.335,16.529,-0.806,1,1,5,2,2,19,NA,22,5,1.17,156.5550686,133.8077509,6,2,10,1,5,1,1,NA,1,40,11,4,0,2,1,3,20,NA,190.1257082,42101,2417,3,1,1,1,1,0,2,4,5,1,10,1,"white",1,1,1,0,20,1,62.5,0,1,1,1,"urban",1,1,0,1
3892120102,"regional_rail",389212,1,"Regional Rail",12232,90,36.848,38.05,1.202,1,1,2,4,4,19,NA,22,5,1.15,103.9354896,90.37868658,10,1,9,1,6,1,1,NA,1,40,19,4,1,2,1,3,10,NA,97.91940843,42091,12233,4,3,2,2,2,1,2,1,8,0,9,0,"white",1,1,1,0,10,1,175,0,3,2,2,"suburban",1,1,0,0.666666666666667
3892120103,"regional_rail",389212,1,"Bus / trolleybus",90,51,13.796,13.656,-0.14,1,1,3,4,2,19,NA,14,5,1.15,103.9354896,90.37868658,10,1,9,1,6,1,1,NA,1,40,19,4,1,2,1,3,10,NA,97.91940843,42091,12233,4,3,2,2,2,1,2,1,8,0,9,0,"white",1,1,1,0,10,1,175,0,3,2,2,"suburban",1,1,0,0.666666666666667
3892120104,"regional_rail",389212,1,"Subway / El",51,90,18.273,18.581,0.308,1,1,4,2,4,5,NA,21,5,1.15,103.9354896,90.37868658,10,1,9,1,6,1,1,NA,1,40,19,4,1,2,1,3,10,NA,97.91940843,42091,12233,4,3,2,2,2,1,2,1,8,0,9,0,"white",1,1,1,0,10,1,175,0,3,2,2,"suburban",1,1,0,0.666666666666667
3892120105,"regional_rail",389212,1,"Regional Rail",90,12233,31.833,39.583,7.75,1,1,5,4,1,19,NA,22,5,1.15,103.9354896,90.37868658,10,1,9,1,6,1,1,NA,1,40,19,4,1,2,1,3,10,NA,97.91940843,42091,12233,4,3,2,2,2,1,2,1,8,0,9,0,"white",1,1,1,0,10,1,175,0,3,2,2,"suburban",1,1,0,0.666666666666667
3892120201,"regional_rail",389212,2,"Regional Rail",12233,95,41.158,44.183,3.025,1,1,1,1,2,1,NA,22,5,1.15,95.38590415,82.94426448,4,2,9,1,5,1,1,NA,1,40,11,4,0,8,8,3,10,NA,97.91940843,42091,12233,4,3,2,2,2,1,2,1,8,1,9,0,"white",1,1,1,0,10,NA,175,0,3,2,2,"suburban",1,1,0,0.666666666666667
3892120202,"regional_rail",389212,2,"Regional Rail",95,12233,39.658,40.087,0.429,1,1,2,2,1,5,NA,22,5,1.15,95.38590415,82.94426448,4,2,9,1,5,1,1,NA,1,40,11,4,0,8,8,3,10,NA,97.91940843,42091,12233,4,3,2,2,2,1,2,1,8,1,9,0,"white",1,1,1,0,10,NA,175,0,3,2,2,"suburban",1,1,0,0.666666666666667
3898250104,"regional_rail",389825,1,"Regional Rail",90,36,14.548,15.438,0.89,1,1,4,4,4,19,NA,22,5,1.12,94.28406175,84.18219799,5,1,9,1,6,1,1,NA,1,40,13,3,0,2,2,3,8,NA,89.84290632,42029,7233,5,2,2,2,2,2,1,1,7,0,9,0,"white",1,1,1,0,8,0,125,0,2,2,2,"rural",1,1,0,1
3947730201,"regional_rail",394773,2,"Regional Rail",12406,96,94.988,91.704,-3.283,1,1,1,1,2,1,NA,22,5,1.15,323.3623895,281.1846865,4,1,8,1,6,1,1,NA,1,60,23,3,0,2,2,3,0,NA,92.38097643,42091,12406,4,3,2,4,3,0,2,1,8,0,8,0,"white",1,1,1,0,0,0,175,0,3,2,4,"suburban",1,1,0,1.33333333333333
3947730202,"regional_rail",394773,2,"Regional Rail",96,12406,78.829,84.935,6.106,1,1,2,2,1,11,NA,22,5,1.15,323.3623895,281.1846865,4,1,8,1,6,1,1,NA,1,60,23,3,0,2,2,3,0,NA,92.38097643,42091,12406,4,3,2,4,3,0,2,1,8,0,8,0,"white",1,1,1,0,0,0,175,0,3,2,4,"suburban",1,1,0,1.33333333333333
3952890102,"regional_rail",395289,1,"Regional Rail",4824,1014,48.942,57.817,8.875,1,1,2,4,4,19,NA,22,5,1.15,112.364308,97.7080939,8,1,8,1,6,1,1,NA,1,50,19,4,0,1,1,3,6,NA,120.7077398,42045,4824,4,4,2,1,1,4,2,1,9,0,8,0,"white",1,1,1,0,6,1,225,0,4,2,1,"suburban",1,1,0,0.25
3952890105,"regional_rail",395289,1,"Regional Rail",1014,4824,46.8,57.769,10.969,1,1,5,4,4,19,NA,22,5,1.15,112.364308,97.7080939,8,1,8,1,6,1,1,NA,1,50,19,4,0,1,1,3,6,NA,120.7077398,42045,4824,4,4,2,1,1,4,2,1,9,0,8,0,"white",1,1,1,0,6,1,225,0,4,2,1,"suburban",1,1,0,0.25
3956070101,"regional_rail",395607,1,"Regional Rail",12423,36,NA,NA,NA,1,1,1,1,2,1,NA,22,5,1.12,258.3301905,230.6519558,2,1,9,1,6,1,1,NA,1,45,41,3,0,2,2,3,10,NA,168.7323407,42091,12423,4,3,3,4,3,3,2,1,7,0,9,0,"white",1,1,1,0,10,0,125,0,3,3,4,"suburban",1,1,0,1.33333333333333
3966570202,"regional_rail",396657,2,"Regional Rail",15234,2002,126.369,127.629,1.26,3,1,2,4,4,19,NA,22,5,1.12,403.8201609,360.5537151,2,1,7,5,6,1,1,NA,1,40,11,NA,NA,NA,NA,3,0,NA,269.6625279,42017,15244,5,2,2,1,1,1,1,2,6,0,7,0,"asian",1,1,1,0,0,NA,87.5,0,2,2,1,"rural",0,0,0,0.5
4004890302,"regional_rail",400489,3,"Regional Rail",10422,416,52.475,65.475,13,1,1,2,4,4,19,NA,22,5,1.12,82.67301432,73.81519135,9,2,5,1,3,1,1,NA,3,30,27,4,2,3,2,1,4,NA,321.1171779,42091,10226,4,5,3,1,1,3,2,1,6,1,5,0,"white",0,1,1,1,4,0,87.5,0,5,3,1,"suburban",1,1,0,0.2
4004890304,"regional_rail",400489,3,"Regional Rail",66,4451,48.719,51.317,2.598,1,1,4,4,4,5,NA,22,5,1.12,82.67301432,73.81519135,9,2,5,1,3,1,1,NA,3,30,27,4,2,3,2,1,4,NA,321.1171779,42091,10226,4,5,3,1,1,3,2,1,6,1,5,0,"white",0,1,1,1,4,0,87.5,0,5,3,1,"suburban",1,1,0,0.2
4012760103,"regional_rail",401276,1,"Regional Rail",2426,92,47.992,49.367,1.375,1,1,3,4,4,19,NA,22,5,1.12,127.1510802,113.5277502,9,2,8,1,5,1,1,NA,1,40,11,4,0,1,1,3,5,NA,106.049843,42101,2426,4,2,2,1,1,0,1,2,7,1,8,0,"white",1,1,1,0,5,1,125,0,2,2,1,"suburban",1,1,0,0.5
4012760106,"regional_rail",401276,1,"Regional Rail",92,2426,49.344,57.394,8.05,1,1,6,4,4,19,NA,22,5,1.12,127.1510802,113.5277502,9,2,8,1,5,1,1,NA,1,40,11,4,0,1,1,3,5,NA,106.049843,42101,2426,4,2,2,1,1,0,1,2,7,1,8,0,"white",1,1,1,0,5,1,125,0,2,2,1,"suburban",1,1,0,0.5
4012760203,"regional_rail",401276,2,"Regional Rail",2426,92,50.054,49.492,-0.562,1,1,3,4,4,19,NA,22,5,1.12,253.1828995,226.0561602,7,1,8,2,4,1,1,NA,1,40,15,4,3,1,1,3,10,NA,106.049843,42101,2426,4,2,2,1,1,0,1,2,7,0,8,0,"black",0,1,1,0,10,1,125,0,2,2,1,"suburban",1,1,0,0.5
4012760206,"regional_rail",401276,2,"Regional Rail",92,2426,51.344,55.781,4.438,1,1,6,4,4,19,NA,22,5,1.12,253.1828995,226.0561602,7,1,8,2,4,1,1,NA,1,40,15,4,3,1,1,3,10,NA,106.049843,42101,2426,4,2,2,1,1,0,1,2,7,0,8,0,"black",0,1,1,0,10,1,125,0,2,2,1,"suburban",1,1,0,0.5
4013690102,"regional_rail",401369,1,"Regional Rail",8010,1040,69.875,78.75,8.875,1,1,2,4,4,19,NA,22,5,1.15,244.5575719,212.6587582,12,1,8,1,6,1,1,NA,1,38,15,4,2,3,1,3,8,NA,152.9869213,42029,8010,4,4,2,4,4,3,1,1,8,0,8,0,"white",1,1,1,0,8,1,175,0,4,2,4,"suburban",1,1,0,1
4013690103,"regional_rail",401369,1,"Bus / trolleybus",1040,1040,24.556,29.052,4.496,1,1,3,4,4,19,NA,14,5,1.15,244.5575719,212.6587582,12,1,8,1,6,1,1,NA,1,38,15,4,2,3,1,3,8,NA,152.9869213,42029,8010,4,4,2,4,4,3,1,1,8,0,8,0,"white",1,1,1,0,8,1,175,0,4,2,4,"suburban",1,1,0,1
4013690106,"regional_rail",401369,1,"Subway / El",1036,1040,20.885,20.135,-0.75,1,1,6,4,4,19,NA,21,5,1.15,244.5575719,212.6587582,12,1,8,1,6,1,1,NA,1,38,15,4,2,3,1,3,8,NA,152.9869213,42029,8010,4,4,2,4,4,3,1,1,8,0,8,0,"white",1,1,1,0,8,1,175,0,4,2,4,"suburban",1,1,0,1
4013690108,"regional_rail",401369,1,"Regional Rail",1040,8010,71.367,72.867,1.5,1,1,8,4,4,19,NA,22,5,1.15,244.5575719,212.6587582,12,1,8,1,6,1,1,NA,1,38,15,4,2,3,1,3,8,NA,152.9869213,42029,8010,4,4,2,4,4,3,1,1,8,0,8,0,"white",1,1,1,0,8,1,175,0,4,2,4,"suburban",1,1,0,1
4013690301,"regional_rail",401369,3,"Regional Rail",8010,1036,92.275,93.41,1.135,2,1,1,1,3,1,NA,22,5,1.15,130.7152413,113.6654272,6,2,5,1,2,1,2,6,NA,NA,NA,NA,NA,NA,NA,1,10,NA,152.9869213,42029,8010,4,4,2,4,4,3,1,1,8,1,5,0,"white",0,1,0,1,10,NA,175,0,4,2,4,"suburban",0,1,0,1
4020640202,"regional_rail",402064,2,"Regional Rail",12244,1014,55.273,61.577,6.304,1,1,2,4,4,19,NA,22,5,1.12,95.70011231,85.44652885,8,2,9,1,6,1,1,NA,1,50,25,4,0,8,1,3,12,NA,113.4246991,42091,12239,4,2,1,2,2,2,2,1,7,1,9,0,"white",1,1,1,0,12,1,125,0,2,1,2,"suburban",1,1,0,1
4020640205,"regional_rail",402064,2,"Regional Rail",1040,7401,122.775,121.06,-1.715,1,1,5,4,4,19,NA,22,5,1.12,95.70011231,85.44652885,8,2,9,1,6,1,1,NA,1,50,25,4,0,8,1,3,12,NA,113.4246991,42091,12239,4,2,1,2,2,2,2,1,7,1,9,0,"white",1,1,1,0,12,1,125,0,2,1,2,"suburban",1,1,0,1
4050800101,"regional_rail",405080,1,"Regional Rail",2425,1033,61.567,64.067,2.5,3,1,1,2,2,1,NA,22,5,1.12,333.7392031,297.9814313,4,1,7,2,5,1,1,NA,2,37,13,4,0,2,2,3,0,NA,312.7658348,42101,2425,3,3,2,1,1,2,2,2,6,0,7,0,"black",1,1,1,0,0,0,87.5,0,3,2,1,"urban",0,0,0,0.333333333333333
4050800104,"regional_rail",405080,1,"Regional Rail",1033,2425,61.871,67.121,5.25,3,1,4,2,1,5,NA,22,5,1.12,333.7392031,297.9814313,4,1,7,2,5,1,1,NA,2,37,13,4,0,2,2,3,0,NA,312.7658348,42101,2425,3,3,2,1,1,2,2,2,6,0,7,0,"black",1,1,1,0,0,0,87.5,0,3,2,1,"urban",0,0,0,0.333333333333333
4056480101,"regional_rail",405648,1,"Regional Rail",50,11647,NA,NA,NA,1,1,1,1,2,1,NA,22,5,1.17,247.1820269,211.2666896,3,2,6,1,5,1,1,NA,1,45,19,4,0,3,2,3,15,NA,345.5485017,42101,50,2,1,1,1,1,0,2,4,5,1,6,0,"white",1,1,1,0,15,0,62.5,0,1,1,1,"cbd",1,1,0,1
4056480102,"regional_rail",405648,1,"Regional Rail",11647,40,NA,NA,NA,1,1,2,2,4,5,NA,22,5,1.17,247.1820269,211.2666896,3,2,6,1,5,1,1,NA,1,45,19,4,0,3,2,3,15,NA,345.5485017,42101,50,2,1,1,1,1,0,2,4,5,1,6,0,"white",1,1,1,0,15,0,62.5,0,1,1,1,"cbd",1,1,0,1
4061050101,"regional_rail",406105,1,"Regional Rail",2411,414,41.975,43.519,1.544,1,1,1,1,2,1,NA,22,5,1.15,119.3958382,103.822468,4,1,10,1,6,1,1,NA,1,40,25,4,7,2,2,3,0,NA,58.23014861,42101,2411,3,2,2,2,2,0,1,2,10,0,10,1,"white",1,1,1,0,0,0,300,0,2,2,2,"urban",1,1,0,1
4061050104,"regional_rail",406105,1,"Regional Rail",414,2411,42.071,47.521,5.45,1,1,4,2,1,5,NA,22,5,1.15,119.3958382,103.822468,4,1,10,1,6,1,1,NA,1,40,25,4,7,2,2,3,0,NA,58.23014861,42101,2411,3,2,2,2,2,0,1,2,10,0,10,1,"white",1,1,1,0,0,0,300,0,2,2,2,"urban",1,1,0,1
4072680102,"regional_rail",407268,1,"Regional Rail",2424,1040,49.594,54.108,4.515,1,1,2,4,4,19,NA,22,5,1.17,120.6476429,103.1176435,6,2,6,1,5,2,1,NA,1,40,19,4,0,8,2,2,12,NA,275.349395,42101,2424,3,2,2,0,0,2,2,4,5,1,6,0,"white",1,0,1,1,12,0,62.5,0,2,2,0,"urban",1,1,1,0
4072680105,"regional_rail",407268,1,"Regional Rail",1040,2424,44.85,54.483,9.633,1,1,5,4,4,19,NA,22,5,1.17,120.6476429,103.1176435,6,2,6,1,5,2,1,NA,1,40,19,4,0,8,2,2,12,NA,275.349395,42101,2424,3,2,2,0,0,2,2,4,5,1,6,0,"white",1,0,1,1,12,0,62.5,0,2,2,0,"urban",1,1,1,0
4094470101,"regional_rail",409447,1,"Regional Rail",4410,1217,75.625,87.533,11.908,1,1,1,1,2,1,NA,22,5,1.12,106.2390013,94.85625112,6,2,8,1,5,1,1,NA,1,9,31,4,0,2,8,1,5,NA,111.2939642,42045,4410,4,1,1,1,1,0,2,2,6,1,8,0,"white",1,1,1,1,5,NA,87.5,0,1,1,1,"suburban",1,1,0,1
4094470102,"regional_rail",409447,1,"Regional Rail",1217,4410,83.258,76.796,-6.462,1,1,2,2,1,5,NA,22,5,1.12,106.2390013,94.85625112,6,2,8,1,5,1,1,NA,1,9,31,4,0,2,8,1,5,NA,111.2939642,42045,4410,4,1,1,1,1,0,2,2,6,1,8,0,"white",1,1,1,1,5,NA,87.5,0,1,1,1,"suburban",1,1,0,1
4100840202,"regional_rail",410084,2,"Regional Rail",92,11633,88.617,89.117,0.5,1,1,2,4,4,1,NA,22,5,1.12,539.8327943,481.9935663,6,1,6,1,6,1,1,NA,1,40,19,4,0,3,2,2,9,NA,287.4052007,42101,103,1,2,2,2,2,0,2,5,7,0,6,0,"white",1,1,1,1,9,0,125,0,2,2,2,"cbd",1,1,0,1
4100840205,"regional_rail",410084,2,"Regional Rail",11633,92,76.608,95.767,19.158,1,1,5,4,4,19,NA,22,5,1.12,539.8327943,481.9935663,6,1,6,1,6,1,1,NA,1,40,19,4,0,3,2,2,9,NA,287.4052007,42101,103,1,2,2,2,2,0,2,5,7,0,6,0,"white",1,1,1,1,9,0,125,0,2,2,2,"cbd",1,1,0,1
4131100102,"regional_rail",413110,1,"Regional Rail",90,8009,75.192,83.673,8.481,1,1,2,4,4,19,NA,22,5,1.17,230.0583813,196.6310951,8,1,6,5,5,1,1,NA,1,40,13,4,9,3,2,3,10,NA,345.5485017,42101,40,1,1,1,1,1,0,2,4,5,0,6,0,"asian",1,1,1,0,10,0,62.5,0,1,1,1,"cbd",1,1,0,1
4131100105,"regional_rail",413110,1,"Regional Rail",8012,8012,27.588,NA,NA,1,1,5,2,2,19,NA,22,5,1.17,230.0583813,196.6310951,8,1,6,5,5,1,1,NA,1,40,13,4,9,3,2,3,10,NA,345.5485017,42101,40,1,1,1,1,1,0,2,4,5,0,6,0,"asian",1,1,1,0,10,0,62.5,0,1,1,1,"cbd",1,1,0,1
4184310104,"regional_rail",418431,1,"Regional Rail",1040,10019,52.492,57.858,5.367,1,2,4,4,2,19,NA,22,5,1.17,120.6476429,103.1176435,7,2,6,1,6,1,1,NA,2,35,25,4,0,3,2,3,10,NA,275.349395,42101,30,3,2,2,0,0,0,2,4,5,1,6,0,"white",1,1,1,0,10,0,62.5,0,2,2,0,"urban",1,1,1,0
4184310106,"regional_rail",418431,1,"Regional Rail",5020,1040,57.133,59.383,2.25,1,2,6,4,4,19,NA,22,5,1.17,120.6476429,103.1176435,7,2,6,1,6,1,1,NA,2,35,25,4,0,3,2,3,10,NA,275.349395,42101,30,3,2,2,0,0,0,2,4,5,1,6,0,"white",1,1,1,0,10,0,62.5,0,2,2,0,"urban",1,1,1,0
4195770402,"regional_rail",419577,4,"Subway / El",3032,91,72.919,72.108,-0.81,1,1,2,4,2,19,NA,21,5,1.12,1240.137457,1107.265586,4,1,6,1,3,1,1,NA,1,25,25,3,0,2,2,3,10,NA,366.605881,42101,3617,4,4,3,3,3,2,2,2,6,0,6,0,"white",0,1,1,0,10,0,87.5,0,4,3,3,"suburban",1,1,0,0.75
4195770403,"regional_rail",419577,4,"Regional Rail",91,91,11.417,11.992,0.575,1,1,3,2,2,5,NA,22,5,1.12,1240.137457,1107.265586,4,1,6,1,3,1,1,NA,1,25,25,3,0,2,2,3,10,NA,366.605881,42101,3617,4,4,3,3,3,2,2,2,6,0,6,0,"white",0,1,1,0,10,0,87.5,0,4,3,3,"suburban",1,1,0,0.75
4218280102,"regional_rail",421828,1,"Regional Rail",2415,3034,73.148,72.802,-0.346,1,1,2,2,4,5,NA,22,5,1.12,108.5508336,96.92038715,3,2,6,1,6,1,1,NA,1,45,25,4,0,3,2,3,12,NA,172.1268987,42101,822,3,2,2,0,0,1,1,2,6,1,6,0,"white",1,1,1,0,12,0,87.5,0,2,2,0,"urban",1,1,1,0
4218280202,"regional_rail",421828,2,"Regional Rail",1229,12238,83.371,85.915,2.544,1,1,2,2,3,5,NA,22,5,1.12,112.436437,100.3896759,3,1,6,1,5,1,1,NA,1,50,25,4,0,3,2,2,10,NA,172.1268987,42101,822,3,2,2,0,0,1,1,2,6,0,6,0,"white",1,1,1,1,10,0,87.5,0,2,2,0,"urban",1,1,1,0
4222850102,"regional_rail",422285,1,"Regional Rail",12242,91,42.169,48.848,6.679,1,1,2,4,2,19,NA,22,5,1.12,433.6624335,387.1986014,4,1,8,1,5,1,1,NA,1,40,11,4,0,1,1,3,10,NA,197.3385641,42091,12205,4,5,4,3,3,0,2,1,7,0,8,0,"white",1,1,1,0,10,1,125,0,5,4,3,"suburban",1,1,0,0.6
4222850103,"regional_rail",422285,1,"Regional Rail",91,12205,43.054,51.35,8.296,1,1,3,2,1,5,NA,22,5,1.12,433.6624335,387.1986014,4,1,8,1,5,1,1,NA,1,40,11,4,0,1,1,3,10,NA,197.3385641,42091,12205,4,5,4,3,3,0,2,1,7,0,8,0,"white",1,1,1,0,10,1,125,0,5,4,3,"suburban",1,1,0,0.6
4238580101,"regional_rail",423858,1,"Regional Rail",15409,86,NA,NA,NA,1,1,1,1,2,1,NA,22,5,1.13,96.17376914,85.10953022,2,1,9,1,6,1,1,NA,1,9,15,4,0,8,2,3,4,NA,179.7457026,42017,15409,5,4,2,4,4,4,2,1,99,0,9,0,"white",1,1,1,0,4,0,NA,NA,4,2,4,"rural",1,1,0,1
4257160402,"regional_rail",425716,4,"Regional Rail",7044,5056,101.85,88.008,-13.842,1,1,2,4,4,19,NA,22,5,1.17,187.6929735,160.4213448,5,1,5,1,2,1,1,NA,1,18,41,1,0,3,8,1,10,NA,248.8573696,42029,7220,5,6,3,4,4,4,2,1,5,0,5,0,"white",0,1,1,1,10,NA,62.5,0,6,3,4,"rural",1,1,0,0.666666666666667
4257160404,"regional_rail",425716,4,"Regional Rail",5053,7047,NA,NA,NA,1,1,4,3,2,3,NA,22,5,1.17,187.6929735,160.4213448,5,1,5,1,2,1,1,NA,1,18,41,1,0,3,8,1,10,NA,248.8573696,42029,7220,5,6,3,4,4,4,2,1,5,0,5,0,"white",0,1,1,1,10,NA,62.5,0,6,3,4,"rural",1,1,0,0.666666666666667
4265560201,"regional_rail",426556,2,"Regional Rail",12256,1026,NA,NA,NA,1,1,1,1,2,1,NA,22,5,1.15,101.5700468,88.32177985,2,1,9,1,5,1,1,NA,1,40,23,3,0,2,2,3,10,NA,85.65057604,42091,12256,4,2,2,2,2,5,2,1,8,0,9,0,"white",1,1,1,0,10,0,175,0,2,2,2,"suburban",1,1,0,1
4265560202,"regional_rail",426556,2,"Regional Rail",1026,12256,NA,NA,NA,1,1,2,2,1,5,NA,22,5,1.15,101.5700468,88.32177985,2,1,9,1,5,1,1,NA,1,40,23,3,0,2,2,3,10,NA,85.65057604,42091,12256,4,2,2,2,2,5,2,1,8,0,9,0,"white",1,1,1,0,10,0,175,0,2,2,2,"suburban",1,1,0,1
4274300202,"regional_rail",427430,2,"Regional Rail",5020,89,59.5,59.5,0,1,1,2,4,4,19,NA,22,5,1.13,332.3951016,294.1549572,7,2,9,1,5,1,1,NA,1,40,29,1,0,1,8,3,8,NA,169.2712342,42045,5039,4,3,3,3,3,2,2,1,99,1,9,0,"white",1,1,1,0,8,NA,NA,NA,3,3,3,"suburban",1,1,0,1
4274300205,"regional_rail",427430,2,"Regional Rail",17,17,4.925,6.877,1.952,1,1,5,2,2,19,NA,22,5,1.13,332.3951016,294.1549572,7,2,9,1,5,1,1,NA,1,40,29,1,0,1,8,3,8,NA,169.2712342,42045,5039,4,3,3,3,3,2,2,1,99,1,9,0,"white",1,1,1,0,8,NA,NA,NA,3,3,3,"suburban",1,1,0,1
4326800101,"regional_rail",432680,1,"Regional Rail",4234,41,85.404,72.173,-13.231,1,1,1,1,2,1,NA,22,5,1.17,3728.397678,3186.664682,4,2,7,1,6,2,1,NA,1,38,19,4,0,1,1,3,2,NA,733.1980572,42045,4234,4,1,1,0,0,0,2,3,5,1,7,0,"white",1,0,1,0,2,1,62.5,0,1,1,0,"suburban",1,1,1,0
4326800104,"regional_rail",432680,1,"Regional Rail",41,4234,65.883,80.173,14.29,1,1,4,2,1,5,NA,22,5,1.17,3728.397678,3186.664682,4,2,7,1,6,2,1,NA,1,38,19,4,0,1,1,3,2,NA,733.1980572,42045,4234,4,1,1,0,0,0,2,3,5,1,7,0,"white",1,0,1,0,2,1,62.5,0,1,1,0,"suburban",1,1,1,0
4342350303,"regional_rail",434235,3,"Regional Rail",92,2432,52.033,51.971,-0.062,2,1,3,4,4,19,NA,22,5,1.12,302.3643828,269.9681989,4,2,3,1,1,NA,NA,NA,NA,NA,NA,NA,NA,NA,NA,1,12,NA,295.2216189,42101,2432,4,5,2,2,2,4,1,1,7,1,3,0,"white",0,NA,NA,1,12,NA,125,0,5,2,2,"suburban",0,1,0,0.4
4343900104,"regional_rail",434390,1,"Regional Rail",92,117,8.333,9.6,1.267,1,1,4,4,2,19,NA,22,5,1.17,138.6861044,118.535132,5,2,8,1,4,1,1,NA,2,8,23,3,0,2,2,3,10,NA,164.9124211,42017,15609,4,2,2,2,2,2,2,1,5,1,8,0,"white",0,1,1,0,10,0,62.5,0,2,2,2,"suburban",1,1,0,1
4432040101,"regional_rail",443204,1,"Regional Rail",4040,74,68.1,71.283,3.183,1,1,1,1,2,1,NA,22,5,1.17,1220.511594,1043.172302,2,2,8,2,2,1,1,NA,1,40,13,3,0,2,2,3,10,NA,187.7889227,42045,4040,4,2,1,3,3,0,1,2,5,1,8,0,"black",0,1,1,0,10,0,62.5,0,2,1,3,"suburban",1,1,0,1.5
4433830102,"regional_rail",443383,1,"Regional Rail",3423,90,61.675,68.781,7.106,1,1,2,4,4,19,NA,22,5,1.17,400.3067707,342.1425391,10,2,8,1,3,1,1,NA,1,40,43,3,0,1,1,3,10,NA,433.4818346,42101,3420,4,3,2,1,1,1,2,1,5,1,8,0,"white",0,1,1,0,10,1,62.5,0,3,2,1,"suburban",1,1,0,0.333333333333333
4438760102,"regional_rail",443876,1,"Regional Rail",2823,92,49.117,57.867,8.75,1,1,2,4,4,19,NA,22,5,1.12,243.8655719,217.7371177,6,2,9,1,4,1,1,NA,1,21,43,3,0,2,2,3,3,NA,119.4100622,42101,3410,4,2,2,2,2,4,1,2,7,1,9,0,"white",0,1,1,0,3,0,125,0,2,2,2,"suburban",1,1,0,1
4438760105,"regional_rail",443876,1,"Regional Rail",92,117,8.098,9.229,1.131,1,1,5,4,2,19,NA,22,5,1.12,243.8655719,217.7371177,6,2,9,1,4,1,1,NA,1,21,43,3,0,2,2,3,3,NA,119.4100622,42101,3410,4,2,2,2,2,4,1,2,7,1,9,0,"white",0,1,1,0,3,0,125,0,2,2,2,"suburban",1,1,0,1
4438760202,"regional_rail",443876,2,"Regional Rail",2823,90,43.8,60.163,16.363,1,1,2,4,4,19,NA,22,5,1.12,131.886489,117.7557938,8,1,9,1,5,1,1,NA,2,56,15,3,0,2,2,3,10,NA,119.4100622,42101,3410,4,2,2,2,2,4,1,2,7,0,9,0,"white",1,1,1,0,10,0,125,0,2,2,2,"suburban",1,1,0,1
4525240102,"regional_rail",452524,1,"Regional Rail",3008,90,73.262,77.583,4.321,1,1,2,4,4,19,NA,22,5,1.15,175.3307886,152.4615553,9,2,7,1,6,1,1,NA,1,40,97,4,2,8,1,3,9,NA,107.9567977,42101,3027,4,2,2,2,2,0,2,2,8,1,7,0,"white",1,1,1,0,9,1,175,0,2,2,2,"suburban",1,1,0,1
4525240108,"regional_rail",452524,1,"Regional Rail",90,3008,77.06,72.096,-4.965,1,1,8,4,4,19,NA,22,5,1.15,175.3307886,152.4615553,9,2,7,1,6,1,1,NA,1,40,97,4,2,8,1,3,9,NA,107.9567977,42101,3027,4,2,2,2,2,0,2,2,8,1,7,0,"white",1,1,1,0,9,1,175,0,2,2,2,"suburban",1,1,0,1
4525240202,"regional_rail",452524,2,"Regional Rail",3008,1040,76.219,84.375,8.156,1,1,2,4,4,19,NA,22,5,1.15,186.02787,161.7633652,6,1,7,1,5,1,1,NA,1,40,15,4,2,8,1,3,10,NA,107.9567977,42101,3027,4,2,2,2,2,0,2,2,8,0,7,0,"white",1,1,1,0,10,1,175,0,2,2,2,"suburban",1,1,0,1
4525240205,"regional_rail",452524,2,"Regional Rail",1040,3008,66.04,71.898,5.858,1,1,5,4,4,19,NA,22,5,1.15,186.02787,161.7633652,6,1,7,1,5,1,1,NA,1,40,15,4,2,8,1,3,10,NA,107.9567977,42101,3027,4,2,2,2,2,0,2,2,8,0,7,0,"white",1,1,1,0,10,1,175,0,2,2,2,"suburban",1,1,0,1
4539000101,"regional_rail",453900,1,"Regional Rail",10039,56,57.173,56.067,-1.106,1,1,1,1,4,1,NA,22,5,1.15,170.4854968,148.2482581,9,1,9,1,6,1,1,NA,1,55,29,4,0,1,1,3,8,NA,88.76517488,42091,10039,4,3,2,3,2,5,2,1,10,0,9,0,"white",1,1,1,0,8,1,300,0,3,2,3,"suburban",1,1,0,1
4539000106,"regional_rail",453900,1,"Regional Rail",56,10039,51.658,50.038,-1.621,1,1,6,4,1,5,NA,22,5,1.15,170.4854968,148.2482581,9,1,9,1,6,1,1,NA,1,55,29,4,0,1,1,3,8,NA,88.76517488,42091,10039,4,3,2,3,2,5,2,1,10,0,9,0,"white",1,1,1,0,8,1,300,0,3,2,3,"suburban",1,1,0,1
4543270101,"regional_rail",454327,1,"Regional Rail",12230,17,62.656,63.985,1.329,1,1,1,1,2,1,NA,22,5,1.15,124.24852,108.0421913,7,1,8,1,6,1,1,NA,1,60,29,3,0,2,2,3,10,NA,85.65057604,42091,12230,4,2,2,2,2,1,2,1,9,0,8,0,"white",1,1,1,0,10,0,225,0,2,2,2,"suburban",1,1,0,1
4543270106,"regional_rail",454327,1,"Regional Rail",17,1014,28.175,36,7.825,1,1,6,4,4,8,NA,22,5,1.15,124.24852,108.0421913,7,1,8,1,6,1,1,NA,1,60,29,3,0,2,2,3,10,NA,85.65057604,42091,12230,4,2,2,2,2,1,2,1,9,0,8,0,"white",1,1,1,0,10,0,225,0,2,2,2,"suburban",1,1,0,1
4543270107,"regional_rail",454327,1,"Regional Rail",1014,12230,70.783,76.862,6.079,1,1,7,4,1,5,NA,22,5,1.15,124.24852,108.0421913,7,1,8,1,6,1,1,NA,1,60,29,3,0,2,2,3,10,NA,85.65057604,42091,12230,4,2,2,2,2,1,2,1,9,0,8,0,"white",1,1,1,0,10,0,225,0,2,2,2,"suburban",1,1,0,1
4589620101,"regional_rail",458962,1,"Regional Rail",2437,89,60.442,61.602,1.16,3,1,1,1,4,1,NA,22,5,1.12,116.3402027,103.875181,2,2,10,1,6,1,2,1,NA,NA,NA,NA,NA,NA,NA,2,8,NA,95.72800258,42101,2437,4,1,0,1,1,2,1,2,6,1,10,1,"white",1,1,0,1,8,NA,87.5,0,1,0,1,"suburban",0,0,0,1
4604430202,"regional_rail",460443,2,"Regional Rail",15234,79,87.829,93.467,5.638,2,1,2,4,4,19,NA,22,5,1.12,93.01767506,83.05149559,8,2,9,1,5,1,2,3,NA,NA,NA,NA,NA,NA,NA,3,2,NA,82.07418137,42017,14629,5,2,0,2,2,0,2,5,6,1,9,0,"white",1,1,0,0,2,NA,87.5,0,2,0,2,"rural",0,1,0,1
4604430204,"regional_rail",460443,2,"Regional Rail",92,15234,101.567,91.35,-10.217,2,1,4,4,4,19,NA,22,5,1.12,93.01767506,83.05149559,8,2,9,1,5,1,2,3,NA,NA,NA,NA,NA,NA,NA,3,2,NA,82.07418137,42017,14629,5,2,0,2,2,0,2,5,6,1,9,0,"white",1,1,0,0,2,NA,87.5,0,2,0,2,"rural",0,1,0,1
4617410202,"regional_rail",461741,2,"Regional Rail",7819,95,73.183,79.558,6.375,1,1,2,4,2,19,NA,22,5,1.12,212.0067233,189.2917172,6,1,9,1,6,1,1,NA,1,40,33,4,0,2,2,3,0,NA,136.563901,42029,8201,5,3,2,5,3,3,2,1,7,0,9,0,"white",1,1,1,0,0,0,125,0,3,2,5,"rural",1,1,0,1.66666666666667
4617410205,"regional_rail",461741,2,"Regional Rail",95,92,11.346,12.123,0.777,1,1,5,4,4,5,NA,22,5,1.12,212.0067233,189.2917172,6,1,9,1,6,1,1,NA,1,40,33,4,0,2,2,3,0,NA,136.563901,42029,8201,5,3,2,5,3,3,2,1,7,0,9,0,"white",1,1,1,0,0,0,125,0,3,2,5,"rural",1,1,0,1.66666666666667
4625730202,"regional_rail",462573,2,"Regional Rail",1440,12001,57.158,57.133,-0.025,1,1,2,4,4,96,NA,22,5,1.17,195.8874578,167.4251776,6,1,9,1,5,1,1,NA,1,40,27,4,0,3,2,3,11,NA,414.5095097,42101,2402,3,2,1,1,1,0,2,2,3,0,9,0,"white",1,1,1,0,11,0,30,1,2,1,1,"urban",1,1,0,0.5
4625730205,"regional_rail",462573,2,"Regional Rail",12001,1440,53.925,65.3,11.375,1,1,5,4,4,96,NA,22,5,1.17,195.8874578,167.4251776,6,1,9,1,5,1,1,NA,1,40,27,4,0,3,2,3,11,NA,414.5095097,42101,2402,3,2,1,1,1,0,2,2,3,0,9,0,"white",1,1,1,0,11,0,30,1,2,1,1,"urban",1,1,0,0.5
4627660101,"regional_rail",462766,1,"Regional Rail",28,10021,54.667,58.883,4.217,1,1,1,1,2,1,NA,22,5,1.12,115.698443,103.3021812,2,1,10,1,5,1,1,NA,1,18,13,1,0,3,2,3,2,NA,140.0677812,42101,28,1,2,1,1,1,0,2,2,7,0,10,1,"white",1,1,1,0,2,0,125,0,2,1,1,"cbd",1,1,0,0.5
4627660102,"regional_rail",462766,1,"Regional Rail",10021,28,60.579,66.167,5.587,1,1,2,2,1,5,NA,22,5,1.12,115.698443,103.3021812,2,1,10,1,5,1,1,NA,1,18,13,1,0,3,2,3,2,NA,140.0677812,42101,28,1,2,1,1,1,0,2,2,7,0,10,1,"white",1,1,1,0,2,0,125,0,2,1,1,"cbd",1,1,0,0.5
4646600101,"regional_rail",464660,1,"Regional Rail",7026,88,129.35,125.117,-4.233,3,1,1,2,2,1,NA,22,5,1.17,115.143809,98.41351201,2,1,8,1,6,1,1,NA,1,40,27,4,0,1,2,3,10,NA,164.3404867,42029,7026,3,1,1,1,1,0,1,2,5,0,8,0,"white",1,1,1,0,10,0,62.5,0,1,1,1,"urban",0,0,0,1
4646600102,"regional_rail",464660,1,"Regional Rail",88,7026,102.204,106.9,4.696,3,1,2,2,1,5,NA,22,5,1.17,115.143809,98.41351201,2,1,8,1,6,1,1,NA,1,40,27,4,0,1,2,3,10,NA,164.3404867,42029,7026,3,1,1,1,1,0,1,2,5,0,8,0,"white",1,1,1,0,10,0,62.5,0,1,1,1,"urban",0,0,0,1
4670530101,"regional_rail",467053,1,"Regional Rail",116,419,26.635,30.365,3.729,1,1,1,1,4,1,NA,22,5,1.17,125.617087,107.3650316,4,2,5,1,5,2,1,NA,1,20,13,4,0,8,1,1,10,NA,340.3264668,42101,116,1,1,1,0,0,0,2,5,2,1,5,0,"white",1,0,1,1,10,1,17.5,1,1,1,0,"cbd",1,1,1,0
4670530104,"regional_rail",467053,1,"Regional Rail",419,116,25.698,26.817,1.119,1,1,4,4,1,19,NA,22,5,1.17,125.617087,107.3650316,4,2,5,1,5,2,1,NA,1,20,13,4,0,8,1,1,10,NA,340.3264668,42101,116,1,1,1,0,0,0,2,5,2,1,5,0,"white",1,0,1,1,10,1,17.5,1,1,1,0,"cbd",1,1,1,0
4671650102,"regional_rail",467165,1,"Regional Rail",8009,92,69.083,81.833,12.75,1,1,2,4,4,19,NA,22,5,1.12,144.3157434,128.8533424,10,1,7,1,5,1,1,NA,1,40,15,3,1,1,1,3,10,NA,254.6535748,42029,8211,5,2,1,2,2,2,2,1,7,0,7,0,"white",1,1,1,0,10,1,125,0,2,1,2,"rural",1,1,0,1
4671650107,"regional_rail",467165,1,"Regional Rail",76,74,8.292,8.283,-0.008,1,1,7,2,2,19,NA,22,5,1.12,144.3157434,128.8533424,10,1,7,1,5,1,1,NA,1,40,15,3,1,1,1,3,10,NA,254.6535748,42029,8211,5,2,1,2,2,2,2,1,7,0,7,0,"white",1,1,1,0,10,1,125,0,2,1,2,"rural",1,1,0,1
4723780302,"regional_rail",472378,3,"Regional Rail",1011,803,55.915,58.027,2.113,2,1,2,3,4,2,NA,22,5,1.17,144.2737749,123.3109188,3,1,2,1,1,NA,NA,NA,NA,NA,NA,NA,NA,NA,NA,1,NA,NA,668.8941838,42101,1002,3,4,0,0,0,2,2,1,2,0,2,0,"white",0,NA,NA,1,NA,NA,17.5,1,4,0,0,"urban",0,1,1,0
4723780303,"regional_rail",472378,3,"Regional Rail",803,1002,45.483,45.496,0.013,2,1,3,4,1,20,NA,22,5,1.17,144.2737749,123.3109188,3,1,2,1,1,NA,NA,NA,NA,NA,NA,NA,NA,NA,NA,1,NA,NA,668.8941838,42101,1002,3,4,0,0,0,2,2,1,2,0,2,0,"white",0,NA,NA,1,NA,NA,17.5,1,4,0,0,"urban",0,1,1,0
4723780402,"regional_rail",472378,4,"Regional Rail",1008,1818,42.594,41.348,-1.246,2,1,2,3,4,2,NA,22,5,1.17,144.2737749,123.3109188,3,1,2,1,1,NA,NA,NA,NA,NA,NA,NA,NA,NA,NA,1,NA,NA,668.8941838,42101,1002,3,4,0,0,0,2,2,1,2,0,2,0,"white",0,NA,NA,1,NA,NA,17.5,1,4,0,0,"urban",0,1,1,0
4723780403,"regional_rail",472378,4,"Regional Rail",1818,1002,36.258,39.079,2.821,2,1,3,4,1,20,NA,22,5,1.17,144.2737749,123.3109188,3,1,2,1,1,NA,NA,NA,NA,NA,NA,NA,NA,NA,NA,1,NA,NA,668.8941838,42101,1002,3,4,0,0,0,2,2,1,2,0,2,0,"white",0,NA,NA,1,NA,NA,17.5,1,4,0,0,"urban",0,1,1,0
4732510302,"regional_rail",473251,3,"Regional Rail",15822,92,NA,NA,NA,1,1,2,4,4,19,NA,22,5,1.15,144.709296,125.8341705,6,1,5,1,5,1,1,NA,1,50,11,3,0,2,1,3,12,NA,123.7005715,42017,15403,4,4,3,3,3,2,2,1,10,0,5,0,"white",1,1,1,0,12,1,300,0,4,3,3,"suburban",1,1,0,0.75
4732510305,"regional_rail",473251,3,"Regional Rail",96,96,8.304,9.531,1.227,1,1,5,2,2,19,NA,22,5,1.15,144.709296,125.8341705,6,1,5,1,5,1,1,NA,1,50,11,3,0,2,1,3,12,NA,123.7005715,42017,15403,4,4,3,3,3,2,2,1,10,0,5,0,"white",1,1,1,0,12,1,300,0,4,3,3,"suburban",1,1,0,0.75
4749130102,"regional_rail",474913,1,"Regional Rail",12001,90,51.335,63.175,11.84,1,1,2,4,4,19,NA,22,5,1.12,104.2170306,93.05092022,11,2,9,1,5,1,1,NA,1,37,27,4,0,1,1,3,8,NA,256.9651392,42091,12004,4,4,4,2,2,4,2,1,6,1,9,0,"white",1,1,1,0,8,1,87.5,0,4,4,2,"suburban",1,1,0,0.5
4749130110,"regional_rail",474913,1,"Regional Rail",90,12004,90.367,73.867,-16.5,1,1,10,4,4,19,NA,22,5,1.12,104.2170306,93.05092022,11,2,9,1,5,1,1,NA,1,37,27,4,0,1,1,3,8,NA,256.9651392,42091,12004,4,4,4,2,2,4,2,1,6,1,9,0,"white",1,1,1,0,8,1,87.5,0,4,4,2,"suburban",1,1,0,0.5
4749130302,"regional_rail",474913,3,"Regional Rail",12004,12007,27.225,33.552,6.327,1,1,2,4,4,19,NA,22,5,1.12,288.9365532,257.9790653,4,1,6,3,2,2,1,NA,1,22,35,4,0,3,2,3,3,NA,256.9651392,42091,12004,4,4,4,2,2,4,2,1,6,0,6,0,"hispanic",0,0,1,0,3,0,87.5,0,4,4,2,"suburban",1,1,0,0.5
4760500102,"regional_rail",476050,1,"Regional Rail",80,12248,63.615,69.179,5.565,1,1,2,2,4,11,NA,22,5,1.12,149.9394232,133.874485,3,2,8,1,5,1,1,NA,1,38,11,6,0,8,8,3,0,NA,119.2137871,42101,48,1,1,1,1,1,0,1,2,6,1,8,0,"white",1,1,1,0,0,NA,87.5,0,1,1,1,"cbd",1,1,0,1
4760500103,"regional_rail",476050,1,"Regional Rail",12248,48,NA,NA,NA,1,1,3,4,1,12,NA,22,5,1.12,149.9394232,133.874485,3,2,8,1,5,1,1,NA,1,38,11,6,0,8,8,3,0,NA,119.2137871,42101,48,1,1,1,1,1,0,1,2,6,1,8,0,"white",1,1,1,0,0,NA,87.5,0,1,1,1,"cbd",1,1,0,1
4816200103,"regional_rail",481620,1,"Regional Rail",3203,90,33.192,39.985,6.794,1,1,3,4,4,19,NA,22,5,1.15,193.3567302,168.1362871,9,1,7,1,5,1,1,NA,1,40,13,3,0,2,2,3,14,NA,124.81705,42101,3208,3,3,2,2,2,3,2,1,8,0,7,0,"white",1,1,1,0,14,0,175,0,3,2,2,"urban",1,1,0,0.666666666666667
4816200104,"regional_rail",481620,1,"Regional Rail",90,71,7.89,8.352,0.462,1,1,4,4,4,19,NA,22,5,1.15,193.3567302,168.1362871,9,1,7,1,5,1,1,NA,1,40,13,3,0,2,2,3,14,NA,124.81705,42101,3208,3,3,2,2,2,3,2,1,8,0,7,0,"white",1,1,1,0,14,0,175,0,3,2,2,"urban",1,1,0,0.666666666666667
4816200105,"regional_rail",481620,1,"Subway / El",71,68,7.933,8.085,0.152,1,1,5,4,4,19,NA,21,5,1.15,193.3567302,168.1362871,9,1,7,1,5,1,1,NA,1,40,13,3,0,2,2,3,14,NA,124.81705,42101,3208,3,3,2,2,2,3,2,1,8,0,7,0,"white",1,1,1,0,14,0,175,0,3,2,2,"urban",1,1,0,0.666666666666667
4816200106,"regional_rail",481620,1,"Bus / trolleybus",68,90,10.523,13.048,2.525,1,1,6,4,4,5,NA,14,5,1.15,193.3567302,168.1362871,9,1,7,1,5,1,1,NA,1,40,13,3,0,2,2,3,14,NA,124.81705,42101,3208,3,3,2,2,2,3,2,1,8,0,7,0,"white",1,1,1,0,14,0,175,0,3,2,2,"urban",1,1,0,0.666666666666667
4816200107,"regional_rail",481620,1,"Regional Rail",90,3203,29.196,38,8.804,1,1,7,4,4,19,NA,22,5,1.15,193.3567302,168.1362871,9,1,7,1,5,1,1,NA,1,40,13,3,0,2,2,3,14,NA,124.81705,42101,3208,3,3,2,2,2,3,2,1,8,0,7,0,"white",1,1,1,0,14,0,175,0,3,2,2,"urban",1,1,0,0.666666666666667
4829560103,"regional_rail",482956,1,"Regional Rail",4827,44,96.919,104.062,7.143,2,2,3,1,4,1,NA,22,5,1.12,88.39202859,78.9214541,4,1,10,1,6,1,2,1,NA,NA,NA,NA,NA,NA,NA,2,4,NA,83.28207137,42045,4827,4,2,0,2,2,2,1,1,6,0,10,1,"white",1,1,0,1,4,NA,87.5,0,2,0,2,"suburban",0,1,0,1
4829560104,"regional_rail",482956,1,"Regional Rail",44,4827,91.031,116.463,25.431,2,2,4,4,1,11,NA,22,5,1.12,88.39202859,78.9214541,4,1,10,1,6,1,2,1,NA,NA,NA,NA,NA,NA,NA,2,4,NA,83.28207137,42045,4827,4,2,0,2,2,2,1,1,6,0,10,1,"white",1,1,0,1,4,NA,87.5,0,2,0,2,"suburban",0,1,0,1
4830540102,"regional_rail",483054,1,"Regional Rail",14615,97,NA,NA,NA,1,1,2,2,2,19,NA,22,5,1.12,112.6350168,100.5669793,5,2,9,1,3,1,1,NA,1,40,31,4,1,3,2,3,10,NA,96.98361547,42017,14809,5,3,1,3,3,1,2,2,6,1,9,0,"white",0,1,1,0,10,0,87.5,0,3,1,3,"rural",1,1,0,1
4830540104,"regional_rail",483054,1,"Regional Rail",92,97,8.152,8.498,0.346,1,1,4,4,4,96,NA,22,5,1.12,112.6350168,100.5669793,5,2,9,1,3,1,1,NA,1,40,31,4,1,3,2,3,10,NA,96.98361547,42017,14809,5,3,1,3,3,1,2,2,6,1,9,0,"white",0,1,1,0,10,0,87.5,0,3,1,3,"rural",1,1,0,1
4832100202,"regional_rail",483210,2,"Regional Rail",7044,422,125.883,151.093,25.21,1,1,2,4,2,19,NA,22,5,1.15,95.70391045,83.22079169,9,1,9,1,6,1,1,NA,1,60,11,9,0,9,8,3,5,NA,127.1853038,42029,7004,5,5,1,2,2,5,2,1,10,0,9,0,"white",1,1,1,0,5,NA,300,0,5,1,2,"rural",1,1,0,0.4
4864450202,"regional_rail",486445,2,"Regional Rail",7401,95,NA,135.933,NA,1,1,2,4,2,19,NA,22,5,1.15,101.0746189,87.890973,5,1,7,1,6,1,1,NA,1,55,11,3,0,2,2,3,8,NA,127.5179209,42029,7235,4,4,1,2,2,3,1,1,8,0,7,0,"white",1,1,1,0,8,0,175,0,4,1,2,"suburban",1,1,0,0.5
4864450203,"regional_rail",486445,2,"Regional Rail",95,95,5.931,8.298,2.367,1,1,3,2,2,5,NA,22,5,1.15,101.0746189,87.890973,5,1,7,1,6,1,1,NA,1,55,11,3,0,2,2,3,8,NA,127.5179209,42029,7235,4,4,1,2,2,3,1,1,8,0,7,0,"white",1,1,1,0,8,0,175,0,4,1,2,"suburban",1,1,0,0.5
4868350201,"regional_rail",486835,2,"Regional Rail",2426,135,52.344,54.138,1.794,1,1,1,1,2,1,NA,22,5,1.12,527.694203,471.1555384,2,1,7,1,5,1,1,NA,1,40,41,4,0,2,2,3,0,NA,816.2824845,42101,2426,4,4,2,2,2,0,2,2,6,0,7,0,"white",1,1,1,0,0,0,87.5,0,4,2,2,"suburban",1,1,0,0.5
4868350202,"regional_rail",486835,2,"Regional Rail",135,2426,54.71,60.027,5.317,1,1,2,2,1,5,NA,22,5,1.12,527.694203,471.1555384,2,1,7,1,5,1,1,NA,1,40,41,4,0,2,2,3,0,NA,816.2824845,42101,2426,4,4,2,2,2,0,2,2,6,0,7,0,"white",1,1,1,0,0,0,87.5,0,4,2,2,"suburban",1,1,0,0.5
4887310102,"regional_rail",488731,1,"Regional Rail",15627,92,91.717,110.524,18.807,1,1,2,4,4,19,NA,22,5,1.12,92.82872819,82.88279303,6,2,9,1,5,1,1,NA,1,37,13,1,0,9,8,3,6,NA,97.97070245,42017,15215,4,2,1,2,2,0,2,1,7,1,9,0,"white",1,1,1,0,6,NA,125,0,2,1,2,"suburban",1,1,0,1
4887310105,"regional_rail",488731,1,"Regional Rail",61,61,7.688,6.787,-0.9,1,1,5,2,2,19,NA,22,5,1.12,92.82872819,82.88279303,6,2,9,1,5,1,1,NA,1,37,13,1,0,9,8,3,6,NA,97.97070245,42017,15215,4,2,1,2,2,0,2,1,7,1,9,0,"white",1,1,1,0,6,NA,125,0,2,1,2,"suburban",1,1,0,1
4925520403,"regional_rail",492552,4,"Regional Rail",92,2408,42.6,45.317,2.717,2,1,3,4,4,19,NA,22,5,1.15,507.1834785,441.0291118,4,2,2,1,1,NA,NA,NA,NA,NA,NA,NA,NA,NA,NA,1,NA,NA,189.0281746,42101,2411,3,4,2,3,3,3,2,1,8,1,2,0,"white",0,NA,NA,1,NA,NA,175,0,4,2,3,"urban",0,1,0,0.75
4934700103,"regional_rail",493470,1,"Regional Rail",4250,92,51.333,68.3,16.967,1,1,3,4,4,19,NA,22,5,1.12,88.39202859,78.9214541,7,1,9,1,5,1,1,NA,1,40,17,3,0,2,2,2,10,NA,153.2775758,42045,4819,4,2,2,2,2,4,2,1,6,0,9,0,"white",1,1,1,1,10,0,87.5,0,2,2,2,"suburban",1,1,0,1
4940770201,"regional_rail",494077,2,"Regional Rail",4210,139,70.633,66.679,-3.954,1,1,1,1,4,1,NA,22,5,1.17,116.5058375,99.57763888,8,2,10,1,2,2,1,NA,1,18,37,4,0,8,2,3,10,NA,146.1405414,42045,4210,4,3,2,1,1,0,2,2,5,1,10,1,"white",0,0,1,0,10,0,62.5,0,3,2,1,"suburban",1,1,0,0.333333333333333
4940770207,"regional_rail",494077,2,"Regional Rail",92,4211,53.942,61.058,7.117,1,1,7,4,4,96,NA,22,5,1.17,116.5058375,99.57763888,8,2,10,1,2,2,1,NA,1,18,37,4,0,8,2,3,10,NA,146.1405414,42045,4210,4,3,2,1,1,0,2,2,5,1,10,1,"white",0,0,1,0,10,0,62.5,0,3,2,1,"suburban",1,1,0,0.333333333333333
4940770302,"regional_rail",494077,3,"Regional Rail",3034,4210,101.328,129.374,28.046,2,1,2,3,1,3,NA,22,5,1.17,239.7826845,204.9424654,2,2,5,1,3,2,2,6,NA,NA,NA,NA,NA,NA,NA,1,6,NA,146.1405414,42045,4210,4,3,2,1,1,0,2,2,5,1,5,0,"white",0,0,0,1,6,NA,62.5,0,3,2,1,"suburban",0,1,0,0.333333333333333
4942710204,"regional_rail",494271,2,"Regional Rail",12253,92,NA,NA,NA,1,2,4,4,4,19,NA,22,5,1.12,82.67301432,73.81519135,9,1,8,1,6,1,1,NA,1,40,23,4,0,1,2,3,10,NA,246.6822682,42091,12253,4,4,3,2,2,2,2,1,7,0,8,0,"white",1,1,1,0,10,0,125,0,4,3,2,"suburban",1,1,0,0.5
4970310202,"regional_rail",497031,2,"Regional Rail",11618,1614,91.706,102.154,10.448,1,1,2,4,2,19,NA,22,5,1.15,95.10610601,82.70096175,9,1,9,1,6,1,1,NA,1,40,11,4,0,2,2,3,6,NA,105.3662001,42017,14602,4,2,2,2,2,4,2,1,9,0,9,0,"white",1,1,1,0,6,0,225,0,2,2,2,"suburban",1,1,0,1
4970310203,"regional_rail",497031,2,"Regional Rail",1614,11633,128.467,123.067,-5.4,1,1,3,2,4,5,NA,22,5,1.15,95.10610601,82.70096175,9,1,9,1,6,1,1,NA,1,40,11,4,0,2,2,3,6,NA,105.3662001,42017,14602,4,2,2,2,2,4,2,1,9,0,9,0,"white",1,1,1,0,6,0,225,0,2,2,2,"suburban",1,1,0,1
4971340102,"regional_rail",497134,1,"Regional Rail",5056,8009,36.85,37.223,0.373,3,1,2,4,4,19,NA,22,5,1.12,3569.064443,3186.664682,4,2,6,1,5,1,1,NA,1,40,13,NA,NA,NA,NA,3,4,NA,764.1194002,42045,5053,4,1,1,0,0,0,2,4,6,1,6,0,"white",1,1,1,0,4,NA,87.5,0,1,1,0,"suburban",0,0,1,0
4996200202,"regional_rail",499620,2,"Regional Rail",5044,93,NA,NA,NA,1,1,2,4,2,1,NA,22,5,1.15,102.2550165,88.91740567,4,1,8,1,6,1,1,NA,1,50,13,9,0,9,8,3,10,NA,79.14401385,42029,7012,5,2,2,2,1,2,2,1,10,0,8,0,"white",1,1,1,0,10,NA,300,0,2,2,2,"rural",1,1,0,1
4996200203,"regional_rail",499620,2,"Regional Rail",93,8009,62.442,73.817,11.375,1,1,3,2,4,5,NA,22,5,1.15,102.2550165,88.91740567,4,1,8,1,6,1,1,NA,1,50,13,9,0,9,8,3,10,NA,79.14401385,42029,7012,5,2,2,2,1,2,2,1,10,0,8,0,"white",1,1,1,0,10,NA,300,0,2,2,2,"rural",1,1,0,1
5023060101,"regional_rail",502306,1,"Regional Rail",31,14616,130.9,130.9,0,2,1,1,1,4,1,NA,22,5,1.17,109.2466373,93.37319424,4,1,9,1,6,1,1,NA,2,20,39,8,10,9,8,3,1,NA,293.3707508,42101,31,3,1,1,0,0,1,1,2,2,0,9,0,"white",1,1,1,0,1,NA,17.5,1,1,1,0,"urban",0,1,1,0
5028430201,"regional_rail",502843,2,"Regional Rail",3205,91,44.948,43.625,-1.323,1,1,1,1,2,1,NA,22,5,1.15,149.9832341,130.4202036,3,2,9,2,6,1,1,NA,1,10,11,3,0,2,1,3,10,NA,89.45189761,42101,3205,4,3,2,2,2,4,2,1,10,1,9,0,"black",1,1,1,0,10,1,300,0,3,2,2,"suburban",1,1,0,0.666666666666667
5028430203,"regional_rail",502843,2,"Regional Rail",23,3205,55.046,58.408,3.363,1,1,3,4,1,13,NA,22,5,1.15,149.9832341,130.4202036,3,2,9,2,6,1,1,NA,1,10,11,3,0,2,1,3,10,NA,89.45189761,42101,3205,4,3,2,2,2,4,2,1,10,1,9,0,"black",1,1,1,0,10,1,300,0,3,2,2,"suburban",1,1,0,0.666666666666667
5035620502,"regional_rail",503562,5,"Regional Rail",8009,1026,89.142,99.006,9.865,2,1,2,4,3,19,NA,22,5,1.12,1044.848963,932.9008594,4,1,6,1,5,1,2,6,NA,NA,NA,NA,NA,NA,NA,1,10,NA,186.7541423,42029,8211,5,5,4,5,5,4,2,1,7,0,6,0,"white",1,1,0,1,10,NA,125,0,5,4,5,"rural",0,1,0,1
5040140102,"regional_rail",504014,1,"Regional Rail",5054,116,63.102,73.246,10.144,1,1,2,4,2,19,NA,22,5,1.12,268.1085902,239.3826698,4,1,6,5,6,1,1,NA,1,40,15,4,1,2,2,3,10,NA,584.3591104,42029,8004,5,1,1,1,1,0,2,5,7,0,6,0,"asian",1,1,1,0,10,0,125,0,1,1,1,"rural",1,1,0,1
5040140104,"regional_rail",504014,1,"Regional Rail",74,8004,NA,NA,NA,1,1,4,4,1,19,NA,22,5,1.12,268.1085902,239.3826698,4,1,6,5,6,1,1,NA,1,40,15,4,1,2,2,3,10,NA,584.3591104,42029,8004,5,1,1,1,1,0,2,5,7,0,6,0,"asian",1,1,1,0,10,0,125,0,1,1,1,"rural",1,1,0,1
5040390101,"regional_rail",504039,1,"Regional Rail",2438,76,49.171,55.538,6.367,1,1,1,1,4,1,NA,22,5,1.12,171.816695,153.4077634,2,1,8,1,6,1,1,NA,1,50,13,1,0,1,1,3,4,NA,231.853894,42101,2438,3,2,1,1,1,2,1,1,7,0,8,0,"white",1,1,1,0,4,1,125,0,2,1,1,"urban",1,1,0,0.5
5040390102,"regional_rail",504039,1,"Regional Rail",76,2438,58.06,57.971,-0.09,1,1,2,4,1,5,NA,22,5,1.12,171.816695,153.4077634,2,1,8,1,6,1,1,NA,1,50,13,1,0,1,1,3,4,NA,231.853894,42101,2438,3,2,1,1,1,2,1,1,7,0,8,0,"white",1,1,1,0,4,1,125,0,2,1,1,"urban",1,1,0,0.5
5046350202,"regional_rail",504635,2,"Regional Rail",4250,1040,53.125,60.985,7.86,1,1,2,4,4,19,NA,22,5,1.15,140.0185669,121.7552756,7,1,8,1,6,1,1,NA,1,55,11,4,0,2,2,3,12,NA,228.9894867,42045,4249,4,2,2,2,2,3,2,2,10,0,8,0,"white",1,1,1,0,12,0,300,0,2,2,2,"suburban",1,1,0,1
5046350207,"regional_rail",504635,2,"Regional Rail",1040,4249,48.975,69.321,20.346,1,1,7,4,1,19,NA,22,5,1.15,140.0185669,121.7552756,7,1,8,1,6,1,1,NA,1,55,11,4,0,2,2,3,12,NA,228.9894867,42045,4249,4,2,2,2,2,3,2,2,10,0,8,0,"white",1,1,1,0,12,0,300,0,2,2,2,"suburban",1,1,0,1
5048230201,"regional_rail",504823,2,"Regional Rail",12249,43,73.292,72.89,-0.402,1,1,1,1,2,1,NA,22,5,1.15,121.2458896,105.4312084,2,1,8,1,6,1,1,NA,1,40,13,4,0,2,2,3,10,NA,94.75103945,42091,12249,4,2,2,1,1,0,1,2,9,0,8,0,"white",1,1,1,0,10,0,225,0,2,2,1,"suburban",1,1,0,0.5
5048230202,"regional_rail",504823,2,"Regional Rail",43,12249,60.633,63.658,3.025,1,1,2,2,1,5,NA,22,5,1.15,121.2458896,105.4312084,2,1,8,1,6,1,1,NA,1,40,13,4,0,2,2,3,10,NA,94.75103945,42091,12249,4,2,2,1,1,0,1,2,9,0,8,0,"white",1,1,1,0,10,0,225,0,2,2,1,"suburban",1,1,0,0.5
5048570101,"regional_rail",504857,1,"Regional Rail",3032,58,70.475,69.774,-0.701,1,1,1,1,2,1,NA,22,5,1.15,107.2361907,93.24886144,3,2,9,1,4,1,1,NA,1,40,23,1,0,3,8,3,10,NA,52.21472477,42101,3032,4,2,2,1,1,0,2,5,8,1,9,0,"white",0,1,1,0,10,NA,175,0,2,2,1,"suburban",1,1,0,0.5
5048570103,"regional_rail",504857,1,"Regional Rail",15603,3032,38.515,43.469,4.954,1,1,3,4,1,3,NA,22,5,1.15,107.2361907,93.24886144,3,2,9,1,4,1,1,NA,1,40,23,1,0,3,8,3,10,NA,52.21472477,42101,3032,4,2,2,1,1,0,2,5,8,1,9,0,"white",0,1,1,0,10,NA,175,0,2,2,1,"suburban",1,1,0,0.5
5090530101,"regional_rail",509053,1,"Regional Rail",846,10021,73.633,77.817,4.183,1,1,1,1,4,1,NA,22,5,1.12,108.0258262,96.45163053,5,2,7,1,6,1,1,NA,1,40,25,4,0,8,8,3,10,NA,288.4336669,42101,846,3,3,2,0,0,5,1,2,7,1,7,0,"white",1,1,1,0,10,NA,125,0,3,2,0,"urban",1,1,1,0
5090530104,"regional_rail",509053,1,"Regional Rail",10021,90,50.119,65.744,15.625,1,1,4,4,4,19,NA,22,5,1.12,108.0258262,96.45163053,5,2,7,1,6,1,1,NA,1,40,25,4,0,8,8,3,10,NA,288.4336669,42101,846,3,3,2,0,0,5,1,2,7,1,7,0,"white",1,1,1,0,10,NA,125,0,3,2,0,"urban",1,1,1,0
5101750101,"regional_rail",510175,1,"Regional Rail",16214,95,100.183,100.183,0,1,1,1,1,2,1,NA,22,5,1.15,96.35379343,83.78590733,3,2,8,1,6,1,1,NA,1,60,23,4,0,2,2,3,12,NA,105.3662001,42017,16214,4,2,2,2,2,0,2,1,8,1,8,0,"white",1,1,1,0,12,0,175,0,2,2,2,"suburban",1,1,0,1
5103110101,"regional_rail",510311,1,"Regional Rail",4248,84,76.594,81.588,4.994,3,1,1,2,2,1,NA,22,5,1.15,90.17509647,78.41312736,2,1,9,1,6,1,1,NA,1,45,23,3,0,2,2,3,5,NA,85.07749064,42045,4248,4,3,3,2,2,2,2,1,10,0,9,0,"white",1,1,1,0,5,0,300,0,3,3,2,"suburban",0,0,0,0.666666666666667
5103110102,"regional_rail",510311,1,"Regional Rail",84,4248,72.417,87.358,14.942,3,1,2,2,1,5,NA,22,5,1.15,90.17509647,78.41312736,2,1,9,1,6,1,1,NA,1,45,23,3,0,2,2,3,5,NA,85.07749064,42045,4248,4,3,3,2,2,2,2,1,10,0,9,0,"white",1,1,1,0,5,0,300,0,3,3,2,"suburban",0,0,0,0.666666666666667
5105180101,"regional_rail",510518,1,"Regional Rail",45,10019,64.504,73.858,9.354,1,1,1,1,2,1,NA,22,5,1.17,126.7003937,108.2909348,3,1,5,1,5,1,1,NA,1,45,25,4,0,3,1,2,15,NA,306.5337511,42101,46,1,2,1,0,0,0,1,5,5,0,5,0,"white",1,1,1,1,15,1,62.5,0,2,1,0,"cbd",1,1,1,0
5105180102,"regional_rail",510518,1,"Regional Rail",10019,61,55.642,64.729,9.087,1,1,2,2,4,10,NA,22,5,1.17,126.7003937,108.2909348,3,1,5,1,5,1,1,NA,1,45,25,4,0,3,1,2,15,NA,306.5337511,42101,46,1,2,1,0,0,0,1,5,5,0,5,0,"white",1,1,1,1,15,1,62.5,0,2,1,0,"cbd",1,1,1,0
5111180202,"regional_rail",511118,2,"Regional Rail",11826,1026,77.323,71.517,-5.807,1,1,2,4,2,18,NA,22,5,1.12,129.0105205,115.1879647,4,2,9,1,2,1,1,NA,1,40,43,1,0,8,1,3,10,NA,106.049843,42101,3419,4,2,2,1,1,0,2,2,6,1,9,0,"white",0,1,1,0,10,1,87.5,0,2,2,1,"suburban",1,1,0,0.5
5111180203,"regional_rail",511118,2,"Regional Rail",1026,1026,6.092,5.679,-0.413,1,1,3,2,2,5,NA,22,5,1.12,129.0105205,115.1879647,4,2,9,1,2,1,1,NA,1,40,43,1,0,8,1,3,10,NA,106.049843,42101,3419,4,2,2,1,1,0,2,2,6,1,9,0,"white",0,1,1,0,10,1,87.5,0,2,2,1,"suburban",1,1,0,0.5
5119280201,"regional_rail",511928,2,"Regional Rail",5018,7051,NA,NA,NA,2,1,1,1,3,1,NA,22,5,1.12,101.9299681,91.0089001,2,1,3,1,1,NA,NA,NA,NA,NA,NA,NA,NA,NA,NA,1,6,NA,176.5050975,42045,5018,4,3,1,1,1,3,1,1,7,0,3,0,"white",0,NA,NA,1,6,NA,125,0,3,1,1,"suburban",0,1,0,0.333333333333333
5119280202,"regional_rail",511928,2,"Regional Rail",7051,5018,NA,NA,NA,2,1,2,3,1,2,NA,22,5,1.12,101.9299681,91.0089001,2,1,3,1,1,NA,NA,NA,NA,NA,NA,NA,NA,NA,NA,1,6,NA,176.5050975,42045,5018,4,3,1,1,1,3,1,1,7,0,3,0,"white",0,NA,NA,1,6,NA,125,0,3,1,1,"suburban",0,1,0,0.333333333333333
5122980102,"regional_rail",512298,1,"Regional Rail",4829,88,66.912,77.35,10.438,2,1,2,4,4,19,NA,22,5,1.12,88.05907871,78.62417742,7,1,10,1,6,1,1,NA,1,10,25,1,0,2,2,3,0,NA,101.971942,42045,4812,4,2,1,2,2,2,2,1,7,0,10,1,"white",1,1,1,0,0,0,125,0,2,1,2,"suburban",0,1,0,1
5122980105,"regional_rail",512298,1,"Regional Rail",89,4824,78.692,78.3,-0.392,2,1,5,4,4,19,NA,22,5,1.12,88.05907871,78.62417742,7,1,10,1,6,1,1,NA,1,10,25,1,0,2,2,3,0,NA,101.971942,42045,4812,4,2,1,2,2,2,2,1,7,0,10,1,"white",1,1,1,0,0,0,125,0,2,1,2,"suburban",0,1,0,1
5127700101,"regional_rail",512770,1,"Regional Rail",4401,90,50.323,58.688,8.365,1,1,1,1,2,1,NA,22,5,1.17,198.1741205,169.3795901,2,2,8,2,4,1,1,NA,1,40,27,4,0,8,2,3,10,NA,160.4880698,42045,4401,4,2,2,1,1,0,2,2,5,1,8,0,"black",0,1,1,0,10,0,62.5,0,2,2,1,"suburban",1,1,0,0.5
5127700202,"regional_rail",512770,2,"Regional Rail",90,4402,56.217,60.275,4.058,1,1,2,2,4,5,NA,22,5,1.17,185.3162926,158.3899936,3,1,8,1,3,1,1,NA,1,50,11,4,0,8,2,3,10,NA,160.4880698,42045,4401,4,2,2,1,1,0,2,2,5,0,8,0,"white",0,1,1,0,10,0,62.5,0,2,2,1,"suburban",1,1,0,0.5
5129480207,"regional_rail",512948,2,"Regional Rail",5057,90,63.733,66.483,2.75,1,2,7,4,4,19,NA,22,5,1.15,117.8398461,102.4694314,15,2,8,1,6,1,1,NA,1,15,27,1,0,3,8,3,0,NA,93.78404695,42029,8208,3,2,2,2,2,2,2,2,9,1,8,0,"white",1,1,1,0,0,NA,225,0,2,2,2,"urban",1,1,0,1
5129480213,"regional_rail",512948,2,"Regional Rail",90,5057,60.76,61.833,1.073,1,2,13,4,4,19,NA,22,5,1.15,117.8398461,102.4694314,15,2,8,1,6,1,1,NA,1,15,27,1,0,3,8,3,0,NA,93.78404695,42029,8208,3,2,2,2,2,2,2,2,9,1,8,0,"white",1,1,1,0,0,NA,225,0,2,2,2,"urban",1,1,0,1
5171340102,"regional_rail",517134,1,"Regional Rail",12430,92,51.45,61.26,9.81,1,1,2,4,4,19,NA,22,5,1.17,97.0732142,82.96855914,6,2,9,1,5,1,1,97,1,8,99,5,NA,NA,NA,3,8,NA,147.618826,42091,11810,4,1,1,1,1,0,1,2,4,1,9,0,"white",1,1,1,0,8,NA,42.5,0,1,1,1,"suburban",1,1,0,1
5171340105,"regional_rail",517134,1,"Regional Rail",92,12430,45.983,62.733,16.75,1,1,5,4,4,19,NA,22,5,1.17,97.0732142,82.96855914,6,2,9,1,5,1,1,97,1,8,99,5,NA,NA,NA,3,8,NA,147.618826,42091,11810,4,1,1,1,1,0,1,2,4,1,9,0,"white",1,1,1,0,8,NA,42.5,0,1,1,1,"suburban",1,1,0,1
5174730101,"regional_rail",517473,1,"Regional Rail",4805,100,77.2,82.353,5.153,1,1,1,1,2,1,NA,22,5,1.12,153.3804299,136.9468124,6,2,8,1,3,1,1,NA,1,35,11,4,0,2,2,3,10,NA,171.6335457,42045,4805,3,2,1,2,2,0,2,1,6,1,8,0,"white",0,1,1,0,10,0,87.5,0,2,1,2,"urban",1,1,0,1
5174730105,"regional_rail",517473,1,"Regional Rail",92,4824,55.425,60.8,5.375,1,1,5,4,4,19,NA,22,5,1.12,153.3804299,136.9468124,6,2,8,1,3,1,1,NA,1,35,11,4,0,2,2,3,10,NA,171.6335457,42045,4805,3,2,1,2,2,0,2,1,6,1,8,0,"white",0,1,1,0,10,0,87.5,0,2,1,2,"urban",1,1,0,1
5198430103,"regional_rail",519843,1,"Regional Rail",12242,90,41.8,43.796,1.996,1,1,3,4,4,19,NA,22,5,1.12,147.5342713,131.7270279,8,2,6,1,6,1,1,NA,1,50,23,4,0,2,2,3,10,NA,199.7312102,42091,12205,4,4,2,2,2,4,2,1,6,1,6,0,"white",1,1,1,0,10,0,87.5,0,4,2,2,"suburban",1,1,0,0.5
5210970201,"regional_rail",521097,2,"Regional Rail",10004,92,35.867,42.992,7.125,1,1,1,1,4,1,NA,22,5,1.15,140.5432676,122.211537,9,1,7,2,6,1,1,NA,1,40,13,4,0,2,1,3,10,NA,110.5243081,42091,10004,4,3,2,2,1,3,2,1,8,0,7,0,"black",1,1,1,0,10,1,175,0,3,2,2,"suburban",1,1,0,0.666666666666667
5210970206,"regional_rail",521097,2,"Regional Rail",8,10038,54.633,57.758,3.125,1,1,6,2,4,5,NA,22,5,1.15,140.5432676,122.211537,9,1,7,2,6,1,1,NA,1,40,13,4,0,2,1,3,10,NA,110.5243081,42091,10004,4,3,2,2,1,3,2,1,8,0,7,0,"black",1,1,1,0,10,1,175,0,3,2,2,"suburban",1,1,0,0.666666666666667
5243500101,"regional_rail",524350,1,"Regional Rail",3211,409,43.758,69.883,26.125,2,1,1,1,3,1,NA,22,5,1.17,517.5064144,442.3131747,4,1,5,1,5,1,2,6,NA,NA,NA,NA,NA,NA,NA,1,12,NA,629.5094204,42101,3211,4,2,0,1,1,1,1,2,1,0,5,0,"white",1,1,0,1,12,NA,5,1,2,0,1,"suburban",0,1,0,0.5
5243500102,"regional_rail",524350,1,"Regional Rail",409,3211,59.558,60.492,0.933,2,1,2,3,1,3,NA,22,5,1.17,517.5064144,442.3131747,4,1,5,1,5,1,2,6,NA,NA,NA,NA,NA,NA,NA,1,12,NA,629.5094204,42101,3211,4,2,0,1,1,1,1,2,1,0,5,0,"white",1,1,0,1,12,NA,5,1,2,0,1,"suburban",0,1,0,0.5
5243500201,"regional_rail",524350,2,"Regional Rail",3211,409,62.526,70.773,8.247,2,1,1,1,3,1,NA,22,5,1.17,427.1715956,365.1039278,2,2,5,1,5,1,2,6,NA,NA,NA,NA,NA,NA,NA,1,10,NA,629.5094204,42101,3211,4,2,0,1,1,1,1,2,1,1,5,0,"white",1,1,0,1,10,NA,5,1,2,0,1,"suburban",0,1,0,0.5
5243500202,"regional_rail",524350,2,"Regional Rail",409,3211,60.062,70.117,10.054,2,1,2,3,1,11,NA,22,5,1.17,427.1715956,365.1039278,2,2,5,1,5,1,2,6,NA,NA,NA,NA,NA,NA,NA,1,10,NA,629.5094204,42101,3211,4,2,0,1,1,1,1,2,1,1,5,0,"white",1,1,0,1,10,NA,5,1,2,0,1,"suburban",0,1,0,0.5
5247550203,"regional_rail",524755,2,"Regional Rail",3032,74,61.081,62.658,1.577,1,1,3,4,2,19,NA,22,5,1.12,678.7702595,606.0448746,7,2,7,2,4,1,1,NA,1,40,33,2,0,3,8,3,0,NA,295.2216189,42101,3421,4,4,2,2,2,0,1,1,7,1,7,0,"black",0,1,1,0,0,NA,125,0,4,2,2,"suburban",1,1,0,0.5
5247550205,"regional_rail",524755,2,"Regional Rail",90,1610,42.104,46.631,4.527,1,1,5,4,4,19,NA,22,5,1.12,678.7702595,606.0448746,7,2,7,2,4,1,1,NA,1,40,33,2,0,3,8,3,0,NA,295.2216189,42101,3421,4,4,2,2,2,0,1,1,7,1,7,0,"black",0,1,1,0,0,NA,125,0,4,2,2,"suburban",1,1,0,0.5
5257730101,"regional_rail",525773,1,"Regional Rail",11634,1418,NA,NA,NA,1,1,1,1,2,1,NA,22,5,1.15,99.53974417,86.55629928,4,1,9,1,6,1,1,NA,1,52,25,3,0,2,2,3,10,NA,70.52986774,42091,11634,5,2,2,2,2,1,2,1,8,0,9,0,"white",1,1,1,0,10,0,175,0,2,2,2,"rural",1,1,0,1
5257730102,"regional_rail",525773,1,"Regional Rail",1418,11634,NA,NA,NA,1,1,2,2,1,5,NA,22,5,1.15,99.53974417,86.55629928,4,1,9,1,6,1,1,NA,1,52,25,3,0,2,2,3,10,NA,70.52986774,42091,11634,5,2,2,2,2,1,2,1,8,0,9,0,"white",1,1,1,0,10,0,175,0,2,2,2,"rural",1,1,0,1
5278380203,"regional_rail",527838,2,"Regional Rail",91,91,9.548,9.333,-0.215,1,1,3,2,2,5,NA,22,5,1.12,1018.521994,909.3946377,4,1,8,1,5,1,1,NA,1,40,17,4,0,8,1,3,10,NA,170.8901308,34021,19012,5,2,2,3,3,0,1,1,7,0,8,0,"white",1,1,1,0,10,1,125,0,2,2,3,"rural",1,1,0,1.5
5278480104,"regional_rail",527848,1,"Bus / trolleybus",2622,2602,24.117,29.308,5.192,2,1,4,4,4,19,NA,14,5,1.17,185.8106098,158.812487,10,1,7,2,2,1,1,NA,2,20,53,9,0,2,8,3,16,NA,182.3521785,42101,2601,3,2,2,0,0,0,1,2,4,0,7,0,"black",0,1,1,0,16,NA,42.5,0,2,2,0,"urban",0,1,1,0
5278790102,"regional_rail",527879,1,"Regional Rail",12232,414,40.515,37.208,-3.306,1,1,2,4,2,19,NA,22,5,1.13,505.1006265,446.9917048,5,1,8,99,5,1,1,NA,1,45,15,3,0,2,2,3,10,NA,495.9439263,42091,12202,4,6,2,2,2,6,2,1,99,0,8,0,NA,1,1,1,0,10,0,NA,NA,6,2,2,"suburban",1,1,0,0.333333333333333
5278790104,"regional_rail",527879,1,"Regional Rail",416,12232,25.142,35.767,10.625,1,1,4,4,4,19,NA,22,5,1.13,505.1006265,446.9917048,5,1,8,99,5,1,1,NA,1,45,15,3,0,2,2,3,10,NA,495.9439263,42091,12202,4,6,2,2,2,6,2,1,99,0,8,0,NA,1,1,1,0,10,0,NA,NA,6,2,2,"suburban",1,1,0,0.333333333333333
5294130103,"regional_rail",529413,1,"Regional Rail",10021,92,42.763,53.583,10.821,1,1,3,4,4,19,NA,22,5,1.15,153.6076199,133.5718434,7,1,9,1,5,1,1,NA,1,45,11,2,0,1,1,3,8,NA,86.24408668,42029,7803,5,2,2,4,2,1,2,1,10,0,9,0,"white",1,1,1,0,8,1,300,0,2,2,4,"rural",1,1,0,2
5315960101,"regional_rail",531596,1,"Regional Rail",15824,56,89.95,83.65,-6.3,1,1,1,1,2,1,NA,22,5,1.12,308.4541732,275.4055118,8,2,8,1,5,1,1,NA,1,48,29,4,0,1,1,3,8,NA,678.4980875,42017,15824,4,1,1,1,1,1,2,5,6,1,8,0,"white",1,1,1,0,8,1,87.5,0,1,1,1,"suburban",1,1,0,1
5354930107,"regional_rail",535493,1,"Regional Rail",92,92,7.523,8.348,0.825,1,1,7,2,2,19,NA,22,5,1.12,179.2576705,160.0514915,10,2,7,1,6,1,1,NA,1,40,17,4,0,2,2,3,10,NA,269.9617075,42101,2435,4,2,2,1,1,0,1,2,7,1,7,0,"white",1,1,1,0,10,0,125,0,2,2,1,"suburban",1,1,0,0.5
5444280104,"regional_rail",544428,1,"Regional Rail",90,2002,55.354,59.096,3.742,1,1,4,4,4,19,NA,22,5,1.17,750.3689105,641.3409491,8,2,9,2,4,1,1,NA,1,24,97,4,0,3,2,3,10,NA,726.3252528,34007,22006,3,1,1,1,0,0,2,5,2,1,9,0,"black",0,1,1,0,10,0,17.5,1,1,1,1,"urban",1,1,0,1
5549720201,"regional_rail",554972,2,"Regional Rail",3209,103,44.317,44.885,0.569,1,1,1,1,2,1,NA,22,5,1.15,212.1535751,184.4813696,2,2,7,1,5,1,1,NA,1,40,13,4,1,2,2,3,4,NA,168.3490108,42101,3209,3,3,2,2,1,2,2,2,8,1,7,0,"white",1,1,1,0,4,0,175,0,3,2,2,"urban",1,1,0,0.666666666666667
5549720202,"regional_rail",554972,2,"Regional Rail",103,3209,41.125,45.985,4.86,1,1,2,2,1,5,NA,22,5,1.15,212.1535751,184.4813696,2,2,7,1,5,1,1,NA,1,40,13,4,1,2,2,3,4,NA,168.3490108,42101,3209,3,3,2,2,1,2,2,2,8,1,7,0,"white",1,1,1,0,4,0,175,0,3,2,2,"urban",1,1,0,0.666666666666667
5645340205,"regional_rail",564534,2,"Regional Rail",90,3201,27.792,35.917,8.125,1,1,5,4,4,19,NA,22,5,1.12,174.0049365,155.3615505,9,2,6,1,6,1,1,NA,1,45,25,4,0,2,2,3,6,NA,501.8454998,42101,3201,4,3,2,1,1,2,1,2,7,1,6,0,"white",1,1,1,0,6,0,125,0,3,2,1,"suburban",1,1,0,0.333333333333333
5666250104,"regional_rail",566625,1,"Regional Rail",5020,92,60.35,61.85,1.5,2,2,4,4,4,19,NA,22,5,1.17,117.6613151,100.5652266,8,1,9,1,5,1,1,NA,1,20,15,1,0,3,1,3,0,NA,560.0356011,42045,5032,4,2,1,3,3,0,2,1,3,0,9,0,"white",1,1,1,0,0,1,30,1,2,1,3,"suburban",0,1,0,1.5
5666250107,"regional_rail",566625,1,"Regional Rail",92,5020,61.831,60.067,-1.765,2,2,7,4,4,19,NA,22,5,1.17,117.6613151,100.5652266,8,1,9,1,5,1,1,NA,1,20,15,1,0,3,1,3,0,NA,560.0356011,42045,5032,4,2,1,3,3,0,2,1,3,0,9,0,"white",1,1,1,0,0,1,30,1,2,1,3,"suburban",0,1,0,1.5
5679850201,"regional_rail",567985,2,"Regional Rail",4419,74,43.565,48.683,5.119,1,1,1,1,2,1,NA,22,5,1.12,159.4892518,142.4011177,4,1,6,1,6,1,1,NA,1,50,19,4,0,1,1,3,10,NA,505.0347319,42045,4419,4,2,1,2,2,2,2,5,7,0,6,0,"white",1,1,1,0,10,1,125,0,2,1,2,"suburban",1,1,0,1
5679850202,"regional_rail",567985,2,"Regional Rail",74,4419,43.517,48.806,5.29,1,1,2,2,1,12,NA,22,5,1.12,159.4892518,142.4011177,4,1,6,1,6,1,1,NA,1,50,19,4,0,1,1,3,10,NA,505.0347319,42045,4419,4,2,1,2,2,2,2,5,7,0,6,0,"white",1,1,1,0,10,1,125,0,2,1,2,"suburban",1,1,0,1
5757350102,"regional_rail",575735,1,"Regional Rail",1040,15607,103.325,NA,NA,1,1,2,4,4,19,NA,22,5,1.17,663.4037943,567.01179,8,1,5,1,3,1,1,NA,1,40,17,4,0,3,2,1,10,NA,481.5547229,42101,1036,3,1,1,1,0,0,2,4,2,0,5,0,"white",0,1,1,1,10,0,17.5,1,1,1,1,"urban",1,1,0,1
5757350105,"regional_rail",575735,1,"Regional Rail",16204,15607,NA,NA,NA,1,1,5,4,2,19,NA,22,5,1.17,663.4037943,567.01179,8,1,5,1,3,1,1,NA,1,40,17,4,0,3,2,1,10,NA,481.5547229,42101,1036,3,1,1,1,0,0,2,4,2,0,5,0,"white",0,1,1,1,10,0,17.5,1,1,1,1,"urban",1,1,0,1
5759930102,"regional_rail",575993,1,"Regional Rail",4207,90,48.425,55.8,7.375,1,1,2,4,4,18,NA,22,5,1.12,159.4892518,142.4011177,9,1,6,1,5,1,1,NA,1,40,15,4,0,2,1,3,10,NA,392.3510683,42045,4224,4,2,2,2,1,1,2,1,6,0,6,0,"white",1,1,1,0,10,1,87.5,0,2,2,2,"suburban",1,1,0,1
5759930106,"regional_rail",575993,1,"Subway / El",125,92,20.363,15.402,-4.96,1,1,6,4,4,19,NA,21,5,1.12,159.4892518,142.4011177,9,1,6,1,5,1,1,NA,1,40,15,4,0,2,1,3,10,NA,392.3510683,42045,4224,4,2,2,2,1,1,2,1,6,0,6,0,"white",1,1,1,0,10,1,87.5,0,2,2,2,"suburban",1,1,0,1
5759930107,"regional_rail",575993,1,"Regional Rail",92,4207,40.95,64.7,23.75,1,1,7,4,4,19,NA,22,5,1.12,159.4892518,142.4011177,9,1,6,1,5,1,1,NA,1,40,15,4,0,2,1,3,10,NA,392.3510683,42045,4224,4,2,2,2,1,1,2,1,6,0,6,0,"white",1,1,1,0,10,1,87.5,0,2,2,2,"suburban",1,1,0,1
5759930202,"regional_rail",575993,2,"Regional Rail",4207,77,42.25,55,12.75,1,1,2,4,2,19,NA,22,5,1.12,197.3509554,176.2062102,6,2,6,1,5,1,1,NA,1,40,13,4,0,2,2,3,10,NA,392.3510683,42045,4224,4,2,2,2,1,1,2,1,6,1,6,0,"white",1,1,1,0,10,0,87.5,0,2,2,2,"suburban",1,1,0,1
5759930205,"regional_rail",575993,2,"Regional Rail",92,4207,40.95,64.7,23.75,1,1,5,4,4,19,NA,22,5,1.12,197.3509554,176.2062102,6,2,6,1,5,1,1,NA,1,40,13,4,0,2,2,3,10,NA,392.3510683,42045,4224,4,2,2,2,1,1,2,1,6,1,6,0,"white",1,1,1,0,10,0,87.5,0,2,2,2,"suburban",1,1,0,1
5765380103,"regional_rail",576538,1,"Regional Rail",5050,84,50.685,52.317,1.631,1,1,3,2,1,96,NA,22,5,1.17,143.607883,122.7417803,5,1,6,1,6,2,1,NA,1,8,25,4,0,2,2,1,12,NA,443.9604921,42101,84,1,1,1,0,0,0,2,4,3,0,6,0,"white",1,0,1,1,12,0,30,1,1,1,0,"cbd",1,1,1,0
5864950102,"regional_rail",586495,1,"Regional Rail",12244,1040,52.219,55.062,2.844,3,1,2,4,4,19,NA,22,5,1.15,129.318577,112.4509365,5,2,8,1,6,1,1,NA,2,50,25,4,0,2,2,3,10,NA,218.318852,42091,12239,4,3,2,2,2,0,2,1,8,1,8,0,"white",1,1,1,0,10,0,175,0,3,2,2,"suburban",0,0,0,0.666666666666667
6016700205,"regional_rail",601670,2,"Regional Rail",92,45,14.317,15.896,1.579,1,1,5,4,2,19,NA,22,5,1.12,100.3335666,89.58354163,8,2,8,1,6,1,1,NA,1,40,25,4,0,2,2,3,6,NA,133.7177376,42091,10007,3,2,2,1,1,2,1,2,7,1,8,0,"white",1,1,1,0,6,0,125,0,2,2,1,"urban",1,1,0,0.5
6036180104,"regional_rail",603618,1,"Regional Rail",15822,90,NA,NA,NA,1,1,4,4,4,19,NA,22,5,1.12,119.6657912,106.8444564,8,1,9,1,5,1,1,NA,2,50,27,3,0,2,2,3,10,NA,145.2167139,42017,15411,5,3,3,3,3,2,1,2,7,0,9,0,"white",1,1,1,0,10,0,125,0,3,3,3,"rural",1,1,0,1
6037250102,"regional_rail",603725,1,"Regional Rail",12232,95,41.354,42.046,0.692,1,1,2,2,2,19,NA,22,5,1.12,160.7782412,143.5520011,5,1,7,1,6,1,1,NA,1,60,27,3,0,2,2,3,10,NA,199.7312102,42091,12202,4,4,2,2,2,0,2,1,7,0,7,0,"white",1,1,1,0,10,0,125,0,4,2,2,"suburban",1,1,0,0.5
6037250104,"regional_rail",603725,1,"Regional Rail",92,12232,39.11,42.013,2.902,1,1,4,4,4,19,NA,22,5,1.12,160.7782412,143.5520011,5,1,7,1,6,1,1,NA,1,60,27,3,0,2,2,3,10,NA,199.7312102,42091,12202,4,4,2,2,2,0,2,1,7,0,7,0,"white",1,1,1,0,10,0,125,0,4,2,2,"suburban",1,1,0,0.5
6039800301,"regional_rail",603980,3,"Regional Rail",104,12242,61.362,60.706,-0.656,1,1,1,1,2,1,NA,22,5,1.17,2224.117838,1900.955417,2,2,6,1,6,1,2,6,NA,NA,NA,NA,NA,NA,NA,1,10,NA,666.3561465,42101,104,1,3,1,3,0,0,2,4,4,1,6,0,"white",1,1,0,1,10,NA,42.5,0,3,1,3,"cbd",1,1,0,1
6039800302,"regional_rail",603980,3,"Regional Rail",12242,104,52.596,60.208,7.612,1,1,2,2,1,5,NA,22,5,1.17,2224.117838,1900.955417,2,2,6,1,6,1,2,6,NA,NA,NA,NA,NA,NA,NA,1,10,NA,666.3561465,42101,104,1,3,1,3,0,0,2,4,4,1,6,0,"white",1,1,0,1,10,NA,42.5,0,3,1,3,"cbd",1,1,0,1
6083360201,"regional_rail",608336,2,"Regional Rail",7819,1030,75.202,82.873,7.671,1,1,1,1,2,1,NA,22,5,1.12,182.2815539,162.7513874,2,1,6,1,5,1,1,NA,1,40,11,4,1,2,2,3,10,NA,245.212388,42029,7819,4,2,2,2,2,2,2,1,7,0,6,0,"white",1,1,1,0,10,0,125,0,2,2,2,"suburban",1,1,0,1
6083360202,"regional_rail",608336,2,"Regional Rail",1030,7819,72.733,81.733,9,1,1,2,2,1,5,NA,22,5,1.12,182.2815539,162.7513874,2,1,6,1,5,1,1,NA,1,40,11,4,1,2,2,3,10,NA,245.212388,42029,7819,4,2,2,2,2,2,2,1,7,0,6,0,"white",1,1,1,0,10,0,125,0,2,2,2,"suburban",1,1,0,1
6086660202,"regional_rail",608666,2,"Regional Rail",12218,90,NA,NA,NA,1,1,2,4,4,11,NA,22,5,1.17,3559.739659,3042.512529,7,1,8,1,5,2,1,NA,1,45,25,4,0,2,2,3,6,NA,341.4426566,42091,12218,4,2,1,0,0,1,2,1,3,0,8,0,"white",1,0,1,0,6,0,30,1,2,1,0,"suburban",1,1,1,0
6086660204,"regional_rail",608666,2,"Regional Rail",2209,12007,90.1,105.35,15.25,1,1,4,2,4,5,NA,22,5,1.17,3559.739659,3042.512529,7,1,8,1,5,2,1,NA,1,45,25,4,0,2,2,3,6,NA,341.4426566,42091,12218,4,2,1,0,0,1,2,1,3,0,8,0,"white",1,0,1,0,6,0,30,1,2,1,0,"suburban",1,1,1,0
6113870204,"regional_rail",611387,2,"Regional Rail",11618,11603,34.444,38.679,4.235,2,2,4,4,4,19,NA,22,5,1.12,104.2170306,93.05092022,10,2,9,1,6,1,1,NA,1,35,25,4,0,3,2,3,4,NA,187.3949517,42091,11617,4,3,1,2,2,3,2,2,6,1,9,0,"white",1,1,1,0,4,0,87.5,0,3,1,2,"suburban",0,1,0,0.666666666666667
6113900201,"regional_rail",611390,2,"Regional Rail",10006,5050,42.112,53.029,10.917,1,1,1,1,2,1,NA,22,5,1.12,82.67301432,73.81519135,4,1,8,1,6,1,1,NA,1,40,27,4,1,1,2,3,10,NA,220.5133655,42091,10006,4,4,2,1,1,3,2,1,6,0,8,0,"white",1,1,1,0,10,0,87.5,0,4,2,1,"suburban",1,1,0,0.25
6123020302,"regional_rail",612302,3,"Regional Rail",10038,72,41.377,47.7,6.323,1,1,2,4,2,19,NA,22,5,1.12,443.630728,396.0988643,7,2,5,2,5,1,1,NA,1,40,13,3,0,2,1,3,5,NA,159.8994346,42091,10022,4,5,2,3,3,2,1,1,7,1,5,0,"black",1,1,1,0,5,1,125,0,5,2,3,"suburban",1,1,0,0.6
6123020304,"regional_rail",612302,3,"Regional Rail",90,10038,41.008,39.883,-1.125,1,1,4,4,4,19,NA,22,5,1.12,443.630728,396.0988643,7,2,5,2,5,1,1,NA,1,40,13,3,0,2,1,3,5,NA,159.8994346,42091,10022,4,5,2,3,3,2,1,1,7,1,5,0,"black",1,1,1,0,5,1,125,0,5,2,3,"suburban",1,1,0,0.6
6158310201,"regional_rail",615831,2,"Regional Rail",11614,11618,28.054,30.348,2.294,2,1,1,1,4,96,NA,22,5,1.17,107.0561838,91.50101176,2,2,5,1,2,2,1,NA,2,998,31,4,0,3,2,1,12,NA,474.3975785,42091,11614,3,2,1,1,1,0,2,5,2,1,5,0,"white",0,0,1,1,12,0,17.5,1,2,1,1,"urban",0,1,0,0.5
6158310202,"regional_rail",615831,2,"Regional Rail",11618,11614,37.802,38.888,1.085,2,1,2,4,1,96,NA,22,5,1.17,107.0561838,91.50101176,2,2,5,1,2,2,1,NA,2,998,31,4,0,3,2,1,12,NA,474.3975785,42091,11614,3,2,1,1,1,0,2,5,2,1,5,0,"white",0,0,1,1,12,0,17.5,1,2,1,1,"urban",0,1,0,0.5
6165450102,"regional_rail",616545,1,"Regional Rail",7044,1040,137.961,123.133,-14.828,2,1,2,4,4,19,NA,22,5,1.13,95.75521747,84.7391305,6,1,9,1,6,1,2,1,NA,NA,NA,NA,NA,NA,NA,3,2,NA,65.48783664,42029,8437,6,2,0,2,2,0,2,1,99,0,9,0,"white",1,1,0,0,2,NA,NA,NA,2,0,2,"rural",0,1,0,1
6165820105,"regional_rail",616582,1,"Regional Rail",10009,85,49.683,56.881,7.198,1,2,5,4,4,19,NA,22,5,1.17,107.1548567,91.58534762,8,2,7,1,5,1,1,NA,2,998,97,1,0,3,2,3,0,NA,573.7526846,42045,5002,4,1,1,1,1,0,1,4,3,1,7,0,"white",1,1,1,0,0,0,30,1,1,1,1,"suburban",1,1,0,1
6165820107,"regional_rail",616582,1,"Regional Rail",1040,10009,59.575,62.767,3.192,1,2,7,4,4,19,NA,22,5,1.17,107.1548567,91.58534762,8,2,7,1,5,1,1,NA,2,998,97,1,0,3,2,3,0,NA,573.7526846,42045,5002,4,1,1,1,1,0,1,4,3,1,7,0,"white",1,1,1,0,0,0,30,1,1,1,1,"suburban",1,1,0,1
6174680101,"regional_rail",617468,1,"Regional Rail",2430,108,58.523,60.812,2.29,2,1,1,1,4,1,NA,22,5,1.12,179.2576705,160.0514915,5,2,8,1,6,1,1,NA,1,40,25,4,4,2,1,3,6,NA,427.3978623,42101,2430,4,1,1,1,1,0,2,5,7,1,8,0,"white",1,1,1,0,6,1,125,0,1,1,1,"suburban",0,1,0,1
6174680105,"regional_rail",617468,1,"Regional Rail",67,2430,60.771,66.54,5.769,2,1,5,4,1,15,NA,22,5,1.12,179.2576705,160.0514915,5,2,8,1,6,1,1,NA,1,40,25,4,4,2,1,3,6,NA,427.3978623,42101,2430,4,1,1,1,1,0,2,5,7,1,8,0,"white",1,1,1,0,6,1,125,0,1,1,1,"suburban",0,1,0,1
6175440202,"regional_rail",617544,2,"Regional Rail",12244,92,43.856,46.331,2.475,1,1,2,4,4,19,NA,22,5,1.12,160.7782412,143.5520011,5,1,8,1,6,1,1,NA,1,40,23,4,0,9,8,3,12,NA,199.7312102,42091,12239,4,4,2,2,2,4,2,1,7,0,8,0,"white",1,1,1,0,12,NA,125,0,4,2,2,"suburban",1,1,0,0.5
6175750201,"regional_rail",617575,2,"Regional Rail",4819,116,71.733,75.829,4.096,1,1,1,1,2,1,NA,22,5,1.12,113.0063297,100.8985087,3,2,7,1,6,1,1,NA,1,32,13,9,0,9,8,1,8,NA,256.977892,42045,4819,4,3,2,2,2,1,2,1,7,1,7,0,"white",1,1,1,1,8,NA,125,0,3,2,2,"suburban",1,1,0,0.666666666666667
6189830203,"regional_rail",618983,2,"Regional Rail",12417,90,NA,NA,NA,1,1,3,4,4,19,NA,22,5,1.12,116.6885601,104.1862144,9,2,7,1,5,1,1,NA,1,35,23,3,0,1,1,3,10,NA,199.7312102,42091,12424,4,4,2,2,2,0,2,1,7,1,7,0,"white",1,1,1,0,10,1,125,0,4,2,2,"suburban",1,1,0,0.5
6189830208,"regional_rail",618983,2,"Regional Rail",90,12417,NA,NA,NA,1,1,8,4,4,19,NA,22,5,1.12,116.6885601,104.1862144,9,2,7,1,5,1,1,NA,1,35,23,3,0,1,1,3,10,NA,199.7312102,42091,12424,4,4,2,2,2,0,2,1,7,1,7,0,"white",1,1,1,0,10,1,125,0,4,2,2,"suburban",1,1,0,0.5
6194760201,"regional_rail",619476,2,"Regional Rail",10026,10026,NA,NA,NA,2,1,1,1,1,1,NA,22,5,1.13,172.4428165,152.6042624,1,1,9,1,6,1,1,NA,1,40,99,9,0,9,8,3,0,NA,121.7715651,42091,10026,3,3,2,3,3,14,2,1,99,0,9,0,"white",1,1,1,0,0,NA,NA,NA,3,2,3,"urban",0,1,0,1
6221280101,"regional_rail",622128,1,"Regional Rail",2432,90,42.55,48.66,6.11,1,1,1,1,2,1,NA,22,5,1.12,179.2576705,160.0514915,3,2,7,1,6,1,1,NA,1,45,11,4,0,2,2,1,8,NA,269.9617075,42101,2432,4,2,2,1,1,2,1,2,6,1,7,0,"white",1,1,1,1,8,0,87.5,0,2,2,1,"suburban",1,1,0,0.5
6224850102,"regional_rail",622485,1,"Regional Rail",2424,85,54.681,51.763,-2.919,1,1,2,4,2,19,NA,22,5,1.17,341.9399182,292.2563404,6,2,7,2,5,1,1,NA,1,35,43,3,0,2,1,3,10,NA,170.33356,42101,2425,3,1,1,1,1,0,2,2,5,1,7,0,"black",1,1,1,0,10,1,62.5,0,1,1,1,"urban",1,1,0,1
6224850105,"regional_rail",622485,1,"Regional Rail",92,2424,50.358,52.208,1.85,1,1,5,4,4,19,NA,22,5,1.17,341.9399182,292.2563404,6,2,7,2,5,1,1,NA,1,35,43,3,0,2,1,3,10,NA,170.33356,42101,2425,3,1,1,1,1,0,2,2,5,1,7,0,"black",1,1,1,0,10,1,62.5,0,1,1,1,"urban",1,1,0,1
6228560102,"regional_rail",622856,1,"Regional Rail",7237,1026,100.317,108.4,8.083,1,1,2,4,2,19,NA,22,5,1.15,103.8460862,90.30094448,6,2,9,1,6,1,1,NA,1,20,21,4,0,2,1,3,6,NA,70.88967639,42029,7208,5,2,2,3,3,98,1,1,9,1,9,0,"white",1,1,1,0,6,1,225,0,2,2,3,"rural",1,1,0,1.5
6228560105,"regional_rail",622856,1,"Regional Rail",1040,7237,91.833,107.083,15.25,1,1,5,4,4,19,NA,22,5,1.15,103.8460862,90.30094448,6,2,9,1,6,1,1,NA,1,20,21,4,0,2,1,3,6,NA,70.88967639,42029,7208,5,2,2,3,3,98,1,1,9,1,9,0,"white",1,1,1,0,6,1,225,0,2,2,3,"rural",1,1,0,1.5
6257530303,"regional_rail",625753,3,"Regional Rail",8009,10021,45.619,46.198,0.579,2,1,3,4,4,19,NA,22,5,1.12,111.9342829,99.94132398,8,2,4,1,1,1,2,6,NA,NA,NA,NA,NA,NA,NA,1,10,NA,113.8784462,42029,8435,6,3,1,2,2,1,2,1,7,1,4,0,"white",0,1,0,1,10,NA,125,0,3,1,2,"rural",0,1,0,0.666666666666667
6257530306,"regional_rail",625753,3,"Regional Rail",10023,7044,125.433,121.183,-4.25,2,1,6,3,4,19,NA,22,5,1.12,111.9342829,99.94132398,8,2,4,1,1,1,2,6,NA,NA,NA,NA,NA,NA,NA,1,10,NA,113.8784462,42029,8435,6,3,1,2,2,1,2,1,7,1,4,0,"white",0,1,0,1,10,NA,125,0,3,1,2,"rural",0,1,0,0.666666666666667
6307190102,"regional_rail",630719,1,"Regional Rail",15604,65,66.51,67.45,0.94,1,1,2,4,4,19,NA,22,5,1.12,92.82872819,82.88279303,10,2,9,1,6,1,1,NA,1,40,13,4,0,2,2,3,9,NA,131.9083712,42017,15619,4,2,2,2,2,2,1,1,7,1,9,0,"white",1,1,1,0,9,0,125,0,2,2,2,"suburban",1,1,0,1
6307190107,"regional_rail",630719,1,"Regional Rail",56,56,6.879,8.494,1.615,1,1,7,2,2,19,NA,22,5,1.12,92.82872819,82.88279303,10,2,9,1,6,1,1,NA,1,40,13,4,0,2,2,3,9,NA,131.9083712,42017,15619,4,2,2,2,2,2,1,1,7,1,9,0,"white",1,1,1,0,9,0,125,0,2,2,2,"suburban",1,1,0,1
6312540103,"regional_rail",631254,1,"Regional Rail",10033,66,NA,NA,NA,2,2,3,1,4,1,NA,22,5,1.17,609.2819623,520.753814,4,1,6,1,5,2,2,4,NA,NA,NA,NA,NA,NA,NA,3,997,NA,338.6488552,42091,10033,4,4,0,3,3,0,2,2,2,0,6,0,"white",1,0,0,0,50,NA,17.5,1,4,0,3,"suburban",0,1,0,0.75
6319750201,"regional_rail",631975,2,"Regional Rail",12022,113,NA,NA,NA,1,1,1,1,2,1,NA,22,5,1.15,84.88747006,73.81519135,2,2,8,1,6,1,1,NA,1,40,29,3,1,2,2,3,8,NA,107.7989618,42091,12022,4,5,2,3,3,6,2,1,9,1,8,0,"white",1,1,1,0,8,0,225,0,5,2,3,"suburban",1,1,0,0.6
6319750202,"regional_rail",631975,2,"Regional Rail",113,12022,NA,NA,NA,1,1,2,2,1,5,NA,22,5,1.15,84.88747006,73.81519135,2,2,8,1,6,1,1,NA,1,40,29,3,1,2,2,3,8,NA,107.7989618,42091,12022,4,5,2,3,3,6,2,1,9,1,8,0,"white",1,1,1,0,8,0,225,0,5,2,3,"suburban",1,1,0,0.6
6339310104,"regional_rail",633931,1,"Regional Rail",12242,92,53.206,51.367,-1.84,1,2,4,4,4,19,NA,22,5,1.15,128.1275259,111.4152399,8,1,9,1,6,1,1,NA,1,40,13,NA,NA,NA,NA,3,0,NA,217.0320981,42091,11832,4,2,2,2,2,2,2,1,8,0,9,0,"white",1,1,1,0,0,NA,175,0,2,2,2,"suburban",1,1,0,1
6341280102,"regional_rail",634128,1,"Regional Rail",2823,44,65.269,69.225,3.956,1,1,2,4,4,19,NA,22,5,1.12,140.0288573,125.0257654,9,2,9,1,6,1,1,NA,1,40,11,4,0,2,2,3,10,NA,125.9905753,42101,2818,3,2,2,1,1,0,2,2,7,1,9,0,"white",1,1,1,0,10,0,125,0,2,2,1,"urban",1,1,0,0.5
6341280107,"regional_rail",634128,1,"Regional Rail",92,133,12.346,12.35,0.004,1,1,7,4,2,11,NA,22,5,1.12,140.0288573,125.0257654,9,2,9,1,6,1,1,NA,1,40,11,4,0,2,2,3,10,NA,125.9905753,42101,2818,3,2,2,1,1,0,2,2,7,1,9,0,"white",1,1,1,0,10,0,125,0,2,2,1,"urban",1,1,0,0.5
6349860101,"regional_rail",634986,1,"Regional Rail",2411,2408,17.531,16.029,-1.502,1,1,1,1,4,1,NA,22,5,1.12,166.3912888,148.5636507,3,2,9,1,2,1,1,NA,1,36,11,4,0,2,2,3,10,NA,125.9905753,42101,2411,3,2,2,1,1,0,2,2,7,1,9,0,"white",0,1,1,0,10,0,125,0,2,2,1,"urban",1,1,0,0.5
6359590102,"regional_rail",635959,1,"Regional Rail",4814,1025,79.21,84.888,5.677,1,1,2,4,2,19,NA,22,5,1.12,838.4996186,748.6603738,5,1,8,1,3,1,1,NA,2,50,15,4,0,2,2,3,10,NA,197.3960458,42045,4623,5,4,3,4,4,2,1,1,7,0,8,0,"white",0,1,1,0,10,0,125,0,4,3,4,"rural",1,1,0,1
6359590104,"regional_rail",635959,1,"Regional Rail",3014,1025,54.408,63.825,9.417,1,1,4,4,2,19,NA,22,5,1.12,838.4996186,748.6603738,5,1,8,1,3,1,1,NA,2,50,15,4,0,2,2,3,10,NA,197.3960458,42045,4623,5,4,3,4,4,2,1,1,7,0,8,0,"white",0,1,1,0,10,0,125,0,4,3,4,"rural",1,1,0,1
6403140202,"regional_rail",640314,2,"Regional Rail",12241,12241,14.725,14.725,0,1,1,2,1,1,5,NA,22,5,1.12,106.3089599,94.91871419,2,1,9,1,6,1,1,NA,2,64,25,NA,NA,NA,NA,3,2,NA,113.4246991,42091,12241,4,2,1,2,2,2,1,1,7,0,9,0,"white",1,1,1,0,2,NA,125,0,2,1,2,"suburban",1,1,0,1
6411900101,"regional_rail",641190,1,"Regional Rail",74,4230,49.483,67.952,18.469,3,1,1,2,1,14,NA,22,5,1.17,1693.297273,1447.262627,1,2,9,1,2,2,1,NA,1,40,43,9,0,8,2,3,10,NA,284.2957195,42045,4230,4,2,1,0,0,0,2,4,4,1,9,0,"white",0,0,1,0,10,0,42.5,0,2,1,0,"suburban",0,0,1,0
6414030202,"regional_rail",641403,2,"Regional Rail",12007,90,61.3,72.675,11.375,1,1,2,4,4,19,NA,22,5,1.12,167.2251559,149.3081749,8,1,11,1,6,1,1,NA,1,40,13,3,0,2,1,3,10,NA,370.0718858,42091,12009,5,2,1,2,2,0,2,1,7,0,11,1,"white",1,1,1,0,10,1,125,0,2,1,2,"rural",1,1,0,1
6414030205,"regional_rail",641403,2,"Regional Rail",68,68,8.119,9.773,1.654,1,1,5,2,2,19,NA,22,5,1.12,167.2251559,149.3081749,8,1,11,1,6,1,1,NA,1,40,13,3,0,2,1,3,10,NA,370.0718858,42091,12009,5,2,1,2,2,0,2,1,7,0,11,1,"white",1,1,1,0,10,1,125,0,2,1,2,"rural",1,1,0,1
6433750203,"regional_rail",643375,2,"Regional Rail",16205,15618,102.7,109.964,7.264,1,1,3,4,1,18,NA,22,5,1.12,93.44819855,83.43589156,3,1,9,1,5,1,1,NA,1,40,17,2,0,3,2,3,0,NA,172.5817141,42017,15618,4,3,2,2,2,1,2,1,7,0,9,0,"white",1,1,1,0,0,0,125,0,3,2,2,"suburban",1,1,0,0.666666666666667
6501560101,"regional_rail",650156,1,"Regional Rail",12233,88,42.423,43.862,1.44,1,1,1,1,2,1,NA,22,5,1.15,124.24852,108.0421913,2,1,8,1,6,1,1,NA,1,50,27,4,0,2,2,3,10,NA,85.65057604,42091,12233,4,2,2,2,2,2,1,1,8,0,8,0,"white",1,1,1,0,10,0,175,0,2,2,2,"suburban",1,1,0,1
6501560102,"regional_rail",650156,1,"Regional Rail",88,12233,40.896,48.827,7.931,1,1,2,2,1,11,NA,22,5,1.15,124.24852,108.0421913,2,1,8,1,6,1,1,NA,1,50,27,4,0,2,2,3,10,NA,85.65057604,42091,12233,4,2,2,2,2,2,1,1,8,0,8,0,"white",1,1,1,0,10,0,175,0,2,2,2,"suburban",1,1,0,1
6513570101,"regional_rail",651357,1,"Regional Rail",10038,65,49.087,49.45,0.363,1,1,1,1,2,1,NA,22,5,1.17,127.5794623,109.0422755,3,2,6,1,6,1,1,NA,2,65,15,4,1,1,1,3,10,NA,221.092736,42091,10038,4,2,2,2,2,2,2,4,5,1,6,0,"white",1,1,1,0,10,1,62.5,0,2,2,2,"suburban",1,1,0,1
6515270101,"regional_rail",651527,1,"Regional Rail",4812,88,89.979,100.45,10.471,3,1,1,2,2,1,NA,22,5,1.12,105.4511832,94.15284219,2,2,8,1,5,1,1,NA,1,40,97,3,10,2,1,3,0,NA,125.5299342,42045,4812,4,2,2,2,2,0,2,1,7,1,8,0,"white",1,1,1,0,0,1,125,0,2,2,2,"suburban",0,0,0,1
6515270102,"regional_rail",651527,1,"Regional Rail",88,4812,92.783,113.008,20.225,3,1,2,2,1,5,NA,22,5,1.12,105.4511832,94.15284219,2,2,8,1,5,1,1,NA,1,40,97,3,10,2,1,3,0,NA,125.5299342,42045,4812,4,2,2,2,2,0,2,1,7,1,8,0,"white",1,1,1,0,0,1,125,0,2,2,2,"suburban",0,0,0,1
6539400104,"regional_rail",653940,1,"Regional Rail",11618,90,68.55,80.175,11.625,1,2,4,4,4,19,NA,22,5,1.12,160.7782412,143.5520011,8,1,7,1,6,1,1,NA,1,38,17,4,0,2,1,3,10,NA,200.5432289,42091,11617,4,4,2,2,2,2,1,2,7,0,7,0,"white",1,1,1,0,10,1,125,0,4,2,2,"suburban",1,1,0,0.5
6539400107,"regional_rail",653940,1,"Regional Rail",90,11618,65.192,78.067,12.875,1,2,7,4,4,19,NA,22,5,1.12,160.7782412,143.5520011,8,1,7,1,6,1,1,NA,1,38,17,4,0,2,1,3,10,NA,200.5432289,42091,11617,4,4,2,2,2,2,1,2,7,0,7,0,"white",1,1,1,0,10,1,125,0,4,2,2,"suburban",1,1,0,0.5
6580550101,"regional_rail",658055,1,"Regional Rail",15805,88,101.1,122.333,21.233,1,1,1,1,2,1,NA,22,5,1.17,96.71132156,82.6592492,6,1,9,1,6,1,1,NA,2,46,13,4,0,2,2,3,8,NA,183.5482819,42017,15805,4,1,1,1,1,0,2,1,3,0,9,0,"white",1,1,1,0,8,0,30,1,1,1,1,"suburban",1,1,0,1
6585800102,"regional_rail",658580,1,"Regional Rail",4402,1014,48.083,60.256,12.173,1,1,2,4,2,19,NA,22,5,1.17,126.3491529,107.990729,8,2,8,1,6,1,1,NA,2,35,41,4,0,8,1,3,10,NA,130.4227312,42045,4403,4,1,1,1,1,0,2,2,4,1,8,0,"white",1,1,1,0,10,1,42.5,0,1,1,1,"suburban",1,1,0,1
6585800105,"regional_rail",658580,1,"Regional Rail",1014,1014,12.4,14.746,2.346,1,1,5,2,2,19,NA,22,5,1.17,126.3491529,107.990729,8,2,8,1,6,1,1,NA,2,35,41,4,0,8,1,3,10,NA,130.4227312,42045,4403,4,1,1,1,1,0,2,2,4,1,8,0,"white",1,1,1,0,10,1,42.5,0,1,1,1,"suburban",1,1,0,1
6611090101,"regional_rail",661109,1,"Regional Rail",10038,1026,35.525,41.15,5.625,1,1,1,1,2,1,NA,22,5,1.17,1989.428485,1700.366227,5,1,10,1,2,2,1,NA,1,55,15,4,0,1,2,3,0,NA,190.4363664,42091,10038,4,1,1,0,0,0,2,1,5,0,10,1,"white",0,0,1,0,0,0,62.5,0,1,1,0,"suburban",1,1,1,0
6611090104,"regional_rail",661109,1,"Regional Rail",1037,10009,57.081,68.787,11.706,1,1,4,2,4,19,NA,22,5,1.17,1989.428485,1700.366227,5,1,10,1,2,2,1,NA,1,55,15,4,0,1,2,3,0,NA,190.4363664,42091,10038,4,1,1,0,0,0,2,1,5,0,10,1,"white",0,0,1,0,0,0,62.5,0,1,1,0,"suburban",1,1,1,0
6675770102,"regional_rail",667577,1,"Regional Rail",2436,90,50.236,59.693,9.457,1,1,2,4,4,19,NA,22,5,1.17,336.6702094,287.7523157,6,2,6,1,5,1,1,NA,1,40,43,3,0,2,2,3,10,NA,481.5547229,42101,2436,3,1,1,1,1,0,2,5,3,1,6,0,"white",1,1,1,0,10,0,30,1,1,1,1,"urban",1,1,0,1
6675770105,"regional_rail",667577,1,"Regional Rail",92,2436,58.65,57.133,-1.517,1,1,5,4,4,19,NA,22,5,1.17,336.6702094,287.7523157,6,2,6,1,5,1,1,NA,1,40,43,3,0,2,2,3,10,NA,481.5547229,42101,2436,3,1,1,1,1,0,2,5,3,1,6,0,"white",1,1,1,0,10,0,30,1,1,1,1,"urban",1,1,0,1
6701750202,"regional_rail",670175,2,"Regional Rail",15803,90,75.55,95.585,20.035,1,1,2,4,4,19,NA,22,5,1.12,92.57827712,82.659176,6,2,9,1,4,1,1,NA,1,40,23,4,0,2,1,3,6,NA,144.6337393,42017,15825,4,4,2,3,3,4,2,1,7,1,9,0,"white",0,1,1,0,6,1,125,0,4,2,3,"suburban",1,1,0,0.75
6701750205,"regional_rail",670175,2,"Regional Rail",90,15803,79.233,80.167,0.933,1,1,5,4,4,19,NA,22,5,1.12,92.57827712,82.659176,6,2,9,1,4,1,1,NA,1,40,23,4,0,2,1,3,6,NA,144.6337393,42017,15825,4,4,2,3,3,4,2,1,7,1,9,0,"white",0,1,1,0,6,1,125,0,4,2,3,"suburban",1,1,0,0.75
6745010103,"regional_rail",674501,1,"Bus / trolleybus",92,134,13.325,15.394,2.069,1,1,3,4,2,19,NA,14,5,1.17,132.7814365,113.4884073,6,2,9,1,5,1,1,NA,1,40,39,3,0,2,2,3,10,NA,143.1983983,42101,3416,4,1,1,1,1,0,2,2,4,1,9,0,"white",1,1,1,0,10,0,42.5,0,1,1,1,"suburban",1,1,0,1
6752060104,"regional_rail",675206,1,"Bus / trolleybus",11613,11625,NA,NA,NA,2,2,4,1,4,1,NA,14,5,1.17,1169.802368,999.8310838,5,1,9,1,2,2,1,NA,1,15,41,2,0,3,2,3,4,NA,523.2724006,42091,11613,3,1,1,0,0,0,2,4,1,0,9,0,"white",0,0,1,0,4,0,5,1,1,1,0,"urban",0,1,1,0
6758480203,"regional_rail",675848,2,"Regional Rail",2429,417,NA,NA,NA,1,2,3,1,4,1,NA,22,5,1.15,99.52764703,86.54578003,4,1,10,1,6,1,2,1,NA,NA,NA,NA,NA,NA,NA,3,0,NA,40.47399819,42101,2429,4,2,1,1,1,0,1,1,10,0,10,1,"white",1,1,0,0,0,NA,300,0,2,1,1,"suburban",1,1,0,0.5
6758480204,"regional_rail",675848,2,"Regional Rail",417,2429,NA,NA,NA,1,2,4,4,1,5,NA,22,5,1.15,99.52764703,86.54578003,4,1,10,1,6,1,2,1,NA,NA,NA,NA,NA,NA,NA,3,0,NA,40.47399819,42101,2429,4,2,1,1,1,0,1,1,10,0,10,1,"white",1,1,0,0,0,NA,300,0,2,1,1,"suburban",1,1,0,0.5
6767900102,"regional_rail",676790,1,"Regional Rail",2434,1040,52.375,65.735,13.36,3,1,2,4,4,19,NA,22,5,1.17,156.9984724,134.1867285,3,1,10,1,6,1,2,1,NA,NA,NA,NA,NA,NA,NA,3,1,NA,121.2952613,42101,2434,4,2,0,2,2,0,2,1,5,0,10,1,"white",1,1,0,0,1,NA,62.5,0,2,0,2,"suburban",0,0,0,1
6767900202,"regional_rail",676790,2,"Regional Rail",2434,1040,52.375,65.735,13.36,3,1,2,4,4,19,NA,22,5,1.17,223.7315664,191.223561,3,2,10,1,5,1,2,1,NA,NA,NA,NA,NA,NA,NA,3,1,NA,121.2952613,42101,2434,4,2,0,2,2,0,2,1,5,1,10,1,"white",1,1,0,0,1,NA,62.5,0,2,0,2,"suburban",0,0,0,1
6801200102,"regional_rail",680120,1,"Regional Rail",12242,416,36.975,37.475,0.5,1,1,2,4,2,19,NA,22,5,1.12,95.70011231,85.44652885,5,2,9,1,6,1,1,NA,1,40,43,3,0,2,2,3,10,NA,103.8892515,42091,12205,4,2,2,2,2,2,2,1,7,1,9,0,"white",1,1,1,0,10,0,125,0,2,2,2,"suburban",1,1,0,1
6801200104,"regional_rail",680120,1,"Regional Rail",414,12242,41.971,41.35,-0.621,1,1,4,2,4,10,NA,22,5,1.12,95.70011231,85.44652885,5,2,9,1,6,1,1,NA,1,40,43,3,0,2,2,3,10,NA,103.8892515,42091,12205,4,2,2,2,2,2,2,1,7,1,9,0,"white",1,1,1,0,10,0,125,0,2,2,2,"suburban",1,1,0,1
6801200201,"regional_rail",680120,2,"Regional Rail",12205,416,40.6,47.475,6.875,1,1,1,1,4,1,NA,22,5,1.12,95.70011231,85.44652885,3,2,10,1,6,1,1,NA,2,14,43,3,0,2,1,3,4,NA,103.8892515,42091,12205,4,2,2,2,2,2,2,1,7,1,10,1,"white",1,1,1,0,4,1,125,0,2,2,2,"suburban",1,1,0,1
6801200202,"regional_rail",680120,2,"Regional Rail",416,416,6.983,7.138,0.154,1,1,2,4,4,5,NA,22,5,1.12,95.70011231,85.44652885,3,2,10,1,6,1,1,NA,2,14,43,3,0,2,1,3,4,NA,103.8892515,42091,12205,4,2,2,2,2,2,2,1,7,1,10,1,"white",1,1,1,0,4,1,125,0,2,2,2,"suburban",1,1,0,1
6819100107,"regional_rail",681910,1,"Regional Rail",1014,1014,15.463,19.817,4.354,1,1,7,4,2,19,NA,22,5,1.17,377.6835368,322.8064417,9,1,7,99,6,1,1,NA,1,60,19,4,0,2,2,3,12,NA,294.8345501,42045,4421,4,1,1,1,1,1,2,1,4,0,7,0,NA,1,1,1,0,12,0,42.5,0,1,1,1,"suburban",1,1,0,1
6836580102,"regional_rail",683658,1,"Regional Rail",12430,90,68.721,72.3,3.579,2,1,2,4,4,19,NA,22,5,1.17,215.0892593,183.8369738,8,1,6,5,5,1,2,6,NA,NA,NA,NA,NA,NA,NA,1,14,NA,75.9184552,42091,12022,4,1,0,2,2,0,2,1,4,0,6,0,"asian",1,1,0,1,14,NA,42.5,0,1,0,2,"suburban",0,1,0,2
6852380101,"regional_rail",685238,1,"Regional Rail",8021,1040,92.429,109.675,17.246,1,1,1,1,2,1,NA,22,5,1.15,220.9981271,192.1722844,2,1,7,1,6,1,1,NA,1,60,23,3,2,2,2,3,10,NA,114.0098846,42029,8021,4,5,1,3,3,1,1,1,9,0,7,0,"white",1,1,1,0,10,0,225,0,5,1,3,"suburban",1,1,0,0.6
6852380102,"regional_rail",685238,1,"Regional Rail",1040,8021,94.762,97.675,2.912,1,1,2,2,1,5,NA,22,5,1.15,220.9981271,192.1722844,2,1,7,1,6,1,1,NA,1,60,23,3,2,2,2,3,10,NA,114.0098846,42029,8021,4,5,1,3,3,1,1,1,9,0,7,0,"white",1,1,1,0,10,0,225,0,5,1,3,"suburban",1,1,0,0.6
6857720102,"regional_rail",685772,1,"Regional Rail",7237,1040,104,110.603,6.603,2,1,2,4,4,19,NA,22,5,1.17,95.46925921,81.59765745,5,1,9,1,6,1,1,NA,1,12,15,9,0,9,8,3,2,NA,144.3411217,42029,7237,4,1,1,1,1,2,2,2,5,0,9,0,"white",1,1,1,0,2,NA,62.5,0,1,1,1,"suburban",0,1,0,1
6857720104,"regional_rail",685772,1,"Regional Rail",1018,8009,96.567,91.598,-4.969,2,1,4,4,4,16,NA,22,5,1.17,95.46925921,81.59765745,5,1,9,1,6,1,1,NA,1,12,15,9,0,9,8,3,2,NA,144.3411217,42029,7237,4,1,1,1,1,2,2,2,5,0,9,0,"white",1,1,1,0,2,NA,62.5,0,1,1,1,"suburban",0,1,0,1
6875310202,"regional_rail",687531,2,"Regional Rail",12242,41,47.925,55.958,8.033,1,1,2,4,2,19,NA,22,5,1.15,100.297428,87.21515481,4,1,10,1,6,1,1,NA,1,40,25,4,0,2,2,3,10,NA,94.37415487,42091,12205,4,2,2,1,1,0,1,1,8,0,10,1,"white",1,1,1,0,10,0,175,0,2,2,1,"suburban",1,1,0,0.5
6875310204,"regional_rail",687531,2,"Regional Rail",90,12205,43.929,49.6,5.671,1,1,4,4,1,19,NA,22,5,1.15,100.297428,87.21515481,4,1,10,1,6,1,1,NA,1,40,25,4,0,2,2,3,10,NA,94.37415487,42091,12205,4,2,2,1,1,0,1,1,8,0,10,1,"white",1,1,1,0,10,0,175,0,2,2,1,"suburban",1,1,0,0.5
6884110204,"regional_rail",688411,2,"Regional Rail",1040,16044,64.417,72.917,8.5,1,1,4,4,4,19,NA,22,5,1.12,116.0352629,103.6029133,6,2,7,1,6,1,1,NA,1,40,43,3,0,2,2,3,10,NA,256.2008551,42017,16042,4,3,2,2,2,2,1,1,7,1,7,0,"white",1,1,1,0,10,0,125,0,3,2,2,"suburban",1,1,0,0.666666666666667
6891060202,"regional_rail",689106,2,"Regional Rail",2426,1040,53.812,55.515,1.702,1,1,2,4,4,19,NA,22,5,1.12,116.3402027,103.875181,13,2,9,1,6,1,1,NA,1,40,11,4,0,2,1,3,2,NA,106.049843,42101,2426,4,2,2,1,1,0,1,2,7,1,9,0,"white",1,1,1,0,2,1,125,0,2,2,1,"suburban",1,1,0,0.5
6891060209,"regional_rail",689106,2,"Regional Rail",1040,2426,57.804,58.583,0.779,1,1,9,4,4,19,NA,22,5,1.12,116.3402027,103.875181,13,2,9,1,6,1,1,NA,1,40,11,4,0,2,1,3,2,NA,106.049843,42101,2426,4,2,2,1,1,0,1,2,7,1,9,0,"white",1,1,1,0,2,1,125,0,2,2,1,"suburban",1,1,0,0.5
6894060101,"regional_rail",689406,1,"Regional Rail",16045,56,NA,NA,NA,2,1,1,1,4,1,NA,22,5,1.17,96.72020179,82.66683914,2,1,7,1,3,1,2,2,NA,NA,NA,NA,NA,NA,NA,3,2,NA,127.0013658,42017,16045,4,1,0,1,1,0,2,2,1,0,7,0,"white",0,1,0,0,2,NA,5,1,1,0,1,"suburban",0,1,0,1
6901710202,"regional_rail",690171,2,"Regional Rail",4823,1014,60.138,62.138,2,1,1,2,4,4,19,NA,22,5,1.15,96.36334617,83.79421406,6,2,9,1,6,1,1,NA,1,35,29,3,9,1,1,3,0,NA,80.14183206,42045,4822,4,2,2,2,2,0,2,1,8,1,9,0,"white",1,1,1,0,0,1,175,0,2,2,2,"suburban",1,1,0,1
6907450102,"regional_rail",690745,1,"Regional Rail",2436,94,48.394,64.967,16.572,1,1,2,4,2,19,NA,22,5,1.17,928.9936136,794.0116355,6,1,8,3,6,1,1,NA,1,40,25,4,1,2,2,3,12,NA,657.1308911,42101,2436,3,5,1,1,0,5,2,4,4,0,8,0,"hispanic",1,1,1,0,12,0,42.5,0,5,1,1,"urban",1,1,0,0.2
6907450105,"regional_rail",690745,1,"Regional Rail",92,2436,58.65,57.133,-1.517,1,1,5,4,4,19,NA,22,5,1.17,928.9936136,794.0116355,6,1,8,3,6,1,1,NA,1,40,25,4,1,2,2,3,12,NA,657.1308911,42101,2436,3,5,1,1,0,5,2,4,4,0,8,0,"hispanic",1,1,1,0,12,0,42.5,0,5,1,1,"urban",1,1,0,0.2
6907450302,"regional_rail",690745,3,"Regional Rail",2436,92,51.295,65.45,14.155,2,1,2,4,4,19,NA,22,5,1.17,1208.331265,1032.761765,7,2,2,3,1,NA,NA,NA,NA,NA,NA,NA,NA,NA,NA,1,NA,NA,657.1308911,42101,2436,3,5,1,1,0,5,2,4,4,1,2,0,"hispanic",0,NA,NA,1,NA,NA,42.5,0,5,1,1,"urban",0,1,0,0.2
6907450304,"regional_rail",690745,3,"Bus / trolleybus",135,44,17.25,18.779,1.529,2,1,4,3,4,3,NA,14,5,1.17,1208.331265,1032.761765,7,2,2,3,1,NA,NA,NA,NA,NA,NA,NA,NA,NA,NA,1,NA,NA,657.1308911,42101,2436,3,5,1,1,0,5,2,4,4,1,2,0,"hispanic",0,NA,NA,1,NA,NA,42.5,0,5,1,1,"urban",0,1,0,0.2
6907450306,"regional_rail",690745,3,"Regional Rail",92,2436,58.65,57.133,-1.517,2,1,6,4,4,19,NA,22,5,1.17,1208.331265,1032.761765,7,2,2,3,1,NA,NA,NA,NA,NA,NA,NA,NA,NA,NA,1,NA,NA,657.1308911,42101,2436,3,5,1,1,0,5,2,4,4,1,2,0,"hispanic",0,NA,NA,1,NA,NA,42.5,0,5,1,1,"urban",0,1,0,0.2
6910820202,"regional_rail",691082,2,"Regional Rail",4829,4832,NA,NA,NA,2,1,2,4,1,19,NA,22,5,1.12,87.60697996,78.22051782,9,1,10,1,6,1,2,1,NA,NA,NA,NA,NA,NA,NA,3,0,NA,63.6728626,42045,4832,5,2,0,2,2,1,2,1,7,0,10,1,"white",1,1,0,0,0,NA,125,0,2,0,2,"rural",0,1,0,1
6947110103,"regional_rail",694711,1,"Regional Rail",4833,99,71.164,89.083,17.919,1,2,3,1,2,1,NA,22,5,1.15,100.037599,86.98921649,4,1,8,1,6,1,1,NA,1,60,11,3,0,2,2,3,10,NA,61.30058689,42045,4833,5,2,2,2,2,0,1,1,10,0,8,0,"white",1,1,1,0,10,0,300,0,2,2,2,"rural",1,1,0,1
6954690204,"regional_rail",695469,2,"Regional Rail",2426,1040,62.156,52.844,-9.312,1,2,4,4,4,19,NA,22,5,1.12,195.8878517,174.8998676,8,1,6,1,6,1,1,NA,1,55,19,4,0,2,1,3,8,NA,269.9617075,42101,2426,4,2,2,1,1,2,2,2,6,0,6,0,"white",1,1,1,0,8,1,87.5,0,2,2,1,"suburban",1,1,0,0.5
6954690205,"regional_rail",695469,2,"Trolley / light rail",1040,1017,23.35,26.083,2.733,1,2,5,4,2,19,NA,23,5,1.12,195.8878517,174.8998676,8,1,6,1,6,1,1,NA,1,55,19,4,0,2,1,3,8,NA,269.9617075,42101,2426,4,2,2,1,1,2,2,2,6,0,6,0,"white",1,1,1,0,8,1,87.5,0,2,2,1,"suburban",1,1,0,0.5
6954690207,"regional_rail",695469,2,"Regional Rail",1040,2426,59.154,59.796,0.642,1,2,7,4,4,19,NA,22,5,1.12,195.8878517,174.8998676,8,1,6,1,6,1,1,NA,1,55,19,4,0,2,1,3,8,NA,269.9617075,42101,2426,4,2,2,1,1,2,2,2,6,0,6,0,"white",1,1,1,0,8,1,87.5,0,2,2,1,"suburban",1,1,0,0.5
6957850301,"regional_rail",695785,3,"Regional Rail",2414,91,46.292,50.017,3.725,2,1,1,1,3,1,NA,22,5,1.13,162.193255,143.533854,2,1,6,1,5,1,2,6,NA,NA,NA,NA,NA,NA,NA,1,10,NA,88.41137213,42101,2414,4,3,2,2,2,1,2,1,99,0,6,0,"white",1,1,0,1,10,NA,NA,NA,3,2,2,"suburban",0,1,0,0.666666666666667
6957850302,"regional_rail",695785,3,"Regional Rail",91,2414,45.958,52.125,6.167,2,1,2,3,1,3,NA,22,5,1.13,162.193255,143.533854,2,1,6,1,5,1,2,6,NA,NA,NA,NA,NA,NA,NA,1,10,NA,88.41137213,42101,2414,4,3,2,2,2,1,2,1,99,0,6,0,"white",1,1,0,1,10,NA,NA,NA,3,2,2,"suburban",0,1,0,0.666666666666667
6975010102,"regional_rail",697501,1,"Regional Rail",8009,74,64.94,80.56,15.621,1,1,2,4,2,19,NA,22,5,1.13,91.36101478,80.85045556,5,2,9,1,5,1,1,NA,1,39,11,4,0,2,2,3,0,NA,165.678252,42029,8210,3,1,1,1,1,0,1,2,99,1,9,0,"white",1,1,1,0,0,0,NA,NA,1,1,1,"urban",1,1,0,1
6975010104,"regional_rail",697501,1,"Regional Rail",92,8009,76.067,77.817,1.75,1,1,4,4,4,19,NA,22,5,1.13,91.36101478,80.85045556,5,2,9,1,5,1,1,NA,1,39,11,4,0,2,2,3,0,NA,165.678252,42029,8210,3,1,1,1,1,0,1,2,99,1,9,0,"white",1,1,1,0,0,0,NA,NA,1,1,1,"urban",1,1,0,1
6979160103,"regional_rail",697916,1,"Regional Rail",1040,94,15.769,17.877,2.108,1,1,3,4,2,19,NA,22,5,1.15,124.0348236,107.8563684,8,1,6,100,5,1,1,NA,1,40,11,3,1,2,2,2,10,NA,145.5049067,42029,6801,4,4,2,2,2,0,2,1,8,0,6,0,"other",1,1,1,1,10,0,175,0,4,2,2,"suburban",1,1,0,0.5
6979160106,"regional_rail",697916,1,"Regional Rail",92,1040,18.131,19.454,1.323,1,1,6,4,4,19,NA,22,5,1.15,124.0348236,107.8563684,8,1,6,100,5,1,1,NA,1,40,11,3,1,2,2,2,10,NA,145.5049067,42029,6801,4,4,2,2,2,0,2,1,8,0,6,0,"other",1,1,1,1,10,0,175,0,4,2,2,"suburban",1,1,0,0.5
6994350202,"regional_rail",699435,2,"Regional Rail",5056,1040,53.36,58.75,5.39,1,1,2,4,4,19,NA,22,5,1.13,158.8608217,140.584798,6,1,8,1,5,1,1,NA,1,50,13,4,0,2,2,3,10,NA,189.8811783,42101,2434,4,4,1,2,2,4,2,1,99,0,8,0,"white",1,1,1,0,10,0,NA,NA,4,1,2,"suburban",1,1,0,0.5
6994350205,"regional_rail",699435,2,"Regional Rail",61,61,6.983,7.677,0.694,1,1,5,2,2,19,NA,22,5,1.13,158.8608217,140.584798,6,1,8,1,5,1,1,NA,1,50,13,4,0,2,2,3,10,NA,189.8811783,42101,2434,4,4,1,2,2,4,2,1,99,0,8,0,"white",1,1,1,0,10,0,NA,NA,4,1,2,"suburban",1,1,0,0.5
7043820104,"regional_rail",704382,1,"Regional Rail",1040,7042,NA,NA,NA,1,1,4,4,4,19,NA,22,5,1.15,244.4839068,212.5947015,5,1,8,1,6,1,1,NA,1,50,23,3,0,2,2,3,10,NA,158.8599044,42101,402,4,5,2,3,3,5,2,1,8,0,8,0,"white",1,1,1,0,10,0,175,0,5,2,3,"suburban",1,1,0,0.6
7082240102,"regional_rail",708224,1,"Regional Rail",7237,1026,99.8,95.257,-4.543,1,1,2,4,2,19,NA,22,5,1.17,96.19505041,82.21799181,7,1,10,1,5,1,1,NA,1,35,21,4,0,8,1,3,8,NA,98.78021189,42029,7237,4,2,1,2,2,2,2,1,5,0,10,1,"white",1,1,1,0,8,1,62.5,0,2,1,2,"suburban",1,1,0,1
7082240106,"regional_rail",708224,1,"Regional Rail",90,7237,88.458,94.976,6.518,1,1,6,4,4,18,NA,22,5,1.17,96.19505041,82.21799181,7,1,10,1,5,1,1,NA,1,35,21,4,0,8,1,3,8,NA,98.78021189,42029,7237,4,2,1,2,2,2,2,1,5,0,10,1,"white",1,1,1,0,8,1,62.5,0,2,1,2,"suburban",1,1,0,1
7108500201,"regional_rail",710850,2,"Regional Rail",2004,2211,78.738,82.754,4.017,2,1,1,1,4,1,NA,22,5,1.12,515.8015262,460.5370769,2,1,8,2,5,1,1,NA,1,45,41,NA,NA,NA,NA,3,0,NA,347.9257146,42101,2004,4,4,2,2,2,1,2,2,6,0,8,0,"black",1,1,1,0,0,NA,87.5,0,4,2,2,"suburban",0,1,0,0.5
7161730101,"regional_rail",716173,1,"Regional Rail",12205,53,54.244,57.873,3.629,1,1,1,1,2,1,NA,22,5,1.17,139.2960465,119.05645,2,2,5,1,5,1,1,NA,1,40,19,4,0,8,1,3,10,NA,661.246316,42091,12205,4,1,1,1,1,0,2,5,3,1,5,0,"white",1,1,1,0,10,1,30,1,1,1,1,"suburban",1,1,0,1
7161730102,"regional_rail",716173,1,"Regional Rail",53,12205,53.679,58.1,4.421,1,1,2,2,1,5,NA,22,5,1.17,139.2960465,119.05645,2,2,5,1,5,1,1,NA,1,40,19,4,0,8,1,3,10,NA,661.246316,42091,12205,4,1,1,1,1,0,2,5,3,1,5,0,"white",1,1,1,0,10,1,30,1,1,1,1,"suburban",1,1,0,1
7190730301,"regional_rail",719073,3,"Regional Rail",3625,93,77.35,84.35,7,3,1,1,1,3,1,NA,22,5,1.12,454.2496788,405.5800704,2,1,5,1,3,1,1,NA,1,24,35,9,0,9,8,1,10,NA,209.6373141,42101,3625,4,4,2,2,2,0,2,2,6,0,5,0,"white",0,1,1,1,10,NA,87.5,0,4,2,2,"suburban",0,0,0,0.5
7226600203,"regional_rail",722660,2,"Regional Rail",92,12430,51.858,60.483,8.625,1,1,3,4,4,19,NA,22,5,1.15,188.7454941,164.1265166,4,2,8,1,6,1,1,NA,1,60,23,3,0,1,1,3,10,NA,127.2350002,42091,12026,4,4,2,3,3,3,1,2,9,1,8,0,"white",1,1,1,0,10,1,225,0,4,2,3,"suburban",1,1,0,0.75
7229350202,"regional_rail",722935,2,"Regional Rail",10023,92,47.833,54.617,6.783,1,1,2,4,4,18,NA,22,5,1.15,105.6635479,91.88134602,6,1,9,1,6,1,1,NA,1,60,43,4,1,2,2,3,0,NA,127.4020241,42091,10209,4,3,2,1,1,0,2,2,10,0,9,0,"white",1,1,1,0,0,0,300,0,3,2,1,"suburban",1,1,0,0.333333333333333
7229350205,"regional_rail",722935,2,"Regional Rail",92,5057,61.921,65.76,3.84,1,1,5,4,4,19,NA,22,5,1.15,105.6635479,91.88134602,6,1,9,1,6,1,1,NA,1,60,43,4,1,2,2,3,0,NA,127.4020241,42091,10209,4,3,2,1,1,0,2,2,10,0,9,0,"white",1,1,1,0,0,0,300,0,3,2,1,"suburban",1,1,0,0.333333333333333
7235440101,"regional_rail",723544,1,"Regional Rail",3030,72,68.575,63.45,-5.125,1,1,1,1,2,1,NA,22,5,1.12,260.2704702,232.3843484,2,1,9,1,2,1,1,NA,1,40,17,3,0,2,2,3,10,NA,212.6459498,42101,3030,3,3,2,2,2,1,2,2,7,0,9,0,"white",0,1,1,0,10,0,125,0,3,2,2,"urban",1,1,0,0.666666666666667
7235440102,"regional_rail",723544,1,"Regional Rail",72,3030,54.571,59.715,5.144,1,1,2,2,1,5,NA,22,5,1.12,260.2704702,232.3843484,2,1,9,1,2,1,1,NA,1,40,17,3,0,2,2,3,10,NA,212.6459498,42101,3030,3,3,2,2,2,1,2,2,7,0,9,0,"white",0,1,1,0,10,0,125,0,3,2,2,"urban",1,1,0,0.666666666666667
7244310104,"regional_rail",724431,1,"Regional Rail",1040,8009,64.067,68.567,4.5,1,1,4,4,4,19,NA,22,5,1.17,94.0612493,80.39423017,6,2,10,1,6,1,1,NA,1,16,19,3,0,1,8,3,4,NA,151.067073,42029,6602,5,2,1,2,2,0,2,2,4,1,10,1,"white",1,1,1,0,4,NA,42.5,0,2,1,2,"rural",1,1,0,1
7269360102,"regional_rail",726936,1,"Regional Rail",15234,90,79.8,86.3,6.5,3,1,2,4,4,19,NA,22,5,1.17,229.2547159,195.9442016,6,2,8,1,6,1,1,NA,1,40,29,3,0,1,1,3,14,NA,184.9597351,42017,15244,5,1,1,1,1,1,2,2,5,1,8,0,"white",1,1,1,0,14,1,62.5,0,1,1,1,"rural",0,0,0,1
7269360105,"regional_rail",726936,1,"Regional Rail",56,56,7.823,7.931,0.108,3,1,5,2,2,19,NA,22,5,1.17,229.2547159,195.9442016,6,2,8,1,6,1,1,NA,1,40,29,3,0,1,1,3,14,NA,184.9597351,42017,15244,5,1,1,1,1,1,2,2,5,1,8,0,"white",1,1,1,0,14,1,62.5,0,1,1,1,"rural",0,0,0,1
7287700102,"regional_rail",728770,1,"Regional Rail",7042,90,NA,NA,NA,2,1,2,4,4,19,NA,22,5,1.17,96.75203431,82.69404642,6,1,10,1,6,1,2,1,NA,NA,NA,NA,NA,NA,NA,3,2,NA,65.14049496,42029,7224,4,2,0,2,2,1,2,1,4,0,10,1,"white",1,1,0,0,2,NA,42.5,0,2,0,2,"suburban",0,1,0,1
7296440109,"regional_rail",729644,1,"Regional Rail",4814,92,73.85,76.85,3,1,1,9,4,4,19,NA,22,5,1.17,141.7865984,121.1851268,13,2,8,1,6,1,1,NA,3,45,43,1,0,3,2,3,0,NA,310.1762019,42029,6626,3,1,1,1,1,0,2,3,4,1,8,0,"white",1,1,1,0,0,0,42.5,0,1,1,1,"urban",1,1,0,1
7296440110,"regional_rail",729644,1,"Bus / trolleybus",92,2210,NA,NA,NA,1,1,10,4,4,19,NA,14,5,1.17,141.7865984,121.1851268,13,2,8,1,6,1,1,NA,3,45,43,1,0,3,2,3,0,NA,310.1762019,42029,6626,3,1,1,1,1,0,2,3,4,1,8,0,"white",1,1,1,0,0,0,42.5,0,1,1,1,"urban",1,1,0,1
7296440111,"regional_rail",729644,1,"Bus / trolleybus",2210,92,NA,NA,NA,1,1,11,4,4,15,NA,14,5,1.17,141.7865984,121.1851268,13,2,8,1,6,1,1,NA,3,45,43,1,0,3,2,3,0,NA,310.1762019,42029,6626,3,1,1,1,1,0,2,3,4,1,8,0,"white",1,1,1,0,0,0,42.5,0,1,1,1,"urban",1,1,0,1
7296440112,"regional_rail",729644,1,"Regional Rail",92,4814,NA,NA,NA,1,1,12,4,4,19,NA,22,5,1.17,141.7865984,121.1851268,13,2,8,1,6,1,1,NA,3,45,43,1,0,3,2,3,0,NA,310.1762019,42029,6626,3,1,1,1,1,0,2,3,4,1,8,0,"white",1,1,1,0,0,0,42.5,0,1,1,1,"urban",1,1,0,1
7299090202,"regional_rail",729909,2,"Regional Rail",15604,1040,60.5,61.75,1.25,3,1,2,4,4,19,NA,22,5,1.17,96.79392151,82.72984744,6,2,9,1,2,1,1,NA,1,12,41,1,0,3,2,3,2,NA,122.2808044,42017,15617,4,2,1,2,2,0,2,1,5,1,9,0,"white",0,1,1,0,2,0,62.5,0,2,1,2,"suburban",0,0,0,1
7299090203,"regional_rail",729909,2,"Regional Rail",1040,4040,80.604,111.504,30.9,3,1,3,4,4,11,NA,22,5,1.17,96.79392151,82.72984744,6,2,9,1,2,1,1,NA,1,12,41,1,0,3,2,3,2,NA,122.2808044,42017,15617,4,2,1,2,2,0,2,1,5,1,9,0,"white",0,1,1,0,2,0,62.5,0,2,1,2,"suburban",0,0,0,1
7299660202,"regional_rail",729966,2,"Regional Rail",4207,1014,37.567,46.138,8.571,1,1,2,4,4,19,NA,22,5,1.12,161.0022978,143.7520516,6,1,7,100,6,1,1,NA,1,40,11,4,0,2,2,3,10,NA,130.115316,42045,4208,4,2,2,1,1,2,2,1,7,0,7,0,"other",1,1,1,0,10,0,125,0,2,2,1,"suburban",1,1,0,0.5
7299660205,"regional_rail",729966,2,"Regional Rail",1030,1030,7.258,8.427,1.169,1,1,5,2,2,19,NA,22,5,1.12,161.0022978,143.7520516,6,1,7,100,6,1,1,NA,1,40,11,4,0,2,2,3,10,NA,130.115316,42045,4208,4,2,2,1,1,2,2,1,7,0,7,0,"other",1,1,1,0,10,0,125,0,2,2,1,"suburban",1,1,0,0.5
7310440102,"regional_rail",731044,1,"Regional Rail",4402,92,51.483,55.233,3.75,1,1,2,4,4,19,NA,22,5,1.17,183.4890954,156.8282867,6,2,8,1,6,1,1,NA,1,45,11,3,0,2,2,3,10,NA,294.8345501,42045,4436,4,1,1,1,1,0,2,1,5,1,8,0,"white",1,1,1,0,10,0,62.5,0,1,1,1,"suburban",1,1,0,1
7310440105,"regional_rail",731044,1,"Regional Rail",92,4402,49.717,62.04,12.323,1,1,5,4,4,19,NA,22,5,1.17,183.4890954,156.8282867,6,2,8,1,6,1,1,NA,1,45,11,3,0,2,2,3,10,NA,294.8345501,42045,4436,4,1,1,1,1,0,2,1,5,1,8,0,"white",1,1,1,0,10,0,62.5,0,1,1,1,"suburban",1,1,0,1
7364940102,"regional_rail",736494,1,"Regional Rail",8009,90,86.8,80.3,-6.5,1,1,2,4,4,19,NA,22,5,1.12,144.3157434,128.8533424,6,1,7,1,6,1,1,NA,1,40,17,4,0,2,2,3,10,NA,346.2479851,42029,8202,5,3,2,2,2,0,2,1,7,0,7,0,"white",1,1,1,0,10,0,125,0,3,2,2,"rural",1,1,0,0.666666666666667
7364940105,"regional_rail",736494,1,"Regional Rail",54,69,8.542,8.6,0.058,1,1,5,2,2,19,NA,22,5,1.12,144.3157434,128.8533424,6,1,7,1,6,1,1,NA,1,40,17,4,0,2,2,3,10,NA,346.2479851,42029,8202,5,3,2,2,2,0,2,1,7,0,7,0,"white",1,1,1,0,10,0,125,0,3,2,2,"rural",1,1,0,0.666666666666667
7405870102,"regional_rail",740587,1,"Regional Rail",12242,90,39.05,45.546,6.496,1,1,2,4,4,19,NA,22,5,1.17,97.95764458,83.72448255,7,2,9,1,5,1,1,NA,1,40,15,4,0,2,2,3,10,NA,129.7738883,42091,12224,4,2,2,2,2,0,2,1,5,1,9,0,"white",1,1,1,0,10,0,62.5,0,2,2,2,"suburban",1,1,0,1
7405870106,"regional_rail",740587,1,"Regional Rail",92,74,9.352,10.615,1.262,1,1,6,4,2,19,NA,22,5,1.17,97.95764458,83.72448255,7,2,9,1,5,1,1,NA,1,40,15,4,0,2,2,3,10,NA,129.7738883,42091,12224,4,2,2,2,2,0,2,1,5,1,9,0,"white",1,1,1,0,10,0,62.5,0,2,2,2,"suburban",1,1,0,1
7408990103,"regional_rail",740899,1,"Regional Rail",16044,99,69.908,90.408,20.5,1,1,3,4,2,19,NA,22,5,1.15,156.7304066,136.2873101,5,1,7,1,5,1,1,NA,1,50,11,3,1,2,2,3,10,NA,208.8152663,34021,18420,5,4,1,2,2,4,2,1,8,0,7,0,"white",1,1,1,0,10,0,175,0,4,1,2,"rural",1,1,0,0.5
7480490101,"regional_rail",748049,1,"Regional Rail",12251,80,63.792,72.121,8.329,1,1,1,1,2,1,NA,22,5,1.12,97.43357593,86.99426422,2,2,10,1,5,1,1,NA,1,35,13,3,0,2,2,3,10,NA,139.7928241,42091,12251,4,2,2,1,1,0,2,1,7,1,10,1,"white",1,1,1,0,10,0,125,0,2,2,1,"suburban",1,1,0,0.5
7480490102,"regional_rail",748049,1,"Regional Rail",80,12251,66.498,73.963,7.465,1,1,2,2,1,11,NA,22,5,1.12,97.43357593,86.99426422,2,2,10,1,5,1,1,NA,1,35,13,3,0,2,2,3,10,NA,139.7928241,42091,12251,4,2,2,1,1,0,2,1,7,1,10,1,"white",1,1,1,0,10,0,125,0,2,2,1,"suburban",1,1,0,0.5
9021800102,"regional_rail",902180,1,"Regional Rail",8006,86,69.75,83,13.25,1,1,2,4,2,19,NA,22,5,1.12,464.7110199,414.9205535,5,2,7,1,6,1,1,NA,1,40,27,3,1,2,2,3,0,NA,116.1269518,42029,8218,5,3,2,3,3,3,1,1,7,1,7,0,"white",1,1,1,0,0,0,125,0,3,2,3,"rural",1,1,0,1
9021800104,"regional_rail",902180,1,"Regional Rail",90,8006,74.658,74.783,0.125,1,1,4,4,4,19,NA,22,5,1.12,464.7110199,414.9205535,5,2,7,1,6,1,1,NA,1,40,27,3,1,2,2,3,0,NA,116.1269518,42029,8218,5,3,2,3,3,3,1,1,7,1,7,0,"white",1,1,1,0,0,0,125,0,3,2,3,"rural",1,1,0,1
10002050101,"regional_rail",1000205,1,"Regional Rail",14602,56,87.825,104.7,16.875,1,1,1,1,2,1,NA,22,5,1.12,254.7886271,227.4898457,6,1,6,5,6,1,1,NA,1,40,11,4,0,1,1,3,10,NA,629.3148174,42017,14602,4,4,1,2,2,0,1,2,7,0,6,0,"asian",1,1,1,0,10,1,125,0,4,1,2,"suburban",1,1,0,0.5
10002050102,"regional_rail",1000205,1,"Regional Rail",56,14602,90.683,114.183,23.5,1,1,2,2,1,5,NA,22,5,1.12,254.7886271,227.4898457,6,1,6,5,6,1,1,NA,1,40,11,4,0,1,1,3,10,NA,629.3148174,42017,14602,4,4,1,2,2,0,1,2,7,0,6,0,"asian",1,1,1,0,10,1,125,0,4,1,2,"suburban",1,1,0,0.5
10163010102,"regional_rail",1016301,1,"Regional Rail",4420,90,40.369,46.79,6.421,2,1,2,4,4,19,NA,22,5,1.17,692.2696634,591.683473,5,1,9,2,5,1,2,1,NA,NA,NA,NA,NA,NA,NA,3,4,NA,353.8173917,42045,4420,4,1,0,0,0,1,1,3,4,0,9,0,"black",1,1,0,0,4,NA,42.5,0,1,0,0,"suburban",0,1,1,0
10231310102,"regional_rail",1023131,1,"Regional Rail",92,11633,90.617,94.1,3.483,1,1,2,4,4,19,NA,22,5,1.12,249.8247948,223.0578525,8,2,9,1,3,1,1,NA,1,40,11,4,1,3,8,3,10,NA,253.8944672,42101,121,1,2,1,1,1,2,2,2,7,1,9,0,"white",0,1,1,0,10,NA,125,0,2,1,1,"cbd",1,1,0,0.5
10297340102,"regional_rail",1029734,1,"Regional Rail",4829,1034,56.675,64.3,7.625,1,1,2,4,2,19,NA,22,5,1.12,101.0030728,90.18131501,7,2,9,1,6,1,1,NA,1,45,13,3,0,8,8,3,10,NA,154.6331491,42045,4610,4,1,1,1,1,0,2,2,7,1,9,0,"white",1,1,1,0,10,NA,125,0,1,1,1,"suburban",1,1,0,1
10297340105,"regional_rail",1029734,1,"Regional Rail",1034,1034,12.421,11.308,-1.113,1,1,5,2,2,19,NA,22,5,1.12,101.0030728,90.18131501,7,2,9,1,6,1,1,NA,1,45,13,3,0,8,8,3,10,NA,154.6331491,42045,4610,4,1,1,1,1,0,2,2,7,1,9,0,"white",1,1,1,0,10,NA,125,0,1,1,1,"suburban",1,1,0,1
10358740202,"regional_rail",1035874,2,"Regional Rail",4207,92,43.795,53.795,10,2,1,2,4,4,19,NA,22,5,1.12,167.0676226,149.1675202,9,2,5,1,5,1,2,6,NA,NA,NA,NA,NA,NA,NA,1,10,NA,173.9182877,42045,4222,4,2,0,2,2,0,2,2,6,1,5,0,"white",1,1,0,1,10,NA,87.5,0,2,0,2,"suburban",0,1,0,1
10358740205,"regional_rail",1035874,2,"Regional Rail",92,4207,50.95,64.45,13.5,2,1,5,4,4,19,NA,22,5,1.12,167.0676226,149.1675202,9,2,5,1,5,1,2,6,NA,NA,NA,NA,NA,NA,NA,1,10,NA,173.9182877,42045,4222,4,2,0,2,2,0,2,2,6,1,5,0,"white",1,1,0,1,10,NA,87.5,0,2,0,2,"suburban",0,1,0,1
10548670102,"regional_rail",1054867,1,"Regional Rail",2823,92,47.617,54.054,6.438,1,1,2,4,4,18,NA,22,5,1.17,332.3347396,284.046786,6,2,9,1,3,1,1,NA,1,40,23,4,0,2,2,3,10,NA,479.847088,42091,12203,4,3,1,4,4,0,2,1,5,1,9,0,"white",0,1,1,0,10,0,62.5,0,3,1,4,"suburban",1,1,0,1.33333333333333
10548670105,"regional_rail",1054867,1,"Regional Rail",92,12209,65.983,64.217,-1.767,1,1,5,4,4,19,NA,22,5,1.17,332.3347396,284.046786,6,2,9,1,3,1,1,NA,1,40,23,4,0,2,2,3,10,NA,479.847088,42091,12203,4,3,1,4,4,0,2,1,5,1,9,0,"white",0,1,1,0,10,0,62.5,0,3,1,4,"suburban",1,1,0,1.33333333333333
10767710304,"regional_rail",1076771,3,"Regional Rail",90,12430,55.683,70.233,14.55,1,1,4,4,4,19,NA,22,5,1.12,178.5714763,159.4388181,16,1,5,1,6,2,1,NA,1,40,15,4,0,3,8,3,10,NA,335.3138556,34007,22205,4,4,2,1,1,0,2,1,7,0,5,0,"white",1,0,1,0,10,NA,125,0,4,2,1,"suburban",1,1,0,0.25
10767710306,"regional_rail",1076771,3,"Bus / trolleybus",12430,12015,48.833,NA,NA,1,1,6,4,4,19,NA,14,5,1.12,178.5714763,159.4388181,16,1,5,1,6,2,1,NA,1,40,15,4,0,3,8,3,10,NA,335.3138556,34007,22205,4,4,2,1,1,0,2,1,7,0,5,0,"white",1,0,1,0,10,NA,125,0,4,2,1,"suburban",1,1,0,0.25
10767710309,"regional_rail",1076771,3,"Bus / trolleybus",12015,12430,44.083,NA,NA,1,1,9,4,4,19,NA,14,5,1.12,178.5714763,159.4388181,16,1,5,1,6,2,1,NA,1,40,15,4,0,3,8,3,10,NA,335.3138556,34007,22205,4,4,2,1,1,0,2,1,7,0,5,0,"white",1,0,1,0,10,NA,125,0,4,2,1,"suburban",1,1,0,0.25
10767710311,"regional_rail",1076771,3,"Regional Rail",12430,1040,92.938,81.5,-11.438,1,1,11,4,4,19,NA,22,5,1.12,178.5714763,159.4388181,16,1,5,1,6,2,1,NA,1,40,15,4,0,3,8,3,10,NA,335.3138556,34007,22205,4,4,2,1,1,0,2,1,7,0,5,0,"white",1,0,1,0,10,NA,125,0,4,2,1,"suburban",1,1,0,0.25
10855270201,"regional_rail",1085527,2,"Regional Rail",7015,72,NA,NA,NA,1,1,1,1,2,1,NA,22,5,1.12,89.69657033,80.08622351,3,2,9,1,5,1,1,NA,1,40,29,4,0,2,1,3,10,NA,109.7780394,42029,7015,4,2,2,2,2,2,2,1,7,1,9,0,"white",1,1,1,0,10,1,125,0,2,2,2,"suburban",1,1,0,1
10957640101,"regional_rail",1095764,1,"Regional Rail",2403,1012,53.75,55.75,2,3,1,1,2,2,1,NA,22,5,1.12,240.1790984,214.4456235,2,1,7,1,6,1,1,NA,1,42,11,3,0,8,1,3,8,NA,692.9951503,42101,2403,3,6,3,1,1,8,2,2,7,0,7,0,"white",1,1,1,0,8,1,125,0,6,3,1,"urban",0,0,0,0.166666666666667
10957640102,"regional_rail",1095764,1,"Regional Rail",1012,2403,59.008,64.967,5.958,3,1,2,2,1,5,NA,22,5,1.12,240.1790984,214.4456235,2,1,7,1,6,1,1,NA,1,42,11,3,0,8,1,3,8,NA,692.9951503,42101,2403,3,6,3,1,1,8,2,2,7,0,7,0,"white",1,1,1,0,8,1,125,0,6,3,1,"urban",0,0,0,0.166666666666667
11034830302,"regional_rail",1103483,3,"Regional Rail",15234,92,92.617,92.367,-0.25,1,1,2,4,4,19,NA,22,5,1.15,164.4133393,142.9681212,4,1,6,1,6,1,1,NA,1,40,23,3,0,8,8,3,10,NA,98.14051616,42017,15226,4,3,1,3,3,0,2,1,8,0,6,0,"white",1,1,1,0,10,NA,175,0,3,1,3,"suburban",1,1,0,1
11065170302,"regional_rail",1106517,3,"Bus / trolleybus",4414,4420,12.312,17.15,4.837,1,1,2,4,4,19,NA,14,5,1.17,90.45563013,77.31250438,7,1,6,2,5,2,1,NA,1,40,15,4,0,3,2,3,5,NA,668.0269286,42045,4414,3,4,2,1,1,0,2,2,3,0,6,0,"black",1,0,1,0,5,0,30,1,4,2,1,"urban",1,1,0,0.25
11065170303,"regional_rail",1106517,3,"Regional Rail",4420,1040,41.11,45.971,4.86,1,1,3,4,4,19,NA,22,5,1.17,90.45563013,77.31250438,7,1,6,2,5,2,1,NA,1,40,15,4,0,3,2,3,5,NA,668.0269286,42045,4414,3,4,2,1,1,0,2,2,3,0,6,0,"black",1,0,1,0,5,0,30,1,4,2,1,"urban",1,1,0,0.25
11065170304,"regional_rail",1106517,3,"Regional Rail",1040,5054,60.975,73.867,12.892,1,1,4,4,4,19,NA,22,5,1.17,90.45563013,77.31250438,7,1,6,2,5,2,1,NA,1,40,15,4,0,3,2,3,5,NA,668.0269286,42045,4414,3,4,2,1,1,0,2,2,3,0,6,0,"black",1,0,1,0,5,0,30,1,4,2,1,"urban",1,1,0,0.25
11144220102,"regional_rail",1114422,1,"Regional Rail",10422,90,59.688,58.142,-1.546,1,1,2,4,4,19,NA,22,5,1.12,175.7975191,156.9620706,6,1,10,1,4,1,1,NA,1,60,11,3,0,2,2,3,5,NA,370.0718858,42091,10420,5,2,1,2,2,1,2,1,6,0,10,1,"white",0,1,1,0,5,0,87.5,0,2,1,2,"rural",1,1,0,1
11144220105,"regional_rail",1114422,1,"Regional Rail",90,71,8.34,8.204,-0.135,1,1,5,2,4,19,NA,22,5,1.12,175.7975191,156.9620706,6,1,10,1,4,1,1,NA,1,60,11,3,0,2,2,3,5,NA,370.0718858,42091,10420,5,2,1,2,2,1,2,1,6,0,10,1,"white",0,1,1,0,5,0,87.5,0,2,1,2,"rural",1,1,0,1
11146190201,"regional_rail",1114619,2,"Regional Rail",4211,117,50.883,68.708,17.825,2,1,1,1,4,1,NA,22,5,1.17,432.9317159,370.0271076,3,2,7,2,4,2,2,4,NA,NA,NA,NA,NA,NA,NA,3,2,NA,573.51099,42045,4211,4,2,1,1,1,0,2,5,4,1,7,0,"black",0,0,0,0,2,NA,42.5,0,2,1,1,"suburban",0,1,0,0.5
11196660402,"regional_rail",1119666,4,"Regional Rail",414,11843,NA,NA,NA,2,1,2,3,1,2,NA,22,5,1.15,936.3900048,814.2521781,2,1,6,1,4,1,1,NA,1,20,17,3,0,3,1,1,2,NA,432.8125428,42091,11843,4,4,3,3,3,2,2,1,8,0,6,0,"white",0,1,1,1,2,1,175,0,4,3,3,"suburban",0,1,0,0.75
11385120101,"regional_rail",1138512,1,"Regional Rail",4230,1014,44.692,53.317,8.625,1,1,1,1,2,1,NA,22,5,1.15,99.67010621,86.66965757,2,2,9,1,2,1,1,NA,1,40,43,4,0,1,1,3,10,NA,90.94980898,42045,4230,4,2,2,1,1,0,2,1,9,1,9,0,"white",0,1,1,0,10,1,225,0,2,2,1,"suburban",1,1,0,0.5
11385120102,"regional_rail",1138512,1,"Regional Rail",1014,4230,38.733,52.358,13.625,1,1,2,2,1,5,NA,22,5,1.15,99.67010621,86.66965757,2,2,9,1,2,1,1,NA,1,40,43,4,0,1,1,3,10,NA,90.94980898,42045,4230,4,2,2,1,1,0,2,1,9,1,9,0,"white",0,1,1,0,10,1,225,0,2,2,1,"suburban",1,1,0,0.5
11430690102,"regional_rail",1143069,1,"Regional Rail",5057,95,59.975,62.642,2.667,1,1,2,4,2,19,NA,22,5,1.13,95.06140393,84.12513622,6,1,10,1,6,1,1,NA,1,40,23,3,0,2,2,3,10,NA,157.3231902,42029,8017,4,2,2,2,2,2,1,1,99,0,10,1,"white",1,1,1,0,10,0,NA,NA,2,2,2,"suburban",1,1,0,1
11430690202,"regional_rail",1143069,2,"Regional Rail",5057,92,57.35,59.85,2.5,1,1,2,4,4,19,NA,22,5,1.13,90.63831857,80.21090139,10,2,9,1,6,1,1,NA,1,40,23,3,0,2,2,3,10,NA,157.3231902,42029,8017,4,2,2,2,2,2,1,1,99,1,9,0,"white",1,1,1,0,10,0,NA,NA,2,2,2,"suburban",1,1,0,1
11470540102,"regional_rail",1147054,1,"Regional Rail",1013,1018,20.525,22.833,2.308,1,1,2,4,2,19,NA,22,5,1.17,131.1895959,112.1278597,9,2,10,2,5,2,1,NA,1,40,11,4,0,2,1,3,14,NA,210.8563572,42101,1006,3,1,1,0,0,0,2,2,5,1,10,1,"black",1,0,1,0,14,1,62.5,0,1,1,0,"urban",1,1,1,0
11472070101,"regional_rail",1147207,1,"Regional Rail",14803,81,NA,NA,NA,1,1,1,1,2,96,NA,22,5,1.15,99.90016861,86.86971183,2,1,8,3,5,1,1,NA,1,50,41,3,0,2,2,3,4,NA,100.7959275,42017,14803,5,1,1,2,2,3,2,1,8,0,8,0,"hispanic",1,1,1,0,4,0,175,0,1,1,2,"rural",1,1,0,2
11472070102,"regional_rail",1147207,1,"Regional Rail",81,14803,NA,NA,NA,1,1,2,2,1,14,NA,22,5,1.15,99.90016861,86.86971183,2,1,8,3,5,1,1,NA,1,50,41,3,0,2,2,3,4,NA,100.7959275,42017,14803,5,1,1,2,2,3,2,1,8,0,8,0,"hispanic",1,1,1,0,4,0,175,0,1,1,2,"rural",1,1,0,2
11567710108,"regional_rail",1156771,1,"Regional Rail",2414,74,46.785,52.098,5.312,3,3,8,4,2,96,NA,22,5,1.15,139.3457758,121.1702398,9,2,7,1,5,1,1,NA,2,50,29,4,0,2,1,3,6,NA,235.1224466,42101,2411,3,4,2,1,1,4,1,2,8,1,7,0,"white",1,1,1,0,6,1,175,0,4,2,1,"urban",0,0,0,0.25
11567710201,"regional_rail",1156771,2,"Regional Rail",2411,53,46.65,48.771,2.121,1,1,1,1,2,1,NA,22,5,1.15,145.1318711,126.2016271,4,1,7,1,6,1,1,NA,1,55,13,4,3,2,2,3,10,NA,235.1224466,42101,2411,3,4,2,1,1,4,1,2,8,0,7,0,"white",1,1,1,0,10,0,175,0,4,2,1,"urban",1,1,0,0.25
11567710202,"regional_rail",1156771,2,"Regional Rail",53,2411,47.388,53.698,6.31,1,1,2,2,1,5,NA,22,5,1.15,145.1318711,126.2016271,4,1,7,1,6,1,1,NA,1,55,13,4,3,2,2,3,10,NA,235.1224466,42101,2411,3,4,2,1,1,4,1,2,8,0,7,0,"white",1,1,1,0,10,0,175,0,4,2,1,"urban",1,1,0,0.25
11614380204,"regional_rail",1161438,2,"Regional Rail",7042,7042,NA,NA,NA,2,2,4,4,4,19,NA,22,5,1.12,169.001247,150.8939706,5,1,7,5,6,1,1,NA,1,45,23,3,0,3,2,3,6,NA,472.9990304,42029,7042,5,5,1,2,2,1,2,1,6,0,7,0,"asian",1,1,1,0,6,0,87.5,0,5,1,2,"rural",0,1,0,0.4
11738310302,"regional_rail",1173831,3,"Regional Rail",4814,4814,38.933,35.958,-2.975,2,1,2,4,4,19,NA,22,5,1.15,164.4610926,143.0096457,6,2,4,1,1,2,2,6,NA,NA,NA,NA,NA,NA,NA,1,10,NA,232.4564244,42045,4810,4,5,2,2,2,5,1,1,9,1,4,0,"white",0,0,0,1,10,NA,225,0,5,2,2,"suburban",0,1,0,0.4
11738310305,"regional_rail",1173831,3,"Regional Rail",92,4814,93.879,94.723,0.844,2,1,5,4,4,96,NA,22,5,1.15,164.4610926,143.0096457,6,2,4,1,1,2,2,6,NA,NA,NA,NA,NA,NA,NA,1,10,NA,232.4564244,42045,4810,4,5,2,2,2,5,1,1,9,1,4,0,"white",0,0,0,1,10,NA,225,0,5,2,2,"suburban",0,1,0,0.4
11787050201,"regional_rail",1178705,2,"Regional Rail",15229,76,NA,NA,NA,3,1,1,2,2,1,NA,22,5,1.15,138.3676112,120.3196619,1,2,7,1,6,1,1,NA,1,40,13,4,1,2,8,3,10,NA,176.9541636,42017,15229,4,3,2,3,2,5,2,2,9,1,7,0,"white",1,1,1,0,10,NA,225,0,3,2,3,"suburban",0,0,0,1
11904960102,"regional_rail",1190496,1,"Regional Rail",7401,8009,102.931,93.233,-9.698,1,1,2,4,4,19,NA,22,5,1.12,122.6966127,109.550547,5,1,7,1,5,1,1,NA,1,40,15,NA,NA,NA,NA,3,10,NA,360.3462747,42029,7405,4,2,2,1,1,1,2,1,7,0,7,0,"white",1,1,1,0,10,NA,125,0,2,2,1,"suburban",1,1,0,0.5
11904960104,"regional_rail",1190496,1,"Regional Rail",8018,7405,NA,NA,NA,1,1,4,4,2,5,NA,22,5,1.12,122.6966127,109.550547,5,1,7,1,5,1,1,NA,1,40,15,NA,NA,NA,NA,3,10,NA,360.3462747,42029,7405,4,2,2,1,1,1,2,1,7,0,7,0,"white",1,1,1,0,10,NA,125,0,2,2,1,"suburban",1,1,0,0.5
11972470101,"regional_rail",1197247,1,"Regional Rail",15239,1026,NA,NA,NA,1,1,1,1,2,1,NA,22,5,1.12,94.55304679,84.42236321,2,1,10,1,6,1,2,1,NA,NA,NA,NA,NA,NA,NA,3,0,NA,304.7852773,42017,15239,4,2,1,2,2,0,2,1,7,0,10,1,"white",1,1,0,0,0,NA,125,0,2,1,2,"suburban",1,1,0,1
11972470102,"regional_rail",1197247,1,"Regional Rail",1026,15239,NA,NA,NA,1,1,2,2,1,5,NA,22,5,1.12,94.55304679,84.42236321,2,1,10,1,6,1,2,1,NA,NA,NA,NA,NA,NA,NA,3,0,NA,304.7852773,42017,15239,4,2,1,2,2,0,2,1,7,0,10,1,"white",1,1,0,0,0,NA,125,0,2,1,2,"suburban",1,1,0,1
12046720204,"regional_rail",1204672,2,"Regional Rail",10009,92,58.95,60.308,1.358,1,2,4,4,4,18,NA,22,5,1.12,159.0012255,141.9653799,8,2,7,5,6,1,1,NA,1,50,13,4,4,2,2,3,6,NA,196.8145341,42045,5014,4,2,2,1,1,2,2,2,7,1,7,0,"asian",1,1,1,0,6,0,125,0,2,2,1,"suburban",1,1,0,0.5
12046720207,"regional_rail",1204672,2,"Regional Rail",92,10009,48.542,49.154,0.612,1,2,7,4,4,19,NA,22,5,1.12,159.0012255,141.9653799,8,2,7,5,6,1,1,NA,1,50,13,4,4,2,2,3,6,NA,196.8145341,42045,5014,4,2,2,1,1,2,2,2,7,1,7,0,"asian",1,1,1,0,6,0,125,0,2,2,1,"suburban",1,1,0,0.5
12091100101,"regional_rail",1209110,1,"Regional Rail",10011,98,53.533,NA,NA,2,1,1,1,4,1,NA,22,5,1.15,94.58503839,82.24785947,2,2,9,1,6,1,2,4,NA,NA,NA,NA,NA,NA,NA,3,4,NA,63.008432,42091,10011,4,1,0,1,1,0,2,1,9,1,9,0,"white",1,1,0,0,4,NA,225,0,1,0,1,"suburban",0,1,0,1
12105620303,"regional_rail",1210562,3,"Regional Rail",1040,2407,47.408,46.125,-1.283,2,1,3,4,3,19,NA,22,5,1.15,210.9412146,183.4271431,5,1,3,1,1,NA,NA,NA,NA,NA,NA,NA,NA,NA,NA,1,10,NA,203.0774267,42101,5,1,4,2,2,2,4,1,2,9,0,3,0,"white",0,NA,NA,1,10,NA,225,0,4,2,2,"cbd",0,1,0,0.5
12105620304,"regional_rail",1210562,3,"Regional Rail",2407,90,38.754,44.496,5.742,2,1,4,3,4,3,NA,22,5,1.15,210.9412146,183.4271431,5,1,3,1,1,NA,NA,NA,NA,NA,NA,NA,NA,NA,NA,1,10,NA,203.0774267,42101,5,1,4,2,2,2,4,1,2,9,0,3,0,"white",0,NA,NA,1,10,NA,225,0,4,2,2,"cbd",0,1,0,0.5
12140340302,"regional_rail",1214034,3,"Regional Rail",11618,1040,84.125,92.875,8.75,1,1,2,4,4,19,NA,22,5,1.12,904.1269488,807.2562043,6,2,6,1,5,1,1,NA,1,40,17,6,0,9,8,3,10,NA,236.1634783,42017,14624,5,3,2,3,3,4,2,1,6,1,6,0,"white",1,1,1,0,10,NA,87.5,0,3,2,3,"rural",1,1,0,1
12140340305,"regional_rail",1214034,3,"Regional Rail",91,91,11.719,10.81,-0.908,1,1,5,2,2,19,NA,22,5,1.12,904.1269488,807.2562043,6,2,6,1,5,1,1,NA,1,40,17,6,0,9,8,3,10,NA,236.1634783,42017,14624,5,3,2,3,3,4,2,1,6,1,6,0,"white",1,1,1,0,10,NA,87.5,0,3,2,3,"rural",1,1,0,1
12501440104,"regional_rail",1250144,1,"Regional Rail",15627,416,90.429,100.886,10.457,2,2,4,4,4,19,NA,22,5,1.12,93.44819855,83.43589156,9,1,10,1,5,1,2,1,NA,NA,NA,NA,NA,NA,NA,3,1,NA,135.9831483,42017,15813,4,2,1,2,2,0,2,1,7,0,10,1,"white",1,1,0,0,1,NA,125,0,2,1,2,"suburban",0,1,0,1
12501440107,"regional_rail",1250144,1,"Regional Rail",416,15627,83.325,89.306,5.981,2,2,7,4,4,19,NA,22,5,1.12,93.44819855,83.43589156,9,1,10,1,5,1,2,1,NA,NA,NA,NA,NA,NA,NA,3,1,NA,135.9831483,42017,15813,4,2,1,2,2,0,2,1,7,0,10,1,"white",1,1,0,0,1,NA,125,0,2,1,2,"suburban",0,1,0,1
12501440202,"regional_rail",1250144,2,"Regional Rail",15627,416,81.85,109.546,27.696,1,1,2,4,4,19,NA,22,5,1.12,92.92905037,82.9723664,7,2,9,1,5,1,1,NA,1,40,43,3,1,8,8,3,10,NA,135.9831483,42017,15813,4,2,1,2,2,0,2,1,7,1,9,0,"white",1,1,1,0,10,NA,125,0,2,1,2,"suburban",1,1,0,1
12501440205,"regional_rail",1250144,2,"Regional Rail",416,15627,83.325,89.306,5.981,1,1,5,4,4,19,NA,22,5,1.12,92.92905037,82.9723664,7,2,9,1,5,1,1,NA,1,40,43,3,1,8,8,3,10,NA,135.9831483,42017,15813,4,2,1,2,2,0,2,1,7,1,9,0,"white",1,1,1,0,10,NA,125,0,2,1,2,"suburban",1,1,0,1
12501730101,"regional_rail",1250173,1,"Regional Rail",12427,117,NA,NA,NA,2,1,1,1,4,1,NA,22,5,1.15,146.2429322,127.1677671,3,2,9,1,3,1,2,4,NA,NA,NA,NA,NA,NA,NA,3,4,NA,100.2432004,42091,12427,4,2,1,4,3,2,2,1,9,1,9,0,"white",0,1,0,0,4,NA,225,0,2,1,4,"suburban",0,1,0,2
12501730103,"regional_rail",1250173,1,"Regional Rail",95,12427,NA,NA,NA,2,1,3,4,1,13,NA,22,5,1.15,146.2429322,127.1677671,3,2,9,1,3,1,2,4,NA,NA,NA,NA,NA,NA,NA,3,4,NA,100.2432004,42091,12427,4,2,1,4,3,2,2,1,9,1,9,0,"white",0,1,0,0,4,NA,225,0,2,1,4,"suburban",0,1,0,2
12545730101,"regional_rail",1254573,1,"Regional Rail",12227,1040,59.981,61.9,1.919,1,1,1,1,2,1,NA,22,5,1.12,119.7744897,106.9415087,5,2,7,1,5,1,1,NA,1,40,43,3,0,2,2,3,10,NA,231.6409573,42091,12227,4,2,1,1,1,1,2,1,6,1,7,0,"white",1,1,1,0,10,0,87.5,0,2,1,1,"suburban",1,1,0,0.5
12545730102,"regional_rail",1254573,1,"Regional Rail",1040,12231,59.096,61.944,2.848,1,1,2,2,4,5,NA,22,5,1.12,119.7744897,106.9415087,5,2,7,1,5,1,1,NA,1,40,43,3,0,2,2,3,10,NA,231.6409573,42091,12227,4,2,1,1,1,1,2,1,6,1,7,0,"white",1,1,1,0,10,0,87.5,0,2,1,1,"suburban",1,1,0,0.5
12614390101,"regional_rail",1261439,1,"Regional Rail",2015,94,38.344,38.967,0.623,3,1,1,2,2,1,NA,22,5,1.17,194.4226534,166.1732081,4,2,9,1,5,1,1,NA,1,35,23,3,0,2,2,3,10,NA,228.5733628,42101,2015,3,1,1,1,1,1,2,2,5,1,9,0,"white",1,1,1,0,10,0,62.5,0,1,1,1,"urban",0,0,0,1
12614390102,"regional_rail",1261439,1,"Regional Rail",94,2015,39.915,41.304,1.39,3,1,2,2,1,5,NA,22,5,1.17,194.4226534,166.1732081,4,2,9,1,5,1,1,NA,1,35,23,3,0,2,2,3,10,NA,228.5733628,42101,2015,3,1,1,1,1,1,2,2,5,1,9,0,"white",1,1,1,0,10,0,62.5,0,1,1,1,"urban",0,0,0,1
12783680101,"regional_rail",1278368,1,"Regional Rail",2403,1034,43.615,49.163,5.548,2,1,1,1,4,1,NA,22,5,1.17,161.0595585,137.6577423,10,1,10,1,6,1,2,1,NA,NA,NA,NA,NA,NA,NA,3,6,NA,247.6035579,42101,2403,3,1,0,1,1,0,1,2,4,0,10,1,"white",1,1,0,0,6,NA,42.5,0,1,0,1,"urban",0,1,0,1
12783680102,"regional_rail",1278368,1,"Regional Rail",1034,2002,54.383,71.929,17.546,2,1,2,4,4,19,NA,22,5,1.17,161.0595585,137.6577423,10,1,10,1,6,1,2,1,NA,NA,NA,NA,NA,NA,NA,3,6,NA,247.6035579,42101,2403,3,1,0,1,1,0,1,2,4,0,10,1,"white",1,1,0,0,6,NA,42.5,0,1,0,1,"urban",0,1,0,1
12783680104,"regional_rail",1278368,1,"Regional Rail",4258,1440,77.425,98.894,21.469,2,1,4,4,4,96,NA,22,5,1.17,161.0595585,137.6577423,10,1,10,1,6,1,2,1,NA,NA,NA,NA,NA,NA,NA,3,6,NA,247.6035579,42101,2403,3,1,0,1,1,0,1,2,4,0,10,1,"white",1,1,0,0,6,NA,42.5,0,1,0,1,"urban",0,1,0,1
13172830102,"regional_rail",1317283,1,"Regional Rail",11633,32,76.975,92.312,15.338,1,1,2,4,2,19,NA,22,5,1.15,96.89683075,84.2581137,6,2,9,2,5,1,1,NA,1,40,11,3,0,2,2,3,10,NA,110.6294671,42091,11647,4,1,1,1,1,0,2,2,9,1,9,0,"black",1,1,1,0,10,0,225,0,1,1,1,"suburban",1,1,0,1
13172830105,"regional_rail",1317283,1,"Regional Rail",90,11633,64.367,75.867,11.5,1,1,5,4,4,19,NA,22,5,1.15,96.89683075,84.2581137,6,2,9,2,5,1,1,NA,1,40,11,3,0,2,2,3,10,NA,110.6294671,42091,11647,4,1,1,1,1,0,2,2,9,1,9,0,"black",1,1,1,0,10,0,225,0,1,1,1,"suburban",1,1,0,1
13277340102,"regional_rail",1327734,1,"Regional Rail",3032,92,61.892,64.617,2.725,1,1,2,4,4,19,NA,22,5,1.15,221.7100589,192.7913555,9,1,7,1,6,1,1,NA,1,40,21,4,0,2,2,3,10,NA,326.1485782,42101,3612,4,4,2,2,2,3,2,1,8,0,7,0,"white",1,1,1,0,10,0,175,0,4,2,2,"suburban",1,1,0,0.5
13277340108,"regional_rail",1327734,1,"Regional Rail",90,3032,78.729,75.017,-3.713,1,1,8,4,4,19,NA,22,5,1.15,221.7100589,192.7913555,9,1,7,1,6,1,1,NA,1,40,21,4,0,2,2,3,10,NA,326.1485782,42101,3612,4,4,2,2,2,3,2,1,8,0,7,0,"white",1,1,1,0,10,0,175,0,4,2,2,"suburban",1,1,0,0.5
13308540102,"regional_rail",1330854,1,"Regional Rail",8010,90,74.425,82.948,8.523,2,1,2,4,4,19,NA,22,5,1.17,94.16436918,80.48236682,7,2,10,1,6,1,2,1,NA,NA,NA,NA,NA,NA,NA,3,2,NA,124.7905493,42029,7015,4,2,0,2,2,2,2,2,5,1,10,1,"white",1,1,0,0,2,NA,62.5,0,2,0,2,"suburban",0,1,0,1
13543270102,"regional_rail",1354327,1,"Regional Rail",1013,90,31.233,31.483,0.25,1,1,2,4,4,96,NA,22,5,1.17,183.2598631,156.6323616,8,2,9,2,4,2,1,NA,1,40,11,2,0,8,1,2,14,NA,293.3099842,42101,1201,3,1,1,0,0,0,2,2,4,1,9,0,"black",0,0,1,1,14,1,42.5,0,1,1,0,"urban",1,1,1,0
13543270107,"regional_rail",1354327,1,"Regional Rail",90,1013,32.981,36.56,3.579,1,1,7,4,4,96,NA,22,5,1.17,183.2598631,156.6323616,8,2,9,2,4,2,1,NA,1,40,11,2,0,8,1,2,14,NA,293.3099842,42101,1201,3,1,1,0,0,0,2,2,4,1,9,0,"black",0,0,1,1,14,1,42.5,0,1,1,0,"urban",1,1,1,0
13594110101,"regional_rail",1359411,1,"Regional Rail",15211,1026,NA,NA,NA,1,1,1,1,2,5,NA,22,5,1.12,346.175027,309.0848456,2,1,8,1,4,2,1,NA,1,43,15,4,0,8,2,3,10,NA,712.5521296,42017,15211,4,3,3,2,2,2,2,1,6,0,8,0,"white",0,0,1,0,10,0,87.5,0,3,3,2,"suburban",1,1,0,0.666666666666667
13629790103,"regional_rail",1362979,1,"Regional Rail",75,2002,54.131,54.131,0,3,2,3,1,4,5,NA,22,5,1.12,171.816695,153.4077634,3,1,8,1,5,1,1,NA,1,80,11,NA,NA,NA,NA,3,2,NA,198.4949737,42101,75,1,1,1,1,1,0,2,5,7,0,8,0,"white",1,1,1,0,2,NA,125,0,1,1,1,"cbd",0,0,0,1
13765230201,"regional_rail",1376523,2,"Regional Rail",14602,14613,36.65,34.9,-1.75,2,1,1,1,4,1,NA,22,5,1.12,258.6830178,230.9669801,2,2,8,1,2,2,2,3,NA,NA,NA,NA,NA,NA,NA,3,0,NA,236.5621133,42017,14602,4,4,2,3,3,2,2,1,7,1,8,0,"white",0,0,0,0,0,NA,125,0,4,2,3,"suburban",0,1,0,0.75
13765230202,"regional_rail",1376523,2,"Regional Rail",14613,14602,45.683,42.505,-3.179,2,1,2,4,1,16,NA,22,5,1.12,258.6830178,230.9669801,2,2,8,1,2,2,2,3,NA,NA,NA,NA,NA,NA,NA,3,0,NA,236.5621133,42017,14602,4,4,2,3,3,2,2,1,7,1,8,0,"white",0,0,0,0,0,NA,125,0,4,2,3,"suburban",0,1,0,0.75
13771870101,"regional_rail",1377187,1,"Regional Rail",1213,1213,5.842,8.117,2.275,2,1,1,1,1,1,NA,22,5,1.17,213.6226069,182.5834247,3,2,9,2,2,2,2,2,NA,NA,NA,NA,NA,NA,NA,3,4,NA,317.8695646,42101,1213,3,1,0,0,0,0,2,2,1,1,9,0,"black",0,0,0,0,4,NA,5,1,1,0,0,"urban",0,1,1,0
13900780102,"regional_rail",1390078,1,"Regional Rail",10422,1040,69.648,70.821,1.173,2,1,2,4,4,11,NA,22,5,1.17,114.7244032,98.05504548,5,1,10,1,5,1,2,1,NA,NA,NA,NA,NA,NA,NA,3,14,NA,190.8077784,42091,10434,4,2,1,2,2,1,2,2,5,0,10,1,"white",1,1,0,0,14,NA,62.5,0,2,1,2,"suburban",0,1,0,1
14033150102,"regional_rail",1403315,1,"Regional Rail",10021,92,45.104,49.117,4.013,1,1,2,4,4,96,NA,22,5,1.15,357.0345922,310.4648628,8,1,9,1,6,1,1,NA,1,50,99,4,0,2,2,3,4,NA,367.423437,42091,10033,4,4,1,3,3,4,2,1,9,0,9,0,"white",1,1,1,0,4,0,225,0,4,1,3,"suburban",1,1,0,0.75
14033150107,"regional_rail",1403315,1,"Regional Rail",92,10021,48.108,46.983,-1.125,1,1,7,4,4,96,NA,22,5,1.15,357.0345922,310.4648628,8,1,9,1,6,1,1,NA,1,50,99,4,0,2,2,3,4,NA,367.423437,42091,10033,4,4,1,3,3,4,2,1,9,0,9,0,"white",1,1,1,0,4,0,225,0,4,1,3,"suburban",1,1,0,0.75
14198050102,"regional_rail",1419805,1,"Regional Rail",15822,92,NA,NA,NA,1,1,2,4,2,19,NA,22,5,1.12,168.7851366,150.7010148,5,1,7,1,5,1,1,NA,1,40,15,3,0,2,2,3,10,NA,412.214432,42017,15411,5,4,2,2,2,4,2,1,7,0,7,0,"white",1,1,1,0,10,0,125,0,4,2,2,"rural",1,1,0,0.5
14198050104,"regional_rail",1419805,1,"Regional Rail",92,15822,NA,NA,NA,1,1,4,4,4,19,NA,22,5,1.12,168.7851366,150.7010148,5,1,7,1,5,1,1,NA,1,40,15,3,0,2,2,3,10,NA,412.214432,42017,15411,5,4,2,2,2,4,2,1,7,0,7,0,"white",1,1,1,0,10,0,125,0,4,2,2,"rural",1,1,0,0.5
14587770202,"regional_rail",1458777,2,"Regional Rail",4420,2622,63.892,68.527,4.635,3,1,2,4,4,19,NA,22,5,1.12,88.64753971,79.14958902,9,1,9,1,6,1,1,NA,1,37,25,4,0,3,2,3,0,NA,141.5770419,42045,4421,4,2,1,2,2,1,2,1,7,0,9,0,"white",1,1,1,0,0,0,125,0,2,1,2,"suburban",0,0,0,1
14587770203,"regional_rail",1458777,2,"Regional Rail",2622,2620,18.56,19.169,0.608,3,1,3,4,4,19,NA,22,5,1.12,88.64753971,79.14958902,9,1,9,1,6,1,1,NA,1,37,25,4,0,3,2,3,0,NA,141.5770419,42045,4421,4,2,1,2,2,1,2,1,7,0,9,0,"white",1,1,1,0,0,0,125,0,2,1,2,"suburban",0,0,0,1
14587770205,"regional_rail",1458777,2,"Regional Rail",2620,416,37.056,39.481,2.425,3,1,5,4,4,11,NA,22,5,1.12,88.64753971,79.14958902,9,1,9,1,6,1,1,NA,1,37,25,4,0,3,2,3,0,NA,141.5770419,42045,4421,4,2,1,2,2,1,2,1,7,0,9,0,"white",1,1,1,0,0,0,125,0,2,1,2,"suburban",0,0,0,1
14587770206,"regional_rail",1458777,2,"Regional Rail",416,2620,32.854,35.675,2.821,3,1,6,4,4,19,NA,22,5,1.12,88.64753971,79.14958902,9,1,9,1,6,1,1,NA,1,37,25,4,0,3,2,3,0,NA,141.5770419,42045,4421,4,2,1,2,2,1,2,1,7,0,9,0,"white",1,1,1,0,0,0,125,0,2,1,2,"suburban",0,0,0,1
14729440201,"regional_rail",1472944,2,"Regional Rail",4421,1018,41.356,43.175,1.819,1,1,1,1,2,1,NA,22,5,1.12,89.98369395,80.34258388,2,1,9,1,6,1,1,NA,1,40,29,4,0,2,1,3,10,NA,284.507854,42045,4421,4,7,4,2,2,5,1,1,7,0,9,0,"white",1,1,1,0,10,1,125,0,7,4,2,"suburban",1,1,0,0.285714285714286
14729440202,"regional_rail",1472944,2,"Regional Rail",1018,4421,47.99,45.925,-2.065,1,1,2,2,1,5,NA,22,5,1.12,89.98369395,80.34258388,2,1,9,1,6,1,1,NA,1,40,29,4,0,2,1,3,10,NA,284.507854,42045,4421,4,7,4,2,2,5,1,1,7,0,9,0,"white",1,1,1,0,10,1,125,0,7,4,2,"suburban",1,1,0,0.285714285714286
14887230101,"regional_rail",1488723,1,"Regional Rail",4420,80,35.01,41.01,6,1,1,1,1,2,1,NA,22,5,1.17,170.3625181,145.6089898,5,2,10,3,3,1,1,NA,1,40,11,4,0,2,2,3,20,NA,208.3021333,42045,4420,4,1,1,1,1,0,2,4,5,1,10,1,"hispanic",0,1,1,0,20,0,62.5,0,1,1,1,"suburban",1,1,0,1
14887230105,"regional_rail",1488723,1,"Regional Rail",92,4420,39.529,50.077,10.548,1,1,5,4,1,19,NA,22,5,1.17,170.3625181,145.6089898,5,2,10,3,3,1,1,NA,1,40,11,4,0,2,2,3,20,NA,208.3021333,42045,4420,4,1,1,1,1,0,2,4,5,1,10,1,"hispanic",0,1,1,0,20,0,62.5,0,1,1,1,"suburban",1,1,0,1
14902100103,"regional_rail",1490210,1,"Regional Rail",1030,409,28.152,28.385,0.233,1,1,3,2,4,5,NA,22,5,1.15,123.4542708,107.3515398,4,1,9,1,6,1,1,NA,3,20,25,4,0,2,2,3,10,NA,68.22156101,42101,2404,3,2,2,2,2,1,1,1,9,0,9,0,"white",1,1,1,0,10,0,225,0,2,2,2,"urban",1,1,0,1
16699930301,"regional_rail",1669993,3,"Regional Rail",2824,2428,62.679,73.073,10.394,1,1,1,1,2,1,NA,22,5,1.12,168.1451831,150.1296277,2,1,5,1,5,1,2,4,NA,NA,NA,NA,NA,NA,NA,3,2,NA,220.151185,42101,2824,4,3,2,1,1,3,2,2,7,0,5,0,"white",1,1,0,0,2,NA,125,0,3,2,1,"suburban",1,1,0,0.333333333333333
16723110102,"regional_rail",1672311,1,"Regional Rail",90,2414,39.029,48.665,9.635,2,1,2,4,1,11,NA,22,5,1.12,108.2078583,96.61415924,2,1,10,1,6,1,1,NA,1,13,25,5,99,9,8,3,4,NA,157.8044451,42101,2414,4,2,1,1,1,0,2,2,6,0,10,1,"white",1,1,1,0,4,NA,87.5,0,2,1,1,"suburban",0,1,0,0.5
17068450101,"regional_rail",1706845,1,"Regional Rail",3021,41,55.062,55.458,0.396,1,1,1,1,2,1,NA,22,5,1.15,112.4561738,97.78797719,3,2,10,1,5,1,1,NA,1,45,43,4,0,2,2,3,0,NA,69.88592262,42101,3021,3,1,1,1,1,1,2,2,8,1,10,1,"white",1,1,1,0,0,0,175,0,1,1,1,"urban",1,1,0,1
